Temperature (K)	Pressure (MPa)	Density (l, kg/m3)	Volume (l, m3/kg)	Internal Energy (l, kJ/mol)	Enthalpy (l, kJ/mol)	Entropy (l, J/mol*K)	Cv (l, J/mol*K)	Cp (l, J/mol*K)	Sound Spd. (l, m/s)	Joule-Thomson (l, K/MPa)	Viscosity (l, Pa*s)	Therm. Cond. (l, W/m*K)	Surf. Tension (l, N/m)	Density (v, kg/m3)	Volume (v, m3/kg)	Internal Energy (v, kJ/mol)	Enthalpy (v, kJ/mol)	Entropy (v, J/mol*K)	Cv (v, J/mol*K)	Cp (v, J/mol*K)	Sound Spd. (v, m/s)	Joule-Thomson (v, K/MPa)	Viscosity (v, Pa*s)	Therm. Cond. (v, W/m*K)
237.55	0.0056300	673.18	0.0014855	-9.7713	-9.7707	-36.316	106.18	143.64	1258.7	-0.50402	0.00044346	0.12194	0.021209	0.20680	4.8357	16.235	18.199	81.426	89.960	98.525	172.20	73.001	5.5802e-06	0.0088264
249.81	0.011260	661.84	0.0015109	-7.9877	-7.9865	-28.996	109.39	147.38	1196.3	-0.47938	0.00037778	0.11740	0.019807	0.39475	2.5333	17.339	19.397	80.623	94.356	103.09	175.71	60.487	5.8702e-06	0.0098362
257.70	0.016890	654.45	0.0015280	-6.8153	-6.8134	-24.375	111.51	149.90	1156.9	-0.46254	0.00034285	0.11464	0.018913	0.57583	1.7366	18.072	20.189	80.407	97.210	106.08	177.79	54.014	6.0566e-06	0.010515
263.66	0.022520	648.81	0.0015413	-5.9160	-5.9135	-20.926	113.14	151.85	1127.3	-0.44925	0.00031947	0.11261	0.018242	0.75258	1.3288	18.638	20.797	80.380	99.381	108.38	179.25	49.784	6.1974e-06	0.011043
268.51	0.028150	644.18	0.0015524	-5.1756	-5.1724	-18.143	114.48	153.48	1103.5	-0.43806	0.00030208	0.11100	0.017700	0.92620	1.0797	19.105	21.298	80.437	101.16	110.27	180.36	46.703	6.3118e-06	0.011482
272.63	0.033780	640.22	0.0015620	-4.5403	-4.5365	-15.795	115.63	154.88	1083.3	-0.42826	0.00028833	0.10966	0.017241	1.0974	0.91123	19.506	21.727	80.538	102.67	111.90	181.25	44.314	6.4090e-06	0.011862
276.24	0.039410	636.74	0.0015705	-3.9804	-3.9759	-13.754	116.64	156.12	1065.8	-0.41946	0.00027702	0.10850	0.016842	1.2667	0.78947	19.860	22.105	80.661	104.00	113.33	181.98	42.381	6.4939e-06	0.012198
279.45	0.045040	633.61	0.0015783	-3.4776	-3.4724	-11.945	117.55	157.25	1050.2	-0.41143	0.00026745	0.10748	0.016487	1.4343	0.69720	20.179	22.445	80.799	105.19	114.63	182.60	40.771	6.5696e-06	0.012502
282.35	0.050670	630.76	0.0015854	-3.0195	-3.0137	-10.314	118.37	158.28	1036.2	-0.40399	0.00025917	0.10656	0.016168	1.6006	0.62478	20.469	22.753	80.944	106.27	115.80	183.13	39.399	6.6381e-06	0.012781
285.01	0.056300	628.14	0.0015920	-2.5977	-2.5912	-8.8268	119.13	159.23	1023.4	-0.39704	0.00025190	0.10573	0.015876	1.7656	0.56638	20.737	23.037	81.094	107.26	116.89	183.59	38.210	6.7008e-06	0.013038
287.47	0.061930	625.71	0.0015982	-2.2059	-2.1987	-7.4579	119.83	160.11	1011.6	-0.39049	0.00024543	0.10496	0.015608	1.9296	0.51824	20.985	23.301	81.246	108.17	117.90	183.99	37.165	6.7587e-06	0.013277
289.75	0.067560	623.43	0.0016040	-1.8394	-1.8315	-6.1879	120.49	160.94	1000.6	-0.38428	0.00023960	0.10426	0.015358	2.0927	0.47785	21.218	23.547	81.398	109.03	118.85	184.34	36.236	6.8127e-06	0.013502
291.89	0.073190	621.29	0.0016095	-1.4945	-1.4860	-5.0020	121.11	161.73	990.35	-0.37836	0.00023431	0.10360	0.015126	2.2550	0.44347	21.436	23.778	81.550	109.83	119.75	184.65	35.403	6.8633e-06	0.013714
293.91	0.078820	619.27	0.0016148	-1.1684	-1.1593	-3.8886	121.69	162.47	980.72	-0.37269	0.00022947	0.10298	0.014908	2.4165	0.41382	21.643	23.996	81.701	110.59	120.59	184.93	34.649	6.9109e-06	0.013915
295.81	0.084450	617.34	0.0016198	-0.85882	-0.84895	-2.8384	122.24	163.18	971.63	-0.36724	0.00022502	0.10240	0.014702	2.5773	0.38800	21.839	24.203	81.851	111.30	121.40	185.18	33.963	6.9559e-06	0.014107
297.62	0.090080	615.51	0.0016247	-0.56375	-0.55319	-1.8439	122.76	163.86	963.01	-0.36198	0.00022090	0.10185	0.014507	2.7376	0.36528	22.026	24.400	82.000	111.99	122.17	185.40	33.335	6.9988e-06	0.014290
299.34	0.095710	613.76	0.0016293	-0.28167	-0.27042	-0.89871	123.26	164.51	954.82	-0.35690	0.00021707	0.10133	0.014322	2.8973	0.34515	22.205	24.588	82.147	112.64	122.90	185.60	32.756	7.0396e-06	0.014465
300.98	0.10134	612.08	0.0016338	-0.011238	0.00070791	0.0023461	123.74	165.14	947.00	-0.35196	0.00021349	0.10084	0.014145	3.0565	0.32717	22.376	24.768	82.291	113.26	123.61	185.77	32.220	7.0786e-06	0.014633
302.55	0.10697	610.46	0.0016381	0.24866	0.26130	0.86370	124.20	165.74	939.52	-0.34717	0.00021013	0.10037	0.013976	3.2153	0.31102	22.540	24.941	82.434	113.85	124.29	185.93	31.723	7.1160e-06	0.014795
304.06	0.11260	608.90	0.0016423	0.49898	0.51232	1.6891	124.64	166.32	932.35	-0.34250	0.00020697	0.099913	0.013815	3.3736	0.29642	22.699	25.107	82.575	114.43	124.95	186.08	31.259	7.1520e-06	0.014951
305.52	0.11823	607.40	0.0016464	0.74057	0.75461	2.4819	125.07	166.88	925.46	-0.33795	0.00020399	0.099478	0.013660	3.5315	0.28316	22.852	25.267	82.714	114.98	125.58	186.21	30.826	7.1866e-06	0.015102
306.92	0.12386	605.94	0.0016503	0.97413	0.98888	3.2447	125.48	167.42	918.82	-0.33350	0.00020117	0.099059	0.013511	3.6891	0.27107	22.999	25.421	82.851	115.51	126.20	186.32	30.419	7.2201e-06	0.015249
308.27	0.12949	604.53	0.0016542	1.2003	1.2158	3.9801	125.87	167.95	912.42	-0.32914	0.00019849	0.098656	0.013367	3.8464	0.25998	23.142	25.571	82.987	116.02	126.80	186.42	30.036	7.2524e-06	0.015390
309.57	0.13512	603.16	0.0016579	1.4196	1.4358	4.6903	126.26	168.47	906.23	-0.32487	0.00019595	0.098267	0.013228	4.0033	0.24979	23.280	25.716	83.120	116.52	127.38	186.51	29.676	7.2837e-06	0.015528
310.84	0.14075	601.83	0.0016616	1.6327	1.6495	5.3771	126.63	168.97	900.24	-0.32068	0.00019352	0.097890	0.013094	4.1600	0.24038	23.415	25.856	83.251	117.01	127.94	186.59	29.335	7.3141e-06	0.015662
312.06	0.14638	600.54	0.0016652	1.8398	1.8574	6.0422	126.99	169.46	894.44	-0.31657	0.00019121	0.097525	0.012964	4.3164	0.23167	23.545	25.992	83.381	117.48	128.49	186.66	29.012	7.3436e-06	0.015793
313.26	0.15201	599.28	0.0016687	2.0414	2.0597	6.6871	127.34	169.93	888.80	-0.31253	0.00018899	0.097172	0.012839	4.4726	0.22358	23.672	26.124	83.508	117.93	129.03	186.73	28.705	7.3722e-06	0.015920
314.41	0.15764	598.05	0.0016721	2.2378	2.2569	7.3132	127.69	170.40	883.33	-0.30855	0.00018687	0.096828	0.012717	4.6286	0.21605	23.796	26.253	83.634	118.37	129.55	186.78	28.414	7.4002e-06	0.016044
315.54	0.16327	596.84	0.0016755	2.4295	2.4492	7.9218	128.02	170.85	878.01	-0.30463	0.00018484	0.096494	0.012598	4.7843	0.20902	23.916	26.379	83.759	118.81	130.06	186.83	28.137	7.4274e-06	0.016165
316.63	0.16890	595.67	0.0016788	2.6166	2.6370	8.5138	128.34	171.29	872.83	-0.30077	0.00018288	0.096170	0.012483	4.9399	0.20243	24.034	26.501	83.881	119.23	130.56	186.87	27.872	7.4539e-06	0.016283
317.70	0.17453	594.52	0.0016820	2.7994	2.8205	9.0903	128.66	171.73	867.78	-0.29696	0.00018100	0.095853	0.012371	5.0953	0.19626	24.149	26.620	84.002	119.64	131.06	186.90	27.620	7.4798e-06	0.016399
318.74	0.18016	593.40	0.0016852	2.9781	3.0000	9.6522	128.97	172.16	862.86	-0.29320	0.00017919	0.095545	0.012262	5.2505	0.19046	24.261	26.737	84.121	120.04	131.54	186.92	27.378	7.5052e-06	0.016512
319.76	0.18579	592.30	0.0016883	3.1531	3.1757	10.200	129.27	172.57	858.06	-0.28948	0.00017744	0.095244	0.012155	5.4056	0.18499	24.371	26.851	84.239	120.43	132.01	186.95	27.147	7.5300e-06	0.016623
320.76	0.19142	591.22	0.0016914	3.3244	3.3478	10.735	129.57	172.98	853.36	-0.28581	0.00017575	0.094950	0.012051	5.5605	0.17984	24.478	26.962	84.356	120.81	132.47	186.96	26.925	7.5542e-06	0.016732
321.73	0.19705	590.17	0.0016944	3.4923	3.5164	11.258	129.86	173.39	848.77	-0.28218	0.00017412	0.094662	0.011950	5.7154	0.17497	24.583	27.071	84.470	121.19	132.92	186.97	26.712	7.5780e-06	0.016839
322.68	0.20268	589.13	0.0016974	3.6569	3.6817	11.769	130.14	173.78	844.28	-0.27858	0.00017254	0.094381	0.011851	5.8701	0.17036	24.686	27.178	84.584	121.56	133.37	186.97	26.508	7.6013e-06	0.016944
323.61	0.20831	588.11	0.0017004	3.8184	3.8440	12.269	130.42	174.17	839.89	-0.27502	0.00017101	0.094106	0.011754	6.0247	0.16598	24.787	27.282	84.696	121.92	133.81	186.97	26.311	7.6242e-06	0.017047
324.52	0.21394	587.11	0.0017033	3.9770	4.0033	12.759	130.69	174.56	835.58	-0.27150	0.00016953	0.093837	0.011659	6.1792	0.16183	24.887	27.385	84.807	122.27	134.24	186.97	26.122	7.6466e-06	0.017148
325.42	0.21957	586.12	0.0017061	4.1327	4.1598	13.238	130.96	174.93	831.37	-0.26801	0.00016810	0.093573	0.011567	6.3336	0.15789	24.984	27.485	84.916	122.62	134.66	186.96	25.940	7.6687e-06	0.017247
326.29	0.22520	585.16	0.0017089	4.2857	4.3135	13.708	131.22	175.31	827.23	-0.26455	0.00016670	0.093314	0.011476	6.4880	0.15413	25.079	27.584	85.024	122.96	135.08	186.95	25.764	7.6904e-06	0.017345
327.15	0.23083	584.20	0.0017117	4.4362	4.4647	14.168	131.48	175.67	823.17	-0.26111	0.00016535	0.093060	0.011387	6.6422	0.15055	25.173	27.680	85.131	123.29	135.49	186.93	25.595	7.7117e-06	0.017442
328.00	0.23646	583.27	0.0017145	4.5842	4.6134	14.620	131.73	176.03	819.19	-0.25771	0.00016403	0.092811	0.011300	6.7964	0.14714	25.265	27.775	85.237	123.62	135.90	186.91	25.431	7.7326e-06	0.017536
328.83	0.24209	582.34	0.0017172	4.7297	4.7597	15.064	131.98	176.39	815.27	-0.25433	0.00016275	0.092567	0.011214	6.9506	0.14387	25.356	27.869	85.341	123.94	136.30	186.89	25.273	7.7533e-06	0.017630
329.64	0.24772	581.43	0.0017199	4.8731	4.9038	15.499	132.23	176.74	811.43	-0.25097	0.00016150	0.092326	0.011130	7.1047	0.14075	25.445	27.961	85.444	124.26	136.70	186.86	25.120	7.7736e-06	0.017722
330.44	0.25335	580.53	0.0017225	5.0142	5.0457	15.927	132.47	177.08	807.65	-0.24764	0.00016029	0.092090	0.011048	7.2588	0.13776	25.533	28.051	85.547	124.57	137.09	186.83	24.971	7.7936e-06	0.017812
331.23	0.25898	579.65	0.0017252	5.1532	5.1854	16.347	132.70	177.43	803.94	-0.24433	0.00015910	0.091857	0.010967	7.4128	0.13490	25.619	28.140	85.648	124.87	137.47	186.80	24.828	7.8133e-06	0.017902
332.00	0.26461	578.78	0.0017278	5.2902	5.3232	16.760	132.94	177.76	800.28	-0.24104	0.00015795	0.091629	0.010888	7.5668	0.13216	25.704	28.227	85.748	125.18	137.85	186.77	24.689	7.8328e-06	0.017990
332.76	0.27024	577.92	0.0017304	5.4252	5.4590	17.167	133.16	178.10	796.68	-0.23777	0.00015682	0.091404	0.010810	7.7208	0.12952	25.788	28.313	85.847	125.47	138.23	186.73	24.554	7.8520e-06	0.018077
333.51	0.27587	577.07	0.0017329	5.5584	5.5929	17.567	133.39	178.43	793.14	-0.23451	0.00015572	0.091183	0.010733	7.8748	0.12699	25.870	28.398	85.945	125.77	138.60	186.69	24.424	7.8709e-06	0.018163
334.25	0.28150	576.23	0.0017354	5.6897	5.7250	17.960	133.61	178.75	789.66	-0.23128	0.00015465	0.090965	0.010657	8.0287	0.12455	25.952	28.481	86.041	126.05	138.96	186.64	24.297	7.8896e-06	0.018248
334.98	0.28713	575.40	0.0017379	5.8193	5.8553	18.348	133.83	179.07	786.22	-0.22806	0.00015360	0.090750	0.010583	8.1827	0.12221	26.032	28.564	86.137	126.34	139.33	186.60	24.174	7.9080e-06	0.018331
335.70	0.29276	574.58	0.0017404	5.9472	5.9840	18.729	134.05	179.39	782.84	-0.22486	0.00015257	0.090538	0.010510	8.3366	0.11995	26.111	28.645	86.232	126.62	139.69	186.55	24.055	7.9262e-06	0.018414
336.40	0.29839	573.77	0.0017429	6.0735	6.1110	19.105	134.26	179.71	779.50	-0.22167	0.00015157	0.090329	0.010438	8.4906	0.11778	26.189	28.724	86.326	126.90	140.04	186.50	23.938	7.9442e-06	0.018496
337.10	0.30402	572.97	0.0017453	6.1982	6.2365	19.476	134.47	180.02	776.21	-0.21850	0.00015059	0.090124	0.010367	8.6446	0.11568	26.266	28.803	86.419	127.17	140.39	186.45	23.826	7.9620e-06	0.018576
337.79	0.30965	572.18	0.0017477	6.3213	6.3604	19.841	134.68	180.33	772.97	-0.21534	0.00014962	0.089921	0.010297	8.7985	0.11366	26.342	28.881	86.512	127.44	140.74	186.39	23.716	7.9796e-06	0.018656
338.46	0.31528	571.40	0.0017501	6.4430	6.4828	20.201	134.88	180.63	769.77	-0.21219	0.00014868	0.089721	0.010229	8.9525	0.11170	26.417	28.958	86.603	127.70	141.08	186.33	23.609	7.9970e-06	0.018735
339.13	0.32091	570.62	0.0017525	6.5632	6.6038	20.556	135.09	180.93	766.61	-0.20906	0.00014776	0.089523	0.010161	9.1065	0.10981	26.491	29.033	86.693	127.97	141.43	186.28	23.505	8.0142e-06	0.018813
339.79	0.32654	569.86	0.0017548	6.6821	6.7234	20.906	135.28	181.23	763.49	-0.20594	0.00014686	0.089328	0.010094	9.2606	0.10798	26.564	29.108	86.783	128.22	141.76	186.22	23.404	8.0312e-06	0.018891
340.44	0.33217	569.10	0.0017572	6.7995	6.8417	21.251	135.48	181.53	760.41	-0.20283	0.00014597	0.089135	0.010028	9.4146	0.10622	26.636	29.182	86.872	128.48	142.10	186.15	23.305	8.0480e-06	0.018967
341.08	0.33780	568.35	0.0017595	6.9157	6.9586	21.593	135.68	181.82	757.38	-0.19972	0.00014510	0.088945	0.0099634	9.5687	0.10451	26.707	29.254	86.960	128.73	142.43	186.09	23.209	8.0647e-06	0.019043
341.72	0.34343	567.61	0.0017618	7.0306	7.0743	21.929	135.87	182.12	754.37	-0.19663	0.00014425	0.088757	0.0098994	9.7229	0.10285	26.778	29.326	87.047	128.98	142.76	186.02	23.115	8.0812e-06	0.019118
342.34	0.34906	566.87	0.0017641	7.1443	7.1887	22.262	136.06	182.41	751.41	-0.19355	0.00014342	0.088572	0.0098362	9.8770	0.10125	26.847	29.397	87.134	129.23	143.09	185.96	23.024	8.0975e-06	0.019192
342.96	0.35469	566.14	0.0017663	7.2567	7.3019	22.590	136.25	182.69	748.48	-0.19048	0.00014260	0.088388	0.0097738	10.031	0.099689	26.916	29.467	87.219	129.47	143.41	185.89	22.935	8.1137e-06	0.019266
343.58	0.36032	565.42	0.0017686	7.3680	7.4140	22.914	136.43	182.98	745.58	-0.18741	0.00014179	0.088207	0.0097123	10.186	0.098179	26.984	29.537	87.304	129.71	143.73	185.82	22.848	8.1297e-06	0.019338
344.18	0.36595	564.71	0.0017708	7.4781	7.5249	23.235	136.62	183.26	742.72	-0.18435	0.00014100	0.088028	0.0096515	10.340	0.096713	27.052	29.605	87.388	129.95	144.05	185.74	22.763	8.1456e-06	0.019410
344.78	0.37158	564.00	0.0017731	7.5872	7.6347	23.551	136.80	183.54	739.89	-0.18130	0.00014022	0.087851	0.0095915	10.494	0.095291	27.118	29.673	87.472	130.19	144.37	185.67	22.680	8.1614e-06	0.019482
345.37	0.37721	563.29	0.0017753	7.6951	7.7434	23.864	136.98	183.82	737.09	-0.17826	0.00013946	0.087675	0.0095322	10.649	0.093909	27.184	29.740	87.555	130.42	144.68	185.60	22.599	8.1770e-06	0.019553
345.95	0.38284	562.60	0.0017775	7.8020	7.8511	24.174	137.15	184.09	734.32	-0.17522	0.00013871	0.087502	0.0094737	10.803	0.092566	27.249	29.806	87.637	130.65	144.99	185.52	22.520	8.1924e-06	0.019623
346.53	0.38847	561.91	0.0017797	7.9079	7.9577	24.480	137.33	184.36	731.58	-0.17219	0.00013797	0.087330	0.0094159	10.958	0.091261	27.314	29.872	87.718	130.88	145.30	185.44	22.443	8.2078e-06	0.019693
347.10	0.39410	561.22	0.0017818	8.0127	8.0634	24.782	137.50	184.64	728.87	-0.16917	0.00013724	0.087161	0.0093587	11.112	0.089991	27.378	29.937	87.799	131.11	145.61	185.36	22.367	8.2230e-06	0.019762
347.67	0.39973	560.54	0.0017840	8.1166	8.1681	25.082	137.68	184.90	726.18	-0.16615	0.00013653	0.086993	0.0093022	11.267	0.088755	27.441	30.001	87.879	131.33	145.91	185.28	22.294	8.2381e-06	0.019830
348.23	0.40536	559.87	0.0017861	8.2195	8.2718	25.378	137.85	185.17	723.53	-0.16313	0.00013582	0.086827	0.0092464	11.422	0.087553	27.503	30.064	87.958	131.55	146.22	185.20	22.222	8.2531e-06	0.019898
348.78	0.41099	559.20	0.0017883	8.3215	8.3746	25.670	138.02	185.44	720.90	-0.16012	0.00013513	0.086662	0.0091912	11.576	0.086382	27.565	30.127	88.037	131.77	146.52	185.12	22.151	8.2679e-06	0.019965
349.33	0.41662	558.54	0.0017904	8.4226	8.4765	25.960	138.18	185.70	718.30	-0.15711	0.00013445	0.086499	0.0091367	11.731	0.085241	27.627	30.189	88.115	131.99	146.82	185.04	22.082	8.2827e-06	0.020032
349.87	0.42225	557.88	0.0017925	8.5229	8.5775	26.247	138.35	185.96	715.72	-0.15411	0.00013378	0.086338	0.0090827	11.886	0.084130	27.687	30.250	88.193	132.21	147.11	184.95	22.015	8.2973e-06	0.020098
350.41	0.42788	557.23	0.0017946	8.6222	8.6776	26.531	138.51	186.23	713.17	-0.15111	0.00013312	0.086178	0.0090293	12.041	0.083047	27.748	30.311	88.270	132.42	147.41	184.86	21.949	8.3119e-06	0.020164
350.94	0.43351	556.58	0.0017967	8.7207	8.7769	26.812	138.68	186.48	710.64	-0.14812	0.00013247	0.086019	0.0089765	12.197	0.081990	27.807	30.372	88.346	132.63	147.70	184.78	21.884	8.3263e-06	0.020229
351.47	0.43914	555.94	0.0017988	8.8184	8.8754	27.090	138.84	186.74	708.14	-0.14512	0.00013183	0.085862	0.0089243	12.352	0.080960	27.866	30.431	88.422	132.84	148.00	184.69	21.821	8.3407e-06	0.020294
351.99	0.44477	555.30	0.0018008	8.9152	8.9730	27.366	139.00	187.00	705.65	-0.14213	0.00013120	0.085707	0.0088726	12.507	0.079954	27.925	30.490	88.497	133.05	148.29	184.60	21.759	8.3549e-06	0.020359
352.51	0.45040	554.66	0.0018029	9.0113	9.0699	27.639	139.15	187.25	703.20	-0.13915	0.00013058	0.085553	0.0088215	12.663	0.078973	27.983	30.549	88.571	133.25	148.58	184.51	21.699	8.3690e-06	0.020423
353.02	0.45603	554.03	0.0018049	9.1066	9.1660	27.909	139.31	187.51	700.76	-0.13616	0.00012996	0.085400	0.0087709	12.818	0.078015	28.040	30.607	88.646	133.46	148.86	184.42	21.640	8.3831e-06	0.020486
353.53	0.46166	553.41	0.0018070	9.2011	9.2613	28.177	139.47	187.76	698.34	-0.13318	0.00012936	0.085249	0.0087208	12.974	0.077079	28.097	30.665	88.719	133.66	149.15	184.33	21.582	8.3970e-06	0.020549
354.03	0.46729	552.79	0.0018090	9.2949	9.3559	28.442	139.62	188.01	695.95	-0.13019	0.00012876	0.085099	0.0086712	13.129	0.076165	28.154	30.721	88.792	133.86	149.43	184.23	21.525	8.4109e-06	0.020612
354.53	0.47292	552.17	0.0018110	9.3880	9.4498	28.705	139.77	188.26	693.58	-0.12721	0.00012817	0.084950	0.0086221	13.285	0.075272	28.210	30.778	88.864	134.06	149.72	184.14	21.469	8.4247e-06	0.020674
355.02	0.47855	551.56	0.0018130	9.4803	9.5429	28.966	139.92	188.50	691.22	-0.12423	0.00012759	0.084803	0.0085734	13.441	0.074399	28.265	30.834	88.936	134.26	150.00	184.05	21.414	8.4384e-06	0.020736
355.51	0.48418	550.95	0.0018151	9.5720	9.6354	29.224	140.07	188.75	688.89	-0.12125	0.00012702	0.084657	0.0085253	13.597	0.073546	28.320	30.889	89.008	134.45	150.28	183.95	21.361	8.4520e-06	0.020797
356.00	0.48981	550.34	0.0018170	9.6630	9.7272	29.480	140.22	188.99	686.58	-0.11827	0.00012646	0.084512	0.0084776	13.753	0.072711	28.375	30.944	89.079	134.65	150.56	183.85	21.308	8.4656e-06	0.020858
356.48	0.49544	549.74	0.0018190	9.7533	9.8183	29.733	140.37	189.24	684.28	-0.11529	0.00012590	0.084368	0.0084304	13.909	0.071894	28.429	30.999	89.149	134.84	150.83	183.76	21.257	8.4790e-06	0.020918
356.95	0.50107	549.14	0.0018210	9.8429	9.9087	29.985	140.52	189.48	682.01	-0.11231	0.00012535	0.084225	0.0083836	14.066	0.071095	28.482	31.053	89.219	135.03	151.11	183.66	21.207	8.4924e-06	0.020979
357.43	0.50670	548.55	0.0018230	9.9319	9.9986	30.234	140.66	189.72	679.75	-0.10934	0.00012481	0.084084	0.0083372	14.222	0.070313	28.536	31.106	89.288	135.22	151.39	183.56	21.157	8.5058e-06	0.021039
357.90	0.51233	547.96	0.0018250	10.020	10.088	30.482	140.81	189.96	677.51	-0.10636	0.00012427	0.083943	0.0082913	14.379	0.069548	28.588	31.159	89.357	135.41	151.66	183.46	21.109	8.5190e-06	0.021098
358.36	0.51796	547.37	0.0018269	10.108	10.176	30.727	140.95	190.20	675.29	-0.10338	0.00012374	0.083804	0.0082458	14.535	0.068798	28.641	31.212	89.426	135.59	151.93	183.36	21.061	8.5322e-06	0.021157
358.82	0.52359	546.79	0.0018289	10.195	10.264	30.970	141.09	190.44	673.08	-0.10040	0.00012322	0.083666	0.0082007	14.692	0.068064	28.693	31.264	89.494	135.78	152.20	183.26	21.015	8.5453e-06	0.021216
359.28	0.52922	546.21	0.0018308	10.282	10.352	31.211	141.23	190.68	670.89	-0.097414	0.00012270	0.083528	0.0081560	14.849	0.067345	28.744	31.316	89.561	135.96	152.47	183.16	20.969	8.5583e-06	0.021275
359.74	0.53485	545.63	0.0018327	10.368	10.438	31.451	141.37	190.91	668.72	-0.094431	0.00012219	0.083392	0.0081117	15.006	0.066640	28.795	31.367	89.628	136.14	152.74	183.05	20.924	8.5713e-06	0.021333
360.19	0.54048	545.05	0.0018347	10.453	10.525	31.688	141.51	191.15	666.56	-0.091447	0.00012169	0.083257	0.0080678	15.163	0.065949	28.846	31.418	89.695	136.32	153.01	182.95	20.880	8.5842e-06	0.021391
360.63	0.54611	544.48	0.0018366	10.538	10.610	31.924	141.65	191.38	664.42	-0.088461	0.00012119	0.083123	0.0080243	15.320	0.065272	28.897	31.468	89.761	136.50	153.28	182.85	20.837	8.5971e-06	0.021448
361.08	0.55174	543.92	0.0018385	10.622	10.695	32.157	141.79	191.61	662.30	-0.085473	0.00012069	0.082990	0.0079811	15.478	0.064609	28.947	31.519	89.827	136.68	153.55	182.74	20.795	8.6099e-06	0.021505
361.52	0.55737	543.35	0.0018404	10.706	10.780	32.389	141.92	191.85	660.19	-0.082484	0.00012021	0.082858	0.0079383	15.635	0.063958	28.996	31.568	89.892	136.86	153.81	182.63	20.753	8.6226e-06	0.021562
361.95	0.56300	542.79	0.0018423	10.789	10.864	32.619	142.06	192.08	658.09	-0.079492	0.00011973	0.082726	0.0078959	15.793	0.063319	29.046	31.618	89.957	137.04	154.08	182.53	20.712	8.6353e-06	0.021619
362.39	0.56863	542.23	0.0018442	10.872	10.947	32.848	142.19	192.31	656.01	-0.076498	0.00011925	0.082596	0.0078538	15.951	0.062693	29.094	31.667	90.022	137.21	154.34	182.42	20.672	8.6479e-06	0.021675
362.82	0.57426	541.67	0.0018461	10.954	11.030	33.074	142.32	192.54	653.95	-0.073502	0.00011878	0.082466	0.0078121	16.109	0.062078	29.143	31.715	90.086	137.38	154.60	182.31	20.633	8.6604e-06	0.021731
363.25	0.57989	541.12	0.0018480	11.035	11.113	33.300	142.45	192.76	651.89	-0.070503	0.00011831	0.082338	0.0077707	16.267	0.061475	29.191	31.763	90.149	137.56	154.87	182.21	20.595	8.6729e-06	0.021787
363.67	0.58552	540.57	0.0018499	11.117	11.195	33.523	142.59	192.99	649.86	-0.067501	0.00011785	0.082210	0.0077296	16.425	0.060883	29.239	31.811	90.213	137.73	155.13	182.10	20.557	8.6854e-06	0.021843
364.09	0.59115	540.02	0.0018518	11.197	11.276	33.745	142.72	193.22	647.83	-0.064496	0.00011740	0.082083	0.0076889	16.583	0.060302	29.287	31.859	90.276	137.90	155.39	181.99	20.520	8.6978e-06	0.021898
364.51	0.59678	539.48	0.0018536	11.277	11.357	33.965	142.85	193.45	645.82	-0.061488	0.00011695	0.081957	0.0076485	16.742	0.059731	29.334	31.906	90.338	138.07	155.65	181.88	20.483	8.7101e-06	0.021953
364.93	0.60241	538.93	0.0018555	11.357	11.438	34.184	142.97	193.67	643.83	-0.058477	0.00011650	0.081832	0.0076084	16.900	0.059170	29.381	31.953	90.400	138.23	155.91	181.77	20.447	8.7224e-06	0.022008
365.34	0.60804	538.39	0.0018574	11.436	11.518	34.401	143.10	193.90	641.84	-0.055462	0.00011606	0.081708	0.0075687	17.059	0.058620	29.427	31.999	90.462	138.40	156.16	181.66	20.412	8.7347e-06	0.022062
365.75	0.61367	537.86	0.0018592	11.515	11.597	34.616	143.23	194.12	639.87	-0.052444	0.00011563	0.081584	0.0075292	17.218	0.058079	29.474	32.045	90.523	138.57	156.42	181.55	20.378	8.7469e-06	0.022117
366.16	0.61930	537.32	0.0018611	11.593	11.676	34.831	143.35	194.34	637.91	-0.049422	0.00011519	0.081462	0.0074901	17.377	0.057547	29.520	32.091	90.584	138.73	156.68	181.43	20.344	8.7591e-06	0.022171
366.56	0.62493	536.79	0.0018629	11.671	11.755	35.043	143.48	194.56	635.97	-0.046396	0.00011477	0.081340	0.0074512	17.536	0.057025	29.565	32.136	90.645	138.90	156.93	181.32	20.310	8.7712e-06	0.022224
366.96	0.63056	536.26	0.0018648	11.748	11.833	35.255	143.60	194.79	634.03	-0.043366	0.00011434	0.081218	0.0074126	17.696	0.056511	29.611	32.182	90.705	139.06	157.19	181.21	20.278	8.7833e-06	0.022278
367.36	0.63619	535.73	0.0018666	11.825	11.911	35.464	143.73	195.01	632.11	-0.040331	0.00011392	0.081098	0.0073744	17.855	0.056006	29.656	32.226	90.765	139.22	157.45	181.09	20.246	8.7953e-06	0.022331
367.76	0.64182	535.20	0.0018684	11.902	11.988	35.673	143.85	195.23	630.20	-0.037293	0.00011351	0.080978	0.0073364	18.015	0.055510	29.700	32.271	90.824	139.38	157.70	180.98	20.214	8.8073e-06	0.022384
368.15	0.64745	534.68	0.0018703	11.978	12.065	35.880	143.97	195.45	628.30	-0.034249	0.00011310	0.080859	0.0072987	18.175	0.055022	29.745	32.315	90.883	139.54	157.95	180.86	20.183	8.8192e-06	0.022437
368.54	0.65308	534.16	0.0018721	12.054	12.142	36.086	144.09	195.67	626.41	-0.031202	0.00011269	0.080741	0.0072613	18.334	0.054542	29.789	32.359	90.942	139.70	158.21	180.75	20.153	8.8311e-06	0.022490
368.93	0.65871	533.64	0.0018739	12.129	12.218	36.290	144.22	195.89	624.54	-0.028149	0.00011229	0.080624	0.0072241	18.495	0.054070	29.833	32.403	91.000	139.86	158.46	180.63	20.123	8.8430e-06	0.022542
369.32	0.66434	533.12	0.0018757	12.204	12.294	36.493	144.34	196.10	622.67	-0.025091	0.00011189	0.080507	0.0071872	18.655	0.053605	29.876	32.446	91.059	140.01	158.71	180.52	20.094	8.8548e-06	0.022595
369.70	0.66997	532.61	0.0018776	12.278	12.369	36.695	144.45	196.32	620.82	-0.022029	0.00011150	0.080391	0.0071506	18.815	0.053148	29.920	32.489	91.116	140.17	158.96	180.40	20.065	8.8666e-06	0.022647
370.08	0.67560	532.09	0.0018794	12.353	12.444	36.896	144.57	196.54	618.97	-0.018961	0.00011111	0.080275	0.0071142	18.976	0.052698	29.963	32.532	91.174	140.33	159.21	180.28	20.037	8.8784e-06	0.022699
370.46	0.68123	531.58	0.0018812	12.426	12.519	37.095	144.69	196.75	617.14	-0.015888	0.00011072	0.080161	0.0070781	19.137	0.052256	30.006	32.574	91.231	140.48	159.46	180.17	20.009	8.8901e-06	0.022750
370.84	0.68686	531.07	0.0018830	12.500	12.593	37.293	144.81	196.97	615.32	-0.012809	0.00011033	0.080047	0.0070422	19.298	0.051820	30.048	32.616	91.288	140.63	159.71	180.05	19.982	8.9018e-06	0.022802
371.21	0.69249	530.57	0.0018848	12.573	12.667	37.490	144.93	197.19	613.50	-0.0097251	0.00010995	0.079933	0.0070066	19.459	0.051391	30.091	32.658	91.344	140.79	159.96	179.93	19.955	8.9134e-06	0.022853
371.59	0.69812	530.06	0.0018866	12.645	12.740	37.686	145.04	197.40	611.70	-0.0066352	0.00010958	0.079820	0.0069713	19.620	0.050969	30.133	32.700	91.400	140.94	160.21	179.81	19.928	8.9250e-06	0.022904
371.96	0.70375	529.56	0.0018884	12.717	12.813	37.880	145.16	197.61	609.91	-0.0035394	0.00010920	0.079708	0.0069361	19.781	0.050553	30.174	32.741	91.456	141.09	160.46	179.69	19.903	8.9366e-06	0.022955
372.32	0.70938	529.06	0.0018901	12.789	12.886	38.074	145.27	197.83	608.13	-0.00043760	0.00010883	0.079597	0.0069013	19.943	0.050143	30.216	32.782	91.511	141.24	160.71	179.57	19.877	8.9481e-06	0.023006
372.69	0.71501	528.56	0.0018919	12.861	12.958	38.266	145.39	198.04	606.35	0.0026703	0.00010847	0.079486	0.0068666	20.105	0.049740	30.257	32.823	91.566	141.39	160.96	179.45	19.852	8.9597e-06	0.023057
373.05	0.72064	528.06	0.0018937	12.932	13.031	38.457	145.50	198.25	604.59	0.0057844	0.00010810	0.079376	0.0068322	20.267	0.049342	30.298	32.864	91.621	141.54	161.21	179.33	19.828	8.9711e-06	0.023107
373.42	0.72627	527.57	0.0018955	13.003	13.102	38.647	145.61	198.47	602.84	0.0089049	0.00010774	0.079266	0.0067980	20.429	0.048951	30.339	32.904	91.676	141.69	161.45	179.21	19.804	8.9826e-06	0.023157
373.77	0.73190	527.07	0.0018973	13.073	13.174	38.836	145.72	198.68	601.09	0.012032	0.00010738	0.079157	0.0067640	20.591	0.048565	30.379	32.944	91.730	141.83	161.70	179.09	19.780	8.9940e-06	0.023208
374.13	0.73753	526.58	0.0018990	13.144	13.245	39.024	145.84	198.89	599.36	0.015166	0.00010703	0.079048	0.0067303	20.753	0.048185	30.420	32.984	91.784	141.98	161.95	178.96	19.757	9.0054e-06	0.023258
374.49	0.74316	526.09	0.0019008	13.213	13.315	39.211	145.95	199.10	597.63	0.018306	0.00010668	0.078940	0.0066968	20.916	0.047810	30.460	33.023	91.838	142.13	162.19	178.84	19.734	9.0168e-06	0.023307
374.84	0.74879	525.60	0.0019026	13.283	13.386	39.397	146.06	199.31	595.91	0.021453	0.00010633	0.078833	0.0066635	21.079	0.047441	30.500	33.063	91.891	142.27	162.44	178.72	19.712	9.0281e-06	0.023357
375.19	0.75442	525.12	0.0019043	13.352	13.456	39.581	146.17	199.52	594.20	0.024607	0.00010598	0.078726	0.0066304	21.242	0.047077	30.539	33.102	91.944	142.41	162.69	178.59	19.690	9.0395e-06	0.023406
375.54	0.76005	524.63	0.0019061	13.421	13.525	39.765	146.28	199.73	592.50	0.027769	0.00010564	0.078620	0.0065975	21.405	0.046718	30.579	33.141	91.997	142.56	162.93	178.47	19.668	9.0507e-06	0.023456
375.89	0.76568	524.15	0.0019079	13.489	13.595	39.948	146.39	199.94	590.81	0.030937	0.00010530	0.078514	0.0065648	21.568	0.046364	30.618	33.179	92.049	142.70	163.18	178.35	19.647	9.0620e-06	0.023505
376.23	0.77131	523.66	0.0019096	13.558	13.664	40.129	146.49	200.15	589.12	0.034113	0.00010497	0.078409	0.0065324	21.732	0.046015	30.657	33.218	92.101	142.84	163.42	178.22	19.626	9.0732e-06	0.023554
376.58	0.77694	523.18	0.0019114	13.626	13.733	40.310	146.60	200.36	587.45	0.037296	0.00010463	0.078304	0.0065001	21.896	0.045671	30.696	33.256	92.153	142.98	163.67	178.10	19.606	9.0845e-06	0.023603
376.92	0.78257	522.70	0.0019131	13.693	13.801	40.490	146.71	200.57	585.78	0.040487	0.00010430	0.078200	0.0064680	22.060	0.045332	30.734	33.294	92.205	143.12	163.91	177.97	19.586	9.0957e-06	0.023652
377.26	0.78820	522.23	0.0019149	13.761	13.869	40.669	146.81	200.78	584.12	0.043686	0.00010397	0.078097	0.0064362	22.224	0.044997	30.773	33.331	92.256	143.26	164.16	177.85	19.566	9.1068e-06	0.023701
377.60	0.79383	521.75	0.0019166	13.828	13.937	40.847	146.92	200.99	582.47	0.046893	0.00010364	0.077994	0.0064045	22.388	0.044667	30.811	33.369	92.307	143.40	164.40	177.72	19.547	9.1180e-06	0.023749
377.94	0.79946	521.28	0.0019184	13.894	14.005	41.024	147.03	201.20	580.83	0.050107	0.00010332	0.077891	0.0063730	22.553	0.044341	30.849	33.406	92.358	143.54	164.65	177.59	19.528	9.1291e-06	0.023797
378.27	0.80509	520.80	0.0019201	13.961	14.072	41.200	147.13	201.40	579.19	0.053329	0.00010300	0.077789	0.0063417	22.717	0.044019	30.886	33.443	92.409	143.68	164.89	177.47	19.509	9.1402e-06	0.023846
378.60	0.81072	520.33	0.0019219	14.027	14.139	41.375	147.24	201.61	577.56	0.056560	0.00010268	0.077688	0.0063106	22.882	0.043702	30.924	33.480	92.459	143.82	165.13	177.34	19.491	9.1513e-06	0.023894
378.93	0.81635	519.86	0.0019236	14.093	14.206	41.549	147.34	201.82	575.94	0.059799	0.00010236	0.077587	0.0062797	23.047	0.043389	30.961	33.517	92.509	143.96	165.38	177.21	19.473	9.1623e-06	0.023942
379.26	0.82198	519.39	0.0019253	14.159	14.273	41.722	147.44	202.02	574.33	0.063046	0.00010205	0.077486	0.0062490	23.212	0.043080	30.998	33.553	92.559	144.09	165.62	177.08	19.456	9.1734e-06	0.023990
379.59	0.82761	518.92	0.0019271	14.224	14.339	41.895	147.55	202.23	572.73	0.066302	0.00010174	0.077386	0.0062184	23.378	0.042775	31.035	33.589	92.608	144.23	165.86	176.96	19.438	9.1844e-06	0.024038
379.92	0.83324	518.46	0.0019288	14.289	14.405	42.066	147.65	202.44	571.13	0.069567	0.00010143	0.077286	0.0061881	23.544	0.042474	31.072	33.625	92.658	144.36	166.11	176.83	19.422	9.1954e-06	0.024085
380.24	0.83887	517.99	0.0019305	14.354	14.471	42.237	147.75	202.64	569.54	0.072840	0.00010112	0.077187	0.0061579	23.709	0.042177	31.109	33.661	92.707	144.50	166.35	176.70	19.405	9.2064e-06	0.024133
380.57	0.84450	517.53	0.0019323	14.418	14.536	42.407	147.85	202.85	567.95	0.076122	0.00010082	0.077089	0.0061279	23.876	0.041884	31.145	33.697	92.755	144.63	166.59	176.57	19.389	9.2173e-06	0.024180
380.89	0.85013	517.07	0.0019340	14.483	14.601	42.576	147.96	203.06	566.37	0.079413	0.00010051	0.076990	0.0060980	24.042	0.041594	31.181	33.732	92.804	144.76	166.84	176.44	19.373	9.2283e-06	0.024228
381.21	0.85576	516.61	0.0019357	14.547	14.666	42.744	148.06	203.26	564.80	0.082714	0.00010021	0.076893	0.0060683	24.208	0.041308	31.217	33.768	92.852	144.90	167.08	176.31	19.357	9.2392e-06	0.024275
381.53	0.86139	516.15	0.0019374	14.610	14.731	42.912	148.16	203.47	563.24	0.086023	9.9916e-05	0.076795	0.0060388	24.375	0.041026	31.253	33.803	92.900	145.03	167.32	176.18	19.342	9.2501e-06	0.024322
381.84	0.86702	515.69	0.0019392	14.674	14.795	43.079	148.26	203.67	561.68	0.089342	9.9620e-05	0.076699	0.0060095	24.542	0.040747	31.288	33.837	92.948	145.16	167.57	176.05	19.327	9.2610e-06	0.024369
382.16	0.87265	515.23	0.0019409	14.737	14.859	43.244	148.36	203.88	560.14	0.092670	9.9327e-05	0.076602	0.0059803	24.709	0.040471	31.324	33.872	92.995	145.29	167.81	175.92	19.312	9.2719e-06	0.024416
382.47	0.87828	514.77	0.0019426	14.800	14.923	43.410	148.46	204.08	558.59	0.096008	9.9035e-05	0.076506	0.0059513	24.876	0.040199	31.359	33.906	93.043	145.42	168.05	175.79	19.297	9.2827e-06	0.024463
382.78	0.88391	514.32	0.0019443	14.863	14.987	43.574	148.55	204.29	557.06	0.099356	9.8745e-05	0.076411	0.0059225	25.044	0.039930	31.394	33.941	93.090	145.55	168.30	175.66	19.283	9.2936e-06	0.024510
383.10	0.88954	513.87	0.0019460	14.925	15.050	43.737	148.65	204.49	555.52	0.10271	9.8457e-05	0.076316	0.0058938	25.212	0.039664	31.429	33.975	93.136	145.68	168.54	175.52	19.269	9.3044e-06	0.024557
383.41	0.89517	513.41	0.0019477	14.988	15.113	43.900	148.75	204.69	554.00	0.10608	9.8172e-05	0.076221	0.0058653	25.379	0.039402	31.464	34.009	93.183	145.81	168.78	175.39	19.256	9.3152e-06	0.024603
383.71	0.90080	512.96	0.0019495	15.050	15.176	44.062	148.85	204.90	552.48	0.10946	9.7888e-05	0.076127	0.0058369	25.548	0.039143	31.498	34.042	93.229	145.94	169.02	175.26	19.242	9.3260e-06	0.024650
384.02	0.90643	512.51	0.0019512	15.112	15.239	44.224	148.95	205.10	550.97	0.11284	9.7606e-05	0.076033	0.0058087	25.716	0.038886	31.533	34.076	93.275	146.07	169.27	175.13	19.229	9.3368e-06	0.024696
384.32	0.91206	512.06	0.0019529	15.173	15.302	44.384	149.04	205.31	549.47	0.11624	9.7326e-05	0.075940	0.0057806	25.885	0.038633	31.567	34.109	93.321	146.19	169.51	174.99	19.217	9.3476e-06	0.024743
384.63	0.91769	511.61	0.0019546	15.234	15.364	44.544	149.14	205.51	547.97	0.11965	9.7048e-05	0.075846	0.0057527	26.053	0.038383	31.601	34.142	93.367	146.32	169.75	174.86	19.204	9.3584e-06	0.024789
384.93	0.92332	511.17	0.0019563	15.296	15.426	44.703	149.23	205.71	546.47	0.12307	9.6772e-05	0.075754	0.0057249	26.222	0.038135	31.635	34.175	93.412	146.45	170.00	174.73	19.192	9.3691e-06	0.024835
385.23	0.92895	510.72	0.0019580	15.356	15.488	44.862	149.33	205.92	544.99	0.12650	9.6498e-05	0.075662	0.0056973	26.392	0.037891	31.669	34.208	93.457	146.57	170.24	174.59	19.180	9.3798e-06	0.024881
385.53	0.93458	510.28	0.0019597	15.417	15.549	45.019	149.43	206.12	543.51	0.12994	9.6225e-05	0.075570	0.0056698	26.561	0.037649	31.702	34.241	93.502	146.70	170.48	174.46	19.168	9.3906e-06	0.024927
385.83	0.94021	509.83	0.0019614	15.478	15.611	45.177	149.52	206.32	542.03	0.13339	9.5955e-05	0.075478	0.0056425	26.731	0.037410	31.736	34.273	93.547	146.82	170.73	174.32	19.157	9.4013e-06	0.024973
386.13	0.94584	509.39	0.0019631	15.538	15.672	45.333	149.61	206.53	540.56	0.13685	9.5686e-05	0.075387	0.0056153	26.901	0.037174	31.769	34.306	93.592	146.95	170.97	174.19	19.145	9.4120e-06	0.025019
386.42	0.95147	508.95	0.0019648	15.598	15.733	45.489	149.71	206.73	539.10	0.14032	9.5418e-05	0.075297	0.0055883	27.071	0.036940	31.802	34.338	93.636	147.07	171.22	174.05	19.134	9.4227e-06	0.025065
386.72	0.95710	508.51	0.0019665	15.658	15.794	45.644	149.80	206.93	537.64	0.14381	9.5153e-05	0.075206	0.0055614	27.241	0.036709	31.835	34.370	93.680	147.19	171.46	173.92	19.124	9.4334e-06	0.025111
387.01	0.96273	508.07	0.0019682	15.717	15.854	45.798	149.90	207.14	536.18	0.14730	9.4889e-05	0.075117	0.0055346	27.412	0.036480	31.868	34.402	93.724	147.32	171.70	173.78	19.113	9.4441e-06	0.025156
387.30	0.96836	507.63	0.0019699	15.777	15.914	45.952	149.99	207.34	534.74	0.15081	9.4627e-05	0.075027	0.0055080	27.583	0.036254	31.901	34.433	93.767	147.44	171.95	173.65	19.103	9.4547e-06	0.025202
387.59	0.97399	507.19	0.0019716	15.836	15.974	46.105	150.08	207.54	533.30	0.15432	9.4366e-05	0.074938	0.0054815	27.754	0.036031	31.933	34.465	93.811	147.56	172.19	173.51	19.093	9.4654e-06	0.025247
387.88	0.97962	506.75	0.0019734	15.895	16.034	46.257	150.17	207.75	531.86	0.15785	9.4107e-05	0.074849	0.0054552	27.925	0.035810	31.965	34.496	93.854	147.68	172.44	173.37	19.083	9.4760e-06	0.025293
388.17	0.98525	506.32	0.0019751	15.954	16.094	46.409	150.27	207.95	530.43	0.16140	9.3850e-05	0.074761	0.0054290	28.097	0.035591	31.998	34.528	93.897	147.80	172.68	173.24	19.074	9.4867e-06	0.025338
388.46	0.99088	505.88	0.0019767	16.012	16.154	46.560	150.36	208.15	529.00	0.16495	9.3594e-05	0.074673	0.0054029	28.269	0.035375	32.030	34.559	93.940	147.93	172.93	173.10	19.064	9.4973e-06	0.025384
388.74	0.99651	505.45	0.0019784	16.071	16.213	46.711	150.45	208.36	527.58	0.16851	9.3340e-05	0.074585	0.0053770	28.441	0.035161	32.061	34.589	93.982	148.05	173.17	172.96	19.055	9.5079e-06	0.025429
389.03	1.0021	505.01	0.0019801	16.129	16.272	46.861	150.54	208.56	526.17	0.17209	9.3088e-05	0.074498	0.0053511	28.613	0.034949	32.093	34.620	94.025	148.17	173.42	172.83	19.046	9.5185e-06	0.025474
389.31	1.0078	504.58	0.0019818	16.187	16.331	47.010	150.63	208.76	524.75	0.17568	9.2837e-05	0.074411	0.0053254	28.785	0.034740	32.125	34.651	94.067	148.29	173.66	172.69	19.038	9.5291e-06	0.025519
389.59	1.0134	504.15	0.0019835	16.245	16.390	47.159	150.72	208.97	523.35	0.17928	9.2587e-05	0.074324	0.0052999	28.958	0.034533	32.156	34.681	94.109	148.40	173.91	172.55	19.029	9.5397e-06	0.025565
389.87	1.0190	503.72	0.0019852	16.302	16.448	47.307	150.81	209.17	521.95	0.18290	9.2339e-05	0.074238	0.0052744	29.131	0.034328	32.188	34.711	94.151	148.52	174.16	172.41	19.021	9.5503e-06	0.025610
390.15	1.0247	503.29	0.0019869	16.360	16.507	47.454	150.90	209.37	520.55	0.18652	9.2092e-05	0.074152	0.0052491	29.304	0.034125	32.219	34.742	94.192	148.64	174.40	172.27	19.013	9.5609e-06	0.025655
390.43	1.0303	502.86	0.0019886	16.417	16.565	47.601	150.99	209.58	519.16	0.19016	9.1847e-05	0.074066	0.0052239	29.478	0.033924	32.250	34.771	94.234	148.76	174.65	172.13	19.005	9.5715e-06	0.025700
390.71	1.0359	502.43	0.0019903	16.474	16.623	47.748	151.08	209.78	517.78	0.19382	9.1603e-05	0.073981	0.0051989	29.651	0.033725	32.281	34.801	94.275	148.88	174.90	171.99	18.998	9.5821e-06	0.025745
390.99	1.0416	502.00	0.0019920	16.531	16.681	47.894	151.17	209.98	516.40	0.19748	9.1361e-05	0.073896	0.0051739	29.825	0.033528	32.311	34.831	94.316	148.99	175.14	171.86	18.990	9.5926e-06	0.025790
391.26	1.0472	501.58	0.0019937	16.587	16.738	48.039	151.26	210.19	515.02	0.20116	9.1120e-05	0.073811	0.0051491	30.000	0.033334	32.342	34.861	94.357	149.11	175.39	171.72	18.983	9.6032e-06	0.025835
391.54	1.0528	501.15	0.0019954	16.644	16.796	48.184	151.34	210.39	513.65	0.20485	9.0881e-05	0.073727	0.0051244	30.174	0.033141	32.373	34.890	94.397	149.23	175.64	171.58	18.976	9.6138e-06	0.025879
391.81	1.0584	500.72	0.0019971	16.700	16.853	48.328	151.43	210.59	512.28	0.20856	9.0642e-05	0.073643	0.0050998	30.349	0.032950	32.403	34.919	94.438	149.34	175.89	171.44	18.970	9.6243e-06	0.025924
392.08	1.0641	500.30	0.0019988	16.756	16.910	48.471	151.52	210.80	510.92	0.21228	9.0406e-05	0.073559	0.0050753	30.524	0.032761	32.433	34.948	94.478	149.46	176.14	171.30	18.963	9.6349e-06	0.025969
392.35	1.0697	499.88	0.0020005	16.812	16.967	48.614	151.61	211.00	509.56	0.21601	9.0170e-05	0.073476	0.0050510	30.699	0.032574	32.463	34.977	94.518	149.57	176.39	171.15	18.957	9.6454e-06	0.026014
392.62	1.0753	499.45	0.0020022	16.868	17.024	48.757	151.69	211.20	508.21	0.21975	8.9936e-05	0.073393	0.0050267	30.874	0.032389	32.493	35.006	94.558	149.69	176.63	171.01	18.951	9.6560e-06	0.026058
392.89	1.0810	499.03	0.0020039	16.924	17.080	48.899	151.78	211.41	506.86	0.22351	8.9703e-05	0.073310	0.0050026	31.050	0.032206	32.523	35.035	94.597	149.80	176.88	170.87	18.945	9.6665e-06	0.026103
393.16	1.0866	498.61	0.0020056	16.979	17.137	49.040	151.87	211.61	505.52	0.22729	8.9471e-05	0.073228	0.0049786	31.226	0.032024	32.553	35.063	94.637	149.92	177.13	170.73	18.939	9.6771e-06	0.026148
393.43	1.0922	498.19	0.0020073	17.035	17.193	49.181	151.95	211.82	504.18	0.23108	8.9241e-05	0.073146	0.0049547	31.402	0.031845	32.582	35.092	94.676	150.03	177.39	170.59	18.933	9.6876e-06	0.026192
393.69	1.0979	497.77	0.0020090	17.090	17.249	49.322	152.04	212.02	502.84	0.23488	8.9012e-05	0.073064	0.0049309	31.579	0.031667	32.612	35.120	94.715	150.14	177.64	170.45	18.928	9.6981e-06	0.026237
393.96	1.1035	497.35	0.0020107	17.145	17.305	49.461	152.12	212.22	501.51	0.23869	8.8784e-05	0.072982	0.0049072	31.756	0.031490	32.641	35.148	94.754	150.26	177.89	170.31	18.923	9.7087e-06	0.026281
394.22	1.1091	496.93	0.0020124	17.199	17.361	49.601	152.21	212.43	500.18	0.24252	8.8558e-05	0.072901	0.0048837	31.933	0.031316	32.670	35.176	94.793	150.37	178.14	170.16	18.918	9.7192e-06	0.026326
394.48	1.1147	496.51	0.0020140	17.254	17.416	49.740	152.29	212.63	498.86	0.24637	8.8332e-05	0.072820	0.0048602	32.110	0.031143	32.699	35.204	94.831	150.48	178.39	170.02	18.913	9.7297e-06	0.026370
394.75	1.1204	496.09	0.0020157	17.309	17.472	49.878	152.38	212.84	497.54	0.25023	8.8108e-05	0.072740	0.0048368	32.288	0.030971	32.728	35.232	94.870	150.59	178.64	169.88	18.908	9.7402e-06	0.026415
395.01	1.1260	495.68	0.0020174	17.363	17.527	50.016	152.46	213.04	496.23	0.25410	8.7885e-05	0.072660	0.0048136	32.466	0.030802	32.757	35.259	94.908	150.71	178.90	169.73	18.904	9.7508e-06	0.026459
395.27	1.1316	495.26	0.0020191	17.417	17.582	50.153	152.55	213.25	494.92	0.25799	8.7663e-05	0.072580	0.0047904	32.644	0.030634	32.786	35.287	94.946	150.82	179.15	169.59	18.900	9.7613e-06	0.026503
395.53	1.1373	494.85	0.0020208	17.471	17.637	50.290	152.63	213.45	493.61	0.26190	8.7443e-05	0.072500	0.0047674	32.822	0.030467	32.814	35.314	94.984	150.93	179.40	169.45	18.895	9.7718e-06	0.026548
395.78	1.1429	494.43	0.0020225	17.525	17.692	50.427	152.71	213.66	492.31	0.26582	8.7223e-05	0.072421	0.0047445	33.001	0.030302	32.843	35.341	95.021	151.04	179.66	169.30	18.892	9.7823e-06	0.026592
396.04	1.1485	494.02	0.0020242	17.579	17.746	50.563	152.80	213.87	491.01	0.26976	8.7005e-05	0.072341	0.0047216	33.180	0.030139	32.871	35.369	95.059	151.15	179.91	169.16	18.888	9.7929e-06	0.026637
396.30	1.1542	493.60	0.0020259	17.632	17.801	50.698	152.88	214.07	489.72	0.27371	8.6788e-05	0.072263	0.0046989	33.359	0.029977	32.899	35.396	95.096	151.26	180.17	169.02	18.884	9.8034e-06	0.026681
396.55	1.1598	493.19	0.0020276	17.685	17.855	50.833	152.96	214.28	488.42	0.27767	8.6571e-05	0.072184	0.0046763	33.538	0.029816	32.927	35.422	95.133	151.37	180.42	168.87	18.881	9.8139e-06	0.026725
396.81	1.1654	492.78	0.0020293	17.739	17.909	50.968	153.05	214.48	487.14	0.28166	8.6356e-05	0.072106	0.0046537	33.718	0.029658	32.955	35.449	95.170	151.48	180.68	168.73	18.878	9.8244e-06	0.026769
397.06	1.1710	492.37	0.0020310	17.792	17.963	51.102	153.13	214.69	485.86	0.28565	8.6142e-05	0.072028	0.0046313	33.898	0.029500	32.983	35.476	95.207	151.59	180.94	168.58	18.875	9.8350e-06	0.026814
397.31	1.1767	491.96	0.0020327	17.845	18.017	51.235	153.21	214.90	484.58	0.28967	8.5930e-05	0.071950	0.0046090	34.079	0.029344	33.011	35.502	95.243	151.70	181.19	168.44	18.872	9.8455e-06	0.026858
397.57	1.1823	491.54	0.0020344	17.897	18.071	51.368	153.29	215.10	483.30	0.29370	8.5718e-05	0.071873	0.0045867	34.259	0.029189	33.039	35.529	95.280	151.81	181.45	168.29	18.869	9.8560e-06	0.026902
397.82	1.1879	491.13	0.0020361	17.950	18.125	51.501	153.38	215.31	482.03	0.29775	8.5507e-05	0.071796	0.0045646	34.440	0.029036	33.066	35.555	95.316	151.91	181.71	168.15	18.866	9.8665e-06	0.026946
398.07	1.1936	490.72	0.0020378	18.003	18.178	51.633	153.46	215.52	480.76	0.30181	8.5297e-05	0.071719	0.0045426	34.621	0.028884	33.094	35.581	95.352	152.02	181.97	168.00	18.864	9.8771e-06	0.026991
398.31	1.1992	490.32	0.0020395	18.055	18.231	51.765	153.54	215.73	479.50	0.30589	8.5088e-05	0.071642	0.0045206	34.803	0.028733	33.121	35.607	95.388	152.13	182.23	167.85	18.862	9.8876e-06	0.027035
398.56	1.2048	489.91	0.0020412	18.107	18.285	51.897	153.62	215.93	478.24	0.30999	8.4881e-05	0.071566	0.0044988	34.985	0.028584	33.148	35.633	95.424	152.24	182.49	167.71	18.860	9.8981e-06	0.027079
398.81	1.2105	489.50	0.0020429	18.159	18.338	52.028	153.70	216.14	476.98	0.31410	8.4674e-05	0.071490	0.0044770	35.167	0.028436	33.175	35.659	95.459	152.34	182.75	167.56	18.858	9.9087e-06	0.027123
399.06	1.2161	489.09	0.0020446	18.211	18.390	52.158	153.78	216.35	475.73	0.31823	8.4468e-05	0.071414	0.0044553	35.349	0.028289	33.202	35.684	95.495	152.45	183.01	167.41	18.856	9.9192e-06	0.027168
399.30	1.2217	488.68	0.0020463	18.263	18.443	52.288	153.86	216.56	474.48	0.32238	8.4264e-05	0.071338	0.0044338	35.532	0.028144	33.229	35.710	95.530	152.56	183.27	167.27	18.854	9.9298e-06	0.027212
399.55	1.2273	488.28	0.0020480	18.315	18.496	52.418	153.94	216.77	473.23	0.32655	8.4060e-05	0.071263	0.0044123	35.715	0.028000	33.256	35.735	95.565	152.66	183.54	167.12	18.853	9.9403e-06	0.027256
399.79	1.2330	487.87	0.0020497	18.366	18.548	52.547	154.02	216.98	471.99	0.33073	8.3857e-05	0.071188	0.0043909	35.898	0.027857	33.282	35.761	95.600	152.77	183.80	166.97	18.852	9.9508e-06	0.027300
400.03	1.2386	487.47	0.0020514	18.417	18.601	52.676	154.10	217.19	470.75	0.33493	8.3655e-05	0.071113	0.0043696	36.082	0.027715	33.309	35.786	95.635	152.87	184.06	166.83	18.851	9.9614e-06	0.027345
400.28	1.2442	487.06	0.0020531	18.469	18.653	52.804	154.18	217.40	469.52	0.33915	8.3454e-05	0.071039	0.0043484	36.265	0.027575	33.335	35.811	95.669	152.98	184.33	166.68	18.850	9.9720e-06	0.027389
400.52	1.2499	486.66	0.0020548	18.520	18.705	52.932	154.26	217.61	468.28	0.34339	8.3254e-05	0.070964	0.0043273	36.450	0.027435	33.362	35.836	95.704	153.08	184.59	166.53	18.849	9.9825e-06	0.027433
400.76	1.2555	486.25	0.0020565	18.571	18.757	53.060	154.34	217.82	467.05	0.34764	8.3055e-05	0.070890	0.0043062	36.634	0.027297	33.388	35.861	95.738	153.19	184.86	166.38	18.848	9.9931e-06	0.027477
401.00	1.2611	485.85	0.0020582	18.622	18.809	53.187	154.42	218.03	465.83	0.35192	8.2857e-05	0.070817	0.0042853	36.819	0.027160	33.414	35.885	95.772	153.29	185.13	166.23	18.848	1.0004e-05	0.027521
401.24	1.2668	485.45	0.0020600	18.672	18.861	53.314	154.50	218.24	464.61	0.35621	8.2660e-05	0.070743	0.0042644	37.004	0.027024	33.440	35.910	95.806	153.40	185.39	166.08	18.847	1.0014e-05	0.027566
401.48	1.2724	485.04	0.0020617	18.723	18.912	53.441	154.57	218.45	463.39	0.36052	8.2464e-05	0.070670	0.0042437	37.189	0.026890	33.466	35.934	95.840	153.50	185.66	165.94	18.847	1.0025e-05	0.027610
401.71	1.2780	484.64	0.0020634	18.773	18.964	53.567	154.65	218.66	462.17	0.36485	8.2268e-05	0.070597	0.0042230	37.375	0.026756	33.492	35.959	95.874	153.61	185.93	165.79	18.847	1.0035e-05	0.027654
401.95	1.2836	484.24	0.0020651	18.824	19.015	53.692	154.73	218.87	460.96	0.36919	8.2074e-05	0.070524	0.0042024	37.561	0.026623	33.517	35.983	95.907	153.71	186.20	165.64	18.847	1.0046e-05	0.027698
402.19	1.2893	483.84	0.0020668	18.874	19.066	53.817	154.81	219.08	459.75	0.37356	8.1880e-05	0.070452	0.0041819	37.747	0.026492	33.543	36.007	95.940	153.81	186.47	165.49	18.847	1.0057e-05	0.027743
402.42	1.2949	483.44	0.0020685	18.924	19.117	53.942	154.89	219.30	458.54	0.37795	8.1687e-05	0.070379	0.0041614	37.934	0.026362	33.569	36.031	95.974	153.92	186.74	165.34	18.847	1.0067e-05	0.027787
402.65	1.3005	483.04	0.0020702	18.974	19.168	54.067	154.96	219.51	457.34	0.38235	8.1495e-05	0.070307	0.0041411	38.121	0.026232	33.594	36.055	96.007	154.02	187.01	165.19	18.848	1.0078e-05	0.027831
402.89	1.3062	482.64	0.0020720	19.024	19.219	54.191	155.04	219.72	456.14	0.38678	8.1304e-05	0.070236	0.0041208	38.308	0.026104	33.619	36.079	96.040	154.12	187.28	165.04	18.849	1.0088e-05	0.027876
403.12	1.3118	482.24	0.0020737	19.073	19.270	54.315	155.12	219.94	454.94	0.39122	8.1114e-05	0.070164	0.0041006	38.496	0.025977	33.644	36.103	96.072	154.22	187.56	164.89	18.849	1.0099e-05	0.027920
403.35	1.3174	481.84	0.0020754	19.123	19.320	54.438	155.20	220.15	453.75	0.39569	8.0924e-05	0.070093	0.0040805	38.684	0.025851	33.670	36.127	96.105	154.33	187.83	164.74	18.850	1.0110e-05	0.027964
403.58	1.3231	481.44	0.0020771	19.172	19.371	54.561	155.27	220.37	452.56	0.40017	8.0736e-05	0.070022	0.0040605	38.872	0.025726	33.695	36.150	96.137	154.43	188.11	164.59	18.851	1.0120e-05	0.028009
403.82	1.3287	481.04	0.0020788	19.222	19.421	54.684	155.35	220.58	451.37	0.40468	8.0548e-05	0.069951	0.0040406	39.060	0.025601	33.719	36.174	96.169	154.53	188.38	164.44	18.853	1.0131e-05	0.028053
404.05	1.3343	480.64	0.0020806	19.271	19.471	54.806	155.43	220.80	450.19	0.40920	8.0361e-05	0.069880	0.0040207	39.249	0.025478	33.744	36.197	96.202	154.63	188.66	164.28	18.854	1.0142e-05	0.028098
404.27	1.3399	480.24	0.0020823	19.320	19.521	54.928	155.50	221.01	449.00	0.41375	8.0175e-05	0.069810	0.0040009	39.438	0.025356	33.769	36.220	96.234	154.73	188.93	164.13	18.855	1.0152e-05	0.028142
404.50	1.3456	479.85	0.0020840	19.369	19.572	55.050	155.58	221.23	447.82	0.41832	7.9989e-05	0.069740	0.0039812	39.628	0.025235	33.794	36.243	96.265	154.83	189.21	163.98	18.857	1.0163e-05	0.028187
404.73	1.3512	479.45	0.0020857	19.418	19.621	55.171	155.65	221.44	446.65	0.42290	7.9804e-05	0.069670	0.0039616	39.818	0.025114	33.818	36.266	96.297	154.93	189.49	163.83	18.859	1.0174e-05	0.028231
404.96	1.3568	479.05	0.0020875	19.467	19.671	55.292	155.73	221.66	445.48	0.42751	7.9620e-05	0.069600	0.0039421	40.008	0.024995	33.843	36.289	96.328	155.03	189.77	163.68	18.861	1.0184e-05	0.028276
405.18	1.3625	478.66	0.0020892	19.515	19.721	55.412	155.80	221.88	444.31	0.43214	7.9437e-05	0.069531	0.0039226	40.199	0.024877	33.867	36.312	96.360	155.13	190.05	163.53	18.863	1.0195e-05	0.028320
405.41	1.3681	478.26	0.0020909	19.564	19.770	55.532	155.88	222.10	443.14	0.43680	7.9255e-05	0.069461	0.0039032	40.389	0.024759	33.891	36.335	96.391	155.23	190.33	163.37	18.865	1.0206e-05	0.028365
405.64	1.3737	477.86	0.0020926	19.612	19.820	55.652	155.96	222.32	441.97	0.44147	7.9073e-05	0.069392	0.0038839	40.581	0.024642	33.915	36.358	96.422	155.33	190.62	163.22	18.867	1.0216e-05	0.028409
405.86	1.3794	477.47	0.0020944	19.661	19.869	55.772	156.03	222.53	440.81	0.44616	7.8892e-05	0.069324	0.0038646	40.772	0.024527	33.939	36.380	96.453	155.43	190.90	163.07	18.869	1.0227e-05	0.028454
406.08	1.3850	477.07	0.0020961	19.709	19.918	55.891	156.11	222.75	439.65	0.45088	7.8712e-05	0.069255	0.0038455	40.964	0.024412	33.963	36.403	96.484	155.53	191.19	162.92	18.872	1.0238e-05	0.028499
406.31	1.3906	476.68	0.0020978	19.757	19.968	56.010	156.18	222.97	438.50	0.45562	7.8533e-05	0.069187	0.0038264	41.156	0.024298	33.987	36.425	96.514	155.63	191.47	162.76	18.875	1.0249e-05	0.028543
406.53	1.3962	476.28	0.0020996	19.805	20.017	56.128	156.25	223.19	437.34	0.46038	7.8354e-05	0.069119	0.0038073	41.349	0.024184	34.011	36.447	96.545	155.73	191.76	162.61	18.877	1.0259e-05	0.028588
406.75	1.4019	475.89	0.0021013	19.853	20.065	56.246	156.33	223.41	436.19	0.46517	7.8176e-05	0.069051	0.0037884	41.542	0.024072	34.034	36.469	96.575	155.83	192.04	162.46	18.880	1.0270e-05	0.028633
406.97	1.4075	475.50	0.0021031	19.901	20.114	56.364	156.40	223.64	435.04	0.46997	7.7999e-05	0.068983	0.0037695	41.735	0.023961	34.058	36.491	96.605	155.93	192.33	162.30	18.883	1.0281e-05	0.028677
407.19	1.4131	475.10	0.0021048	19.948	20.163	56.482	156.48	223.86	433.90	0.47480	7.7822e-05	0.068915	0.0037507	41.929	0.023850	34.082	36.513	96.635	156.03	192.62	162.15	18.887	1.0292e-05	0.028722
407.41	1.4188	474.71	0.0021066	19.996	20.212	56.599	156.55	224.08	432.75	0.47966	7.7646e-05	0.068848	0.0037320	42.123	0.023740	34.105	36.535	96.665	156.12	192.91	161.99	18.890	1.0302e-05	0.028767
407.63	1.4244	474.32	0.0021083	20.043	20.260	56.716	156.62	224.30	431.61	0.48453	7.7471e-05	0.068781	0.0037133	42.317	0.023631	34.128	36.557	96.695	156.22	193.20	161.84	18.893	1.0313e-05	0.028812
407.85	1.4300	473.92	0.0021100	20.091	20.308	56.832	156.70	224.53	430.48	0.48943	7.7296e-05	0.068714	0.0036948	42.512	0.023523	34.151	36.578	96.725	156.32	193.50	161.69	18.897	1.0324e-05	0.028857
408.07	1.4357	473.53	0.0021118	20.138	20.357	56.949	156.77	224.75	429.34	0.49436	7.7123e-05	0.068648	0.0036762	42.707	0.023415	34.175	36.600	96.754	156.42	193.79	161.53	18.901	1.0335e-05	0.028902
408.28	1.4413	473.14	0.0021135	20.185	20.405	57.065	156.85	224.97	428.21	0.49930	7.6949e-05	0.068581	0.0036578	42.902	0.023309	34.198	36.621	96.783	156.51	194.09	161.38	18.904	1.0346e-05	0.028947
408.50	1.4469	472.75	0.0021153	20.232	20.453	57.180	156.92	225.20	427.08	0.50428	7.6777e-05	0.068515	0.0036394	43.098	0.023203	34.221	36.643	96.813	156.61	194.38	161.22	18.908	1.0356e-05	0.028992
408.72	1.4525	472.35	0.0021171	20.279	20.501	57.296	156.99	225.43	425.95	0.50927	7.6605e-05	0.068449	0.0036211	43.294	0.023098	34.243	36.664	96.842	156.71	194.68	161.07	18.912	1.0367e-05	0.029037
408.93	1.4582	471.96	0.0021188	20.326	20.549	57.411	157.06	225.65	424.82	0.51429	7.6434e-05	0.068383	0.0036029	43.491	0.022993	34.266	36.685	96.871	156.81	194.98	160.91	18.917	1.0378e-05	0.029082
409.15	1.4638	471.57	0.0021206	20.373	20.597	57.525	157.14	225.88	423.70	0.51934	7.6263e-05	0.068318	0.0035847	43.688	0.022890	34.289	36.706	96.899	156.90	195.27	160.76	18.921	1.0389e-05	0.029128
409.36	1.4694	471.18	0.0021223	20.419	20.644	57.640	157.21	226.11	422.58	0.52441	7.6093e-05	0.068253	0.0035666	43.885	0.022787	34.312	36.727	96.928	157.00	195.57	160.60	18.925	1.0400e-05	0.029173
409.57	1.4751	470.79	0.0021241	20.466	20.692	57.754	157.28	226.33	421.46	0.52951	7.5924e-05	0.068187	0.0035486	44.083	0.022685	34.334	36.748	96.956	157.09	195.88	160.44	18.930	1.0411e-05	0.029218
409.79	1.4807	470.40	0.0021259	20.512	20.739	57.868	157.35	226.56	420.35	0.53463	7.5755e-05	0.068122	0.0035306	44.281	0.022583	34.356	36.769	96.985	157.19	196.18	160.29	18.934	1.0422e-05	0.029264
410.00	1.4863	470.01	0.0021276	20.559	20.787	57.981	157.43	226.79	419.23	0.53977	7.5587e-05	0.068058	0.0035127	44.479	0.022483	34.379	36.790	97.013	157.29	196.48	160.13	18.939	1.0433e-05	0.029309
410.21	1.4920	469.62	0.0021294	20.605	20.834	58.095	157.50	227.02	418.12	0.54495	7.5420e-05	0.067993	0.0034949	44.678	0.022382	34.401	36.810	97.041	157.38	196.79	159.98	18.944	1.0444e-05	0.029354
410.42	1.4976	469.23	0.0021312	20.651	20.881	58.207	157.57	227.25	417.02	0.55015	7.5253e-05	0.067929	0.0034771	44.877	0.022283	34.423	36.831	97.069	157.48	197.09	159.82	18.949	1.0455e-05	0.029400
410.63	1.5032	468.84	0.0021329	20.697	20.928	58.320	157.64	227.48	415.91	0.55537	7.5086e-05	0.067865	0.0034594	45.076	0.022185	34.445	36.851	97.097	157.57	197.40	159.66	18.954	1.0466e-05	0.029445
410.84	1.5088	468.45	0.0021347	20.743	20.975	58.433	157.71	227.71	414.81	0.56062	7.4921e-05	0.067801	0.0034418	45.276	0.022087	34.467	36.872	97.124	157.67	197.71	159.50	18.960	1.0477e-05	0.029491
411.05	1.5145	468.06	0.0021365	20.789	21.022	58.545	157.78	227.95	413.70	0.56590	7.4756e-05	0.067737	0.0034242	45.477	0.021989	34.489	36.892	97.152	157.76	198.02	159.35	18.965	1.0488e-05	0.029537
411.26	1.5201	467.67	0.0021383	20.835	21.069	58.656	157.86	228.18	412.61	0.57121	7.4591e-05	0.067674	0.0034067	45.677	0.021893	34.511	36.912	97.179	157.86	198.33	159.19	18.970	1.0499e-05	0.029582
411.47	1.5257	467.28	0.0021400	20.880	21.116	58.768	157.93	228.41	411.51	0.57654	7.4427e-05	0.067610	0.0033892	45.878	0.021797	34.533	36.932	97.207	157.95	198.64	159.03	18.976	1.0510e-05	0.029628
411.67	1.5314	466.89	0.0021418	20.926	21.163	58.879	158.00	228.65	410.41	0.58190	7.4264e-05	0.067547	0.0033719	46.080	0.021701	34.555	36.952	97.234	158.05	198.96	158.87	18.982	1.0521e-05	0.029674
411.88	1.5370	466.50	0.0021436	20.972	21.209	58.990	158.07	228.88	409.32	0.58729	7.4101e-05	0.067484	0.0033545	46.282	0.021607	34.576	36.972	97.261	158.14	199.27	158.72	18.988	1.0532e-05	0.029720
412.09	1.5426	466.11	0.0021454	21.017	21.256	59.101	158.14	229.12	408.23	0.59271	7.3939e-05	0.067422	0.0033373	46.484	0.021513	34.598	36.992	97.288	158.24	199.59	158.56	18.993	1.0543e-05	0.029766
412.29	1.5483	465.73	0.0021472	21.062	21.302	59.211	158.21	229.35	407.14	0.59815	7.3777e-05	0.067359	0.0033201	46.687	0.021419	34.619	37.012	97.314	158.33	199.91	158.40	19.000	1.0554e-05	0.029812
412.50	1.5539	465.34	0.0021490	21.107	21.348	59.321	158.28	229.59	406.06	0.60362	7.3616e-05	0.067297	0.0033030	46.890	0.021327	34.640	37.031	97.341	158.42	200.23	158.24	19.006	1.0565e-05	0.029858
412.70	1.5595	464.95	0.0021508	21.153	21.395	59.431	158.35	229.83	404.97	0.60913	7.3456e-05	0.067235	0.0032859	47.093	0.021234	34.662	37.051	97.367	158.52	200.55	158.08	19.012	1.0576e-05	0.029904
412.91	1.5651	464.56	0.0021526	21.198	21.441	59.541	158.42	230.07	403.89	0.61466	7.3296e-05	0.067173	0.0032689	47.297	0.021143	34.683	37.070	97.394	158.61	200.87	157.92	19.018	1.0587e-05	0.029951
413.11	1.5708	464.17	0.0021544	21.243	21.487	59.650	158.49	230.31	402.81	0.62022	7.3136e-05	0.067111	0.0032520	47.501	0.021052	34.704	37.090	97.420	158.70	201.19	157.77	19.025	1.0598e-05	0.029997
413.31	1.5764	463.79	0.0021562	21.288	21.533	59.760	158.56	230.55	401.74	0.62581	7.2978e-05	0.067049	0.0032351	47.706	0.020962	34.725	37.109	97.446	158.80	201.52	157.61	19.032	1.0610e-05	0.030043
413.51	1.5820	463.40	0.0021580	21.332	21.579	59.868	158.63	230.79	400.66	0.63143	7.2819e-05	0.066988	0.0032182	47.911	0.020872	34.746	37.128	97.472	158.89	201.84	157.45	19.038	1.0621e-05	0.030090
413.72	1.5877	463.01	0.0021598	21.377	21.624	59.977	158.70	231.03	399.59	0.63707	7.2661e-05	0.066927	0.0032015	48.117	0.020783	34.767	37.147	97.498	158.98	202.17	157.29	19.045	1.0632e-05	0.030136
413.92	1.5933	462.62	0.0021616	21.422	21.670	60.085	158.77	231.27	398.52	0.64275	7.2504e-05	0.066866	0.0031848	48.323	0.020694	34.788	37.166	97.523	159.08	202.50	157.13	19.052	1.0643e-05	0.030183
414.12	1.5989	462.24	0.0021634	21.466	21.716	60.193	158.84	231.52	397.45	0.64846	7.2347e-05	0.066805	0.0031681	48.529	0.020606	34.808	37.185	97.549	159.17	202.83	156.97	19.059	1.0654e-05	0.030229
414.32	1.6046	461.85	0.0021652	21.511	21.761	60.301	158.91	231.76	396.38	0.65420	7.2191e-05	0.066744	0.0031515	48.736	0.020519	34.829	37.204	97.574	159.26	203.16	156.81	19.066	1.0666e-05	0.030276
414.52	1.6102	461.46	0.0021670	21.555	21.807	60.409	158.98	232.00	395.32	0.65998	7.2035e-05	0.066684	0.0031350	48.943	0.020432	34.849	37.223	97.599	159.35	203.50	156.65	19.074	1.0677e-05	0.030323
414.72	1.6158	461.08	0.0021688	21.599	21.852	60.516	159.05	232.25	394.25	0.66578	7.1880e-05	0.066624	0.0031186	49.151	0.020346	34.870	37.242	97.625	159.44	203.83	156.49	19.081	1.0688e-05	0.030370
414.92	1.6214	460.69	0.0021707	21.644	21.897	60.623	159.12	232.50	393.19	0.67161	7.1725e-05	0.066564	0.0031021	49.359	0.020260	34.890	37.260	97.650	159.54	204.17	156.33	19.088	1.0700e-05	0.030417
415.11	1.6271	460.30	0.0021725	21.688	21.943	60.730	159.19	232.74	392.13	0.67748	7.1571e-05	0.066504	0.0030858	49.567	0.020175	34.911	37.279	97.674	159.63	204.51	156.17	19.096	1.0711e-05	0.030464
415.31	1.6327	459.91	0.0021743	21.732	21.988	60.837	159.26	232.99	391.07	0.68338	7.1417e-05	0.066444	0.0030695	49.776	0.020090	34.931	37.297	97.699	159.72	204.85	156.00	19.104	1.0722e-05	0.030511
415.51	1.6383	459.53	0.0021761	21.776	22.033	60.943	159.33	233.24	390.02	0.68931	7.1264e-05	0.066385	0.0030533	49.986	0.020006	34.951	37.316	97.724	159.81	205.19	155.84	19.112	1.0734e-05	0.030558
415.71	1.6440	459.14	0.0021780	21.820	22.078	61.049	159.40	233.49	388.97	0.69528	7.1111e-05	0.066326	0.0030371	50.195	0.019922	34.971	37.334	97.748	159.90	205.53	155.68	19.120	1.0745e-05	0.030605
415.90	1.6496	458.76	0.0021798	21.863	22.123	61.155	159.46	233.74	387.91	0.70127	7.0959e-05	0.066266	0.0030209	50.406	0.019839	34.991	37.352	97.773	159.99	205.88	155.52	19.128	1.0756e-05	0.030653
416.10	1.6552	458.37	0.0021816	21.907	22.168	61.261	159.53	233.99	386.87	0.70730	7.0807e-05	0.066208	0.0030049	50.616	0.019756	35.011	37.370	97.797	160.09	206.22	155.36	19.136	1.0768e-05	0.030700
416.29	1.6609	457.98	0.0021835	21.951	22.212	61.366	159.60	234.25	385.82	0.71337	7.0655e-05	0.066149	0.0029889	50.827	0.019674	35.031	37.388	97.821	160.18	206.57	155.20	19.144	1.0779e-05	0.030748
416.49	1.6665	457.60	0.0021853	21.994	22.257	61.471	159.67	234.50	384.77	0.71947	7.0504e-05	0.066090	0.0029729	51.039	0.019593	35.051	37.406	97.845	160.27	206.92	155.03	19.152	1.0791e-05	0.030795
416.68	1.6721	457.21	0.0021872	22.038	22.302	61.576	159.74	234.76	383.73	0.72560	7.0354e-05	0.066032	0.0029570	51.251	0.019512	35.070	37.424	97.869	160.36	207.27	154.87	19.161	1.0802e-05	0.030843
416.88	1.6777	456.82	0.0021890	22.081	22.346	61.681	159.81	235.01	382.69	0.73177	7.0204e-05	0.065974	0.0029412	51.464	0.019431	35.090	37.442	97.892	160.45	207.63	154.71	19.169	1.0814e-05	0.030891
417.07	1.6834	456.44	0.0021909	22.124	22.391	61.785	159.88	235.27	381.65	0.73797	7.0054e-05	0.065916	0.0029254	51.676	0.019351	35.109	37.460	97.916	160.54	207.98	154.55	19.178	1.0825e-05	0.030939
417.26	1.6890	456.05	0.0021927	22.168	22.435	61.889	159.94	235.53	380.61	0.74421	6.9905e-05	0.065858	0.0029096	51.890	0.019272	35.129	37.477	97.939	160.63	208.34	154.38	19.187	1.0837e-05	0.030987
417.45	1.6946	455.67	0.0021946	22.211	22.479	61.993	160.01	235.78	379.57	0.75048	6.9757e-05	0.065800	0.0028939	52.104	0.019192	35.148	37.495	97.963	160.72	208.70	154.22	19.196	1.0848e-05	0.031035
417.65	1.7003	455.28	0.0021965	22.254	22.523	62.097	160.08	236.04	378.54	0.75679	6.9608e-05	0.065743	0.0028783	52.318	0.019114	35.168	37.512	97.986	160.81	209.06	154.06	19.205	1.0860e-05	0.031083
417.84	1.7059	454.89	0.0021983	22.297	22.568	62.201	160.15	236.30	377.50	0.76313	6.9461e-05	0.065686	0.0028627	52.533	0.019036	35.187	37.530	98.009	160.90	209.42	153.90	19.214	1.0872e-05	0.031131
418.03	1.7115	454.51	0.0022002	22.340	22.612	62.304	160.22	236.57	376.47	0.76952	6.9313e-05	0.065628	0.0028472	52.748	0.018958	35.206	37.547	98.032	160.99	209.79	153.73	19.223	1.0883e-05	0.031180
418.22	1.7172	454.12	0.0022021	22.383	22.656	62.407	160.28	236.83	375.44	0.77594	6.9166e-05	0.065572	0.0028317	52.964	0.018881	35.225	37.564	98.055	161.08	210.16	153.57	19.232	1.0895e-05	0.031228
418.41	1.7228	453.73	0.0022039	22.426	22.700	62.510	160.35	237.09	374.41	0.78239	6.9020e-05	0.065515	0.0028163	53.180	0.018804	35.244	37.581	98.078	161.17	210.52	153.40	19.242	1.0907e-05	0.031277
418.60	1.7284	453.35	0.0022058	22.468	22.744	62.613	160.42	237.36	373.39	0.78889	6.8874e-05	0.065458	0.0028010	53.397	0.018728	35.263	37.598	98.100	161.26	210.90	153.24	19.251	1.0918e-05	0.031325
418.79	1.7340	452.96	0.0022077	22.511	22.787	62.715	160.49	237.62	372.36	0.79542	6.8728e-05	0.065402	0.0027857	53.614	0.018652	35.282	37.615	98.123	161.35	211.27	153.08	19.261	1.0930e-05	0.031374
418.97	1.7397	452.58	0.0022096	22.554	22.831	62.818	160.55	237.89	371.34	0.80199	6.8583e-05	0.065346	0.0027704	53.832	0.018576	35.301	37.632	98.145	161.44	211.64	152.91	19.270	1.0942e-05	0.031423
419.16	1.7453	452.19	0.0022115	22.596	22.875	62.920	160.62	238.16	370.32	0.80860	6.8438e-05	0.065290	0.0027552	54.050	0.018501	35.319	37.649	98.167	161.53	212.02	152.75	19.280	1.0954e-05	0.031472
419.35	1.7509	451.80	0.0022133	22.639	22.918	63.021	160.69	238.43	369.30	0.81524	6.8294e-05	0.065234	0.0027400	54.268	0.018427	35.338	37.666	98.189	161.62	212.40	152.58	19.290	1.0965e-05	0.031521
419.54	1.7566	451.42	0.0022152	22.681	22.962	63.123	160.75	238.70	368.28	0.82193	6.8150e-05	0.065178	0.0027249	54.488	0.018353	35.357	37.683	98.211	161.71	212.78	152.42	19.300	1.0977e-05	0.031570
419.72	1.7622	451.03	0.0022171	22.723	23.005	63.224	160.82	238.97	367.26	0.82866	6.8006e-05	0.065123	0.0027099	54.707	0.018279	35.375	37.699	98.233	161.80	213.16	152.25	19.310	1.0989e-05	0.031619
419.91	1.7678	450.65	0.0022190	22.766	23.049	63.326	160.89	239.24	366.25	0.83542	6.7863e-05	0.065067	0.0026949	54.927	0.018206	35.394	37.716	98.254	161.88	213.55	152.09	19.320	1.1001e-05	0.031669
420.10	1.7735	450.26	0.0022209	22.808	23.092	63.427	160.96	239.52	365.24	0.84223	6.7720e-05	0.065012	0.0026799	55.148	0.018133	35.412	37.732	98.276	161.97	213.94	151.92	19.331	1.1013e-05	0.031718
420.28	1.7791	449.87	0.0022228	22.850	23.135	63.527	161.02	239.79	364.22	0.84908	6.7578e-05	0.064957	0.0026650	55.369	0.018061	35.430	37.748	98.297	162.06	214.33	151.76	19.341	1.1025e-05	0.031768
420.47	1.7847	449.49	0.0022248	22.892	23.178	63.628	161.09	240.07	363.21	0.85597	6.7436e-05	0.064903	0.0026502	55.591	0.017989	35.448	37.765	98.319	162.15	214.72	151.59	19.352	1.1037e-05	0.031818
420.65	1.7903	449.10	0.0022267	22.934	23.222	63.728	161.16	240.34	362.21	0.86290	6.7294e-05	0.064848	0.0026354	55.813	0.017917	35.467	37.781	98.340	162.24	215.11	151.43	19.362	1.1049e-05	0.031867
420.83	1.7960	448.71	0.0022286	22.976	23.265	63.829	161.22	240.62	361.20	0.86988	6.7153e-05	0.064794	0.0026206	56.036	0.017846	35.485	37.797	98.361	162.33	215.51	151.26	19.373	1.1061e-05	0.031917
421.02	1.8016	448.33	0.0022305	23.018	23.308	63.929	161.29	240.90	360.19	0.87689	6.7012e-05	0.064739	0.0026059	56.259	0.017775	35.503	37.813	98.382	162.42	215.91	151.09	19.384	1.1073e-05	0.031967
421.20	1.8072	447.94	0.0022324	23.059	23.351	64.028	161.36	241.18	359.19	0.88395	6.6872e-05	0.064685	0.0025912	56.482	0.017705	35.521	37.829	98.403	162.50	216.31	150.93	19.395	1.1085e-05	0.032018
421.38	1.8129	447.55	0.0022344	23.101	23.393	64.128	161.42	241.47	358.19	0.89105	6.6731e-05	0.064631	0.0025766	56.707	0.017635	35.538	37.845	98.423	162.59	216.71	150.76	19.406	1.1097e-05	0.032068
421.56	1.8185	447.17	0.0022363	23.143	23.436	64.227	161.49	241.75	357.19	0.89820	6.6592e-05	0.064578	0.0025621	56.931	0.017565	35.556	37.861	98.444	162.68	217.12	150.59	19.417	1.1109e-05	0.032118
421.75	1.8241	446.78	0.0022382	23.184	23.479	64.327	161.55	242.04	356.19	0.90539	6.6452e-05	0.064524	0.0025476	57.157	0.017496	35.574	37.876	98.464	162.77	217.53	150.43	19.428	1.1121e-05	0.032169
421.93	1.8298	446.39	0.0022402	23.226	23.522	64.426	161.62	242.32	355.19	0.91263	6.6313e-05	0.064471	0.0025331	57.382	0.017427	35.592	37.892	98.485	162.86	217.94	150.26	19.439	1.1133e-05	0.032220
422.11	1.8354	446.01	0.0022421	23.267	23.564	64.524	161.69	242.61	354.19	0.91991	6.6175e-05	0.064417	0.0025187	57.609	0.017358	35.609	37.908	98.505	162.94	218.35	150.09	19.451	1.1145e-05	0.032270
422.29	1.8410	445.62	0.0022441	23.309	23.607	64.623	161.75	242.90	353.20	0.92723	6.6036e-05	0.064364	0.0025043	57.836	0.017290	35.627	37.923	98.525	163.03	218.76	149.92	19.462	1.1158e-05	0.032321
422.47	1.8466	445.23	0.0022460	23.350	23.649	64.721	161.82	243.19	352.20	0.93460	6.5898e-05	0.064312	0.0024900	58.063	0.017223	35.644	37.939	98.545	163.12	219.18	149.76	19.474	1.1170e-05	0.032372
422.65	1.8523	444.85	0.0022480	23.391	23.692	64.820	161.88	243.48	351.21	0.94202	6.5761e-05	0.064259	0.0024757	58.291	0.017155	35.661	37.954	98.565	163.21	219.60	149.59	19.485	1.1182e-05	0.032424
422.83	1.8579	444.46	0.0022499	23.432	23.734	64.918	161.95	243.77	350.22	0.94949	6.5623e-05	0.064206	0.0024615	58.520	0.017088	35.679	37.969	98.584	163.29	220.03	149.42	19.497	1.1194e-05	0.032475
423.01	1.8635	444.07	0.0022519	23.474	23.776	65.016	162.02	244.07	349.23	0.95700	6.5487e-05	0.064154	0.0024473	58.749	0.017022	35.696	37.985	98.604	163.38	220.45	149.25	19.509	1.1207e-05	0.032526
423.19	1.8692	443.68	0.0022539	23.515	23.819	65.113	162.08	244.37	348.24	0.96456	6.5350e-05	0.064102	0.0024332	58.978	0.016955	35.713	38.000	98.623	163.47	220.88	149.09	19.521	1.1219e-05	0.032578
423.36	1.8748	443.30	0.0022558	23.556	23.861	65.211	162.15	244.66	347.26	0.97217	6.5214e-05	0.064050	0.0024191	59.208	0.016890	35.730	38.015	98.643	163.55	221.31	148.92	19.533	1.1231e-05	0.032630
423.54	1.8804	442.91	0.0022578	23.597	23.903	65.308	162.21	244.96	346.27	0.97982	6.5078e-05	0.063998	0.0024051	59.439	0.016824	35.747	38.030	98.662	163.64	221.75	148.75	19.545	1.1244e-05	0.032682
423.72	1.8861	442.52	0.0022598	23.638	23.945	65.405	162.28	245.26	345.29	0.98753	6.4942e-05	0.063946	0.0023911	59.670	0.016759	35.764	38.045	98.681	163.73	222.18	148.58	19.557	1.1256e-05	0.032734
423.90	1.8917	442.13	0.0022618	23.678	23.987	65.502	162.35	245.57	344.31	0.99529	6.4807e-05	0.063895	0.0023772	59.902	0.016694	35.781	38.059	98.700	163.82	222.62	148.41	19.570	1.1269e-05	0.032786
424.07	1.8973	441.74	0.0022638	23.719	24.029	65.599	162.41	245.87	343.33	1.0031	6.4672e-05	0.063844	0.0023633	60.135	0.016629	35.798	38.074	98.719	163.90	223.07	148.24	19.582	1.1281e-05	0.032838
424.25	1.9029	441.36	0.0022657	23.760	24.071	65.696	162.48	246.17	342.35	1.0109	6.4538e-05	0.063793	0.0023494	60.368	0.016565	35.814	38.089	98.737	163.99	223.51	148.07	19.595	1.1294e-05	0.032890
424.42	1.9086	440.97	0.0022677	23.800	24.113	65.792	162.54	246.48	341.37	1.0189	6.4403e-05	0.063742	0.0023356	60.601	0.016501	35.831	38.103	98.756	164.08	223.96	147.90	19.607	1.1306e-05	0.032943
424.60	1.9142	440.58	0.0022697	23.841	24.155	65.888	162.61	246.79	340.39	1.0268	6.4269e-05	0.063691	0.0023218	60.836	0.016438	35.848	38.118	98.774	164.16	224.41	147.73	19.620	1.1319e-05	0.032996
424.77	1.9198	440.19	0.0022718	23.882	24.196	65.985	162.67	247.10	339.41	1.0348	6.4136e-05	0.063640	0.0023081	61.070	0.016375	35.864	38.132	98.793	164.25	224.87	147.56	19.633	1.1332e-05	0.033049
424.95	1.9255	439.80	0.0022738	23.922	24.238	66.080	162.74	247.41	338.44	1.0429	6.4002e-05	0.063590	0.0022944	61.306	0.016312	35.881	38.147	98.811	164.34	225.32	147.39	19.646	1.1344e-05	0.033102
425.12	1.9311	439.41	0.0022758	23.963	24.280	66.176	162.80	247.73	337.47	1.0510	6.3869e-05	0.063540	0.0022808	61.542	0.016249	35.897	38.161	98.829	164.42	225.78	147.22	19.659	1.1357e-05	0.033155
425.30	1.9367	439.02	0.0022778	24.003	24.321	66.272	162.87	248.04	336.49	1.0592	6.3737e-05	0.063489	0.0022672	61.778	0.016187	35.913	38.175	98.847	164.51	226.25	147.05	19.672	1.1370e-05	0.033208
425.47	1.9424	438.63	0.0022798	24.043	24.363	66.367	162.93	248.36	335.52	1.0674	6.3604e-05	0.063439	0.0022537	62.015	0.016125	35.930	38.189	98.865	164.59	226.71	146.88	19.685	1.1382e-05	0.033261
425.64	1.9480	438.24	0.0022818	24.083	24.404	66.462	163.00	248.68	334.55	1.0757	6.3472e-05	0.063390	0.0022402	62.253	0.016063	35.946	38.203	98.883	164.68	227.18	146.71	19.699	1.1395e-05	0.033315
425.81	1.9536	437.85	0.0022839	24.124	24.446	66.558	163.06	249.00	333.58	1.0840	6.3340e-05	0.063340	0.0022267	62.491	0.016002	35.962	38.217	98.900	164.77	227.66	146.54	19.712	1.1408e-05	0.033369
425.99	1.9592	437.46	0.0022859	24.164	24.487	66.652	163.13	249.32	332.62	1.0924	6.3209e-05	0.063291	0.0022133	62.730	0.015941	35.978	38.231	98.918	164.85	228.13	146.37	19.726	1.1421e-05	0.033423
426.16	1.9649	437.07	0.0022880	24.204	24.528	66.747	163.19	249.64	331.65	1.1009	6.3078e-05	0.063242	0.0022000	62.970	0.015881	35.994	38.245	98.935	164.94	228.61	146.20	19.739	1.1434e-05	0.033477
426.33	1.9705	436.68	0.0022900	24.244	24.569	66.842	163.26	249.97	330.69	1.1094	6.2947e-05	0.063192	0.0021867	63.210	0.015820	36.010	38.259	98.952	165.02	229.10	146.03	19.753	1.1447e-05	0.033531
426.50	1.9761	436.29	0.0022921	24.284	24.611	66.936	163.32	250.30	329.72	1.1180	6.2816e-05	0.063144	0.0021734	63.451	0.015760	36.026	38.273	98.969	165.11	229.58	145.86	19.767	1.1460e-05	0.033586
426.67	1.9818	435.90	0.0022941	24.324	24.652	67.030	163.39	250.63	328.76	1.1266	6.2686e-05	0.063095	0.0021601	63.693	0.015700	36.041	38.286	98.986	165.20	230.07	145.69	19.780	1.1473e-05	0.033640
426.84	1.9874	435.51	0.0022962	24.364	24.693	67.125	163.45	250.96	327.80	1.1353	6.2556e-05	0.063046	0.0021469	63.935	0.015641	36.057	38.300	99.003	165.28	230.57	145.51	19.794	1.1486e-05	0.033695
427.01	1.9930	435.12	0.0022982	24.403	24.734	67.219	163.52	251.29	326.84	1.1440	6.2426e-05	0.062998	0.0021338	64.177	0.015582	36.073	38.313	99.020	165.37	231.06	145.34	19.808	1.1499e-05	0.033750
427.18	1.9987	434.72	0.0023003	24.443	24.775	67.312	163.58	251.63	325.88	1.1528	6.2296e-05	0.062950	0.0021207	64.421	0.015523	36.088	38.327	99.036	165.45	231.56	145.17	19.823	1.1512e-05	0.033805
427.35	2.0043	434.33	0.0023024	24.483	24.816	67.406	163.65	251.96	324.92	1.1617	6.2167e-05	0.062902	0.0021076	64.665	0.015464	36.104	38.340	99.053	165.54	232.07	145.00	19.837	1.1525e-05	0.033860
427.52	2.0099	433.94	0.0023045	24.523	24.857	67.499	163.71	252.30	323.96	1.1706	6.2038e-05	0.062854	0.0020946	64.910	0.015406	36.119	38.353	99.069	165.62	232.57	144.82	19.851	1.1538e-05	0.033916
427.69	2.0155	433.55	0.0023066	24.562	24.898	67.593	163.78	252.65	323.01	1.1796	6.1910e-05	0.062806	0.0020816	65.155	0.015348	36.135	38.366	99.085	165.71	233.09	144.65	19.865	1.1552e-05	0.033971
427.85	2.0212	433.15	0.0023086	24.602	24.938	67.686	163.84	252.99	322.05	1.1886	6.1781e-05	0.062759	0.0020687	65.401	0.015290	36.150	38.380	99.101	165.80	233.60	144.48	19.880	1.1565e-05	0.034027
428.02	2.0268	432.76	0.0023107	24.641	24.979	67.779	163.91	253.33	321.10	1.1978	6.1653e-05	0.062711	0.0020558	65.648	0.015233	36.165	38.393	99.117	165.88	234.12	144.31	19.895	1.1578e-05	0.034083
428.19	2.0324	432.37	0.0023128	24.681	25.020	67.872	163.97	253.68	320.15	1.2069	6.1525e-05	0.062664	0.0020429	65.895	0.015176	36.180	38.406	99.133	165.97	234.64	144.13	19.909	1.1591e-05	0.034139
428.36	2.0381	431.97	0.0023150	24.720	25.060	67.965	164.04	254.03	319.20	1.2162	6.1397e-05	0.062617	0.0020301	66.143	0.015119	36.195	38.418	99.149	166.05	235.17	143.96	19.924	1.1605e-05	0.034196
428.52	2.0437	431.58	0.0023171	24.759	25.101	68.057	164.10	254.38	318.25	1.2255	6.1270e-05	0.062570	0.0020173	66.392	0.015062	36.210	38.431	99.164	166.14	235.70	143.79	19.939	1.1618e-05	0.034252
428.69	2.0493	431.19	0.0023192	24.799	25.142	68.150	164.17	254.74	317.30	1.2349	6.1143e-05	0.062524	0.0020046	66.641	0.015006	36.225	38.444	99.180	166.22	236.23	143.61	19.954	1.1632e-05	0.034309
428.86	2.0550	430.79	0.0023213	24.838	25.182	68.242	164.23	255.10	316.35	1.2443	6.1016e-05	0.062477	0.0019919	66.891	0.014950	36.240	38.457	99.195	166.31	236.77	143.44	19.969	1.1645e-05	0.034366
429.02	2.0606	430.40	0.0023234	24.877	25.223	68.334	164.30	255.45	315.40	1.2538	6.0889e-05	0.062431	0.0019793	67.142	0.014894	36.255	38.469	99.210	166.39	237.32	143.27	19.984	1.1659e-05	0.034423
429.19	2.0662	430.00	0.0023256	24.916	25.263	68.426	164.36	255.82	314.45	1.2634	6.0763e-05	0.062385	0.0019666	67.393	0.014838	36.270	38.482	99.225	166.48	237.86	143.09	19.999	1.1672e-05	0.034480
429.35	2.0718	429.61	0.0023277	24.955	25.303	68.518	164.43	256.18	313.51	1.2731	6.0637e-05	0.062339	0.0019541	67.646	0.014783	36.284	38.494	99.240	166.56	238.41	142.92	20.015	1.1686e-05	0.034538
429.52	2.0775	429.21	0.0023299	24.995	25.344	68.610	164.49	256.54	312.56	1.2828	6.0511e-05	0.062293	0.0019415	67.898	0.014728	36.299	38.507	99.255	166.65	238.97	142.74	20.030	1.1700e-05	0.034595
429.68	2.0831	428.82	0.0023320	25.034	25.384	68.701	164.56	256.91	311.62	1.2926	6.0385e-05	0.062248	0.0019291	68.152	0.014673	36.314	38.519	99.270	166.73	239.53	142.57	20.045	1.1713e-05	0.034653
429.84	2.0887	428.42	0.0023342	25.073	25.424	68.793	164.62	257.28	310.68	1.3025	6.0260e-05	0.062202	0.0019166	68.406	0.014619	36.328	38.531	99.285	166.82	240.09	142.39	20.061	1.1727e-05	0.034711
430.01	2.0944	428.02	0.0023363	25.111	25.464	68.884	164.69	257.66	309.74	1.3124	6.0135e-05	0.062157	0.0019042	68.661	0.014564	36.342	38.543	99.299	166.90	240.66	142.22	20.077	1.1741e-05	0.034769
430.17	2.1000	427.63	0.0023385	25.150	25.505	68.975	164.75	258.03	308.80	1.3224	6.0010e-05	0.062112	0.0018918	68.917	0.014510	36.357	38.555	99.313	166.99	241.23	142.04	20.093	1.1755e-05	0.034828
430.33	2.1056	427.23	0.0023407	25.189	25.545	69.066	164.81	258.41	307.86	1.3325	5.9885e-05	0.062067	0.0018795	69.174	0.014456	36.371	38.567	99.327	167.07	241.81	141.87	20.108	1.1768e-05	0.034887
430.50	2.1113	426.83	0.0023429	25.228	25.585	69.157	164.88	258.79	306.92	1.3427	5.9761e-05	0.062023	0.0018672	69.431	0.014403	36.385	38.579	99.342	167.16	242.40	141.69	20.124	1.1782e-05	0.034945
430.66	2.1169	426.43	0.0023450	25.267	25.625	69.248	164.94	259.17	305.98	1.3529	5.9637e-05	0.061978	0.0018550	69.689	0.014350	36.399	38.591	99.355	167.24	242.98	141.52	20.140	1.1796e-05	0.035005
430.82	2.1225	426.03	0.0023472	25.305	25.665	69.338	165.01	259.56	305.04	1.3632	5.9513e-05	0.061934	0.0018427	69.948	0.014296	36.413	38.603	99.369	167.33	243.57	141.34	20.156	1.1810e-05	0.035064
430.98	2.1281	425.63	0.0023494	25.344	25.705	69.429	165.07	259.95	304.11	1.3736	5.9389e-05	0.061890	0.0018306	70.207	0.014244	36.427	38.614	99.383	167.41	244.17	141.17	20.173	1.1824e-05	0.035123
431.14	2.1338	425.24	0.0023516	25.383	25.745	69.519	165.14	260.34	303.17	1.3841	5.9265e-05	0.061846	0.0018184	70.467	0.014191	36.441	38.626	99.396	167.50	244.77	140.99	20.189	1.1838e-05	0.035183
431.30	2.1394	424.84	0.0023538	25.421	25.784	69.609	165.20	260.73	302.24	1.3946	5.9142e-05	0.061802	0.0018063	70.728	0.014139	36.455	38.638	99.410	167.58	245.38	140.81	20.205	1.1853e-05	0.035243
431.46	2.1450	424.44	0.0023561	25.460	25.824	69.699	165.27	261.13	301.30	1.4053	5.9019e-05	0.061758	0.0017943	70.990	0.014086	36.469	38.649	99.423	167.67	245.99	140.64	20.222	1.1867e-05	0.035303
431.62	2.1507	424.04	0.0023583	25.498	25.864	69.789	165.33	261.53	300.37	1.4160	5.8896e-05	0.061715	0.0017823	71.253	0.014035	36.483	38.660	99.436	167.75	246.61	140.46	20.238	1.1881e-05	0.035364
431.78	2.1563	423.64	0.0023605	25.537	25.904	69.879	165.40	261.93	299.44	1.4268	5.8773e-05	0.061672	0.0017703	71.516	0.013983	36.496	38.672	99.449	167.84	247.23	140.28	20.255	1.1895e-05	0.035424
431.94	2.1619	423.23	0.0023628	25.575	25.943	69.969	165.46	262.34	298.51	1.4377	5.8650e-05	0.061629	0.0017583	71.780	0.013931	36.510	38.683	99.462	167.92	247.86	140.11	20.272	1.1910e-05	0.035485
432.10	2.1676	422.83	0.0023650	25.613	25.983	70.058	165.53	262.75	297.58	1.4486	5.8528e-05	0.061586	0.0017464	72.045	0.013880	36.523	38.694	99.475	168.01	248.49	139.93	20.289	1.1924e-05	0.035546
432.26	2.1732	422.43	0.0023673	25.652	26.023	70.148	165.59	263.16	296.65	1.4597	5.8406e-05	0.061543	0.0017346	72.311	0.013829	36.537	38.705	99.488	168.09	249.13	139.75	20.305	1.1938e-05	0.035608
432.42	2.1788	422.03	0.0023695	25.690	26.062	70.237	165.65	263.57	295.72	1.4708	5.8284e-05	0.061500	0.0017227	72.577	0.013778	36.550	38.716	99.500	168.17	249.77	139.57	20.322	1.1953e-05	0.035669
432.58	2.1844	421.63	0.0023718	25.728	26.102	70.326	165.72	263.99	294.79	1.4821	5.8162e-05	0.061458	0.0017109	72.844	0.013728	36.564	38.727	99.513	168.26	250.42	139.40	20.339	1.1967e-05	0.035731
432.73	2.1901	421.22	0.0023740	25.766	26.141	70.415	165.78	264.41	293.87	1.4934	5.8041e-05	0.061416	0.0016992	73.113	0.013678	36.577	38.738	99.525	168.34	251.08	139.22	20.357	1.1982e-05	0.035793
432.89	2.1957	420.82	0.0023763	25.804	26.181	70.504	165.85	264.83	292.94	1.5048	5.7920e-05	0.061374	0.0016875	73.382	0.013627	36.590	38.749	99.537	168.43	251.74	139.04	20.374	1.1997e-05	0.035856
433.05	2.2013	420.41	0.0023786	25.842	26.220	70.593	165.91	265.26	292.01	1.5163	5.7798e-05	0.061332	0.0016758	73.651	0.013577	36.603	38.760	99.549	168.51	252.40	138.86	20.391	1.2011e-05	0.035918
433.21	2.2070	420.01	0.0023809	25.881	26.260	70.682	165.98	265.69	291.09	1.5279	5.7678e-05	0.061291	0.0016642	73.922	0.013528	36.616	38.770	99.561	168.60	253.08	138.68	20.409	1.2026e-05	0.035981
433.36	2.2126	419.60	0.0023832	25.919	26.299	70.770	166.04	266.13	290.17	1.5395	5.7557e-05	0.061249	0.0016526	74.193	0.013478	36.629	38.781	99.572	168.68	253.76	138.51	20.426	1.2041e-05	0.036044
433.52	2.2182	419.20	0.0023855	25.957	26.338	70.859	166.11	266.56	289.24	1.5513	5.7436e-05	0.061208	0.0016410	74.466	0.013429	36.642	38.791	99.584	168.77	254.44	138.33	20.444	1.2056e-05	0.036107
433.68	2.2239	418.79	0.0023878	25.994	26.378	70.947	166.17	267.00	288.32	1.5632	5.7316e-05	0.061167	0.0016295	74.739	0.013380	36.655	38.802	99.596	168.85	255.13	138.15	20.461	1.2070e-05	0.036171
433.83	2.2295	418.39	0.0023901	26.032	26.417	71.036	166.24	267.45	287.40	1.5751	5.7196e-05	0.061126	0.0016180	75.013	0.013331	36.668	38.812	99.607	168.94	255.83	137.97	20.479	1.2085e-05	0.036235
433.99	2.2351	417.98	0.0023925	26.070	26.456	71.124	166.30	267.89	286.48	1.5872	5.7076e-05	0.061086	0.0016065	75.288	0.013282	36.680	38.822	99.618	169.02	256.53	137.79	20.497	1.2100e-05	0.036299
434.14	2.2407	417.57	0.0023948	26.108	26.495	71.212	166.37	268.35	285.56	1.5994	5.6956e-05	0.061045	0.0015951	75.564	0.013234	36.693	38.832	99.629	169.10	257.24	137.61	20.515	1.2115e-05	0.036363
434.30	2.2464	417.16	0.0023971	26.146	26.534	71.300	166.43	268.80	284.64	1.6116	5.6836e-05	0.061005	0.0015837	75.840	0.013186	36.705	38.843	99.640	169.19	257.96	137.43	20.533	1.2131e-05	0.036428
434.45	2.2520	416.75	0.0023995	26.184	26.573	71.387	166.50	269.26	283.72	1.6240	5.6717e-05	0.060965	0.0015724	76.118	0.013137	36.718	38.853	99.651	169.27	258.68	137.25	20.551	1.2146e-05	0.036493
434.61	2.2576	416.35	0.0024018	26.221	26.613	71.475	166.56	269.72	282.80	1.6365	5.6597e-05	0.060925	0.0015611	76.396	0.013090	36.730	38.863	99.661	169.36	259.41	137.07	20.569	1.2161e-05	0.036558
434.76	2.2633	415.94	0.0024042	26.259	26.652	71.563	166.63	270.19	281.88	1.6490	5.6478e-05	0.060886	0.0015498	76.676	0.013042	36.743	38.872	99.672	169.44	260.15	136.89	20.587	1.2176e-05	0.036623
434.91	2.2689	415.53	0.0024066	26.297	26.691	71.650	166.69	270.66	280.97	1.6617	5.6359e-05	0.060846	0.0015386	76.956	0.012994	36.755	38.882	99.682	169.53	260.89	136.71	20.606	1.2191e-05	0.036689
435.07	2.2745	415.12	0.0024090	26.334	26.730	71.737	166.76	271.13	280.05	1.6745	5.6240e-05	0.060807	0.0015273	77.237	0.012947	36.767	38.892	99.693	169.61	261.64	136.53	20.624	1.2207e-05	0.036755
435.22	2.2802	414.70	0.0024114	26.372	26.769	71.825	166.82	271.61	279.13	1.6874	5.6122e-05	0.060768	0.0015162	77.520	0.012900	36.779	38.902	99.703	169.70	262.40	136.35	20.643	1.2222e-05	0.036821
435.37	2.2858	414.29	0.0024138	26.409	26.807	71.912	166.89	272.09	278.22	1.7004	5.6003e-05	0.060729	0.0015051	77.803	0.012853	36.791	38.911	99.713	169.78	263.17	136.17	20.661	1.2238e-05	0.036888
435.52	2.2914	413.88	0.0024162	26.447	26.846	71.999	166.95	272.58	277.30	1.7135	5.5885e-05	0.060690	0.0014940	78.087	0.012806	36.803	38.921	99.722	169.87	263.94	135.99	20.680	1.2253e-05	0.036955
435.68	2.2970	413.47	0.0024186	26.484	26.885	72.086	167.02	273.07	276.39	1.7267	5.5767e-05	0.060652	0.0014829	78.372	0.012760	36.815	38.930	99.732	169.95	264.72	135.81	20.699	1.2269e-05	0.037022
435.83	2.3027	413.05	0.0024210	26.522	26.924	72.173	167.08	273.56	275.48	1.7401	5.5649e-05	0.060614	0.0014719	78.658	0.012713	36.827	38.939	99.742	170.04	265.51	135.63	20.717	1.2285e-05	0.037089
435.98	2.3083	412.64	0.0024234	26.559	26.963	72.259	167.15	274.06	274.56	1.7535	5.5531e-05	0.060576	0.0014609	78.944	0.012667	36.839	38.949	99.751	170.12	266.31	135.45	20.736	1.2300e-05	0.037157
436.13	2.3139	412.22	0.0024259	26.597	27.002	72.346	167.21	274.56	273.65	1.7671	5.5413e-05	0.060538	0.0014499	79.232	0.012621	36.851	38.958	99.760	170.20	267.11	135.27	20.755	1.2316e-05	0.037225
436.28	2.3196	411.81	0.0024283	26.634	27.040	72.433	167.28	275.07	272.74	1.7808	5.5295e-05	0.060500	0.0014390	79.521	0.012575	36.862	38.967	99.769	170.29	267.92	135.08	20.774	1.2332e-05	0.037293
436.43	2.3252	411.39	0.0024308	26.671	27.079	72.519	167.35	275.58	271.83	1.7946	5.5178e-05	0.060463	0.0014281	79.811	0.012530	36.874	38.976	99.778	170.37	268.74	134.90	20.793	1.2348e-05	0.037362
436.58	2.3308	410.98	0.0024332	26.708	27.118	72.605	167.41	276.10	270.92	1.8085	5.5061e-05	0.060426	0.0014173	80.102	0.012484	36.885	38.985	99.787	170.46	269.57	134.72	20.813	1.2364e-05	0.037431
436.73	2.3365	410.56	0.0024357	26.746	27.156	72.692	167.48	276.62	270.01	1.8226	5.4944e-05	0.060389	0.0014065	80.394	0.012439	36.897	38.994	99.796	170.54	270.41	134.54	20.832	1.2380e-05	0.037500
436.88	2.3421	410.14	0.0024382	26.783	27.195	72.778	167.54	277.15	269.10	1.8368	5.4827e-05	0.060352	0.0013957	80.687	0.012394	36.908	39.002	99.805	170.63	271.25	134.36	20.851	1.2396e-05	0.037570
437.03	2.3477	409.72	0.0024407	26.820	27.234	72.864	167.61	277.68	268.19	1.8511	5.4710e-05	0.060315	0.0013850	80.981	0.012349	36.920	39.011	99.813	170.71	272.11	134.17	20.871	1.2412e-05	0.037640
437.18	2.3533	409.30	0.0024432	26.857	27.272	72.950	167.67	278.22	267.28	1.8655	5.4593e-05	0.060279	0.0013743	81.275	0.012304	36.931	39.020	99.821	170.80	272.97	133.99	20.890	1.2429e-05	0.037710
437.33	2.3590	408.88	0.0024457	26.894	27.311	73.036	167.74	278.76	266.37	1.8801	5.4476e-05	0.060243	0.0013636	81.571	0.012259	36.942	39.028	99.829	170.88	273.84	133.81	20.910	1.2445e-05	0.037781
437.48	2.3646	408.46	0.0024482	26.931	27.349	73.121	167.80	279.31	265.46	1.8948	5.4360e-05	0.060207	0.0013530	81.868	0.012215	36.953	39.037	99.837	170.97	274.72	133.62	20.930	1.2461e-05	0.037852
437.63	2.3702	408.04	0.0024507	26.968	27.388	73.207	167.87	279.86	264.56	1.9096	5.4243e-05	0.060171	0.0013424	82.167	0.012170	36.964	39.045	99.845	171.05	275.62	133.44	20.949	1.2478e-05	0.037923
437.77	2.3759	407.62	0.0024533	27.006	27.426	73.293	167.94	280.42	263.65	1.9245	5.4127e-05	0.060136	0.0013318	82.466	0.012126	36.975	39.054	99.853	171.14	276.52	133.26	20.969	1.2494e-05	0.037995
437.92	2.3815	407.20	0.0024558	27.043	27.464	73.378	168.00	280.98	262.74	1.9396	5.4011e-05	0.060100	0.0013213	82.766	0.012082	36.986	39.062	99.860	171.22	277.43	133.07	20.989	1.2511e-05	0.038067
438.07	2.3871	406.77	0.0024584	27.079	27.503	73.463	168.07	281.55	261.84	1.9549	5.3895e-05	0.060065	0.0013108	83.067	0.012038	36.997	39.070	99.868	171.31	278.35	132.89	21.009	1.2528e-05	0.038139
438.22	2.3928	406.35	0.0024609	27.116	27.541	73.549	168.14	282.12	260.93	1.9703	5.3779e-05	0.060031	0.0013003	83.370	0.011995	37.007	39.078	99.875	171.39	279.28	132.71	21.029	1.2544e-05	0.038212
438.36	2.3984	405.92	0.0024635	27.153	27.580	73.634	168.20	282.70	260.03	1.9858	5.3663e-05	0.059996	0.0012899	83.673	0.011951	37.018	39.086	99.882	171.48	280.22	132.52	21.049	1.2561e-05	0.038285
438.51	2.4040	405.50	0.0024661	27.190	27.618	73.719	168.27	283.28	259.12	2.0015	5.3548e-05	0.059962	0.0012795	83.978	0.011908	37.028	39.094	99.889	171.56	281.17	132.34	21.069	1.2578e-05	0.038358
438.66	2.4096	405.07	0.0024687	27.227	27.656	73.804	168.33	283.87	258.22	2.0173	5.3432e-05	0.059928	0.0012691	84.284	0.011865	37.039	39.102	99.896	171.65	282.13	132.15	21.090	1.2595e-05	0.038432
438.80	2.4153	404.64	0.0024713	27.264	27.695	73.889	168.40	284.47	257.31	2.0332	5.3317e-05	0.059894	0.0012588	84.591	0.011822	37.049	39.109	99.903	171.73	283.10	131.97	21.110	1.2612e-05	0.038506
438.95	2.4209	404.21	0.0024739	27.301	27.733	73.974	168.47	285.07	256.41	2.0494	5.3201e-05	0.059860	0.0012485	84.899	0.011779	37.060	39.117	99.909	171.82	284.08	131.78	21.131	1.2629e-05	0.038581
439.10	2.4265	403.79	0.0024766	27.338	27.771	74.059	168.53	285.68	255.51	2.0656	5.3086e-05	0.059827	0.0012382	85.208	0.011736	37.070	39.125	99.915	171.91	285.07	131.60	21.151	1.2646e-05	0.038656
439.24	2.4322	403.36	0.0024792	27.374	27.809	74.144	168.60	286.30	254.60	2.0820	5.2971e-05	0.059794	0.0012280	85.519	0.011693	37.080	39.132	99.922	171.99	286.08	131.41	21.172	1.2664e-05	0.038731
439.39	2.4378	402.93	0.0024819	27.411	27.848	74.228	168.67	286.92	253.70	2.0986	5.2856e-05	0.059761	0.0012178	85.830	0.011651	37.090	39.139	99.928	172.08	287.10	131.23	21.192	1.2681e-05	0.038807
439.53	2.4434	402.49	0.0024845	27.448	27.886	74.313	168.73	287.55	252.80	2.1154	5.2741e-05	0.059728	0.0012076	86.143	0.011609	37.100	39.147	99.934	172.16	288.12	131.04	21.213	1.2698e-05	0.038883
439.67	2.4491	402.06	0.0024872	27.484	27.924	74.397	168.80	288.19	251.90	2.1323	5.2626e-05	0.059696	0.0011975	86.457	0.011566	37.110	39.154	99.939	172.25	289.16	130.86	21.234	1.2716e-05	0.038959
439.82	2.4547	401.63	0.0024899	27.521	27.962	74.482	168.87	288.83	250.99	2.1493	5.2511e-05	0.059664	0.0011874	86.773	0.011524	37.120	39.161	99.945	172.33	290.22	130.67	21.255	1.2733e-05	0.039036
439.96	2.4603	401.19	0.0024926	27.558	28.000	74.566	168.94	289.48	250.09	2.1666	5.2397e-05	0.059632	0.0011773	87.089	0.011483	37.130	39.168	99.950	172.42	291.28	130.49	21.275	1.2751e-05	0.039113
440.11	2.4659	400.76	0.0024953	27.594	28.038	74.651	169.00	290.13	249.19	2.1840	5.2282e-05	0.059600	0.0011673	87.407	0.011441	37.140	39.175	99.956	172.50	292.36	130.30	21.296	1.2769e-05	0.039191
440.25	2.4716	400.32	0.0024980	27.631	28.076	74.735	169.07	290.80	248.29	2.2016	5.2168e-05	0.059569	0.0011573	87.726	0.011399	37.149	39.182	99.961	172.59	293.45	130.11	21.318	1.2787e-05	0.039269
440.39	2.4772	399.89	0.0025007	27.667	28.114	74.819	169.14	291.47	247.39	2.2193	5.2053e-05	0.059538	0.0011474	88.046	0.011358	37.159	39.189	99.966	172.68	294.55	129.93	21.339	1.2805e-05	0.039348
440.54	2.4828	399.45	0.0025034	27.704	28.152	74.903	169.21	292.15	246.49	2.2372	5.1939e-05	0.059507	0.0011374	88.368	0.011316	37.168	39.196	99.970	172.76	295.67	129.74	21.360	1.2823e-05	0.039427
440.68	2.4885	399.01	0.0025062	27.740	28.190	74.987	169.27	292.83	245.59	2.2554	5.1824e-05	0.059476	0.0011275	88.690	0.011275	37.178	39.202	99.975	172.85	296.80	129.55	21.381	1.2841e-05	0.039506
440.82	2.4941	398.57	0.0025090	27.777	28.228	75.071	169.34	293.52	244.69	2.2737	5.1710e-05	0.059446	0.0011177	89.015	0.011234	37.187	39.209	99.979	172.93	297.94	129.37	21.402	1.2859e-05	0.039586
440.96	2.4997	398.13	0.0025117	27.813	28.266	75.155	169.41	294.23	243.79	2.2921	5.1596e-05	0.059416	0.0011078	89.340	0.011193	37.196	39.215	99.984	173.02	299.10	129.18	21.424	1.2877e-05	0.039667
441.11	2.5054	397.69	0.0025145	27.850	28.304	75.239	169.48	294.94	242.89	2.3108	5.1482e-05	0.059386	0.0010980	89.667	0.011152	37.206	39.221	99.988	173.11	300.27	128.99	21.445	1.2895e-05	0.039747
441.25	2.5110	397.25	0.0025173	27.886	28.342	75.322	169.55	295.65	241.99	2.3297	5.1368e-05	0.059356	0.0010883	89.995	0.011112	37.215	39.228	99.992	173.19	301.46	128.80	21.467	1.2914e-05	0.039829
441.39	2.5166	396.80	0.0025201	27.923	28.380	75.406	169.61	296.38	241.09	2.3487	5.1254e-05	0.059327	0.0010786	90.325	0.011071	37.224	39.234	99.996	173.28	302.66	128.61	21.488	1.2932e-05	0.039910
441.53	2.5222	396.36	0.0025230	27.959	28.418	75.490	169.68	297.12	240.19	2.3680	5.1140e-05	0.059298	0.0010689	90.656	0.011031	37.233	39.240	99.999	173.37	303.88	128.43	21.510	1.2951e-05	0.039993
441.67	2.5279	395.91	0.0025258	27.996	28.456	75.573	169.75	297.86	239.29	2.3874	5.1027e-05	0.059270	0.0010592	90.988	0.010990	37.242	39.246	100.00	173.45	305.11	128.24	21.532	1.2970e-05	0.040075
441.81	2.5335	395.47	0.0025287	28.032	28.494	75.657	169.82	298.61	238.40	2.4071	5.0913e-05	0.059241	0.0010496	91.322	0.010950	37.250	39.252	100.01	173.54	306.36	128.05	21.553	1.2989e-05	0.040158
441.95	2.5391	395.02	0.0025315	28.068	28.532	75.740	169.89	299.37	237.50	2.4269	5.0799e-05	0.059213	0.0010400	91.657	0.010910	37.259	39.258	100.01	173.63	307.63	127.86	21.575	1.3007e-05	0.040242
442.09	2.5448	394.57	0.0025344	28.105	28.570	75.824	169.96	300.14	236.60	2.4470	5.0685e-05	0.059185	0.0010304	91.993	0.010870	37.268	39.263	100.01	173.71	308.91	127.67	21.597	1.3026e-05	0.040326
442.23	2.5504	394.12	0.0025373	28.141	28.608	75.907	170.03	300.93	235.70	2.4673	5.0572e-05	0.059158	0.0010209	92.331	0.010831	37.276	39.269	100.01	173.80	310.21	127.48	21.619	1.3046e-05	0.040411
442.37	2.5560	393.67	0.0025402	28.177	28.646	75.990	170.09	301.72	234.80	2.4878	5.0458e-05	0.059131	0.0010114	92.671	0.010791	37.285	39.275	100.02	173.89	311.52	127.29	21.641	1.3065e-05	0.040496
442.51	2.5617	393.22	0.0025431	28.214	28.684	76.073	170.16	302.52	233.90	2.5085	5.0345e-05	0.059104	0.0010019	93.012	0.010751	37.293	39.280	100.02	173.97	312.85	127.10	21.663	1.3084e-05	0.040582
442.65	2.5673	392.77	0.0025460	28.250	28.721	76.157	170.23	303.33	233.00	2.5295	5.0231e-05	0.059077	0.00099245	93.354	0.010712	37.301	39.285	100.02	174.06	314.20	126.91	21.685	1.3103e-05	0.040668
442.79	2.5729	392.31	0.0025490	28.286	28.759	76.240	170.30	304.15	232.11	2.5506	5.0118e-05	0.059051	0.00098304	93.698	0.010673	37.310	39.291	100.02	174.15	315.57	126.73	21.707	1.3123e-05	0.040754
442.93	2.5785	391.86	0.0025520	28.322	28.797	76.323	170.37	304.98	231.21	2.5720	5.0005e-05	0.059025	0.00097367	94.044	0.010633	37.318	39.296	100.03	174.24	316.96	126.54	21.730	1.3143e-05	0.040842
443.07	2.5842	391.40	0.0025549	28.358	28.835	76.406	170.44	305.82	230.31	2.5937	4.9891e-05	0.058999	0.00096433	94.391	0.010594	37.326	39.301	100.03	174.32	318.37	126.34	21.752	1.3162e-05	0.040930
443.20	2.5898	390.94	0.0025579	28.395	28.873	76.489	170.51	306.67	229.41	2.6156	4.9778e-05	0.058974	0.00095502	94.739	0.010555	37.334	39.306	100.03	174.41	319.79	126.15	21.774	1.3182e-05	0.041018
443.34	2.5954	390.48	0.0025609	28.431	28.910	76.572	170.58	307.54	228.51	2.6377	4.9665e-05	0.058949	0.00094574	95.090	0.010516	37.342	39.311	100.03	174.50	321.24	125.96	21.797	1.3202e-05	0.041107
443.48	2.6011	390.02	0.0025640	28.467	28.948	76.655	170.65	308.41	227.62	2.6601	4.9551e-05	0.058925	0.00093650	95.441	0.010478	37.349	39.316	100.03	174.59	322.71	125.77	21.819	1.3222e-05	0.041196
443.62	2.6067	389.56	0.0025670	28.503	28.986	76.737	170.72	309.30	226.72	2.6827	4.9438e-05	0.058900	0.00092729	95.795	0.010439	37.357	39.320	100.03	174.68	324.19	125.58	21.841	1.3242e-05	0.041286
443.75	2.6123	389.10	0.0025700	28.539	29.024	76.820	170.79	310.20	225.82	2.7055	4.9325e-05	0.058877	0.00091811	96.150	0.010400	37.365	39.325	100.03	174.76	325.70	125.39	21.864	1.3263e-05	0.041377
443.89	2.6180	388.63	0.0025731	28.576	29.062	76.903	170.86	311.11	224.92	2.7287	4.9211e-05	0.058853	0.00090896	96.507	0.010362	37.372	39.329	100.03	174.85	327.23	125.20	21.887	1.3283e-05	0.041468
444.03	2.6236	388.17	0.0025762	28.612	29.099	76.986	170.94	312.04	224.02	2.7521	4.9098e-05	0.058830	0.00089984	96.865	0.010324	37.380	39.334	100.03	174.94	328.79	125.01	21.909	1.3303e-05	0.041560
444.16	2.6292	387.70	0.0025793	28.648	29.137	77.068	171.01	312.98	223.13	2.7758	4.8985e-05	0.058807	0.00089076	97.225	0.010285	37.387	39.338	100.03	175.03	330.36	124.82	21.932	1.3324e-05	0.041653
444.30	2.6348	387.23	0.0025824	28.684	29.175	77.151	171.08	313.93	222.23	2.7997	4.8872e-05	0.058785	0.00088171	97.587	0.010247	37.394	39.342	100.03	175.12	331.96	124.62	21.954	1.3345e-05	0.041746
444.44	2.6405	386.76	0.0025856	28.720	29.213	77.234	171.15	314.89	221.33	2.8239	4.8759e-05	0.058762	0.00087269	97.951	0.010209	37.401	39.346	100.03	175.21	333.58	124.43	21.977	1.3366e-05	0.041840
444.57	2.6461	386.29	0.0025887	28.756	29.250	77.316	171.22	315.87	220.43	2.8484	4.8645e-05	0.058741	0.00086370	98.316	0.010171	37.408	39.350	100.03	175.29	335.23	124.24	22.000	1.3387e-05	0.041934
444.71	2.6517	385.82	0.0025919	28.792	29.288	77.399	171.29	316.86	219.53	2.8732	4.8532e-05	0.058719	0.00085474	98.683	0.010133	37.415	39.354	100.03	175.38	336.90	124.05	22.023	1.3408e-05	0.042029
444.84	2.6574	385.35	0.0025951	28.828	29.326	77.481	171.37	317.87	218.63	2.8983	4.8419e-05	0.058698	0.00084582	99.052	0.010096	37.422	39.358	100.03	175.47	338.59	123.85	22.046	1.3429e-05	0.042125
444.98	2.6630	384.87	0.0025983	28.864	29.364	77.564	171.44	318.89	217.73	2.9237	4.8306e-05	0.058678	0.00083693	99.423	0.010058	37.429	39.362	100.03	175.56	340.32	123.66	22.069	1.3450e-05	0.042221
445.11	2.6686	384.40	0.0026015	28.901	29.401	77.646	171.51	319.93	216.83	2.9494	4.8192e-05	0.058658	0.00082807	99.795	0.010021	37.436	39.365	100.03	175.65	342.07	123.47	22.091	1.3472e-05	0.042318
445.25	2.6743	383.92	0.0026047	28.937	29.439	77.729	171.58	320.98	215.93	2.9754	4.8079e-05	0.058638	0.00081924	100.17	0.0099830	37.442	39.369	100.03	175.74	343.84	123.27	22.114	1.3493e-05	0.042416
445.38	2.6799	383.44	0.0026080	28.973	29.477	77.811	171.66	322.05	215.04	3.0017	4.7966e-05	0.058619	0.00081044	100.55	0.0099457	37.449	39.372	100.03	175.83	345.65	123.08	22.137	1.3515e-05	0.042514
445.51	2.6855	382.96	0.0026113	29.009	29.515	77.894	171.73	323.14	214.14	3.0283	4.7852e-05	0.058600	0.00080167	100.92	0.0099084	37.455	39.375	100.03	175.92	347.48	122.89	22.160	1.3537e-05	0.042613
445.65	2.6911	382.47	0.0026146	29.045	29.552	77.976	171.80	324.24	213.24	3.0552	4.7739e-05	0.058582	0.00079294	101.30	0.0098712	37.462	39.378	100.02	176.01	349.34	122.69	22.183	1.3559e-05	0.042713
445.78	2.6968	381.99	0.0026179	29.081	29.590	78.058	171.88	325.36	212.34	3.0825	4.7626e-05	0.058564	0.00078424	101.69	0.0098341	37.468	39.381	100.02	176.10	351.23	122.50	22.206	1.3581e-05	0.042814
445.92	2.7024	381.50	0.0026212	29.117	29.628	78.141	171.95	326.49	211.43	3.1102	4.7512e-05	0.058546	0.00077557	102.07	0.0097971	37.474	39.384	100.02	176.19	353.16	122.30	22.230	1.3604e-05	0.042915
446.05	2.7080	381.02	0.0026246	29.153	29.666	78.223	172.02	327.65	210.53	3.1381	4.7399e-05	0.058529	0.00076693	102.46	0.0097601	37.480	39.387	100.02	176.28	355.11	122.11	22.253	1.3626e-05	0.043017
446.18	2.7137	380.53	0.0026279	29.189	29.704	78.305	172.10	328.82	209.63	3.1664	4.7285e-05	0.058512	0.00075832	102.85	0.0097233	37.486	39.390	100.01	176.37	357.10	121.91	22.276	1.3649e-05	0.043120
446.31	2.7193	380.04	0.0026313	29.225	29.741	78.388	172.17	330.01	208.73	3.1951	4.7172e-05	0.058496	0.00074975	103.24	0.0096865	37.492	39.392	100.01	176.46	359.12	121.72	22.299	1.3671e-05	0.043224
446.45	2.7249	379.54	0.0026347	29.261	29.779	78.470	172.25	331.22	207.83	3.2242	4.7058e-05	0.058481	0.00074121	103.63	0.0096498	37.498	39.395	100.01	176.55	361.17	121.52	22.322	1.3694e-05	0.043329
446.58	2.7306	379.05	0.0026382	29.297	29.817	78.552	172.32	332.46	206.93	3.2536	4.6944e-05	0.058466	0.00073270	104.02	0.0096132	37.503	39.397	100.00	176.64	363.26	121.33	22.345	1.3717e-05	0.043434
446.71	2.7362	378.55	0.0026416	29.333	29.855	78.634	172.40	333.71	206.03	3.2834	4.6830e-05	0.058451	0.00072422	104.42	0.0095767	37.509	39.399	100.00	176.74	365.38	121.13	22.369	1.3740e-05	0.043540
446.84	2.7418	378.05	0.0026451	29.369	29.893	78.717	172.47	334.98	205.12	3.3136	4.6717e-05	0.058437	0.00071577	104.82	0.0095402	37.514	39.401	99.996	176.83	367.55	120.93	22.392	1.3764e-05	0.043647
446.97	2.7474	377.55	0.0026486	29.406	29.931	78.799	172.55	336.28	204.22	3.3441	4.6603e-05	0.058423	0.00070735	105.22	0.0095038	37.519	39.403	99.992	176.92	369.75	120.74	22.415	1.3787e-05	0.043755
447.11	2.7531	377.05	0.0026522	29.442	29.968	78.881	172.62	337.60	203.32	3.3751	4.6489e-05	0.058410	0.00069897	105.62	0.0094675	37.525	39.405	99.988	177.01	371.98	120.54	22.438	1.3811e-05	0.043864
447.24	2.7587	376.55	0.0026557	29.478	30.006	78.964	172.70	338.94	202.41	3.4065	4.6375e-05	0.058398	0.00069062	106.03	0.0094313	37.530	39.407	99.983	177.10	374.26	120.34	22.461	1.3835e-05	0.043974
447.37	2.7643	376.04	0.0026593	29.514	30.044	79.046	172.78	340.30	201.51	3.4383	4.6261e-05	0.058386	0.00068229	106.44	0.0093951	37.535	39.409	99.978	177.19	376.58	120.15	22.485	1.3859e-05	0.044084
447.50	2.7700	375.53	0.0026629	29.550	30.082	79.128	172.85	341.69	200.60	3.4705	4.6146e-05	0.058374	0.00067401	106.85	0.0093590	37.540	39.410	99.973	177.29	378.94	119.95	22.508	1.3883e-05	0.044196
447.63	2.7756	375.02	0.0026665	29.586	30.120	79.210	172.93	343.10	199.70	3.5032	4.6032e-05	0.058364	0.00066575	107.26	0.0093230	37.544	39.411	99.968	177.38	381.34	119.75	22.531	1.3907e-05	0.044308
447.76	2.7812	374.51	0.0026701	29.622	30.158	79.293	173.01	344.54	198.79	3.5363	4.5918e-05	0.058353	0.00065752	107.68	0.0092870	37.549	39.413	99.962	177.47	383.79	119.55	22.554	1.3932e-05	0.044422
447.89	2.7869	374.00	0.0026738	29.658	30.196	79.375	173.08	346.01	197.89	3.5698	4.5803e-05	0.058344	0.00064933	108.09	0.0092512	37.554	39.414	99.956	177.57	386.28	119.35	22.578	1.3956e-05	0.044536
448.02	2.7925	373.48	0.0026775	29.694	30.234	79.457	173.16	347.50	196.98	3.6038	4.5688e-05	0.058335	0.00064117	108.51	0.0092153	37.558	39.415	99.950	177.66	388.83	119.16	22.601	1.3981e-05	0.044651
448.15	2.7981	372.96	0.0026812	29.731	30.272	79.540	173.24	349.02	196.07	3.6383	4.5574e-05	0.058326	0.00063304	108.94	0.0091795	37.562	39.416	99.943	177.75	391.41	118.96	22.624	1.4006e-05	0.044768
448.28	2.8037	372.44	0.0026850	29.767	30.310	79.622	173.32	350.57	195.16	3.6733	4.5459e-05	0.058319	0.00062494	109.36	0.0091438	37.567	39.416	99.937	177.85	394.05	118.76	22.647	1.4032e-05	0.044885
448.41	2.8094	371.92	0.0026887	29.803	30.348	79.705	173.40	352.15	194.26	3.7087	4.5344e-05	0.058312	0.00061687	109.79	0.0091082	37.571	39.417	99.930	177.94	396.74	118.56	22.670	1.4057e-05	0.045004
448.53	2.8150	371.40	0.0026925	29.839	30.386	79.787	173.48	353.77	193.35	3.7447	4.5228e-05	0.058305	0.00060884	110.22	0.0090726	37.575	39.417	99.922	178.03	399.49	118.36	22.693	1.4083e-05	0.045123
448.66	2.8206	370.87	0.0026964	29.875	30.424	79.869	173.56	355.41	192.44	3.7812	4.5113e-05	0.058300	0.00060084	110.66	0.0090370	37.579	39.418	99.915	178.13	402.28	118.16	22.717	1.4108e-05	0.045244
448.79	2.8263	370.34	0.0027002	29.912	30.462	79.952	173.64	357.08	191.53	3.8181	4.4998e-05	0.058295	0.00059287	111.09	0.0090016	37.582	39.418	99.907	178.22	405.14	117.96	22.740	1.4134e-05	0.045366
448.92	2.8319	369.81	0.0027041	29.948	30.500	80.034	173.72	358.79	190.62	3.8557	4.4882e-05	0.058291	0.00058493	111.53	0.0089661	37.586	39.418	99.899	178.32	408.05	117.76	22.763	1.4161e-05	0.045489
449.05	2.8375	369.27	0.0027080	29.984	30.538	80.117	173.80	360.54	189.71	3.8937	4.4766e-05	0.058287	0.00057702	111.97	0.0089307	37.589	39.418	99.891	178.41	411.02	117.56	22.786	1.4187e-05	0.045613
449.18	2.8432	368.73	0.0027120	30.020	30.577	80.200	173.88	362.31	188.79	3.9324	4.4650e-05	0.058285	0.00056915	112.42	0.0088954	37.593	39.417	99.882	178.51	414.05	117.36	22.809	1.4214e-05	0.045739
449.30	2.8488	368.19	0.0027160	30.057	30.615	80.282	173.96	364.13	187.88	3.9716	4.4534e-05	0.058283	0.00056131	112.87	0.0088601	37.596	39.417	99.873	178.60	417.14	117.16	22.832	1.4241e-05	0.045865
449.43	2.8544	367.65	0.0027200	30.093	30.653	80.365	174.04	365.99	186.97	4.0113	4.4418e-05	0.058282	0.00055350	113.32	0.0088249	37.599	39.417	99.864	178.70	420.30	116.95	22.854	1.4268e-05	0.045993
449.56	2.8600	367.11	0.0027240	30.129	30.691	80.448	174.12	367.88	186.05	4.0517	4.4302e-05	0.058281	0.00054572	113.77	0.0087897	37.602	39.416	99.854	178.80	423.53	116.75	22.877	1.4295e-05	0.046122
449.68	2.8657	366.56	0.0027281	30.166	30.730	80.531	174.20	369.82	185.14	4.0927	4.4185e-05	0.058282	0.00053798	114.23	0.0087545	37.605	39.415	99.845	178.89	426.83	116.55	22.900	1.4322e-05	0.046253
449.81	2.8713	366.01	0.0027322	30.202	30.768	80.613	174.29	371.79	184.22	4.1343	4.4068e-05	0.058283	0.00053026	114.69	0.0087194	37.608	39.414	99.834	178.99	430.20	116.35	22.923	1.4350e-05	0.046385
449.94	2.8769	365.46	0.0027363	30.239	30.807	80.696	174.37	373.81	183.31	4.1765	4.3951e-05	0.058286	0.00052258	115.15	0.0086843	37.610	39.413	99.824	179.09	433.64	116.15	22.945	1.4378e-05	0.046518
450.06	2.8826	364.90	0.0027405	30.275	30.845	80.779	174.45	375.88	182.39	4.2194	4.3834e-05	0.058289	0.00051494	115.62	0.0086493	37.613	39.411	99.813	179.18	437.16	115.94	22.968	1.4406e-05	0.046653
450.19	2.8882	364.34	0.0027447	30.312	30.883	80.862	174.54	377.99	181.47	4.2629	4.3716e-05	0.058293	0.00050732	116.09	0.0086143	37.615	39.410	99.802	179.28	440.76	115.74	22.990	1.4435e-05	0.046789
450.31	2.8938	363.78	0.0027489	30.348	30.922	80.945	174.62	380.16	180.55	4.3072	4.3599e-05	0.058299	0.00049974	116.56	0.0085793	37.617	39.408	99.791	179.38	444.44	115.54	23.013	1.4464e-05	0.046926
450.44	2.8995	363.21	0.0027532	30.385	30.961	81.029	174.71	382.37	179.63	4.3521	4.3481e-05	0.058305	0.00049219	117.04	0.0085443	37.619	39.407	99.779	179.48	448.21	115.33	23.035	1.4493e-05	0.047065
450.57	2.9051	362.65	0.0027575	30.421	30.999	81.112	174.79	384.63	178.71	4.3977	4.3363e-05	0.058312	0.00048467	117.52	0.0085094	37.621	39.405	99.767	179.58	452.07	115.13	23.057	1.4522e-05	0.047206
450.69	2.9107	362.07	0.0027619	30.458	31.038	81.195	174.88	386.95	177.79	4.4441	4.3244e-05	0.058320	0.00047719	118.00	0.0084745	37.623	39.402	99.754	179.68	456.02	114.92	23.080	1.4551e-05	0.047348
450.82	2.9163	361.50	0.0027663	30.495	31.077	81.279	174.96	389.33	176.87	4.4912	4.3125e-05	0.058330	0.00046974	118.49	0.0084397	37.624	39.400	99.742	179.78	460.06	114.72	23.102	1.4581e-05	0.047492
450.94	2.9220	360.92	0.0027707	30.531	31.115	81.362	175.05	391.76	175.94	4.5391	4.3006e-05	0.058340	0.00046232	118.98	0.0084048	37.626	39.398	99.728	179.87	464.20	114.51	23.124	1.4611e-05	0.047638
451.06	2.9276	360.34	0.0027752	30.568	31.154	81.446	175.14	394.25	175.02	4.5878	4.2887e-05	0.058352	0.00045493	119.47	0.0083700	37.627	39.395	99.715	179.97	468.44	114.31	23.145	1.4642e-05	0.047785
451.19	2.9332	359.75	0.0027797	30.605	31.193	81.529	175.23	396.81	174.09	4.6373	4.2768e-05	0.058365	0.00044758	119.97	0.0083352	37.628	39.392	99.701	180.08	472.79	114.10	23.167	1.4672e-05	0.047934
451.31	2.9389	359.17	0.0027842	30.642	31.232	81.613	175.31	399.43	173.17	4.6875	4.2648e-05	0.058379	0.00044026	120.48	0.0083004	37.629	39.389	99.687	180.18	477.25	113.89	23.189	1.4703e-05	0.048085
451.44	2.9445	358.57	0.0027888	30.679	31.271	81.697	175.40	402.12	172.24	4.7387	4.2527e-05	0.058394	0.00043298	120.98	0.0082656	37.630	39.386	99.672	180.28	481.82	113.69	23.210	1.4734e-05	0.048238
451.56	2.9501	357.98	0.0027935	30.716	31.310	81.781	175.49	404.88	171.31	4.7907	4.2407e-05	0.058411	0.00042573	121.49	0.0082308	37.630	39.382	99.657	180.38	486.51	113.48	23.231	1.4766e-05	0.048392
451.68	2.9558	357.38	0.0027982	30.753	31.349	81.865	175.58	407.72	170.38	4.8436	4.2286e-05	0.058429	0.00041851	122.01	0.0081960	37.631	39.379	99.642	180.48	491.32	113.27	23.252	1.4798e-05	0.048549
451.81	2.9614	356.77	0.0028029	30.790	31.388	81.950	175.67	410.63	169.45	4.8974	4.2165e-05	0.058448	0.00041132	122.53	0.0081613	37.631	39.375	99.626	180.58	496.27	113.06	23.273	1.4830e-05	0.048707
451.93	2.9670	356.17	0.0028077	30.827	31.428	82.034	175.76	413.62	168.52	4.9521	4.2043e-05	0.058469	0.00040417	123.05	0.0081265	37.631	39.371	99.610	180.68	501.34	112.86	23.294	1.4862e-05	0.048868
452.05	2.9726	355.55	0.0028125	30.864	31.467	82.118	175.86	416.69	167.58	5.0078	4.1921e-05	0.058492	0.00039705	123.58	0.0080918	37.631	39.367	99.593	180.79	506.56	112.65	23.315	1.4895e-05	0.049031
452.18	2.9783	354.94	0.0028174	30.901	31.507	82.203	175.95	419.86	166.65	5.0645	4.1799e-05	0.058515	0.00038997	124.12	0.0080570	37.631	39.362	99.576	180.89	511.92	112.44	23.335	1.4928e-05	0.049196
452.30	2.9839	354.32	0.0028223	30.938	31.546	82.288	176.04	423.11	165.71	5.1222	4.1676e-05	0.058541	0.00038292	124.65	0.0080222	37.630	39.358	99.559	180.99	517.43	112.23	23.356	1.4962e-05	0.049363
452.42	2.9895	353.69	0.0028273	30.976	31.586	82.373	176.14	426.46	164.77	5.1810	4.1553e-05	0.058568	0.00037591	125.20	0.0079874	37.630	39.353	99.541	181.10	523.10	112.02	23.376	1.4996e-05	0.049533
452.54	2.9952	353.06	0.0028324	31.013	31.625	82.458	176.23	429.90	163.83	5.2408	4.1429e-05	0.058597	0.00036893	125.74	0.0079526	37.629	39.348	99.522	181.20	528.93	111.81	23.395	1.5030e-05	0.049705
452.66	3.0008	352.43	0.0028375	31.051	31.665	82.543	176.32	433.45	162.89	5.3017	4.1305e-05	0.058627	0.00036198	126.30	0.0079178	37.628	39.342	99.503	181.31	534.93	111.60	23.415	1.5065e-05	0.049880
452.79	3.0064	351.79	0.0028426	31.088	31.705	82.629	176.42	437.11	161.95	5.3637	4.1181e-05	0.058660	0.00035507	126.86	0.0078830	37.627	39.337	99.484	181.41	541.12	111.39	23.434	1.5100e-05	0.050057
452.91	3.0121	351.15	0.0028478	31.126	31.745	82.714	176.52	440.88	161.01	5.4269	4.1056e-05	0.058694	0.00034819	127.42	0.0078481	37.625	39.331	99.464	181.52	547.49	111.18	23.454	1.5135e-05	0.050237
453.03	3.0177	350.50	0.0028531	31.164	31.785	82.800	176.61	444.78	160.07	5.4912	4.0930e-05	0.058730	0.00034135	127.99	0.0078133	37.624	39.325	99.444	181.63	554.06	110.96	23.472	1.5171e-05	0.050420
453.15	3.0233	349.84	0.0028584	31.202	31.825	82.886	176.71	448.79	159.12	5.5568	4.0804e-05	0.058768	0.00033455	128.56	0.0077783	37.622	39.319	99.423	181.73	560.84	110.75	23.491	1.5207e-05	0.050605
453.27	3.0289	349.18	0.0028638	31.239	31.865	82.973	176.81	452.94	158.17	5.6237	4.0678e-05	0.058809	0.00032778	129.14	0.0077434	37.620	39.312	99.402	181.84	567.83	110.54	23.509	1.5244e-05	0.050794
453.39	3.0346	348.52	0.0028693	31.277	31.906	83.059	176.91	457.23	157.22	5.6918	4.0551e-05	0.058851	0.00032104	129.73	0.0077084	37.618	39.305	99.380	181.95	575.05	110.32	23.527	1.5281e-05	0.050985
453.51	3.0402	347.85	0.0028748	31.316	31.946	83.146	177.01	461.66	156.27	5.7613	4.0423e-05	0.058896	0.00031434	130.32	0.0076734	37.615	39.298	99.357	182.06	582.50	110.11	23.545	1.5319e-05	0.051180
453.63	3.0458	347.17	0.0028804	31.354	31.987	83.233	177.11	466.24	155.32	5.8321	4.0295e-05	0.058943	0.00030768	130.92	0.0076383	37.612	39.291	99.334	182.17	590.21	109.90	23.562	1.5357e-05	0.051378
453.75	3.0515	346.49	0.0028861	31.392	32.027	83.320	177.21	470.99	154.37	5.9044	4.0166e-05	0.058993	0.00030105	131.52	0.0076032	37.609	39.283	99.311	182.28	598.18	109.68	23.579	1.5396e-05	0.051579
453.87	3.0571	345.80	0.0028919	31.430	32.068	83.407	177.32	475.91	153.41	5.9781	4.0036e-05	0.059045	0.00029446	132.14	0.0075680	37.606	39.276	99.287	182.39	606.42	109.46	23.596	1.5435e-05	0.051784
453.99	3.0627	345.10	0.0028977	31.469	32.109	83.495	177.42	481.00	152.45	6.0533	3.9906e-05	0.059100	0.00028791	132.75	0.0075328	37.603	39.267	99.262	182.50	614.96	109.25	23.612	1.5475e-05	0.051993
454.11	3.0684	344.40	0.0029036	31.508	32.150	83.583	177.53	486.28	151.50	6.1301	3.9775e-05	0.059157	0.00028139	133.38	0.0074974	37.599	39.259	99.237	182.61	623.81	109.03	23.628	1.5515e-05	0.052205
454.23	3.0740	343.69	0.0029096	31.546	32.192	83.671	177.63	491.77	150.53	6.2084	3.9644e-05	0.059217	0.00027491	134.01	0.0074621	37.595	39.250	99.211	182.72	632.98	108.81	23.644	1.5555e-05	0.052422
454.35	3.0796	342.98	0.0029156	31.585	32.233	83.760	177.74	497.46	149.57	6.2884	3.9511e-05	0.059281	0.00026847	134.65	0.0074266	37.591	39.241	99.184	182.84	642.49	108.60	23.659	1.5597e-05	0.052642
454.47	3.0852	342.26	0.0029218	31.624	32.275	83.849	177.85	503.38	148.61	6.3701	3.9378e-05	0.059347	0.00026206	135.30	0.0073911	37.586	39.232	99.157	182.95	652.36	108.38	23.673	1.5639e-05	0.052867
454.58	3.0909	341.53	0.0029280	31.663	32.316	83.938	177.96	509.54	147.64	6.4536	3.9244e-05	0.059417	0.00025569	135.95	0.0073554	37.582	39.222	99.129	183.06	662.62	108.16	23.687	1.5681e-05	0.053097
454.70	3.0965	340.79	0.0029344	31.703	32.358	84.027	178.07	515.95	146.67	6.5389	3.9109e-05	0.059490	0.00024937	136.62	0.0073197	37.576	39.212	99.100	183.18	673.29	107.94	23.701	1.5724e-05	0.053331
454.82	3.1021	340.04	0.0029408	31.742	32.400	84.117	178.18	522.63	145.70	6.6260	3.8974e-05	0.059566	0.00024308	137.29	0.0072839	37.571	39.201	99.070	183.29	684.39	107.72	23.714	1.5768e-05	0.053570
454.94	3.1078	339.29	0.0029473	31.782	32.443	84.207	178.29	529.59	144.73	6.7151	3.8837e-05	0.059646	0.00023682	137.97	0.0072480	37.565	39.190	99.040	183.41	695.94	107.50	23.726	1.5813e-05	0.053814
455.06	3.1134	338.53	0.0029540	31.821	32.485	84.298	178.40	536.86	143.75	6.8061	3.8700e-05	0.059730	0.00023061	138.66	0.0072119	37.559	39.179	99.009	183.53	707.99	107.28	23.738	1.5858e-05	0.054064
455.17	3.1190	337.75	0.0029607	31.861	32.528	84.389	178.52	544.46	142.78	6.8993	3.8561e-05	0.059819	0.00022444	139.36	0.0071757	37.553	39.168	98.977	183.65	720.55	107.05	23.749	1.5904e-05	0.054320
455.29	3.1247	336.97	0.0029676	31.901	32.570	84.481	178.64	552.40	141.80	6.9946	3.8421e-05	0.059911	0.00021831	140.07	0.0071394	37.546	39.156	98.944	183.77	733.67	106.83	23.760	1.5950e-05	0.054581
455.41	3.1303	336.18	0.0029746	31.942	32.614	84.573	178.75	560.72	140.82	7.0920	3.8281e-05	0.060008	0.00021221	140.79	0.0071030	37.539	39.143	98.911	183.88	747.38	106.61	23.769	1.5998e-05	0.054849
455.53	3.1359	335.38	0.0029817	31.982	32.657	84.665	178.87	569.44	139.83	7.1918	3.8139e-05	0.060109	0.00020616	141.52	0.0070664	37.532	39.131	98.876	184.01	761.73	106.38	23.779	1.6046e-05	0.055123
455.64	3.1415	334.57	0.0029889	32.023	32.700	84.758	178.99	578.58	138.85	7.2940	3.7996e-05	0.060215	0.00020015	142.26	0.0070296	37.524	39.117	98.841	184.13	776.75	106.16	23.787	1.6095e-05	0.055404
455.76	3.1472	333.75	0.0029963	32.064	32.744	84.851	179.12	588.19	137.86	7.3986	3.7852e-05	0.060326	0.00019418	143.01	0.0069927	37.516	39.104	98.805	184.25	792.51	105.93	23.794	1.6145e-05	0.055693
455.87	3.1528	332.92	0.0030038	32.105	32.788	84.945	179.24	598.29	136.87	7.5058	3.7706e-05	0.060443	0.00018825	143.77	0.0069556	37.507	39.089	98.767	184.37	809.04	105.70	23.801	1.6196e-05	0.055989
455.99	3.1584	332.07	0.0030114	32.146	32.833	85.040	179.37	608.94	135.87	7.6157	3.7559e-05	0.060566	0.00018237	144.54	0.0069183	37.498	39.075	98.729	184.50	826.42	105.48	23.807	1.6248e-05	0.056293
456.11	3.1641	331.21	0.0030192	32.188	32.877	85.135	179.49	620.16	134.87	7.7283	3.7411e-05	0.060694	0.00017653	145.33	0.0068808	37.489	39.059	98.689	184.62	844.72	105.25	23.812	1.6301e-05	0.056607
456.22	3.1697	330.34	0.0030272	32.230	32.922	85.231	179.62	632.01	133.88	7.8437	3.7261e-05	0.060829	0.00017073	146.13	0.0068430	37.479	39.044	98.649	184.75	863.99	105.02	23.816	1.6355e-05	0.056929
456.34	3.1753	329.46	0.0030353	32.272	32.967	85.327	179.76	644.55	132.87	7.9622	3.7110e-05	0.060970	0.00016497	146.95	0.0068051	37.468	39.027	98.607	184.88	884.34	104.79	23.818	1.6410e-05	0.057261
456.45	3.1810	328.56	0.0030436	32.315	33.013	85.425	179.89	657.84	131.87	8.0837	3.6957e-05	0.061119	0.00015926	147.78	0.0067668	37.457	39.010	98.564	185.01	905.84	104.55	23.820	1.6466e-05	0.057604
456.57	3.1866	327.65	0.0030520	32.357	33.059	85.523	180.02	671.94	130.86	8.2085	3.6802e-05	0.061275	0.00015360	148.62	0.0067284	37.446	38.993	98.519	185.14	928.60	104.32	23.820	1.6524e-05	0.057958
456.68	3.1922	326.72	0.0030607	32.400	33.105	85.621	180.16	686.93	129.85	8.3367	3.6645e-05	0.061439	0.00014798	149.49	0.0066896	37.434	38.975	98.474	185.27	952.74	104.09	23.819	1.6582e-05	0.058324
456.80	3.1978	325.77	0.0030696	32.444	33.152	85.721	180.30	702.90	128.83	8.4683	3.6487e-05	0.061612	0.00014241	150.36	0.0066505	37.421	38.956	98.426	185.40	978.38	103.85	23.817	1.6643e-05	0.058703
456.91	3.2035	324.81	0.0030787	32.488	33.199	85.822	180.45	719.94	127.82	8.6036	3.6326e-05	0.061795	0.00013689	151.26	0.0066111	37.408	38.936	98.378	185.53	1005.7	103.61	23.814	1.6704e-05	0.059095
457.03	3.2091	323.83	0.0030880	32.532	33.247	85.923	180.59	738.18	126.80	8.7428	3.6163e-05	0.061987	0.00013141	152.17	0.0065714	37.395	38.916	98.327	185.67	1034.8	103.38	23.808	1.6767e-05	0.059502
457.14	3.2147	322.83	0.0030976	32.577	33.295	86.026	180.74	757.73	125.77	8.8859	3.5998e-05	0.062189	0.00012598	153.11	0.0065313	37.380	38.895	98.276	185.81	1065.9	103.14	23.801	1.6832e-05	0.059926
457.25	3.2204	321.81	0.0031074	32.622	33.344	86.129	180.89	778.74	124.74	9.0332	3.5830e-05	0.062403	0.00012061	154.07	0.0064908	37.365	38.873	98.222	185.94	1099.3	102.90	23.793	1.6898e-05	0.060366
457.37	3.2260	320.77	0.0031175	32.667	33.393	86.234	181.04	801.39	123.71	9.1850	3.5660e-05	0.062630	0.00011528	155.04	0.0064498	37.349	38.850	98.166	186.08	1135.1	102.66	23.782	1.6966e-05	0.060826
457.48	3.2316	319.70	0.0031279	32.713	33.443	86.340	181.20	825.87	122.68	9.3413	3.5486e-05	0.062870	0.00011001	156.05	0.0064084	37.332	38.827	98.109	186.23	1173.6	102.41	23.770	1.7036e-05	0.061306
457.59	3.2373	318.61	0.0031387	32.760	33.493	86.447	181.36	852.41	121.64	9.5025	3.5310e-05	0.063125	0.00010479	157.07	0.0063665	37.315	38.802	98.049	186.37	1215.3	102.17	23.755	1.7108e-05	0.061808
457.71	3.2429	317.49	0.0031497	32.807	33.544	86.556	181.53	881.28	120.59	9.6687	3.5131e-05	0.063396	9.9619e-05	158.13	0.0063241	37.297	38.776	97.987	186.51	1260.4	101.92	23.738	1.7183e-05	0.062335
457.82	3.2485	316.34	0.0031611	32.855	33.596	86.667	181.70	912.79	119.55	9.8403	3.4948e-05	0.063685	9.4508e-05	159.21	0.0062810	37.277	38.749	97.923	186.66	1309.5	101.67	23.718	1.7260e-05	0.062889
457.93	3.2541	315.16	0.0031730	32.904	33.649	86.779	181.87	947.33	118.49	10.018	3.4761e-05	0.063993	8.9454e-05	160.32	0.0062374	37.257	38.721	97.856	186.81	1363.1	101.42	23.696	1.7339e-05	0.063474
458.04	3.2598	313.95	0.0031852	32.953	33.702	86.893	182.05	985.35	117.44	10.201	3.4570e-05	0.064324	8.4459e-05	161.47	0.0061930	37.235	38.692	97.787	186.96	1421.7	101.17	23.671	1.7421e-05	0.064091
458.16	3.2654	312.70	0.0031979	33.003	33.756	87.009	182.23	1027.4	116.38	10.390	3.4375e-05	0.064679	7.9524e-05	162.66	0.0061479	37.213	38.661	97.714	187.12	1486.3	100.91	23.642	1.7506e-05	0.064746
458.27	3.2710	311.42	0.0032111	33.054	33.812	87.127	182.42	1074.1	115.31	10.587	3.4174e-05	0.065062	7.4651e-05	163.88	0.0061020	37.189	38.629	97.638	187.28	1557.7	100.65	23.610	1.7594e-05	0.065443
458.38	3.2767	310.09	0.0032249	33.106	33.868	87.247	182.61	1126.3	114.24	10.790	3.3969e-05	0.065476	6.9841e-05	165.15	0.0060552	37.164	38.595	97.559	187.43	1637.0	100.39	23.574	1.7686e-05	0.066188
458.49	3.2823	308.71	0.0032393	33.159	33.926	87.370	182.81	1185.1	113.16	11.001	3.3758e-05	0.065926	6.5098e-05	166.46	0.0060073	37.137	38.559	97.476	187.60	1725.8	100.13	23.534	1.7782e-05	0.066986
458.60	3.2879	307.28	0.0032544	33.213	33.985	87.496	183.02	1251.6	112.08	11.220	3.3540e-05	0.066419	6.0423e-05	167.83	0.0059584	37.108	38.522	97.388	187.76	1825.8	99.862	23.489	1.7882e-05	0.067846
458.71	3.2936	305.79	0.0032703	33.269	34.046	87.626	183.23	1327.6	110.99	11.449	3.3315e-05	0.066959	5.5820e-05	169.26	0.0059082	37.078	38.482	97.296	187.93	1939.2	99.591	23.438	1.7988e-05	0.068779
458.82	3.2992	304.23	0.0032870	33.326	34.108	87.759	183.46	1415.2	109.89	11.686	3.3081e-05	0.067557	5.1290e-05	170.75	0.0058566	37.046	38.440	97.199	188.10	2068.9	99.317	23.382	1.8098e-05	0.069795
458.93	3.3048	302.60	0.0033047	33.385	34.173	87.897	183.69	1517.2	108.79	11.934	3.2839e-05	0.068224	4.6838e-05	172.31	0.0058035	37.011	38.395	97.096	188.28	2218.8	99.038	23.319	1.8215e-05	0.070911
459.04	3.3104	300.89	0.0033235	33.446	34.240	88.039	183.93	1637.4	107.68	12.193	3.2586e-05	0.068974	4.2467e-05	173.96	0.0057485	36.974	38.347	96.986	188.46	2394.0	98.755	23.249	1.8339e-05	0.072146
459.15	3.3161	299.08	0.0033436	33.509	34.309	88.187	184.19	1781.0	106.56	12.464	3.2322e-05	0.069826	3.8183e-05	175.70	0.0056915	36.933	38.295	96.868	188.65	2601.5	98.466	23.170	1.8471e-05	0.073526
459.26	3.3217	297.16	0.0033652	33.575	34.381	88.341	184.46	1955.5	105.43	12.750	3.2043e-05	0.070807	3.3989e-05	177.55	0.0056321	36.889	38.239	96.742	188.84	2851.1	98.170	23.080	1.8612e-05	0.075085
459.37	3.3273	295.10	0.0033886	33.643	34.457	88.503	184.74	2171.7	104.30	13.050	3.1748e-05	0.071954	2.9892e-05	179.54	0.0055698	36.842	38.179	96.605	189.04	3157.0	97.867	22.979	1.8765e-05	0.076871
459.48	3.3330	292.89	0.0034143	33.716	34.537	88.675	185.05	2446.3	103.15	13.369	3.1433e-05	0.073319	2.5899e-05	181.68	0.0055042	36.789	38.112	96.456	189.24	3540.7	97.554	22.863	1.8932e-05	0.078952
459.59	3.3386	290.48	0.0034426	33.794	34.623	88.859	185.38	2805.9	101.99	13.708	3.1094e-05	0.074981	2.2020e-05	184.02	0.0054343	36.730	38.039	96.292	189.45	4036.3	97.231	22.730	1.9115e-05	0.081427
459.70	3.3442	287.81	0.0034745	33.877	34.715	89.057	185.74	3295.7	100.82	14.071	3.0724e-05	0.077069	1.8264e-05	186.60	0.0053592	36.664	37.957	96.109	189.67	4700.5	96.894	22.575	1.9319e-05	0.084452
459.81	3.3499	284.82	0.0035110	33.969	34.817	89.275	186.14	3999.2	99.626	14.464	3.0314e-05	0.079797	1.4648e-05	189.50	0.0052772	36.588	37.864	95.901	189.90	5636.9	96.540	22.392	1.9552e-05	0.088287
459.92	3.3555	281.37	0.0035541	34.071	34.932	89.521	186.58	5088.4	98.415	14.897	2.9848e-05	0.083566	1.1190e-05	192.84	0.0051857	36.499	37.755	95.660	190.14	7054.2	96.161	22.170	1.9825e-05	0.093406
460.02	3.3611	277.24	0.0036070	34.191	35.065	89.808	187.10	6979.2	97.180	15.385	2.9300e-05	0.089238	7.9180e-06	196.83	0.0050805	36.391	37.623	95.368	190.40	9445.2	95.747	21.891	2.0156e-05	0.10080
460.13	3.3667	271.95	0.0036771	34.339	35.232	90.167	187.74	10977.	95.911	15.959	2.8614e-05	0.099098	4.8777e-06	201.93	0.0049523	36.250	37.453	94.994	190.67	14309.	95.277	21.519	2.0587e-05	0.11302
460.24	3.3724	264.19	0.0037851	34.549	35.470	90.681	undefined	undefined	undefined	16.712	2.7637e-05	undefined	2.1548e-06	209.35	0.0047768	36.042	37.204	94.449	undefined	undefined	undefined	20.956	2.1235e-05	undefined
460.35	3.3782	236.00	0.0042373	35.298	36.331	92.548	undefined	undefined	undefined	18.924	undefined	undefined	0.0000	236.00	0.0042373	35.298	36.331	92.548	undefined	undefined	undefined	18.924	undefined	undefined
