Temperature (K)	Pressure (MPa)	Density (l, kg/m3)	Volume (l, m3/kg)	Internal Energy (l, kJ/mol)	Enthalpy (l, kJ/mol)	Entropy (l, J/mol*K)	Cv (l, J/mol*K)	Cp (l, J/mol*K)	Sound Spd. (l, m/s)	Joule-Thomson (l, K/MPa)	Viscosity (l, Pa*s)	Therm. Cond. (l, W/m*K)	Surf. Tension (l, N/m)	Density (v, kg/m3)	Volume (v, m3/kg)	Internal Energy (v, kJ/mol)	Enthalpy (v, kJ/mol)	Entropy (v, J/mol*K)	Cv (v, J/mol*K)	Cp (v, J/mol*K)	Sound Spd. (v, m/s)	Joule-Thomson (v, K/MPa)	Viscosity (v, Pa*s)	Therm. Cond. (v, W/m*K)
195.49	0.0060544	733.85	0.0013627	0.00015005	0.00029055	0.00076754	50.538	73.322	2011.3	-0.21958	0.00057058	0.61094	0.043948	0.063717	15.694	23.739	25.357	129.71	25.822	34.452	355.26	180.95	6.8380e-06	0.015700
215.22	0.024983	711.06	0.0014063	1.4567	1.4573	7.0981	50.515	74.449	1888.7	-0.20799	0.00037909	0.60365	0.039747	0.24048	4.1583	24.189	25.958	120.94	26.825	35.915	370.81	113.59	7.3615e-06	0.017230
224.41	0.043912	700.25	0.0014281	2.1435	2.1446	10.223	50.320	75.049	1831.9	-0.20075	0.00032147	0.59622	0.037688	0.40742	2.4545	24.387	26.223	117.52	27.477	36.895	377.26	92.950	7.6196e-06	0.018032
230.74	0.062841	692.70	0.0014436	2.6194	2.6210	12.315	50.118	75.460	1792.7	-0.19514	0.00028943	0.58972	0.036245	0.56948	1.7560	24.518	26.397	115.36	27.999	37.693	381.37	81.409	7.8011e-06	0.018621
235.65	0.081770	686.75	0.0014561	2.9909	2.9929	13.908	49.930	75.777	1762.0	-0.19042	0.00026795	0.58394	0.035112	0.72833	1.3730	24.616	26.528	113.78	28.446	38.386	384.36	73.660	7.9439e-06	0.019101
239.71	0.10070	681.79	0.0014667	3.2989	3.3014	15.204	49.759	76.039	1736.4	-0.18627	0.00025211	0.57870	0.034170	0.88483	1.1302	24.696	26.634	112.54	28.841	39.008	386.69	67.949	8.0629e-06	0.019514
243.19	0.11963	677.49	0.0014760	3.5639	3.5669	16.301	49.604	76.265	1714.3	-0.18251	0.00023972	0.57390	0.033358	1.0395	0.96200	24.762	26.722	111.51	29.199	39.578	388.59	63.494	8.1656e-06	0.019881
246.26	0.13856	673.67	0.0014844	3.7975	3.8010	17.256	49.462	76.466	1694.7	-0.17904	0.00022964	0.56944	0.032642	1.1927	0.83845	24.819	26.797	110.64	29.528	40.106	390.18	59.883	8.2564e-06	0.020213
249.00	0.15749	670.23	0.0014920	4.0073	4.0113	18.103	49.333	76.649	1677.0	-0.17579	0.00022120	0.56528	0.032000	1.3446	0.74370	24.869	26.863	109.88	29.832	40.602	391.54	56.873	8.3380e-06	0.020519
251.49	0.17641	667.08	0.0014991	4.1981	4.2026	18.866	49.215	76.818	1660.9	-0.17273	0.00021398	0.56136	0.031415	1.4955	0.66865	24.913	26.922	109.21	30.117	41.070	392.72	54.310	8.4124e-06	0.020803
253.77	0.19534	664.17	0.0015056	4.3735	4.3785	19.560	49.106	76.976	1646.0	-0.16982	0.00020770	0.55765	0.030878	1.6456	0.60770	24.953	26.975	108.60	30.385	41.515	393.75	52.092	8.4809e-06	0.021071
255.89	0.21427	661.46	0.0015118	4.5362	4.5417	20.199	49.005	77.125	1632.1	-0.16703	0.00020216	0.55413	0.030381	1.7948	0.55717	24.990	27.023	108.05	30.638	41.940	394.67	50.145	8.5445e-06	0.021323
257.86	0.23320	658.92	0.0015176	4.6880	4.6941	20.790	48.911	77.267	1619.0	-0.16435	0.00019721	0.55077	0.029917	1.9434	0.51457	25.023	27.067	107.55	30.879	42.348	395.49	48.418	8.6038e-06	0.021564
259.71	0.25213	656.52	0.0015232	4.8307	4.8372	21.341	48.824	77.403	1606.8	-0.16176	0.00019276	0.54756	0.029482	2.0913	0.47817	25.054	27.107	107.09	31.108	42.741	396.23	46.871	8.6596e-06	0.021793
261.45	0.27106	654.25	0.0015285	4.9653	4.9723	21.858	48.742	77.535	1595.2	-0.15925	0.00018871	0.54449	0.029072	2.2387	0.44668	25.082	27.144	106.66	31.327	43.121	396.90	45.474	8.7123e-06	0.022013
263.09	0.28999	652.09	0.0015335	5.0928	5.1004	22.344	48.665	77.661	1584.1	-0.15681	0.00018501	0.54153	0.028685	2.3857	0.41917	25.109	27.179	106.26	31.538	43.489	397.51	44.205	8.7623e-06	0.022225
264.66	0.30892	650.02	0.0015384	5.2141	5.2222	22.804	48.594	77.784	1573.6	-0.15443	0.00018161	0.53869	0.028316	2.5322	0.39492	25.133	27.211	105.89	31.740	43.845	398.07	43.045	8.8098e-06	0.022430
266.15	0.32785	648.05	0.0015431	5.3299	5.3385	23.240	48.526	77.904	1563.5	-0.15210	0.00017847	0.53594	0.027965	2.6783	0.37337	25.157	27.241	105.53	31.935	44.192	398.58	41.978	8.8552e-06	0.022628
267.57	0.34677	646.15	0.0015476	5.4406	5.4498	23.655	48.462	78.021	1553.8	-0.14982	0.00017554	0.53327	0.027630	2.8241	0.35410	25.178	27.270	105.20	32.123	44.530	399.05	40.994	8.8986e-06	0.022820
268.94	0.36570	644.32	0.0015520	5.5469	5.5566	24.052	48.401	78.136	1544.5	-0.14759	0.00017282	0.53070	0.027309	2.9696	0.33675	25.199	27.296	104.89	32.305	44.860	399.48	40.080	8.9403e-06	0.023007
270.25	0.38463	642.56	0.0015563	5.6490	5.6592	24.431	48.344	78.248	1535.6	-0.14540	0.00017026	0.52819	0.027001	3.1148	0.32105	25.218	27.321	104.59	32.481	45.183	399.88	39.230	8.9804e-06	0.023189
271.51	0.40356	640.86	0.0015604	5.7475	5.7582	24.794	48.290	78.359	1526.9	-0.14324	0.00016786	0.52576	0.026705	3.2597	0.30678	25.237	27.345	104.30	32.652	45.499	400.25	38.436	9.0190e-06	0.023366
272.73	0.42249	639.21	0.0015644	5.8424	5.8537	25.143	48.238	78.467	1518.5	-0.14112	0.00016560	0.52340	0.026420	3.4044	0.29374	25.254	27.368	104.03	32.818	45.808	400.59	37.692	9.0563e-06	0.023540
273.90	0.44142	637.62	0.0015683	5.9343	5.9461	25.479	48.189	78.575	1510.4	-0.13903	0.00016347	0.52109	0.026144	3.5489	0.28178	25.271	27.389	103.77	32.979	46.111	400.90	36.993	9.0924e-06	0.023709
275.04	0.46035	636.07	0.0015722	6.0232	6.0355	25.803	48.142	78.680	1502.5	-0.13696	0.00016144	0.51885	0.025878	3.6932	0.27077	25.287	27.410	103.52	33.137	46.409	401.20	36.335	9.1274e-06	0.023875
276.13	0.47928	634.56	0.0015759	6.1094	6.1223	26.116	48.097	78.784	1494.9	-0.13493	0.00015952	0.51666	0.025620	3.8374	0.26060	25.302	27.429	103.28	33.290	46.702	401.47	35.713	9.1612e-06	0.024038
277.20	0.49821	633.09	0.0015796	6.1931	6.2065	26.419	48.054	78.888	1487.5	-0.13291	0.00015769	0.51452	0.025371	3.9814	0.25117	25.317	27.448	103.05	33.439	46.991	401.73	35.125	9.1942e-06	0.024197
278.23	0.51713	631.66	0.0015831	6.2744	6.2884	26.712	48.013	78.990	1480.2	-0.13092	0.00015594	0.51243	0.025128	4.1252	0.24241	25.330	27.465	102.82	33.585	47.274	401.96	34.567	9.2262e-06	0.024354
279.24	0.53606	630.26	0.0015866	6.3536	6.3681	26.996	47.974	79.091	1473.2	-0.12895	0.00015427	0.51038	0.024893	4.2690	0.23425	25.344	27.482	102.61	33.728	47.554	402.18	34.037	9.2574e-06	0.024508
280.22	0.55499	628.90	0.0015901	6.4307	6.4457	27.272	47.936	79.191	1466.3	-0.12700	0.00015268	0.50838	0.024665	4.4126	0.22662	25.356	27.498	102.40	33.867	47.830	402.39	33.533	9.2877e-06	0.024660
281.17	0.57392	627.56	0.0015935	6.5058	6.5214	27.540	47.900	79.290	1459.5	-0.12506	0.00015115	0.50643	0.024442	4.5561	0.21949	25.369	27.514	102.20	34.004	48.102	402.58	33.053	9.3173e-06	0.024809
282.10	0.59285	626.26	0.0015968	6.5792	6.5953	27.800	47.865	79.388	1453.0	-0.12315	0.00014968	0.50451	0.024225	4.6996	0.21279	25.380	27.529	102.01	34.137	48.370	402.76	32.594	9.3463e-06	0.024956
283.01	0.61178	624.99	0.0016000	6.6508	6.6675	28.054	47.832	79.486	1446.6	-0.12124	0.00014827	0.50262	0.024014	4.8429	0.20649	25.392	27.543	101.82	34.269	48.636	402.92	32.155	9.3745e-06	0.025100
283.89	0.63071	623.73	0.0016032	6.7208	6.7381	28.301	47.799	79.583	1440.3	-0.11936	0.00014691	0.50078	0.023808	4.9863	0.20055	25.403	27.557	101.63	34.397	48.898	403.07	31.735	9.4022e-06	0.025243
284.76	0.64964	622.51	0.0016064	6.7893	6.8071	28.542	47.769	79.680	1434.1	-0.11748	0.00014560	0.49897	0.023606	5.1295	0.19495	25.413	27.570	101.46	34.523	49.158	403.22	31.333	9.4292e-06	0.025384
285.60	0.66857	621.31	0.0016095	6.8563	6.8747	28.777	47.739	79.776	1428.1	-0.11562	0.00014433	0.49719	0.023410	5.2727	0.18966	25.423	27.582	101.28	34.647	49.414	403.35	30.946	9.4557e-06	0.025523
286.43	0.68750	620.13	0.0016126	6.9220	6.9409	29.007	47.710	79.871	1422.2	-0.11377	0.00014311	0.49544	0.023218	5.4159	0.18464	25.433	27.595	101.11	34.769	49.669	403.47	30.575	9.4817e-06	0.025661
287.24	0.70642	618.97	0.0016156	6.9863	7.0057	29.231	47.682	79.966	1416.3	-0.11193	0.00014193	0.49372	0.023030	5.5591	0.17989	25.442	27.606	100.95	34.888	49.920	403.58	30.218	9.5071e-06	0.025796
288.03	0.72535	617.83	0.0016186	7.0494	7.0694	29.450	47.655	80.060	1410.6	-0.11010	0.00014079	0.49203	0.022845	5.7022	0.17537	25.451	27.617	100.79	35.006	50.170	403.69	29.874	9.5321e-06	0.025931
288.81	0.74428	616.71	0.0016215	7.1113	7.1318	29.665	47.630	80.154	1405.1	-0.10829	0.00013968	0.49037	0.022665	5.8453	0.17108	25.460	27.628	100.63	35.121	50.417	403.79	29.543	9.5566e-06	0.026063
289.57	0.76321	615.61	0.0016244	7.1720	7.1931	29.875	47.605	80.248	1399.6	-0.10648	0.00013861	0.48874	0.022489	5.9884	0.16699	25.468	27.639	100.48	35.235	50.662	403.87	29.223	9.5807e-06	0.026195
290.32	0.78214	614.52	0.0016273	7.2316	7.2533	30.081	47.580	80.341	1394.1	-0.10468	0.00013756	0.48713	0.022316	6.1315	0.16309	25.476	27.649	100.33	35.347	50.905	403.96	28.914	9.6044e-06	0.026325
291.05	0.80107	613.45	0.0016301	7.2903	7.3125	30.283	47.557	80.434	1388.8	-0.10289	0.00013655	0.48554	0.022146	6.2747	0.15937	25.484	27.658	100.19	35.458	51.147	404.03	28.616	9.6277e-06	0.026454
291.78	0.82000	612.40	0.0016329	7.3479	7.3707	30.481	47.534	80.526	1383.6	-0.10110	0.00013557	0.48398	0.021979	6.4178	0.15582	25.492	27.668	100.04	35.567	51.386	404.10	28.328	9.6506e-06	0.026581
292.48	0.83893	611.37	0.0016357	7.4045	7.4279	30.675	47.512	80.619	1378.4	-0.099325	0.00013461	0.48245	0.021816	6.5609	0.15242	25.499	27.677	99.906	35.674	51.624	404.16	28.048	9.6731e-06	0.026707
293.18	0.85786	610.34	0.0016384	7.4603	7.4842	30.865	47.491	80.710	1373.4	-0.097555	0.00013368	0.48093	0.021655	6.7041	0.14916	25.506	27.685	99.769	35.780	51.860	404.21	27.778	9.6953e-06	0.026833
293.86	0.87678	609.34	0.0016411	7.5151	7.5396	31.052	47.471	80.802	1368.4	-0.095791	0.00013277	0.47944	0.021498	6.8473	0.14604	25.513	27.694	99.636	35.884	52.095	404.26	27.516	9.7172e-06	0.026957
294.54	0.89571	608.34	0.0016438	7.5691	7.5942	31.236	47.451	80.894	1363.5	-0.094033	0.00013189	0.47796	0.021343	6.9906	0.14305	25.520	27.702	99.505	35.987	52.328	404.31	27.262	9.7387e-06	0.027080
295.20	0.91464	607.36	0.0016465	7.6223	7.6479	31.416	47.431	80.985	1358.6	-0.092281	0.00013103	0.47651	0.021190	7.1338	0.14018	25.526	27.710	99.376	36.088	52.560	404.35	27.015	9.7599e-06	0.027202
295.85	0.93357	606.39	0.0016491	7.6747	7.7009	31.594	47.412	81.076	1353.8	-0.090534	0.00013019	0.47508	0.021040	7.2771	0.13742	25.532	27.717	99.250	36.189	52.790	404.38	26.775	9.7809e-06	0.027323
296.49	0.95250	605.44	0.0016517	7.7263	7.7531	31.768	47.394	81.167	1349.1	-0.088792	0.00012937	0.47367	0.020893	7.4205	0.13476	25.538	27.724	99.127	36.288	53.019	404.41	26.542	9.8015e-06	0.027443
297.13	0.97143	604.49	0.0016543	7.7772	7.8046	31.940	47.376	81.257	1344.5	-0.087054	0.00012857	0.47227	0.020748	7.5639	0.13221	25.544	27.732	99.006	36.386	53.247	404.43	26.316	9.8219e-06	0.027562
297.75	0.99036	603.56	0.0016568	7.8274	7.8554	32.109	47.359	81.348	1339.9	-0.085321	0.00012778	0.47089	0.020605	7.7074	0.12975	25.550	27.738	98.886	36.482	53.474	404.45	26.096	9.8420e-06	0.027681
298.36	1.0093	602.64	0.0016594	7.8770	7.9055	32.275	47.343	81.438	1335.3	-0.083592	0.00012702	0.46953	0.020465	7.8509	0.12737	25.555	27.745	98.769	36.578	53.700	404.47	25.881	9.8619e-06	0.027798
298.97	1.0282	601.73	0.0016619	7.9258	7.9549	32.439	47.326	81.528	1330.9	-0.081867	0.00012627	0.46819	0.020326	7.9945	0.12509	25.561	27.751	98.654	36.673	53.925	404.48	25.673	9.8815e-06	0.027915
299.56	1.0471	600.83	0.0016644	7.9740	8.0037	32.600	47.311	81.618	1326.4	-0.080145	0.00012553	0.46686	0.020190	8.1382	0.12288	25.566	27.757	98.541	36.766	54.148	404.48	25.469	9.9009e-06	0.028031
300.15	1.0661	599.94	0.0016668	8.0216	8.0519	32.759	47.295	81.708	1322.1	-0.078427	0.00012482	0.46555	0.020055	8.2819	0.12075	25.571	27.763	98.430	36.859	54.371	404.49	25.271	9.9200e-06	0.028146
300.73	1.0850	599.06	0.0016693	8.0686	8.0995	32.916	47.280	81.798	1317.8	-0.076711	0.00012411	0.46425	0.019923	8.4257	0.11868	25.576	27.769	98.320	36.950	54.593	404.49	25.078	9.9390e-06	0.028261
301.31	1.1039	598.18	0.0016717	8.1151	8.1465	33.070	47.266	81.888	1313.5	-0.074999	0.00012342	0.46297	0.019792	8.5695	0.11669	25.580	27.774	98.212	37.041	54.814	404.48	24.889	9.9577e-06	0.028375
301.87	1.1229	597.32	0.0016741	8.1609	8.1930	33.222	47.252	81.978	1309.3	-0.073289	0.00012275	0.46170	0.019663	8.7135	0.11476	25.585	27.780	98.106	37.130	55.034	404.47	24.705	9.9762e-06	0.028488
302.43	1.1418	596.47	0.0016765	8.2063	8.2389	33.373	47.238	82.067	1305.1	-0.071581	0.00012209	0.46045	0.019536	8.8575	0.11290	25.589	27.785	98.001	37.219	55.253	404.46	24.525	9.9945e-06	0.028600
302.98	1.1607	595.62	0.0016789	8.2510	8.2842	33.521	47.224	82.157	1301.0	-0.069876	0.00012144	0.45921	0.019411	9.0017	0.11109	25.594	27.790	97.898	37.307	55.472	404.45	24.349	1.0013e-05	0.028712
303.53	1.1796	594.79	0.0016813	8.2953	8.3291	33.667	47.211	82.246	1296.9	-0.068173	0.00012080	0.45798	0.019287	9.1459	0.10934	25.598	27.794	97.797	37.394	55.690	404.43	24.178	1.0031e-05	0.028823
304.06	1.1986	593.96	0.0016836	8.3391	8.3735	33.811	47.199	82.336	1292.9	-0.066471	0.00012018	0.45677	0.019165	9.2902	0.10764	25.602	27.799	97.697	37.480	55.907	404.41	24.010	1.0048e-05	0.028934
304.60	1.2175	593.13	0.0016860	8.3824	8.4174	33.953	47.186	82.425	1288.9	-0.064771	0.00011956	0.45557	0.019045	9.4346	0.10599	25.605	27.803	97.598	37.565	56.124	404.39	23.846	1.0066e-05	0.029044
305.12	1.2364	592.32	0.0016883	8.4252	8.4608	34.094	47.174	82.514	1285.0	-0.063073	0.00011896	0.45439	0.018926	9.5790	0.10439	25.609	27.807	97.501	37.650	56.340	404.36	23.686	1.0083e-05	0.029154
305.64	1.2554	591.51	0.0016906	8.4676	8.5037	34.233	47.162	82.604	1281.1	-0.061376	0.00011837	0.45321	0.018808	9.7236	0.10284	25.613	27.812	97.405	37.734	56.555	404.33	23.528	1.0101e-05	0.029263
306.15	1.2743	590.71	0.0016929	8.5095	8.5462	34.370	47.151	82.693	1277.2	-0.059680	0.00011778	0.45205	0.018692	9.8683	0.10133	25.616	27.815	97.310	37.817	56.770	404.30	23.375	1.0118e-05	0.029371
306.66	1.2932	589.92	0.0016951	8.5510	8.5883	34.506	47.140	82.782	1273.4	-0.057986	0.00011721	0.45090	0.018577	10.013	0.099869	25.620	27.819	97.216	37.899	56.984	404.27	23.224	1.0135e-05	0.029479
307.16	1.3121	589.14	0.0016974	8.5921	8.6300	34.640	47.129	82.872	1269.6	-0.056292	0.00011665	0.44976	0.018464	10.158	0.098444	25.623	27.823	97.124	37.981	57.198	404.23	23.077	1.0151e-05	0.029587
307.66	1.3311	588.36	0.0016996	8.6327	8.6712	34.772	47.118	82.961	1265.8	-0.054598	0.00011609	0.44863	0.018352	10.303	0.097059	25.626	27.826	97.033	38.062	57.411	404.19	22.932	1.0168e-05	0.029694
308.15	1.3500	587.59	0.0017019	8.6730	8.7121	34.903	47.108	83.050	1262.1	-0.052906	0.00011555	0.44751	0.018241	10.448	0.095711	25.629	27.830	96.943	38.142	57.624	404.15	22.790	1.0185e-05	0.029800
308.64	1.3689	586.82	0.0017041	8.7128	8.7525	35.032	47.098	83.140	1258.4	-0.051214	0.00011501	0.44640	0.018132	10.593	0.094399	25.632	27.833	96.854	38.222	57.837	404.10	22.651	1.0201e-05	0.029906
309.12	1.3879	586.06	0.0017063	8.7523	8.7926	35.160	47.088	83.229	1254.7	-0.049522	0.00011448	0.44531	0.018024	10.739	0.093121	25.635	27.836	96.766	38.301	58.049	404.06	22.515	1.0217e-05	0.030012
309.59	1.4068	585.31	0.0017085	8.7914	8.8323	35.287	47.079	83.318	1251.1	-0.047831	0.00011396	0.44422	0.017917	10.884	0.091876	25.638	27.839	96.679	38.380	58.261	404.01	22.382	1.0233e-05	0.030117
310.06	1.4257	584.56	0.0017107	8.8301	8.8717	35.412	47.069	83.408	1247.5	-0.046139	0.00011345	0.44314	0.017811	11.030	0.090664	25.640	27.842	96.594	38.457	58.472	403.96	22.250	1.0249e-05	0.030222
310.53	1.4447	583.81	0.0017129	8.8685	8.9107	35.536	47.060	83.497	1244.0	-0.044448	0.00011295	0.44208	0.017706	11.175	0.089482	25.643	27.845	96.509	38.535	58.683	403.91	22.122	1.0265e-05	0.030327
310.99	1.4636	583.08	0.0017150	8.9066	8.9493	35.659	47.051	83.587	1240.5	-0.042756	0.00011245	0.44102	0.017603	11.321	0.088329	25.646	27.847	96.425	38.611	58.894	403.85	21.995	1.0281e-05	0.030431
311.45	1.4825	582.35	0.0017172	8.9443	8.9876	35.780	47.043	83.676	1237.0	-0.041064	0.00011196	0.43997	0.017500	11.467	0.087205	25.648	27.850	96.342	38.688	59.105	403.80	21.871	1.0296e-05	0.030535
311.90	1.5014	581.62	0.0017193	8.9816	9.0256	35.900	47.034	83.766	1233.5	-0.039372	0.00011148	0.43893	0.017399	11.613	0.086108	25.650	27.852	96.260	38.763	59.315	403.74	21.749	1.0312e-05	0.030638
312.35	1.5204	580.90	0.0017215	9.0187	9.0632	36.019	47.026	83.855	1230.1	-0.037679	0.00011100	0.43791	0.017299	11.760	0.085037	25.652	27.854	96.179	38.838	59.525	403.68	21.630	1.0327e-05	0.030741
312.80	1.5393	580.18	0.0017236	9.0554	9.1006	36.137	47.018	83.945	1226.6	-0.035986	0.00011053	0.43688	0.017199	11.906	0.083992	25.655	27.856	96.099	38.913	59.735	403.62	21.512	1.0343e-05	0.030844
313.24	1.5582	579.47	0.0017257	9.0918	9.1376	36.253	47.010	84.035	1223.3	-0.034292	0.00011007	0.43587	0.017101	12.052	0.082971	25.657	27.858	96.019	38.987	59.944	403.55	21.396	1.0358e-05	0.030946
313.67	1.5772	578.77	0.0017278	9.1279	9.1744	36.369	47.003	84.125	1219.9	-0.032598	0.00010961	0.43487	0.017004	12.199	0.081974	25.659	27.860	95.941	39.061	60.154	403.49	21.283	1.0373e-05	0.031048
314.10	1.5961	578.06	0.0017299	9.1638	9.2108	36.483	46.995	84.215	1216.6	-0.030902	0.00010916	0.43387	0.016907	12.346	0.081000	25.661	27.862	95.863	39.134	60.363	403.42	21.171	1.0388e-05	0.031150
314.53	1.6150	577.37	0.0017320	9.1993	9.2469	36.596	46.988	84.305	1213.3	-0.029206	0.00010872	0.43289	0.016812	12.493	0.080047	25.662	27.864	95.786	39.206	60.572	403.35	21.061	1.0403e-05	0.031251
314.96	1.6339	576.68	0.0017341	9.2345	9.2828	36.708	46.981	84.395	1210.0	-0.027508	0.00010828	0.43191	0.016717	12.640	0.079116	25.664	27.866	95.709	39.278	60.781	403.28	20.953	1.0417e-05	0.031352
315.38	1.6529	575.99	0.0017361	9.2695	9.3184	36.819	46.974	84.485	1206.7	-0.025810	0.00010785	0.43094	0.016624	12.787	0.078205	25.666	27.867	95.634	39.350	60.990	403.21	20.846	1.0432e-05	0.031453
315.80	1.6718	575.30	0.0017382	9.3042	9.3537	36.929	46.967	84.576	1203.5	-0.024110	0.00010742	0.42998	0.016531	12.934	0.077315	25.667	27.869	95.559	39.421	61.199	403.14	20.741	1.0447e-05	0.031554
316.21	1.6907	574.62	0.0017403	9.3387	9.3888	37.039	46.961	84.666	1200.3	-0.022409	0.00010700	0.42902	0.016439	13.082	0.076443	25.669	27.870	95.485	39.492	61.408	403.06	20.638	1.0461e-05	0.031654
316.62	1.7097	573.95	0.0017423	9.3728	9.4236	37.147	46.954	84.757	1197.1	-0.020706	0.00010658	0.42807	0.016348	13.229	0.075590	25.670	27.871	95.411	39.563	61.616	402.99	20.537	1.0476e-05	0.031754
317.03	1.7286	573.28	0.0017444	9.4067	9.4581	37.254	46.948	84.847	1194.0	-0.019002	0.00010617	0.42713	0.016258	13.377	0.074755	25.672	27.872	95.339	39.633	61.825	402.91	20.437	1.0490e-05	0.031854
317.43	1.7475	572.61	0.0017464	9.4404	9.4924	37.360	46.942	84.938	1190.8	-0.017297	0.00010576	0.42620	0.016169	13.525	0.073938	25.673	27.874	95.267	39.702	62.033	402.83	20.338	1.0504e-05	0.031954
317.83	1.7664	571.95	0.0017484	9.4738	9.5264	37.466	46.936	85.029	1187.7	-0.015590	0.00010536	0.42527	0.016080	13.673	0.073137	25.674	27.875	95.195	39.771	62.242	402.75	20.241	1.0518e-05	0.032053
318.23	1.7854	571.29	0.0017504	9.5070	9.5602	37.570	46.930	85.120	1184.6	-0.013881	0.00010496	0.42435	0.015993	13.821	0.072353	25.676	27.875	95.124	39.840	62.450	402.67	20.146	1.0532e-05	0.032152
318.62	1.8043	570.63	0.0017524	9.5399	9.5938	37.674	46.925	85.211	1181.6	-0.012170	0.00010457	0.42344	0.015906	13.970	0.071584	25.677	27.876	95.054	39.908	62.659	402.58	20.052	1.0547e-05	0.032251
319.01	1.8232	569.98	0.0017544	9.5726	9.6271	37.777	46.919	85.302	1178.5	-0.010458	0.00010418	0.42253	0.015819	14.118	0.070831	25.678	27.877	94.984	39.976	62.868	402.50	19.959	1.0560e-05	0.032350
319.40	1.8422	569.33	0.0017564	9.6051	9.6602	37.879	46.914	85.394	1175.5	-0.0087436	0.00010379	0.42164	0.015734	14.267	0.070093	25.679	27.878	94.915	40.044	63.076	402.41	19.867	1.0574e-05	0.032449
319.78	1.8611	568.69	0.0017584	9.6374	9.6931	37.980	46.909	85.485	1172.5	-0.0070273	0.00010341	0.42074	0.015649	14.416	0.069370	25.680	27.878	94.847	40.111	63.285	402.33	19.777	1.0588e-05	0.032547
320.17	1.8800	568.05	0.0017604	9.6694	9.7258	38.080	46.904	85.577	1169.5	-0.0053089	0.00010304	0.41986	0.015565	14.565	0.068660	25.681	27.879	94.779	40.178	63.493	402.24	19.688	1.0602e-05	0.032645
320.55	1.8989	567.41	0.0017624	9.7012	9.7582	38.180	46.899	85.669	1166.5	-0.0035885	0.00010267	0.41898	0.015482	14.714	0.067964	25.681	27.879	94.712	40.245	63.702	402.15	19.601	1.0616e-05	0.032743
320.92	1.9179	566.78	0.0017644	9.7329	9.7905	38.278	46.894	85.761	1163.5	-0.0018658	0.00010230	0.41810	0.015399	14.863	0.067281	25.682	27.880	94.645	40.311	63.911	402.06	19.514	1.0629e-05	0.032841
321.29	1.9368	566.15	0.0017663	9.7643	9.8225	38.376	46.889	85.853	1160.6	-0.00014087	0.00010194	0.41724	0.015317	15.013	0.066611	25.683	27.880	94.579	40.377	64.120	401.97	19.429	1.0643e-05	0.032938
321.67	1.9557	565.52	0.0017683	9.7954	9.8543	38.474	46.885	85.945	1157.7	0.0015864	0.00010158	0.41638	0.015236	15.162	0.065954	25.684	27.880	94.513	40.443	64.329	401.88	19.345	1.0656e-05	0.033036
322.03	1.9747	564.89	0.0017702	9.8264	9.8860	38.570	46.880	86.038	1154.8	0.0033160	0.00010122	0.41552	0.015156	15.312	0.065308	25.684	27.880	94.448	40.508	64.538	401.78	19.262	1.0670e-05	0.033133
322.40	1.9936	564.27	0.0017722	9.8572	9.9174	38.666	46.876	86.130	1151.9	0.0050481	0.00010087	0.41467	0.015076	15.462	0.064675	25.685	27.880	94.383	40.573	64.747	401.69	19.180	1.0683e-05	0.033230
322.76	2.0125	563.65	0.0017741	9.8878	9.9487	38.761	46.872	86.223	1149.0	0.0067827	0.00010052	0.41383	0.014996	15.612	0.064053	25.685	27.881	94.319	40.637	64.956	401.59	19.099	1.0696e-05	0.033327
323.12	2.0314	563.04	0.0017761	9.9183	9.9797	38.855	46.868	86.316	1146.2	0.0085198	0.00010017	0.41299	0.014918	15.763	0.063442	25.686	27.880	94.255	40.702	65.166	401.49	19.019	1.0709e-05	0.033424
323.48	2.0504	562.42	0.0017780	9.9485	10.011	38.949	46.864	86.409	1143.4	0.010260	9.9833e-05	0.41216	0.014840	15.913	0.062842	25.686	27.880	94.192	40.766	65.376	401.40	18.941	1.0723e-05	0.033521
323.83	2.0693	561.82	0.0017799	9.9785	10.041	39.042	46.860	86.503	1140.6	0.012002	9.9495e-05	0.41133	0.014762	16.064	0.062252	25.686	27.880	94.129	40.830	65.585	401.30	18.863	1.0736e-05	0.033617
324.19	2.0882	561.21	0.0017819	10.008	10.072	39.134	46.856	86.596	1137.8	0.013747	9.9160e-05	0.41051	0.014685	16.215	0.061673	25.687	27.880	94.066	40.893	65.795	401.20	18.786	1.0749e-05	0.033713
324.54	2.1072	560.60	0.0017838	10.038	10.102	39.226	46.853	86.690	1135.0	0.015496	9.8828e-05	0.40969	0.014609	16.366	0.061104	25.687	27.880	94.004	40.956	66.006	401.10	18.710	1.0762e-05	0.033810
324.88	2.1261	560.00	0.0017857	10.068	10.132	39.317	46.849	86.784	1132.2	0.017246	9.8499e-05	0.40888	0.014533	16.517	0.060544	25.687	27.879	93.943	41.019	66.216	400.99	18.635	1.0775e-05	0.033906
325.23	2.1450	559.41	0.0017876	10.097	10.162	39.408	46.846	86.878	1129.5	0.019000	9.8174e-05	0.40807	0.014458	16.668	0.059994	25.687	27.879	93.882	41.082	66.427	400.89	18.561	1.0788e-05	0.034002
325.57	2.1640	558.81	0.0017895	10.126	10.192	39.498	46.843	86.972	1126.7	0.020757	9.7851e-05	0.40727	0.014383	16.820	0.059454	25.687	27.878	93.821	41.144	66.637	400.79	18.488	1.0801e-05	0.034098
325.91	2.1829	558.22	0.0017914	10.155	10.222	39.587	46.839	87.066	1124.0	0.022517	9.7532e-05	0.40648	0.014309	16.972	0.058922	25.687	27.878	93.761	41.206	66.848	400.68	18.416	1.0813e-05	0.034194
326.25	2.2018	557.63	0.0017933	10.184	10.251	39.675	46.836	87.161	1121.3	0.024280	9.7216e-05	0.40569	0.014236	17.123	0.058399	25.687	27.877	93.701	41.268	67.060	400.58	18.344	1.0826e-05	0.034290
326.59	2.2207	557.04	0.0017952	10.213	10.280	39.764	46.833	87.256	1118.6	0.026046	9.6902e-05	0.40490	0.014163	17.276	0.057885	25.687	27.877	93.642	41.329	67.271	400.47	18.274	1.0839e-05	0.034385
326.92	2.2397	556.45	0.0017971	10.241	10.310	39.851	46.830	87.351	1115.9	0.027816	9.6591e-05	0.40412	0.014090	17.428	0.057379	25.687	27.876	93.583	41.391	67.483	400.37	18.204	1.0852e-05	0.034481
327.26	2.2586	555.87	0.0017990	10.269	10.339	39.938	46.828	87.446	1113.3	0.029589	9.6283e-05	0.40335	0.014019	17.580	0.056881	25.687	27.875	93.524	41.452	67.695	400.26	18.135	1.0864e-05	0.034576
327.59	2.2775	555.29	0.0018009	10.298	10.367	40.024	46.825	87.542	1110.6	0.031365	9.5978e-05	0.40257	0.013947	17.733	0.056392	25.687	27.874	93.466	41.512	67.907	400.15	18.067	1.0877e-05	0.034672
327.92	2.2965	554.71	0.0018027	10.326	10.396	40.110	46.822	87.637	1108.0	0.033144	9.5676e-05	0.40181	0.013876	17.886	0.055910	25.687	27.873	93.408	41.573	68.120	400.04	18.000	1.0890e-05	0.034767
328.24	2.3154	554.13	0.0018046	10.354	10.425	40.195	46.820	87.733	1105.4	0.034927	9.5376e-05	0.40104	0.013806	18.039	0.055435	25.686	27.872	93.350	41.633	68.333	399.93	17.933	1.0902e-05	0.034862
328.57	2.3343	553.56	0.0018065	10.381	10.453	40.280	46.818	87.830	1102.8	0.036713	9.5079e-05	0.40029	0.013736	18.192	0.054968	25.686	27.871	93.293	41.693	68.546	399.82	17.867	1.0915e-05	0.034958
328.89	2.3532	552.99	0.0018084	10.409	10.481	40.364	46.815	87.926	1100.2	0.038503	9.4784e-05	0.39953	0.013666	18.346	0.054508	25.686	27.870	93.236	41.753	68.760	399.71	17.802	1.0927e-05	0.035053
329.21	2.3722	552.42	0.0018102	10.436	10.510	40.448	46.813	88.023	1097.6	0.040296	9.4492e-05	0.39879	0.013597	18.499	0.054056	25.685	27.869	93.179	41.813	68.973	399.59	17.738	1.0939e-05	0.035148
329.53	2.3911	551.85	0.0018121	10.464	10.538	40.531	46.811	88.119	1095.0	0.042093	9.4202e-05	0.39804	0.013529	18.653	0.053610	25.685	27.868	93.123	41.872	69.188	399.48	17.674	1.0952e-05	0.035243
329.84	2.4100	551.29	0.0018139	10.491	10.565	40.614	46.809	88.216	1092.5	0.043894	9.3914e-05	0.39730	0.013461	18.807	0.053171	25.685	27.867	93.067	41.931	69.402	399.36	17.611	1.0964e-05	0.035338
330.16	2.4290	550.73	0.0018158	10.518	10.593	40.696	46.807	88.314	1089.9	0.045699	9.3629e-05	0.39657	0.013393	18.962	0.052738	25.684	27.866	93.012	41.990	69.617	399.25	17.549	1.0976e-05	0.035433
330.47	2.4479	550.16	0.0018176	10.545	10.621	40.778	46.805	88.411	1087.4	0.047507	9.3347e-05	0.39583	0.013326	19.116	0.052312	25.683	27.864	92.957	42.049	69.832	399.13	17.487	1.0989e-05	0.035528
330.78	2.4668	549.61	0.0018195	10.572	10.648	40.859	46.803	88.509	1084.9	0.049319	9.3066e-05	0.39511	0.013260	19.271	0.051892	25.683	27.863	92.902	42.108	70.048	399.02	17.426	1.1001e-05	0.035623
331.09	2.4857	549.05	0.0018213	10.598	10.675	40.940	46.802	88.607	1082.4	0.051135	9.2788e-05	0.39438	0.013193	19.426	0.051479	25.682	27.862	92.847	42.166	70.263	398.90	17.365	1.1013e-05	0.035717
331.40	2.5047	548.50	0.0018232	10.625	10.703	41.020	46.800	88.706	1079.9	0.052955	9.2512e-05	0.39366	0.013127	19.581	0.051071	25.682	27.860	92.793	42.224	70.480	398.78	17.306	1.1025e-05	0.035812
331.71	2.5236	547.94	0.0018250	10.651	10.730	41.100	46.798	88.804	1077.4	0.054779	9.2239e-05	0.39295	0.013062	19.736	0.050669	25.681	27.859	92.739	42.282	70.696	398.66	17.246	1.1037e-05	0.035907
332.01	2.5425	547.39	0.0018268	10.677	10.756	41.179	46.797	88.903	1074.9	0.056607	9.1967e-05	0.39224	0.012997	19.891	0.050273	25.680	27.857	92.685	42.340	70.913	398.54	17.188	1.1049e-05	0.036002
332.31	2.5615	546.84	0.0018287	10.704	10.783	41.258	46.796	89.002	1072.4	0.058439	9.1697e-05	0.39153	0.012933	20.047	0.049883	25.679	27.855	92.632	42.397	71.131	398.42	17.130	1.1061e-05	0.036096
332.61	2.5804	546.30	0.0018305	10.730	10.810	41.336	46.794	89.101	1070.0	0.060275	9.1430e-05	0.39082	0.012868	20.203	0.049498	25.679	27.854	92.579	42.455	71.349	398.30	17.072	1.1074e-05	0.036191
332.91	2.5993	545.75	0.0018323	10.755	10.837	41.414	46.793	89.201	1067.5	0.062116	9.1165e-05	0.39013	0.012805	20.359	0.049118	25.678	27.852	92.526	42.512	71.567	398.18	17.015	1.1086e-05	0.036286
333.21	2.6182	545.21	0.0018342	10.781	10.863	41.492	46.792	89.301	1065.1	0.063960	9.0901e-05	0.38943	0.012741	20.515	0.048744	25.677	27.850	92.473	42.569	71.786	398.06	16.959	1.1098e-05	0.036380
333.50	2.6372	544.67	0.0018360	10.807	10.889	41.569	46.791	89.401	1062.7	0.065809	9.0640e-05	0.38874	0.012678	20.672	0.048375	25.676	27.849	92.421	42.625	72.005	397.94	16.903	1.1109e-05	0.036475
333.80	2.6561	544.13	0.0018378	10.832	10.916	41.646	46.790	89.502	1060.3	0.067663	9.0380e-05	0.38805	0.012616	20.829	0.048011	25.675	27.847	92.369	42.682	72.225	397.82	16.848	1.1121e-05	0.036570
334.09	2.6750	543.59	0.0018396	10.858	10.942	41.722	46.789	89.602	1057.9	0.069520	9.0123e-05	0.38736	0.012554	20.985	0.047652	25.674	27.845	92.317	42.738	72.445	397.69	16.794	1.1133e-05	0.036665
334.38	2.6940	543.05	0.0018414	10.883	10.968	41.798	46.788	89.704	1055.5	0.071382	8.9867e-05	0.38668	0.012492	21.143	0.047298	25.673	27.843	92.266	42.795	72.665	397.57	16.739	1.1145e-05	0.036759
334.67	2.7129	542.52	0.0018433	10.908	10.993	41.874	46.787	89.805	1053.1	0.073249	8.9613e-05	0.38600	0.012430	21.300	0.046948	25.672	27.841	92.215	42.851	72.886	397.44	16.686	1.1157e-05	0.036854
334.96	2.7318	541.99	0.0018451	10.933	11.019	41.949	46.787	89.906	1050.8	0.075120	8.9361e-05	0.38533	0.012369	21.458	0.046604	25.671	27.839	92.164	42.907	73.107	397.32	16.633	1.1169e-05	0.036949
335.25	2.7507	541.46	0.0018469	10.958	11.045	42.024	46.786	90.008	1048.4	0.076996	8.9111e-05	0.38466	0.012309	21.615	0.046263	25.670	27.837	92.113	42.962	73.329	397.19	16.580	1.1181e-05	0.037043
335.53	2.7697	540.93	0.0018487	10.983	11.070	42.098	46.786	90.111	1046.1	0.078876	8.8862e-05	0.38399	0.012248	21.773	0.045928	25.669	27.835	92.062	43.018	73.552	397.06	16.528	1.1192e-05	0.037138
335.82	2.7886	540.40	0.0018505	11.008	11.096	42.172	46.785	90.213	1043.7	0.080761	8.8616e-05	0.38332	0.012188	21.932	0.045596	25.667	27.833	92.012	43.073	73.775	396.94	16.476	1.1204e-05	0.037233
336.10	2.8075	539.87	0.0018523	11.033	11.121	42.246	46.785	90.316	1041.4	0.082651	8.8371e-05	0.38266	0.012129	22.090	0.045269	25.666	27.831	91.962	43.129	73.998	396.81	16.425	1.1216e-05	0.037328
336.38	2.8265	539.35	0.0018541	11.057	11.146	42.319	46.784	90.419	1039.1	0.084545	8.8127e-05	0.38201	0.012070	22.249	0.044946	25.665	27.829	91.912	43.184	74.222	396.68	16.374	1.1228e-05	0.037422
336.66	2.8454	538.82	0.0018559	11.082	11.172	42.392	46.784	90.523	1036.8	0.086445	8.7886e-05	0.38135	0.012011	22.408	0.044627	25.664	27.826	91.863	43.239	74.446	396.55	16.324	1.1239e-05	0.037517
336.94	2.8643	538.30	0.0018577	11.106	11.197	42.465	46.784	90.626	1034.4	0.088349	8.7646e-05	0.38070	0.011952	22.567	0.044313	25.662	27.824	91.814	43.294	74.671	396.42	16.274	1.1251e-05	0.037612
337.21	2.8832	537.78	0.0018595	11.130	11.222	42.537	46.784	90.730	1032.2	0.090258	8.7408e-05	0.38005	0.011894	22.726	0.044002	25.661	27.822	91.764	43.348	74.897	396.29	16.224	1.1263e-05	0.037707
337.49	2.9022	537.26	0.0018613	11.154	11.246	42.609	46.784	90.835	1029.9	0.092172	8.7171e-05	0.37941	0.011836	22.886	0.043695	25.660	27.819	91.716	43.403	75.123	396.16	16.175	1.1274e-05	0.037802
337.76	2.9211	536.75	0.0018631	11.178	11.271	42.680	46.784	90.940	1027.6	0.094091	8.6936e-05	0.37877	0.011778	23.046	0.043392	25.658	27.817	91.667	43.457	75.349	396.03	16.127	1.1286e-05	0.037897
338.03	2.9400	536.23	0.0018649	11.202	11.296	42.751	46.784	91.045	1025.3	0.096015	8.6702e-05	0.37813	0.011721	23.206	0.043093	25.657	27.815	91.618	43.511	75.577	395.90	16.079	1.1298e-05	0.037992
338.31	2.9590	535.72	0.0018667	11.226	11.320	42.822	46.784	91.150	1023.1	0.097944	8.6470e-05	0.37749	0.011664	23.366	0.042797	25.655	27.812	91.570	43.565	75.804	395.77	16.031	1.1309e-05	0.038087
338.58	2.9779	535.20	0.0018685	11.250	11.345	42.892	46.784	91.256	1020.8	0.099879	8.6239e-05	0.37686	0.011607	23.527	0.042505	25.654	27.810	91.522	43.619	76.033	395.63	15.984	1.1321e-05	0.038183
338.84	2.9968	534.69	0.0018702	11.274	11.369	42.963	46.784	91.362	1018.6	0.10182	8.6010e-05	0.37623	0.011551	23.687	0.042217	25.652	27.807	91.474	43.673	76.261	395.50	15.937	1.1332e-05	0.038278
339.11	3.0158	534.18	0.0018720	11.297	11.393	43.032	46.785	91.468	1016.4	0.10376	8.5783e-05	0.37560	0.011495	23.848	0.041931	25.651	27.804	91.427	43.726	76.491	395.37	15.890	1.1344e-05	0.038373
339.38	3.0347	533.67	0.0018738	11.321	11.418	43.102	46.785	91.575	1014.1	0.10571	8.5556e-05	0.37498	0.011439	24.010	0.041650	25.649	27.802	91.379	43.780	76.721	395.23	15.844	1.1355e-05	0.038468
339.64	3.0536	533.16	0.0018756	11.344	11.442	43.171	46.785	91.682	1011.9	0.10767	8.5332e-05	0.37436	0.011384	24.171	0.041372	25.648	27.799	91.332	43.833	76.951	395.10	15.798	1.1367e-05	0.038564
339.91	3.0725	532.66	0.0018774	11.367	11.466	43.240	46.786	91.790	1009.7	0.10963	8.5108e-05	0.37374	0.011329	24.333	0.041097	25.646	27.797	91.285	43.886	77.183	394.96	15.753	1.1378e-05	0.038659
340.17	3.0915	532.15	0.0018792	11.391	11.490	43.309	46.786	91.897	1007.5	0.11160	8.4886e-05	0.37313	0.011274	24.495	0.040825	25.644	27.794	91.238	43.939	77.415	394.83	15.708	1.1390e-05	0.038755
340.43	3.1104	531.65	0.0018809	11.414	11.513	43.377	46.787	92.006	1005.3	0.11357	8.4666e-05	0.37251	0.011220	24.657	0.040556	25.643	27.791	91.192	43.992	77.647	394.69	15.663	1.1401e-05	0.038850
340.69	3.1293	531.15	0.0018827	11.437	11.537	43.445	46.788	92.114	1003.1	0.11554	8.4447e-05	0.37191	0.011166	24.819	0.040291	25.641	27.788	91.145	44.045	77.880	394.56	15.619	1.1413e-05	0.038946
340.95	3.1483	530.64	0.0018845	11.460	11.561	43.512	46.789	92.223	1000.9	0.11753	8.4229e-05	0.37130	0.011112	24.982	0.040029	25.639	27.785	91.099	44.098	78.114	394.42	15.575	1.1424e-05	0.039042
341.21	3.1672	530.14	0.0018863	11.483	11.584	43.580	46.789	92.332	998.77	0.11952	8.4012e-05	0.37069	0.011058	25.145	0.039769	25.637	27.783	91.053	44.150	78.348	394.28	15.531	1.1436e-05	0.039138
341.46	3.1861	529.65	0.0018881	11.505	11.608	43.647	46.790	92.442	996.61	0.12151	8.3797e-05	0.37009	0.011005	25.308	0.039513	25.636	27.780	91.007	44.203	78.583	394.14	15.488	1.1447e-05	0.039234
341.72	3.2050	529.15	0.0018898	11.528	11.631	43.714	46.791	92.552	994.46	0.12351	8.3583e-05	0.36950	0.010952	25.472	0.039259	25.634	27.777	90.961	44.255	78.819	394.00	15.445	1.1458e-05	0.039330
341.97	3.2240	528.65	0.0018916	11.551	11.655	43.780	46.792	92.663	992.31	0.12552	8.3370e-05	0.36890	0.010899	25.635	0.039009	25.632	27.774	90.916	44.307	79.055	393.87	15.402	1.1470e-05	0.039426
342.23	3.2429	528.16	0.0018934	11.573	11.678	43.846	46.793	92.773	990.17	0.12753	8.3159e-05	0.36831	0.010846	25.799	0.038761	25.630	27.771	90.870	44.359	79.293	393.73	15.360	1.1481e-05	0.039522
342.48	3.2618	527.66	0.0018952	11.596	11.701	43.912	46.794	92.885	988.03	0.12954	8.2949e-05	0.36772	0.010794	25.964	0.038516	25.628	27.768	90.825	44.411	79.530	393.59	15.318	1.1492e-05	0.039619
342.73	3.2808	527.17	0.0018969	11.618	11.724	43.978	46.795	92.996	985.91	0.13157	8.2740e-05	0.36713	0.010742	26.128	0.038273	25.626	27.765	90.780	44.463	79.769	393.45	15.277	1.1504e-05	0.039715
342.98	3.2997	526.68	0.0018987	11.641	11.747	44.043	46.797	93.108	983.79	0.13360	8.2532e-05	0.36654	0.010690	26.293	0.038033	25.624	27.762	90.735	44.515	80.008	393.31	15.235	1.1515e-05	0.039812
343.23	3.3186	526.18	0.0019005	11.663	11.770	44.109	46.798	93.221	981.68	0.13563	8.2325e-05	0.36596	0.010639	26.458	0.037796	25.622	27.758	90.690	44.566	80.248	393.16	15.194	1.1527e-05	0.039908
343.48	3.3375	525.69	0.0019022	11.685	11.793	44.173	46.799	93.333	979.57	0.13767	8.2120e-05	0.36538	0.010588	26.623	0.037562	25.620	27.755	90.646	44.618	80.488	393.02	15.154	1.1538e-05	0.040005
343.73	3.3565	525.21	0.0019040	11.707	11.816	44.238	46.801	93.447	977.47	0.13972	8.1915e-05	0.36480	0.010537	26.788	0.037330	25.618	27.752	90.601	44.669	80.730	392.88	15.113	1.1549e-05	0.040102
343.97	3.3754	524.72	0.0019058	11.729	11.839	44.302	46.802	93.560	975.38	0.14178	8.1712e-05	0.36422	0.010486	26.954	0.037100	25.616	27.749	90.557	44.721	80.972	392.74	15.073	1.1560e-05	0.040199
344.22	3.3943	524.23	0.0019076	11.751	11.861	44.366	46.804	93.674	973.29	0.14384	8.1510e-05	0.36365	0.010436	27.120	0.036873	25.614	27.746	90.513	44.772	81.214	392.60	15.033	1.1572e-05	0.040296
344.46	3.4133	523.75	0.0019093	11.773	11.884	44.430	46.805	93.789	971.21	0.14590	8.1309e-05	0.36308	0.010386	27.286	0.036649	25.612	27.742	90.469	44.823	81.458	392.45	14.994	1.1583e-05	0.040394
344.70	3.4322	523.26	0.0019111	11.795	11.906	44.494	46.807	93.904	969.14	0.14797	8.1110e-05	0.36251	0.010336	27.453	0.036426	25.610	27.739	90.425	44.874	81.702	392.31	14.955	1.1594e-05	0.040491
344.94	3.4511	522.78	0.0019129	11.816	11.929	44.557	46.809	94.019	967.07	0.15005	8.0911e-05	0.36195	0.010286	27.619	0.036206	25.608	27.736	90.381	44.925	81.947	392.17	14.916	1.1606e-05	0.040588
345.18	3.4700	522.29	0.0019146	11.838	11.951	44.620	46.810	94.135	965.01	0.15214	8.0713e-05	0.36138	0.010237	27.786	0.035989	25.605	27.732	90.338	44.975	82.193	392.02	14.877	1.1617e-05	0.040686
345.42	3.4890	521.81	0.0019164	11.860	11.974	44.683	46.812	94.251	962.96	0.15423	8.0517e-05	0.36082	0.010188	27.954	0.035773	25.603	27.729	90.294	45.026	82.440	391.88	14.839	1.1628e-05	0.040784
345.66	3.5079	521.33	0.0019182	11.881	11.996	44.746	46.814	94.368	960.91	0.15633	8.0321e-05	0.36026	0.010139	28.121	0.035560	25.601	27.725	90.251	45.076	82.687	391.73	14.801	1.1639e-05	0.040882
345.90	3.5268	520.85	0.0019199	11.903	12.018	44.808	46.816	94.485	958.87	0.15843	8.0127e-05	0.35971	0.010090	28.289	0.035349	25.599	27.722	90.208	45.127	82.935	391.59	14.763	1.1651e-05	0.040980
346.14	3.5458	520.37	0.0019217	11.924	12.040	44.870	46.818	94.602	956.83	0.16054	7.9934e-05	0.35915	0.010042	28.457	0.035140	25.596	27.718	90.165	45.177	83.184	391.44	14.725	1.1662e-05	0.041078
346.37	3.5647	519.89	0.0019235	11.945	12.062	44.932	46.820	94.720	954.80	0.16266	7.9741e-05	0.35860	0.0099933	28.626	0.034934	25.594	27.715	90.122	45.227	83.434	391.29	14.688	1.1673e-05	0.041176
346.61	3.5836	519.42	0.0019252	11.967	12.084	44.994	46.822	94.839	952.78	0.16479	7.9550e-05	0.35805	0.0099453	28.794	0.034729	25.592	27.711	90.080	45.278	83.685	391.15	14.651	1.1685e-05	0.041275
346.84	3.6025	518.94	0.0019270	11.988	12.106	45.055	46.824	94.958	950.76	0.16692	7.9359e-05	0.35750	0.0098975	28.963	0.034526	25.589	27.708	90.037	45.328	83.936	391.00	14.614	1.1696e-05	0.041374
347.08	3.6215	518.47	0.0019288	12.009	12.128	45.116	46.826	95.077	948.75	0.16906	7.9170e-05	0.35696	0.0098500	29.133	0.034326	25.587	27.704	89.995	45.378	84.188	390.85	14.577	1.1707e-05	0.041472
347.31	3.6404	517.99	0.0019305	12.030	12.150	45.177	46.829	95.197	946.74	0.17120	7.8982e-05	0.35641	0.0098026	29.302	0.034127	25.585	27.700	89.952	45.427	84.441	390.70	14.541	1.1718e-05	0.041571
347.54	3.6593	517.52	0.0019323	12.051	12.171	45.238	46.831	95.317	944.74	0.17335	7.8794e-05	0.35587	0.0097555	29.472	0.033931	25.582	27.697	89.910	45.477	84.695	390.56	14.505	1.1729e-05	0.041670
347.77	3.6783	517.04	0.0019341	12.072	12.193	45.298	46.833	95.438	942.75	0.17551	7.8608e-05	0.35533	0.0097087	29.642	0.033736	25.580	27.693	89.868	45.527	84.950	390.41	14.469	1.1741e-05	0.041770
348.00	3.6972	516.57	0.0019358	12.093	12.215	45.359	46.836	95.559	940.76	0.17768	7.8422e-05	0.35479	0.0096620	29.812	0.033543	25.577	27.689	89.826	45.576	85.206	390.26	14.434	1.1752e-05	0.041869
348.23	3.7161	516.10	0.0019376	12.114	12.236	45.419	46.838	95.681	938.78	0.17985	7.8237e-05	0.35426	0.0096156	29.983	0.033353	25.575	27.686	89.784	45.626	85.463	390.11	14.398	1.1763e-05	0.041969
348.46	3.7350	515.63	0.0019394	12.134	12.258	45.479	46.841	95.803	936.80	0.18203	7.8054e-05	0.35373	0.0095693	30.154	0.033164	25.572	27.682	89.743	45.675	85.720	389.96	14.363	1.1774e-05	0.042069
348.68	3.7540	515.16	0.0019411	12.155	12.279	45.538	46.843	95.926	934.82	0.18422	7.7871e-05	0.35320	0.0095233	30.325	0.032976	25.570	27.678	89.701	45.725	85.978	389.81	14.328	1.1786e-05	0.042169
348.91	3.7729	514.69	0.0019429	12.176	12.301	45.598	46.846	96.049	932.86	0.18642	7.7689e-05	0.35267	0.0094775	30.496	0.032791	25.567	27.674	89.660	45.774	86.238	389.66	14.293	1.1797e-05	0.042269
349.13	3.7918	514.22	0.0019447	12.196	12.322	45.657	46.848	96.173	930.89	0.18862	7.7508e-05	0.35214	0.0094319	30.668	0.032607	25.565	27.670	89.618	45.823	86.498	389.51	14.259	1.1808e-05	0.042369
349.36	3.8108	513.76	0.0019464	12.217	12.343	45.716	46.851	96.297	928.94	0.19083	7.7328e-05	0.35161	0.0093866	30.840	0.032425	25.562	27.666	89.577	45.872	86.759	389.35	14.225	1.1819e-05	0.042470
349.58	3.8297	513.29	0.0019482	12.237	12.364	45.775	46.854	96.422	926.99	0.19305	7.7148e-05	0.35109	0.0093414	31.012	0.032245	25.559	27.662	89.536	45.921	87.021	389.20	14.191	1.1831e-05	0.042570
349.81	3.8486	512.82	0.0019500	12.258	12.385	45.834	46.857	96.547	925.04	0.19527	7.6970e-05	0.35057	0.0092964	31.185	0.032067	25.557	27.658	89.495	45.970	87.284	389.05	14.157	1.1842e-05	0.042671
350.03	3.8676	512.36	0.0019518	12.278	12.406	45.892	46.860	96.673	923.10	0.19750	7.6792e-05	0.35005	0.0092516	31.358	0.031890	25.554	27.654	89.454	46.019	87.548	388.90	14.123	1.1853e-05	0.042772
350.25	3.8865	511.89	0.0019535	12.298	12.428	45.950	46.863	96.800	921.16	0.19974	7.6616e-05	0.34953	0.0092070	31.531	0.031715	25.551	27.650	89.413	46.067	87.813	388.75	14.090	1.1864e-05	0.042874
350.47	3.9054	511.43	0.0019553	12.318	12.448	46.008	46.866	96.927	919.23	0.20199	7.6440e-05	0.34902	0.0091627	31.705	0.031541	25.548	27.646	89.373	46.116	88.079	388.59	14.057	1.1875e-05	0.042975
350.69	3.9243	510.97	0.0019571	12.339	12.469	46.066	46.869	97.054	917.30	0.20424	7.6265e-05	0.34851	0.0091185	31.878	0.031369	25.546	27.642	89.332	46.165	88.346	388.44	14.024	1.1887e-05	0.043077
350.91	3.9433	510.51	0.0019588	12.359	12.490	46.124	46.872	97.182	915.38	0.20651	7.6090e-05	0.34799	0.0090745	32.053	0.031199	25.543	27.638	89.292	46.213	88.614	388.29	13.991	1.1898e-05	0.043179
351.13	3.9622	510.04	0.0019606	12.379	12.511	46.182	46.875	97.311	913.46	0.20878	7.5917e-05	0.34748	0.0090307	32.227	0.031030	25.540	27.634	89.251	46.261	88.882	388.13	13.958	1.1909e-05	0.043281
351.34	3.9811	509.58	0.0019624	12.399	12.532	46.239	46.878	97.440	911.55	0.21105	7.5744e-05	0.34698	0.0089871	32.402	0.030863	25.537	27.630	89.211	46.310	89.152	387.98	13.926	1.1920e-05	0.043383
351.56	4.0001	509.12	0.0019642	12.419	12.553	46.296	46.881	97.569	909.64	0.21334	7.5572e-05	0.34647	0.0089437	32.577	0.030697	25.535	27.626	89.171	46.358	89.423	387.82	13.894	1.1932e-05	0.043485
351.77	4.0190	508.66	0.0019659	12.439	12.573	46.353	46.885	97.700	907.74	0.21564	7.5401e-05	0.34597	0.0089005	32.752	0.030532	25.532	27.621	89.131	46.406	89.695	387.67	13.862	1.1943e-05	0.043588
351.99	4.0379	508.20	0.0019677	12.459	12.594	46.410	46.888	97.830	905.84	0.21794	7.5231e-05	0.34546	0.0088575	32.928	0.030370	25.529	27.617	89.091	46.454	89.968	387.51	13.830	1.1954e-05	0.043691
352.20	4.0568	507.75	0.0019695	12.478	12.614	46.466	46.891	97.962	903.95	0.22025	7.5061e-05	0.34496	0.0088147	33.104	0.030208	25.526	27.613	89.051	46.502	90.242	387.36	13.798	1.1965e-05	0.043794
352.42	4.0758	507.29	0.0019713	12.498	12.635	46.523	46.895	98.094	902.06	0.22257	7.4893e-05	0.34446	0.0087720	33.280	0.030048	25.523	27.609	89.011	46.550	90.517	387.20	13.767	1.1977e-05	0.043898
352.63	4.0947	506.83	0.0019730	12.518	12.655	46.579	46.898	98.226	900.18	0.22489	7.4725e-05	0.34397	0.0087295	33.456	0.029890	25.520	27.604	88.972	46.598	90.793	387.04	13.736	1.1988e-05	0.044001
352.84	4.1136	506.37	0.0019748	12.537	12.676	46.635	46.902	98.359	898.30	0.22723	7.4557e-05	0.34347	0.0086872	33.633	0.029732	25.517	27.600	88.932	46.646	91.070	386.89	13.705	1.1999e-05	0.044105
353.05	4.1326	505.92	0.0019766	12.557	12.696	46.691	46.905	98.493	896.42	0.22957	7.4391e-05	0.34298	0.0086451	33.810	0.029577	25.514	27.596	88.893	46.694	91.348	386.73	13.674	1.2010e-05	0.044209
353.26	4.1515	505.46	0.0019784	12.577	12.716	46.747	46.909	98.628	894.55	0.23192	7.4225e-05	0.34249	0.0086032	33.988	0.029422	25.511	27.591	88.853	46.741	91.628	386.57	13.643	1.2022e-05	0.044314
353.47	4.1704	505.01	0.0019802	12.596	12.737	46.802	46.913	98.763	892.68	0.23428	7.4060e-05	0.34200	0.0085615	34.166	0.029269	25.508	27.587	88.814	46.789	91.908	386.42	13.613	1.2033e-05	0.044418
353.68	4.1893	504.55	0.0019819	12.616	12.757	46.857	46.917	98.898	890.82	0.23665	7.3895e-05	0.34151	0.0085199	34.344	0.029117	25.505	27.582	88.775	46.837	92.190	386.26	13.582	1.2044e-05	0.044523
353.89	4.2083	504.10	0.0019837	12.635	12.777	46.913	46.920	99.034	888.96	0.23903	7.3732e-05	0.34102	0.0084785	34.522	0.028967	25.502	27.578	88.736	46.884	92.472	386.10	13.552	1.2055e-05	0.044628
354.10	4.2272	503.65	0.0019855	12.654	12.797	46.968	46.924	99.171	887.11	0.24142	7.3569e-05	0.34054	0.0084373	34.701	0.028817	25.499	27.573	88.697	46.931	92.756	385.94	13.522	1.2067e-05	0.044734
354.30	4.2461	503.20	0.0019873	12.674	12.817	47.023	46.928	99.309	885.26	0.24381	7.3406e-05	0.34005	0.0083962	34.880	0.028670	25.496	27.569	88.658	46.979	93.041	385.78	13.492	1.2078e-05	0.044839
354.51	4.2651	502.74	0.0019891	12.693	12.837	47.077	46.932	99.447	883.42	0.24621	7.3245e-05	0.33957	0.0083553	35.060	0.028523	25.493	27.564	88.619	47.026	93.327	385.62	13.462	1.2089e-05	0.044945
354.72	4.2840	502.29	0.0019909	12.712	12.857	47.132	46.936	99.585	881.57	0.24863	7.3084e-05	0.33909	0.0083146	35.239	0.028377	25.489	27.560	88.580	47.073	93.615	385.46	13.433	1.2101e-05	0.045051
354.92	4.3029	501.84	0.0019927	12.731	12.877	47.186	46.940	99.725	879.74	0.25105	7.2923e-05	0.33861	0.0082741	35.420	0.028233	25.486	27.555	88.541	47.120	93.903	385.30	13.404	1.2112e-05	0.045157
355.13	4.3218	501.39	0.0019945	12.750	12.897	47.241	46.944	99.865	877.90	0.25348	7.2764e-05	0.33813	0.0082337	35.600	0.028090	25.483	27.550	88.503	47.168	94.193	385.14	13.374	1.2123e-05	0.045264
355.33	4.3408	500.94	0.0019962	12.769	12.917	47.295	46.949	100.01	876.07	0.25592	7.2605e-05	0.33766	0.0081935	35.781	0.027948	25.480	27.546	88.464	47.215	94.484	384.98	13.345	1.2135e-05	0.045371
355.53	4.3597	500.49	0.0019980	12.789	12.937	47.349	46.953	100.15	874.25	0.25836	7.2447e-05	0.33718	0.0081534	35.962	0.027807	25.477	27.541	88.426	47.262	94.776	384.82	13.316	1.2146e-05	0.045478
355.73	4.3786	500.04	0.0019998	12.808	12.957	47.402	46.957	100.29	872.43	0.26082	7.2289e-05	0.33671	0.0081136	36.143	0.027668	25.473	27.536	88.387	47.308	95.069	384.66	13.288	1.2157e-05	0.045585
355.94	4.3976	499.59	0.0020016	12.826	12.976	47.456	46.961	100.43	870.61	0.26329	7.2132e-05	0.33624	0.0080738	36.325	0.027529	25.470	27.532	88.349	47.355	95.363	384.50	13.259	1.2169e-05	0.045693
356.14	4.4165	499.15	0.0020034	12.845	12.996	47.510	46.966	100.57	868.80	0.26576	7.1976e-05	0.33577	0.0080343	36.507	0.027392	25.467	27.527	88.311	47.402	95.659	384.34	13.231	1.2180e-05	0.045801
356.34	4.4354	498.70	0.0020052	12.864	13.016	47.563	46.970	100.72	866.99	0.26825	7.1820e-05	0.33530	0.0079949	36.689	0.027256	25.463	27.522	88.273	47.449	95.956	384.17	13.202	1.2191e-05	0.045909
356.54	4.4543	498.25	0.0020070	12.883	13.035	47.616	46.975	100.86	865.18	0.27074	7.1665e-05	0.33484	0.0079556	36.872	0.027121	25.460	27.517	88.235	47.495	96.254	384.01	13.174	1.2203e-05	0.046018
356.74	4.4733	497.81	0.0020088	12.902	13.055	47.669	46.979	101.01	863.38	0.27325	7.1510e-05	0.33437	0.0079166	37.055	0.026987	25.457	27.513	88.197	47.542	96.554	383.85	13.146	1.2214e-05	0.046127
356.93	4.4922	497.36	0.0020106	12.921	13.074	47.722	46.984	101.16	861.58	0.27576	7.1356e-05	0.33391	0.0078776	37.239	0.026854	25.453	27.508	88.159	47.589	96.855	383.69	13.118	1.2226e-05	0.046236
357.13	4.5111	496.91	0.0020124	12.939	13.094	47.775	46.988	101.30	859.79	0.27828	7.1203e-05	0.33345	0.0078389	37.423	0.026722	25.450	27.503	88.121	47.635	97.157	383.52	13.091	1.2237e-05	0.046346
357.33	4.5301	496.47	0.0020142	12.958	13.113	47.827	46.993	101.45	858.00	0.28082	7.1050e-05	0.33299	0.0078003	37.607	0.026591	25.446	27.498	88.083	47.682	97.460	383.36	13.063	1.2248e-05	0.046455
357.53	4.5490	496.02	0.0020160	12.977	13.133	47.880	46.998	101.60	856.21	0.28336	7.0898e-05	0.33253	0.0077618	37.791	0.026461	25.443	27.493	88.045	47.728	97.765	383.19	13.036	1.2260e-05	0.046565
357.72	4.5679	495.58	0.0020178	12.995	13.152	47.932	47.003	101.75	854.43	0.28591	7.0747e-05	0.33207	0.0077235	37.976	0.026332	25.439	27.488	88.008	47.774	98.071	383.03	13.008	1.2271e-05	0.046676
357.92	4.5869	495.13	0.0020197	13.014	13.171	47.984	47.008	101.90	852.65	0.28848	7.0596e-05	0.33161	0.0076854	38.161	0.026205	25.436	27.483	87.970	47.821	98.379	382.87	12.981	1.2283e-05	0.046786
358.11	4.6058	494.69	0.0020215	13.032	13.191	48.036	47.012	102.05	850.87	0.29105	7.0445e-05	0.33116	0.0076473	38.347	0.026078	25.433	27.478	87.933	47.867	98.687	382.70	12.954	1.2294e-05	0.046897
358.31	4.6247	494.25	0.0020233	13.051	13.210	48.088	47.017	102.20	849.10	0.29363	7.0296e-05	0.33070	0.0076095	38.533	0.025952	25.429	27.473	87.895	47.913	98.998	382.54	12.927	1.2306e-05	0.047009
358.50	4.6436	493.81	0.0020251	13.069	13.229	48.140	47.022	102.35	847.33	0.29622	7.0146e-05	0.33025	0.0075718	38.719	0.025827	25.425	27.468	87.858	47.959	99.309	382.37	12.901	1.2317e-05	0.047120
358.69	4.6626	493.36	0.0020269	13.087	13.248	48.192	47.027	102.50	845.56	0.29883	6.9998e-05	0.32980	0.0075342	38.906	0.025703	25.422	27.463	87.821	48.005	99.622	382.20	12.874	1.2329e-05	0.047232
358.88	4.6815	492.92	0.0020287	13.106	13.268	48.243	47.033	102.66	843.80	0.30144	6.9850e-05	0.32935	0.0074968	39.093	0.025580	25.418	27.458	87.783	48.051	99.937	382.04	12.848	1.2340e-05	0.047345
359.08	4.7004	492.48	0.0020305	13.124	13.287	48.295	47.038	102.81	842.04	0.30406	6.9702e-05	0.32890	0.0074596	39.280	0.025458	25.415	27.453	87.746	48.097	100.25	381.87	12.821	1.2352e-05	0.047457
359.27	4.7194	492.04	0.0020324	13.142	13.306	48.346	47.043	102.97	840.28	0.30669	6.9555e-05	0.32846	0.0074224	39.468	0.025337	25.411	27.447	87.709	48.143	100.57	381.70	12.795	1.2363e-05	0.047570
359.46	4.7383	491.60	0.0020342	13.161	13.325	48.397	47.048	103.12	838.53	0.30934	6.9409e-05	0.32801	0.0073855	39.656	0.025217	25.407	27.442	87.672	48.189	100.89	381.54	12.769	1.2375e-05	0.047684
359.65	4.7572	491.16	0.0020360	13.179	13.344	48.448	47.054	103.28	836.78	0.31199	6.9263e-05	0.32757	0.0073486	39.844	0.025098	25.404	27.437	87.635	48.235	101.21	381.37	12.743	1.2386e-05	0.047797
359.84	4.7761	490.72	0.0020378	13.197	13.363	48.499	47.059	103.44	835.03	0.31466	6.9117e-05	0.32713	0.0073119	40.033	0.024979	25.400	27.432	87.598	48.281	101.53	381.20	12.717	1.2398e-05	0.047911
360.03	4.7951	490.28	0.0020397	13.215	13.382	48.550	47.064	103.60	833.29	0.31734	6.8972e-05	0.32669	0.0072754	40.222	0.024862	25.396	27.427	87.561	48.326	101.85	381.04	12.691	1.2409e-05	0.048026
360.21	4.8140	489.84	0.0020415	13.233	13.401	48.601	47.070	103.76	831.55	0.32002	6.8828e-05	0.32625	0.0072390	40.412	0.024745	25.393	27.421	87.524	48.372	102.18	380.87	12.666	1.2421e-05	0.048140
360.40	4.8329	489.40	0.0020433	13.251	13.419	48.651	47.075	103.92	829.81	0.32272	6.8684e-05	0.32581	0.0072027	40.602	0.024629	25.389	27.416	87.487	48.418	102.50	380.70	12.640	1.2433e-05	0.048255
360.59	4.8519	488.96	0.0020452	13.269	13.438	48.702	47.081	104.08	828.08	0.32543	6.8541e-05	0.32537	0.0071666	40.792	0.024515	25.385	27.411	87.451	48.463	102.83	380.53	12.615	1.2444e-05	0.048371
360.78	4.8708	488.52	0.0020470	13.287	13.457	48.752	47.087	104.24	826.35	0.32815	6.8398e-05	0.32493	0.0071306	40.983	0.024400	25.381	27.405	87.414	48.509	103.16	380.36	12.590	1.2456e-05	0.048487
360.96	4.8897	488.08	0.0020488	13.305	13.476	48.802	47.092	104.40	824.62	0.33088	6.8256e-05	0.32450	0.0070947	41.174	0.024287	25.378	27.400	87.377	48.554	103.49	380.19	12.564	1.2467e-05	0.048603
361.15	4.9086	487.64	0.0020507	13.323	13.495	48.852	47.098	104.57	822.90	0.33362	6.8114e-05	0.32406	0.0070590	41.365	0.024175	25.374	27.395	87.341	48.600	103.82	380.02	12.539	1.2479e-05	0.048719
361.33	4.9276	487.20	0.0020525	13.341	13.513	48.902	47.104	104.73	821.18	0.33637	6.7973e-05	0.32363	0.0070234	41.557	0.024063	25.370	27.389	87.304	48.645	104.16	379.85	12.514	1.2491e-05	0.048836
361.52	4.9465	486.77	0.0020544	13.359	13.532	48.952	47.110	104.90	819.46	0.33914	6.7832e-05	0.32320	0.0069879	41.750	0.023952	25.366	27.384	87.268	48.690	104.49	379.68	12.490	1.2503e-05	0.048953
361.70	4.9654	486.33	0.0020562	13.377	13.551	49.002	47.116	105.06	817.74	0.34191	6.7692e-05	0.32277	0.0069526	41.942	0.023842	25.362	27.378	87.231	48.736	104.83	379.51	12.465	1.2514e-05	0.049071
361.88	4.9844	485.89	0.0020581	13.394	13.569	49.051	47.122	105.23	816.03	0.34470	6.7552e-05	0.32234	0.0069174	42.135	0.023733	25.358	27.373	87.195	48.781	105.17	379.34	12.440	1.2526e-05	0.049189
362.07	5.0033	485.45	0.0020599	13.412	13.588	49.101	47.128	105.40	814.32	0.34750	6.7412e-05	0.32191	0.0068823	42.329	0.023625	25.354	27.367	87.159	48.826	105.51	379.17	12.416	1.2538e-05	0.049308
362.25	5.0222	485.02	0.0020618	13.430	13.606	49.150	47.134	105.57	812.61	0.35031	6.7273e-05	0.32149	0.0068474	42.522	0.023517	25.350	27.362	87.122	48.871	105.85	379.00	12.392	1.2549e-05	0.049427
362.43	5.0411	484.58	0.0020636	13.448	13.625	49.199	47.140	105.74	810.91	0.35313	6.7135e-05	0.32106	0.0068126	42.717	0.023410	25.346	27.356	87.086	48.916	106.20	378.83	12.367	1.2561e-05	0.049546
362.61	5.0601	484.15	0.0020655	13.465	13.643	49.248	47.146	105.91	809.21	0.35597	6.6997e-05	0.32064	0.0067779	42.911	0.023304	25.342	27.351	87.050	48.962	106.54	378.66	12.343	1.2573e-05	0.049665
362.79	5.0790	483.71	0.0020674	13.483	13.662	49.297	47.152	106.08	807.51	0.35881	6.6860e-05	0.32022	0.0067434	43.106	0.023198	25.338	27.345	87.014	49.007	106.89	378.48	12.319	1.2585e-05	0.049785
362.97	5.0979	483.27	0.0020692	13.500	13.680	49.346	47.159	106.25	805.82	0.36167	6.6722e-05	0.31980	0.0067090	43.302	0.023094	25.334	27.339	86.978	49.052	107.24	378.31	12.295	1.2597e-05	0.049906
363.15	5.1169	482.84	0.0020711	13.518	13.699	49.395	47.165	106.43	804.12	0.36454	6.6586e-05	0.31937	0.0066747	43.498	0.022990	25.330	27.334	86.942	49.097	107.59	378.14	12.271	1.2608e-05	0.050027
363.33	5.1358	482.40	0.0020730	13.536	13.717	49.444	47.171	106.60	802.44	0.36742	6.6450e-05	0.31896	0.0066405	43.694	0.022887	25.326	27.328	86.906	49.142	107.94	377.97	12.248	1.2620e-05	0.050148
363.51	5.1547	481.97	0.0020748	13.553	13.735	49.493	47.178	106.78	800.75	0.37032	6.6314e-05	0.31854	0.0066065	43.890	0.022784	25.322	27.322	86.870	49.187	108.30	377.79	12.224	1.2632e-05	0.050270
363.69	5.1736	481.53	0.0020767	13.571	13.754	49.541	47.184	106.95	799.06	0.37322	6.6179e-05	0.31812	0.0065725	44.088	0.022682	25.318	27.317	86.834	49.231	108.65	377.62	12.200	1.2644e-05	0.050392
363.87	5.1926	481.10	0.0020786	13.588	13.772	49.589	47.191	107.13	797.38	0.37614	6.6044e-05	0.31770	0.0065387	44.285	0.022581	25.314	27.311	86.798	49.276	109.01	377.45	12.177	1.2656e-05	0.050515
364.05	5.2115	480.66	0.0020805	13.605	13.790	49.638	47.198	107.31	795.70	0.37908	6.5910e-05	0.31729	0.0065051	44.483	0.022481	25.310	27.305	86.762	49.321	109.37	377.27	12.154	1.2668e-05	0.050638
364.22	5.2304	480.23	0.0020823	13.623	13.808	49.686	47.204	107.49	794.03	0.38202	6.5776e-05	0.31688	0.0064715	44.681	0.022381	25.306	27.299	86.726	49.366	109.73	377.10	12.130	1.2680e-05	0.050761
364.40	5.2494	479.80	0.0020842	13.640	13.827	49.734	47.211	107.67	792.35	0.38498	6.5642e-05	0.31646	0.0064381	44.880	0.022282	25.302	27.293	86.691	49.410	110.09	376.92	12.107	1.2692e-05	0.050885
364.58	5.2683	479.36	0.0020861	13.658	13.845	49.782	47.218	107.85	790.68	0.38795	6.5509e-05	0.31605	0.0064048	45.079	0.022183	25.297	27.288	86.655	49.455	110.46	376.75	12.084	1.2704e-05	0.051009
364.75	5.2872	478.93	0.0020880	13.675	13.863	49.830	47.225	108.04	789.01	0.39093	6.5376e-05	0.31564	0.0063716	45.279	0.022085	25.293	27.282	86.619	49.500	110.83	376.57	12.061	1.2716e-05	0.051134
364.93	5.3061	478.49	0.0020899	13.692	13.881	49.878	47.232	108.22	787.35	0.39393	6.5244e-05	0.31523	0.0063385	45.479	0.021988	25.289	27.276	86.584	49.544	111.20	376.40	12.038	1.2728e-05	0.051260
365.10	5.3251	478.06	0.0020918	13.709	13.899	49.926	47.239	108.40	785.69	0.39694	6.5112e-05	0.31482	0.0063056	45.679	0.021892	25.285	27.270	86.548	49.589	111.57	376.22	12.016	1.2740e-05	0.051385
365.27	5.3440	477.63	0.0020937	13.727	13.917	49.973	47.246	108.59	784.02	0.39996	6.4981e-05	0.31442	0.0062728	45.880	0.021796	25.280	27.264	86.513	49.634	111.94	376.04	11.993	1.2752e-05	0.051511
365.45	5.3629	477.19	0.0020956	13.744	13.935	50.021	47.253	108.78	782.37	0.40299	6.4850e-05	0.31401	0.0062401	46.081	0.021701	25.276	27.258	86.477	49.678	112.32	375.87	11.970	1.2764e-05	0.051638
365.62	5.3819	476.76	0.0020975	13.761	13.953	50.068	47.260	108.97	780.71	0.40604	6.4719e-05	0.31360	0.0062075	46.283	0.021606	25.272	27.252	86.442	49.723	112.69	375.69	11.948	1.2776e-05	0.051765
365.79	5.4008	476.33	0.0020994	13.778	13.971	50.115	47.267	109.16	779.06	0.40910	6.4589e-05	0.31320	0.0061750	46.485	0.021512	25.267	27.246	86.406	49.767	113.07	375.51	11.926	1.2788e-05	0.051893
365.97	5.4197	475.89	0.0021013	13.795	13.989	50.163	47.274	109.35	777.41	0.41218	6.4459e-05	0.31280	0.0061426	46.688	0.021419	25.263	27.240	86.371	49.811	113.45	375.34	11.903	1.2800e-05	0.052021
366.14	5.4387	475.46	0.0021032	13.812	14.007	50.210	47.282	109.54	775.76	0.41527	6.4329e-05	0.31240	0.0061104	46.891	0.021326	25.259	27.234	86.335	49.856	113.84	375.16	11.881	1.2813e-05	0.052150
366.31	5.4576	475.03	0.0021051	13.829	14.025	50.257	47.289	109.73	774.11	0.41837	6.4200e-05	0.31199	0.0060782	47.095	0.021234	25.254	27.228	86.300	49.900	114.22	374.98	11.859	1.2825e-05	0.052279
366.48	5.4765	474.60	0.0021071	13.846	14.043	50.304	47.296	109.93	772.47	0.42149	6.4072e-05	0.31159	0.0060462	47.299	0.021142	25.250	27.222	86.265	49.944	114.61	374.80	11.837	1.2837e-05	0.052408
366.65	5.4954	474.16	0.0021090	13.863	14.061	50.351	47.304	110.12	770.83	0.42462	6.3943e-05	0.31120	0.0060143	47.503	0.021051	25.245	27.216	86.229	49.989	115.00	374.63	11.815	1.2849e-05	0.052538
366.82	5.5144	473.73	0.0021109	13.880	14.079	50.398	47.311	110.32	769.19	0.42777	6.3816e-05	0.31080	0.0059825	47.708	0.020961	25.241	27.209	86.194	50.033	115.39	374.45	11.793	1.2861e-05	0.052669
366.99	5.5333	473.30	0.0021128	13.897	14.096	50.444	47.319	110.52	767.55	0.43093	6.3688e-05	0.31040	0.0059508	47.913	0.020871	25.236	27.203	86.159	50.077	115.78	374.27	11.771	1.2874e-05	0.052800
367.16	5.5522	472.87	0.0021148	13.914	14.114	50.491	47.327	110.71	765.91	0.43410	6.3561e-05	0.31000	0.0059192	48.119	0.020782	25.232	27.197	86.124	50.121	116.18	374.09	11.749	1.2886e-05	0.052932
367.33	5.5712	472.43	0.0021167	13.931	14.132	50.538	47.334	110.92	764.28	0.43729	6.3434e-05	0.30961	0.0058878	48.325	0.020693	25.227	27.191	86.089	50.166	116.58	373.91	11.728	1.2898e-05	0.053064
367.50	5.5901	472.00	0.0021186	13.948	14.150	50.584	47.342	111.12	762.65	0.44049	6.3308e-05	0.30922	0.0058564	48.532	0.020605	25.223	27.185	86.053	50.210	116.98	373.73	11.706	1.2911e-05	0.053197
367.66	5.6090	471.57	0.0021206	13.965	14.167	50.630	47.350	111.32	761.02	0.44371	6.3182e-05	0.30882	0.0058252	48.739	0.020517	25.218	27.178	86.018	50.254	117.38	373.55	11.685	1.2923e-05	0.053330
367.83	5.6279	471.14	0.0021225	13.982	14.185	50.677	47.358	111.52	759.40	0.44694	6.3056e-05	0.30843	0.0057940	48.947	0.020430	25.214	27.172	85.983	50.298	117.79	373.37	11.663	1.2935e-05	0.053464
368.00	5.6469	470.71	0.0021245	13.999	14.203	50.723	47.366	111.73	757.77	0.45019	6.2930e-05	0.30804	0.0057630	49.155	0.020344	25.209	27.166	85.948	50.342	118.19	373.19	11.642	1.2948e-05	0.053598
368.16	5.6658	470.27	0.0021264	14.015	14.221	50.769	47.374	111.94	756.15	0.45345	6.2805e-05	0.30765	0.0057321	49.364	0.020258	25.205	27.159	85.913	50.386	118.60	373.01	11.621	1.2960e-05	0.053733
368.33	5.6847	469.84	0.0021284	14.032	14.238	50.815	47.382	112.14	754.53	0.45673	6.2681e-05	0.30726	0.0057012	49.573	0.020172	25.200	27.153	85.878	50.430	119.01	372.83	11.599	1.2973e-05	0.053868
368.50	5.7037	469.41	0.0021303	14.049	14.256	50.861	47.390	112.35	752.92	0.46002	6.2557e-05	0.30687	0.0056705	49.782	0.020087	25.195	27.147	85.843	50.474	119.43	372.65	11.578	1.2985e-05	0.054004
368.66	5.7226	468.98	0.0021323	14.066	14.273	50.907	47.398	112.56	751.30	0.46332	6.2433e-05	0.30648	0.0056399	49.992	0.020003	25.191	27.140	85.808	50.518	119.84	372.46	11.557	1.2998e-05	0.054141
368.83	5.7415	468.55	0.0021343	14.082	14.291	50.953	47.407	112.77	749.69	0.46665	6.2309e-05	0.30610	0.0056094	50.203	0.019919	25.186	27.134	85.773	50.562	120.26	372.28	11.536	1.3010e-05	0.054278
368.99	5.7604	468.11	0.0021362	14.099	14.309	50.998	47.415	112.99	748.08	0.46999	6.2186e-05	0.30571	0.0055790	50.414	0.019836	25.181	27.127	85.738	50.606	120.68	372.10	11.515	1.3023e-05	0.054415
369.15	5.7794	467.68	0.0021382	14.116	14.326	51.044	47.423	113.20	746.47	0.47334	6.2063e-05	0.30533	0.0055488	50.625	0.019753	25.177	27.121	85.703	50.649	121.11	371.92	11.495	1.3035e-05	0.054553
369.32	5.7983	467.25	0.0021402	14.132	14.344	51.090	47.432	113.42	744.86	0.47671	6.1940e-05	0.30494	0.0055186	50.838	0.019671	25.172	27.114	85.669	50.693	121.53	371.74	11.474	1.3048e-05	0.054692
369.48	5.8172	466.82	0.0021422	14.149	14.361	51.135	47.440	113.64	743.26	0.48009	6.1818e-05	0.30456	0.0054885	51.050	0.019589	25.167	27.108	85.634	50.737	121.96	371.55	11.453	1.3061e-05	0.054832
369.64	5.8362	466.39	0.0021441	14.165	14.379	51.181	47.449	113.86	741.65	0.48349	6.1696e-05	0.30418	0.0054585	51.263	0.019507	25.162	27.101	85.599	50.781	122.39	371.37	11.433	1.3073e-05	0.054972
369.81	5.8551	465.95	0.0021461	14.182	14.396	51.226	47.458	114.08	740.05	0.48691	6.1574e-05	0.30380	0.0054286	51.477	0.019426	25.157	27.094	85.564	50.825	122.83	371.19	11.412	1.3086e-05	0.055112
369.97	5.8740	465.52	0.0021481	14.199	14.414	51.271	47.466	114.30	738.45	0.49035	6.1453e-05	0.30342	0.0053988	51.691	0.019346	25.153	27.088	85.529	50.868	123.27	371.00	11.392	1.3099e-05	0.055253
370.13	5.8929	465.09	0.0021501	14.215	14.431	51.317	47.475	114.52	736.86	0.49380	6.1332e-05	0.30304	0.0053692	51.905	0.019266	25.148	27.081	85.494	50.912	123.70	370.82	11.371	1.3111e-05	0.055395
370.29	5.9119	464.66	0.0021521	14.232	14.448	51.362	47.484	114.75	735.26	0.49726	6.1212e-05	0.30266	0.0053396	52.120	0.019186	25.143	27.075	85.460	50.956	124.15	370.63	11.351	1.3124e-05	0.055538
370.45	5.9308	464.23	0.0021541	14.248	14.466	51.407	47.493	114.97	733.67	0.50075	6.1091e-05	0.30228	0.0053101	52.336	0.019107	25.138	27.068	85.425	50.999	124.59	370.45	11.331	1.3137e-05	0.055681
370.61	5.9497	463.79	0.0021561	14.265	14.483	51.452	47.502	115.20	732.08	0.50424	6.0971e-05	0.30190	0.0052807	52.552	0.019029	25.133	27.061	85.390	51.043	125.04	370.26	11.311	1.3150e-05	0.055824
370.77	5.9687	463.36	0.0021581	14.281	14.500	51.497	47.511	115.43	730.49	0.50776	6.0851e-05	0.30153	0.0052515	52.768	0.018951	25.128	27.054	85.356	51.086	125.49	370.08	11.291	1.3163e-05	0.055969
370.93	5.9876	462.93	0.0021602	14.298	14.518	51.542	47.520	115.66	728.90	0.51129	6.0732e-05	0.30115	0.0052223	52.985	0.018873	25.123	27.048	85.321	51.130	125.94	369.89	11.270	1.3176e-05	0.056114
371.09	6.0065	462.50	0.0021622	14.314	14.535	51.586	47.529	115.89	727.32	0.51485	6.0613e-05	0.30078	0.0051932	53.203	0.018796	25.118	27.041	85.286	51.174	126.40	369.71	11.250	1.3188e-05	0.056259
371.25	6.0254	462.06	0.0021642	14.330	14.552	51.631	47.539	116.13	725.73	0.51841	6.0494e-05	0.30040	0.0051642	53.421	0.018719	25.113	27.034	85.252	51.217	126.85	369.52	11.231	1.3201e-05	0.056405
371.41	6.0444	461.63	0.0021662	14.347	14.570	51.676	47.548	116.36	724.15	0.52200	6.0376e-05	0.30003	0.0051353	53.640	0.018643	25.108	27.027	85.217	51.261	127.31	369.33	11.211	1.3214e-05	0.056552
371.57	6.0633	461.20	0.0021683	14.363	14.587	51.720	47.557	116.60	722.57	0.52560	6.0258e-05	0.29966	0.0051066	53.859	0.018567	25.103	27.020	85.182	51.304	127.78	369.15	11.191	1.3227e-05	0.056700
371.73	6.0822	460.77	0.0021703	14.379	14.604	51.765	47.567	116.84	720.99	0.52922	6.0140e-05	0.29929	0.0050779	54.079	0.018491	25.098	27.013	85.148	51.347	128.25	368.96	11.171	1.3240e-05	0.056848
371.88	6.1012	460.33	0.0021723	14.396	14.621	51.809	47.576	117.08	719.42	0.53286	6.0022e-05	0.29892	0.0050493	54.299	0.018416	25.093	27.006	85.113	51.391	128.71	368.77	11.152	1.3253e-05	0.056997
372.04	6.1201	459.90	0.0021744	14.412	14.639	51.854	47.586	117.32	717.84	0.53652	5.9905e-05	0.29855	0.0050208	54.520	0.018342	25.088	27.000	85.078	51.434	129.19	368.58	11.132	1.3267e-05	0.057146
372.20	6.1390	459.47	0.0021764	14.428	14.656	51.898	47.595	117.57	716.27	0.54019	5.9788e-05	0.29818	0.0049924	54.742	0.018268	25.083	26.993	85.044	51.478	129.66	368.40	11.112	1.3280e-05	0.057297
372.35	6.1579	459.04	0.0021785	14.445	14.673	51.943	47.605	117.81	714.70	0.54388	5.9671e-05	0.29781	0.0049641	54.964	0.018194	25.078	26.986	85.009	51.521	130.14	368.21	11.093	1.3293e-05	0.057448
372.51	6.1769	458.60	0.0021805	14.461	14.690	51.987	47.615	118.06	713.13	0.54759	5.9555e-05	0.29744	0.0049358	55.186	0.018121	25.072	26.979	84.975	51.564	130.62	368.02	11.074	1.3306e-05	0.057599
372.66	6.1958	458.17	0.0021826	14.477	14.707	52.031	47.625	118.31	711.56	0.55132	5.9438e-05	0.29708	0.0049077	55.409	0.018048	25.067	26.972	84.940	51.608	131.11	367.83	11.054	1.3319e-05	0.057752
372.82	6.2147	457.73	0.0021847	14.493	14.725	52.075	47.635	118.56	709.99	0.55507	5.9322e-05	0.29671	0.0048797	55.633	0.017975	25.062	26.964	84.906	51.651	131.60	367.64	11.035	1.3332e-05	0.057905
372.97	6.2337	457.30	0.0021867	14.510	14.742	52.119	47.645	118.81	708.43	0.55884	5.9207e-05	0.29635	0.0048518	55.857	0.017903	25.057	26.957	84.871	51.694	132.09	367.45	11.016	1.3346e-05	0.058058
373.13	6.2526	456.87	0.0021888	14.526	14.759	52.163	47.655	119.07	706.86	0.56262	5.9092e-05	0.29598	0.0048239	56.082	0.017831	25.051	26.950	84.837	51.737	132.58	367.26	10.996	1.3359e-05	0.058213
373.28	6.2715	456.43	0.0021909	14.542	14.776	52.207	47.665	119.32	705.30	0.56643	5.8976e-05	0.29562	0.0047962	56.307	0.017760	25.046	26.943	84.802	51.781	133.08	367.07	10.977	1.3372e-05	0.058368
373.44	6.2905	456.00	0.0021930	14.558	14.793	52.251	47.675	119.58	703.74	0.57025	5.8862e-05	0.29526	0.0047685	56.533	0.017689	25.041	26.936	84.767	51.824	133.58	366.88	10.958	1.3386e-05	0.058524
373.59	6.3094	455.56	0.0021951	14.574	14.810	52.295	47.685	119.84	702.18	0.57409	5.8747e-05	0.29489	0.0047409	56.760	0.017618	25.036	26.929	84.733	51.867	134.08	366.69	10.939	1.3399e-05	0.058681
373.74	6.3283	455.13	0.0021972	14.590	14.827	52.338	47.696	120.10	700.63	0.57795	5.8633e-05	0.29453	0.0047134	56.987	0.017548	25.030	26.921	84.698	51.910	134.59	366.50	10.920	1.3413e-05	0.058838
373.90	6.3472	454.70	0.0021993	14.606	14.844	52.382	47.706	120.37	699.07	0.58184	5.8519e-05	0.29417	0.0046861	57.214	0.017478	25.025	26.914	84.664	51.953	135.10	366.31	10.901	1.3426e-05	0.058997
374.05	6.3662	454.26	0.0022014	14.623	14.861	52.426	47.717	120.63	697.52	0.58574	5.8405e-05	0.29381	0.0046588	57.443	0.017409	25.020	26.907	84.629	51.996	135.62	366.12	10.883	1.3440e-05	0.059156
374.20	6.3851	453.83	0.0022035	14.639	14.878	52.469	47.727	120.90	695.97	0.58966	5.8292e-05	0.29345	0.0046315	57.671	0.017340	25.014	26.900	84.595	52.039	136.13	365.93	10.864	1.3453e-05	0.059315
374.35	6.4040	453.39	0.0022056	14.655	14.895	52.513	47.738	121.17	694.42	0.59360	5.8178e-05	0.29310	0.0046044	57.901	0.017271	25.009	26.892	84.560	52.082	136.66	365.74	10.845	1.3467e-05	0.059476
374.50	6.4230	452.96	0.0022077	14.671	14.912	52.556	47.749	121.44	692.87	0.59756	5.8065e-05	0.29274	0.0045774	58.131	0.017203	25.003	26.885	84.526	52.125	137.18	365.55	10.826	1.3480e-05	0.059637
374.66	6.4419	452.52	0.0022098	14.687	14.929	52.600	47.759	121.72	691.32	0.60155	5.7953e-05	0.29238	0.0045505	58.362	0.017135	24.998	26.878	84.491	52.168	137.71	365.35	10.808	1.3494e-05	0.059799
374.81	6.4608	452.08	0.0022120	14.703	14.946	52.643	47.770	121.99	689.78	0.60555	5.7840e-05	0.29203	0.0045236	58.593	0.017067	24.992	26.870	84.457	52.211	138.24	365.16	10.789	1.3508e-05	0.059962
374.96	6.4797	451.65	0.0022141	14.719	14.963	52.687	47.781	122.27	688.23	0.60957	5.7728e-05	0.29167	0.0044968	58.825	0.017000	24.987	26.863	84.423	52.254	138.78	364.97	10.771	1.3521e-05	0.060126
375.11	6.4987	451.21	0.0022163	14.735	14.980	52.730	47.792	122.55	686.69	0.61362	5.7616e-05	0.29132	0.0044701	59.057	0.016933	24.981	26.855	84.388	52.297	139.32	364.77	10.752	1.3535e-05	0.060291
375.26	6.5176	450.77	0.0022184	14.751	14.997	52.773	47.803	122.83	685.15	0.61768	5.7504e-05	0.29096	0.0044436	59.290	0.016866	24.976	26.848	84.354	52.340	139.86	364.58	10.734	1.3549e-05	0.060456
375.41	6.5365	450.34	0.0022206	14.767	15.014	52.816	47.814	123.12	683.61	0.62177	5.7393e-05	0.29061	0.0044170	59.524	0.016800	24.970	26.840	84.319	52.383	140.41	364.39	10.715	1.3563e-05	0.060622
375.55	6.5555	449.90	0.0022227	14.783	15.031	52.859	47.826	123.40	682.07	0.62588	5.7281e-05	0.29026	0.0043906	59.759	0.016734	24.964	26.833	84.285	52.426	140.96	364.19	10.697	1.3577e-05	0.060789
375.70	6.5744	449.46	0.0022249	14.799	15.048	52.902	47.837	123.69	680.53	0.63001	5.7170e-05	0.28990	0.0043643	59.994	0.016668	24.959	26.825	84.250	52.469	141.51	364.00	10.679	1.3590e-05	0.060957
375.85	6.5933	449.03	0.0022270	14.815	15.065	52.946	47.848	123.98	679.00	0.63416	5.7060e-05	0.28955	0.0043380	60.229	0.016603	24.953	26.818	84.216	52.511	142.07	363.80	10.661	1.3604e-05	0.061126
376.00	6.6122	448.59	0.0022292	14.830	15.082	52.989	47.860	124.28	677.46	0.63834	5.6949e-05	0.28920	0.0043119	60.466	0.016538	24.948	26.810	84.181	52.554	142.63	363.61	10.642	1.3618e-05	0.061296
376.15	6.6312	448.15	0.0022314	14.846	15.098	53.031	47.871	124.57	675.93	0.64253	5.6839e-05	0.28885	0.0042858	60.702	0.016474	24.942	26.802	84.147	52.597	143.20	363.41	10.624	1.3632e-05	0.061466
376.29	6.6501	447.71	0.0022336	14.862	15.115	53.074	47.883	124.87	674.40	0.64675	5.6729e-05	0.28850	0.0042598	60.940	0.016410	24.936	26.795	84.112	52.640	143.77	363.22	10.606	1.3646e-05	0.061638
376.44	6.6690	447.27	0.0022358	14.878	15.132	53.117	47.895	125.17	672.87	0.65099	5.6619e-05	0.28816	0.0042339	61.178	0.016346	24.930	26.787	84.078	52.682	144.34	363.02	10.588	1.3661e-05	0.061810
376.59	6.6880	446.83	0.0022380	14.894	15.149	53.160	47.907	125.47	671.34	0.65526	5.6509e-05	0.28781	0.0042081	61.417	0.016282	24.925	26.779	84.043	52.725	144.92	362.83	10.570	1.3675e-05	0.061983
376.73	6.7069	446.39	0.0022402	14.910	15.166	53.203	47.919	125.78	669.81	0.65954	5.6400e-05	0.28746	0.0041823	61.657	0.016219	24.919	26.771	84.009	52.768	145.51	362.63	10.552	1.3689e-05	0.062157
376.88	6.7258	445.95	0.0022424	14.926	15.183	53.246	47.930	126.09	668.29	0.66385	5.6290e-05	0.28711	0.0041567	61.897	0.016156	24.913	26.764	83.974	52.810	146.09	362.43	10.534	1.3703e-05	0.062332
377.03	6.7447	445.51	0.0022446	14.942	15.199	53.288	47.943	126.40	666.76	0.66819	5.6181e-05	0.28677	0.0041311	62.138	0.016093	24.907	26.756	83.939	52.853	146.69	362.24	10.517	1.3717e-05	0.062508
377.17	6.7637	445.07	0.0022468	14.957	15.216	53.331	47.955	126.71	665.24	0.67254	5.6073e-05	0.28642	0.0041056	62.380	0.016031	24.901	26.748	83.905	52.896	147.28	362.04	10.499	1.3732e-05	0.062685
377.32	6.7826	444.63	0.0022490	14.973	15.233	53.374	47.967	127.03	663.72	0.67692	5.5964e-05	0.28608	0.0040802	62.622	0.015969	24.895	26.740	83.870	52.938	147.88	361.84	10.481	1.3746e-05	0.062863
377.46	6.8015	444.19	0.0022513	14.989	15.250	53.416	47.979	127.34	662.19	0.68133	5.5856e-05	0.28573	0.0040548	62.865	0.015907	24.890	26.732	83.836	52.981	148.49	361.65	10.463	1.3760e-05	0.063042
377.61	6.8205	443.75	0.0022535	15.005	15.267	53.459	47.992	127.66	660.67	0.68575	5.5748e-05	0.28539	0.0040296	63.108	0.015846	24.884	26.724	83.801	53.023	149.10	361.45	10.446	1.3775e-05	0.063221
377.75	6.8394	443.31	0.0022558	15.021	15.283	53.501	48.004	127.99	659.16	0.69021	5.5640e-05	0.28505	0.0040044	63.353	0.015785	24.878	26.716	83.767	53.066	149.71	361.25	10.428	1.3789e-05	0.063402
377.90	6.8583	442.87	0.0022580	15.036	15.300	53.544	48.017	128.31	657.64	0.69468	5.5532e-05	0.28471	0.0039793	63.598	0.015724	24.872	26.708	83.732	53.109	150.33	361.05	10.410	1.3804e-05	0.063584
378.04	6.8772	442.43	0.0022603	15.052	15.317	53.586	48.029	128.64	656.12	0.69918	5.5424e-05	0.28437	0.0039543	63.844	0.015663	24.866	26.700	83.697	53.151	150.96	360.85	10.393	1.3818e-05	0.063766
378.18	6.8962	441.98	0.0022625	15.068	15.334	53.628	48.042	128.97	654.61	0.70371	5.5317e-05	0.28402	0.0039294	64.090	0.015603	24.860	26.692	83.663	53.194	151.58	360.65	10.375	1.3833e-05	0.063950
378.33	6.9151	441.54	0.0022648	15.084	15.350	53.671	48.055	129.31	653.09	0.70826	5.5210e-05	0.28368	0.0039046	64.337	0.015543	24.854	26.684	83.628	53.236	152.22	360.45	10.358	1.3847e-05	0.064135
378.47	6.9340	441.10	0.0022671	15.099	15.367	53.713	48.068	129.64	651.58	0.71284	5.5103e-05	0.28335	0.0038798	64.585	0.015483	24.848	26.676	83.594	53.278	152.86	360.25	10.341	1.3862e-05	0.064320
378.61	6.9530	440.65	0.0022694	15.115	15.384	53.755	48.081	129.98	650.07	0.71744	5.4996e-05	0.28301	0.0038551	64.834	0.015424	24.841	26.668	83.559	53.321	153.50	360.06	10.323	1.3877e-05	0.064507
378.75	6.9719	440.21	0.0022717	15.131	15.401	53.798	48.094	130.32	648.56	0.72207	5.4890e-05	0.28267	0.0038305	65.083	0.015365	24.835	26.660	83.524	53.363	154.15	359.85	10.306	1.3892e-05	0.064695
378.89	6.9908	439.76	0.0022740	15.147	15.417	53.840	48.107	130.67	647.05	0.72672	5.4783e-05	0.28233	0.0038060	65.333	0.015306	24.829	26.651	83.489	53.406	154.80	359.65	10.289	1.3906e-05	0.064884
379.04	7.0098	439.32	0.0022763	15.162	15.434	53.882	48.120	131.02	645.55	0.73140	5.4677e-05	0.28199	0.0037815	65.584	0.015248	24.823	26.643	83.455	53.448	155.46	359.45	10.271	1.3921e-05	0.065074
379.18	7.0287	438.87	0.0022786	15.178	15.451	53.924	48.133	131.37	644.04	0.73611	5.4571e-05	0.28166	0.0037571	65.836	0.015189	24.817	26.635	83.420	53.490	156.12	359.25	10.254	1.3936e-05	0.065265
379.32	7.0476	438.43	0.0022809	15.194	15.467	53.966	48.147	131.72	642.53	0.74084	5.4466e-05	0.28132	0.0037328	66.088	0.015131	24.811	26.627	83.385	53.533	156.79	359.05	10.237	1.3951e-05	0.065457
379.46	7.0665	437.98	0.0022832	15.209	15.484	54.008	48.160	132.08	641.03	0.74560	5.4360e-05	0.28099	0.0037086	66.341	0.015074	24.804	26.618	83.351	53.575	157.47	358.85	10.220	1.3966e-05	0.065650
379.60	7.0855	437.53	0.0022855	15.225	15.501	54.050	48.174	132.44	639.53	0.75038	5.4255e-05	0.28065	0.0036845	66.595	0.015016	24.798	26.610	83.316	53.617	158.15	358.65	10.203	1.3981e-05	0.065844
379.74	7.1044	437.09	0.0022879	15.241	15.518	54.092	48.188	132.80	638.02	0.75520	5.4149e-05	0.28032	0.0036604	66.849	0.014959	24.792	26.602	83.281	53.660	158.83	358.45	10.186	1.3996e-05	0.066039
379.88	7.1233	436.64	0.0022902	15.256	15.534	54.134	48.201	133.17	636.52	0.76004	5.4044e-05	0.27998	0.0036364	67.105	0.014902	24.785	26.593	83.246	53.702	159.53	358.24	10.169	1.4011e-05	0.066236
380.02	7.1423	436.19	0.0022926	15.272	15.551	54.176	48.215	133.54	635.02	0.76491	5.3939e-05	0.27965	0.0036125	67.361	0.014845	24.779	26.585	83.211	53.744	160.22	358.04	10.152	1.4027e-05	0.066434
380.16	7.1612	435.74	0.0022949	15.288	15.568	54.218	48.229	133.91	633.52	0.76980	5.3835e-05	0.27932	0.0035887	67.618	0.014789	24.773	26.576	83.176	53.787	160.93	357.84	10.135	1.4042e-05	0.066632
380.30	7.1801	435.29	0.0022973	15.303	15.584	54.260	48.243	134.29	632.03	0.77473	5.3730e-05	0.27899	0.0035649	67.876	0.014733	24.766	26.568	83.142	53.829	161.64	357.64	10.118	1.4057e-05	0.066832
380.44	7.1990	434.84	0.0022997	15.319	15.601	54.302	48.258	134.67	630.53	0.77968	5.3626e-05	0.27866	0.0035413	68.134	0.014677	24.760	26.559	83.107	53.871	162.35	357.43	10.101	1.4072e-05	0.067033
380.57	7.2180	434.39	0.0023021	15.335	15.618	54.344	48.272	135.05	629.03	0.78466	5.3522e-05	0.27833	0.0035177	68.394	0.014621	24.753	26.551	83.072	53.913	163.07	357.23	10.084	1.4088e-05	0.067236
380.71	7.2369	433.94	0.0023045	15.350	15.634	54.386	48.286	135.44	627.54	0.78967	5.3418e-05	0.27800	0.0034941	68.654	0.014566	24.747	26.542	83.037	53.956	163.80	357.02	10.067	1.4103e-05	0.067439
380.85	7.2558	433.49	0.0023069	15.366	15.651	54.427	48.301	135.83	626.05	0.79471	5.3314e-05	0.27767	0.0034707	68.915	0.014511	24.740	26.533	83.002	53.998	164.53	356.82	10.050	1.4119e-05	0.067644
380.99	7.2748	433.04	0.0023093	15.381	15.668	54.469	48.315	136.23	624.55	0.79978	5.3210e-05	0.27734	0.0034473	69.177	0.014456	24.734	26.525	82.967	54.040	165.27	356.62	10.033	1.4134e-05	0.067850
381.12	7.2937	432.59	0.0023117	15.397	15.684	54.511	48.330	136.62	623.06	0.80488	5.3107e-05	0.27701	0.0034240	69.439	0.014401	24.727	26.516	82.932	54.082	166.02	356.41	10.017	1.4150e-05	0.068057
381.26	7.3126	432.13	0.0023141	15.413	15.701	54.553	48.345	137.02	621.57	0.81001	5.3003e-05	0.27668	0.0034008	69.703	0.014347	24.721	26.507	82.897	54.124	166.77	356.21	10.000	1.4166e-05	0.068266
381.40	7.3315	431.68	0.0023165	15.428	15.718	54.594	48.360	137.43	620.08	0.81517	5.2900e-05	0.27635	0.0033776	69.967	0.014292	24.714	26.499	82.862	54.167	167.53	356.00	9.9834	1.4181e-05	0.068475
381.53	7.3505	431.23	0.0023190	15.444	15.734	54.636	48.375	137.84	618.59	0.82036	5.2797e-05	0.27603	0.0033545	70.232	0.014239	24.707	26.490	82.827	54.209	168.30	355.79	9.9667	1.4197e-05	0.068686
381.67	7.3694	430.77	0.0023214	15.459	15.751	54.678	48.390	138.25	617.11	0.82558	5.2694e-05	0.27570	0.0033315	70.498	0.014185	24.701	26.481	82.791	54.251	169.07	355.59	9.9501	1.4213e-05	0.068899
381.81	7.3883	430.32	0.0023239	15.475	15.767	54.719	48.405	138.67	615.62	0.83083	5.2592e-05	0.27538	0.0033086	70.765	0.014131	24.694	26.472	82.756	54.293	169.85	355.38	9.9336	1.4229e-05	0.069112
381.94	7.4073	429.86	0.0023263	15.491	15.784	54.761	48.420	139.09	614.13	0.83611	5.2489e-05	0.27505	0.0032857	71.033	0.014078	24.687	26.463	82.721	54.336	170.64	355.17	9.9170	1.4245e-05	0.069327
382.08	7.4262	429.40	0.0023288	15.506	15.801	54.803	48.436	139.51	612.65	0.84143	5.2387e-05	0.27473	0.0032629	71.301	0.014025	24.681	26.454	82.686	54.378	171.43	354.97	9.9005	1.4261e-05	0.069543
382.21	7.4451	428.95	0.0023313	15.522	15.817	54.844	48.451	139.94	611.17	0.84678	5.2284e-05	0.27440	0.0032402	71.571	0.013972	24.674	26.445	82.651	54.420	172.23	354.76	9.8840	1.4277e-05	0.069761
382.35	7.4640	428.49	0.0023338	15.537	15.834	54.886	48.467	140.37	609.68	0.85215	5.2182e-05	0.27408	0.0032176	71.841	0.013920	24.667	26.436	82.615	54.462	173.04	354.55	9.8675	1.4293e-05	0.069980
382.48	7.4830	428.03	0.0023363	15.553	15.851	54.927	48.482	140.81	608.20	0.85756	5.2080e-05	0.27376	0.0031950	72.113	0.013867	24.660	26.427	82.580	54.505	173.86	354.35	9.8511	1.4309e-05	0.070200
382.62	7.5019	427.57	0.0023388	15.569	15.867	54.969	48.498	141.25	606.72	0.86301	5.1978e-05	0.27344	0.0031725	72.385	0.013815	24.653	26.418	82.545	54.547	174.68	354.14	9.8347	1.4325e-05	0.070422
382.75	7.5208	427.11	0.0023413	15.584	15.884	55.010	48.514	141.70	605.24	0.86848	5.1877e-05	0.27311	0.0031500	72.658	0.013763	24.646	26.409	82.509	54.589	175.51	353.93	9.8183	1.4341e-05	0.070645
382.88	7.5398	426.65	0.0023438	15.600	15.901	55.052	48.530	142.15	603.76	0.87399	5.1775e-05	0.27279	0.0031277	72.932	0.013711	24.639	26.400	82.474	54.632	176.35	353.72	9.8019	1.4358e-05	0.070870
383.02	7.5587	426.19	0.0023463	15.615	15.917	55.093	48.546	142.60	602.28	0.87954	5.1674e-05	0.27247	0.0031054	73.207	0.013660	24.632	26.391	82.438	54.674	177.20	353.51	9.7856	1.4374e-05	0.071096
383.15	7.5776	425.73	0.0023489	15.631	15.934	55.135	48.562	143.06	600.80	0.88512	5.1573e-05	0.27215	0.0030832	73.483	0.013609	24.625	26.382	82.403	54.716	178.05	353.30	9.7692	1.4390e-05	0.071324
383.28	7.5965	425.27	0.0023514	15.646	15.951	55.176	48.579	143.52	599.33	0.89073	5.1471e-05	0.27183	0.0030610	73.759	0.013558	24.618	26.372	82.367	54.759	178.92	353.09	9.7530	1.4407e-05	0.071553
383.42	7.6155	424.81	0.0023540	15.662	15.967	55.218	48.595	143.99	597.85	0.89637	5.1370e-05	0.27152	0.0030390	74.037	0.013507	24.611	26.363	82.332	54.801	179.79	352.88	9.7367	1.4423e-05	0.071783
383.55	7.6344	424.34	0.0023566	15.677	15.984	55.259	48.612	144.46	596.38	0.90206	5.1270e-05	0.27120	0.0030170	74.316	0.013456	24.604	26.354	82.296	54.843	180.67	352.67	9.7204	1.4440e-05	0.072015
383.68	7.6533	423.88	0.0023592	15.693	16.000	55.301	48.629	144.94	594.90	0.90777	5.1169e-05	0.27088	0.0029950	74.596	0.013406	24.597	26.344	82.260	54.886	181.56	352.46	9.7042	1.4457e-05	0.072249
383.81	7.6723	423.42	0.0023617	15.709	16.017	55.342	48.645	145.42	593.43	0.91352	5.1068e-05	0.27056	0.0029732	74.876	0.013355	24.590	26.335	82.225	54.928	182.46	352.25	9.6880	1.4474e-05	0.072484
383.94	7.6912	422.95	0.0023643	15.724	16.034	55.383	48.662	145.91	591.96	0.91931	5.0968e-05	0.27025	0.0029514	75.158	0.013305	24.583	26.326	82.189	54.971	183.36	352.04	9.6718	1.4490e-05	0.072720
384.08	7.7101	422.48	0.0023670	15.740	16.050	55.425	48.679	146.40	590.48	0.92514	5.0867e-05	0.26993	0.0029297	75.441	0.013255	24.576	26.316	82.153	55.014	184.28	351.83	9.6557	1.4507e-05	0.072959
384.21	7.7290	422.02	0.0023696	15.755	16.067	55.466	48.697	146.90	589.01	0.93100	5.0767e-05	0.26961	0.0029080	75.724	0.013206	24.568	26.307	82.117	55.056	185.20	351.62	9.6395	1.4524e-05	0.073199
384.34	7.7480	421.55	0.0023722	15.771	16.084	55.508	48.714	147.40	587.54	0.93689	5.0667e-05	0.26930	0.0028864	76.009	0.013156	24.561	26.297	82.081	55.099	186.14	351.40	9.6234	1.4541e-05	0.073440
384.47	7.7669	421.08	0.0023748	15.786	16.100	55.549	48.731	147.91	586.07	0.94283	5.0567e-05	0.26899	0.0028649	76.294	0.013107	24.554	26.288	82.045	55.142	187.08	351.19	9.6073	1.4558e-05	0.073683
384.60	7.7858	420.61	0.0023775	15.802	16.117	55.590	48.749	148.42	584.60	0.94880	5.0467e-05	0.26867	0.0028435	76.581	0.013058	24.546	26.278	82.010	55.184	188.04	350.98	9.5912	1.4575e-05	0.073928
384.73	7.8048	420.14	0.0023801	15.817	16.134	55.632	48.766	148.94	583.14	0.95481	5.0367e-05	0.26836	0.0028221	76.869	0.013009	24.539	26.268	81.973	55.227	189.00	350.77	9.5751	1.4593e-05	0.074174
384.86	7.8237	419.67	0.0023828	15.833	16.151	55.673	48.784	149.46	581.67	0.96086	5.0268e-05	0.26805	0.0028008	77.158	0.012960	24.532	26.259	81.937	55.270	189.97	350.55	9.5590	1.4610e-05	0.074423
384.99	7.8426	419.20	0.0023855	15.849	16.167	55.714	48.802	149.99	580.20	0.96695	5.0168e-05	0.26773	0.0027795	77.447	0.012912	24.524	26.249	81.901	55.313	190.96	350.34	9.5430	1.4627e-05	0.074673
385.12	7.8616	418.73	0.0023882	15.864	16.184	55.756	48.820	150.53	578.74	0.97307	5.0069e-05	0.26742	0.0027584	77.738	0.012864	24.517	26.239	81.865	55.356	191.95	350.12	9.5270	1.4645e-05	0.074924
385.25	7.8805	418.25	0.0023909	15.880	16.201	55.797	48.838	151.07	577.27	0.97924	4.9969e-05	0.26711	0.0027373	78.030	0.012816	24.509	26.229	81.829	55.399	192.96	349.91	9.5110	1.4662e-05	0.075178
385.38	7.8994	417.78	0.0023936	15.895	16.217	55.838	48.857	151.61	575.81	0.98545	4.9870e-05	0.26680	0.0027162	78.323	0.012768	24.502	26.219	81.793	55.442	193.97	349.70	9.4950	1.4680e-05	0.075433
385.51	7.9183	417.31	0.0023963	15.911	16.234	55.880	48.875	152.17	574.34	0.99169	4.9771e-05	0.26649	0.0026953	78.617	0.012720	24.494	26.210	81.756	55.485	195.00	349.48	9.4790	1.4697e-05	0.075690
385.63	7.9373	416.83	0.0023991	15.926	16.251	55.921	48.894	152.72	572.88	0.99798	4.9672e-05	0.26618	0.0026744	78.912	0.012672	24.487	26.200	81.720	55.529	196.04	349.26	9.4630	1.4715e-05	0.075949
385.76	7.9562	416.35	0.0024018	15.942	16.267	55.963	48.912	153.29	571.42	1.0043	4.9573e-05	0.26587	0.0026535	79.209	0.012625	24.479	26.190	81.684	55.572	197.09	349.05	9.4471	1.4733e-05	0.076209
385.89	7.9751	415.88	0.0024046	15.958	16.284	56.004	48.931	153.86	569.96	1.0107	4.9474e-05	0.26557	0.0026328	79.506	0.012578	24.471	26.180	81.647	55.616	198.15	348.83	9.4311	1.4750e-05	0.076472
386.02	7.9941	415.40	0.0024073	15.973	16.301	56.045	48.950	154.44	568.50	1.0171	4.9376e-05	0.26526	0.0026121	79.805	0.012531	24.464	26.170	81.611	55.659	199.22	348.62	9.4152	1.4768e-05	0.076737
386.15	8.0130	414.92	0.0024101	15.989	16.318	56.087	48.969	155.02	567.04	1.0235	4.9277e-05	0.26495	0.0025915	80.104	0.012484	24.456	26.160	81.574	55.703	200.30	348.40	9.3992	1.4786e-05	0.077003
386.27	8.0319	414.44	0.0024129	16.004	16.334	56.128	48.988	155.61	565.58	1.0300	4.9179e-05	0.26464	0.0025709	80.405	0.012437	24.448	26.149	81.537	55.747	201.40	348.18	9.3833	1.4804e-05	0.077272
386.40	8.0508	413.96	0.0024157	16.020	16.351	56.169	49.008	156.21	564.12	1.0366	4.9080e-05	0.26434	0.0025504	80.707	0.012390	24.440	26.139	81.501	55.790	202.51	347.96	9.3674	1.4823e-05	0.077542
386.53	8.0698	413.47	0.0024185	16.036	16.368	56.211	49.027	156.81	562.66	1.0432	4.8982e-05	0.26403	0.0025300	81.011	0.012344	24.432	26.129	81.464	55.834	203.63	347.74	9.3515	1.4841e-05	0.077814
386.65	8.0887	412.99	0.0024214	16.051	16.385	56.252	49.047	157.42	561.20	1.0498	4.8884e-05	0.26373	0.0025096	81.315	0.012298	24.425	26.119	81.427	55.879	204.76	347.53	9.3356	1.4859e-05	0.078089
386.78	8.1076	412.51	0.0024242	16.067	16.402	56.293	49.067	158.04	559.74	1.0565	4.8786e-05	0.26342	0.0024893	81.620	0.012252	24.417	26.108	81.390	55.923	205.91	347.31	9.3197	1.4877e-05	0.078365
386.91	8.1266	412.02	0.0024271	16.082	16.418	56.335	49.086	158.67	558.29	1.0632	4.8687e-05	0.26312	0.0024691	81.927	0.012206	24.409	26.098	81.353	55.967	207.07	347.09	9.3038	1.4896e-05	0.078644
387.03	8.1455	411.54	0.0024299	16.098	16.435	56.376	49.107	159.30	556.83	1.0699	4.8589e-05	0.26282	0.0024489	82.235	0.012160	24.401	26.088	81.316	56.012	208.25	346.87	9.2880	1.4914e-05	0.078925
387.16	8.1644	411.05	0.0024328	16.114	16.452	56.418	49.127	159.94	555.37	1.0767	4.8492e-05	0.26252	0.0024288	82.544	0.012115	24.393	26.077	81.279	56.056	209.43	346.65	9.2721	1.4933e-05	0.079208
387.28	8.1833	410.56	0.0024357	16.129	16.469	56.459	49.147	160.58	553.92	1.0836	4.8394e-05	0.26221	0.0024088	82.855	0.012069	24.385	26.067	81.242	56.101	210.64	346.43	9.2562	1.4952e-05	0.079493
387.41	8.2023	410.07	0.0024386	16.145	16.486	56.501	49.168	161.24	552.46	1.0905	4.8296e-05	0.26191	0.0023888	83.167	0.012024	24.377	26.056	81.205	56.146	211.85	346.20	9.2404	1.4970e-05	0.079780
387.53	8.2212	409.58	0.0024415	16.161	16.502	56.542	49.188	161.90	551.01	1.0974	4.8198e-05	0.26161	0.0023689	83.480	0.011979	24.368	26.046	81.167	56.191	213.09	345.98	9.2245	1.4989e-05	0.080070
387.66	8.2401	409.09	0.0024444	16.176	16.519	56.583	49.209	162.57	549.56	1.1044	4.8101e-05	0.26131	0.0023491	83.794	0.011934	24.360	26.035	81.130	56.236	214.33	345.76	9.2086	1.5008e-05	0.080362
387.78	8.2591	408.60	0.0024474	16.192	16.536	56.625	49.230	163.25	548.10	1.1115	4.8003e-05	0.26101	0.0023293	84.110	0.011889	24.352	26.024	81.093	56.281	215.59	345.54	9.1928	1.5027e-05	0.080656
387.91	8.2780	408.10	0.0024503	16.208	16.553	56.666	49.251	163.94	546.65	1.1186	4.7906e-05	0.26072	0.0023096	84.426	0.011845	24.344	26.014	81.055	56.327	216.87	345.31	9.1769	1.5046e-05	0.080952
388.03	8.2969	407.61	0.0024533	16.223	16.570	56.708	49.272	164.63	545.20	1.1257	4.7808e-05	0.26042	0.0022900	84.745	0.011800	24.335	26.003	81.018	56.373	218.17	345.09	9.1611	1.5066e-05	0.081251
388.15	8.3158	407.12	0.0024563	16.239	16.587	56.749	49.294	165.34	543.75	1.1329	4.7711e-05	0.26012	0.0022704	85.064	0.011756	24.327	25.992	80.980	56.418	219.48	344.87	9.1452	1.5085e-05	0.081552
388.28	8.3348	406.62	0.0024593	16.255	16.604	56.791	49.315	166.05	542.29	1.1401	4.7614e-05	0.25982	0.0022509	85.385	0.011712	24.319	25.981	80.942	56.464	220.80	344.64	9.1293	1.5104e-05	0.081856
388.40	8.3537	406.12	0.0024623	16.270	16.621	56.833	49.337	166.77	540.84	1.1474	4.7517e-05	0.25953	0.0022314	85.707	0.011668	24.310	25.970	80.904	56.511	222.15	344.42	9.1135	1.5124e-05	0.082162
388.53	8.3726	405.62	0.0024654	16.286	16.638	56.874	49.359	167.50	539.39	1.1548	4.7419e-05	0.25923	0.0022120	86.031	0.011624	24.302	25.959	80.866	56.557	223.51	344.19	9.0976	1.5143e-05	0.082471
388.65	8.3916	405.12	0.0024684	16.302	16.655	56.916	49.381	168.24	537.94	1.1622	4.7322e-05	0.25894	0.0021927	86.356	0.011580	24.293	25.948	80.829	56.604	224.88	343.96	9.0817	1.5163e-05	0.082782
388.77	8.4105	404.62	0.0024715	16.318	16.672	56.957	49.403	168.99	536.49	1.1696	4.7225e-05	0.25864	0.0021735	86.682	0.011536	24.285	25.937	80.790	56.651	226.28	343.74	9.0658	1.5183e-05	0.083096
388.89	8.4294	404.12	0.0024745	16.333	16.689	56.999	49.426	169.75	535.04	1.1771	4.7128e-05	0.25835	0.0021543	87.010	0.011493	24.276	25.926	80.752	56.698	227.69	343.51	9.0500	1.5203e-05	0.083412
389.02	8.4483	403.61	0.0024776	16.349	16.706	57.041	49.448	170.52	533.59	1.1847	4.7031e-05	0.25806	0.0021352	87.339	0.011450	24.268	25.915	80.714	56.745	229.13	343.28	9.0341	1.5222e-05	0.083731
389.14	8.4673	403.11	0.0024807	16.365	16.723	57.082	49.471	171.30	532.14	1.1923	4.6935e-05	0.25777	0.0021161	87.670	0.011406	24.259	25.904	80.676	56.793	230.58	343.05	9.0182	1.5242e-05	0.084053
389.26	8.4862	402.60	0.0024838	16.381	16.740	57.124	49.494	172.09	530.70	1.1999	4.6838e-05	0.25747	0.0020971	88.002	0.011363	24.250	25.892	80.637	56.841	232.05	342.82	9.0023	1.5263e-05	0.084378
389.38	8.5051	402.10	0.0024870	16.396	16.757	57.166	49.517	172.89	529.25	1.2077	4.6741e-05	0.25718	0.0020782	88.336	0.011320	24.241	25.881	80.599	56.889	233.54	342.59	8.9863	1.5283e-05	0.084705
389.50	8.5241	401.59	0.0024901	16.412	16.774	57.207	49.541	173.70	527.80	1.2154	4.6644e-05	0.25689	0.0020593	88.671	0.011278	24.233	25.870	80.560	56.937	235.06	342.36	8.9704	1.5303e-05	0.085035
389.62	8.5430	401.08	0.0024933	16.428	16.791	57.249	49.564	174.52	526.35	1.2233	4.6548e-05	0.25661	0.0020405	89.008	0.011235	24.224	25.858	80.522	56.986	236.59	342.13	8.9545	1.5324e-05	0.085368
389.74	8.5619	400.56	0.0024965	16.444	16.808	57.291	49.588	175.35	524.90	1.2312	4.6451e-05	0.25632	0.0020217	89.346	0.011192	24.215	25.847	80.483	57.034	238.14	341.90	8.9385	1.5344e-05	0.085704
389.87	8.5809	400.05	0.0024997	16.460	16.825	57.333	49.612	176.19	523.46	1.2391	4.6354e-05	0.25603	0.0020031	89.686	0.011150	24.206	25.835	80.444	57.084	239.72	341.67	8.9225	1.5365e-05	0.086043
389.99	8.5998	399.54	0.0025029	16.476	16.842	57.375	49.636	177.05	522.01	1.2471	4.6258e-05	0.25574	0.0019844	90.027	0.011108	24.197	25.824	80.405	57.133	241.32	341.44	8.9066	1.5385e-05	0.086385
390.11	8.6187	399.02	0.0025061	16.491	16.859	57.417	49.660	177.91	520.56	1.2552	4.6161e-05	0.25546	0.0019659	90.370	0.011066	24.188	25.812	80.366	57.183	242.94	341.20	8.8906	1.5406e-05	0.086730
390.23	8.6376	398.51	0.0025094	16.507	16.876	57.459	49.684	178.79	519.11	1.2633	4.6065e-05	0.25517	0.0019474	90.714	0.011024	24.179	25.800	80.327	57.233	244.58	340.97	8.8746	1.5427e-05	0.087078
390.35	8.6566	397.99	0.0025126	16.523	16.894	57.501	49.709	179.68	517.67	1.2715	4.5968e-05	0.25489	0.0019290	91.061	0.010982	24.170	25.789	80.288	57.283	246.25	340.73	8.8585	1.5448e-05	0.087430
390.47	8.6755	397.47	0.0025159	16.539	16.911	57.543	49.734	180.59	516.22	1.2797	4.5872e-05	0.25460	0.0019106	91.408	0.010940	24.160	25.777	80.249	57.334	247.95	340.50	8.8425	1.5470e-05	0.087784
390.59	8.6944	396.95	0.0025192	16.555	16.928	57.585	49.759	181.50	514.77	1.2881	4.5775e-05	0.25432	0.0018923	91.758	0.010898	24.151	25.765	80.209	57.385	249.66	340.26	8.8264	1.5491e-05	0.088142
390.70	8.7134	396.42	0.0025226	16.571	16.945	57.627	49.784	182.43	513.32	1.2964	4.5679e-05	0.25404	0.0018741	92.109	0.010857	24.142	25.753	80.170	57.436	251.41	340.02	8.8103	1.5512e-05	0.088503
390.82	8.7323	395.90	0.0025259	16.587	16.963	57.669	49.810	183.37	511.88	1.3049	4.5582e-05	0.25376	0.0018559	92.462	0.010815	24.133	25.741	80.130	57.488	253.17	339.79	8.7942	1.5534e-05	0.088868
390.94	8.7512	395.37	0.0025293	16.603	16.980	57.711	49.836	184.33	510.43	1.3134	4.5486e-05	0.25348	0.0018378	92.816	0.010774	24.123	25.729	80.090	57.540	254.97	339.55	8.7781	1.5555e-05	0.089235
391.06	8.7701	394.85	0.0025326	16.619	16.997	57.753	49.862	185.30	508.98	1.3220	4.5390e-05	0.25320	0.0018197	93.172	0.010733	24.114	25.717	80.050	57.593	256.79	339.31	8.7620	1.5577e-05	0.089607
391.18	8.7891	394.32	0.0025360	16.635	17.015	57.796	49.888	186.28	507.53	1.3306	4.5293e-05	0.25292	0.0018017	93.530	0.010692	24.104	25.705	80.011	57.646	258.64	339.07	8.7458	1.5599e-05	0.089982
391.30	8.8080	393.79	0.0025394	16.651	17.032	57.838	49.914	187.28	506.09	1.3393	4.5197e-05	0.25265	0.0017838	93.890	0.010651	24.095	25.692	79.970	57.699	260.52	338.83	8.7296	1.5621e-05	0.090360
391.42	8.8269	393.26	0.0025429	16.667	17.049	57.880	49.941	188.29	504.64	1.3481	4.5101e-05	0.25237	0.0017659	94.252	0.010610	24.085	25.680	79.930	57.753	262.43	338.59	8.7134	1.5643e-05	0.090743
391.53	8.8459	392.72	0.0025463	16.683	17.067	57.923	49.968	189.32	503.19	1.3569	4.5004e-05	0.25209	0.0017481	94.615	0.010569	24.075	25.668	79.890	57.807	264.37	338.34	8.6972	1.5665e-05	0.091129
391.65	8.8648	392.19	0.0025498	16.699	17.084	57.965	49.995	190.37	501.74	1.3658	4.4908e-05	0.25182	0.0017304	94.980	0.010528	24.066	25.655	79.850	57.862	266.34	338.10	8.6809	1.5688e-05	0.091519
391.77	8.8837	391.65	0.0025533	16.715	17.102	58.008	50.022	191.43	500.29	1.3748	4.4812e-05	0.25155	0.0017127	95.348	0.010488	24.056	25.643	79.809	57.917	268.34	337.85	8.6646	1.5710e-05	0.091912
391.89	8.9026	391.11	0.0025568	16.731	17.119	58.050	50.050	192.50	498.84	1.3839	4.4715e-05	0.25128	0.0016951	95.717	0.010448	24.046	25.630	79.768	57.972	270.37	337.61	8.6482	1.5733e-05	0.092310
392.00	8.9216	390.57	0.0025604	16.748	17.137	58.093	50.078	193.59	497.39	1.3930	4.4619e-05	0.25100	0.0016776	96.088	0.010407	24.036	25.618	79.728	58.029	272.44	337.36	8.6319	1.5755e-05	0.092712
392.12	8.9405	390.03	0.0025639	16.764	17.154	58.135	50.106	194.70	495.94	1.4022	4.4523e-05	0.25073	0.0016601	96.460	0.010367	24.026	25.605	79.687	58.085	274.54	337.11	8.6155	1.5778e-05	0.093117
392.24	8.9594	389.49	0.0025675	16.780	17.172	58.178	50.134	195.83	494.49	1.4115	4.4426e-05	0.25047	0.0016426	96.835	0.010327	24.016	25.592	79.646	58.142	276.67	336.87	8.5991	1.5801e-05	0.093527
392.35	8.9784	388.94	0.0025711	16.796	17.189	58.221	50.163	196.98	493.04	1.4208	4.4330e-05	0.25020	0.0016253	97.212	0.010287	24.006	25.579	79.604	58.200	278.84	336.62	8.5826	1.5824e-05	0.093941
392.47	8.9973	388.39	0.0025747	16.812	17.207	58.264	50.192	198.14	491.59	1.4303	4.4233e-05	0.24993	0.0016080	97.591	0.010247	23.996	25.566	79.563	58.258	281.05	336.37	8.5661	1.5848e-05	0.094360
392.59	9.0162	387.84	0.0025784	16.829	17.225	58.306	50.221	199.32	490.13	1.4398	4.4137e-05	0.24967	0.0015907	97.972	0.010207	23.986	25.553	79.522	58.316	283.30	336.12	8.5496	1.5871e-05	0.094783
392.70	9.0351	387.29	0.0025820	16.845	17.242	58.349	50.251	200.53	488.68	1.4494	4.4040e-05	0.24940	0.0015735	98.355	0.010167	23.976	25.540	79.480	58.376	285.58	335.86	8.5330	1.5895e-05	0.095210
392.82	9.0541	386.74	0.0025857	16.861	17.260	58.392	50.281	201.75	487.23	1.4590	4.3944e-05	0.24914	0.0015564	98.740	0.010128	23.966	25.527	79.438	58.436	287.90	335.61	8.5164	1.5918e-05	0.095642
392.93	9.0730	386.18	0.0025894	16.878	17.278	58.435	50.311	202.99	485.77	1.4688	4.3847e-05	0.24888	0.0015394	99.127	0.010088	23.955	25.514	79.396	58.496	290.27	335.35	8.4998	1.5942e-05	0.096079
393.05	9.0919	385.63	0.0025932	16.894	17.296	58.479	50.341	204.25	484.32	1.4786	4.3751e-05	0.24862	0.0015224	99.517	0.010049	23.945	25.501	79.354	58.557	292.67	335.10	8.4831	1.5966e-05	0.096520
393.16	9.1109	385.07	0.0025969	16.910	17.313	58.522	50.372	205.54	482.86	1.4885	4.3654e-05	0.24836	0.0015055	99.908	0.010009	23.934	25.487	79.312	58.619	295.12	334.84	8.4663	1.5990e-05	0.096966
393.28	9.1298	384.51	0.0026007	16.927	17.331	58.565	50.403	206.84	481.40	1.4986	4.3558e-05	0.24810	0.0014886	100.30	0.0099699	23.924	25.474	79.270	58.681	297.61	334.58	8.4496	1.6014e-05	0.097418
393.39	9.1487	383.94	0.0026046	16.943	17.349	58.608	50.435	208.17	479.94	1.5086	4.3461e-05	0.24785	0.0014718	100.70	0.0099307	23.913	25.461	79.228	58.744	300.15	334.32	8.4328	1.6039e-05	0.097874
393.51	9.1676	383.38	0.0026084	16.960	17.367	58.652	50.466	209.52	478.48	1.5188	4.3364e-05	0.24759	0.0014550	101.10	0.0098916	23.903	25.447	79.185	58.808	302.73	334.06	8.4159	1.6063e-05	0.098335
393.62	9.1866	382.81	0.0026123	16.976	17.385	58.695	50.499	210.90	477.02	1.5291	4.3268e-05	0.24734	0.0014383	101.50	0.0098525	23.892	25.433	79.142	58.872	305.36	333.80	8.3990	1.6088e-05	0.098802
393.73	9.2055	382.24	0.0026161	16.993	17.403	58.739	50.531	212.29	475.55	1.5394	4.3171e-05	0.24709	0.0014217	101.90	0.0098135	23.881	25.420	79.099	58.937	308.04	333.54	8.3820	1.6113e-05	0.099274
393.85	9.2244	381.67	0.0026201	17.009	17.421	58.782	50.564	213.72	474.09	1.5499	4.3074e-05	0.24684	0.0014052	102.31	0.0097747	23.870	25.406	79.056	59.003	310.77	333.27	8.3650	1.6138e-05	0.099751
393.96	9.2434	381.10	0.0026240	17.026	17.439	58.826	50.597	215.17	472.62	1.5604	4.2977e-05	0.24659	0.0013887	102.71	0.0097358	23.859	25.392	79.013	59.070	313.56	333.01	8.3479	1.6163e-05	0.10023
394.08	9.2623	380.52	0.0026280	17.043	17.457	58.870	50.631	216.64	471.16	1.5711	4.2880e-05	0.24634	0.0013722	103.12	0.0096971	23.848	25.378	78.969	59.137	316.39	332.74	8.3308	1.6189e-05	0.10072
394.19	9.2812	379.94	0.0026320	17.059	17.475	58.914	50.665	218.15	469.69	1.5818	4.2783e-05	0.24610	0.0013558	103.54	0.0096585	23.837	25.364	78.926	59.205	319.28	332.47	8.3137	1.6214e-05	0.10122
394.30	9.3001	379.36	0.0026360	17.076	17.494	58.958	50.700	219.68	468.22	1.5927	4.2686e-05	0.24586	0.0013395	103.95	0.0096199	23.826	25.350	78.882	59.274	322.23	332.20	8.2964	1.6240e-05	0.10172
394.41	9.3191	378.78	0.0026401	17.093	17.512	59.002	50.735	221.24	466.74	1.6036	4.2588e-05	0.24562	0.0013233	104.37	0.0095814	23.815	25.336	78.838	59.344	325.24	331.93	8.2791	1.6266e-05	0.10222
394.53	9.3380	378.19	0.0026442	17.110	17.530	59.046	50.770	222.83	465.27	1.6146	4.2491e-05	0.24538	0.0013071	104.79	0.0095429	23.804	25.321	78.794	59.415	328.31	331.66	8.2618	1.6292e-05	0.10274
394.64	9.3569	377.60	0.0026483	17.126	17.548	59.090	50.806	224.45	463.79	1.6258	4.2394e-05	0.24514	0.0012910	105.21	0.0095045	23.792	25.307	78.750	59.486	331.44	331.38	8.2444	1.6318e-05	0.10326
394.75	9.3759	377.01	0.0026524	17.143	17.567	59.134	50.842	226.10	462.31	1.6370	4.2296e-05	0.24491	0.0012749	105.64	0.0094662	23.781	25.292	78.705	59.559	334.63	331.11	8.2269	1.6345e-05	0.10378
394.86	9.3948	376.42	0.0026566	17.160	17.585	59.179	50.879	227.78	460.83	1.6484	4.2199e-05	0.24467	0.0012589	106.07	0.0094280	23.769	25.278	78.660	59.633	337.89	330.83	8.2094	1.6371e-05	0.10432
394.98	9.4137	375.83	0.0026608	17.177	17.603	59.223	50.917	229.50	459.35	1.6598	4.2101e-05	0.24444	0.0012430	106.50	0.0093898	23.758	25.263	78.616	59.707	341.22	330.55	8.1918	1.6398e-05	0.10485
395.09	9.4327	375.23	0.0026650	17.194	17.622	59.268	50.954	231.25	457.86	1.6714	4.2003e-05	0.24421	0.0012271	106.93	0.0093517	23.746	25.248	78.570	59.783	344.61	330.27	8.1741	1.6425e-05	0.10540
395.20	9.4516	374.63	0.0026693	17.211	17.641	59.313	50.993	233.04	456.37	1.6831	4.1905e-05	0.24399	0.0012113	107.37	0.0093136	23.734	25.233	78.525	59.859	348.08	329.98	8.1564	1.6453e-05	0.10595
395.31	9.4705	374.02	0.0026736	17.228	17.659	59.358	51.032	234.86	454.88	1.6949	4.1807e-05	0.24376	0.0011955	107.81	0.0092756	23.722	25.218	78.480	59.937	351.63	329.70	8.1386	1.6480e-05	0.10651
395.42	9.4894	373.42	0.0026780	17.245	17.678	59.402	51.071	236.72	453.38	1.7068	4.1709e-05	0.24354	0.0011798	108.25	0.0092377	23.710	25.203	78.434	60.016	355.25	329.41	8.1207	1.6508e-05	0.10708
395.53	9.5084	372.81	0.0026823	17.262	17.696	59.448	51.111	238.62	451.89	1.7188	4.1611e-05	0.24332	0.0011642	108.70	0.0091998	23.698	25.188	78.388	60.095	358.95	329.12	8.1028	1.6535e-05	0.10766
395.64	9.5273	372.20	0.0026868	17.279	17.715	59.493	51.152	240.56	450.38	1.7310	4.1513e-05	0.24311	0.0011486	109.15	0.0091619	23.686	25.173	78.342	60.177	362.73	328.83	8.0847	1.6563e-05	0.10824
395.76	9.5462	371.58	0.0026912	17.296	17.734	59.538	51.194	242.54	448.88	1.7432	4.1414e-05	0.24289	0.0011331	109.60	0.0091242	23.674	25.157	78.296	60.259	366.60	328.54	8.0666	1.6592e-05	0.10883
395.87	9.5652	370.96	0.0026957	17.314	17.753	59.583	51.236	244.56	447.37	1.7556	4.1316e-05	0.24268	0.0011177	110.05	0.0090864	23.662	25.142	78.249	60.342	370.56	328.24	8.0485	1.6620e-05	0.10943
395.98	9.5841	370.34	0.0027002	17.331	17.772	59.629	51.278	246.62	445.86	1.7682	4.1217e-05	0.24247	0.0011023	110.51	0.0090487	23.649	25.126	78.202	60.427	374.61	327.94	8.0302	1.6649e-05	0.11004
396.09	9.6030	369.72	0.0027048	17.348	17.791	59.675	51.322	248.74	444.35	1.7808	4.1118e-05	0.24227	0.0010870	110.97	0.0090111	23.637	25.111	78.155	60.513	378.75	327.64	8.0118	1.6678e-05	0.11066
396.20	9.6219	369.09	0.0027094	17.366	17.810	59.720	51.366	250.90	442.83	1.7936	4.1019e-05	0.24207	0.0010717	111.44	0.0089735	23.624	25.095	78.108	60.600	382.99	327.34	7.9934	1.6707e-05	0.11128
396.31	9.6409	368.46	0.0027140	17.383	17.829	59.766	51.411	253.10	441.30	1.8065	4.0920e-05	0.24187	0.0010565	111.91	0.0089359	23.612	25.079	78.060	60.689	387.33	327.04	7.9749	1.6736e-05	0.11192
396.42	9.6598	367.83	0.0027187	17.401	17.848	59.812	51.457	255.36	439.77	1.8196	4.0820e-05	0.24167	0.0010414	112.38	0.0088984	23.599	25.063	78.013	60.779	391.78	326.73	7.9562	1.6766e-05	0.11256
396.52	9.6787	367.19	0.0027234	17.418	17.867	59.858	51.503	257.67	438.24	1.8328	4.0721e-05	0.24148	0.0010264	112.86	0.0088609	23.586	25.047	77.965	60.871	396.34	326.42	7.9375	1.6796e-05	0.11322
396.63	9.6977	366.55	0.0027281	17.436	17.886	59.905	51.550	260.04	436.71	1.8462	4.0621e-05	0.24129	0.0010114	113.33	0.0088234	23.573	25.030	77.916	60.964	401.00	326.11	7.9187	1.6826e-05	0.11388
396.74	9.7166	365.91	0.0027329	17.453	17.906	59.951	51.599	262.46	435.16	1.8597	4.0521e-05	0.24110	0.00099642	113.82	0.0087860	23.560	25.014	77.868	61.058	405.79	325.80	7.8998	1.6856e-05	0.11456
396.85	9.7355	365.26	0.0027378	17.471	17.925	59.998	51.648	264.94	433.62	1.8733	4.0421e-05	0.24092	0.00098154	114.30	0.0087486	23.547	24.997	77.819	61.155	410.69	325.48	7.8808	1.6887e-05	0.11524
396.96	9.7544	364.61	0.0027427	17.489	17.944	60.045	51.698	267.48	432.06	1.8871	4.0321e-05	0.24074	0.00096674	114.79	0.0087113	23.533	24.981	77.770	61.253	415.73	325.16	7.8617	1.6918e-05	0.11594
397.07	9.7734	363.96	0.0027476	17.507	17.964	60.092	51.749	270.08	430.51	1.9011	4.0220e-05	0.24057	0.00095199	115.29	0.0086739	23.520	24.964	77.720	61.352	420.89	324.84	7.8425	1.6949e-05	0.11664
397.18	9.7923	363.30	0.0027526	17.524	17.983	60.139	51.801	272.75	428.94	1.9152	4.0119e-05	0.24040	0.00093731	115.79	0.0086366	23.507	24.947	77.671	61.454	426.19	324.51	7.8232	1.6980e-05	0.11736
397.28	9.8112	362.64	0.0027576	17.542	18.003	60.186	51.855	275.48	427.37	1.9295	4.0018e-05	0.24024	0.00092269	116.29	0.0085993	23.493	24.930	77.621	61.557	431.63	324.18	7.8038	1.7012e-05	0.11809
397.39	9.8302	361.97	0.0027627	17.560	18.023	60.233	51.909	278.29	425.80	1.9439	3.9917e-05	0.24007	0.00090814	116.79	0.0085620	23.479	24.913	77.571	61.662	437.22	323.85	7.7842	1.7044e-05	0.11883
397.50	9.8491	361.30	0.0027678	17.578	18.043	60.281	51.964	281.17	424.21	1.9586	3.9816e-05	0.23992	0.00089365	117.30	0.0085248	23.465	24.895	77.520	61.769	442.96	323.52	7.7646	1.7076e-05	0.11959
397.61	9.8680	360.63	0.0027730	17.597	18.063	60.329	52.021	284.12	422.62	1.9734	3.9714e-05	0.23977	0.00087923	117.82	0.0084876	23.451	24.878	77.469	61.878	448.86	323.18	7.7448	1.7109e-05	0.12035
397.72	9.8869	359.95	0.0027782	17.615	18.083	60.377	52.079	287.15	421.03	1.9883	3.9612e-05	0.23962	0.00086487	118.34	0.0084503	23.437	24.860	77.418	61.989	454.93	322.84	7.7249	1.7142e-05	0.12113
397.82	9.9059	359.27	0.0027835	17.633	18.103	60.425	52.138	290.27	419.42	2.0035	3.9510e-05	0.23948	0.00085057	118.86	0.0084131	23.423	24.842	77.366	62.102	461.16	322.49	7.7049	1.7175e-05	0.12193
397.93	9.9248	358.58	0.0027888	17.651	18.123	60.473	52.199	293.47	417.81	2.0189	3.9407e-05	0.23934	0.00083635	119.39	0.0083759	23.409	24.824	77.314	62.217	467.58	322.15	7.6847	1.7208e-05	0.12273
398.04	9.9437	357.89	0.0027942	17.670	18.143	60.522	52.261	296.76	416.19	2.0344	3.9305e-05	0.23921	0.00082218	119.92	0.0083387	23.394	24.806	77.262	62.335	474.19	321.79	7.6644	1.7242e-05	0.12356
398.14	9.9627	357.19	0.0027996	17.688	18.163	60.570	52.325	300.15	414.56	2.0501	3.9202e-05	0.23909	0.00080809	120.46	0.0083015	23.380	24.788	77.210	62.455	481.00	321.44	7.6440	1.7276e-05	0.12439
398.25	9.9816	356.49	0.0028051	17.707	18.184	60.619	52.390	303.63	412.92	2.0661	3.9098e-05	0.23897	0.00079405	121.00	0.0082643	23.365	24.770	77.157	62.577	488.01	321.08	7.6234	1.7311e-05	0.12525
398.36	10.001	355.79	0.0028107	17.725	18.204	60.668	52.457	307.21	411.28	2.0822	3.8995e-05	0.23885	0.00078009	121.55	0.0082270	23.350	24.751	77.103	62.702	495.24	320.72	7.6027	1.7346e-05	0.12611
398.46	10.019	355.08	0.0028163	17.744	18.225	60.718	52.525	310.90	409.62	2.0986	3.8891e-05	0.23875	0.00076619	122.10	0.0081898	23.335	24.732	77.050	62.829	502.69	320.35	7.5819	1.7381e-05	0.12700
398.57	10.038	354.36	0.0028220	17.763	18.245	60.767	52.595	314.70	407.96	2.1152	3.8786e-05	0.23865	0.00075236	122.66	0.0081526	23.320	24.713	76.996	62.959	510.37	319.97	7.5609	1.7416e-05	0.12790
398.67	10.057	353.64	0.0028277	17.782	18.266	60.817	52.668	318.62	406.28	2.1320	3.8682e-05	0.23855	0.00073859	123.22	0.0081153	23.304	24.694	76.941	63.092	518.30	319.60	7.5397	1.7452e-05	0.12882
398.78	10.076	352.92	0.0028335	17.801	18.287	60.867	52.742	322.66	404.60	2.1490	3.8577e-05	0.23847	0.00072489	123.79	0.0080780	23.289	24.675	76.886	63.228	526.50	319.22	7.5184	1.7489e-05	0.12976
398.89	10.095	352.18	0.0028394	17.820	18.308	60.918	52.818	326.83	402.90	2.1663	3.8471e-05	0.23839	0.00071126	124.37	0.0080407	23.273	24.656	76.831	63.367	534.96	318.83	7.4970	1.7525e-05	0.13072
398.99	10.114	351.45	0.0028454	17.839	18.329	60.968	52.896	331.14	401.19	2.1838	3.8365e-05	0.23832	0.00069770	124.95	0.0080034	23.257	24.636	76.775	63.509	543.70	318.44	7.4753	1.7562e-05	0.13170
399.10	10.133	350.71	0.0028514	17.858	18.350	61.019	52.977	335.58	399.47	2.2015	3.8259e-05	0.23826	0.00068420	125.53	0.0079661	23.241	24.616	76.719	63.654	552.75	318.04	7.4535	1.7600e-05	0.13269
399.20	10.152	349.96	0.0028575	17.878	18.372	61.070	53.059	340.18	397.74	2.2196	3.8152e-05	0.23820	0.00067078	126.12	0.0079287	23.225	24.596	76.663	63.802	562.11	317.64	7.4316	1.7638e-05	0.13371
399.31	10.171	349.20	0.0028637	17.897	18.393	61.121	53.145	344.93	395.99	2.2378	3.8045e-05	0.23816	0.00065742	126.72	0.0078913	23.209	24.576	76.605	63.954	571.80	317.23	7.4094	1.7676e-05	0.13475
399.41	10.190	348.44	0.0028699	17.917	18.415	61.173	53.233	349.84	394.23	2.2564	3.7938e-05	0.23812	0.00064413	127.33	0.0078538	23.192	24.555	76.548	64.109	581.84	316.82	7.3871	1.7715e-05	0.13582
399.51	10.209	347.68	0.0028762	17.936	18.436	61.225	53.323	354.93	392.46	2.2752	3.7830e-05	0.23809	0.00063091	127.94	0.0078163	23.176	24.535	76.490	64.269	592.24	316.40	7.3645	1.7754e-05	0.13691
399.62	10.228	346.91	0.0028826	17.956	18.458	61.277	53.417	360.19	390.68	2.2943	3.7721e-05	0.23808	0.00061776	128.56	0.0077787	23.159	24.514	76.431	64.432	603.03	315.97	7.3418	1.7794e-05	0.13802
399.72	10.247	346.13	0.0028891	17.976	18.480	61.330	53.513	365.66	388.87	2.3137	3.7612e-05	0.23807	0.00060468	129.18	0.0077411	23.142	24.493	76.372	64.599	614.23	315.54	7.3189	1.7834e-05	0.13916
399.83	10.266	345.34	0.0028957	17.996	18.502	61.383	53.612	371.32	387.06	2.3334	3.7503e-05	0.23807	0.00059167	129.81	0.0077034	23.125	24.471	76.313	64.770	625.86	315.10	7.2957	1.7875e-05	0.14032
399.93	10.284	344.55	0.0029024	18.016	18.524	61.436	53.715	377.20	385.22	2.3535	3.7393e-05	0.23809	0.00057874	130.45	0.0076657	23.107	24.450	76.252	64.945	637.95	314.66	7.2724	1.7916e-05	0.14152
400.03	10.303	343.75	0.0029091	18.036	18.547	61.490	53.821	383.31	383.37	2.3738	3.7282e-05	0.23811	0.00056587	131.10	0.0076279	23.089	24.428	76.192	65.126	650.52	314.21	7.2488	1.7958e-05	0.14274
400.14	10.322	342.94	0.0029160	18.057	18.569	61.544	53.931	389.66	381.51	2.3945	3.7171e-05	0.23815	0.00055308	131.75	0.0075900	23.072	24.406	76.130	65.310	663.60	313.75	7.2250	1.8000e-05	0.14400
400.24	10.341	342.12	0.0029229	18.077	18.592	61.598	54.045	396.26	379.62	2.4155	3.7060e-05	0.23820	0.00054035	132.41	0.0075520	23.054	24.384	76.068	65.500	677.23	313.28	7.2010	1.8043e-05	0.14528
400.34	10.360	341.30	0.0029300	18.098	18.615	61.652	54.163	403.14	377.72	2.4369	3.6947e-05	0.23827	0.00052771	133.08	0.0075140	23.035	24.361	76.006	65.695	691.43	312.80	7.1768	1.8086e-05	0.14660
400.45	10.379	340.46	0.0029372	18.118	18.638	61.708	54.285	410.30	375.79	2.4586	3.6834e-05	0.23835	0.00051513	133.76	0.0074759	23.017	24.338	75.943	65.895	706.24	312.32	7.1523	1.8131e-05	0.14796
400.55	10.398	339.62	0.0029444	18.139	18.661	61.763	54.411	417.78	373.85	2.4807	3.6720e-05	0.23844	0.00050263	134.45	0.0074376	22.998	24.315	75.879	66.101	721.71	311.82	7.1275	1.8175e-05	0.14935
400.65	10.417	338.77	0.0029518	18.160	18.684	61.819	54.543	425.58	371.88	2.5033	3.6606e-05	0.23855	0.00049020	135.15	0.0073993	22.979	24.291	75.814	66.313	737.88	311.32	7.1025	1.8220e-05	0.15078
400.75	10.436	337.91	0.0029593	18.182	18.708	61.875	54.679	433.73	369.90	2.5262	3.6491e-05	0.23868	0.00047785	135.85	0.0073608	22.959	24.268	75.749	66.531	754.79	310.81	7.0772	1.8266e-05	0.15226
400.86	10.455	337.05	0.0029670	18.203	18.731	61.932	54.820	442.26	367.89	2.5495	3.6375e-05	0.23882	0.00046557	136.57	0.0073222	22.940	24.244	75.683	66.755	772.49	310.29	7.0516	1.8313e-05	0.15377
400.96	10.474	336.17	0.0029747	18.225	18.755	61.989	54.967	451.18	365.86	2.5733	3.6258e-05	0.23898	0.00045337	137.30	0.0072835	22.920	24.219	75.616	66.986	791.04	309.75	7.0258	1.8360e-05	0.15533
401.06	10.493	335.28	0.0029826	18.246	18.779	62.047	55.120	460.54	363.80	2.5975	3.6141e-05	0.23916	0.00044125	138.03	0.0072447	22.900	24.194	75.549	67.224	810.50	309.21	6.9996	1.8409e-05	0.15694
401.16	10.512	334.38	0.0029906	18.268	18.804	62.105	55.279	470.36	361.71	2.6222	3.6022e-05	0.23935	0.00042921	138.78	0.0072057	22.879	24.169	75.480	67.469	830.94	308.66	6.9732	1.8457e-05	0.15860
401.26	10.531	333.47	0.0029988	18.290	18.828	62.164	55.445	480.67	359.60	2.6473	3.5903e-05	0.23957	0.00041724	139.54	0.0071665	22.859	24.144	75.411	67.722	852.43	308.09	6.9464	1.8507e-05	0.16031
401.36	10.549	332.55	0.0030071	18.313	18.853	62.223	55.618	491.52	357.47	2.6730	3.5783e-05	0.23981	0.00040536	140.31	0.0071272	22.838	24.118	75.341	67.983	875.05	307.51	6.9193	1.8557e-05	0.16207
401.47	10.568	331.62	0.0030155	18.335	18.878	62.283	55.798	502.95	355.30	2.6992	3.5661e-05	0.24008	0.00039355	141.09	0.0070877	22.816	24.092	75.270	68.253	898.90	306.92	6.8919	1.8609e-05	0.16390
401.57	10.587	330.67	0.0030241	18.358	18.903	62.344	55.986	515.00	353.11	2.7259	3.5539e-05	0.24037	0.00038182	141.88	0.0070480	22.794	24.065	75.198	68.531	924.06	306.31	6.8641	1.8661e-05	0.16579
401.67	10.606	329.71	0.0030329	18.381	18.929	62.405	56.182	527.72	350.88	2.7532	3.5416e-05	0.24068	0.00037018	142.69	0.0070082	22.772	24.038	75.125	68.819	950.64	305.69	6.8359	1.8714e-05	0.16774
401.77	10.625	328.74	0.0030419	18.404	18.955	62.467	56.387	541.19	348.62	2.7811	3.5291e-05	0.24102	0.00035862	143.51	0.0069681	22.750	24.011	75.051	69.117	978.78	305.05	6.8074	1.8768e-05	0.16977
401.87	10.644	327.76	0.0030510	18.428	18.981	62.529	56.602	555.45	346.33	2.8096	3.5166e-05	0.24140	0.00034714	144.35	0.0069278	22.727	23.983	74.976	69.425	1008.6	304.40	6.7785	1.8823e-05	0.17187
401.97	10.663	326.76	0.0030604	18.451	19.007	62.592	56.827	570.58	344.00	2.8387	3.5039e-05	0.24180	0.00033575	145.20	0.0068873	22.704	23.954	74.900	69.745	1040.3	303.73	6.7492	1.8879e-05	0.17406
402.07	10.682	325.74	0.0030699	18.475	19.034	62.656	57.062	586.66	341.64	2.8684	3.4911e-05	0.24224	0.00032445	146.06	0.0068465	22.680	23.926	74.823	70.076	1073.9	303.04	6.7195	1.8937e-05	0.17633
402.17	10.701	324.71	0.0030797	18.500	19.061	62.721	57.309	603.79	339.23	2.8989	3.4781e-05	0.24271	0.00031323	146.94	0.0068054	22.656	23.896	74.744	70.419	1109.8	302.33	6.6893	1.8995e-05	0.17869
402.27	10.720	323.66	0.0030896	18.524	19.088	62.787	57.568	622.07	336.79	2.9301	3.4650e-05	0.24323	0.00030210	147.84	0.0067641	22.631	23.866	74.664	70.776	1148.0	301.60	6.6587	1.9055e-05	0.18115
402.37	10.739	322.60	0.0030998	18.549	19.116	62.853	57.840	641.61	334.31	2.9620	3.4517e-05	0.24378	0.00029106	148.75	0.0067225	22.606	23.836	74.583	71.146	1188.9	300.86	6.6276	1.9116e-05	0.18372
402.47	10.758	321.51	0.0031103	18.574	19.144	62.920	58.127	662.55	331.79	2.9947	3.4383e-05	0.24438	0.00028011	149.69	0.0066805	22.581	23.805	74.501	71.531	1232.7	300.09	6.5961	1.9178e-05	0.18640
402.57	10.777	320.41	0.0031210	18.600	19.173	62.989	58.428	685.04	329.22	3.0282	3.4247e-05	0.24503	0.00026925	150.64	0.0066382	22.555	23.773	74.416	71.931	1279.7	299.29	6.5640	1.9242e-05	0.18920
402.67	10.796	319.29	0.0031320	18.626	19.201	63.058	58.746	709.25	326.60	3.0626	3.4110e-05	0.24573	0.00025849	151.62	0.0065956	22.528	23.741	74.331	72.349	1330.4	298.47	6.5314	1.9307e-05	0.19214
402.77	10.814	318.14	0.0031433	18.652	19.231	63.128	59.081	735.40	323.94	3.0979	3.3970e-05	0.24649	0.00024782	152.61	0.0065525	22.501	23.708	74.243	72.783	1385.0	297.62	6.4982	1.9373e-05	0.19523
402.86	10.833	316.97	0.0031549	18.679	19.261	63.200	59.434	763.70	321.22	3.1341	3.3829e-05	0.24732	0.00023725	153.63	0.0065091	22.473	23.674	74.154	73.237	1444.1	296.75	6.4645	1.9442e-05	0.19847
402.96	10.852	315.78	0.0031668	18.706	19.291	63.273	59.808	794.44	318.45	3.1713	3.3685e-05	0.24822	0.00022678	154.67	0.0064652	22.444	23.639	74.063	73.711	1508.2	295.84	6.4301	1.9512e-05	0.20189
403.06	10.871	314.56	0.0031790	18.733	19.322	63.347	60.204	827.93	315.63	3.2096	3.3539e-05	0.24919	0.00021641	155.74	0.0064208	22.415	23.604	73.970	74.207	1577.9	294.90	6.3951	1.9584e-05	0.20549
403.16	10.890	313.32	0.0031917	18.761	19.353	63.422	60.623	864.54	312.75	3.2489	3.3391e-05	0.25025	0.00020615	156.84	0.0063759	22.385	23.568	73.875	74.725	1654.0	293.93	6.3595	1.9658e-05	0.20931
403.26	10.909	312.04	0.0032047	18.790	19.385	63.499	61.068	904.72	309.81	3.2894	3.3240e-05	0.25140	0.00019599	157.97	0.0063305	22.354	23.530	73.778	75.269	1737.5	292.91	6.3232	1.9734e-05	0.21335
403.36	10.928	310.73	0.0032182	18.819	19.418	63.577	61.541	949.00	306.81	3.3311	3.3086e-05	0.25267	0.00018594	159.12	0.0062844	22.323	23.492	73.679	75.839	1829.2	291.86	6.2861	1.9813e-05	0.21764
403.45	10.947	309.39	0.0032321	18.849	19.451	63.658	62.045	998.01	303.75	3.3741	3.2929e-05	0.25405	0.00017600	160.31	0.0062377	22.290	23.453	73.576	76.438	1930.5	290.76	6.2483	1.9894e-05	0.22222
403.55	10.966	308.02	0.0032466	18.879	19.485	63.740	62.582	1052.5	300.61	3.4184	3.2769e-05	0.25557	0.00016617	161.54	0.0061904	22.257	23.413	73.472	77.068	2042.8	289.62	6.2097	1.9977e-05	0.22711
403.65	10.985	306.60	0.0032615	18.910	19.520	63.824	63.155	1113.5	297.41	3.4641	3.2606e-05	0.25725	0.00015647	162.81	0.0061422	22.222	23.371	73.364	77.732	2168.1	288.43	6.1702	2.0064e-05	0.23236
403.75	11.004	305.15	0.0032771	18.942	19.556	63.910	63.768	1182.1	294.13	3.5114	3.2438e-05	0.25911	0.00014688	164.11	0.0060933	22.187	23.328	73.253	78.433	2308.5	287.18	6.1298	2.0153e-05	0.23800
403.84	11.023	303.64	0.0032933	18.975	19.593	63.998	64.426	1259.7	290.77	3.5602	3.2267e-05	0.26117	0.00013741	165.47	0.0060434	22.150	23.284	73.138	79.173	2466.7	285.86	6.0884	2.0246e-05	0.24409
403.94	11.042	302.09	0.0033103	19.008	19.631	64.089	65.133	1348.2	287.33	3.6107	3.2091e-05	0.26347	0.00012808	166.87	0.0059926	22.111	23.238	73.020	79.957	2646.3	284.49	6.0461	2.0343e-05	0.25071
404.04	11.061	300.48	0.0033280	19.043	19.670	64.183	65.894	1449.9	283.81	3.6630	3.1910e-05	0.26606	0.00011888	168.33	0.0059407	22.072	23.191	72.898	80.789	2851.7	283.04	6.0026	2.0443e-05	0.25791
404.13	11.079	298.82	0.0033465	19.079	19.710	64.280	66.716	1567.8	280.20	3.7172	3.1724e-05	0.26899	0.00010982	169.85	0.0058876	22.031	23.141	72.771	81.673	3088.4	281.51	5.9581	2.0549e-05	0.26581
404.23	11.098	297.08	0.0033661	19.116	19.752	64.381	67.605	1706.0	276.50	3.7735	3.1532e-05	0.27231	0.00010090	171.43	0.0058332	21.988	23.090	72.639	82.615	3363.7	279.89	5.9122	2.0659e-05	0.27452
404.33	11.117	295.27	0.0033867	19.154	19.795	64.485	68.572	1869.8	272.70	3.8318	3.1333e-05	0.27613	9.2134e-05	173.09	0.0057772	21.943	23.036	72.501	83.621	3687.5	278.17	5.8651	2.0775e-05	0.28419
404.42	11.136	293.38	0.0034086	19.194	19.840	64.594	69.625	2066.4	268.80	3.8925	3.1126e-05	0.28056	8.3526e-05	174.84	0.0057196	21.895	22.980	72.358	84.698	4072.9	276.34	5.8166	2.0897e-05	0.29502
404.52	11.155	291.39	0.0034318	19.235	19.887	64.707	70.778	2306.2	264.80	3.9556	3.0911e-05	0.28574	7.5086e-05	176.68	0.0056601	21.846	22.921	72.207	85.856	4538.2	274.39	5.7665	2.1026e-05	0.30725
404.61	11.174	289.29	0.0034567	19.279	19.937	64.827	72.044	2603.9	260.68	4.0212	3.0687e-05	0.29188	6.6823e-05	178.63	0.0055983	21.793	22.859	72.048	87.102	5109.3	272.29	5.7147	2.1164e-05	0.32122
404.71	11.193	287.07	0.0034835	19.325	19.989	64.953	73.444	2981.7	256.46	4.0896	3.0450e-05	0.29929	5.8750e-05	180.70	0.0055340	21.737	22.792	71.880	88.451	5824.3	270.03	5.6611	2.1311e-05	0.33739
404.80	11.212	284.69	0.0035126	19.374	20.044	65.087	75.000	3473.8	252.12	4.1610	3.0201e-05	0.30838	5.0880e-05	182.93	0.0054667	21.678	22.722	71.701	89.916	6741.5	267.57	5.6055	2.1470e-05	0.35642
404.90	11.231	282.14	0.0035444	19.426	20.104	65.231	76.741	4136.2	247.65	4.2355	2.9935e-05	0.31979	4.3232e-05	185.33	0.0053957	21.614	22.646	71.509	91.515	7954.1	264.89	5.5477	2.1643e-05	0.37927
404.99	11.250	279.36	0.0035796	19.482	20.168	65.387	78.710	5065.8	243.07	4.3134	2.9650e-05	0.33457	3.5827e-05	187.96	0.0053203	21.544	22.563	71.300	93.271	9620.4	261.93	5.4873	2.1833e-05	0.40742
405.09	11.269	276.30	0.0036192	19.544	20.238	65.558	80.960	6444.8	238.35	4.3950	2.9339e-05	0.35446	2.8694e-05	190.87	0.0052391	21.467	22.472	71.072	95.214	12031.	258.62	5.4240	2.2045e-05	0.44335
405.18	11.288	272.87	0.0036647	19.613	20.317	65.749	83.574	8655.3	233.52	4.4805	2.8995e-05	0.38274	2.1872e-05	194.16	0.0051503	21.380	22.370	70.816	97.385	15781.	254.86	5.3571	2.2286e-05	0.49154
405.28	11.307	268.91	0.0037188	19.692	20.408	65.970	86.684	12638.	228.56	4.5704	2.8604e-05	0.42640	1.5418e-05	197.99	0.0050507	21.280	22.253	70.522	99.842	22289.	250.48	5.2858	2.2570e-05	0.56125
405.37	11.326	264.09	0.0037866	19.788	20.518	66.240	90.538	21402.	223.48	4.6660	2.8137e-05	0.50401	9.4231e-06	202.68	0.0049338	21.159	22.111	70.168	102.69	35933.	245.16	5.2084	2.2922e-05	0.67625
405.47	11.344	257.55	0.0038827	19.918	20.668	66.607	95.753	51325.	218.32	4.7703	2.7519e-05	0.69142	4.0639e-06	209.11	0.0047822	20.996	21.920	69.693	106.13	79358.	238.03	5.1203	2.3413e-05	0.92976
405.56	11.363	233.25	0.0042872	20.421	21.251	68.040	undefined	undefined	undefined	4.9506	2.5357e-05	undefined	0.0000	233.25	0.0042872	20.421	21.251	68.040	undefined	undefined	undefined	4.9506	2.5357e-05	undefined
