Temperature (K)	Pressure (MPa)	Density (l, kg/m3)	Volume (l, m3/kg)	Internal Energy (l, kJ/mol)	Enthalpy (l, kJ/mol)	Entropy (l, J/mol*K)	Cv (l, J/mol*K)	Cp (l, J/mol*K)	Sound Spd. (l, m/s)	Joule-Thomson (l, K/MPa)	Viscosity (l, Pa*s)	Therm. Cond. (l, W/m*K)	Surf. Tension (l, N/m)	Density (v, kg/m3)	Volume (v, m3/kg)	Internal Energy (v, kJ/mol)	Enthalpy (v, kJ/mol)	Entropy (v, J/mol*K)	Cv (v, J/mol*K)	Cp (v, J/mol*K)	Sound Spd. (v, m/s)	Joule-Thomson (v, K/MPa)	Viscosity (v, Pa*s)	Therm. Cond. (v, W/m*K)
83.806	0.068891	1416.8	0.00070583	-4.8531	-4.8512	53.110	21.956	44.570	862.43	-0.40500	0.00029017	0.13368	0.013404	4.0546	0.24663	1.0103	1.6891	131.15	12.972	22.172	168.12	35.712	6.8558e-06	0.0053590
84.769	0.076881	1410.9	0.00070876	-4.8102	-4.8081	53.619	21.800	44.569	855.83	-0.40197	0.00028149	0.13225	0.013163	4.4832	0.22305	1.0191	1.7042	130.44	13.006	22.283	168.90	34.897	6.9416e-06	0.0054311
85.658	0.084871	1405.5	0.00071150	-4.7707	-4.7683	54.083	21.662	44.581	849.71	-0.39892	0.00027379	0.13094	0.012942	4.9082	0.20374	1.0271	1.7179	129.80	13.040	22.390	169.60	34.172	7.0210e-06	0.0054982
86.485	0.092862	1400.4	0.00071407	-4.7340	-4.7313	54.510	21.537	44.602	844.00	-0.39587	0.00026689	0.12972	0.012736	5.3300	0.18762	1.0344	1.7304	129.22	13.072	22.495	170.24	33.522	7.0951e-06	0.0055611
87.258	0.10085	1395.7	0.00071650	-4.6996	-4.6967	54.906	21.423	44.630	838.64	-0.39283	0.00026064	0.12858	0.012545	5.7488	0.17395	1.0410	1.7418	128.69	13.103	22.598	170.83	32.933	7.1646e-06	0.0056204
87.985	0.10884	1391.2	0.00071882	-4.6672	-4.6640	55.276	21.319	44.663	833.57	-0.38979	0.00025495	0.12752	0.012365	6.1651	0.16220	1.0471	1.7524	128.20	13.133	22.698	171.37	32.394	7.2301e-06	0.0056767
88.673	0.11683	1386.9	0.00072103	-4.6365	-4.6332	55.623	21.223	44.701	828.77	-0.38678	0.00024972	0.12651	0.012196	6.5791	0.15200	1.0528	1.7622	127.75	13.162	22.797	171.88	31.899	7.2923e-06	0.0057303
89.326	0.12482	1382.8	0.00072315	-4.6075	-4.6039	55.950	21.134	44.741	824.19	-0.38379	0.00024489	0.12556	0.012036	6.9908	0.14304	1.0580	1.7713	127.32	13.190	22.894	172.35	31.440	7.3514e-06	0.0057815
89.947	0.13281	1379.0	0.00072519	-4.5797	-4.5759	56.259	21.050	44.785	819.82	-0.38081	0.00024042	0.12466	0.011884	7.4007	0.13512	1.0629	1.7799	126.92	13.218	22.989	172.79	31.014	7.4079e-06	0.0058306
90.541	0.14080	1375.2	0.00072715	-4.5532	-4.5492	56.553	20.972	44.831	815.63	-0.37786	0.00023624	0.12379	0.011739	7.8087	0.12806	1.0675	1.7879	126.54	13.245	23.084	173.21	30.616	7.4620e-06	0.0058779
91.110	0.14879	1371.6	0.00072905	-4.5279	-4.5235	56.832	20.898	44.878	811.61	-0.37493	0.00023234	0.12297	0.011600	8.2151	0.12173	1.0718	1.7954	126.19	13.272	23.177	173.60	30.243	7.5140e-06	0.0059235
91.656	0.15678	1368.2	0.00073089	-4.5035	-4.4989	57.099	20.829	44.927	807.73	-0.37203	0.00022867	0.12218	0.011467	8.6199	0.11601	1.0759	1.8025	125.85	13.298	23.269	173.97	29.892	7.5640e-06	0.0059676
92.181	0.16477	1364.9	0.00073267	-4.4800	-4.4751	57.355	20.763	44.978	803.99	-0.36914	0.00022522	0.12142	0.011340	9.0233	0.11082	1.0797	1.8092	125.53	13.323	23.360	174.32	29.561	7.6122e-06	0.0060104
92.687	0.17276	1361.6	0.00073441	-4.4573	-4.4522	57.601	20.700	45.029	800.38	-0.36628	0.00022196	0.12069	0.011217	9.4253	0.10610	1.0833	1.8155	125.22	13.348	23.450	174.65	29.248	7.6589e-06	0.0060518
93.176	0.18075	1358.5	0.00073609	-4.4354	-4.4301	57.836	20.640	45.082	796.88	-0.36344	0.00021888	0.11998	0.011099	9.8261	0.10177	1.0867	1.8216	124.93	13.373	23.539	174.97	28.950	7.7040e-06	0.0060922
93.649	0.18874	1355.5	0.00073774	-4.4142	-4.4086	58.064	20.583	45.135	793.48	-0.36061	0.00021595	0.11930	0.010985	10.226	0.097792	1.0899	1.8273	124.65	13.397	23.627	175.27	28.667	7.7478e-06	0.0061314
94.107	0.19673	1352.5	0.00073935	-4.3936	-4.3878	58.283	20.529	45.189	790.18	-0.35781	0.00021316	0.11864	0.010875	10.624	0.094123	1.0930	1.8327	124.38	13.421	23.715	175.56	28.397	7.7903e-06	0.0061697
94.551	0.20472	1349.7	0.00074092	-4.3736	-4.3676	58.495	20.476	45.243	786.98	-0.35503	0.00021050	0.11800	0.010769	11.022	0.090728	1.0959	1.8379	124.13	13.444	23.802	175.83	28.139	7.8317e-06	0.0062071
94.982	0.21271	1346.9	0.00074245	-4.3542	-4.3479	58.700	20.426	45.298	783.85	-0.35226	0.00020797	0.11738	0.010665	11.419	0.087576	1.0987	1.8429	123.88	13.468	23.888	176.10	27.893	7.8719e-06	0.0062437
95.402	0.22070	1344.2	0.00074396	-4.3353	-4.3288	58.898	20.378	45.354	780.81	-0.34951	0.00020554	0.11678	0.010565	11.814	0.084643	1.1013	1.8476	123.64	13.490	23.974	176.35	27.656	7.9112e-06	0.0062794
95.810	0.22869	1341.5	0.00074543	-4.3169	-4.3101	59.091	20.331	45.409	777.84	-0.34677	0.00020322	0.11620	0.010468	12.209	0.081905	1.1038	1.8521	123.41	13.513	24.059	176.59	27.430	7.9494e-06	0.0063145
96.207	0.23668	1338.9	0.00074688	-4.2990	-4.2919	59.278	20.286	45.466	774.94	-0.34405	0.00020099	0.11563	0.010373	12.603	0.079344	1.1062	1.8564	123.19	13.535	24.144	176.83	27.211	7.9868e-06	0.0063488
96.595	0.24467	1336.4	0.00074830	-4.2815	-4.2742	59.459	20.243	45.522	772.11	-0.34135	0.00019885	0.11508	0.010281	12.997	0.076942	1.1085	1.8606	122.97	13.557	24.228	177.05	27.001	8.0234e-06	0.0063826
96.974	0.25267	1333.9	0.00074969	-4.2644	-4.2568	59.636	20.201	45.579	769.33	-0.33866	0.00019679	0.11454	0.010191	13.389	0.074686	1.1107	1.8645	122.76	13.579	24.312	177.27	26.799	8.0592e-06	0.0064157
97.343	0.26066	1331.4	0.00075107	-4.2477	-4.2398	59.809	20.160	45.635	766.62	-0.33598	0.00019481	0.11401	0.010103	13.781	0.072561	1.1128	1.8683	122.56	13.600	24.395	177.48	26.604	8.0942e-06	0.0064482
97.704	0.26865	1329.1	0.00075242	-4.2313	-4.2232	59.977	20.121	45.692	763.96	-0.33331	0.00019290	0.11350	0.010018	14.173	0.070558	1.1148	1.8720	122.36	13.622	24.478	177.68	26.415	8.1285e-06	0.0064803
98.058	0.27664	1326.7	0.00075375	-4.2153	-4.2070	60.140	20.083	45.750	761.35	-0.33066	0.00019105	0.11299	0.0099344	14.564	0.068664	1.1167	1.8755	122.17	13.643	24.561	177.88	26.232	8.1622e-06	0.0065118
98.403	0.28463	1324.4	0.00075505	-4.1996	-4.1910	60.300	20.046	45.807	758.79	-0.32802	0.00018927	0.11250	0.0098529	14.954	0.066872	1.1185	1.8789	121.98	13.663	24.644	178.07	26.056	8.1952e-06	0.0065428
98.742	0.29262	1322.1	0.00075634	-4.1842	-4.1754	60.456	20.010	45.864	756.28	-0.32539	0.00018754	0.11202	0.0097732	15.344	0.065173	1.1203	1.8821	121.80	13.684	24.726	178.25	25.884	8.2276e-06	0.0065734
99.074	0.30061	1319.9	0.00075762	-4.1691	-4.1600	60.609	19.975	45.922	753.82	-0.32277	0.00018588	0.11155	0.0096952	15.733	0.063561	1.1219	1.8852	121.63	13.704	24.808	178.43	25.718	8.2595e-06	0.0066036
99.399	0.30860	1317.7	0.00075887	-4.1543	-4.1449	60.759	19.940	45.980	751.39	-0.32016	0.00018426	0.11109	0.0096189	16.122	0.062028	1.1235	1.8882	121.45	13.725	24.889	178.60	25.557	8.2908e-06	0.0066333
99.718	0.31659	1315.6	0.00076011	-4.1398	-4.1301	60.905	19.907	46.038	749.01	-0.31756	0.00018269	0.11064	0.0095441	16.510	0.060569	1.1251	1.8911	121.29	13.745	24.970	178.76	25.400	8.3216e-06	0.0066627
100.03	0.32458	1313.5	0.00076133	-4.1255	-4.1156	61.048	19.875	46.096	746.67	-0.31497	0.00018117	0.11020	0.0094709	16.898	0.059178	1.1265	1.8939	121.12	13.765	25.051	178.93	25.248	8.3519e-06	0.0066917
100.34	0.33257	1311.4	0.00076254	-4.1114	-4.1013	61.188	19.844	46.154	744.37	-0.31239	0.00017969	0.10976	0.0093991	17.286	0.057851	1.1280	1.8965	120.96	13.784	25.132	179.08	25.100	8.3817e-06	0.0067204
100.64	0.34056	1309.4	0.00076373	-4.0976	-4.0872	61.326	19.813	46.212	742.10	-0.30981	0.00017826	0.10934	0.0093286	17.673	0.056584	1.1293	1.8991	120.81	13.804	25.213	179.23	24.956	8.4111e-06	0.0067487
100.94	0.34855	1307.3	0.00076491	-4.0840	-4.0734	61.461	19.783	46.270	739.86	-0.30725	0.00017687	0.10892	0.0092594	18.060	0.055372	1.1306	1.9016	120.66	13.823	25.294	179.38	24.815	8.4401e-06	0.0067767
101.23	0.35654	1305.3	0.00076608	-4.0707	-4.0597	61.593	19.754	46.329	737.66	-0.30469	0.00017551	0.10851	0.0091916	18.446	0.054211	1.1318	1.9040	120.51	13.843	25.374	179.52	24.679	8.4686e-06	0.0068044
101.52	0.36453	1303.4	0.00076724	-4.0575	-4.0463	61.723	19.725	46.387	735.49	-0.30214	0.00017419	0.10810	0.0091249	18.833	0.053099	1.1330	1.9063	120.36	13.862	25.454	179.66	24.545	8.4967e-06	0.0068318
101.80	0.37252	1301.4	0.00076838	-4.0445	-4.0331	61.851	19.697	46.445	733.35	-0.29959	0.00017290	0.10771	0.0090594	19.219	0.052033	1.1342	1.9085	120.22	13.881	25.534	179.80	24.415	8.5245e-06	0.0068589
102.08	0.38051	1299.5	0.00076951	-4.0318	-4.0201	61.977	19.670	46.504	731.24	-0.29705	0.00017165	0.10731	0.0089950	19.604	0.051009	1.1353	1.9106	120.08	13.900	25.614	179.93	24.287	8.5519e-06	0.0068858
102.35	0.38850	1297.6	0.00077063	-4.0192	-4.0072	62.100	19.643	46.563	729.16	-0.29452	0.00017042	0.10693	0.0089317	19.990	0.050025	1.1363	1.9127	119.94	13.919	25.694	180.06	24.163	8.5789e-06	0.0069124
102.62	0.39649	1295.8	0.00077174	-4.0067	-3.9945	62.221	19.617	46.621	727.10	-0.29199	0.00016923	0.10656	0.0088694	20.375	0.049080	1.1373	1.9147	119.80	13.937	25.774	180.18	24.042	8.6056e-06	0.0069388
102.89	0.40448	1293.9	0.00077283	-3.9945	-3.9820	62.341	19.591	46.680	725.07	-0.28947	0.00016806	0.10619	0.0088081	20.760	0.048169	1.1383	1.9166	119.67	13.956	25.853	180.31	23.923	8.6320e-06	0.0069649
103.15	0.41247	1292.1	0.00077392	-3.9824	-3.9697	62.458	19.566	46.739	723.07	-0.28695	0.00016693	0.10582	0.0087478	21.145	0.047293	1.1392	1.9184	119.54	13.974	25.933	180.42	23.806	8.6580e-06	0.0069908
103.41	0.42046	1290.3	0.00077500	-3.9705	-3.9575	62.574	19.541	46.798	721.09	-0.28444	0.00016582	0.10546	0.0086885	21.530	0.046448	1.1401	1.9202	119.41	13.992	26.012	180.54	23.693	8.6838e-06	0.0070165
103.66	0.42845	1288.5	0.00077607	-3.9587	-3.9454	62.688	19.517	46.857	719.14	-0.28194	0.00016473	0.10511	0.0086300	21.914	0.045633	1.1409	1.9219	119.29	14.011	26.092	180.65	23.581	8.7093e-06	0.0070420
103.91	0.43644	1286.8	0.00077713	-3.9471	-3.9336	62.800	19.493	46.916	717.20	-0.27943	0.00016367	0.10476	0.0085724	22.299	0.044846	1.1417	1.9236	119.16	14.029	26.171	180.76	23.472	8.7344e-06	0.0070673
104.16	0.44443	1285.0	0.00077818	-3.9356	-3.9218	62.910	19.470	46.975	715.29	-0.27693	0.00016263	0.10442	0.0085156	22.683	0.044086	1.1425	1.9252	119.04	14.047	26.250	180.87	23.365	8.7593e-06	0.0070924
104.41	0.45242	1283.3	0.00077922	-3.9243	-3.9102	63.019	19.447	47.034	713.40	-0.27444	0.00016161	0.10408	0.0084597	23.067	0.043352	1.1432	1.9267	118.92	14.064	26.330	180.97	23.260	8.7840e-06	0.0071173
104.65	0.46041	1281.6	0.00078026	-3.9131	-3.8987	63.126	19.425	47.093	711.54	-0.27195	0.00016061	0.10374	0.0084045	23.451	0.042643	1.1439	1.9282	118.81	14.082	26.409	181.08	23.157	8.8084e-06	0.0071420
104.89	0.46840	1279.9	0.00078129	-3.9020	-3.8874	63.232	19.403	47.152	709.69	-0.26946	0.00015964	0.10341	0.0083502	23.835	0.041956	1.1446	1.9296	118.69	14.100	26.488	181.17	23.056	8.8325e-06	0.0071666
105.12	0.47639	1278.3	0.00078230	-3.8911	-3.8762	63.337	19.382	47.212	707.86	-0.26698	0.00015868	0.10309	0.0082965	24.218	0.041291	1.1452	1.9310	118.58	14.118	26.567	181.27	22.957	8.8564e-06	0.0071910
105.35	0.48438	1276.6	0.00078332	-3.8803	-3.8651	63.440	19.360	47.271	706.05	-0.26450	0.00015775	0.10277	0.0082436	24.602	0.040647	1.1458	1.9323	118.47	14.135	26.647	181.37	22.860	8.8801e-06	0.0072152
105.58	0.49237	1275.0	0.00078432	-3.8696	-3.8541	63.541	19.340	47.331	704.26	-0.26202	0.00015683	0.10245	0.0081914	24.986	0.040023	1.1464	1.9336	118.36	14.153	26.726	181.46	22.765	8.9035e-06	0.0072393
105.81	0.50036	1273.4	0.00078532	-3.8590	-3.8433	63.642	19.319	47.390	702.49	-0.25954	0.00015593	0.10214	0.0081399	25.369	0.039418	1.1469	1.9348	118.25	14.170	26.805	181.55	22.671	8.9267e-06	0.0072632
106.04	0.50835	1271.8	0.00078631	-3.8485	-3.8325	63.741	19.299	47.450	700.73	-0.25707	0.00015504	0.10183	0.0080890	25.753	0.038831	1.1474	1.9360	118.14	14.187	26.884	181.64	22.579	8.9497e-06	0.0072870
106.26	0.51634	1270.2	0.00078729	-3.8381	-3.8219	63.839	19.279	47.510	698.99	-0.25460	0.00015418	0.10152	0.0080388	26.136	0.038261	1.1479	1.9371	118.04	14.204	26.964	181.73	22.488	8.9725e-06	0.0073107
106.48	0.52433	1268.6	0.00078827	-3.8279	-3.8114	63.935	19.260	47.569	697.27	-0.25213	0.00015333	0.10122	0.0079892	26.520	0.037708	1.1484	1.9382	117.93	14.222	27.043	181.81	22.399	8.9951e-06	0.0073342
106.69	0.53232	1267.0	0.00078924	-3.8177	-3.8009	64.031	19.241	47.629	695.57	-0.24966	0.00015249	0.10092	0.0079402	26.903	0.037170	1.1488	1.9392	117.83	14.239	27.122	181.89	22.312	9.0175e-06	0.0073576
106.91	0.54031	1265.5	0.00079021	-3.8077	-3.7906	64.125	19.222	47.689	693.88	-0.24719	0.00015167	0.10063	0.0078918	27.287	0.036648	1.1492	1.9402	117.73	14.256	27.202	181.97	22.226	9.0398e-06	0.0073809
107.12	0.54830	1263.9	0.00079117	-3.7977	-3.7804	64.218	19.203	47.749	692.20	-0.24473	0.00015086	0.10034	0.0078439	27.670	0.036140	1.1496	1.9412	117.63	14.272	27.281	182.05	22.141	9.0618e-06	0.0074041
107.33	0.55629	1262.4	0.00079213	-3.7879	-3.7703	64.310	19.185	47.809	690.54	-0.24227	0.00015007	0.10005	0.0077967	28.053	0.035646	1.1499	1.9421	117.53	14.289	27.361	182.13	22.057	9.0837e-06	0.0074271
107.54	0.56428	1260.9	0.00079307	-3.7781	-3.7602	64.401	19.167	47.870	688.90	-0.23981	0.00014929	0.099763	0.0077499	28.437	0.035166	1.1503	1.9430	117.43	14.306	27.440	182.20	21.975	9.1053e-06	0.0074500
107.75	0.57227	1259.4	0.00079402	-3.7684	-3.7503	64.491	19.150	47.930	687.26	-0.23735	0.00014852	0.099481	0.0077038	28.820	0.034698	1.1506	1.9438	117.34	14.323	27.520	182.28	21.894	9.1269e-06	0.0074729
107.95	0.58026	1257.9	0.00079496	-3.7588	-3.7404	64.581	19.132	47.990	685.65	-0.23489	0.00014777	0.099202	0.0076581	29.204	0.034242	1.1509	1.9446	117.24	14.339	27.599	182.35	21.815	9.1482e-06	0.0074956
108.15	0.58825	1256.5	0.00079589	-3.7493	-3.7306	64.669	19.115	48.051	684.04	-0.23243	0.00014703	0.098927	0.0076129	29.587	0.033798	1.1511	1.9454	117.15	14.356	27.679	182.42	21.736	9.1694e-06	0.0075182
108.35	0.59624	1255.0	0.00079682	-3.7399	-3.7209	64.756	19.098	48.111	682.45	-0.22997	0.00014630	0.098654	0.0075683	29.971	0.033366	1.1514	1.9461	117.06	14.373	27.759	182.49	21.659	9.1905e-06	0.0075408
108.55	0.60423	1253.5	0.00079774	-3.7306	-3.7113	64.842	19.082	48.172	680.87	-0.22751	0.00014558	0.098384	0.0075241	30.355	0.032944	1.1516	1.9468	116.97	14.389	27.839	182.56	21.583	9.2114e-06	0.0075632
108.74	0.61222	1252.1	0.00079866	-3.7213	-3.7018	64.928	19.065	48.233	679.30	-0.22505	0.00014488	0.098117	0.0074804	30.738	0.032533	1.1518	1.9475	116.88	14.406	27.919	182.63	21.507	9.2321e-06	0.0075855
108.94	0.62021	1250.7	0.00079958	-3.7121	-3.6923	65.012	19.049	48.294	677.75	-0.22260	0.00014418	0.097852	0.0074372	31.122	0.032132	1.1520	1.9481	116.79	14.422	27.999	182.69	21.433	9.2527e-06	0.0076078
109.13	0.62820	1249.2	0.00080049	-3.7031	-3.6830	65.096	19.033	48.355	676.21	-0.22014	0.00014350	0.097590	0.0073944	31.506	0.031740	1.1522	1.9487	116.70	14.438	28.079	182.75	21.360	9.2732e-06	0.0076300
109.32	0.63619	1247.8	0.00080139	-3.6940	-3.6737	65.178	19.018	48.416	674.68	-0.21768	0.00014282	0.097331	0.0073520	31.890	0.031358	1.1523	1.9493	116.61	14.455	28.159	182.82	21.288	9.2935e-06	0.0076521
109.51	0.64418	1246.4	0.00080229	-3.6851	-3.6644	65.260	19.002	48.477	673.16	-0.21523	0.00014216	0.097074	0.0073101	32.274	0.030985	1.1524	1.9498	116.53	14.471	28.240	182.88	21.217	9.3137e-06	0.0076741
109.70	0.65217	1245.0	0.00080319	-3.6762	-3.6553	65.342	18.987	48.538	671.65	-0.21277	0.00014150	0.096820	0.0072686	32.658	0.030620	1.1525	1.9503	116.44	14.487	28.320	182.94	21.147	9.3337e-06	0.0076960
109.88	0.66016	1243.6	0.00080409	-3.6674	-3.6462	65.422	18.972	48.600	670.15	-0.21031	0.00014086	0.096568	0.0072275	33.042	0.030264	1.1526	1.9508	116.36	14.503	28.401	183.00	21.078	9.3537e-06	0.0077179
110.07	0.66815	1242.3	0.00080498	-3.6587	-3.6372	65.502	18.957	48.661	668.66	-0.20786	0.00014022	0.096319	0.0071869	33.426	0.029917	1.1527	1.9512	116.27	14.519	28.481	183.05	21.009	9.3735e-06	0.0077397
110.25	0.67614	1240.9	0.00080586	-3.6500	-3.6282	65.581	18.943	48.723	667.19	-0.20540	0.00013959	0.096072	0.0071466	33.811	0.029576	1.1528	1.9516	116.19	14.535	28.562	183.11	20.942	9.3932e-06	0.0077615
110.43	0.68413	1239.6	0.00080674	-3.6414	-3.6193	65.659	18.928	48.785	665.72	-0.20294	0.00013897	0.095827	0.0071067	34.195	0.029244	1.1528	1.9520	116.11	14.551	28.643	183.16	20.875	9.4127e-06	0.0077831
110.61	0.69213	1238.2	0.00080762	-3.6328	-3.6105	65.737	18.914	48.847	664.27	-0.20048	0.00013836	0.095584	0.0070672	34.580	0.028918	1.1528	1.9524	116.03	14.567	28.724	183.22	20.809	9.4322e-06	0.0078047
110.79	0.70012	1236.9	0.00080850	-3.6243	-3.6017	65.813	18.900	48.909	662.82	-0.19802	0.00013776	0.095344	0.0070281	34.965	0.028600	1.1528	1.9527	115.95	14.583	28.806	183.27	20.744	9.4515e-06	0.0078263
110.96	0.70811	1235.5	0.00080937	-3.6159	-3.5930	65.889	18.886	48.971	661.38	-0.19556	0.00013717	0.095106	0.0069893	35.350	0.028289	1.1528	1.9530	115.87	14.599	28.887	183.32	20.680	9.4708e-06	0.0078478
111.14	0.71610	1234.2	0.00081024	-3.6076	-3.5844	65.965	18.872	49.033	659.96	-0.19309	0.00013658	0.094870	0.0069509	35.735	0.027984	1.1528	1.9533	115.79	14.615	28.968	183.37	20.617	9.4899e-06	0.0078692
111.31	0.72409	1232.9	0.00081110	-3.5993	-3.5758	66.040	18.859	49.095	658.54	-0.19063	0.00013600	0.094636	0.0069128	36.120	0.027686	1.1528	1.9536	115.72	14.631	29.050	183.42	20.554	9.5089e-06	0.0078906
111.48	0.73208	1231.6	0.00081196	-3.5910	-3.5673	66.114	18.846	49.158	657.13	-0.18816	0.00013543	0.094403	0.0068751	36.505	0.027393	1.1527	1.9538	115.64	14.646	29.132	183.47	20.492	9.5278e-06	0.0079119
111.65	0.74007	1230.3	0.00081282	-3.5829	-3.5588	66.188	18.833	49.220	655.73	-0.18570	0.00013487	0.094173	0.0068377	36.891	0.027107	1.1526	1.9540	115.56	14.662	29.214	183.52	20.431	9.5467e-06	0.0079332
111.82	0.74806	1229.0	0.00081368	-3.5747	-3.5504	66.261	18.820	49.283	654.34	-0.18323	0.00013431	0.093945	0.0068006	37.276	0.026827	1.1525	1.9542	115.49	14.678	29.296	183.56	20.370	9.5654e-06	0.0079544
111.99	0.75605	1227.7	0.00081453	-3.5667	-3.5421	66.333	18.807	49.346	652.95	-0.18076	0.00013377	0.093719	0.0067639	37.662	0.026552	1.1524	1.9544	115.41	14.693	29.378	183.61	20.310	9.5840e-06	0.0079756
112.16	0.76404	1226.4	0.00081538	-3.5586	-3.5337	66.405	18.794	49.409	651.58	-0.17829	0.00013322	0.093495	0.0067275	38.048	0.026282	1.1523	1.9545	115.34	14.709	29.461	183.65	20.251	9.6025e-06	0.0079967
112.32	0.77203	1225.2	0.00081623	-3.5507	-3.5255	66.476	18.782	49.472	650.21	-0.17582	0.00013269	0.093272	0.0066914	38.434	0.026018	1.1522	1.9546	115.26	14.725	29.543	183.70	20.193	9.6210e-06	0.0080178
112.49	0.78002	1223.9	0.00081707	-3.5428	-3.5173	66.547	18.769	49.535	648.85	-0.17334	0.00013216	0.093052	0.0066556	38.821	0.025759	1.1521	1.9547	115.19	14.740	29.626	183.74	20.135	9.6393e-06	0.0080389
112.65	0.78801	1222.6	0.00081791	-3.5349	-3.5091	66.617	18.757	49.599	647.50	-0.17087	0.00013163	0.092833	0.0066201	39.207	0.025505	1.1519	1.9548	115.12	14.756	29.709	183.78	20.078	9.6576e-06	0.0080599
112.81	0.79600	1221.4	0.00081875	-3.5271	-3.5010	66.686	18.745	49.662	646.16	-0.16839	0.00013112	0.092615	0.0065849	39.594	0.025256	1.1517	1.9548	115.05	14.771	29.792	183.82	20.021	9.6757e-06	0.0080809
112.97	0.80399	1220.1	0.00081959	-3.5193	-3.4930	66.755	18.733	49.726	644.82	-0.16591	0.00013061	0.092400	0.0065500	39.981	0.025012	1.1515	1.9549	114.98	14.787	29.876	183.86	19.965	9.6938e-06	0.0081018
113.13	0.81198	1218.9	0.00082042	-3.5116	-3.4850	66.824	18.722	49.790	643.49	-0.16343	0.00013010	0.092186	0.0065154	40.368	0.024772	1.1513	1.9549	114.91	14.802	29.959	183.90	19.909	9.7118e-06	0.0081227
113.29	0.81997	1217.7	0.00082125	-3.5039	-3.4770	66.892	18.710	49.854	642.17	-0.16094	0.00012960	0.091974	0.0064810	40.756	0.024537	1.1511	1.9549	114.84	14.818	30.043	183.94	19.854	9.7298e-06	0.0081436
113.45	0.82796	1216.4	0.00082208	-3.4963	-3.4691	66.959	18.699	49.918	640.86	-0.15846	0.00012911	0.091763	0.0064470	41.143	0.024305	1.1509	1.9548	114.77	14.833	30.127	183.98	19.800	9.7476e-06	0.0081644
113.60	0.83595	1215.2	0.00082291	-3.4887	-3.4612	67.026	18.687	49.982	639.55	-0.15597	0.00012862	0.091555	0.0064132	41.531	0.024079	1.1507	1.9548	114.70	14.848	30.211	184.02	19.746	9.7654e-06	0.0081852
113.76	0.84394	1214.0	0.00082373	-3.4812	-3.4534	67.093	18.676	50.047	638.26	-0.15348	0.00012814	0.091347	0.0063796	41.919	0.023856	1.1504	1.9547	114.63	14.864	30.295	184.05	19.693	9.7831e-06	0.0082060
113.91	0.85193	1212.8	0.00082455	-3.4737	-3.4456	67.159	18.665	50.112	636.96	-0.15098	0.00012766	0.091141	0.0063464	42.307	0.023637	1.1502	1.9546	114.57	14.879	30.380	184.09	19.640	9.8007e-06	0.0082268
114.07	0.85992	1211.6	0.00082537	-3.4663	-3.4379	67.224	18.654	50.176	635.68	-0.14849	0.00012719	0.090937	0.0063134	42.695	0.023422	1.1499	1.9545	114.50	14.894	30.464	184.12	19.588	9.8182e-06	0.0082475
114.22	0.86791	1210.4	0.00082619	-3.4589	-3.4302	67.289	18.644	50.241	634.40	-0.14599	0.00012672	0.090734	0.0062806	43.084	0.023210	1.1496	1.9544	114.43	14.909	30.549	184.16	19.536	9.8357e-06	0.0082682
114.37	0.87590	1209.2	0.00082700	-3.4515	-3.4226	67.354	18.633	50.306	633.12	-0.14349	0.00012626	0.090533	0.0062481	43.473	0.023003	1.1493	1.9542	114.37	14.925	30.634	184.19	19.485	9.8531e-06	0.0082889
114.52	0.88389	1208.0	0.00082782	-3.4442	-3.4150	67.418	18.623	50.372	631.86	-0.14098	0.00012580	0.090333	0.0062159	43.862	0.022799	1.1490	1.9541	114.30	14.940	30.720	184.23	19.434	9.8705e-06	0.0083095
114.67	0.89188	1206.8	0.00082863	-3.4369	-3.4074	67.482	18.612	50.437	630.60	-0.13848	0.00012535	0.090135	0.0061838	44.251	0.022598	1.1487	1.9539	114.24	14.955	30.805	184.26	19.384	9.8877e-06	0.0083302
114.82	0.89987	1205.6	0.00082944	-3.4297	-3.3998	67.545	18.602	50.502	629.34	-0.13597	0.00012490	0.089938	0.0061521	44.641	0.022401	1.1484	1.9537	114.17	14.970	30.891	184.29	19.334	9.9049e-06	0.0083508
114.96	0.90786	1204.5	0.00083024	-3.4225	-3.3924	67.608	18.592	50.568	628.10	-0.13345	0.00012446	0.089742	0.0061205	45.031	0.022207	1.1481	1.9535	114.11	14.985	30.977	184.32	19.284	9.9221e-06	0.0083714
115.11	0.91585	1203.3	0.00083105	-3.4153	-3.3849	67.671	18.582	50.634	626.86	-0.13094	0.00012402	0.089548	0.0060892	45.421	0.022016	1.1477	1.9532	114.04	15.001	31.063	184.35	19.235	9.9391e-06	0.0083920
115.26	0.92384	1202.1	0.00083185	-3.4082	-3.3775	67.733	18.572	50.700	625.62	-0.12842	0.00012359	0.089355	0.0060581	45.811	0.021829	1.1474	1.9530	113.98	15.016	31.150	184.38	19.187	9.9562e-06	0.0084125
115.40	0.93183	1201.0	0.00083265	-3.4011	-3.3701	67.794	18.562	50.766	624.39	-0.12590	0.00012316	0.089163	0.0060273	46.202	0.021644	1.1470	1.9527	113.92	15.031	31.236	184.41	19.139	9.9731e-06	0.0084331
115.54	0.93982	1199.8	0.00083345	-3.3940	-3.3628	67.856	18.552	50.833	623.17	-0.12337	0.00012273	0.088973	0.0059966	46.593	0.021462	1.1466	1.9524	113.86	15.046	31.323	184.44	19.091	9.9900e-06	0.0084536
115.69	0.94781	1198.7	0.00083425	-3.3870	-3.3554	67.917	18.543	50.900	621.95	-0.12084	0.00012231	0.088784	0.0059662	46.984	0.021284	1.1462	1.9521	113.80	15.061	31.411	184.46	19.044	1.0007e-05	0.0084741
115.83	0.95580	1197.5	0.00083505	-3.3801	-3.3482	67.977	18.533	50.966	620.73	-0.11831	0.00012189	0.088596	0.0059360	47.376	0.021108	1.1458	1.9518	113.73	15.076	31.498	184.49	18.997	1.0024e-05	0.0084946
115.97	0.96379	1196.4	0.00083584	-3.3731	-3.3409	68.037	18.524	51.033	619.53	-0.11577	0.00012148	0.088409	0.0059060	47.767	0.020935	1.1454	1.9515	113.67	15.091	31.586	184.52	18.951	1.0040e-05	0.0085151
116.11	0.97178	1195.3	0.00083663	-3.3662	-3.3337	68.097	18.515	51.100	618.32	-0.11324	0.00012107	0.088224	0.0058762	48.159	0.020764	1.1450	1.9511	113.61	15.106	31.674	184.54	18.905	1.0057e-05	0.0085356
116.25	0.97977	1194.1	0.00083743	-3.3593	-3.3266	68.157	18.506	51.168	617.13	-0.11069	0.00012066	0.088040	0.0058466	48.552	0.020597	1.1446	1.9507	113.55	15.121	31.762	184.57	18.859	1.0074e-05	0.0085561
116.39	0.98776	1193.0	0.00083822	-3.3525	-3.3194	68.216	18.497	51.235	615.93	-0.10815	0.00012026	0.087857	0.0058172	48.944	0.020431	1.1441	1.9504	113.49	15.136	31.850	184.59	18.814	1.0090e-05	0.0085766
116.53	0.99575	1191.9	0.00083900	-3.3457	-3.3123	68.274	18.488	51.303	614.75	-0.10560	0.00011986	0.087675	0.0057881	49.337	0.020269	1.1437	1.9500	113.43	15.151	31.939	184.62	18.769	1.0107e-05	0.0085971
116.66	1.0037	1190.8	0.00083979	-3.3389	-3.3052	68.333	18.479	51.371	613.57	-0.10305	0.00011947	0.087495	0.0057591	49.730	0.020109	1.1432	1.9495	113.38	15.166	32.028	184.64	18.724	1.0123e-05	0.0086175
116.80	1.0117	1189.7	0.00084058	-3.3322	-3.2982	68.391	18.470	51.439	612.39	-0.10049	0.00011908	0.087315	0.0057303	50.124	0.019951	1.1428	1.9491	113.32	15.181	32.117	184.66	18.680	1.0140e-05	0.0086380
116.93	1.0197	1188.6	0.00084136	-3.3255	-3.2912	68.448	18.462	51.507	611.22	-0.097928	0.00011869	0.087137	0.0057017	50.517	0.019795	1.1423	1.9487	113.26	15.196	32.206	184.68	18.636	1.0156e-05	0.0086584
117.07	1.0277	1187.4	0.00084214	-3.3188	-3.2842	68.506	18.453	51.576	610.05	-0.095364	0.00011831	0.086959	0.0056733	50.911	0.019642	1.1418	1.9482	113.20	15.210	32.296	184.71	18.593	1.0172e-05	0.0086789
117.20	1.0357	1186.3	0.00084292	-3.3121	-3.2773	68.563	18.445	51.645	608.89	-0.092795	0.00011793	0.086783	0.0056450	51.306	0.019491	1.1413	1.9478	113.14	15.225	32.386	184.73	18.549	1.0188e-05	0.0086993
117.34	1.0437	1185.2	0.00084370	-3.3055	-3.2703	68.619	18.437	51.713	607.73	-0.090223	0.00011755	0.086608	0.0056170	51.700	0.019342	1.1408	1.9473	113.09	15.240	32.476	184.75	18.507	1.0205e-05	0.0087198
117.47	1.0517	1184.2	0.00084448	-3.2989	-3.2635	68.676	18.428	51.783	606.58	-0.087646	0.00011718	0.086434	0.0055891	52.095	0.019196	1.1403	1.9468	113.03	15.255	32.567	184.77	18.464	1.0221e-05	0.0087402
117.60	1.0597	1183.1	0.00084526	-3.2924	-3.2566	68.732	18.420	51.852	605.43	-0.085066	0.00011680	0.086261	0.0055614	52.491	0.019051	1.1398	1.9463	112.97	15.270	32.658	184.79	18.422	1.0237e-05	0.0087607
117.73	1.0677	1182.0	0.00084604	-3.2859	-3.2498	68.788	18.412	51.921	604.28	-0.082481	0.00011644	0.086089	0.0055339	52.886	0.018908	1.1393	1.9457	112.92	15.285	32.749	184.81	18.380	1.0253e-05	0.0087811
117.86	1.0757	1180.9	0.00084681	-3.2794	-3.2430	68.843	18.404	51.991	603.15	-0.079892	0.00011607	0.085918	0.0055066	53.282	0.018768	1.1387	1.9452	112.86	15.300	32.840	184.83	18.338	1.0269e-05	0.0088016
117.99	1.0836	1179.8	0.00084759	-3.2729	-3.2362	68.898	18.396	52.061	602.01	-0.077299	0.00011571	0.085748	0.0054794	53.679	0.018629	1.1382	1.9447	112.81	15.314	32.932	184.85	18.297	1.0285e-05	0.0088220
118.12	1.0916	1178.7	0.00084836	-3.2664	-3.2294	68.953	18.389	52.131	600.88	-0.074701	0.00011535	0.085580	0.0054524	54.075	0.018493	1.1376	1.9441	112.75	15.329	33.024	184.86	18.256	1.0301e-05	0.0088425
118.25	1.0996	1177.7	0.00084913	-3.2600	-3.2227	69.008	18.381	52.202	599.75	-0.072100	0.00011500	0.085412	0.0054256	54.472	0.018358	1.1371	1.9435	112.70	15.344	33.117	184.88	18.216	1.0317e-05	0.0088629
118.38	1.1076	1176.6	0.00084990	-3.2536	-3.2160	69.062	18.373	52.272	598.63	-0.069493	0.00011464	0.085245	0.0053990	54.869	0.018225	1.1365	1.9429	112.64	15.359	33.209	184.90	18.175	1.0333e-05	0.0088834
118.50	1.1156	1175.5	0.00085067	-3.2473	-3.2094	69.116	18.366	52.343	597.51	-0.066882	0.00011429	0.085079	0.0053725	55.267	0.018094	1.1359	1.9423	112.59	15.374	33.302	184.92	18.135	1.0349e-05	0.0089039
118.63	1.1236	1174.5	0.00085144	-3.2409	-3.2027	69.170	18.359	52.414	596.40	-0.064267	0.00011395	0.084914	0.0053461	55.665	0.017965	1.1354	1.9417	112.54	15.388	33.395	184.93	18.095	1.0365e-05	0.0089244
118.75	1.1316	1173.4	0.00085221	-3.2346	-3.1961	69.223	18.351	52.485	595.29	-0.061647	0.00011360	0.084749	0.0053199	56.063	0.017837	1.1348	1.9411	112.48	15.403	33.489	184.95	18.056	1.0380e-05	0.0089449
118.88	1.1396	1172.4	0.00085297	-3.2283	-3.1895	69.276	18.344	52.557	594.18	-0.059023	0.00011326	0.084586	0.0052939	56.462	0.017711	1.1342	1.9404	112.43	15.418	33.583	184.96	18.016	1.0396e-05	0.0089654
119.00	1.1476	1171.3	0.00085374	-3.2221	-3.1829	69.329	18.337	52.628	593.08	-0.056394	0.00011292	0.084424	0.0052681	56.861	0.017587	1.1336	1.9398	112.38	15.433	33.677	184.98	17.977	1.0412e-05	0.0089859
119.13	1.1556	1170.3	0.00085450	-3.2158	-3.1764	69.382	18.330	52.700	591.98	-0.053760	0.00011259	0.084263	0.0052423	57.260	0.017464	1.1329	1.9391	112.32	15.447	33.772	184.99	17.939	1.0427e-05	0.0090064
119.25	1.1635	1169.2	0.00085527	-3.2096	-3.1699	69.434	18.323	52.773	590.89	-0.051121	0.00011225	0.084102	0.0052168	57.660	0.017343	1.1323	1.9384	112.27	15.462	33.866	185.01	17.900	1.0443e-05	0.0090269
119.37	1.1715	1168.2	0.00085603	-3.2035	-3.1634	69.486	18.316	52.845	589.80	-0.048477	0.00011192	0.083942	0.0051914	58.060	0.017223	1.1317	1.9378	112.22	15.477	33.962	185.02	17.862	1.0459e-05	0.0090475
119.49	1.1795	1167.1	0.00085679	-3.1973	-3.1569	69.538	18.309	52.918	588.71	-0.045829	0.00011159	0.083784	0.0051661	58.461	0.017105	1.1310	1.9370	112.17	15.492	34.057	185.03	17.824	1.0474e-05	0.0090680
119.62	1.1875	1166.1	0.00085755	-3.1912	-3.1505	69.590	18.302	52.990	587.63	-0.043175	0.00011127	0.083626	0.0051410	58.862	0.016989	1.1304	1.9363	112.12	15.506	34.153	185.05	17.786	1.0490e-05	0.0090886
119.74	1.1955	1165.1	0.00085831	-3.1850	-3.1441	69.641	18.296	53.064	586.55	-0.040517	0.00011094	0.083469	0.0051160	59.263	0.016874	1.1297	1.9356	112.06	15.521	34.249	185.06	17.749	1.0505e-05	0.0091092
119.86	1.2035	1164.0	0.00085907	-3.1790	-3.1377	69.693	18.289	53.137	585.47	-0.037853	0.00011062	0.083313	0.0050912	59.664	0.016760	1.1291	1.9349	112.01	15.536	34.345	185.07	17.712	1.0521e-05	0.0091298
119.98	1.2115	1163.0	0.00085983	-3.1729	-3.1313	69.743	18.283	53.211	584.40	-0.035185	0.00011030	0.083157	0.0050665	60.066	0.016648	1.1284	1.9341	111.96	15.550	34.442	185.08	17.675	1.0536e-05	0.0091504
120.10	1.2195	1162.0	0.00086059	-3.1668	-3.1249	69.794	18.276	53.284	583.33	-0.032511	0.00010998	0.083003	0.0050420	60.469	0.016537	1.1277	1.9334	111.91	15.565	34.540	185.09	17.638	1.0552e-05	0.0091710
120.21	1.2275	1161.0	0.00086135	-3.1608	-3.1186	69.844	18.270	53.358	582.26	-0.029832	0.00010967	0.082849	0.0050176	60.871	0.016428	1.1271	1.9326	111.86	15.580	34.637	185.11	17.601	1.0567e-05	0.0091917
120.33	1.2355	1160.0	0.00086211	-3.1548	-3.1123	69.895	18.264	53.433	581.20	-0.027148	0.00010936	0.082696	0.0049933	61.275	0.016320	1.1264	1.9318	111.81	15.595	34.735	185.12	17.565	1.0582e-05	0.0092124
120.45	1.2434	1158.9	0.00086286	-3.1488	-3.1060	69.945	18.257	53.507	580.14	-0.024458	0.00010905	0.082544	0.0049692	61.678	0.016213	1.1257	1.9310	111.76	15.609	34.833	185.13	17.529	1.0598e-05	0.0092331
120.57	1.2514	1157.9	0.00086362	-3.1429	-3.0997	69.994	18.251	53.582	579.09	-0.021763	0.00010874	0.082392	0.0049452	62.082	0.016108	1.1250	1.9302	111.71	15.624	34.932	185.14	17.493	1.0613e-05	0.0092538
120.68	1.2594	1156.9	0.00086437	-3.1370	-3.0935	70.044	18.245	53.657	578.03	-0.019063	0.00010843	0.082242	0.0049213	62.486	0.016004	1.1242	1.9294	111.66	15.639	35.031	185.15	17.458	1.0628e-05	0.0092745
120.80	1.2674	1155.9	0.00086513	-3.1310	-3.0872	70.093	18.239	53.733	576.99	-0.016357	0.00010813	0.082092	0.0048975	62.891	0.015901	1.1235	1.9286	111.62	15.653	35.130	185.16	17.422	1.0643e-05	0.0092952
120.91	1.2754	1154.9	0.00086588	-3.1251	-3.0810	70.142	18.233	53.808	575.94	-0.013646	0.00010783	0.081943	0.0048739	63.296	0.015799	1.1228	1.9278	111.57	15.668	35.230	185.16	17.387	1.0659e-05	0.0093160
121.03	1.2834	1153.9	0.00086663	-3.1193	-3.0748	70.191	18.227	53.884	574.90	-0.010929	0.00010753	0.081794	0.0048505	63.702	0.015698	1.1221	1.9269	111.52	15.683	35.330	185.17	17.352	1.0674e-05	0.0093368
121.14	1.2914	1152.9	0.00086738	-3.1134	-3.0687	70.240	18.222	53.961	573.86	-0.0082061	0.00010723	0.081647	0.0048271	64.108	0.015599	1.1213	1.9260	111.47	15.697	35.430	185.18	17.317	1.0689e-05	0.0093576
121.26	1.2994	1151.9	0.00086814	-3.1076	-3.0625	70.288	18.216	54.037	572.82	-0.0054779	0.00010694	0.081500	0.0048039	64.514	0.015501	1.1206	1.9252	111.42	15.712	35.531	185.19	17.283	1.0704e-05	0.0093784
121.37	1.3074	1150.9	0.00086889	-3.1018	-3.0564	70.336	18.210	54.114	571.79	-0.0027440	0.00010664	0.081354	0.0047808	64.921	0.015403	1.1198	1.9243	111.37	15.727	35.633	185.20	17.248	1.0719e-05	0.0093993
121.48	1.3154	1149.9	0.00086964	-3.0960	-3.0503	70.384	18.205	54.191	570.76	-4.2612e-06	0.00010635	0.081208	0.0047578	65.328	0.015307	1.1191	1.9234	111.33	15.742	35.734	185.20	17.214	1.0734e-05	0.0094202
121.60	1.3233	1148.9	0.00087039	-3.0902	-3.0442	70.432	18.199	54.268	569.73	0.0027413	0.00010606	0.081063	0.0047349	65.735	0.015212	1.1183	1.9225	111.28	15.756	35.836	185.21	17.180	1.0749e-05	0.0094411
121.71	1.3313	1147.9	0.00087114	-3.0845	-3.0381	70.480	18.194	54.345	568.70	0.0054927	0.00010577	0.080919	0.0047122	66.143	0.015119	1.1175	1.9216	111.23	15.771	35.939	185.22	17.146	1.0764e-05	0.0094620
121.82	1.3393	1146.9	0.00087189	-3.0787	-3.0321	70.527	18.188	54.423	567.68	0.0082500	0.00010549	0.080776	0.0046896	66.552	0.015026	1.1168	1.9207	111.18	15.786	36.041	185.22	17.112	1.0779e-05	0.0094830
121.93	1.3473	1146.0	0.00087264	-3.0730	-3.0260	70.575	18.183	54.501	566.66	0.011013	0.00010520	0.080633	0.0046670	66.961	0.014934	1.1160	1.9198	111.14	15.800	36.145	185.23	17.079	1.0794e-05	0.0095040
122.04	1.3553	1145.0	0.00087338	-3.0673	-3.0200	70.622	18.178	54.580	565.65	0.013783	0.00010492	0.080491	0.0046447	67.370	0.014843	1.1152	1.9188	111.09	15.815	36.248	185.23	17.046	1.0809e-05	0.0095250
122.15	1.3633	1144.0	0.00087413	-3.0616	-3.0140	70.668	18.173	54.659	564.63	0.016558	0.00010464	0.080350	0.0046224	67.780	0.014754	1.1144	1.9179	111.04	15.830	36.352	185.24	17.013	1.0824e-05	0.0095460
122.26	1.3713	1143.0	0.00087488	-3.0560	-3.0080	70.715	18.168	54.738	563.62	0.019340	0.00010436	0.080209	0.0046002	68.190	0.014665	1.1136	1.9169	111.00	15.844	36.457	185.24	16.980	1.0839e-05	0.0095671
122.37	1.3793	1142.0	0.00087563	-3.0503	-3.0021	70.762	18.163	54.817	562.62	0.022127	0.00010409	0.080069	0.0045782	68.601	0.014577	1.1128	1.9160	110.95	15.859	36.561	185.25	16.947	1.0854e-05	0.0095882
122.48	1.3873	1141.1	0.00087638	-3.0447	-2.9961	70.808	18.158	54.896	561.61	0.024921	0.00010381	0.079930	0.0045562	69.012	0.014490	1.1119	1.9150	110.91	15.874	36.667	185.25	16.914	1.0869e-05	0.0096094
122.59	1.3953	1140.1	0.00087712	-3.0391	-2.9902	70.854	18.153	54.976	560.61	0.027721	0.00010354	0.079791	0.0045344	69.423	0.014404	1.1111	1.9140	110.86	15.888	36.772	185.26	16.882	1.0884e-05	0.0096305
122.69	1.4033	1139.1	0.00087787	-3.0335	-2.9843	70.900	18.148	55.056	559.61	0.030528	0.00010327	0.079653	0.0045127	69.835	0.014319	1.1103	1.9130	110.81	15.903	36.879	185.26	16.850	1.0899e-05	0.0096517
122.80	1.4112	1138.2	0.00087861	-3.0279	-2.9784	70.946	18.143	55.137	558.61	0.033341	0.00010300	0.079515	0.0044911	70.248	0.014235	1.1095	1.9120	110.77	15.918	36.985	185.27	16.818	1.0914e-05	0.0096729
122.91	1.4192	1137.2	0.00087936	-3.0224	-2.9725	70.991	18.138	55.218	557.62	0.036160	0.00010273	0.079379	0.0044696	70.661	0.014152	1.1086	1.9110	110.72	15.933	37.092	185.27	16.786	1.0929e-05	0.0096942
123.01	1.4272	1136.2	0.00088011	-3.0168	-2.9667	71.037	18.134	55.299	556.63	0.038986	0.00010246	0.079242	0.0044482	71.074	0.014070	1.1078	1.9099	110.68	15.947	37.199	185.27	16.754	1.0943e-05	0.0097155
123.12	1.4352	1135.3	0.00088085	-3.0113	-2.9608	71.082	18.129	55.380	555.64	0.041819	0.00010219	0.079107	0.0044269	71.488	0.013988	1.1069	1.9089	110.63	15.962	37.307	185.27	16.723	1.0958e-05	0.0097368
123.23	1.4432	1134.3	0.00088160	-3.0058	-2.9550	71.127	18.125	55.462	554.65	0.044657	0.00010193	0.078972	0.0044057	71.902	0.013908	1.1060	1.9079	110.59	15.977	37.416	185.28	16.691	1.0973e-05	0.0097582
123.33	1.4512	1133.3	0.00088234	-3.0003	-2.9492	71.172	18.120	55.544	553.66	0.047503	0.00010167	0.078837	0.0043847	72.317	0.013828	1.1052	1.9068	110.55	15.992	37.524	185.28	16.660	1.0988e-05	0.0097796
123.44	1.4592	1132.4	0.00088309	-2.9948	-2.9434	71.217	18.116	55.626	552.68	0.050355	0.00010141	0.078703	0.0043637	72.732	0.013749	1.1043	1.9058	110.50	16.006	37.634	185.28	16.629	1.1003e-05	0.0098010
123.54	1.4672	1131.4	0.00088383	-2.9894	-2.9376	71.261	18.112	55.709	551.70	0.053214	0.00010115	0.078570	0.0043428	73.148	0.013671	1.1034	1.9047	110.46	16.021	37.743	185.28	16.598	1.1017e-05	0.0098225
123.64	1.4752	1130.5	0.00088458	-2.9839	-2.9318	71.306	18.107	55.792	550.73	0.056080	0.00010089	0.078437	0.0043220	73.564	0.013594	1.1025	1.9036	110.41	16.036	37.853	185.28	16.567	1.1032e-05	0.0098440
123.75	1.4832	1129.5	0.00088532	-2.9785	-2.9260	71.350	18.103	55.875	549.75	0.058953	0.00010063	0.078305	0.0043014	73.981	0.013517	1.1016	1.9025	110.37	16.050	37.964	185.28	16.536	1.1047e-05	0.0098655
123.85	1.4911	1128.6	0.00088606	-2.9731	-2.9203	71.394	18.099	55.959	548.78	0.061832	0.00010038	0.078174	0.0042808	74.398	0.013441	1.1007	1.9014	110.33	16.065	38.075	185.29	16.506	1.1061e-05	0.0098871
123.95	1.4991	1127.6	0.00088681	-2.9677	-2.9146	71.438	18.095	56.043	547.81	0.064719	0.00010012	0.078043	0.0042603	74.815	0.013366	1.0998	1.9003	110.28	16.080	38.187	185.29	16.475	1.1076e-05	0.0099087
124.06	1.5071	1126.7	0.00088755	-2.9623	-2.9089	71.482	18.091	56.127	546.84	0.067612	9.9873e-05	0.077912	0.0042399	75.234	0.013292	1.0989	1.8992	110.24	16.095	38.299	185.29	16.445	1.1091e-05	0.0099304
124.16	1.5151	1125.8	0.00088830	-2.9569	-2.9032	71.525	18.087	56.212	545.87	0.070513	9.9622e-05	0.077783	0.0042197	75.652	0.013218	1.0980	1.8981	110.20	16.110	38.411	185.29	16.415	1.1105e-05	0.0099521
124.26	1.5231	1124.8	0.00088904	-2.9516	-2.8975	71.569	18.083	56.297	544.91	0.073420	9.9373e-05	0.077653	0.0041995	76.071	0.013146	1.0971	1.8969	110.15	16.124	38.524	185.29	16.385	1.1120e-05	0.0099738
124.36	1.5311	1123.9	0.00088978	-2.9462	-2.8918	71.612	18.079	56.382	543.95	0.076335	9.9125e-05	0.077524	0.0041794	76.491	0.013073	1.0962	1.8958	110.11	16.139	38.638	185.29	16.355	1.1135e-05	0.0099956
124.46	1.5391	1122.9	0.00089053	-2.9409	-2.8862	71.655	18.075	56.468	542.99	0.079257	9.8878e-05	0.077396	0.0041594	76.911	0.013002	1.0952	1.8946	110.07	16.154	38.752	185.28	16.326	1.1149e-05	0.010017
124.56	1.5471	1122.0	0.00089127	-2.9356	-2.8805	71.698	18.071	56.554	542.03	0.082186	9.8632e-05	0.077268	0.0041395	77.332	0.012931	1.0943	1.8935	110.02	16.169	38.866	185.28	16.296	1.1164e-05	0.010039
124.66	1.5551	1121.1	0.00089201	-2.9303	-2.8749	71.741	18.068	56.641	541.08	0.085123	9.8388e-05	0.077141	0.0041197	77.753	0.012861	1.0934	1.8923	109.98	16.184	38.981	185.28	16.267	1.1179e-05	0.010061
124.76	1.5631	1120.1	0.00089276	-2.9250	-2.8693	71.784	18.064	56.727	540.12	0.088067	9.8146e-05	0.077015	0.0040999	78.175	0.012792	1.0924	1.8911	109.94	16.198	39.096	185.28	16.237	1.1193e-05	0.010083
124.86	1.5710	1119.2	0.00089350	-2.9198	-2.8637	71.826	18.061	56.815	539.17	0.091018	9.7904e-05	0.076888	0.0040803	78.597	0.012723	1.0915	1.8900	109.90	16.213	39.212	185.28	16.208	1.1208e-05	0.010105
124.96	1.5790	1118.3	0.00089424	-2.9145	-2.8581	71.869	18.057	56.902	538.22	0.093977	9.7664e-05	0.076763	0.0040608	79.019	0.012655	1.0905	1.8888	109.86	16.228	39.329	185.28	16.179	1.1222e-05	0.010127
125.06	1.5870	1117.3	0.00089499	-2.9093	-2.8525	71.911	18.054	56.990	537.28	0.096943	9.7425e-05	0.076638	0.0040413	79.443	0.012588	1.0895	1.8876	109.81	16.243	39.446	185.27	16.150	1.1237e-05	0.010149
125.16	1.5950	1116.4	0.00089573	-2.9040	-2.8470	71.953	18.050	57.078	536.33	0.099917	9.7187e-05	0.076513	0.0040220	79.866	0.012521	1.0886	1.8864	109.77	16.258	39.563	185.27	16.121	1.1252e-05	0.010171
125.25	1.6030	1115.5	0.00089647	-2.8988	-2.8414	71.995	18.047	57.167	535.39	0.10290	9.6951e-05	0.076389	0.0040027	80.291	0.012455	1.0876	1.8851	109.73	16.273	39.682	185.27	16.093	1.1266e-05	0.010194
125.35	1.6110	1114.6	0.00089722	-2.8936	-2.8359	72.037	18.044	57.256	534.45	0.10589	9.6715e-05	0.076265	0.0039835	80.715	0.012389	1.0866	1.8839	109.69	16.288	39.800	185.27	16.064	1.1281e-05	0.010216
125.45	1.6190	1113.6	0.00089796	-2.8884	-2.8304	72.079	18.040	57.345	533.51	0.10888	9.6481e-05	0.076142	0.0039644	81.141	0.012324	1.0856	1.8827	109.65	16.302	39.919	185.26	16.036	1.1295e-05	0.010238
125.55	1.6270	1112.7	0.00089871	-2.8833	-2.8248	72.121	18.037	57.435	532.57	0.11189	9.6248e-05	0.076019	0.0039454	81.567	0.012260	1.0846	1.8814	109.61	16.317	40.039	185.26	16.008	1.1310e-05	0.010260
125.64	1.6350	1111.8	0.00089945	-2.8781	-2.8194	72.162	18.034	57.525	531.64	0.11490	9.6016e-05	0.075897	0.0039264	81.993	0.012196	1.0836	1.8802	109.57	16.332	40.159	185.26	15.979	1.1324e-05	0.010283
125.74	1.6430	1110.9	0.00090019	-2.8729	-2.8139	72.203	18.031	57.615	530.71	0.11792	9.5785e-05	0.075776	0.0039076	82.420	0.012133	1.0826	1.8789	109.53	16.347	40.280	185.25	15.951	1.1339e-05	0.010305
125.83	1.6509	1110.0	0.00090094	-2.8678	-2.8084	72.245	18.028	57.706	529.77	0.12095	9.5556e-05	0.075654	0.0038888	82.848	0.012070	1.0816	1.8776	109.48	16.362	40.401	185.25	15.923	1.1353e-05	0.010328
125.93	1.6589	1109.0	0.00090168	-2.8627	-2.8029	72.286	18.025	57.798	528.84	0.12399	9.5327e-05	0.075534	0.0038701	83.276	0.012008	1.0806	1.8764	109.44	16.377	40.523	185.24	15.895	1.1368e-05	0.010350
126.03	1.6669	1108.1	0.00090243	-2.8576	-2.7975	72.327	18.022	57.889	527.92	0.12703	9.5100e-05	0.075413	0.0038515	83.704	0.011947	1.0795	1.8751	109.40	16.392	40.646	185.24	15.868	1.1382e-05	0.010373
126.12	1.6749	1107.2	0.00090317	-2.8525	-2.7920	72.368	18.019	57.981	526.99	0.13008	9.4874e-05	0.075293	0.0038330	84.133	0.011886	1.0785	1.8738	109.36	16.407	40.769	185.24	15.840	1.1397e-05	0.010395
126.21	1.6829	1106.3	0.00090392	-2.8474	-2.7866	72.408	18.016	58.074	526.07	0.13314	9.4648e-05	0.075174	0.0038146	84.563	0.011825	1.0775	1.8725	109.32	16.422	40.892	185.23	15.813	1.1411e-05	0.010418
126.31	1.6909	1105.4	0.00090466	-2.8423	-2.7812	72.449	18.014	58.167	525.14	0.13621	9.4424e-05	0.075055	0.0037962	84.993	0.011766	1.0764	1.8712	109.28	16.437	41.016	185.23	15.785	1.1426e-05	0.010441
126.40	1.6989	1104.5	0.00090541	-2.8372	-2.7758	72.489	18.011	58.260	524.22	0.13929	9.4201e-05	0.074937	0.0037779	85.424	0.011706	1.0754	1.8699	109.24	16.452	41.141	185.22	15.758	1.1440e-05	0.010464
126.50	1.7069	1103.6	0.00090615	-2.8322	-2.7704	72.530	18.008	58.354	523.31	0.14238	9.3979e-05	0.074819	0.0037597	85.856	0.011647	1.0743	1.8685	109.20	16.467	41.267	185.21	15.731	1.1455e-05	0.010486
126.59	1.7149	1102.7	0.00090690	-2.8271	-2.7650	72.570	18.006	58.448	522.39	0.14547	9.3758e-05	0.074701	0.0037416	86.288	0.011589	1.0733	1.8672	109.16	16.482	41.393	185.21	15.703	1.1469e-05	0.010509
126.68	1.7229	1101.8	0.00090765	-2.8221	-2.7596	72.610	18.003	58.543	521.47	0.14857	9.3538e-05	0.074584	0.0037236	86.720	0.011531	1.0722	1.8659	109.12	16.497	41.519	185.20	15.676	1.1484e-05	0.010532
126.78	1.7308	1100.8	0.00090839	-2.8171	-2.7543	72.650	18.001	58.638	520.56	0.15168	9.3319e-05	0.074467	0.0037056	87.153	0.011474	1.0712	1.8645	109.08	16.512	41.646	185.20	15.650	1.1498e-05	0.010555
126.87	1.7388	1099.9	0.00090914	-2.8121	-2.7489	72.690	17.998	58.733	519.65	0.15480	9.3101e-05	0.074351	0.0036877	87.587	0.011417	1.0701	1.8632	109.04	16.527	41.774	185.19	15.623	1.1513e-05	0.010578
126.96	1.7468	1099.0	0.00090989	-2.8071	-2.7436	72.730	17.996	58.829	518.74	0.15793	9.2884e-05	0.074235	0.0036699	88.022	0.011361	1.0690	1.8618	109.00	16.542	41.902	185.18	15.596	1.1527e-05	0.010601
127.05	1.7548	1098.1	0.00091063	-2.8021	-2.7382	72.770	17.994	58.925	517.83	0.16107	9.2668e-05	0.074119	0.0036521	88.456	0.011305	1.0679	1.8604	108.96	16.557	42.031	185.18	15.569	1.1542e-05	0.010625
127.14	1.7628	1097.2	0.00091138	-2.7971	-2.7329	72.809	17.991	59.022	516.92	0.16421	9.2453e-05	0.074004	0.0036345	88.892	0.011250	1.0668	1.8591	108.93	16.572	42.161	185.17	15.543	1.1556e-05	0.010648
127.23	1.7708	1096.3	0.00091213	-2.7921	-2.7276	72.849	17.989	59.119	516.01	0.16737	9.2239e-05	0.073890	0.0036169	89.328	0.011195	1.0658	1.8577	108.89	16.587	42.291	185.16	15.516	1.1571e-05	0.010671
127.33	1.7788	1095.4	0.00091288	-2.7872	-2.7223	72.888	17.987	59.217	515.11	0.17053	9.2026e-05	0.073775	0.0035993	89.765	0.011140	1.0647	1.8563	108.85	16.603	42.422	185.16	15.490	1.1585e-05	0.010694
127.42	1.7868	1094.5	0.00091363	-2.7822	-2.7170	72.927	17.985	59.315	514.21	0.17370	9.1814e-05	0.073661	0.0035819	90.202	0.011086	1.0635	1.8549	108.81	16.618	42.554	185.15	15.464	1.1599e-05	0.010718
127.51	1.7948	1093.6	0.00091438	-2.7773	-2.7117	72.966	17.983	59.413	513.31	0.17688	9.1602e-05	0.073548	0.0035645	90.640	0.011033	1.0624	1.8535	108.77	16.633	42.686	185.14	15.438	1.1614e-05	0.010741
127.60	1.8028	1092.7	0.00091512	-2.7724	-2.7065	73.005	17.981	59.512	512.41	0.18007	9.1392e-05	0.073435	0.0035472	91.079	0.010980	1.0613	1.8520	108.73	16.648	42.819	185.13	15.412	1.1628e-05	0.010765
127.69	1.8108	1091.9	0.00091587	-2.7675	-2.7012	73.044	17.979	59.612	511.51	0.18327	9.1182e-05	0.073322	0.0035300	91.518	0.010927	1.0602	1.8506	108.69	16.663	42.952	185.13	15.386	1.1643e-05	0.010788
127.78	1.8187	1091.0	0.00091662	-2.7626	-2.6960	73.083	17.977	59.712	510.61	0.18648	9.0974e-05	0.073210	0.0035128	91.957	0.010875	1.0591	1.8492	108.65	16.678	43.086	185.12	15.360	1.1657e-05	0.010812
127.87	1.8267	1090.1	0.00091738	-2.7577	-2.6907	73.122	17.975	59.812	509.72	0.18970	9.0766e-05	0.073098	0.0034957	92.398	0.010823	1.0579	1.8477	108.62	16.694	43.221	185.11	15.334	1.1672e-05	0.010836
127.95	1.8347	1089.2	0.00091813	-2.7528	-2.6855	73.161	17.973	59.913	508.82	0.19293	9.0559e-05	0.072987	0.0034787	92.839	0.010771	1.0568	1.8463	108.58	16.709	43.356	185.10	15.308	1.1686e-05	0.010860
128.04	1.8427	1088.3	0.00091888	-2.7479	-2.6803	73.199	17.971	60.014	507.93	0.19616	9.0353e-05	0.072876	0.0034618	93.280	0.010720	1.0557	1.8448	108.54	16.724	43.493	185.09	15.283	1.1701e-05	0.010883
128.13	1.8507	1087.4	0.00091963	-2.7430	-2.6751	73.237	17.970	60.116	507.04	0.19941	9.0148e-05	0.072765	0.0034449	93.723	0.010670	1.0545	1.8434	108.50	16.739	43.629	185.08	15.257	1.1715e-05	0.010907
128.22	1.8587	1086.5	0.00092038	-2.7382	-2.6698	73.276	17.968	60.218	506.15	0.20266	8.9944e-05	0.072655	0.0034281	94.166	0.010620	1.0534	1.8419	108.46	16.754	43.767	185.07	15.232	1.1730e-05	0.010931
128.31	1.8667	1085.6	0.00092114	-2.7333	-2.6647	73.314	17.966	60.321	505.26	0.20593	8.9740e-05	0.072545	0.0034113	94.609	0.010570	1.0522	1.8404	108.43	16.770	43.905	185.06	15.206	1.1744e-05	0.010955
128.39	1.8747	1084.7	0.00092189	-2.7285	-2.6595	73.352	17.965	60.424	504.38	0.20920	8.9538e-05	0.072435	0.0033946	95.053	0.010520	1.0511	1.8389	108.39	16.785	44.044	185.05	15.181	1.1759e-05	0.010979
128.48	1.8827	1083.8	0.00092264	-2.7237	-2.6543	73.390	17.963	60.528	503.49	0.21248	8.9336e-05	0.072326	0.0033780	95.498	0.010471	1.0499	1.8374	108.35	16.800	44.184	185.05	15.156	1.1773e-05	0.011004
128.57	1.8907	1083.0	0.00092340	-2.7189	-2.6491	73.428	17.962	60.632	502.61	0.21578	8.9135e-05	0.072217	0.0033615	95.944	0.010423	1.0487	1.8359	108.31	16.816	44.324	185.04	15.131	1.1788e-05	0.011028
128.66	1.8986	1082.1	0.00092415	-2.7140	-2.6440	73.466	17.960	60.737	501.72	0.21908	8.8935e-05	0.072108	0.0033450	96.390	0.010375	1.0475	1.8344	108.27	16.831	44.465	185.03	15.106	1.1802e-05	0.011052
128.74	1.9066	1081.2	0.00092491	-2.7092	-2.6388	73.504	17.959	60.842	500.84	0.22239	8.8735e-05	0.072000	0.0033286	96.837	0.010327	1.0464	1.8329	108.24	16.846	44.607	185.02	15.081	1.1816e-05	0.011077
128.83	1.9146	1080.3	0.00092566	-2.7045	-2.6337	73.541	17.958	60.948	499.96	0.22572	8.8537e-05	0.071892	0.0033122	97.284	0.010279	1.0452	1.8314	108.20	16.862	44.750	185.00	15.056	1.1831e-05	0.011101
128.91	1.9226	1079.4	0.00092642	-2.6997	-2.6285	73.579	17.956	61.055	499.08	0.22905	8.8339e-05	0.071785	0.0032960	97.732	0.010232	1.0440	1.8298	108.16	16.877	44.893	184.99	15.031	1.1845e-05	0.011126
129.00	1.9306	1078.5	0.00092718	-2.6949	-2.6234	73.616	17.955	61.161	498.21	0.23239	8.8142e-05	0.071678	0.0032797	98.181	0.010185	1.0428	1.8283	108.13	16.892	45.037	184.98	15.007	1.1860e-05	0.011150
129.09	1.9386	1077.7	0.00092793	-2.6901	-2.6183	73.654	17.954	61.269	497.33	0.23574	8.7946e-05	0.071571	0.0032636	98.630	0.010139	1.0416	1.8268	108.09	16.908	45.182	184.97	14.982	1.1874e-05	0.011175
129.17	1.9466	1076.8	0.00092869	-2.6854	-2.6132	73.691	17.953	61.377	496.46	0.23911	8.7750e-05	0.071465	0.0032475	99.080	0.010093	1.0404	1.8252	108.05	16.923	45.327	184.96	14.957	1.1889e-05	0.011199
129.26	1.9546	1075.9	0.00092945	-2.6806	-2.6081	73.728	17.952	61.485	495.58	0.24248	8.7555e-05	0.071359	0.0032315	99.531	0.010047	1.0391	1.8236	108.01	16.939	45.474	184.95	14.933	1.1903e-05	0.011224
129.34	1.9626	1075.0	0.00093021	-2.6759	-2.6030	73.765	17.951	61.594	494.71	0.24586	8.7361e-05	0.071253	0.0032155	99.983	0.010002	1.0379	1.8221	107.98	16.954	45.621	184.94	14.908	1.1918e-05	0.011249
129.43	1.9706	1074.1	0.00093097	-2.6712	-2.5979	73.802	17.950	61.704	493.84	0.24926	8.7168e-05	0.071148	0.0031996	100.43	0.0099567	1.0367	1.8205	107.94	16.969	45.769	184.93	14.884	1.1932e-05	0.011274
129.51	1.9785	1073.3	0.00093173	-2.6664	-2.5928	73.839	17.949	61.814	492.97	0.25266	8.6975e-05	0.071043	0.0031837	100.89	0.0099120	1.0355	1.8189	107.90	16.985	45.917	184.92	14.860	1.1947e-05	0.011299
129.59	1.9865	1072.4	0.00093249	-2.6617	-2.5877	73.876	17.948	61.925	492.10	0.25607	8.6783e-05	0.070938	0.0031680	101.34	0.0098676	1.0342	1.8173	107.87	17.000	46.067	184.91	14.836	1.1962e-05	0.011324
129.68	1.9945	1071.5	0.00093326	-2.6570	-2.5827	73.913	17.947	62.036	491.23	0.25950	8.6592e-05	0.070834	0.0031522	101.80	0.0098236	1.0330	1.8157	107.83	17.016	46.217	184.89	14.811	1.1976e-05	0.011349
129.76	2.0025	1070.6	0.00093402	-2.6523	-2.5776	73.950	17.947	62.148	490.37	0.26293	8.6402e-05	0.070729	0.0031366	102.25	0.0097799	1.0318	1.8141	107.79	17.031	46.368	184.88	14.787	1.1991e-05	0.011375
129.84	2.0105	1069.8	0.00093478	-2.6476	-2.5725	73.986	17.946	62.260	489.50	0.26638	8.6212e-05	0.070626	0.0031210	102.71	0.0097365	1.0305	1.8125	107.76	17.047	46.520	184.87	14.763	1.2005e-05	0.011400
129.93	2.0185	1068.9	0.00093555	-2.6429	-2.5675	74.023	17.945	62.373	488.64	0.26984	8.6023e-05	0.070522	0.0031054	103.16	0.0096934	1.0292	1.8109	107.72	17.062	46.673	184.86	14.739	1.2020e-05	0.011426
130.01	2.0265	1068.0	0.00093631	-2.6383	-2.5625	74.059	17.945	62.486	487.77	0.27331	8.5834e-05	0.070419	0.0030899	103.62	0.0096507	1.0280	1.8092	107.69	17.078	46.826	184.84	14.716	1.2034e-05	0.011451
130.09	2.0345	1067.1	0.00093708	-2.6336	-2.5574	74.096	17.944	62.601	486.91	0.27678	8.5647e-05	0.070316	0.0030745	104.08	0.0096082	1.0267	1.8076	107.65	17.094	46.981	184.83	14.692	1.2049e-05	0.011477
130.18	2.0425	1066.3	0.00093784	-2.6289	-2.5524	74.132	17.943	62.715	486.05	0.28027	8.5460e-05	0.070214	0.0030592	104.54	0.0095661	1.0254	1.8060	107.61	17.109	47.136	184.82	14.668	1.2063e-05	0.011502
130.26	2.0505	1065.4	0.00093861	-2.6243	-2.5474	74.168	17.943	62.831	485.19	0.28377	8.5273e-05	0.070112	0.0030438	105.00	0.0095242	1.0242	1.8043	107.58	17.125	47.292	184.81	14.644	1.2078e-05	0.011528
130.34	2.0584	1064.5	0.00093938	-2.6196	-2.5424	74.204	17.943	62.947	484.33	0.28729	8.5088e-05	0.070010	0.0030286	105.46	0.0094827	1.0229	1.8027	107.54	17.140	47.449	184.79	14.621	1.2093e-05	0.011554
130.42	2.0664	1063.7	0.00094015	-2.6150	-2.5374	74.240	17.942	63.063	483.47	0.29081	8.4903e-05	0.069908	0.0030134	105.92	0.0094415	1.0216	1.8010	107.50	17.156	47.607	184.78	14.597	1.2107e-05	0.011580
130.50	2.0744	1062.8	0.00094092	-2.6104	-2.5324	74.276	17.942	63.180	482.62	0.29434	8.4718e-05	0.069807	0.0029983	106.38	0.0094005	1.0203	1.7993	107.47	17.172	47.766	184.77	14.574	1.2122e-05	0.011606
130.58	2.0824	1061.9	0.00094169	-2.6057	-2.5274	74.312	17.942	63.298	481.76	0.29789	8.4534e-05	0.069706	0.0029832	106.84	0.0093598	1.0190	1.7976	107.43	17.187	47.925	184.75	14.550	1.2136e-05	0.011632
130.67	2.0904	1061.1	0.00094246	-2.6011	-2.5224	74.348	17.941	63.416	480.91	0.30144	8.4351e-05	0.069606	0.0029682	107.30	0.0093195	1.0177	1.7960	107.40	17.203	48.086	184.74	14.527	1.2151e-05	0.011658
130.75	2.0984	1060.2	0.00094323	-2.5965	-2.5175	74.384	17.941	63.535	480.05	0.30501	8.4169e-05	0.069505	0.0029532	107.77	0.0092794	1.0164	1.7943	107.36	17.219	48.247	184.73	14.504	1.2166e-05	0.011684
130.83	2.1064	1059.3	0.00094400	-2.5919	-2.5125	74.419	17.941	63.655	479.20	0.30859	8.3987e-05	0.069405	0.0029383	108.23	0.0092395	1.0151	1.7926	107.33	17.234	48.409	184.71	14.480	1.2180e-05	0.011711
130.91	2.1144	1058.5	0.00094477	-2.5873	-2.5075	74.455	17.941	63.775	478.35	0.31218	8.3805e-05	0.069305	0.0029235	108.70	0.0092000	1.0138	1.7908	107.29	17.250	48.573	184.70	14.457	1.2195e-05	0.011737
130.99	2.1224	1057.6	0.00094555	-2.5827	-2.5026	74.491	17.941	63.896	477.50	0.31578	8.3625e-05	0.069206	0.0029087	109.16	0.0091607	1.0124	1.7891	107.25	17.266	48.737	184.68	14.434	1.2210e-05	0.011763
131.07	2.1304	1056.7	0.00094632	-2.5782	-2.4976	74.526	17.941	64.018	476.65	0.31940	8.3445e-05	0.069107	0.0028939	109.63	0.0091217	1.0111	1.7874	107.22	17.282	48.902	184.67	14.411	1.2224e-05	0.011790
131.15	2.1383	1055.9	0.00094710	-2.5736	-2.4927	74.562	17.941	64.140	475.80	0.32302	8.3265e-05	0.069008	0.0028792	110.10	0.0090830	1.0098	1.7857	107.18	17.298	49.068	184.66	14.388	1.2239e-05	0.011817
131.23	2.1463	1055.0	0.00094788	-2.5690	-2.4877	74.597	17.941	64.263	474.95	0.32666	8.3086e-05	0.068909	0.0028646	110.56	0.0090445	1.0084	1.7839	107.15	17.313	49.235	184.64	14.365	1.2254e-05	0.011843
131.31	2.1543	1054.1	0.00094865	-2.5644	-2.4828	74.632	17.941	64.387	474.11	0.33031	8.2908e-05	0.068811	0.0028500	111.03	0.0090063	1.0071	1.7822	107.11	17.329	49.403	184.63	14.342	1.2268e-05	0.011870
131.38	2.1623	1053.3	0.00094943	-2.5599	-2.4779	74.667	17.942	64.511	473.26	0.33397	8.2730e-05	0.068713	0.0028355	111.50	0.0089684	1.0057	1.7804	107.08	17.345	49.572	184.61	14.319	1.2283e-05	0.011897
131.46	2.1703	1052.4	0.00095021	-2.5553	-2.4730	74.702	17.942	64.636	472.42	0.33765	8.2553e-05	0.068615	0.0028210	111.97	0.0089307	1.0044	1.7787	107.04	17.361	49.742	184.60	14.297	1.2298e-05	0.011924
131.54	2.1783	1051.5	0.00095099	-2.5508	-2.4680	74.737	17.942	64.761	471.57	0.34133	8.2376e-05	0.068518	0.0028066	112.45	0.0088932	1.0030	1.7769	107.01	17.377	49.913	184.58	14.274	1.2313e-05	0.011952
131.62	2.1863	1050.7	0.00095178	-2.5463	-2.4631	74.772	17.943	64.888	470.73	0.34503	8.2200e-05	0.068420	0.0027922	112.92	0.0088560	1.0017	1.7751	106.97	17.393	50.085	184.57	14.251	1.2327e-05	0.011979
131.70	2.1943	1049.8	0.00095256	-2.5417	-2.4582	74.807	17.943	65.015	469.89	0.34874	8.2025e-05	0.068323	0.0027779	113.39	0.0088191	1.0003	1.7733	106.94	17.409	50.258	184.55	14.229	1.2342e-05	0.012006
131.78	2.2023	1048.9	0.00095334	-2.5372	-2.4533	74.842	17.943	65.143	469.05	0.35247	8.1850e-05	0.068227	0.0027636	113.86	0.0087824	0.99892	1.7716	106.90	17.425	50.432	184.54	14.206	1.2357e-05	0.012034
131.85	2.2103	1048.1	0.00095413	-2.5327	-2.4484	74.877	17.944	65.271	468.21	0.35620	8.1676e-05	0.068130	0.0027494	114.34	0.0087459	0.99754	1.7698	106.87	17.441	50.608	184.52	14.183	1.2372e-05	0.012061
131.93	2.2182	1047.2	0.00095491	-2.5282	-2.4436	74.912	17.944	65.400	467.37	0.35995	8.1502e-05	0.068034	0.0027353	114.81	0.0087097	0.99615	1.7680	106.83	17.457	50.784	184.50	14.161	1.2387e-05	0.012089
132.01	2.2262	1046.4	0.00095570	-2.5237	-2.4387	74.946	17.945	65.530	466.53	0.36371	8.1328e-05	0.067938	0.0027211	115.29	0.0086737	0.99476	1.7661	106.80	17.473	50.961	184.49	14.139	1.2401e-05	0.012116
132.09	2.2342	1045.5	0.00095649	-2.5192	-2.4338	74.981	17.946	65.661	465.69	0.36748	8.1156e-05	0.067842	0.0027071	115.77	0.0086380	0.99336	1.7643	106.76	17.489	51.139	184.47	14.116	1.2416e-05	0.012144
132.16	2.2422	1044.6	0.00095727	-2.5147	-2.4289	75.016	17.946	65.792	464.85	0.37127	8.0983e-05	0.067747	0.0026931	116.25	0.0086025	0.99196	1.7625	106.73	17.505	51.319	184.46	14.094	1.2431e-05	0.012172
132.24	2.2502	1043.8	0.00095806	-2.5102	-2.4241	75.050	17.947	65.924	464.02	0.37507	8.0812e-05	0.067652	0.0026791	116.72	0.0085672	0.99055	1.7607	106.69	17.521	51.499	184.44	14.072	1.2446e-05	0.012200
132.32	2.2582	1042.9	0.00095885	-2.5057	-2.4192	75.085	17.948	66.057	463.18	0.37888	8.0640e-05	0.067557	0.0026652	117.20	0.0085321	0.98913	1.7588	106.66	17.537	51.681	184.42	14.049	1.2461e-05	0.012228
132.39	2.2662	1042.1	0.00095965	-2.5012	-2.4144	75.119	17.949	66.191	462.35	0.38271	8.0470e-05	0.067462	0.0026513	117.68	0.0084973	0.98772	1.7570	106.63	17.553	51.863	184.41	14.027	1.2476e-05	0.012257
132.47	2.2742	1041.2	0.00096044	-2.4968	-2.4095	75.153	17.950	66.326	461.51	0.38655	8.0300e-05	0.067368	0.0026375	118.17	0.0084627	0.98629	1.7551	106.59	17.570	52.047	184.39	14.005	1.2491e-05	0.012285
132.55	2.2822	1040.3	0.00096123	-2.4923	-2.4047	75.187	17.951	66.461	460.68	0.39040	8.0130e-05	0.067274	0.0026238	118.65	0.0084283	0.98486	1.7533	106.56	17.586	52.232	184.37	13.983	1.2506e-05	0.012313
132.62	2.2902	1039.5	0.00096203	-2.4878	-2.3998	75.222	17.952	66.597	459.85	0.39426	7.9961e-05	0.067180	0.0026101	119.13	0.0083941	0.98343	1.7514	106.52	17.602	52.418	184.36	13.961	1.2520e-05	0.012342
132.70	2.2982	1038.6	0.00096282	-2.4834	-2.3950	75.256	17.953	66.734	459.02	0.39814	7.9792e-05	0.067087	0.0025964	119.61	0.0083602	0.98199	1.7495	106.49	17.618	52.606	184.34	13.939	1.2535e-05	0.012370
132.77	2.3061	1037.8	0.00096362	-2.4789	-2.3902	75.290	17.954	66.871	458.19	0.40203	7.9624e-05	0.066993	0.0025828	120.10	0.0083264	0.98054	1.7476	106.45	17.635	52.794	184.32	13.917	1.2550e-05	0.012399
132.85	2.3141	1036.9	0.00096442	-2.4745	-2.3853	75.324	17.955	67.010	457.36	0.40594	7.9456e-05	0.066900	0.0025692	120.59	0.0082929	0.97909	1.7457	106.42	17.651	52.984	184.31	13.895	1.2565e-05	0.012428
132.92	2.3221	1036.0	0.00096522	-2.4700	-2.3805	75.358	17.956	67.149	456.53	0.40986	7.9289e-05	0.066807	0.0025557	121.07	0.0082596	0.97763	1.7438	106.39	17.667	53.175	184.29	13.873	1.2580e-05	0.012457
133.00	2.3301	1035.2	0.00096602	-2.4656	-2.3757	75.392	17.957	67.289	455.70	0.41379	7.9122e-05	0.066714	0.0025422	121.56	0.0082265	0.97617	1.7419	106.35	17.684	53.367	184.27	13.851	1.2595e-05	0.012486
133.07	2.3381	1034.3	0.00096682	-2.4612	-2.3709	75.426	17.959	67.430	454.88	0.41773	7.8956e-05	0.066622	0.0025288	122.05	0.0081936	0.97471	1.7400	106.32	17.700	53.560	184.25	13.830	1.2610e-05	0.012515
133.15	2.3461	1033.5	0.00096763	-2.4568	-2.3661	75.459	17.960	67.572	454.05	0.42169	7.8790e-05	0.066530	0.0025154	122.54	0.0081608	0.97323	1.7381	106.28	17.717	53.755	184.24	13.808	1.2626e-05	0.012545
133.22	2.3541	1032.6	0.00096843	-2.4523	-2.3613	75.493	17.961	67.714	453.22	0.42567	7.8625e-05	0.066438	0.0025021	123.03	0.0081283	0.97175	1.7362	106.25	17.733	53.950	184.22	13.786	1.2641e-05	0.012574
133.30	2.3621	1031.7	0.00096924	-2.4479	-2.3565	75.527	17.963	67.858	452.40	0.42966	7.8460e-05	0.066346	0.0024888	123.52	0.0080960	0.97027	1.7342	106.22	17.750	54.147	184.20	13.764	1.2656e-05	0.012604
133.37	2.3701	1030.9	0.00097004	-2.4435	-2.3517	75.560	17.964	68.002	451.57	0.43366	7.8296e-05	0.066255	0.0024756	124.01	0.0080639	0.96878	1.7323	106.18	17.766	54.346	184.18	13.743	1.2671e-05	0.012633
133.44	2.3781	1030.0	0.00097085	-2.4391	-2.3469	75.594	17.966	68.147	450.75	0.43768	7.8132e-05	0.066163	0.0024624	124.50	0.0080320	0.96729	1.7303	106.15	17.783	54.545	184.16	13.721	1.2686e-05	0.012663
133.52	2.3860	1029.2	0.00097166	-2.4347	-2.3421	75.628	17.967	68.293	449.93	0.44171	7.7968e-05	0.066072	0.0024492	125.00	0.0080003	0.96579	1.7284	106.11	17.800	54.746	184.15	13.700	1.2701e-05	0.012693
133.59	2.3940	1028.3	0.00097247	-2.4303	-2.3373	75.661	17.969	68.440	449.11	0.44575	7.7805e-05	0.065982	0.0024361	125.49	0.0079687	0.96428	1.7264	106.08	17.816	54.949	184.13	13.678	1.2716e-05	0.012723
133.67	2.4020	1027.4	0.00097328	-2.4259	-2.3325	75.695	17.971	68.588	448.28	0.44981	7.7643e-05	0.065891	0.0024231	125.99	0.0079374	0.96277	1.7244	106.05	17.833	55.152	184.11	13.657	1.2731e-05	0.012753
133.74	2.4100	1026.6	0.00097410	-2.4215	-2.3278	75.728	17.972	68.737	447.46	0.45389	7.7480e-05	0.065801	0.0024101	126.48	0.0079062	0.96125	1.7224	106.01	17.850	55.357	184.09	13.635	1.2747e-05	0.012783
133.81	2.4180	1025.7	0.00097491	-2.4172	-2.3230	75.761	17.974	68.886	446.64	0.45798	7.7319e-05	0.065711	0.0023971	126.98	0.0078753	0.95973	1.7204	105.98	17.867	55.564	184.07	13.614	1.2762e-05	0.012814
133.88	2.4260	1024.9	0.00097573	-2.4128	-2.3182	75.795	17.976	69.037	445.82	0.46208	7.7157e-05	0.065621	0.0023842	127.48	0.0078445	0.95820	1.7184	105.95	17.883	55.771	184.05	13.592	1.2777e-05	0.012844
133.96	2.4340	1024.0	0.00097654	-2.4084	-2.3135	75.828	17.978	69.189	445.00	0.46620	7.6996e-05	0.065531	0.0023713	127.98	0.0078139	0.95667	1.7164	105.91	17.900	55.980	184.03	13.571	1.2792e-05	0.012875
134.03	2.4420	1023.2	0.00097736	-2.4040	-2.3087	75.861	17.980	69.341	444.19	0.47034	7.6836e-05	0.065441	0.0023585	128.48	0.0077834	0.95513	1.7144	105.88	17.917	56.191	184.01	13.550	1.2808e-05	0.012905
134.10	2.4500	1022.3	0.00097818	-2.3997	-2.3039	75.894	17.982	69.494	443.37	0.47449	7.6676e-05	0.065352	0.0023457	128.98	0.0077532	0.95359	1.7124	105.84	17.934	56.403	183.99	13.528	1.2823e-05	0.012936
134.17	2.4580	1021.4	0.00097901	-2.3953	-2.2992	75.927	17.984	69.649	442.55	0.47865	7.6516e-05	0.065263	0.0023330	129.48	0.0077231	0.95204	1.7104	105.81	17.951	56.616	183.97	13.507	1.2838e-05	0.012967
134.25	2.4659	1020.6	0.00097983	-2.3910	-2.2944	75.960	17.986	69.804	441.74	0.48283	7.6357e-05	0.065174	0.0023203	129.98	0.0076932	0.95048	1.7083	105.78	17.968	56.831	183.95	13.486	1.2854e-05	0.012998
134.32	2.4739	1019.7	0.00098065	-2.3866	-2.2897	75.993	17.988	69.961	440.92	0.48703	7.6198e-05	0.065086	0.0023076	130.49	0.0076635	0.94892	1.7063	105.74	17.985	57.047	183.93	13.465	1.2869e-05	0.013029
134.39	2.4819	1018.9	0.00098148	-2.3823	-2.2850	76.026	17.990	70.118	440.11	0.49124	7.6040e-05	0.064997	0.0022950	130.99	0.0076339	0.94736	1.7042	105.71	18.003	57.265	183.91	13.444	1.2884e-05	0.013061
134.46	2.4899	1018.0	0.00098231	-2.3779	-2.2802	76.059	17.992	70.276	439.29	0.49546	7.5882e-05	0.064909	0.0022824	131.50	0.0076046	0.94578	1.7022	105.68	18.020	57.484	183.89	13.422	1.2900e-05	0.013092
134.53	2.4979	1017.2	0.00098313	-2.3736	-2.2755	76.092	17.994	70.436	438.48	0.49971	7.5724e-05	0.064821	0.0022699	132.01	0.0075753	0.94420	1.7001	105.64	18.037	57.705	183.87	13.401	1.2915e-05	0.013124
134.60	2.5059	1016.3	0.00098396	-2.3692	-2.2707	76.125	17.997	70.596	437.66	0.50396	7.5567e-05	0.064733	0.0022574	132.52	0.0075463	0.94262	1.6980	105.61	18.054	57.928	183.85	13.380	1.2931e-05	0.013156
134.67	2.5139	1015.4	0.00098480	-2.3649	-2.2660	76.158	17.999	70.758	436.85	0.50824	7.5410e-05	0.064646	0.0022450	133.02	0.0075174	0.94103	1.6960	105.58	18.072	58.152	183.83	13.359	1.2946e-05	0.013188
134.74	2.5219	1014.6	0.00098563	-2.3606	-2.2613	76.190	18.001	70.920	436.04	0.51253	7.5254e-05	0.064558	0.0022326	133.53	0.0074887	0.93944	1.6939	105.54	18.089	58.377	183.81	13.338	1.2962e-05	0.013220
134.82	2.5299	1013.7	0.00098646	-2.3563	-2.2566	76.223	18.004	71.084	435.23	0.51684	7.5098e-05	0.064471	0.0022202	134.05	0.0074601	0.93783	1.6918	105.51	18.106	58.604	183.79	13.317	1.2977e-05	0.013252
134.89	2.5379	1012.9	0.00098730	-2.3519	-2.2519	76.256	18.006	71.248	434.42	0.52116	7.4942e-05	0.064384	0.0022079	134.56	0.0074317	0.93623	1.6897	105.48	18.124	58.833	183.77	13.296	1.2993e-05	0.013284
134.96	2.5458	1012.0	0.00098814	-2.3476	-2.2471	76.288	18.009	71.414	433.61	0.52550	7.4787e-05	0.064297	0.0021956	135.07	0.0074035	0.93461	1.6876	105.44	18.141	59.063	183.75	13.275	1.3008e-05	0.013316
135.03	2.5538	1011.1	0.00098898	-2.3433	-2.2424	76.321	18.012	71.581	432.80	0.52985	7.4632e-05	0.064211	0.0021834	135.59	0.0073754	0.93300	1.6854	105.41	18.159	59.295	183.73	13.254	1.3024e-05	0.013349
135.10	2.5618	1010.3	0.00098982	-2.3390	-2.2377	76.354	18.014	71.749	431.99	0.53422	7.4477e-05	0.064124	0.0021712	136.10	0.0073475	0.93137	1.6833	105.38	18.176	59.529	183.71	13.233	1.3039e-05	0.013382
135.17	2.5698	1009.4	0.00099066	-2.3347	-2.2330	76.386	18.017	71.918	431.18	0.53861	7.4323e-05	0.064038	0.0021590	136.62	0.0073197	0.92974	1.6812	105.34	18.194	59.764	183.68	13.213	1.3055e-05	0.013415
135.24	2.5778	1008.6	0.00099151	-2.3304	-2.2283	76.419	18.020	72.088	430.37	0.54302	7.4169e-05	0.063952	0.0021469	137.14	0.0072921	0.92811	1.6790	105.31	18.212	60.001	183.66	13.192	1.3071e-05	0.013448
135.31	2.5858	1007.7	0.00099235	-2.3261	-2.2236	76.451	18.022	72.259	429.56	0.54744	7.4016e-05	0.063866	0.0021349	137.65	0.0072646	0.92646	1.6769	105.28	18.230	60.240	183.64	13.171	1.3086e-05	0.013481
135.37	2.5938	1006.8	0.00099320	-2.3218	-2.2189	76.483	18.025	72.431	428.76	0.55188	7.3862e-05	0.063781	0.0021228	138.17	0.0072373	0.92482	1.6747	105.25	18.248	60.481	183.62	13.150	1.3102e-05	0.013514
135.44	2.6018	1006.0	0.00099405	-2.3175	-2.2142	76.516	18.028	72.605	427.95	0.55634	7.3710e-05	0.063695	0.0021108	138.69	0.0072101	0.92316	1.6726	105.21	18.265	60.723	183.60	13.129	1.3118e-05	0.013547
135.51	2.6098	1005.1	0.00099490	-2.3132	-2.2095	76.548	18.031	72.780	427.15	0.56081	7.3557e-05	0.063610	0.0020989	139.22	0.0071831	0.92150	1.6704	105.18	18.283	60.967	183.57	13.109	1.3134e-05	0.013581
135.58	2.6178	1004.3	0.00099575	-2.3089	-2.2048	76.580	18.034	72.955	426.34	0.56531	7.3405e-05	0.063525	0.0020870	139.74	0.0071562	0.91984	1.6682	105.15	18.301	61.213	183.55	13.088	1.3149e-05	0.013615
135.65	2.6257	1003.4	0.00099661	-2.3046	-2.2001	76.613	18.037	73.133	425.54	0.56982	7.3254e-05	0.063440	0.0020751	140.26	0.0071295	0.91817	1.6660	105.11	18.319	61.460	183.53	13.067	1.3165e-05	0.013649
135.72	2.6337	1002.5	0.00099746	-2.3004	-2.1954	76.645	18.040	73.311	424.73	0.57434	7.3102e-05	0.063355	0.0020633	140.79	0.0071029	0.91649	1.6638	105.08	18.338	61.710	183.50	13.047	1.3181e-05	0.013683
135.79	2.6417	1001.7	0.00099832	-2.2961	-2.1907	76.677	18.043	73.490	423.93	0.57889	7.2951e-05	0.063271	0.0020515	141.31	0.0070764	0.91481	1.6616	105.05	18.356	61.961	183.48	13.026	1.3197e-05	0.013717
135.86	2.6497	1000.8	0.00099918	-2.2918	-2.1860	76.709	18.047	73.671	423.12	0.58345	7.2800e-05	0.063186	0.0020398	141.84	0.0070501	0.91312	1.6594	105.01	18.374	62.215	183.46	13.005	1.3213e-05	0.013751
135.92	2.6577	999.96	0.0010000	-2.2875	-2.1814	76.741	18.050	73.853	422.32	0.58803	7.2650e-05	0.063102	0.0020280	142.37	0.0070239	0.91142	1.6572	104.98	18.392	62.470	183.43	12.985	1.3229e-05	0.013786
135.99	2.6657	999.10	0.0010009	-2.2833	-2.1767	76.773	18.053	74.037	421.52	0.59263	7.2500e-05	0.063018	0.0020164	142.90	0.0069979	0.90972	1.6549	104.95	18.411	62.727	183.41	12.964	1.3245e-05	0.013820
136.06	2.6737	998.24	0.0010018	-2.2790	-2.1720	76.805	18.056	74.221	420.72	0.59725	7.2350e-05	0.062934	0.0020047	143.43	0.0069720	0.90801	1.6527	104.92	18.429	62.986	183.39	12.943	1.3261e-05	0.013855
136.13	2.6817	997.37	0.0010026	-2.2747	-2.1673	76.837	18.060	74.407	419.92	0.60188	7.2201e-05	0.062851	0.0019931	143.96	0.0069463	0.90630	1.6504	104.88	18.448	63.247	183.36	12.923	1.3277e-05	0.013890
136.20	2.6897	996.51	0.0010035	-2.2705	-2.1627	76.869	18.063	74.594	419.11	0.60654	7.2052e-05	0.062767	0.0019816	144.50	0.0069206	0.90458	1.6482	104.85	18.466	63.510	183.34	12.902	1.3293e-05	0.013925
136.26	2.6977	995.65	0.0010044	-2.2662	-2.1580	76.901	18.067	74.783	418.31	0.61121	7.1903e-05	0.062684	0.0019701	145.03	0.0068951	0.90285	1.6459	104.82	18.485	63.775	183.31	12.882	1.3309e-05	0.013960
136.33	2.7057	994.78	0.0010052	-2.2620	-2.1533	76.933	18.070	74.972	417.51	0.61590	7.1755e-05	0.062601	0.0019586	145.57	0.0068698	0.90112	1.6436	104.78	18.504	64.042	183.29	12.861	1.3325e-05	0.013996
136.40	2.7136	993.92	0.0010061	-2.2577	-2.1486	76.965	18.074	75.164	416.71	0.62061	7.1607e-05	0.062518	0.0019471	146.10	0.0068445	0.89938	1.6414	104.75	18.523	64.311	183.27	12.841	1.3341e-05	0.014032
136.46	2.7216	993.05	0.0010070	-2.2535	-2.1440	76.997	18.077	75.356	415.91	0.62534	7.1459e-05	0.062435	0.0019357	146.64	0.0068194	0.89763	1.6391	104.72	18.541	64.583	183.24	12.820	1.3357e-05	0.014067
136.53	2.7296	992.19	0.0010079	-2.2492	-2.1393	77.029	18.081	75.550	415.12	0.63009	7.1311e-05	0.062353	0.0019244	147.18	0.0067945	0.89588	1.6368	104.69	18.560	64.856	183.22	12.800	1.3373e-05	0.014103
136.60	2.7376	991.32	0.0010088	-2.2450	-2.1346	77.061	18.085	75.745	414.32	0.63486	7.1164e-05	0.062270	0.0019130	147.72	0.0067696	0.89413	1.6345	104.65	18.579	65.132	183.19	12.779	1.3390e-05	0.014139
136.66	2.7456	990.46	0.0010096	-2.2407	-2.1300	77.092	18.089	75.942	413.52	0.63965	7.1017e-05	0.062188	0.0019018	148.26	0.0067449	0.89236	1.6322	104.62	18.598	65.409	183.16	12.759	1.3406e-05	0.014176
136.73	2.7536	989.59	0.0010105	-2.2365	-2.1253	77.124	18.093	76.140	412.72	0.64446	7.0871e-05	0.062106	0.0018905	148.80	0.0067203	0.89059	1.6298	104.59	18.618	65.689	183.14	12.738	1.3422e-05	0.014212
136.80	2.7616	988.72	0.0010114	-2.2322	-2.1207	77.156	18.096	76.340	411.92	0.64929	7.0725e-05	0.062024	0.0018793	149.35	0.0066958	0.88882	1.6275	104.56	18.637	65.972	183.11	12.718	1.3439e-05	0.014249
136.86	2.7696	987.85	0.0010123	-2.2280	-2.1160	77.187	18.100	76.541	411.13	0.65413	7.0579e-05	0.061942	0.0018681	149.89	0.0066715	0.88703	1.6252	104.52	18.656	66.256	183.09	12.697	1.3455e-05	0.014286
136.93	2.7776	986.99	0.0010132	-2.2238	-2.1113	77.219	18.104	76.743	410.33	0.65900	7.0433e-05	0.061861	0.0018570	150.44	0.0066473	0.88524	1.6228	104.49	18.676	66.543	183.06	12.677	1.3471e-05	0.014323
136.99	2.7856	986.12	0.0010141	-2.2195	-2.1067	77.251	18.108	76.947	409.53	0.66389	7.0287e-05	0.061779	0.0018459	150.99	0.0066231	0.88345	1.6205	104.46	18.695	66.832	183.03	12.657	1.3488e-05	0.014360
137.06	2.7935	985.25	0.0010150	-2.2153	-2.1020	77.282	18.112	77.153	408.74	0.66880	7.0142e-05	0.061698	0.0018348	151.53	0.0065992	0.88165	1.6181	104.42	18.715	67.123	183.01	12.636	1.3504e-05	0.014397
137.13	2.8015	984.38	0.0010159	-2.2111	-2.0974	77.314	18.117	77.360	407.94	0.67373	6.9998e-05	0.061617	0.0018237	152.08	0.0065753	0.87984	1.6157	104.39	18.734	67.417	182.98	12.616	1.3521e-05	0.014435
137.19	2.8095	983.51	0.0010168	-2.2068	-2.0927	77.346	18.121	77.569	407.15	0.67868	6.9853e-05	0.061536	0.0018127	152.64	0.0065515	0.87802	1.6133	104.36	18.754	67.713	182.95	12.596	1.3537e-05	0.014473
137.26	2.8175	982.64	0.0010177	-2.2026	-2.0881	77.377	18.125	77.779	406.35	0.68365	6.9709e-05	0.061455	0.0018018	153.19	0.0065279	0.87620	1.6109	104.33	18.774	68.011	182.93	12.575	1.3554e-05	0.014511
137.32	2.8255	981.77	0.0010186	-2.1984	-2.0834	77.409	18.129	77.991	405.56	0.68864	6.9565e-05	0.061375	0.0017909	153.74	0.0065044	0.87437	1.6085	104.29	18.794	68.312	182.90	12.555	1.3570e-05	0.014549
137.39	2.8335	980.90	0.0010195	-2.1942	-2.0788	77.440	18.134	78.204	404.76	0.69365	6.9421e-05	0.061294	0.0017800	154.30	0.0064810	0.87254	1.6061	104.26	18.813	68.616	182.87	12.535	1.3587e-05	0.014587
137.45	2.8415	980.03	0.0010204	-2.1900	-2.0741	77.471	18.138	78.419	403.97	0.69869	6.9278e-05	0.061214	0.0017691	154.85	0.0064577	0.87070	1.6037	104.23	18.833	68.922	182.84	12.514	1.3603e-05	0.014626
137.52	2.8495	979.15	0.0010213	-2.1857	-2.0695	77.503	18.143	78.635	403.17	0.70374	6.9135e-05	0.061134	0.0017583	155.41	0.0064345	0.86885	1.6013	104.20	18.854	69.230	182.81	12.494	1.3620e-05	0.014664
137.58	2.8575	978.28	0.0010222	-2.1815	-2.0648	77.534	18.147	78.854	402.38	0.70882	6.8992e-05	0.061054	0.0017475	155.97	0.0064114	0.86700	1.5989	104.16	18.874	69.541	182.79	12.474	1.3637e-05	0.014703
137.65	2.8655	977.41	0.0010231	-2.1773	-2.0602	77.566	18.152	79.074	401.59	0.71392	6.8849e-05	0.060974	0.0017368	156.53	0.0063885	0.86513	1.5964	104.13	18.894	69.855	182.76	12.453	1.3654e-05	0.014742
137.71	2.8734	976.53	0.0010240	-2.1731	-2.0555	77.597	18.156	79.295	400.80	0.71904	6.8707e-05	0.060894	0.0017260	157.09	0.0063656	0.86327	1.5940	104.10	18.914	70.171	182.73	12.433	1.3670e-05	0.014782
137.77	2.8814	975.66	0.0010250	-2.1689	-2.0509	77.628	18.161	79.519	400.00	0.72418	6.8565e-05	0.060815	0.0017154	157.66	0.0063429	0.86139	1.5915	104.07	18.935	70.490	182.70	12.413	1.3687e-05	0.014821
137.84	2.8894	974.78	0.0010259	-2.1647	-2.0462	77.660	18.166	79.744	399.21	0.72935	6.8423e-05	0.060735	0.0017047	158.22	0.0063202	0.85951	1.5890	104.03	18.956	70.812	182.67	12.392	1.3704e-05	0.014861
137.90	2.8974	973.90	0.0010268	-2.1604	-2.0416	77.691	18.171	79.971	398.42	0.73453	6.8281e-05	0.060656	0.0016941	158.79	0.0062977	0.85762	1.5866	104.00	18.976	71.136	182.64	12.372	1.3721e-05	0.014901
137.97	2.9054	973.03	0.0010277	-2.1562	-2.0370	77.722	18.175	80.199	397.63	0.73974	6.8140e-05	0.060577	0.0016835	159.36	0.0062753	0.85573	1.5841	103.97	18.997	71.463	182.61	12.352	1.3738e-05	0.014941
138.03	2.9134	972.15	0.0010286	-2.1520	-2.0323	77.754	18.180	80.430	396.83	0.74498	6.7999e-05	0.060498	0.0016730	159.92	0.0062530	0.85382	1.5816	103.94	19.018	71.794	182.58	12.332	1.3755e-05	0.014981
138.09	2.9214	971.27	0.0010296	-2.1478	-2.0277	77.785	18.185	80.662	396.04	0.75023	6.7858e-05	0.060419	0.0016625	160.49	0.0062307	0.85192	1.5791	103.90	19.039	72.126	182.55	12.311	1.3772e-05	0.015022
138.16	2.9294	970.39	0.0010305	-2.1436	-2.0230	77.816	18.190	80.896	395.25	0.75551	6.7718e-05	0.060341	0.0016520	161.07	0.0062086	0.85000	1.5765	103.87	19.060	72.462	182.52	12.291	1.3789e-05	0.015062
138.22	2.9374	969.51	0.0010314	-2.1394	-2.0184	77.847	18.195	81.132	394.46	0.76082	6.7577e-05	0.060262	0.0016416	161.64	0.0061866	0.84808	1.5740	103.84	19.081	72.801	182.49	12.271	1.3806e-05	0.015103
138.28	2.9454	968.63	0.0010324	-2.1352	-2.0137	77.879	18.201	81.370	393.67	0.76614	6.7437e-05	0.060184	0.0016312	162.21	0.0061647	0.84615	1.5715	103.81	19.102	73.142	182.46	12.251	1.3823e-05	0.015145
138.35	2.9533	967.75	0.0010333	-2.1310	-2.0091	77.910	18.206	81.610	392.88	0.77149	6.7297e-05	0.060106	0.0016208	162.79	0.0061429	0.84421	1.5689	103.77	19.123	73.487	182.43	12.230	1.3840e-05	0.015186
138.41	2.9613	966.87	0.0010343	-2.1268	-2.0045	77.941	18.211	81.851	392.09	0.77687	6.7158e-05	0.060028	0.0016105	163.37	0.0061212	0.84226	1.5664	103.74	19.145	73.835	182.40	12.210	1.3858e-05	0.015228
138.47	2.9693	965.98	0.0010352	-2.1226	-1.9998	77.972	18.216	82.095	391.30	0.78227	6.7018e-05	0.059950	0.0016002	163.95	0.0060996	0.84031	1.5638	103.71	19.166	74.185	182.37	12.190	1.3875e-05	0.015270
138.54	2.9773	965.10	0.0010362	-2.1184	-1.9952	78.003	18.222	82.341	390.51	0.78769	6.6879e-05	0.059872	0.0015899	164.53	0.0060781	0.83835	1.5613	103.67	19.188	74.539	182.33	12.170	1.3892e-05	0.015312
138.60	2.9853	964.21	0.0010371	-2.1142	-1.9905	78.034	18.227	82.588	389.72	0.79314	6.6740e-05	0.059794	0.0015797	165.11	0.0060567	0.83639	1.5587	103.64	19.210	74.896	182.30	12.149	1.3909e-05	0.015354
138.66	2.9933	963.33	0.0010381	-2.1100	-1.9859	78.065	18.233	82.838	388.93	0.79861	6.6602e-05	0.059717	0.0015694	165.69	0.0060353	0.83442	1.5561	103.61	19.231	75.256	182.27	12.129	1.3927e-05	0.015396
138.72	3.0013	962.44	0.0010390	-2.1058	-1.9812	78.097	18.238	83.090	388.14	0.80410	6.6463e-05	0.059640	0.0015593	166.28	0.0060141	0.83243	1.5535	103.58	19.253	75.620	182.24	12.109	1.3944e-05	0.015439
138.79	3.0093	961.56	0.0010400	-2.1016	-1.9766	78.128	18.244	83.344	387.35	0.80963	6.6325e-05	0.059563	0.0015491	166.86	0.0059930	0.83045	1.5509	103.54	19.275	75.987	182.21	12.089	1.3962e-05	0.015482
138.85	3.0173	960.67	0.0010409	-2.0974	-1.9719	78.159	18.249	83.600	386.56	0.81517	6.6187e-05	0.059486	0.0015390	167.45	0.0059719	0.82845	1.5483	103.51	19.297	76.357	182.17	12.069	1.3979e-05	0.015525
138.91	3.0253	959.78	0.0010419	-2.0932	-1.9673	78.190	18.255	83.858	385.77	0.82075	6.6050e-05	0.059409	0.0015290	168.04	0.0059510	0.82645	1.5456	103.48	19.320	76.730	182.14	12.048	1.3997e-05	0.015569
138.97	3.0332	958.89	0.0010429	-2.0890	-1.9627	78.221	18.261	84.118	384.98	0.82634	6.5912e-05	0.059332	0.0015189	168.63	0.0059301	0.82444	1.5430	103.45	19.342	77.107	182.11	12.028	1.4014e-05	0.015613
139.03	3.0412	958.00	0.0010438	-2.0848	-1.9580	78.252	18.267	84.380	384.19	0.83197	6.5775e-05	0.059255	0.0015089	169.22	0.0059094	0.82242	1.5404	103.41	19.364	77.487	182.07	12.008	1.4032e-05	0.015657
139.10	3.0492	957.11	0.0010448	-2.0806	-1.9534	78.283	18.273	84.645	383.40	0.83762	6.5638e-05	0.059179	0.0014989	169.82	0.0058887	0.82040	1.5377	103.38	19.387	77.871	182.04	11.988	1.4050e-05	0.015701
139.16	3.0572	956.21	0.0010458	-2.0764	-1.9487	78.314	18.279	84.912	382.61	0.84330	6.5501e-05	0.059103	0.0014890	170.41	0.0058681	0.81836	1.5350	103.35	19.410	78.258	182.00	11.967	1.4067e-05	0.015745
139.22	3.0652	955.32	0.0010468	-2.0722	-1.9441	78.345	18.285	85.181	381.82	0.84900	6.5364e-05	0.059026	0.0014791	171.01	0.0058476	0.81632	1.5324	103.32	19.432	78.649	181.97	11.947	1.4085e-05	0.015790
139.28	3.0732	954.43	0.0010478	-2.0680	-1.9394	78.376	18.291	85.453	381.03	0.85473	6.5228e-05	0.058950	0.0014692	171.61	0.0058272	0.81428	1.5297	103.28	19.455	79.044	181.93	11.927	1.4103e-05	0.015835
139.34	3.0812	953.53	0.0010487	-2.0638	-1.9348	78.407	18.297	85.727	380.24	0.86049	6.5092e-05	0.058875	0.0014594	172.21	0.0058069	0.81222	1.5270	103.25	19.478	79.442	181.90	11.907	1.4121e-05	0.015880
139.40	3.0892	952.63	0.0010497	-2.0596	-1.9301	78.438	18.304	86.003	379.45	0.86627	6.4956e-05	0.058799	0.0014496	172.81	0.0057867	0.81016	1.5243	103.22	19.501	79.844	181.86	11.886	1.4139e-05	0.015926
139.46	3.0972	951.74	0.0010507	-2.0555	-1.9255	78.469	18.310	86.282	378.66	0.87208	6.4820e-05	0.058723	0.0014398	173.41	0.0057665	0.80809	1.5216	103.19	19.524	80.250	181.83	11.866	1.4157e-05	0.015972
139.52	3.1052	950.84	0.0010517	-2.0513	-1.9208	78.500	18.316	86.563	377.87	0.87792	6.4684e-05	0.058648	0.0014300	174.02	0.0057465	0.80601	1.5188	103.15	19.548	80.660	181.79	11.846	1.4175e-05	0.016018
139.58	3.1132	949.94	0.0010527	-2.0471	-1.9161	78.531	18.323	86.847	377.08	0.88379	6.4549e-05	0.058572	0.0014203	174.63	0.0057265	0.80392	1.5161	103.12	19.571	81.074	181.76	11.826	1.4193e-05	0.016064
139.65	3.1211	949.04	0.0010537	-2.0429	-1.9115	78.562	18.329	87.133	376.29	0.88968	6.4414e-05	0.058497	0.0014106	175.24	0.0057066	0.80183	1.5133	103.09	19.595	81.491	181.72	11.805	1.4211e-05	0.016110
139.71	3.1291	948.14	0.0010547	-2.0387	-1.9068	78.593	18.336	87.422	375.50	0.89561	6.4279e-05	0.058422	0.0014010	175.85	0.0056868	0.79973	1.5106	103.05	19.618	81.913	181.68	11.785	1.4229e-05	0.016157
139.77	3.1371	947.23	0.0010557	-2.0345	-1.9022	78.624	18.343	87.713	374.71	0.90156	6.4144e-05	0.058347	0.0013913	176.46	0.0056671	0.79762	1.5078	103.02	19.642	82.339	181.65	11.765	1.4247e-05	0.016204
139.83	3.1451	946.33	0.0010567	-2.0303	-1.8975	78.654	18.349	88.007	373.92	0.90754	6.4009e-05	0.058272	0.0013818	177.07	0.0056474	0.79550	1.5050	102.99	19.666	82.768	181.61	11.745	1.4265e-05	0.016252
139.89	3.1531	945.42	0.0010577	-2.0261	-1.8928	78.685	18.356	88.303	373.12	0.91355	6.3875e-05	0.058198	0.0013722	177.69	0.0056278	0.79337	1.5023	102.96	19.690	83.202	181.57	11.724	1.4284e-05	0.016299
139.95	3.1611	944.52	0.0010587	-2.0219	-1.8882	78.716	18.363	88.603	372.33	0.91959	6.3740e-05	0.058123	0.0013627	178.31	0.0056084	0.79124	1.4995	102.92	19.714	83.641	181.53	11.704	1.4302e-05	0.016347
140.01	3.1691	943.61	0.0010598	-2.0177	-1.8835	78.747	18.370	88.905	371.54	0.92566	6.3606e-05	0.058049	0.0013532	178.92	0.0055889	0.78909	1.4966	102.89	19.739	84.083	181.50	11.684	1.4320e-05	0.016396
140.07	3.1771	942.70	0.0010608	-2.0135	-1.8789	78.778	18.377	89.209	370.75	0.93176	6.3473e-05	0.057975	0.0013437	179.55	0.0055696	0.78694	1.4938	102.86	19.763	84.531	181.46	11.664	1.4339e-05	0.016444
140.13	3.1851	941.79	0.0010618	-2.0093	-1.8742	78.809	18.385	89.517	369.96	0.93789	6.3339e-05	0.057900	0.0013343	180.17	0.0055504	0.78478	1.4910	102.82	19.788	84.982	181.42	11.643	1.4357e-05	0.016493
140.19	3.1931	940.88	0.0010628	-2.0051	-1.8695	78.840	18.392	89.827	369.17	0.94405	6.3205e-05	0.057826	0.0013249	180.79	0.0055312	0.78262	1.4882	102.79	19.812	85.438	181.38	11.623	1.4376e-05	0.016542
140.25	3.2010	939.97	0.0010639	-2.0009	-1.8648	78.871	18.399	90.141	368.38	0.95024	6.3072e-05	0.057753	0.0013155	181.42	0.0055121	0.78044	1.4853	102.76	19.837	85.899	181.34	11.603	1.4394e-05	0.016592
140.30	3.2090	939.06	0.0010649	-1.9967	-1.8602	78.902	18.407	90.457	367.58	0.95646	6.2939e-05	0.057679	0.0013061	182.05	0.0054931	0.77825	1.4824	102.73	19.862	86.364	181.30	11.582	1.4413e-05	0.016641
140.36	3.2170	938.14	0.0010659	-1.9925	-1.8555	78.933	18.414	90.776	366.79	0.96271	6.2806e-05	0.057605	0.0012968	182.68	0.0054741	0.77606	1.4796	102.69	19.887	86.834	181.26	11.562	1.4432e-05	0.016691
140.42	3.2250	937.22	0.0010670	-1.9883	-1.8508	78.964	18.422	91.098	366.00	0.96900	6.2673e-05	0.057532	0.0012875	183.31	0.0054553	0.77386	1.4767	102.66	19.912	87.309	181.22	11.542	1.4451e-05	0.016742
140.48	3.2330	936.31	0.0010680	-1.9841	-1.8461	78.994	18.429	91.424	365.21	0.97531	6.2541e-05	0.057459	0.0012783	183.94	0.0054365	0.77165	1.4738	102.63	19.937	87.788	181.18	11.521	1.4469e-05	0.016792
140.54	3.2410	935.39	0.0010691	-1.9799	-1.8414	79.025	18.437	91.752	364.41	0.98166	6.2408e-05	0.057385	0.0012691	184.58	0.0054178	0.76943	1.4709	102.59	19.963	88.273	181.14	11.501	1.4488e-05	0.016843
140.60	3.2490	934.47	0.0010701	-1.9757	-1.8368	79.056	18.445	92.083	363.62	0.98804	6.2276e-05	0.057312	0.0012599	185.22	0.0053991	0.76720	1.4680	102.56	19.988	88.762	181.10	11.481	1.4507e-05	0.016895
140.66	3.2570	933.55	0.0010712	-1.9714	-1.8321	79.087	18.453	92.418	362.82	0.99445	6.2144e-05	0.057240	0.0012507	185.86	0.0053805	0.76497	1.4650	102.53	20.014	89.257	181.06	11.460	1.4526e-05	0.016946
140.72	3.2650	932.62	0.0010722	-1.9672	-1.8274	79.118	18.461	92.756	362.03	1.0009	6.2012e-05	0.057167	0.0012416	186.50	0.0053620	0.76272	1.4621	102.49	20.040	89.757	181.02	11.440	1.4545e-05	0.016998
140.78	3.2730	931.70	0.0010733	-1.9630	-1.8227	79.149	18.469	93.097	361.23	1.0074	6.1880e-05	0.057094	0.0012325	187.14	0.0053436	0.76047	1.4591	102.46	20.066	90.262	180.98	11.420	1.4564e-05	0.017051
140.83	3.2809	930.78	0.0010744	-1.9588	-1.8180	79.180	18.477	93.442	360.44	1.0139	6.1749e-05	0.057022	0.0012234	187.79	0.0053252	0.75820	1.4562	102.43	20.092	90.772	180.93	11.399	1.4583e-05	0.017103
140.89	3.2889	929.85	0.0010754	-1.9546	-1.8133	79.211	18.486	93.790	359.64	1.0204	6.1617e-05	0.056949	0.0012144	188.43	0.0053069	0.75593	1.4532	102.40	20.118	91.288	180.89	11.379	1.4603e-05	0.017156
140.95	3.2969	928.92	0.0010765	-1.9504	-1.8086	79.242	18.494	94.141	358.85	1.0270	6.1486e-05	0.056877	0.0012053	189.08	0.0052887	0.75365	1.4502	102.36	20.145	91.809	180.85	11.359	1.4622e-05	0.017210
141.01	3.3049	927.99	0.0010776	-1.9462	-1.8039	79.273	18.502	94.496	358.05	1.0336	6.1355e-05	0.056805	0.0011964	189.73	0.0052705	0.75136	1.4472	102.33	20.171	92.336	180.81	11.338	1.4641e-05	0.017263
141.07	3.3129	927.06	0.0010787	-1.9419	-1.7992	79.304	18.511	94.854	357.25	1.0403	6.1224e-05	0.056733	0.0011874	190.39	0.0052525	0.74906	1.4442	102.30	20.198	92.868	180.76	11.318	1.4661e-05	0.017317
141.12	3.3209	926.13	0.0010798	-1.9377	-1.7945	79.335	18.520	95.216	356.46	1.0470	6.1093e-05	0.056662	0.0011785	191.04	0.0052344	0.74675	1.4412	102.26	20.225	93.406	180.72	11.297	1.4680e-05	0.017372
141.18	3.3289	925.19	0.0010809	-1.9335	-1.7898	79.365	18.529	95.582	355.66	1.0537	6.0962e-05	0.056590	0.0011696	191.70	0.0052165	0.74443	1.4381	102.23	20.252	93.950	180.67	11.277	1.4700e-05	0.017426
141.24	3.3369	924.26	0.0010820	-1.9293	-1.7851	79.396	18.538	95.951	354.86	1.0604	6.0832e-05	0.056518	0.0011607	192.36	0.0051986	0.74211	1.4351	102.20	20.279	94.500	180.63	11.256	1.4719e-05	0.017482
141.30	3.3449	923.32	0.0010830	-1.9251	-1.7803	79.427	18.547	96.325	354.06	1.0672	6.0702e-05	0.056447	0.0011519	193.02	0.0051808	0.73977	1.4320	102.16	20.306	95.056	180.59	11.236	1.4739e-05	0.017537
141.36	3.3529	922.38	0.0010842	-1.9208	-1.7756	79.458	18.556	96.702	353.26	1.0741	6.0571e-05	0.056376	0.0011431	193.69	0.0051630	0.73742	1.4290	102.13	20.334	95.619	180.54	11.215	1.4759e-05	0.017593
141.41	3.3608	921.44	0.0010853	-1.9166	-1.7709	79.489	18.565	97.082	352.46	1.0809	6.0441e-05	0.056305	0.0011343	194.35	0.0051453	0.73507	1.4259	102.10	20.361	96.187	180.49	11.195	1.4778e-05	0.017649
141.47	3.3688	920.50	0.0010864	-1.9124	-1.7662	79.520	18.574	97.467	351.66	1.0878	6.0311e-05	0.056234	0.0011255	195.02	0.0051277	0.73270	1.4228	102.06	20.389	96.762	180.45	11.174	1.4798e-05	0.017706
141.53	3.3768	919.55	0.0010875	-1.9081	-1.7614	79.551	18.584	97.856	350.86	1.0948	6.0182e-05	0.056163	0.0011168	195.69	0.0051101	0.73033	1.4197	102.03	20.417	97.343	180.40	11.154	1.4818e-05	0.017763
141.58	3.3848	918.61	0.0010886	-1.9039	-1.7567	79.582	18.593	98.249	350.06	1.1018	6.0052e-05	0.056092	0.0011081	196.36	0.0050926	0.72794	1.4165	101.99	20.445	97.931	180.36	11.133	1.4838e-05	0.017820
141.64	3.3928	917.66	0.0010897	-1.8996	-1.7520	79.613	18.603	98.646	349.25	1.1088	5.9922e-05	0.056022	0.0010995	197.04	0.0050752	0.72555	1.4134	101.96	20.473	98.525	180.31	11.113	1.4858e-05	0.017878
141.70	3.4008	916.71	0.0010909	-1.8954	-1.7472	79.644	18.613	99.047	348.45	1.1158	5.9793e-05	0.055952	0.0010908	197.71	0.0050578	0.72314	1.4103	101.93	20.501	99.126	180.26	11.092	1.4878e-05	0.017936
141.75	3.4088	915.76	0.0010920	-1.8912	-1.7425	79.675	18.623	99.453	347.64	1.1229	5.9664e-05	0.055881	0.0010822	198.39	0.0050405	0.72072	1.4071	101.89	20.530	99.734	180.21	11.072	1.4898e-05	0.017995
141.81	3.4168	914.81	0.0010931	-1.8869	-1.7377	79.706	18.633	99.863	346.84	1.1300	5.9535e-05	0.055811	0.0010737	199.07	0.0050232	0.71830	1.4039	101.86	20.558	100.35	180.17	11.051	1.4919e-05	0.018054
141.87	3.4248	913.85	0.0010943	-1.8827	-1.7330	79.737	18.643	100.28	346.03	1.1372	5.9406e-05	0.055741	0.0010651	199.76	0.0050060	0.71586	1.4008	101.83	20.587	100.97	180.12	11.030	1.4939e-05	0.018113
141.92	3.4328	912.90	0.0010954	-1.8784	-1.7282	79.769	18.653	100.70	345.23	1.1444	5.9277e-05	0.055672	0.0010566	200.45	0.0049889	0.71342	1.3976	101.79	20.616	101.60	180.07	11.010	1.4959e-05	0.018173
141.98	3.4407	911.94	0.0010966	-1.8742	-1.7234	79.800	18.664	101.12	344.42	1.1517	5.9148e-05	0.055602	0.0010481	201.13	0.0049718	0.71096	1.3943	101.76	20.645	102.24	180.02	10.989	1.4980e-05	0.018233
142.04	3.4487	910.98	0.0010977	-1.8699	-1.7187	79.831	18.674	101.55	343.61	1.1590	5.9020e-05	0.055533	0.0010396	201.82	0.0049548	0.70850	1.3911	101.72	20.675	102.88	179.97	10.968	1.5000e-05	0.018294
142.09	3.4567	910.02	0.0010989	-1.8656	-1.7139	79.862	18.685	101.98	342.80	1.1663	5.8891e-05	0.055463	0.0010312	202.52	0.0049378	0.70602	1.3879	101.69	20.704	103.53	179.92	10.948	1.5021e-05	0.018355
142.15	3.4647	909.06	0.0011000	-1.8614	-1.7091	79.893	18.696	102.42	341.99	1.1737	5.8763e-05	0.055394	0.0010228	203.21	0.0049209	0.70353	1.3846	101.66	20.734	104.19	179.87	10.927	1.5042e-05	0.018417
142.21	3.4727	908.09	0.0011012	-1.8571	-1.7043	79.924	18.707	102.86	341.18	1.1811	5.8635e-05	0.055325	0.0010144	203.91	0.0049041	0.70103	1.3814	101.62	20.764	104.86	179.82	10.906	1.5062e-05	0.018479
142.26	3.4807	907.12	0.0011024	-1.8528	-1.6995	79.955	18.718	103.31	340.37	1.1886	5.8506e-05	0.055256	0.0010061	204.61	0.0048873	0.69852	1.3781	101.59	20.794	105.54	179.77	10.886	1.5083e-05	0.018541
142.32	3.4887	906.15	0.0011036	-1.8486	-1.6948	79.987	18.729	103.76	339.56	1.1961	5.8379e-05	0.055188	0.00099775	205.32	0.0048706	0.69600	1.3748	101.55	20.824	106.22	179.72	10.865	1.5104e-05	0.018604
142.37	3.4967	905.18	0.0011047	-1.8443	-1.6900	80.018	18.741	104.22	338.74	1.2036	5.8251e-05	0.055119	0.00098945	206.02	0.0048539	0.69347	1.3715	101.52	20.854	106.91	179.67	10.844	1.5125e-05	0.018667
142.43	3.5047	904.21	0.0011059	-1.8400	-1.6852	80.049	18.752	104.68	337.93	1.2112	5.8123e-05	0.055051	0.00098119	206.73	0.0048372	0.69093	1.3682	101.49	20.885	107.61	179.62	10.823	1.5146e-05	0.018731
142.48	3.5127	903.23	0.0011071	-1.8357	-1.6804	80.080	18.764	105.15	337.11	1.2189	5.7995e-05	0.054983	0.00097295	207.44	0.0048207	0.68838	1.3648	101.45	20.916	108.32	179.56	10.803	1.5167e-05	0.018796
142.54	3.5206	902.26	0.0011083	-1.8314	-1.6755	80.111	18.776	105.62	336.30	1.2265	5.7868e-05	0.054915	0.00096474	208.15	0.0048042	0.68581	1.3615	101.42	20.947	109.04	179.51	10.782	1.5189e-05	0.018861
142.59	3.5286	901.28	0.0011095	-1.8271	-1.6707	80.143	18.788	106.10	335.48	1.2343	5.7740e-05	0.054847	0.00095656	208.87	0.0047877	0.68324	1.3581	101.38	20.978	109.76	179.46	10.761	1.5210e-05	0.018926
142.65	3.5366	900.30	0.0011107	-1.8228	-1.6659	80.174	18.800	106.59	334.66	1.2421	5.7613e-05	0.054779	0.00094841	209.59	0.0047713	0.68065	1.3547	101.35	21.009	110.50	179.41	10.740	1.5231e-05	0.018992
142.70	3.5446	899.31	0.0011120	-1.8185	-1.6611	80.205	18.812	107.08	333.84	1.2499	5.7486e-05	0.054712	0.00094029	210.31	0.0047549	0.67805	1.3513	101.31	21.041	111.25	179.35	10.719	1.5253e-05	0.019058
142.76	3.5526	898.33	0.0011132	-1.8142	-1.6563	80.237	18.825	107.58	333.02	1.2577	5.7359e-05	0.054644	0.00093219	211.03	0.0047386	0.67544	1.3479	101.28	21.072	112.00	179.30	10.698	1.5274e-05	0.019125
142.81	3.5606	897.34	0.0011144	-1.8099	-1.6514	80.268	18.838	108.08	332.20	1.2657	5.7232e-05	0.054577	0.00092412	211.76	0.0047223	0.67282	1.3445	101.25	21.104	112.76	179.24	10.677	1.5296e-05	0.019192
142.87	3.5686	896.35	0.0011156	-1.8056	-1.6466	80.300	18.850	108.59	331.38	1.2736	5.7105e-05	0.054510	0.00091608	212.49	0.0047061	0.67018	1.3411	101.21	21.136	113.54	179.19	10.656	1.5318e-05	0.019260
142.92	3.5766	895.35	0.0011169	-1.8013	-1.6417	80.331	18.863	109.10	330.55	1.2816	5.6978e-05	0.054444	0.00090806	213.22	0.0046900	0.66754	1.3376	101.18	21.168	114.32	179.13	10.635	1.5339e-05	0.019329
142.98	3.5846	894.36	0.0011181	-1.7970	-1.6369	80.363	18.877	109.62	329.73	1.2897	5.6851e-05	0.054377	0.00090008	213.96	0.0046739	0.66488	1.3342	101.14	21.201	115.12	179.08	10.614	1.5361e-05	0.019398
143.03	3.5926	893.36	0.0011194	-1.7927	-1.6320	80.394	18.890	110.15	328.90	1.2978	5.6724e-05	0.054311	0.00089212	214.69	0.0046578	0.66221	1.3307	101.11	21.234	115.92	179.02	10.593	1.5383e-05	0.019467
143.09	3.6006	892.36	0.0011206	-1.7883	-1.6271	80.426	18.903	110.68	328.07	1.3060	5.6598e-05	0.054244	0.00088419	215.43	0.0046418	0.65953	1.3272	101.07	21.266	116.74	178.96	10.572	1.5405e-05	0.019537
143.14	3.6085	891.36	0.0011219	-1.7840	-1.6223	80.457	18.917	111.22	327.24	1.3142	5.6471e-05	0.054178	0.00087628	216.18	0.0046258	0.65683	1.3237	101.04	21.300	117.56	178.91	10.551	1.5427e-05	0.019608
143.20	3.6165	890.35	0.0011231	-1.7797	-1.6174	80.489	18.931	111.77	326.41	1.3224	5.6345e-05	0.054113	0.00086841	216.92	0.0046099	0.65412	1.3201	101.00	21.333	118.40	178.85	10.530	1.5450e-05	0.019679
143.25	3.6245	889.35	0.0011244	-1.7753	-1.6125	80.520	18.945	112.33	325.58	1.3307	5.6219e-05	0.054047	0.00086056	217.67	0.0045940	0.65140	1.3166	100.97	21.366	119.25	178.79	10.509	1.5472e-05	0.019751
143.31	3.6325	888.34	0.0011257	-1.7710	-1.6076	80.552	18.959	112.89	324.75	1.3391	5.6092e-05	0.053981	0.00085274	218.43	0.0045782	0.64867	1.3130	100.93	21.400	120.11	178.73	10.488	1.5494e-05	0.019823
143.36	3.6405	887.33	0.0011270	-1.7666	-1.6027	80.584	18.974	113.46	323.92	1.3475	5.5966e-05	0.053916	0.00084494	219.18	0.0045624	0.64593	1.3094	100.90	21.434	120.98	178.67	10.466	1.5517e-05	0.019896
143.41	3.6485	886.31	0.0011283	-1.7622	-1.5978	80.615	18.989	114.03	323.08	1.3560	5.5840e-05	0.053851	0.00083718	219.94	0.0045467	0.64317	1.3059	100.86	21.468	121.86	178.61	10.445	1.5540e-05	0.019970
143.47	3.6565	885.29	0.0011296	-1.7579	-1.5929	80.647	19.003	114.62	322.24	1.3645	5.5714e-05	0.053786	0.00082944	220.70	0.0045310	0.64040	1.3022	100.83	21.503	122.76	178.55	10.424	1.5562e-05	0.020044
143.52	3.6645	884.27	0.0011309	-1.7535	-1.5880	80.679	19.018	115.21	321.40	1.3731	5.5588e-05	0.053722	0.00082172	221.46	0.0045154	0.63761	1.2986	100.79	21.537	123.66	178.49	10.403	1.5585e-05	0.020119
143.57	3.6725	883.25	0.0011322	-1.7491	-1.5830	80.711	19.034	115.81	320.56	1.3817	5.5462e-05	0.053657	0.00081404	222.23	0.0044998	0.63481	1.2950	100.76	21.572	124.58	178.43	10.381	1.5608e-05	0.020194
143.63	3.6805	882.23	0.0011335	-1.7448	-1.5781	80.742	19.049	116.41	319.72	1.3904	5.5337e-05	0.053593	0.00080638	223.00	0.0044842	0.63200	1.2913	100.72	21.607	125.52	178.37	10.360	1.5631e-05	0.020270
143.68	3.6884	881.20	0.0011348	-1.7404	-1.5732	80.774	19.065	117.03	318.88	1.3992	5.5211e-05	0.053529	0.00079875	223.78	0.0044687	0.62918	1.2876	100.68	21.642	126.46	178.31	10.339	1.5654e-05	0.020347
143.73	3.6964	880.17	0.0011361	-1.7360	-1.5682	80.806	19.081	117.65	318.03	1.4080	5.5085e-05	0.053466	0.00079115	224.55	0.0044533	0.62634	1.2839	100.65	21.678	127.42	178.25	10.317	1.5677e-05	0.020424
143.79	3.7044	879.13	0.0011375	-1.7316	-1.5633	80.838	19.097	118.28	317.19	1.4168	5.4960e-05	0.053402	0.00078357	225.33	0.0044378	0.62348	1.2802	100.61	21.714	128.40	178.18	10.296	1.5701e-05	0.020503
143.84	3.7124	878.10	0.0011388	-1.7272	-1.5583	80.870	19.114	118.92	316.34	1.4258	5.4834e-05	0.053339	0.00077602	226.12	0.0044225	0.62062	1.2765	100.58	21.750	129.38	178.12	10.274	1.5724e-05	0.020581
143.89	3.7204	877.06	0.0011402	-1.7228	-1.5533	80.902	19.130	119.57	315.49	1.4348	5.4709e-05	0.053276	0.00076850	226.91	0.0044071	0.61774	1.2727	100.54	21.786	130.39	178.05	10.253	1.5748e-05	0.020661
143.95	3.7284	876.02	0.0011415	-1.7184	-1.5483	80.934	19.147	120.23	314.64	1.4438	5.4583e-05	0.053213	0.00076100	227.70	0.0043918	0.61484	1.2690	100.51	21.823	131.40	177.99	10.231	1.5771e-05	0.020741
144.00	3.7364	874.97	0.0011429	-1.7139	-1.5433	80.967	19.164	120.90	313.79	1.4529	5.4458e-05	0.053151	0.00075353	228.49	0.0043766	0.61193	1.2652	100.47	21.859	132.43	177.93	10.210	1.5795e-05	0.020822
144.05	3.7444	873.92	0.0011443	-1.7095	-1.5383	80.999	19.182	121.58	312.93	1.4621	5.4333e-05	0.053089	0.00074609	229.29	0.0043613	0.60901	1.2614	100.43	21.896	133.48	177.86	10.188	1.5819e-05	0.020903
144.11	3.7524	872.87	0.0011456	-1.7051	-1.5333	81.031	19.199	122.26	312.08	1.4713	5.4207e-05	0.053027	0.00073868	230.09	0.0043461	0.60607	1.2576	100.40	21.934	134.54	177.79	10.167	1.5843e-05	0.020986
144.16	3.7604	871.82	0.0011470	-1.7006	-1.5283	81.063	19.217	122.96	311.22	1.4806	5.4082e-05	0.052965	0.00073129	230.89	0.0043310	0.60311	1.2537	100.36	21.971	135.62	177.73	10.145	1.5867e-05	0.021069
144.21	3.7683	870.76	0.0011484	-1.6962	-1.5233	81.095	19.235	123.66	310.36	1.4899	5.3957e-05	0.052903	0.00072393	231.70	0.0043159	0.60014	1.2498	100.33	22.009	136.72	177.66	10.123	1.5891e-05	0.021153
144.26	3.7763	869.70	0.0011498	-1.6917	-1.5183	81.128	19.253	124.38	309.50	1.4994	5.3832e-05	0.052842	0.00071659	232.51	0.0043008	0.59716	1.2460	100.29	22.047	137.83	177.59	10.102	1.5915e-05	0.021237
144.32	3.7843	868.63	0.0011512	-1.6873	-1.5132	81.160	19.272	125.11	308.63	1.5088	5.3707e-05	0.052781	0.00070929	233.33	0.0042858	0.59416	1.2421	100.25	22.086	138.96	177.52	10.080	1.5940e-05	0.021323
144.37	3.7923	867.57	0.0011526	-1.6828	-1.5082	81.193	19.291	125.85	307.77	1.5184	5.3582e-05	0.052721	0.00070201	234.15	0.0042708	0.59114	1.2382	100.22	22.124	140.10	177.45	10.058	1.5964e-05	0.021409
144.42	3.8003	866.50	0.0011541	-1.6783	-1.5031	81.225	19.310	126.60	306.90	1.5280	5.3456e-05	0.052661	0.00069475	234.97	0.0042558	0.58811	1.2342	100.18	22.163	141.27	177.39	10.036	1.5989e-05	0.021496
144.47	3.8083	865.42	0.0011555	-1.6738	-1.4980	81.258	19.330	127.36	306.03	1.5377	5.3331e-05	0.052601	0.00068753	235.80	0.0042409	0.58506	1.2303	100.14	22.202	142.45	177.32	10.014	1.6014e-05	0.021584
144.53	3.8163	864.35	0.0011569	-1.6693	-1.4929	81.290	19.350	128.13	305.16	1.5475	5.3206e-05	0.052541	0.00068033	236.63	0.0042260	0.58200	1.2263	100.11	22.242	143.65	177.24	9.9925	1.6039e-05	0.021673
144.58	3.8243	863.26	0.0011584	-1.6648	-1.4879	81.323	19.370	128.91	304.28	1.5573	5.3082e-05	0.052482	0.00067316	237.46	0.0042112	0.57892	1.2223	100.07	22.282	144.87	177.17	9.9705	1.6064e-05	0.021762
144.63	3.8323	862.18	0.0011599	-1.6603	-1.4828	81.356	19.390	129.71	303.41	1.5672	5.2957e-05	0.052423	0.00066601	238.30	0.0041964	0.57582	1.2183	100.03	22.322	146.11	177.10	9.9485	1.6089e-05	0.021853
144.68	3.8403	861.09	0.0011613	-1.6558	-1.4776	81.389	19.411	130.51	302.53	1.5772	5.2832e-05	0.052364	0.00065889	239.14	0.0041816	0.57271	1.2142	99.994	22.362	147.37	177.03	9.9265	1.6114e-05	0.021944
144.73	3.8482	860.00	0.0011628	-1.6513	-1.4725	81.421	19.432	131.33	301.65	1.5872	5.2707e-05	0.052306	0.00065180	239.99	0.0041668	0.56958	1.2101	99.957	22.403	148.65	176.96	9.9044	1.6140e-05	0.022037
144.78	3.8562	858.91	0.0011643	-1.6467	-1.4674	81.454	19.453	132.17	300.77	1.5973	5.2582e-05	0.052248	0.00064473	240.84	0.0041521	0.56643	1.2061	99.919	22.444	149.95	176.88	9.8822	1.6165e-05	0.022130
144.84	3.8642	857.81	0.0011658	-1.6422	-1.4622	81.487	19.475	133.01	299.89	1.6075	5.2457e-05	0.052190	0.00063769	241.70	0.0041374	0.56327	1.2020	99.882	22.486	151.27	176.81	9.8601	1.6191e-05	0.022224
144.89	3.8722	856.70	0.0011673	-1.6376	-1.4571	81.520	19.497	133.87	299.00	1.6178	5.2332e-05	0.052133	0.00063068	242.55	0.0041228	0.56009	1.1978	99.844	22.527	152.62	176.73	9.8379	1.6217e-05	0.022319
144.94	3.8802	855.60	0.0011688	-1.6331	-1.4519	81.553	19.519	134.75	298.11	1.6281	5.2207e-05	0.052076	0.00062370	243.42	0.0041082	0.55688	1.1937	99.806	22.569	153.99	176.66	9.8156	1.6243e-05	0.022415
144.99	3.8882	854.49	0.0011703	-1.6285	-1.4467	81.587	19.542	135.64	297.22	1.6386	5.2082e-05	0.052019	0.00061674	244.29	0.0040936	0.55367	1.1895	99.769	22.612	155.38	176.58	9.7933	1.6269e-05	0.022512
145.04	3.8962	853.37	0.0011718	-1.6239	-1.4415	81.620	19.565	136.54	296.33	1.6491	5.1957e-05	0.051963	0.00060980	245.16	0.0040790	0.55043	1.1853	99.731	22.654	156.79	176.50	9.7709	1.6295e-05	0.022610
145.09	3.9042	852.25	0.0011734	-1.6193	-1.4363	81.653	19.588	137.46	295.43	1.6596	5.1832e-05	0.051908	0.00060290	246.03	0.0040645	0.54718	1.1811	99.693	22.698	158.23	176.43	9.7485	1.6322e-05	0.022709
145.14	3.9122	851.13	0.0011749	-1.6147	-1.4311	81.686	19.612	138.39	294.53	1.6703	5.1708e-05	0.051852	0.00059602	246.92	0.0040500	0.54390	1.1768	99.655	22.741	159.70	176.35	9.7261	1.6348e-05	0.022810
145.20	3.9202	850.00	0.0011765	-1.6101	-1.4259	81.720	19.636	139.34	293.63	1.6810	5.1583e-05	0.051798	0.00058917	247.80	0.0040355	0.54061	1.1726	99.616	22.785	161.19	176.27	9.7036	1.6375e-05	0.022911
145.25	3.9281	848.87	0.0011780	-1.6055	-1.4207	81.753	19.660	140.31	292.73	1.6919	5.1458e-05	0.051743	0.00058234	248.69	0.0040211	0.53730	1.1683	99.578	22.829	162.70	176.19	9.6810	1.6402e-05	0.023013
145.30	3.9361	847.74	0.0011796	-1.6009	-1.4154	81.787	19.685	141.29	291.82	1.7028	5.1333e-05	0.051689	0.00057555	249.59	0.0040066	0.53397	1.1640	99.539	22.873	164.25	176.11	9.6584	1.6429e-05	0.023117
145.35	3.9441	846.60	0.0011812	-1.5962	-1.4101	81.821	19.710	142.29	290.92	1.7138	5.1208e-05	0.051636	0.00056877	250.49	0.0039922	0.53062	1.1596	99.501	22.918	165.82	176.02	9.6358	1.6456e-05	0.023221
145.40	3.9521	845.46	0.0011828	-1.5916	-1.4049	81.854	19.736	143.30	290.01	1.7249	5.1083e-05	0.051583	0.00056203	251.39	0.0039779	0.52725	1.1553	99.462	22.964	167.42	175.94	9.6130	1.6483e-05	0.023327
145.45	3.9601	844.31	0.0011844	-1.5869	-1.3996	81.888	19.762	144.34	289.09	1.7361	5.0958e-05	0.051530	0.00055531	252.30	0.0039635	0.52386	1.1509	99.423	23.009	169.05	175.86	9.5903	1.6511e-05	0.023434
145.50	3.9681	843.15	0.0011860	-1.5823	-1.3943	81.922	19.788	145.39	288.18	1.7473	5.0832e-05	0.051478	0.00054862	253.21	0.0039492	0.52045	1.1465	99.384	23.055	170.71	175.78	9.5675	1.6538e-05	0.023542
145.55	3.9761	842.00	0.0011877	-1.5776	-1.3889	81.956	19.815	146.46	287.26	1.7587	5.0707e-05	0.051426	0.00054196	254.13	0.0039349	0.51701	1.1420	99.345	23.102	172.40	175.69	9.5446	1.6566e-05	0.023651
145.60	3.9841	840.83	0.0011893	-1.5729	-1.3836	81.990	19.842	147.56	286.34	1.7701	5.0582e-05	0.051375	0.00053532	255.06	0.0039207	0.51356	1.1376	99.306	23.149	174.13	175.60	9.5216	1.6594e-05	0.023762
145.65	3.9921	839.67	0.0011909	-1.5682	-1.3783	82.024	19.870	148.67	285.41	1.7817	5.0457e-05	0.051325	0.00052871	255.99	0.0039064	0.51009	1.1331	99.266	23.196	175.88	175.52	9.4987	1.6622e-05	0.023874
145.70	4.0001	838.50	0.0011926	-1.5635	-1.3729	82.058	19.898	149.80	284.48	1.7933	5.0332e-05	0.051275	0.00052213	256.92	0.0038922	0.50659	1.1285	99.227	23.244	177.67	175.43	9.4756	1.6651e-05	0.023987
145.75	4.0081	837.32	0.0011943	-1.5587	-1.3675	82.093	19.927	150.95	283.55	1.8051	5.0206e-05	0.051226	0.00051557	257.86	0.0038780	0.50307	1.1240	99.187	23.292	179.50	175.34	9.4525	1.6679e-05	0.024102
145.80	4.0160	836.14	0.0011960	-1.5540	-1.3621	82.127	19.956	152.13	282.62	1.8169	5.0081e-05	0.051177	0.00050904	258.81	0.0038638	0.49953	1.1194	99.147	23.341	181.36	175.25	9.4293	1.6708e-05	0.024217
145.85	4.0240	834.95	0.0011977	-1.5492	-1.3567	82.161	19.986	153.33	281.69	1.8288	4.9955e-05	0.051129	0.00050254	259.76	0.0038497	0.49597	1.1148	99.107	23.390	183.25	175.16	9.4061	1.6737e-05	0.024335
145.90	4.0320	833.76	0.0011994	-1.5445	-1.3513	82.196	20.016	154.55	280.75	1.8409	4.9830e-05	0.051081	0.00049606	260.72	0.0038356	0.49239	1.1102	99.067	23.439	185.19	175.07	9.3828	1.6766e-05	0.024453
145.95	4.0400	832.56	0.0012011	-1.5397	-1.3458	82.231	20.046	155.80	279.80	1.8530	4.9704e-05	0.051034	0.00048961	261.68	0.0038215	0.48878	1.1055	99.026	23.489	187.16	174.98	9.3594	1.6795e-05	0.024574
146.00	4.0480	831.36	0.0012029	-1.5349	-1.3404	82.265	20.077	157.07	278.86	1.8653	4.9578e-05	0.050988	0.00048319	262.65	0.0038074	0.48515	1.1008	98.986	23.540	189.18	174.89	9.3360	1.6824e-05	0.024695
146.05	4.0560	830.15	0.0012046	-1.5301	-1.3349	82.300	20.109	158.36	277.91	1.8776	4.9452e-05	0.050942	0.00047679	263.62	0.0037933	0.48149	1.0961	98.945	23.591	191.23	174.79	9.3125	1.6854e-05	0.024819
146.10	4.0640	828.94	0.0012064	-1.5253	-1.3294	82.335	20.141	159.68	276.96	1.8901	4.9327e-05	0.050897	0.00047043	264.60	0.0037792	0.47781	1.0914	98.905	23.642	193.33	174.70	9.2889	1.6884e-05	0.024943
146.15	4.0720	827.72	0.0012081	-1.5204	-1.3239	82.370	20.174	161.03	276.00	1.9027	4.9200e-05	0.050853	0.00046409	265.59	0.0037652	0.47410	1.0866	98.864	23.694	195.47	174.60	9.2653	1.6914e-05	0.025070
146.20	4.0800	826.49	0.0012099	-1.5156	-1.3184	82.406	20.207	162.41	275.05	1.9154	4.9074e-05	0.050810	0.00045777	266.58	0.0037512	0.47037	1.0818	98.822	23.747	197.66	174.51	9.2415	1.6944e-05	0.025198
146.25	4.0880	825.26	0.0012117	-1.5107	-1.3128	82.441	20.241	163.82	274.09	1.9282	4.8948e-05	0.050767	0.00045149	267.58	0.0037372	0.46662	1.0769	98.781	23.800	199.90	174.41	9.2178	1.6975e-05	0.025327
146.30	4.0959	824.02	0.0012136	-1.5058	-1.3072	82.476	20.275	165.25	273.12	1.9411	4.8822e-05	0.050725	0.00044523	268.59	0.0037232	0.46284	1.0720	98.740	23.853	202.18	174.31	9.1939	1.7005e-05	0.025459
146.35	4.1039	822.78	0.0012154	-1.5009	-1.3017	82.512	20.310	166.72	272.15	1.9541	4.8695e-05	0.050684	0.00043900	269.60	0.0037092	0.45903	1.0671	98.698	23.907	204.51	174.21	9.1700	1.7036e-05	0.025592
146.40	4.1119	821.53	0.0012172	-1.4960	-1.2961	82.547	20.345	168.21	271.18	1.9673	4.8569e-05	0.050644	0.00043279	270.62	0.0036953	0.45519	1.0622	98.656	23.962	206.90	174.11	9.1459	1.7067e-05	0.025727
146.45	4.1199	820.28	0.0012191	-1.4911	-1.2904	82.583	20.381	169.74	270.20	1.9806	4.8442e-05	0.050604	0.00042661	271.64	0.0036813	0.45133	1.0572	98.614	24.017	209.33	174.00	9.1219	1.7099e-05	0.025864
146.49	4.1279	819.01	0.0012210	-1.4861	-1.2848	82.619	20.418	171.31	269.22	1.9940	4.8315e-05	0.050566	0.00042046	272.67	0.0036674	0.44744	1.0522	98.572	24.073	211.83	173.90	9.0977	1.7130e-05	0.026002
146.54	4.1359	817.75	0.0012229	-1.4812	-1.2791	82.655	20.456	172.91	268.24	2.0075	4.8188e-05	0.050528	0.00041434	273.71	0.0036535	0.44352	1.0472	98.529	24.130	214.38	173.79	9.0734	1.7162e-05	0.026143
146.59	4.1439	816.47	0.0012248	-1.4762	-1.2734	82.691	20.494	174.54	267.26	2.0211	4.8061e-05	0.050492	0.00040825	274.76	0.0036396	0.43958	1.0421	98.487	24.187	216.99	173.69	9.0491	1.7194e-05	0.026286
146.64	4.1519	815.19	0.0012267	-1.4712	-1.2677	82.728	20.532	176.22	266.26	2.0349	4.7933e-05	0.050456	0.00040218	275.81	0.0036257	0.43560	1.0369	98.444	24.245	219.66	173.58	9.0247	1.7227e-05	0.026430
146.69	4.1599	813.90	0.0012287	-1.4662	-1.2620	82.764	20.572	177.93	265.27	2.0489	4.7806e-05	0.050421	0.00039614	276.87	0.0036118	0.43159	1.0318	98.401	24.303	222.39	173.47	9.0001	1.7259e-05	0.026577
146.74	4.1679	812.60	0.0012306	-1.4611	-1.2562	82.801	20.612	179.68	264.27	2.0629	4.7678e-05	0.050387	0.00039013	277.94	0.0035979	0.42756	1.0266	98.358	24.362	225.19	173.36	8.9755	1.7292e-05	0.026726
146.79	4.1758	811.30	0.0012326	-1.4561	-1.2505	82.837	20.653	181.47	263.27	2.0771	4.7550e-05	0.050355	0.00038414	279.02	0.0035840	0.42349	1.0214	98.314	24.422	228.05	173.25	8.9509	1.7325e-05	0.026877
146.84	4.1838	809.99	0.0012346	-1.4510	-1.2447	82.874	20.694	183.31	262.26	2.0915	4.7422e-05	0.050323	0.00037819	280.10	0.0035702	0.41940	1.0161	98.271	24.482	230.99	173.14	8.9261	1.7358e-05	0.027030
146.88	4.1918	808.67	0.0012366	-1.4459	-1.2388	82.911	20.737	185.19	261.25	2.1060	4.7293e-05	0.050293	0.00037226	281.19	0.0035563	0.41527	1.0108	98.227	24.543	234.00	173.02	8.9012	1.7392e-05	0.027186
146.93	4.1998	807.34	0.0012386	-1.4408	-1.2330	82.948	20.780	187.12	260.24	2.1206	4.7165e-05	0.050263	0.00036636	282.29	0.0035425	0.41110	1.0054	98.183	24.605	237.08	172.91	8.8762	1.7426e-05	0.027344
146.98	4.2078	806.01	0.0012407	-1.4357	-1.2271	82.985	20.824	189.10	259.22	2.1354	4.7036e-05	0.050235	0.00036049	283.40	0.0035286	0.40691	1.0000	98.138	24.668	240.24	172.79	8.8511	1.7460e-05	0.027504
147.03	4.2158	804.67	0.0012427	-1.4305	-1.2212	83.023	20.869	191.12	258.20	2.1503	4.6907e-05	0.050208	0.00035464	284.51	0.0035148	0.40268	0.99462	98.094	24.731	243.49	172.67	8.8260	1.7495e-05	0.027668
147.08	4.2238	803.32	0.0012448	-1.4253	-1.2153	83.060	20.914	193.20	257.17	2.1654	4.6778e-05	0.050183	0.00034883	285.64	0.0035009	0.39842	0.98914	98.049	24.795	246.81	172.55	8.8007	1.7530e-05	0.027833
147.12	4.2318	801.96	0.0012469	-1.4201	-1.2093	83.098	20.961	195.33	256.13	2.1806	4.6648e-05	0.050159	0.00034304	286.77	0.0034871	0.39412	0.98362	98.004	24.860	250.23	172.43	8.7753	1.7565e-05	0.028002
147.17	4.2398	800.59	0.0012491	-1.4149	-1.2033	83.136	21.008	197.52	255.10	2.1961	4.6518e-05	0.050136	0.00033728	287.91	0.0034733	0.38979	0.97806	97.958	24.926	253.74	172.30	8.7498	1.7600e-05	0.028173
147.22	4.2478	799.22	0.0012512	-1.4097	-1.1973	83.174	21.056	199.77	254.06	2.2116	4.6388e-05	0.050114	0.00033155	289.06	0.0034594	0.38542	0.97245	97.913	24.993	257.34	172.18	8.7242	1.7636e-05	0.028347
147.27	4.2557	797.83	0.0012534	-1.4044	-1.1913	83.213	21.105	202.07	253.01	2.2274	4.6258e-05	0.050094	0.00032585	290.22	0.0034456	0.38101	0.96679	97.867	25.060	261.04	172.05	8.6985	1.7672e-05	0.028523
147.32	4.2637	796.44	0.0012556	-1.3991	-1.1852	83.251	21.156	204.45	251.96	2.2433	4.6127e-05	0.050076	0.00032017	291.39	0.0034318	0.37656	0.96109	97.821	25.128	264.84	171.92	8.6726	1.7708e-05	0.028703
147.36	4.2717	795.04	0.0012578	-1.3938	-1.1791	83.290	21.207	206.88	250.90	2.2594	4.5996e-05	0.050059	0.00031453	292.57	0.0034179	0.37208	0.95534	97.774	25.198	268.75	171.79	8.6467	1.7745e-05	0.028886
147.41	4.2797	793.63	0.0012600	-1.3884	-1.1730	83.329	21.259	209.39	249.84	2.2757	4.5865e-05	0.050043	0.00030891	293.76	0.0034041	0.36756	0.94954	97.727	25.268	272.77	171.66	8.6206	1.7782e-05	0.029073
147.46	4.2877	792.20	0.0012623	-1.3831	-1.1668	83.368	21.312	211.97	248.77	2.2921	4.5733e-05	0.050030	0.00030332	294.96	0.0033903	0.36299	0.94369	97.680	25.339	276.91	171.52	8.5944	1.7819e-05	0.029262
147.51	4.2957	790.77	0.0012646	-1.3777	-1.1607	83.407	21.366	214.62	247.70	2.3088	4.5601e-05	0.050018	0.00029777	296.17	0.0033764	0.35839	0.93779	97.633	25.411	281.17	171.39	8.5681	1.7857e-05	0.029455
147.55	4.3037	789.33	0.0012669	-1.3722	-1.1544	83.446	21.421	217.35	246.62	2.3256	4.5468e-05	0.050008	0.00029224	297.39	0.0033625	0.35374	0.93184	97.585	25.484	285.55	171.25	8.5417	1.7895e-05	0.029652
147.60	4.3117	787.87	0.0012692	-1.3668	-1.1482	83.486	21.478	220.17	245.54	2.3426	4.5335e-05	0.049999	0.00028674	298.63	0.0033487	0.34905	0.92583	97.537	25.559	290.07	171.11	8.5151	1.7934e-05	0.029852
147.65	4.3197	786.41	0.0012716	-1.3613	-1.1419	83.526	21.535	223.07	244.45	2.3599	4.5202e-05	0.049993	0.00028127	299.87	0.0033348	0.34431	0.91977	97.489	25.634	294.73	170.97	8.4884	1.7973e-05	0.030056
147.69	4.3277	784.94	0.0012740	-1.3558	-1.1355	83.566	21.594	226.05	243.36	2.3773	4.5069e-05	0.049989	0.00027583	301.12	0.0033209	0.33953	0.91365	97.441	25.710	299.53	170.82	8.4615	1.8012e-05	0.030264
147.74	4.3356	783.45	0.0012764	-1.3502	-1.1292	83.606	21.654	229.14	242.26	2.3950	4.4934e-05	0.049986	0.00027042	302.39	0.0033070	0.33471	0.90748	97.392	25.788	304.48	170.67	8.4345	1.8052e-05	0.030476
147.79	4.3436	781.95	0.0012789	-1.3447	-1.1228	83.647	21.715	232.32	241.15	2.4128	4.4800e-05	0.049986	0.00026503	303.67	0.0032931	0.32983	0.90125	97.342	25.867	309.59	170.52	8.4074	1.8092e-05	0.030692
147.84	4.3516	780.44	0.0012813	-1.3391	-1.1163	83.688	21.778	235.61	240.04	2.4309	4.4665e-05	0.049988	0.00025968	304.96	0.0032792	0.32491	0.89495	97.293	25.946	314.87	170.37	8.3801	1.8133e-05	0.030912
147.88	4.3596	778.92	0.0012838	-1.3334	-1.1098	83.729	21.842	239.00	238.92	2.4492	4.4529e-05	0.049992	0.00025436	306.26	0.0032652	0.31993	0.88860	97.243	26.028	320.32	170.22	8.3526	1.8174e-05	0.031137
147.93	4.3676	777.38	0.0012864	-1.3277	-1.1033	83.770	21.907	242.51	237.80	2.4678	4.4393e-05	0.049999	0.00024907	307.57	0.0032512	0.31491	0.88218	97.192	26.110	325.96	170.06	8.3250	1.8216e-05	0.031367
147.98	4.3756	775.84	0.0012889	-1.3220	-1.0967	83.812	21.974	246.14	236.67	2.4865	4.4257e-05	0.050008	0.00024381	308.90	0.0032373	0.30983	0.87570	97.141	26.194	331.78	169.90	8.2973	1.8258e-05	0.031602
148.02	4.3836	774.28	0.0012915	-1.3163	-1.0901	83.854	22.042	249.89	235.53	2.5056	4.4119e-05	0.050020	0.00023858	310.25	0.0032233	0.30470	0.86915	97.090	26.279	337.81	169.74	8.2693	1.8301e-05	0.031841
148.07	4.3916	772.70	0.0012942	-1.3105	-1.0834	83.896	22.112	253.78	234.38	2.5248	4.3982e-05	0.050035	0.00023338	311.60	0.0032092	0.29952	0.86253	97.038	26.366	344.06	169.57	8.2412	1.8344e-05	0.032086
148.12	4.3996	771.11	0.0012968	-1.3047	-1.0767	83.939	22.183	257.81	233.23	2.5443	4.3843e-05	0.050052	0.00022822	312.97	0.0031952	0.29427	0.85584	96.986	26.454	350.52	169.40	8.2130	1.8387e-05	0.032337
148.16	4.4076	769.51	0.0012995	-1.2988	-1.0700	83.981	22.256	261.98	232.07	2.5641	4.3704e-05	0.050072	0.00022308	314.36	0.0031811	0.28897	0.84908	96.934	26.543	357.23	169.23	8.1845	1.8432e-05	0.032593
148.21	4.4155	767.89	0.0013023	-1.2929	-1.0632	84.025	22.331	266.31	230.91	2.5842	4.3565e-05	0.050095	0.00021798	315.76	0.0031670	0.28361	0.84224	96.881	26.634	364.18	169.06	8.1559	1.8476e-05	0.032855
148.25	4.4235	766.26	0.0013050	-1.2869	-1.0563	84.068	22.407	270.81	229.74	2.6045	4.3424e-05	0.050121	0.00021290	317.17	0.0031528	0.27819	0.83533	96.828	26.727	371.40	168.88	8.1270	1.8522e-05	0.033123
148.30	4.4315	764.61	0.0013079	-1.2809	-1.0494	84.112	22.486	275.48	228.56	2.6251	4.3283e-05	0.050151	0.00020786	318.61	0.0031387	0.27270	0.82834	96.774	26.821	378.89	168.70	8.0980	1.8568e-05	0.033398
148.35	4.4395	762.94	0.0013107	-1.2749	-1.0424	84.156	22.566	280.34	227.37	2.6460	4.3142e-05	0.050184	0.00020285	320.06	0.0031245	0.26715	0.82127	96.719	26.917	386.69	168.51	8.0688	1.8614e-05	0.033679
148.39	4.4475	761.26	0.0013136	-1.2688	-1.0354	84.200	22.648	285.39	226.17	2.6672	4.2999e-05	0.050221	0.00019788	321.52	0.0031102	0.26153	0.81412	96.664	27.015	394.79	168.32	8.0393	1.8662e-05	0.033968
148.44	4.4555	759.56	0.0013166	-1.2627	-1.0284	84.245	22.732	290.65	224.97	2.6888	4.2856e-05	0.050261	0.00019293	323.01	0.0030959	0.25584	0.80688	96.609	27.115	403.22	168.13	8.0097	1.8709e-05	0.034263
148.48	4.4635	757.84	0.0013195	-1.2565	-1.0212	84.291	22.818	296.13	223.75	2.7106	4.2711e-05	0.050305	0.00018802	324.51	0.0030816	0.25008	0.79955	96.553	27.217	412.01	167.94	7.9798	1.8758e-05	0.034567
148.53	4.4715	756.10	0.0013226	-1.2503	-1.0140	84.336	22.907	301.85	222.53	2.7328	4.2566e-05	0.050354	0.00018314	326.03	0.0030672	0.24425	0.79214	96.496	27.321	421.17	167.74	7.9497	1.8807e-05	0.034879
148.58	4.4795	754.35	0.0013256	-1.2440	-1.0067	84.382	22.998	307.82	221.30	2.7553	4.2420e-05	0.050406	0.00017830	327.57	0.0030528	0.23834	0.78462	96.439	27.426	430.73	167.53	7.9194	1.8857e-05	0.035199
148.62	4.4875	752.57	0.0013288	-1.2376	-0.99941	84.429	23.091	314.05	220.06	2.7781	4.2273e-05	0.050464	0.00017349	329.13	0.0030383	0.23235	0.77701	96.381	27.534	440.71	167.32	7.8888	1.8908e-05	0.035528
148.67	4.4955	750.77	0.0013320	-1.2312	-0.99201	84.476	23.186	320.58	218.81	2.8013	4.2125e-05	0.050526	0.00016871	330.71	0.0030238	0.22628	0.76930	96.323	27.645	451.15	167.11	7.8580	1.8960e-05	0.035866
148.71	4.5034	748.95	0.0013352	-1.2247	-0.98454	84.523	23.285	327.41	217.55	2.8249	4.1976e-05	0.050593	0.00016397	332.31	0.0030092	0.22012	0.76149	96.264	27.757	462.07	166.89	7.8269	1.9012e-05	0.036215
148.76	4.5114	747.11	0.0013385	-1.2182	-0.97699	84.571	23.386	334.56	216.28	2.8488	4.1825e-05	0.050665	0.00015926	333.94	0.0029945	0.21388	0.75356	96.204	27.872	473.51	166.67	7.7955	1.9066e-05	0.036573
148.80	4.5194	745.25	0.0013418	-1.2116	-0.96937	84.619	23.489	342.07	215.00	2.8732	4.1674e-05	0.050743	0.00015459	335.59	0.0029798	0.20754	0.74553	96.144	27.990	485.50	166.44	7.7639	1.9120e-05	0.036943
148.85	4.5274	743.36	0.0013452	-1.2050	-0.96166	84.668	23.596	349.96	213.71	2.8979	4.1521e-05	0.050826	0.00014995	337.26	0.0029651	0.20112	0.73738	96.083	28.110	498.09	166.21	7.7320	1.9175e-05	0.037324
148.89	4.5354	741.45	0.0013487	-1.1982	-0.95387	84.718	23.706	358.26	212.41	2.9231	4.1367e-05	0.050916	0.00014535	338.96	0.0029502	0.19459	0.72911	96.021	28.233	511.32	165.97	7.6997	1.9231e-05	0.037717
148.94	4.5434	739.51	0.0013522	-1.1914	-0.94599	84.768	23.819	367.00	211.10	2.9487	4.1212e-05	0.051013	0.00014078	340.68	0.0029353	0.18796	0.72071	95.958	28.359	525.24	165.73	7.6672	1.9288e-05	0.038124
148.98	4.5514	737.54	0.0013559	-1.1845	-0.93802	84.818	23.935	376.21	209.78	2.9748	4.1055e-05	0.051116	0.00013625	342.43	0.0029203	0.18123	0.71218	95.895	28.488	539.91	165.48	7.6344	1.9347e-05	0.038544
149.03	4.5594	735.55	0.0013595	-1.1776	-0.92995	84.870	24.055	385.94	208.44	3.0013	4.0897e-05	0.051227	0.00013176	344.21	0.0029052	0.17438	0.70352	95.830	28.620	555.38	165.22	7.6012	1.9406e-05	0.038978
149.07	4.5674	733.52	0.0013633	-1.1705	-0.92178	84.921	24.179	396.22	207.09	3.0284	4.0737e-05	0.051346	0.00012730	346.02	0.0028900	0.16742	0.69472	95.765	28.756	571.73	164.96	7.5676	1.9466e-05	0.039429
149.12	4.5754	731.47	0.0013671	-1.1634	-0.91351	84.974	24.307	407.12	205.73	3.0559	4.0575e-05	0.051473	0.00012289	347.86	0.0028747	0.16034	0.68576	95.699	28.895	589.02	164.69	7.5337	1.9528e-05	0.039895
149.16	4.5833	729.38	0.0013710	-1.1562	-0.90513	85.027	24.439	418.68	204.35	3.0839	4.0412e-05	0.051610	0.00011851	349.74	0.0028593	0.15313	0.67666	95.632	29.038	607.35	164.41	7.4994	1.9591e-05	0.040380
149.21	4.5913	727.26	0.0013750	-1.1488	-0.89663	85.081	24.575	430.96	202.96	3.1125	4.0247e-05	0.051756	0.00011417	351.64	0.0028438	0.14580	0.66739	95.563	29.184	626.80	164.13	7.4648	1.9656e-05	0.040883
149.25	4.5993	725.10	0.0013791	-1.1414	-0.88801	85.136	24.716	444.04	201.56	3.1417	4.0080e-05	0.051912	0.00010987	353.58	0.0028282	0.13832	0.65795	95.494	29.335	647.49	163.83	7.4297	1.9722e-05	0.041407
149.30	4.6073	722.90	0.0013833	-1.1339	-0.87927	85.192	24.862	457.99	200.14	3.1715	3.9911e-05	0.052080	0.00010561	355.56	0.0028124	0.13070	0.64834	95.424	29.490	669.52	163.53	7.3941	1.9789e-05	0.041952
149.34	4.6153	720.67	0.0013876	-1.1262	-0.87039	85.248	25.013	472.91	198.70	3.2019	3.9739e-05	0.052260	0.00010139	357.58	0.0027966	0.12293	0.63854	95.352	29.650	693.04	163.22	7.3582	1.9858e-05	0.042520
149.39	4.6233	718.39	0.0013920	-1.1185	-0.86136	85.306	25.169	488.88	197.25	3.2329	3.9566e-05	0.052454	9.7212e-05	359.64	0.0027805	0.11500	0.62854	95.279	29.814	718.21	162.90	7.3217	1.9929e-05	0.043114
149.43	4.6313	716.07	0.0013965	-1.1106	-0.85219	85.364	25.332	506.04	195.78	3.2646	3.9389e-05	0.052661	9.3077e-05	361.75	0.0027644	0.10690	0.61833	95.205	29.984	745.18	162.57	7.2848	2.0001e-05	0.043736
149.48	4.6393	713.70	0.0014011	-1.1025	-0.84286	85.424	25.500	524.52	194.29	3.2971	3.9210e-05	0.052885	8.8985e-05	363.90	0.0027480	0.098616	0.60791	95.129	30.158	774.17	162.23	7.2473	2.0076e-05	0.044386
149.52	4.6473	711.28	0.0014059	-1.0944	-0.83335	85.484	25.676	544.46	192.79	3.3303	3.9029e-05	0.053125	8.4937e-05	366.10	0.0027315	0.090147	0.59725	95.052	30.339	805.40	161.88	7.2092	2.0152e-05	0.045069
149.56	4.6553	708.81	0.0014108	-1.0860	-0.82367	85.546	25.858	566.04	191.26	3.3642	3.8844e-05	0.053385	8.0934e-05	368.35	0.0027148	0.081478	0.58635	94.973	30.526	839.15	161.51	7.1706	2.0231e-05	0.045787
149.61	4.6632	706.29	0.0014159	-1.0776	-0.81380	85.609	26.048	589.49	189.72	3.3990	3.8656e-05	0.053666	7.6976e-05	370.65	0.0026979	0.072597	0.57519	94.893	30.719	875.71	161.14	7.1314	2.0312e-05	0.046544
149.65	4.6712	703.70	0.0014211	-1.0689	-0.80372	85.673	26.246	615.03	188.15	3.4347	3.8465e-05	0.053969	7.3065e-05	373.02	0.0026808	0.063487	0.56375	94.811	30.920	915.47	160.75	7.0915	2.0396e-05	0.047343
149.70	4.6792	701.05	0.0014264	-1.0601	-0.79342	85.739	26.453	642.97	186.55	3.4713	3.8269e-05	0.054299	6.9202e-05	375.45	0.0026635	0.054135	0.55201	94.727	31.127	958.84	160.34	7.0509	2.0482e-05	0.048189
149.74	4.6872	698.33	0.0014320	-1.0510	-0.78288	85.806	26.670	673.65	184.94	3.5088	3.8070e-05	0.054657	6.5387e-05	377.94	0.0026459	0.044523	0.53995	94.640	31.343	1006.3	159.92	7.0095	2.0571e-05	0.049086
149.78	4.6952	695.54	0.0014377	-1.0418	-0.77209	85.875	26.897	707.48	183.29	3.5475	3.7867e-05	0.055048	6.1623e-05	380.51	0.0026280	0.034630	0.52755	94.552	31.568	1058.6	159.48	6.9674	2.0663e-05	0.050041
149.83	4.7032	692.66	0.0014437	-1.0323	-0.76103	85.946	27.136	744.96	181.62	3.5872	3.7658e-05	0.055476	5.7911e-05	383.16	0.0026098	0.024436	0.51478	94.461	31.802	1116.3	159.02	6.9244	2.0759e-05	0.051060
149.87	4.7112	689.70	0.0014499	-1.0225	-0.74966	86.019	27.386	786.72	179.92	3.6281	3.7445e-05	0.055945	5.4252e-05	385.90	0.0025913	0.013914	0.50161	94.368	32.046	1180.3	158.55	6.8805	2.0858e-05	0.052152
149.92	4.7192	686.65	0.0014564	-1.0125	-0.73797	86.094	27.650	833.49	178.19	3.6703	3.7226e-05	0.056463	5.0648e-05	388.73	0.0025725	0.0030363	0.48801	94.271	32.301	1251.9	158.05	6.8355	2.0962e-05	0.053326
149.96	4.7272	683.49	0.0014631	-1.0022	-0.72591	86.171	27.929	886.23	176.43	3.7138	3.7000e-05	0.057036	4.7100e-05	391.66	0.0025532	-0.0082306	0.47393	94.172	32.568	1332.2	157.52	6.7896	2.1070e-05	0.054594
150.00	4.7352	680.21	0.0014701	-0.99155	-0.71347	86.251	28.224	946.13	174.62	3.7588	3.6768e-05	0.057674	4.3611e-05	394.70	0.0025336	-0.019925	0.45932	94.069	32.849	1423.1	156.97	6.7424	2.1183e-05	0.055969
150.05	4.7431	676.81	0.0014775	-0.98054	-0.70058	86.334	28.537	1014.7	172.78	3.8054	3.6528e-05	0.058389	4.0183e-05	397.87	0.0025134	-0.032092	0.44414	93.963	33.144	1526.6	156.40	6.6939	2.1302e-05	0.057469
150.09	4.7511	673.27	0.0014853	-0.96910	-0.68720	86.420	28.871	1093.9	170.90	3.8538	3.6280e-05	0.059194	3.6818e-05	401.18	0.0024927	-0.044784	0.42832	93.852	33.455	1645.7	155.79	6.6440	2.1426e-05	0.059116
150.13	4.7591	669.57	0.0014935	-0.95721	-0.67327	86.509	29.227	1186.5	168.97	3.9041	3.6022e-05	0.060108	3.3519e-05	404.64	0.0024713	-0.058064	0.41178	93.737	33.784	1784.0	155.14	6.5926	2.1558e-05	0.060935
150.18	4.7671	665.69	0.0015022	-0.94479	-0.65872	86.603	29.610	1295.8	166.98	3.9565	3.5753e-05	0.061156	3.0290e-05	408.28	0.0024493	-0.072011	0.39442	93.616	34.134	1946.5	154.45	6.5394	2.1698e-05	0.062961
150.22	4.7751	661.61	0.0015115	-0.93177	-0.64345	86.702	30.021	1426.9	164.95	4.0112	3.5472e-05	0.062369	2.7134e-05	412.12	0.0024265	-0.086718	0.37614	93.489	34.506	2140.1	153.72	6.4842	2.1847e-05	0.065240
150.26	4.7831	657.29	0.0015214	-0.91804	-0.62734	86.805	30.467	1586.8	162.84	4.0686	3.5176e-05	0.063791	2.4056e-05	416.20	0.0024027	-0.10230	0.35679	93.355	34.904	2374.4	152.93	6.4267	2.2007e-05	0.067832
150.30	4.7911	652.69	0.0015321	-0.90349	-0.61025	86.916	30.953	1785.6	160.67	4.1290	3.4864e-05	0.065483	2.1060e-05	420.55	0.0023778	-0.11892	0.33618	93.213	35.333	2663.6	152.09	6.3666	2.2180e-05	0.070821
150.35	4.7991	647.76	0.0015438	-0.88796	-0.59199	87.034	31.487	2039.1	158.41	4.1930	3.4531e-05	0.067534	1.8152e-05	425.24	0.0023516	-0.13676	0.31408	93.061	35.796	3028.9	151.17	6.3034	2.2368e-05	0.074324
150.39	4.8071	642.42	0.0015566	-0.87121	-0.57228	87.162	32.078	2372.7	156.07	4.2610	3.4173e-05	0.070076	1.5341e-05	430.32	0.0023238	-0.15610	0.29015	92.897	36.302	3504.6	150.16	6.2365	2.2576e-05	0.078517
150.43	4.8151	636.57	0.0015709	-0.85293	-0.55076	87.302	32.740	2829.3	153.60	4.3340	3.3784e-05	0.073323	1.2634e-05	435.92	0.0022940	-0.17732	0.26394	92.717	36.858	4148.1	149.05	6.1650	2.2807e-05	0.083676
150.48	4.8230	630.05	0.0015872	-0.83265	-0.52685	87.457	33.494	3489.2	151.01	4.4131	3.3355e-05	0.077637	1.0045e-05	442.17	0.0022616	-0.20097	0.23477	92.519	37.477	5064.8	147.80	6.0878	2.3071e-05	0.090259
150.52	4.8310	622.62	0.0016061	-0.80963	-0.49966	87.635	34.368	4518.4	148.25	4.5003	3.2871e-05	0.083700	7.5882e-06	449.34	0.0022255	-0.22794	0.20156	92.293	38.178	6470.0	146.36	6.0028	2.3379e-05	0.099108
150.56	4.8390	613.84	0.0016291	-0.78251	-0.46759	87.844	35.414	6321.4	145.26	4.5986	3.2306e-05	0.092976	5.2876e-06	457.85	0.0021841	-0.25979	0.16242	92.029	38.987	8879.2	144.68	5.9067	2.3753e-05	0.11199
150.60	4.8470	602.81	0.0016589	-0.74850	-0.42730	88.108	36.728	10185.	141.96	4.7144	3.1606e-05	0.10940	3.1797e-06	468.60	0.0021340	-0.29974	0.11346	91.699	39.956	13894.	142.59	5.7930	2.4239e-05	0.13350
150.64	4.8550	587.01	0.0017035	-0.69968	-0.36928	88.490	undefined	undefined	undefined	4.8645	3.0625e-05	undefined	1.3343e-06	484.16	0.0020654	-0.35671	0.043869	91.232	undefined	undefined	undefined	5.6434	2.4970e-05	undefined
150.69	4.8630	535.60	0.0018671	-0.53575	-0.17304	89.789	undefined	undefined	undefined	5.2503	2.7626e-05	undefined	0.0000	535.60	0.0018671	-0.53575	-0.17304	89.789	undefined	undefined	undefined	5.2503	2.7626e-05	undefined
