Temperature (K)	Pressure (MPa)	Density (l, kg/m3)	Volume (l, m3/kg)	Internal Energy (l, kJ/mol)	Enthalpy (l, kJ/mol)	Entropy (l, J/mol*K)	Cv (l, J/mol*K)	Cp (l, J/mol*K)	Sound Spd. (l, m/s)	Joule-Thomson (l, K/MPa)	Viscosity (l, Pa*s)	Therm. Cond. (l, W/m*K)	Surf. Tension (l, N/m)	Density (v, kg/m3)	Volume (v, m3/kg)	Internal Energy (v, kJ/mol)	Enthalpy (v, kJ/mol)	Entropy (v, J/mol*K)	Cv (v, J/mol*K)	Cp (v, J/mol*K)	Sound Spd. (v, m/s)	Joule-Thomson (v, K/MPa)	Viscosity (v, Pa*s)	Therm. Cond. (v, W/m*K)
278.68	0.0047850	893.97	0.0011186	-10.419	-10.418	-33.020	91.630	131.62	1393.8	-0.44822	0.00081229	0.14799	0.030814	0.16185	6.1784	22.242	24.551	92.465	67.071	75.507	182.13	68.519	7.0818e-06	0.0091298
298.59	0.012956	873.12	0.0011453	-7.7601	-7.7589	-23.807	95.242	135.52	1298.5	-0.42218	0.00059886	0.14109	0.028148	0.41063	2.4353	23.617	26.081	89.525	73.500	82.089	187.02	55.286	7.5683e-06	0.010592
309.70	0.021127	861.37	0.0011609	-6.2418	-6.2399	-18.814	97.447	137.98	1246.6	-0.40576	0.00051737	0.13741	0.026681	0.64776	1.5438	24.430	26.978	88.445	77.144	85.865	189.50	49.387	7.8364e-06	0.011478
317.70	0.029297	852.83	0.0011726	-5.1306	-5.1279	-15.272	99.097	139.84	1209.8	-0.39315	0.00046919	0.13482	0.025634	0.87830	1.1386	25.037	27.642	87.876	79.788	88.629	191.16	45.664	8.0280e-06	0.012145
324.06	0.037468	845.99	0.0011820	-4.2372	-4.2337	-12.488	100.44	141.38	1180.8	-0.38267	0.00043578	0.13280	0.024808	1.1043	0.90555	25.530	28.180	87.538	81.896	90.851	192.39	42.983	8.1794e-06	0.012691
329.38	0.045639	840.22	0.0011902	-3.4815	-3.4773	-10.175	101.58	142.69	1156.8	-0.37358	0.00041056	0.13112	0.024121	1.3269	0.75366	25.951	28.637	87.326	83.665	92.729	193.36	40.908	8.3056e-06	0.013159
333.98	0.053810	835.20	0.0011973	-2.8219	-2.8169	-8.1858	102.57	143.85	1136.1	-0.36548	0.00039049	0.12968	0.023528	1.5467	0.64654	26.320	29.038	87.191	85.199	94.367	194.14	39.228	8.4144e-06	0.013572
338.06	0.061981	830.73	0.0012038	-2.2334	-2.2276	-6.4344	103.46	144.88	1117.9	-0.35811	0.00037393	0.12841	0.023007	1.7643	0.56680	26.651	29.396	87.108	86.558	95.828	194.80	37.824	8.5104e-06	0.013943
341.74	0.070152	826.69	0.0012096	-1.7001	-1.6934	-4.8651	104.27	145.83	1101.6	-0.35132	0.00035991	0.12728	0.022539	1.9800	0.50506	26.953	29.721	87.060	87.782	97.151	195.36	36.625	8.5967e-06	0.014283
345.08	0.078322	822.98	0.0012151	-1.2108	-1.2034	-3.4404	105.01	146.70	1086.8	-0.34500	0.00034780	0.12625	0.022114	2.1940	0.45578	27.231	30.019	87.037	88.899	98.364	195.84	35.581	8.6751e-06	0.014596
348.17	0.086493	819.55	0.0012202	-0.75778	-0.74954	-2.1333	105.69	147.51	1073.3	-0.33906	0.00033717	0.12530	0.021724	2.4067	0.41551	27.488	30.295	87.034	89.927	99.487	196.26	34.660	8.7472e-06	0.014888
351.03	0.094664	816.35	0.0012250	-0.33507	-0.32601	-0.92402	106.33	148.27	1060.8	-0.33344	0.00032772	0.12443	0.021363	2.6181	0.38196	27.729	30.554	87.046	90.882	100.53	196.63	33.838	8.8141e-06	0.015161
353.70	0.10283	813.35	0.0012295	0.061847	0.071723	0.20251	106.92	148.98	1049.1	-0.32810	0.00031923	0.12362	0.021027	2.8284	0.35356	27.956	30.796	87.068	91.774	101.52	196.95	33.097	8.8764e-06	0.015419
356.21	0.11101	810.52	0.0012338	0.43649	0.44719	1.2581	107.49	149.66	1038.2	-0.32299	0.00031154	0.12285	0.020712	3.0377	0.32920	28.171	31.025	87.100	92.612	102.45	197.24	32.425	8.9349e-06	0.015664
358.58	0.11918	807.83	0.0012379	0.79170	0.80322	2.2521	108.02	150.30	1027.9	-0.31810	0.00030452	0.12213	0.020416	3.2461	0.30806	28.374	31.242	87.138	93.402	103.32	197.50	31.811	8.9901e-06	0.015897
360.83	0.12735	805.28	0.0012418	1.1298	1.1421	3.1920	108.52	150.91	1018.2	-0.31338	0.00029807	0.12146	0.020135	3.4537	0.28954	28.568	31.448	87.182	94.152	104.16	197.73	31.247	9.0424e-06	0.016119
362.97	0.13552	802.84	0.0012456	1.4526	1.4658	4.0842	109.01	151.49	1009.0	-0.30883	0.00029211	0.12081	0.019870	3.6606	0.27318	28.754	31.645	87.231	94.865	104.96	197.93	30.725	9.0921e-06	0.016332
365.01	0.14369	800.51	0.0012492	1.7618	1.7758	4.9338	109.47	152.05	1000.2	-0.30442	0.00028658	0.12020	0.019617	3.8668	0.25861	28.932	31.834	87.283	95.545	105.73	198.11	30.241	9.1394e-06	0.016537
366.96	0.15186	798.26	0.0012527	2.0587	2.0736	5.7451	109.91	152.59	991.88	-0.30014	0.00028142	0.11961	0.019375	4.0724	0.24556	29.102	32.015	87.339	96.195	106.46	198.28	29.790	9.1847e-06	0.016734
368.83	0.16003	796.10	0.0012561	2.3444	2.3601	6.5219	110.33	153.11	983.88	-0.29598	0.00027659	0.11905	0.019144	4.2774	0.23379	29.267	32.189	87.397	96.818	107.17	198.42	29.368	9.2282e-06	0.016924
370.63	0.16820	794.02	0.0012594	2.6200	2.6365	7.2673	110.74	153.61	976.20	-0.29193	0.00027206	0.11851	0.018922	4.4819	0.22312	29.426	32.357	87.457	97.417	107.85	198.55	28.973	9.2699e-06	0.017108
372.37	0.17637	792.01	0.0012626	2.8862	2.9036	7.9841	111.13	154.10	968.82	-0.28797	0.00026779	0.11800	0.018709	4.6860	0.21340	29.579	32.519	87.518	97.994	108.51	198.67	28.600	9.3101e-06	0.017286
374.04	0.18454	790.06	0.0012657	3.1439	3.1622	8.6746	111.51	154.57	961.72	-0.28410	0.00026376	0.11750	0.018504	4.8896	0.20452	29.728	32.676	87.581	98.550	109.15	198.77	28.250	9.3489e-06	0.017459
375.66	0.19271	788.17	0.0012688	3.3937	3.4128	9.3410	111.88	155.02	954.86	-0.28032	0.00025994	0.11701	0.018306	5.0928	0.19636	29.872	32.828	87.645	99.088	109.77	198.87	27.918	9.3864e-06	0.017627
377.22	0.20088	786.34	0.0012717	3.6361	3.6561	9.9852	112.24	155.47	948.24	-0.27661	0.00025631	0.11655	0.018115	5.2957	0.18883	30.012	32.975	87.710	99.608	110.38	198.95	27.603	9.4226e-06	0.017790
378.74	0.20906	784.55	0.0012746	3.8717	3.8925	10.609	112.58	155.90	941.83	-0.27297	0.00025286	0.11610	0.017931	5.4981	0.18188	30.148	33.118	87.775	100.11	110.96	199.02	27.305	9.4578e-06	0.017949
380.21	0.21723	782.82	0.0012774	4.1010	4.1226	11.213	112.92	156.32	935.62	-0.26939	0.00024957	0.11566	0.017751	5.7003	0.17543	30.281	33.257	87.841	100.60	111.53	199.08	27.021	9.4919e-06	0.018105
381.64	0.22540	781.13	0.0012802	4.3243	4.3468	11.799	113.24	156.73	929.60	-0.26588	0.00024642	0.11523	0.017578	5.9022	0.16943	30.410	33.393	87.908	101.07	112.09	199.14	26.751	9.5250e-06	0.018256
383.03	0.23357	779.48	0.0012829	4.5420	4.5654	12.369	113.56	157.13	923.75	-0.26242	0.00024342	0.11482	0.017409	6.1038	0.16383	30.536	33.525	87.974	101.54	112.63	199.18	26.493	9.5573e-06	0.018404
384.39	0.24174	777.86	0.0012856	4.7545	4.7788	12.923	113.87	157.52	918.07	-0.25901	0.00024054	0.11442	0.017246	6.3052	0.15860	30.658	33.653	88.041	101.98	113.16	199.22	26.246	9.5887e-06	0.018549
385.70	0.24991	776.29	0.0012882	4.9621	4.9873	13.462	114.17	157.90	912.54	-0.25566	0.00023777	0.11403	0.017086	6.5063	0.15370	30.778	33.779	88.108	102.42	113.67	199.25	26.010	9.6193e-06	0.018691
386.99	0.25808	774.75	0.0012907	5.1651	5.1911	13.988	114.47	158.27	907.15	-0.25234	0.00023512	0.11364	0.016931	6.7072	0.14909	30.896	33.901	88.175	102.85	114.18	199.28	25.784	9.6491e-06	0.018829
388.25	0.26625	773.24	0.0012933	5.3636	5.3905	14.500	114.75	158.64	901.89	-0.24908	0.00023256	0.11327	0.016780	6.9079	0.14476	31.010	34.021	88.242	103.26	114.67	199.30	25.568	9.6783e-06	0.018965
389.48	0.27442	771.77	0.0012957	5.5580	5.5858	15.000	115.03	159.00	896.77	-0.24585	0.00023010	0.11291	0.016632	7.1085	0.14068	31.123	34.138	88.309	103.67	115.16	199.31	25.359	9.7068e-06	0.019099
390.68	0.28259	770.32	0.0012982	5.7484	5.7771	15.488	115.31	159.35	891.77	-0.24266	0.00022773	0.11255	0.016489	7.3088	0.13682	31.233	34.253	88.376	104.07	115.64	199.32	25.159	9.7346e-06	0.019230
391.85	0.29076	768.90	0.0013006	5.9351	5.9647	15.966	115.58	159.69	886.88	-0.23950	0.00022544	0.11221	0.016348	7.5091	0.13317	31.340	34.365	88.443	104.45	116.10	199.32	24.966	9.7619e-06	0.019358
393.00	0.29893	767.50	0.0013029	6.1182	6.1487	16.432	115.84	160.03	882.09	-0.23638	0.00022323	0.11187	0.016211	7.7091	0.12972	31.446	34.475	88.510	104.83	116.56	199.32	24.781	9.7886e-06	0.019484
394.12	0.30711	766.14	0.0013053	6.2980	6.3293	16.889	116.10	160.37	877.42	-0.23329	0.00022108	0.11153	0.016076	7.9091	0.12644	31.550	34.583	88.576	105.20	117.01	199.32	24.602	9.8147e-06	0.019609
395.23	0.31528	764.79	0.0013075	6.4744	6.5066	17.336	116.35	160.70	872.84	-0.23023	0.00021901	0.11121	0.015945	8.1089	0.12332	31.652	34.689	88.643	105.57	117.45	199.31	24.429	9.8404e-06	0.019731
396.31	0.32345	763.47	0.0013098	6.6478	6.6809	17.775	116.60	161.02	868.35	-0.22720	0.00021700	0.11089	0.015816	8.3086	0.12036	31.752	34.793	88.708	105.92	117.89	199.29	24.262	9.8655e-06	0.019851
397.37	0.33162	762.17	0.0013120	6.8182	6.8522	18.204	116.84	161.34	863.96	-0.22419	0.00021505	0.11058	0.015690	8.5082	0.11753	31.850	34.895	88.774	106.27	118.32	199.28	24.101	9.8902e-06	0.019969
398.41	0.33979	760.89	0.0013142	6.9858	7.0207	18.626	117.08	161.65	859.65	-0.22122	0.00021316	0.11027	0.015567	8.7078	0.11484	31.947	34.995	88.840	106.62	118.74	199.26	23.945	9.9145e-06	0.020086
399.43	0.34796	759.63	0.0013164	7.1507	7.1865	19.039	117.32	161.96	855.42	-0.21826	0.00021133	0.10997	0.015446	8.9072	0.11227	32.042	35.093	88.905	106.95	119.15	199.23	23.795	9.9383e-06	0.020201
400.44	0.35613	758.39	0.0013186	7.3130	7.3496	19.445	117.55	162.26	851.27	-0.21533	0.00020954	0.10967	0.015327	9.1066	0.10981	32.135	35.190	88.970	107.28	119.56	199.20	23.648	9.9617e-06	0.020314
401.43	0.36430	757.17	0.0013207	7.4727	7.5103	19.843	117.78	162.56	847.19	-0.21241	0.00020781	0.10938	0.015210	9.3059	0.10746	32.227	35.285	89.034	107.61	119.97	199.17	23.507	9.9847e-06	0.020426
402.40	0.37247	755.97	0.0013228	7.6301	7.6685	20.235	118.00	162.86	843.18	-0.20952	0.00020612	0.10909	0.015096	9.5052	0.10521	32.318	35.379	89.098	107.93	120.36	199.14	23.370	1.0007e-05	0.020536
403.35	0.38064	754.78	0.0013249	7.7851	7.8245	20.620	118.22	163.15	839.25	-0.20665	0.00020448	0.10881	0.014983	9.7045	0.10305	32.407	35.471	89.162	108.24	120.76	199.10	23.236	1.0030e-05	0.020644
404.29	0.38881	753.61	0.0013270	7.9379	7.9782	20.999	118.43	163.43	835.38	-0.20380	0.00020287	0.10854	0.014873	9.9037	0.10097	32.495	35.562	89.226	108.55	121.14	199.06	23.107	1.0052e-05	0.020752
405.22	0.39698	752.45	0.0013290	8.0885	8.1297	21.371	118.65	163.72	831.57	-0.20096	0.00020131	0.10826	0.014764	10.103	0.098982	32.582	35.651	89.289	108.85	121.53	199.02	22.982	1.0073e-05	0.020858
406.13	0.40516	751.31	0.0013310	8.2371	8.2792	21.737	118.86	164.00	827.83	-0.19814	0.00019979	0.10799	0.014658	10.302	0.097069	32.667	35.739	89.352	109.15	121.90	198.97	22.860	1.0095e-05	0.020962
407.02	0.41333	750.19	0.0013330	8.3837	8.4267	22.098	119.06	164.28	824.14	-0.19533	0.00019830	0.10773	0.014553	10.501	0.095228	32.751	35.826	89.414	109.45	122.28	198.92	22.741	1.0115e-05	0.021065
407.91	0.42150	749.07	0.0013350	8.5283	8.5723	22.453	119.27	164.55	820.51	-0.19254	0.00019685	0.10747	0.014449	10.700	0.093456	32.835	35.911	89.476	109.74	122.64	198.87	22.626	1.0136e-05	0.021168
408.78	0.42967	747.98	0.0013369	8.6711	8.7159	22.803	119.47	164.82	816.94	-0.18977	0.00019543	0.10721	0.014348	10.899	0.091748	32.917	35.996	89.538	110.02	123.01	198.82	22.514	1.0157e-05	0.021269
409.64	0.43784	746.89	0.0013389	8.8120	8.8578	23.147	119.66	165.09	813.42	-0.18701	0.00019405	0.10696	0.014247	11.099	0.090102	32.997	36.079	89.599	110.30	123.37	198.77	22.404	1.0177e-05	0.021368
410.48	0.44601	745.82	0.0013408	8.9512	8.9980	23.487	119.86	165.36	809.95	-0.18426	0.00019270	0.10671	0.014149	11.298	0.088514	33.077	36.161	89.660	110.58	123.72	198.71	22.298	1.0197e-05	0.021467
411.32	0.45418	744.76	0.0013427	9.0888	9.1364	23.822	120.05	165.62	806.53	-0.18152	0.00019137	0.10647	0.014052	11.497	0.086980	33.156	36.242	89.721	110.85	124.08	198.65	22.194	1.0216e-05	0.021565
412.14	0.46235	743.71	0.0013446	9.2246	9.2732	24.152	120.24	165.88	803.16	-0.17879	0.00019008	0.10623	0.013956	11.696	0.085499	33.234	36.322	89.781	111.12	124.42	198.59	22.093	1.0235e-05	0.021661
412.96	0.47052	742.67	0.0013465	9.3589	9.4084	24.478	120.43	166.14	799.83	-0.17608	0.00018881	0.10599	0.013862	11.895	0.084067	33.311	36.401	89.841	111.39	124.77	198.53	21.995	1.0255e-05	0.021757
413.76	0.47869	741.65	0.0013483	9.4917	9.5421	24.799	120.61	166.39	796.55	-0.17337	0.00018757	0.10575	0.013769	12.094	0.082682	33.387	36.479	89.901	111.65	125.11	198.47	21.899	1.0273e-05	0.021852
414.55	0.48686	740.63	0.0013502	9.6229	9.6742	25.116	120.79	166.64	793.31	-0.17067	0.00018635	0.10552	0.013677	12.294	0.081342	33.462	36.555	89.960	111.91	125.45	198.40	21.805	1.0292e-05	0.021946
415.33	0.49503	739.63	0.0013520	9.7527	9.8050	25.429	120.97	166.89	790.11	-0.16799	0.00018516	0.10529	0.013587	12.493	0.080045	33.536	36.631	90.019	112.16	125.78	198.33	21.714	1.0310e-05	0.022038
416.11	0.50321	738.64	0.0013538	9.8810	9.9343	25.738	121.15	167.14	786.96	-0.16531	0.00018399	0.10506	0.013498	12.692	0.078787	33.610	36.706	90.078	112.42	126.11	198.26	21.625	1.0329e-05	0.022130
416.87	0.51138	737.65	0.0013557	10.008	10.062	26.043	121.33	167.39	783.84	-0.16264	0.00018284	0.10484	0.013410	12.892	0.077569	33.682	36.781	90.136	112.66	126.44	198.19	21.537	1.0347e-05	0.022221
417.62	0.51955	736.68	0.0013574	10.134	10.189	26.344	121.50	167.63	780.76	-0.15998	0.00018172	0.10462	0.013323	13.091	0.076387	33.754	36.854	90.194	112.91	126.77	198.12	21.452	1.0364e-05	0.022312
418.37	0.52772	735.71	0.0013592	10.258	10.314	26.642	121.67	167.87	777.72	-0.15732	0.00018062	0.10440	0.013237	13.291	0.075240	33.825	36.926	90.251	113.15	127.09	198.05	21.369	1.0382e-05	0.022401
419.11	0.53589	734.76	0.0013610	10.381	10.438	26.936	121.84	168.11	774.72	-0.15467	0.00017954	0.10418	0.013152	13.490	0.074127	33.895	36.998	90.309	113.39	127.41	197.97	21.288	1.0400e-05	0.022490
419.84	0.54406	733.81	0.0013628	10.503	10.561	27.227	122.01	168.35	771.75	-0.15203	0.00017847	0.10397	0.013069	13.690	0.073046	33.964	37.069	90.366	113.63	127.73	197.89	21.208	1.0417e-05	0.022578
420.56	0.55223	732.87	0.0013645	10.624	10.683	27.514	122.18	168.58	768.81	-0.14939	0.00017743	0.10376	0.012986	13.890	0.071996	34.033	37.139	90.422	113.86	128.04	197.82	21.131	1.0434e-05	0.022665
421.27	0.56040	731.94	0.0013662	10.743	10.803	27.798	122.34	168.82	765.91	-0.14676	0.00017641	0.10355	0.012905	14.090	0.070975	34.101	37.208	90.478	114.10	128.36	197.74	21.055	1.0451e-05	0.022751
421.97	0.56857	731.02	0.0013680	10.861	10.922	28.079	122.50	169.05	763.04	-0.14414	0.00017540	0.10334	0.012824	14.289	0.069982	34.169	37.277	90.534	114.33	128.67	197.66	20.981	1.0467e-05	0.022837
422.67	0.57674	730.10	0.0013697	10.979	11.040	28.357	122.67	169.28	760.20	-0.14152	0.00017441	0.10314	0.012745	14.489	0.069016	34.235	37.344	90.590	114.55	128.97	197.57	20.908	1.0484e-05	0.022922
423.36	0.58491	729.20	0.0013714	11.095	11.158	28.632	122.82	169.51	757.39	-0.13890	0.00017344	0.10293	0.012666	14.689	0.068076	34.301	37.411	90.645	114.78	129.28	197.49	20.837	1.0500e-05	0.023006
424.04	0.59308	728.30	0.0013731	11.210	11.274	28.904	122.98	169.73	754.61	-0.13629	0.00017248	0.10273	0.012588	14.889	0.067162	34.366	37.478	90.700	115.00	129.58	197.41	20.767	1.0516e-05	0.023090
424.72	0.60125	727.40	0.0013748	11.324	11.389	29.172	123.14	169.96	751.87	-0.13368	0.00017154	0.10254	0.012511	15.090	0.066270	34.431	37.544	90.754	115.22	129.88	197.32	20.699	1.0533e-05	0.023173
425.39	0.60943	726.52	0.0013764	11.437	11.503	29.439	123.29	170.18	749.15	-0.13108	0.00017062	0.10234	0.012435	15.290	0.065402	34.495	37.609	90.808	115.43	130.18	197.23	20.632	1.0548e-05	0.023256
426.05	0.61760	725.64	0.0013781	11.549	11.616	29.702	123.45	170.41	746.45	-0.12848	0.00016971	0.10215	0.012360	15.490	0.064556	34.559	37.673	90.862	115.65	130.48	197.15	20.567	1.0564e-05	0.023338
426.71	0.62577	724.77	0.0013797	11.660	11.728	29.963	123.60	170.63	743.79	-0.12588	0.00016881	0.10195	0.012286	15.691	0.063731	34.622	37.737	90.916	115.86	130.77	197.06	20.503	1.0580e-05	0.023419
427.36	0.63394	723.91	0.0013814	11.770	11.839	30.221	123.75	170.85	741.15	-0.12329	0.00016793	0.10176	0.012212	15.891	0.062927	34.684	37.800	90.969	116.07	131.06	196.97	20.440	1.0595e-05	0.023500
428.00	0.64211	723.05	0.0013830	11.880	11.949	30.476	123.89	171.07	738.53	-0.12069	0.00016706	0.10158	0.012140	16.092	0.062142	34.746	37.863	91.022	116.28	131.35	196.88	20.378	1.0611e-05	0.023580
428.64	0.65028	722.20	0.0013847	11.988	12.058	30.729	124.04	171.28	735.95	-0.11810	0.00016620	0.10139	0.012068	16.293	0.061376	34.807	37.925	91.075	116.49	131.64	196.79	20.318	1.0626e-05	0.023659
429.27	0.65845	721.35	0.0013863	12.095	12.167	30.980	124.19	171.50	733.38	-0.11552	0.00016536	0.10120	0.011996	16.494	0.060628	34.868	37.986	91.127	116.69	131.93	196.69	20.259	1.0641e-05	0.023738
429.90	0.66662	720.51	0.0013879	12.202	12.274	31.228	124.33	171.71	730.84	-0.11293	0.00016453	0.10102	0.011926	16.695	0.059898	34.928	38.047	91.179	116.89	132.22	196.60	20.201	1.0656e-05	0.023817
430.52	0.67479	719.68	0.0013895	12.308	12.381	31.474	124.47	171.93	728.32	-0.11034	0.00016372	0.10084	0.011856	16.896	0.059185	34.987	38.107	91.231	117.09	132.50	196.50	20.144	1.0671e-05	0.023895
431.13	0.68296	718.85	0.0013911	12.413	12.487	31.718	124.62	172.14	725.83	-0.10776	0.00016291	0.10066	0.011787	17.097	0.058488	35.046	38.167	91.282	117.29	132.78	196.41	20.088	1.0685e-05	0.023972
431.74	0.69113	718.03	0.0013927	12.517	12.592	31.960	124.76	172.35	723.36	-0.10518	0.00016212	0.10048	0.011718	17.299	0.057807	35.105	38.226	91.333	117.49	133.06	196.31	20.034	1.0700e-05	0.024049
432.34	0.69930	717.22	0.0013943	12.620	12.696	32.199	124.90	172.56	720.91	-0.10259	0.00016133	0.10031	0.011651	17.500	0.057142	35.163	38.285	91.384	117.69	133.34	196.21	19.980	1.0714e-05	0.024126
432.94	0.70748	716.40	0.0013959	12.722	12.800	32.436	125.03	172.77	718.48	-0.10001	0.00016056	0.10013	0.011584	17.702	0.056491	35.221	38.343	91.435	117.88	133.62	196.12	19.927	1.0729e-05	0.024202
433.54	0.71565	715.60	0.0013974	12.824	12.902	32.671	125.17	172.98	716.07	-0.097429	0.00015980	0.099957	0.011517	17.904	0.055854	35.278	38.400	91.485	118.07	133.89	196.02	19.876	1.0743e-05	0.024278
434.12	0.72382	714.80	0.0013990	12.925	13.004	32.904	125.31	173.18	713.69	-0.094848	0.00015905	0.099785	0.011451	18.106	0.055231	35.335	38.457	91.535	118.26	134.17	195.92	19.825	1.0757e-05	0.024353
434.71	0.73199	714.00	0.0014006	13.025	13.106	33.135	125.44	173.39	711.32	-0.092266	0.00015831	0.099615	0.011386	18.308	0.054621	35.391	38.514	91.585	118.45	134.44	195.82	19.775	1.0771e-05	0.024427
435.29	0.74016	713.21	0.0014021	13.125	13.206	33.364	125.58	173.59	708.97	-0.089684	0.00015758	0.099446	0.011322	18.510	0.054025	35.447	38.570	91.634	118.64	134.71	195.72	19.727	1.0785e-05	0.024502
435.86	0.74833	712.43	0.0014036	13.224	13.306	33.591	125.71	173.80	706.65	-0.087101	0.00015686	0.099278	0.011258	18.712	0.053440	35.502	38.626	91.683	118.82	134.98	195.61	19.679	1.0799e-05	0.024576
436.43	0.75650	711.65	0.0014052	13.322	13.405	33.817	125.84	174.00	704.34	-0.084518	0.00015614	0.099112	0.011194	18.915	0.052868	35.557	38.681	91.732	119.00	135.25	195.51	19.632	1.0813e-05	0.024649
436.99	0.76467	710.87	0.0014067	13.419	13.503	34.040	125.97	174.20	702.05	-0.081933	0.00015544	0.098947	0.011132	19.118	0.052308	35.612	38.736	91.781	119.19	135.52	195.41	19.585	1.0826e-05	0.024722
437.56	0.77284	710.10	0.0014082	13.516	13.601	34.262	126.10	174.40	699.78	-0.079348	0.00015475	0.098783	0.011069	19.320	0.051759	35.666	38.790	91.829	119.37	135.79	195.30	19.540	1.0840e-05	0.024795
438.11	0.78101	709.33	0.0014098	13.612	13.698	34.481	126.23	174.60	697.52	-0.076761	0.00015406	0.098621	0.011008	19.523	0.051221	35.719	38.844	91.877	119.55	136.05	195.20	19.495	1.0853e-05	0.024867
438.66	0.78918	708.57	0.0014113	13.708	13.795	34.699	126.35	174.80	695.28	-0.074173	0.00015339	0.098460	0.010946	19.726	0.050694	35.773	38.898	91.925	119.72	136.32	195.09	19.452	1.0867e-05	0.024939
439.21	0.79735	707.81	0.0014128	13.803	13.891	34.916	126.48	175.00	693.06	-0.071583	0.00015272	0.098300	0.010886	19.930	0.050177	35.826	38.951	91.973	119.90	136.58	194.99	19.409	1.0880e-05	0.025011
439.75	0.80553	707.06	0.0014143	13.897	13.986	35.131	126.61	175.20	690.86	-0.068991	0.00015206	0.098141	0.010826	20.133	0.049670	35.878	39.003	92.020	120.07	136.84	194.88	19.366	1.0893e-05	0.025082
440.29	0.81370	706.31	0.0014158	13.991	14.081	35.344	126.73	175.40	688.67	-0.066398	0.00015141	0.097984	0.010766	20.337	0.049173	35.930	39.056	92.067	120.25	137.10	194.77	19.325	1.0906e-05	0.025152
440.83	0.82187	705.57	0.0014173	14.084	14.175	35.555	126.85	175.59	686.50	-0.063802	0.00015076	0.097827	0.010707	20.540	0.048685	35.982	39.107	92.114	120.42	137.36	194.66	19.284	1.0919e-05	0.025223
441.36	0.83004	704.82	0.0014188	14.176	14.268	35.765	126.98	175.79	684.35	-0.061204	0.00015013	0.097672	0.010648	20.744	0.048206	36.033	39.159	92.160	120.59	137.62	194.55	19.244	1.0932e-05	0.025293
441.89	0.83821	704.09	0.0014203	14.268	14.361	35.973	127.10	175.98	682.21	-0.058603	0.00014950	0.097518	0.010590	20.948	0.047737	36.084	39.210	92.206	120.76	137.88	194.44	19.205	1.0945e-05	0.025363
442.41	0.84638	703.35	0.0014218	14.359	14.453	36.180	127.22	176.18	680.08	-0.056000	0.00014888	0.097366	0.010533	21.152	0.047276	36.135	39.261	92.252	120.93	138.14	194.33	19.166	1.0958e-05	0.025432
442.93	0.85455	702.62	0.0014232	14.450	14.545	36.385	127.34	176.37	677.98	-0.053394	0.00014826	0.097214	0.010476	21.357	0.046824	36.185	39.311	92.298	121.10	138.39	194.22	19.128	1.0970e-05	0.025501
443.45	0.86272	701.90	0.0014247	14.540	14.636	36.589	127.46	176.56	675.88	-0.050785	0.00014765	0.097063	0.010419	21.561	0.046379	36.235	39.361	92.343	121.26	138.65	194.11	19.091	1.0983e-05	0.025570
443.96	0.87089	701.18	0.0014262	14.630	14.727	36.791	127.58	176.76	673.80	-0.048173	0.00014705	0.096914	0.010363	21.766	0.045943	36.285	39.410	92.389	121.43	138.90	194.00	19.054	1.0996e-05	0.025639
444.47	0.87906	700.46	0.0014276	14.719	14.817	36.992	127.70	176.95	671.73	-0.045558	0.00014646	0.096765	0.010307	21.971	0.045515	36.334	39.459	92.434	121.59	139.15	193.89	19.018	1.1008e-05	0.025707
444.98	0.88723	699.74	0.0014291	14.808	14.907	37.191	127.81	177.14	669.68	-0.042939	0.00014587	0.096618	0.010251	22.176	0.045094	36.383	39.508	92.479	121.75	139.41	193.77	18.982	1.1020e-05	0.025775
445.48	0.89540	699.03	0.0014306	14.896	14.996	37.389	127.93	177.33	667.64	-0.040317	0.00014529	0.096471	0.010196	22.381	0.044680	36.432	39.557	92.523	121.91	139.66	193.66	18.947	1.1033e-05	0.025842
445.98	0.90358	698.32	0.0014320	14.983	15.084	37.586	128.04	177.52	665.62	-0.037691	0.00014472	0.096326	0.010142	22.587	0.044274	36.480	39.605	92.567	122.07	139.91	193.55	18.913	1.1045e-05	0.025910
446.47	0.91175	697.62	0.0014335	15.070	15.173	37.781	128.16	177.71	663.61	-0.035062	0.00014415	0.096182	0.010088	22.792	0.043874	36.528	39.653	92.611	122.23	140.16	193.43	18.879	1.1057e-05	0.025977
446.97	0.91992	696.92	0.0014349	15.157	15.260	37.976	128.27	177.90	661.61	-0.032428	0.00014358	0.096038	0.010034	22.998	0.043482	36.576	39.700	92.655	122.39	140.41	193.32	18.846	1.1069e-05	0.026044
447.45	0.92809	696.22	0.0014363	15.243	15.347	38.168	128.39	178.09	659.62	-0.029790	0.00014303	0.095896	0.0099810	23.204	0.043096	36.623	39.747	92.699	122.55	140.66	193.20	18.813	1.1081e-05	0.026110
447.94	0.93626	695.52	0.0014378	15.329	15.434	38.360	128.50	178.27	657.65	-0.027148	0.00014248	0.095754	0.0099281	23.410	0.042716	36.670	39.794	92.742	122.70	140.90	193.08	18.781	1.1093e-05	0.026176
448.42	0.94443	694.83	0.0014392	15.414	15.520	38.550	128.61	178.46	655.69	-0.024502	0.00014193	0.095613	0.0098756	23.617	0.042343	36.717	39.840	92.785	122.86	141.15	192.97	18.750	1.1105e-05	0.026242
448.90	0.95260	694.14	0.0014406	15.499	15.606	38.739	128.72	178.65	653.74	-0.021851	0.00014139	0.095474	0.0098235	23.823	0.041976	36.763	39.887	92.828	123.01	141.40	192.85	18.719	1.1117e-05	0.026308
449.38	0.96077	693.46	0.0014421	15.583	15.691	38.927	128.83	178.84	651.80	-0.019196	0.00014086	0.095335	0.0097718	24.030	0.041614	36.809	39.932	92.871	123.16	141.64	192.73	18.688	1.1129e-05	0.026374
449.85	0.96894	692.77	0.0014435	15.667	15.776	39.113	128.94	179.02	649.88	-0.016536	0.00014033	0.095197	0.0097205	24.237	0.041259	36.855	39.978	92.913	123.31	141.89	192.61	18.658	1.1141e-05	0.026439
450.32	0.97711	692.09	0.0014449	15.750	15.860	39.299	129.05	179.21	647.96	-0.013871	0.00013981	0.095060	0.0096695	24.444	0.040909	36.901	40.023	92.956	123.47	142.13	192.49	18.629	1.1152e-05	0.026504
450.79	0.98528	691.42	0.0014463	15.833	15.944	39.483	129.16	179.39	646.06	-0.011201	0.00013929	0.094923	0.0096189	24.652	0.040565	36.946	40.068	92.998	123.62	142.38	192.37	18.600	1.1164e-05	0.026568
451.26	0.99345	690.74	0.0014477	15.915	16.028	39.666	129.26	179.58	644.17	-0.0085258	0.00013878	0.094788	0.0095687	24.859	0.040227	36.991	40.113	93.039	123.76	142.62	192.25	18.571	1.1175e-05	0.026633
451.72	1.0016	690.07	0.0014491	15.997	16.111	39.848	129.37	179.76	642.29	-0.0058454	0.00013827	0.094653	0.0095188	25.067	0.039893	37.036	40.157	93.081	123.91	142.86	192.13	18.543	1.1187e-05	0.026697
452.18	1.0098	689.40	0.0014505	16.079	16.193	40.029	129.48	179.95	640.42	-0.0031597	0.00013777	0.094520	0.0094692	25.275	0.039565	37.080	40.201	93.122	124.06	143.11	192.01	18.515	1.1198e-05	0.026761
452.64	1.0180	688.73	0.0014519	16.160	16.276	40.209	129.58	180.13	638.56	-0.00046838	0.00013727	0.094387	0.0094200	25.483	0.039242	37.125	40.245	93.164	124.21	143.35	191.89	18.488	1.1210e-05	0.026825
453.09	1.0261	688.07	0.0014533	16.241	16.357	40.387	129.69	180.31	636.72	0.0022285	0.00013677	0.094255	0.0093712	25.691	0.038923	37.169	40.289	93.205	124.35	143.59	191.77	18.461	1.1221e-05	0.026889
453.54	1.0343	687.41	0.0014547	16.321	16.439	40.565	129.79	180.50	634.88	0.0049312	0.00013629	0.094123	0.0093227	25.900	0.038610	37.212	40.332	93.245	124.49	143.83	191.65	18.435	1.1232e-05	0.026952
453.99	1.0425	686.75	0.0014561	16.401	16.520	40.741	129.90	180.68	633.05	0.0076397	0.00013580	0.093993	0.0092745	26.109	0.038301	37.256	40.375	93.286	124.64	144.07	191.53	18.409	1.1243e-05	0.027015
454.44	1.0506	686.10	0.0014575	16.481	16.601	40.917	130.00	180.86	631.23	0.010354	0.00013532	0.093863	0.0092266	26.318	0.037997	37.299	40.417	93.326	124.78	144.31	191.40	18.384	1.1255e-05	0.027078
454.88	1.0588	685.44	0.0014589	16.560	16.681	41.091	130.10	181.04	629.43	0.013075	0.00013485	0.093734	0.0091791	26.527	0.037697	37.342	40.460	93.366	124.92	144.55	191.28	18.359	1.1266e-05	0.027141
455.32	1.0670	684.79	0.0014603	16.639	16.761	41.265	130.20	181.23	627.63	0.015802	0.00013438	0.093606	0.0091318	26.737	0.037402	37.385	40.502	93.406	125.06	144.79	191.16	18.334	1.1277e-05	0.027204
455.76	1.0752	684.15	0.0014617	16.718	16.840	41.437	130.31	181.41	625.84	0.018535	0.00013391	0.093478	0.0090849	26.946	0.037111	37.427	40.544	93.446	125.20	145.03	191.03	18.310	1.1288e-05	0.027266
456.20	1.0833	683.50	0.0014631	16.796	16.919	41.609	130.41	181.59	624.06	0.021275	0.00013345	0.093351	0.0090383	27.156	0.036824	37.469	40.585	93.486	125.34	145.26	190.91	18.286	1.1299e-05	0.027328
456.63	1.0915	682.86	0.0014644	16.873	16.998	41.780	130.51	181.77	622.29	0.024021	0.00013299	0.093225	0.0089920	27.366	0.036541	37.511	40.627	93.525	125.48	145.50	190.78	18.263	1.1310e-05	0.027390
457.06	1.0997	682.21	0.0014658	16.951	17.077	41.949	130.61	181.95	620.53	0.026774	0.00013253	0.093100	0.0089460	27.577	0.036263	37.553	40.668	93.564	125.62	145.74	190.66	18.240	1.1321e-05	0.027452
457.49	1.1078	681.58	0.0014672	17.028	17.155	42.118	130.71	182.13	618.78	0.029534	0.00013208	0.092975	0.0089003	27.787	0.035988	37.595	40.709	93.603	125.76	145.98	190.53	18.217	1.1332e-05	0.027514
457.92	1.1160	680.94	0.0014686	17.104	17.232	42.286	130.80	182.31	617.04	0.032300	0.00013164	0.092851	0.0088549	27.998	0.035717	37.636	40.749	93.642	125.89	146.21	190.41	18.195	1.1342e-05	0.027575
458.34	1.1242	680.30	0.0014699	17.181	17.310	42.452	130.90	182.49	615.31	0.035074	0.00013119	0.092728	0.0088097	28.209	0.035450	37.677	40.790	93.680	126.03	146.45	190.28	18.173	1.1353e-05	0.027637
458.77	1.1324	679.67	0.0014713	17.257	17.387	42.618	131.00	182.67	613.59	0.037855	0.00013076	0.092605	0.0087649	28.420	0.035186	37.718	40.830	93.719	126.16	146.69	190.15	18.151	1.1364e-05	0.027698
459.18	1.1405	679.04	0.0014727	17.332	17.464	42.783	131.10	182.85	611.87	0.040643	0.00013032	0.092483	0.0087203	28.632	0.034926	37.758	40.870	93.757	126.30	146.92	190.02	18.130	1.1374e-05	0.027759
459.60	1.1487	678.41	0.0014740	17.408	17.540	42.948	131.19	183.03	610.16	0.043438	0.00012989	0.092362	0.0086760	28.844	0.034670	37.799	40.909	93.795	126.43	147.16	189.90	18.109	1.1385e-05	0.027820
460.02	1.1569	677.79	0.0014754	17.483	17.616	43.111	131.29	183.21	608.46	0.046241	0.00012946	0.092241	0.0086320	29.056	0.034417	37.839	40.949	93.833	126.56	147.39	189.77	18.088	1.1396e-05	0.027880
460.43	1.1650	677.16	0.0014767	17.557	17.692	43.273	131.39	183.39	606.77	0.049052	0.00012904	0.092121	0.0085883	29.268	0.034167	37.879	40.988	93.870	126.69	147.63	189.64	18.068	1.1406e-05	0.027941
460.84	1.1732	676.54	0.0014781	17.632	17.767	43.435	131.48	183.57	605.09	0.051870	0.00012862	0.092001	0.0085448	29.480	0.033921	37.918	41.027	93.908	126.83	147.86	189.51	18.048	1.1417e-05	0.028001
461.25	1.1814	675.92	0.0014795	17.706	17.842	43.596	131.58	183.75	603.42	0.054697	0.00012820	0.091883	0.0085016	29.693	0.033678	37.958	41.066	93.945	126.96	148.10	189.38	18.029	1.1427e-05	0.028061
461.66	1.1896	675.31	0.0014808	17.779	17.917	43.756	131.67	183.92	601.75	0.057531	0.00012779	0.091764	0.0084587	29.906	0.033438	37.997	41.104	93.982	127.09	148.33	189.25	18.010	1.1438e-05	0.028121
462.06	1.1977	674.69	0.0014822	17.853	17.991	43.915	131.76	184.10	600.09	0.060373	0.00012738	0.091647	0.0084160	30.119	0.033202	38.036	41.143	94.019	127.22	148.56	189.12	17.991	1.1448e-05	0.028181
462.47	1.2059	674.08	0.0014835	17.926	18.065	44.073	131.86	184.28	598.44	0.063223	0.00012697	0.091530	0.0083735	30.332	0.032968	38.075	41.181	94.056	127.34	148.80	188.99	17.972	1.1458e-05	0.028241
462.87	1.2141	673.46	0.0014849	17.999	18.139	44.231	131.95	184.46	596.80	0.066082	0.00012656	0.091414	0.0083313	30.546	0.032737	38.114	41.219	94.092	127.47	149.03	188.86	17.954	1.1469e-05	0.028301
463.27	1.2222	672.85	0.0014862	18.071	18.213	44.388	132.04	184.64	595.16	0.068949	0.00012616	0.091298	0.0082894	30.760	0.032510	38.152	41.256	94.128	127.60	149.26	188.73	17.936	1.1479e-05	0.028360
463.66	1.2304	672.24	0.0014876	18.143	18.286	44.544	132.14	184.81	593.53	0.071824	0.00012577	0.091183	0.0082477	30.974	0.032285	38.191	41.294	94.165	127.73	149.50	188.60	17.919	1.1489e-05	0.028419
464.06	1.2386	671.64	0.0014889	18.215	18.359	44.699	132.23	184.99	591.91	0.074708	0.00012537	0.091068	0.0082063	31.189	0.032063	38.229	41.331	94.201	127.85	149.73	188.47	17.901	1.1500e-05	0.028479
464.45	1.2467	671.03	0.0014902	18.287	18.432	44.853	132.32	185.17	590.30	0.077601	0.00012498	0.090954	0.0081651	31.403	0.031844	38.267	41.368	94.236	127.98	149.96	188.34	17.884	1.1510e-05	0.028538
464.84	1.2549	670.43	0.0014916	18.358	18.504	45.007	132.41	185.35	588.69	0.080503	0.00012459	0.090840	0.0081241	31.618	0.031627	38.304	41.405	94.272	128.10	150.20	188.20	17.867	1.1520e-05	0.028597
465.23	1.2631	669.83	0.0014929	18.429	18.576	45.160	132.50	185.53	587.09	0.083414	0.00012421	0.090727	0.0080834	31.833	0.031414	38.342	41.441	94.307	128.23	150.43	188.07	17.851	1.1530e-05	0.028656
465.62	1.2713	669.23	0.0014943	18.500	18.648	45.312	132.59	185.70	585.50	0.086333	0.00012382	0.090615	0.0080429	32.049	0.031202	38.379	41.478	94.343	128.35	150.66	187.94	17.835	1.1540e-05	0.028714
466.01	1.2794	668.63	0.0014956	18.570	18.720	45.464	132.68	185.88	583.91	0.089262	0.00012344	0.090503	0.0080026	32.265	0.030994	38.416	41.514	94.378	128.47	150.89	187.81	17.819	1.1550e-05	0.028773
466.39	1.2876	668.04	0.0014969	18.640	18.791	45.615	132.77	186.06	582.33	0.092200	0.00012307	0.090392	0.0079626	32.481	0.030788	38.453	41.550	94.413	128.59	151.13	187.67	17.803	1.1560e-05	0.028831
466.77	1.2958	667.44	0.0014983	18.710	18.862	45.765	132.86	186.24	580.76	0.095148	0.00012269	0.090281	0.0079228	32.697	0.030584	38.490	41.586	94.448	128.72	151.36	187.54	17.788	1.1570e-05	0.028890
467.15	1.3039	666.85	0.0014996	18.780	18.933	45.914	132.94	186.41	579.19	0.098105	0.00012232	0.090171	0.0078832	32.913	0.030383	38.527	41.621	94.482	128.84	151.59	187.40	17.773	1.1580e-05	0.028948
467.53	1.3121	666.26	0.0015009	18.849	19.003	46.063	133.03	186.59	577.63	0.10107	0.00012195	0.090061	0.0078438	33.130	0.030184	38.563	41.657	94.517	128.96	151.82	187.27	17.758	1.1590e-05	0.029006
467.91	1.3203	665.67	0.0015023	18.918	19.073	46.211	133.12	186.77	576.08	0.10405	0.00012159	0.089952	0.0078046	33.347	0.029988	38.599	41.692	94.551	129.08	152.06	187.13	17.744	1.1600e-05	0.029064
468.28	1.3285	665.08	0.0015036	18.987	19.143	46.358	133.21	186.95	574.53	0.10703	0.00012122	0.089843	0.0077657	33.564	0.029793	38.635	41.727	94.585	129.20	152.29	187.00	17.729	1.1610e-05	0.029122
468.66	1.3366	664.49	0.0015049	19.056	19.213	46.505	133.29	187.12	572.99	0.11003	0.00012086	0.089735	0.0077270	33.782	0.029602	38.671	41.762	94.619	129.32	152.52	186.86	17.715	1.1620e-05	0.029180
469.03	1.3448	663.91	0.0015062	19.124	19.282	46.651	133.38	187.30	571.46	0.11304	0.00012050	0.089627	0.0076885	34.000	0.029412	38.707	41.797	94.653	129.43	152.75	186.73	17.702	1.1630e-05	0.029238
469.40	1.3530	663.32	0.0015076	19.192	19.352	46.797	133.47	187.48	569.93	0.11605	0.00012015	0.089520	0.0076502	34.218	0.029224	38.743	41.831	94.686	129.55	152.98	186.59	17.688	1.1640e-05	0.029295
469.77	1.3611	662.74	0.0015089	19.260	19.421	46.941	133.55	187.66	568.41	0.11908	0.00011979	0.089413	0.0076121	34.436	0.029039	38.778	41.865	94.720	129.67	153.22	186.45	17.675	1.1650e-05	0.029353
470.14	1.3693	662.16	0.0015102	19.328	19.489	47.086	133.64	187.83	566.89	0.12212	0.00011944	0.089307	0.0075742	34.655	0.028856	38.813	41.900	94.753	129.79	153.45	186.32	17.662	1.1659e-05	0.029410
470.50	1.3775	661.58	0.0015115	19.395	19.558	47.229	133.72	188.01	565.38	0.12516	0.00011909	0.089201	0.0075365	34.874	0.028675	38.848	41.933	94.786	129.90	153.68	186.18	17.649	1.1669e-05	0.029467
470.87	1.3857	661.00	0.0015129	19.462	19.626	47.372	133.81	188.19	563.88	0.12822	0.00011875	0.089096	0.0074990	35.093	0.028495	38.883	41.967	94.819	130.02	153.91	186.04	17.637	1.1679e-05	0.029525
471.23	1.3938	660.42	0.0015142	19.529	19.694	47.514	133.89	188.37	562.38	0.13129	0.00011841	0.088991	0.0074617	35.313	0.028318	38.918	42.001	94.852	130.13	154.14	185.91	17.624	1.1689e-05	0.029582
471.59	1.4020	659.85	0.0015155	19.596	19.762	47.656	133.97	188.54	560.89	0.13437	0.00011806	0.088887	0.0074246	35.533	0.028143	38.952	42.034	94.885	130.25	154.38	185.77	17.612	1.1698e-05	0.029639
471.95	1.4102	659.27	0.0015168	19.662	19.829	47.797	134.06	188.72	559.40	0.13746	0.00011773	0.088783	0.0073877	35.753	0.027970	38.987	42.068	94.917	130.36	154.61	185.63	17.601	1.1708e-05	0.029696
472.30	1.4183	658.70	0.0015181	19.728	19.896	47.938	134.14	188.90	557.92	0.14056	0.00011739	0.088679	0.0073510	35.973	0.027798	39.021	42.101	94.950	130.48	154.84	185.49	17.589	1.1718e-05	0.029753
472.66	1.4265	658.13	0.0015195	19.794	19.964	48.077	134.22	189.08	556.44	0.14368	0.00011705	0.088576	0.0073144	36.194	0.027629	39.055	42.133	94.982	130.59	155.07	185.35	17.578	1.1728e-05	0.029810
473.02	1.4347	657.56	0.0015208	19.860	20.030	48.217	134.31	189.26	554.97	0.14680	0.00011672	0.088474	0.0072781	36.415	0.027461	39.089	42.166	95.014	130.70	155.31	185.21	17.567	1.1737e-05	0.029866
473.37	1.4428	656.99	0.0015221	19.925	20.097	48.355	134.39	189.43	553.51	0.14994	0.00011639	0.088372	0.0072419	36.636	0.027295	39.123	42.199	95.046	130.81	155.54	185.07	17.556	1.1747e-05	0.029923
473.72	1.4510	656.42	0.0015234	19.991	20.163	48.494	134.47	189.61	552.05	0.15308	0.00011606	0.088270	0.0072060	36.858	0.027131	39.156	42.231	95.078	130.93	155.77	184.93	17.545	1.1756e-05	0.029980
474.07	1.4592	655.86	0.0015247	20.056	20.230	48.631	134.55	189.79	550.59	0.15624	0.00011574	0.088169	0.0071702	37.080	0.026969	39.190	42.263	95.109	131.04	156.01	184.79	17.535	1.1766e-05	0.030036
474.42	1.4674	655.29	0.0015260	20.121	20.296	48.768	134.63	189.97	549.15	0.15941	0.00011541	0.088068	0.0071346	37.302	0.026808	39.223	42.296	95.141	131.15	156.24	184.65	17.524	1.1776e-05	0.030093
474.77	1.4755	654.73	0.0015273	20.185	20.361	48.905	134.71	190.15	547.70	0.16259	0.00011509	0.087968	0.0070992	37.525	0.026649	39.256	42.327	95.172	131.26	156.47	184.51	17.514	1.1785e-05	0.030149
475.11	1.4837	654.17	0.0015287	20.250	20.427	49.041	134.79	190.33	546.26	0.16579	0.00011477	0.087868	0.0070639	37.747	0.026492	39.289	42.359	95.203	131.37	156.71	184.37	17.505	1.1795e-05	0.030205
475.46	1.4919	653.60	0.0015300	20.314	20.492	49.176	134.87	190.51	544.83	0.16900	0.00011446	0.087768	0.0070289	37.971	0.026336	39.322	42.391	95.234	131.48	156.94	184.23	17.495	1.1804e-05	0.030261
475.80	1.5000	653.04	0.0015313	20.378	20.557	49.311	134.95	190.69	543.40	0.17221	0.00011414	0.087669	0.0069940	38.194	0.026182	39.354	42.422	95.265	131.59	157.17	184.09	17.486	1.1814e-05	0.030318
476.14	1.5082	652.49	0.0015326	20.442	20.622	49.445	135.03	190.87	541.98	0.17545	0.00011383	0.087570	0.0069593	38.418	0.026030	39.387	42.453	95.296	131.70	157.41	183.95	17.476	1.1823e-05	0.030374
476.48	1.5164	651.93	0.0015339	20.505	20.687	49.579	135.11	191.04	540.56	0.17869	0.00011351	0.087472	0.0069247	38.642	0.025879	39.419	42.485	95.326	131.80	157.64	183.81	17.467	1.1833e-05	0.030430
476.82	1.5246	651.37	0.0015352	20.569	20.751	49.712	135.19	191.22	539.14	0.18195	0.00011321	0.087374	0.0068903	38.866	0.025729	39.452	42.516	95.357	131.91	157.88	183.66	17.459	1.1842e-05	0.030486
477.16	1.5327	650.81	0.0015365	20.632	20.816	49.845	135.27	191.40	537.73	0.18522	0.00011290	0.087276	0.0068561	39.091	0.025581	39.484	42.546	95.387	132.02	158.11	183.52	17.450	1.1852e-05	0.030542
477.49	1.5409	650.26	0.0015378	20.695	20.880	49.977	135.35	191.58	536.33	0.18850	0.00011259	0.087179	0.0068221	39.316	0.025435	39.516	42.577	95.417	132.13	158.35	183.38	17.442	1.1861e-05	0.030598
477.83	1.5491	649.71	0.0015392	20.758	20.944	50.109	135.43	191.76	534.93	0.19179	0.00011229	0.087083	0.0067882	39.541	0.025290	39.547	42.608	95.447	132.23	158.58	183.23	17.434	1.1870e-05	0.030653
478.16	1.5572	649.15	0.0015405	20.820	21.007	50.240	135.50	191.94	533.53	0.19510	0.00011199	0.086986	0.0067545	39.767	0.025147	39.579	42.638	95.477	132.34	158.82	183.09	17.426	1.1880e-05	0.030709
478.50	1.5654	648.60	0.0015418	20.882	21.071	50.371	135.58	192.13	532.14	0.19842	0.00011168	0.086890	0.0067210	39.993	0.025005	39.611	42.668	95.507	132.44	159.05	182.95	17.418	1.1889e-05	0.030765
478.83	1.5736	648.05	0.0015431	20.945	21.134	50.501	135.66	192.31	530.76	0.20176	0.00011139	0.086795	0.0066876	40.219	0.024864	39.642	42.698	95.536	132.55	159.29	182.80	17.410	1.1899e-05	0.030821
479.16	1.5818	647.50	0.0015444	21.007	21.197	50.631	135.74	192.49	529.37	0.20510	0.00011109	0.086700	0.0066543	40.445	0.024725	39.673	42.728	95.566	132.65	159.53	182.66	17.403	1.1908e-05	0.030876
479.48	1.5899	646.95	0.0015457	21.068	21.260	50.760	135.81	192.67	528.00	0.20847	0.00011079	0.086605	0.0066213	40.672	0.024587	39.704	42.758	95.595	132.76	159.76	182.52	17.396	1.1917e-05	0.030932
479.81	1.5981	646.40	0.0015470	21.130	21.323	50.889	135.89	192.85	526.62	0.21184	0.00011050	0.086510	0.0065883	40.900	0.024450	39.735	42.787	95.624	132.86	160.00	182.37	17.389	1.1927e-05	0.030987
480.14	1.6063	645.86	0.0015483	21.192	21.386	51.018	135.97	193.03	525.25	0.21523	0.00011021	0.086416	0.0065556	41.127	0.024315	39.766	42.817	95.653	132.97	160.24	182.23	17.382	1.1936e-05	0.031043
480.46	1.6144	645.31	0.0015496	21.253	21.448	51.146	136.04	193.21	523.89	0.21863	0.00010992	0.086322	0.0065230	41.355	0.024181	39.797	42.846	95.682	133.07	160.48	182.08	17.375	1.1946e-05	0.031098
480.79	1.6226	644.77	0.0015509	21.314	21.510	51.273	136.12	193.40	522.53	0.22205	0.00010963	0.086229	0.0064905	41.583	0.024048	39.828	42.875	95.711	133.17	160.71	181.93	17.369	1.1955e-05	0.031154
481.11	1.6308	644.22	0.0015523	21.375	21.572	51.400	136.19	193.58	521.17	0.22548	0.00010934	0.086136	0.0064582	41.812	0.023917	39.858	42.905	95.739	133.28	160.95	181.79	17.363	1.1964e-05	0.031209
481.43	1.6389	643.68	0.0015536	21.435	21.634	51.526	136.27	193.76	519.82	0.22893	0.00010906	0.086043	0.0064261	42.041	0.023786	39.888	42.933	95.768	133.38	161.19	181.64	17.357	1.1974e-05	0.031265
481.75	1.6471	643.14	0.0015549	21.496	21.696	51.652	136.34	193.94	518.47	0.23239	0.00010878	0.085951	0.0063941	42.270	0.023657	39.918	42.962	95.796	133.48	161.43	181.50	17.351	1.1983e-05	0.031320
482.07	1.6553	642.60	0.0015562	21.556	21.758	51.778	136.42	194.13	517.13	0.23586	0.00010849	0.085859	0.0063622	42.500	0.023529	39.949	42.991	95.824	133.58	161.67	181.35	17.345	1.1992e-05	0.031375
482.39	1.6635	642.06	0.0015575	21.617	21.819	51.903	136.49	194.31	515.79	0.23935	0.00010821	0.085768	0.0063305	42.730	0.023403	39.978	43.019	95.852	133.68	161.91	181.20	17.339	1.2002e-05	0.031431
482.70	1.6716	641.52	0.0015588	21.677	21.880	52.028	136.56	194.49	514.46	0.24286	0.00010793	0.085676	0.0062989	42.960	0.023277	40.008	43.048	95.880	133.78	162.15	181.06	17.334	1.2011e-05	0.031486
483.02	1.6798	640.98	0.0015601	21.736	21.941	52.152	136.64	194.68	513.12	0.24638	0.00010766	0.085585	0.0062675	43.191	0.023153	40.038	43.076	95.908	133.88	162.39	180.91	17.329	1.2020e-05	0.031541
483.33	1.6880	640.44	0.0015614	21.796	22.002	52.276	136.71	194.86	511.80	0.24991	0.00010738	0.085495	0.0062362	43.422	0.023030	40.067	43.104	95.935	133.98	162.63	180.76	17.324	1.2030e-05	0.031596
483.65	1.6961	639.90	0.0015627	21.856	22.063	52.399	136.79	195.05	510.47	0.25346	0.00010711	0.085405	0.0062051	43.653	0.022908	40.097	43.132	95.963	134.08	162.87	180.61	17.319	1.2039e-05	0.031651
483.96	1.7043	639.37	0.0015640	21.915	22.123	52.522	136.86	195.23	509.15	0.25703	0.00010683	0.085315	0.0061741	43.885	0.022787	40.126	43.160	95.990	134.18	163.12	180.47	17.314	1.2048e-05	0.031706
484.27	1.7125	638.83	0.0015654	21.974	22.183	52.645	136.93	195.42	507.84	0.26061	0.00010656	0.085225	0.0061432	44.117	0.022667	40.155	43.187	96.017	134.28	163.36	180.32	17.310	1.2058e-05	0.031762
484.58	1.7207	638.30	0.0015667	22.033	22.244	52.767	137.00	195.60	506.52	0.26421	0.00010629	0.085136	0.0061125	44.349	0.022548	40.184	43.215	96.045	134.38	163.60	180.17	17.305	1.2067e-05	0.031817
484.89	1.7288	637.76	0.0015680	22.092	22.304	52.889	137.08	195.79	505.22	0.26782	0.00010602	0.085047	0.0060819	44.582	0.022431	40.213	43.242	96.072	134.48	163.85	180.02	17.301	1.2076e-05	0.031872
485.20	1.7370	637.23	0.0015693	22.151	22.364	53.010	137.15	195.98	503.91	0.27145	0.00010576	0.084958	0.0060515	44.815	0.022314	40.242	43.270	96.098	134.58	164.09	179.87	17.297	1.2086e-05	0.031927
485.50	1.7452	636.70	0.0015706	22.209	22.423	53.131	137.22	196.16	502.61	0.27509	0.00010549	0.084870	0.0060212	45.049	0.022198	40.271	43.297	96.125	134.68	164.34	179.72	17.293	1.2095e-05	0.031982
485.81	1.7533	636.17	0.0015719	22.268	22.483	53.252	137.29	196.35	501.31	0.27876	0.00010523	0.084782	0.0059910	45.283	0.022083	40.299	43.324	96.152	134.77	164.58	179.57	17.290	1.2104e-05	0.032037
486.11	1.7615	635.64	0.0015732	22.326	22.542	53.372	137.36	196.54	500.02	0.28243	0.00010497	0.084694	0.0059609	45.517	0.021970	40.328	43.351	96.178	134.87	164.83	179.42	17.286	1.2113e-05	0.032092
486.42	1.7697	635.10	0.0015745	22.384	22.601	53.492	137.43	196.73	498.73	0.28613	0.00010470	0.084607	0.0059310	45.752	0.021857	40.356	43.378	96.204	134.97	165.07	179.27	17.283	1.2123e-05	0.032147
486.72	1.7779	634.58	0.0015759	22.442	22.661	53.611	137.51	196.91	497.44	0.28984	0.00010444	0.084520	0.0059012	45.987	0.021745	40.384	43.404	96.231	135.06	165.32	179.12	17.280	1.2132e-05	0.032202
487.02	1.7860	634.05	0.0015772	22.499	22.719	53.730	137.58	197.10	496.16	0.29357	0.00010419	0.084433	0.0058716	46.222	0.021635	40.413	43.431	96.257	135.16	165.57	178.97	17.277	1.2141e-05	0.032257
487.32	1.7942	633.52	0.0015785	22.557	22.778	53.849	137.65	197.29	494.88	0.29731	0.00010393	0.084347	0.0058421	46.458	0.021525	40.441	43.457	96.283	135.26	165.82	178.82	17.274	1.2151e-05	0.032312
487.62	1.8024	632.99	0.0015798	22.614	22.837	53.967	137.72	197.48	493.60	0.30108	0.00010367	0.084261	0.0058127	46.694	0.021416	40.468	43.484	96.308	135.35	166.06	178.67	17.271	1.2160e-05	0.032367
487.92	1.8105	632.46	0.0015811	22.672	22.895	54.085	137.79	197.67	492.33	0.30485	0.00010342	0.084175	0.0057834	46.930	0.021308	40.496	43.510	96.334	135.45	166.31	178.52	17.268	1.2169e-05	0.032422
488.22	1.8187	631.94	0.0015824	22.729	22.954	54.202	137.86	197.86	491.06	0.30865	0.00010316	0.084090	0.0057542	47.167	0.021201	40.524	43.536	96.360	135.54	166.56	178.37	17.266	1.2179e-05	0.032477
488.51	1.8269	631.41	0.0015837	22.786	23.012	54.319	137.93	198.05	489.79	0.31247	0.00010291	0.084004	0.0057252	47.404	0.021095	40.551	43.562	96.385	135.64	166.81	178.21	17.264	1.2188e-05	0.032532
488.81	1.8350	630.89	0.0015851	22.843	23.070	54.436	138.00	198.24	488.53	0.31630	0.00010266	0.083919	0.0056963	47.642	0.020990	40.579	43.587	96.410	135.73	167.06	178.06	17.262	1.2197e-05	0.032587
489.10	1.8432	630.36	0.0015864	22.899	23.128	54.552	138.07	198.43	487.27	0.32015	0.00010241	0.083835	0.0056676	47.880	0.020885	40.606	43.613	96.435	135.83	167.32	177.91	17.260	1.2207e-05	0.032642
489.40	1.8514	629.84	0.0015877	22.956	23.186	54.668	138.14	198.63	486.01	0.32402	0.00010216	0.083751	0.0056389	48.119	0.020782	40.633	43.639	96.461	135.92	167.57	177.76	17.258	1.2216e-05	0.032697
489.69	1.8596	629.32	0.0015890	23.012	23.243	54.784	138.20	198.82	484.76	0.32791	0.00010191	0.083666	0.0056104	48.357	0.020679	40.660	43.664	96.485	136.01	167.82	177.60	17.256	1.2225e-05	0.032752
489.98	1.8677	628.79	0.0015903	23.069	23.301	54.899	138.27	199.01	483.51	0.33181	0.00010167	0.083583	0.0055820	48.597	0.020578	40.687	43.689	96.510	136.11	168.08	177.45	17.255	1.2235e-05	0.032807
490.27	1.8759	628.27	0.0015917	23.125	23.358	55.014	138.34	199.21	482.26	0.33573	0.00010142	0.083499	0.0055537	48.836	0.020477	40.714	43.715	96.535	136.20	168.33	177.30	17.253	1.2244e-05	0.032862
490.56	1.8841	627.75	0.0015930	23.181	23.415	55.129	138.41	199.40	481.02	0.33968	0.00010118	0.083416	0.0055255	49.076	0.020376	40.741	43.740	96.559	136.29	168.59	177.14	17.252	1.2254e-05	0.032917
490.85	1.8922	627.23	0.0015943	23.237	23.472	55.243	138.48	199.59	479.77	0.34364	0.00010094	0.083333	0.0054975	49.317	0.020277	40.768	43.765	96.584	136.39	168.84	176.99	17.251	1.2263e-05	0.032972
491.14	1.9004	626.71	0.0015956	23.292	23.529	55.357	138.55	199.79	478.54	0.34762	0.00010069	0.083251	0.0054695	49.558	0.020179	40.794	43.789	96.608	136.48	169.10	176.84	17.250	1.2272e-05	0.033027
491.43	1.9086	626.19	0.0015970	23.348	23.586	55.471	138.61	199.98	477.30	0.35162	0.00010045	0.083168	0.0054417	49.799	0.020081	40.820	43.814	96.632	136.57	169.36	176.68	17.249	1.2282e-05	0.033082
491.71	1.9168	625.67	0.0015983	23.404	23.643	55.584	138.68	200.18	476.07	0.35564	0.00010021	0.083086	0.0054140	50.040	0.019984	40.847	43.839	96.656	136.66	169.61	176.53	17.248	1.2291e-05	0.033137
492.00	1.9249	625.15	0.0015996	23.459	23.699	55.697	138.75	200.38	474.84	0.35968	9.9976e-05	0.083004	0.0053864	50.283	0.019888	40.873	43.863	96.680	136.76	169.87	176.37	17.248	1.2301e-05	0.033192
492.28	1.9331	624.64	0.0016009	23.514	23.756	55.809	138.82	200.57	473.61	0.36374	9.9739e-05	0.082923	0.0053589	50.525	0.019792	40.899	43.888	96.704	136.85	170.13	176.22	17.247	1.2310e-05	0.033247
492.57	1.9413	624.12	0.0016023	23.569	23.812	55.922	138.88	200.77	472.39	0.36782	9.9503e-05	0.082842	0.0053316	50.768	0.019697	40.925	43.912	96.728	136.94	170.39	176.06	17.247	1.2319e-05	0.033302
492.85	1.9494	623.60	0.0016036	23.624	23.868	56.033	138.95	200.97	471.17	0.37191	9.9268e-05	0.082761	0.0053043	51.011	0.019604	40.951	43.936	96.751	137.03	170.65	175.91	17.247	1.2329e-05	0.033357
493.13	1.9576	623.08	0.0016049	23.679	23.924	56.145	139.02	201.17	469.95	0.37603	9.9034e-05	0.082680	0.0052772	51.255	0.019510	40.977	43.960	96.775	137.12	170.92	175.75	17.247	1.2338e-05	0.033412
493.41	1.9658	622.57	0.0016062	23.734	23.980	56.256	139.08	201.37	468.74	0.38017	9.8801e-05	0.082599	0.0052501	51.499	0.019418	41.002	43.984	96.798	137.21	171.18	175.60	17.247	1.2348e-05	0.033468
493.69	1.9740	622.05	0.0016076	23.788	24.036	56.367	139.15	201.57	467.53	0.38433	9.8569e-05	0.082519	0.0052232	51.744	0.019326	41.028	44.008	96.821	137.30	171.44	175.44	17.248	1.2357e-05	0.033523
493.97	1.9821	621.54	0.0016089	23.842	24.092	56.478	139.21	201.77	466.32	0.38851	9.8339e-05	0.082439	0.0051964	51.989	0.019235	41.053	44.032	96.845	137.39	171.71	175.28	17.248	1.2367e-05	0.033578
494.25	1.9903	621.02	0.0016102	23.897	24.147	56.588	139.28	201.97	465.11	0.39272	9.8109e-05	0.082360	0.0051697	52.234	0.019145	41.079	44.055	96.868	137.48	171.97	175.13	17.249	1.2376e-05	0.033633
494.53	1.9985	620.51	0.0016116	23.951	24.203	56.698	139.35	202.17	463.91	0.39694	9.7880e-05	0.082280	0.0051431	52.480	0.019055	41.104	44.079	96.890	137.57	172.24	174.97	17.249	1.2386e-05	0.033689
494.80	2.0066	620.00	0.0016129	24.005	24.258	56.808	139.41	202.37	462.71	0.40118	9.7652e-05	0.082201	0.0051166	52.726	0.018966	41.129	44.102	96.913	137.66	172.51	174.81	17.250	1.2395e-05	0.033744
495.08	2.0148	619.48	0.0016143	24.059	24.313	56.917	139.48	202.57	461.51	0.40545	9.7426e-05	0.082122	0.0050902	52.973	0.018878	41.154	44.125	96.936	137.75	172.78	174.66	17.251	1.2405e-05	0.033799
495.35	2.0230	618.97	0.0016156	24.113	24.368	57.026	139.54	202.78	460.31	0.40974	9.7200e-05	0.082043	0.0050640	53.220	0.018790	41.179	44.148	96.958	137.84	173.05	174.50	17.252	1.2415e-05	0.033855
495.63	2.0311	618.46	0.0016169	24.166	24.423	57.135	139.61	202.98	459.12	0.41405	9.6975e-05	0.081965	0.0050378	53.468	0.018703	41.204	44.172	96.981	137.93	173.32	174.34	17.253	1.2424e-05	0.033910
495.90	2.0393	617.94	0.0016183	24.220	24.478	57.243	139.67	203.19	457.93	0.41838	9.6751e-05	0.081887	0.0050117	53.716	0.018616	41.229	44.194	97.003	138.02	173.59	174.18	17.255	1.2434e-05	0.033965
496.17	2.0475	617.43	0.0016196	24.273	24.532	57.352	139.74	203.39	456.74	0.42273	9.6528e-05	0.081809	0.0049858	53.964	0.018531	41.254	44.217	97.025	138.10	173.86	174.02	17.256	1.2443e-05	0.034021
496.45	2.0557	616.92	0.0016210	24.327	24.587	57.459	139.80	203.60	455.56	0.42711	9.6306e-05	0.081731	0.0049599	54.213	0.018446	41.278	44.240	97.047	138.19	174.13	173.87	17.258	1.2453e-05	0.034076
496.72	2.0638	616.41	0.0016223	24.380	24.641	57.567	139.87	203.80	454.38	0.43151	9.6085e-05	0.081654	0.0049341	54.463	0.018361	41.303	44.263	97.069	138.28	174.41	173.71	17.260	1.2463e-05	0.034132
496.99	2.0720	615.90	0.0016236	24.433	24.696	57.674	139.93	204.01	453.20	0.43593	9.5865e-05	0.081577	0.0049085	54.713	0.018277	41.327	44.285	97.091	138.37	174.68	173.55	17.261	1.2472e-05	0.034187
497.26	2.0802	615.39	0.0016250	24.486	24.750	57.781	139.99	204.22	452.02	0.44038	9.5646e-05	0.081500	0.0048829	54.963	0.018194	41.351	44.308	97.112	138.46	174.96	173.39	17.263	1.2482e-05	0.034243
497.52	2.0883	614.88	0.0016263	24.539	24.804	57.888	140.06	204.43	450.84	0.44485	9.5428e-05	0.081423	0.0048575	55.214	0.018111	41.376	44.330	97.134	138.54	175.24	173.23	17.266	1.2492e-05	0.034299
497.79	2.0965	614.37	0.0016277	24.592	24.858	57.994	140.12	204.64	449.67	0.44934	9.5211e-05	0.081347	0.0048321	55.465	0.018029	41.400	44.352	97.155	138.63	175.51	173.07	17.268	1.2502e-05	0.034354
498.06	2.1047	613.86	0.0016290	24.644	24.912	58.101	140.18	204.85	448.50	0.45386	9.4994e-05	0.081271	0.0048068	55.717	0.017948	41.424	44.374	97.177	138.72	175.79	172.91	17.270	1.2511e-05	0.034410
498.32	2.1129	613.35	0.0016304	24.697	24.966	58.207	140.25	205.06	447.33	0.45840	9.4779e-05	0.081195	0.0047817	55.969	0.017867	41.447	44.396	97.198	138.80	176.07	172.75	17.273	1.2521e-05	0.034466
498.59	2.1210	612.84	0.0016317	24.749	25.020	58.312	140.31	205.27	446.17	0.46296	9.4564e-05	0.081119	0.0047566	56.222	0.017787	41.471	44.418	97.219	138.89	176.36	172.59	17.275	1.2531e-05	0.034522
498.85	2.1292	612.33	0.0016331	24.801	25.073	58.417	140.37	205.48	445.00	0.46755	9.4350e-05	0.081043	0.0047317	56.475	0.017707	41.495	44.440	97.240	138.98	176.64	172.43	17.278	1.2541e-05	0.034578
499.12	2.1374	611.83	0.0016345	24.854	25.127	58.522	140.44	205.69	443.84	0.47216	9.4137e-05	0.080968	0.0047068	56.728	0.017628	41.519	44.462	97.261	139.06	176.92	172.27	17.281	1.2551e-05	0.034634
499.38	2.1455	611.32	0.0016358	24.906	25.180	58.627	140.50	205.91	442.69	0.47680	9.3925e-05	0.080893	0.0046820	56.982	0.017549	41.542	44.483	97.282	139.15	177.21	172.11	17.284	1.2560e-05	0.034690
499.64	2.1537	610.81	0.0016372	24.958	25.233	58.732	140.56	206.12	441.53	0.48147	9.3714e-05	0.080818	0.0046573	57.237	0.017471	41.565	44.505	97.302	139.24	177.49	171.94	17.287	1.2570e-05	0.034746
499.91	2.1619	610.30	0.0016385	25.010	25.286	58.836	140.63	206.34	440.38	0.48615	9.3504e-05	0.080744	0.0046328	57.492	0.017394	41.589	44.526	97.323	139.32	177.78	171.78	17.290	1.2580e-05	0.034802
500.17	2.1701	609.80	0.0016399	25.061	25.339	58.940	140.69	206.55	439.22	0.49087	9.3294e-05	0.080669	0.0046083	57.748	0.017317	41.612	44.547	97.343	139.41	178.07	171.62	17.293	1.2590e-05	0.034858
500.43	2.1782	609.29	0.0016413	25.113	25.392	59.044	140.75	206.77	438.07	0.49561	9.3085e-05	0.080595	0.0045839	58.004	0.017240	41.635	44.569	97.364	139.49	178.36	171.46	17.297	1.2600e-05	0.034914
500.69	2.1864	608.78	0.0016426	25.165	25.445	59.147	140.81	206.99	436.93	0.50037	9.2877e-05	0.080521	0.0045596	58.260	0.017164	41.658	44.590	97.384	139.58	178.65	171.30	17.300	1.2610e-05	0.034971
500.94	2.1946	608.28	0.0016440	25.216	25.498	59.250	140.87	207.20	435.78	0.50517	9.2670e-05	0.080448	0.0045354	58.517	0.017089	41.681	44.611	97.404	139.66	178.94	171.13	17.304	1.2620e-05	0.035027
501.20	2.2027	607.77	0.0016454	25.267	25.550	59.353	140.94	207.42	434.64	0.50998	9.2464e-05	0.080374	0.0045112	58.775	0.017014	41.704	44.631	97.424	139.75	179.23	170.97	17.308	1.2630e-05	0.035083
501.46	2.2109	607.26	0.0016467	25.319	25.603	59.456	141.00	207.64	433.50	0.51483	9.2258e-05	0.080301	0.0044872	59.033	0.016940	41.727	44.652	97.444	139.83	179.53	170.81	17.312	1.2640e-05	0.035140
501.72	2.2191	606.76	0.0016481	25.370	25.655	59.558	141.06	207.86	432.36	0.51970	9.2053e-05	0.080228	0.0044633	59.291	0.016866	41.749	44.673	97.463	139.92	179.83	170.65	17.316	1.2650e-05	0.035196
501.97	2.2272	606.25	0.0016495	25.421	25.708	59.661	141.12	208.08	431.23	0.52460	9.1849e-05	0.080155	0.0044394	59.550	0.016793	41.772	44.694	97.483	140.00	180.12	170.48	17.320	1.2660e-05	0.035253
502.23	2.2354	605.75	0.0016509	25.472	25.760	59.762	141.18	208.31	430.09	0.52953	9.1646e-05	0.080083	0.0044157	59.810	0.016720	41.795	44.714	97.502	140.09	180.42	170.32	17.324	1.2670e-05	0.035310
502.48	2.2436	605.24	0.0016522	25.523	25.812	59.864	141.24	208.53	428.96	0.53448	9.1444e-05	0.080010	0.0043920	60.070	0.016647	41.817	44.734	97.522	140.17	180.72	170.15	17.329	1.2680e-05	0.035367
502.74	2.2518	604.74	0.0016536	25.573	25.864	59.966	141.30	208.75	427.83	0.53946	9.1242e-05	0.079938	0.0043684	60.330	0.016575	41.839	44.755	97.541	140.25	181.02	169.99	17.333	1.2691e-05	0.035423
502.99	2.2599	604.23	0.0016550	25.624	25.916	60.067	141.36	208.98	426.70	0.54447	9.1041e-05	0.079866	0.0043449	60.591	0.016504	41.861	44.775	97.560	140.34	181.33	169.83	17.338	1.2701e-05	0.035480
503.24	2.2681	603.73	0.0016564	25.674	25.968	60.168	141.43	209.21	425.58	0.54951	9.0841e-05	0.079795	0.0043215	60.853	0.016433	41.884	44.795	97.579	140.42	181.63	169.66	17.342	1.2711e-05	0.035537
503.49	2.2763	603.22	0.0016578	25.725	26.020	60.268	141.49	209.43	424.45	0.55458	9.0641e-05	0.079723	0.0042982	61.115	0.016363	41.906	44.815	97.598	140.50	181.93	169.50	17.347	1.2721e-05	0.035594
503.74	2.2844	602.72	0.0016591	25.775	26.071	60.369	141.55	209.66	423.33	0.55967	9.0442e-05	0.079652	0.0042750	61.378	0.016293	41.928	44.835	97.617	140.59	182.24	169.33	17.352	1.2732e-05	0.035651
503.99	2.2926	602.22	0.0016605	25.826	26.123	60.469	141.61	209.89	422.21	0.56480	9.0244e-05	0.079581	0.0042518	61.641	0.016223	41.949	44.855	97.636	140.67	182.55	169.17	17.357	1.2742e-05	0.035708
504.24	2.3008	601.71	0.0016619	25.876	26.174	60.569	141.67	210.12	421.09	0.56995	9.0047e-05	0.079510	0.0042288	61.905	0.016154	41.971	44.874	97.654	140.75	182.86	169.00	17.362	1.2752e-05	0.035766
504.49	2.3090	601.21	0.0016633	25.926	26.226	60.669	141.73	210.35	419.98	0.57514	8.9850e-05	0.079439	0.0042058	62.169	0.016085	41.993	44.894	97.673	140.84	183.17	168.84	17.368	1.2763e-05	0.035823
504.74	2.3171	600.71	0.0016647	25.976	26.277	60.768	141.79	210.58	418.86	0.58035	8.9654e-05	0.079369	0.0041829	62.434	0.016017	42.015	44.914	97.691	140.92	183.48	168.67	17.373	1.2773e-05	0.035881
504.99	2.3253	600.20	0.0016661	26.026	26.328	60.868	141.85	210.81	417.75	0.58559	8.9459e-05	0.079299	0.0041601	62.699	0.015949	42.036	44.933	97.710	141.00	183.80	168.50	17.379	1.2783e-05	0.035938
505.24	2.3335	599.70	0.0016675	26.075	26.379	60.967	141.91	211.05	416.64	0.59087	8.9264e-05	0.079229	0.0041374	62.965	0.015882	42.058	44.952	97.728	141.09	184.11	168.34	17.384	1.2794e-05	0.035996
505.48	2.3416	599.20	0.0016689	26.125	26.430	61.066	141.97	211.28	415.53	0.59618	8.9070e-05	0.079159	0.0041148	63.232	0.015815	42.079	44.972	97.746	141.17	184.43	168.17	17.390	1.2804e-05	0.036053
505.73	2.3498	598.69	0.0016703	26.175	26.481	61.164	142.03	211.52	414.43	0.60151	8.8877e-05	0.079089	0.0040922	63.499	0.015748	42.100	44.991	97.764	141.25	184.75	168.00	17.396	1.2815e-05	0.036111
505.97	2.3580	598.19	0.0016717	26.224	26.532	61.263	142.09	211.75	413.32	0.60688	8.8684e-05	0.079020	0.0040698	63.766	0.015682	42.121	45.010	97.782	141.33	185.07	167.84	17.402	1.2825e-05	0.036169
506.22	2.3662	597.69	0.0016731	26.274	26.583	61.361	142.14	211.99	412.22	0.61228	8.8492e-05	0.078950	0.0040474	64.034	0.015617	42.142	45.029	97.799	141.42	185.39	167.67	17.408	1.2836e-05	0.036227
506.46	2.3743	597.18	0.0016745	26.323	26.634	61.459	142.20	212.23	411.12	0.61771	8.8301e-05	0.078881	0.0040251	64.303	0.015551	42.163	45.048	97.817	141.50	185.72	167.50	17.414	1.2847e-05	0.036285
506.71	2.3825	596.68	0.0016759	26.372	26.684	61.557	142.26	212.47	410.02	0.62317	8.8111e-05	0.078813	0.0040028	64.572	0.015487	42.184	45.066	97.834	141.58	186.04	167.33	17.420	1.2857e-05	0.036343
506.95	2.3907	596.18	0.0016774	26.421	26.735	61.654	142.32	212.71	408.92	0.62867	8.7921e-05	0.078744	0.0039807	64.842	0.015422	42.205	45.085	97.852	141.66	186.37	167.17	17.426	1.2868e-05	0.036401
507.19	2.3988	595.67	0.0016788	26.471	26.785	61.751	142.38	212.95	407.83	0.63420	8.7731e-05	0.078676	0.0039586	65.112	0.015358	42.226	45.104	97.869	141.74	186.70	167.00	17.433	1.2879e-05	0.036459
507.43	2.4070	595.17	0.0016802	26.519	26.835	61.849	142.44	213.19	406.73	0.63976	8.7542e-05	0.078607	0.0039367	65.383	0.015294	42.246	45.122	97.886	141.82	187.03	166.83	17.439	1.2890e-05	0.036518
507.67	2.4152	594.67	0.0016816	26.568	26.886	61.945	142.50	213.44	405.64	0.64536	8.7354e-05	0.078539	0.0039148	65.655	0.015231	42.267	45.140	97.903	141.91	187.36	166.66	17.446	1.2900e-05	0.036576
507.91	2.4233	594.17	0.0016830	26.617	26.936	62.042	142.56	213.68	404.55	0.65099	8.7167e-05	0.078472	0.0038929	65.927	0.015168	42.288	45.159	97.920	141.99	187.69	166.49	17.453	1.2911e-05	0.036635
508.15	2.4315	593.66	0.0016845	26.666	26.986	62.139	142.61	213.93	403.46	0.65665	8.6980e-05	0.078404	0.0038712	66.200	0.015106	42.308	45.177	97.937	142.07	188.03	166.32	17.460	1.2922e-05	0.036694
508.39	2.4397	593.16	0.0016859	26.715	27.036	62.235	142.67	214.18	402.38	0.66235	8.6794e-05	0.078337	0.0038495	66.473	0.015044	42.328	45.195	97.954	142.15	188.37	166.15	17.466	1.2933e-05	0.036753
508.63	2.4479	592.66	0.0016873	26.763	27.086	62.331	142.73	214.43	401.29	0.66808	8.6608e-05	0.078269	0.0038279	66.747	0.014982	42.349	45.213	97.970	142.23	188.71	165.98	17.474	1.2944e-05	0.036811
508.87	2.4560	592.15	0.0016887	26.812	27.136	62.427	142.79	214.68	400.21	0.67385	8.6423e-05	0.078202	0.0038064	67.022	0.014921	42.369	45.231	97.987	142.31	189.05	165.81	17.481	1.2955e-05	0.036870
509.11	2.4642	591.65	0.0016902	26.860	27.185	62.522	142.85	214.93	399.13	0.67965	8.6238e-05	0.078136	0.0037850	67.297	0.014860	42.389	45.249	98.003	142.39	189.39	165.64	17.488	1.2966e-05	0.036930
509.34	2.4724	591.15	0.0016916	26.908	27.235	62.618	142.91	215.18	398.05	0.68549	8.6055e-05	0.078069	0.0037636	67.572	0.014799	42.409	45.267	98.020	142.47	189.73	165.47	17.495	1.2977e-05	0.036989
509.58	2.4805	590.65	0.0016931	26.957	27.285	62.713	142.96	215.43	396.97	0.69136	8.5871e-05	0.078002	0.0037423	67.849	0.014739	42.429	45.284	98.036	142.55	190.08	165.30	17.503	1.2988e-05	0.037048
509.81	2.4887	590.14	0.0016945	27.005	27.334	62.808	143.02	215.69	395.89	0.69728	8.5689e-05	0.077936	0.0037211	68.126	0.014679	42.448	45.302	98.052	142.63	190.43	165.13	17.510	1.2999e-05	0.037108
510.05	2.4969	589.64	0.0016959	27.053	27.384	62.903	143.08	215.94	394.82	0.70322	8.5506e-05	0.077870	0.0037000	68.403	0.014619	42.468	45.319	98.068	142.71	190.78	164.96	17.518	1.3011e-05	0.037167
510.28	2.5051	589.14	0.0016974	27.101	27.433	62.998	143.14	216.20	393.74	0.70921	8.5325e-05	0.077804	0.0036789	68.681	0.014560	42.488	45.337	98.084	142.79	191.13	164.79	17.526	1.3022e-05	0.037227
510.52	2.5132	588.64	0.0016988	27.149	27.482	63.092	143.19	216.46	392.67	0.71523	8.5144e-05	0.077739	0.0036580	68.960	0.014501	42.507	45.354	98.099	142.87	191.49	164.62	17.534	1.3033e-05	0.037287
510.75	2.5214	588.13	0.0017003	27.197	27.532	63.186	143.25	216.72	391.60	0.72129	8.4963e-05	0.077673	0.0036371	69.240	0.014443	42.527	45.371	98.115	142.95	191.84	164.45	17.542	1.3044e-05	0.037347
510.98	2.5296	587.63	0.0017018	27.244	27.581	63.280	143.31	216.98	390.53	0.72739	8.4783e-05	0.077608	0.0036162	69.520	0.014384	42.546	45.388	98.131	143.03	192.20	164.27	17.550	1.3056e-05	0.037407
511.21	2.5377	587.13	0.0017032	27.292	27.630	63.374	143.36	217.24	389.46	0.73352	8.4604e-05	0.077543	0.0035955	69.800	0.014327	42.566	45.406	98.146	143.11	192.56	164.10	17.558	1.3067e-05	0.037467
511.45	2.5459	586.62	0.0017047	27.340	27.679	63.468	143.42	217.51	388.40	0.73970	8.4425e-05	0.077478	0.0035748	70.082	0.014269	42.585	45.422	98.161	143.19	192.93	163.93	17.566	1.3079e-05	0.037527
511.68	2.5541	586.12	0.0017061	27.387	27.728	63.562	143.48	217.77	387.33	0.74591	8.4247e-05	0.077413	0.0035542	70.364	0.014212	42.604	45.439	98.176	143.27	193.29	163.76	17.575	1.3090e-05	0.037587
511.91	2.5623	585.62	0.0017076	27.435	27.777	63.655	143.54	218.04	386.27	0.75217	8.4069e-05	0.077348	0.0035336	70.647	0.014155	42.623	45.456	98.191	143.35	193.66	163.58	17.583	1.3102e-05	0.037648
512.14	2.5704	585.11	0.0017091	27.482	27.825	63.748	143.59	218.31	385.21	0.75846	8.3892e-05	0.077284	0.0035132	70.930	0.014098	42.642	45.473	98.206	143.43	194.03	163.41	17.592	1.3113e-05	0.037709
512.37	2.5786	584.61	0.0017105	27.529	27.874	63.841	143.65	218.57	384.15	0.76480	8.3715e-05	0.077220	0.0034928	71.214	0.014042	42.661	45.489	98.221	143.51	194.40	163.24	17.600	1.3125e-05	0.037769
512.59	2.5868	584.10	0.0017120	27.577	27.923	63.934	143.71	218.85	383.09	0.77117	8.3538e-05	0.077156	0.0034725	71.498	0.013986	42.680	45.506	98.236	143.59	194.77	163.06	17.609	1.3136e-05	0.037830
512.82	2.5949	583.60	0.0017135	27.624	27.971	64.026	143.76	219.12	382.03	0.77759	8.3363e-05	0.077092	0.0034522	71.784	0.013931	42.699	45.522	98.251	143.67	195.15	162.89	17.618	1.3148e-05	0.037891
513.05	2.6031	583.10	0.0017150	27.671	28.020	64.119	143.82	219.39	380.98	0.78405	8.3188e-05	0.077028	0.0034320	72.070	0.013875	42.717	45.539	98.265	143.75	195.53	162.72	17.627	1.3160e-05	0.037953
513.28	2.6113	582.59	0.0017165	27.718	28.068	64.211	143.87	219.67	379.92	0.79055	8.3013e-05	0.076965	0.0034119	72.356	0.013820	42.736	45.555	98.280	143.83	195.91	162.54	17.636	1.3172e-05	0.038014
513.50	2.6194	582.09	0.0017180	27.765	28.117	64.303	143.93	219.94	378.87	0.79709	8.2839e-05	0.076902	0.0033919	72.644	0.013766	42.754	45.571	98.294	143.90	196.29	162.37	17.645	1.3184e-05	0.038075
513.73	2.6276	581.58	0.0017194	27.812	28.165	64.395	143.99	220.22	377.82	0.80367	8.2665e-05	0.076839	0.0033719	72.932	0.013711	42.773	45.587	98.308	143.98	196.67	162.19	17.654	1.3196e-05	0.038137
513.95	2.6358	581.08	0.0017209	27.859	28.213	64.487	144.04	220.50	376.77	0.81030	8.2491e-05	0.076776	0.0033520	73.220	0.013657	42.791	45.603	98.322	144.06	197.06	162.02	17.664	1.3208e-05	0.038199
514.18	2.6440	580.57	0.0017224	27.905	28.261	64.578	144.10	220.78	375.72	0.81698	8.2319e-05	0.076713	0.0033322	73.510	0.013604	42.809	45.619	98.336	144.14	197.45	161.84	17.673	1.3220e-05	0.038260
514.40	2.6521	580.07	0.0017239	27.952	28.309	64.669	144.15	221.07	374.67	0.82369	8.2146e-05	0.076650	0.0033124	73.800	0.013550	42.828	45.635	98.350	144.22	197.84	161.67	17.683	1.3232e-05	0.038323
514.63	2.6603	579.56	0.0017254	27.999	28.357	64.761	144.21	221.35	373.63	0.83045	8.1975e-05	0.076588	0.0032927	74.091	0.013497	42.846	45.650	98.364	144.30	198.24	161.49	17.692	1.3244e-05	0.038385
514.85	2.6685	579.06	0.0017269	28.045	28.405	64.852	144.27	221.64	372.58	0.83726	8.1803e-05	0.076526	0.0032731	74.382	0.013444	42.864	45.666	98.377	144.38	198.64	161.32	17.702	1.3256e-05	0.038447
515.07	2.6766	578.55	0.0017285	28.092	28.453	64.943	144.32	221.92	371.54	0.84411	8.1632e-05	0.076464	0.0032536	74.674	0.013391	42.882	45.682	98.391	144.45	199.04	161.14	17.712	1.3268e-05	0.038509
515.30	2.6848	578.05	0.0017300	28.138	28.501	65.033	144.38	222.21	370.50	0.85101	8.1462e-05	0.076402	0.0032341	74.967	0.013339	42.900	45.697	98.404	144.53	199.44	160.96	17.722	1.3280e-05	0.038572
515.52	2.6930	577.54	0.0017315	28.184	28.549	65.124	144.43	222.50	369.46	0.85795	8.1292e-05	0.076340	0.0032146	75.261	0.013287	42.917	45.712	98.418	144.61	199.84	160.79	17.732	1.3293e-05	0.038635
515.74	2.7012	577.03	0.0017330	28.231	28.596	65.214	144.49	222.80	368.42	0.86494	8.1122e-05	0.076279	0.0031953	75.555	0.013235	42.935	45.728	98.431	144.69	200.25	160.61	17.742	1.3305e-05	0.038698
515.96	2.7093	576.53	0.0017345	28.277	28.644	65.304	144.54	223.09	367.38	0.87198	8.0953e-05	0.076218	0.0031760	75.850	0.013184	42.953	45.743	98.444	144.77	200.66	160.43	17.752	1.3317e-05	0.038761
516.18	2.7175	576.02	0.0017360	28.323	28.692	65.394	144.60	223.39	366.34	0.87906	8.0785e-05	0.076157	0.0031568	76.146	0.013133	42.970	45.758	98.457	144.84	201.07	160.26	17.762	1.3330e-05	0.038824
516.40	2.7257	575.51	0.0017376	28.369	28.739	65.484	144.65	223.69	365.31	0.88619	8.0616e-05	0.076096	0.0031376	76.443	0.013082	42.988	45.773	98.470	144.92	201.49	160.08	17.773	1.3342e-05	0.038887
516.62	2.7338	575.01	0.0017391	28.415	28.787	65.574	144.71	223.99	364.27	0.89338	8.0449e-05	0.076035	0.0031186	76.740	0.013031	43.005	45.788	98.483	145.00	201.91	159.90	17.783	1.3355e-05	0.038951
516.84	2.7420	574.50	0.0017406	28.461	28.834	65.663	144.77	224.29	363.24	0.90061	8.0281e-05	0.075974	0.0030995	77.038	0.012981	43.022	45.803	98.495	145.08	202.33	159.72	17.794	1.3368e-05	0.039015
517.06	2.7502	573.99	0.0017422	28.507	28.881	65.753	144.82	224.59	362.21	0.90789	8.0114e-05	0.075914	0.0030806	77.337	0.012930	43.040	45.817	98.508	145.15	202.75	159.55	17.804	1.3380e-05	0.039078
517.27	2.7584	573.48	0.0017437	28.553	28.929	65.842	144.88	224.90	361.18	0.91522	7.9948e-05	0.075854	0.0030617	77.637	0.012881	43.057	45.832	98.520	145.23	203.18	159.37	17.815	1.3393e-05	0.039143
517.49	2.7665	572.97	0.0017453	28.599	28.976	65.931	144.93	225.20	360.15	0.92260	7.9782e-05	0.075794	0.0030429	77.937	0.012831	43.074	45.847	98.533	145.31	203.61	159.19	17.826	1.3406e-05	0.039207
517.71	2.7747	572.47	0.0017468	28.644	29.023	66.020	144.98	225.51	359.12	0.93003	7.9616e-05	0.075734	0.0030241	78.238	0.012781	43.091	45.861	98.545	145.39	204.04	159.01	17.837	1.3419e-05	0.039271
517.92	2.7829	571.96	0.0017484	28.690	29.070	66.109	145.04	225.82	358.09	0.93752	7.9451e-05	0.075674	0.0030054	78.540	0.012732	43.108	45.876	98.557	145.46	204.48	158.83	17.848	1.3432e-05	0.039336
518.14	2.7910	571.45	0.0017499	28.736	29.117	66.198	145.09	226.14	357.07	0.94506	7.9286e-05	0.075615	0.0029868	78.843	0.012683	43.125	45.890	98.569	145.54	204.92	158.65	17.859	1.3445e-05	0.039400
518.36	2.7992	570.94	0.0017515	28.781	29.164	66.286	145.15	226.45	356.04	0.95265	7.9121e-05	0.075555	0.0029682	79.146	0.012635	43.141	45.904	98.581	145.62	205.36	158.47	17.870	1.3458e-05	0.039465
518.57	2.8074	570.43	0.0017531	28.826	29.211	66.374	145.20	226.77	355.02	0.96029	7.8957e-05	0.075496	0.0029497	79.451	0.012586	43.158	45.918	98.592	145.70	205.81	158.29	17.881	1.3471e-05	0.039530
518.78	2.8155	569.92	0.0017546	28.872	29.258	66.463	145.26	227.09	354.00	0.96799	7.8794e-05	0.075437	0.0029313	79.756	0.012538	43.175	45.932	98.604	145.77	206.26	158.11	17.893	1.3484e-05	0.039596
519.00	2.8237	569.41	0.0017562	28.917	29.305	66.551	145.31	227.41	352.98	0.97574	7.8630e-05	0.075378	0.0029129	80.062	0.012490	43.191	45.946	98.616	145.85	206.71	157.93	17.904	1.3497e-05	0.039661
519.21	2.8319	568.89	0.0017578	28.962	29.351	66.638	145.37	227.73	351.96	0.98354	7.8467e-05	0.075320	0.0028946	80.368	0.012443	43.208	45.960	98.627	145.93	207.16	157.75	17.916	1.3511e-05	0.039727
519.42	2.8401	568.38	0.0017594	29.008	29.398	66.726	145.42	228.05	350.94	0.99141	7.8305e-05	0.075261	0.0028763	80.676	0.012395	43.224	45.974	98.638	146.00	207.62	157.57	17.927	1.3524e-05	0.039792
519.64	2.8482	567.87	0.0017610	29.053	29.445	66.814	145.48	228.38	349.92	0.99932	7.8143e-05	0.075203	0.0028581	80.984	0.012348	43.240	45.988	98.650	146.08	208.08	157.39	17.939	1.3537e-05	0.039858
519.85	2.8564	567.36	0.0017626	29.098	29.491	66.901	145.53	228.71	348.90	1.0073	7.7981e-05	0.075145	0.0028400	81.293	0.012301	43.257	46.001	98.661	146.16	208.55	157.21	17.951	1.3551e-05	0.039925
520.06	2.8646	566.85	0.0017641	29.143	29.538	66.989	145.58	229.04	347.89	1.0153	7.7820e-05	0.075087	0.0028219	81.603	0.012254	43.273	46.015	98.672	146.23	209.01	157.03	17.963	1.3564e-05	0.039991
520.27	2.8727	566.33	0.0017657	29.188	29.584	67.076	145.64	229.38	346.87	1.0234	7.7658e-05	0.075029	0.0028039	81.914	0.012208	43.289	46.028	98.682	146.31	209.49	156.85	17.975	1.3578e-05	0.040058
520.48	2.8809	565.82	0.0017673	29.233	29.631	67.163	145.69	229.71	345.86	1.0316	7.7498e-05	0.074972	0.0027860	82.226	0.012162	43.305	46.042	98.693	146.39	209.96	156.66	17.987	1.3592e-05	0.040124
520.69	2.8891	565.31	0.0017690	29.278	29.677	67.250	145.75	230.05	344.84	1.0398	7.7337e-05	0.074914	0.0027681	82.538	0.012116	43.321	46.055	98.704	146.46	210.44	156.48	17.999	1.3605e-05	0.040191
520.90	2.8973	564.79	0.0017706	29.323	29.723	67.337	145.80	230.39	343.83	1.0480	7.7178e-05	0.074857	0.0027503	82.852	0.012070	43.337	46.068	98.714	146.54	210.92	156.30	18.011	1.3619e-05	0.040259
521.11	2.9054	564.28	0.0017722	29.367	29.770	67.423	145.86	230.73	342.82	1.0564	7.7018e-05	0.074800	0.0027325	83.166	0.012024	43.352	46.081	98.725	146.62	211.41	156.12	18.024	1.3633e-05	0.040326
521.32	2.9136	563.76	0.0017738	29.412	29.816	67.510	145.91	231.08	341.81	1.0648	7.6859e-05	0.074743	0.0027149	83.481	0.011979	43.368	46.094	98.735	146.69	211.90	155.93	18.036	1.3647e-05	0.040393
521.53	2.9218	563.25	0.0017754	29.457	29.862	67.596	145.96	231.43	340.80	1.0732	7.6700e-05	0.074687	0.0026972	83.797	0.011934	43.384	46.107	98.745	146.77	212.39	155.75	18.049	1.3661e-05	0.040461
521.74	2.9299	562.73	0.0017771	29.501	29.908	67.682	146.02	231.78	339.80	1.0817	7.6541e-05	0.074630	0.0026796	84.114	0.011889	43.399	46.120	98.755	146.85	212.89	155.57	18.061	1.3675e-05	0.040529
521.94	2.9381	562.21	0.0017787	29.546	29.954	67.768	146.07	232.13	338.79	1.0903	7.6383e-05	0.074574	0.0026621	84.432	0.011844	43.415	46.133	98.765	146.92	213.39	155.38	18.074	1.3689e-05	0.040597
522.15	2.9463	561.70	0.0017803	29.590	30.000	67.854	146.13	232.48	337.78	1.0990	7.6225e-05	0.074518	0.0026447	84.750	0.011799	43.430	46.145	98.775	147.00	213.89	155.20	18.087	1.3704e-05	0.040666
522.36	2.9545	561.18	0.0017820	29.635	30.046	67.940	146.18	232.84	336.78	1.1077	7.6067e-05	0.074462	0.0026273	85.070	0.011755	43.445	46.158	98.785	147.07	214.40	155.02	18.100	1.3718e-05	0.040734
522.56	2.9626	560.66	0.0017836	29.679	30.092	68.026	146.23	233.20	335.77	1.1164	7.5910e-05	0.074406	0.0026099	85.391	0.011711	43.460	46.170	98.794	147.15	214.92	154.83	18.112	1.3732e-05	0.040803
522.77	2.9708	560.14	0.0017853	29.724	30.138	68.111	146.29	233.56	334.77	1.1253	7.5753e-05	0.074350	0.0025926	85.712	0.011667	43.476	46.183	98.804	147.23	215.43	154.65	18.126	1.3747e-05	0.040872
522.98	2.9790	559.62	0.0017869	29.768	30.184	68.197	146.34	233.93	333.77	1.1342	7.5597e-05	0.074295	0.0025754	86.034	0.011623	43.491	46.195	98.813	147.30	215.95	154.46	18.139	1.3761e-05	0.040942
523.18	2.9871	559.10	0.0017886	29.812	30.230	68.282	146.39	234.30	332.77	1.1431	7.5440e-05	0.074239	0.0025583	86.357	0.011580	43.506	46.207	98.822	147.38	216.48	154.28	18.152	1.3776e-05	0.041011
523.38	2.9953	558.58	0.0017902	29.856	30.275	68.367	146.45	234.67	331.77	1.1522	7.5284e-05	0.074184	0.0025412	86.682	0.011536	43.520	46.220	98.831	147.45	217.01	154.09	18.165	1.3791e-05	0.041081
523.59	3.0035	558.06	0.0017919	29.901	30.321	68.453	146.50	235.04	330.77	1.1613	7.5129e-05	0.074129	0.0025241	87.007	0.011493	43.535	46.232	98.840	147.53	217.54	153.91	18.178	1.3805e-05	0.041151
523.79	3.0116	557.54	0.0017936	29.945	30.367	68.538	146.55	235.42	329.77	1.1705	7.4973e-05	0.074075	0.0025071	87.333	0.011450	43.550	46.244	98.849	147.61	218.08	153.72	18.192	1.3820e-05	0.041221
523.99	3.0198	557.02	0.0017953	29.989	30.412	68.622	146.61	235.80	328.77	1.1797	7.4818e-05	0.074020	0.0024902	87.660	0.011408	43.565	46.255	98.858	147.68	218.62	153.54	18.205	1.3835e-05	0.041292
524.20	3.0280	556.50	0.0017970	30.033	30.458	68.707	146.66	236.18	327.78	1.1890	7.4664e-05	0.073966	0.0024733	87.988	0.011365	43.579	46.267	98.867	147.76	219.17	153.35	18.219	1.3850e-05	0.041362
524.40	3.0362	555.98	0.0017986	30.077	30.503	68.792	146.72	236.56	326.78	1.1984	7.4509e-05	0.073912	0.0024565	88.317	0.011323	43.594	46.279	98.875	147.83	219.72	153.17	18.233	1.3865e-05	0.041433
524.60	3.0443	555.45	0.0018003	30.121	30.549	68.876	146.77	236.95	325.79	1.2079	7.4355e-05	0.073858	0.0024398	88.647	0.011281	43.608	46.291	98.884	147.91	220.28	152.98	18.247	1.3880e-05	0.041504
524.80	3.0525	554.93	0.0018020	30.164	30.594	68.961	146.82	237.34	324.79	1.2174	7.4201e-05	0.073804	0.0024231	88.978	0.011239	43.622	46.302	98.892	147.99	220.84	152.79	18.260	1.3895e-05	0.041576
525.00	3.0607	554.40	0.0018037	30.208	30.640	69.045	146.88	237.73	323.80	1.2271	7.4047e-05	0.073750	0.0024064	89.310	0.011197	43.637	46.314	98.900	148.06	221.40	152.61	18.274	1.3911e-05	0.041647
525.20	3.0688	553.88	0.0018055	30.252	30.685	69.129	146.93	238.13	322.81	1.2367	7.3894e-05	0.073697	0.0023898	89.643	0.011155	43.651	46.325	98.908	148.14	221.97	152.42	18.288	1.3926e-05	0.041719
525.40	3.0770	553.35	0.0018072	30.296	30.730	69.213	146.98	238.53	321.82	1.2465	7.3741e-05	0.073643	0.0023733	89.977	0.011114	43.665	46.336	98.916	148.21	222.55	152.23	18.303	1.3942e-05	0.041791
525.60	3.0852	552.83	0.0018089	30.339	30.775	69.297	147.04	238.93	320.83	1.2563	7.3588e-05	0.073590	0.0023568	90.312	0.011073	43.679	46.347	98.924	148.29	223.13	152.04	18.317	1.3957e-05	0.041864
525.80	3.0934	552.30	0.0018106	30.383	30.821	69.381	147.09	239.34	319.84	1.2663	7.3436e-05	0.073537	0.0023404	90.648	0.011032	43.693	46.358	98.931	148.36	223.71	151.86	18.331	1.3973e-05	0.041937
526.00	3.1015	551.77	0.0018123	30.427	30.866	69.464	147.14	239.75	318.85	1.2763	7.3283e-05	0.073484	0.0023240	90.985	0.010991	43.707	46.369	98.939	148.44	224.31	151.67	18.345	1.3988e-05	0.042009
526.20	3.1097	551.24	0.0018141	30.470	30.911	69.548	147.20	240.16	317.86	1.2863	7.3131e-05	0.073432	0.0023077	91.323	0.010950	43.721	46.380	98.946	148.51	224.90	151.48	18.360	1.4004e-05	0.042083
526.40	3.1179	550.71	0.0018158	30.514	30.956	69.631	147.25	240.58	316.87	1.2965	7.2980e-05	0.073380	0.0022915	91.662	0.010910	43.734	46.391	98.954	148.59	225.50	151.29	18.374	1.4020e-05	0.042156
526.60	3.1260	550.18	0.0018176	30.557	31.001	69.715	147.30	240.99	315.88	1.3067	7.2828e-05	0.073327	0.0022753	92.002	0.010869	43.748	46.402	98.961	148.67	226.11	151.10	18.389	1.4036e-05	0.042230
526.79	3.1342	549.65	0.0018193	30.601	31.046	69.798	147.36	241.42	314.90	1.3171	7.2677e-05	0.073275	0.0022591	92.344	0.010829	43.761	46.413	98.968	148.74	226.72	150.91	18.404	1.4052e-05	0.042304
526.99	3.1424	549.12	0.0018211	30.644	31.091	69.881	147.41	241.84	313.91	1.3275	7.2526e-05	0.073224	0.0022431	92.686	0.010789	43.775	46.423	98.975	148.82	227.34	150.72	18.418	1.4068e-05	0.042378
527.19	3.1506	548.59	0.0018229	30.687	31.136	69.964	147.46	242.27	312.93	1.3380	7.2375e-05	0.073172	0.0022270	93.030	0.010749	43.788	46.434	98.982	148.89	227.96	150.54	18.433	1.4084e-05	0.042453
527.38	3.1587	548.06	0.0018246	30.731	31.181	70.047	147.52	242.71	311.95	1.3485	7.2225e-05	0.073120	0.0022111	93.374	0.010710	43.802	46.444	98.988	148.97	228.59	150.35	18.448	1.4101e-05	0.042528
527.58	3.1669	547.52	0.0018264	30.774	31.226	70.130	147.57	243.14	310.96	1.3592	7.2075e-05	0.073069	0.0021951	93.720	0.010670	43.815	46.454	98.995	149.04	229.22	150.16	18.463	1.4117e-05	0.042603
527.78	3.1751	546.99	0.0018282	30.817	31.271	70.213	147.62	243.58	309.98	1.3700	7.1925e-05	0.073018	0.0021793	94.067	0.010631	43.828	46.464	99.001	149.12	229.86	149.97	18.478	1.4134e-05	0.042678
527.97	3.1832	546.45	0.0018300	30.860	31.315	70.295	147.68	244.03	309.00	1.3808	7.1775e-05	0.072967	0.0021635	94.415	0.010592	43.841	46.475	99.008	149.19	230.51	149.78	18.493	1.4150e-05	0.042754
528.17	3.1914	545.92	0.0018318	30.903	31.360	70.378	147.73	244.47	308.02	1.3917	7.1626e-05	0.072917	0.0021477	94.764	0.010553	43.854	46.485	99.014	149.27	231.16	149.58	18.508	1.4167e-05	0.042830
528.36	3.1996	545.38	0.0018336	30.947	31.405	70.460	147.78	244.93	307.04	1.4028	7.1476e-05	0.072866	0.0021320	95.114	0.010514	43.867	46.495	99.020	149.34	231.81	149.39	18.524	1.4184e-05	0.042906
528.55	3.2077	544.84	0.0018354	30.990	31.449	70.543	147.83	245.38	306.06	1.4139	7.1327e-05	0.072816	0.0021163	95.465	0.010475	43.880	46.504	99.026	149.42	232.48	149.20	18.539	1.4201e-05	0.042983
528.75	3.2159	544.31	0.0018372	31.033	31.494	70.625	147.89	245.84	305.08	1.4251	7.1178e-05	0.072766	0.0021007	95.818	0.010436	43.892	46.514	99.032	149.49	233.15	149.01	18.555	1.4218e-05	0.043059
528.94	3.2241	543.77	0.0018390	31.076	31.539	70.707	147.94	246.30	304.10	1.4364	7.1030e-05	0.072716	0.0020852	96.171	0.010398	43.905	46.524	99.037	149.57	233.82	148.82	18.570	1.4235e-05	0.043137
529.13	3.2323	543.23	0.0018408	31.119	31.583	70.789	147.99	246.77	303.12	1.4478	7.0881e-05	0.072666	0.0020697	96.526	0.010360	43.918	46.533	99.043	149.64	234.51	148.63	18.586	1.4252e-05	0.043214
529.32	3.2404	542.69	0.0018427	31.161	31.628	70.871	148.05	247.24	302.15	1.4593	7.0733e-05	0.072617	0.0020543	96.882	0.010322	43.930	46.543	99.048	149.72	235.20	148.44	18.601	1.4269e-05	0.043292
529.52	3.2486	542.15	0.0018445	31.204	31.672	70.953	148.10	247.72	301.17	1.4708	7.0585e-05	0.072567	0.0020389	97.239	0.010284	43.943	46.552	99.054	149.80	235.89	148.24	18.617	1.4286e-05	0.043370
529.71	3.2568	541.60	0.0018464	31.247	31.717	71.035	148.15	248.20	300.20	1.4825	7.0437e-05	0.072518	0.0020236	97.598	0.010246	43.955	46.561	99.059	149.87	236.60	148.05	18.633	1.4304e-05	0.043449
529.90	3.2649	541.06	0.0018482	31.290	31.761	71.116	148.21	248.68	299.22	1.4943	7.0290e-05	0.072469	0.0020083	97.958	0.010208	43.967	46.571	99.064	149.95	237.31	147.86	18.649	1.4321e-05	0.043527
530.09	3.2731	540.52	0.0018501	31.333	31.806	71.198	148.26	249.17	298.25	1.5062	7.0143e-05	0.072421	0.0019931	98.319	0.010171	43.979	46.580	99.069	150.02	238.02	147.67	18.665	1.4339e-05	0.043606
530.28	3.2813	539.97	0.0018520	31.376	31.850	71.280	148.31	249.66	297.27	1.5182	6.9995e-05	0.072372	0.0019779	98.681	0.010134	43.991	46.589	99.074	150.10	238.75	147.47	18.681	1.4357e-05	0.043686
530.47	3.2895	539.43	0.0018538	31.418	31.895	71.361	148.37	250.16	296.30	1.5303	6.9848e-05	0.072324	0.0019628	99.044	0.010097	44.003	46.598	99.078	150.17	239.48	147.28	18.697	1.4375e-05	0.043766
530.66	3.2976	538.88	0.0018557	31.461	31.939	71.442	148.42	250.66	295.33	1.5425	6.9702e-05	0.072276	0.0019477	99.409	0.010059	44.015	46.607	99.083	150.25	240.22	147.09	18.713	1.4393e-05	0.043846
530.85	3.3058	538.33	0.0018576	31.504	31.983	71.524	148.47	251.17	294.36	1.5548	6.9555e-05	0.072228	0.0019327	99.775	0.010023	44.027	46.615	99.087	150.32	240.96	146.89	18.729	1.4411e-05	0.043926
531.04	3.3140	537.78	0.0018595	31.546	32.028	71.605	148.53	251.68	293.39	1.5672	6.9409e-05	0.072180	0.0019177	100.14	0.0099858	44.039	46.624	99.091	150.40	241.72	146.70	18.746	1.4429e-05	0.044007
531.23	3.3221	537.23	0.0018614	31.589	32.072	71.686	148.58	252.20	292.41	1.5797	6.9262e-05	0.072133	0.0019028	100.51	0.0099492	44.051	46.632	99.095	150.47	242.48	146.51	18.762	1.4447e-05	0.044088
531.41	3.3303	536.68	0.0018633	31.631	32.116	71.767	148.63	252.72	291.44	1.5924	6.9116e-05	0.072085	0.0018879	100.88	0.0099127	44.062	46.641	99.099	150.55	243.25	146.31	18.778	1.4466e-05	0.044169
531.60	3.3385	536.13	0.0018652	31.674	32.160	71.848	148.69	253.25	290.48	1.6051	6.8970e-05	0.072038	0.0018731	101.25	0.0098764	44.074	46.649	99.103	150.62	244.02	146.12	18.795	1.4484e-05	0.044251
531.79	3.3467	535.58	0.0018671	31.716	32.204	71.929	148.74	253.78	289.51	1.6180	6.8825e-05	0.071991	0.0018584	101.62	0.0098402	44.085	46.657	99.107	150.70	244.81	145.92	18.811	1.4503e-05	0.044334
531.98	3.3548	535.02	0.0018691	31.759	32.249	72.009	148.80	254.32	288.54	1.6310	6.8679e-05	0.071945	0.0018437	102.00	0.0098041	44.096	46.666	99.110	150.78	245.60	145.73	18.828	1.4522e-05	0.044416
532.16	3.3630	534.47	0.0018710	31.801	32.293	72.090	148.85	254.86	287.57	1.6440	6.8534e-05	0.071898	0.0018290	102.37	0.0097682	44.108	46.674	99.114	150.85	246.41	145.53	18.845	1.4541e-05	0.044499
532.35	3.3712	533.91	0.0018730	31.844	32.337	72.171	148.90	255.40	286.60	1.6572	6.8389e-05	0.071852	0.0018144	102.75	0.0097324	44.119	46.682	99.117	150.93	247.22	145.34	18.861	1.4559e-05	0.044582
532.54	3.3793	533.36	0.0018749	31.886	32.381	72.251	148.96	255.96	285.64	1.6706	6.8243e-05	0.071806	0.0017998	103.13	0.0096967	44.130	46.690	99.120	151.00	248.04	145.14	18.878	1.4579e-05	0.044666
532.72	3.3875	532.80	0.0018769	31.928	32.425	72.332	149.01	256.51	284.67	1.6840	6.8099e-05	0.071760	0.0017853	103.51	0.0096612	44.141	46.697	99.123	151.08	248.86	144.95	18.895	1.4598e-05	0.044750
532.91	3.3957	532.24	0.0018789	31.971	32.469	72.412	149.06	257.08	283.70	1.6976	6.7954e-05	0.071715	0.0017709	103.89	0.0096257	44.152	46.705	99.126	151.15	249.70	144.75	18.912	1.4617e-05	0.044834
533.09	3.4038	531.68	0.0018808	32.013	32.513	72.492	149.12	257.65	282.74	1.7113	6.7809e-05	0.071670	0.0017565	104.27	0.0095905	44.163	46.713	99.129	151.23	250.55	144.55	18.929	1.4637e-05	0.044919
533.28	3.4120	531.12	0.0018828	32.055	32.557	72.573	149.17	258.22	281.77	1.7251	6.7665e-05	0.071625	0.0017421	104.65	0.0095553	44.173	46.720	99.131	151.30	251.40	144.36	18.946	1.4656e-05	0.045005
533.46	3.4202	530.56	0.0018848	32.097	32.601	72.653	149.23	258.80	280.81	1.7391	6.7520e-05	0.071580	0.0017278	105.04	0.0095203	44.184	46.727	99.134	151.38	252.27	144.16	18.963	1.4676e-05	0.045090
533.64	3.4284	529.99	0.0018868	32.139	32.645	72.733	149.28	259.39	279.85	1.7531	6.7376e-05	0.071535	0.0017136	105.43	0.0094853	44.195	46.735	99.136	151.46	253.14	143.96	18.981	1.4696e-05	0.045176
533.83	3.4365	529.43	0.0018888	32.182	32.689	72.813	149.33	259.98	278.88	1.7673	6.7232e-05	0.071491	0.0016994	105.81	0.0094506	44.205	46.742	99.138	151.53	254.02	143.77	18.998	1.4716e-05	0.045263
534.01	3.4447	528.86	0.0018908	32.224	32.733	72.893	149.39	260.58	277.92	1.7817	6.7088e-05	0.071447	0.0016852	106.20	0.0094159	44.215	46.749	99.140	151.61	254.92	143.57	19.015	1.4736e-05	0.045349
534.19	3.4529	528.30	0.0018929	32.266	32.776	72.973	149.44	261.19	276.96	1.7961	6.6944e-05	0.071403	0.0016711	106.59	0.0093814	44.226	46.756	99.142	151.68	255.82	143.37	19.032	1.4756e-05	0.045437
534.38	3.4610	527.73	0.0018949	32.308	32.820	73.053	149.50	261.80	275.99	1.8108	6.6801e-05	0.071359	0.0016571	106.99	0.0093469	44.236	46.763	99.144	151.76	256.74	143.17	19.050	1.4776e-05	0.045524
534.56	3.4692	527.16	0.0018970	32.350	32.864	73.132	149.55	262.42	275.03	1.8255	6.6657e-05	0.071316	0.0016431	107.38	0.0093126	44.246	46.770	99.145	151.83	257.66	142.98	19.067	1.4797e-05	0.045613
534.74	3.4774	526.59	0.0018990	32.392	32.908	73.212	149.60	263.04	274.07	1.8404	6.6514e-05	0.071272	0.0016291	107.78	0.0092784	44.256	46.776	99.147	151.91	258.60	142.78	19.085	1.4817e-05	0.045701
534.92	3.4856	526.02	0.0019011	32.434	32.952	73.292	149.66	263.67	273.11	1.8554	6.6371e-05	0.071229	0.0016152	108.17	0.0092444	44.266	46.783	99.148	151.99	259.55	142.58	19.102	1.4838e-05	0.045790
535.10	3.4937	525.44	0.0019032	32.476	32.996	73.371	149.71	264.31	272.15	1.8706	6.6227e-05	0.071187	0.0016013	108.57	0.0092104	44.276	46.789	99.149	152.06	260.50	142.38	19.120	1.4859e-05	0.045880
535.28	3.5019	524.87	0.0019052	32.518	33.039	73.451	149.77	264.96	271.19	1.8859	6.6084e-05	0.071144	0.0015875	108.97	0.0091766	44.286	46.796	99.150	152.14	261.47	142.18	19.138	1.4880e-05	0.045969
535.46	3.5101	524.29	0.0019073	32.560	33.083	73.530	149.82	265.61	270.23	1.9014	6.5941e-05	0.071102	0.0015738	109.38	0.0091428	44.295	46.802	99.151	152.22	262.45	141.98	19.155	1.4901e-05	0.046060
535.64	3.5182	523.72	0.0019094	32.602	33.127	73.610	149.88	266.27	269.27	1.9170	6.5798e-05	0.071060	0.0015601	109.78	0.0091092	44.305	46.808	99.152	152.29	263.44	141.78	19.173	1.4922e-05	0.046151
535.82	3.5264	523.14	0.0019115	32.644	33.171	73.689	149.93	266.94	268.31	1.9327	6.5656e-05	0.071019	0.0015464	110.18	0.0090757	44.314	46.814	99.152	152.37	264.45	141.58	19.191	1.4943e-05	0.046242
536.00	3.5346	522.56	0.0019137	32.686	33.214	73.768	149.99	267.61	267.35	1.9487	6.5513e-05	0.070977	0.0015328	110.59	0.0090423	44.324	46.820	99.153	152.44	265.46	141.38	19.209	1.4965e-05	0.046333
536.18	3.5428	521.98	0.0019158	32.728	33.258	73.847	150.04	268.29	266.40	1.9647	6.5370e-05	0.070936	0.0015192	111.00	0.0090090	44.333	46.826	99.153	152.52	266.49	141.18	19.227	1.4987e-05	0.046426
536.36	3.5509	521.39	0.0019179	32.770	33.302	73.927	150.10	268.98	265.44	1.9810	6.5228e-05	0.070895	0.0015057	111.41	0.0089758	44.342	46.832	99.153	152.60	267.53	140.98	19.245	1.5009e-05	0.046518
536.54	3.5591	520.81	0.0019201	32.812	33.345	74.006	150.15	269.68	264.48	1.9974	6.5085e-05	0.070855	0.0014923	111.82	0.0089427	44.351	46.838	99.153	152.67	268.59	140.78	19.263	1.5030e-05	0.046612
536.72	3.5673	520.23	0.0019222	32.853	33.389	74.085	150.21	270.39	263.52	2.0139	6.4943e-05	0.070814	0.0014788	112.24	0.0089098	44.360	46.843	99.152	152.75	269.66	140.58	19.281	1.5053e-05	0.046705
536.89	3.5754	519.64	0.0019244	32.895	33.433	74.164	150.26	271.10	262.57	2.0306	6.4801e-05	0.070774	0.0014655	112.65	0.0088769	44.369	46.849	99.152	152.83	270.74	140.38	19.299	1.5075e-05	0.046799
537.07	3.5836	519.05	0.0019266	32.937	33.476	74.243	150.32	271.82	261.61	2.0475	6.4658e-05	0.070735	0.0014522	113.07	0.0088441	44.378	46.854	99.151	152.90	271.83	140.18	19.317	1.5097e-05	0.046894
537.25	3.5918	518.46	0.0019288	32.979	33.520	74.322	150.37	272.55	260.65	2.0646	6.4516e-05	0.070695	0.0014389	113.49	0.0088115	44.387	46.859	99.151	152.98	272.94	139.98	19.335	1.5120e-05	0.046989
537.43	3.5999	517.87	0.0019310	33.021	33.564	74.401	150.43	273.29	259.70	2.0818	6.4374e-05	0.070656	0.0014257	113.91	0.0087789	44.396	46.864	99.150	153.06	274.06	139.78	19.353	1.5143e-05	0.047085
537.60	3.6081	517.28	0.0019332	33.062	33.607	74.480	150.48	274.04	258.74	2.0992	6.4232e-05	0.070617	0.0014125	114.33	0.0087464	44.404	46.869	99.149	153.14	275.20	139.58	19.371	1.5165e-05	0.047181
537.78	3.6163	516.68	0.0019354	33.104	33.651	74.558	150.54	274.80	257.79	2.1168	6.4090e-05	0.070578	0.0013994	114.76	0.0087141	44.413	46.874	99.147	153.21	276.35	139.38	19.390	1.5188e-05	0.047278
537.95	3.6245	516.09	0.0019377	33.146	33.694	74.637	150.59	275.57	256.83	2.1345	6.3948e-05	0.070540	0.0013863	115.18	0.0086818	44.421	46.879	99.146	153.29	277.51	139.17	19.408	1.5212e-05	0.047375
538.13	3.6326	515.49	0.0019399	33.187	33.738	74.716	150.65	276.34	255.88	2.1525	6.3807e-05	0.070502	0.0013733	115.61	0.0086496	44.429	46.884	99.144	153.37	278.70	138.97	19.426	1.5235e-05	0.047473
538.30	3.6408	514.89	0.0019422	33.229	33.781	74.794	150.71	277.13	254.92	2.1706	6.3665e-05	0.070465	0.0013603	116.04	0.0086176	44.437	46.888	99.142	153.44	279.89	138.77	19.445	1.5259e-05	0.047571
538.48	3.6490	514.29	0.0019444	33.271	33.825	74.873	150.76	277.92	253.97	2.1889	6.3523e-05	0.070427	0.0013473	116.47	0.0085856	44.445	46.893	99.141	153.52	281.11	138.57	19.463	1.5282e-05	0.047670
538.65	3.6571	513.69	0.0019467	33.313	33.869	74.952	150.82	278.73	253.01	2.2074	6.3381e-05	0.070390	0.0013345	116.91	0.0085537	44.453	46.897	99.138	153.60	282.34	138.37	19.481	1.5306e-05	0.047770
538.83	3.6653	513.08	0.0019490	33.354	33.912	75.030	150.87	279.54	252.06	2.2261	6.3240e-05	0.070353	0.0013216	117.34	0.0085219	44.461	46.901	99.136	153.68	283.58	138.16	19.500	1.5330e-05	0.047870
539.00	3.6735	512.48	0.0019513	33.396	33.956	75.109	150.93	280.37	251.11	2.2450	6.3098e-05	0.070317	0.0013088	117.78	0.0084902	44.469	46.905	99.134	153.76	284.84	137.96	19.518	1.5354e-05	0.047971
539.18	3.6817	511.87	0.0019536	33.438	33.999	75.187	150.99	281.21	250.15	2.2641	6.2957e-05	0.070281	0.0012961	118.22	0.0084586	44.477	46.909	99.131	153.83	286.13	137.76	19.537	1.5379e-05	0.048072
539.35	3.6898	511.26	0.0019559	33.479	34.043	75.266	151.04	282.05	249.20	2.2834	6.2815e-05	0.070245	0.0012834	118.66	0.0084271	44.484	46.913	99.128	153.91	287.42	137.55	19.555	1.5403e-05	0.048174
539.52	3.6980	510.65	0.0019583	33.521	34.086	75.344	151.10	282.91	248.25	2.3029	6.2673e-05	0.070210	0.0012707	119.11	0.0083957	44.492	46.917	99.125	153.99	288.74	137.35	19.574	1.5428e-05	0.048276
539.69	3.7062	510.04	0.0019606	33.562	34.130	75.423	151.16	283.78	247.29	2.3226	6.2532e-05	0.070175	0.0012581	119.56	0.0083643	44.499	46.921	99.122	154.07	290.07	137.15	19.592	1.5453e-05	0.048379
539.87	3.7143	509.42	0.0019630	33.604	34.174	75.501	151.22	284.66	246.34	2.3426	6.2390e-05	0.070140	0.0012456	120.00	0.0083331	44.506	46.924	99.119	154.15	291.43	136.94	19.611	1.5478e-05	0.048483
540.04	3.7225	508.81	0.0019654	33.646	34.217	75.579	151.27	285.56	245.39	2.3627	6.2249e-05	0.070106	0.0012331	120.45	0.0083019	44.514	46.928	99.115	154.23	292.80	136.74	19.629	1.5503e-05	0.048588
540.21	3.7307	508.19	0.0019678	33.687	34.261	75.658	151.33	286.46	244.44	2.3831	6.2107e-05	0.070072	0.0012206	120.91	0.0082708	44.521	46.931	99.112	154.31	294.19	136.53	19.648	1.5528e-05	0.048693
540.38	3.7388	507.57	0.0019702	33.729	34.304	75.736	151.39	287.38	243.48	2.4036	6.1966e-05	0.070038	0.0012082	121.36	0.0082398	44.528	46.934	99.108	154.38	295.60	136.33	19.666	1.5554e-05	0.048798
540.55	3.7470	506.95	0.0019726	33.770	34.348	75.814	151.45	288.31	242.53	2.4245	6.1824e-05	0.070005	0.0011958	121.82	0.0082089	44.534	46.937	99.104	154.46	297.04	136.12	19.685	1.5580e-05	0.048904
540.72	3.7552	506.32	0.0019750	33.812	34.391	75.892	151.50	289.25	241.58	2.4455	6.1683e-05	0.069972	0.0011835	122.28	0.0081780	44.541	46.940	99.099	154.54	298.49	135.92	19.703	1.5606e-05	0.049011
540.89	3.7634	505.70	0.0019775	33.854	34.435	75.971	151.56	290.20	240.63	2.4668	6.1541e-05	0.069940	0.0011713	122.74	0.0081473	44.548	46.943	99.095	154.62	299.96	135.71	19.722	1.5632e-05	0.049119
541.06	3.7715	505.07	0.0019799	33.895	34.478	76.049	151.62	291.17	239.68	2.4883	6.1400e-05	0.069908	0.0011590	123.20	0.0081166	44.554	46.945	99.090	154.70	301.46	135.51	19.741	1.5658e-05	0.049227
541.23	3.7797	504.44	0.0019824	33.937	34.522	76.127	151.68	292.15	238.72	2.5100	6.1258e-05	0.069876	0.0011469	123.67	0.0080860	44.561	46.948	99.086	154.78	302.98	135.30	19.759	1.5685e-05	0.049337
541.40	3.7879	503.81	0.0019849	33.978	34.566	76.205	151.74	293.15	237.77	2.5320	6.1117e-05	0.069845	0.0011347	124.14	0.0080555	44.567	46.950	99.080	154.86	304.52	135.10	19.778	1.5712e-05	0.049446
541.57	3.7960	503.17	0.0019874	34.020	34.609	76.283	151.80	294.16	236.82	2.5542	6.0975e-05	0.069814	0.0011226	124.61	0.0080250	44.573	46.953	99.075	154.94	306.09	134.89	19.796	1.5739e-05	0.049557
541.74	3.8042	502.54	0.0019899	34.062	34.653	76.361	151.86	295.19	235.87	2.5767	6.0833e-05	0.069783	0.0011106	125.08	0.0079947	44.579	46.955	99.070	155.02	307.68	134.69	19.815	1.5766e-05	0.049668
541.91	3.8124	501.90	0.0019924	34.103	34.696	76.440	151.92	296.23	234.92	2.5994	6.0692e-05	0.069753	0.0010986	125.56	0.0079644	44.585	46.957	99.064	155.10	309.29	134.48	19.833	1.5793e-05	0.049780
542.08	3.8206	501.26	0.0019950	34.145	34.740	76.518	151.97	297.28	233.97	2.6224	6.0550e-05	0.069724	0.0010867	126.04	0.0079342	44.591	46.959	99.058	155.18	310.93	134.27	19.852	1.5821e-05	0.049893
542.25	3.8287	500.62	0.0019975	34.186	34.784	76.596	152.03	298.35	233.02	2.6457	6.0408e-05	0.069695	0.0010748	126.52	0.0079040	44.597	46.961	99.052	155.27	312.59	134.07	19.870	1.5849e-05	0.050006
542.41	3.8369	499.97	0.0020001	34.228	34.827	76.674	152.09	299.44	232.06	2.6692	6.0266e-05	0.069666	0.0010629	127.00	0.0078739	44.602	46.962	99.046	155.35	314.29	133.86	19.889	1.5877e-05	0.050120
542.58	3.8451	499.32	0.0020027	34.269	34.871	76.752	152.15	300.54	231.11	2.6931	6.0124e-05	0.069638	0.0010511	127.49	0.0078439	44.608	46.964	99.040	155.43	316.00	133.65	19.907	1.5905e-05	0.050235
542.75	3.8532	498.67	0.0020053	34.311	34.915	76.830	152.21	301.66	230.16	2.7171	5.9982e-05	0.069610	0.0010394	127.98	0.0078140	44.613	46.965	99.033	155.51	317.75	133.45	19.925	1.5934e-05	0.050351
542.92	3.8614	498.02	0.0020079	34.353	34.958	76.908	152.27	302.80	229.21	2.7415	5.9840e-05	0.069583	0.0010277	128.47	0.0077841	44.619	46.966	99.026	155.59	319.52	133.24	19.944	1.5962e-05	0.050468
543.08	3.8696	497.37	0.0020106	34.394	35.002	76.986	152.34	303.95	228.26	2.7662	5.9698e-05	0.069556	0.0010160	128.96	0.0077543	44.624	46.968	99.019	155.67	321.33	133.03	19.962	1.5991e-05	0.050586
543.25	3.8778	496.71	0.0020132	34.436	35.046	77.064	152.40	305.12	227.31	2.7911	5.9556e-05	0.069530	0.0010044	129.46	0.0077246	44.629	46.969	99.012	155.76	323.16	132.83	19.980	1.6020e-05	0.050704
543.41	3.8859	496.05	0.0020159	34.478	35.089	77.143	152.46	306.31	226.36	2.8164	5.9414e-05	0.069504	0.00099283	129.96	0.0076949	44.634	46.969	99.004	155.84	325.02	132.62	19.999	1.6050e-05	0.050823
543.58	3.8941	495.39	0.0020186	34.519	35.133	77.221	152.52	307.52	225.41	2.8419	5.9272e-05	0.069478	0.00098131	130.46	0.0076653	44.639	46.970	98.997	155.92	326.92	132.41	20.017	1.6080e-05	0.050943
543.75	3.9023	494.73	0.0020213	34.561	35.177	77.299	152.58	308.75	224.45	2.8678	5.9129e-05	0.069454	0.00096984	130.96	0.0076358	44.643	46.971	98.989	156.00	328.84	132.20	20.035	1.6109e-05	0.051064
543.91	3.9104	494.06	0.0020240	34.602	35.221	77.377	152.64	310.00	223.50	2.8939	5.8987e-05	0.069429	0.00095841	131.47	0.0076063	44.648	46.971	98.981	156.09	330.80	132.00	20.053	1.6140e-05	0.051186
544.08	3.9186	493.39	0.0020268	34.644	35.265	77.455	152.71	311.27	222.55	2.9204	5.8844e-05	0.069406	0.00094703	131.98	0.0075769	44.652	46.971	98.972	156.17	332.79	131.79	20.071	1.6170e-05	0.051309
544.24	3.9268	492.72	0.0020295	34.686	35.308	77.533	152.77	312.56	221.60	2.9472	5.8701e-05	0.069383	0.00093569	132.49	0.0075475	44.657	46.972	98.964	156.25	334.82	131.58	20.089	1.6201e-05	0.051432
544.40	3.9349	492.05	0.0020323	34.728	35.352	77.611	152.83	313.87	220.65	2.9744	5.8558e-05	0.069360	0.00092441	133.01	0.0075182	44.661	46.972	98.955	156.34	336.88	131.37	20.107	1.6231e-05	0.051557
544.57	3.9431	491.37	0.0020351	34.769	35.396	77.690	152.89	315.21	219.70	3.0019	5.8416e-05	0.069338	0.00091317	133.53	0.0074890	44.665	46.971	98.946	156.42	338.98	131.16	20.125	1.6263e-05	0.051683
544.73	3.9513	490.69	0.0020379	34.811	35.440	77.768	152.96	316.56	218.74	3.0297	5.8272e-05	0.069317	0.00090197	134.05	0.0074598	44.669	46.971	98.936	156.51	341.12	130.95	20.143	1.6294e-05	0.051809
544.89	3.9595	490.01	0.0020408	34.853	35.484	77.846	153.02	317.94	217.79	3.0579	5.8129e-05	0.069296	0.00089083	134.58	0.0074307	44.672	46.971	98.927	156.59	343.29	130.74	20.160	1.6326e-05	0.051937
545.06	3.9676	489.32	0.0020436	34.895	35.528	77.924	153.09	319.34	216.84	3.0864	5.7986e-05	0.069276	0.00087972	135.11	0.0074016	44.676	46.970	98.917	156.68	345.50	130.54	20.178	1.6358e-05	0.052065
545.22	3.9758	488.64	0.0020465	34.936	35.572	78.003	153.15	320.77	215.89	3.1153	5.7842e-05	0.069256	0.00086867	135.64	0.0073726	44.680	46.969	98.907	156.76	347.76	130.33	20.196	1.6390e-05	0.052195
545.38	3.9840	487.94	0.0020494	34.978	35.616	78.081	153.21	322.22	214.93	3.1445	5.7699e-05	0.069237	0.00085766	136.17	0.0073436	44.683	46.968	98.897	156.85	350.05	130.12	20.213	1.6422e-05	0.052326
545.55	3.9921	487.25	0.0020523	35.020	35.660	78.159	153.28	323.70	213.98	3.1741	5.7555e-05	0.069219	0.00084671	136.71	0.0073147	44.686	46.967	98.886	156.93	352.39	129.91	20.230	1.6455e-05	0.052457
545.71	4.0003	486.55	0.0020553	35.062	35.704	78.238	153.34	325.21	213.03	3.2041	5.7411e-05	0.069202	0.00083579	137.25	0.0072858	44.689	46.966	98.875	157.02	354.77	129.70	20.248	1.6488e-05	0.052590
545.87	4.0085	485.85	0.0020582	35.104	35.748	78.316	153.41	326.74	212.08	3.2345	5.7267e-05	0.069185	0.00082493	137.80	0.0072570	44.692	46.965	98.864	157.11	357.19	129.49	20.265	1.6522e-05	0.052724
546.03	4.0167	485.15	0.0020612	35.146	35.792	78.395	153.48	328.30	211.12	3.2653	5.7123e-05	0.069169	0.00081411	138.35	0.0072283	44.695	46.963	98.853	157.20	359.67	129.28	20.282	1.6555e-05	0.052859
546.19	4.0248	484.44	0.0020642	35.187	35.836	78.473	153.54	329.88	210.17	3.2965	5.6978e-05	0.069153	0.00080334	138.90	0.0071996	44.698	46.961	98.841	157.28	362.19	129.07	20.299	1.6589e-05	0.052995
546.35	4.0330	483.73	0.0020673	35.229	35.881	78.552	153.61	331.50	209.22	3.3281	5.6833e-05	0.069139	0.00079261	139.45	0.0071709	44.701	46.960	98.830	157.37	364.76	128.86	20.316	1.6624e-05	0.053133
546.51	4.0412	483.02	0.0020703	35.271	35.925	78.630	153.68	333.15	208.26	3.3602	5.6689e-05	0.069125	0.00078193	140.01	0.0071423	44.703	46.958	98.817	157.46	367.38	128.65	20.332	1.6658e-05	0.053271
546.67	4.0493	482.31	0.0020734	35.313	35.969	78.709	153.74	334.83	207.31	3.3926	5.6544e-05	0.069112	0.00077130	140.57	0.0071137	44.705	46.955	98.805	157.55	370.05	128.44	20.349	1.6693e-05	0.053411
546.83	4.0575	481.59	0.0020765	35.355	36.014	78.787	153.81	336.54	206.35	3.4255	5.6398e-05	0.069099	0.00076072	141.14	0.0070851	44.707	46.953	98.792	157.64	372.77	128.23	20.365	1.6728e-05	0.053552
546.99	4.0657	480.86	0.0020796	35.397	36.058	78.866	153.88	338.29	205.40	3.4588	5.6253e-05	0.069088	0.00075018	141.71	0.0070566	44.709	46.950	98.780	157.73	375.55	128.02	20.382	1.6764e-05	0.053695
547.15	4.0739	480.14	0.0020827	35.440	36.102	78.945	153.95	340.07	204.44	3.4926	5.6107e-05	0.069077	0.00073969	142.28	0.0070282	44.711	46.948	98.766	157.82	378.39	127.81	20.398	1.6800e-05	0.053838
547.31	4.0820	479.41	0.0020859	35.482	36.147	79.024	154.02	341.88	203.49	3.5268	5.5961e-05	0.069067	0.00072925	142.86	0.0069998	44.713	46.945	98.753	157.91	381.28	127.60	20.414	1.6836e-05	0.053983
547.47	4.0902	478.67	0.0020891	35.524	36.191	79.103	154.09	343.73	202.53	3.5615	5.5815e-05	0.069058	0.00071886	143.44	0.0069714	44.714	46.942	98.739	158.00	384.24	127.39	20.430	1.6873e-05	0.054130
547.63	4.0984	477.94	0.0020923	35.566	36.236	79.182	154.16	345.62	201.57	3.5967	5.5668e-05	0.069050	0.00070851	144.03	0.0069430	44.716	46.938	98.725	158.09	387.25	127.17	20.446	1.6909e-05	0.054277
547.79	4.1065	477.20	0.0020956	35.608	36.281	79.261	154.23	347.55	200.62	3.6324	5.5522e-05	0.069043	0.00069821	144.62	0.0069147	44.717	46.935	98.711	158.18	390.33	126.96	20.461	1.6947e-05	0.054426
547.94	4.1147	476.45	0.0020989	35.651	36.325	79.340	154.30	349.51	199.66	3.6686	5.5375e-05	0.069037	0.00068796	145.21	0.0068864	44.718	46.931	98.696	158.27	393.48	126.75	20.477	1.6984e-05	0.054577
548.10	4.1229	475.70	0.0021022	35.693	36.370	79.419	154.37	351.52	198.70	3.7053	5.5228e-05	0.069032	0.00067775	145.81	0.0068582	44.719	46.928	98.681	158.37	396.70	126.54	20.492	1.7022e-05	0.054729
548.26	4.1310	474.95	0.0021055	35.735	36.415	79.498	154.45	353.57	197.74	3.7425	5.5080e-05	0.069028	0.00066760	146.41	0.0068300	44.720	46.924	98.666	158.46	399.98	126.33	20.507	1.7061e-05	0.054883
548.42	4.1392	474.19	0.0021088	35.778	36.460	79.577	154.52	355.67	196.79	3.7802	5.4932e-05	0.069025	0.00065749	147.02	0.0068018	44.720	46.919	98.650	158.55	403.34	126.12	20.522	1.7099e-05	0.055038
548.57	4.1474	473.43	0.0021122	35.820	36.504	79.657	154.59	357.80	195.83	3.8185	5.4784e-05	0.069022	0.00064743	147.63	0.0067737	44.721	46.915	98.634	158.65	406.77	125.91	20.536	1.7139e-05	0.055194
548.73	4.1556	472.67	0.0021156	35.863	36.549	79.736	154.67	359.99	194.87	3.8574	5.4636e-05	0.069021	0.00063742	148.25	0.0067455	44.721	46.910	98.618	158.74	410.28	125.70	20.551	1.7178e-05	0.055353
548.89	4.1637	471.90	0.0021191	35.905	36.594	79.816	154.74	362.23	193.91	3.8968	5.4487e-05	0.069022	0.00062745	148.87	0.0067174	44.721	46.906	98.602	158.84	413.87	125.48	20.565	1.7218e-05	0.055513
549.04	4.1719	471.13	0.0021226	35.948	36.639	79.896	154.81	364.51	192.95	3.9367	5.4338e-05	0.069023	0.00061754	149.49	0.0066894	44.721	46.901	98.585	158.93	417.55	125.27	20.579	1.7258e-05	0.055674
549.20	4.1801	470.35	0.0021261	35.990	36.685	79.975	154.89	366.85	191.99	3.9773	5.4189e-05	0.069025	0.00060767	150.12	0.0066613	44.720	46.895	98.568	159.03	421.31	125.06	20.593	1.7299e-05	0.055838
549.35	4.1882	469.57	0.0021296	36.033	36.730	80.055	154.97	369.24	191.02	4.0185	5.4039e-05	0.069029	0.00059785	150.75	0.0066333	44.720	46.890	98.550	159.13	425.16	124.85	20.606	1.7340e-05	0.056003
549.51	4.1964	468.78	0.0021332	36.076	36.775	80.135	155.04	371.69	190.06	4.0603	5.3889e-05	0.069034	0.00058808	151.39	0.0066053	44.719	46.884	98.532	159.23	429.10	124.64	20.619	1.7382e-05	0.056170
549.66	4.2046	467.99	0.0021368	36.119	36.821	80.215	155.12	374.19	189.10	4.1027	5.3738e-05	0.069040	0.00057836	152.04	0.0065773	44.718	46.879	98.514	159.32	433.13	124.42	20.632	1.7424e-05	0.056338
549.82	4.2128	467.19	0.0021404	36.162	36.866	80.295	155.20	376.75	188.14	4.1457	5.3587e-05	0.069047	0.00056868	152.69	0.0065493	44.717	46.873	98.495	159.42	437.27	124.21	20.645	1.7466e-05	0.056509
549.97	4.2209	466.39	0.0021441	36.205	36.912	80.376	155.28	379.38	187.17	4.1895	5.3436e-05	0.069056	0.00055906	153.34	0.0065214	44.716	46.866	98.476	159.52	441.50	124.00	20.657	1.7509e-05	0.056682
550.13	4.2291	465.59	0.0021478	36.248	36.957	80.456	155.36	382.07	186.21	4.2338	5.3284e-05	0.069067	0.00054948	154.00	0.0064934	44.715	46.860	98.457	159.62	445.85	123.79	20.670	1.7553e-05	0.056856
550.28	4.2373	464.78	0.0021516	36.291	37.003	80.537	155.44	384.83	185.24	4.2789	5.3132e-05	0.069078	0.00053996	154.67	0.0064655	44.713	46.853	98.437	159.72	450.30	123.57	20.681	1.7597e-05	0.057033
550.44	4.2454	463.96	0.0021554	36.334	37.049	80.617	155.52	387.65	184.28	4.3247	5.2980e-05	0.069091	0.00053048	155.34	0.0064376	44.711	46.846	98.417	159.83	454.87	123.36	20.693	1.7641e-05	0.057212
550.59	4.2536	463.14	0.0021592	36.377	37.094	80.698	155.60	390.55	183.31	4.3712	5.2827e-05	0.069106	0.00052106	156.01	0.0064096	44.709	46.839	98.397	159.93	459.55	123.15	20.704	1.7686e-05	0.057393
550.74	4.2618	462.31	0.0021630	36.420	37.140	80.779	155.68	393.52	182.34	4.4184	5.2673e-05	0.069122	0.00051168	156.70	0.0063817	44.707	46.832	98.376	160.03	464.36	122.94	20.715	1.7731e-05	0.057576
550.89	4.2700	461.48	0.0021669	36.464	37.186	80.860	155.77	396.57	181.37	4.4664	5.2519e-05	0.069140	0.00050235	157.38	0.0063538	44.705	46.824	98.354	160.14	469.30	122.72	20.726	1.7777e-05	0.057762
551.05	4.2781	460.64	0.0021709	36.507	37.233	80.942	155.85	399.70	180.40	4.5152	5.2365e-05	0.069160	0.00049307	158.08	0.0063260	44.702	46.816	98.333	160.24	474.37	122.51	20.736	1.7824e-05	0.057950
551.20	4.2863	459.80	0.0021749	36.551	37.279	81.023	155.94	402.92	179.43	4.5647	5.2210e-05	0.069181	0.00048385	158.78	0.0062981	44.699	46.808	98.311	160.35	479.58	122.30	20.746	1.7871e-05	0.058140
551.35	4.2945	458.95	0.0021789	36.594	37.325	81.105	156.02	406.22	178.46	4.6151	5.2055e-05	0.069204	0.00047467	159.49	0.0062702	44.696	46.799	98.288	160.46	484.93	122.08	20.755	1.7918e-05	0.058333
551.50	4.3026	458.10	0.0021829	36.638	37.372	81.186	156.11	409.61	177.49	4.6663	5.1899e-05	0.069229	0.00046555	160.20	0.0062423	44.693	46.791	98.265	160.56	490.43	121.87	20.764	1.7966e-05	0.058528
551.66	4.3108	457.24	0.0021871	36.682	37.418	81.268	156.20	413.10	176.52	4.7183	5.1742e-05	0.069256	0.00045647	160.92	0.0062144	44.689	46.782	98.242	160.67	496.09	121.66	20.773	1.8015e-05	0.058726
551.81	4.3190	456.37	0.0021912	36.726	37.465	81.350	156.29	416.69	175.55	4.7712	5.1585e-05	0.069285	0.00044745	161.64	0.0061865	44.685	46.773	98.218	160.78	501.92	121.45	20.781	1.8064e-05	0.058927
551.96	4.3271	455.49	0.0021954	36.770	37.512	81.433	156.38	420.38	174.57	4.8250	5.1428e-05	0.069316	0.00043848	162.38	0.0061585	44.681	46.763	98.193	160.89	507.91	121.23	20.789	1.8114e-05	0.059130
552.11	4.3353	454.61	0.0021997	36.814	37.559	81.515	156.47	424.18	173.60	4.8797	5.1269e-05	0.069348	0.00042956	163.12	0.0061306	44.677	46.753	98.169	161.01	514.08	121.02	20.797	1.8165e-05	0.059337
552.26	4.3435	453.73	0.0022040	36.858	37.606	81.598	156.56	428.10	172.62	4.9354	5.1111e-05	0.069383	0.00042069	163.86	0.0061027	44.673	46.743	98.143	161.12	520.44	120.80	20.804	1.8216e-05	0.059546
552.41	4.3517	452.83	0.0022083	36.902	37.653	81.681	156.66	432.13	171.64	4.9920	5.0951e-05	0.069421	0.00041187	164.62	0.0060747	44.668	46.733	98.118	161.23	526.99	120.59	20.810	1.8268e-05	0.059759
552.56	4.3598	451.93	0.0022127	36.947	37.700	81.764	156.75	436.28	170.66	5.0496	5.0791e-05	0.069460	0.00040311	165.38	0.0060468	44.663	46.722	98.091	161.35	533.74	120.38	20.816	1.8320e-05	0.059975
552.71	4.3680	451.03	0.0022172	36.991	37.748	81.847	156.85	440.57	169.68	5.1082	5.0630e-05	0.069502	0.00039440	166.15	0.0060188	44.658	46.711	98.065	161.46	540.71	120.16	20.822	1.8373e-05	0.060194
552.86	4.3762	450.11	0.0022217	37.036	37.795	81.931	156.95	444.99	168.70	5.1678	5.0468e-05	0.069547	0.00038574	166.92	0.0059907	44.652	46.700	98.037	161.58	547.90	119.95	20.827	1.8427e-05	0.060416
553.01	4.3843	449.19	0.0022262	37.081	37.843	82.014	157.04	449.56	167.72	5.2285	5.0306e-05	0.069594	0.00037714	167.71	0.0059627	44.646	46.688	98.009	161.70	555.32	119.74	20.831	1.8482e-05	0.060642
553.16	4.3925	448.26	0.0022309	37.126	37.891	82.098	157.14	454.27	166.74	5.2903	5.0143e-05	0.069643	0.00036858	168.50	0.0059346	44.640	46.677	97.981	161.82	562.98	119.52	20.835	1.8537e-05	0.060872
553.31	4.4007	447.32	0.0022355	37.171	37.939	82.183	157.25	459.14	165.75	5.3533	4.9979e-05	0.069695	0.00036009	169.30	0.0059065	44.634	46.664	97.952	161.94	570.90	119.31	20.838	1.8593e-05	0.061105
553.45	4.4089	446.37	0.0022403	37.216	37.987	82.267	157.35	464.18	164.77	5.4173	4.9815e-05	0.069751	0.00035164	170.11	0.0058784	44.627	46.652	97.923	162.07	579.09	119.09	20.841	1.8650e-05	0.061343
553.60	4.4170	445.42	0.0022451	37.261	38.036	82.352	157.45	469.39	163.78	5.4826	4.9649e-05	0.069809	0.00034325	170.93	0.0058502	44.620	46.639	97.893	162.19	587.57	118.88	20.843	1.8708e-05	0.061584
553.75	4.4252	444.45	0.0022500	37.306	38.084	82.437	157.56	474.78	162.79	5.5491	4.9483e-05	0.069870	0.00033492	171.76	0.0058220	44.613	46.626	97.862	162.32	596.34	118.66	20.845	1.8766e-05	0.061830
553.90	4.4334	443.48	0.0022549	37.352	38.133	82.523	157.67	480.36	161.80	5.6168	4.9316e-05	0.069934	0.00032664	172.60	0.0057938	44.606	46.612	97.831	162.44	605.42	118.45	20.845	1.8825e-05	0.062080
554.05	4.4415	442.50	0.0022599	37.398	38.182	82.608	157.77	486.15	160.81	5.6859	4.9148e-05	0.070002	0.00031842	173.45	0.0057655	44.598	46.598	97.799	162.57	614.84	118.24	20.846	1.8885e-05	0.062335
554.19	4.4497	441.51	0.0022650	37.444	38.231	82.694	157.88	492.16	159.82	5.7562	4.8979e-05	0.070073	0.00031025	174.30	0.0057371	44.590	46.584	97.766	162.70	624.60	118.02	20.845	1.8947e-05	0.062594
554.34	4.4579	440.51	0.0022701	37.490	38.280	82.781	158.00	498.39	158.83	5.8279	4.8809e-05	0.070147	0.00030214	175.17	0.0057087	44.581	46.569	97.733	162.83	634.74	117.81	20.844	1.9008e-05	0.062858
554.49	4.4661	439.50	0.0022753	37.536	38.330	82.867	158.11	504.86	157.83	5.9011	4.8638e-05	0.070225	0.00029409	176.05	0.0056803	44.572	46.554	97.699	162.97	645.26	117.59	20.842	1.9071e-05	0.063128
554.63	4.4742	438.48	0.0022806	37.583	38.380	82.954	158.23	511.59	156.83	5.9756	4.8466e-05	0.070307	0.00028610	176.94	0.0056517	44.563	46.538	97.665	163.10	656.19	117.38	20.839	1.9135e-05	0.063403
554.78	4.4824	437.45	0.0022860	37.629	38.430	83.042	158.35	518.59	155.83	6.0517	4.8293e-05	0.070393	0.00027816	177.84	0.0056231	44.554	46.522	97.629	163.24	667.56	117.16	20.836	1.9200e-05	0.063683
554.92	4.4906	436.40	0.0022915	37.676	38.480	83.130	158.47	525.87	154.83	6.1293	4.8118e-05	0.070483	0.00027028	178.75	0.0055945	44.544	46.506	97.593	163.38	679.39	116.94	20.831	1.9266e-05	0.063970
555.07	4.4987	435.35	0.0022970	37.723	38.530	83.218	158.59	533.46	153.83	6.2085	4.7943e-05	0.070577	0.00026246	179.67	0.0055657	44.533	46.489	97.557	163.52	691.71	116.73	20.826	1.9333e-05	0.064262
555.22	4.5069	434.29	0.0023026	37.770	38.581	83.307	158.71	541.37	152.83	6.2893	4.7766e-05	0.070676	0.00025470	180.61	0.0055369	44.523	46.472	97.519	163.67	704.55	116.51	20.820	1.9401e-05	0.064561
555.36	4.5151	433.21	0.0023084	37.818	38.632	83.396	158.84	549.63	151.82	6.3718	4.7588e-05	0.070779	0.00024700	181.55	0.0055080	44.511	46.454	97.481	163.81	717.94	116.30	20.813	1.9471e-05	0.064867
555.51	4.5232	432.12	0.0023142	37.865	38.683	83.485	158.97	558.26	150.81	6.4561	4.7409e-05	0.070887	0.00023936	182.51	0.0054790	44.500	46.436	97.442	163.96	731.93	116.08	20.805	1.9541e-05	0.065180
555.65	4.5314	431.02	0.0023201	37.913	38.734	83.575	159.10	567.28	149.80	6.5421	4.7229e-05	0.071000	0.00023178	183.49	0.0054499	44.488	46.417	97.402	164.11	746.54	115.86	20.796	1.9613e-05	0.065500
555.79	4.5396	429.90	0.0023261	37.961	38.786	83.666	159.24	576.72	148.79	6.6300	4.7047e-05	0.071119	0.00022427	184.48	0.0054207	44.476	46.398	97.361	164.27	761.83	115.65	20.786	1.9686e-05	0.065828
555.94	4.5478	428.77	0.0023322	38.010	38.838	83.757	159.38	586.62	147.78	6.7199	4.6863e-05	0.071243	0.00021682	185.48	0.0053914	44.463	46.378	97.319	164.42	777.83	115.43	20.775	1.9760e-05	0.066164
556.08	4.5559	427.63	0.0023385	38.059	38.891	83.848	159.52	597.00	146.76	6.8117	4.6678e-05	0.071373	0.00020943	186.50	0.0053620	44.450	46.358	97.276	164.58	794.61	115.21	20.763	1.9836e-05	0.066509
556.23	4.5641	426.47	0.0023448	38.108	38.943	83.941	159.66	607.90	145.75	6.9055	4.6492e-05	0.071509	0.00020210	187.53	0.0053325	44.436	46.337	97.232	164.74	812.22	114.99	20.750	1.9913e-05	0.066863
556.37	4.5723	425.30	0.0023513	38.157	38.997	84.033	159.81	619.37	144.73	7.0015	4.6303e-05	0.071651	0.00019485	188.58	0.0053028	44.421	46.315	97.188	164.91	830.71	114.77	20.735	1.9991e-05	0.067226
556.51	4.5804	424.11	0.0023579	38.206	39.050	84.127	159.96	631.44	143.70	7.0997	4.6113e-05	0.071800	0.00018765	189.65	0.0052730	44.407	46.293	97.142	165.07	850.16	114.55	20.720	2.0071e-05	0.067600
556.65	4.5886	422.90	0.0023646	38.256	39.104	84.221	160.11	644.17	142.68	7.2001	4.5922e-05	0.071957	0.00018053	190.73	0.0052430	44.391	46.271	97.095	165.24	870.65	114.33	20.703	2.0153e-05	0.067984
556.80	4.5968	421.67	0.0023715	38.307	39.158	84.315	160.27	657.60	141.65	7.3029	4.5728e-05	0.072121	0.00017347	191.83	0.0052129	44.375	46.247	97.047	165.42	892.25	114.11	20.685	2.0237e-05	0.068380
556.94	4.6050	420.43	0.0023785	38.357	39.213	84.411	160.43	671.81	140.62	7.4082	4.5532e-05	0.072292	0.00016648	192.95	0.0051826	44.359	46.223	96.998	165.59	915.06	113.89	20.665	2.0322e-05	0.068788
557.08	4.6131	419.17	0.0023857	38.408	39.268	84.507	160.59	686.86	139.59	7.5160	4.5334e-05	0.072473	0.00015956	194.09	0.0051522	44.342	46.198	96.948	165.78	939.19	113.67	20.644	2.0409e-05	0.069210
557.22	4.6213	417.89	0.0023930	38.459	39.323	84.604	160.76	702.82	138.55	7.6264	4.5134e-05	0.072662	0.00015272	195.25	0.0051215	44.324	46.173	96.896	165.96	964.74	113.45	20.622	2.0498e-05	0.069645
557.37	4.6295	416.58	0.0024005	38.511	39.379	84.702	160.94	719.79	137.51	7.7396	4.4932e-05	0.072861	0.00014594	196.44	0.0050907	44.306	46.147	96.843	166.15	991.85	113.23	20.598	2.0589e-05	0.070094
557.51	4.6376	415.26	0.0024081	38.563	39.436	84.800	161.12	737.85	136.47	7.8556	4.4727e-05	0.073070	0.00013924	197.64	0.0050597	44.287	46.119	96.789	166.34	1020.7	113.01	20.572	2.0682e-05	0.070560
557.65	4.6458	413.91	0.0024160	38.616	39.493	84.900	161.30	757.11	135.43	7.9746	4.4520e-05	0.073289	0.00013262	198.87	0.0050284	44.267	46.092	96.733	166.54	1051.3	112.78	20.544	2.0777e-05	0.071043
557.79	4.6540	412.54	0.0024240	38.669	39.551	85.000	161.49	777.71	134.38	8.0967	4.4310e-05	0.073521	0.00012607	200.13	0.0049969	44.246	46.063	96.675	166.74	1084.1	112.56	20.515	2.0874e-05	0.071544
557.93	4.6622	411.14	0.0024322	38.723	39.609	85.102	161.68	799.78	133.33	8.2219	4.4097e-05	0.073765	0.00011960	201.41	0.0049651	44.225	46.033	96.616	166.95	1119.1	112.33	20.484	2.0974e-05	0.072064
558.07	4.6703	409.72	0.0024407	38.777	39.668	85.205	161.88	823.48	132.28	8.3506	4.3882e-05	0.074023	0.00011321	202.72	0.0049330	44.203	46.002	96.556	167.16	1156.6	112.10	20.451	2.1077e-05	0.072606
558.21	4.6785	408.27	0.0024494	38.832	39.727	85.309	162.09	849.00	131.22	8.4827	4.3663e-05	0.074295	0.00010690	204.05	0.0049007	44.180	45.971	96.493	167.38	1196.9	111.87	20.416	2.1182e-05	0.073171
558.35	4.6867	406.78	0.0024583	38.888	39.788	85.414	162.30	876.56	130.16	8.6185	4.3440e-05	0.074584	0.00010067	205.42	0.0048680	44.156	45.938	96.429	167.60	1240.2	111.64	20.379	2.1291e-05	0.073762
558.49	4.6948	405.27	0.0024675	38.944	39.849	85.520	162.53	906.40	129.10	8.7582	4.3214e-05	0.074890	9.4537e-05	206.82	0.0048350	44.131	45.904	96.363	167.83	1287.1	111.41	20.339	2.1402e-05	0.074380
558.63	4.7030	403.72	0.0024770	39.001	39.910	85.628	162.75	938.82	128.03	8.9018	4.2984e-05	0.075215	8.8487e-05	208.26	0.0048017	44.105	45.869	96.294	168.07	1337.8	111.18	20.297	2.1517e-05	0.075028
558.77	4.7112	402.13	0.0024868	39.058	39.973	85.738	162.99	974.15	126.96	9.0497	4.2750e-05	0.075562	8.2528e-05	209.74	0.0047679	44.078	45.832	96.224	168.31	1392.9	110.94	20.253	2.1635e-05	0.075709
558.91	4.7193	400.51	0.0024968	39.116	40.037	85.849	163.24	1012.8	125.88	9.2019	4.2512e-05	0.075932	7.6663e-05	211.25	0.0047337	44.050	45.795	96.151	168.56	1453.0	110.71	20.206	2.1757e-05	0.076426
559.04	4.7275	398.84	0.0025073	39.176	40.102	85.962	163.49	1055.3	124.80	9.3589	4.2269e-05	0.076328	7.0894e-05	212.81	0.0046991	44.020	45.755	96.075	168.82	1518.8	110.47	20.155	2.1883e-05	0.077184
559.18	4.7357	397.13	0.0025181	39.236	40.168	86.077	163.76	1102.2	123.72	9.5207	4.2020e-05	0.076753	6.5226e-05	214.41	0.0046639	43.989	45.714	95.997	169.08	1591.1	110.22	20.102	2.2014e-05	0.077987
559.32	4.7439	395.36	0.0025293	39.297	40.235	86.194	164.04	1154.1	122.63	9.6876	4.1766e-05	0.077212	5.9660e-05	216.06	0.0046282	43.957	45.672	95.915	169.36	1671.0	109.98	20.046	2.2149e-05	0.078840
559.46	4.7520	393.55	0.0025410	39.360	40.303	86.313	164.32	1212.0	121.54	9.8601	4.1506e-05	0.077708	5.4203e-05	217.77	0.0045920	43.923	45.628	95.831	169.64	1759.5	109.73	19.986	2.2289e-05	0.079750
559.59	4.7602	391.68	0.0025531	39.423	40.373	86.435	164.63	1277.0	120.44	10.038	4.1240e-05	0.078246	4.8857e-05	219.54	0.0045550	43.888	45.581	95.743	169.94	1858.4	109.48	19.922	2.2435e-05	0.080724
559.73	4.7684	389.74	0.0025658	39.488	40.444	86.560	164.94	1350.3	119.34	10.223	4.0966e-05	0.078834	4.3628e-05	221.37	0.0045173	43.850	45.533	95.651	170.25	1969.3	109.22	19.854	2.2587e-05	0.081772
559.87	4.7765	387.74	0.0025791	39.555	40.517	86.687	165.28	1433.6	118.23	10.414	4.0684e-05	0.079480	3.8522e-05	223.27	0.0044789	43.811	45.482	95.555	170.56	2094.8	108.96	19.782	2.2746e-05	0.082904
560.01	4.7847	385.65	0.0025930	39.623	40.592	86.818	165.63	1529.1	117.12	10.611	4.0393e-05	0.080193	3.3545e-05	225.25	0.0044395	43.769	45.428	95.454	170.90	2237.7	108.69	19.705	2.2912e-05	0.084134
560.14	4.7929	383.49	0.0026077	39.693	40.669	86.953	166.00	1639.6	116.00	10.817	4.0093e-05	0.080985	2.8705e-05	227.32	0.0043992	43.725	45.372	95.348	171.24	2401.9	108.42	19.622	2.3087e-05	0.085478
560.28	4.8011	381.22	0.0026231	39.765	40.749	87.092	166.39	1768.9	114.88	11.030	3.9781e-05	0.081874	2.4009e-05	229.48	0.0043577	43.678	45.312	95.237	171.60	2592.6	108.14	19.534	2.3271e-05	0.086957
560.41	4.8092	378.85	0.0026396	39.840	40.832	87.237	166.81	1921.9	113.75	11.253	3.9457e-05	0.082880	1.9469e-05	231.76	0.0043149	43.628	45.249	95.119	171.98	2816.5	107.85	19.439	2.3466e-05	0.088600
560.55	4.8174	376.35	0.0026571	39.917	40.917	87.387	167.25	2105.6	112.61	11.485	3.9119e-05	0.084031	1.5096e-05	234.16	0.0042706	43.574	45.182	94.994	172.38	3083.0	107.55	19.336	2.3674e-05	0.090441
560.68	4.8256	373.70	0.0026759	39.998	41.007	87.543	167.73	2330.0	111.47	11.727	3.8763e-05	0.085364	1.0903e-05	236.70	0.0042247	43.517	45.109	94.860	172.80	3405.5	107.24	19.225	2.3895e-05	0.092528
560.82	4.8337	370.89	0.0026963	40.083	41.101	87.707	168.24	2609.8	110.32	11.981	3.8389e-05	0.086933	6.9098e-06	239.42	0.0041767	43.454	45.031	94.716	173.25	3803.2	106.92	19.105	2.4133e-05	0.094926
560.95	4.8419	367.86	0.0027184	40.172	41.200	87.881	168.80	2967.4	109.17	12.249	3.7990e-05	0.088815	3.1373e-06	242.35	0.0041263	43.386	44.947	94.561	173.72	4305.4	106.58	18.973	2.4392e-05	0.097729
561.09	4.8501	364.59	0.0027428	40.266	41.305	88.066	169.41	3438.9	108.01	12.531	3.7564e-05	0.091125	-3.8582e-07	245.52	0.0040729	43.311	44.854	94.391	174.22	4958.6	106.21	18.828	2.4675e-05	0.10107
561.22	4.8583	361.01	0.0027700	40.368	41.419	88.266	170.09	4085.9	106.85	12.832	3.7101e-05	0.094046	-3.6212e-06	249.01	0.0040159	43.228	44.752	94.204	174.76	5841.0	105.82	18.667	2.4989e-05	0.10518
561.36	4.8664	357.02	0.0028010	40.479	41.544	88.485	170.84	5022.7	105.68	13.154	3.6592e-05	0.097890	-6.5152e-06	252.91	0.0039540	43.133	44.636	93.993	175.34	7095.7	105.40	18.484	2.5344e-05	0.11040
561.49	4.8746	352.48	0.0028371	40.603	41.684	88.731	171.70	6485.3	104.51	13.503	3.6020e-05	0.10324	-8.9873e-06	257.36	0.0038856	43.023	44.502	93.751	175.97	9012.2	104.92	18.274	2.5754e-05	0.11739
561.62	4.8828	347.12	0.0028809	40.746	41.845	89.015	172.71	9044.7	103.35	13.889	3.5356e-05	0.11132	-1.0905e-05	262.63	0.0038077	42.891	44.344	93.464	176.66	12277.	104.37	18.025	2.6246e-05	0.12751
561.76	4.8909	340.43	0.0029374	40.921	42.043	89.364	173.93	14489.	102.22	14.332	3.4544e-05	0.12541	-1.2015e-05	269.22	0.0037145	42.725	44.144	93.103	177.42	18986.	103.70	17.715	2.6874e-05	0.14425
561.89	4.8991	331.04	0.0030208	41.160	42.316	89.846	undefined	undefined	undefined	14.883	3.3430e-05	undefined	-1.1664e-05	278.51	0.0035905	42.487	43.861	92.596	undefined	undefined	undefined	17.285	2.7780e-05	undefined
562.02	4.9073	304.71	0.0032818	41.819	43.077	91.197	undefined	undefined	undefined	0.0000	3.0482e-05	undefined	0.0000	304.71	0.0032818	41.819	43.077	91.197	undefined	undefined	undefined	0.0000	3.0482e-05	undefined
