Temperature (K)	Pressure (MPa)	Density (l, kg/m3)	Volume (l, m3/kg)	Internal Energy (l, kJ/mol)	Enthalpy (l, kJ/mol)	Entropy (l, J/mol*K)	Cv (l, J/mol*K)	Cp (l, J/mol*K)	Sound Spd. (l, m/s)	Joule-Thomson (l, K/MPa)	Viscosity (l, Pa*s)	Therm. Cond. (l, W/m*K)	Surf. Tension (l, N/m)	Density (v, kg/m3)	Volume (v, m3/kg)	Internal Energy (v, kJ/mol)	Enthalpy (v, kJ/mol)	Entropy (v, J/mol*K)	Cv (v, J/mol*K)	Cp (v, J/mol*K)	Sound Spd. (v, m/s)	Joule-Thomson (v, K/MPa)	Viscosity (v, Pa*s)	Therm. Cond. (v, W/m*K)
68.157	0.015530	849.55	0.0011771	-0.81173	-0.81122	-10.822	35.352	60.430	998.22	-0.36907	undefined	undefined	0.012447	0.77577	1.2890	5.1251	5.6858	84.502	21.089	29.785	167.25	40.808	undefined	undefined
70.081	0.021327	841.77	0.0011880	-0.69577	-0.69506	-9.1443	34.782	60.218	979.72	-0.36536	0.00026598	0.16165	0.012023	1.0391	0.96241	5.1615	5.7364	82.628	21.158	29.955	169.31	38.327	4.6410e-06	0.0058997
71.623	0.027125	835.48	0.0011969	-0.60310	-0.60220	-7.8363	34.350	60.090	964.86	-0.36172	0.00024783	0.15876	0.011685	1.2964	0.77134	5.1902	5.7762	81.220	21.222	30.112	170.89	36.539	4.7505e-06	0.0060460
72.921	0.032922	830.14	0.0012046	-0.52521	-0.52409	-6.7583	34.003	60.009	952.32	-0.35818	0.00023396	0.15634	0.011401	1.5493	0.64544	5.2140	5.8092	80.092	21.280	30.259	172.18	35.154	4.8434e-06	0.0061709
74.050	0.038720	825.47	0.0012114	-0.45758	-0.45627	-5.8380	33.712	59.959	941.41	-0.35473	0.00022285	0.15424	0.011154	1.7986	0.55599	5.2343	5.8373	79.153	21.336	30.400	173.27	34.032	4.9249e-06	0.0062806
75.053	0.044517	821.30	0.0012176	-0.39756	-0.39604	-5.0328	33.461	59.931	931.69	-0.35138	0.00021364	0.15237	0.010936	2.0449	0.48903	5.2522	5.8619	78.348	21.388	30.535	174.21	33.092	4.9978e-06	0.0063792
75.958	0.050315	817.51	0.0012232	-0.34341	-0.34168	-4.3155	33.242	59.917	922.90	-0.34810	0.00020581	0.15070	0.010740	2.2886	0.43695	5.2680	5.8838	77.645	21.439	30.666	175.03	32.286	5.0640e-06	0.0064691
76.785	0.056112	814.03	0.0012284	-0.29395	-0.29202	-3.6677	33.046	59.915	914.86	-0.34490	0.00019905	0.14917	0.010561	2.5301	0.39524	5.2824	5.9036	77.020	21.487	30.793	175.76	31.584	5.1249e-06	0.0065520
77.548	0.061910	810.81	0.0012333	-0.24832	-0.24618	-3.0764	32.870	59.922	907.43	-0.34176	0.00019310	0.14777	0.010396	2.7697	0.36105	5.2954	5.9215	76.458	21.534	30.917	176.42	30.962	5.1814e-06	0.0066292
78.257	0.067707	807.79	0.0012379	-0.20590	-0.20355	-2.5317	32.710	59.936	900.50	-0.33867	0.00018782	0.14646	0.010243	3.0076	0.33249	5.3074	5.9380	75.947	21.580	31.038	177.01	30.405	5.2342e-06	0.0067016
78.921	0.073504	804.96	0.0012423	-0.16620	-0.16364	-2.0264	32.563	59.956	894.01	-0.33565	0.00018307	0.14524	0.010101	3.2440	0.30826	5.3185	5.9532	75.479	21.624	31.156	177.56	29.901	5.2840e-06	0.0067700
79.545	0.079302	802.28	0.0012464	-0.12884	-0.12607	-1.5548	32.427	59.981	887.90	-0.33267	0.00017877	0.14410	0.0099664	3.4790	0.28744	5.3288	5.9673	75.048	21.667	31.272	178.06	29.442	5.3310e-06	0.0068348
80.136	0.085099	799.74	0.0012504	-0.093522	-0.090542	-1.1123	32.300	60.009	882.11	-0.32973	0.00017484	0.14301	0.0098398	3.7127	0.26934	5.3385	5.9805	74.647	21.709	31.387	178.52	29.020	5.3756e-06	0.0068966
80.696	0.090897	797.31	0.0012542	-0.059995	-0.056802	-0.69530	32.182	60.041	876.60	-0.32683	0.00017124	0.14198	0.0097199	3.9454	0.25346	5.3475	5.9928	74.273	21.750	31.499	178.95	28.631	5.4182e-06	0.0069556
81.229	0.096694	794.99	0.0012579	-0.028059	-0.024652	-0.30072	32.072	60.075	871.35	-0.32397	0.00016792	0.14101	0.0096059	4.1769	0.23941	5.3561	6.0045	73.923	21.790	31.610	179.35	28.270	5.4589e-06	0.0070123
81.739	0.10249	792.77	0.0012614	0.0024562	0.0060774	0.073893	31.968	60.112	866.33	-0.32114	0.00016483	0.14007	0.0094971	4.4076	0.22688	5.3641	6.0154	73.593	21.830	31.720	179.73	27.933	5.4980e-06	0.0070669
82.227	0.10829	790.64	0.0012648	0.031692	0.035529	0.43063	31.869	60.151	861.51	-0.31835	0.00016196	0.13918	0.0093932	4.6373	0.21564	5.3718	6.0258	73.282	21.868	31.828	180.08	27.617	5.5356e-06	0.0071195
82.695	0.11409	788.58	0.0012681	0.059771	0.063824	0.77127	31.776	60.192	856.88	-0.31558	0.00015928	0.13832	0.0092935	4.8662	0.20550	5.3790	6.0357	72.987	21.906	31.935	180.41	27.321	5.5718e-06	0.0071704
83.146	0.11988	786.59	0.0012713	0.086797	0.091067	1.0973	31.687	60.234	852.42	-0.31283	0.00015675	0.13750	0.0091977	5.0944	0.19629	5.3859	6.0451	72.706	21.944	32.041	180.72	27.042	5.6068e-06	0.0072197
83.580	0.12568	784.67	0.0012744	0.11286	0.11735	1.4101	31.603	60.278	848.11	-0.31012	0.00015438	0.13670	0.0091055	5.3219	0.18790	5.3925	6.0540	72.439	21.980	32.146	181.01	26.778	5.6407e-06	0.0072676
84.000	0.13148	782.80	0.0012775	0.13804	0.14275	1.7107	31.522	60.323	843.95	-0.30742	0.00015214	0.13593	0.0090166	5.5487	0.18022	5.3988	6.0625	72.185	22.017	32.250	181.29	26.527	5.6735e-06	0.0073141
84.405	0.13728	780.99	0.0012804	0.16241	0.16733	2.0002	31.445	60.370	839.92	-0.30475	0.00015002	0.13519	0.0089307	5.7750	0.17316	5.4049	6.0707	71.941	22.052	32.353	181.56	26.289	5.7054e-06	0.0073594
84.798	0.14307	779.24	0.0012833	0.18602	0.19116	2.2795	31.371	60.417	836.00	-0.30209	0.00014801	0.13448	0.0088476	6.0006	0.16665	5.4106	6.0785	71.707	22.088	32.455	181.81	26.063	5.7363e-06	0.0074036
85.179	0.14887	777.52	0.0012861	0.20893	0.21429	2.5492	31.301	60.465	832.20	-0.29946	0.00014610	0.13378	0.0087672	6.2258	0.16062	5.4162	6.0860	71.483	22.122	32.556	182.05	25.847	5.7665e-06	0.0074468
85.549	0.15467	775.86	0.0012889	0.23119	0.23678	2.8102	31.232	60.515	828.51	-0.29684	0.00014428	0.13310	0.0086891	6.4504	0.15503	5.4216	6.0932	71.267	22.156	32.657	182.27	25.640	5.7959e-06	0.0074889
85.909	0.16047	774.23	0.0012916	0.25285	0.25866	3.0629	31.167	60.565	824.91	-0.29424	0.00014255	0.13245	0.0086133	6.6746	0.14982	5.4267	6.1001	71.059	22.190	32.757	182.49	25.442	5.8246e-06	0.0075302
86.259	0.16626	772.65	0.0012943	0.27394	0.27996	3.3080	31.104	60.615	821.40	-0.29165	0.00014089	0.13181	0.0085397	6.8983	0.14496	5.4317	6.1068	70.858	22.224	32.857	182.70	25.252	5.8526e-06	0.0075706
86.600	0.17206	771.10	0.0012969	0.29449	0.30074	3.5460	31.043	60.667	817.98	-0.28907	0.00013930	0.13119	0.0084680	7.1216	0.14042	5.4365	6.1132	70.665	22.257	32.955	182.89	25.070	5.8800e-06	0.0076102
86.932	0.17786	769.58	0.0012994	0.31454	0.32102	3.7772	30.984	60.719	814.65	-0.28651	0.00013778	0.13058	0.0083982	7.3446	0.13615	5.4411	6.1194	70.477	22.289	33.054	183.08	24.894	5.9067e-06	0.0076491
87.256	0.18366	768.10	0.0013019	0.33412	0.34082	4.0022	30.927	60.771	811.38	-0.28397	0.00013631	0.12999	0.0083301	7.5672	0.13215	5.4455	6.1254	70.296	22.322	33.152	183.26	24.725	5.9330e-06	0.0076873
87.573	0.18945	766.64	0.0013044	0.35326	0.36018	4.2212	30.871	60.824	808.19	-0.28143	0.00013491	0.12941	0.0082637	7.7894	0.12838	5.4499	6.1311	70.120	22.353	33.249	183.44	24.562	5.9586e-06	0.0077248
87.883	0.19525	765.22	0.0013068	0.37197	0.37912	4.4347	30.818	60.878	805.07	-0.27890	0.00013355	0.12885	0.0081989	8.0114	0.12482	5.4541	6.1367	69.949	22.385	33.346	183.60	24.405	5.9838e-06	0.0077617
88.186	0.20105	763.82	0.0013092	0.39029	0.39766	4.6429	30.766	60.932	802.01	-0.27639	0.00013225	0.12830	0.0081356	8.2330	0.12146	5.4581	6.1421	69.783	22.416	33.442	183.76	24.252	6.0086e-06	0.0077980
88.482	0.20685	762.45	0.0013116	0.40822	0.41582	4.8461	30.715	60.986	799.02	-0.27388	0.00013099	0.12776	0.0080736	8.4544	0.11828	5.4620	6.1473	69.622	22.447	33.538	183.92	24.105	6.0328e-06	0.0078338
88.772	0.21264	761.10	0.0013139	0.42580	0.43363	5.0446	30.666	61.041	796.08	-0.27139	0.00012977	0.12723	0.0080130	8.6755	0.11527	5.4659	6.1524	69.465	22.478	33.634	184.06	23.963	6.0567e-06	0.0078690
89.057	0.21844	759.77	0.0013162	0.44304	0.45109	5.2386	30.619	61.096	793.19	-0.26890	0.00012860	0.12671	0.0079537	8.8963	0.11241	5.4696	6.1573	69.313	22.508	33.729	184.20	23.825	6.0801e-06	0.0079037
89.335	0.22424	758.47	0.0013184	0.45994	0.46822	5.4283	30.572	61.152	790.36	-0.26642	0.00012746	0.12620	0.0078957	9.1169	0.10969	5.4732	6.1621	69.164	22.538	33.824	184.34	23.691	6.1031e-06	0.0079379
89.609	0.23004	757.19	0.0013207	0.47654	0.48505	5.6139	30.527	61.208	787.58	-0.26395	0.00012636	0.12571	0.0078387	9.3374	0.10710	5.4767	6.1667	69.019	22.568	33.919	184.47	23.560	6.1258e-06	0.0079717
89.877	0.23583	755.93	0.0013229	0.49284	0.50158	5.7957	30.483	61.264	784.85	-0.26148	0.00012529	0.12522	0.0077829	9.5576	0.10463	5.4801	6.1712	68.878	22.598	34.013	184.60	23.434	6.1481e-06	0.0080051
90.141	0.24163	754.69	0.0013251	0.50886	0.51783	5.9738	30.440	61.321	782.17	-0.25902	0.00012426	0.12474	0.0077282	9.7776	0.10227	5.4834	6.1756	68.739	22.627	34.107	184.72	23.311	6.1701e-06	0.0080381
90.400	0.24743	753.47	0.0013272	0.52460	0.53380	6.1484	30.399	61.378	779.52	-0.25657	0.00012326	0.12427	0.0076744	9.9974	0.10003	5.4866	6.1798	68.604	22.656	34.201	184.84	23.192	6.1918e-06	0.0080706
90.654	0.25323	752.26	0.0013293	0.54008	0.54951	6.3196	30.358	61.435	776.92	-0.25413	0.00012228	0.12381	0.0076216	10.217	0.097875	5.4897	6.1839	68.472	22.685	34.294	184.95	23.075	6.2131e-06	0.0081028
90.904	0.25902	751.07	0.0013314	0.55532	0.56498	6.4876	30.318	61.493	774.37	-0.25169	0.00012133	0.12335	0.0075698	10.437	0.095817	5.4928	6.1879	68.343	22.713	34.388	185.06	22.962	6.2342e-06	0.0081346
91.150	0.26482	749.90	0.0013335	0.57031	0.58020	6.6524	30.279	61.551	771.85	-0.24925	0.00012041	0.12290	0.0075189	10.656	0.093844	5.4957	6.1918	68.217	22.742	34.481	185.16	22.851	6.2549e-06	0.0081661
91.392	0.27062	748.75	0.0013356	0.58507	0.59520	6.8144	30.241	61.609	769.36	-0.24682	0.00011951	0.12246	0.0074688	10.875	0.091952	5.4986	6.1956	68.093	22.770	34.574	185.26	22.743	6.2754e-06	0.0081973
91.631	0.27642	747.61	0.0013376	0.59961	0.60997	6.9734	30.203	61.667	766.92	-0.24439	0.00011864	0.12203	0.0074196	11.094	0.090136	5.5014	6.1993	67.972	22.798	34.666	185.36	22.638	6.2956e-06	0.0082281
91.865	0.28221	746.48	0.0013396	0.61394	0.62453	7.1297	30.167	61.726	764.50	-0.24197	0.00011778	0.12161	0.0073711	11.313	0.088391	5.5042	6.2029	67.853	22.826	34.759	185.45	22.535	6.3156e-06	0.0082587
92.096	0.28801	745.37	0.0013416	0.62806	0.63888	7.2834	30.131	61.785	762.12	-0.23955	0.00011695	0.12119	0.0073235	11.532	0.086714	5.5069	6.2064	67.737	22.853	34.851	185.55	22.435	6.3353e-06	0.0082889
92.324	0.29381	744.27	0.0013436	0.64198	0.65304	7.4346	30.096	61.844	759.78	-0.23714	0.00011614	0.12077	0.0072765	11.751	0.085099	5.5095	6.2098	67.623	22.881	34.943	185.63	22.337	6.3548e-06	0.0083189
92.548	0.29961	743.19	0.0013456	0.65571	0.66701	7.5833	30.062	61.903	757.46	-0.23473	0.00011535	0.12037	0.0072303	11.970	0.083544	5.5121	6.2132	67.511	22.908	35.036	185.72	22.241	6.3740e-06	0.0083486
92.769	0.30540	742.11	0.0013475	0.66926	0.68079	7.7297	30.029	61.962	755.18	-0.23232	0.00011458	0.11996	0.0071848	12.188	0.082045	5.5146	6.2164	67.401	22.935	35.127	185.80	22.147	6.3931e-06	0.0083781
92.987	0.31120	741.05	0.0013494	0.68263	0.69439	7.8738	29.996	62.022	752.92	-0.22991	0.00011383	0.11957	0.0071399	12.407	0.080600	5.5170	6.2196	67.292	22.962	35.219	185.88	22.055	6.4119e-06	0.0084073
93.203	0.31700	740.01	0.0013513	0.69582	0.70782	8.0157	29.964	62.082	750.69	-0.22751	0.00011309	0.11918	0.0070957	12.625	0.079205	5.5194	6.2227	67.186	22.988	35.311	185.96	21.965	6.4305e-06	0.0084363
93.415	0.32279	738.97	0.0013532	0.70885	0.72108	8.1555	29.932	62.142	748.49	-0.22511	0.00011237	0.11879	0.0070522	12.844	0.077858	5.5217	6.2257	67.082	23.015	35.403	186.03	21.877	6.4489e-06	0.0084650
93.624	0.32859	737.95	0.0013551	0.72172	0.73419	8.2933	29.901	62.203	746.32	-0.22271	0.00011166	0.11841	0.0070092	13.062	0.076556	5.5240	6.2286	66.979	23.041	35.494	186.10	21.791	6.4672e-06	0.0084935
93.831	0.33439	736.93	0.0013570	0.73442	0.74713	8.4290	29.871	62.264	744.17	-0.22032	0.00011097	0.11804	0.0069668	13.281	0.075298	5.5262	6.2315	66.878	23.067	35.586	186.17	21.706	6.4852e-06	0.0085219
94.035	0.34019	735.93	0.0013588	0.74698	0.75993	8.5629	29.841	62.324	742.04	-0.21792	0.00011030	0.11767	0.0069250	13.499	0.074080	5.5284	6.2343	66.779	23.093	35.677	186.24	21.623	6.5030e-06	0.0085500
94.237	0.34598	734.93	0.0013607	0.75939	0.77258	8.6949	29.811	62.385	739.94	-0.21553	0.00010963	0.11730	0.0068837	13.717	0.072901	5.5305	6.2370	66.681	23.119	35.768	186.30	21.542	6.5207e-06	0.0085779
94.436	0.35178	733.95	0.0013625	0.77166	0.78508	8.8252	29.783	62.447	737.86	-0.21314	0.00010899	0.11694	0.0068430	13.935	0.071759	5.5326	6.2397	66.585	23.145	35.860	186.36	21.462	6.5382e-06	0.0086056
94.633	0.35758	732.97	0.0013643	0.78379	0.79745	8.9536	29.754	62.508	735.81	-0.21075	0.00010835	0.11658	0.0068028	14.154	0.070653	5.5346	6.2423	66.490	23.170	35.951	186.42	21.384	6.5556e-06	0.0086332
94.827	0.36338	732.01	0.0013661	0.79578	0.80969	9.0804	29.727	62.570	733.77	-0.20836	0.00010773	0.11623	0.0067631	14.372	0.069580	5.5366	6.2448	66.397	23.196	36.042	186.48	21.307	6.5728e-06	0.0086605
95.019	0.36917	731.05	0.0013679	0.80764	0.82179	9.2056	29.699	62.632	731.76	-0.20597	0.00010712	0.11588	0.0067239	14.590	0.068540	5.5386	6.2473	66.305	23.221	36.133	186.54	21.231	6.5898e-06	0.0086877
95.209	0.37497	730.10	0.0013697	0.81938	0.83377	9.3292	29.672	62.694	729.77	-0.20358	0.00010652	0.11554	0.0066852	14.808	0.067530	5.5405	6.2497	66.214	23.246	36.224	186.59	21.157	6.6067e-06	0.0087148
95.397	0.38077	729.16	0.0013714	0.83099	0.84562	9.4512	29.646	62.756	727.80	-0.20120	0.00010593	0.11520	0.0066469	15.027	0.066549	5.5423	6.2521	66.125	23.271	36.315	186.64	21.084	6.6234e-06	0.0087416
95.583	0.38657	728.23	0.0013732	0.84248	0.85735	9.5718	29.620	62.818	725.85	-0.19881	0.00010535	0.11486	0.0066091	15.245	0.065596	5.5442	6.2544	66.037	23.296	36.407	186.69	21.013	6.6400e-06	0.0087683
95.766	0.39236	727.31	0.0013749	0.85386	0.86897	9.6909	29.594	62.881	723.91	-0.19642	0.00010479	0.11453	0.0065717	15.463	0.064671	5.5459	6.2567	65.950	23.320	36.498	186.74	20.942	6.6564e-06	0.0087949
95.948	0.39816	726.40	0.0013767	0.86512	0.88047	9.8086	29.569	62.944	722.00	-0.19404	0.00010423	0.11420	0.0065347	15.681	0.063770	5.5477	6.2589	65.864	23.345	36.589	186.79	20.873	6.6728e-06	0.0088213
96.128	0.40396	725.49	0.0013784	0.87627	0.89187	9.9249	29.544	63.007	720.10	-0.19165	0.00010369	0.11387	0.0064982	15.900	0.062895	5.5494	6.2610	65.780	23.370	36.680	186.83	20.805	6.6889e-06	0.0088476
96.306	0.40976	724.59	0.0013801	0.88731	0.90315	10.040	29.520	63.070	718.23	-0.18927	0.00010315	0.11355	0.0064621	16.118	0.062043	5.5511	6.2632	65.696	23.394	36.771	186.88	20.738	6.7050e-06	0.0088738
96.482	0.41555	723.70	0.0013818	0.89825	0.91433	10.153	29.496	63.133	716.36	-0.18688	0.00010262	0.11323	0.0064264	16.336	0.061214	5.5527	6.2652	65.614	23.418	36.862	186.92	20.672	6.7209e-06	0.0088998
96.656	0.42135	722.81	0.0013835	0.90908	0.92541	10.266	29.472	63.197	714.52	-0.18449	0.00010210	0.11292	0.0063910	16.555	0.060406	5.5543	6.2672	65.532	23.442	36.953	186.96	20.607	6.7367e-06	0.0089257
96.829	0.42715	721.93	0.0013852	0.91982	0.93639	10.377	29.449	63.261	712.69	-0.18210	0.00010159	0.11260	0.0063561	16.773	0.059620	5.5559	6.2692	65.452	23.466	37.045	187.00	20.543	6.7524e-06	0.0089515
97.000	0.43295	721.06	0.0013869	0.93045	0.94727	10.487	29.426	63.325	710.88	-0.17972	0.00010109	0.11229	0.0063215	16.991	0.058853	5.5574	6.2711	65.373	23.490	37.136	187.04	20.480	6.7680e-06	0.0089771
97.169	0.43874	720.19	0.0013885	0.94099	0.95805	10.596	29.404	63.389	709.08	-0.17733	0.00010059	0.11199	0.0062873	17.210	0.058106	5.5589	6.2730	65.294	23.514	37.227	187.07	20.418	6.7834e-06	0.0090027
97.336	0.44454	719.33	0.0013902	0.95144	0.96875	10.703	29.381	63.453	707.30	-0.17494	0.00010011	0.11168	0.0062534	17.428	0.057378	5.5604	6.2749	65.217	23.538	37.319	187.11	20.357	6.7988e-06	0.0090281
97.502	0.45034	718.48	0.0013918	0.96179	0.97935	10.810	29.359	63.518	705.53	-0.17255	9.9629e-05	0.11138	0.0062199	17.647	0.056667	5.5619	6.2767	65.140	23.561	37.410	187.14	20.296	6.8140e-06	0.0090534
97.667	0.45614	717.63	0.0013935	0.97206	0.98986	10.915	29.338	63.582	703.78	-0.17015	9.9158e-05	0.11109	0.0061867	17.866	0.055973	5.5633	6.2784	65.064	23.585	37.502	187.17	20.237	6.8292e-06	0.0090786
97.830	0.46193	716.79	0.0013951	0.98224	1.0003	11.020	29.317	63.647	702.04	-0.16776	9.8694e-05	0.11079	0.0061538	18.084	0.055296	5.5647	6.2801	64.990	23.608	37.593	187.20	20.178	6.8442e-06	0.0091038
97.991	0.46773	715.96	0.0013967	0.99233	1.0106	11.123	29.296	63.712	700.31	-0.16537	9.8236e-05	0.11050	0.0061212	18.303	0.054635	5.5660	6.2818	64.916	23.631	37.685	187.23	20.121	6.8592e-06	0.0091288
98.151	0.47353	715.13	0.0013984	1.0023	1.0209	11.225	29.275	63.777	698.60	-0.16297	9.7786e-05	0.11021	0.0060890	18.522	0.053990	5.5674	6.2835	64.842	23.655	37.776	187.26	20.064	6.8740e-06	0.0091537
98.310	0.47933	714.30	0.0014000	1.0123	1.0311	11.327	29.254	63.843	696.90	-0.16057	9.7342e-05	0.10992	0.0060571	18.741	0.053359	5.5687	6.2851	64.770	23.678	37.868	187.29	20.008	6.8887e-06	0.0091785
98.467	0.48512	713.49	0.0014016	1.0221	1.0412	11.427	29.234	63.909	695.22	-0.15817	9.6905e-05	0.10964	0.0060255	18.960	0.052743	5.5699	6.2866	64.698	23.701	37.960	187.32	19.952	6.9034e-06	0.0092033
98.623	0.49092	712.67	0.0014032	1.0319	1.0512	11.526	29.214	63.974	693.55	-0.15577	9.6474e-05	0.10936	0.0059941	19.179	0.052140	5.5712	6.2882	64.627	23.724	38.052	187.34	19.898	6.9179e-06	0.0092280
98.777	0.49672	711.86	0.0014048	1.0416	1.0611	11.625	29.195	64.040	691.89	-0.15337	9.6049e-05	0.10908	0.0059631	19.398	0.051551	5.5724	6.2897	64.557	23.747	38.144	187.36	19.844	6.9324e-06	0.0092525
98.930	0.50252	711.06	0.0014063	1.0512	1.0710	11.722	29.175	64.107	690.24	-0.15096	9.5630e-05	0.10880	0.0059323	19.618	0.050975	5.5736	6.2911	64.488	23.769	38.236	187.39	19.791	6.9468e-06	0.0092770
99.082	0.50831	710.26	0.0014079	1.0608	1.0808	11.819	29.156	64.173	688.60	-0.14856	9.5217e-05	0.10852	0.0059018	19.837	0.050411	5.5748	6.2926	64.419	23.792	38.329	187.41	19.738	6.9611e-06	0.0093015
99.233	0.51411	709.47	0.0014095	1.0702	1.0905	11.915	29.138	64.240	686.98	-0.14615	9.4809e-05	0.10825	0.0058716	20.056	0.049859	5.5760	6.2940	64.351	23.815	38.421	187.43	19.686	6.9753e-06	0.0093258
99.382	0.51991	708.68	0.0014111	1.0796	1.1002	12.010	29.119	64.306	685.36	-0.14373	9.4407e-05	0.10798	0.0058417	20.276	0.049320	5.5771	6.2953	64.284	23.837	38.514	187.45	19.635	6.9894e-06	0.0093501
99.531	0.52571	707.90	0.0014126	1.0890	1.1098	12.104	29.101	64.373	683.76	-0.14132	9.4010e-05	0.10771	0.0058120	20.496	0.048791	5.5782	6.2966	64.217	23.859	38.606	187.47	19.584	7.0035e-06	0.0093743
99.678	0.53150	707.12	0.0014142	1.0983	1.1193	12.197	29.082	64.441	682.17	-0.13890	9.3618e-05	0.10745	0.0057826	20.715	0.048273	5.5793	6.2979	64.151	23.882	38.699	187.49	19.534	7.0175e-06	0.0093984
99.824	0.53730	706.35	0.0014157	1.1075	1.1288	12.290	29.065	64.508	680.59	-0.13649	9.3232e-05	0.10718	0.0057534	20.935	0.047767	5.5803	6.2992	64.086	23.904	38.792	187.50	19.485	7.0314e-06	0.0094225
99.968	0.54310	705.58	0.0014173	1.1166	1.1382	12.381	29.047	64.575	679.02	-0.13407	9.2850e-05	0.10692	0.0057245	21.155	0.047270	5.5814	6.3005	64.021	23.926	38.885	187.52	19.436	7.0452e-06	0.0094465
100.11	0.54890	704.81	0.0014188	1.1257	1.1475	12.472	29.030	64.643	677.46	-0.13164	9.2473e-05	0.10666	0.0056958	21.375	0.046783	5.5824	6.3017	63.957	23.948	38.978	187.54	19.388	7.0590e-06	0.0094704
100.25	0.55469	704.05	0.0014204	1.1347	1.1568	12.563	29.012	64.711	675.91	-0.12922	9.2101e-05	0.10640	0.0056673	21.595	0.046306	5.5834	6.3029	63.893	23.970	39.072	187.55	19.340	7.0726e-06	0.0094943
100.40	0.56049	703.29	0.0014219	1.1436	1.1660	12.652	28.995	64.779	674.37	-0.12679	9.1734e-05	0.10615	0.0056391	21.816	0.045839	5.5844	6.3040	63.830	23.992	39.165	187.56	19.293	7.0862e-06	0.0095181
100.54	0.56629	702.54	0.0014234	1.1525	1.1751	12.741	28.979	64.848	672.84	-0.12435	9.1371e-05	0.10589	0.0056111	22.036	0.045380	5.5853	6.3051	63.767	24.014	39.259	187.58	19.247	7.0998e-06	0.0095419
100.68	0.57209	701.79	0.0014249	1.1614	1.1842	12.829	28.962	64.916	671.32	-0.12192	9.1012e-05	0.10564	0.0055834	22.257	0.044930	5.5863	6.3062	63.705	24.036	39.352	187.59	19.201	7.1133e-06	0.0095656
100.81	0.57788	701.04	0.0014264	1.1701	1.1932	12.916	28.946	64.985	669.81	-0.11948	9.0658e-05	0.10539	0.0055558	22.477	0.044489	5.5872	6.3073	63.644	24.058	39.446	187.60	19.155	7.1267e-06	0.0095893
100.95	0.58368	700.30	0.0014280	1.1789	1.2022	13.003	28.929	65.054	668.31	-0.11704	9.0308e-05	0.10514	0.0055285	22.698	0.044057	5.5881	6.3083	63.583	24.080	39.540	187.61	19.110	7.1400e-06	0.0096129
101.09	0.58948	699.56	0.0014295	1.1875	1.2111	13.089	28.913	65.123	666.81	-0.11460	8.9962e-05	0.10490	0.0055014	22.919	0.043632	5.5889	6.3094	63.523	24.101	39.635	187.62	19.066	7.1533e-06	0.0096365
101.22	0.59528	698.83	0.0014310	1.1961	1.2200	13.174	28.898	65.192	665.33	-0.11215	8.9620e-05	0.10465	0.0054745	23.140	0.043215	5.5898	6.3103	63.463	24.123	39.729	187.63	19.022	7.1665e-06	0.0096600
101.36	0.60107	698.10	0.0014325	1.2047	1.2288	13.259	28.882	65.262	663.85	-0.10970	8.9282e-05	0.10441	0.0054478	23.361	0.042806	5.5906	6.3113	63.403	24.144	39.824	187.64	18.978	7.1797e-06	0.0096834
101.49	0.60687	697.37	0.0014340	1.2132	1.2376	13.343	28.867	65.332	662.39	-0.10725	8.8948e-05	0.10417	0.0054213	23.583	0.042404	5.5915	6.3123	63.344	24.166	39.919	187.64	18.935	7.1927e-06	0.0097069
101.62	0.61267	696.65	0.0014354	1.2216	1.2463	13.426	28.851	65.402	660.93	-0.10479	8.8617e-05	0.10393	0.0053950	23.804	0.042010	5.5923	6.3132	63.286	24.187	40.014	187.65	18.893	7.2058e-06	0.0097302
101.76	0.61846	695.93	0.0014369	1.2300	1.2549	13.509	28.836	65.472	659.48	-0.10233	8.8290e-05	0.10369	0.0053689	24.026	0.041622	5.5930	6.3141	63.228	24.208	40.109	187.66	18.850	7.2188e-06	0.0097536
101.89	0.62426	695.21	0.0014384	1.2384	1.2635	13.592	28.822	65.542	658.04	-0.099863	8.7967e-05	0.10345	0.0053429	24.247	0.041242	5.5938	6.3149	63.170	24.230	40.204	187.66	18.809	7.2317e-06	0.0097769
102.02	0.63006	694.50	0.0014399	1.2467	1.2721	13.673	28.807	65.613	656.60	-0.097395	8.7648e-05	0.10322	0.0053172	24.469	0.040868	5.5945	6.3158	63.113	24.251	40.300	187.67	18.767	7.2445e-06	0.0098002
102.15	0.63586	693.79	0.0014414	1.2549	1.2806	13.754	28.792	65.684	655.18	-0.094924	8.7331e-05	0.10298	0.0052917	24.691	0.040500	5.5953	6.3166	63.057	24.272	40.395	187.67	18.727	7.2574e-06	0.0098234
102.27	0.64165	693.09	0.0014428	1.2631	1.2891	13.835	28.778	65.755	653.76	-0.092448	8.7018e-05	0.10275	0.0052663	24.913	0.040139	5.5960	6.3174	63.000	24.293	40.491	187.68	18.686	7.2701e-06	0.0098466
102.40	0.64745	692.38	0.0014443	1.2713	1.2975	13.915	28.764	65.826	652.35	-0.089969	8.6709e-05	0.10252	0.0052412	25.136	0.039784	5.5967	6.3182	62.945	24.314	40.588	187.68	18.646	7.2828e-06	0.0098697
102.53	0.65325	691.68	0.0014458	1.2794	1.3059	13.994	28.750	65.898	650.95	-0.087486	8.6403e-05	0.10229	0.0052162	25.358	0.039435	5.5974	6.3189	62.889	24.335	40.684	187.68	18.606	7.2955e-06	0.0098929
102.65	0.65905	690.99	0.0014472	1.2875	1.3142	14.073	28.736	65.969	649.55	-0.084999	8.6099e-05	0.10207	0.0051913	25.581	0.039092	5.5980	6.3197	62.834	24.356	40.780	187.68	18.567	7.3081e-06	0.0099160
102.78	0.66484	690.29	0.0014487	1.2955	1.3225	14.151	28.722	66.041	648.16	-0.082509	8.5799e-05	0.10184	0.0051667	25.804	0.038754	5.5987	6.3204	62.780	24.377	40.877	187.68	18.528	7.3206e-06	0.0099390
102.90	0.67064	689.60	0.0014501	1.3035	1.3307	14.229	28.709	66.113	646.78	-0.080014	8.5503e-05	0.10162	0.0051422	26.027	0.038422	5.5993	6.3211	62.725	24.398	40.974	187.68	18.489	7.3331e-06	0.0099621
103.03	0.67644	688.91	0.0014516	1.3114	1.3389	14.306	28.695	66.186	645.41	-0.077515	8.5209e-05	0.10139	0.0051179	26.250	0.038095	5.5999	6.3217	62.671	24.419	41.072	187.68	18.451	7.3456e-06	0.0099851
103.15	0.68224	688.23	0.0014530	1.3193	1.3470	14.383	28.682	66.258	644.04	-0.075011	8.4917e-05	0.10117	0.0050938	26.473	0.037774	5.6005	6.3224	62.618	24.439	41.169	187.68	18.413	7.3580e-06	0.010008
103.27	0.68803	687.54	0.0014545	1.3271	1.3552	14.459	28.669	66.331	642.68	-0.072504	8.4629e-05	0.10095	0.0050698	26.697	0.037458	5.6011	6.3230	62.565	24.460	41.267	187.68	18.376	7.3704e-06	0.010031
103.39	0.69383	686.86	0.0014559	1.3349	1.3632	14.535	28.656	66.404	641.32	-0.069992	8.4344e-05	0.10073	0.0050459	26.920	0.037147	5.6017	6.3236	62.512	24.481	41.365	187.68	18.339	7.3827e-06	0.010054
103.51	0.69963	686.19	0.0014573	1.3427	1.3713	14.611	28.643	66.478	639.97	-0.067476	8.4061e-05	0.10051	0.0050223	27.144	0.036840	5.6023	6.3242	62.460	24.501	41.463	187.68	18.302	7.3950e-06	0.010077
103.63	0.70543	685.51	0.0014588	1.3504	1.3792	14.685	28.631	66.551	638.63	-0.064955	8.3782e-05	0.10030	0.0049988	27.368	0.036539	5.6028	6.3248	62.408	24.522	41.561	187.67	18.265	7.4072e-06	0.010100
103.75	0.71122	684.84	0.0014602	1.3581	1.3872	14.760	28.618	66.625	637.30	-0.062431	8.3504e-05	0.10008	0.0049754	27.592	0.036242	5.6033	6.3253	62.356	24.542	41.660	187.67	18.229	7.4194e-06	0.010123
103.87	0.71702	684.17	0.0014616	1.3657	1.3951	14.834	28.606	66.699	635.97	-0.059901	8.3230e-05	0.099869	0.0049522	27.817	0.035950	5.6039	6.3259	62.305	24.563	41.759	187.67	18.193	7.4315e-06	0.010145
103.99	0.72282	683.51	0.0014630	1.3734	1.4030	14.907	28.593	66.773	634.65	-0.057367	8.2958e-05	0.099656	0.0049291	28.041	0.035662	5.6044	6.3264	62.254	24.583	41.858	187.66	18.158	7.4436e-06	0.010168
104.10	0.72862	682.84	0.0014645	1.3809	1.4108	14.980	28.581	66.847	633.33	-0.054828	8.2688e-05	0.099445	0.0049062	28.266	0.035379	5.6049	6.3269	62.203	24.604	41.958	187.66	18.123	7.4557e-06	0.010191
104.22	0.73441	682.18	0.0014659	1.3885	1.4186	15.053	28.569	66.922	632.02	-0.052285	8.2421e-05	0.099235	0.0048835	28.491	0.035099	5.6053	6.3274	62.153	24.624	42.057	187.65	18.088	7.4677e-06	0.010214
104.34	0.74021	681.52	0.0014673	1.3959	1.4264	15.125	28.558	66.997	630.72	-0.049737	8.2157e-05	0.099026	0.0048608	28.716	0.034824	5.6058	6.3278	62.103	24.644	42.157	187.65	18.053	7.4797e-06	0.010237
104.45	0.74601	680.86	0.0014687	1.4034	1.4341	15.197	28.546	67.072	629.42	-0.047184	8.1894e-05	0.098819	0.0048383	28.941	0.034553	5.6062	6.3283	62.053	24.664	42.257	187.64	18.019	7.4916e-06	0.010259
104.56	0.75181	680.21	0.0014701	1.4108	1.4418	15.268	28.534	67.147	628.13	-0.044626	8.1635e-05	0.098612	0.0048160	29.166	0.034286	5.6067	6.3287	62.003	24.685	42.358	187.63	17.985	7.5035e-06	0.010282
104.68	0.75760	679.56	0.0014715	1.4182	1.4494	15.339	28.523	67.223	626.84	-0.042063	8.1377e-05	0.098407	0.0047938	29.392	0.034023	5.6071	6.3291	61.954	24.705	42.459	187.63	17.951	7.5154e-06	0.010305
104.79	0.76340	678.91	0.0014730	1.4256	1.4571	15.409	28.511	67.299	625.56	-0.039495	8.1122e-05	0.098202	0.0047717	29.618	0.033763	5.6075	6.3295	61.905	24.725	42.560	187.62	17.917	7.5272e-06	0.010328
104.90	0.76920	678.26	0.0014744	1.4329	1.4647	15.479	28.500	67.375	624.28	-0.036923	8.0869e-05	0.097999	0.0047498	29.844	0.033508	5.6079	6.3298	61.857	24.745	42.661	187.61	17.884	7.5390e-06	0.010350
105.02	0.77500	677.61	0.0014758	1.4402	1.4722	15.549	28.489	67.452	623.01	-0.034345	8.0618e-05	0.097797	0.0047279	30.070	0.033256	5.6083	6.3302	61.809	24.765	42.763	187.60	17.851	7.5508e-06	0.010373
105.13	0.78079	676.97	0.0014772	1.4474	1.4797	15.618	28.478	67.528	621.75	-0.031762	8.0369e-05	0.097596	0.0047063	30.297	0.033007	5.6087	6.3305	61.761	24.785	42.865	187.59	17.819	7.5625e-06	0.010396
105.24	0.78659	676.33	0.0014786	1.4546	1.4872	15.687	28.467	67.605	620.49	-0.029174	8.0122e-05	0.097397	0.0046847	30.523	0.032762	5.6090	6.3308	61.713	24.805	42.967	187.58	17.786	7.5742e-06	0.010419
105.35	0.79239	675.69	0.0014800	1.4618	1.4947	15.756	28.457	67.682	619.23	-0.026581	7.9878e-05	0.097198	0.0046633	30.750	0.032520	5.6094	6.3312	61.665	24.825	43.069	187.57	17.754	7.5859e-06	0.010441
105.46	0.79819	675.06	0.0014814	1.4690	1.5021	15.824	28.446	67.760	617.98	-0.023982	7.9635e-05	0.097000	0.0046420	30.977	0.032282	5.6097	6.3314	61.618	24.845	43.172	187.56	17.722	7.5975e-06	0.010464
105.57	0.80398	674.42	0.0014828	1.4761	1.5095	15.892	28.436	67.837	616.74	-0.021378	7.9395e-05	0.096803	0.0046208	31.204	0.032047	5.6100	6.3317	61.571	24.865	43.275	187.55	17.690	7.6091e-06	0.010487
105.67	0.80978	673.79	0.0014841	1.4832	1.5169	15.959	28.425	67.915	615.50	-0.018769	7.9156e-05	0.096608	0.0045997	31.432	0.031815	5.6103	6.3320	61.525	24.885	43.379	187.54	17.659	7.6207e-06	0.010509
105.78	0.81558	673.16	0.0014855	1.4903	1.5242	16.026	28.415	67.993	614.26	-0.016154	7.8920e-05	0.096413	0.0045788	31.659	0.031586	5.6106	6.3322	61.478	24.905	43.482	187.53	17.628	7.6322e-06	0.010532
105.89	0.82138	672.53	0.0014869	1.4973	1.5315	16.093	28.405	68.072	613.03	-0.013533	7.8685e-05	0.096219	0.0045580	31.887	0.031361	5.6109	6.3324	61.432	24.924	43.586	187.52	17.597	7.6437e-06	0.010555
106.00	0.82717	671.90	0.0014883	1.5043	1.5388	16.160	28.395	68.150	611.81	-0.010907	7.8452e-05	0.096027	0.0045373	32.115	0.031138	5.6112	6.3326	61.386	24.944	43.691	187.51	17.566	7.6552e-06	0.010577
106.10	0.83297	671.28	0.0014897	1.5113	1.5460	16.226	28.385	68.229	610.59	-0.0082760	7.8222e-05	0.095835	0.0045167	32.344	0.030918	5.6115	6.3328	61.341	24.964	43.795	187.49	17.535	7.6666e-06	0.010600
106.21	0.83877	670.66	0.0014911	1.5182	1.5532	16.291	28.375	68.309	609.37	-0.0056388	7.7992e-05	0.095644	0.0044962	32.572	0.030701	5.6117	6.3330	61.295	24.984	43.900	187.48	17.505	7.6780e-06	0.010623
106.31	0.84457	670.03	0.0014925	1.5251	1.5604	16.357	28.365	68.388	608.16	-0.0029959	7.7765e-05	0.095455	0.0044759	32.801	0.030487	5.6120	6.3332	61.250	25.003	44.006	187.47	17.475	7.6894e-06	0.010645
106.42	0.85036	669.42	0.0014938	1.5320	1.5676	16.422	28.356	68.468	606.96	-0.00034731	7.7540e-05	0.095266	0.0044556	33.030	0.030276	5.6122	6.3333	61.205	25.023	44.111	187.45	17.445	7.7007e-06	0.010668
106.52	0.85616	668.80	0.0014952	1.5389	1.5747	16.486	28.346	68.548	605.75	0.0023071	7.7316e-05	0.095078	0.0044355	33.259	0.030067	5.6124	6.3335	61.160	25.043	44.217	187.44	17.415	7.7121e-06	0.010691
106.63	0.86196	668.18	0.0014966	1.5457	1.5818	16.551	28.337	68.628	604.56	0.0049675	7.7094e-05	0.094891	0.0044155	33.488	0.029861	5.6126	6.3336	61.116	25.062	44.324	187.42	17.386	7.7234e-06	0.010713
106.73	0.86776	667.57	0.0014980	1.5525	1.5889	16.615	28.328	68.709	603.36	0.0076337	7.6873e-05	0.094705	0.0043956	33.718	0.029658	5.6128	6.3337	61.071	25.082	44.430	187.41	17.357	7.7346e-06	0.010736
106.83	0.87355	666.96	0.0014993	1.5593	1.5959	16.679	28.318	68.790	602.17	0.010306	7.6654e-05	0.094520	0.0043758	33.948	0.029457	5.6130	6.3338	61.027	25.101	44.537	187.40	17.328	7.7459e-06	0.010759
106.93	0.87935	666.35	0.0015007	1.5660	1.6030	16.742	28.309	68.871	600.99	0.012984	7.6437e-05	0.094335	0.0043560	34.178	0.029259	5.6132	6.3339	60.983	25.121	44.645	187.38	17.299	7.7571e-06	0.010781
107.04	0.88515	665.74	0.0015021	1.5727	1.6100	16.805	28.300	68.952	599.81	0.015668	7.6222e-05	0.094152	0.0043364	34.408	0.029063	5.6134	6.3339	60.940	25.140	44.753	187.36	17.270	7.7683e-06	0.010804
107.14	0.89094	665.13	0.0015035	1.5794	1.6169	16.868	28.292	69.034	598.63	0.018359	7.6008e-05	0.093969	0.0043170	34.639	0.028869	5.6135	6.3340	60.896	25.160	44.861	187.35	17.242	7.7795e-06	0.010827
107.24	0.89674	664.53	0.0015048	1.5861	1.6239	16.931	28.283	69.116	597.46	0.021055	7.5796e-05	0.093788	0.0042976	34.869	0.028678	5.6137	6.3340	60.853	25.179	44.969	187.33	17.213	7.7906e-06	0.010849
107.34	0.90254	663.92	0.0015062	1.5927	1.6308	16.993	28.274	69.198	596.29	0.023758	7.5585e-05	0.093607	0.0042783	35.100	0.028490	5.6138	6.3340	60.810	25.199	45.078	187.32	17.185	7.8017e-06	0.010872
107.44	0.90834	663.32	0.0015076	1.5994	1.6377	17.055	28.265	69.281	595.13	0.026467	7.5375e-05	0.093427	0.0042591	35.332	0.028303	5.6139	6.3340	60.767	25.218	45.187	187.30	17.157	7.8128e-06	0.010895
107.54	0.91413	662.72	0.0015089	1.6059	1.6446	17.116	28.257	69.364	593.97	0.029183	7.5168e-05	0.093247	0.0042400	35.563	0.028119	5.6141	6.3340	60.724	25.237	45.297	187.28	17.130	7.8239e-06	0.010918
107.64	0.91993	662.12	0.0015103	1.6125	1.6514	17.178	28.249	69.447	592.81	0.031905	7.4961e-05	0.093069	0.0042210	35.795	0.027937	5.6142	6.3340	60.682	25.257	45.407	187.26	17.102	7.8349e-06	0.010940
107.73	0.92573	661.52	0.0015117	1.6191	1.6583	17.239	28.240	69.530	591.66	0.034633	7.4756e-05	0.092891	0.0042021	36.027	0.027757	5.6143	6.3340	60.640	25.276	45.517	187.25	17.075	7.8460e-06	0.010963
107.83	0.93153	660.93	0.0015130	1.6256	1.6651	17.300	28.232	69.614	590.51	0.037368	7.4553e-05	0.092715	0.0041833	36.259	0.027579	5.6144	6.3340	60.598	25.295	45.628	187.23	17.048	7.8570e-06	0.010986
107.93	0.93732	660.33	0.0015144	1.6321	1.6718	17.360	28.224	69.698	589.37	0.040109	7.4351e-05	0.092539	0.0041646	36.492	0.027404	5.6144	6.3339	60.556	25.315	45.739	187.21	17.021	7.8679e-06	0.011009
108.03	0.94312	659.74	0.0015157	1.6386	1.6786	17.421	28.216	69.782	588.22	0.042857	7.4150e-05	0.092364	0.0041459	36.724	0.027230	5.6145	6.3338	60.514	25.334	45.850	187.19	16.994	7.8789e-06	0.011031
108.12	0.94892	659.15	0.0015171	1.6450	1.6853	17.481	28.208	69.867	587.09	0.045611	7.3951e-05	0.092189	0.0041274	36.957	0.027058	5.6146	6.3338	60.473	25.353	45.962	187.17	16.967	7.8898e-06	0.011054
108.22	0.95472	658.56	0.0015185	1.6514	1.6920	17.540	28.200	69.952	585.95	0.048373	7.3753e-05	0.092015	0.0041090	37.191	0.026889	5.6146	6.3337	60.431	25.373	46.074	187.15	16.941	7.9008e-06	0.011077
108.32	0.96051	657.97	0.0015198	1.6578	1.6987	17.600	28.192	70.037	584.82	0.051141	7.3556e-05	0.091843	0.0040906	37.424	0.026721	5.6147	6.3336	60.390	25.392	46.187	187.13	16.914	7.9117e-06	0.011100
108.41	0.96631	657.39	0.0015212	1.6642	1.7054	17.659	28.185	70.123	583.70	0.053915	7.3361e-05	0.091670	0.0040724	37.658	0.026555	5.6147	6.3334	60.349	25.411	46.300	187.11	16.888	7.9225e-06	0.011123
108.51	0.97211	656.80	0.0015225	1.6706	1.7120	17.718	28.177	70.209	582.57	0.056697	7.3167e-05	0.091499	0.0040542	37.892	0.026391	5.6147	6.3333	60.308	25.430	46.414	187.09	16.862	7.9334e-06	0.011146
108.60	0.97791	656.22	0.0015239	1.6769	1.7187	17.777	28.170	70.295	581.45	0.059486	7.2974e-05	0.091328	0.0040361	38.126	0.026229	5.6147	6.3332	60.267	25.449	46.528	187.07	16.836	7.9442e-06	0.011168
108.69	0.98370	655.63	0.0015252	1.6832	1.7253	17.835	28.162	70.382	580.34	0.062281	7.2783e-05	0.091158	0.0040182	38.360	0.026068	5.6147	6.3330	60.227	25.469	46.642	187.05	16.810	7.9551e-06	0.011191
108.79	0.98950	655.05	0.0015266	1.6895	1.7318	17.894	28.155	70.469	579.22	0.065084	7.2593e-05	0.090989	0.0040003	38.595	0.025910	5.6147	6.3328	60.187	25.488	46.757	187.03	16.785	7.9659e-06	0.011214
108.88	0.99530	654.47	0.0015280	1.6958	1.7384	17.952	28.148	70.556	578.11	0.067893	7.2404e-05	0.090821	0.0039824	38.830	0.025753	5.6147	6.3327	60.146	25.507	46.872	187.01	16.759	7.9766e-06	0.011237
108.97	1.0011	653.89	0.0015293	1.7021	1.7449	18.009	28.141	70.643	577.01	0.070710	7.2216e-05	0.090653	0.0039647	39.066	0.025598	5.6147	6.3325	60.106	25.526	46.988	186.99	16.734	7.9874e-06	0.011260
109.07	1.0069	653.31	0.0015307	1.7083	1.7515	18.067	28.133	70.731	575.90	0.073534	7.2029e-05	0.090486	0.0039470	39.301	0.025445	5.6147	6.3323	60.067	25.545	47.104	186.97	16.709	7.9982e-06	0.011283
109.16	1.0127	652.74	0.0015320	1.7145	1.7580	18.124	28.127	70.819	574.80	0.076365	7.1844e-05	0.090319	0.0039295	39.537	0.025293	5.6146	6.3321	60.027	25.564	47.220	186.95	16.684	8.0089e-06	0.011306
109.25	1.0185	652.16	0.0015334	1.7207	1.7644	18.181	28.120	70.908	573.71	0.079203	7.1659e-05	0.090154	0.0039120	39.773	0.025143	5.6146	6.3318	59.987	25.583	47.337	186.92	16.659	8.0196e-06	0.011329
109.34	1.0243	651.59	0.0015347	1.7269	1.7709	18.238	28.113	70.997	572.61	0.082049	7.1476e-05	0.089989	0.0038946	40.009	0.024994	5.6145	6.3316	59.948	25.602	47.455	186.90	16.634	8.0303e-06	0.011352
109.43	1.0301	651.02	0.0015361	1.7330	1.7773	18.295	28.106	71.086	571.52	0.084902	7.1294e-05	0.089824	0.0038773	40.246	0.024847	5.6144	6.3313	59.909	25.621	47.573	186.88	16.610	8.0410e-06	0.011375
109.53	1.0359	650.44	0.0015374	1.7392	1.7838	18.351	28.099	71.175	570.44	0.087762	7.1113e-05	0.089661	0.0038600	40.483	0.024702	5.6144	6.3311	59.869	25.640	47.691	186.86	16.585	8.0517e-06	0.011398
109.62	1.0417	649.87	0.0015388	1.7453	1.7902	18.407	28.093	71.265	569.35	0.090630	7.0934e-05	0.089498	0.0038429	40.720	0.024558	5.6143	6.3308	59.831	25.659	47.810	186.83	16.561	8.0623e-06	0.011421
109.71	1.0475	649.30	0.0015401	1.7514	1.7966	18.463	28.086	71.356	568.27	0.093506	7.0755e-05	0.089335	0.0038258	40.958	0.024415	5.6142	6.3305	59.792	25.678	47.929	186.81	16.537	8.0729e-06	0.011444
109.80	1.0533	648.74	0.0015415	1.7574	1.8029	18.519	28.080	71.446	567.19	0.096389	7.0577e-05	0.089174	0.0038088	41.196	0.024274	5.6141	6.3302	59.753	25.697	48.049	186.79	16.513	8.0836e-06	0.011468
109.88	1.0591	648.17	0.0015428	1.7635	1.8093	18.574	28.074	71.537	566.12	0.099279	7.0401e-05	0.089012	0.0037918	41.434	0.024135	5.6140	6.3299	59.714	25.716	48.169	186.76	16.489	8.0942e-06	0.011491
109.97	1.0649	647.60	0.0015442	1.7695	1.8156	18.630	28.067	71.628	565.04	0.10218	7.0225e-05	0.088852	0.0037750	41.672	0.023997	5.6139	6.3296	59.676	25.735	48.290	186.74	16.465	8.1048e-06	0.011514
110.06	1.0707	647.04	0.0015455	1.7756	1.8219	18.685	28.061	71.720	563.97	0.10508	7.0051e-05	0.088692	0.0037582	41.911	0.023860	5.6137	6.3293	59.638	25.754	48.411	186.71	16.441	8.1153e-06	0.011537
110.15	1.0765	646.48	0.0015468	1.7816	1.8282	18.740	28.055	71.812	562.91	0.10800	6.9877e-05	0.088533	0.0037415	42.149	0.023725	5.6136	6.3290	59.600	25.773	48.533	186.69	16.418	8.1259e-06	0.011560
110.24	1.0823	645.91	0.0015482	1.7875	1.8345	18.794	28.049	71.904	561.84	0.11092	6.9705e-05	0.088374	0.0037248	42.389	0.023591	5.6135	6.3286	59.562	25.792	48.655	186.67	16.394	8.1365e-06	0.011584
110.33	1.0881	645.35	0.0015495	1.7935	1.8407	18.849	28.043	71.997	560.78	0.11385	6.9533e-05	0.088216	0.0037083	42.628	0.023459	5.6133	6.3283	59.524	25.811	48.777	186.64	16.371	8.1470e-06	0.011607
110.41	1.0939	644.79	0.0015509	1.7995	1.8470	18.903	28.037	72.090	559.72	0.11679	6.9363e-05	0.088059	0.0036918	42.868	0.023327	5.6132	6.3279	59.486	25.830	48.901	186.62	16.348	8.1575e-06	0.011630
110.50	1.0997	644.23	0.0015522	1.8054	1.8532	18.957	28.032	72.184	558.67	0.11973	6.9193e-05	0.087902	0.0036754	43.108	0.023198	5.6130	6.3275	59.448	25.849	49.024	186.59	16.324	8.1680e-06	0.011654
110.59	1.1055	643.67	0.0015536	1.8113	1.8594	19.011	28.026	72.277	557.61	0.12269	6.9025e-05	0.087746	0.0036590	43.348	0.023069	5.6128	6.3271	59.411	25.868	49.148	186.57	16.301	8.1785e-06	0.011677
110.67	1.1112	643.12	0.0015549	1.8172	1.8656	19.065	28.020	72.372	556.56	0.12565	6.8857e-05	0.087591	0.0036428	43.589	0.022942	5.6126	6.3267	59.373	25.887	49.273	186.54	16.279	8.1890e-06	0.011700
110.76	1.1170	642.56	0.0015563	1.8231	1.8718	19.118	28.015	72.466	555.52	0.12862	6.8690e-05	0.087436	0.0036266	43.830	0.022815	5.6125	6.3263	59.336	25.906	49.398	186.51	16.256	8.1995e-06	0.011724
110.85	1.1228	642.00	0.0015576	1.8289	1.8779	19.171	28.009	72.561	554.47	0.13160	6.8525e-05	0.087281	0.0036104	44.071	0.022690	5.6123	6.3259	59.299	25.925	49.524	186.49	16.233	8.2100e-06	0.011747
110.93	1.1286	641.45	0.0015590	1.8348	1.8841	19.225	28.004	72.656	553.43	0.13458	6.8360e-05	0.087127	0.0035943	44.313	0.022567	5.6121	6.3255	59.262	25.944	49.650	186.46	16.211	8.2204e-06	0.011771
111.02	1.1344	640.90	0.0015603	1.8406	1.8902	19.277	27.999	72.752	552.39	0.13758	6.8196e-05	0.086974	0.0035784	44.555	0.022444	5.6118	6.3250	59.225	25.963	49.777	186.44	16.188	8.2309e-06	0.011794
111.10	1.1402	640.34	0.0015617	1.8464	1.8963	19.330	27.993	72.848	551.35	0.14058	6.8033e-05	0.086821	0.0035624	44.797	0.022323	5.6116	6.3246	59.188	25.981	49.905	186.41	16.166	8.2413e-06	0.011818
111.18	1.1460	639.79	0.0015630	1.8522	1.9024	19.383	27.988	72.945	550.32	0.14359	6.7871e-05	0.086669	0.0035466	45.040	0.022203	5.6114	6.3241	59.152	26.000	50.033	186.38	16.143	8.2517e-06	0.011842
111.27	1.1518	639.24	0.0015644	1.8580	1.9085	19.435	27.983	73.042	549.28	0.14662	6.7709e-05	0.086518	0.0035308	45.282	0.022084	5.6112	6.3236	59.115	26.019	50.161	186.36	16.121	8.2621e-06	0.011865
111.35	1.1576	638.69	0.0015657	1.8638	1.9146	19.487	27.978	73.139	548.25	0.14964	6.7549e-05	0.086367	0.0035150	45.526	0.021966	5.6109	6.3232	59.079	26.038	50.290	186.33	16.099	8.2725e-06	0.011889
111.44	1.1634	638.14	0.0015670	1.8695	1.9206	19.539	27.973	73.237	547.22	0.15268	6.7389e-05	0.086216	0.0034994	45.769	0.021849	5.6107	6.3227	59.042	26.057	50.420	186.30	16.077	8.2829e-06	0.011913
111.52	1.1692	637.60	0.0015684	1.8753	1.9266	19.591	27.968	73.335	546.20	0.15573	6.7231e-05	0.086066	0.0034838	46.013	0.021733	5.6104	6.3222	59.006	26.076	50.550	186.27	16.055	8.2933e-06	0.011936
111.60	1.1750	637.05	0.0015697	1.8810	1.9327	19.643	27.963	73.433	545.18	0.15878	6.7073e-05	0.085917	0.0034682	46.257	0.021618	5.6101	6.3217	58.970	26.095	50.680	186.25	16.034	8.3037e-06	0.011960
111.69	1.1808	636.50	0.0015711	1.8867	1.9387	19.694	27.959	73.532	544.16	0.16185	6.6916e-05	0.085768	0.0034527	46.501	0.021505	5.6099	6.3211	58.934	26.114	50.812	186.22	16.012	8.3140e-06	0.011984
111.77	1.1866	635.96	0.0015724	1.8924	1.9446	19.746	27.954	73.631	543.14	0.16492	6.6759e-05	0.085619	0.0034373	46.746	0.021392	5.6096	6.3206	58.898	26.132	50.944	186.19	15.990	8.3244e-06	0.012008
111.85	1.1924	635.41	0.0015738	1.8981	1.9506	19.797	27.949	73.731	542.12	0.16800	6.6604e-05	0.085472	0.0034220	46.991	0.021281	5.6093	6.3201	58.862	26.151	51.076	186.16	15.969	8.3347e-06	0.012032
111.93	1.1982	634.87	0.0015751	1.9037	1.9566	19.848	27.945	73.831	541.11	0.17109	6.6449e-05	0.085324	0.0034067	47.236	0.021170	5.6090	6.3195	58.826	26.170	51.209	186.13	15.948	8.3451e-06	0.012056
112.01	1.2040	634.33	0.0015765	1.9094	1.9625	19.899	27.940	73.932	540.10	0.17419	6.6295e-05	0.085178	0.0033915	47.482	0.021061	5.6087	6.3190	58.791	26.189	51.343	186.11	15.926	8.3554e-06	0.012080
112.09	1.2098	633.78	0.0015778	1.9150	1.9685	19.949	27.936	74.033	539.09	0.17730	6.6142e-05	0.085031	0.0033763	47.728	0.020952	5.6084	6.3184	58.755	26.208	51.477	186.08	15.905	8.3657e-06	0.012104
112.17	1.2156	633.24	0.0015792	1.9206	1.9744	20.000	27.932	74.134	538.08	0.18042	6.5990e-05	0.084885	0.0033612	47.974	0.020844	5.6081	6.3178	58.720	26.227	51.612	186.05	15.884	8.3760e-06	0.012128
112.26	1.2214	632.70	0.0015805	1.9262	1.9803	20.050	27.927	74.236	537.07	0.18355	6.5838e-05	0.084740	0.0033462	48.221	0.020738	5.6078	6.3172	58.685	26.246	51.747	186.02	15.863	8.3863e-06	0.012152
112.34	1.2272	632.16	0.0015819	1.9318	1.9862	20.100	27.923	74.339	536.07	0.18669	6.5687e-05	0.084595	0.0033312	48.468	0.020632	5.6074	6.3166	58.649	26.265	51.883	185.99	15.842	8.3966e-06	0.012176
112.42	1.2330	631.62	0.0015832	1.9374	1.9921	20.150	27.919	74.441	535.07	0.18983	6.5537e-05	0.084451	0.0033163	48.716	0.020527	5.6071	6.3160	58.614	26.283	52.020	185.96	15.821	8.4069e-06	0.012200
112.50	1.2388	631.08	0.0015846	1.9429	1.9979	20.200	27.915	74.544	534.07	0.19299	6.5388e-05	0.084307	0.0033014	48.963	0.020423	5.6067	6.3154	58.579	26.302	52.158	185.93	15.800	8.4172e-06	0.012224
112.58	1.2446	630.55	0.0015859	1.9485	2.0038	20.250	27.911	74.648	533.07	0.19615	6.5239e-05	0.084164	0.0032866	49.211	0.020321	5.6064	6.3148	58.544	26.321	52.296	185.90	15.780	8.4275e-06	0.012249
112.65	1.2504	630.01	0.0015873	1.9540	2.0096	20.299	27.907	74.752	532.08	0.19933	6.5091e-05	0.084021	0.0032719	49.460	0.020218	5.6060	6.3141	58.509	26.340	52.434	185.87	15.759	8.4378e-06	0.012273
112.73	1.2562	629.47	0.0015886	1.9595	2.0154	20.349	27.903	74.857	531.09	0.20251	6.4944e-05	0.083879	0.0032572	49.708	0.020117	5.6057	6.3135	58.475	26.359	52.573	185.84	15.738	8.4480e-06	0.012297
112.81	1.2620	628.94	0.0015900	1.9650	2.0213	20.398	27.900	74.962	530.10	0.20571	6.4797e-05	0.083737	0.0032425	49.958	0.020017	5.6053	6.3129	58.440	26.378	52.713	185.81	15.718	8.4583e-06	0.012322
112.89	1.2678	628.40	0.0015913	1.9705	2.0271	20.447	27.896	75.067	529.11	0.20891	6.4651e-05	0.083595	0.0032279	50.207	0.019918	5.6049	6.3122	58.405	26.397	52.854	185.78	15.698	8.4685e-06	0.012346
112.97	1.2736	627.87	0.0015927	1.9760	2.0328	20.496	27.892	75.173	528.12	0.21212	6.4506e-05	0.083455	0.0032134	50.457	0.019819	5.6045	6.3115	58.371	26.416	52.995	185.75	15.677	8.4788e-06	0.012371
113.05	1.2794	627.34	0.0015940	1.9815	2.0386	20.545	27.889	75.280	527.14	0.21535	6.4361e-05	0.083314	0.0031990	50.707	0.019721	5.6041	6.3108	58.336	26.434	53.137	185.72	15.657	8.4890e-06	0.012395
113.13	1.2852	626.81	0.0015954	1.9869	2.0444	20.594	27.885	75.386	526.15	0.21858	6.4218e-05	0.083174	0.0031846	50.957	0.019624	5.6037	6.3101	58.302	26.453	53.280	185.69	15.637	8.4993e-06	0.012420
113.20	1.2910	626.27	0.0015967	1.9924	2.0501	20.642	27.882	75.494	525.17	0.22182	6.4074e-05	0.083035	0.0031702	51.208	0.019528	5.6033	6.3095	58.268	26.472	53.423	185.66	15.617	8.5095e-06	0.012444
113.28	1.2968	625.74	0.0015981	1.9978	2.0559	20.691	27.879	75.602	524.19	0.22508	6.3932e-05	0.082895	0.0031559	51.459	0.019433	5.6029	6.3087	58.234	26.491	53.567	185.63	15.597	8.5197e-06	0.012469
113.36	1.3026	625.21	0.0015995	2.0032	2.0616	20.739	27.875	75.710	523.22	0.22834	6.3790e-05	0.082757	0.0031416	51.711	0.019338	5.6025	6.3080	58.200	26.510	53.712	185.60	15.577	8.5300e-06	0.012494
113.43	1.3084	624.68	0.0016008	2.0086	2.0673	20.787	27.872	75.819	522.24	0.23161	6.3649e-05	0.082619	0.0031275	51.963	0.019245	5.6020	6.3073	58.166	26.529	53.857	185.57	15.557	8.5402e-06	0.012519
113.51	1.3142	624.15	0.0016022	2.0140	2.0730	20.835	27.869	75.928	521.27	0.23490	6.3508e-05	0.082481	0.0031133	52.215	0.019152	5.6016	6.3066	58.132	26.548	54.003	185.54	15.537	8.5504e-06	0.012543
113.59	1.3200	623.62	0.0016035	2.0194	2.0787	20.883	27.866	76.038	520.30	0.23819	6.3368e-05	0.082343	0.0030992	52.468	0.019059	5.6012	6.3058	58.098	26.567	54.150	185.50	15.518	8.5606e-06	0.012568
113.66	1.3258	623.10	0.0016049	2.0248	2.0844	20.931	27.863	76.148	519.33	0.24150	6.3229e-05	0.082207	0.0030852	52.721	0.018968	5.6007	6.3051	58.064	26.586	54.297	185.47	15.498	8.5708e-06	0.012593
113.74	1.3316	622.57	0.0016063	2.0302	2.0901	20.978	27.860	76.259	518.36	0.24481	6.3090e-05	0.082070	0.0030712	52.974	0.018877	5.6003	6.3043	58.030	26.605	54.446	185.44	15.478	8.5810e-06	0.012618
113.81	1.3373	622.04	0.0016076	2.0355	2.0957	21.026	27.857	76.370	517.39	0.24814	6.2952e-05	0.081934	0.0030573	53.228	0.018787	5.5998	6.3035	57.997	26.624	54.595	185.41	15.459	8.5912e-06	0.012643
113.89	1.3431	621.51	0.0016090	2.0408	2.1014	21.073	27.854	76.482	516.43	0.25147	6.2814e-05	0.081798	0.0030434	53.482	0.018698	5.5993	6.3028	57.963	26.643	54.744	185.38	15.439	8.6014e-06	0.012668
113.96	1.3489	620.99	0.0016103	2.0462	2.1070	21.120	27.851	76.594	515.46	0.25482	6.2677e-05	0.081663	0.0030296	53.737	0.018609	5.5988	6.3020	57.930	26.662	54.895	185.34	15.420	8.6116e-06	0.012693
114.04	1.3547	620.46	0.0016117	2.0515	2.1126	21.167	27.849	76.707	514.50	0.25818	6.2541e-05	0.081529	0.0030158	53.991	0.018521	5.5984	6.3012	57.896	26.680	55.046	185.31	15.401	8.6218e-06	0.012719
114.11	1.3605	619.94	0.0016131	2.0568	2.1182	21.214	27.846	76.820	513.54	0.26155	6.2405e-05	0.081394	0.0030021	54.247	0.018434	5.5979	6.3004	57.863	26.699	55.198	185.28	15.381	8.6320e-06	0.012744
114.19	1.3663	619.42	0.0016144	2.0621	2.1238	21.261	27.843	76.934	512.59	0.26493	6.2270e-05	0.081260	0.0029884	54.502	0.018348	5.5974	6.2996	57.830	26.718	55.351	185.25	15.362	8.6422e-06	0.012769
114.26	1.3721	618.89	0.0016158	2.0673	2.1294	21.307	27.841	77.049	511.63	0.26832	6.2135e-05	0.081127	0.0029748	54.758	0.018262	5.5969	6.2988	57.796	26.737	55.504	185.21	15.343	8.6524e-06	0.012795
114.34	1.3779	618.37	0.0016172	2.0726	2.1350	21.354	27.839	77.164	510.67	0.27172	6.2001e-05	0.080994	0.0029612	55.015	0.018177	5.5964	6.2979	57.763	26.756	55.659	185.18	15.324	8.6626e-06	0.012820
114.41	1.3837	617.85	0.0016185	2.0779	2.1406	21.400	27.836	77.279	509.72	0.27513	6.1868e-05	0.080861	0.0029477	55.272	0.018092	5.5958	6.2971	57.730	26.775	55.814	185.15	15.305	8.6728e-06	0.012845
114.48	1.3895	617.32	0.0016199	2.0831	2.1462	21.447	27.834	77.395	508.77	0.27856	6.1735e-05	0.080729	0.0029342	55.529	0.018009	5.5953	6.2962	57.697	26.794	55.969	185.12	15.286	8.6830e-06	0.012871
114.56	1.3953	616.80	0.0016213	2.0883	2.1517	21.493	27.832	77.512	507.82	0.28199	6.1602e-05	0.080597	0.0029207	55.786	0.017926	5.5948	6.2954	57.664	26.814	56.126	185.08	15.267	8.6932e-06	0.012897
114.63	1.4011	616.28	0.0016226	2.0936	2.1573	21.539	27.829	77.629	506.87	0.28544	6.1470e-05	0.080465	0.0029074	56.044	0.017843	5.5943	6.2945	57.631	26.833	56.284	185.05	15.248	8.7033e-06	0.012922
114.70	1.4069	615.76	0.0016240	2.0988	2.1628	21.585	27.827	77.746	505.93	0.28889	6.1339e-05	0.080334	0.0028940	56.303	0.017761	5.5937	6.2936	57.598	26.852	56.442	185.02	15.229	8.7135e-06	0.012948
114.78	1.4127	615.24	0.0016254	2.1040	2.1683	21.631	27.825	77.865	504.98	0.29236	6.1208e-05	0.080203	0.0028807	56.561	0.017680	5.5932	6.2928	57.566	26.871	56.601	184.98	15.210	8.7237e-06	0.012974
114.85	1.4185	614.72	0.0016268	2.1092	2.1738	21.676	27.823	77.984	504.04	0.29584	6.1078e-05	0.080073	0.0028675	56.821	0.017599	5.5926	6.2919	57.533	26.890	56.761	184.95	15.192	8.7339e-06	0.012999
114.92	1.4243	614.20	0.0016281	2.1144	2.1793	21.722	27.821	78.103	503.09	0.29934	6.0948e-05	0.079943	0.0028543	57.080	0.017519	5.5920	6.2910	57.500	26.909	56.922	184.91	15.173	8.7441e-06	0.013025
114.99	1.4301	613.68	0.0016295	2.1195	2.1848	21.768	27.820	78.223	502.15	0.30284	6.0819e-05	0.079814	0.0028411	57.340	0.017440	5.5915	6.2901	57.468	26.928	57.084	184.88	15.155	8.7543e-06	0.013051
115.06	1.4359	613.17	0.0016309	2.1247	2.1903	21.813	27.818	78.344	501.22	0.30636	6.0690e-05	0.079684	0.0028280	57.601	0.017361	5.5909	6.2892	57.435	26.947	57.246	184.85	15.136	8.7644e-06	0.013077
115.14	1.4417	612.65	0.0016323	2.1299	2.1958	21.858	27.816	78.465	500.28	0.30989	6.0562e-05	0.079556	0.0028150	57.861	0.017283	5.5903	6.2882	57.403	26.966	57.410	184.81	15.118	8.7746e-06	0.013103
115.21	1.4475	612.13	0.0016336	2.1350	2.2012	21.903	27.814	78.586	499.34	0.31342	6.0434e-05	0.079427	0.0028020	58.123	0.017205	5.5897	6.2873	57.370	26.985	57.574	184.78	15.099	8.7848e-06	0.013130
115.28	1.4533	611.61	0.0016350	2.1401	2.2067	21.948	27.813	78.709	498.41	0.31698	6.0307e-05	0.079299	0.0027890	58.384	0.017128	5.5891	6.2864	57.338	27.005	57.739	184.74	15.081	8.7950e-06	0.013156
115.35	1.4591	611.10	0.0016364	2.1453	2.2121	21.993	27.811	78.832	497.47	0.32054	6.0180e-05	0.079172	0.0027761	58.646	0.017051	5.5885	6.2854	57.306	27.024	57.905	184.71	15.062	8.8052e-06	0.013182
115.42	1.4649	610.58	0.0016378	2.1504	2.2176	22.038	27.810	78.955	496.54	0.32412	6.0054e-05	0.079044	0.0027632	58.909	0.016975	5.5879	6.2845	57.274	27.043	58.072	184.68	15.044	8.8154e-06	0.013208
115.49	1.4707	610.07	0.0016392	2.1555	2.2230	22.083	27.808	79.079	495.61	0.32770	5.9928e-05	0.078917	0.0027503	59.172	0.016900	5.5873	6.2835	57.241	27.062	58.240	184.64	15.026	8.8256e-06	0.013235
115.56	1.4765	609.55	0.0016406	2.1606	2.2284	22.127	27.807	79.204	494.68	0.33131	5.9803e-05	0.078791	0.0027376	59.435	0.016825	5.5867	6.2825	57.209	27.081	58.409	184.61	15.008	8.8357e-06	0.013261
115.63	1.4823	609.04	0.0016419	2.1657	2.2338	22.172	27.806	79.330	493.75	0.33492	5.9678e-05	0.078665	0.0027248	59.699	0.016751	5.5861	6.2815	57.177	27.101	58.578	184.57	14.990	8.8459e-06	0.013288
115.70	1.4881	608.52	0.0016433	2.1707	2.2392	22.216	27.805	79.456	492.83	0.33854	5.9554e-05	0.078539	0.0027121	59.963	0.016677	5.5854	6.2806	57.145	27.120	58.749	184.54	14.971	8.8561e-06	0.013314
115.77	1.4939	608.01	0.0016447	2.1758	2.2446	22.261	27.804	79.582	491.90	0.34218	5.9430e-05	0.078413	0.0026994	60.227	0.016604	5.5848	6.2796	57.113	27.139	58.920	184.50	14.953	8.8663e-06	0.013341
115.84	1.4997	607.49	0.0016461	2.1809	2.2500	22.305	27.802	79.710	490.98	0.34583	5.9306e-05	0.078288	0.0026868	60.492	0.016531	5.5842	6.2786	57.081	27.158	59.093	184.47	14.935	8.8765e-06	0.013368
115.91	1.5055	606.98	0.0016475	2.1859	2.2554	22.349	27.801	79.838	490.05	0.34950	5.9183e-05	0.078163	0.0026743	60.758	0.016459	5.5835	6.2775	57.049	27.178	59.266	184.43	14.917	8.8867e-06	0.013395
115.98	1.5113	606.47	0.0016489	2.1910	2.2608	22.393	27.801	79.966	489.13	0.35317	5.9061e-05	0.078039	0.0026617	61.024	0.016387	5.5828	6.2765	57.018	27.197	59.441	184.39	14.899	8.8969e-06	0.013422
116.05	1.5171	605.96	0.0016503	2.1960	2.2661	22.437	27.800	80.096	488.21	0.35686	5.8938e-05	0.077915	0.0026492	61.290	0.016316	5.5822	6.2755	56.986	27.216	59.616	184.36	14.882	8.9071e-06	0.013448
116.12	1.5229	605.44	0.0016517	2.2010	2.2715	22.481	27.799	80.226	487.29	0.36056	5.8817e-05	0.077791	0.0026368	61.557	0.016245	5.5815	6.2744	56.954	27.236	59.793	184.32	14.864	8.9173e-06	0.013476
116.19	1.5287	604.93	0.0016531	2.2060	2.2768	22.524	27.798	80.356	486.38	0.36428	5.8695e-05	0.077668	0.0026244	61.824	0.016175	5.5808	6.2734	56.922	27.255	59.970	184.29	14.846	8.9276e-06	0.013503
116.25	1.5345	604.42	0.0016545	2.2110	2.2821	22.568	27.797	80.487	485.46	0.36801	5.8575e-05	0.077545	0.0026120	62.092	0.016105	5.5801	6.2723	56.891	27.274	60.148	184.25	14.828	8.9378e-06	0.013530
116.32	1.5403	603.91	0.0016559	2.2160	2.2875	22.611	27.797	80.619	484.54	0.37175	5.8454e-05	0.077422	0.0025997	62.360	0.016036	5.5795	6.2713	56.859	27.294	60.328	184.22	14.810	8.9480e-06	0.013557
116.39	1.5461	603.40	0.0016573	2.2210	2.2928	22.655	27.796	80.752	483.63	0.37551	5.8334e-05	0.077299	0.0025874	62.628	0.015967	5.5788	6.2702	56.828	27.313	60.508	184.18	14.793	8.9582e-06	0.013584
116.46	1.5519	602.89	0.0016587	2.2260	2.2981	22.698	27.796	80.885	482.72	0.37927	5.8215e-05	0.077177	0.0025752	62.897	0.015899	5.5781	6.2691	56.796	27.333	60.690	184.14	14.775	8.9684e-06	0.013612
116.53	1.5577	602.38	0.0016601	2.2310	2.3034	22.741	27.795	81.020	481.80	0.38306	5.8096e-05	0.077056	0.0025630	63.167	0.015831	5.5773	6.2681	56.765	27.352	60.872	184.11	14.758	8.9787e-06	0.013639
116.59	1.5634	601.87	0.0016615	2.2359	2.3087	22.784	27.795	81.154	480.89	0.38685	5.7977e-05	0.076934	0.0025508	63.437	0.015764	5.5766	6.2670	56.733	27.372	61.056	184.07	14.740	8.9889e-06	0.013667
116.66	1.5692	601.36	0.0016629	2.2409	2.3140	22.827	27.795	81.290	479.98	0.39066	5.7858e-05	0.076813	0.0025387	63.707	0.015697	5.5759	6.2659	56.702	27.391	61.240	184.04	14.723	8.9992e-06	0.013695
116.73	1.5750	600.85	0.0016643	2.2458	2.3193	22.870	27.794	81.426	479.08	0.39449	5.7741e-05	0.076693	0.0025266	63.978	0.015630	5.5752	6.2647	56.671	27.411	61.426	184.00	14.705	9.0094e-06	0.013722
116.80	1.5808	600.34	0.0016657	2.2508	2.3245	22.913	27.794	81.563	478.17	0.39832	5.7623e-05	0.076572	0.0025145	64.249	0.015564	5.5744	6.2636	56.639	27.430	61.613	183.96	14.688	9.0196e-06	0.013750
116.86	1.5866	599.83	0.0016671	2.2557	2.3298	22.956	27.794	81.701	477.26	0.40217	5.7506e-05	0.076452	0.0025025	64.521	0.015499	5.5737	6.2625	56.608	27.450	61.801	183.93	14.670	9.0299e-06	0.013778
116.93	1.5924	599.32	0.0016686	2.2606	2.3351	22.999	27.794	81.839	476.36	0.40604	5.7389e-05	0.076332	0.0024906	64.794	0.015434	5.5730	6.2614	56.577	27.469	61.990	183.89	14.653	9.0402e-06	0.013806
117.00	1.5982	598.81	0.0016700	2.2656	2.3403	23.041	27.794	81.978	475.45	0.40992	5.7273e-05	0.076213	0.0024786	65.066	0.015369	5.5722	6.2602	56.546	27.489	62.180	183.85	14.635	9.0504e-06	0.013834
117.06	1.6040	598.30	0.0016714	2.2705	2.3456	23.084	27.794	82.118	474.55	0.41381	5.7157e-05	0.076094	0.0024667	65.340	0.015305	5.5714	6.2591	56.515	27.508	62.371	183.82	14.618	9.0607e-06	0.013862
117.13	1.6098	597.80	0.0016728	2.2754	2.3508	23.126	27.794	82.259	473.65	0.41772	5.7041e-05	0.075975	0.0024549	65.613	0.015241	5.5707	6.2579	56.484	27.528	62.563	183.78	14.601	9.0710e-06	0.013890
117.19	1.6156	597.29	0.0016742	2.2803	2.3560	23.168	27.795	82.400	472.75	0.42165	5.6926e-05	0.075856	0.0024431	65.887	0.015177	5.5699	6.2567	56.453	27.548	62.757	183.74	14.584	9.0813e-06	0.013919
117.26	1.6214	596.78	0.0016757	2.2852	2.3613	23.211	27.795	82.542	471.85	0.42558	5.6811e-05	0.075738	0.0024313	66.162	0.015114	5.5691	6.2556	56.422	27.567	62.952	183.70	14.566	9.0915e-06	0.013947
117.33	1.6272	596.27	0.0016771	2.2900	2.3665	23.253	27.795	82.685	470.95	0.42954	5.6697e-05	0.075620	0.0024196	66.437	0.015052	5.5683	6.2544	56.391	27.587	63.147	183.67	14.549	9.1018e-06	0.013975
117.39	1.6330	595.77	0.0016785	2.2949	2.3717	23.295	27.796	82.829	470.05	0.43350	5.6582e-05	0.075503	0.0024079	66.713	0.014990	5.5675	6.2532	56.360	27.607	63.344	183.63	14.532	9.1121e-06	0.014004
117.46	1.6388	595.26	0.0016799	2.2998	2.3769	23.337	27.796	82.974	469.16	0.43748	5.6469e-05	0.075386	0.0023962	66.989	0.014928	5.5667	6.2520	56.329	27.627	63.543	183.59	14.515	9.1225e-06	0.014033
117.52	1.6446	594.75	0.0016814	2.3046	2.3821	23.379	27.797	83.119	468.26	0.44148	5.6355e-05	0.075269	0.0023846	67.266	0.014866	5.5659	6.2508	56.298	27.646	63.742	183.55	14.498	9.1328e-06	0.014061
117.59	1.6504	594.25	0.0016828	2.3095	2.3873	23.421	27.797	83.265	467.36	0.44549	5.6242e-05	0.075152	0.0023730	67.543	0.014805	5.5651	6.2496	56.267	27.666	63.943	183.52	14.481	9.1431e-06	0.014090
117.65	1.6562	593.74	0.0016842	2.3143	2.3925	23.462	27.798	83.412	466.47	0.44952	5.6129e-05	0.075036	0.0023614	67.820	0.014745	5.5643	6.2483	56.236	27.686	64.144	183.48	14.464	9.1534e-06	0.014119
117.72	1.6620	593.23	0.0016857	2.3192	2.3976	23.504	27.799	83.560	465.58	0.45356	5.6017e-05	0.074920	0.0023499	68.099	0.014685	5.5635	6.2471	56.206	27.706	64.348	183.44	14.447	9.1638e-06	0.014148
117.78	1.6678	592.73	0.0016871	2.3240	2.4028	23.546	27.800	83.709	464.69	0.45762	5.5905e-05	0.074804	0.0023384	68.377	0.014625	5.5627	6.2459	56.175	27.726	64.552	183.40	14.430	9.1741e-06	0.014177
117.84	1.6736	592.22	0.0016886	2.3288	2.4080	23.587	27.800	83.858	463.79	0.46169	5.5793e-05	0.074688	0.0023270	68.656	0.014565	5.5618	6.2446	56.144	27.746	64.758	183.37	14.413	9.1845e-06	0.014206
117.91	1.6794	591.72	0.0016900	2.3336	2.4131	23.629	27.801	84.009	462.90	0.46578	5.5682e-05	0.074573	0.0023156	68.936	0.014506	5.5610	6.2434	56.113	27.766	64.965	183.33	14.396	9.1948e-06	0.014236
117.97	1.6852	591.21	0.0016914	2.3384	2.4183	23.670	27.802	84.160	462.02	0.46989	5.5571e-05	0.074458	0.0023042	69.216	0.014447	5.5601	6.2421	56.083	27.786	65.173	183.29	14.379	9.2052e-06	0.014265
118.04	1.6910	590.71	0.0016929	2.3432	2.4234	23.711	27.803	84.312	461.13	0.47401	5.5460e-05	0.074344	0.0022929	69.497	0.014389	5.5593	6.2408	56.052	27.806	65.382	183.25	14.362	9.2156e-06	0.014295
118.10	1.6968	590.20	0.0016943	2.3480	2.4286	23.752	27.805	84.465	460.24	0.47814	5.5350e-05	0.074230	0.0022816	69.778	0.014331	5.5584	6.2395	56.022	27.826	65.593	183.21	14.345	9.2260e-06	0.014324
118.16	1.7026	589.70	0.0016958	2.3528	2.4337	23.794	27.806	84.619	459.35	0.48230	5.5240e-05	0.074116	0.0022703	70.060	0.014274	5.5576	6.2383	55.991	27.846	65.805	183.17	14.328	9.2364e-06	0.014354
118.23	1.7084	589.19	0.0016972	2.3576	2.4388	23.835	27.807	84.773	458.47	0.48647	5.5130e-05	0.074002	0.0022591	70.342	0.014216	5.5567	6.2370	55.960	27.866	66.019	183.14	14.312	9.2468e-06	0.014384
118.29	1.7142	588.69	0.0016987	2.3624	2.4440	23.876	27.808	84.929	457.58	0.49065	5.5021e-05	0.073888	0.0022479	70.625	0.014159	5.5558	6.2357	55.930	27.886	66.234	183.10	14.295	9.2572e-06	0.014414
118.35	1.7200	588.18	0.0017002	2.3672	2.4491	23.916	27.810	85.086	456.70	0.49485	5.4912e-05	0.073775	0.0022367	70.908	0.014103	5.5549	6.2343	55.899	27.906	66.450	183.06	14.278	9.2676e-06	0.014444
118.42	1.7258	587.68	0.0017016	2.3719	2.4542	23.957	27.811	85.243	455.82	0.49907	5.4803e-05	0.073662	0.0022256	71.192	0.014046	5.5540	6.2330	55.869	27.926	66.668	183.02	14.261	9.2780e-06	0.014474
118.48	1.7316	587.17	0.0017031	2.3767	2.4593	23.998	27.813	85.401	454.93	0.50331	5.4695e-05	0.073550	0.0022145	71.477	0.013991	5.5531	6.2317	55.839	27.946	66.887	182.98	14.245	9.2885e-06	0.014504
118.54	1.7374	586.67	0.0017045	2.3814	2.4644	24.039	27.814	85.561	454.05	0.50756	5.4587e-05	0.073438	0.0022034	71.762	0.013935	5.5522	6.2304	55.808	27.967	67.107	182.94	14.228	9.2989e-06	0.014534
118.60	1.7432	586.16	0.0017060	2.3862	2.4695	24.079	27.816	85.721	453.17	0.51183	5.4479e-05	0.073325	0.0021924	72.047	0.013880	5.5513	6.2290	55.778	27.987	67.329	182.90	14.211	9.3094e-06	0.014564
118.67	1.7490	585.66	0.0017075	2.3909	2.4746	24.120	27.818	85.882	452.29	0.51611	5.4371e-05	0.073214	0.0021814	72.333	0.013825	5.5504	6.2277	55.747	28.007	67.552	182.86	14.195	9.3199e-06	0.014595
118.73	1.7548	585.16	0.0017089	2.3957	2.4797	24.160	27.820	86.044	451.41	0.52041	5.4264e-05	0.073102	0.0021704	72.620	0.013770	5.5495	6.2263	55.717	28.028	67.777	182.82	14.178	9.3304e-06	0.014626
118.79	1.7606	584.65	0.0017104	2.4004	2.4847	24.201	27.822	86.208	450.53	0.52473	5.4157e-05	0.072991	0.0021595	72.907	0.013716	5.5485	6.2249	55.687	28.048	68.003	182.79	14.162	9.3409e-06	0.014656
118.85	1.7664	584.15	0.0017119	2.4051	2.4898	24.241	27.823	86.372	449.66	0.52907	5.4051e-05	0.072880	0.0021486	73.195	0.013662	5.5476	6.2236	55.656	28.068	68.231	182.75	14.145	9.3514e-06	0.014687
118.91	1.7722	583.64	0.0017134	2.4098	2.4949	24.282	27.826	86.537	448.78	0.53343	5.3944e-05	0.072769	0.0021378	73.483	0.013609	5.5467	6.2222	55.626	28.089	68.460	182.71	14.128	9.3619e-06	0.014718
118.98	1.7780	583.14	0.0017149	2.4145	2.4999	24.322	27.828	86.703	447.90	0.53780	5.3838e-05	0.072659	0.0021269	73.772	0.013555	5.5457	6.2208	55.596	28.109	68.691	182.67	14.112	9.3724e-06	0.014749
119.04	1.7838	582.64	0.0017163	2.4192	2.5050	24.362	27.830	86.870	447.03	0.54219	5.3732e-05	0.072549	0.0021161	74.061	0.013502	5.5448	6.2194	55.566	28.130	68.923	182.63	14.095	9.3829e-06	0.014780
119.10	1.7895	582.13	0.0017178	2.4239	2.5100	24.402	27.832	87.039	446.15	0.54660	5.3627e-05	0.072439	0.0021054	74.351	0.013450	5.5438	6.2180	55.535	28.150	69.157	182.59	14.079	9.3935e-06	0.014811
119.16	1.7953	581.63	0.0017193	2.4286	2.5151	24.442	27.834	87.208	445.28	0.55102	5.3522e-05	0.072329	0.0020947	74.642	0.013397	5.5428	6.2166	55.505	28.171	69.393	182.55	14.062	9.4041e-06	0.014843
119.22	1.8011	581.13	0.0017208	2.4333	2.5201	24.482	27.837	87.378	444.41	0.55547	5.3417e-05	0.072220	0.0020840	74.933	0.013345	5.5419	6.2151	55.475	28.191	69.630	182.51	14.046	9.4146e-06	0.014874
119.28	1.8069	580.62	0.0017223	2.4380	2.5252	24.522	27.839	87.549	443.53	0.55993	5.3312e-05	0.072111	0.0020733	75.225	0.013294	5.5409	6.2137	55.445	28.212	69.869	182.47	14.029	9.4252e-06	0.014906
119.34	1.8127	580.12	0.0017238	2.4427	2.5302	24.562	27.842	87.722	442.66	0.56441	5.3208e-05	0.072002	0.0020627	75.517	0.013242	5.5399	6.2123	55.415	28.232	70.109	182.43	14.013	9.4358e-06	0.014938
119.40	1.8185	579.61	0.0017253	2.4474	2.5352	24.602	27.844	87.895	441.79	0.56891	5.3104e-05	0.071894	0.0020520	75.810	0.013191	5.5389	6.2108	55.385	28.253	70.351	182.39	13.997	9.4464e-06	0.014969
119.46	1.8243	579.11	0.0017268	2.4520	2.5403	24.641	27.847	88.070	440.92	0.57343	5.3000e-05	0.071785	0.0020415	76.103	0.013140	5.5379	6.2094	55.355	28.274	70.594	182.35	13.980	9.4571e-06	0.015001
119.52	1.8301	578.61	0.0017283	2.4567	2.5453	24.681	27.850	88.246	440.05	0.57797	5.2896e-05	0.071677	0.0020309	76.398	0.013089	5.5369	6.2079	55.325	28.295	70.840	182.31	13.964	9.4677e-06	0.015033
119.58	1.8359	578.10	0.0017298	2.4613	2.5503	24.720	27.852	88.422	439.18	0.58252	5.2793e-05	0.071570	0.0020204	76.692	0.013039	5.5359	6.2064	55.294	28.315	71.087	182.27	13.947	9.4784e-06	0.015066
119.64	1.8417	577.60	0.0017313	2.4660	2.5553	24.760	27.855	88.600	438.31	0.58710	5.2690e-05	0.071462	0.0020099	76.988	0.012989	5.5349	6.2049	55.264	28.336	71.335	182.23	13.931	9.4890e-06	0.015098
119.70	1.8475	577.10	0.0017328	2.4706	2.5603	24.800	27.858	88.779	437.44	0.59169	5.2587e-05	0.071355	0.0019995	77.283	0.012939	5.5338	6.2034	55.234	28.357	71.586	182.19	13.915	9.4997e-06	0.015130
119.76	1.8533	576.59	0.0017343	2.4753	2.5653	24.839	27.861	88.960	436.57	0.59630	5.2484e-05	0.071248	0.0019891	77.580	0.012890	5.5328	6.2019	55.204	28.378	71.838	182.15	13.898	9.5104e-06	0.015163
119.82	1.8591	576.09	0.0017358	2.4799	2.5703	24.878	27.864	89.141	435.71	0.60094	5.2382e-05	0.071141	0.0019787	77.877	0.012841	5.5318	6.2004	55.174	28.399	72.092	182.11	13.882	9.5211e-06	0.015196
119.88	1.8649	575.58	0.0017374	2.4845	2.5753	24.918	27.867	89.324	434.84	0.60559	5.2280e-05	0.071034	0.0019683	78.175	0.012792	5.5307	6.1989	55.144	28.420	72.347	182.07	13.866	9.5318e-06	0.015229
119.94	1.8707	575.08	0.0017389	2.4892	2.5803	24.957	27.871	89.507	433.98	0.61026	5.2178e-05	0.070928	0.0019580	78.473	0.012743	5.5297	6.1974	55.114	28.441	72.605	182.03	13.849	9.5426e-06	0.015261
120.00	1.8765	574.58	0.0017404	2.4938	2.5853	24.996	27.874	89.692	433.11	0.61496	5.2077e-05	0.070822	0.0019477	78.772	0.012695	5.5286	6.1959	55.084	28.462	72.864	181.99	13.833	9.5533e-06	0.015295
120.06	1.8823	574.07	0.0017419	2.4984	2.5903	25.035	27.877	89.879	432.25	0.61967	5.1975e-05	0.070716	0.0019375	79.072	0.012647	5.5275	6.1943	55.054	28.483	73.125	181.95	13.817	9.5641e-06	0.015328
120.12	1.8881	573.57	0.0017435	2.5030	2.5952	25.074	27.881	90.066	431.38	0.62440	5.1874e-05	0.070611	0.0019272	79.372	0.012599	5.5265	6.1928	55.024	28.504	73.388	181.91	13.801	9.5749e-06	0.015361
120.18	1.8939	573.06	0.0017450	2.5076	2.6002	25.113	27.884	90.255	430.52	0.62916	5.1773e-05	0.070506	0.0019170	79.673	0.012551	5.5254	6.1912	54.994	28.525	73.653	181.86	13.784	9.5857e-06	0.015395
120.24	1.8997	572.56	0.0017465	2.5122	2.6052	25.152	27.888	90.444	429.65	0.63393	5.1673e-05	0.070400	0.0019068	79.975	0.012504	5.5243	6.1897	54.964	28.547	73.920	181.82	13.768	9.5965e-06	0.015428
120.29	1.9055	572.06	0.0017481	2.5168	2.6101	25.191	27.891	90.636	428.79	0.63872	5.1572e-05	0.070296	0.0018967	80.277	0.012457	5.5232	6.1881	54.935	28.568	74.189	181.78	13.752	9.6073e-06	0.015462
120.35	1.9113	571.55	0.0017496	2.5214	2.6151	25.230	27.895	90.828	427.93	0.64354	5.1472e-05	0.070191	0.0018866	80.580	0.012410	5.5221	6.1865	54.905	28.589	74.460	181.74	13.736	9.6182e-06	0.015496
120.41	1.9171	571.05	0.0017512	2.5260	2.6201	25.269	27.899	91.022	427.07	0.64838	5.1372e-05	0.070087	0.0018765	80.883	0.012364	5.5210	6.1849	54.875	28.610	74.733	181.70	13.719	9.6290e-06	0.015530
120.47	1.9229	570.54	0.0017527	2.5306	2.6250	25.308	27.903	91.217	426.21	0.65324	5.1272e-05	0.069983	0.0018664	81.187	0.012317	5.5199	6.1833	54.845	28.632	75.007	181.66	13.703	9.6399e-06	0.015564
120.53	1.9287	570.04	0.0017543	2.5352	2.6300	25.346	27.907	91.413	425.35	0.65811	5.1173e-05	0.069879	0.0018564	81.492	0.012271	5.5188	6.1817	54.815	28.653	75.284	181.62	13.687	9.6508e-06	0.015598
120.58	1.9345	569.53	0.0017558	2.5398	2.6349	25.385	27.911	91.611	424.49	0.66302	5.1074e-05	0.069775	0.0018464	81.798	0.012225	5.5177	6.1801	54.785	28.675	75.563	181.58	13.671	9.6617e-06	0.015633
120.64	1.9403	569.03	0.0017574	2.5443	2.6399	25.424	27.915	91.810	423.63	0.66794	5.0975e-05	0.069672	0.0018364	82.104	0.012180	5.5165	6.1785	54.755	28.696	75.844	181.54	13.655	9.6726e-06	0.015667
120.70	1.9461	568.52	0.0017589	2.5489	2.6448	25.462	27.919	92.010	422.77	0.67288	5.0876e-05	0.069569	0.0018265	82.410	0.012134	5.5154	6.1768	54.725	28.718	76.127	181.49	13.638	9.6836e-06	0.015702
120.76	1.9519	568.02	0.0017605	2.5535	2.6497	25.501	27.923	92.212	421.91	0.67785	5.0777e-05	0.069466	0.0018166	82.718	0.012089	5.5142	6.1752	54.695	28.739	76.412	181.45	13.622	9.6945e-06	0.015737
120.82	1.9577	567.51	0.0017621	2.5580	2.6547	25.539	27.928	92.415	421.05	0.68284	5.0679e-05	0.069363	0.0018067	83.026	0.012044	5.5131	6.1735	54.665	28.761	76.699	181.41	13.606	9.7055e-06	0.015772
120.87	1.9635	567.01	0.0017636	2.5626	2.6596	25.578	27.932	92.620	420.19	0.68785	5.0581e-05	0.069261	0.0017968	83.335	0.012000	5.5119	6.1719	54.636	28.783	76.988	181.37	13.590	9.7165e-06	0.015807
120.93	1.9693	566.50	0.0017652	2.5672	2.6645	25.616	27.937	92.826	419.34	0.69288	5.0483e-05	0.069158	0.0017870	83.645	0.011955	5.5108	6.1702	54.606	28.804	77.280	181.33	13.574	9.7275e-06	0.015842
120.99	1.9751	566.00	0.0017668	2.5717	2.6694	25.654	27.941	93.034	418.48	0.69794	5.0385e-05	0.069056	0.0017772	83.955	0.011911	5.5096	6.1685	54.576	28.826	77.574	181.29	13.558	9.7386e-06	0.015878
121.04	1.9809	565.49	0.0017684	2.5763	2.6744	25.693	27.946	93.243	417.62	0.70302	5.0287e-05	0.068955	0.0017674	84.266	0.011867	5.5084	6.1669	54.546	28.848	77.870	181.24	13.541	9.7496e-06	0.015914
121.10	1.9867	564.98	0.0017700	2.5808	2.6793	25.731	27.950	93.453	416.77	0.70812	5.0190e-05	0.068853	0.0017577	84.577	0.011823	5.5072	6.1652	54.516	28.870	78.168	181.20	13.525	9.7607e-06	0.015949
121.16	1.9925	564.48	0.0017715	2.5853	2.6842	25.769	27.955	93.665	415.91	0.71325	5.0093e-05	0.068752	0.0017480	84.890	0.011780	5.5060	6.1635	54.486	28.892	78.469	181.16	13.509	9.7718e-06	0.015985
121.21	1.9983	563.97	0.0017731	2.5899	2.6891	25.807	27.960	93.878	415.06	0.71840	4.9996e-05	0.068651	0.0017383	85.203	0.011737	5.5048	6.1618	54.456	28.914	78.772	181.12	13.493	9.7829e-06	0.016021
121.27	2.0041	563.46	0.0017747	2.5944	2.6940	25.845	27.965	94.093	414.20	0.72357	4.9899e-05	0.068550	0.0017286	85.517	0.011694	5.5036	6.1600	54.427	28.936	79.077	181.08	13.477	9.7941e-06	0.016058
121.33	2.0099	562.96	0.0017763	2.5989	2.6989	25.884	27.970	94.310	413.35	0.72877	4.9802e-05	0.068449	0.0017190	85.831	0.011651	5.5024	6.1583	54.397	28.958	79.385	181.03	13.461	9.8052e-06	0.016094
121.38	2.0157	562.45	0.0017779	2.6035	2.7038	25.922	27.975	94.528	412.49	0.73399	4.9706e-05	0.068349	0.0017094	86.147	0.011608	5.5012	6.1566	54.367	28.980	79.695	180.99	13.445	9.8164e-06	0.016131
121.44	2.0214	561.94	0.0017795	2.6080	2.7087	25.960	27.980	94.748	411.64	0.73923	4.9610e-05	0.068249	0.0016998	86.463	0.011566	5.5000	6.1548	54.337	29.002	80.007	180.95	13.428	9.8276e-06	0.016167
121.49	2.0272	561.44	0.0017811	2.6125	2.7136	25.998	27.986	94.969	410.78	0.74450	4.9514e-05	0.068149	0.0016902	86.779	0.011523	5.4987	6.1531	54.307	29.024	80.322	180.91	13.412	9.8388e-06	0.016204
121.55	2.0330	560.93	0.0017828	2.6170	2.7185	26.035	27.991	95.192	409.93	0.74980	4.9418e-05	0.068049	0.0016807	87.097	0.011481	5.4975	6.1513	54.277	29.046	80.640	180.86	13.396	9.8500e-06	0.016241
121.61	2.0388	560.42	0.0017844	2.6215	2.7234	26.073	27.996	95.417	409.08	0.75512	4.9322e-05	0.067949	0.0016712	87.415	0.011440	5.4963	6.1496	54.247	29.069	80.960	180.82	13.380	9.8613e-06	0.016279
121.66	2.0446	559.91	0.0017860	2.6260	2.7283	26.111	28.002	95.643	408.22	0.76046	4.9227e-05	0.067850	0.0016617	87.734	0.011398	5.4950	6.1478	54.218	29.091	81.282	180.78	13.364	9.8726e-06	0.016316
121.72	2.0504	559.40	0.0017876	2.6305	2.7332	26.149	28.008	95.871	407.37	0.76583	4.9131e-05	0.067751	0.0016523	88.054	0.011357	5.4937	6.1460	54.188	29.113	81.607	180.74	13.348	9.8839e-06	0.016354
121.77	2.0562	558.89	0.0017892	2.6350	2.7381	26.187	28.013	96.101	406.52	0.77123	4.9036e-05	0.067652	0.0016429	88.374	0.011316	5.4925	6.1442	54.158	29.136	81.935	180.69	13.332	9.8952e-06	0.016391
121.83	2.0620	558.39	0.0017909	2.6395	2.7430	26.224	28.019	96.332	405.67	0.77665	4.8941e-05	0.067553	0.0016335	88.695	0.011275	5.4912	6.1424	54.128	29.158	82.266	180.65	13.316	9.9065e-06	0.016429
121.88	2.0678	557.88	0.0017925	2.6440	2.7479	26.262	28.025	96.565	404.82	0.78209	4.8847e-05	0.067455	0.0016241	89.017	0.011234	5.4899	6.1406	54.098	29.181	82.599	180.61	13.299	9.9179e-06	0.016468
121.94	2.0736	557.37	0.0017941	2.6485	2.7527	26.300	28.031	96.800	403.96	0.78757	4.8752e-05	0.067357	0.0016148	89.340	0.011193	5.4886	6.1388	54.068	29.204	82.935	180.57	13.283	9.9293e-06	0.016506
121.99	2.0794	556.86	0.0017958	2.6530	2.7576	26.337	28.037	97.037	403.11	0.79306	4.8658e-05	0.067259	0.0016055	89.664	0.011153	5.4873	6.1369	54.038	29.226	83.273	180.52	13.267	9.9407e-06	0.016544
122.05	2.0852	556.35	0.0017974	2.6575	2.7625	26.375	28.043	97.276	402.26	0.79859	4.8563e-05	0.067161	0.0015962	89.988	0.011113	5.4860	6.1351	54.008	29.249	83.615	180.48	13.251	9.9521e-06	0.016583
122.10	2.0910	555.84	0.0017991	2.6620	2.7674	26.412	28.049	97.516	401.41	0.80414	4.8469e-05	0.067063	0.0015869	90.313	0.011073	5.4847	6.1332	53.978	29.272	83.959	180.44	13.235	9.9636e-06	0.016622
122.16	2.0968	555.33	0.0018007	2.6665	2.7722	26.450	28.055	97.758	400.56	0.80972	4.8375e-05	0.066966	0.0015777	90.639	0.011033	5.4834	6.1314	53.948	29.295	84.306	180.39	13.219	9.9751e-06	0.016661
122.21	2.1026	554.81	0.0018024	2.6710	2.7771	26.487	28.062	98.002	399.71	0.81533	4.8282e-05	0.066869	0.0015685	90.966	0.010993	5.4821	6.1295	53.919	29.317	84.656	180.35	13.203	9.9866e-06	0.016700
122.27	2.1084	554.30	0.0018041	2.6754	2.7820	26.525	28.068	98.248	398.86	0.82096	4.8188e-05	0.066772	0.0015593	91.294	0.010954	5.4807	6.1276	53.889	29.340	85.009	180.31	13.186	9.9981e-06	0.016740
122.32	2.1142	553.79	0.0018057	2.6799	2.7868	26.562	28.075	98.496	398.01	0.82662	4.8094e-05	0.066675	0.0015501	91.622	0.010914	5.4794	6.1257	53.859	29.363	85.365	180.26	13.170	1.0010e-05	0.016779
122.37	2.1200	553.28	0.0018074	2.6844	2.7917	26.600	28.081	98.746	397.16	0.83231	4.8001e-05	0.066578	0.0015410	91.951	0.010875	5.4780	6.1238	53.829	29.387	85.724	180.22	13.154	1.0021e-05	0.016819
122.43	2.1258	552.77	0.0018091	2.6888	2.7966	26.637	28.088	98.998	396.31	0.83803	4.7908e-05	0.066482	0.0015319	92.281	0.010836	5.4767	6.1219	53.799	29.410	86.085	180.18	13.138	1.0033e-05	0.016859
122.48	2.1316	552.25	0.0018108	2.6933	2.8014	26.674	28.095	99.252	395.46	0.84377	4.7815e-05	0.066386	0.0015228	92.612	0.010798	5.4753	6.1200	53.769	29.433	86.450	180.13	13.122	1.0045e-05	0.016899
122.54	2.1374	551.74	0.0018124	2.6978	2.8063	26.711	28.102	99.508	394.62	0.84955	4.7722e-05	0.066290	0.0015137	92.944	0.010759	5.4739	6.1181	53.739	29.456	86.819	180.09	13.106	1.0056e-05	0.016940
122.59	2.1432	551.23	0.0018141	2.7022	2.8111	26.749	28.109	99.766	393.77	0.85535	4.7629e-05	0.066194	0.0015047	93.277	0.010721	5.4726	6.1162	53.709	29.479	87.190	180.05	13.089	1.0068e-05	0.016980
122.64	2.1490	550.71	0.0018158	2.7067	2.8160	26.786	28.116	100.03	392.92	0.86118	4.7537e-05	0.066099	0.0014957	93.610	0.010683	5.4712	6.1142	53.679	29.503	87.564	180.00	13.073	1.0080e-05	0.017021
122.70	2.1548	550.20	0.0018175	2.7112	2.8209	26.823	28.123	100.29	392.07	0.86704	4.7444e-05	0.066003	0.0014867	93.944	0.010645	5.4698	6.1123	53.649	29.526	87.942	179.96	13.057	1.0091e-05	0.017062
122.75	2.1606	549.69	0.0018192	2.7156	2.8257	26.860	28.130	100.55	391.22	0.87293	4.7352e-05	0.065908	0.0014777	94.279	0.010607	5.4684	6.1103	53.619	29.550	88.323	179.91	13.041	1.0103e-05	0.017103
122.80	2.1664	549.17	0.0018209	2.7201	2.8306	26.897	28.138	100.82	390.37	0.87886	4.7260e-05	0.065813	0.0014688	94.615	0.010569	5.4670	6.1083	53.589	29.573	88.708	179.87	13.025	1.0115e-05	0.017145
122.86	2.1722	548.66	0.0018226	2.7245	2.8354	26.934	28.145	101.09	389.52	0.88481	4.7168e-05	0.065719	0.0014599	94.952	0.010532	5.4656	6.1063	53.558	29.597	89.096	179.83	13.008	1.0127e-05	0.017187
122.91	2.1780	548.14	0.0018244	2.7290	2.8403	26.971	28.153	101.36	388.68	0.89079	4.7076e-05	0.065624	0.0014510	95.290	0.010494	5.4641	6.1043	53.528	29.620	89.487	179.78	12.992	1.0139e-05	0.017228
122.96	2.1838	547.62	0.0018261	2.7334	2.8451	27.008	28.160	101.63	387.83	0.89680	4.6985e-05	0.065530	0.0014421	95.629	0.010457	5.4627	6.1023	53.498	29.644	89.882	179.74	12.976	1.0150e-05	0.017271
123.01	2.1896	547.11	0.0018278	2.7379	2.8500	27.046	28.168	101.91	386.98	0.90284	4.6893e-05	0.065436	0.0014333	95.968	0.010420	5.4613	6.1003	53.468	29.668	90.280	179.69	12.960	1.0162e-05	0.017313
123.07	2.1954	546.59	0.0018295	2.7423	2.8548	27.082	28.176	102.19	386.13	0.90892	4.6801e-05	0.065342	0.0014245	96.309	0.010383	5.4598	6.0983	53.438	29.692	90.682	179.65	12.943	1.0174e-05	0.017355
123.12	2.2012	546.07	0.0018313	2.7468	2.8597	27.119	28.184	102.47	385.29	0.91502	4.6710e-05	0.065248	0.0014157	96.650	0.010347	5.4584	6.0963	53.408	29.716	91.087	179.61	12.927	1.0186e-05	0.017398
123.17	2.2070	545.55	0.0018330	2.7512	2.8645	27.156	28.192	102.75	384.44	0.92116	4.6619e-05	0.065155	0.0014069	96.993	0.010310	5.4569	6.0942	53.378	29.740	91.496	179.56	12.911	1.0198e-05	0.017441
123.23	2.2128	545.04	0.0018347	2.7556	2.8693	27.193	28.200	103.03	383.59	0.92733	4.6528e-05	0.065061	0.0013982	97.336	0.010274	5.4554	6.0922	53.347	29.764	91.909	179.52	12.894	1.0210e-05	0.017484
123.28	2.2186	544.52	0.0018365	2.7601	2.8742	27.230	28.208	103.32	382.74	0.93353	4.6437e-05	0.064968	0.0013895	97.680	0.010238	5.4540	6.0901	53.317	29.788	92.326	179.47	12.878	1.0222e-05	0.017528
123.33	2.2244	544.00	0.0018382	2.7645	2.8790	27.267	28.216	103.61	381.89	0.93976	4.6346e-05	0.064875	0.0013808	98.025	0.010201	5.4525	6.0881	53.287	29.812	92.746	179.43	12.862	1.0234e-05	0.017572
123.38	2.2302	543.48	0.0018400	2.7689	2.8839	27.304	28.225	103.90	381.05	0.94603	4.6255e-05	0.064783	0.0013721	98.371	0.010166	5.4510	6.0860	53.257	29.836	93.170	179.38	12.845	1.0247e-05	0.017616
123.43	2.2360	542.96	0.0018418	2.7734	2.8887	27.341	28.233	104.20	380.20	0.95233	4.6165e-05	0.064690	0.0013635	98.718	0.010130	5.4495	6.0839	53.226	29.861	93.599	179.34	12.829	1.0259e-05	0.017660
123.49	2.2418	542.44	0.0018435	2.7778	2.8936	27.377	28.242	104.50	379.35	0.95866	4.6074e-05	0.064598	0.0013548	99.066	0.010094	5.4480	6.0818	53.196	29.885	94.031	179.29	12.813	1.0271e-05	0.017704
123.54	2.2475	541.91	0.0018453	2.7822	2.8984	27.414	28.250	104.80	378.51	0.96503	4.5984e-05	0.064506	0.0013462	99.415	0.010059	5.4464	6.0797	53.166	29.910	94.467	179.25	12.796	1.0283e-05	0.017749
123.59	2.2533	541.39	0.0018471	2.7867	2.9032	27.451	28.259	105.10	377.66	0.97143	4.5894e-05	0.064414	0.0013377	99.765	0.010024	5.4449	6.0776	53.135	29.934	94.907	179.20	12.780	1.0295e-05	0.017794
123.64	2.2591	540.87	0.0018489	2.7911	2.9081	27.488	28.268	105.41	376.81	0.97787	4.5804e-05	0.064322	0.0013291	100.12	0.0099885	5.4434	6.0754	53.105	29.959	95.352	179.16	12.764	1.0308e-05	0.017839
123.69	2.2649	540.35	0.0018507	2.7955	2.9129	27.524	28.277	105.71	375.96	0.98434	4.5714e-05	0.064231	0.0013206	100.47	0.0099535	5.4418	6.0733	53.075	29.983	95.801	179.11	12.747	1.0320e-05	0.017884
123.74	2.2707	539.82	0.0018525	2.7999	2.9178	27.561	28.286	106.02	375.12	0.99084	4.5624e-05	0.064139	0.0013121	100.82	0.0099186	5.4403	6.0711	53.044	30.008	96.254	179.07	12.731	1.0332e-05	0.017930
123.80	2.2765	539.30	0.0018543	2.8044	2.9226	27.598	28.295	106.34	374.27	0.99739	4.5534e-05	0.064048	0.0013036	101.17	0.0098840	5.4387	6.0690	53.014	30.033	96.711	179.02	12.714	1.0345e-05	0.017976
123.85	2.2823	538.78	0.0018561	2.8088	2.9275	27.635	28.305	106.66	373.42	1.0040	4.5444e-05	0.063957	0.0012951	101.53	0.0098494	5.4372	6.0668	52.983	30.058	97.173	178.98	12.698	1.0357e-05	0.018022
123.90	2.2881	538.25	0.0018579	2.8132	2.9323	27.671	28.314	106.98	372.57	1.0106	4.5355e-05	0.063867	0.0012867	101.88	0.0098150	5.4356	6.0646	52.953	30.083	97.639	178.93	12.681	1.0370e-05	0.018069
123.95	2.2939	537.72	0.0018597	2.8176	2.9371	27.708	28.324	107.30	371.73	1.0172	4.5265e-05	0.063776	0.0012783	102.24	0.0097808	5.4340	6.0624	52.922	30.108	98.110	178.89	12.665	1.0382e-05	0.018115
124.00	2.2997	537.20	0.0018615	2.8221	2.9420	27.744	28.333	107.62	370.88	1.0239	4.5176e-05	0.063686	0.0012699	102.60	0.0097466	5.4324	6.0602	52.892	30.133	98.585	178.84	12.648	1.0395e-05	0.018162
124.05	2.3055	536.67	0.0018633	2.8265	2.9468	27.781	28.343	107.95	370.03	1.0306	4.5087e-05	0.063596	0.0012615	102.96	0.0097126	5.4308	6.0580	52.861	30.158	99.065	178.80	12.632	1.0407e-05	0.018210
124.10	2.3113	536.14	0.0018652	2.8309	2.9517	27.818	28.353	108.28	369.18	1.0374	4.4997e-05	0.063506	0.0012532	103.32	0.0096788	5.4292	6.0558	52.830	30.184	99.550	178.75	12.615	1.0420e-05	0.018257
124.15	2.3171	535.62	0.0018670	2.8353	2.9565	27.854	28.363	108.62	368.33	1.0442	4.4908e-05	0.063416	0.0012449	103.68	0.0096451	5.4276	6.0536	52.800	30.209	100.04	178.71	12.599	1.0432e-05	0.018305
124.20	2.3229	535.09	0.0018689	2.8397	2.9613	27.891	28.373	108.96	367.49	1.0510	4.4819e-05	0.063326	0.0012366	104.04	0.0096115	5.4259	6.0513	52.769	30.234	100.53	178.66	12.582	1.0445e-05	0.018353
124.25	2.3287	534.56	0.0018707	2.8442	2.9662	27.927	28.383	109.30	366.64	1.0579	4.4730e-05	0.063237	0.0012283	104.41	0.0095781	5.4243	6.0490	52.738	30.260	101.03	178.61	12.566	1.0458e-05	0.018402
124.30	2.3345	534.03	0.0018726	2.8486	2.9710	27.964	28.393	109.64	365.79	1.0648	4.4642e-05	0.063148	0.0012200	104.77	0.0095448	5.4226	6.0468	52.708	30.286	101.54	178.57	12.549	1.0470e-05	0.018450
124.35	2.3403	533.50	0.0018744	2.8530	2.9759	28.000	28.404	109.99	364.94	1.0718	4.4553e-05	0.063059	0.0012118	105.13	0.0095116	5.4210	6.0445	52.677	30.311	102.05	178.52	12.532	1.0483e-05	0.018499
124.40	2.3461	532.96	0.0018763	2.8574	2.9807	28.037	28.414	110.34	364.09	1.0788	4.4464e-05	0.062970	0.0012036	105.50	0.0094786	5.4193	6.0422	52.646	30.337	102.56	178.48	12.516	1.0496e-05	0.018549
124.45	2.3519	532.43	0.0018782	2.8618	2.9856	28.073	28.425	110.70	363.24	1.0858	4.4376e-05	0.062881	0.0011954	105.87	0.0094456	5.4177	6.0399	52.615	30.363	103.08	178.43	12.499	1.0509e-05	0.018598
124.50	2.3577	531.90	0.0018801	2.8662	2.9904	28.110	28.435	111.05	362.39	1.0929	4.4287e-05	0.062793	0.0011872	106.24	0.0094129	5.4160	6.0376	52.584	30.389	103.61	178.38	12.482	1.0522e-05	0.018648
124.55	2.3635	531.37	0.0018819	2.8707	2.9953	28.146	28.446	111.42	361.54	1.1000	4.4199e-05	0.062705	0.0011791	106.61	0.0093802	5.4143	6.0353	52.553	30.415	104.14	178.34	12.466	1.0535e-05	0.018699
124.60	2.3693	530.83	0.0018838	2.8751	3.0001	28.183	28.457	111.78	360.70	1.1071	4.4110e-05	0.062617	0.0011710	106.98	0.0093477	5.4126	6.0329	52.522	30.441	104.68	178.29	12.449	1.0548e-05	0.018749
124.65	2.3751	530.30	0.0018857	2.8795	3.0050	28.219	28.468	112.15	359.85	1.1143	4.4022e-05	0.062529	0.0011629	107.35	0.0093153	5.4109	6.0306	52.491	30.467	105.22	178.25	12.432	1.0561e-05	0.018800
124.70	2.3809	529.76	0.0018876	2.8839	3.0098	28.256	28.479	112.52	359.00	1.1216	4.3934e-05	0.062442	0.0011548	107.72	0.0092830	5.4091	6.0282	52.460	30.494	105.76	178.20	12.415	1.0574e-05	0.018851
124.75	2.3867	529.22	0.0018896	2.8883	3.0147	28.292	28.491	112.90	358.15	1.1288	4.3846e-05	0.062354	0.0011468	108.10	0.0092508	5.4074	6.0258	52.429	30.520	106.32	178.15	12.398	1.0587e-05	0.018903
124.80	2.3925	528.69	0.0018915	2.8928	3.0195	28.328	28.502	113.28	357.30	1.1362	4.3758e-05	0.062267	0.0011387	108.47	0.0092188	5.4057	6.0235	52.398	30.546	106.88	178.11	12.382	1.0600e-05	0.018955
124.85	2.3983	528.15	0.0018934	2.8972	3.0244	28.365	28.514	113.66	356.45	1.1435	4.3670e-05	0.062180	0.0011307	108.85	0.0091869	5.4039	6.0211	52.367	30.573	107.44	178.06	12.365	1.0613e-05	0.019007
124.90	2.4041	527.61	0.0018953	2.9016	3.0292	28.401	28.525	114.05	355.59	1.1509	4.3582e-05	0.062093	0.0011227	109.23	0.0091551	5.4022	6.0187	52.336	30.600	108.01	178.01	12.348	1.0626e-05	0.019059
124.95	2.4099	527.07	0.0018973	2.9060	3.0341	28.438	28.537	114.44	354.74	1.1584	4.3494e-05	0.062006	0.0011148	109.61	0.0091234	5.4004	6.0162	52.305	30.626	108.59	177.97	12.331	1.0640e-05	0.019112
125.00	2.4157	526.53	0.0018992	2.9104	3.0389	28.474	28.549	114.84	353.89	1.1659	4.3407e-05	0.061920	0.0011068	109.99	0.0090918	5.3986	6.0138	52.273	30.653	109.18	177.92	12.314	1.0653e-05	0.019165
125.05	2.4215	525.99	0.0019012	2.9148	3.0438	28.511	28.561	115.24	353.04	1.1734	4.3319e-05	0.061834	0.0010989	110.37	0.0090604	5.3969	6.0114	52.242	30.680	109.77	177.87	12.297	1.0666e-05	0.019219
125.10	2.4273	525.45	0.0019031	2.9193	3.0487	28.547	28.573	115.64	352.19	1.1810	4.3231e-05	0.061748	0.0010910	110.75	0.0090290	5.3951	6.0089	52.211	30.707	110.36	177.83	12.280	1.0680e-05	0.019273
125.15	2.4331	524.90	0.0019051	2.9237	3.0535	28.583	28.586	116.05	351.34	1.1887	4.3144e-05	0.061662	0.0010831	111.14	0.0089978	5.3933	6.0065	52.179	30.734	110.97	177.78	12.263	1.0693e-05	0.019327
125.20	2.4389	524.36	0.0019071	2.9281	3.0584	28.620	28.598	116.47	350.49	1.1963	4.3056e-05	0.061576	0.0010753	111.52	0.0089667	5.3914	6.0040	52.148	30.761	111.58	177.73	12.246	1.0707e-05	0.019382
125.24	2.4447	523.82	0.0019091	2.9325	3.0633	28.656	28.611	116.88	349.63	1.2041	4.2969e-05	0.061491	0.0010674	111.91	0.0089357	5.3896	6.0015	52.116	30.789	112.19	177.68	12.229	1.0720e-05	0.019437
125.29	2.4505	523.27	0.0019111	2.9370	3.0681	28.693	28.623	117.30	348.78	1.2118	4.2881e-05	0.061406	0.0010596	112.30	0.0089048	5.3878	5.9990	52.085	30.816	112.82	177.64	12.212	1.0734e-05	0.019492
125.34	2.4563	522.72	0.0019131	2.9414	3.0730	28.729	28.636	117.73	347.93	1.2197	4.2794e-05	0.061321	0.0010518	112.69	0.0088741	5.3859	5.9965	52.053	30.844	113.45	177.59	12.195	1.0748e-05	0.019548
125.39	2.4621	522.18	0.0019151	2.9458	3.0779	28.765	28.649	118.16	347.07	1.2275	4.2707e-05	0.061236	0.0010440	113.08	0.0088434	5.3841	5.9939	52.021	30.871	114.08	177.54	12.177	1.0761e-05	0.019604
125.44	2.4679	521.63	0.0019171	2.9502	3.0827	28.802	28.662	118.60	346.22	1.2355	4.2619e-05	0.061151	0.0010363	113.47	0.0088128	5.3822	5.9914	51.990	30.899	114.73	177.49	12.160	1.0775e-05	0.019660
125.49	2.4736	521.08	0.0019191	2.9547	3.0876	28.838	28.675	119.04	345.37	1.2434	4.2532e-05	0.061067	0.0010286	113.86	0.0087824	5.3803	5.9888	51.958	30.927	115.38	177.45	12.143	1.0789e-05	0.019717
125.53	2.4794	520.53	0.0019211	2.9591	3.0925	28.875	28.689	119.48	344.51	1.2515	4.2445e-05	0.060983	0.0010209	114.26	0.0087521	5.3784	5.9863	51.926	30.955	116.04	177.40	12.126	1.0803e-05	0.019774
125.58	2.4852	519.98	0.0019232	2.9635	3.0974	28.911	28.702	119.93	343.66	1.2595	4.2358e-05	0.060898	0.0010132	114.65	0.0087218	5.3766	5.9837	51.894	30.983	116.71	177.35	12.109	1.0817e-05	0.019832
125.63	2.4910	519.43	0.0019252	2.9679	3.1023	28.947	28.716	120.39	342.80	1.2676	4.2271e-05	0.060815	0.0010055	115.05	0.0086917	5.3746	5.9811	51.862	31.011	117.38	177.30	12.091	1.0830e-05	0.019890
125.68	2.4968	518.87	0.0019273	2.9724	3.1072	28.984	28.730	120.85	341.94	1.2758	4.2184e-05	0.060731	0.00099785	115.45	0.0086617	5.3727	5.9785	51.830	31.039	118.07	177.25	12.074	1.0844e-05	0.019949
125.73	2.5026	518.32	0.0019293	2.9768	3.1121	29.020	28.743	121.32	341.09	1.2840	4.2097e-05	0.060648	0.00099023	115.85	0.0086317	5.3708	5.9759	51.798	31.067	118.76	177.21	12.056	1.0859e-05	0.020008
125.77	2.5084	517.76	0.0019314	2.9813	3.1170	29.057	28.757	121.79	340.23	1.2923	4.2010e-05	0.060564	0.00098262	116.25	0.0086019	5.3689	5.9732	51.766	31.096	119.46	177.16	12.039	1.0873e-05	0.020067
125.82	2.5142	517.21	0.0019335	2.9857	3.1219	29.093	28.772	122.26	339.37	1.3007	4.1923e-05	0.060481	0.00097504	116.66	0.0085722	5.3669	5.9706	51.734	31.124	120.17	177.11	12.022	1.0887e-05	0.020127
125.87	2.5200	516.65	0.0019355	2.9901	3.1268	29.130	28.786	122.75	338.52	1.3090	4.1836e-05	0.060399	0.00096748	117.06	0.0085426	5.3649	5.9679	51.702	31.153	120.88	177.06	12.004	1.0901e-05	0.020187
125.92	2.5258	516.09	0.0019376	2.9946	3.1317	29.166	28.801	123.23	337.66	1.3175	4.1749e-05	0.060316	0.00095994	117.47	0.0085130	5.3630	5.9653	51.670	31.182	121.61	177.01	11.987	1.0915e-05	0.020248
125.96	2.5316	515.53	0.0019397	2.9990	3.1366	29.203	28.815	123.73	336.80	1.3260	4.1662e-05	0.060234	0.00095242	117.87	0.0084836	5.3610	5.9626	51.638	31.211	122.34	176.96	11.969	1.0930e-05	0.020309
126.01	2.5374	514.97	0.0019418	3.0035	3.1415	29.239	28.830	124.23	335.94	1.3345	4.1575e-05	0.060152	0.00094492	118.28	0.0084543	5.3590	5.9599	51.605	31.240	123.09	176.92	11.952	1.0944e-05	0.020370
126.06	2.5432	514.41	0.0019440	3.0079	3.1464	29.275	28.845	124.73	335.08	1.3431	4.1488e-05	0.060070	0.00093744	118.69	0.0084251	5.3570	5.9572	51.573	31.269	123.84	176.87	11.934	1.0958e-05	0.020432
126.11	2.5490	513.85	0.0019461	3.0124	3.1513	29.312	28.860	125.24	334.22	1.3518	4.1402e-05	0.059988	0.00092998	119.11	0.0083959	5.3550	5.9544	51.540	31.298	124.60	176.82	11.916	1.0973e-05	0.020495
126.15	2.5548	513.29	0.0019482	3.0168	3.1562	29.348	28.875	125.76	333.36	1.3605	4.1315e-05	0.059906	0.00092254	119.52	0.0083669	5.3529	5.9517	51.508	31.327	125.37	176.77	11.899	1.0988e-05	0.020558
126.20	2.5606	512.72	0.0019504	3.0213	3.1612	29.385	28.891	126.29	332.50	1.3693	4.1228e-05	0.059825	0.00091513	119.93	0.0083379	5.3509	5.9489	51.475	31.357	126.15	176.72	11.881	1.1002e-05	0.020621
126.25	2.5664	512.15	0.0019525	3.0257	3.1661	29.422	28.906	126.82	331.64	1.3781	4.1141e-05	0.059744	0.00090773	120.35	0.0083090	5.3489	5.9462	51.442	31.386	126.94	176.67	11.863	1.1017e-05	0.020685
126.29	2.5722	511.59	0.0019547	3.0302	3.1710	29.458	28.922	127.35	330.78	1.3870	4.1055e-05	0.059663	0.00090035	120.77	0.0082803	5.3468	5.9434	51.410	31.416	127.74	176.62	11.845	1.1032e-05	0.020749
126.34	2.5780	511.02	0.0019569	3.0347	3.1760	29.495	28.938	127.90	329.92	1.3960	4.0968e-05	0.059583	0.00089300	121.19	0.0082516	5.3447	5.9406	51.377	31.446	128.55	176.57	11.827	1.1046e-05	0.020814
126.39	2.5838	510.45	0.0019591	3.0391	3.1809	29.531	28.954	128.45	329.05	1.4050	4.0881e-05	0.059502	0.00088566	121.61	0.0082230	5.3426	5.9377	51.344	31.476	129.37	176.52	11.809	1.1061e-05	0.020880
126.43	2.5896	509.88	0.0019613	3.0436	3.1858	29.568	28.970	129.01	328.19	1.4141	4.0794e-05	0.059422	0.00087835	122.03	0.0081945	5.3405	5.9349	51.311	31.506	130.20	176.47	11.792	1.1076e-05	0.020946
126.48	2.5954	509.31	0.0019635	3.0481	3.1908	29.605	28.986	129.57	327.33	1.4232	4.0708e-05	0.059342	0.00087105	122.46	0.0081661	5.3384	5.9321	51.278	31.536	131.05	176.42	11.774	1.1091e-05	0.021012
126.53	2.6012	508.73	0.0019657	3.0525	3.1957	29.641	29.003	130.14	326.46	1.4324	4.0621e-05	0.059262	0.00086378	122.88	0.0081377	5.3363	5.9292	51.245	31.566	131.90	176.37	11.756	1.1106e-05	0.021079
126.57	2.6070	508.16	0.0019679	3.0570	3.2007	29.678	29.019	130.72	325.60	1.4417	4.0534e-05	0.059183	0.00085653	123.31	0.0081095	5.3342	5.9263	51.212	31.597	132.77	176.32	11.737	1.1121e-05	0.021147
126.62	2.6128	507.58	0.0019701	3.0615	3.2057	29.715	29.036	131.31	324.73	1.4510	4.0448e-05	0.059104	0.00084929	123.74	0.0080813	5.3320	5.9234	51.179	31.627	133.64	176.27	11.719	1.1137e-05	0.021215
126.67	2.6186	507.01	0.0019724	3.0660	3.2106	29.751	29.053	131.90	323.86	1.4604	4.0361e-05	0.059025	0.00084208	124.17	0.0080533	5.3298	5.9205	51.145	31.658	134.53	176.22	11.701	1.1152e-05	0.021283
126.71	2.6244	506.43	0.0019746	3.0705	3.2156	29.788	29.070	132.50	323.00	1.4699	4.0274e-05	0.058946	0.00083489	124.61	0.0080253	5.3277	5.9176	51.112	31.689	135.43	176.17	11.683	1.1167e-05	0.021352
126.76	2.6302	505.85	0.0019769	3.0750	3.2206	29.825	29.088	133.11	322.13	1.4794	4.0188e-05	0.058868	0.00082771	125.04	0.0079973	5.3255	5.9147	51.078	31.720	136.34	176.12	11.665	1.1183e-05	0.021422
126.80	2.6360	505.27	0.0019792	3.0794	3.2256	29.861	29.105	133.73	321.26	1.4890	4.0101e-05	0.058789	0.00082056	125.48	0.0079695	5.3233	5.9117	51.045	31.751	137.27	176.07	11.646	1.1198e-05	0.021492
126.85	2.6418	504.68	0.0019814	3.0839	3.2306	29.898	29.123	134.36	320.39	1.4987	4.0014e-05	0.058711	0.00081343	125.92	0.0079418	5.3211	5.9087	51.011	31.782	138.21	176.02	11.628	1.1214e-05	0.021563
126.90	2.6476	504.10	0.0019837	3.0885	3.2356	29.935	29.141	134.99	319.52	1.5084	3.9927e-05	0.058633	0.00080632	126.36	0.0079141	5.3188	5.9057	50.978	31.814	139.16	175.97	11.610	1.1229e-05	0.021635
126.94	2.6534	503.51	0.0019860	3.0930	3.2406	29.972	29.159	135.64	318.65	1.5182	3.9840e-05	0.058556	0.00079923	126.80	0.0078865	5.3166	5.9027	50.944	31.845	140.12	175.92	11.591	1.1245e-05	0.021707
126.99	2.6592	502.93	0.0019884	3.0975	3.2456	30.009	29.177	136.29	317.78	1.5281	3.9754e-05	0.058479	0.00079215	127.24	0.0078590	5.3143	5.8997	50.910	31.877	141.10	175.87	11.573	1.1261e-05	0.021780
127.03	2.6650	502.34	0.0019907	3.1020	3.2506	30.046	29.196	136.95	316.91	1.5380	3.9667e-05	0.058402	0.00078510	127.69	0.0078315	5.3121	5.8967	50.876	31.909	142.09	175.82	11.554	1.1276e-05	0.021853
127.08	2.6708	501.75	0.0019930	3.1065	3.2556	30.083	29.214	137.62	316.03	1.5481	3.9580e-05	0.058325	0.00077807	128.14	0.0078042	5.3098	5.8936	50.842	31.941	143.09	175.77	11.536	1.1292e-05	0.021927
127.12	2.6766	501.15	0.0019954	3.1110	3.2606	30.120	29.233	138.30	315.16	1.5582	3.9493e-05	0.058248	0.00077106	128.59	0.0077769	5.3075	5.8905	50.808	31.973	144.11	175.72	11.517	1.1308e-05	0.022002
127.17	2.6824	500.56	0.0019978	3.1156	3.2657	30.157	29.252	138.99	314.28	1.5683	3.9406e-05	0.058172	0.00076407	129.04	0.0077497	5.3052	5.8875	50.773	32.005	145.15	175.67	11.498	1.1324e-05	0.022077
127.21	2.6882	499.97	0.0020001	3.1201	3.2707	30.194	29.272	139.69	313.41	1.5786	3.9319e-05	0.058096	0.00075709	129.49	0.0077225	5.3029	5.8843	50.739	32.037	146.20	175.61	11.480	1.1341e-05	0.022153
127.26	2.6940	499.37	0.0020025	3.1246	3.2757	30.231	29.291	140.40	312.53	1.5889	3.9232e-05	0.058021	0.00075014	129.95	0.0076954	5.3005	5.8812	50.705	32.070	147.26	175.56	11.461	1.1357e-05	0.022229
127.30	2.6997	498.77	0.0020049	3.1292	3.2808	30.268	29.311	141.12	311.66	1.5993	3.9145e-05	0.057945	0.00074321	130.40	0.0076684	5.2982	5.8781	50.670	32.103	148.34	175.51	11.442	1.1373e-05	0.022307
127.35	2.7055	498.17	0.0020073	3.1337	3.2858	30.305	29.330	141.85	310.78	1.6098	3.9058e-05	0.057870	0.00073630	130.86	0.0076415	5.2958	5.8749	50.636	32.136	149.44	175.46	11.423	1.1389e-05	0.022385
127.39	2.7113	497.57	0.0020098	3.1383	3.2909	30.342	29.350	142.59	309.90	1.6203	3.8971e-05	0.057795	0.00072940	131.33	0.0076146	5.2934	5.8717	50.601	32.169	150.55	175.41	11.404	1.1406e-05	0.022463
127.44	2.7171	496.97	0.0020122	3.1428	3.2960	30.380	29.371	143.34	309.02	1.6310	3.8884e-05	0.057721	0.00072253	131.79	0.0075878	5.2910	5.8685	50.566	32.202	151.68	175.35	11.385	1.1422e-05	0.022543
127.48	2.7229	496.36	0.0020147	3.1474	3.3010	30.417	29.391	144.11	308.14	1.6417	3.8797e-05	0.057647	0.00071568	132.26	0.0075611	5.2886	5.8653	50.531	32.235	152.83	175.30	11.366	1.1439e-05	0.022623
127.53	2.7287	495.76	0.0020171	3.1520	3.3061	30.454	29.412	144.88	307.26	1.6525	3.8709e-05	0.057573	0.00070885	132.72	0.0075344	5.2862	5.8621	50.496	32.269	153.99	175.25	11.347	1.1456e-05	0.022704
127.57	2.7345	495.15	0.0020196	3.1565	3.3112	30.491	29.433	145.67	306.38	1.6634	3.8622e-05	0.057499	0.00070203	133.19	0.0075079	5.2838	5.8588	50.461	32.302	155.17	175.20	11.328	1.1473e-05	0.022785
127.62	2.7403	494.54	0.0020221	3.1611	3.3163	30.529	29.454	146.47	305.49	1.6743	3.8535e-05	0.057426	0.00069524	133.67	0.0074813	5.2813	5.8555	50.426	32.336	156.38	175.14	11.309	1.1490e-05	0.022868
127.66	2.7461	493.92	0.0020246	3.1657	3.3214	30.566	29.475	147.28	304.61	1.6854	3.8447e-05	0.057353	0.00068847	134.14	0.0074549	5.2788	5.8522	50.391	32.370	157.59	175.09	11.289	1.1507e-05	0.022951
127.71	2.7519	493.31	0.0020271	3.1703	3.3265	30.604	29.497	148.10	303.73	1.6965	3.8360e-05	0.057280	0.00068171	134.62	0.0074284	5.2763	5.8489	50.355	32.404	158.83	175.04	11.270	1.1524e-05	0.023035
127.75	2.7577	492.69	0.0020297	3.1749	3.3317	30.641	29.518	148.94	302.84	1.7078	3.8272e-05	0.057208	0.00067498	135.10	0.0074021	5.2738	5.8456	50.320	32.439	160.09	174.99	11.250	1.1541e-05	0.023120
127.80	2.7635	492.08	0.0020322	3.1795	3.3368	30.679	29.540	149.79	301.95	1.7191	3.8185e-05	0.057136	0.00066827	135.58	0.0073758	5.2713	5.8422	50.284	32.473	161.37	174.93	11.231	1.1558e-05	0.023205
127.84	2.7693	491.46	0.0020348	3.1841	3.3419	30.717	29.563	150.65	301.07	1.7305	3.8097e-05	0.057064	0.00066157	136.06	0.0073496	5.2688	5.8389	50.248	32.508	162.67	174.88	11.211	1.1576e-05	0.023292
127.88	2.7751	490.83	0.0020373	3.1887	3.3471	30.754	29.585	151.53	300.18	1.7420	3.8009e-05	0.056993	0.00065490	136.55	0.0073234	5.2662	5.8355	50.212	32.543	163.99	174.83	11.192	1.1593e-05	0.023379
127.93	2.7809	490.21	0.0020399	3.1934	3.3523	30.792	29.608	152.42	299.29	1.7536	3.7921e-05	0.056922	0.00064824	137.04	0.0072973	5.2636	5.8321	50.176	32.578	165.33	174.77	11.172	1.1611e-05	0.023467
127.97	2.7867	489.58	0.0020426	3.1980	3.3574	30.830	29.631	153.33	298.40	1.7653	3.7833e-05	0.056852	0.00064161	137.53	0.0072713	5.2611	5.8286	50.140	32.613	166.70	174.72	11.152	1.1628e-05	0.023556
128.02	2.7925	488.96	0.0020452	3.2026	3.3626	30.868	29.654	154.25	297.50	1.7771	3.7745e-05	0.056781	0.00063499	138.02	0.0072453	5.2584	5.8252	50.104	32.649	168.08	174.66	11.133	1.1646e-05	0.023646
128.06	2.7983	488.33	0.0020478	3.2073	3.3678	30.906	29.677	155.18	296.61	1.7889	3.7657e-05	0.056712	0.00062839	138.52	0.0072193	5.2558	5.8217	50.068	32.684	169.50	174.61	11.113	1.1664e-05	0.023737
128.10	2.8041	487.69	0.0020505	3.2119	3.3730	30.944	29.701	156.14	295.72	1.8009	3.7569e-05	0.056642	0.00062182	139.02	0.0071935	5.2532	5.8182	50.031	32.720	170.93	174.55	11.093	1.1682e-05	0.023829
128.15	2.8099	487.06	0.0020531	3.2166	3.3782	30.982	29.725	157.11	294.82	1.8130	3.7481e-05	0.056573	0.00061526	139.52	0.0071676	5.2505	5.8147	49.995	32.756	172.39	174.50	11.073	1.1700e-05	0.023922
128.19	2.8157	486.42	0.0020558	3.2213	3.3834	31.020	29.749	158.09	293.93	1.8252	3.7392e-05	0.056504	0.00060873	140.02	0.0071418	5.2478	5.8111	49.958	32.792	173.87	174.45	11.053	1.1718e-05	0.024015
128.23	2.8215	485.78	0.0020585	3.2259	3.3886	31.058	29.773	159.09	293.03	1.8375	3.7304e-05	0.056436	0.00060221	140.53	0.0071161	5.2451	5.8075	49.921	32.829	175.38	174.39	11.032	1.1737e-05	0.024110
128.28	2.8273	485.14	0.0020613	3.2306	3.3939	31.096	29.798	160.11	292.13	1.8499	3.7215e-05	0.056368	0.00059571	141.03	0.0070904	5.2424	5.8039	49.884	32.865	176.92	174.33	11.012	1.1755e-05	0.024206
128.32	2.8331	484.50	0.0020640	3.2353	3.3991	31.134	29.823	161.15	291.23	1.8623	3.7126e-05	0.056301	0.00058923	141.55	0.0070648	5.2397	5.8003	49.847	32.902	178.48	174.28	10.992	1.1774e-05	0.024302
128.36	2.8389	483.85	0.0020668	3.2400	3.4044	31.173	29.848	162.21	290.33	1.8749	3.7038e-05	0.056234	0.00058278	142.06	0.0070392	5.2369	5.7967	49.810	32.939	180.08	174.22	10.971	1.1792e-05	0.024400
128.41	2.8447	483.20	0.0020695	3.2447	3.4096	31.211	29.874	163.28	289.43	1.8877	3.6949e-05	0.056168	0.00057634	142.58	0.0070137	5.2342	5.7930	49.772	32.976	181.70	174.17	10.951	1.1811e-05	0.024499
128.45	2.8505	482.55	0.0020723	3.2495	3.4149	31.250	29.900	164.38	288.52	1.9005	3.6860e-05	0.056102	0.00056992	143.10	0.0069882	5.2314	5.7893	49.735	33.014	183.35	174.11	10.930	1.1830e-05	0.024599
128.49	2.8563	481.90	0.0020751	3.2542	3.4202	31.288	29.926	165.50	287.62	1.9134	3.6770e-05	0.056036	0.00056352	143.62	0.0069628	5.2286	5.7856	49.697	33.052	185.03	174.06	10.910	1.1849e-05	0.024700
128.54	2.8621	481.24	0.0020780	3.2589	3.4255	31.327	29.952	166.63	286.71	1.9264	3.6681e-05	0.055971	0.00055714	144.15	0.0069374	5.2257	5.7819	49.659	33.089	186.74	174.00	10.889	1.1868e-05	0.024802
128.58	2.8679	480.58	0.0020808	3.2637	3.4308	31.366	29.979	167.79	285.80	1.9396	3.6591e-05	0.055906	0.00055078	144.68	0.0069120	5.2229	5.7781	49.621	33.128	188.48	173.94	10.868	1.1887e-05	0.024906
128.62	2.8737	479.92	0.0020837	3.2685	3.4362	31.404	30.006	168.97	284.90	1.9529	3.6502e-05	0.055842	0.00054444	145.21	0.0068867	5.2200	5.7743	49.583	33.166	190.26	173.89	10.847	1.1907e-05	0.025010
128.67	2.8795	479.26	0.0020866	3.2732	3.4415	31.443	30.033	170.17	283.98	1.9663	3.6412e-05	0.055779	0.00053812	145.74	0.0068614	5.2171	5.7705	49.544	33.204	192.07	173.83	10.826	1.1926e-05	0.025116
128.71	2.8853	478.59	0.0020895	3.2780	3.4469	31.482	30.061	171.39	283.07	1.9798	3.6322e-05	0.055716	0.00053182	146.28	0.0068362	5.2142	5.7667	49.506	33.243	193.92	173.77	10.805	1.1946e-05	0.025223
128.75	2.8911	477.92	0.0020924	3.2828	3.4522	31.521	30.088	172.64	282.16	1.9934	3.6232e-05	0.055653	0.00052554	146.82	0.0068110	5.2113	5.7628	49.467	33.282	195.80	173.71	10.784	1.1966e-05	0.025331
128.79	2.8969	477.25	0.0020954	3.2876	3.4576	31.561	30.117	173.92	281.25	2.0072	3.6142e-05	0.055591	0.00051928	147.37	0.0067859	5.2083	5.7589	49.428	33.321	197.72	173.66	10.763	1.1986e-05	0.025441
128.84	2.9027	476.57	0.0020983	3.2924	3.4630	31.600	30.145	175.21	280.33	2.0211	3.6052e-05	0.055530	0.00051304	147.91	0.0067608	5.2053	5.7550	49.390	33.361	199.67	173.60	10.741	1.2006e-05	0.025551
128.88	2.9085	475.89	0.0021013	3.2973	3.4684	31.639	30.174	176.54	279.41	2.0351	3.5961e-05	0.055469	0.00050682	148.46	0.0067357	5.2023	5.7510	49.350	33.401	201.67	173.54	10.720	1.2026e-05	0.025664
128.92	2.9143	475.21	0.0021043	3.3021	3.4739	31.679	30.203	177.89	278.49	2.0493	3.5870e-05	0.055409	0.00050062	149.02	0.0067106	5.1993	5.7471	49.311	33.441	203.70	173.48	10.698	1.2046e-05	0.025777
128.96	2.9201	474.52	0.0021074	3.3069	3.4793	31.718	30.233	179.27	277.57	2.0636	3.5779e-05	0.055350	0.00049444	149.58	0.0066856	5.1962	5.7431	49.272	33.481	205.78	173.42	10.677	1.2067e-05	0.025892
129.01	2.9258	473.84	0.0021104	3.3118	3.4848	31.758	30.263	180.68	276.65	2.0780	3.5688e-05	0.055291	0.00048828	150.14	0.0066606	5.1932	5.7390	49.232	33.521	207.90	173.36	10.655	1.2088e-05	0.026008
129.05	2.9316	473.15	0.0021135	3.3167	3.4902	31.798	30.293	182.11	275.73	2.0925	3.5597e-05	0.055232	0.00048214	150.70	0.0066357	5.1901	5.7350	49.192	33.562	210.06	173.31	10.633	1.2108e-05	0.026126
129.09	2.9374	472.45	0.0021166	3.3216	3.4957	31.837	30.323	183.58	274.80	2.1072	3.5506e-05	0.055175	0.00047602	151.27	0.0066107	5.1869	5.7309	49.152	33.603	212.27	173.25	10.611	1.2129e-05	0.026245
129.13	2.9432	471.75	0.0021197	3.3265	3.5012	31.877	30.354	185.08	273.88	2.1221	3.5414e-05	0.055118	0.00046991	151.84	0.0065859	5.1838	5.7267	49.112	33.644	214.53	173.19	10.589	1.2151e-05	0.026366
129.18	2.9490	471.05	0.0021229	3.3314	3.5067	31.917	30.386	186.61	272.95	2.1370	3.5322e-05	0.055062	0.00046383	152.42	0.0065610	5.1806	5.7226	49.071	33.686	216.84	173.13	10.567	1.2172e-05	0.026489
129.22	2.9548	470.35	0.0021261	3.3363	3.5123	31.958	30.417	188.18	272.02	2.1522	3.5230e-05	0.055007	0.00045777	153.00	0.0065361	5.1774	5.7184	49.030	33.728	219.19	173.07	10.545	1.2193e-05	0.026613
129.26	2.9606	469.64	0.0021293	3.3413	3.5178	31.998	30.449	189.78	271.09	2.1674	3.5138e-05	0.054952	0.00045173	153.58	0.0065113	5.1742	5.7142	48.990	33.770	221.60	173.01	10.523	1.2215e-05	0.026738
129.30	2.9664	468.93	0.0021325	3.3462	3.5234	32.038	30.482	191.41	270.15	2.1829	3.5045e-05	0.054898	0.00044571	154.17	0.0064865	5.1709	5.7099	48.949	33.812	224.06	172.94	10.500	1.2237e-05	0.026866
129.34	2.9722	468.21	0.0021358	3.3512	3.5290	32.079	30.514	193.08	269.22	2.1985	3.4953e-05	0.054845	0.00043971	154.76	0.0064618	5.1677	5.7056	48.907	33.855	226.58	172.88	10.478	1.2259e-05	0.026995
129.38	2.9780	467.49	0.0021391	3.3562	3.5346	32.120	30.548	194.80	268.28	2.2142	3.4860e-05	0.054793	0.00043373	155.35	0.0064370	5.1644	5.7013	48.866	33.898	229.15	172.82	10.455	1.2281e-05	0.027126
129.43	2.9838	466.77	0.0021424	3.3612	3.5402	32.160	30.581	196.55	267.34	2.2301	3.4767e-05	0.054742	0.00042777	155.95	0.0064123	5.1610	5.6969	48.824	33.941	231.78	172.76	10.432	1.2303e-05	0.027258
129.47	2.9896	466.04	0.0021457	3.3662	3.5459	32.201	30.615	198.34	266.40	2.2462	3.4673e-05	0.054692	0.00042183	156.55	0.0063875	5.1577	5.6925	48.782	33.985	234.47	172.70	10.409	1.2326e-05	0.027393
129.51	2.9954	465.31	0.0021491	3.3712	3.5515	32.242	30.650	200.17	265.46	2.2624	3.4579e-05	0.054642	0.00041591	157.16	0.0063628	5.1543	5.6881	48.740	34.029	237.23	172.64	10.386	1.2349e-05	0.027529
129.55	3.0012	464.58	0.0021525	3.3763	3.5572	32.284	30.685	202.05	264.51	2.2788	3.4485e-05	0.054594	0.00041001	157.77	0.0063382	5.1508	5.6837	48.697	34.073	240.05	172.57	10.363	1.2372e-05	0.027668
129.59	3.0070	463.84	0.0021559	3.3814	3.5629	32.325	30.720	203.98	263.56	2.2954	3.4391e-05	0.054547	0.00040413	158.39	0.0063135	5.1474	5.6792	48.655	34.117	242.94	172.51	10.340	1.2395e-05	0.027808
129.63	3.0128	463.10	0.0021594	3.3864	3.5687	32.366	30.756	205.95	262.62	2.3121	3.4297e-05	0.054500	0.00039827	159.01	0.0062888	5.1439	5.6746	48.612	34.162	245.90	172.45	10.316	1.2418e-05	0.027950
129.67	3.0186	462.35	0.0021629	3.3915	3.5744	32.408	30.792	207.97	261.67	2.3290	3.4202e-05	0.054455	0.00039243	159.64	0.0062642	5.1404	5.6700	48.569	34.207	248.93	172.38	10.293	1.2442e-05	0.028095
129.72	3.0244	461.60	0.0021664	3.3967	3.5802	32.450	30.829	210.04	260.71	2.3461	3.4107e-05	0.054411	0.00038661	160.27	0.0062395	5.1369	5.6654	48.525	34.253	252.04	172.32	10.269	1.2465e-05	0.028242
129.76	3.0302	460.84	0.0021700	3.4018	3.5860	32.492	30.866	212.17	259.76	2.3634	3.4011e-05	0.054367	0.00038081	160.90	0.0062149	5.1333	5.6608	48.482	34.299	255.23	172.25	10.245	1.2489e-05	0.028391
129.80	3.0360	460.08	0.0021735	3.4070	3.5918	32.534	30.904	214.35	258.80	2.3809	3.3916e-05	0.054326	0.00037504	161.54	0.0061902	5.1297	5.6561	48.438	34.345	258.50	172.19	10.221	1.2513e-05	0.028542
129.84	3.0418	459.31	0.0021772	3.4122	3.5977	32.576	30.942	216.59	257.84	2.3986	3.3820e-05	0.054285	0.00036928	162.19	0.0061656	5.1260	5.6513	48.394	34.392	261.85	172.12	10.197	1.2538e-05	0.028695
129.88	3.0476	458.54	0.0021808	3.4174	3.6035	32.619	30.980	218.89	256.88	2.4164	3.3723e-05	0.054245	0.00036355	162.84	0.0061410	5.1223	5.6466	48.349	34.438	265.29	172.06	10.173	1.2562e-05	0.028851
129.92	3.0534	457.77	0.0021845	3.4226	3.6094	32.661	31.019	221.25	255.92	2.4345	3.3627e-05	0.054207	0.00035783	163.50	0.0061164	5.1186	5.6417	48.304	34.486	268.83	171.99	10.148	1.2587e-05	0.029010
129.96	3.0592	456.99	0.0021883	3.4278	3.6153	32.704	31.059	223.67	254.95	2.4528	3.3530e-05	0.054170	0.00035214	164.16	0.0060917	5.1149	5.6369	48.259	34.533	272.46	171.93	10.124	1.2613e-05	0.029171
130.00	3.0650	456.20	0.0021920	3.4331	3.6213	32.747	31.099	226.17	253.98	2.4712	3.3432e-05	0.054135	0.00034646	164.82	0.0060671	5.1111	5.6320	48.214	34.581	276.18	171.86	10.099	1.2638e-05	0.029335
130.04	3.0708	455.41	0.0021958	3.4384	3.6273	32.790	31.140	228.73	253.01	2.4899	3.3335e-05	0.054101	0.00034081	165.50	0.0060424	5.1073	5.6270	48.168	34.630	280.01	171.79	10.074	1.2664e-05	0.029501
130.08	3.0766	454.61	0.0021997	3.4437	3.6333	32.834	31.182	231.37	252.04	2.5088	3.3236e-05	0.054069	0.00033518	166.17	0.0060178	5.1034	5.6220	48.122	34.679	283.95	171.72	10.049	1.2689e-05	0.029671
130.12	3.0824	453.81	0.0022036	3.4490	3.6393	32.878	31.223	234.08	251.06	2.5279	3.3138e-05	0.054038	0.00032957	166.86	0.0059931	5.0995	5.6170	48.076	34.728	288.00	171.66	10.024	1.2716e-05	0.029843
130.16	3.0882	453.00	0.0022075	3.4544	3.6454	32.921	31.266	236.87	250.08	2.5473	3.3039e-05	0.054009	0.00032398	167.55	0.0059684	5.0956	5.6119	48.029	34.777	292.17	171.59	9.9987	1.2742e-05	0.030018
130.20	3.0940	452.19	0.0022115	3.4598	3.6515	32.965	31.309	239.75	249.10	2.5669	3.2940e-05	0.053981	0.00031842	168.24	0.0059438	5.0916	5.6067	47.982	34.828	296.45	171.52	9.9731	1.2769e-05	0.030196
130.25	3.0998	451.36	0.0022155	3.4652	3.6576	33.010	31.353	242.71	248.12	2.5867	3.2840e-05	0.053956	0.00031287	168.95	0.0059190	5.0876	5.6015	47.935	34.878	300.87	171.45	9.9474	1.2796e-05	0.030378
130.29	3.1056	450.54	0.0022196	3.4707	3.6637	33.054	31.397	245.77	247.13	2.6068	3.2740e-05	0.053932	0.00030735	169.66	0.0058943	5.0835	5.5962	47.887	34.929	305.42	171.38	9.9215	1.2823e-05	0.030563
130.33	3.1114	449.71	0.0022237	3.4761	3.6699	33.099	31.442	248.92	246.14	2.6271	3.2639e-05	0.053910	0.00030185	170.37	0.0058696	5.0794	5.5909	47.839	34.980	310.11	171.31	9.8954	1.2851e-05	0.030751
130.37	3.1172	448.87	0.0022278	3.4816	3.6761	33.144	31.488	252.18	245.15	2.6476	3.2538e-05	0.053890	0.00029636	171.09	0.0058448	5.0753	5.5856	47.791	35.032	314.94	171.24	9.8692	1.2879e-05	0.030943
130.41	3.1230	448.02	0.0022320	3.4872	3.6824	33.189	31.534	255.53	244.15	2.6684	3.2436e-05	0.053872	0.00029091	171.82	0.0058200	5.0711	5.5802	47.742	35.084	319.93	171.16	9.8427	1.2907e-05	0.031138
130.45	3.1288	447.17	0.0022363	3.4927	3.6887	33.235	31.581	259.00	243.15	2.6895	3.2334e-05	0.053856	0.00028547	172.56	0.0057951	5.0668	5.5747	47.693	35.137	325.07	171.09	9.8160	1.2935e-05	0.031337
130.49	3.1346	446.31	0.0022406	3.4983	3.6950	33.280	31.629	262.59	242.15	2.7109	3.2231e-05	0.053842	0.00028005	173.30	0.0057703	5.0625	5.5691	47.643	35.190	330.39	171.02	9.7892	1.2964e-05	0.031540
130.53	3.1404	445.44	0.0022450	3.5039	3.7014	33.326	31.677	266.29	241.15	2.7325	3.2128e-05	0.053831	0.00027466	174.05	0.0057454	5.0582	5.5636	47.593	35.244	335.88	170.94	9.7621	1.2994e-05	0.031747
130.57	3.1462	444.56	0.0022494	3.5096	3.7078	33.373	31.727	270.13	240.14	2.7544	3.2024e-05	0.053822	0.00026929	174.81	0.0057204	5.0538	5.5579	47.542	35.298	341.55	170.87	9.7348	1.3023e-05	0.031959
130.61	3.1520	443.68	0.0022539	3.5153	3.7143	33.419	31.777	274.10	239.13	2.7766	3.1920e-05	0.053816	0.00026394	175.58	0.0056954	5.0493	5.5522	47.491	35.353	347.42	170.80	9.7073	1.3053e-05	0.032174
130.64	3.1577	442.79	0.0022584	3.5210	3.7208	33.466	31.828	278.21	238.12	2.7991	3.1815e-05	0.053812	0.00025862	176.35	0.0056704	5.0448	5.5464	47.440	35.408	353.49	170.72	9.6796	1.3084e-05	0.032395
130.68	3.1635	441.89	0.0022630	3.5268	3.7273	33.513	31.879	282.47	237.10	2.8219	3.1710e-05	0.053811	0.00025332	177.14	0.0056453	5.0403	5.5405	47.388	35.464	359.78	170.64	9.6516	1.3114e-05	0.032620
130.72	3.1693	440.98	0.0022677	3.5326	3.7339	33.561	31.932	286.90	236.08	2.8450	3.1604e-05	0.053813	0.00024804	177.93	0.0056202	5.0357	5.5346	47.336	35.521	366.29	170.57	9.6234	1.3146e-05	0.032850
130.76	3.1751	440.07	0.0022724	3.5384	3.7405	33.609	31.985	291.48	235.05	2.8684	3.1497e-05	0.053818	0.00024278	178.73	0.0055950	5.0310	5.5286	47.283	35.578	373.05	170.49	9.5949	1.3177e-05	0.033085
130.80	3.1809	439.14	0.0022772	3.5443	3.7472	33.657	32.039	296.25	234.03	2.8921	3.1390e-05	0.053826	0.00023754	179.54	0.0055697	5.0263	5.5225	47.230	35.635	380.05	170.41	9.5662	1.3209e-05	0.033325
130.84	3.1867	438.21	0.0022820	3.5502	3.7539	33.706	32.094	301.20	232.99	2.9162	3.1281e-05	0.053838	0.00023233	180.36	0.0055444	5.0215	5.5164	47.176	35.693	387.32	170.33	9.5373	1.3242e-05	0.033571
130.88	3.1925	437.26	0.0022870	3.5562	3.7607	33.755	32.150	306.36	231.96	2.9407	3.1173e-05	0.053853	0.00022715	181.19	0.0055190	5.0166	5.5102	47.122	35.752	394.88	170.25	9.5080	1.3275e-05	0.033822
130.92	3.1983	436.31	0.0022920	3.5622	3.7675	33.804	32.207	311.72	230.92	2.9654	3.1063e-05	0.053871	0.00022198	182.03	0.0054936	5.0117	5.5039	47.067	35.812	402.73	170.17	9.4785	1.3308e-05	0.034080
130.96	3.2041	435.34	0.0022970	3.5683	3.7744	33.854	32.266	317.31	229.87	2.9906	3.0953e-05	0.053893	0.00021684	182.88	0.0054681	5.0067	5.4975	47.011	35.872	410.90	170.09	9.4487	1.3342e-05	0.034344
131.00	3.2099	434.37	0.0023022	3.5744	3.7814	33.904	32.325	323.13	228.83	3.0161	3.0841e-05	0.053919	0.00021173	183.74	0.0054424	5.0017	5.4910	46.955	35.932	419.41	170.00	9.4186	1.3376e-05	0.034615
131.04	3.2157	433.38	0.0023074	3.5805	3.7884	33.955	32.385	329.21	227.77	3.0420	3.0729e-05	0.053949	0.00020664	184.61	0.0054167	4.9966	5.4845	46.898	35.994	428.27	169.92	9.3882	1.3411e-05	0.034892
131.08	3.2215	432.38	0.0023128	3.5868	3.7954	34.006	32.446	335.57	226.72	3.0683	3.0616e-05	0.053984	0.00020157	185.50	0.0053909	4.9914	5.4778	46.841	36.056	437.52	169.84	9.3575	1.3447e-05	0.035177
131.12	3.2273	431.37	0.0023182	3.5930	3.8026	34.057	32.508	342.21	225.66	3.0951	3.0503e-05	0.054023	0.00019653	186.39	0.0053650	4.9861	5.4711	46.783	36.119	447.17	169.75	9.3265	1.3483e-05	0.035469
131.15	3.2331	430.35	0.0023237	3.5993	3.8098	34.109	32.572	349.16	224.59	3.1222	3.0388e-05	0.054067	0.00019151	187.30	0.0053390	4.9807	5.4642	46.724	36.182	457.25	169.66	9.2951	1.3520e-05	0.035770
131.19	3.2389	429.32	0.0023293	3.6057	3.8170	34.162	32.637	356.44	223.52	3.1498	3.0272e-05	0.054116	0.00018652	188.22	0.0053129	4.9753	5.4573	46.664	36.247	467.80	169.58	9.2634	1.3557e-05	0.036078
131.23	3.2447	428.27	0.0023350	3.6122	3.8244	34.215	32.703	364.07	222.45	3.1778	3.0156e-05	0.054171	0.00018155	189.16	0.0052867	4.9698	5.4502	46.604	36.312	478.84	169.49	9.2313	1.3595e-05	0.036396
131.27	3.2505	427.21	0.0023408	3.6187	3.8318	34.268	32.770	372.09	221.37	3.2063	3.0038e-05	0.054231	0.00017661	190.10	0.0052603	4.9641	5.4431	46.543	36.378	490.40	169.40	9.1989	1.3634e-05	0.036723
131.31	3.2563	426.13	0.0023467	3.6253	3.8393	34.323	32.839	380.52	220.28	3.2352	2.9919e-05	0.054297	0.00017170	191.07	0.0052338	4.9584	5.4358	46.481	36.444	502.54	169.31	9.1660	1.3673e-05	0.037059
131.35	3.2621	425.04	0.0023527	3.6319	3.8469	34.377	32.909	389.39	219.19	3.2647	2.9799e-05	0.054369	0.00016681	192.04	0.0052072	4.9526	5.4284	46.418	36.512	515.29	169.21	9.1328	1.3713e-05	0.037406
131.39	3.2679	423.93	0.0023589	3.6386	3.8545	34.433	32.981	398.74	218.09	3.2946	2.9678e-05	0.054448	0.00016194	193.04	0.0051804	4.9467	5.4209	46.355	36.581	528.70	169.12	9.0992	1.3754e-05	0.037764
131.42	3.2737	422.80	0.0023652	3.6454	3.8623	34.489	33.054	408.60	216.99	3.3251	2.9555e-05	0.054534	0.00015711	194.05	0.0051534	4.9407	5.4133	46.290	36.650	542.81	169.02	9.0651	1.3795e-05	0.038134
131.46	3.2795	421.66	0.0023716	3.6523	3.8701	34.546	33.129	419.03	215.88	3.3562	2.9431e-05	0.054628	0.00015230	195.07	0.0051263	4.9346	5.4055	46.225	36.720	557.70	168.93	9.0305	1.3838e-05	0.038516
131.50	3.2853	420.50	0.0023781	3.6593	3.8781	34.603	33.206	430.07	214.77	3.3878	2.9306e-05	0.054730	0.00014752	196.12	0.0050990	4.9284	5.3976	46.158	36.792	573.42	168.83	8.9955	1.3881e-05	0.038911
131.54	3.2911	419.33	0.0023848	3.6663	3.8861	34.662	33.284	441.77	213.65	3.4200	2.9179e-05	0.054840	0.00014277	197.18	0.0050715	4.9220	5.3896	46.091	36.864	590.04	168.73	8.9600	1.3925e-05	0.039319
131.58	3.2969	418.13	0.0023916	3.6734	3.8943	34.721	33.364	454.20	212.52	3.4528	2.9051e-05	0.054960	0.00013804	198.26	0.0050438	4.9156	5.3813	46.022	36.938	607.65	168.63	8.9240	1.3971e-05	0.039743
131.62	3.3027	416.91	0.0023986	3.6807	3.9026	34.781	33.446	467.42	211.38	3.4863	2.8921e-05	0.055089	0.00013335	199.37	0.0050159	4.9090	5.3730	45.953	37.012	626.33	168.52	8.8874	1.4017e-05	0.040183
131.65	3.3085	415.67	0.0024058	3.6880	3.9110	34.841	33.530	481.51	210.24	3.5204	2.8790e-05	0.055229	0.00012868	200.49	0.0049878	4.9022	5.3645	45.882	37.088	646.18	168.42	8.8503	1.4064e-05	0.040640
131.69	3.3143	414.40	0.0024131	3.6955	3.9195	34.903	33.616	496.56	209.09	3.5552	2.8656e-05	0.055380	0.00012404	201.64	0.0049594	4.8954	5.3558	45.809	37.165	667.32	168.31	8.8126	1.4113e-05	0.041115
131.73	3.3201	413.11	0.0024206	3.7030	3.9282	34.966	33.705	512.68	207.94	3.5907	2.8521e-05	0.055544	0.00011944	202.81	0.0049308	4.8883	5.3469	45.736	37.243	689.88	168.20	8.7743	1.4162e-05	0.041610
131.77	3.3259	411.80	0.0024284	3.7107	3.9370	35.030	33.795	529.96	206.77	3.6270	2.8384e-05	0.055721	0.00011486	204.00	0.0049018	4.8811	5.3378	45.661	37.322	713.99	168.09	8.7353	1.4213e-05	0.042126
131.81	3.3317	410.46	0.0024363	3.7186	3.9459	35.095	33.889	548.55	205.60	3.6641	2.8245e-05	0.055912	0.00011031	205.23	0.0048726	4.8738	5.3285	45.584	37.403	739.84	167.98	8.6956	1.4266e-05	0.042665
131.84	3.3375	409.08	0.0024445	3.7265	3.9550	35.161	33.984	568.59	204.42	3.7020	2.8103e-05	0.056119	0.00010580	206.48	0.0048431	4.8663	5.3190	45.506	37.485	767.61	167.86	8.6552	1.4319e-05	0.043228
131.88	3.3433	407.68	0.0024529	3.7346	3.9643	35.228	34.083	590.25	203.22	3.7408	2.7959e-05	0.056343	0.00010132	207.76	0.0048132	4.8585	5.3093	45.426	37.569	797.52	167.74	8.6140	1.4374e-05	0.043819
131.92	3.3491	406.25	0.0024616	3.7429	3.9738	35.297	34.184	613.75	202.02	3.7805	2.7812e-05	0.056586	9.6874e-05	209.08	0.0047830	4.8506	5.2993	45.345	37.654	829.83	167.62	8.5720	1.4431e-05	0.044440
131.96	3.3549	404.77	0.0024705	3.7513	3.9835	35.367	34.289	639.32	200.81	3.8211	2.7663e-05	0.056850	9.2461e-05	210.42	0.0047523	4.8425	5.2890	45.261	37.740	864.83	167.50	8.5291	1.4490e-05	0.045092
131.99	3.3607	403.26	0.0024798	3.7600	3.9934	35.439	34.397	667.24	199.59	3.8628	2.7511e-05	0.057137	8.8082e-05	211.81	0.0047212	4.8341	5.2785	45.176	37.829	902.88	167.37	8.4853	1.4550e-05	0.045781
132.03	3.3665	401.71	0.0024893	3.7688	4.0035	35.513	34.508	697.83	198.36	3.9056	2.7355e-05	0.057450	8.3739e-05	213.23	0.0046897	4.8255	5.2677	45.088	37.919	944.39	167.24	8.4405	1.4613e-05	0.046508
132.07	3.3723	400.12	0.0024993	3.7778	4.0139	35.588	34.623	731.51	197.11	3.9495	2.7196e-05	0.057791	7.9433e-05	214.70	0.0046577	4.8166	5.2566	44.998	38.011	989.84	167.11	8.3947	1.4678e-05	0.047209
132.10	3.3781	398.48	0.0025096	3.7870	4.0245	35.666	34.742	768.74	195.85	3.9947	2.7034e-05	0.058164	7.5165e-05	216.21	0.0046251	4.8075	5.2451	44.905	38.105	1039.8	166.97	8.3477	1.4745e-05	0.047455
132.14	3.3838	396.78	0.0025203	3.7966	4.0354	35.746	34.866	810.10	194.58	4.0412	2.6867e-05	0.058574	7.0935e-05	217.77	0.0045919	4.7980	5.2332	44.810	38.201	1095.1	166.83	8.2994	1.4814e-05	0.047710
132.18	3.3896	395.03	0.0025314	3.8063	4.0467	35.828	34.994	856.30	193.29	4.0890	2.6696e-05	0.059026	6.6745e-05	219.39	0.0045581	4.7882	5.2210	44.712	38.299	1156.4	166.68	8.2499	1.4887e-05	0.047975
132.22	3.3954	393.22	0.0025431	3.8164	4.0583	35.912	35.127	908.24	191.99	4.1384	2.6520e-05	0.059526	6.2597e-05	221.06	0.0045236	4.7781	5.2083	44.610	38.399	1224.9	166.53	8.1988	1.4962e-05	0.048250
132.25	3.4012	391.34	0.0025553	3.8268	4.0703	36.000	35.266	967.00	190.67	4.1895	2.6339e-05	0.060080	5.8491e-05	222.80	0.0044882	4.7675	5.1951	44.505	38.502	1301.9	166.38	8.1462	1.5041e-05	0.048538
132.29	3.4070	389.38	0.0025682	3.8376	4.0827	36.091	35.411	1034.0	189.34	4.2423	2.6152e-05	0.060700	5.4430e-05	224.62	0.0044520	4.7565	5.1814	44.396	38.608	1389.0	166.22	8.0919	1.5124e-05	0.048840
132.33	3.4128	387.34	0.0025817	3.8488	4.0956	36.185	35.563	1111.0	187.98	4.2971	2.5959e-05	0.061395	5.0416e-05	226.51	0.0044149	4.7451	5.1671	44.282	38.716	1488.5	166.05	8.0356	1.5211e-05	0.049156
132.36	3.4186	385.20	0.0025960	3.8605	4.1091	36.283	35.722	1200.5	186.61	4.3541	2.5758e-05	0.062182	4.6450e-05	228.49	0.0043766	4.7330	5.1521	44.164	38.828	1602.9	165.88	7.9772	1.5303e-05	0.049489
132.40	3.4244	382.96	0.0026112	3.8727	4.1231	36.386	35.890	1305.4	185.21	4.4134	2.5549e-05	0.063078	4.2534e-05	230.57	0.0043371	4.7204	5.1364	44.040	38.943	1736.1	165.70	7.9164	1.5400e-05	0.049841
132.44	3.4302	380.59	0.0026275	3.8854	4.1379	36.495	36.067	1430.3	183.78	4.4754	2.5331e-05	0.064109	3.8673e-05	232.76	0.0042962	4.7071	5.1199	43.910	39.061	1892.9	165.51	7.8529	1.5504e-05	0.050215
132.47	3.4360	378.09	0.0026449	3.8989	4.1535	36.609	36.254	1580.9	182.33	4.5405	2.5102e-05	0.065307	3.4868e-05	235.09	0.0042537	4.6930	5.1024	43.772	39.183	2080.2	165.31	7.7864	1.5615e-05	0.050614
132.51	3.4418	375.42	0.0026637	3.9132	4.1700	36.731	36.454	1766.0	180.84	4.6090	2.4861e-05	0.066719	3.1123e-05	237.57	0.0042093	4.6780	5.0838	43.626	39.309	2307.5	165.10	7.7162	1.5734e-05	0.051042
132.55	3.4476	372.55	0.0026842	3.9285	4.1877	36.861	36.667	1998.4	179.32	4.6816	2.4604e-05	0.068408	2.7444e-05	240.23	0.0041627	4.6619	5.0638	43.471	39.439	2589.3	164.88	7.6419	1.5863e-05	0.051504
132.58	3.4534	369.44	0.0027068	3.9450	4.2068	37.002	36.897	2297.7	177.76	4.7589	2.4331e-05	0.070469	2.3834e-05	243.11	0.0041133	4.6444	5.0423	43.304	39.574	2947.2	164.64	7.5626	1.6004e-05	0.052008
132.62	3.4592	366.04	0.0027319	3.9629	4.2276	37.156	37.147	2696.5	176.15	4.8421	2.4035e-05	0.073044	2.0302e-05	246.26	0.0040608	4.6254	5.0189	43.122	39.715	3416.3	164.39	7.4772	1.6161e-05	0.052564
132.65	3.4650	362.27	0.0027604	3.9828	4.2507	37.326	37.421	3250.9	174.49	4.9325	2.3712e-05	0.075567	1.6854e-05	249.75	0.0040040	4.6044	4.9931	42.922	39.861	4056.8	164.12	7.3843	1.6337e-05	0.053186
132.69	3.4708	358.00	0.0027933	4.0051	4.2766	37.518	37.725	4067.4	172.75	5.0323	2.3352e-05	0.074630	1.3504e-05	253.68	0.0039419	4.5808	4.9641	42.699	40.014	4981.2	163.83	7.2816	1.6538e-05	0.053894
132.73	3.4766	353.05	0.0028324	4.0309	4.3068	37.742	38.070	5373.6	170.94	5.1449	2.2944e-05	0.073549	1.0265e-05	258.24	0.0038724	4.5536	4.9307	42.443	40.172	6425.6	163.50	7.1654	1.6776e-05	0.054722
132.76	3.4824	347.07	0.0028812	4.0621	4.3431	38.012	38.470	7747.7	169.01	5.2767	2.2462e-05	0.072254	7.1607e-06	263.72	0.0037920	4.5211	4.8909	42.138	40.336	8981.2	163.15	7.0296	1.7069e-05	0.055732
132.80	3.4882	339.34	0.0029469	4.1024	4.3903	38.364	undefined	undefined	undefined	5.4407	2.1858e-05	undefined	4.2317e-06	270.77	0.0036932	4.4795	4.8403	41.753	undefined	undefined	undefined	6.8608	1.7457e-05	undefined
