Temperature (K)	Pressure (MPa)	Density (l, kg/m3)	Volume (l, m3/kg)	Internal Energy (l, kJ/mol)	Enthalpy (l, kJ/mol)	Entropy (l, J/mol*K)	Cv (l, J/mol*K)	Cp (l, J/mol*K)	Sound Spd. (l, m/s)	Joule-Thomson (l, K/MPa)	Viscosity (l, Pa*s)	Therm. Cond. (l, W/m*K)	Surf. Tension (l, N/m)	Density (v, kg/m3)	Volume (v, m3/kg)	Internal Energy (v, kJ/mol)	Enthalpy (v, kJ/mol)	Entropy (v, J/mol*K)	Cv (v, J/mol*K)	Cp (v, J/mol*K)	Sound Spd. (v, m/s)	Joule-Thomson (v, K/MPa)	Viscosity (v, Pa*s)	Therm. Cond. (v, W/m*K)
279.86	0.0053487	791.02	0.0012642	-12.144	-12.143	-38.328	107.03	149.32	1346.4	-0.47811	0.0012505	0.12406	0.026645	0.19427	5.1475	19.536	21.854	83.149	90.015	98.497	173.20	62.708	6.6626e-06	0.0093313
296.61	0.012141	775.34	0.0012898	-9.5881	-9.5868	-29.462	113.08	155.85	1262.8	-0.44506	0.00091398	0.11858	0.024602	0.41759	2.3947	21.082	23.528	82.184	97.518	106.15	177.19	51.120	6.9797e-06	0.010773
306.74	0.018933	765.74	0.0013059	-7.9895	-7.9874	-24.162	116.79	159.86	1213.3	-0.42484	0.00077302	0.11567	0.023384	0.63169	1.5831	22.069	24.592	82.049	102.07	110.83	179.39	45.516	7.1748e-06	0.011699
314.23	0.025724	758.58	0.0013183	-6.7819	-6.7790	-20.273	119.56	162.85	1177.3	-0.40973	0.00068924	0.11369	0.022492	0.84025	1.1901	22.825	25.401	82.138	105.44	114.32	180.91	41.925	7.3202e-06	0.012411
320.25	0.032516	752.77	0.0013284	-5.7941	-5.7905	-17.159	121.80	165.27	1148.7	-0.39746	0.00063156	0.11219	0.021780	1.0449	0.95704	23.447	26.066	82.316	108.16	117.15	182.05	39.329	7.4378e-06	0.013000
325.33	0.039308	747.83	0.0013372	-4.9494	-4.9450	-14.542	123.71	167.33	1124.7	-0.38701	0.00058842	0.11099	0.021182	1.2465	0.80223	23.983	26.637	82.534	110.46	119.55	182.95	37.322	7.5373e-06	0.013510
329.75	0.046100	743.51	0.0013450	-4.2062	-4.2010	-12.273	125.38	169.12	1104.0	-0.37782	0.00055442	0.10999	0.020666	1.4458	0.69168	24.457	27.140	82.772	112.46	121.65	183.70	35.700	7.6242e-06	0.013962
333.68	0.052892	739.65	0.0013520	-3.5392	-3.5332	-10.262	126.87	170.72	1085.8	-0.36957	0.00052660	0.10913	0.020209	1.6430	0.60865	24.883	27.592	83.018	114.24	123.53	184.32	34.349	7.7015e-06	0.014371
337.22	0.059684	736.15	0.0013584	-2.9318	-2.9250	-8.4513	128.22	172.17	1069.4	-0.36206	0.00050324	0.10838	0.019798	1.8385	0.54391	25.273	28.005	83.268	115.85	125.24	184.85	33.198	7.7716e-06	0.014746
340.46	0.066476	732.93	0.0013644	-2.3725	-2.3648	-6.8004	129.45	173.50	1054.6	-0.35512	0.00048319	0.10772	0.019425	2.0326	0.49198	25.633	28.385	83.518	117.32	126.80	185.31	32.200	7.8357e-06	0.015093
343.45	0.073268	729.96	0.0013699	-1.8528	-1.8443	-5.2805	130.60	174.73	1041.0	-0.34866	0.00046571	0.10712	0.019081	2.2254	0.44936	25.968	28.738	83.766	118.68	128.25	185.71	31.321	7.8950e-06	0.015418
346.22	0.080060	727.17	0.0013752	-1.3665	-1.3572	-3.8702	131.66	175.88	1028.4	-0.34259	0.00045027	0.10658	0.018764	2.4171	0.41372	26.282	29.069	84.010	119.95	129.60	186.06	30.540	7.9503e-06	0.015723
348.82	0.086852	724.56	0.0013801	-0.90870	-0.89861	-2.5529	132.66	176.96	1016.7	-0.33686	0.00043649	0.10609	0.018467	2.6077	0.38347	26.578	29.381	84.252	121.13	130.87	186.37	29.838	8.0022e-06	0.016012
351.26	0.093644	722.10	0.0013849	-0.47566	-0.46474	-1.3156	133.61	177.98	1005.7	-0.33141	0.00042406	0.10563	0.018190	2.7975	0.35746	26.858	29.676	84.490	122.24	132.08	186.64	29.203	8.0511e-06	0.016286
353.57	0.10044	719.76	0.0013894	-0.064262	-0.052518	-0.14818	134.50	178.95	995.37	-0.32621	0.00041277	0.10521	0.017928	2.9865	0.33484	27.125	29.956	84.723	123.30	133.21	186.88	28.624	8.0974e-06	0.016548
355.76	0.10723	717.53	0.0013937	0.32800	0.34058	0.95793	135.35	179.87	985.61	-0.32123	0.00040246	0.10482	0.017681	3.1747	0.31499	27.380	30.223	84.953	124.30	134.30	187.10	28.093	8.1415e-06	0.016799
357.84	0.11402	715.41	0.0013978	0.70321	0.71662	2.0096	136.16	180.75	976.37	-0.31645	0.00039297	0.10445	0.017446	3.3622	0.29742	27.624	30.478	85.178	125.25	135.33	187.30	27.603	8.1836e-06	0.017039
359.83	0.12081	713.37	0.0014018	1.0631	1.0774	3.0127	136.94	181.59	967.57	-0.31183	0.00038420	0.10410	0.017222	3.5492	0.28176	27.858	30.723	85.400	126.16	136.33	187.47	27.150	8.2239e-06	0.017271
361.74	0.12760	711.41	0.0014057	1.4092	1.4243	3.9720	137.68	182.40	959.18	-0.30737	0.00037606	0.10378	0.017009	3.7355	0.26770	28.084	30.958	85.617	127.03	137.28	187.62	26.729	8.2626e-06	0.017494
363.56	0.13440	709.53	0.0014094	1.7427	1.7586	4.8918	138.40	183.18	951.16	-0.30304	0.00036847	0.10347	0.016804	3.9214	0.25501	28.301	31.185	85.831	127.87	138.20	187.76	26.335	8.2999e-06	0.017711
365.32	0.14119	707.71	0.0014130	2.0647	2.0815	5.7755	139.09	183.93	943.47	-0.29884	0.00036137	0.10317	0.016608	4.1068	0.24350	28.511	31.404	86.041	128.67	139.08	187.89	25.967	8.3359e-06	0.017920
367.01	0.14798	705.95	0.0014165	2.3762	2.3939	6.6263	139.75	184.66	936.08	-0.29476	0.00035471	0.10289	0.016420	4.2917	0.23301	28.714	31.616	86.247	129.45	139.94	188.00	25.622	8.3707e-06	0.018123
368.65	0.15477	704.25	0.0014199	2.6780	2.6965	7.4470	140.39	185.36	928.98	-0.29077	0.00034844	0.10263	0.016239	4.4763	0.22340	28.911	31.821	86.450	130.20	140.77	188.10	25.297	8.4044e-06	0.018321
370.23	0.16156	702.61	0.0014233	2.9709	2.9902	8.2398	141.01	186.05	922.12	-0.28688	0.00034253	0.10237	0.016064	4.6605	0.21457	29.102	32.020	86.650	130.92	141.57	188.18	24.990	8.4372e-06	0.018513
371.76	0.16835	701.00	0.0014265	3.2554	3.2756	9.0068	141.62	186.71	915.51	-0.28308	0.00033694	0.10213	0.015895	4.8443	0.20643	29.288	32.213	86.846	131.63	142.35	188.26	24.699	8.4690e-06	0.018700
373.24	0.17515	699.45	0.0014297	3.5322	3.5533	9.7500	142.20	187.36	909.11	-0.27936	0.00033163	0.10190	0.015731	5.0278	0.19889	29.469	32.401	87.040	132.31	143.11	188.33	24.424	8.4999e-06	0.018882
374.68	0.18194	697.93	0.0014328	3.8018	3.8237	10.471	142.77	187.98	902.92	-0.27571	0.00032659	0.10167	0.015573	5.2110	0.19190	29.645	32.584	87.230	132.97	143.85	188.38	24.163	8.5301e-06	0.019060
376.08	0.18873	696.46	0.0014358	4.0646	4.0874	11.171	143.32	188.60	896.91	-0.27213	0.00032180	0.10146	0.015419	5.3940	0.18539	29.817	32.762	87.417	133.61	144.57	188.43	23.914	8.5595e-06	0.019235
377.44	0.19552	695.02	0.0014388	4.3210	4.3447	11.852	143.86	189.20	891.08	-0.26861	0.00031723	0.10125	0.015270	5.5767	0.17932	29.985	32.935	87.602	134.24	145.27	188.47	23.678	8.5883e-06	0.019405
378.76	0.20231	693.61	0.0014417	4.5716	4.5961	12.515	144.39	189.78	885.42	-0.26515	0.00031286	0.10105	0.015125	5.7591	0.17364	30.149	33.105	87.784	134.85	145.96	188.51	23.452	8.6164e-06	0.019572
380.05	0.20911	692.23	0.0014446	4.8164	4.8419	13.160	144.90	190.35	879.91	-0.26175	0.00030868	0.10085	0.014984	5.9413	0.16831	30.309	33.271	87.963	135.44	146.63	188.54	23.236	8.6439e-06	0.019735
381.31	0.21590	690.89	0.0014474	5.0560	5.0823	13.790	145.40	190.92	874.55	-0.25840	0.00030469	0.10066	0.014847	6.1234	0.16331	30.466	33.433	88.139	136.02	147.29	188.56	23.029	8.6709e-06	0.019896
382.54	0.22269	689.57	0.0014502	5.2906	5.3178	14.404	145.89	191.46	869.33	-0.25509	0.00030085	0.10048	0.014713	6.3052	0.15860	30.619	33.591	88.314	136.59	147.93	188.57	22.832	8.6973e-06	0.020053
383.74	0.22948	688.28	0.0014529	5.5204	5.5485	15.004	146.36	192.00	864.23	-0.25184	0.00029717	0.10030	0.014583	6.4869	0.15416	30.769	33.747	88.486	137.14	148.56	188.58	22.642	8.7233e-06	0.020207
384.92	0.23627	687.02	0.0014556	5.7457	5.7747	15.590	146.83	192.53	859.26	-0.24862	0.00029363	0.10013	0.014456	6.6684	0.14996	30.917	33.899	88.655	137.68	149.18	188.59	22.460	8.7487e-06	0.020359
386.07	0.24307	685.78	0.0014582	5.9667	5.9966	16.164	147.29	193.05	854.41	-0.24544	0.00029022	0.099966	0.014331	6.8498	0.14599	31.061	34.048	88.822	138.22	149.78	188.59	22.284	8.7738e-06	0.020508
387.19	0.24986	684.57	0.0014608	6.1837	6.2144	16.725	147.74	193.56	849.66	-0.24230	0.00028694	0.099803	0.014210	7.0310	0.14223	31.203	34.194	88.988	138.73	150.38	188.58	22.116	8.7984e-06	0.020655
388.30	0.25665	683.37	0.0014633	6.3967	6.4283	17.275	148.18	194.06	845.02	-0.23920	0.00028378	0.099645	0.014091	7.2121	0.13866	31.343	34.338	89.151	139.24	150.96	188.58	21.954	8.8227e-06	0.020799
389.38	0.26344	682.20	0.0014659	6.6060	6.6385	17.813	148.61	194.55	840.48	-0.23613	0.00028072	0.099491	0.013975	7.3931	0.13526	31.480	34.478	89.312	139.74	151.54	188.56	21.797	8.8465e-06	0.020941
390.44	0.27023	681.04	0.0014683	6.8118	6.8452	18.341	149.03	195.03	836.03	-0.23309	0.00027777	0.099341	0.013861	7.5740	0.13203	31.614	34.617	89.471	140.23	152.10	188.55	21.647	8.8701e-06	0.021081
391.48	0.27703	679.91	0.0014708	7.0141	7.0484	18.859	149.45	195.51	831.68	-0.23008	0.00027492	0.099194	0.013750	7.7548	0.12895	31.746	34.753	89.628	140.71	152.66	188.52	21.501	8.8933e-06	0.021219
392.50	0.28382	678.79	0.0014732	7.2133	7.2485	19.367	149.86	195.98	827.41	-0.22709	0.00027216	0.099051	0.013641	7.9355	0.12602	31.877	34.887	89.784	141.18	153.20	188.50	21.360	8.9161e-06	0.021355
393.50	0.29061	677.69	0.0014756	7.4093	7.4453	19.866	150.26	196.44	823.22	-0.22414	0.00026948	0.098911	0.013533	8.1162	0.12321	32.005	35.018	89.937	141.65	153.74	188.47	21.224	8.9387e-06	0.021489
394.48	0.29740	676.61	0.0014780	7.6023	7.6392	20.356	150.65	196.90	819.11	-0.22120	0.00026689	0.098775	0.013428	8.2967	0.12053	32.131	35.148	90.089	142.10	154.27	188.44	21.093	8.9610e-06	0.021621
395.45	0.30419	675.54	0.0014803	7.7924	7.8303	20.837	151.04	197.35	815.08	-0.21830	0.00026438	0.098641	0.013325	8.4773	0.11796	32.255	35.275	90.239	142.55	154.80	188.41	20.966	8.9830e-06	0.021751
396.40	0.31099	674.49	0.0014826	7.9797	8.0185	21.311	151.42	197.79	811.12	-0.21541	0.00026194	0.098510	0.013224	8.6577	0.11550	32.378	35.401	90.388	142.99	155.31	188.37	20.842	9.0047e-06	0.021880
397.34	0.31778	673.46	0.0014849	8.1644	8.2041	21.776	151.79	198.23	807.23	-0.21254	0.00025957	0.098382	0.013125	8.8382	0.11315	32.498	35.524	90.534	143.42	155.82	188.33	20.723	9.0262e-06	0.022007
398.26	0.32457	672.43	0.0014871	8.3465	8.3871	22.234	152.16	198.66	803.40	-0.20970	0.00025727	0.098256	0.013027	9.0185	0.11088	32.617	35.646	90.680	143.85	156.32	188.28	20.607	9.0475e-06	0.022133
399.16	0.33136	671.43	0.0014894	8.5262	8.5677	22.685	152.53	199.09	799.64	-0.20687	0.00025503	0.098133	0.012931	9.1989	0.10871	32.735	35.766	90.824	144.27	156.82	188.24	20.495	9.0685e-06	0.022257
400.06	0.33815	670.43	0.0014916	8.7034	8.7459	23.129	152.89	199.51	795.94	-0.20407	0.00025286	0.098013	0.012837	9.3792	0.10662	32.850	35.885	90.966	144.68	157.31	188.19	20.386	9.0893e-06	0.022380
400.94	0.34494	669.45	0.0014938	8.8784	8.9217	23.566	153.24	199.93	792.30	-0.20127	0.00025074	0.097894	0.012744	9.5595	0.10461	32.965	36.001	91.107	145.09	157.79	188.14	20.280	9.1099e-06	0.022501
401.80	0.35174	668.48	0.0014959	9.0511	9.0954	23.996	153.59	200.34	788.72	-0.19850	0.00024868	0.097778	0.012653	9.7399	0.10267	33.077	36.117	91.246	145.49	158.27	188.09	20.177	9.1303e-06	0.022621
402.66	0.35853	667.52	0.0014981	9.2217	9.2669	24.420	153.93	200.75	785.19	-0.19574	0.00024667	0.097664	0.012563	9.9202	0.10080	33.189	36.230	91.384	145.88	158.74	188.03	20.077	9.1505e-06	0.022739
403.50	0.36532	666.57	0.0015002	9.3902	9.4363	24.838	154.27	201.15	781.71	-0.19299	0.00024471	0.097551	0.012475	10.100	0.099005	33.298	36.342	91.521	146.27	159.20	187.97	19.980	9.1705e-06	0.022857
404.33	0.37211	665.63	0.0015023	9.5566	9.6037	25.251	154.60	201.55	778.29	-0.19026	0.00024280	0.097441	0.012388	10.281	0.097269	33.407	36.453	91.656	146.66	159.66	187.91	19.885	9.1903e-06	0.022973
405.15	0.37890	664.71	0.0015044	9.7211	9.7691	25.657	154.93	201.94	774.91	-0.18754	0.00024094	0.097332	0.012302	10.461	0.095592	33.514	36.562	91.790	147.04	160.12	187.85	19.793	9.2100e-06	0.023088
405.95	0.38570	663.79	0.0015065	9.8838	9.9327	26.059	155.26	202.33	771.58	-0.18484	0.00023912	0.097226	0.012217	10.641	0.093973	33.620	36.671	91.923	147.41	160.57	187.79	19.703	9.2295e-06	0.023201
406.75	0.39249	662.89	0.0015086	10.045	10.094	26.454	155.58	202.72	768.30	-0.18214	0.00023735	0.097121	0.012134	10.822	0.092406	33.725	36.777	92.054	147.78	161.02	187.72	19.616	9.2489e-06	0.023314
407.54	0.39928	661.99	0.0015106	10.204	10.254	26.845	155.89	203.10	765.07	-0.17946	0.00023561	0.097017	0.012052	11.002	0.090891	33.828	36.883	92.185	148.15	161.46	187.65	19.531	9.2680e-06	0.023425
408.32	0.40607	661.11	0.0015126	10.361	10.412	27.231	156.21	203.48	761.87	-0.17678	0.00023392	0.096916	0.011971	11.183	0.089425	33.931	36.987	92.314	148.51	161.89	187.58	19.448	9.2871e-06	0.023536
409.08	0.41286	660.23	0.0015146	10.516	10.569	27.612	156.52	203.85	758.72	-0.17412	0.00023226	0.096815	0.011891	11.363	0.088005	34.032	37.090	92.442	148.87	162.33	187.51	19.367	9.3060e-06	0.023645
409.84	0.41966	659.36	0.0015166	10.670	10.724	27.988	156.82	204.23	755.61	-0.17147	0.00023064	0.096717	0.011813	11.543	0.086629	34.132	37.192	92.569	149.22	162.75	187.44	19.288	9.3248e-06	0.023754
410.59	0.42645	658.50	0.0015186	10.823	10.877	28.359	157.12	204.60	752.54	-0.16882	0.00022906	0.096619	0.011735	11.724	0.085295	34.231	37.293	92.694	149.57	163.18	187.37	19.211	9.3434e-06	0.023861
411.33	0.43324	657.65	0.0015206	10.974	11.029	28.727	157.42	204.96	749.51	-0.16618	0.00022751	0.096523	0.011658	11.905	0.084002	34.329	37.392	92.819	149.91	163.60	187.29	19.136	9.3619e-06	0.023968
412.06	0.44003	656.81	0.0015225	11.123	11.179	29.089	157.72	205.32	746.51	-0.16355	0.00022599	0.096428	0.011583	12.085	0.082746	34.426	37.491	92.943	150.25	164.02	187.21	19.063	9.3803e-06	0.024073
412.78	0.44682	655.97	0.0015245	11.271	11.328	29.448	158.01	205.68	743.55	-0.16093	0.00022450	0.096335	0.011508	12.266	0.081527	34.522	37.588	93.065	150.58	164.43	187.13	18.992	9.3986e-06	0.024178
413.50	0.45362	655.14	0.0015264	11.417	11.475	29.803	158.30	206.04	740.62	-0.15832	0.00022304	0.096243	0.011434	12.447	0.080343	34.617	37.685	93.187	150.92	164.84	187.05	18.922	9.4167e-06	0.024282
414.21	0.46041	654.32	0.0015283	11.562	11.621	30.153	158.58	206.39	737.73	-0.15571	0.00022162	0.096152	0.011362	12.627	0.079193	34.712	37.780	93.307	151.25	165.25	186.97	18.854	9.4348e-06	0.024385
414.90	0.46720	653.51	0.0015302	11.706	11.766	30.500	158.86	206.74	734.87	-0.15311	0.00022022	0.096062	0.011290	12.808	0.078075	34.805	37.875	93.427	151.57	165.65	186.89	18.787	9.4527e-06	0.024487
415.60	0.47399	652.70	0.0015321	11.848	11.909	30.843	159.14	207.09	732.05	-0.15051	0.00021885	0.095973	0.011219	12.989	0.076987	34.897	37.968	93.546	151.89	166.05	186.80	18.722	9.4706e-06	0.024589
416.28	0.48078	651.90	0.0015340	11.989	12.051	31.182	159.42	207.44	729.25	-0.14792	0.00021750	0.095886	0.011148	13.170	0.075929	34.989	38.061	93.663	152.21	166.44	186.72	18.659	9.4883e-06	0.024689
416.96	0.48757	651.11	0.0015358	12.129	12.192	31.518	159.69	207.78	726.49	-0.14533	0.00021618	0.095799	0.011079	13.351	0.074900	35.079	38.153	93.780	152.53	166.84	186.63	18.596	9.5060e-06	0.024789
417.63	0.49437	650.33	0.0015377	12.268	12.332	31.850	159.96	208.12	723.75	-0.14275	0.00021488	0.095714	0.011010	13.532	0.073897	35.169	38.243	93.896	152.84	167.23	186.54	18.536	9.5235e-06	0.024888
418.29	0.50116	649.55	0.0015395	12.405	12.470	32.179	160.23	208.46	721.05	-0.14017	0.00021361	0.095629	0.010943	13.714	0.072920	35.258	38.333	94.011	153.15	167.61	186.45	18.476	9.5410e-06	0.024987
418.95	0.50795	648.77	0.0015414	12.541	12.607	32.505	160.49	208.79	718.37	-0.13760	0.00021237	0.095546	0.010876	13.895	0.071969	35.346	38.423	94.125	153.45	168.00	186.36	18.418	9.5583e-06	0.025084
419.60	0.51474	648.00	0.0015432	12.676	12.743	32.827	160.76	209.12	715.72	-0.13503	0.00021114	0.095463	0.010809	14.076	0.071041	35.433	38.511	94.238	153.75	168.38	186.27	18.361	9.5756e-06	0.025181
420.24	0.52153	647.24	0.0015450	12.810	12.878	33.146	161.01	209.45	713.09	-0.13246	0.00020994	0.095382	0.010744	14.258	0.070137	35.520	38.598	94.350	154.05	168.76	186.18	18.305	9.5928e-06	0.025278
420.88	0.52833	646.49	0.0015468	12.943	13.012	33.463	161.27	209.78	710.49	-0.12990	0.00020875	0.095301	0.010679	14.439	0.069255	35.606	38.685	94.462	154.35	169.14	186.09	18.251	9.6100e-06	0.025373
421.51	0.53512	645.74	0.0015486	13.075	13.145	33.776	161.53	210.11	707.92	-0.12734	0.00020759	0.095221	0.010615	14.621	0.068395	35.691	38.771	94.573	154.64	169.51	185.99	18.197	9.6270e-06	0.025468
422.14	0.54191	644.99	0.0015504	13.206	13.276	34.086	161.78	210.43	705.37	-0.12478	0.00020645	0.095142	0.010551	14.803	0.067555	35.775	38.856	94.682	154.94	169.88	185.89	18.145	9.6440e-06	0.025563
422.75	0.54870	644.25	0.0015522	13.335	13.407	34.393	162.03	210.76	702.85	-0.12223	0.00020532	0.095063	0.010489	14.985	0.066735	35.859	38.941	94.792	155.23	170.25	185.80	18.094	9.6609e-06	0.025656
423.37	0.55549	643.52	0.0015540	13.464	13.537	34.698	162.28	211.08	700.35	-0.11967	0.00020422	0.094986	0.010426	15.167	0.065934	35.942	39.025	94.900	155.51	170.62	185.70	18.044	9.6778e-06	0.025750
423.98	0.56229	642.79	0.0015557	13.592	13.665	34.999	162.52	211.40	697.87	-0.11712	0.00020313	0.094909	0.010365	15.349	0.065152	36.025	39.108	95.007	155.80	170.98	185.60	17.995	9.6945e-06	0.025842
424.58	0.56908	642.06	0.0015575	13.719	13.793	35.298	162.77	211.71	695.41	-0.11457	0.00020206	0.094833	0.010304	15.531	0.064387	36.106	39.190	95.114	156.08	171.34	185.50	17.947	9.7112e-06	0.025934
425.18	0.57587	641.35	0.0015592	13.844	13.920	35.595	163.01	212.03	692.98	-0.11202	0.00020101	0.094758	0.010244	15.713	0.063640	36.187	39.272	95.220	156.36	171.70	185.40	17.900	9.7279e-06	0.026025
425.77	0.58266	640.63	0.0015610	13.969	14.046	35.888	163.25	212.34	690.57	-0.10947	0.00019998	0.094683	0.010184	15.896	0.062910	36.268	39.353	95.326	156.63	172.06	185.30	17.853	9.7445e-06	0.026116
426.36	0.58945	639.92	0.0015627	14.093	14.171	36.180	163.48	212.65	688.18	-0.10692	0.00019896	0.094609	0.010125	16.078	0.062196	36.347	39.433	95.430	156.91	172.41	185.20	17.808	9.7610e-06	0.026207
426.94	0.59625	639.22	0.0015644	14.217	14.295	36.468	163.72	212.96	685.81	-0.10438	0.00019795	0.094536	0.010067	16.261	0.061497	36.427	39.513	95.534	157.18	172.77	185.09	17.764	9.7774e-06	0.026296
427.52	0.60304	638.52	0.0015661	14.339	14.418	36.755	163.95	213.27	683.46	-0.10183	0.00019696	0.094464	0.010009	16.444	0.060814	36.505	39.592	95.637	157.45	173.12	184.99	17.720	9.7939e-06	0.026386
428.09	0.60983	637.82	0.0015678	14.460	14.541	37.039	164.18	213.57	681.13	-0.099280	0.00019599	0.094392	0.0099513	16.627	0.060145	36.583	39.670	95.740	157.71	173.47	184.88	17.678	9.8102e-06	0.026474
428.66	0.61662	637.13	0.0015695	14.581	14.662	37.320	164.41	213.88	678.82	-0.096733	0.00019503	0.094321	0.0098944	16.810	0.059490	36.661	39.748	95.842	157.98	173.82	184.78	17.636	9.8265e-06	0.026563
429.22	0.62341	636.44	0.0015712	14.700	14.783	37.600	164.64	214.18	676.52	-0.094185	0.00019409	0.094250	0.0098381	16.993	0.058848	36.738	39.825	95.943	158.24	174.16	184.67	17.595	9.8428e-06	0.026650
429.78	0.63021	635.76	0.0015729	14.819	14.903	37.877	164.87	214.48	674.25	-0.091637	0.00019315	0.094180	0.0097823	17.176	0.058220	36.814	39.902	96.043	158.50	174.51	184.56	17.555	9.8589e-06	0.026737
430.34	0.63700	635.08	0.0015746	14.938	15.022	38.152	165.09	214.78	671.99	-0.089087	0.00019224	0.094110	0.0097270	17.360	0.057605	36.890	39.978	96.143	158.76	174.85	184.46	17.515	9.8751e-06	0.026824
430.89	0.64379	634.40	0.0015763	15.055	15.140	38.425	165.31	215.08	669.76	-0.086537	0.00019133	0.094042	0.0096722	17.543	0.057002	36.965	40.053	96.242	159.02	175.19	184.35	17.477	9.8912e-06	0.026911
431.43	0.65058	633.73	0.0015780	15.172	15.258	38.695	165.53	215.38	667.53	-0.083986	0.00019044	0.093973	0.0096179	17.727	0.056412	37.039	40.128	96.341	159.27	175.53	184.24	17.439	9.9073e-06	0.026996
431.97	0.65737	633.06	0.0015796	15.287	15.375	38.964	165.75	215.67	665.33	-0.081434	0.00018956	0.093905	0.0095641	17.911	0.055833	37.114	40.203	96.439	159.53	175.87	184.13	17.402	9.9233e-06	0.027082
432.51	0.66416	632.39	0.0015813	15.403	15.491	39.230	165.97	215.97	663.14	-0.078879	0.00018869	0.093838	0.0095107	18.095	0.055265	37.187	40.276	96.536	159.78	176.20	184.02	17.365	9.9392e-06	0.027167
433.04	0.67096	631.73	0.0015829	15.517	15.606	39.495	166.18	216.26	660.97	-0.076324	0.00018784	0.093771	0.0094578	18.279	0.054708	37.260	40.350	96.633	160.03	176.54	183.90	17.329	9.9552e-06	0.027251
433.57	0.67775	631.08	0.0015846	15.631	15.721	39.758	166.40	216.55	658.82	-0.073766	0.00018699	0.093705	0.0094054	18.463	0.054162	37.333	40.422	96.729	160.28	176.87	183.79	17.294	9.9710e-06	0.027335
434.10	0.68454	630.42	0.0015862	15.744	15.835	40.018	166.61	216.84	656.68	-0.071206	0.00018616	0.093639	0.0093534	18.647	0.053627	37.405	40.495	96.825	160.52	177.20	183.68	17.260	9.9869e-06	0.027419
434.62	0.69133	629.77	0.0015879	15.856	15.948	40.277	166.82	217.13	654.56	-0.068645	0.00018534	0.093574	0.0093019	18.832	0.053101	37.477	40.567	96.920	160.77	177.53	183.57	17.226	1.0003e-05	0.027502
435.14	0.69812	629.13	0.0015895	15.968	16.061	40.534	167.03	217.42	652.45	-0.066080	0.00018452	0.093509	0.0092508	19.017	0.052585	37.548	40.638	97.014	161.01	177.86	183.45	17.193	1.0018e-05	0.027585
435.65	0.70492	628.48	0.0015911	16.079	16.173	40.789	167.23	217.71	650.35	-0.063514	0.00018372	0.093445	0.0092001	19.202	0.052079	37.619	40.709	97.108	161.25	178.18	183.34	17.160	1.0034e-05	0.027668
436.16	0.71171	627.84	0.0015928	16.189	16.284	41.042	167.44	217.99	648.28	-0.060944	0.00018293	0.093381	0.0091498	19.387	0.051582	37.689	40.779	97.201	161.49	178.51	183.22	17.128	1.0050e-05	0.027750
436.67	0.71850	627.20	0.0015944	16.299	16.395	41.294	167.64	218.28	646.21	-0.058372	0.00018215	0.093317	0.0090999	19.572	0.051094	37.759	40.849	97.294	161.73	178.83	183.10	17.097	1.0066e-05	0.027832
437.17	0.72529	626.57	0.0015960	16.408	16.505	41.544	167.85	218.56	644.16	-0.055797	0.00018138	0.093254	0.0090505	19.757	0.050615	37.829	40.918	97.386	161.96	179.16	182.99	17.066	1.0081e-05	0.027913
437.67	0.73208	625.94	0.0015976	16.516	16.614	41.792	168.05	218.84	642.12	-0.053219	0.00018062	0.093192	0.0090014	19.943	0.050144	37.897	40.987	97.478	162.20	179.48	182.87	17.036	1.0097e-05	0.027994
438.17	0.73888	625.31	0.0015992	16.624	16.723	42.038	168.25	219.12	640.10	-0.050637	0.00017986	0.093130	0.0089527	20.128	0.049681	37.966	41.055	97.569	162.43	179.80	182.75	17.006	1.0112e-05	0.028074
438.66	0.74567	624.69	0.0016008	16.731	16.832	42.283	168.45	219.40	638.09	-0.048052	0.00017912	0.093068	0.0089044	20.314	0.049227	38.034	41.123	97.660	162.66	180.12	182.63	16.977	1.0128e-05	0.028155
439.15	0.75246	624.06	0.0016024	16.838	16.939	42.526	168.65	219.68	636.09	-0.045463	0.00017839	0.093006	0.0088565	20.500	0.048780	38.102	41.191	97.750	162.89	180.44	182.51	16.948	1.0143e-05	0.028235
439.64	0.75925	623.45	0.0016040	16.944	17.046	42.768	168.84	219.96	634.11	-0.042871	0.00017766	0.092945	0.0088090	20.686	0.048341	38.169	41.258	97.840	163.12	180.75	182.39	16.920	1.0159e-05	0.028314
440.12	0.76604	622.83	0.0016056	17.049	17.153	43.008	169.04	220.24	632.14	-0.040275	0.00017694	0.092885	0.0087618	20.873	0.047910	38.236	41.325	97.929	163.34	181.07	182.27	16.893	1.0174e-05	0.028393
440.61	0.77284	622.22	0.0016072	17.154	17.259	43.246	169.23	220.51	630.18	-0.037675	0.00017623	0.092825	0.0087150	21.059	0.047485	38.303	41.391	98.017	163.57	181.38	182.15	16.866	1.0190e-05	0.028472
441.08	0.77963	621.60	0.0016087	17.258	17.364	43.483	169.42	220.79	628.23	-0.035070	0.00017553	0.092765	0.0086685	21.246	0.047068	38.369	41.457	98.105	163.79	181.70	182.03	16.839	1.0205e-05	0.028551
441.56	0.78642	621.00	0.0016103	17.362	17.469	43.718	169.61	221.06	626.30	-0.032462	0.00017484	0.092705	0.0086224	21.433	0.046658	38.434	41.522	98.193	164.02	182.01	181.91	16.813	1.0221e-05	0.028629
442.03	0.79321	620.39	0.0016119	17.465	17.573	43.952	169.80	221.33	624.38	-0.029849	0.00017415	0.092646	0.0085766	21.620	0.046254	38.500	41.587	98.280	164.24	182.32	181.79	16.788	1.0236e-05	0.028707
442.50	0.80000	619.79	0.0016135	17.568	17.677	44.185	169.99	221.61	622.46	-0.027231	0.00017347	0.092587	0.0085312	21.807	0.045857	38.565	41.652	98.367	164.46	182.63	181.66	16.762	1.0251e-05	0.028785
442.96	0.80680	619.19	0.0016150	17.670	17.780	44.416	170.18	221.88	620.56	-0.024609	0.00017280	0.092529	0.0084861	21.994	0.045466	38.629	41.716	98.453	164.67	182.94	181.54	16.738	1.0266e-05	0.028862
443.42	0.81359	618.59	0.0016166	17.772	17.883	44.646	170.36	222.15	618.68	-0.021982	0.00017214	0.092471	0.0084413	22.182	0.045082	38.693	41.780	98.539	164.89	183.25	181.42	16.713	1.0282e-05	0.028939
443.88	0.82038	617.99	0.0016181	17.873	17.985	44.874	170.55	222.42	616.80	-0.019350	0.00017148	0.092413	0.0083969	22.370	0.044703	38.757	41.844	98.624	165.11	183.56	181.29	16.690	1.0297e-05	0.029016
444.34	0.82717	617.40	0.0016197	17.974	18.087	45.101	170.73	222.69	614.93	-0.016713	0.00017083	0.092355	0.0083527	22.558	0.044331	38.821	41.907	98.709	165.32	183.86	181.17	16.666	1.0312e-05	0.029092
444.79	0.83396	616.81	0.0016212	18.074	18.188	45.326	170.92	222.96	613.08	-0.014071	0.00017019	0.092298	0.0083089	22.746	0.043964	38.884	41.970	98.793	165.54	184.17	181.04	16.643	1.0327e-05	0.029169
445.25	0.84075	616.22	0.0016228	18.174	18.289	45.551	171.10	223.22	611.23	-0.011424	0.00016956	0.092241	0.0082654	22.934	0.043603	38.947	42.032	98.877	165.75	184.48	180.91	16.621	1.0343e-05	0.029244
445.69	0.84755	615.63	0.0016243	18.273	18.389	45.773	171.28	223.49	609.39	-0.0087707	0.00016893	0.092185	0.0082222	23.123	0.043248	39.009	42.094	98.960	165.96	184.78	180.79	16.599	1.0358e-05	0.029320
446.14	0.85434	615.05	0.0016259	18.372	18.488	45.995	171.46	223.76	607.57	-0.0061122	0.00016831	0.092128	0.0081793	23.311	0.042898	39.071	42.156	99.043	166.17	185.08	180.66	16.577	1.0373e-05	0.029395
446.58	0.86113	614.47	0.0016274	18.470	18.588	46.215	171.64	224.02	605.75	-0.0034481	0.00016769	0.092072	0.0081367	23.500	0.042553	39.133	42.217	99.126	166.38	185.39	180.53	16.556	1.0388e-05	0.029470
447.02	0.86792	613.89	0.0016290	18.568	18.687	46.434	171.81	224.29	603.95	-0.00077816	0.00016708	0.092017	0.0080944	23.689	0.042213	39.194	42.278	99.208	166.58	185.69	180.40	16.535	1.0403e-05	0.029545
447.46	0.87471	613.31	0.0016305	18.665	18.785	46.652	171.99	224.55	602.15	0.0018977	0.00016648	0.091961	0.0080524	23.879	0.041879	39.255	42.338	99.290	166.79	185.99	180.28	16.514	1.0418e-05	0.029620
447.90	0.88151	612.74	0.0016320	18.762	18.883	46.869	172.16	224.81	600.37	0.0045796	0.00016588	0.091906	0.0080106	24.068	0.041549	39.316	42.399	99.371	167.00	186.29	180.15	16.494	1.0433e-05	0.029694
448.33	0.88830	612.16	0.0016336	18.858	18.980	47.084	172.34	225.07	598.59	0.0072676	0.00016529	0.091851	0.0079692	24.258	0.041224	39.377	42.459	99.452	167.20	186.59	180.02	16.475	1.0448e-05	0.029768
448.76	0.89509	611.59	0.0016351	18.954	19.077	47.299	172.51	225.34	596.83	0.0099619	0.00016470	0.091796	0.0079280	24.448	0.040904	39.437	42.518	99.533	167.40	186.89	179.89	16.455	1.0463e-05	0.029842
449.19	0.90188	611.02	0.0016366	19.050	19.174	47.512	172.68	225.60	595.07	0.012663	0.00016412	0.091742	0.0078871	24.638	0.040588	39.497	42.577	99.613	167.60	187.19	179.76	16.436	1.0478e-05	0.029916
449.62	0.90867	610.45	0.0016381	19.145	19.270	47.724	172.86	225.86	593.32	0.015370	0.00016354	0.091688	0.0078465	24.828	0.040277	39.556	42.636	99.693	167.80	187.48	179.63	16.417	1.0493e-05	0.029989
450.04	0.91547	609.89	0.0016396	19.240	19.366	47.934	173.03	226.12	591.58	0.018084	0.00016297	0.091634	0.0078061	25.019	0.039970	39.615	42.695	99.772	168.00	187.78	179.50	16.399	1.0508e-05	0.030062
450.46	0.92226	609.33	0.0016412	19.334	19.461	48.144	173.20	226.38	589.85	0.020804	0.00016241	0.091580	0.0077660	25.209	0.039668	39.674	42.753	99.851	168.20	188.08	179.37	16.381	1.0523e-05	0.030135
450.88	0.92905	608.76	0.0016427	19.428	19.556	48.353	173.36	226.63	588.13	0.023532	0.00016185	0.091527	0.0077261	25.400	0.039370	39.733	42.811	99.929	168.40	188.37	179.23	16.363	1.0538e-05	0.030207
451.30	0.93584	608.20	0.0016442	19.521	19.651	48.560	173.53	226.89	586.41	0.026266	0.00016130	0.091474	0.0076865	25.591	0.039076	39.791	42.869	100.01	168.60	188.67	179.10	16.346	1.0553e-05	0.030280
451.71	0.94263	607.65	0.0016457	19.614	19.745	48.766	173.70	227.15	584.71	0.029008	0.00016075	0.091421	0.0076472	25.783	0.038786	39.849	42.926	100.09	168.79	188.96	178.97	16.329	1.0568e-05	0.030352
452.13	0.94943	607.09	0.0016472	19.707	19.839	48.972	173.86	227.41	583.01	0.031756	0.00016020	0.091368	0.0076081	25.974	0.038500	39.907	42.983	100.16	168.99	189.26	178.84	16.312	1.0583e-05	0.030424
452.54	0.95622	606.54	0.0016487	19.799	19.932	49.176	174.03	227.66	581.32	0.034512	0.00015967	0.091316	0.0075693	26.166	0.038217	39.965	43.040	100.24	169.18	189.55	178.70	16.296	1.0598e-05	0.030496
452.95	0.96301	605.98	0.0016502	19.891	20.025	49.379	174.19	227.92	579.64	0.037276	0.00015913	0.091264	0.0075307	26.358	0.037939	40.022	43.097	100.32	169.37	189.84	178.57	16.280	1.0613e-05	0.030567
453.35	0.96980	605.43	0.0016517	19.983	20.117	49.581	174.36	228.17	577.97	0.040047	0.00015860	0.091212	0.0074923	26.550	0.037664	40.079	43.153	100.39	169.56	190.14	178.43	16.264	1.0628e-05	0.030638
453.76	0.97659	604.88	0.0016532	20.074	20.210	49.783	174.52	228.43	576.30	0.042825	0.00015808	0.091160	0.0074542	26.743	0.037393	40.135	43.209	100.47	169.76	190.43	178.30	16.249	1.0643e-05	0.030710
454.16	0.98339	604.34	0.0016547	20.164	20.301	49.983	174.68	228.68	574.65	0.045612	0.00015756	0.091108	0.0074163	26.935	0.037126	40.192	43.264	100.54	169.95	190.72	178.16	16.234	1.0658e-05	0.030780
454.56	0.99018	603.79	0.0016562	20.255	20.393	50.182	174.84	228.94	573.00	0.048406	0.00015704	0.091057	0.0073786	27.128	0.036862	40.248	43.319	100.62	170.13	191.01	178.03	16.219	1.0673e-05	0.030851
454.96	0.99697	603.25	0.0016577	20.345	20.484	50.380	175.00	229.19	571.35	0.051208	0.00015653	0.091006	0.0073412	27.321	0.036601	40.304	43.375	100.69	170.32	191.30	177.89	16.204	1.0687e-05	0.030922
455.35	1.0038	602.70	0.0016592	20.434	20.575	50.577	175.16	229.44	569.72	0.054019	0.00015602	0.090955	0.0073040	27.515	0.036344	40.359	43.429	100.77	170.51	191.59	177.76	16.190	1.0702e-05	0.030992
455.75	1.0106	602.16	0.0016607	20.524	20.665	50.774	175.32	229.70	568.09	0.056837	0.00015552	0.090904	0.0072670	27.708	0.036090	40.414	43.484	100.84	170.70	191.88	177.62	16.176	1.0717e-05	0.031062
456.14	1.0173	601.62	0.0016622	20.613	20.755	50.969	175.47	229.95	566.47	0.059664	0.00015502	0.090854	0.0072303	27.902	0.035840	40.469	43.538	100.92	170.88	192.17	177.48	16.163	1.0732e-05	0.031132
456.53	1.0241	601.08	0.0016637	20.701	20.845	51.164	175.63	230.20	564.86	0.062499	0.00015452	0.090803	0.0071937	28.096	0.035592	40.524	43.592	100.99	171.07	192.46	177.35	16.149	1.0747e-05	0.031202
456.92	1.0309	600.55	0.0016651	20.790	20.934	51.357	175.79	230.45	563.25	0.065343	0.00015403	0.090753	0.0071574	28.290	0.035348	40.579	43.646	101.06	171.25	192.75	177.21	16.136	1.0761e-05	0.031271
457.30	1.0377	600.01	0.0016666	20.877	21.023	51.550	175.94	230.70	561.65	0.068195	0.00015355	0.090703	0.0071213	28.485	0.035106	40.633	43.699	101.14	171.43	193.04	177.07	16.123	1.0776e-05	0.031341
457.69	1.0445	599.48	0.0016681	20.965	21.112	51.741	176.09	230.95	560.06	0.071057	0.00015306	0.090653	0.0070854	28.680	0.034868	40.687	43.752	101.21	171.61	193.33	176.93	16.111	1.0791e-05	0.031410
458.07	1.0513	598.95	0.0016696	21.052	21.200	51.932	176.25	231.20	558.48	0.073927	0.00015258	0.090603	0.0070497	28.875	0.034633	40.741	43.805	101.28	171.79	193.61	176.79	16.098	1.0806e-05	0.031479
458.45	1.0581	598.42	0.0016711	21.139	21.288	52.122	176.40	231.45	556.90	0.076806	0.00015211	0.090554	0.0070142	29.070	0.034400	40.794	43.858	101.35	171.98	193.90	176.65	16.086	1.0821e-05	0.031548
458.83	1.0649	597.89	0.0016726	21.226	21.376	52.311	176.55	231.70	555.33	0.079694	0.00015164	0.090505	0.0069789	29.265	0.034170	40.848	43.910	101.42	172.15	194.19	176.51	16.074	1.0835e-05	0.031617
459.21	1.0717	597.36	0.0016740	21.312	21.463	52.499	176.70	231.95	553.76	0.082591	0.00015117	0.090456	0.0069439	29.461	0.033943	40.901	43.962	101.49	172.33	194.48	176.38	16.063	1.0850e-05	0.031685
459.58	1.0785	596.83	0.0016755	21.398	21.550	52.687	176.85	232.20	552.20	0.085498	0.00015071	0.090407	0.0069090	29.657	0.033719	40.954	44.014	101.57	172.51	194.76	176.24	16.052	1.0865e-05	0.031753
459.96	1.0853	596.31	0.0016770	21.484	21.637	52.873	177.00	232.45	550.65	0.088414	0.00015024	0.090358	0.0068743	29.853	0.033497	41.006	44.066	101.64	172.69	195.05	176.09	16.041	1.0880e-05	0.031822
460.33	1.0921	595.78	0.0016785	21.569	21.723	53.059	177.15	232.70	549.11	0.091340	0.00014979	0.090309	0.0068398	30.050	0.033278	41.058	44.117	101.71	172.86	195.34	175.95	16.030	1.0894e-05	0.031890
460.70	1.0988	595.26	0.0016799	21.654	21.809	53.244	177.30	232.95	547.57	0.094275	0.00014933	0.090261	0.0068055	30.246	0.033062	41.111	44.168	101.78	173.04	195.62	175.81	16.019	1.0909e-05	0.031958
461.07	1.1056	594.74	0.0016814	21.739	21.895	53.428	177.45	233.19	546.03	0.097220	0.00014888	0.090213	0.0067714	30.443	0.032848	41.163	44.219	101.85	173.22	195.91	175.67	16.009	1.0924e-05	0.032025
461.44	1.1124	594.22	0.0016829	21.823	21.981	53.611	177.60	233.44	544.50	0.10018	0.00014843	0.090164	0.0067375	30.640	0.032637	41.214	44.270	101.92	173.39	196.19	175.53	15.999	1.0939e-05	0.032093
461.80	1.1192	593.70	0.0016844	21.907	22.066	53.794	177.74	233.69	542.98	0.10314	0.00014799	0.090116	0.0067038	30.838	0.032428	41.266	44.320	101.98	173.56	196.48	175.39	15.989	1.0953e-05	0.032160
462.16	1.1260	593.18	0.0016858	21.991	22.151	53.975	177.89	233.93	541.47	0.10612	0.00014755	0.090069	0.0066702	31.035	0.032221	41.317	44.370	102.05	173.74	196.76	175.25	15.979	1.0968e-05	0.032228
462.53	1.1328	592.67	0.0016873	22.074	22.235	54.156	178.03	234.18	539.96	0.10910	0.00014711	0.090021	0.0066369	31.233	0.032017	41.368	44.420	102.12	173.91	197.05	175.10	15.970	1.0983e-05	0.032295
462.89	1.1396	592.15	0.0016888	22.158	22.320	54.337	178.18	234.43	538.45	0.11210	0.00014668	0.089973	0.0066037	31.432	0.031815	41.419	44.470	102.19	174.08	197.33	174.96	15.961	1.0997e-05	0.032362
463.25	1.1464	591.64	0.0016902	22.241	22.404	54.516	178.32	234.67	536.96	0.11510	0.00014625	0.089926	0.0065707	31.630	0.031615	41.469	44.520	102.26	174.25	197.62	174.82	15.952	1.1012e-05	0.032429
463.60	1.1532	591.12	0.0016917	22.323	22.487	54.695	178.46	234.92	535.46	0.11812	0.00014582	0.089879	0.0065379	31.829	0.031418	41.520	44.569	102.32	174.42	197.90	174.67	15.943	1.1027e-05	0.032495
463.96	1.1600	590.61	0.0016932	22.406	22.571	54.872	178.61	235.16	533.98	0.12115	0.00014539	0.089832	0.0065053	32.028	0.031223	41.570	44.618	102.39	174.59	198.19	174.53	15.934	1.1041e-05	0.032562
464.31	1.1668	590.10	0.0016946	22.488	22.654	55.050	178.75	235.41	532.49	0.12418	0.00014497	0.089785	0.0064728	32.227	0.031030	41.620	44.667	102.46	174.76	198.47	174.38	15.926	1.1056e-05	0.032628
464.67	1.1736	589.59	0.0016961	22.570	22.737	55.226	178.89	235.65	531.02	0.12723	0.00014455	0.089738	0.0064405	32.427	0.030839	41.669	44.715	102.53	174.93	198.75	174.24	15.918	1.1071e-05	0.032695
465.02	1.1804	589.08	0.0016976	22.651	22.820	55.402	179.03	235.90	529.55	0.13029	0.00014413	0.089691	0.0064084	32.626	0.030650	41.719	44.764	102.59	175.09	199.04	174.09	15.910	1.1086e-05	0.032761
465.37	1.1871	588.58	0.0016990	22.732	22.902	55.577	179.17	236.14	528.08	0.13336	0.00014372	0.089644	0.0063764	32.826	0.030463	41.768	44.812	102.66	175.26	199.32	173.95	15.902	1.1100e-05	0.032827
465.72	1.1939	588.07	0.0017005	22.813	22.984	55.751	179.31	236.39	526.62	0.13645	0.00014331	0.089598	0.0063446	33.027	0.030278	41.817	44.860	102.72	175.43	199.61	173.80	15.895	1.1115e-05	0.032893
466.06	1.2007	587.56	0.0017019	22.894	23.066	55.925	179.45	236.63	525.17	0.13954	0.00014290	0.089552	0.0063130	33.227	0.030096	41.866	44.908	102.79	175.59	199.89	173.66	15.888	1.1130e-05	0.032959
466.41	1.2075	587.06	0.0017034	22.975	23.148	56.098	179.58	236.88	523.72	0.14264	0.00014249	0.089505	0.0062815	33.428	0.029915	41.915	44.955	102.85	175.75	200.17	173.51	15.881	1.1144e-05	0.033024
466.75	1.2143	586.56	0.0017049	23.055	23.229	56.270	179.72	237.12	522.28	0.14576	0.00014209	0.089459	0.0062502	33.629	0.029736	41.964	45.003	102.92	175.92	200.46	173.37	15.874	1.1159e-05	0.033090
467.10	1.2211	586.05	0.0017063	23.135	23.310	56.441	179.86	237.37	520.84	0.14889	0.00014169	0.089413	0.0062191	33.831	0.029559	42.012	45.050	102.98	176.08	200.74	173.22	15.867	1.1174e-05	0.033155
467.44	1.2279	585.55	0.0017078	23.214	23.391	56.612	180.00	237.61	519.40	0.15203	0.00014129	0.089368	0.0061881	34.033	0.029384	42.060	45.097	103.05	176.25	201.03	173.07	15.861	1.1188e-05	0.033221
467.78	1.2347	585.05	0.0017092	23.294	23.472	56.783	180.13	237.85	517.97	0.15518	0.00014089	0.089322	0.0061573	34.235	0.029210	42.108	45.143	103.11	176.41	201.31	172.92	15.854	1.1203e-05	0.033286
468.12	1.2415	584.55	0.0017107	23.373	23.552	56.952	180.27	238.10	516.55	0.15834	0.00014050	0.089276	0.0061266	34.437	0.029039	42.156	45.190	103.18	176.57	201.59	172.78	15.848	1.1218e-05	0.033351
468.45	1.2483	584.06	0.0017122	23.452	23.632	57.121	180.40	238.34	515.13	0.16152	0.00014011	0.089231	0.0060961	34.639	0.028869	42.203	45.236	103.24	176.73	201.88	172.63	15.842	1.1232e-05	0.033416
468.79	1.2551	583.56	0.0017136	23.531	23.712	57.289	180.54	238.58	513.71	0.16471	0.00013972	0.089186	0.0060657	34.842	0.028701	42.251	45.282	103.30	176.89	202.16	172.48	15.837	1.1247e-05	0.033481
469.12	1.2619	583.06	0.0017151	23.609	23.791	57.457	180.67	238.83	512.30	0.16791	0.00013934	0.089140	0.0060355	35.045	0.028535	42.298	45.328	103.37	177.05	202.45	172.33	15.831	1.1262e-05	0.033546
469.46	1.2686	582.57	0.0017165	23.687	23.871	57.624	180.80	239.07	510.90	0.17112	0.00013895	0.089095	0.0060055	35.249	0.028370	42.345	45.374	103.43	177.21	202.73	172.18	15.826	1.1276e-05	0.033610
469.79	1.2754	582.07	0.0017180	23.765	23.950	57.790	180.94	239.31	509.50	0.17435	0.00013857	0.089050	0.0059755	35.452	0.028207	42.392	45.420	103.49	177.37	203.01	172.03	15.820	1.1291e-05	0.033675
470.12	1.2822	581.58	0.0017195	23.843	24.029	57.956	181.07	239.56	508.10	0.17759	0.00013819	0.089005	0.0059458	35.656	0.028045	42.438	45.465	103.55	177.53	203.30	171.89	15.816	1.1306e-05	0.033739
470.45	1.2890	581.08	0.0017209	23.921	24.107	58.121	181.20	239.80	506.71	0.18084	0.00013782	0.088961	0.0059162	35.861	0.027886	42.485	45.510	103.62	177.68	203.58	171.74	15.811	1.1320e-05	0.033804
470.78	1.2958	580.59	0.0017224	23.998	24.186	58.286	181.33	240.04	505.32	0.18411	0.00013744	0.088916	0.0058867	36.065	0.027728	42.531	45.555	103.68	177.84	203.87	171.59	15.806	1.1335e-05	0.033868
471.10	1.3026	580.10	0.0017238	24.075	24.264	58.450	181.46	240.29	503.94	0.18738	0.00013707	0.088871	0.0058574	36.270	0.027571	42.577	45.600	103.74	178.00	204.15	171.44	15.802	1.1350e-05	0.033932
471.43	1.3094	579.61	0.0017253	24.152	24.342	58.613	181.59	240.53	502.56	0.19067	0.00013670	0.088827	0.0058282	36.475	0.027416	42.623	45.644	103.80	178.15	204.44	171.29	15.797	1.1364e-05	0.033996
471.75	1.3162	579.12	0.0017268	24.228	24.420	58.776	181.72	240.77	501.19	0.19398	0.00013633	0.088782	0.0057992	36.681	0.027262	42.669	45.689	103.86	178.31	204.72	171.13	15.793	1.1379e-05	0.034060
472.08	1.3230	578.63	0.0017282	24.305	24.497	58.938	181.85	241.02	499.82	0.19730	0.00013597	0.088738	0.0057702	36.887	0.027110	42.715	45.733	103.92	178.46	205.01	170.98	15.789	1.1394e-05	0.034124
472.40	1.3298	578.14	0.0017297	24.381	24.575	59.100	181.98	241.26	498.46	0.20063	0.00013560	0.088694	0.0057415	37.093	0.026960	42.760	45.777	103.98	178.62	205.29	170.83	15.786	1.1408e-05	0.034188
472.72	1.3366	577.66	0.0017311	24.457	24.652	59.261	182.11	241.50	497.10	0.20397	0.00013524	0.088650	0.0057129	37.299	0.026810	42.805	45.821	104.04	178.77	205.58	170.68	15.782	1.1423e-05	0.034252
473.04	1.3434	577.17	0.0017326	24.533	24.728	59.421	182.23	241.75	495.74	0.20733	0.00013488	0.088606	0.0056844	37.506	0.026663	42.850	45.865	104.10	178.92	205.86	170.53	15.779	1.1438e-05	0.034315
473.36	1.3501	576.68	0.0017341	24.608	24.805	59.581	182.36	241.99	494.39	0.21071	0.00013452	0.088562	0.0056560	37.713	0.026516	42.895	45.908	104.16	179.08	206.15	170.38	15.775	1.1452e-05	0.034379
473.68	1.3569	576.20	0.0017355	24.683	24.882	59.740	182.49	242.23	493.04	0.21409	0.00013417	0.088518	0.0056278	37.920	0.026371	42.940	45.951	104.22	179.23	206.43	170.22	15.772	1.1467e-05	0.034442
473.99	1.3637	575.71	0.0017370	24.758	24.958	59.899	182.61	242.47	491.69	0.21750	0.00013382	0.088474	0.0055997	38.128	0.026228	42.984	45.995	104.28	179.38	206.72	170.07	15.769	1.1482e-05	0.034506
474.31	1.3705	575.23	0.0017384	24.833	25.034	60.057	182.74	242.72	490.35	0.22091	0.00013346	0.088431	0.0055717	38.335	0.026086	43.029	46.038	104.34	179.53	207.01	169.92	15.767	1.1496e-05	0.034569
474.62	1.3773	574.75	0.0017399	24.908	25.110	60.215	182.86	242.96	489.02	0.22434	0.00013311	0.088387	0.0055439	38.544	0.025945	43.073	46.080	104.40	179.68	207.29	169.77	15.764	1.1511e-05	0.034632
474.93	1.3841	574.26	0.0017414	24.982	25.185	60.372	182.99	243.20	487.69	0.22779	0.00013277	0.088344	0.0055162	38.752	0.025805	43.117	46.123	104.46	179.83	207.58	169.61	15.762	1.1526e-05	0.034695
475.24	1.3909	573.78	0.0017428	25.057	25.261	60.529	183.11	243.45	486.36	0.23125	0.00013242	0.088301	0.0054887	38.961	0.025667	43.161	46.165	104.52	179.98	207.87	169.46	15.759	1.1540e-05	0.034758
475.55	1.3977	573.30	0.0017443	25.131	25.336	60.685	183.24	243.69	485.03	0.23472	0.00013208	0.088257	0.0054612	39.170	0.025530	43.205	46.208	104.57	180.13	208.15	169.31	15.757	1.1555e-05	0.034821
475.86	1.4045	572.82	0.0017457	25.204	25.411	60.841	183.36	243.93	483.71	0.23822	0.00013173	0.088214	0.0054339	39.380	0.025394	43.248	46.250	104.63	180.28	208.44	169.15	15.755	1.1570e-05	0.034884
476.17	1.4113	572.34	0.0017472	25.278	25.486	60.996	183.48	244.18	482.40	0.24172	0.00013139	0.088171	0.0054067	39.590	0.025259	43.292	46.292	104.69	180.43	208.73	169.00	15.753	1.1584e-05	0.034947
476.48	1.4181	571.86	0.0017487	25.352	25.560	61.150	183.61	244.42	481.08	0.24524	0.00013106	0.088128	0.0053797	39.800	0.025126	43.335	46.334	104.75	180.58	209.02	168.84	15.752	1.1599e-05	0.035010
476.78	1.4249	571.39	0.0017501	25.425	25.635	61.304	183.73	244.67	479.77	0.24878	0.00013072	0.088085	0.0053527	40.010	0.024994	43.378	46.375	104.81	180.72	209.31	168.69	15.750	1.1614e-05	0.035072
477.09	1.4317	570.91	0.0017516	25.498	25.709	61.458	183.85	244.91	478.47	0.25233	0.00013038	0.088042	0.0053259	40.221	0.024863	43.421	46.417	104.86	180.87	209.60	168.53	15.749	1.1628e-05	0.035135
477.39	1.4384	570.43	0.0017531	25.571	25.783	61.611	183.97	245.15	477.17	0.25590	0.00013005	0.087999	0.0052992	40.432	0.024733	43.464	46.458	104.92	181.02	209.88	168.38	15.748	1.1643e-05	0.035198
477.70	1.4452	569.95	0.0017545	25.643	25.857	61.763	184.09	245.40	475.87	0.25948	0.00012972	0.087957	0.0052726	40.644	0.024604	43.507	46.499	104.98	181.16	210.17	168.22	15.747	1.1658e-05	0.035260
478.00	1.4520	569.48	0.0017560	25.716	25.930	61.915	184.21	245.64	474.57	0.26308	0.00012939	0.087914	0.0052462	40.855	0.024477	43.549	46.540	105.03	181.31	210.46	168.06	15.746	1.1672e-05	0.035323
478.30	1.4588	569.00	0.0017575	25.788	26.004	62.067	184.33	245.89	473.28	0.26670	0.00012906	0.087872	0.0052198	41.068	0.024350	43.591	46.581	105.09	181.45	210.76	167.91	15.745	1.1687e-05	0.035385
478.60	1.4656	568.53	0.0017589	25.860	26.077	62.218	184.45	246.13	471.99	0.27033	0.00012873	0.087829	0.0051936	41.280	0.024225	43.634	46.622	105.14	181.60	211.05	167.75	15.744	1.1702e-05	0.035447
478.90	1.4724	568.05	0.0017604	25.932	26.150	62.368	184.57	246.38	470.71	0.27398	0.00012841	0.087787	0.0051675	41.493	0.024101	43.676	46.662	105.20	181.74	211.34	167.59	15.744	1.1716e-05	0.035510
479.19	1.4792	567.58	0.0017619	26.004	26.223	62.518	184.69	246.62	469.43	0.27765	0.00012809	0.087744	0.0051415	41.706	0.023977	43.717	46.702	105.26	181.89	211.63	167.44	15.744	1.1731e-05	0.035572
479.49	1.4860	567.11	0.0017633	26.075	26.296	62.668	184.81	246.87	468.15	0.28133	0.00012776	0.087702	0.0051156	41.919	0.023855	43.759	46.743	105.31	182.03	211.92	167.28	15.743	1.1746e-05	0.035634
479.79	1.4928	566.64	0.0017648	26.147	26.368	62.817	184.93	247.11	466.88	0.28503	0.00012744	0.087660	0.0050899	42.133	0.023734	43.801	46.783	105.37	182.17	212.21	167.12	15.743	1.1761e-05	0.035696
480.08	1.4996	566.16	0.0017663	26.218	26.441	62.966	185.04	247.36	465.61	0.28874	0.00012712	0.087618	0.0050642	42.347	0.023614	43.842	46.822	105.42	182.31	212.51	166.97	15.744	1.1775e-05	0.035758
480.38	1.5064	565.69	0.0017677	26.289	26.513	63.114	185.16	247.60	464.34	0.29248	0.00012681	0.087576	0.0050387	42.562	0.023495	43.884	46.862	105.48	182.46	212.80	166.81	15.744	1.1790e-05	0.035820
480.67	1.5132	565.22	0.0017692	26.360	26.585	63.262	185.28	247.85	463.08	0.29623	0.00012649	0.087534	0.0050133	42.777	0.023377	43.925	46.902	105.53	182.60	213.09	166.65	15.744	1.1805e-05	0.035882
480.96	1.5199	564.75	0.0017707	26.430	26.657	63.409	185.39	248.09	461.82	0.30000	0.00012618	0.087492	0.0049879	42.992	0.023260	43.966	46.941	105.58	182.74	213.39	166.49	15.745	1.1820e-05	0.035944
481.25	1.5267	564.28	0.0017722	26.501	26.728	63.556	185.51	248.34	460.56	0.30378	0.00012586	0.087450	0.0049627	43.208	0.023144	44.007	46.980	105.64	182.88	213.68	166.33	15.745	1.1834e-05	0.036006
481.54	1.5335	563.81	0.0017736	26.571	26.800	63.702	185.63	248.59	459.31	0.30759	0.00012555	0.087409	0.0049376	43.424	0.023029	44.047	47.019	105.69	183.02	213.98	166.17	15.746	1.1849e-05	0.036068
481.83	1.5403	563.34	0.0017751	26.641	26.871	63.848	185.74	248.83	458.06	0.31141	0.00012524	0.087367	0.0049127	43.640	0.022915	44.088	47.058	105.75	183.16	214.27	166.01	15.747	1.1864e-05	0.036129
482.12	1.5471	562.87	0.0017766	26.711	26.942	63.994	185.86	249.08	456.81	0.31525	0.00012493	0.087325	0.0048878	43.857	0.022802	44.128	47.097	105.80	183.30	214.57	165.85	15.748	1.1879e-05	0.036191
482.40	1.5539	562.41	0.0017781	26.781	27.013	64.139	185.97	249.33	455.57	0.31911	0.00012463	0.087284	0.0048630	44.074	0.022689	44.169	47.136	105.85	183.44	214.87	165.69	15.750	1.1893e-05	0.036253
482.69	1.5607	561.94	0.0017796	26.850	27.084	64.284	186.08	249.58	454.32	0.32299	0.00012432	0.087242	0.0048383	44.291	0.022578	44.209	47.174	105.90	183.58	215.16	165.53	15.751	1.1908e-05	0.036315
482.98	1.5675	561.47	0.0017810	26.920	27.155	64.428	186.20	249.82	453.09	0.32688	0.00012402	0.087201	0.0048138	44.509	0.022468	44.249	47.213	105.96	183.72	215.46	165.37	15.752	1.1923e-05	0.036376
483.26	1.5743	561.00	0.0017825	26.989	27.225	64.572	186.31	250.07	451.85	0.33080	0.00012371	0.087159	0.0047893	44.727	0.022358	44.289	47.251	106.01	183.86	215.76	165.21	15.754	1.1938e-05	0.036438
483.54	1.5811	560.54	0.0017840	27.058	27.296	64.715	186.42	250.32	450.62	0.33473	0.00012341	0.087118	0.0047650	44.945	0.022249	44.328	47.289	106.06	183.99	216.06	165.05	15.756	1.1952e-05	0.036499
483.83	1.5879	560.07	0.0017855	27.127	27.366	64.858	186.54	250.57	449.39	0.33869	0.00012311	0.087077	0.0047407	45.164	0.022141	44.368	47.327	106.11	184.13	216.36	164.89	15.758	1.1967e-05	0.036561
484.11	1.5947	559.61	0.0017870	27.196	27.436	65.001	186.65	250.82	448.16	0.34266	0.00012281	0.087036	0.0047166	45.383	0.022035	44.408	47.365	106.17	184.27	216.66	164.73	15.760	1.1982e-05	0.036622
484.39	1.6014	559.14	0.0017885	27.265	27.506	65.143	186.76	251.07	446.94	0.34665	0.00012251	0.086995	0.0046925	45.603	0.021928	44.447	47.402	106.22	184.40	216.96	164.57	15.762	1.1997e-05	0.036684
484.67	1.6082	558.68	0.0017899	27.333	27.575	65.285	186.87	251.32	445.72	0.35066	0.00012222	0.086954	0.0046686	45.823	0.021823	44.486	47.440	106.27	184.54	217.26	164.41	15.764	1.2011e-05	0.036745
484.95	1.6150	558.21	0.0017914	27.401	27.645	65.426	186.99	251.57	444.50	0.35469	0.00012192	0.086912	0.0046447	46.043	0.021719	44.525	47.477	106.32	184.68	217.56	164.25	15.767	1.2026e-05	0.036806
485.22	1.6218	557.75	0.0017929	27.470	27.714	65.567	187.10	251.82	443.29	0.35875	0.00012163	0.086872	0.0046210	46.264	0.021615	44.564	47.515	106.37	184.81	217.86	164.08	15.769	1.2041e-05	0.036868
485.50	1.6286	557.28	0.0017944	27.538	27.784	65.707	187.21	252.07	442.08	0.36282	0.00012134	0.086831	0.0045973	46.485	0.021512	44.603	47.552	106.42	184.95	218.17	163.92	15.772	1.2056e-05	0.036929
485.78	1.6354	556.82	0.0017959	27.605	27.853	65.847	187.32	252.32	440.87	0.36691	0.00012104	0.086790	0.0045738	46.706	0.021410	44.642	47.589	106.47	185.08	218.47	163.76	15.775	1.2071e-05	0.036990
486.05	1.6422	556.36	0.0017974	27.673	27.922	65.987	187.43	252.57	439.66	0.37102	0.00012075	0.086749	0.0045503	46.928	0.021309	44.680	47.625	106.53	185.22	218.78	163.60	15.778	1.2086e-05	0.037052
486.33	1.6490	555.90	0.0017989	27.741	27.990	66.127	187.54	252.82	438.46	0.37516	0.00012047	0.086708	0.0045269	47.151	0.021209	44.719	47.662	106.58	185.35	219.08	163.43	15.781	1.2100e-05	0.037113
486.60	1.6558	555.43	0.0018004	27.808	28.059	66.265	187.65	253.08	437.26	0.37931	0.00012018	0.086668	0.0045037	47.373	0.021109	44.757	47.699	106.63	185.48	219.39	163.27	15.784	1.2115e-05	0.037174
486.88	1.6626	554.97	0.0018019	27.875	28.127	66.404	187.76	253.33	436.06	0.38349	0.00011989	0.086627	0.0044805	47.596	0.021010	44.795	47.735	106.68	185.62	219.69	163.11	15.787	1.2130e-05	0.037235
487.15	1.6694	554.51	0.0018034	27.942	28.196	66.542	187.87	253.58	434.87	0.38768	0.00011961	0.086586	0.0044574	47.820	0.020912	44.833	47.771	106.73	185.75	220.00	162.94	15.791	1.2145e-05	0.037296
487.42	1.6762	554.05	0.0018049	28.009	28.264	66.680	187.97	253.83	433.68	0.39190	0.00011932	0.086546	0.0044344	48.044	0.020814	44.871	47.807	106.78	185.88	220.31	162.78	15.794	1.2160e-05	0.037358
487.69	1.6830	553.59	0.0018064	28.076	28.332	66.817	188.08	254.09	432.49	0.39614	0.00011904	0.086505	0.0044116	48.268	0.020718	44.909	47.843	106.83	186.02	220.62	162.61	15.798	1.2175e-05	0.037419
487.96	1.6897	553.13	0.0018079	28.143	28.400	66.955	188.19	254.34	431.30	0.40040	0.00011876	0.086465	0.0043888	48.492	0.020622	44.947	47.879	106.87	186.15	220.93	162.45	15.802	1.2189e-05	0.037480
488.23	1.6965	552.67	0.0018094	28.209	28.468	67.091	188.30	254.60	430.12	0.40469	0.00011847	0.086425	0.0043661	48.717	0.020527	44.984	47.915	106.92	186.28	221.24	162.28	15.806	1.2204e-05	0.037541
488.50	1.7033	552.21	0.0018109	28.276	28.535	67.228	188.41	254.85	428.94	0.40899	0.00011819	0.086384	0.0043435	48.943	0.020432	45.022	47.951	106.97	186.41	221.55	162.12	15.810	1.2219e-05	0.037602
488.76	1.7101	551.75	0.0018124	28.342	28.603	67.364	188.51	255.11	427.76	0.41332	0.00011792	0.086344	0.0043209	49.169	0.020338	45.059	47.986	107.02	186.54	221.86	161.95	15.814	1.2234e-05	0.037663
489.03	1.7169	551.29	0.0018139	28.408	28.670	67.499	188.62	255.36	426.58	0.41767	0.00011764	0.086304	0.0042985	49.395	0.020245	45.096	48.021	107.07	186.67	222.18	161.79	15.818	1.2249e-05	0.037724
489.30	1.7237	550.83	0.0018154	28.474	28.737	67.634	188.73	255.62	425.41	0.42205	0.00011736	0.086264	0.0042762	49.622	0.020152	45.133	48.057	107.12	186.80	222.49	161.62	15.823	1.2264e-05	0.037785
489.56	1.7305	550.37	0.0018170	28.540	28.804	67.769	188.83	255.88	424.24	0.42645	0.00011709	0.086224	0.0042539	49.849	0.020061	45.170	48.092	107.17	186.93	222.80	161.46	15.827	1.2279e-05	0.037846
489.83	1.7373	549.91	0.0018185	28.605	28.871	67.904	188.94	256.14	423.07	0.43087	0.00011681	0.086183	0.0042317	50.076	0.019970	45.207	48.127	107.21	187.06	223.12	161.29	15.832	1.2294e-05	0.037907
490.09	1.7441	549.45	0.0018200	28.671	28.938	68.038	189.04	256.39	421.90	0.43531	0.00011654	0.086143	0.0042097	50.304	0.019879	45.244	48.162	107.26	187.19	223.44	161.12	15.837	1.2309e-05	0.037968
490.35	1.7509	549.00	0.0018215	28.736	29.005	68.172	189.15	256.65	420.74	0.43978	0.00011627	0.086103	0.0041877	50.533	0.019789	45.280	48.196	107.31	187.32	223.75	160.96	15.842	1.2324e-05	0.038030
490.61	1.7577	548.54	0.0018230	28.802	29.071	68.305	189.25	256.91	419.58	0.44427	0.00011599	0.086063	0.0041658	50.761	0.019700	45.317	48.231	107.36	187.45	224.07	160.79	15.847	1.2338e-05	0.038091
490.88	1.7645	548.08	0.0018246	28.867	29.138	68.438	189.36	257.17	418.42	0.44879	0.00011572	0.086024	0.0041440	50.990	0.019612	45.353	48.265	107.40	187.58	224.39	160.62	15.852	1.2353e-05	0.038152
491.14	1.7712	547.62	0.0018261	28.932	29.204	68.571	189.46	257.43	417.26	0.45333	0.00011545	0.085984	0.0041222	51.220	0.019524	45.389	48.300	107.45	187.71	224.71	160.46	15.857	1.2368e-05	0.038213
491.40	1.7780	547.17	0.0018276	28.997	29.270	68.704	189.57	257.69	416.11	0.45789	0.00011519	0.085944	0.0041006	51.450	0.019436	45.425	48.334	107.50	187.84	225.03	160.29	15.862	1.2383e-05	0.038274
491.65	1.7848	546.71	0.0018291	29.061	29.336	68.836	189.67	257.95	414.96	0.46248	0.00011492	0.085904	0.0040790	51.681	0.019350	45.461	48.368	107.55	187.96	225.35	160.12	15.868	1.2398e-05	0.038335
491.91	1.7916	546.25	0.0018307	29.126	29.402	68.968	189.78	258.21	413.81	0.46710	0.00011465	0.085864	0.0040576	51.912	0.019264	45.497	48.402	107.59	188.09	225.67	159.95	15.874	1.2413e-05	0.038396
492.17	1.7984	545.79	0.0018322	29.190	29.468	69.099	189.88	258.48	412.66	0.47174	0.00011439	0.085825	0.0040362	52.143	0.019178	45.533	48.436	107.64	188.22	226.00	159.78	15.879	1.2428e-05	0.038457
492.43	1.8052	545.34	0.0018337	29.255	29.533	69.230	189.98	258.74	411.52	0.47640	0.00011412	0.085785	0.0040149	52.375	0.019093	45.569	48.469	107.69	188.35	226.32	159.62	15.885	1.2443e-05	0.038518
492.68	1.8120	544.88	0.0018353	29.319	29.599	69.361	190.08	259.00	410.38	0.48110	0.00011386	0.085746	0.0039936	52.607	0.019009	45.604	48.503	107.73	188.47	226.65	159.45	15.891	1.2458e-05	0.038579
492.94	1.8188	544.43	0.0018368	29.383	29.664	69.492	190.19	259.27	409.24	0.48581	0.00011360	0.085706	0.0039725	52.840	0.018925	45.640	48.536	107.78	188.60	226.98	159.28	15.897	1.2473e-05	0.038640
493.19	1.8256	543.97	0.0018383	29.447	29.729	69.622	190.29	259.53	408.10	0.49056	0.00011334	0.085666	0.0039514	53.073	0.018842	45.675	48.570	107.82	188.72	227.30	159.11	15.903	1.2488e-05	0.038701
493.45	1.8324	543.51	0.0018399	29.511	29.794	69.752	190.39	259.80	406.97	0.49533	0.00011307	0.085627	0.0039305	53.306	0.018760	45.710	48.603	107.87	188.85	227.63	158.94	15.910	1.2503e-05	0.038762
493.70	1.8392	543.06	0.0018414	29.574	29.859	69.881	190.49	260.06	405.83	0.50012	0.00011281	0.085588	0.0039096	53.540	0.018678	45.745	48.636	107.91	188.98	227.96	158.77	15.916	1.2518e-05	0.038823
493.95	1.8460	542.60	0.0018430	29.638	29.924	70.010	190.60	260.33	404.70	0.50495	0.00011256	0.085548	0.0038887	53.775	0.018596	45.780	48.669	107.96	189.10	228.29	158.60	15.923	1.2533e-05	0.038884
494.21	1.8528	542.15	0.0018445	29.701	29.989	70.139	190.70	260.60	403.57	0.50980	0.00011230	0.085509	0.0038680	54.010	0.018515	45.815	48.702	108.00	189.23	228.62	158.43	15.929	1.2548e-05	0.038946
494.46	1.8595	541.69	0.0018461	29.765	30.054	70.268	190.80	260.87	402.45	0.51467	0.00011204	0.085469	0.0038473	54.245	0.018435	45.850	48.735	108.05	189.35	228.96	158.26	15.936	1.2563e-05	0.039007
494.71	1.8663	541.24	0.0018476	29.828	30.118	70.396	190.90	261.14	401.32	0.51958	0.00011178	0.085430	0.0038268	54.481	0.018355	45.884	48.767	108.09	189.47	229.29	158.09	15.943	1.2578e-05	0.039068
494.96	1.8731	540.78	0.0018492	29.891	30.182	70.524	191.00	261.40	400.20	0.52451	0.00011153	0.085391	0.0038063	54.717	0.018276	45.919	48.800	108.14	189.60	229.63	157.92	15.950	1.2593e-05	0.039129
495.21	1.8799	540.33	0.0018507	29.954	30.247	70.652	191.10	261.67	399.08	0.52948	0.00011127	0.085352	0.0037858	54.954	0.018197	45.953	48.832	108.18	189.72	229.96	157.75	15.957	1.2609e-05	0.039190
495.46	1.8867	539.87	0.0018523	30.017	30.311	70.779	191.20	261.95	397.97	0.53447	0.00011102	0.085312	0.0037655	55.191	0.018119	45.987	48.864	108.23	189.85	230.30	157.58	15.965	1.2624e-05	0.039251
495.70	1.8935	539.42	0.0018539	30.079	30.375	70.906	191.30	262.22	396.85	0.53948	0.00011077	0.085273	0.0037452	55.429	0.018041	46.022	48.897	108.27	189.97	230.64	157.40	15.972	1.2639e-05	0.039313
495.95	1.9003	538.96	0.0018554	30.142	30.439	71.033	191.40	262.49	395.74	0.54453	0.00011052	0.085234	0.0037250	55.667	0.017964	46.056	48.929	108.31	190.09	230.98	157.23	15.979	1.2654e-05	0.039374
496.20	1.9071	538.51	0.0018570	30.205	30.503	71.159	191.50	262.76	394.63	0.54961	0.00011026	0.085195	0.0037049	55.906	0.017887	46.090	48.961	108.36	190.22	231.32	157.06	15.987	1.2669e-05	0.039435
496.44	1.9139	538.05	0.0018586	30.267	30.566	71.286	191.60	263.04	393.52	0.55471	0.00011001	0.085156	0.0036849	56.145	0.017811	46.124	48.992	108.40	190.34	231.66	156.89	15.995	1.2684e-05	0.039497
496.69	1.9207	537.60	0.0018601	30.329	30.630	71.411	191.70	263.31	392.41	0.55985	0.00010976	0.085117	0.0036649	56.385	0.017735	46.157	49.024	108.45	190.46	232.01	156.72	16.002	1.2699e-05	0.039558
496.93	1.9275	537.14	0.0018617	30.391	30.693	71.537	191.80	263.59	391.30	0.56502	0.00010951	0.085078	0.0036450	56.625	0.017660	46.191	49.056	108.49	190.58	232.35	156.54	16.010	1.2714e-05	0.039619
497.18	1.9343	536.69	0.0018633	30.453	30.757	71.662	191.90	263.86	390.20	0.57021	0.00010927	0.085039	0.0036252	56.865	0.017585	46.224	49.087	108.53	190.70	232.70	156.37	16.018	1.2729e-05	0.039681
497.42	1.9410	536.24	0.0018649	30.515	30.820	71.787	191.99	264.14	389.10	0.57544	0.00010902	0.085000	0.0036054	57.106	0.017511	46.258	49.118	108.57	190.83	233.05	156.20	16.027	1.2745e-05	0.039742
497.66	1.9478	535.78	0.0018664	30.577	30.883	71.912	192.09	264.42	388.00	0.58070	0.00010877	0.084961	0.0035858	57.348	0.017437	46.291	49.150	108.62	190.95	233.40	156.02	16.035	1.2760e-05	0.039804
497.91	1.9546	535.33	0.0018680	30.639	30.946	72.037	192.19	264.70	386.91	0.58599	0.00010853	0.084923	0.0035662	57.590	0.017364	46.324	49.181	108.66	191.07	233.75	155.85	16.043	1.2775e-05	0.039865
498.15	1.9614	534.87	0.0018696	30.700	31.009	72.161	192.29	264.98	385.81	0.59131	0.00010828	0.084884	0.0035466	57.833	0.017291	46.357	49.212	108.70	191.19	234.10	155.68	16.052	1.2790e-05	0.039927
498.39	1.9682	534.42	0.0018712	30.762	31.072	72.285	192.39	265.26	384.72	0.59666	0.00010804	0.084845	0.0035272	58.076	0.017219	46.390	49.243	108.74	191.31	234.45	155.50	16.060	1.2805e-05	0.039988
498.63	1.9750	533.97	0.0018728	30.823	31.134	72.408	192.48	265.54	383.63	0.60204	0.00010779	0.084806	0.0035078	58.319	0.017147	46.423	49.273	108.79	191.43	234.81	155.33	16.069	1.2820e-05	0.040050
498.87	1.9818	533.51	0.0018744	30.884	31.197	72.532	192.58	265.82	382.54	0.60746	0.00010755	0.084768	0.0034885	58.563	0.017076	46.456	49.304	108.83	191.55	235.16	155.15	16.078	1.2836e-05	0.040111
499.11	1.9886	533.06	0.0018760	30.946	31.260	72.655	192.68	266.10	381.45	0.61291	0.00010731	0.084729	0.0034693	58.808	0.017005	46.489	49.335	108.87	191.67	235.52	154.98	16.087	1.2851e-05	0.040173
499.35	1.9954	532.60	0.0018776	31.007	31.322	72.778	192.77	266.39	380.36	0.61839	0.00010707	0.084690	0.0034501	59.053	0.016934	46.521	49.365	108.91	191.79	235.88	154.80	16.096	1.2866e-05	0.040235
499.58	2.0022	532.15	0.0018792	31.068	31.384	72.900	192.87	266.67	379.28	0.62390	0.00010683	0.084652	0.0034310	59.299	0.016864	46.554	49.396	108.95	191.91	236.24	154.63	16.105	1.2881e-05	0.040297
499.82	2.0090	531.70	0.0018808	31.128	31.446	73.022	192.97	266.96	378.20	0.62945	0.00010659	0.084613	0.0034120	59.545	0.016794	46.586	49.426	108.99	192.03	236.60	154.45	16.114	1.2897e-05	0.040358
500.06	2.0158	531.24	0.0018824	31.189	31.508	73.144	193.06	267.24	377.12	0.63503	0.00010635	0.084575	0.0033930	59.791	0.016725	46.619	49.456	109.03	192.15	236.96	154.28	16.124	1.2912e-05	0.040420
500.29	2.0225	530.79	0.0018840	31.250	31.570	73.266	193.16	267.53	376.04	0.64065	0.00010611	0.084536	0.0033741	60.039	0.016656	46.651	49.486	109.08	192.27	237.33	154.10	16.133	1.2927e-05	0.040482
500.53	2.0293	530.33	0.0018856	31.310	31.632	73.388	193.25	267.82	374.97	0.64630	0.00010587	0.084498	0.0033553	60.286	0.016588	46.683	49.516	109.12	192.38	237.69	153.93	16.143	1.2942e-05	0.040544
500.77	2.0361	529.88	0.0018872	31.371	31.694	73.509	193.35	268.11	373.89	0.65199	0.00010564	0.084459	0.0033366	60.535	0.016519	46.715	49.546	109.16	192.50	238.06	153.75	16.153	1.2958e-05	0.040606
501.00	2.0429	529.42	0.0018888	31.431	31.756	73.630	193.44	268.40	372.82	0.65771	0.00010540	0.084421	0.0033179	60.783	0.016452	46.747	49.575	109.20	192.62	238.43	153.57	16.162	1.2973e-05	0.040668
501.23	2.0497	528.97	0.0018905	31.491	31.817	73.750	193.54	268.69	371.75	0.66347	0.00010516	0.084382	0.0032993	61.033	0.016385	46.778	49.605	109.24	192.74	238.80	153.40	16.172	1.2988e-05	0.040730
501.47	2.0565	528.52	0.0018921	31.551	31.879	73.871	193.63	268.98	370.68	0.66926	0.00010493	0.084344	0.0032807	61.283	0.016318	46.810	49.634	109.28	192.86	239.17	153.22	16.182	1.3004e-05	0.040792
501.70	2.0633	528.06	0.0018937	31.611	31.940	73.991	193.73	269.28	369.61	0.67509	0.00010470	0.084306	0.0032623	61.533	0.016251	46.842	49.664	109.32	192.97	239.55	153.04	16.193	1.3019e-05	0.040855
501.93	2.0701	527.61	0.0018953	31.671	32.001	74.111	193.82	269.57	368.55	0.68095	0.00010446	0.084267	0.0032439	61.784	0.016185	46.873	49.693	109.36	193.09	239.92	152.86	16.203	1.3034e-05	0.040917
502.16	2.0769	527.15	0.0018970	31.731	32.063	74.231	193.92	269.87	367.48	0.68686	0.00010423	0.084229	0.0032255	62.035	0.016120	46.904	49.722	109.40	193.21	240.30	152.69	16.213	1.3050e-05	0.040979
502.39	2.0837	526.70	0.0018986	31.791	32.124	74.350	194.01	270.17	366.42	0.69280	0.00010400	0.084191	0.0032072	62.287	0.016055	46.936	49.751	109.44	193.33	240.68	152.51	16.224	1.3065e-05	0.041042
502.62	2.0905	526.24	0.0019003	31.850	32.185	74.469	194.11	270.46	365.36	0.69877	0.00010377	0.084152	0.0031890	62.540	0.015990	46.967	49.780	109.48	193.44	241.06	152.33	16.234	1.3080e-05	0.041104
502.85	2.0973	525.79	0.0019019	31.910	32.246	74.588	194.20	270.76	364.30	0.70479	0.00010353	0.084114	0.0031709	62.793	0.015925	46.998	49.809	109.52	193.56	241.45	152.15	16.245	1.3096e-05	0.041167
503.08	2.1041	525.33	0.0019035	31.969	32.306	74.707	194.29	271.06	363.25	0.71084	0.00010330	0.084076	0.0031528	63.047	0.015861	47.029	49.838	109.55	193.68	241.83	151.97	16.256	1.3111e-05	0.041229
503.31	2.1108	524.88	0.0019052	32.029	32.367	74.826	194.39	271.37	362.19	0.71694	0.00010307	0.084038	0.0031348	63.301	0.015797	47.060	49.866	109.59	193.79	242.22	151.79	16.267	1.3127e-05	0.041292
503.54	2.1176	524.43	0.0019068	32.088	32.428	74.944	194.48	271.67	361.14	0.72307	0.00010284	0.084000	0.0031168	63.556	0.015734	47.091	49.895	109.63	193.91	242.60	151.61	16.278	1.3142e-05	0.041354
503.77	2.1244	523.97	0.0019085	32.147	32.488	75.062	194.57	271.97	360.09	0.72924	0.00010262	0.083962	0.0030990	63.812	0.015671	47.121	49.923	109.67	194.02	242.99	151.43	16.289	1.3158e-05	0.041417
503.99	2.1312	523.51	0.0019102	32.206	32.549	75.180	194.67	272.28	359.04	0.73545	0.00010239	0.083924	0.0030811	64.068	0.015609	47.152	49.951	109.71	194.14	243.39	151.25	16.300	1.3173e-05	0.041480
504.22	2.1380	523.06	0.0019118	32.265	32.609	75.297	194.76	272.58	357.99	0.74170	0.00010216	0.083886	0.0030634	64.324	0.015546	47.182	49.980	109.75	194.25	243.78	151.07	16.312	1.3188e-05	0.041543
504.45	2.1448	522.60	0.0019135	32.324	32.669	75.414	194.85	272.89	356.94	0.74799	0.00010193	0.083848	0.0030457	64.581	0.015484	47.213	50.008	109.79	194.37	244.18	150.89	16.323	1.3204e-05	0.041606
504.67	2.1516	522.15	0.0019152	32.383	32.729	75.531	194.94	273.20	355.90	0.75433	0.00010171	0.083810	0.0030281	64.839	0.015423	47.243	50.036	109.82	194.48	244.57	150.71	16.335	1.3219e-05	0.041669
504.90	2.1584	521.69	0.0019168	32.441	32.789	75.648	195.04	273.51	354.86	0.76070	0.00010148	0.083772	0.0030105	65.097	0.015362	47.273	50.064	109.86	194.60	244.97	150.53	16.347	1.3235e-05	0.041732
505.12	2.1652	521.24	0.0019185	32.500	32.849	75.765	195.13	273.82	353.81	0.76712	0.00010126	0.083734	0.0029930	65.356	0.015301	47.303	50.091	109.90	194.71	245.37	150.35	16.358	1.3250e-05	0.041795
505.35	2.1720	520.78	0.0019202	32.558	32.909	75.881	195.22	274.13	352.77	0.77358	0.00010103	0.083696	0.0029755	65.616	0.015240	47.333	50.119	109.94	194.83	245.78	150.17	16.370	1.3266e-05	0.041859
505.57	2.1788	520.32	0.0019219	32.617	32.969	75.997	195.31	274.45	351.73	0.78008	0.00010081	0.083658	0.0029582	65.876	0.015180	47.363	50.147	109.97	194.94	246.18	149.99	16.382	1.3281e-05	0.041922
505.79	2.1856	519.87	0.0019236	32.675	33.029	76.113	195.40	274.76	350.70	0.78663	0.00010059	0.083620	0.0029408	66.137	0.015120	47.393	50.174	110.01	195.05	246.59	149.81	16.395	1.3297e-05	0.041985
506.01	2.1923	519.41	0.0019253	32.733	33.088	76.229	195.50	275.08	349.66	0.79322	0.00010036	0.083582	0.0029236	66.398	0.015061	47.423	50.201	110.05	195.17	247.00	149.63	16.407	1.3313e-05	0.042049
506.24	2.1991	518.96	0.0019269	32.791	33.148	76.344	195.59	275.40	348.63	0.79985	0.00010014	0.083544	0.0029064	66.660	0.015001	47.452	50.229	110.08	195.28	247.41	149.44	16.419	1.3328e-05	0.042113
506.46	2.2059	518.50	0.0019286	32.849	33.207	76.460	195.68	275.72	347.60	0.80653	9.9920e-05	0.083507	0.0028893	66.923	0.014943	47.482	50.256	110.12	195.40	247.83	149.26	16.432	1.3344e-05	0.042176
506.68	2.2127	518.04	0.0019303	32.907	33.267	76.575	195.77	276.04	346.57	0.81325	9.9698e-05	0.083469	0.0028722	67.186	0.014884	47.511	50.283	110.16	195.51	248.24	149.08	16.444	1.3359e-05	0.042240
506.90	2.2195	517.58	0.0019321	32.965	33.326	76.690	195.86	276.36	345.54	0.82002	9.9478e-05	0.083431	0.0028552	67.450	0.014826	47.540	50.310	110.19	195.62	248.66	148.90	16.457	1.3375e-05	0.042304
507.12	2.2263	517.13	0.0019338	33.023	33.385	76.804	195.95	276.68	344.51	0.82683	9.9258e-05	0.083393	0.0028382	67.714	0.014768	47.570	50.337	110.23	195.73	249.08	148.71	16.470	1.3391e-05	0.042368
507.34	2.2331	516.67	0.0019355	33.081	33.444	76.919	196.04	277.01	343.48	0.83369	9.9038e-05	0.083356	0.0028213	67.979	0.014710	47.599	50.363	110.27	195.85	249.50	148.53	16.483	1.3406e-05	0.042432
507.56	2.2399	516.21	0.0019372	33.138	33.504	77.033	196.13	277.34	342.46	0.84060	9.8819e-05	0.083318	0.0028045	68.245	0.014653	47.628	50.390	110.30	195.96	249.93	148.35	16.496	1.3422e-05	0.042496
507.77	2.2467	515.75	0.0019389	33.196	33.562	77.147	196.22	277.66	341.43	0.84756	9.8601e-05	0.083280	0.0027877	68.511	0.014596	47.657	50.417	110.34	196.07	250.36	148.16	16.509	1.3438e-05	0.042560
507.99	2.2535	515.29	0.0019406	33.253	33.621	77.260	196.31	277.99	340.41	0.85456	9.8383e-05	0.083243	0.0027710	68.778	0.014539	47.686	50.443	110.37	196.18	250.79	147.98	16.523	1.3453e-05	0.042625
508.21	2.2603	514.84	0.0019424	33.311	33.680	77.374	196.40	278.33	339.39	0.86161	9.8166e-05	0.083205	0.0027543	69.046	0.014483	47.714	50.469	110.41	196.30	251.22	147.80	16.536	1.3469e-05	0.042689
508.42	2.2671	514.38	0.0019441	33.368	33.739	77.487	196.49	278.66	338.37	0.86871	9.7949e-05	0.083168	0.0027377	69.314	0.014427	47.743	50.496	110.45	196.41	251.65	147.61	16.549	1.3485e-05	0.042754
508.64	2.2738	513.92	0.0019458	33.425	33.798	77.600	196.58	278.99	337.35	0.87586	9.7732e-05	0.083130	0.0027212	69.583	0.014371	47.772	50.522	110.48	196.52	252.09	147.43	16.563	1.3500e-05	0.042818
508.86	2.2806	513.46	0.0019476	33.482	33.856	77.713	196.67	279.33	336.34	0.88306	9.7516e-05	0.083092	0.0027047	69.853	0.014316	47.800	50.548	110.52	196.63	252.53	147.24	16.577	1.3516e-05	0.042883
509.07	2.2874	513.00	0.0019493	33.539	33.915	77.826	196.76	279.67	335.32	0.89031	9.7301e-05	0.083055	0.0026883	70.123	0.014261	47.828	50.574	110.55	196.74	252.97	147.06	16.591	1.3532e-05	0.042948
509.29	2.2942	512.54	0.0019511	33.596	33.973	77.939	196.85	280.01	334.31	0.89761	9.7086e-05	0.083017	0.0026719	70.394	0.014206	47.857	50.600	110.59	196.85	253.42	146.87	16.605	1.3548e-05	0.043013
509.50	2.3010	512.08	0.0019528	33.653	34.031	78.051	196.94	280.35	333.30	0.90496	9.6871e-05	0.082980	0.0026556	70.666	0.014151	47.885	50.625	110.62	196.97	253.86	146.68	16.619	1.3564e-05	0.043078
509.72	2.3078	511.62	0.0019546	33.710	34.090	78.163	197.03	280.69	332.29	0.91237	9.6657e-05	0.082943	0.0026393	70.938	0.014097	47.913	50.651	110.65	197.08	254.31	146.50	16.633	1.3579e-05	0.043143
509.93	2.3146	511.16	0.0019563	33.767	34.148	78.275	197.12	281.03	331.28	0.91982	9.6444e-05	0.082905	0.0026231	71.211	0.014043	47.941	50.677	110.69	197.19	254.77	146.31	16.647	1.3595e-05	0.043208
510.14	2.3214	510.70	0.0019581	33.823	34.206	78.387	197.21	281.38	330.27	0.92733	9.6231e-05	0.082868	0.0026070	71.485	0.013989	47.969	50.702	110.72	197.30	255.22	146.13	16.662	1.3611e-05	0.043274
510.35	2.3282	510.24	0.0019599	33.880	34.264	78.498	197.30	281.73	329.26	0.93490	9.6018e-05	0.082830	0.0025909	71.759	0.013935	47.997	50.727	110.76	197.41	255.68	145.94	16.676	1.3627e-05	0.043339
510.57	2.3350	509.77	0.0019617	33.936	34.322	78.610	197.39	282.08	328.26	0.94252	9.5806e-05	0.082793	0.0025749	72.034	0.013882	48.025	50.753	110.79	197.52	256.14	145.75	16.691	1.3643e-05	0.043405
510.78	2.3418	509.31	0.0019634	33.993	34.380	78.721	197.47	282.43	327.26	0.95019	9.5594e-05	0.082756	0.0025589	72.310	0.013829	48.052	50.778	110.82	197.63	256.60	145.57	16.706	1.3659e-05	0.043471
510.99	2.3486	508.85	0.0019652	34.049	34.438	78.832	197.56	282.78	326.25	0.95792	9.5383e-05	0.082718	0.0025430	72.587	0.013777	48.080	50.803	110.86	197.74	257.07	145.38	16.721	1.3675e-05	0.043536
511.20	2.3554	508.39	0.0019670	34.105	34.495	78.943	197.65	283.14	325.25	0.96570	9.5172e-05	0.082681	0.0025271	72.864	0.013724	48.107	50.828	110.89	197.85	257.54	145.19	16.736	1.3690e-05	0.043602
511.41	2.3621	507.92	0.0019688	34.162	34.553	79.053	197.74	283.50	324.25	0.97354	9.4962e-05	0.082644	0.0025113	73.142	0.013672	48.135	50.853	110.93	197.96	258.01	145.00	16.751	1.3706e-05	0.043668
511.62	2.3689	507.46	0.0019706	34.218	34.611	79.164	197.83	283.86	323.25	0.98144	9.4752e-05	0.082607	0.0024956	73.420	0.013620	48.162	50.877	110.96	198.07	258.48	144.81	16.766	1.3722e-05	0.043735
511.83	2.3757	507.00	0.0019724	34.274	34.668	79.274	197.92	284.22	322.26	0.98940	9.4543e-05	0.082570	0.0024799	73.700	0.013569	48.189	50.902	110.99	198.18	258.96	144.63	16.781	1.3738e-05	0.043801
512.04	2.3825	506.53	0.0019742	34.330	34.726	79.384	198.00	284.58	321.26	0.99741	9.4333e-05	0.082532	0.0024642	73.980	0.013517	48.216	50.927	111.02	198.29	259.44	144.44	16.797	1.3754e-05	0.043868
512.25	2.3893	506.07	0.0019760	34.386	34.783	79.494	198.09	284.95	320.27	1.0055	9.4125e-05	0.082495	0.0024487	74.260	0.013466	48.243	50.951	111.06	198.40	259.92	144.25	16.813	1.3770e-05	0.043934
512.45	2.3961	505.60	0.0019778	34.441	34.840	79.603	198.18	285.31	319.27	1.0136	9.3916e-05	0.082458	0.0024331	74.542	0.013415	48.270	50.975	111.09	198.50	260.41	144.06	16.828	1.3786e-05	0.044001
512.66	2.4029	505.14	0.0019797	34.497	34.897	79.713	198.27	285.68	318.28	1.0218	9.3709e-05	0.082421	0.0024176	74.824	0.013365	48.297	51.000	111.12	198.61	260.90	143.87	16.844	1.3802e-05	0.044068
512.87	2.4097	504.67	0.0019815	34.553	34.955	79.822	198.35	286.05	317.29	1.0301	9.3501e-05	0.082384	0.0024022	75.107	0.013314	48.324	51.024	111.15	198.72	261.39	143.68	16.860	1.3818e-05	0.044135
513.07	2.4165	504.21	0.0019833	34.608	35.012	79.931	198.44	286.43	316.30	1.0384	9.3294e-05	0.082347	0.0023868	75.391	0.013264	48.350	51.048	111.19	198.83	261.89	143.49	16.876	1.3835e-05	0.044202
513.28	2.4233	503.74	0.0019851	34.664	35.069	80.040	198.53	286.80	315.31	1.0468	9.3088e-05	0.082310	0.0023715	75.676	0.013214	48.377	51.072	111.22	198.94	262.39	143.30	16.892	1.3851e-05	0.044269
513.49	2.4301	503.27	0.0019870	34.719	35.126	80.149	198.62	287.18	314.32	1.0552	9.2881e-05	0.082273	0.0023562	75.961	0.013165	48.403	51.096	111.25	199.05	262.89	143.11	16.909	1.3867e-05	0.044337
513.69	2.4369	502.81	0.0019888	34.775	35.183	80.257	198.70	287.56	313.34	1.0637	9.2675e-05	0.082236	0.0023410	76.247	0.013115	48.430	51.119	111.28	199.16	263.40	142.92	16.925	1.3883e-05	0.044404
513.90	2.4436	502.34	0.0019907	34.830	35.239	80.366	198.79	287.95	312.35	1.0723	9.2470e-05	0.082199	0.0023259	76.534	0.013066	48.456	51.143	111.31	199.26	263.91	142.73	16.942	1.3899e-05	0.044472
514.10	2.4504	501.87	0.0019925	34.885	35.296	80.474	198.88	288.33	311.37	1.0809	9.2265e-05	0.082162	0.0023108	76.821	0.013017	48.482	51.167	111.34	199.37	264.42	142.54	16.958	1.3915e-05	0.044540
514.30	2.4572	501.40	0.0019944	34.941	35.353	80.582	198.96	288.72	310.39	1.0896	9.2060e-05	0.082125	0.0022957	77.110	0.012969	48.508	51.190	111.38	199.48	264.94	142.34	16.975	1.3931e-05	0.044608
514.51	2.4640	500.94	0.0019963	34.996	35.410	80.690	199.05	289.11	309.41	1.0984	9.1856e-05	0.082088	0.0022807	77.399	0.012920	48.534	51.214	111.41	199.59	265.46	142.15	16.992	1.3948e-05	0.044676
514.71	2.4708	500.47	0.0019981	35.051	35.466	80.798	199.14	289.50	308.43	1.1072	9.1652e-05	0.082051	0.0022658	77.689	0.012872	48.560	51.237	111.44	199.69	265.98	141.96	17.009	1.3964e-05	0.044744
514.91	2.4776	500.00	0.0020000	35.106	35.523	80.905	199.22	289.89	307.45	1.1161	9.1448e-05	0.082015	0.0022509	77.980	0.012824	48.586	51.260	111.47	199.80	266.51	141.77	17.026	1.3980e-05	0.044813
515.12	2.4844	499.53	0.0020019	35.161	35.579	81.013	199.31	290.29	306.47	1.1251	9.1245e-05	0.081978	0.0022360	78.271	0.012776	48.612	51.283	111.50	199.91	267.04	141.58	17.043	1.3996e-05	0.044882
515.32	2.4912	499.06	0.0020038	35.215	35.636	81.120	199.40	290.69	305.49	1.1342	9.1042e-05	0.081941	0.0022212	78.564	0.012728	48.637	51.306	111.53	200.02	267.57	141.38	17.061	1.4013e-05	0.044950
515.52	2.4980	498.58	0.0020057	35.270	35.692	81.227	199.48	291.09	304.52	1.1433	9.0840e-05	0.081904	0.0022065	78.857	0.012681	48.663	51.329	111.56	200.12	268.11	141.19	17.078	1.4029e-05	0.045019
515.72	2.5048	498.11	0.0020076	35.325	35.748	81.334	199.57	291.50	303.54	1.1525	9.0637e-05	0.081867	0.0021918	79.151	0.012634	48.688	51.352	111.59	200.23	268.65	141.00	17.096	1.4045e-05	0.045089
515.92	2.5116	497.64	0.0020095	35.380	35.804	81.441	199.65	291.90	302.57	1.1617	9.0436e-05	0.081831	0.0021771	79.446	0.012587	48.714	51.374	111.62	200.34	269.20	140.80	17.114	1.4062e-05	0.045158
516.12	2.5184	497.17	0.0020114	35.434	35.861	81.547	199.74	292.31	301.60	1.1711	9.0234e-05	0.081794	0.0021625	79.742	0.012540	48.739	51.397	111.65	200.44	269.75	140.61	17.132	1.4078e-05	0.045227
516.32	2.5252	496.70	0.0020133	35.489	35.917	81.654	199.83	292.73	300.63	1.1805	9.0033e-05	0.081757	0.0021480	80.038	0.012494	48.764	51.419	111.68	200.55	270.30	140.41	17.150	1.4094e-05	0.045297
516.52	2.5319	496.22	0.0020152	35.543	35.973	81.760	199.91	293.14	299.66	1.1900	8.9832e-05	0.081721	0.0021335	80.336	0.012448	48.789	51.442	111.71	200.66	270.86	140.22	17.168	1.4111e-05	0.045367
516.72	2.5387	495.75	0.0020172	35.598	36.029	81.866	200.00	293.56	298.69	1.1995	8.9631e-05	0.081684	0.0021190	80.634	0.012402	48.814	51.464	111.74	200.76	271.42	140.03	17.186	1.4127e-05	0.045437
516.92	2.5455	495.27	0.0020191	35.652	36.085	81.972	200.08	293.98	297.72	1.2092	8.9431e-05	0.081648	0.0021046	80.933	0.012356	48.839	51.486	111.77	200.87	271.99	139.83	17.204	1.4144e-05	0.045507
517.11	2.5523	494.80	0.0020210	35.706	36.140	82.078	200.17	294.40	296.75	1.2189	8.9231e-05	0.081611	0.0020903	81.233	0.012310	48.864	51.508	111.80	200.97	272.56	139.64	17.223	1.4160e-05	0.045577
517.31	2.5591	494.32	0.0020230	35.760	36.196	82.183	200.25	294.83	295.79	1.2287	8.9032e-05	0.081575	0.0020760	81.534	0.012265	48.889	51.531	111.83	201.08	273.13	139.44	17.241	1.4177e-05	0.045648
517.51	2.5659	493.85	0.0020249	35.815	36.252	82.289	200.34	295.26	294.82	1.2385	8.8833e-05	0.081538	0.0020618	81.836	0.012220	48.914	51.552	111.85	201.19	273.71	139.24	17.260	1.4193e-05	0.045719
517.71	2.5727	493.37	0.0020269	35.869	36.308	82.394	200.42	295.69	293.86	1.2485	8.8634e-05	0.081502	0.0020476	82.139	0.012175	48.938	51.574	111.88	201.29	274.29	139.05	17.279	1.4210e-05	0.045790
517.90	2.5795	492.89	0.0020288	35.923	36.363	82.499	200.51	296.13	292.90	1.2585	8.8435e-05	0.081465	0.0020334	82.442	0.012130	48.963	51.596	111.91	201.40	274.88	138.85	17.298	1.4226e-05	0.045861
518.10	2.5863	492.41	0.0020308	35.977	36.419	82.605	200.60	296.57	291.94	1.2686	8.8237e-05	0.081429	0.0020193	82.747	0.012085	48.987	51.618	111.94	201.50	275.47	138.65	17.317	1.4243e-05	0.045932
518.29	2.5931	491.94	0.0020328	36.031	36.474	82.709	200.68	297.01	290.98	1.2789	8.8039e-05	0.081392	0.0020053	83.052	0.012041	49.011	51.639	111.97	201.61	276.07	138.46	17.337	1.4260e-05	0.046004
518.49	2.5999	491.46	0.0020348	36.085	36.530	82.814	200.77	297.45	290.02	1.2891	8.7841e-05	0.081356	0.0019913	83.358	0.011996	49.036	51.660	112.00	201.71	276.67	138.26	17.356	1.4276e-05	0.046075
518.69	2.6067	490.98	0.0020368	36.138	36.585	82.919	200.85	297.90	289.06	1.2995	8.7643e-05	0.081320	0.0019773	83.666	0.011952	49.060	51.682	112.02	201.82	277.28	138.06	17.375	1.4293e-05	0.046147
518.88	2.6134	490.50	0.0020388	36.192	36.641	83.023	200.94	298.35	288.10	1.3100	8.7446e-05	0.081284	0.0019634	83.974	0.011908	49.084	51.703	112.05	201.92	277.89	137.87	17.395	1.4310e-05	0.046219
519.07	2.6202	490.02	0.0020408	36.246	36.696	83.128	201.02	298.81	287.15	1.3205	8.7249e-05	0.081247	0.0019495	84.283	0.011865	49.108	51.724	112.08	202.03	278.50	137.67	17.415	1.4326e-05	0.046292
519.27	2.6270	489.53	0.0020428	36.299	36.751	83.232	201.11	299.26	286.19	1.3311	8.7052e-05	0.081211	0.0019357	84.593	0.011821	49.132	51.745	112.11	202.13	279.12	137.47	17.435	1.4343e-05	0.046364
519.46	2.6338	489.05	0.0020448	36.353	36.806	83.336	201.19	299.72	285.24	1.3419	8.6856e-05	0.081175	0.0019220	84.904	0.011778	49.155	51.766	112.13	202.24	279.75	137.27	17.455	1.4360e-05	0.046437
519.65	2.6406	488.57	0.0020468	36.407	36.861	83.440	201.27	300.19	284.28	1.3527	8.6660e-05	0.081139	0.0019083	85.216	0.011735	49.179	51.787	112.16	202.34	280.38	137.07	17.475	1.4377e-05	0.046510
519.85	2.6474	488.09	0.0020488	36.460	36.917	83.543	201.36	300.66	283.33	1.3636	8.6464e-05	0.081103	0.0018946	85.529	0.011692	49.203	51.808	112.19	202.45	281.01	136.87	17.495	1.4394e-05	0.046583
520.04	2.6542	487.60	0.0020509	36.513	36.972	83.647	201.44	301.13	282.38	1.3746	8.6268e-05	0.081067	0.0018810	85.843	0.011649	49.226	51.828	112.22	202.55	281.66	136.67	17.516	1.4410e-05	0.046657
520.23	2.6610	487.12	0.0020529	36.567	37.027	83.750	201.53	301.61	281.43	1.3857	8.6073e-05	0.081030	0.0018674	86.157	0.011607	49.250	51.849	112.24	202.66	282.30	136.47	17.536	1.4427e-05	0.046730
520.42	2.6678	486.63	0.0020549	36.620	37.082	83.854	201.61	302.08	280.48	1.3969	8.5878e-05	0.080994	0.0018539	86.473	0.011564	49.273	51.869	112.27	202.76	282.95	136.27	17.557	1.4444e-05	0.046804
520.61	2.6746	486.14	0.0020570	36.673	37.136	83.957	201.70	302.57	279.53	1.4082	8.5683e-05	0.080958	0.0018404	86.790	0.011522	49.296	51.890	112.30	202.87	283.61	136.07	17.578	1.4461e-05	0.046878
520.80	2.6814	485.66	0.0020591	36.727	37.191	84.060	201.78	303.05	278.58	1.4196	8.5488e-05	0.080923	0.0018270	87.108	0.011480	49.319	51.910	112.32	202.97	284.27	135.87	17.599	1.4478e-05	0.046953
520.99	2.6882	485.17	0.0020611	36.780	37.246	84.163	201.87	303.55	277.63	1.4310	8.5294e-05	0.080887	0.0018136	87.427	0.011438	49.342	51.930	112.35	203.07	284.94	135.67	17.620	1.4495e-05	0.047027
521.18	2.6949	484.68	0.0020632	36.833	37.301	84.266	201.95	304.04	276.69	1.4426	8.5100e-05	0.080851	0.0018003	87.747	0.011396	49.365	51.950	112.37	203.18	285.62	135.47	17.641	1.4512e-05	0.047102
521.37	2.7017	484.19	0.0020653	36.886	37.356	84.368	202.04	304.54	275.74	1.4543	8.4906e-05	0.080815	0.0017870	88.068	0.011355	49.388	51.970	112.40	203.28	286.30	135.27	17.662	1.4529e-05	0.047177
521.56	2.7085	483.70	0.0020674	36.939	37.410	84.471	202.12	305.04	274.80	1.4661	8.4712e-05	0.080779	0.0017737	88.390	0.011314	49.411	51.990	112.42	203.39	286.98	135.07	17.684	1.4546e-05	0.047252
521.75	2.7153	483.21	0.0020695	36.992	37.465	84.573	202.20	305.55	273.86	1.4780	8.4519e-05	0.080743	0.0017605	88.713	0.011272	49.434	52.010	112.45	203.49	287.67	134.86	17.706	1.4563e-05	0.047328
521.94	2.7221	482.72	0.0020716	37.045	37.519	84.676	202.29	306.06	272.91	1.4900	8.4325e-05	0.080708	0.0017474	89.037	0.011231	49.456	52.029	112.48	203.59	288.37	134.66	17.727	1.4581e-05	0.047404
522.13	2.7289	482.23	0.0020737	37.098	37.574	84.778	202.37	306.57	271.97	1.5021	8.4132e-05	0.080672	0.0017343	89.362	0.011190	49.479	52.049	112.50	203.70	289.08	134.46	17.749	1.4598e-05	0.047480
522.32	2.7357	481.73	0.0020758	37.150	37.628	84.880	202.46	307.09	271.03	1.5143	8.3939e-05	0.080636	0.0017212	89.688	0.011150	49.501	52.068	112.53	203.80	289.79	134.26	17.771	1.4615e-05	0.047556
522.50	2.7425	481.24	0.0020780	37.203	37.683	84.982	202.54	307.62	270.09	1.5267	8.3747e-05	0.080601	0.0017082	90.016	0.011109	49.523	52.088	112.55	203.90	290.50	134.05	17.794	1.4632e-05	0.047632
522.69	2.7493	480.75	0.0020801	37.256	37.737	85.084	202.62	308.15	269.15	1.5391	8.3554e-05	0.080565	0.0016952	90.344	0.011069	49.546	52.107	112.58	204.01	291.23	133.85	17.816	1.4650e-05	0.047709
522.88	2.7561	480.25	0.0020822	37.309	37.792	85.185	202.71	308.68	268.21	1.5517	8.3362e-05	0.080530	0.0016823	90.673	0.011029	49.568	52.126	112.60	204.11	291.96	133.65	17.838	1.4667e-05	0.047786
523.06	2.7629	479.75	0.0020844	37.361	37.846	85.287	202.79	309.22	267.28	1.5643	8.3170e-05	0.080494	0.0016694	91.004	0.010989	49.590	52.145	112.62	204.21	292.69	133.44	17.861	1.4684e-05	0.047864
523.25	2.7697	479.26	0.0020866	37.414	37.900	85.388	202.88	309.76	266.34	1.5771	8.2978e-05	0.080459	0.0016566	91.336	0.010949	49.612	52.164	112.65	204.32	293.44	133.24	17.884	1.4702e-05	0.047941
523.44	2.7765	478.76	0.0020887	37.466	37.954	85.490	202.96	310.31	265.40	1.5900	8.2786e-05	0.080423	0.0016438	91.669	0.010909	49.634	52.183	112.67	204.42	294.19	133.03	17.907	1.4719e-05	0.048019
523.62	2.7832	478.26	0.0020909	37.519	38.008	85.591	203.04	310.86	264.47	1.6030	8.2595e-05	0.080388	0.0016311	92.003	0.010869	49.655	52.201	112.70	204.52	294.94	132.83	17.930	1.4736e-05	0.048097
523.81	2.7900	477.76	0.0020931	37.571	38.063	85.692	203.13	311.41	263.53	1.6162	8.2403e-05	0.080353	0.0016184	92.338	0.010830	49.677	52.220	112.72	204.63	295.71	132.62	17.953	1.4754e-05	0.048176
523.99	2.7968	477.26	0.0020953	37.624	38.117	85.793	203.21	311.98	262.60	1.6295	8.2212e-05	0.080317	0.0016057	92.674	0.010790	49.699	52.239	112.74	204.73	296.48	132.42	17.976	1.4771e-05	0.048255
524.17	2.8036	476.76	0.0020975	37.676	38.171	85.894	203.30	312.54	261.67	1.6428	8.2021e-05	0.080282	0.0015931	93.012	0.010751	49.720	52.257	112.77	204.83	297.26	132.21	18.000	1.4789e-05	0.048334
524.36	2.8104	476.26	0.0020997	37.728	38.225	85.995	203.38	313.12	260.74	1.6564	8.1830e-05	0.080247	0.0015805	93.350	0.010712	49.742	52.275	112.79	204.94	298.05	132.00	18.023	1.4807e-05	0.048413
524.54	2.8172	475.75	0.0021019	37.780	38.279	86.095	203.46	313.69	259.81	1.6700	8.1639e-05	0.080212	0.0015680	93.690	0.010673	49.763	52.294	112.81	205.04	298.84	131.80	18.047	1.4824e-05	0.048493
524.73	2.8240	475.25	0.0021042	37.833	38.333	86.196	203.55	314.28	258.87	1.6838	8.1449e-05	0.080177	0.0015555	94.031	0.010635	49.784	52.312	112.84	205.14	299.64	131.59	18.071	1.4842e-05	0.048573
524.91	2.8308	474.74	0.0021064	37.885	38.387	86.296	203.63	314.86	257.95	1.6977	8.1258e-05	0.080142	0.0015431	94.374	0.010596	49.805	52.330	112.86	205.24	300.45	131.38	18.095	1.4860e-05	0.048653
525.09	2.8376	474.24	0.0021086	37.937	38.441	86.397	203.71	315.46	257.02	1.7117	8.1068e-05	0.080107	0.0015307	94.717	0.010558	49.826	52.348	112.88	205.35	301.27	131.18	18.119	1.4877e-05	0.048734
525.27	2.8444	473.73	0.0021109	37.989	38.494	86.497	203.80	316.06	256.09	1.7259	8.0878e-05	0.080072	0.0015184	95.062	0.010519	49.847	52.365	112.90	205.45	302.10	130.97	18.143	1.4895e-05	0.048815
525.45	2.8512	473.22	0.0021132	38.041	38.548	86.597	203.88	316.66	255.16	1.7402	8.0687e-05	0.080037	0.0015061	95.408	0.010481	49.868	52.383	112.93	205.55	302.93	130.76	18.168	1.4913e-05	0.048896
525.64	2.8580	472.71	0.0021154	38.093	38.602	86.697	203.97	317.27	254.23	1.7547	8.0498e-05	0.080002	0.0014938	95.755	0.010443	49.889	52.401	112.95	205.65	303.77	130.55	18.193	1.4931e-05	0.048977
525.82	2.8647	472.20	0.0021177	38.145	38.656	86.797	204.05	317.89	253.31	1.7692	8.0308e-05	0.079968	0.0014816	96.104	0.010405	49.910	52.418	112.97	205.75	304.62	130.34	18.217	1.4949e-05	0.049059
526.00	2.8715	471.69	0.0021200	38.197	38.709	86.897	204.13	318.52	252.38	1.7840	8.0118e-05	0.079933	0.0014694	96.454	0.010368	49.930	52.436	112.99	205.86	305.48	130.13	18.242	1.4967e-05	0.049141
526.18	2.8783	471.18	0.0021223	38.249	38.763	86.996	204.22	319.14	251.46	1.7989	7.9928e-05	0.079898	0.0014573	96.805	0.010330	49.951	52.453	113.01	205.96	306.35	129.92	18.267	1.4985e-05	0.049224
526.36	2.8851	470.67	0.0021246	38.301	38.817	87.096	204.30	319.78	250.53	1.8139	7.9739e-05	0.079864	0.0014452	97.157	0.010293	49.971	52.470	113.04	206.06	307.23	129.71	18.293	1.5003e-05	0.049307
526.54	2.8919	470.15	0.0021270	38.353	38.870	87.195	204.38	320.42	249.61	1.8291	7.9549e-05	0.079829	0.0014332	97.511	0.010255	49.991	52.487	113.06	206.16	308.12	129.50	18.318	1.5021e-05	0.049390
526.72	2.8987	469.64	0.0021293	38.404	38.924	87.295	204.47	321.07	248.69	1.8444	7.9360e-05	0.079795	0.0014212	97.866	0.010218	50.011	52.504	113.08	206.26	309.01	129.29	18.344	1.5039e-05	0.049474
526.90	2.9055	469.12	0.0021316	38.456	38.977	87.394	204.55	321.73	247.77	1.8599	7.9171e-05	0.079761	0.0014092	98.222	0.010181	50.031	52.521	113.10	206.37	309.92	129.08	18.369	1.5057e-05	0.049558
527.08	2.9123	468.60	0.0021340	38.508	39.031	87.493	204.64	322.39	246.84	1.8755	7.8982e-05	0.079726	0.0013973	98.580	0.010144	50.051	52.538	113.12	206.47	310.84	128.87	18.395	1.5075e-05	0.049642
527.25	2.9191	468.09	0.0021364	38.560	39.084	87.593	204.72	323.06	245.92	1.8913	7.8793e-05	0.079692	0.0013855	98.939	0.010107	50.071	52.554	113.14	206.57	311.76	128.66	18.421	1.5094e-05	0.049727
527.43	2.9259	467.57	0.0021387	38.611	39.138	87.692	204.80	323.73	245.00	1.9072	7.8604e-05	0.079658	0.0013736	99.300	0.010071	50.091	52.571	113.16	206.67	312.70	128.45	18.447	1.5112e-05	0.049812
527.61	2.9327	467.04	0.0021411	38.663	39.191	87.791	204.89	324.42	244.08	1.9234	7.8415e-05	0.079624	0.0013619	99.662	0.010034	50.111	52.587	113.18	206.77	313.64	128.23	18.474	1.5130e-05	0.049897
527.79	2.9395	466.52	0.0021435	38.714	39.245	87.889	204.97	325.11	243.16	1.9396	7.8226e-05	0.079590	0.0013501	100.03	0.0099975	50.130	52.604	113.20	206.88	314.60	128.02	18.500	1.5149e-05	0.049983
527.97	2.9462	466.00	0.0021459	38.766	39.298	87.988	205.05	325.81	242.25	1.9561	7.8037e-05	0.079556	0.0013384	100.39	0.0099612	50.150	52.620	113.22	206.98	315.56	127.81	18.527	1.5167e-05	0.050069
528.14	2.9530	465.48	0.0021483	38.817	39.351	88.087	205.14	326.51	241.33	1.9727	7.7848e-05	0.079522	0.0013268	100.76	0.0099249	50.169	52.636	113.24	207.08	316.54	127.59	18.553	1.5186e-05	0.050156
528.32	2.9598	464.95	0.0021508	38.869	39.405	88.185	205.22	327.22	240.41	1.9895	7.7660e-05	0.079488	0.0013152	101.12	0.0098889	50.189	52.652	113.26	207.18	317.53	127.38	18.580	1.5204e-05	0.050243
528.50	2.9666	464.42	0.0021532	38.920	39.458	88.284	205.31	327.95	239.50	2.0065	7.7471e-05	0.079455	0.0013036	101.49	0.0098529	50.208	52.668	113.28	207.28	318.53	127.17	18.607	1.5223e-05	0.050330
528.67	2.9734	463.89	0.0021557	38.972	39.511	88.382	205.39	328.68	238.58	2.0236	7.7282e-05	0.079421	0.0012921	101.86	0.0098170	50.227	52.684	113.30	207.38	319.54	126.95	18.635	1.5241e-05	0.050418
528.85	2.9802	463.37	0.0021581	39.023	39.564	88.481	205.47	329.41	237.66	2.0409	7.7094e-05	0.079388	0.0012806	102.24	0.0097813	50.246	52.699	113.32	207.48	320.57	126.74	18.662	1.5260e-05	0.050506
529.02	2.9870	462.83	0.0021606	39.075	39.618	88.579	205.56	330.16	236.75	2.0584	7.6905e-05	0.079354	0.0012691	102.61	0.0097457	50.265	52.715	113.34	207.59	321.60	126.52	18.690	1.5279e-05	0.050595
529.20	2.9938	462.30	0.0021631	39.126	39.671	88.677	205.64	330.91	235.83	2.0761	7.6717e-05	0.079321	0.0012577	102.98	0.0097102	50.284	52.730	113.36	207.69	322.65	126.31	18.717	1.5298e-05	0.050684
529.37	3.0006	461.77	0.0021656	39.177	39.724	88.775	205.73	331.68	234.92	2.0940	7.6528e-05	0.079288	0.0012464	103.36	0.0096748	50.303	52.746	113.37	207.79	323.71	126.09	18.745	1.5317e-05	0.050773
529.55	3.0074	461.24	0.0021681	39.228	39.777	88.873	205.81	332.45	234.01	2.1121	7.6340e-05	0.079254	0.0012351	103.74	0.0096395	50.321	52.761	113.39	207.89	324.78	125.87	18.773	1.5336e-05	0.050863
529.72	3.0142	460.70	0.0021706	39.280	39.830	88.971	205.89	333.23	233.10	2.1304	7.6151e-05	0.079221	0.0012238	104.12	0.0096043	50.340	52.776	113.41	207.99	325.86	125.66	18.802	1.5355e-05	0.050954
529.89	3.0210	460.16	0.0021731	39.331	39.883	89.069	205.98	334.02	232.18	2.1488	7.5963e-05	0.079188	0.0012126	104.50	0.0095693	50.358	52.791	113.43	208.09	326.96	125.44	18.830	1.5374e-05	0.051045
530.07	3.0278	459.62	0.0021757	39.382	39.937	89.167	206.06	334.82	231.27	2.1675	7.5774e-05	0.079155	0.0012014	104.88	0.0095343	50.376	52.806	113.45	208.19	328.07	125.22	18.859	1.5393e-05	0.051136
530.24	3.0345	459.08	0.0021783	39.433	39.990	89.265	206.15	335.63	230.36	2.1864	7.5586e-05	0.079123	0.0011902	105.27	0.0094995	50.395	52.821	113.46	208.29	329.20	125.01	18.887	1.5412e-05	0.051228
530.41	3.0413	458.54	0.0021808	39.484	40.043	89.363	206.23	336.45	229.45	2.2055	7.5397e-05	0.079090	0.0011791	105.66	0.0094647	50.413	52.835	113.48	208.40	330.33	124.79	18.916	1.5431e-05	0.051320
530.59	3.0481	458.00	0.0021834	39.536	40.096	89.460	206.31	337.28	228.54	2.2248	7.5209e-05	0.079057	0.0011680	106.04	0.0094301	50.431	52.850	113.50	208.50	331.49	124.57	18.945	1.5451e-05	0.051413
530.76	3.0549	457.45	0.0021860	39.587	40.149	89.558	206.40	338.11	227.63	2.2443	7.5020e-05	0.079025	0.0011570	106.43	0.0093956	50.449	52.864	113.51	208.60	332.65	124.35	18.975	1.5470e-05	0.051506
530.93	3.0617	456.91	0.0021886	39.638	40.202	89.655	206.48	338.96	226.72	2.2640	7.4831e-05	0.078993	0.0011460	106.82	0.0093611	50.466	52.878	113.53	208.70	333.84	124.13	19.004	1.5489e-05	0.051599
531.10	3.0685	456.36	0.0021912	39.689	40.255	89.753	206.57	339.82	225.81	2.2840	7.4643e-05	0.078960	0.0011351	107.22	0.0093268	50.484	52.893	113.55	208.80	335.03	123.91	19.034	1.5509e-05	0.051694
531.27	3.0753	455.81	0.0021939	39.740	40.308	89.850	206.65	340.70	224.90	2.3041	7.4454e-05	0.078928	0.0011242	107.61	0.0092926	50.502	52.907	113.56	208.90	336.24	123.69	19.063	1.5528e-05	0.051788
531.44	3.0821	455.26	0.0021965	39.791	40.361	89.947	206.74	341.58	223.99	2.3246	7.4265e-05	0.078896	0.0011133	108.01	0.0092584	50.519	52.921	113.58	209.00	337.47	123.47	19.093	1.5548e-05	0.051884
531.61	3.0889	454.71	0.0021992	39.842	40.414	90.045	206.82	342.47	223.09	2.3452	7.4076e-05	0.078864	0.0011025	108.41	0.0092244	50.536	52.934	113.60	209.10	338.72	123.25	19.123	1.5568e-05	0.051979
531.78	3.0957	454.16	0.0022019	39.893	40.466	90.142	206.91	343.38	222.18	2.3661	7.3887e-05	0.078833	0.0010917	108.81	0.0091905	50.554	52.948	113.61	209.20	339.98	123.03	19.154	1.5588e-05	0.052075
531.95	3.1025	453.60	0.0022046	39.944	40.519	90.239	206.99	344.29	221.27	2.3872	7.3698e-05	0.078801	0.0010810	109.21	0.0091566	50.571	52.962	113.63	209.31	341.25	122.81	19.184	1.5608e-05	0.052172
532.12	3.1093	453.05	0.0022073	39.995	40.572	90.336	207.08	345.22	220.37	2.4085	7.3509e-05	0.078770	0.0010703	109.61	0.0091229	50.588	52.975	113.64	209.41	342.55	122.59	19.215	1.5627e-05	0.052270
532.29	3.1160	452.49	0.0022100	40.046	40.625	90.433	207.16	346.16	219.46	2.4302	7.3320e-05	0.078738	0.0010596	110.02	0.0090892	50.605	52.988	113.66	209.51	343.86	122.36	19.245	1.5647e-05	0.052367
532.46	3.1228	451.93	0.0022127	40.097	40.678	90.530	207.25	347.12	218.55	2.4520	7.3131e-05	0.078707	0.0010490	110.43	0.0090557	50.622	53.002	113.67	209.61	345.19	122.14	19.276	1.5668e-05	0.052466
532.63	3.1296	451.37	0.0022155	40.147	40.731	90.627	207.33	348.09	217.65	2.4741	7.2942e-05	0.078676	0.0010385	110.84	0.0090222	50.638	53.015	113.69	209.71	346.53	121.92	19.308	1.5688e-05	0.052565
532.80	3.1364	450.80	0.0022183	40.198	40.784	90.724	207.42	349.07	216.74	2.4965	7.2752e-05	0.078645	0.0010279	111.25	0.0089888	50.655	53.028	113.70	209.81	347.90	121.69	19.339	1.5708e-05	0.052665
532.97	3.1432	450.24	0.0022211	40.249	40.837	90.820	207.50	350.06	215.84	2.5192	7.2563e-05	0.078614	0.0010174	111.66	0.0089555	50.672	53.041	113.72	209.91	349.28	121.47	19.370	1.5728e-05	0.052765
533.14	3.1500	449.67	0.0022239	40.300	40.890	90.917	207.59	351.07	214.94	2.5421	7.2373e-05	0.078584	0.0010070	112.08	0.0089223	50.688	53.053	113.73	210.01	350.69	121.25	19.402	1.5749e-05	0.052866
533.30	3.1568	449.10	0.0022267	40.351	40.942	91.014	207.67	352.09	214.03	2.5653	7.2183e-05	0.078553	0.00099657	112.50	0.0088892	50.704	53.066	113.75	210.11	352.11	121.02	19.434	1.5769e-05	0.052967
533.47	3.1636	448.53	0.0022295	40.402	40.995	91.111	207.76	353.13	213.13	2.5888	7.1993e-05	0.078523	0.00098621	112.92	0.0088562	50.720	53.078	113.76	210.21	353.56	120.80	19.466	1.5790e-05	0.053069
533.64	3.1704	447.96	0.0022324	40.452	41.048	91.207	207.84	354.18	212.22	2.6125	7.1803e-05	0.078493	0.00097588	113.34	0.0088232	50.736	53.091	113.77	210.31	355.02	120.57	19.498	1.5810e-05	0.053172
533.81	3.1772	447.38	0.0022352	40.503	41.101	91.304	207.93	355.25	211.32	2.6366	7.1613e-05	0.078463	0.00096559	113.76	0.0087904	50.752	53.103	113.79	210.42	356.51	120.34	19.531	1.5831e-05	0.053275
533.97	3.1840	446.81	0.0022381	40.554	41.154	91.401	208.01	356.33	210.42	2.6609	7.1422e-05	0.078433	0.00095534	114.19	0.0087576	50.768	53.115	113.80	210.52	358.02	120.12	19.563	1.5852e-05	0.053379
534.14	3.1908	446.23	0.0022410	40.605	41.207	91.497	208.10	357.43	209.52	2.6856	7.1232e-05	0.078404	0.00094514	114.61	0.0087249	50.784	53.127	113.81	210.62	359.55	119.89	19.596	1.5873e-05	0.053483
534.30	3.1976	445.65	0.0022439	40.656	41.259	91.594	208.18	358.54	208.61	2.7105	7.1041e-05	0.078374	0.00093497	115.04	0.0086923	50.799	53.139	113.83	210.72	361.10	119.66	19.629	1.5894e-05	0.053589
534.47	3.2043	445.07	0.0022469	40.706	41.312	91.690	208.27	359.67	207.71	2.7358	7.0850e-05	0.078345	0.00092484	115.48	0.0086597	50.815	53.150	113.84	210.82	362.68	119.43	19.662	1.5915e-05	0.053695
534.64	3.2111	444.48	0.0022498	40.757	41.365	91.787	208.36	360.82	206.81	2.7614	7.0659e-05	0.078316	0.00091476	115.91	0.0086272	50.830	53.162	113.85	210.92	364.28	119.21	19.695	1.5936e-05	0.053801
534.80	3.2179	443.90	0.0022528	40.808	41.418	91.883	208.44	361.99	205.91	2.7873	7.0468e-05	0.078287	0.00090472	116.35	0.0085948	50.845	53.173	113.86	211.02	365.90	118.98	19.729	1.5958e-05	0.053909
534.96	3.2247	443.31	0.0022558	40.859	41.471	91.979	208.53	363.17	205.01	2.8135	7.0276e-05	0.078259	0.00089471	116.79	0.0085625	50.861	53.184	113.88	211.12	367.55	118.75	19.762	1.5979e-05	0.054017
535.13	3.2315	442.72	0.0022588	40.909	41.524	92.076	208.61	364.37	204.11	2.8401	7.0084e-05	0.078231	0.00088475	117.23	0.0085303	50.876	53.195	113.89	211.22	369.23	118.52	19.796	1.6001e-05	0.054125
535.29	3.2383	442.13	0.0022618	40.960	41.577	92.172	208.70	365.59	203.21	2.8670	6.9892e-05	0.078202	0.00087483	117.67	0.0084981	50.890	53.206	113.90	211.32	370.93	118.29	19.830	1.6022e-05	0.054235
535.46	3.2451	441.53	0.0022648	41.011	41.629	92.268	208.79	366.84	202.31	2.8943	6.9700e-05	0.078174	0.00086494	118.12	0.0084660	50.905	53.217	113.91	211.43	372.66	118.06	19.865	1.6044e-05	0.054345
535.62	3.2519	440.93	0.0022679	41.062	41.682	92.365	208.87	368.10	201.41	2.9219	6.9507e-05	0.078147	0.00085510	118.57	0.0084340	50.920	53.228	113.92	211.53	374.41	117.83	19.899	1.6066e-05	0.054456
535.78	3.2587	440.33	0.0022710	41.112	41.735	92.461	208.96	369.38	200.50	2.9499	6.9315e-05	0.078119	0.00084530	119.02	0.0084020	50.934	53.239	113.93	211.63	376.20	117.60	19.934	1.6088e-05	0.054568
535.95	3.2655	439.73	0.0022741	41.163	41.788	92.557	209.05	370.68	199.60	2.9782	6.9122e-05	0.078092	0.00083554	119.47	0.0083701	50.949	53.249	113.94	211.73	378.01	117.36	19.968	1.6110e-05	0.054680
536.11	3.2723	439.13	0.0022772	41.214	41.841	92.654	209.14	372.00	198.70	3.0070	6.8928e-05	0.078065	0.00082582	119.93	0.0083383	50.963	53.259	113.95	211.83	379.85	117.13	20.003	1.6132e-05	0.054794
536.27	3.2791	438.52	0.0022804	41.265	41.894	92.750	209.22	373.35	197.80	3.0361	6.8735e-05	0.078039	0.00081614	120.39	0.0083065	50.977	53.269	113.96	211.93	381.73	116.90	20.038	1.6155e-05	0.054908
536.44	3.2858	437.92	0.0022835	41.315	41.947	92.846	209.31	374.72	196.91	3.0656	6.8541e-05	0.078012	0.00080650	120.85	0.0082748	50.991	53.279	113.97	212.03	383.63	116.67	20.074	1.6177e-05	0.055023
536.60	3.2926	437.30	0.0022867	41.366	42.000	92.942	209.40	376.11	196.01	3.0955	6.8347e-05	0.077986	0.00079690	121.31	0.0082432	51.005	53.289	113.98	212.13	385.57	116.43	20.109	1.6200e-05	0.055139
536.76	3.2994	436.69	0.0022900	41.417	42.053	93.039	209.48	377.53	195.11	3.1258	6.8152e-05	0.077960	0.00078734	121.78	0.0082116	51.019	53.299	113.99	212.23	387.54	116.20	20.145	1.6222e-05	0.055256
536.92	3.3062	436.07	0.0022932	41.468	42.106	93.135	209.57	378.97	194.21	3.1565	6.7958e-05	0.077935	0.00077782	122.25	0.0081801	51.032	53.308	114.00	212.34	389.55	115.96	20.181	1.6245e-05	0.055373
537.08	3.3130	435.46	0.0022964	41.518	42.159	93.231	209.66	380.43	193.31	3.1876	6.7762e-05	0.077910	0.00076834	122.72	0.0081486	51.046	53.318	114.01	212.44	391.59	115.73	20.217	1.6268e-05	0.055492
537.24	3.3198	434.84	0.0022997	41.569	42.212	93.327	209.75	381.92	192.41	3.2192	6.7567e-05	0.077885	0.00075890	123.19	0.0081172	51.059	53.327	114.02	212.54	393.66	115.49	20.253	1.6291e-05	0.055611
537.40	3.3266	434.21	0.0023030	41.620	42.265	93.424	209.84	383.44	191.51	3.2512	6.7371e-05	0.077860	0.00074950	123.67	0.0080859	51.072	53.336	114.02	212.64	395.77	115.26	20.290	1.6315e-05	0.055732
537.56	3.3334	433.58	0.0023064	41.671	42.318	93.520	209.93	384.99	190.61	3.2836	6.7175e-05	0.077836	0.00074014	124.15	0.0080546	51.085	53.345	114.03	212.74	397.92	115.02	20.326	1.6338e-05	0.055853
537.72	3.3402	432.96	0.0023097	41.722	42.371	93.616	210.01	386.56	189.71	3.3166	6.6978e-05	0.077812	0.00073083	124.64	0.0080234	51.098	53.353	114.04	212.84	400.11	114.78	20.363	1.6361e-05	0.055975
537.88	3.3470	432.32	0.0023131	41.773	42.424	93.713	210.10	388.17	188.81	3.3499	6.6781e-05	0.077788	0.00072155	125.12	0.0079922	51.111	53.362	114.05	212.94	402.34	114.54	20.400	1.6385e-05	0.056099
538.04	3.3538	431.69	0.0023165	41.823	42.477	93.809	210.19	389.80	187.91	3.3838	6.6584e-05	0.077765	0.00071232	125.61	0.0079611	51.123	53.370	114.05	213.05	404.61	114.31	20.437	1.6409e-05	0.056223
538.20	3.3606	431.05	0.0023199	41.874	42.530	93.905	210.28	391.47	187.01	3.4181	6.6386e-05	0.077742	0.00070312	126.10	0.0079300	51.136	53.379	114.06	213.15	406.92	114.07	20.475	1.6433e-05	0.056348
538.36	3.3673	430.41	0.0023234	41.925	42.584	94.002	210.37	393.16	186.11	3.4529	6.6188e-05	0.077720	0.00069397	126.60	0.0078989	51.148	53.387	114.07	213.25	409.28	113.83	20.512	1.6457e-05	0.056475
538.52	3.3741	429.77	0.0023268	41.976	42.637	94.098	210.46	394.89	185.22	3.4883	6.5989e-05	0.077698	0.00068485	127.10	0.0078680	51.160	53.395	114.07	213.35	411.68	113.59	20.550	1.6481e-05	0.056602
538.68	3.3809	429.12	0.0023303	42.027	42.690	94.195	210.55	396.65	184.32	3.5241	6.5790e-05	0.077677	0.00067578	127.60	0.0078370	51.172	53.402	114.08	213.45	414.13	113.35	20.588	1.6506e-05	0.056731
538.84	3.3877	428.47	0.0023339	42.078	42.743	94.291	210.64	398.45	183.42	3.5605	6.5590e-05	0.077655	0.00066674	128.10	0.0078061	51.184	53.410	114.09	213.56	416.62	113.11	20.626	1.6531e-05	0.056860
538.99	3.3945	427.82	0.0023374	42.129	42.797	94.387	210.73	400.29	182.52	3.5974	6.5390e-05	0.077635	0.00065775	128.61	0.0077753	51.196	53.417	114.09	213.66	419.17	112.87	20.665	1.6555e-05	0.056991
539.15	3.4013	427.16	0.0023410	42.180	42.850	94.484	210.82	402.16	181.62	3.6349	6.5190e-05	0.077614	0.00064880	129.12	0.0077444	51.208	53.424	114.10	213.76	421.76	112.63	20.703	1.6580e-05	0.057123
539.31	3.4081	426.50	0.0023447	42.231	42.904	94.581	210.91	404.07	180.72	3.6729	6.4989e-05	0.077595	0.00063989	129.64	0.0077137	51.219	53.431	114.10	213.86	424.41	112.38	20.742	1.6606e-05	0.057256
539.47	3.4149	425.84	0.0023483	42.282	42.957	94.677	211.00	406.01	179.82	3.7116	6.4787e-05	0.077575	0.00063102	130.16	0.0076829	51.230	53.438	114.11	213.96	427.11	112.14	20.781	1.6631e-05	0.057391
539.62	3.4217	425.17	0.0023520	42.333	43.011	94.774	211.09	408.00	178.92	3.7507	6.4585e-05	0.077557	0.00062219	130.68	0.0076522	51.241	53.445	114.11	214.07	429.87	111.90	20.820	1.6657e-05	0.057526
539.78	3.4285	424.50	0.0023557	42.384	43.064	94.871	211.18	410.03	178.02	3.7905	6.4382e-05	0.077538	0.00061340	131.21	0.0076215	51.252	53.451	114.11	214.17	432.68	111.65	20.859	1.6682e-05	0.057663
539.94	3.4353	423.83	0.0023594	42.436	43.118	94.967	211.27	412.11	177.12	3.8310	6.4179e-05	0.077521	0.00060465	131.74	0.0075909	51.263	53.458	114.12	214.27	435.55	111.41	20.898	1.6708e-05	0.057801
540.09	3.4421	423.15	0.0023632	42.487	43.171	95.064	211.36	414.23	176.22	3.8720	6.3975e-05	0.077503	0.00059595	132.27	0.0075603	51.274	53.464	114.12	214.37	438.48	111.16	20.938	1.6735e-05	0.057941
540.25	3.4489	422.47	0.0023670	42.538	43.225	95.161	211.46	416.40	175.32	3.9137	6.3771e-05	0.077487	0.00058728	132.81	0.0075297	51.284	53.470	114.12	214.47	441.48	110.92	20.977	1.6761e-05	0.058081
540.40	3.4556	421.79	0.0023708	42.589	43.279	95.258	211.55	418.61	174.42	3.9560	6.3565e-05	0.077471	0.00057866	133.35	0.0074992	51.294	53.475	114.13	214.58	444.54	110.67	21.017	1.6788e-05	0.058223
540.56	3.4624	421.10	0.0023747	42.641	43.333	95.355	211.64	420.87	173.52	3.9990	6.3360e-05	0.077455	0.00057008	133.89	0.0074687	51.305	53.481	114.13	214.68	447.67	110.43	21.057	1.6814e-05	0.058367
540.71	3.4692	420.41	0.0023786	42.692	43.387	95.452	211.73	423.19	172.62	4.0427	6.3153e-05	0.077441	0.00056153	134.44	0.0074382	51.315	53.486	114.13	214.78	450.87	110.18	21.098	1.6842e-05	0.058512
540.87	3.4760	419.72	0.0023826	42.743	43.440	95.550	211.82	425.56	171.72	4.0871	6.2946e-05	0.077427	0.00055303	134.99	0.0074077	51.324	53.491	114.13	214.89	454.14	109.93	21.138	1.6869e-05	0.058659
541.02	3.4828	419.02	0.0023865	42.795	43.494	95.647	211.92	427.98	170.81	4.1322	6.2738e-05	0.077413	0.00054457	135.55	0.0073772	51.334	53.496	114.13	214.99	457.49	109.68	21.179	1.6896e-05	0.058807
541.18	3.4896	418.31	0.0023906	42.846	43.549	95.744	212.01	430.46	169.91	4.1781	6.2530e-05	0.077401	0.00053616	136.11	0.0073468	51.343	53.501	114.13	215.09	460.91	109.43	21.219	1.6924e-05	0.058956
541.33	3.4964	417.60	0.0023946	42.898	43.603	95.842	212.10	433.00	169.01	4.2247	6.2321e-05	0.077389	0.00052778	136.68	0.0073164	51.353	53.505	114.14	215.19	464.41	109.18	21.260	1.6952e-05	0.059107
541.48	3.5032	416.89	0.0023987	42.950	43.657	95.939	212.20	435.61	168.11	4.2720	6.2111e-05	0.077377	0.00051945	137.25	0.0072860	51.362	53.510	114.14	215.30	468.00	108.93	21.301	1.6981e-05	0.059260
541.64	3.5100	416.17	0.0024028	43.001	43.711	96.037	212.29	438.27	167.21	4.3202	6.1900e-05	0.077367	0.00051116	137.82	0.0072556	51.370	53.514	114.14	215.40	471.67	108.68	21.342	1.7009e-05	0.059415
541.79	3.5168	415.45	0.0024070	43.053	43.765	96.135	212.39	441.00	166.30	4.3692	6.1688e-05	0.077357	0.00050290	138.40	0.0072252	51.379	53.517	114.13	215.51	475.43	108.43	21.384	1.7038e-05	0.059571
541.94	3.5236	414.73	0.0024112	43.105	43.820	96.233	212.48	443.80	165.40	4.4190	6.1476e-05	0.077349	0.00049470	138.99	0.0071949	51.388	53.521	114.13	215.61	479.28	108.18	21.425	1.7067e-05	0.059729
542.10	3.5304	414.00	0.0024155	43.157	43.874	96.331	212.58	446.68	164.50	4.4696	6.1263e-05	0.077341	0.00048653	139.58	0.0071645	51.396	53.524	114.13	215.71	483.23	107.93	21.467	1.7097e-05	0.059888
542.25	3.5371	413.26	0.0024198	43.209	43.929	96.429	212.67	449.62	163.59	4.5211	6.1049e-05	0.077334	0.00047841	140.17	0.0071341	51.404	53.528	114.13	215.82	487.28	107.68	21.508	1.7127e-05	0.060050
542.40	3.5439	412.52	0.0024241	43.261	43.984	96.527	212.77	452.65	162.69	4.5735	6.0834e-05	0.077328	0.00047032	140.77	0.0071038	51.412	53.530	114.13	215.92	491.43	107.42	21.550	1.7157e-05	0.060213
542.55	3.5507	411.78	0.0024285	43.313	44.038	96.626	212.86	455.75	161.78	4.6269	6.0618e-05	0.077322	0.00046228	141.37	0.0070734	51.419	53.533	114.13	216.02	495.69	107.17	21.592	1.7187e-05	0.060379
542.70	3.5575	411.03	0.0024329	43.365	44.093	96.724	212.96	458.94	160.88	4.6811	6.0401e-05	0.077318	0.00045429	141.98	0.0070431	51.427	53.535	114.12	216.13	500.07	106.91	21.634	1.7218e-05	0.060546
542.86	3.5643	410.27	0.0024374	43.417	44.148	96.823	213.06	462.21	159.97	4.7363	6.0183e-05	0.077315	0.00044633	142.60	0.0070127	51.434	53.538	114.12	216.23	504.55	106.66	21.676	1.7249e-05	0.060716
543.01	3.5711	409.51	0.0024419	43.470	44.203	96.922	213.15	465.58	159.07	4.7925	5.9964e-05	0.077313	0.00043842	143.22	0.0069824	51.441	53.539	114.12	216.34	509.16	106.40	21.719	1.7280e-05	0.060888
543.16	3.5779	408.74	0.0024465	43.522	44.259	97.021	213.25	469.04	158.16	4.8498	5.9745e-05	0.077313	0.00043055	143.84	0.0069520	51.448	53.541	114.11	216.44	513.90	106.14	21.761	1.7312e-05	0.061061
543.31	3.5847	407.97	0.0024511	43.574	44.314	97.120	213.35	472.60	157.26	4.9080	5.9524e-05	0.077313	0.00042273	144.48	0.0069216	51.454	53.542	114.11	216.55	518.77	105.89	21.803	1.7344e-05	0.061237
543.46	3.5915	407.19	0.0024558	43.627	44.369	97.219	213.45	476.26	156.35	4.9673	5.9302e-05	0.077314	0.00041495	145.11	0.0068912	51.461	53.544	114.10	216.65	523.77	105.63	21.846	1.7377e-05	0.061416
543.61	3.5983	406.41	0.0024606	43.680	44.425	97.319	213.55	480.03	155.44	5.0277	5.9079e-05	0.077317	0.00040721	145.76	0.0068608	51.467	53.544	114.09	216.76	528.92	105.37	21.889	1.7410e-05	0.061597
543.76	3.6051	405.62	0.0024654	43.732	44.480	97.419	213.64	483.91	154.53	5.0893	5.8854e-05	0.077321	0.00039951	146.41	0.0068303	51.473	53.545	114.09	216.86	534.22	105.11	21.931	1.7443e-05	0.061780
543.91	3.6119	404.83	0.0024702	43.785	44.536	97.519	213.74	487.92	153.62	5.1520	5.8629e-05	0.077327	0.00039186	147.06	0.0067999	51.478	53.545	114.08	216.97	539.67	104.85	21.974	1.7477e-05	0.061965
544.06	3.6186	404.02	0.0024751	43.838	44.592	97.619	213.84	492.04	152.71	5.2158	5.8402e-05	0.077334	0.00038425	147.72	0.0067694	51.483	53.545	114.07	217.07	545.29	104.59	22.017	1.7511e-05	0.062154
544.21	3.6254	403.21	0.0024801	43.891	44.648	97.719	213.94	496.29	151.80	5.2809	5.8174e-05	0.077342	0.00037669	148.39	0.0067389	51.489	53.545	114.07	217.18	551.08	104.33	22.060	1.7545e-05	0.062345
544.35	3.6322	402.40	0.0024851	43.945	44.704	97.820	214.04	500.68	150.89	5.3473	5.7945e-05	0.077352	0.00036917	149.07	0.0067083	51.493	53.544	114.06	217.28	557.05	104.07	22.102	1.7581e-05	0.062539
544.50	3.6390	401.58	0.0024902	43.998	44.761	97.921	214.15	505.21	149.98	5.4149	5.7715e-05	0.077363	0.00036170	149.75	0.0066777	51.498	53.543	114.05	217.39	563.20	103.81	22.145	1.7616e-05	0.062735
544.65	3.6458	400.75	0.0024953	44.051	44.817	98.022	214.25	509.89	149.07	5.4838	5.7483e-05	0.077377	0.00035427	150.44	0.0066471	51.502	53.542	114.04	217.50	569.55	103.54	22.188	1.7652e-05	0.062935
544.80	3.6526	399.91	0.0025006	44.105	44.874	98.123	214.35	514.72	148.16	5.5541	5.7249e-05	0.077391	0.00034688	151.14	0.0066164	51.506	53.540	114.03	217.60	576.11	103.28	22.231	1.7689e-05	0.063138
544.95	3.6594	399.07	0.0025058	44.159	44.931	98.225	214.45	519.72	147.25	5.6258	5.7015e-05	0.077408	0.00033954	151.84	0.0065857	51.510	53.538	114.02	217.71	582.88	103.02	22.274	1.7726e-05	0.063344
545.09	3.6662	398.22	0.0025112	44.213	44.987	98.327	214.56	524.89	146.33	5.6990	5.6778e-05	0.077427	0.00033225	152.56	0.0065550	51.513	53.536	114.01	217.82	589.88	102.75	22.316	1.7764e-05	0.063553
545.24	3.6730	397.36	0.0025166	44.267	45.045	98.429	214.66	530.25	145.42	5.7736	5.6540e-05	0.077447	0.00032500	153.28	0.0065242	51.517	53.533	114.00	217.92	597.12	102.49	22.359	1.7802e-05	0.063766
545.39	3.6798	396.49	0.0025221	44.321	45.102	98.531	214.76	535.79	144.50	5.8497	5.6301e-05	0.077469	0.00031779	154.01	0.0064933	51.519	53.530	113.98	218.03	604.61	102.22	22.401	1.7841e-05	0.063982
545.54	3.6866	395.61	0.0025277	44.375	45.159	98.634	214.87	541.54	143.59	5.9274	5.6060e-05	0.077494	0.00031064	154.74	0.0064623	51.522	53.527	113.97	218.14	612.36	101.95	22.444	1.7880e-05	0.064202
545.68	3.6934	394.73	0.0025334	44.430	45.217	98.737	214.97	547.50	142.67	6.0067	5.5817e-05	0.077521	0.00030353	155.49	0.0064313	51.524	53.523	113.96	218.25	620.40	101.69	22.486	1.7920e-05	0.064426
545.83	3.7002	393.83	0.0025391	44.484	45.275	98.841	215.08	553.68	141.75	6.0877	5.5572e-05	0.077550	0.00029646	156.24	0.0064003	51.526	53.519	113.94	218.35	628.72	101.42	22.529	1.7961e-05	0.064653
545.97	3.7069	392.93	0.0025450	44.539	45.333	98.944	215.19	560.11	140.83	6.1704	5.5326e-05	0.077581	0.00028945	157.01	0.0063691	51.527	53.514	113.93	218.46	637.36	101.15	22.571	1.8003e-05	0.064885
546.12	3.7137	392.02	0.0025509	44.594	45.392	99.049	215.29	566.78	139.92	6.2549	5.5078e-05	0.077615	0.00028248	157.78	0.0063379	51.529	53.510	113.91	218.57	646.33	100.88	22.612	1.8045e-05	0.065121
546.27	3.7205	391.09	0.0025569	44.649	45.450	99.153	215.40	573.72	139.00	6.3412	5.4827e-05	0.077652	0.00027556	158.57	0.0063065	51.529	53.504	113.90	218.68	655.65	100.61	22.654	1.8088e-05	0.065362
546.41	3.7273	390.16	0.0025630	44.705	45.509	99.258	215.51	580.95	138.08	6.4294	5.4575e-05	0.077691	0.00026868	159.36	0.0062751	51.530	53.498	113.88	218.79	665.33	100.34	22.695	1.8132e-05	0.065607
546.56	3.7341	389.22	0.0025692	44.761	45.568	99.363	215.62	588.48	137.15	6.5195	5.4321e-05	0.077734	0.00026186	160.16	0.0062436	51.530	53.492	113.86	218.90	675.40	100.07	22.736	1.8176e-05	0.065857
546.70	3.7409	388.27	0.0025756	44.816	45.627	99.469	215.73	596.33	136.23	6.6116	5.4064e-05	0.077779	0.00025508	160.98	0.0062120	51.530	53.485	113.84	219.01	685.89	99.795	22.777	1.8221e-05	0.066112
546.85	3.7477	387.30	0.0025820	44.873	45.687	99.576	215.84	604.51	135.31	6.7058	5.3806e-05	0.077827	0.00024835	161.81	0.0061802	51.529	53.478	113.82	219.12	696.82	99.522	22.818	1.8268e-05	0.066373
546.99	3.7545	386.32	0.0025885	44.929	45.747	99.682	215.95	613.07	134.39	6.8022	5.3545e-05	0.077879	0.00024167	162.64	0.0061484	51.528	53.471	113.80	219.23	708.22	99.249	22.858	1.8315e-05	0.066639
547.13	3.7613	385.34	0.0025951	44.985	45.807	99.790	216.06	622.01	133.46	6.9007	5.3281e-05	0.077934	0.00023504	163.49	0.0061164	51.526	53.463	113.78	219.34	720.12	98.975	22.898	1.8363e-05	0.066911
547.28	3.7681	384.34	0.0026019	45.042	45.867	99.897	216.18	631.36	132.53	7.0015	5.3015e-05	0.077993	0.00022847	164.36	0.0060843	51.524	53.454	113.76	219.45	732.55	98.700	22.937	1.8412e-05	0.067189
547.42	3.7749	383.32	0.0026088	45.099	45.928	100.01	216.29	641.16	131.61	7.1047	5.2746e-05	0.078056	0.00022194	165.23	0.0060521	51.522	53.445	113.74	219.56	745.56	98.425	22.975	1.8462e-05	0.067473
547.56	3.7817	382.29	0.0026158	45.157	45.989	100.11	216.41	651.43	130.68	7.2103	5.2475e-05	0.078123	0.00021546	166.12	0.0060197	51.519	53.435	113.71	219.67	759.17	98.149	23.014	1.8514e-05	0.067764
547.71	3.7884	381.25	0.0026229	45.215	46.051	100.22	216.52	662.21	129.75	7.3185	5.2201e-05	0.078193	0.00020904	167.03	0.0059871	51.516	53.425	113.69	219.78	773.44	97.873	23.051	1.8566e-05	0.068062
547.85	3.7952	380.20	0.0026302	45.273	46.113	100.33	216.64	673.55	128.82	7.4293	5.1924e-05	0.078269	0.00020266	167.94	0.0059544	51.512	53.414	113.66	219.89	788.41	97.595	23.088	1.8620e-05	0.068368
547.99	3.8020	379.13	0.0026376	45.331	46.175	100.45	216.76	685.47	127.89	7.5428	5.1644e-05	0.078349	0.00019634	168.88	0.0059215	51.507	53.402	113.63	220.00	804.13	97.318	23.124	1.8675e-05	0.068681
548.13	3.8088	378.04	0.0026452	45.390	46.238	100.56	216.87	698.03	126.96	7.6590	5.1361e-05	0.078434	0.00019008	169.82	0.0058884	51.502	53.390	113.61	220.12	820.67	97.040	23.160	1.8731e-05	0.069003
548.28	3.8156	376.94	0.0026530	45.449	46.301	100.67	216.99	711.28	126.03	7.7782	5.1074e-05	0.078525	0.00018387	170.79	0.0058551	51.497	53.377	113.58	220.23	838.08	96.761	23.194	1.8789e-05	0.069333
548.42	3.8224	375.82	0.0026609	45.508	46.364	100.78	217.12	725.28	125.09	7.9005	5.0784e-05	0.078621	0.00017771	171.77	0.0058216	51.491	53.364	113.55	220.34	856.45	96.481	23.228	1.8848e-05	0.069673
548.56	3.8292	374.68	0.0026690	45.568	46.428	100.90	217.24	740.09	124.16	8.0258	5.0491e-05	0.078723	0.00017160	172.77	0.0057879	51.484	53.349	113.51	220.46	875.84	96.201	23.260	1.8909e-05	0.070023
548.70	3.8360	373.52	0.0026772	45.628	46.493	101.01	217.36	755.79	123.22	8.1544	5.0194e-05	0.078831	0.00016556	173.79	0.0057540	51.477	53.334	113.48	220.57	896.35	95.921	23.292	1.8972e-05	0.070383
548.84	3.8428	372.34	0.0026857	45.689	46.558	101.13	217.49	772.44	122.29	8.2864	4.9892e-05	0.078947	0.00015957	174.83	0.0057198	51.469	53.319	113.45	220.68	918.07	95.640	23.322	1.9036e-05	0.070754
548.98	3.8496	371.15	0.0026944	45.750	46.623	101.24	217.61	790.15	121.35	8.4219	4.9587e-05	0.079069	0.00015363	175.89	0.0056853	51.460	53.302	113.41	220.80	941.12	95.359	23.351	1.9102e-05	0.071137
549.12	3.8564	369.93	0.0027032	45.812	46.689	101.36	217.74	809.01	120.41	8.5611	4.9277e-05	0.079199	0.00014776	176.97	0.0056506	51.451	53.285	113.37	220.91	965.61	95.077	23.379	1.9170e-05	0.071533
549.26	3.8632	368.68	0.0027124	45.874	46.756	101.48	217.87	829.14	119.47	8.7040	4.8963e-05	0.079338	0.00014194	178.08	0.0056155	51.441	53.266	113.33	221.03	991.69	94.795	23.405	1.9240e-05	0.071942
549.40	3.8700	367.42	0.0027217	45.937	46.824	101.60	218.00	850.67	118.53	8.8510	4.8644e-05	0.079486	0.00013618	179.21	0.0055802	51.430	53.247	113.29	221.15	1019.5	94.512	23.430	1.9313e-05	0.072366
549.54	3.8767	366.13	0.0027313	46.000	46.892	101.72	218.13	873.73	117.58	9.0020	4.8320e-05	0.079643	0.00013049	180.36	0.0055444	51.418	53.227	113.25	221.26	1049.3	94.229	23.452	1.9387e-05	0.072806
549.68	3.8835	364.81	0.0027412	46.065	46.960	101.84	218.26	898.51	116.64	9.1574	4.7990e-05	0.079811	0.00012486	181.54	0.0055084	51.405	53.205	113.20	221.38	1081.2	93.946	23.473	1.9465e-05	0.073263
549.82	3.8903	363.46	0.0027513	46.129	47.030	101.97	218.40	925.20	115.69	9.3173	4.7655e-05	0.079991	0.00011929	182.75	0.0054719	51.391	53.183	113.16	221.50	1115.4	93.662	23.492	1.9545e-05	0.073738
549.96	3.8971	362.08	0.0027618	46.195	47.100	102.09	218.53	954.01	114.75	9.4819	4.7314e-05	0.080183	0.00011378	183.99	0.0054350	51.377	53.159	113.11	221.61	1152.3	93.379	23.508	1.9628e-05	0.074232
550.10	3.9039	360.67	0.0027726	46.261	47.172	102.22	218.67	985.21	113.80	9.6514	4.6967e-05	0.080389	0.00010834	185.26	0.0053977	51.361	53.135	113.06	221.73	1192.1	93.095	23.522	1.9714e-05	0.074749
550.24	3.9107	359.23	0.0027837	46.328	47.244	102.35	218.81	1019.1	112.85	9.8261	4.6613e-05	0.080610	0.00010296	186.57	0.0053599	51.344	53.109	113.01	221.85	1235.2	92.811	23.533	1.9804e-05	0.075289
550.37	3.9175	357.75	0.0027953	46.396	47.317	102.48	218.96	1056.0	111.90	10.006	4.6251e-05	0.080847	9.7656e-05	187.91	0.0053216	51.327	53.081	112.95	221.97	1282.1	92.527	23.541	1.9897e-05	0.075855
550.51	3.9243	356.23	0.0028072	46.465	47.392	102.61	219.10	1096.4	110.95	10.192	4.5883e-05	0.081104	9.2419e-05	189.30	0.0052827	51.307	53.052	112.89	222.09	1333.2	92.243	23.546	1.9994e-05	0.076449
550.65	3.9311	354.67	0.0028196	46.535	47.467	102.74	219.25	1140.8	110.00	10.384	4.5506e-05	0.081380	8.7253e-05	190.72	0.0052433	51.287	53.022	112.83	222.21	1389.1	91.959	23.548	2.0096e-05	0.077075
550.79	3.9379	353.06	0.0028324	46.606	47.544	102.88	219.40	1189.7	109.04	10.582	4.5120e-05	0.081681	8.2160e-05	192.19	0.0052032	51.265	52.989	112.77	222.33	1450.6	91.676	23.545	2.0202e-05	0.077735
550.92	3.9447	351.40	0.0028457	46.678	47.623	103.02	219.55	1243.8	108.09	10.787	4.4725e-05	0.082007	7.7142e-05	193.71	0.0051624	51.241	52.955	112.70	222.45	1518.4	91.393	23.538	2.0314e-05	0.078435
551.06	3.9515	349.69	0.0028597	46.751	47.702	103.16	219.71	1304.1	107.13	10.998	4.4319e-05	0.082363	7.2201e-05	195.28	0.0051208	51.216	52.919	112.63	222.57	1593.6	91.110	23.526	2.0431e-05	0.079178
551.20	3.9582	347.93	0.0028742	46.826	47.784	103.31	219.87	1371.6	106.17	11.218	4.3903e-05	0.082754	6.7340e-05	196.91	0.0050784	51.189	52.881	112.55	222.69	1677.5	90.829	23.509	2.0554e-05	0.079970
551.33	3.9650	346.10	0.0028894	46.903	47.867	103.46	220.03	1447.7	105.22	11.445	4.3475e-05	0.083183	6.2560e-05	198.61	0.0050350	51.160	52.841	112.48	222.82	1771.6	90.548	23.487	2.0685e-05	0.080818
551.47	3.9718	344.20	0.0029053	46.981	47.953	103.61	220.19	1533.9	104.25	11.681	4.3033e-05	0.083658	5.7865e-05	200.37	0.0049907	51.129	52.798	112.39	222.94	1877.9	90.268	23.457	2.0823e-05	0.081730
551.60	3.9786	342.22	0.0029221	47.062	48.040	103.76	220.37	1632.5	103.29	11.926	4.2577e-05	0.084187	5.3257e-05	202.21	0.0049453	51.096	52.752	112.30	223.06	1998.8	89.990	23.421	2.0969e-05	0.082716
551.74	3.9854	340.16	0.0029398	47.144	48.130	103.92	220.54	1746.3	102.33	12.180	4.2106e-05	0.084779	4.8741e-05	204.14	0.0048986	51.060	52.703	112.21	223.19	2137.6	89.714	23.377	2.1126e-05	0.083787
551.87	3.9922	338.00	0.0029586	47.229	48.223	104.09	220.72	1878.8	101.36	12.446	4.1616e-05	0.085448	4.4320e-05	206.16	0.0048505	51.021	52.650	112.11	223.31	2298.4	89.440	23.323	2.1293e-05	0.084960
552.01	3.9990	335.73	0.0029786	47.317	48.319	104.26	220.90	2035.0	100.39	12.723	4.1107e-05	0.086208	3.9998e-05	208.30	0.0048009	50.978	52.594	112.00	223.44	2486.9	89.168	23.259	2.1474e-05	0.086253
552.14	4.0058	333.35	0.0029999	47.408	48.419	104.44	221.09	2221.5	99.425	13.012	4.0576e-05	0.087083	3.5781e-05	210.55	0.0047494	50.932	52.533	111.89	223.56	2710.6	88.900	23.183	2.1669e-05	0.087692
552.28	4.0126	330.82	0.0030228	47.502	48.523	104.62	221.29	2447.8	98.453	13.316	4.0019e-05	0.088102	3.1674e-05	212.95	0.0046960	50.882	52.468	111.76	223.68	2980.3	88.635	23.094	2.1881e-05	0.089311
552.41	4.0194	328.13	0.0030476	47.601	48.632	104.82	221.50	2727.8	97.478	13.636	3.9433e-05	0.089304	2.7685e-05	215.51	0.0046401	50.827	52.396	111.63	223.81	3311.5	88.376	22.989	2.2114e-05	0.091156
552.54	4.0262	325.24	0.0030747	47.705	48.747	105.02	221.71	3082.1	96.499	13.974	3.8813e-05	0.090749	2.3821e-05	218.27	0.0045815	50.766	52.318	111.48	223.93	3727.3	88.123	22.866	2.2371e-05	0.093291
552.68	4.0330	322.12	0.0031044	47.815	48.869	105.24	221.93	3543.6	95.515	14.332	3.8152e-05	0.092523	2.0092e-05	221.26	0.0045195	50.698	52.232	111.32	224.05	4264.2	87.877	22.720	2.2658e-05	0.095812
552.81	4.0397	318.71	0.0031376	47.933	49.000	105.47	222.17	4167.6	94.526	14.716	3.7442e-05	0.094761	1.6511e-05	224.55	0.0044534	50.621	52.135	111.14	224.17	4983.2	87.641	22.547	2.2984e-05	0.098868
552.94	4.0465	314.94	0.0031752	48.061	49.142	105.73	222.41	5054.0	93.528	15.131	3.6669e-05	0.097692	1.3094e-05	228.20	0.0043821	50.534	52.026	110.94	224.28	5993.4	87.419	22.340	2.3359e-05	0.10270
553.07	4.0533	310.68	0.0032188	48.202	49.300	106.01	222.68	6404.2	92.517	15.585	3.5815e-05	0.10173	9.8631e-06	232.35	0.0043039	50.432	51.900	110.71	224.39	7513.0	87.216	22.089	2.3800e-05	0.10775
553.21	4.0601	305.73	0.0032708	48.362	49.479	106.33	222.97	8691.0	91.485	16.095	3.4847e-05	0.10776	6.8484e-06	237.18	0.0042161	50.311	51.751	110.44	224.49	10049.	87.040	21.776	2.4338e-05	0.11493
553.34	4.0669	299.72	0.0033365	48.551	49.693	106.71	223.30	13341.	90.417	16.689	3.3707e-05	0.11803	4.0991e-06	243.10	0.0041135	50.158	51.566	110.10	224.57	15117.	86.910	21.370	2.5031e-05	0.12655
553.47	4.0737	291.65	0.0034288	48.797	49.973	107.21	undefined	undefined	undefined	17.447	3.2241e-05	undefined	1.7085e-06	251.08	0.0039827	49.947	51.312	109.63	undefined	undefined	undefined	20.789	2.6028e-05	undefined
553.60	4.0805	271.33	0.0036855	49.388	50.654	108.44	undefined	undefined	undefined	0.0000	2.8887e-05	undefined	0.0000	271.33	0.0036855	49.388	50.654	108.44	undefined	undefined	undefined	0.0000	2.8887e-05	undefined
