Temperature (K)	Pressure (MPa)	Density (l, kg/m3)	Volume (l, m3/kg)	Internal Energy (l, kJ/mol)	Enthalpy (l, kJ/mol)	Entropy (l, J/mol*K)	Cv (l, J/mol*K)	Cp (l, J/mol*K)	Sound Spd. (l, m/s)	Joule-Thomson (l, K/MPa)	Viscosity (l, Pa*s)	Therm. Cond. (l, W/m*K)	Surf. Tension (l, N/m)	Density (v, kg/m3)	Volume (v, m3/kg)	Internal Energy (v, kJ/mol)	Enthalpy (v, kJ/mol)	Entropy (v, J/mol*K)	Cv (v, J/mol*K)	Cp (v, J/mol*K)	Sound Spd. (v, m/s)	Joule-Thomson (v, K/MPa)	Viscosity (v, Pa*s)	Therm. Cond. (v, W/m*K)
243.50	1.4040e-06	769.23	0.0013000	-69.253	-69.253	-203.07	223.93	286.34	1468.5	-0.48339	0.0024337	0.14409	0.028670	9.8671e-05	10135.	-15.411	-13.386	26.360	192.10	200.42	121.84	320.15	4.3408e-06	0.0064787
349.89	0.0035064	685.96	0.0014578	-36.057	-36.057	-90.566	281.85	340.94	1037.0	-0.36243	0.00045337	0.11644	0.018621	0.17245	5.7988	8.3904	11.283	44.733	258.16	266.76	144.54	71.256	6.1401e-06	0.012800
365.54	0.0070114	673.49	0.0014848	-30.652	-30.651	-75.454	290.94	350.16	981.34	-0.34025	0.00038931	0.11269	0.017230	0.33133	3.0181	12.466	15.476	50.736	268.42	277.22	147.14	59.909	6.3982e-06	0.014024
375.54	0.010516	665.42	0.0015028	-27.121	-27.119	-65.925	296.75	356.13	946.37	-0.32527	0.00035536	0.11035	0.016354	0.48533	2.0605	15.143	18.226	54.823	274.98	283.95	148.63	53.959	6.5617e-06	0.014839
383.06	0.014021	659.29	0.0015168	-24.425	-24.422	-58.817	301.11	360.64	920.32	-0.31352	0.00033270	0.10862	0.015701	0.63627	1.5716	17.194	20.330	58.011	279.91	289.04	149.65	50.037	6.6840e-06	0.015466
389.16	0.017526	654.27	0.0015284	-22.214	-22.210	-53.090	304.63	364.32	899.35	-0.30363	0.00031586	0.10723	0.015177	0.78504	1.2738	18.880	22.056	60.659	283.91	293.19	150.42	47.165	6.7828e-06	0.015984
394.33	0.021031	649.99	0.0015385	-20.323	-20.318	-48.263	307.61	367.45	881.67	-0.29499	0.00030257	0.10607	0.014735	0.93214	1.0728	20.323	23.534	62.944	287.30	296.72	151.02	44.926	6.8661e-06	0.016429
398.84	0.024536	646.23	0.0015474	-18.661	-18.656	-44.072	310.20	370.19	866.33	-0.28722	0.00029164	0.10506	0.014353	1.0779	0.92773	21.593	24.832	64.964	290.25	299.80	151.50	43.109	6.9386e-06	0.016821
402.85	0.028041	642.87	0.0015555	-17.173	-17.166	-40.359	312.50	372.63	852.72	-0.28013	0.00028239	0.10418	0.014015	1.2226	0.81796	22.731	25.995	66.781	292.87	302.55	151.89	41.591	7.0028e-06	0.017173
406.47	0.031546	639.81	0.0015630	-15.820	-15.813	-37.016	314.57	374.84	840.47	-0.27356	0.00027440	0.10339	0.013711	1.3663	0.73191	23.766	27.051	68.439	295.23	305.04	152.22	40.294	7.0608e-06	0.017494
409.78	0.035051	637.01	0.0015698	-14.577	-14.569	-33.970	316.46	376.86	829.30	-0.26742	0.00026737	0.10267	0.013434	1.5092	0.66260	24.717	28.021	69.966	297.39	307.33	152.50	39.168	7.1136e-06	0.017788
412.83	0.038556	634.40	0.0015763	-13.425	-13.416	-31.169	318.20	378.73	819.01	-0.26162	0.00026111	0.10202	0.013181	1.6515	0.60552	25.598	28.920	71.384	299.38	309.44	152.73	38.177	7.1623e-06	0.018062
415.66	0.042061	631.97	0.0015824	-12.349	-12.340	-28.572	319.81	380.46	809.47	-0.25611	0.00025548	0.10141	0.012946	1.7931	0.55769	26.422	29.759	72.710	301.22	311.40	152.93	37.295	7.2074e-06	0.018317
418.31	0.045566	629.68	0.0015881	-11.339	-11.329	-26.149	321.31	382.09	800.56	-0.25085	0.00025036	0.10085	0.012727	1.9342	0.51700	27.195	30.547	73.956	302.95	313.24	153.11	36.503	7.2497e-06	0.018557
420.80	0.049071	627.53	0.0015936	-10.386	-10.374	-23.877	322.72	383.63	792.20	-0.24580	0.00024568	0.10032	0.012522	2.0749	0.48195	27.925	31.290	75.134	304.57	314.98	153.25	35.786	7.2893e-06	0.018784
423.16	0.052576	625.48	0.0015988	-9.4816	-9.4696	-21.734	324.05	385.08	784.31	-0.24095	0.00024137	0.099829	0.012330	2.2152	0.45143	28.617	31.994	76.251	306.10	316.62	153.38	35.132	7.3267e-06	0.018999
425.39	0.056081	623.53	0.0016038	-8.6216	-8.6088	-19.707	325.31	386.45	776.83	-0.23625	0.00023738	0.099363	0.012148	2.3550	0.42462	29.275	32.663	77.314	307.54	318.18	153.48	34.533	7.3622e-06	0.019203
427.51	0.059586	621.66	0.0016086	-7.8006	-7.7870	-17.782	326.50	387.76	769.73	-0.23170	0.00023366	0.098923	0.011975	2.4946	0.40087	29.903	33.301	78.329	308.92	319.67	153.57	33.981	7.3960e-06	0.019399
429.54	0.063091	619.88	0.0016132	-7.0148	-7.0003	-15.948	327.64	389.02	762.95	-0.22728	0.00023019	0.098505	0.011811	2.6338	0.37967	30.504	33.912	79.300	310.23	321.09	153.64	33.470	7.4282e-06	0.019586
431.47	0.066596	618.16	0.0016177	-6.2606	-6.2453	-14.196	328.72	390.22	756.47	-0.22298	0.00022693	0.098107	0.011654	2.7728	0.36064	31.081	34.498	80.232	311.48	322.45	153.71	32.995	7.4590e-06	0.019765
433.33	0.070101	616.51	0.0016220	-5.5352	-5.5190	-12.518	329.76	391.37	750.26	-0.21879	0.00022386	0.097727	0.011504	2.9116	0.34345	31.635	35.061	81.129	312.69	323.77	153.76	32.553	7.4886e-06	0.019937
435.12	0.073606	614.92	0.0016262	-4.8360	-4.8190	-10.908	330.76	392.48	744.30	-0.21468	0.00022096	0.097364	0.011361	3.0501	0.32785	32.170	35.603	81.992	313.84	325.03	153.80	32.139	7.5170e-06	0.020104
436.83	0.077111	613.38	0.0016303	-4.1610	-4.1431	-9.3597	331.72	393.55	738.55	-0.21067	0.00021821	0.097015	0.011223	3.1885	0.31363	32.686	36.127	82.826	314.95	326.25	153.82	31.751	7.5444e-06	0.020264
438.49	0.080616	611.89	0.0016343	-3.5081	-3.4893	-7.8679	332.64	394.59	733.01	-0.20673	0.00021561	0.096681	0.011091	3.3267	0.30060	33.185	36.633	83.632	316.02	327.42	153.85	31.386	7.5709e-06	0.020419
440.09	0.084121	610.44	0.0016382	-2.8757	-2.8561	-6.4282	333.53	395.59	727.66	-0.20287	0.00021313	0.096359	0.010963	3.4647	0.28863	33.668	37.122	84.412	317.05	328.56	153.86	31.041	7.5965e-06	0.020570
441.64	0.087626	609.04	0.0016419	-2.2623	-2.2418	-5.0367	334.39	396.55	722.48	-0.19907	0.00021076	0.096049	0.010840	3.6026	0.27758	34.136	37.597	85.168	318.05	329.67	153.86	30.716	7.6213e-06	0.020715
443.15	0.091131	607.67	0.0016456	-1.6665	-1.6452	-3.6900	335.23	397.50	717.47	-0.19533	0.00020850	0.095750	0.010720	3.7403	0.26736	34.591	38.057	85.902	319.02	330.74	153.86	30.408	7.6453e-06	0.020857
444.60	0.094636	606.34	0.0016492	-1.0873	-1.0651	-2.3849	336.03	398.41	712.60	-0.19165	0.00020634	0.095461	0.010605	3.8780	0.25787	35.033	38.505	86.616	319.96	331.78	153.86	30.116	7.6687e-06	0.020995
446.02	0.098141	605.04	0.0016528	-0.52346	-0.50038	-1.1186	336.82	399.30	707.87	-0.18803	0.00020426	0.095182	0.010493	4.0156	0.24903	35.463	38.940	87.310	320.87	332.80	153.84	29.839	7.6914e-06	0.021128
447.39	0.10165	603.78	0.0016562	0.025916	0.049869	0.11131	337.57	400.16	703.28	-0.18445	0.00020227	0.094911	0.010385	4.1530	0.24079	35.882	39.364	87.985	321.75	333.79	153.83	29.574	7.7135e-06	0.021259
448.73	0.10515	602.55	0.0016596	0.56171	0.58654	1.3072	338.31	401.01	698.80	-0.18091	0.00020035	0.094648	0.010280	4.2904	0.23308	36.290	39.777	88.643	322.61	334.75	153.80	29.323	7.7351e-06	0.021386
450.04	0.10866	601.34	0.0016630	1.0847	1.1104	2.4711	339.03	401.83	694.45	-0.17742	0.00019851	0.094393	0.010178	4.4278	0.22585	36.689	40.180	89.286	323.45	335.70	153.77	29.082	7.7561e-06	0.021510
451.31	0.11216	600.16	0.0016662	1.5956	1.6222	3.6049	339.73	402.63	690.20	-0.17397	0.00019673	0.094146	0.010078	4.5651	0.21905	37.078	40.574	89.912	324.27	336.62	153.74	28.853	7.7766e-06	0.021631
452.55	0.11567	599.00	0.0016694	2.0951	2.1226	4.7103	340.41	403.42	686.05	-0.17055	0.00019501	0.093905	0.0099812	4.7023	0.21266	37.458	40.958	90.525	325.06	337.52	153.71	28.633	7.7967e-06	0.021750
453.76	0.11917	597.87	0.0016726	2.5838	2.6122	5.7889	341.08	404.18	682.00	-0.16717	0.00019335	0.093671	0.0098868	4.8395	0.20663	37.830	41.334	91.123	325.84	338.40	153.67	28.423	7.8163e-06	0.021866
454.95	0.12268	596.76	0.0016757	3.0623	3.0915	6.8420	341.73	404.94	678.04	-0.16382	0.00019175	0.093443	0.0097948	4.9767	0.20094	38.194	41.701	91.709	326.60	339.26	153.62	28.221	7.8356e-06	0.021979
456.11	0.12618	595.67	0.0016788	3.5310	3.5611	7.8710	342.36	405.67	674.16	-0.16049	0.00019019	0.093221	0.0097050	5.1139	0.19555	38.551	42.061	92.282	327.34	340.11	153.58	28.027	7.8544e-06	0.022090
457.24	0.12969	594.60	0.0016818	3.9904	4.0214	8.8771	342.98	406.39	670.37	-0.15720	0.00018868	0.093004	0.0096173	5.2510	0.19044	38.900	42.414	92.843	328.07	340.94	153.53	27.841	7.8729e-06	0.022199
458.35	0.13319	593.55	0.0016848	4.4410	4.4729	9.8615	343.58	407.10	666.66	-0.15393	0.00018722	0.092792	0.0095316	5.3882	0.18559	39.242	42.759	93.393	328.78	341.75	153.47	27.662	7.8910e-06	0.022306
459.43	0.13670	592.52	0.0016877	4.8831	4.9159	10.825	344.18	407.79	663.02	-0.15069	0.00018580	0.092586	0.0094478	5.5254	0.18098	39.578	43.098	93.932	329.47	342.55	153.42	27.490	7.9088e-06	0.022411
460.50	0.14020	591.50	0.0016906	5.3172	5.3509	11.769	344.76	408.48	659.45	-0.14747	0.00018443	0.092384	0.0093658	5.6625	0.17660	39.908	43.430	94.461	330.15	343.33	153.36	27.324	7.9263e-06	0.022514
461.54	0.14371	590.51	0.0016935	5.7436	5.7782	12.694	345.33	409.15	655.95	-0.14427	0.00018308	0.092186	0.0092856	5.7997	0.17242	40.231	43.757	94.980	330.82	344.10	153.30	27.165	7.9435e-06	0.022615
462.57	0.14721	589.52	0.0016963	6.1626	6.1982	13.601	345.88	409.80	652.52	-0.14109	0.00018178	0.091993	0.0092071	5.9369	0.16844	40.549	44.077	95.489	331.48	344.86	153.23	27.010	7.9604e-06	0.022714
463.58	0.15072	588.56	0.0016991	6.5746	6.6110	14.491	346.43	410.45	649.14	-0.13793	0.00018051	0.091804	0.0091301	6.0741	0.16463	40.861	44.392	95.989	332.12	345.61	153.17	26.862	7.9770e-06	0.022811
464.56	0.15422	587.60	0.0017018	6.9797	7.0171	15.364	346.97	411.09	645.83	-0.13479	0.00017927	0.091619	0.0090547	6.2113	0.16100	41.168	44.701	96.481	332.75	346.34	153.10	26.718	7.9933e-06	0.022907
465.53	0.15773	586.67	0.0017045	7.3784	7.4166	16.221	347.49	411.71	642.57	-0.13166	0.00017807	0.091438	0.0089807	6.3486	0.15751	41.471	45.005	96.964	333.37	347.07	153.03	26.579	8.0095e-06	0.023002
466.49	0.16123	585.74	0.0017072	7.7708	7.8100	17.063	348.01	412.33	639.37	-0.12855	0.00017689	0.091261	0.0089081	6.4859	0.15418	41.768	45.305	97.440	333.98	347.78	152.96	26.445	8.0253e-06	0.023095
467.43	0.16474	584.83	0.0017099	8.1572	8.1972	17.891	348.52	412.93	636.22	-0.12546	0.00017574	0.091087	0.0088369	6.6233	0.15098	42.060	45.599	97.907	334.57	348.48	152.88	26.315	8.0410e-06	0.023186
468.35	0.16824	583.93	0.0017125	8.5377	8.5787	18.705	349.02	413.53	633.12	-0.12238	0.00017462	0.090916	0.0087669	6.7607	0.14791	42.348	45.889	98.367	335.16	349.17	152.80	26.189	8.0564e-06	0.023276
469.26	0.17175	583.04	0.0017151	8.9127	8.9546	19.505	349.51	414.12	630.07	-0.11931	0.00017352	0.090748	0.0086983	6.8982	0.14497	42.632	46.174	98.820	335.74	349.86	152.73	26.067	8.0717e-06	0.023365
470.15	0.17525	582.17	0.0017177	9.2823	9.3251	20.292	349.99	414.70	627.06	-0.11625	0.00017245	0.090584	0.0086308	7.0357	0.14213	42.911	46.455	99.266	336.31	350.53	152.65	25.949	8.0867e-06	0.023453
471.03	0.17876	581.30	0.0017203	9.6467	9.6904	21.066	350.46	415.28	624.10	-0.11320	0.00017140	0.090423	0.0085644	7.1733	0.13941	43.186	46.732	99.705	336.87	351.20	152.57	25.835	8.1015e-06	0.023539
471.90	0.18226	580.45	0.0017228	10.006	10.051	21.828	350.93	415.84	621.18	-0.11017	0.00017038	0.090264	0.0084992	7.3109	0.13678	43.458	47.005	100.14	337.42	351.85	152.48	25.724	8.1162e-06	0.023624
472.75	0.18577	579.60	0.0017253	10.361	10.406	22.579	351.39	416.40	618.31	-0.10714	0.00016937	0.090108	0.0084351	7.4486	0.13425	43.725	47.274	100.56	337.96	352.50	152.40	25.616	8.1307e-06	0.023708
473.59	0.18927	578.77	0.0017278	10.710	10.757	23.318	351.84	416.95	615.47	-0.10413	0.00016839	0.089955	0.0083720	7.5864	0.13181	43.989	47.539	100.98	338.50	353.14	152.31	25.512	8.1450e-06	0.023791
474.42	0.19278	577.94	0.0017303	11.056	11.103	24.047	352.29	417.49	612.68	-0.10112	0.00016743	0.089805	0.0083099	7.7242	0.12946	44.250	47.801	101.40	339.03	353.77	152.22	25.411	8.1592e-06	0.023872
475.24	0.19628	577.13	0.0017327	11.396	11.445	24.765	352.73	418.03	609.92	-0.098118	0.00016648	0.089657	0.0082487	7.8622	0.12719	44.507	48.059	101.81	339.55	354.40	152.14	25.312	8.1731e-06	0.023953
476.05	0.19979	576.32	0.0017351	11.733	11.782	25.473	353.16	418.56	607.20	-0.095125	0.00016556	0.089511	0.0081885	8.0002	0.12500	44.760	48.313	102.21	340.06	355.02	152.05	25.216	8.1870e-06	0.024033
476.84	0.20329	575.52	0.0017376	12.065	12.116	26.171	353.58	419.09	604.51	-0.092138	0.00016465	0.089368	0.0081292	8.1383	0.12288	45.011	48.565	102.61	340.56	355.63	151.95	25.123	8.2007e-06	0.024112
477.63	0.20680	574.73	0.0017399	12.394	12.445	26.859	354.00	419.61	601.86	-0.089158	0.00016376	0.089227	0.0080708	8.2764	0.12082	45.258	48.813	103.00	341.06	356.23	151.86	25.033	8.2143e-06	0.024190
478.40	0.21030	573.95	0.0017423	12.718	12.771	27.538	354.42	420.12	599.24	-0.086183	0.00016289	0.089088	0.0080133	8.4147	0.11884	45.502	49.058	103.39	341.56	356.83	151.77	24.945	8.2277e-06	0.024266
479.17	0.21381	573.18	0.0017447	13.039	13.092	28.208	354.83	420.63	596.65	-0.083213	0.00016203	0.088951	0.0079566	8.5530	0.11692	45.743	49.300	103.77	342.04	357.43	151.67	24.860	8.2410e-06	0.024342
479.92	0.21731	572.41	0.0017470	13.356	13.410	28.869	355.23	421.13	594.10	-0.080248	0.00016119	0.088816	0.0079007	8.6915	0.11505	45.982	49.539	104.15	342.52	358.01	151.58	24.777	8.2541e-06	0.024418
480.67	0.22082	571.65	0.0017493	13.670	13.725	29.522	355.63	421.62	591.57	-0.077287	0.00016036	0.088684	0.0078455	8.8300	0.11325	46.217	49.775	104.52	342.99	358.59	151.48	24.696	8.2672e-06	0.024492
481.41	0.22432	570.90	0.0017516	13.980	14.036	30.167	356.02	422.12	589.08	-0.074330	0.00015955	0.088553	0.0077911	8.9687	0.11150	46.450	50.009	104.89	343.46	359.17	151.38	24.617	8.2801e-06	0.024566
482.13	0.22783	570.16	0.0017539	14.286	14.343	30.804	356.41	422.60	586.61	-0.071376	0.00015875	0.088424	0.0077375	9.1074	0.10980	46.680	50.239	105.26	343.92	359.74	151.28	24.540	8.2929e-06	0.024638
482.85	0.23133	569.42	0.0017562	14.590	14.648	31.433	356.79	423.08	584.17	-0.068425	0.00015796	0.088297	0.0076846	9.2463	0.10815	46.908	50.468	105.62	344.38	360.30	151.18	24.465	8.3057e-06	0.024710
483.56	0.23484	568.69	0.0017584	14.890	14.949	32.054	357.17	423.56	581.76	-0.065476	0.00015719	0.088172	0.0076323	9.3852	0.10655	47.133	50.693	105.97	344.83	360.86	151.08	24.393	8.3183e-06	0.024782
484.27	0.23834	567.97	0.0017607	15.187	15.247	32.668	357.55	424.03	579.37	-0.062530	0.00015643	0.088048	0.0075808	9.5243	0.10499	47.356	50.916	106.32	345.27	361.42	150.98	24.322	8.3308e-06	0.024852
484.96	0.24185	567.25	0.0017629	15.481	15.542	33.275	357.92	424.50	577.01	-0.059585	0.00015568	0.087926	0.0075299	9.6635	0.10348	47.576	51.137	106.67	345.71	361.97	150.88	24.253	8.3432e-06	0.024922
485.65	0.24535	566.54	0.0017651	15.772	15.834	33.875	358.28	424.97	574.67	-0.056642	0.00015494	0.087806	0.0074796	9.8028	0.10201	47.794	51.355	107.02	346.15	362.51	150.77	24.185	8.3555e-06	0.024991
486.33	0.24886	565.83	0.0017673	16.060	16.123	34.468	358.64	425.43	572.36	-0.053700	0.00015422	0.087687	0.0074300	9.9422	0.10058	48.009	51.571	107.36	346.58	363.05	150.67	24.120	8.3677e-06	0.025060
487.00	0.25236	565.14	0.0017695	16.346	16.409	35.054	359.00	425.88	570.07	-0.050758	0.00015351	0.087570	0.0073810	10.082	0.099190	48.223	51.785	107.69	347.01	363.59	150.56	24.056	8.3798e-06	0.025127
487.67	0.25587	564.44	0.0017717	16.628	16.693	35.634	359.35	426.33	567.81	-0.047817	0.00015280	0.087455	0.0073325	10.221	0.097835	48.434	51.996	108.03	347.43	364.12	150.46	23.993	8.3918e-06	0.025195
488.32	0.25937	563.75	0.0017738	16.908	16.974	36.208	359.70	426.78	565.56	-0.044876	0.00015211	0.087341	0.0072847	10.361	0.096515	48.643	52.205	108.36	347.84	364.65	150.35	23.932	8.4038e-06	0.025261
488.98	0.26288	563.07	0.0017760	17.185	17.252	36.776	360.05	427.23	563.34	-0.041935	0.00015143	0.087228	0.0072374	10.501	0.095229	48.851	52.412	108.68	348.26	365.17	150.24	23.873	8.4157e-06	0.025327
489.62	0.26638	562.39	0.0017781	17.460	17.528	37.337	360.39	427.67	561.14	-0.038993	0.00015075	0.087117	0.0071906	10.641	0.093976	49.056	52.617	109.00	348.66	365.69	150.13	23.815	8.4275e-06	0.025393
490.26	0.26989	561.72	0.0017802	17.732	17.801	37.893	360.73	428.10	558.96	-0.036050	0.00015009	0.087007	0.0071445	10.781	0.092755	49.259	52.821	109.32	349.07	366.21	150.02	23.759	8.4392e-06	0.025458
490.89	0.27339	561.05	0.0017824	18.002	18.071	38.443	361.06	428.54	556.80	-0.033107	0.00014944	0.086898	0.0070988	10.921	0.091564	49.460	53.022	109.64	349.47	366.72	149.91	23.703	8.4508e-06	0.025522
491.52	0.27690	560.39	0.0017845	18.269	18.340	38.988	361.39	428.97	554.66	-0.030162	0.00014879	0.086791	0.0070536	11.062	0.090401	49.659	53.221	109.95	349.86	367.23	149.80	23.650	8.4624e-06	0.025586
492.14	0.28040	559.73	0.0017866	18.535	18.606	39.527	361.72	429.39	552.55	-0.027215	0.00014816	0.086685	0.0070090	11.202	0.089267	49.857	53.418	110.26	350.26	367.74	149.69	23.597	8.4739e-06	0.025649
492.75	0.28391	559.08	0.0017887	18.797	18.870	40.060	362.04	429.82	550.45	-0.024266	0.00014753	0.086580	0.0069648	11.343	0.088160	50.052	53.614	110.57	350.64	368.24	149.58	23.546	8.4853e-06	0.025712
493.36	0.28741	558.43	0.0017907	19.058	19.131	40.589	362.36	430.24	548.36	-0.021316	0.00014691	0.086476	0.0069211	11.484	0.087079	50.246	53.807	110.88	351.03	368.74	149.47	23.496	8.4967e-06	0.025774
493.96	0.29092	557.79	0.0017928	19.316	19.390	41.112	362.68	430.66	546.30	-0.018363	0.00014630	0.086374	0.0068779	11.625	0.086024	50.439	53.999	111.18	351.41	369.23	149.35	23.447	8.5080e-06	0.025836
494.56	0.29442	557.15	0.0017949	19.572	19.647	41.631	362.99	431.07	544.25	-0.015407	0.00014570	0.086273	0.0068351	11.766	0.084992	50.629	54.189	111.47	351.79	369.73	149.24	23.400	8.5193e-06	0.025897
495.15	0.29793	556.51	0.0017969	19.826	19.903	42.145	363.31	431.48	542.22	-0.012448	0.00014510	0.086172	0.0067928	11.907	0.083984	50.818	54.378	111.77	352.16	370.22	149.12	23.353	8.5305e-06	0.025958
495.74	0.30143	555.88	0.0017990	20.078	20.156	42.653	363.61	431.89	540.21	-0.0094866	0.00014451	0.086073	0.0067509	12.048	0.082999	51.005	54.565	112.06	352.53	370.70	149.01	23.308	8.5416e-06	0.026018
496.32	0.30494	555.25	0.0018010	20.328	20.407	43.158	363.92	432.30	538.22	-0.0065216	0.00014393	0.085975	0.0067095	12.190	0.082035	51.191	54.750	112.35	352.90	371.19	148.89	23.263	8.5527e-06	0.026078
496.89	0.30844	554.63	0.0018030	20.576	20.656	43.657	364.22	432.70	536.24	-0.0035530	0.00014336	0.085879	0.0066685	12.332	0.081093	51.375	54.933	112.64	353.26	371.67	148.78	23.220	8.5637e-06	0.026138
497.46	0.31195	554.01	0.0018050	20.822	20.903	44.152	364.52	433.10	534.28	-0.00058060	0.00014279	0.085783	0.0066279	12.473	0.080171	51.557	55.115	112.93	353.62	372.15	148.66	23.178	8.5746e-06	0.026197
498.03	0.31545	553.39	0.0018070	21.067	21.148	44.643	364.82	433.50	532.33	0.0023958	0.00014224	0.085688	0.0065877	12.615	0.079269	51.738	55.296	113.21	353.98	372.62	148.54	23.137	8.5856e-06	0.026255
498.59	0.31896	552.78	0.0018090	21.309	21.391	45.129	365.11	433.90	530.40	0.0053763	0.00014168	0.085594	0.0065478	12.757	0.078385	51.918	55.475	113.49	354.33	373.09	148.42	23.096	8.5964e-06	0.026314
499.15	0.32246	552.17	0.0018110	21.549	21.633	45.612	365.41	434.29	528.48	0.0083613	0.00014114	0.085501	0.0065084	12.900	0.077521	52.096	55.652	113.77	354.69	373.57	148.31	23.057	8.6072e-06	0.026372
499.70	0.32597	551.57	0.0018130	21.788	21.872	46.090	365.70	434.68	526.58	0.011351	0.00014060	0.085409	0.0064694	13.042	0.076674	52.272	55.828	114.04	355.03	374.03	148.19	23.019	8.6180e-06	0.026429
500.24	0.32947	550.97	0.0018150	22.025	22.110	46.564	365.98	435.07	524.69	0.014345	0.00014006	0.085318	0.0064307	13.185	0.075845	52.448	56.003	114.32	355.38	374.50	148.07	22.981	8.6287e-06	0.026486
500.79	0.33298	550.37	0.0018170	22.260	22.346	47.034	366.27	435.46	522.81	0.017345	0.00013954	0.085228	0.0063924	13.327	0.075033	52.621	56.176	114.59	355.72	374.96	147.95	22.945	8.6394e-06	0.026543
501.33	0.33648	549.77	0.0018189	22.494	22.581	47.500	366.55	435.84	520.95	0.020349	0.00013901	0.085139	0.0063545	13.470	0.074237	52.794	56.348	114.86	356.06	375.42	147.83	22.909	8.6500e-06	0.026599
501.86	0.33999	549.18	0.0018209	22.726	22.814	47.962	366.83	436.23	519.11	0.023359	0.00013850	0.085051	0.0063169	13.613	0.073457	52.965	56.518	115.12	356.40	375.88	147.71	22.874	8.6606e-06	0.026655
502.39	0.34349	548.59	0.0018228	22.956	23.045	48.421	367.11	436.61	517.27	0.026375	0.00013799	0.084963	0.0062796	13.757	0.072692	53.135	56.688	115.39	356.73	376.34	147.58	22.840	8.6712e-06	0.026711
502.92	0.34700	548.01	0.0018248	23.184	23.274	48.876	367.38	436.99	515.45	0.029396	0.00013748	0.084877	0.0062427	13.900	0.071942	53.304	56.855	115.65	357.07	376.79	147.46	22.807	8.6817e-06	0.026766
503.44	0.35050	547.43	0.0018267	23.411	23.502	49.327	367.65	437.36	513.65	0.032424	0.00013698	0.084791	0.0062061	14.044	0.071207	53.471	57.022	115.91	357.40	377.25	147.34	22.775	8.6922e-06	0.026821
503.95	0.35401	546.85	0.0018287	23.637	23.729	49.775	367.93	437.74	511.85	0.035457	0.00013649	0.084706	0.0061699	14.187	0.070486	53.637	57.187	116.17	357.72	377.70	147.22	22.743	8.7026e-06	0.026876
504.47	0.35751	546.27	0.0018306	23.861	23.954	50.219	368.19	438.11	510.07	0.038497	0.00013600	0.084622	0.0061340	14.331	0.069778	53.802	57.351	116.42	358.05	378.15	147.09	22.712	8.7130e-06	0.026930
504.98	0.36102	545.70	0.0018325	24.083	24.177	50.660	368.46	438.48	508.30	0.041543	0.00013552	0.084539	0.0060984	14.475	0.069084	53.966	57.514	116.68	358.37	378.59	146.97	22.682	8.7234e-06	0.026984
505.48	0.36452	545.13	0.0018344	24.304	24.399	51.098	368.72	438.85	506.54	0.044596	0.00013504	0.084456	0.0060631	14.619	0.068402	54.128	57.676	116.93	358.69	379.04	146.84	22.653	8.7338e-06	0.027038
505.99	0.36803	544.56	0.0018363	24.524	24.620	51.532	368.99	439.21	504.79	0.047656	0.00013457	0.084374	0.0060281	14.764	0.067733	54.290	57.836	117.18	359.01	379.48	146.72	22.624	8.7441e-06	0.027091
506.49	0.37153	544.00	0.0018382	24.742	24.839	51.963	369.25	439.58	503.06	0.050722	0.00013410	0.084293	0.0059934	14.908	0.067076	54.450	57.996	117.43	359.32	379.92	146.60	22.596	8.7543e-06	0.027144
506.98	0.37504	543.44	0.0018401	24.958	25.057	52.391	369.51	439.94	501.33	0.053796	0.00013363	0.084213	0.0059590	15.053	0.066431	54.609	58.154	117.67	359.63	380.36	146.47	22.569	8.7646e-06	0.027197
507.47	0.37854	542.88	0.0018420	25.174	25.273	52.815	369.76	440.31	499.62	0.056877	0.00013317	0.084133	0.0059248	15.198	0.065798	54.767	58.311	117.92	359.94	380.80	146.34	22.542	8.7748e-06	0.027250
507.96	0.38205	542.32	0.0018439	25.388	25.488	53.237	370.02	440.67	497.92	0.059966	0.00013272	0.084054	0.0058910	15.343	0.065175	54.924	58.467	118.16	360.25	381.24	146.22	22.516	8.7850e-06	0.027302
508.45	0.38555	541.77	0.0018458	25.600	25.701	53.656	370.27	441.02	496.23	0.063063	0.00013227	0.083976	0.0058575	15.489	0.064564	55.080	58.622	118.40	360.56	381.67	146.09	22.491	8.7951e-06	0.027354
508.93	0.38906	541.22	0.0018477	25.811	25.914	54.071	370.52	441.38	494.55	0.066167	0.00013182	0.083899	0.0058242	15.634	0.063963	55.235	58.775	118.64	360.86	382.10	145.96	22.466	8.8053e-06	0.027406
509.40	0.39256	540.67	0.0018496	26.021	26.125	54.484	370.77	441.74	492.88	0.069279	0.00013138	0.083822	0.0057912	15.780	0.063373	55.388	58.928	118.88	361.16	382.54	145.84	22.442	8.8154e-06	0.027457
509.88	0.39607	540.12	0.0018514	26.230	26.334	54.893	371.02	442.09	491.22	0.072399	0.00013094	0.083745	0.0057585	15.925	0.062793	55.541	59.080	119.11	361.46	382.97	145.71	22.419	8.8255e-06	0.027509
510.35	0.39957	539.58	0.0018533	26.437	26.543	55.300	371.26	442.44	489.57	0.075528	0.00013051	0.083670	0.0057260	16.071	0.062222	55.693	59.230	119.35	361.76	383.40	145.58	22.396	8.8355e-06	0.027560
510.82	0.40308	539.04	0.0018552	26.644	26.750	55.704	371.51	442.79	487.93	0.078665	0.00013008	0.083595	0.0056938	16.218	0.061661	55.844	59.380	119.58	362.06	383.82	145.45	22.374	8.8456e-06	0.027610
511.29	0.40658	538.50	0.0018570	26.849	26.956	56.106	371.75	443.14	486.30	0.081811	0.00012965	0.083521	0.0056618	16.364	0.061109	55.993	59.529	119.81	362.35	384.25	145.32	22.352	8.8556e-06	0.027661
511.75	0.41009	537.96	0.0018589	27.052	27.161	56.504	371.99	443.49	484.68	0.084966	0.00012923	0.083447	0.0056301	16.511	0.060567	56.142	59.676	120.04	362.64	384.68	145.19	22.331	8.8656e-06	0.027711
512.21	0.41359	537.43	0.0018607	27.255	27.365	56.900	372.23	443.84	483.07	0.088129	0.00012881	0.083374	0.0055986	16.657	0.060033	56.290	59.823	120.27	362.93	385.10	145.06	22.310	8.8755e-06	0.027761
512.66	0.41710	536.90	0.0018626	27.457	27.567	57.293	372.46	444.19	481.47	0.091302	0.00012840	0.083301	0.0055674	16.804	0.059508	56.437	59.969	120.50	363.22	385.52	144.93	22.291	8.8855e-06	0.027811
513.12	0.42060	536.37	0.0018644	27.657	27.768	57.684	372.70	444.53	479.87	0.094483	0.00012798	0.083230	0.0055364	16.952	0.058992	56.583	60.113	120.72	363.51	385.94	144.80	22.271	8.8954e-06	0.027861
513.57	0.42411	535.84	0.0018662	27.856	27.969	58.072	372.93	444.87	478.29	0.097675	0.00012758	0.083158	0.0055057	17.099	0.058483	56.728	60.257	120.94	363.79	386.36	144.67	22.252	8.9053e-06	0.027910
514.01	0.42761	535.31	0.0018681	28.054	28.168	58.458	373.17	445.22	476.72	0.10088	0.00012717	0.083087	0.0054752	17.246	0.057983	56.872	60.400	121.17	364.08	386.78	144.54	22.234	8.9152e-06	0.027959
514.46	0.43112	534.79	0.0018699	28.251	28.366	58.841	373.40	445.56	475.15	0.10409	0.00012677	0.083017	0.0054449	17.394	0.057490	57.016	60.542	121.39	364.36	387.20	144.41	22.216	8.9251e-06	0.028008
514.90	0.43462	534.27	0.0018717	28.447	28.563	59.222	373.63	445.90	473.59	0.10731	0.00012638	0.082948	0.0054148	17.542	0.057006	57.158	60.683	121.60	364.64	387.62	144.28	22.199	8.9349e-06	0.028057
515.34	0.43813	533.75	0.0018735	28.642	28.758	59.600	373.85	446.23	472.05	0.11054	0.00012598	0.082879	0.0053850	17.690	0.056528	57.300	60.823	121.82	364.92	388.04	144.15	22.182	8.9448e-06	0.028106
515.78	0.44163	533.23	0.0018754	28.835	28.953	59.976	374.08	446.57	470.50	0.11378	0.00012559	0.082810	0.0053554	17.839	0.056058	57.440	60.963	122.04	365.19	388.45	144.01	22.166	8.9546e-06	0.028154
516.21	0.44514	532.71	0.0018772	29.028	29.147	60.350	374.31	446.91	468.97	0.11703	0.00012520	0.082742	0.0053260	17.987	0.055595	57.580	61.101	122.25	365.47	388.87	143.88	22.150	8.9644e-06	0.028202
516.64	0.44864	532.20	0.0018790	29.220	29.340	60.721	374.53	447.24	467.45	0.12029	0.00012482	0.082675	0.0052968	18.136	0.055139	57.719	61.239	122.46	365.74	389.28	143.75	22.134	8.9742e-06	0.028250
517.07	0.45215	531.69	0.0018808	29.410	29.531	61.090	374.75	447.58	465.93	0.12356	0.00012444	0.082608	0.0052678	18.285	0.054690	57.858	61.376	122.68	366.01	389.69	143.61	22.120	8.9840e-06	0.028298
517.50	0.45565	531.18	0.0018826	29.600	29.722	61.457	374.97	447.91	464.43	0.12684	0.00012406	0.082541	0.0052390	18.434	0.054247	57.995	61.512	122.89	366.28	390.10	143.48	22.105	8.9938e-06	0.028346
517.92	0.45916	530.67	0.0018844	29.789	29.912	61.822	375.19	448.24	462.92	0.13014	0.00012369	0.082475	0.0052105	18.583	0.053811	58.132	61.647	123.10	366.55	390.51	143.35	22.091	9.0035e-06	0.028393
518.34	0.46266	530.16	0.0018862	29.976	30.100	62.184	375.41	448.57	461.43	0.13344	0.00012331	0.082410	0.0051821	18.733	0.053382	58.267	61.781	123.30	366.81	390.92	143.21	22.078	9.0133e-06	0.028441
518.76	0.46617	529.66	0.0018880	30.163	30.288	62.545	375.63	448.91	459.95	0.13676	0.00012295	0.082345	0.0051539	18.883	0.052958	58.403	61.915	123.51	367.08	391.33	143.08	22.065	9.0230e-06	0.028488
519.18	0.46967	529.15	0.0018898	30.349	30.475	62.903	375.84	449.23	458.47	0.14008	0.00012258	0.082280	0.0051259	19.033	0.052541	58.537	62.048	123.72	367.34	391.74	142.94	22.052	9.0327e-06	0.028535
519.59	0.47318	528.65	0.0018916	30.534	30.661	63.259	376.06	449.56	457.00	0.14342	0.00012222	0.082216	0.0050982	19.183	0.052129	58.670	62.180	123.92	367.60	392.15	142.81	22.040	9.0425e-06	0.028582
520.01	0.47668	528.15	0.0018934	30.718	30.846	63.613	376.27	449.89	455.54	0.14677	0.00012186	0.082152	0.0050706	19.333	0.051724	58.803	62.311	124.12	367.87	392.56	142.67	22.028	9.0522e-06	0.028628
520.41	0.48019	527.65	0.0018952	30.901	31.030	63.965	376.48	450.22	454.08	0.15013	0.00012150	0.082089	0.0050432	19.484	0.051324	58.935	62.442	124.32	368.12	392.96	142.54	22.017	9.0619e-06	0.028675
520.82	0.48369	527.16	0.0018970	31.083	31.213	64.315	376.69	450.54	452.63	0.15351	0.00012114	0.082027	0.0050159	19.635	0.050930	59.067	62.572	124.52	368.38	393.37	142.40	22.006	9.0716e-06	0.028721
521.23	0.48720	526.66	0.0018988	31.264	31.396	64.663	376.90	450.87	451.19	0.15689	0.00012079	0.081964	0.0049889	19.786	0.050541	59.197	62.701	124.72	368.64	393.77	142.26	21.995	9.0812e-06	0.028767
521.63	0.49070	526.17	0.0019005	31.444	31.577	65.009	377.11	451.19	449.76	0.16029	0.00012044	0.081902	0.0049621	19.937	0.050157	59.327	62.829	124.92	368.89	394.18	142.13	21.985	9.0909e-06	0.028813
522.03	0.49421	525.68	0.0019023	31.624	31.758	65.353	377.32	451.52	448.33	0.16370	0.00012009	0.081841	0.0049354	20.089	0.049779	59.456	62.957	125.12	369.15	394.58	141.99	21.975	9.1006e-06	0.028859
522.43	0.49771	525.18	0.0019041	31.802	31.937	65.696	377.52	451.84	446.91	0.16713	0.00011975	0.081780	0.0049089	20.241	0.049406	59.585	63.083	125.31	369.40	394.99	141.85	21.966	9.1102e-06	0.028905
522.83	0.50122	524.70	0.0019059	31.980	32.116	66.036	377.73	452.16	445.49	0.17056	0.00011941	0.081720	0.0048826	20.393	0.049037	59.713	63.210	125.51	369.65	395.39	141.72	21.957	9.1199e-06	0.028951
523.22	0.50472	524.21	0.0019076	32.157	32.294	66.375	377.93	452.48	444.09	0.17401	0.00011907	0.081660	0.0048564	20.545	0.048674	59.840	63.335	125.70	369.90	395.79	141.58	21.949	9.1295e-06	0.028996
523.61	0.50823	523.72	0.0019094	32.333	32.471	66.711	378.13	452.80	442.68	0.17747	0.00011873	0.081600	0.0048304	20.697	0.048316	59.966	63.460	125.89	370.15	396.19	141.44	21.940	9.1392e-06	0.029042
524.00	0.51173	523.24	0.0019112	32.508	32.648	67.046	378.34	453.12	441.29	0.18095	0.00011839	0.081541	0.0048046	20.850	0.047962	60.092	63.584	126.09	370.40	396.59	141.30	21.933	9.1488e-06	0.029087
524.39	0.51524	522.75	0.0019129	32.683	32.823	67.379	378.54	453.44	439.90	0.18443	0.00011806	0.081482	0.0047790	21.003	0.047613	60.217	63.707	126.28	370.64	397.00	141.16	21.925	9.1584e-06	0.029132
524.78	0.51874	522.27	0.0019147	32.857	32.998	67.711	378.74	453.76	438.52	0.18793	0.00011773	0.081423	0.0047535	21.156	0.047268	60.341	63.830	126.46	370.89	397.40	141.02	21.918	9.1681e-06	0.029177
525.16	0.52225	521.79	0.0019165	33.030	33.172	68.040	378.93	454.08	437.14	0.19145	0.00011740	0.081365	0.0047282	21.309	0.046928	60.465	63.952	126.65	371.13	397.80	140.88	21.911	9.1777e-06	0.029222
525.54	0.52575	521.31	0.0019182	33.202	33.345	68.368	379.13	454.40	435.77	0.19498	0.00011708	0.081307	0.0047030	21.463	0.046592	60.589	64.074	126.84	371.37	398.20	140.74	21.905	9.1873e-06	0.029267
525.92	0.52926	520.83	0.0019200	33.373	33.518	68.694	379.33	454.71	434.41	0.19852	0.00011675	0.081250	0.0046780	21.617	0.046261	60.711	64.195	127.02	371.62	398.60	140.61	21.899	9.1969e-06	0.029312
526.30	0.53276	520.36	0.0019218	33.544	33.689	69.019	379.52	455.03	433.05	0.20208	0.00011643	0.081193	0.0046531	21.771	0.045934	60.833	64.315	127.21	371.86	399.00	140.47	21.894	9.2066e-06	0.029356
526.68	0.53627	519.88	0.0019235	33.713	33.860	69.342	379.72	455.35	431.69	0.20565	0.00011611	0.081136	0.0046284	21.925	0.045610	60.954	64.434	127.39	372.09	399.40	140.33	21.888	9.2162e-06	0.029401
527.05	0.53977	519.41	0.0019253	33.883	34.030	69.663	379.91	455.66	430.35	0.20923	0.00011580	0.081080	0.0046039	22.079	0.045291	61.075	64.553	127.58	372.33	399.79	140.18	21.883	9.2258e-06	0.029445
527.42	0.54328	518.94	0.0019270	34.051	34.200	69.983	380.10	455.98	429.01	0.21283	0.00011548	0.081024	0.0045795	22.234	0.044976	61.195	64.672	127.76	372.57	400.19	140.04	21.879	9.2354e-06	0.029489
527.79	0.54678	518.46	0.0019288	34.219	34.369	70.301	380.29	456.29	427.67	0.21645	0.00011517	0.080969	0.0045553	22.389	0.044665	61.315	64.789	127.94	372.80	400.59	139.90	21.874	9.2450e-06	0.029533
528.16	0.55029	517.99	0.0019305	34.385	34.537	70.617	380.48	456.60	426.34	0.22007	0.00011486	0.080914	0.0045312	22.544	0.044357	61.434	64.907	128.12	373.04	400.99	139.76	21.870	9.2546e-06	0.029577
528.53	0.55379	517.53	0.0019323	34.552	34.704	70.932	380.67	456.92	425.02	0.22372	0.00011455	0.080859	0.0045072	22.700	0.044053	61.552	65.023	128.30	373.27	401.39	139.62	21.867	9.2643e-06	0.029621
528.89	0.55730	517.06	0.0019340	34.717	34.871	71.245	380.86	457.23	423.70	0.22738	0.00011424	0.080804	0.0044834	22.855	0.043753	61.670	65.139	128.47	373.50	401.79	139.48	21.864	9.2739e-06	0.029665
529.26	0.56080	516.59	0.0019358	34.882	35.036	71.557	381.05	457.54	422.38	0.23105	0.00011393	0.080750	0.0044598	23.011	0.043457	61.787	65.254	128.65	373.74	402.18	139.34	21.861	9.2835e-06	0.029709
529.62	0.56431	516.12	0.0019375	35.046	35.202	71.867	381.24	457.85	421.08	0.23474	0.00011363	0.080697	0.0044362	23.168	0.043164	61.903	65.369	128.83	373.97	402.58	139.19	21.858	9.2931e-06	0.029753
529.98	0.56781	515.66	0.0019393	35.210	35.366	72.176	381.42	458.16	419.77	0.23844	0.00011333	0.080643	0.0044129	23.324	0.042874	62.019	65.483	129.00	374.19	402.98	139.05	21.856	9.3027e-06	0.029796
530.34	0.57132	515.20	0.0019410	35.372	35.530	72.483	381.61	458.48	418.48	0.24216	0.00011303	0.080590	0.0043896	23.481	0.042588	62.135	65.597	129.18	374.42	403.38	138.91	21.854	9.3123e-06	0.029840
530.69	0.57482	514.73	0.0019428	35.534	35.693	72.789	381.79	458.79	417.18	0.24590	0.00011273	0.080537	0.0043665	23.638	0.042305	62.250	65.710	129.35	374.65	403.78	138.77	21.852	9.3220e-06	0.029883
531.05	0.57833	514.27	0.0019445	35.696	35.856	73.093	381.97	459.10	415.90	0.24965	0.00011244	0.080485	0.0043435	23.795	0.042026	62.364	65.822	129.52	374.88	404.17	138.62	21.850	9.3316e-06	0.029926
531.40	0.58183	513.81	0.0019462	35.857	36.018	73.396	382.16	459.41	414.61	0.25342	0.00011214	0.080433	0.0043207	23.952	0.041749	62.478	65.934	129.69	375.10	404.57	138.48	21.849	9.3412e-06	0.029970
531.76	0.58534	513.35	0.0019480	36.017	36.179	73.698	382.34	459.72	413.34	0.25721	0.00011185	0.080381	0.0042980	24.110	0.041476	62.591	66.046	129.86	375.33	404.97	138.34	21.848	9.3509e-06	0.030013
532.11	0.58884	512.90	0.0019497	36.176	36.340	73.998	382.52	460.02	412.06	0.26101	0.00011156	0.080329	0.0042754	24.268	0.041206	62.704	66.157	130.03	375.55	405.37	138.19	21.848	9.3605e-06	0.030056
532.45	0.59235	512.44	0.0019515	36.335	36.500	74.297	382.70	460.33	410.80	0.26483	0.00011127	0.080278	0.0042530	24.426	0.040939	62.816	66.267	130.20	375.77	405.76	138.05	21.848	9.3702e-06	0.030099
532.80	0.59585	511.98	0.0019532	36.493	36.659	74.594	382.88	460.64	409.53	0.26866	0.00011099	0.080227	0.0042306	24.585	0.040675	62.928	66.377	130.37	375.99	406.16	137.90	21.848	9.3798e-06	0.030142
533.15	0.59936	511.53	0.0019549	36.651	36.818	74.890	383.06	460.95	408.27	0.27251	0.00011070	0.080177	0.0042085	24.744	0.040414	63.039	66.486	130.54	376.21	406.56	137.76	21.848	9.3895e-06	0.030185
533.49	0.60286	511.07	0.0019567	36.808	36.976	75.185	383.23	461.26	407.02	0.27638	0.00011042	0.080126	0.0041864	24.903	0.040156	63.150	66.595	130.70	376.43	406.96	137.61	21.849	9.3991e-06	0.030228
533.83	0.60637	510.62	0.0019584	36.964	37.133	75.478	383.41	461.57	405.77	0.28027	0.00011013	0.080076	0.0041644	25.062	0.039901	63.260	66.703	130.87	376.65	407.36	137.47	21.850	9.4088e-06	0.030271
534.17	0.60987	510.17	0.0019601	37.120	37.290	75.770	383.58	461.87	404.53	0.28417	0.00010985	0.080026	0.0041426	25.222	0.039649	63.370	66.811	131.03	376.87	407.75	137.32	21.851	9.4185e-06	0.030313
534.51	0.61338	509.72	0.0019619	37.275	37.447	76.061	383.76	462.18	403.29	0.28809	0.00010957	0.079977	0.0041209	25.381	0.039399	63.479	66.918	131.20	377.08	408.15	137.18	21.852	9.4281e-06	0.030356
534.85	0.61688	509.26	0.0019636	37.430	37.602	76.350	383.93	462.49	402.05	0.29203	0.00010930	0.079928	0.0040993	25.541	0.039152	63.588	67.024	131.36	377.30	408.55	137.03	21.854	9.4378e-06	0.030399
535.19	0.62039	508.81	0.0019654	37.584	37.757	76.638	384.11	462.80	400.82	0.29599	0.00010902	0.079879	0.0040779	25.702	0.038908	63.696	67.131	131.52	377.52	408.95	136.88	21.856	9.4475e-06	0.030441
535.52	0.62389	508.37	0.0019671	37.737	37.912	76.925	384.28	463.10	399.60	0.29997	0.00010875	0.079830	0.0040565	25.862	0.038666	63.804	67.236	131.68	377.73	409.35	136.74	21.859	9.4572e-06	0.030484
535.86	0.62740	507.92	0.0019688	37.890	38.066	77.211	384.45	463.41	398.38	0.30396	0.00010847	0.079782	0.0040353	26.023	0.038427	63.911	67.342	131.84	377.94	409.75	136.59	21.861	9.4669e-06	0.030526
536.19	0.63090	507.47	0.0019706	38.043	38.220	77.495	384.62	463.72	397.16	0.30797	0.00010820	0.079734	0.0040142	26.184	0.038191	64.018	67.446	132.00	378.15	410.15	136.45	21.864	9.4766e-06	0.030569
536.52	0.63441	507.03	0.0019723	38.194	38.372	77.779	384.79	464.02	395.94	0.31200	0.00010793	0.079686	0.0039932	26.346	0.037957	64.124	67.551	132.16	378.37	410.55	136.30	21.867	9.4863e-06	0.030611
536.85	0.63791	506.58	0.0019740	38.346	38.525	78.061	384.96	464.33	394.74	0.31605	0.00010767	0.079639	0.0039723	26.508	0.037725	64.230	67.654	132.32	378.58	410.95	136.15	21.871	9.4961e-06	0.030653
537.18	0.64142	506.14	0.0019758	38.496	38.677	78.341	385.13	464.63	393.53	0.32012	0.00010740	0.079591	0.0039516	26.670	0.037496	64.336	67.758	132.48	378.79	411.35	136.00	21.874	9.5058e-06	0.030696
537.50	0.64492	505.69	0.0019775	38.646	38.828	78.621	385.30	464.94	392.33	0.32421	0.00010713	0.079544	0.0039309	26.832	0.037269	64.441	67.860	132.64	379.00	411.75	135.86	21.878	9.5156e-06	0.030738
537.83	0.64843	505.25	0.0019792	38.796	38.978	78.899	385.47	465.24	391.13	0.32832	0.00010687	0.079498	0.0039104	26.994	0.037045	64.545	67.963	132.79	379.20	412.15	135.71	21.882	9.5253e-06	0.030780
538.15	0.65193	504.81	0.0019810	38.945	39.129	79.177	385.64	465.55	389.94	0.33244	0.00010661	0.079451	0.0038899	27.157	0.036823	64.649	68.065	132.95	379.41	412.55	135.56	21.887	9.5351e-06	0.030822
538.47	0.65544	504.37	0.0019827	39.093	39.278	79.453	385.80	465.86	388.75	0.33659	0.00010635	0.079405	0.0038696	27.320	0.036603	64.753	68.166	133.10	379.62	412.96	135.41	21.892	9.5449e-06	0.030864
538.79	0.65894	503.92	0.0019844	39.241	39.427	79.728	385.97	466.16	387.57	0.34076	0.00010609	0.079359	0.0038494	27.484	0.036385	64.856	68.267	133.25	379.83	413.36	135.26	21.896	9.5547e-06	0.030906
539.11	0.66245	503.48	0.0019862	39.389	39.576	80.002	386.13	466.47	386.39	0.34495	0.00010583	0.079313	0.0038293	27.648	0.036170	64.958	68.368	133.41	380.03	413.76	135.11	21.902	9.5645e-06	0.030948
539.43	0.66595	503.05	0.0019879	39.536	39.724	80.274	386.30	466.77	385.21	0.34915	0.00010557	0.079268	0.0038092	27.811	0.035956	65.061	68.468	133.56	380.23	414.17	134.96	21.907	9.5743e-06	0.030990
539.75	0.66946	502.61	0.0019896	39.682	39.872	80.546	386.46	467.08	384.04	0.35338	0.00010531	0.079223	0.0037893	27.976	0.035745	65.163	68.567	133.71	380.44	414.57	134.82	21.913	9.5841e-06	0.031032
540.07	0.67296	502.17	0.0019914	39.828	40.019	80.817	386.62	467.38	382.87	0.35763	0.00010506	0.079178	0.0037695	28.140	0.035536	65.264	68.667	133.86	380.64	414.97	134.67	21.919	9.5939e-06	0.031074
540.38	0.67647	501.73	0.0019931	39.973	40.165	81.086	386.79	467.69	381.71	0.36190	0.00010481	0.079133	0.0037498	28.305	0.035329	65.365	68.765	134.01	380.84	415.38	134.52	21.925	9.6038e-06	0.031116
540.69	0.67997	501.30	0.0019948	40.118	40.311	81.355	386.95	467.99	380.55	0.36619	0.00010455	0.079088	0.0037302	28.470	0.035124	65.465	68.864	134.16	381.05	415.78	134.37	21.932	9.6137e-06	0.031158
541.01	0.68348	500.86	0.0019966	40.263	40.457	81.622	387.11	468.30	379.39	0.37050	0.00010430	0.079044	0.0037107	28.636	0.034921	65.566	68.962	134.31	381.25	416.19	134.22	21.938	9.6235e-06	0.031200
541.32	0.68698	500.43	0.0019983	40.407	40.602	81.888	387.27	468.60	378.24	0.37483	0.00010405	0.079000	0.0036913	28.802	0.034720	65.665	69.059	134.46	381.45	416.60	134.07	21.945	9.6334e-06	0.031242
541.63	0.69049	499.99	0.0020000	40.550	40.747	82.153	387.43	468.91	377.09	0.37919	0.00010381	0.078956	0.0036720	28.968	0.034521	65.765	69.156	134.61	381.65	417.00	133.92	21.952	9.6433e-06	0.031284
541.94	0.69399	499.56	0.0020018	40.693	40.891	82.418	387.59	469.22	375.94	0.38357	0.00010356	0.078913	0.0036528	29.134	0.034324	65.864	69.253	134.75	381.84	417.41	133.76	21.960	9.6532e-06	0.031326
542.24	0.69750	499.12	0.0020035	40.836	41.034	82.681	387.75	469.52	374.80	0.38796	0.00010331	0.078869	0.0036337	29.301	0.034129	65.962	69.349	134.90	382.04	417.82	133.61	21.967	9.6632e-06	0.031367
542.55	0.70100	498.69	0.0020052	40.978	41.178	82.943	387.91	469.83	373.66	0.39238	0.00010307	0.078826	0.0036147	29.468	0.033936	66.060	69.445	135.04	382.24	418.23	133.46	21.975	9.6731e-06	0.031409
542.85	0.70451	498.26	0.0020070	41.119	41.320	83.204	388.06	470.13	372.52	0.39683	0.00010283	0.078783	0.0035958	29.635	0.033744	66.158	69.540	135.19	382.44	418.64	133.31	21.984	9.6830e-06	0.031451
543.16	0.70801	497.83	0.0020087	41.260	41.462	83.464	388.22	470.44	371.39	0.40129	0.00010258	0.078740	0.0035770	29.802	0.033554	66.255	69.635	135.33	382.63	419.05	133.16	21.992	9.6930e-06	0.031493
543.46	0.71152	497.40	0.0020105	41.401	41.604	83.723	388.38	470.74	370.26	0.40578	0.00010234	0.078698	0.0035582	29.970	0.033366	66.352	69.730	135.48	382.83	419.46	133.01	22.001	9.7030e-06	0.031535
543.76	0.71502	496.97	0.0020122	41.541	41.746	83.981	388.53	471.05	369.14	0.41030	0.00010210	0.078656	0.0035396	30.138	0.033180	66.448	69.824	135.62	383.02	419.87	132.86	22.009	9.7130e-06	0.031576
544.06	0.71853	496.54	0.0020139	41.681	41.887	84.239	388.69	471.36	368.02	0.41483	0.00010186	0.078614	0.0035210	30.307	0.032996	66.545	69.918	135.76	383.22	420.29	132.70	22.018	9.7230e-06	0.031618
544.36	0.72203	496.11	0.0020157	41.820	42.027	84.495	388.84	471.66	366.90	0.41939	0.00010163	0.078572	0.0035026	30.476	0.032813	66.640	70.011	135.90	383.41	420.70	132.55	22.028	9.7330e-06	0.031660
544.66	0.72554	495.68	0.0020174	41.959	42.167	84.750	389.00	471.97	365.78	0.42397	0.00010139	0.078530	0.0034842	30.645	0.032632	66.736	70.104	136.04	383.60	421.11	132.40	22.037	9.7431e-06	0.031702
544.96	0.72904	495.26	0.0020192	42.097	42.307	85.004	389.15	472.28	364.67	0.42858	0.00010115	0.078489	0.0034660	30.814	0.032452	66.831	70.197	136.18	383.79	421.53	132.25	22.047	9.7532e-06	0.031743
545.25	0.73255	494.83	0.0020209	42.235	42.446	85.258	389.30	472.58	363.56	0.43321	0.00010092	0.078448	0.0034478	30.984	0.032275	66.925	70.289	136.32	383.99	421.94	132.09	22.057	9.7632e-06	0.031785
545.55	0.73605	494.40	0.0020226	42.373	42.584	85.510	389.46	472.89	362.46	0.43786	0.00010068	0.078406	0.0034297	31.154	0.032098	67.019	70.381	136.46	384.18	422.36	131.94	22.067	9.7733e-06	0.031827
545.84	0.73956	493.98	0.0020244	42.510	42.723	85.762	389.61	473.20	361.36	0.44254	0.00010045	0.078366	0.0034117	31.325	0.031924	67.113	70.472	136.60	384.37	422.78	131.79	22.078	9.7834e-06	0.031869
546.14	0.74306	493.55	0.0020261	42.646	42.860	86.012	389.76	473.50	360.26	0.44725	0.00010022	0.078325	0.0033938	31.495	0.031751	67.207	70.564	136.74	384.56	423.20	131.63	22.088	9.7936e-06	0.031910
546.43	0.74657	493.12	0.0020279	42.782	42.998	86.262	389.91	473.81	359.16	0.45198	9.9990e-05	0.078285	0.0033759	31.666	0.031579	67.300	70.654	136.88	384.75	423.62	131.48	22.099	9.8037e-06	0.031952
546.72	0.75007	492.70	0.0020296	42.918	43.135	86.511	390.06	474.12	358.07	0.45673	9.9761e-05	0.078244	0.0033582	31.838	0.031409	67.393	70.745	137.01	384.93	424.04	131.32	22.111	9.8139e-06	0.031994
547.01	0.75358	492.28	0.0020314	43.054	43.271	86.759	390.21	474.43	356.98	0.46151	9.9533e-05	0.078204	0.0033405	32.009	0.031241	67.485	70.835	137.15	385.12	424.46	131.17	22.122	9.8241e-06	0.032036
547.30	0.75708	491.85	0.0020331	43.189	43.408	87.006	390.36	474.74	355.90	0.46632	9.9305e-05	0.078165	0.0033229	32.181	0.031074	67.577	70.924	137.28	385.31	424.88	131.01	22.133	9.8343e-06	0.032077
547.58	0.76059	491.43	0.0020349	43.323	43.543	87.252	390.51	475.04	354.81	0.47115	9.9079e-05	0.078125	0.0033054	32.354	0.030908	67.669	71.013	137.42	385.50	425.30	130.86	22.145	9.8445e-06	0.032119
547.87	0.76409	491.01	0.0020366	43.457	43.679	87.497	390.66	475.35	353.73	0.47601	9.8853e-05	0.078085	0.0032880	32.526	0.030744	67.760	71.102	137.55	385.68	425.73	130.70	22.157	9.8547e-06	0.032161
548.16	0.76760	490.58	0.0020384	43.591	43.814	87.742	390.81	475.66	352.66	0.48089	9.8629e-05	0.078046	0.0032707	32.700	0.030581	67.851	71.191	137.69	385.87	426.15	130.55	22.170	9.8650e-06	0.032203
548.44	0.77110	490.16	0.0020401	43.724	43.948	87.985	390.95	475.97	351.58	0.48580	9.8405e-05	0.078007	0.0032534	32.873	0.030420	67.941	71.279	137.82	386.05	426.58	130.39	22.182	9.8753e-06	0.032245
548.72	0.77461	489.74	0.0020419	43.857	44.082	88.228	391.10	476.28	350.51	0.49074	9.8183e-05	0.077968	0.0032363	33.047	0.030260	68.032	71.367	137.95	386.24	427.01	130.24	22.195	9.8856e-06	0.032287
549.01	0.77811	489.32	0.0020436	43.990	44.216	88.470	391.25	476.59	349.44	0.49571	9.7961e-05	0.077929	0.0032192	33.221	0.030102	68.122	71.454	138.08	386.42	427.43	130.08	22.208	9.8959e-06	0.032328
549.29	0.78162	488.90	0.0020454	44.122	44.350	88.711	391.39	476.90	348.38	0.50070	9.7740e-05	0.077891	0.0032022	33.395	0.029945	68.211	71.541	138.21	386.61	427.86	129.93	22.221	9.9062e-06	0.032370
549.57	0.78512	488.48	0.0020472	44.254	44.483	88.951	391.54	477.21	347.32	0.50572	9.7521e-05	0.077853	0.0031852	33.570	0.029789	68.300	71.628	138.35	386.79	428.29	129.77	22.234	9.9166e-06	0.032412
549.85	0.78863	488.06	0.0020489	44.385	44.615	89.190	391.68	477.52	346.26	0.51077	9.7302e-05	0.077814	0.0031684	33.745	0.029634	68.389	71.715	138.48	386.97	428.73	129.61	22.248	9.9270e-06	0.032454
550.13	0.79213	487.64	0.0020507	44.516	44.748	89.429	391.83	477.84	345.20	0.51584	9.7084e-05	0.077776	0.0031516	33.920	0.029481	68.478	71.801	138.61	387.15	429.16	129.46	22.261	9.9374e-06	0.032496
550.40	0.79564	487.22	0.0020524	44.647	44.879	89.667	391.97	478.15	344.15	0.52095	9.6867e-05	0.077739	0.0031349	34.096	0.029329	68.566	71.886	138.73	387.33	429.59	129.30	22.275	9.9478e-06	0.032538
550.68	0.79914	486.80	0.0020542	44.777	45.011	89.904	392.12	478.46	343.10	0.52608	9.6650e-05	0.077701	0.0031183	34.272	0.029178	68.654	71.972	138.86	387.51	430.03	129.14	22.290	9.9583e-06	0.032580
550.96	0.80265	486.39	0.0020560	44.907	45.142	90.140	392.26	478.77	342.05	0.53124	9.6435e-05	0.077664	0.0031017	34.449	0.029029	68.742	72.057	138.99	387.69	430.46	128.99	22.304	9.9687e-06	0.032622
551.23	0.80615	485.97	0.0020577	45.037	45.273	90.375	392.40	479.09	341.00	0.53643	9.6221e-05	0.077626	0.0030853	34.626	0.028880	68.829	72.141	139.12	387.87	430.90	128.83	22.319	9.9792e-06	0.032664
551.51	0.80966	485.55	0.0020595	45.166	45.403	90.610	392.54	479.40	339.96	0.54165	9.6007e-05	0.077589	0.0030689	34.803	0.028733	68.916	72.226	139.25	388.05	431.34	128.67	22.333	9.9897e-06	0.032707
551.78	0.81316	485.13	0.0020613	45.295	45.533	90.844	392.69	479.71	338.92	0.54690	9.5794e-05	0.077552	0.0030526	34.980	0.028587	69.002	72.310	139.37	388.23	431.78	128.51	22.348	1.0000e-05	0.032749
552.05	0.81667	484.72	0.0020631	45.423	45.663	91.077	392.83	480.03	337.88	0.55218	9.5582e-05	0.077515	0.0030363	35.158	0.028443	69.089	72.394	139.50	388.41	432.22	128.36	22.364	1.0011e-05	0.032791
552.32	0.82017	484.30	0.0020648	45.551	45.792	91.309	392.97	480.34	336.85	0.55749	9.5371e-05	0.077479	0.0030201	35.337	0.028299	69.175	72.477	139.62	388.59	432.67	128.20	22.379	1.0021e-05	0.032833
552.59	0.82368	483.89	0.0020666	45.679	45.921	91.541	393.11	480.66	335.82	0.56284	9.5161e-05	0.077442	0.0030040	35.515	0.028157	69.260	72.560	139.75	388.76	433.11	128.04	22.395	1.0032e-05	0.032875
552.86	0.82718	483.47	0.0020684	45.806	46.050	91.772	393.25	480.98	334.79	0.56821	9.4951e-05	0.077406	0.0029880	35.694	0.028016	69.346	72.643	139.87	388.94	433.56	127.88	22.411	1.0043e-05	0.032918
553.13	0.83069	483.05	0.0020702	45.933	46.178	92.002	393.39	481.29	333.76	0.57361	9.4743e-05	0.077370	0.0029721	35.874	0.027876	69.431	72.725	140.00	389.12	434.00	127.72	22.427	1.0053e-05	0.032960
553.40	0.83419	482.64	0.0020719	46.060	46.306	92.231	393.53	481.61	332.74	0.57905	9.4535e-05	0.077334	0.0029562	36.053	0.027737	69.515	72.807	140.12	389.29	434.45	127.56	22.443	1.0064e-05	0.033003
553.67	0.83770	482.22	0.0020737	46.186	46.433	92.460	393.67	481.93	331.72	0.58451	9.4327e-05	0.077298	0.0029404	36.234	0.027599	69.600	72.889	140.24	389.47	434.90	127.40	22.460	1.0075e-05	0.033045
553.93	0.84120	481.81	0.0020755	46.312	46.561	92.688	393.81	482.25	330.70	0.59001	9.4121e-05	0.077262	0.0029246	36.414	0.027462	69.684	72.971	140.36	389.64	435.35	127.24	22.477	1.0085e-05	0.033087
554.20	0.84471	481.40	0.0020773	46.438	46.688	92.915	393.95	482.56	329.68	0.59554	9.3916e-05	0.077227	0.0029089	36.595	0.027326	69.767	73.052	140.49	389.82	435.81	127.08	22.493	1.0096e-05	0.033130
554.46	0.84821	480.98	0.0020791	46.563	46.814	93.141	394.08	482.88	328.67	0.60110	9.3711e-05	0.077192	0.0028933	36.776	0.027191	69.851	73.132	140.61	389.99	436.26	126.92	22.511	1.0107e-05	0.033173
554.72	0.85172	480.57	0.0020809	46.688	46.940	93.367	394.22	483.20	327.66	0.60670	9.3507e-05	0.077156	0.0028778	36.958	0.027058	69.934	73.213	140.73	390.17	436.72	126.76	22.528	1.0118e-05	0.033215
554.99	0.85522	480.16	0.0020827	46.813	47.066	93.592	394.36	483.52	326.65	0.61233	9.3303e-05	0.077121	0.0028623	37.140	0.026925	70.017	73.293	140.85	390.34	437.17	126.60	22.546	1.0129e-05	0.033258
555.25	0.85873	479.74	0.0020845	46.937	47.192	93.816	394.49	483.84	325.64	0.61799	9.3101e-05	0.077087	0.0028469	37.322	0.026794	70.099	73.373	140.97	390.51	437.63	126.44	22.563	1.0139e-05	0.033301
555.51	0.86223	479.33	0.0020862	47.061	47.317	94.040	394.63	484.17	324.64	0.62369	9.2899e-05	0.077052	0.0028316	37.505	0.026663	70.182	73.453	141.09	390.68	438.09	126.28	22.581	1.0150e-05	0.033343
555.77	0.86574	478.92	0.0020880	47.185	47.442	94.263	394.77	484.49	323.64	0.62942	9.2698e-05	0.077017	0.0028163	37.688	0.026533	70.264	73.532	141.21	390.86	438.55	126.12	22.600	1.0161e-05	0.033386
556.03	0.86924	478.51	0.0020898	47.308	47.567	94.485	394.90	484.81	322.64	0.63518	9.2497e-05	0.076983	0.0028011	37.872	0.026405	70.345	73.611	141.33	391.03	439.02	125.96	22.618	1.0172e-05	0.033429
556.29	0.87275	478.09	0.0020916	47.431	47.691	94.707	395.04	485.14	321.64	0.64098	9.2298e-05	0.076949	0.0027860	38.056	0.026277	70.427	73.690	141.44	391.20	439.48	125.80	22.637	1.0183e-05	0.033472
556.54	0.87625	477.68	0.0020934	47.554	47.815	94.927	395.17	485.46	320.65	0.64681	9.2099e-05	0.076915	0.0027709	38.240	0.026150	70.508	73.768	141.56	391.37	439.95	125.64	22.655	1.0194e-05	0.033515
556.80	0.87976	477.27	0.0020953	47.676	47.938	95.148	395.31	485.78	319.66	0.65268	9.1901e-05	0.076881	0.0027559	38.425	0.026025	70.589	73.846	141.68	391.54	440.42	125.47	22.674	1.0205e-05	0.033558
557.06	0.88326	476.86	0.0020971	47.798	48.062	95.367	395.44	486.11	318.67	0.65859	9.1703e-05	0.076847	0.0027410	38.610	0.025900	70.669	73.924	141.79	391.71	440.89	125.31	22.694	1.0216e-05	0.033601
557.31	0.88677	476.45	0.0020989	47.920	48.185	95.586	395.57	486.44	317.68	0.66453	9.1506e-05	0.076813	0.0027261	38.796	0.025776	70.749	74.002	141.91	391.88	441.36	125.15	22.713	1.0227e-05	0.033645
557.57	0.89027	476.04	0.0021007	48.041	48.307	95.804	395.71	486.76	316.70	0.67051	9.1310e-05	0.076779	0.0027113	38.982	0.025653	70.829	74.079	142.03	392.05	441.84	124.99	22.733	1.0238e-05	0.033688
557.82	0.89378	475.63	0.0021025	48.162	48.430	96.022	395.84	487.09	315.71	0.67652	9.1114e-05	0.076746	0.0026965	39.168	0.025531	70.909	74.156	142.14	392.21	442.31	124.83	22.753	1.0250e-05	0.033731
558.07	0.89728	475.21	0.0021043	48.283	48.552	96.239	395.97	487.42	314.73	0.68257	9.0920e-05	0.076713	0.0026818	39.355	0.025410	70.988	74.232	142.26	392.38	442.79	124.66	22.773	1.0261e-05	0.033775
558.33	0.90079	474.80	0.0021061	48.404	48.674	96.455	396.11	487.75	313.76	0.68866	9.0725e-05	0.076680	0.0026672	39.542	0.025289	71.067	74.309	142.37	392.55	443.27	124.50	22.793	1.0272e-05	0.033818
558.58	0.90429	474.39	0.0021080	48.524	48.795	96.671	396.24	488.08	312.78	0.69479	9.0532e-05	0.076647	0.0026527	39.730	0.025170	71.146	74.385	142.48	392.72	443.75	124.34	22.814	1.0283e-05	0.033862
558.83	0.90780	473.98	0.0021098	48.644	48.916	96.886	396.37	488.41	311.81	0.70096	9.0339e-05	0.076614	0.0026382	39.918	0.025051	71.225	74.461	142.60	392.88	444.24	124.17	22.834	1.0294e-05	0.033906
559.08	0.91130	473.57	0.0021116	48.763	49.037	97.100	396.50	488.74	310.83	0.70716	9.0147e-05	0.076581	0.0026237	40.107	0.024934	71.303	74.536	142.71	393.05	444.72	124.01	22.855	1.0306e-05	0.033949
559.33	0.91481	473.16	0.0021134	48.883	49.158	97.314	396.63	489.07	309.87	0.71340	8.9955e-05	0.076549	0.0026093	40.296	0.024817	71.381	74.611	142.82	393.22	445.21	123.85	22.876	1.0317e-05	0.033993
559.58	0.91831	472.75	0.0021153	49.002	49.278	97.527	396.76	489.41	308.90	0.71968	8.9764e-05	0.076516	0.0025950	40.485	0.024701	71.459	74.686	142.93	393.38	445.70	123.68	22.898	1.0328e-05	0.034037
559.82	0.92182	472.35	0.0021171	49.121	49.398	97.740	396.89	489.74	307.93	0.72600	8.9574e-05	0.076484	0.0025808	40.675	0.024585	71.536	74.761	143.04	393.55	446.19	123.52	22.919	1.0340e-05	0.034081
560.07	0.92532	471.94	0.0021189	49.239	49.518	97.952	397.02	490.08	306.97	0.73236	8.9384e-05	0.076452	0.0025666	40.865	0.024471	71.613	74.835	143.16	393.71	446.69	123.35	22.941	1.0351e-05	0.034125
560.32	0.92883	471.53	0.0021208	49.357	49.637	98.163	397.15	490.41	306.01	0.73876	8.9195e-05	0.076420	0.0025524	41.055	0.024357	71.690	74.909	143.27	393.88	447.18	123.19	22.963	1.0363e-05	0.034169
560.56	0.93233	471.12	0.0021226	49.475	49.757	98.374	397.28	490.75	305.05	0.74521	8.9006e-05	0.076388	0.0025384	41.246	0.024245	71.767	74.983	143.38	394.04	447.68	123.02	22.985	1.0374e-05	0.034213
560.81	0.93584	470.71	0.0021245	49.593	49.875	98.584	397.41	491.09	304.10	0.75169	8.8818e-05	0.076356	0.0025243	41.438	0.024133	71.843	75.057	143.49	394.20	448.18	122.86	23.007	1.0386e-05	0.034258
561.05	0.93934	470.30	0.0021263	49.710	49.994	98.793	397.54	491.42	303.14	0.75821	8.8631e-05	0.076324	0.0025104	41.630	0.024021	71.919	75.130	143.59	394.37	448.68	122.69	23.030	1.0397e-05	0.034302
561.29	0.94285	469.89	0.0021282	49.827	50.112	99.002	397.67	491.76	302.19	0.76478	8.8444e-05	0.076293	0.0024965	41.822	0.023911	71.995	75.203	143.70	394.53	449.19	122.53	23.052	1.0409e-05	0.034346
561.54	0.94635	469.48	0.0021300	49.944	50.230	99.211	397.80	492.10	301.24	0.77139	8.8258e-05	0.076262	0.0024826	42.015	0.023801	72.071	75.276	143.81	394.69	449.70	122.36	23.075	1.0420e-05	0.034391
561.78	0.94986	469.07	0.0021319	50.060	50.348	99.419	397.92	492.45	300.29	0.77804	8.8073e-05	0.076230	0.0024688	42.208	0.023692	72.146	75.348	143.92	394.86	450.21	122.20	23.099	1.0432e-05	0.034436
562.02	0.95336	468.67	0.0021337	50.176	50.466	99.626	398.05	492.79	299.35	0.78474	8.7888e-05	0.076199	0.0024551	42.402	0.023584	72.221	75.420	144.03	395.02	450.72	122.03	23.122	1.0444e-05	0.034480
562.26	0.95687	468.26	0.0021356	50.292	50.583	99.832	398.18	493.13	298.40	0.79147	8.7703e-05	0.076168	0.0024414	42.596	0.023476	72.296	75.492	144.13	395.18	451.23	121.87	23.146	1.0456e-05	0.034525
562.50	0.96037	467.85	0.0021374	50.408	50.700	100.04	398.30	493.47	297.46	0.79826	8.7519e-05	0.076137	0.0024278	42.791	0.023370	72.371	75.564	144.24	395.34	451.75	121.70	23.169	1.0467e-05	0.034570
562.74	0.96388	467.44	0.0021393	50.523	50.817	100.24	398.43	493.82	296.52	0.80508	8.7336e-05	0.076107	0.0024143	42.986	0.023264	72.445	75.635	144.35	395.50	452.27	121.53	23.193	1.0479e-05	0.034615
562.98	0.96738	467.03	0.0021412	50.638	50.933	100.45	398.56	494.17	295.58	0.81195	8.7153e-05	0.076076	0.0024007	43.181	0.023158	72.519	75.706	144.45	395.66	452.79	121.37	23.218	1.0491e-05	0.034660
563.22	0.97089	466.62	0.0021430	50.753	51.049	100.65	398.68	494.51	294.64	0.81887	8.6971e-05	0.076046	0.0023873	43.377	0.023054	72.593	75.777	144.56	395.82	453.31	121.20	23.242	1.0503e-05	0.034705
563.45	0.97439	466.22	0.0021449	50.868	51.165	100.86	398.81	494.86	293.71	0.82583	8.6789e-05	0.076015	0.0023739	43.574	0.022950	72.666	75.848	144.66	395.98	453.84	121.03	23.267	1.0515e-05	0.034751
563.69	0.97790	465.81	0.0021468	50.982	51.281	101.06	398.93	495.21	292.78	0.83284	8.6608e-05	0.075985	0.0023605	43.771	0.022846	72.739	75.918	144.77	396.14	454.37	120.87	23.292	1.0527e-05	0.034796
563.93	0.98140	465.40	0.0021487	51.096	51.396	101.26	399.06	495.56	291.85	0.83989	8.6428e-05	0.075955	0.0023473	43.968	0.022744	72.812	75.988	144.87	396.30	454.90	120.70	23.317	1.0539e-05	0.034842
564.16	0.98491	464.99	0.0021506	51.210	51.511	101.47	399.18	495.91	290.92	0.84700	8.6248e-05	0.075925	0.0023340	44.166	0.022642	72.885	76.058	144.98	396.46	455.43	120.53	23.342	1.0551e-05	0.034887
564.40	0.98841	464.59	0.0021525	51.323	51.626	101.67	399.31	496.27	289.99	0.85415	8.6068e-05	0.075895	0.0023208	44.364	0.022541	72.958	76.128	145.08	396.62	455.97	120.36	23.367	1.0563e-05	0.034933
564.63	0.99192	464.18	0.0021543	51.437	51.741	101.87	399.43	496.62	289.07	0.86134	8.5889e-05	0.075865	0.0023077	44.563	0.022440	73.030	76.197	145.18	396.78	456.51	120.19	23.393	1.0575e-05	0.034979
564.86	0.99542	463.77	0.0021562	51.550	51.855	102.07	399.56	496.98	288.15	0.86859	8.5711e-05	0.075836	0.0022946	44.762	0.022340	73.102	76.266	145.28	396.94	457.05	120.03	23.419	1.0587e-05	0.035025
565.10	0.99893	463.36	0.0021581	51.662	51.969	102.27	399.68	497.33	287.23	0.87588	8.5533e-05	0.075806	0.0022816	44.962	0.022241	73.174	76.335	145.39	397.09	457.59	119.86	23.445	1.0599e-05	0.035071
565.33	1.0024	462.95	0.0021600	51.775	52.083	102.47	399.80	497.69	286.31	0.88323	8.5355e-05	0.075777	0.0022686	45.162	0.022142	73.245	76.403	145.49	397.25	458.14	119.69	23.471	1.0611e-05	0.035117
565.56	1.0059	462.55	0.0021619	51.887	52.197	102.67	399.93	498.05	285.39	0.89062	8.5178e-05	0.075747	0.0022557	45.363	0.022044	73.317	76.472	145.59	397.41	458.69	119.52	23.498	1.0623e-05	0.035164
565.79	1.0094	462.14	0.0021639	51.999	52.310	102.87	400.05	498.41	284.47	0.89807	8.5002e-05	0.075718	0.0022429	45.564	0.021947	73.388	76.540	145.69	397.57	459.24	119.35	23.524	1.0636e-05	0.035210
566.02	1.0129	461.73	0.0021658	52.111	52.423	103.06	400.17	498.77	283.56	0.90556	8.4826e-05	0.075689	0.0022301	45.766	0.021850	73.459	76.608	145.79	397.72	459.80	119.18	23.551	1.0648e-05	0.035257
566.25	1.0165	461.32	0.0021677	52.223	52.536	103.26	400.30	499.13	282.65	0.91311	8.4650e-05	0.075660	0.0022173	45.968	0.021754	73.529	76.675	145.89	397.88	460.36	119.01	23.579	1.0660e-05	0.035303
566.48	1.0200	460.92	0.0021696	52.334	52.649	103.46	400.42	499.49	281.74	0.92071	8.4475e-05	0.075631	0.0022046	46.171	0.021659	73.599	76.743	145.99	398.04	460.92	118.84	23.606	1.0673e-05	0.035350
566.71	1.0235	460.51	0.0021715	52.445	52.761	103.66	400.54	499.86	280.83	0.92836	8.4301e-05	0.075603	0.0021919	46.374	0.021564	73.669	76.810	146.09	398.19	461.48	118.67	23.633	1.0685e-05	0.035397
566.93	1.0270	460.10	0.0021734	52.556	52.873	103.85	400.66	500.23	279.92	0.93606	8.4127e-05	0.075574	0.0021793	46.578	0.021469	73.739	76.876	146.19	398.35	462.05	118.50	23.661	1.0698e-05	0.035444
567.16	1.0305	459.69	0.0021754	52.666	52.985	104.05	400.78	500.59	279.02	0.94382	8.3953e-05	0.075545	0.0021667	46.782	0.021376	73.809	76.943	146.29	398.50	462.62	118.33	23.689	1.0710e-05	0.035491
567.39	1.0340	459.28	0.0021773	52.777	53.097	104.24	400.91	500.96	278.12	0.95163	8.3780e-05	0.075517	0.0021542	46.987	0.021282	73.878	77.009	146.39	398.66	463.20	118.16	23.717	1.0723e-05	0.035539
567.61	1.0375	458.88	0.0021792	52.887	53.208	104.44	401.03	501.33	277.22	0.95950	8.3607e-05	0.075489	0.0021418	47.192	0.021190	73.947	77.075	146.48	398.81	463.77	117.99	23.746	1.0735e-05	0.035586
567.84	1.0410	458.47	0.0021812	52.997	53.320	104.63	401.15	501.70	276.32	0.96742	8.3435e-05	0.075461	0.0021294	47.398	0.021098	74.016	77.141	146.58	398.97	464.35	117.82	23.775	1.0748e-05	0.035634
568.06	1.0445	458.06	0.0021831	53.106	53.431	104.82	401.27	502.08	275.42	0.97539	8.3263e-05	0.075433	0.0021170	47.604	0.021006	74.085	77.207	146.68	399.12	464.94	117.65	23.803	1.0761e-05	0.035681
568.29	1.0480	457.65	0.0021851	53.216	53.541	105.02	401.39	502.45	274.52	0.98343	8.3092e-05	0.075405	0.0021047	47.811	0.020916	74.154	77.272	146.78	399.27	465.52	117.48	23.832	1.0774e-05	0.035729
568.51	1.0515	457.24	0.0021870	53.325	53.652	105.21	401.51	502.83	273.63	0.99152	8.2921e-05	0.075377	0.0020924	48.019	0.020825	74.222	77.337	146.87	399.43	466.12	117.31	23.862	1.0786e-05	0.035777
568.73	1.0550	456.83	0.0021890	53.434	53.762	105.40	401.63	503.20	272.74	0.99967	8.2751e-05	0.075349	0.0020802	48.227	0.020735	74.290	77.402	146.97	399.58	466.71	117.13	23.891	1.0799e-05	0.035825
568.95	1.0585	456.43	0.0021909	53.542	53.872	105.59	401.75	503.58	271.85	1.0079	8.2581e-05	0.075322	0.0020680	48.435	0.020646	74.357	77.467	147.06	399.73	467.31	116.96	23.921	1.0812e-05	0.035874
569.18	1.0620	456.02	0.0021929	53.651	53.982	105.78	401.87	503.96	270.96	1.0161	8.2411e-05	0.075294	0.0020559	48.644	0.020557	74.425	77.531	147.16	399.89	467.91	116.79	23.951	1.0825e-05	0.035922
569.40	1.0655	455.61	0.0021949	53.759	54.092	105.97	401.99	504.35	270.07	1.0245	8.2242e-05	0.075267	0.0020438	48.854	0.020469	74.492	77.595	147.25	400.04	468.51	116.62	23.981	1.0838e-05	0.035971
569.62	1.0690	455.20	0.0021968	53.867	54.201	106.17	402.10	504.73	269.18	1.0328	8.2074e-05	0.075239	0.0020318	49.064	0.020382	74.559	77.659	147.35	400.19	469.12	116.45	24.011	1.0851e-05	0.036019
569.84	1.0725	454.79	0.0021988	53.975	54.311	106.35	402.22	505.11	268.30	1.0413	8.1905e-05	0.075212	0.0020198	49.274	0.020294	74.626	77.723	147.44	400.34	469.73	116.27	24.042	1.0864e-05	0.036068
570.06	1.0760	454.38	0.0022008	54.083	54.420	106.54	402.34	505.50	267.42	1.0498	8.1737e-05	0.075185	0.0020079	49.486	0.020208	74.693	77.787	147.53	400.49	470.34	116.10	24.073	1.0877e-05	0.036117
570.28	1.0795	453.97	0.0022028	54.190	54.528	106.73	402.46	505.89	266.54	1.0584	8.1570e-05	0.075158	0.0019960	49.697	0.020122	74.759	77.850	147.63	400.65	470.96	115.93	24.104	1.0890e-05	0.036166
570.49	1.0830	453.56	0.0022048	54.297	54.637	106.92	402.58	506.28	265.66	1.0670	8.1403e-05	0.075131	0.0019842	49.910	0.020036	74.825	77.913	147.72	400.80	471.58	115.75	24.135	1.0904e-05	0.036216
570.71	1.0866	453.16	0.0022068	54.404	54.745	107.11	402.70	506.67	264.78	1.0757	8.1236e-05	0.075105	0.0019724	50.123	0.019951	74.891	77.976	147.81	400.95	472.21	115.58	24.166	1.0917e-05	0.036265
570.93	1.0901	452.75	0.0022087	54.511	54.853	107.30	402.81	507.06	263.90	1.0844	8.1070e-05	0.075078	0.0019606	50.336	0.019866	74.957	78.038	147.91	401.10	472.84	115.41	24.198	1.0930e-05	0.036315
571.15	1.0936	452.34	0.0022107	54.617	54.961	107.48	402.93	507.46	263.03	1.0933	8.0904e-05	0.075051	0.0019489	50.550	0.019782	75.022	78.100	148.00	401.25	473.47	115.23	24.230	1.0943e-05	0.036364
571.36	1.0971	451.93	0.0022127	54.724	55.069	107.67	403.05	507.86	262.15	1.1021	8.0739e-05	0.075025	0.0019373	50.765	0.019699	75.088	78.163	148.09	401.40	474.11	115.06	24.262	1.0957e-05	0.036414
571.58	1.1006	451.52	0.0022148	54.830	55.176	107.86	403.17	508.25	261.28	1.1111	8.0574e-05	0.074999	0.0019256	50.980	0.019616	75.153	78.224	148.18	401.55	474.75	114.88	24.294	1.0970e-05	0.036464
571.79	1.1041	451.11	0.0022168	54.936	55.284	108.04	403.28	508.65	260.41	1.1201	8.0409e-05	0.074972	0.0019141	51.196	0.019533	75.218	78.286	148.27	401.70	475.40	114.71	24.327	1.0984e-05	0.036515
572.01	1.1076	450.70	0.0022188	55.041	55.391	108.23	403.40	509.06	259.54	1.1292	8.0245e-05	0.074946	0.0019025	51.412	0.019451	75.282	78.347	148.36	401.85	476.05	114.53	24.360	1.0997e-05	0.036565
572.22	1.1111	450.29	0.0022208	55.147	55.498	108.41	403.52	509.46	258.68	1.1384	8.0081e-05	0.074920	0.0018911	51.629	0.019369	75.347	78.409	148.45	402.00	476.70	114.36	24.393	1.1011e-05	0.036616
572.43	1.1146	449.88	0.0022228	55.252	55.604	108.60	403.63	509.86	257.81	1.1476	7.9918e-05	0.074894	0.0018796	51.846	0.019288	75.411	78.470	148.54	402.15	477.36	114.18	24.426	1.1025e-05	0.036667
572.65	1.1181	449.46	0.0022249	55.357	55.711	108.78	403.75	510.27	256.95	1.1569	7.9755e-05	0.074868	0.0018682	52.064	0.019207	75.475	78.530	148.63	402.30	478.02	114.01	24.459	1.1038e-05	0.036718
572.86	1.1216	449.05	0.0022269	55.462	55.817	108.96	403.86	510.68	256.09	1.1662	7.9592e-05	0.074843	0.0018569	52.283	0.019127	75.539	78.591	148.72	402.44	478.69	113.83	24.493	1.1052e-05	0.036769
573.07	1.1251	448.64	0.0022289	55.566	55.923	109.15	403.98	511.09	255.22	1.1757	7.9429e-05	0.074817	0.0018456	52.503	0.019047	75.602	78.651	148.81	402.59	479.36	113.66	24.527	1.1066e-05	0.036820
573.28	1.1286	448.23	0.0022310	55.671	56.029	109.33	404.10	511.51	254.36	1.1852	7.9267e-05	0.074791	0.0018343	52.722	0.018967	75.665	78.711	148.90	402.74	480.04	113.48	24.561	1.1080e-05	0.036871
573.49	1.1321	447.82	0.0022330	55.775	56.135	109.51	404.21	511.92	253.51	1.1947	7.9106e-05	0.074766	0.0018231	52.943	0.018888	75.728	78.771	148.98	402.89	480.72	113.31	24.595	1.1094e-05	0.036923
573.70	1.1356	447.41	0.0022351	55.879	56.240	109.70	404.33	512.34	252.65	1.2044	7.8944e-05	0.074741	0.0018119	53.164	0.018810	75.791	78.831	149.07	403.04	481.40	113.13	24.630	1.1108e-05	0.036975
573.91	1.1391	447.00	0.0022372	55.983	56.346	109.88	404.44	512.76	251.80	1.2141	7.8784e-05	0.074715	0.0018008	53.386	0.018732	75.854	78.890	149.16	403.19	482.09	112.95	24.665	1.1122e-05	0.037027
574.12	1.1426	446.58	0.0022392	56.087	56.451	110.06	404.56	513.18	250.94	1.2239	7.8623e-05	0.074690	0.0017897	53.608	0.018654	75.916	78.949	149.25	403.33	482.79	112.78	24.700	1.1136e-05	0.037079
574.33	1.1461	446.17	0.0022413	56.190	56.556	110.24	404.67	513.60	250.09	1.2338	7.8463e-05	0.074665	0.0017787	53.831	0.018577	75.979	79.008	149.33	403.48	483.48	112.60	24.735	1.1150e-05	0.037132
574.54	1.1496	445.76	0.0022434	56.293	56.660	110.42	404.78	514.03	249.24	1.2437	7.8303e-05	0.074640	0.0017677	54.055	0.018500	76.041	79.067	149.42	403.63	484.19	112.42	24.771	1.1164e-05	0.037184
574.75	1.1531	445.35	0.0022454	56.396	56.765	110.60	404.90	514.45	248.39	1.2538	7.8143e-05	0.074616	0.0017567	54.279	0.018423	76.103	79.125	149.50	403.77	484.90	112.25	24.806	1.1178e-05	0.037237
574.95	1.1567	444.93	0.0022475	56.499	56.869	110.78	405.01	514.88	247.54	1.2639	7.7984e-05	0.074591	0.0017458	54.504	0.018347	76.164	79.184	149.59	403.92	485.61	112.07	24.842	1.1193e-05	0.037290
575.16	1.1602	444.52	0.0022496	56.602	56.973	110.96	405.13	515.32	246.70	1.2740	7.7825e-05	0.074566	0.0017349	54.730	0.018272	76.226	79.242	149.67	404.07	486.33	111.89	24.878	1.1207e-05	0.037343
575.37	1.1637	444.11	0.0022517	56.704	57.077	111.14	405.24	515.75	245.85	1.2843	7.7667e-05	0.074542	0.0017241	54.956	0.018196	76.287	79.299	149.76	404.21	487.05	111.71	24.915	1.1221e-05	0.037397
575.57	1.1672	443.69	0.0022538	56.807	57.181	111.31	405.35	516.19	245.01	1.2947	7.7508e-05	0.074517	0.0017133	55.183	0.018121	76.348	79.357	149.84	404.36	487.78	111.54	24.951	1.1236e-05	0.037450
575.78	1.1707	443.28	0.0022559	56.909	57.285	111.49	405.47	516.62	244.17	1.3051	7.7350e-05	0.074493	0.0017025	55.411	0.018047	76.409	79.415	149.93	404.51	488.51	111.36	24.988	1.1250e-05	0.037504
575.98	1.1742	442.86	0.0022580	57.011	57.388	111.67	405.58	517.07	243.32	1.3156	7.7193e-05	0.074469	0.0016918	55.639	0.017973	76.469	79.472	150.01	404.65	489.25	111.18	25.025	1.1265e-05	0.037558
576.19	1.1777	442.45	0.0022601	57.112	57.491	111.85	405.69	517.51	242.48	1.3262	7.7036e-05	0.074444	0.0016811	55.868	0.017899	76.529	79.529	150.09	404.80	489.99	111.00	25.063	1.1280e-05	0.037612
576.39	1.1812	442.04	0.0022623	57.214	57.594	112.02	405.81	517.95	241.65	1.3369	7.6879e-05	0.074420	0.0016705	56.097	0.017826	76.590	79.585	150.18	404.94	490.74	110.82	25.100	1.1294e-05	0.037667
576.59	1.1847	441.62	0.0022644	57.315	57.697	112.20	405.92	518.40	240.81	1.3476	7.6722e-05	0.074396	0.0016599	56.328	0.017753	76.650	79.642	150.26	405.09	491.50	110.64	25.138	1.1309e-05	0.037721
576.79	1.1882	441.20	0.0022665	57.417	57.800	112.38	406.03	518.85	239.97	1.3585	7.6566e-05	0.074373	0.0016494	56.559	0.017681	76.709	79.698	150.34	405.23	492.26	110.46	25.176	1.1324e-05	0.037776
577.00	1.1917	440.79	0.0022687	57.518	57.902	112.55	406.15	519.31	239.14	1.3694	7.6410e-05	0.074349	0.0016389	56.790	0.017609	76.769	79.754	150.42	405.38	493.02	110.28	25.214	1.1339e-05	0.037831
577.20	1.1952	440.37	0.0022708	57.618	58.005	112.73	406.26	519.76	238.31	1.3804	7.6254e-05	0.074325	0.0016284	57.022	0.017537	76.828	79.810	150.51	405.52	493.80	110.10	25.253	1.1354e-05	0.037886
577.40	1.1987	439.96	0.0022730	57.719	58.107	112.90	406.37	520.22	237.48	1.3916	7.6099e-05	0.074301	0.0016180	57.255	0.017466	76.887	79.866	150.59	405.67	494.57	109.92	25.292	1.1369e-05	0.037942
577.60	1.2022	439.54	0.0022751	57.819	58.209	113.08	406.48	520.68	236.65	1.4028	7.5943e-05	0.074278	0.0016076	57.489	0.017395	76.946	79.922	150.67	405.81	495.36	109.74	25.331	1.1384e-05	0.037998
577.80	1.2057	439.12	0.0022773	57.920	58.310	113.25	406.59	521.14	235.82	1.4141	7.5789e-05	0.074255	0.0015972	57.724	0.017324	77.005	79.977	150.75	405.95	496.15	109.56	25.370	1.1399e-05	0.038053
578.00	1.2092	438.71	0.0022794	58.020	58.412	113.43	406.71	521.61	234.99	1.4255	7.5634e-05	0.074231	0.0015869	57.959	0.017254	77.063	80.032	150.83	406.10	496.94	109.38	25.409	1.1414e-05	0.038110
578.20	1.2127	438.29	0.0022816	58.120	58.513	113.60	406.82	522.08	234.16	1.4369	7.5480e-05	0.074208	0.0015766	58.195	0.017184	77.122	80.087	150.91	406.24	497.74	109.20	25.449	1.1430e-05	0.038166
578.40	1.2162	437.87	0.0022838	58.220	58.615	113.77	406.93	522.55	233.34	1.4485	7.5326e-05	0.074185	0.0015664	58.431	0.017114	77.180	80.141	150.99	406.39	498.55	109.02	25.489	1.1445e-05	0.038223
578.60	1.2197	437.45	0.0022860	58.319	58.716	113.94	407.04	523.02	232.52	1.4602	7.5172e-05	0.074162	0.0015562	58.668	0.017045	77.238	80.196	151.07	406.53	499.36	108.84	25.529	1.1460e-05	0.038280
578.80	1.2232	437.03	0.0022882	58.419	58.817	114.12	407.15	523.50	231.69	1.4720	7.5019e-05	0.074139	0.0015460	58.906	0.016976	77.295	80.250	151.15	406.67	500.18	108.66	25.570	1.1476e-05	0.038337
578.99	1.2268	436.61	0.0022904	58.518	58.918	114.29	407.26	523.98	230.87	1.4838	7.4866e-05	0.074116	0.0015359	59.145	0.016908	77.353	80.304	151.23	406.82	501.01	108.48	25.610	1.1492e-05	0.038394
579.19	1.2303	436.19	0.0022926	58.617	59.018	114.46	407.37	524.46	230.05	1.4958	7.4713e-05	0.074094	0.0015258	59.385	0.016839	77.410	80.358	151.31	406.96	501.84	108.30	25.651	1.1507e-05	0.038452
579.39	1.2338	435.77	0.0022948	58.716	59.119	114.63	407.49	524.95	229.23	1.5079	7.4560e-05	0.074071	0.0015158	59.625	0.016771	77.467	80.411	151.38	407.10	502.68	108.12	25.692	1.1523e-05	0.038509
579.58	1.2373	435.35	0.0022970	58.815	59.219	114.80	407.60	525.43	228.42	1.5201	7.4408e-05	0.074048	0.0015058	59.866	0.016704	77.524	80.465	151.46	407.24	503.53	107.93	25.734	1.1539e-05	0.038568
579.78	1.2408	434.93	0.0022992	58.913	59.319	114.97	407.71	525.93	227.60	1.5323	7.4256e-05	0.074026	0.0014958	60.108	0.016637	77.581	80.518	151.54	407.39	504.38	107.75	25.775	1.1554e-05	0.038626
579.97	1.2443	434.51	0.0023014	59.011	59.419	115.14	407.82	526.42	226.79	1.5447	7.4104e-05	0.074004	0.0014859	60.350	0.016570	77.637	80.571	151.62	407.53	505.24	107.57	25.817	1.1570e-05	0.038684
580.17	1.2478	434.09	0.0023037	59.110	59.519	115.31	407.93	526.92	225.97	1.5572	7.3953e-05	0.073981	0.0014760	60.594	0.016503	77.694	80.624	151.69	407.67	506.11	107.39	25.859	1.1586e-05	0.038743
580.36	1.2513	433.67	0.0023059	59.208	59.618	115.48	408.04	527.42	225.16	1.5698	7.3801e-05	0.073959	0.0014661	60.838	0.016437	77.750	80.676	151.77	407.81	506.99	107.20	25.902	1.1602e-05	0.038802
580.56	1.2548	433.25	0.0023082	59.306	59.718	115.65	408.15	527.92	224.35	1.5825	7.3650e-05	0.073937	0.0014563	61.082	0.016371	77.806	80.729	151.84	407.96	507.87	107.02	25.944	1.1618e-05	0.038862
580.75	1.2583	432.82	0.0023104	59.403	59.817	115.82	408.26	528.43	223.54	1.5953	7.3500e-05	0.073915	0.0014465	61.328	0.016306	77.861	80.781	151.92	408.10	508.76	106.84	25.987	1.1635e-05	0.038921
580.94	1.2618	432.40	0.0023127	59.501	59.916	115.99	408.37	528.94	222.73	1.6082	7.3349e-05	0.073893	0.0014368	61.575	0.016240	77.917	80.833	152.00	408.24	509.65	106.65	26.030	1.1651e-05	0.038981
581.14	1.2653	431.98	0.0023149	59.598	60.015	116.16	408.48	529.45	221.92	1.6213	7.3199e-05	0.073872	0.0014271	61.822	0.016176	77.972	80.884	152.07	408.38	510.56	106.47	26.074	1.1667e-05	0.039042
581.33	1.2688	431.55	0.0023172	59.696	60.114	116.33	408.59	529.97	221.12	1.6344	7.3049e-05	0.073850	0.0014174	62.070	0.016111	78.027	80.936	152.15	408.52	511.47	106.29	26.117	1.1684e-05	0.039102
581.52	1.2723	431.13	0.0023195	59.793	60.213	116.50	408.70	530.49	220.31	1.6477	7.2899e-05	0.073828	0.0014077	62.319	0.016047	78.082	80.987	152.22	408.66	512.39	106.10	26.161	1.1700e-05	0.039163
581.71	1.2758	430.70	0.0023218	59.890	60.311	116.66	408.81	531.01	219.51	1.6610	7.2750e-05	0.073807	0.0013981	62.568	0.015983	78.137	81.038	152.29	408.80	513.31	105.92	26.205	1.1717e-05	0.039224
581.90	1.2793	430.28	0.0023241	59.986	60.410	116.83	408.92	531.54	218.70	1.6745	7.2600e-05	0.073785	0.0013886	62.819	0.015919	78.192	81.089	152.37	408.95	514.25	105.74	26.250	1.1733e-05	0.039285
582.09	1.2828	429.85	0.0023264	60.083	60.508	117.00	409.03	532.07	217.90	1.6881	7.2451e-05	0.073764	0.0013791	63.070	0.015855	78.246	81.140	152.44	409.09	515.19	105.55	26.295	1.1750e-05	0.039346
582.28	1.2863	429.43	0.0023287	60.180	60.606	117.16	409.14	532.60	217.10	1.7019	7.2302e-05	0.073743	0.0013696	63.322	0.015792	78.300	81.190	152.51	409.23	516.14	105.37	26.339	1.1767e-05	0.039408
582.47	1.2898	429.00	0.0023310	60.276	60.704	117.33	409.25	533.14	216.30	1.7157	7.2154e-05	0.073722	0.0013601	63.575	0.015729	78.354	81.241	152.59	409.37	517.10	105.18	26.385	1.1784e-05	0.039470
582.66	1.2933	428.57	0.0023333	60.372	60.801	117.50	409.35	533.68	215.50	1.7297	7.2006e-05	0.073701	0.0013507	63.829	0.015667	78.408	81.291	152.66	409.51	518.07	105.00	26.430	1.1801e-05	0.039533
582.85	1.2969	428.15	0.0023357	60.468	60.899	117.66	409.46	534.23	214.71	1.7438	7.1857e-05	0.073680	0.0013413	64.084	0.015605	78.461	81.341	152.73	409.65	519.04	104.81	26.476	1.1818e-05	0.039596
583.04	1.3004	427.72	0.0023380	60.564	60.997	117.83	409.57	534.78	213.91	1.7581	7.1709e-05	0.073659	0.0013319	64.339	0.015543	78.515	81.390	152.80	409.79	520.03	104.63	26.522	1.1835e-05	0.039659
583.23	1.3039	427.29	0.0023403	60.660	61.094	117.99	409.68	535.33	213.11	1.7724	7.1562e-05	0.073638	0.0013226	64.596	0.015481	78.568	81.440	152.88	409.93	521.02	104.44	26.568	1.1852e-05	0.039722
583.42	1.3074	426.86	0.0023427	60.755	61.191	118.16	409.79	535.89	212.32	1.7869	7.1414e-05	0.073618	0.0013134	64.853	0.015419	78.621	81.489	152.95	410.07	522.03	104.25	26.614	1.1870e-05	0.039786
583.60	1.3109	426.43	0.0023451	60.851	61.288	118.32	409.90	536.45	211.53	1.8015	7.1267e-05	0.073597	0.0013041	65.111	0.015358	78.673	81.538	153.02	410.21	523.04	104.07	26.661	1.1887e-05	0.039850
583.79	1.3144	426.00	0.0023474	60.946	61.385	118.48	410.01	537.01	210.74	1.8163	7.1120e-05	0.073577	0.0012949	65.370	0.015297	78.726	81.587	153.09	410.35	524.06	103.88	26.708	1.1904e-05	0.039914
583.98	1.3179	425.57	0.0023498	61.041	61.482	118.65	410.12	537.58	209.95	1.8312	7.0973e-05	0.073556	0.0012857	65.630	0.015237	78.778	81.635	153.16	410.49	525.09	103.70	26.755	1.1922e-05	0.039978
584.16	1.3214	425.14	0.0023522	61.136	61.578	118.81	410.22	538.15	209.16	1.8462	7.0826e-05	0.073536	0.0012766	65.891	0.015177	78.831	81.684	153.23	410.63	526.13	103.51	26.803	1.1940e-05	0.040043
584.35	1.3249	424.71	0.0023546	61.231	61.675	118.97	410.33	538.73	208.37	1.8614	7.0680e-05	0.073516	0.0012675	66.153	0.015116	78.883	81.732	153.30	410.77	527.18	103.32	26.850	1.1957e-05	0.040108
584.53	1.3284	424.27	0.0023570	61.325	61.771	119.14	410.44	539.31	207.58	1.8767	7.0534e-05	0.073496	0.0012584	66.416	0.015057	78.934	81.780	153.37	410.91	528.24	103.14	26.898	1.1975e-05	0.040174
584.72	1.3319	423.84	0.0023594	61.420	61.867	119.30	410.55	539.90	206.80	1.8921	7.0388e-05	0.073476	0.0012494	66.679	0.014997	78.986	81.828	153.44	411.05	529.30	102.95	26.947	1.1993e-05	0.040240
584.90	1.3354	423.41	0.0023618	61.514	61.963	119.46	410.66	540.49	206.01	1.9077	7.0242e-05	0.073456	0.0012404	66.944	0.014938	79.037	81.876	153.51	411.19	530.38	102.76	26.995	1.2011e-05	0.040306
585.09	1.3389	422.97	0.0023642	61.609	62.059	119.62	410.76	541.08	205.23	1.9235	7.0096e-05	0.073436	0.0012314	67.209	0.014879	79.089	81.923	153.57	411.33	531.47	102.57	27.044	1.2029e-05	0.040372
585.27	1.3424	422.54	0.0023667	61.703	62.155	119.78	410.87	541.68	204.44	1.9394	6.9951e-05	0.073417	0.0012224	67.476	0.014820	79.140	81.970	153.64	411.47	532.57	102.39	27.093	1.2047e-05	0.040439
585.45	1.3459	422.10	0.0023691	61.797	62.250	119.95	410.98	542.29	203.66	1.9554	6.9805e-05	0.073397	0.0012135	67.743	0.014762	79.190	82.017	153.71	411.60	533.68	102.20	27.142	1.2066e-05	0.040506
585.64	1.3494	421.67	0.0023715	61.891	62.346	120.11	411.09	542.90	202.88	1.9716	6.9660e-05	0.073378	0.0012047	68.011	0.014703	79.241	82.064	153.78	411.74	534.80	102.01	27.192	1.2084e-05	0.040574
585.82	1.3529	421.23	0.0023740	61.984	62.441	120.27	411.20	543.51	202.10	1.9879	6.9515e-05	0.073358	0.0011958	68.281	0.014645	79.292	82.111	153.84	411.88	535.93	101.82	27.242	1.2102e-05	0.040642
586.00	1.3564	420.79	0.0023765	62.078	62.536	120.43	411.30	544.13	201.32	2.0044	6.9370e-05	0.073339	0.0011870	68.551	0.014588	79.342	82.157	153.91	412.02	537.08	101.63	27.292	1.2121e-05	0.040710
586.18	1.3599	420.36	0.0023789	62.171	62.631	120.59	411.41	544.75	200.54	2.0211	6.9226e-05	0.073320	0.0011783	68.822	0.014530	79.392	82.203	153.98	412.16	538.23	101.44	27.342	1.2140e-05	0.040779
586.36	1.3634	419.92	0.0023814	62.264	62.726	120.75	411.52	545.38	199.77	2.0379	6.9081e-05	0.073301	0.0011695	69.095	0.014473	79.442	82.249	154.04	412.30	539.40	101.26	27.393	1.2158e-05	0.040848
586.55	1.3670	419.48	0.0023839	62.358	62.821	120.91	411.63	546.01	198.99	2.0549	6.8937e-05	0.073282	0.0011608	69.368	0.014416	79.491	82.295	154.11	412.44	540.57	101.07	27.444	1.2177e-05	0.040917
586.73	1.3705	419.04	0.0023864	62.451	62.916	121.07	411.73	546.65	198.22	2.0721	6.8793e-05	0.073263	0.0011522	69.642	0.014359	79.541	82.341	154.17	412.58	541.76	100.88	27.495	1.2196e-05	0.040987
586.91	1.3740	418.60	0.0023889	62.543	63.010	121.23	411.84	547.29	197.44	2.0894	6.8649e-05	0.073245	0.0011435	69.917	0.014303	79.590	82.386	154.24	412.71	542.96	100.69	27.547	1.2215e-05	0.041057
587.09	1.3775	418.16	0.0023914	62.636	63.105	121.39	411.95	547.94	196.67	2.1069	6.8505e-05	0.073226	0.0011349	70.194	0.014246	79.639	82.431	154.30	412.85	544.17	100.50	27.598	1.2234e-05	0.041127
587.27	1.3810	417.71	0.0023940	62.729	63.199	121.54	412.06	548.60	195.90	2.1245	6.8362e-05	0.073207	0.0011263	70.471	0.014190	79.688	82.476	154.37	412.99	545.40	100.31	27.650	1.2253e-05	0.041198
587.44	1.3845	417.27	0.0023965	62.821	63.293	121.70	412.16	549.26	195.13	2.1424	6.8218e-05	0.073189	0.0011178	70.750	0.014134	79.737	82.521	154.43	413.13	546.64	100.12	27.703	1.2273e-05	0.041269
587.62	1.3880	416.83	0.0023991	62.914	63.387	121.86	412.27	549.92	194.36	2.1604	6.8075e-05	0.073171	0.0011093	71.029	0.014079	79.785	82.566	154.50	413.27	547.89	99.929	27.755	1.2292e-05	0.041341
587.80	1.3915	416.39	0.0024016	63.006	63.481	122.02	412.38	550.59	193.59	2.1786	6.7932e-05	0.073152	0.0011008	71.310	0.014023	79.834	82.610	154.56	413.41	549.15	99.739	27.808	1.2312e-05	0.041413
587.98	1.3950	415.94	0.0024042	63.098	63.575	122.18	412.49	551.27	192.82	2.1969	6.7789e-05	0.073134	0.0010924	71.591	0.013968	79.882	82.654	154.62	413.54	550.42	99.548	27.861	1.2332e-05	0.041485
588.16	1.3985	415.50	0.0024068	63.190	63.669	122.33	412.59	551.95	192.05	2.2155	6.7646e-05	0.073116	0.0010840	71.874	0.013913	79.930	82.698	154.69	413.68	551.71	99.358	27.915	1.2351e-05	0.041558
588.33	1.4020	415.05	0.0024093	63.282	63.762	122.49	412.70	552.64	191.29	2.2342	6.7504e-05	0.073099	0.0010756	72.158	0.013859	79.977	82.742	154.75	413.82	553.02	99.167	27.968	1.2371e-05	0.041631
588.51	1.4055	414.60	0.0024119	63.373	63.856	122.65	412.81	553.34	190.52	2.2532	6.7361e-05	0.073081	0.0010672	72.443	0.013804	80.025	82.786	154.81	413.96	554.33	98.976	28.022	1.2391e-05	0.041704
588.69	1.4090	414.16	0.0024145	63.465	63.949	122.80	412.91	554.04	189.76	2.2723	6.7219e-05	0.073063	0.0010589	72.728	0.013750	80.072	82.829	154.87	414.10	555.66	98.785	28.076	1.2411e-05	0.041778
588.86	1.4125	413.71	0.0024172	63.556	64.042	122.96	413.02	554.74	188.99	2.2916	6.7077e-05	0.073046	0.0010506	73.016	0.013696	80.120	82.872	154.94	414.23	557.01	98.593	28.131	1.2431e-05	0.041853
589.04	1.4160	413.26	0.0024198	63.648	64.135	123.11	413.13	555.46	188.23	2.3111	6.6934e-05	0.073028	0.0010424	73.304	0.013642	80.167	82.915	155.00	414.37	558.37	98.402	28.186	1.2452e-05	0.041927
589.21	1.4195	412.81	0.0024224	63.739	64.228	123.27	413.24	556.18	187.47	2.3308	6.6792e-05	0.073011	0.0010342	73.593	0.013588	80.213	82.958	155.06	414.51	559.74	98.210	28.241	1.2472e-05	0.042003
589.39	1.4230	412.36	0.0024251	63.830	64.321	123.43	413.34	556.90	186.71	2.3508	6.6651e-05	0.072994	0.0010260	73.884	0.013535	80.260	83.000	155.12	414.65	561.13	98.018	28.296	1.2493e-05	0.042078
589.56	1.4265	411.91	0.0024277	63.921	64.414	123.58	413.45	557.64	185.95	2.3709	6.6509e-05	0.072977	0.0010178	74.175	0.013482	80.306	83.043	155.18	414.78	562.53	97.826	28.352	1.2513e-05	0.042154
589.74	1.4300	411.46	0.0024304	64.012	64.506	123.74	413.56	558.38	185.19	2.3912	6.6367e-05	0.072960	0.0010097	74.468	0.013429	80.352	83.085	155.24	414.92	563.95	97.634	28.408	1.2534e-05	0.042231
589.91	1.4335	411.00	0.0024331	64.103	64.599	123.89	413.66	559.12	184.43	2.4118	6.6226e-05	0.072943	0.0010016	74.762	0.013376	80.398	83.127	155.30	415.06	565.39	97.442	28.464	1.2555e-05	0.042308
590.09	1.4371	410.55	0.0024358	64.193	64.691	124.05	413.77	559.88	183.68	2.4325	6.6084e-05	0.072926	0.00099354	75.057	0.013323	80.444	83.168	155.36	415.20	566.84	97.249	28.520	1.2576e-05	0.042385
590.26	1.4406	410.09	0.0024385	64.284	64.783	124.20	413.88	560.64	182.92	2.4535	6.5943e-05	0.072909	0.00098551	75.354	0.013271	80.490	83.210	155.42	415.33	568.30	97.056	28.577	1.2597e-05	0.042463
590.43	1.4441	409.64	0.0024412	64.374	64.876	124.35	413.98	561.41	182.17	2.4747	6.5802e-05	0.072893	0.00097751	75.652	0.013219	80.535	83.251	155.48	415.47	569.79	96.863	28.634	1.2619e-05	0.042541
590.60	1.4476	409.18	0.0024439	64.464	64.968	124.51	414.09	562.18	181.41	2.4962	6.5661e-05	0.072876	0.00096954	75.950	0.013166	80.581	83.292	155.53	415.61	571.29	96.670	28.691	1.2640e-05	0.042620
590.78	1.4511	408.73	0.0024466	64.554	65.060	124.66	414.20	562.96	180.66	2.5178	6.5520e-05	0.072860	0.00096160	76.250	0.013115	80.626	83.333	155.59	415.75	572.81	96.477	28.749	1.2661e-05	0.042699
590.95	1.4546	408.27	0.0024494	64.644	65.151	124.81	414.31	563.76	179.91	2.5397	6.5379e-05	0.072844	0.00095369	76.552	0.013063	80.670	83.374	155.65	415.88	574.34	96.284	28.807	1.2683e-05	0.042779
591.12	1.4581	407.81	0.0024521	64.734	65.243	124.97	414.41	564.55	179.16	2.5619	6.5239e-05	0.072828	0.00094581	76.854	0.013012	80.715	83.414	155.71	416.02	575.89	96.090	28.865	1.2705e-05	0.042859
591.29	1.4616	407.35	0.0024549	64.824	65.335	125.12	414.52	565.36	178.40	2.5842	6.5098e-05	0.072812	0.00093796	77.158	0.012960	80.760	83.455	155.77	416.16	577.46	95.896	28.923	1.2727e-05	0.042940
591.46	1.4651	406.89	0.0024577	64.914	65.426	125.27	414.63	566.17	177.66	2.6068	6.4958e-05	0.072796	0.00093015	77.463	0.012909	80.804	83.495	155.82	416.29	579.05	95.702	28.982	1.2749e-05	0.043021
591.63	1.4686	406.43	0.0024605	65.003	65.517	125.43	414.73	567.00	176.91	2.6297	6.4817e-05	0.072781	0.00092236	77.770	0.012858	80.848	83.535	155.88	416.43	580.66	95.508	29.041	1.2771e-05	0.043103
591.80	1.4721	405.96	0.0024633	65.093	65.609	125.58	414.84	567.83	176.16	2.6528	6.4677e-05	0.072765	0.00091460	78.078	0.012808	80.892	83.574	155.93	416.57	582.29	95.314	29.100	1.2793e-05	0.043185
591.97	1.4756	405.50	0.0024661	65.182	65.700	125.73	414.95	568.67	175.41	2.6762	6.4537e-05	0.072750	0.00090688	78.387	0.012757	80.935	83.614	155.99	416.71	583.93	95.119	29.159	1.2816e-05	0.043267
592.14	1.4791	405.04	0.0024689	65.271	65.791	125.88	415.05	569.52	174.66	2.6998	6.4397e-05	0.072735	0.00089918	78.697	0.012707	80.979	83.653	156.05	416.84	585.60	94.925	29.219	1.2838e-05	0.043350
592.31	1.4826	404.57	0.0024718	65.361	65.882	126.03	415.16	570.37	173.92	2.7237	6.4257e-05	0.072720	0.00089151	79.009	0.012657	81.022	83.692	156.10	416.98	587.28	94.730	29.279	1.2861e-05	0.043434
592.48	1.4861	404.10	0.0024746	65.450	65.973	126.18	415.27	571.24	173.17	2.7479	6.4117e-05	0.072705	0.00088388	79.322	0.012607	81.065	83.731	156.16	417.12	588.99	94.535	29.340	1.2884e-05	0.043518
592.65	1.4896	403.64	0.0024775	65.538	66.064	126.33	415.37	572.11	172.43	2.7723	6.3977e-05	0.072690	0.00087627	79.636	0.012557	81.108	83.770	156.21	417.26	590.72	94.340	29.400	1.2907e-05	0.043603
592.82	1.4931	403.17	0.0024804	65.627	66.154	126.49	415.48	573.00	171.69	2.7970	6.3837e-05	0.072675	0.00086869	79.952	0.012507	81.151	83.808	156.27	417.39	592.46	94.145	29.461	1.2930e-05	0.043688
592.98	1.4966	402.70	0.0024832	65.716	66.245	126.64	415.59	573.89	170.94	2.8220	6.3697e-05	0.072660	0.00086115	80.270	0.012458	81.193	83.846	156.32	417.53	594.23	93.949	29.522	1.2953e-05	0.043774
593.15	1.5001	402.23	0.0024861	65.805	66.335	126.79	415.70	574.80	170.20	2.8472	6.3558e-05	0.072646	0.00085363	80.588	0.012409	81.236	83.884	156.37	417.67	596.02	93.754	29.584	1.2977e-05	0.043860
593.32	1.5036	401.76	0.0024891	65.893	66.426	126.94	415.80	575.71	169.46	2.8728	6.3418e-05	0.072632	0.00084614	80.908	0.012360	81.278	83.922	156.43	417.80	597.84	93.558	29.646	1.3000e-05	0.043947
593.48	1.5072	401.29	0.0024920	65.981	66.516	127.09	415.91	576.63	168.72	2.8987	6.3279e-05	0.072618	0.00083868	81.230	0.012311	81.320	83.960	156.48	417.94	599.67	93.362	29.708	1.3024e-05	0.044035
593.65	1.5107	400.81	0.0024949	66.070	66.606	127.24	416.02	577.57	167.98	2.9248	6.3139e-05	0.072604	0.00083126	81.553	0.012262	81.361	83.997	156.53	418.08	601.53	93.166	29.770	1.3048e-05	0.044123
593.82	1.5142	400.34	0.0024979	66.158	66.696	127.39	416.13	578.51	167.24	2.9513	6.3000e-05	0.072590	0.00082386	81.877	0.012213	81.403	84.034	156.58	418.22	603.42	92.970	29.832	1.3072e-05	0.044211
593.98	1.5177	399.86	0.0025009	66.246	66.786	127.54	416.23	579.47	166.51	2.9780	6.2861e-05	0.072576	0.00081649	82.203	0.012165	81.444	84.071	156.64	418.35	605.32	92.773	29.895	1.3096e-05	0.044300
594.15	1.5212	399.38	0.0025039	66.334	66.876	127.69	416.34	580.43	165.77	3.0051	6.2721e-05	0.072563	0.00080915	82.531	0.012117	81.485	84.108	156.69	418.49	607.26	92.577	29.958	1.3120e-05	0.044390
594.31	1.5247	398.91	0.0025069	66.422	66.966	127.83	416.45	581.41	165.03	3.0325	6.2582e-05	0.072549	0.00080184	82.860	0.012069	81.526	84.144	156.74	418.63	609.21	92.380	30.022	1.3145e-05	0.044480
594.48	1.5282	398.43	0.0025099	66.510	67.055	127.98	416.55	582.40	164.30	3.0602	6.2443e-05	0.072536	0.00079455	83.190	0.012021	81.567	84.180	156.79	418.76	611.19	92.183	30.086	1.3169e-05	0.044571
594.64	1.5317	397.95	0.0025129	66.597	67.145	128.13	416.66	583.40	163.56	3.0883	6.2304e-05	0.072523	0.00078730	83.522	0.011973	81.607	84.217	156.84	418.90	613.20	91.986	30.150	1.3194e-05	0.044663
594.81	1.5352	397.47	0.0025159	66.685	67.234	128.28	416.77	584.41	162.83	3.1166	6.2165e-05	0.072510	0.00078008	83.856	0.011925	81.648	84.252	156.89	419.04	615.24	91.789	30.214	1.3219e-05	0.044755
594.97	1.5387	396.98	0.0025190	66.772	67.324	128.43	416.88	585.43	162.10	3.1454	6.2026e-05	0.072497	0.00077288	84.191	0.011878	81.688	84.288	156.94	419.18	617.30	91.591	30.278	1.3244e-05	0.044847
595.13	1.5422	396.50	0.0025221	66.860	67.413	128.58	416.99	586.47	161.36	3.1744	6.1887e-05	0.072485	0.00076572	84.528	0.011830	81.728	84.323	156.99	419.31	619.39	91.394	30.343	1.3269e-05	0.044941
595.30	1.5457	396.02	0.0025252	66.947	67.502	128.72	417.09	587.52	160.63	3.2039	6.1748e-05	0.072472	0.00075858	84.866	0.011783	81.767	84.359	157.04	419.45	621.50	91.196	30.408	1.3295e-05	0.045035
595.46	1.5492	395.53	0.0025283	67.034	67.592	128.87	417.20	588.58	159.90	3.2336	6.1609e-05	0.072460	0.00075147	85.206	0.011736	81.807	84.394	157.09	419.59	623.65	90.998	30.473	1.3321e-05	0.045129
595.62	1.5527	395.04	0.0025314	67.121	67.681	129.02	417.31	589.65	159.17	3.2638	6.1470e-05	0.072448	0.00074439	85.548	0.011689	81.846	84.428	157.14	419.73	625.83	90.800	30.539	1.3346e-05	0.045224
595.79	1.5562	394.55	0.0025345	67.208	67.770	129.17	417.42	590.74	158.44	3.2943	6.1331e-05	0.072436	0.00073734	85.891	0.011643	81.885	84.463	157.19	419.86	628.03	90.602	30.605	1.3372e-05	0.045320
595.95	1.5597	394.06	0.0025377	67.295	67.859	129.31	417.52	591.84	157.71	3.3252	6.1192e-05	0.072424	0.00073032	86.236	0.011596	81.924	84.497	157.23	420.00	630.27	90.404	30.671	1.3398e-05	0.045417
596.11	1.5632	393.57	0.0025408	67.382	67.947	129.46	417.63	592.95	156.98	3.3565	6.1053e-05	0.072413	0.00072333	86.583	0.011550	81.963	84.531	157.28	420.14	632.53	90.206	30.738	1.3425e-05	0.045514
596.27	1.5667	393.08	0.0025440	67.469	68.036	129.61	417.74	594.08	156.26	3.3881	6.0914e-05	0.072401	0.00071636	86.931	0.011503	82.001	84.565	157.33	420.28	634.83	90.007	30.804	1.3451e-05	0.045612
596.43	1.5702	392.59	0.0025472	67.556	68.125	129.75	417.85	595.23	155.53	3.4202	6.0776e-05	0.072390	0.00070943	87.281	0.011457	82.039	84.599	157.37	420.41	637.16	89.808	30.871	1.3478e-05	0.045711
596.59	1.5737	392.09	0.0025504	67.642	68.213	129.90	417.96	596.38	154.80	3.4527	6.0637e-05	0.072379	0.00070252	87.633	0.011411	82.077	84.632	157.42	420.55	639.52	89.610	30.938	1.3505e-05	0.045810
596.75	1.5773	391.60	0.0025537	67.729	68.302	130.05	418.07	597.56	154.08	3.4856	6.0498e-05	0.072368	0.00069564	87.987	0.011365	82.115	84.666	157.47	420.69	641.92	89.411	31.006	1.3532e-05	0.045910
596.91	1.5808	391.10	0.0025569	67.815	68.390	130.19	418.17	598.75	153.35	3.5189	6.0359e-05	0.072358	0.00068879	88.342	0.011320	82.153	84.699	157.51	420.83	644.35	89.211	31.074	1.3559e-05	0.046011
597.07	1.5843	390.60	0.0025602	67.901	68.479	130.34	418.28	599.95	152.63	3.5526	6.0220e-05	0.072347	0.00068196	88.699	0.011274	82.190	84.731	157.56	420.96	646.82	89.012	31.142	1.3587e-05	0.046112
597.23	1.5878	390.10	0.0025635	67.988	68.567	130.48	418.39	601.17	151.90	3.5868	6.0082e-05	0.072337	0.00067517	89.058	0.011229	82.227	84.764	157.60	421.10	649.32	88.813	31.210	1.3614e-05	0.046214
597.39	1.5913	389.60	0.0025668	68.074	68.655	130.63	418.50	602.41	151.18	3.6214	5.9943e-05	0.072327	0.00066840	89.419	0.011183	82.264	84.796	157.65	421.24	651.86	88.613	31.278	1.3642e-05	0.046317
597.55	1.5948	389.09	0.0025701	68.160	68.743	130.77	418.61	603.66	150.46	3.6564	5.9804e-05	0.072317	0.00066167	89.782	0.011138	82.301	84.828	157.69	421.38	654.43	88.414	31.347	1.3670e-05	0.046421
597.71	1.5983	388.59	0.0025734	68.246	68.831	130.92	418.72	604.93	149.74	3.6920	5.9665e-05	0.072308	0.00065496	90.147	0.011093	82.338	84.860	157.74	421.52	657.05	88.214	31.416	1.3699e-05	0.046525
597.87	1.6018	388.08	0.0025768	68.332	68.919	131.06	418.83	606.22	149.02	3.7279	5.9526e-05	0.072298	0.00064828	90.514	0.011048	82.374	84.892	157.78	421.65	659.70	88.014	31.485	1.3727e-05	0.046630
598.02	1.6053	387.58	0.0025801	68.418	69.007	131.21	418.94	607.53	148.30	3.7644	5.9387e-05	0.072289	0.00064162	90.882	0.011003	82.410	84.923	157.82	421.79	662.39	87.814	31.555	1.3756e-05	0.046736
598.18	1.6088	387.07	0.0025835	68.504	69.095	131.35	419.05	608.85	147.58	3.8013	5.9248e-05	0.072280	0.00063500	91.253	0.010959	82.446	84.954	157.87	421.93	665.13	87.613	31.625	1.3785e-05	0.046843
598.34	1.6123	386.56	0.0025870	68.589	69.183	131.50	419.16	610.19	146.86	3.8388	5.9109e-05	0.072271	0.00062840	91.625	0.010914	82.482	84.985	157.91	422.07	667.90	87.413	31.695	1.3814e-05	0.046950
598.50	1.6158	386.04	0.0025904	68.675	69.270	131.64	419.27	611.56	146.14	3.8767	5.8970e-05	0.072263	0.00062183	92.000	0.010870	82.517	85.016	157.95	422.21	670.72	87.212	31.765	1.3843e-05	0.047059
598.65	1.6193	385.53	0.0025938	68.760	69.358	131.79	419.38	612.94	145.42	3.9152	5.8831e-05	0.072255	0.00061529	92.377	0.010825	82.552	85.047	157.99	422.35	673.58	87.012	31.835	1.3873e-05	0.047168
598.81	1.6228	385.01	0.0025973	68.846	69.446	131.93	419.49	614.34	144.70	3.9542	5.8692e-05	0.072247	0.00060877	92.755	0.010781	82.587	85.077	158.04	422.48	676.49	86.811	31.906	1.3902e-05	0.047278
598.97	1.6263	384.50	0.0026008	68.931	69.533	132.08	419.60	615.76	143.99	3.9937	5.8553e-05	0.072239	0.00060229	93.136	0.010737	82.622	85.107	158.08	422.62	679.44	86.610	31.977	1.3932e-05	0.047388
599.12	1.6298	383.98	0.0026043	69.017	69.621	132.22	419.71	617.21	143.27	4.0337	5.8414e-05	0.072231	0.00059583	93.519	0.010693	82.657	85.137	158.12	422.76	682.44	86.409	32.048	1.3963e-05	0.047500
599.28	1.6333	383.46	0.0026078	69.102	69.708	132.36	419.82	618.68	142.56	4.0743	5.8275e-05	0.072224	0.00058940	93.904	0.010649	82.691	85.166	158.16	422.90	685.49	86.208	32.120	1.3993e-05	0.047613
599.43	1.6368	382.94	0.0026114	69.187	69.795	132.51	419.93	620.16	141.84	4.1155	5.8136e-05	0.072217	0.00058300	94.291	0.010605	82.725	85.195	158.20	423.04	688.58	86.007	32.191	1.4024e-05	0.047726
599.59	1.6403	382.41	0.0026150	69.272	69.882	132.65	420.04	621.67	141.13	4.1573	5.7996e-05	0.072210	0.00057662	94.681	0.010562	82.759	85.224	158.24	423.18	691.73	85.805	32.263	1.4055e-05	0.047840
599.74	1.6438	381.89	0.0026186	69.357	69.970	132.79	420.15	623.21	140.41	4.1996	5.7857e-05	0.072204	0.00057027	95.072	0.010518	82.793	85.253	158.28	423.32	694.92	85.604	32.335	1.4086e-05	0.047955
599.90	1.6474	381.36	0.0026222	69.442	70.057	132.94	420.26	624.77	139.70	4.2426	5.7717e-05	0.072198	0.00056395	95.466	0.010475	82.826	85.282	158.32	423.46	698.17	85.402	32.408	1.4117e-05	0.048072
600.05	1.6509	380.83	0.0026258	69.527	70.144	133.08	420.37	626.35	138.99	4.2861	5.7578e-05	0.072192	0.00055766	95.862	0.010432	82.860	85.310	158.35	423.60	701.48	85.200	32.480	1.4149e-05	0.048189
600.21	1.6544	380.30	0.0026295	69.612	70.231	133.22	420.48	627.96	138.27	4.3303	5.7438e-05	0.072186	0.00055140	96.261	0.010388	82.893	85.338	158.39	423.74	704.83	84.998	32.553	1.4181e-05	0.048306
600.36	1.6579	379.77	0.0026332	69.697	70.318	133.36	420.59	629.59	137.56	4.3751	5.7299e-05	0.072181	0.00054516	96.661	0.010345	82.926	85.366	158.43	423.87	708.25	84.796	32.626	1.4213e-05	0.048425
600.51	1.6614	379.23	0.0026369	69.782	70.405	133.51	420.71	631.25	136.85	4.4205	5.7159e-05	0.072176	0.00053895	97.064	0.010302	82.958	85.393	158.47	424.01	711.72	84.594	32.699	1.4245e-05	0.048545
600.67	1.6649	378.70	0.0026406	69.866	70.492	133.65	420.82	632.94	136.14	4.4667	5.7019e-05	0.072171	0.00053277	97.470	0.010260	82.990	85.421	158.50	424.15	715.25	84.392	32.772	1.4278e-05	0.048666
600.82	1.6684	378.16	0.0026444	69.951	70.579	133.79	420.93	634.65	135.43	4.5135	5.6879e-05	0.072166	0.00052662	97.878	0.010217	83.023	85.448	158.54	424.29	718.84	84.189	32.846	1.4311e-05	0.048788
600.97	1.6719	377.62	0.0026482	70.035	70.665	133.93	421.04	636.40	134.72	4.5609	5.6739e-05	0.072162	0.00052049	98.288	0.010174	83.054	85.475	158.58	424.43	722.49	83.987	32.920	1.4344e-05	0.048911
601.12	1.6754	377.08	0.0026520	70.120	70.752	134.08	421.15	638.17	134.01	4.6091	5.6598e-05	0.072159	0.00051439	98.701	0.010132	83.086	85.501	158.61	424.57	726.21	83.784	32.994	1.4378e-05	0.049035
601.27	1.6789	376.53	0.0026558	70.204	70.839	134.22	421.27	639.98	133.30	4.6580	5.6458e-05	0.072155	0.00050832	99.117	0.010089	83.117	85.527	158.65	424.71	729.99	83.581	33.068	1.4412e-05	0.049159
601.43	1.6824	375.99	0.0026597	70.289	70.925	134.36	421.38	641.81	132.60	4.7077	5.6318e-05	0.072152	0.00050228	99.535	0.010047	83.149	85.553	158.68	424.85	733.84	83.379	33.142	1.4446e-05	0.049285
601.58	1.6859	375.44	0.0026635	70.373	71.012	134.50	421.49	643.68	131.89	4.7581	5.6177e-05	0.072149	0.00049626	99.955	0.010004	83.179	85.579	158.72	425.00	737.76	83.176	33.217	1.4480e-05	0.049412
601.73	1.6894	374.89	0.0026675	70.457	71.099	134.64	421.61	645.57	131.18	4.8092	5.6036e-05	0.072147	0.00049027	100.38	0.0099623	83.210	85.605	158.75	425.14	741.74	82.972	33.291	1.4515e-05	0.049540
601.88	1.6929	374.34	0.0026714	70.542	71.185	134.79	421.72	647.51	130.48	4.8612	5.5896e-05	0.072145	0.00048431	100.80	0.0099202	83.241	85.630	158.78	425.28	745.80	82.769	33.366	1.4550e-05	0.049670
602.03	1.6964	373.78	0.0026754	70.626	71.272	134.93	421.83	649.47	129.77	4.9139	5.5755e-05	0.072143	0.00047837	101.23	0.0098782	83.271	85.655	158.82	425.42	749.94	82.566	33.441	1.4585e-05	0.049800
602.18	1.6999	373.23	0.0026793	70.710	71.358	135.07	421.95	651.48	129.07	4.9674	5.5614e-05	0.072142	0.00047247	101.66	0.0098363	83.301	85.680	158.85	425.56	754.15	82.362	33.516	1.4620e-05	0.049931
602.33	1.7034	372.67	0.0026834	70.794	71.444	135.21	422.06	653.51	128.36	5.0218	5.5472e-05	0.072141	0.00046659	102.10	0.0097945	83.330	85.704	158.88	425.70	758.44	82.159	33.591	1.4656e-05	0.050064
602.48	1.7069	372.11	0.0026874	70.878	71.531	135.35	422.18	655.59	127.66	5.0771	5.5331e-05	0.072140	0.00046073	102.54	0.0097527	83.360	85.728	158.92	425.84	762.80	81.955	33.667	1.4693e-05	0.050198
602.63	1.7104	371.54	0.0026915	70.962	71.617	135.49	422.29	657.71	126.95	5.1332	5.5189e-05	0.072140	0.00045491	102.98	0.0097111	83.389	85.752	158.95	425.98	767.26	81.751	33.742	1.4729e-05	0.050332
602.78	1.7139	370.98	0.0026956	71.046	71.703	135.63	422.41	659.86	126.25	5.1902	5.5047e-05	0.072140	0.00044911	103.42	0.0096695	83.418	85.776	158.98	426.12	771.79	81.547	33.818	1.4766e-05	0.050469
602.93	1.7175	370.41	0.0026997	71.130	71.790	135.77	422.52	662.06	125.55	5.2481	5.4906e-05	0.072141	0.00044334	103.86	0.0096280	83.446	85.799	159.01	426.27	776.41	81.343	33.894	1.4803e-05	0.050606
603.08	1.7210	369.84	0.0027039	71.214	71.876	135.91	422.64	664.30	124.84	5.3069	5.4763e-05	0.072142	0.00043760	104.31	0.0095866	83.475	85.822	159.04	426.41	781.13	81.139	33.970	1.4841e-05	0.050745
603.22	1.7245	369.27	0.0027081	71.298	71.962	136.05	422.75	666.58	124.14	5.3667	5.4621e-05	0.072144	0.00043188	104.76	0.0095453	83.503	85.845	159.07	426.55	785.93	80.935	34.046	1.4878e-05	0.050884
603.37	1.7280	368.69	0.0027123	71.382	72.048	136.20	422.87	668.90	123.44	5.4275	5.4479e-05	0.072146	0.00042619	105.22	0.0095040	83.531	85.868	159.10	426.69	790.83	80.731	34.122	1.4917e-05	0.051026
603.52	1.7315	368.11	0.0027166	71.465	72.135	136.34	422.98	671.28	122.74	5.4892	5.4336e-05	0.072148	0.00042053	105.68	0.0094628	83.559	85.890	159.13	426.83	795.83	80.526	34.198	1.4955e-05	0.051168
603.67	1.7350	367.53	0.0027209	71.549	72.221	136.48	423.10	673.70	122.04	5.5520	5.4193e-05	0.072151	0.00041490	106.14	0.0094217	83.586	85.912	159.16	426.98	800.92	80.322	34.275	1.4994e-05	0.051312
603.81	1.7385	366.95	0.0027252	71.633	72.307	136.62	423.22	676.17	121.34	5.6158	5.4050e-05	0.072155	0.00040929	106.60	0.0093807	83.613	85.933	159.18	427.12	806.13	80.117	34.351	1.5033e-05	0.051457
603.96	1.7420	366.36	0.0027295	71.717	72.393	136.76	423.34	678.69	120.64	5.6807	5.3907e-05	0.072159	0.00040372	107.07	0.0093397	83.640	85.955	159.21	427.26	811.43	79.912	34.427	1.5073e-05	0.051604
604.11	1.7455	365.77	0.0027339	71.800	72.479	136.90	423.45	681.26	119.94	5.7467	5.3763e-05	0.072163	0.00039816	107.54	0.0092988	83.666	85.976	159.24	427.41	816.85	79.707	34.504	1.5113e-05	0.051751
604.25	1.7490	365.18	0.0027383	71.884	72.565	137.04	423.57	683.89	119.24	5.8137	5.3619e-05	0.072168	0.00039264	108.01	0.0092580	83.693	85.997	159.27	427.55	822.38	79.502	34.581	1.5153e-05	0.051901
604.40	1.7525	364.59	0.0027428	71.967	72.651	137.18	423.69	686.57	118.54	5.8820	5.3475e-05	0.072174	0.00038714	108.49	0.0092172	83.719	86.017	159.29	427.69	828.02	79.297	34.657	1.5194e-05	0.052052
604.55	1.7560	363.99	0.0027473	72.051	72.737	137.32	423.81	689.31	117.84	5.9514	5.3331e-05	0.072180	0.00038168	108.97	0.0091765	83.744	86.037	159.32	427.84	833.79	79.092	34.734	1.5235e-05	0.052204
604.69	1.7595	363.39	0.0027518	72.135	72.824	137.46	423.93	692.11	117.14	6.0220	5.3186e-05	0.072187	0.00037623	109.46	0.0091359	83.770	86.057	159.34	427.98	839.68	78.886	34.811	1.5277e-05	0.052358
604.84	1.7630	362.79	0.0027564	72.218	72.910	137.60	424.05	694.97	116.44	6.0938	5.3041e-05	0.072194	0.00037082	109.95	0.0090953	83.795	86.077	159.37	428.12	845.69	78.681	34.888	1.5319e-05	0.052513
604.98	1.7665	362.19	0.0027610	72.302	72.996	137.74	424.16	697.89	115.75	6.1669	5.2896e-05	0.072202	0.00036543	110.44	0.0090548	83.820	86.096	159.39	428.27	851.84	78.475	34.964	1.5362e-05	0.052670
605.13	1.7700	361.58	0.0027657	72.385	73.082	137.88	424.28	700.88	115.05	6.2412	5.2751e-05	0.072211	0.00036007	110.93	0.0090143	83.845	86.115	159.42	428.41	858.12	78.270	35.041	1.5404e-05	0.052829
605.27	1.7735	360.97	0.0027704	72.469	73.168	138.02	424.40	703.94	114.35	6.3169	5.2605e-05	0.072220	0.00035474	111.43	0.0089739	83.869	86.133	159.44	428.56	864.54	78.064	35.118	1.5448e-05	0.052989
605.42	1.7770	360.35	0.0027751	72.552	73.254	138.16	424.53	707.07	113.66	6.3940	5.2459e-05	0.072230	0.00034944	111.94	0.0089336	83.893	86.152	159.46	428.70	871.11	77.858	35.195	1.5491e-05	0.053150
605.56	1.7805	359.73	0.0027798	72.636	73.340	138.30	424.65	710.27	112.96	6.4724	5.2313e-05	0.072241	0.00034416	112.44	0.0088933	83.917	86.170	159.48	428.85	877.83	77.652	35.272	1.5536e-05	0.053314
605.70	1.7840	359.11	0.0027847	72.719	73.426	138.44	424.77	713.55	112.27	6.5523	5.2166e-05	0.072252	0.00033891	112.96	0.0088530	83.940	86.187	159.51	428.99	884.70	77.446	35.348	1.5580e-05	0.053479
605.85	1.7876	358.49	0.0027895	72.803	73.512	138.58	424.89	716.91	111.57	6.6336	5.2019e-05	0.072264	0.00033369	113.47	0.0088128	83.963	86.205	159.53	429.14	891.73	77.239	35.425	1.5626e-05	0.053646
605.99	1.7911	357.86	0.0027944	72.886	73.598	138.72	425.01	720.34	110.88	6.7164	5.1872e-05	0.072277	0.00032850	113.99	0.0087726	83.986	86.222	159.55	429.28	898.93	77.033	35.502	1.5671e-05	0.053815
606.13	1.7946	357.23	0.0027993	72.970	73.684	138.86	425.13	723.87	110.18	6.8007	5.1724e-05	0.072290	0.00032333	114.51	0.0087325	84.008	86.238	159.57	429.43	906.29	76.826	35.578	1.5717e-05	0.053985
606.28	1.7981	356.59	0.0028043	73.053	73.771	139.00	425.26	727.48	109.49	6.8866	5.1576e-05	0.072305	0.00031820	115.04	0.0086924	84.031	86.254	159.59	429.58	913.84	76.620	35.655	1.5764e-05	0.054158
606.42	1.8016	355.95	0.0028094	73.137	73.857	139.14	425.38	731.18	108.80	6.9741	5.1428e-05	0.072320	0.00031309	115.57	0.0086524	84.053	86.270	159.61	429.72	921.56	76.413	35.731	1.5811e-05	0.054332
606.56	1.8051	355.31	0.0028144	73.220	73.943	139.28	425.50	734.97	108.10	7.0633	5.1279e-05	0.072336	0.00030800	116.11	0.0086124	84.074	86.286	159.63	429.87	929.48	76.206	35.807	1.5859e-05	0.054508
606.70	1.8086	354.66	0.0028196	73.304	74.029	139.42	425.63	738.86	107.41	7.1542	5.1130e-05	0.072353	0.00030295	116.65	0.0085724	84.095	86.301	159.64	430.02	937.59	75.999	35.883	1.5907e-05	0.054687
606.84	1.8121	354.01	0.0028247	73.387	74.116	139.56	425.75	742.86	106.72	7.2468	5.0980e-05	0.072371	0.00029792	117.20	0.0085325	84.116	86.316	159.66	430.16	945.90	75.792	35.959	1.5956e-05	0.054867
606.99	1.8156	353.36	0.0028300	73.471	74.202	139.70	425.88	746.96	106.03	7.3412	5.0830e-05	0.072389	0.00029292	117.75	0.0084926	84.137	86.331	159.68	430.31	954.43	75.584	36.035	1.6005e-05	0.055049
607.13	1.8191	352.70	0.0028352	73.554	74.288	139.84	426.01	751.17	105.34	7.4374	5.0679e-05	0.072409	0.00028795	118.31	0.0084527	84.157	86.345	159.69	430.46	963.17	75.377	36.111	1.6055e-05	0.055234
607.27	1.8226	352.04	0.0028406	73.638	74.375	139.98	426.13	755.49	104.64	7.5356	5.0528e-05	0.072430	0.00028301	118.87	0.0084129	84.177	86.359	159.71	430.61	972.14	75.169	36.186	1.6105e-05	0.055421
607.41	1.8261	351.37	0.0028460	73.722	74.461	140.12	426.26	759.94	103.95	7.6356	5.0377e-05	0.072451	0.00027810	119.43	0.0083731	84.196	86.372	159.73	430.76	981.35	74.961	36.262	1.6156e-05	0.055610
607.55	1.8296	350.70	0.0028514	73.805	74.548	140.26	426.39	764.50	103.26	7.7377	5.0225e-05	0.072474	0.00027321	120.00	0.0083333	84.216	86.385	159.74	430.90	990.80	74.753	36.337	1.6208e-05	0.055801
607.69	1.8331	350.03	0.0028569	73.889	74.634	140.40	426.51	769.20	102.57	7.8418	5.0073e-05	0.072498	0.00026835	120.58	0.0082935	84.235	86.398	159.75	431.05	1000.5	74.545	36.412	1.6260e-05	0.055995
607.83	1.8366	349.35	0.0028625	73.973	74.721	140.54	426.64	774.04	101.88	7.9480	4.9920e-05	0.072523	0.00026352	121.16	0.0082537	84.253	86.410	159.77	431.20	1010.5	74.337	36.486	1.6313e-05	0.056191
607.97	1.8401	348.67	0.0028681	74.057	74.808	140.68	426.77	779.01	101.19	8.0564	4.9766e-05	0.072549	0.00025872	121.74	0.0082140	84.271	86.422	159.78	431.35	1020.7	74.129	36.561	1.6366e-05	0.056389
608.11	1.8436	347.98	0.0028737	74.140	74.894	140.82	426.90	784.13	100.51	8.1670	4.9612e-05	0.072576	0.00025395	122.34	0.0081742	84.289	86.433	159.79	431.50	1031.3	73.920	36.635	1.6420e-05	0.056590
608.25	1.8471	347.28	0.0028795	74.224	74.981	140.96	427.03	789.41	99.817	8.2799	4.9458e-05	0.072605	0.00024921	122.93	0.0081345	84.306	86.444	159.80	431.65	1042.1	73.711	36.709	1.6475e-05	0.056793
608.39	1.8506	346.59	0.0028853	74.308	75.068	141.10	427.16	794.85	99.128	8.3951	4.9303e-05	0.072635	0.00024449	123.54	0.0080948	84.323	86.455	159.81	431.80	1053.2	73.502	36.782	1.6531e-05	0.057000
608.53	1.8541	345.88	0.0028912	74.392	75.155	141.24	427.29	800.45	98.440	8.5127	4.9147e-05	0.072666	0.00023981	124.15	0.0080551	84.340	86.465	159.83	431.95	1064.7	73.293	36.855	1.6587e-05	0.057209
608.66	1.8577	345.17	0.0028971	74.476	75.242	141.38	427.43	806.24	97.753	8.6329	4.8991e-05	0.072698	0.00023515	124.76	0.0080153	84.356	86.475	159.83	432.10	1076.5	73.084	36.928	1.6644e-05	0.057420
608.80	1.8612	344.46	0.0029031	74.560	75.329	141.52	427.56	812.20	97.066	8.7556	4.8834e-05	0.072732	0.00023052	125.38	0.0079756	84.372	86.484	159.84	432.25	1088.6	72.874	37.000	1.6701e-05	0.057635
608.94	1.8647	343.74	0.0029092	74.645	75.416	141.66	427.69	818.36	96.379	8.8809	4.8676e-05	0.072768	0.00022592	126.01	0.0079359	84.388	86.493	159.85	432.40	1101.2	72.664	37.072	1.6760e-05	0.057852
609.08	1.8682	343.02	0.0029153	74.729	75.504	141.80	427.83	824.73	95.693	9.0090	4.8518e-05	0.072804	0.00022135	126.64	0.0078961	84.403	86.501	159.86	432.56	1114.1	72.455	37.144	1.6819e-05	0.058073
609.22	1.8717	342.29	0.0029215	74.813	75.591	141.94	427.96	831.31	95.007	9.1398	4.8359e-05	0.072843	0.00021681	127.28	0.0078564	84.417	86.509	159.87	432.71	1127.4	72.244	37.215	1.6879e-05	0.058297
609.35	1.8752	341.55	0.0029278	74.898	75.679	142.09	428.10	838.11	94.321	9.2735	4.8199e-05	0.072883	0.00021230	127.93	0.0078166	84.431	86.517	159.87	432.86	1141.1	72.034	37.286	1.6940e-05	0.058524
609.49	1.8787	340.81	0.0029342	74.982	75.767	142.23	428.23	845.15	93.636	9.4102	4.8038e-05	0.072925	0.00020782	128.59	0.0077768	84.445	86.524	159.88	433.01	1155.3	71.823	37.356	1.7002e-05	0.058754
609.63	1.8822	340.06	0.0029406	75.067	75.854	142.37	428.37	852.43	92.951	9.5500	4.7877e-05	0.072968	0.00020336	129.25	0.0077370	84.459	86.531	159.88	433.17	1169.9	71.612	37.426	1.7064e-05	0.058988
609.76	1.8857	339.31	0.0029472	75.152	75.942	142.51	428.51	859.98	92.267	9.6928	4.7715e-05	0.073013	0.00019894	129.92	0.0076972	84.472	86.537	159.88	433.32	1185.1	71.401	37.495	1.7127e-05	0.059225
609.90	1.8892	338.55	0.0029538	75.237	76.030	142.65	428.65	867.80	91.583	9.8390	4.7552e-05	0.073061	0.00019455	130.59	0.0076573	84.484	86.542	159.89	433.47	1200.7	71.190	37.563	1.7192e-05	0.059466
610.03	1.8927	337.78	0.0029605	75.321	76.119	142.79	428.79	875.91	90.900	9.9884	4.7389e-05	0.073110	0.00019018	131.28	0.0076174	84.496	86.547	159.89	433.63	1216.9	70.978	37.631	1.7257e-05	0.059711
610.17	1.8962	337.00	0.0029673	75.407	76.207	142.94	428.93	884.33	90.217	10.141	4.7224e-05	0.073161	0.00018585	131.97	0.0075775	84.508	86.552	159.89	433.78	1233.6	70.766	37.698	1.7323e-05	0.059959
610.31	1.8997	336.22	0.0029742	75.492	76.296	143.08	429.07	893.07	89.535	10.298	4.7059e-05	0.073214	0.00018155	132.67	0.0075375	84.519	86.556	159.89	433.94	1250.9	70.553	37.765	1.7390e-05	0.060212
610.44	1.9032	335.43	0.0029812	75.577	76.384	143.22	429.21	902.15	88.853	10.458	4.6892e-05	0.073269	0.00017728	133.38	0.0074975	84.529	86.559	159.89	434.09	1268.9	70.341	37.831	1.7459e-05	0.060469
610.58	1.9067	334.64	0.0029883	75.663	76.473	143.37	429.35	911.60	88.172	10.622	4.6725e-05	0.073327	0.00017303	134.10	0.0074574	84.539	86.562	159.89	434.25	1287.5	70.127	37.896	1.7528e-05	0.060730
610.71	1.9102	333.83	0.0029955	75.748	76.563	143.51	429.50	921.43	87.491	10.790	4.6556e-05	0.073387	0.00016882	134.82	0.0074172	84.549	86.565	159.89	434.40	1306.8	69.914	37.961	1.7598e-05	0.060995
610.85	1.9137	333.02	0.0030028	75.834	76.652	143.65	429.64	931.66	86.811	10.962	4.6387e-05	0.073449	0.00016464	135.56	0.0073770	84.558	86.566	159.88	434.56	1326.8	69.700	38.024	1.7670e-05	0.061266
610.98	1.9172	332.20	0.0030102	75.920	76.741	143.80	429.79	942.33	86.131	11.138	4.6216e-05	0.073514	0.00016049	136.30	0.0073368	84.566	86.568	159.88	434.72	1347.6	69.486	38.087	1.7742e-05	0.061541
611.11	1.9207	331.37	0.0030178	76.006	76.831	143.94	429.94	953.46	85.452	11.318	4.6045e-05	0.073582	0.00015638	137.05	0.0072964	84.574	86.568	159.88	434.87	1369.2	69.271	38.149	1.7816e-05	0.061821
611.25	1.9242	330.53	0.0030254	76.093	76.921	144.09	430.09	965.08	84.774	11.503	4.5872e-05	0.073652	0.00015229	137.82	0.0072560	84.582	86.568	159.87	435.03	1391.7	69.056	38.210	1.7891e-05	0.062106
611.38	1.9278	329.69	0.0030332	76.179	77.011	144.23	430.23	977.22	84.096	11.692	4.5698e-05	0.073725	0.00014824	138.59	0.0072155	84.588	86.568	159.86	435.19	1415.1	68.841	38.270	1.7968e-05	0.062397
611.51	1.9313	328.83	0.0030411	76.266	77.102	144.38	430.39	989.91	83.420	11.886	4.5522e-05	0.073801	0.00014422	139.38	0.0071748	84.595	86.566	159.85	435.35	1439.5	68.625	38.329	1.8045e-05	0.062693
611.65	1.9348	327.97	0.0030491	76.353	77.193	144.52	430.54	1003.2	82.743	12.085	4.5346e-05	0.073880	0.00014023	140.17	0.0071341	84.600	86.564	159.85	435.50	1464.9	68.408	38.387	1.8124e-05	0.062995
611.78	1.9383	327.09	0.0030573	76.440	77.284	144.67	430.69	1017.1	82.068	12.289	4.5168e-05	0.073963	0.00013627	140.98	0.0070933	84.605	86.562	159.83	435.66	1491.5	68.191	38.444	1.8205e-05	0.063304
611.91	1.9418	326.20	0.0030656	76.528	77.375	144.82	430.84	1031.7	81.394	12.498	4.4988e-05	0.074049	0.00013234	141.80	0.0070524	84.610	86.558	159.82	435.82	1519.2	67.973	38.500	1.8286e-05	0.063618
612.05	1.9453	325.31	0.0030740	76.616	77.467	144.96	431.00	1047.1	80.720	12.713	4.4807e-05	0.074138	0.00012845	142.63	0.0070113	84.613	86.554	159.81	435.98	1548.1	67.755	38.554	1.8370e-05	0.063940
612.18	1.9488	324.40	0.0030826	76.704	77.559	145.11	431.16	1063.2	80.047	12.933	4.4625e-05	0.074231	0.00012459	143.47	0.0069701	84.617	86.549	159.80	436.14	1578.4	67.536	38.607	1.8455e-05	0.064268
612.31	1.9523	323.48	0.0030914	76.792	77.651	145.26	431.32	1080.2	79.375	13.159	4.4441e-05	0.074328	0.00012077	144.32	0.0069288	84.619	86.544	159.78	436.30	1610.2	67.317	38.659	1.8541e-05	0.064604
612.44	1.9558	322.55	0.0031003	76.881	77.744	145.41	431.48	1098.0	78.705	13.391	4.4255e-05	0.074430	0.00011698	145.19	0.0068873	84.621	86.537	159.77	436.46	1643.5	67.097	38.710	1.8629e-05	0.064948
612.57	1.9593	321.60	0.0031094	76.970	77.837	145.56	431.64	1116.9	78.035	13.629	4.4068e-05	0.074535	0.00011322	146.08	0.0068457	84.622	86.530	159.75	436.62	1678.4	66.876	38.759	1.8719e-05	0.065300
612.70	1.9628	320.64	0.0031187	77.059	77.930	145.71	431.80	1136.8	77.367	13.874	4.3878e-05	0.074645	0.00010950	146.97	0.0068039	84.622	86.522	159.73	436.78	1715.2	66.654	38.806	1.8811e-05	0.065661
612.83	1.9663	319.67	0.0031282	77.149	78.024	145.86	431.96	1157.9	76.699	14.125	4.3687e-05	0.074760	0.00010581	147.89	0.0067619	84.621	86.513	159.71	436.95	1753.8	66.432	38.852	1.8905e-05	0.066030
612.97	1.9698	318.69	0.0031379	77.239	78.118	146.01	432.13	1180.3	76.033	14.383	4.3494e-05	0.074880	0.00010216	148.82	0.0067197	84.620	86.503	159.69	437.11	1794.6	66.208	38.897	1.9000e-05	0.066409
613.10	1.9733	317.68	0.0031478	77.330	78.213	146.16	432.30	1204.0	75.369	14.648	4.3299e-05	0.075006	9.8542e-05	149.76	0.0066773	84.618	86.492	159.67	437.27	1837.5	65.984	38.939	1.9098e-05	0.066799
613.23	1.9768	316.67	0.0031579	77.421	78.309	146.32	432.47	1229.2	74.706	14.920	4.3101e-05	0.075137	9.4961e-05	150.72	0.0066347	84.614	86.481	159.64	437.43	1883.0	65.759	38.980	1.9198e-05	0.067199
613.36	1.9803	315.63	0.0031682	77.512	78.405	146.47	432.64	1256.0	74.044	15.200	4.2901e-05	0.075274	9.1417e-05	151.70	0.0065919	84.610	86.468	159.61	437.60	1931.0	65.532	39.019	1.9300e-05	0.067610
613.49	1.9838	314.58	0.0031788	77.604	78.501	146.62	432.81	1284.6	73.384	15.488	4.2699e-05	0.075418	8.7910e-05	152.70	0.0065488	84.605	86.454	159.59	437.76	1982.0	65.305	39.055	1.9405e-05	0.068034
613.62	1.9873	313.52	0.0031896	77.696	78.598	146.78	432.99	1315.2	72.726	15.785	4.2494e-05	0.075569	8.4440e-05	153.72	0.0065054	84.600	86.439	159.56	437.93	2036.1	65.077	39.090	1.9512e-05	0.068471
613.74	1.9908	312.43	0.0032007	77.789	78.696	146.94	433.17	1347.9	72.070	16.089	4.2287e-05	0.075728	8.1009e-05	154.76	0.0064618	84.593	86.423	159.53	438.09	2093.6	64.847	39.122	1.9622e-05	0.068921
613.87	1.9943	311.32	0.0032121	77.883	78.794	147.09	433.35	1383.1	71.416	16.402	4.2076e-05	0.075894	7.7616e-05	155.82	0.0064178	84.585	86.406	159.49	438.26	2155.0	64.616	39.152	1.9734e-05	0.069387
614.00	1.9979	310.19	0.0032238	77.977	78.894	147.25	433.53	1420.9	70.764	16.725	4.1863e-05	0.076070	7.4261e-05	156.90	0.0063735	84.576	86.387	159.46	438.42	2220.5	64.384	39.179	1.9849e-05	0.069868
614.13	2.0014	309.04	0.0032358	78.072	78.994	147.41	433.72	1461.7	70.114	17.057	4.1646e-05	0.076255	7.0947e-05	158.01	0.0063289	84.565	86.367	159.42	438.59	2290.6	64.150	39.203	1.9968e-05	0.070366
614.26	2.0049	307.87	0.0032482	78.168	79.094	147.57	433.90	1505.7	69.467	17.398	4.1426e-05	0.076451	6.7673e-05	159.14	0.0062839	84.554	86.346	159.38	438.75	2365.9	63.914	39.225	2.0090e-05	0.070884
614.39	2.0084	306.67	0.0032609	78.264	79.196	147.74	434.09	1553.5	68.822	17.750	4.1203e-05	0.076658	6.4440e-05	160.30	0.0062385	84.541	86.324	159.34	438.92	2446.9	63.677	39.244	2.0215e-05	0.071421
614.52	2.0119	305.44	0.0032740	78.362	79.299	147.90	434.29	1605.5	68.181	18.112	4.0975e-05	0.076877	6.1249e-05	161.48	0.0061926	84.527	86.300	159.29	439.09	2534.2	63.439	39.259	2.0344e-05	0.071980
614.64	2.0154	304.19	0.0032875	78.460	79.403	148.07	434.48	1662.2	67.542	18.485	4.0744e-05	0.077111	5.8101e-05	162.70	0.0061463	84.511	86.274	159.25	439.25	2628.7	63.198	39.271	2.0476e-05	0.072562
614.77	2.0189	302.90	0.0033014	78.559	79.508	148.24	434.68	1724.2	66.907	18.870	4.0508e-05	0.077360	5.4997e-05	163.95	0.0060994	84.494	86.246	159.20	439.42	2731.2	62.955	39.279	2.0613e-05	0.073171
614.90	2.0224	301.58	0.0033158	78.659	79.614	148.41	434.89	1792.4	66.276	19.266	4.0267e-05	0.077626	5.1937e-05	165.23	0.0060520	84.476	86.217	159.15	439.59	2842.9	62.710	39.283	2.0755e-05	0.073808
615.02	2.0259	300.23	0.0033308	78.761	79.721	148.58	435.09	1867.7	65.648	19.674	4.0022e-05	0.077912	4.8922e-05	166.55	0.0060040	84.455	86.186	159.09	439.75	2964.9	62.463	39.283	2.0901e-05	0.074477
615.15	2.0294	298.84	0.0033463	78.864	79.830	148.75	435.30	1951.1	65.025	20.095	3.9771e-05	0.078219	4.5954e-05	167.91	0.0059554	84.433	86.153	159.03	439.92	3098.9	62.213	39.278	2.1053e-05	0.075181
615.28	2.0329	297.41	0.0033624	78.968	79.940	148.93	435.52	2044.0	64.406	20.529	3.9514e-05	0.078551	4.3034e-05	169.32	0.0059061	84.409	86.117	158.97	440.09	3246.6	61.960	39.268	2.1210e-05	0.075925
615.40	2.0364	295.93	0.0033791	79.073	80.052	149.11	435.74	2148.0	63.792	20.977	3.9250e-05	0.078911	4.0163e-05	170.77	0.0058560	84.383	86.079	158.90	440.26	3410.3	61.705	39.253	2.1373e-05	0.076712
615.53	2.0399	294.41	0.0033966	79.180	80.166	149.29	435.96	2265.2	63.184	21.439	3.8980e-05	0.079305	3.7343e-05	172.26	0.0058050	84.354	86.039	158.83	440.42	3592.7	61.446	39.232	2.1543e-05	0.077548
615.66	2.0434	292.83	0.0034149	79.289	80.282	149.48	436.19	2398.1	62.582	21.915	3.8702e-05	0.079735	3.4575e-05	173.82	0.0057531	84.323	85.996	158.76	440.59	3797.2	61.184	39.204	2.1719e-05	0.078441
615.78	2.0469	291.20	0.0034341	79.400	80.400	149.67	436.43	2549.9	61.986	22.407	3.8416e-05	0.080211	3.1861e-05	175.43	0.0057002	84.289	85.949	158.68	440.76	4027.9	60.917	39.169	2.1904e-05	0.079398
615.91	2.0504	289.50	0.0034542	79.514	80.521	149.86	436.67	2724.8	61.397	22.915	3.8120e-05	0.080739	2.9204e-05	177.11	0.0056462	84.253	85.900	158.59	440.92	4290.4	60.647	39.127	2.2098e-05	0.080430
616.03	2.0539	287.73	0.0034754	79.629	80.645	150.06	436.92	2928.1	60.816	23.440	3.7815e-05	0.081329	2.6604e-05	178.86	0.0055908	84.213	85.847	158.50	441.09	4591.6	60.372	39.076	2.2302e-05	0.081550
616.16	2.0574	285.89	0.0034979	79.748	80.772	150.26	437.17	3167.1	60.244	23.982	3.7497e-05	0.081996	2.4065e-05	180.70	0.0055340	84.169	85.789	158.40	441.25	4940.8	60.091	39.014	2.2516e-05	0.082772
616.28	2.0609	283.95	0.0035218	79.870	80.903	150.47	437.43	3451.5	59.682	24.544	3.7167e-05	0.082756	2.1590e-05	182.63	0.0054756	84.122	85.727	158.30	441.41	5350.3	59.805	38.942	2.2743e-05	0.084118
616.41	2.0644	281.91	0.0035473	79.996	81.037	150.69	437.70	3795.0	59.130	25.125	3.6821e-05	0.083633	1.9181e-05	184.66	0.0054154	84.070	85.660	158.19	441.57	5837.1	59.512	38.858	2.2984e-05	0.085615
616.53	2.0680	279.75	0.0035747	80.126	81.177	150.91	437.99	4217.0	58.591	25.727	3.6459e-05	0.084658	1.6844e-05	186.81	0.0053529	84.012	85.587	158.06	441.73	6425.5	59.211	38.759	2.3242e-05	0.087299
616.65	2.0715	277.45	0.0036043	80.261	81.323	151.14	438.28	4746.4	58.065	26.351	3.6076e-05	0.085875	1.4581e-05	189.11	0.0052879	83.949	85.507	157.93	441.89	7150.9	58.902	38.643	2.3518e-05	0.089220
616.78	2.0750	274.99	0.0036366	80.402	81.476	151.39	438.59	5428.0	57.556	27.001	3.5670e-05	0.087351	1.2399e-05	191.57	0.0052199	83.878	85.419	157.78	442.04	8067.2	58.582	38.507	2.3818e-05	0.091450
616.90	2.0785	272.32	0.0036721	80.551	81.637	151.65	438.91	6334.3	57.064	27.680	3.5235e-05	0.089184	1.0305e-05	194.24	0.0051483	83.799	85.322	157.62	442.18	9261.2	58.250	38.347	2.4145e-05	0.094099
617.02	2.0820	269.41	0.0037118	80.709	81.809	151.92	439.25	7591.8	56.594	28.391	3.4764e-05	0.091536	8.3063e-06	197.16	0.0050721	83.709	85.212	157.44	442.32	10882.	57.904	38.157	2.4507e-05	0.097339
617.15	2.0855	266.18	0.0037569	80.880	81.995	152.22	439.61	9441.0	56.150	29.142	3.4247e-05	0.094686	6.4146e-06	200.40	0.0049900	83.606	85.086	157.23	442.45	13208.	57.539	37.928	2.4914e-05	0.10147
617.27	2.0890	262.51	0.0038094	81.068	82.200	152.55	440.00	12400.	55.739	29.944	3.3667e-05	0.099180	4.6450e-06	204.09	0.0048999	83.484	84.940	156.99	442.56	16832.	57.150	37.647	2.5382e-05	0.10706
617.39	2.0925	258.20	0.0038730	81.281	82.434	152.93	440.43	17822.	55.371	30.819	3.2996e-05	0.10626	3.0203e-06	208.42	0.0047980	83.335	84.764	156.70	442.64	23274.	56.728	37.290	2.5940e-05	0.11541
617.51	2.0960	252.80	0.0039557	81.537	82.717	153.38	undefined	undefined	undefined	31.816	3.2171e-05	undefined	1.5785e-06	213.84	0.0046764	83.142	84.536	156.33	undefined	undefined	undefined	36.803	2.6650e-05	undefined
617.64	2.0995	244.85	0.0040841	81.897	83.117	154.02	undefined	undefined	undefined	33.111	3.0983e-05	undefined	4.0412e-07	221.82	0.0045082	82.843	84.190	155.76	undefined	undefined	undefined	36.008	2.7720e-05	undefined
