Temperature (K)	Pressure (MPa)	Density (l, kg/m3)	Volume (l, m3/kg)	Internal Energy (l, kJ/mol)	Enthalpy (l, kJ/mol)	Entropy (l, J/mol*K)	Cv (l, J/mol*K)	Cp (l, J/mol*K)	Sound Spd. (l, m/s)	Joule-Thomson (l, K/MPa)	Viscosity (l, Pa*s)	Therm. Cond. (l, W/m*K)	Surf. Tension (l, N/m)	Density (v, kg/m3)	Volume (v, m3/kg)	Internal Energy (v, kJ/mol)	Enthalpy (v, kJ/mol)	Entropy (v, J/mol*K)	Cv (v, J/mol*K)	Cp (v, J/mol*K)	Sound Spd. (v, m/s)	Joule-Thomson (v, K/MPa)	Viscosity (v, Pa*s)	Therm. Cond. (v, W/m*K)
263.60	6.2620e-07	771.47	0.0012962	-96.621	-96.621	-260.03	289.23	359.85	1427.2	-0.45504	0.0028925	0.14394	0.028190	4.8668e-05	20548.	-33.699	-31.507	-13.011	244.43	252.74	115.35	330.02	3.8271e-06	0.0067106
381.89	0.0030290	683.24	0.0014636	-50.218	-50.217	-115.41	364.07	429.51	975.42	-0.33288	0.00046601	0.11662	0.017790	0.16336	6.1213	0.44040	3.5986	25.510	334.75	343.34	137.53	65.845	5.7304e-06	0.014438
398.27	0.0060573	670.64	0.0014911	-43.090	-43.088	-97.136	374.95	440.69	921.18	-0.31041	0.00040067	0.11322	0.016498	0.31443	3.1803	5.9833	9.2647	34.314	347.29	356.07	139.89	55.691	5.9916e-06	0.015772
408.73	0.0090856	662.46	0.0015095	-38.444	-38.442	-85.622	381.85	447.90	887.17	-0.29508	0.00036576	0.11107	0.015689	0.46108	2.1688	9.6164	12.973	40.169	355.23	364.17	141.24	50.377	6.1574e-06	0.016660
416.59	0.012114	656.24	0.0015238	-34.903	-34.900	-77.041	387.01	453.34	861.88	-0.28296	0.00034229	0.10948	0.015088	0.60498	1.6530	12.394	15.805	44.673	361.16	370.24	142.16	46.878	6.2815e-06	0.017347
422.96	0.015142	651.14	0.0015358	-32.002	-31.998	-70.129	391.17	457.77	841.53	-0.27271	0.00032477	0.10819	0.014606	0.74692	1.3388	14.674	18.127	48.382	365.94	375.16	142.84	44.316	6.3817e-06	0.017917
428.35	0.018171	646.79	0.0015461	-29.523	-29.519	-64.307	394.67	461.53	824.40	-0.26370	0.00031087	0.10710	0.014201	0.88738	1.1269	16.624	20.112	51.558	369.97	379.33	143.36	42.319	6.4662e-06	0.018409
433.05	0.021199	642.96	0.0015553	-27.348	-27.342	-59.255	397.72	464.81	809.54	-0.25559	0.00029939	0.10616	0.013851	1.0267	0.97403	18.338	21.855	54.352	373.46	382.95	143.78	40.699	6.5397e-06	0.018845
437.23	0.024227	639.53	0.0015636	-25.400	-25.394	-54.779	400.41	467.74	796.37	-0.24815	0.00028964	0.10533	0.013541	1.1650	0.85839	19.873	23.415	56.854	376.56	386.18	144.12	39.345	6.6049e-06	0.019239
441.00	0.027256	636.42	0.0015713	-23.631	-23.624	-50.751	402.83	470.39	784.52	-0.24123	0.00028118	0.10458	0.013263	1.3025	0.76778	21.268	24.832	59.127	379.35	389.08	144.40	38.188	6.6636e-06	0.019599
444.44	0.030284	633.55	0.0015784	-22.007	-21.999	-47.083	405.04	472.81	773.73	-0.23475	0.00027373	0.10389	0.013011	1.4393	0.69479	22.548	26.132	61.213	381.89	391.74	144.63	37.184	6.7172e-06	0.019933
447.62	0.033312	630.89	0.0015851	-20.503	-20.494	-43.710	407.07	475.04	763.80	-0.22861	0.00026707	0.10326	0.012778	1.5755	0.63472	23.735	27.336	63.145	384.22	394.19	144.82	36.300	6.7665e-06	0.020244
450.57	0.036341	628.40	0.0015913	-19.099	-19.089	-40.584	408.95	477.12	754.59	-0.22277	0.00026106	0.10268	0.012564	1.7112	0.58438	24.842	28.460	64.947	386.38	396.47	144.98	35.512	6.8122e-06	0.020536
453.33	0.039369	626.06	0.0015973	-17.781	-17.771	-37.668	410.70	479.07	746.01	-0.21719	0.00025559	0.10214	0.012364	1.8465	0.54156	25.882	29.513	66.637	388.40	398.60	145.11	34.805	6.8549e-06	0.020812
455.92	0.042397	623.85	0.0016029	-16.538	-16.527	-34.933	412.34	480.90	737.95	-0.21182	0.00025057	0.10163	0.012177	1.9814	0.50469	26.862	30.507	68.229	390.29	400.60	145.22	34.165	6.8950e-06	0.021074
458.36	0.045426	621.75	0.0016084	-15.360	-15.348	-32.357	413.88	482.63	730.35	-0.20664	0.00024594	0.10114	0.012001	2.1160	0.47260	27.791	31.448	69.737	392.07	402.49	145.31	33.581	6.9328e-06	0.021323
460.68	0.048454	619.76	0.0016135	-14.240	-14.227	-29.919	415.34	484.28	723.15	-0.20163	0.00024164	0.10069	0.011834	2.2502	0.44440	28.675	32.343	71.169	393.75	404.29	145.39	33.045	6.9686e-06	0.021562
462.89	0.051482	617.85	0.0016185	-13.171	-13.157	-27.604	416.73	485.84	716.32	-0.19677	0.00023763	0.10026	0.011676	2.3842	0.41943	29.518	33.196	72.534	395.35	405.99	145.44	32.552	7.0026e-06	0.021791
464.99	0.054511	616.01	0.0016233	-12.148	-12.133	-25.399	418.05	487.34	709.81	-0.19204	0.00023388	0.099843	0.011526	2.5180	0.39715	30.324	34.012	73.839	396.87	407.62	145.49	32.096	7.0350e-06	0.022011
467.00	0.057539	614.25	0.0016280	-11.167	-11.151	-23.293	419.31	488.77	703.58	-0.18743	0.00023035	0.099449	0.011383	2.6515	0.37714	31.097	34.794	75.089	398.32	409.18	145.52	31.671	7.0661e-06	0.022223
468.93	0.060567	612.56	0.0016325	-10.224	-10.207	-21.277	420.51	490.14	697.62	-0.18293	0.00022702	0.099072	0.011246	2.7849	0.35908	31.841	35.545	76.289	399.71	410.68	145.54	31.276	7.0958e-06	0.022429
470.78	0.063596	610.92	0.0016369	-9.3147	-9.2970	-19.343	421.67	491.47	691.89	-0.17852	0.00022387	0.098710	0.011115	2.9181	0.34268	32.557	36.269	77.445	401.05	412.12	145.56	30.905	7.1243e-06	0.022627
472.57	0.066624	609.34	0.0016411	-8.4374	-8.4188	-17.483	422.78	492.74	686.39	-0.17420	0.00022088	0.098362	0.010989	3.0512	0.32774	33.248	36.967	78.558	402.33	413.51	145.56	30.558	7.1518e-06	0.022820
474.29	0.069652	607.80	0.0016453	-7.5892	-7.5697	-15.691	423.85	493.97	681.08	-0.16997	0.00021804	0.098026	0.010868	3.1842	0.31405	33.916	37.642	79.633	403.56	414.84	145.56	30.231	7.1783e-06	0.023007
475.95	0.072681	606.32	0.0016493	-6.7679	-6.7475	-13.962	424.88	495.16	675.95	-0.16580	0.00021534	0.097702	0.010751	3.3171	0.30147	34.562	38.294	80.673	404.76	416.14	145.55	29.923	7.2038e-06	0.023188
477.56	0.075709	604.87	0.0016532	-5.9715	-5.9501	-12.292	425.87	496.32	670.99	-0.16171	0.00021275	0.097389	0.010638	3.4498	0.28987	35.189	38.927	81.680	405.91	417.39	145.53	29.631	7.2286e-06	0.023365
479.12	0.078737	603.47	0.0016571	-5.1982	-5.1760	-10.675	426.83	497.43	666.19	-0.15768	0.00021028	0.097086	0.010529	3.5826	0.27913	35.797	39.540	82.656	407.02	418.61	145.51	29.355	7.2526e-06	0.023538
480.63	0.081766	602.10	0.0016609	-4.4466	-4.4235	-9.1085	427.77	498.52	661.54	-0.15370	0.00020791	0.096793	0.010423	3.7152	0.26916	36.388	40.137	83.604	408.10	419.79	145.48	29.094	7.2758e-06	0.023706
482.09	0.084794	600.76	0.0016645	-3.7152	-3.6912	-7.5890	428.67	499.58	657.02	-0.14978	0.00020563	0.096508	0.010321	3.8478	0.25989	36.963	40.716	84.525	409.14	420.94	145.44	28.845	7.2984e-06	0.023871
483.52	0.087822	599.46	0.0016682	-3.0028	-2.9778	-6.1132	429.54	500.61	652.63	-0.14592	0.00020344	0.096231	0.010222	3.9804	0.25123	37.523	41.281	85.421	410.16	422.06	145.41	28.608	7.3203e-06	0.024032
484.91	0.090851	598.19	0.0016717	-2.3081	-2.2823	-4.6786	430.40	501.61	648.36	-0.14209	0.00020134	0.095962	0.010125	4.1129	0.24314	38.068	41.831	86.293	411.14	423.14	145.36	28.382	7.3417e-06	0.024190
486.26	0.093879	596.94	0.0016752	-1.6303	-1.6035	-3.2825	431.22	502.59	644.20	-0.13831	0.00019931	0.095700	0.010032	4.2454	0.23555	38.600	42.367	87.144	412.10	424.21	145.32	28.166	7.3625e-06	0.024344
487.58	0.096907	595.73	0.0016786	-0.96823	-0.94052	-1.9227	432.03	503.54	640.15	-0.13457	0.00019735	0.095445	0.0099406	4.3779	0.22842	39.120	42.890	87.973	413.04	425.24	145.26	27.960	7.3828e-06	0.024495
488.86	0.099936	594.54	0.0016820	-0.32115	-0.29252	-0.59720	432.82	504.47	636.20	-0.13087	0.00019545	0.095196	0.0098517	4.5104	0.22171	39.628	43.402	88.782	413.95	426.25	145.21	27.763	7.4026e-06	0.024643
490.12	0.10296	593.37	0.0016853	0.31176	0.34132	0.69592	433.58	505.38	632.34	-0.12720	0.00019362	0.094953	0.0097652	4.6429	0.21538	40.124	43.902	89.573	414.83	427.24	145.15	27.574	7.4220e-06	0.024789
491.34	0.10599	592.22	0.0016886	0.93124	0.96172	1.9584	434.33	506.27	628.57	-0.12357	0.00019185	0.094716	0.0096807	4.7754	0.20941	40.610	44.390	90.346	415.70	428.21	145.09	27.393	7.4409e-06	0.024932
492.54	0.10902	591.10	0.0016918	1.5379	1.5694	3.1918	435.06	507.15	624.88	-0.11997	0.00019013	0.094485	0.0095983	4.9080	0.20375	41.085	44.869	91.102	416.55	429.16	145.03	27.219	7.4594e-06	0.025073
493.71	0.11205	589.99	0.0016949	2.1325	2.1649	4.3976	435.77	508.00	621.27	-0.11639	0.00018846	0.094258	0.0095178	5.0405	0.19839	41.551	45.337	91.842	417.38	430.09	144.96	27.051	7.4775e-06	0.025211
494.86	0.11508	588.91	0.0016981	2.7155	2.7488	5.5772	436.47	508.84	617.74	-0.11284	0.00018684	0.094037	0.0094391	5.1731	0.19331	42.008	45.797	92.567	418.18	431.00	144.89	26.890	7.4952e-06	0.025347
495.99	0.11811	587.85	0.0017011	3.2874	3.3217	6.7318	437.15	509.66	614.29	-0.10932	0.00018526	0.093820	0.0093621	5.3058	0.18847	42.455	46.247	93.277	418.98	431.89	144.82	26.735	7.5126e-06	0.025481
497.09	0.12113	586.80	0.0017042	3.8489	3.8840	7.8625	437.82	510.47	610.90	-0.10582	0.00018373	0.093608	0.0092868	5.4384	0.18388	42.894	46.688	93.973	419.75	432.77	144.74	26.586	7.5296e-06	0.025613
498.17	0.12416	585.77	0.0017072	4.4002	4.4363	8.9706	438.47	511.26	607.58	-0.10235	0.00018224	0.093400	0.0092130	5.5712	0.17950	43.326	47.122	94.655	420.51	433.63	144.67	26.442	7.5463e-06	0.025743
499.23	0.12719	584.75	0.0017101	4.9418	4.9789	10.057	439.11	512.04	604.32	-0.098890	0.00018079	0.093196	0.0091408	5.7039	0.17532	43.749	47.547	95.325	421.25	434.48	144.59	26.303	7.5628e-06	0.025871
500.27	0.13022	583.75	0.0017131	5.4743	5.5123	11.122	439.74	512.81	601.12	-0.095454	0.00017938	0.092995	0.0090700	5.8368	0.17133	44.165	47.965	95.982	421.98	435.31	144.51	26.169	7.5789e-06	0.025997
501.29	0.13325	582.77	0.0017159	5.9978	6.0367	12.168	440.35	513.56	597.98	-0.092037	0.00017800	0.092799	0.0090006	5.9697	0.16751	44.574	48.376	96.628	422.70	436.13	144.42	26.039	7.5947e-06	0.026121
502.30	0.13628	581.80	0.0017188	6.5128	6.5527	13.194	440.96	514.30	594.89	-0.088637	0.00017666	0.092606	0.0089325	6.1027	0.16386	44.976	48.780	97.262	423.40	436.93	144.34	25.914	7.6103e-06	0.026244
503.28	0.13930	580.84	0.0017216	7.0196	7.0605	14.203	441.55	515.03	591.86	-0.085254	0.00017534	0.092417	0.0088657	6.2357	0.16037	45.372	49.177	97.886	424.09	437.72	144.25	25.793	7.6256e-06	0.026366
504.25	0.14233	579.90	0.0017244	7.5186	7.5604	15.193	442.13	515.75	588.88	-0.081886	0.00017406	0.092230	0.0088001	6.3688	0.15701	45.761	49.568	98.499	424.77	438.50	144.17	25.675	7.6407e-06	0.026485
505.21	0.14536	578.97	0.0017272	8.0099	8.0527	16.167	442.70	516.46	585.94	-0.078532	0.00017281	0.092048	0.0087356	6.5020	0.15380	46.144	49.952	99.102	425.44	439.27	144.08	25.562	7.6555e-06	0.026604
506.14	0.14839	578.05	0.0017299	8.4939	8.5377	17.124	443.27	517.15	583.06	-0.075192	0.00017159	0.091868	0.0086723	6.6353	0.15071	46.521	50.331	99.695	426.09	440.03	143.99	25.452	7.6701e-06	0.026721
507.07	0.15142	577.15	0.0017327	8.9709	9.0156	18.066	443.82	517.84	580.22	-0.071864	0.00017039	0.091691	0.0086101	6.7687	0.14774	46.893	50.703	100.28	426.74	440.78	143.89	25.345	7.6845e-06	0.026836
507.98	0.15445	576.25	0.0017354	9.4411	9.4867	18.992	444.36	518.52	577.42	-0.068548	0.00016922	0.091516	0.0085489	6.9021	0.14488	47.259	51.071	100.85	427.37	441.51	143.80	25.242	7.6987e-06	0.026950
508.87	0.15747	575.37	0.0017380	9.9047	9.9513	19.904	444.90	519.19	574.67	-0.065243	0.00016807	0.091345	0.0084887	7.0357	0.14213	47.620	51.432	101.42	427.99	442.24	143.70	25.141	7.7126e-06	0.027063
509.75	0.16050	574.49	0.0017407	10.362	10.410	20.802	445.42	519.85	571.95	-0.061949	0.00016694	0.091176	0.0084295	7.1693	0.13948	47.976	51.789	101.98	428.61	442.96	143.61	25.044	7.7264e-06	0.027175
510.62	0.16353	573.63	0.0017433	10.813	10.862	21.686	445.94	520.50	569.28	-0.058664	0.00016584	0.091010	0.0083712	7.3031	0.13693	48.327	52.141	102.53	429.21	443.66	143.51	24.949	7.7400e-06	0.027285
511.48	0.16656	572.78	0.0017459	11.258	11.308	22.558	446.45	521.14	566.65	-0.055388	0.00016476	0.090846	0.0083139	7.4370	0.13446	48.673	52.488	103.07	429.81	444.36	143.41	24.857	7.7534e-06	0.027395
512.32	0.16959	571.93	0.0017485	11.698	11.748	23.416	446.96	521.77	564.05	-0.052121	0.00016370	0.090685	0.0082574	7.5709	0.13208	49.014	52.830	103.60	430.39	445.05	143.31	24.768	7.7666e-06	0.027503
513.16	0.17262	571.10	0.0017510	12.131	12.183	24.262	447.45	522.40	561.48	-0.048862	0.00016267	0.090526	0.0082018	7.7050	0.12979	49.351	53.167	104.13	430.97	445.74	143.21	24.681	7.7797e-06	0.027610
513.98	0.17564	570.27	0.0017536	12.560	12.612	25.097	447.94	523.02	558.95	-0.045609	0.00016165	0.090369	0.0081469	7.8392	0.12756	49.684	53.500	104.65	431.54	446.41	143.11	24.597	7.7926e-06	0.027716
514.79	0.17867	569.45	0.0017561	12.983	13.036	25.920	448.42	523.63	556.46	-0.042363	0.00016065	0.090214	0.0080929	7.9735	0.12542	50.012	53.829	105.16	432.10	447.08	143.00	24.515	7.8053e-06	0.027821
515.59	0.18170	568.64	0.0017586	13.401	13.455	26.731	448.89	524.23	554.00	-0.039124	0.00015966	0.090062	0.0080397	8.1079	0.12334	50.336	54.154	105.67	432.66	447.74	142.90	24.435	7.8179e-06	0.027925
516.38	0.18473	567.84	0.0017610	13.814	13.870	27.532	449.36	524.83	551.56	-0.035890	0.00015870	0.089911	0.0079872	8.2424	0.12132	50.657	54.474	106.17	433.21	448.39	142.79	24.357	7.8303e-06	0.028028
517.16	0.18776	567.05	0.0017635	14.223	14.279	28.322	449.82	525.42	549.16	-0.032661	0.00015775	0.089763	0.0079354	8.3770	0.11937	50.973	54.791	106.66	433.74	449.03	142.69	24.282	7.8426e-06	0.028131
517.93	0.19079	566.27	0.0017660	14.626	14.684	29.102	450.28	526.01	546.79	-0.029437	0.00015682	0.089616	0.0078843	8.5118	0.11748	51.286	55.104	107.14	434.28	449.67	142.58	24.208	7.8548e-06	0.028232
518.69	0.19381	565.49	0.0017684	15.025	15.084	29.873	450.73	526.59	544.45	-0.026217	0.00015591	0.089471	0.0078339	8.6467	0.11565	51.595	55.413	107.63	434.80	450.30	142.47	24.136	7.8668e-06	0.028332
519.44	0.19684	564.72	0.0017708	15.420	15.479	30.633	451.17	527.16	542.13	-0.023001	0.00015500	0.089328	0.0077842	8.7817	0.11387	51.900	55.718	108.10	435.32	450.93	142.36	24.066	7.8787e-06	0.028432
520.18	0.19987	563.95	0.0017732	15.810	15.871	31.384	451.61	527.73	539.85	-0.019789	0.00015412	0.089187	0.0077351	8.9169	0.11215	52.202	56.020	108.57	435.83	451.54	142.26	23.998	7.8904e-06	0.028531
520.91	0.20290	563.20	0.0017756	16.197	16.258	32.127	452.04	528.29	537.58	-0.016579	0.00015325	0.089048	0.0076867	9.0522	0.11047	52.501	56.319	109.03	436.34	452.16	142.14	23.932	7.9021e-06	0.028629
521.64	0.20593	562.45	0.0017779	16.579	16.641	32.860	452.47	528.85	535.35	-0.013372	0.00015239	0.088910	0.0076388	9.1876	0.10884	52.796	56.614	109.49	436.84	452.76	142.03	23.867	7.9136e-06	0.028726
522.35	0.20896	561.70	0.0017803	16.957	17.020	33.585	452.89	529.40	533.14	-0.010167	0.00015155	0.088774	0.0075916	9.3232	0.10726	53.088	56.906	109.94	437.33	453.37	141.92	23.804	7.9250e-06	0.028822
523.06	0.21198	560.97	0.0017826	17.331	17.396	34.301	453.31	529.94	530.95	-0.0069642	0.00015071	0.088639	0.0075449	9.4589	0.10572	53.378	57.195	110.39	437.82	453.96	141.81	23.742	7.9363e-06	0.028918
523.76	0.21501	560.24	0.0017850	17.702	17.767	35.009	453.72	530.48	528.79	-0.0037629	0.00014990	0.088506	0.0074988	9.5947	0.10422	53.664	57.481	110.83	438.31	454.55	141.70	23.682	7.9475e-06	0.029012
524.46	0.21804	559.51	0.0017873	18.069	18.135	35.709	454.13	531.02	526.65	-0.00056271	0.00014909	0.088374	0.0074533	9.7307	0.10277	53.947	57.763	111.27	438.78	455.14	141.58	23.624	7.9585e-06	0.029107
525.14	0.22107	558.79	0.0017896	18.432	18.499	36.401	454.53	531.55	524.53	0.0026366	0.00014830	0.088244	0.0074082	9.8668	0.10135	54.227	58.043	111.70	439.26	455.72	141.47	23.567	7.9695e-06	0.029200
525.82	0.22410	558.08	0.0017919	18.792	18.860	37.086	454.93	532.07	522.43	0.0058353	0.00014751	0.088116	0.0073637	10.003	0.099969	54.504	58.320	112.13	439.72	456.30	141.35	23.511	7.9804e-06	0.029293
526.49	0.22713	557.37	0.0017941	19.148	19.218	37.764	455.32	532.60	520.36	0.0090337	0.00014674	0.087988	0.0073197	10.140	0.098624	54.778	58.594	112.55	440.18	456.87	141.24	23.457	7.9911e-06	0.029385
527.16	0.23015	556.67	0.0017964	19.501	19.572	38.434	455.71	533.11	518.31	0.012232	0.00014598	0.087862	0.0072763	10.276	0.097313	55.050	58.865	112.97	440.64	457.43	141.12	23.403	8.0018e-06	0.029476
527.81	0.23318	555.97	0.0017987	19.851	19.922	39.097	456.10	533.63	516.27	0.015431	0.00014523	0.087738	0.0072332	10.413	0.096036	55.319	59.134	113.39	441.09	457.99	141.01	23.352	8.0124e-06	0.029567
528.46	0.23621	555.28	0.0018009	20.197	20.270	39.753	456.48	534.13	514.26	0.018631	0.00014449	0.087615	0.0071907	10.550	0.094790	55.586	59.400	113.80	441.54	458.55	140.89	23.301	8.0229e-06	0.029658
529.11	0.23924	554.59	0.0018031	20.541	20.614	40.403	456.86	534.64	512.27	0.021831	0.00014376	0.087493	0.0071486	10.687	0.093574	55.850	59.663	114.20	441.98	459.11	140.77	23.251	8.0333e-06	0.029747
529.75	0.24227	553.91	0.0018053	20.881	20.956	41.046	457.23	535.14	510.29	0.025032	0.00014304	0.087372	0.0071070	10.824	0.092388	56.112	59.924	114.61	442.42	459.65	140.65	23.203	8.0436e-06	0.029836
530.38	0.24530	553.23	0.0018076	21.219	21.294	41.683	457.60	535.64	508.34	0.028235	0.00014233	0.087252	0.0070658	10.961	0.091230	56.371	60.183	115.00	442.85	460.20	140.53	23.156	8.0538e-06	0.029925
531.01	0.24832	552.56	0.0018098	21.553	21.630	42.313	457.97	536.13	506.40	0.031440	0.00014163	0.087134	0.0070251	11.099	0.090100	56.628	60.439	115.40	443.28	460.74	140.41	23.110	8.0639e-06	0.030012
531.63	0.25135	551.89	0.0018119	21.885	21.962	42.937	458.33	536.62	504.48	0.034646	0.00014094	0.087017	0.0069848	11.236	0.088996	56.882	60.692	115.79	443.71	461.28	140.29	23.065	8.0740e-06	0.030100
532.24	0.25438	551.23	0.0018141	22.213	22.292	43.556	458.69	537.10	502.58	0.037855	0.00014025	0.086901	0.0069449	11.374	0.087918	57.134	60.944	116.18	444.13	461.81	140.17	23.021	8.0840e-06	0.030187
532.85	0.25741	550.57	0.0018163	22.539	22.619	44.168	459.04	537.59	500.69	0.041066	0.00013958	0.086786	0.0069053	11.512	0.086864	57.384	61.193	116.56	444.55	462.34	140.05	22.978	8.0939e-06	0.030273
533.45	0.26044	549.92	0.0018185	22.863	22.943	44.775	459.39	538.07	498.82	0.044280	0.00013891	0.086672	0.0068662	11.650	0.085834	57.632	61.440	116.94	444.96	462.87	139.93	22.936	8.1037e-06	0.030359
534.05	0.26347	549.27	0.0018206	23.184	23.265	45.376	459.74	538.54	496.97	0.047496	0.00013825	0.086559	0.0068275	11.789	0.084827	57.878	61.685	117.32	445.37	463.39	139.81	22.895	8.1135e-06	0.030444
534.64	0.26649	548.62	0.0018228	23.502	23.584	45.971	460.09	539.01	495.13	0.050716	0.00013760	0.086447	0.0067892	11.927	0.083842	58.121	61.927	117.69	445.78	463.91	139.69	22.855	8.1232e-06	0.030529
535.23	0.26952	547.98	0.0018249	23.817	23.901	46.562	460.43	539.48	493.31	0.053939	0.00013696	0.086337	0.0067512	12.066	0.082878	58.363	62.168	118.06	446.18	464.43	139.57	22.816	8.1328e-06	0.030613
535.81	0.27255	547.34	0.0018270	24.130	24.215	47.146	460.77	539.95	491.50	0.057165	0.00013633	0.086227	0.0067136	12.205	0.081936	58.602	62.406	118.42	446.58	464.94	139.44	22.777	8.1424e-06	0.030697
536.39	0.27558	546.71	0.0018291	24.441	24.527	47.726	461.10	540.41	489.71	0.060395	0.00013570	0.086118	0.0066763	12.344	0.081013	58.840	62.643	118.79	446.97	465.45	139.32	22.740	8.1519e-06	0.030780
536.96	0.27861	546.08	0.0018312	24.749	24.836	48.301	461.44	540.87	487.94	0.063629	0.00013508	0.086010	0.0066394	12.483	0.080110	59.075	62.877	119.15	447.36	465.96	139.20	22.703	8.1613e-06	0.030863
537.53	0.28164	545.45	0.0018334	25.055	25.143	48.870	461.77	541.33	486.18	0.066867	0.00013447	0.085903	0.0066028	12.622	0.079225	59.309	63.110	119.50	447.75	466.46	139.07	22.668	8.1706e-06	0.030945
538.09	0.28466	544.83	0.0018354	25.359	25.448	49.435	462.09	541.78	484.43	0.070109	0.00013386	0.085798	0.0065666	12.762	0.078359	59.541	63.340	119.86	448.13	466.97	138.95	22.633	8.1799e-06	0.031027
538.65	0.28769	544.21	0.0018375	25.660	25.750	49.995	462.42	542.23	482.69	0.073356	0.00013326	0.085693	0.0065307	12.902	0.077510	59.771	63.569	120.21	448.52	467.46	138.82	22.599	8.1892e-06	0.031109
539.20	0.29072	543.59	0.0018396	25.960	26.051	50.551	462.74	542.68	480.97	0.076608	0.00013267	0.085588	0.0064951	13.041	0.076679	59.999	63.796	120.55	448.89	467.96	138.70	22.565	8.1983e-06	0.031190
539.75	0.29375	542.98	0.0018417	26.257	26.349	51.101	463.06	543.13	479.27	0.079864	0.00013208	0.085485	0.0064599	13.181	0.075864	60.226	64.021	120.90	449.27	468.45	138.57	22.533	8.2075e-06	0.031270
540.30	0.29678	542.37	0.0018438	26.551	26.645	51.648	463.37	543.57	477.57	0.083126	0.00013150	0.085383	0.0064249	13.322	0.075065	60.450	64.245	121.24	449.64	468.94	138.45	22.501	8.2165e-06	0.031351
540.84	0.29981	541.76	0.0018458	26.844	26.939	52.189	463.68	544.01	475.89	0.086392	0.00013093	0.085281	0.0063903	13.462	0.074282	60.673	64.467	121.58	450.01	469.43	138.32	22.469	8.2255e-06	0.031430
541.38	0.30283	541.16	0.0018479	27.135	27.230	52.727	463.99	544.45	474.22	0.089664	0.00013036	0.085181	0.0063560	13.603	0.073514	60.894	64.687	121.91	450.38	469.92	138.19	22.439	8.2345e-06	0.031510
541.91	0.30586	540.56	0.0018499	27.424	27.520	53.260	464.30	544.89	472.57	0.092942	0.00012980	0.085081	0.0063219	13.744	0.072761	61.114	64.905	122.25	450.74	470.40	138.07	22.409	8.2434e-06	0.031589
542.44	0.30889	539.96	0.0018520	27.710	27.808	53.789	464.61	545.32	470.92	0.096225	0.00012925	0.084982	0.0062881	13.885	0.072022	61.332	65.122	122.58	451.10	470.88	137.94	22.380	8.2522e-06	0.031668
542.96	0.31192	539.37	0.0018540	27.995	28.094	54.314	464.91	545.75	469.29	0.099515	0.00012870	0.084884	0.0062547	14.026	0.071297	61.549	65.337	122.91	451.46	471.36	137.81	22.352	8.2610e-06	0.031746
543.48	0.31495	538.78	0.0018560	28.278	28.378	54.835	465.21	546.18	467.67	0.10281	0.00012815	0.084786	0.0062215	14.167	0.070586	61.763	65.550	123.23	451.81	471.84	137.69	22.324	8.2698e-06	0.031824
544.00	0.31798	538.19	0.0018581	28.559	28.660	55.352	465.51	546.61	466.06	0.10611	0.00012761	0.084689	0.0061885	14.309	0.069887	61.977	65.762	123.56	452.16	472.31	137.56	22.297	8.2785e-06	0.031901
544.51	0.32100	537.61	0.0018601	28.838	28.940	55.865	465.81	547.03	464.47	0.10942	0.00012708	0.084593	0.0061559	14.451	0.069202	62.188	65.972	123.88	452.51	472.78	137.43	22.270	8.2871e-06	0.031979
545.02	0.32403	537.03	0.0018621	29.115	29.218	56.374	466.10	547.46	462.88	0.11273	0.00012655	0.084498	0.0061235	14.592	0.068528	62.399	66.181	124.19	452.86	473.25	137.30	22.244	8.2957e-06	0.032056
545.52	0.32706	536.45	0.0018641	29.391	29.494	56.879	466.39	547.88	461.30	0.11606	0.00012603	0.084403	0.0060914	14.735	0.067867	62.608	66.388	124.51	453.20	473.72	137.17	22.219	8.3043e-06	0.032132
546.03	0.33009	535.87	0.0018661	29.664	29.769	57.381	466.68	548.29	459.74	0.11938	0.00012551	0.084310	0.0060595	14.877	0.067218	62.815	66.594	124.82	453.54	474.18	137.04	22.194	8.3128e-06	0.032208
546.52	0.33312	535.30	0.0018681	29.936	30.042	57.879	466.97	548.71	458.19	0.12272	0.00012500	0.084217	0.0060279	15.020	0.066580	63.021	66.799	125.13	453.88	474.65	136.91	22.170	8.3212e-06	0.032284
547.02	0.33615	534.73	0.0018701	30.206	30.313	58.373	467.25	549.12	456.64	0.12606	0.00012449	0.084124	0.0059965	15.162	0.065953	63.225	67.002	125.44	454.22	475.11	136.78	22.147	8.3297e-06	0.032360
547.51	0.33917	534.16	0.0018721	30.475	30.583	58.864	467.54	549.54	455.11	0.12941	0.00012399	0.084032	0.0059654	15.305	0.065337	63.429	67.203	125.75	454.55	475.57	136.65	22.124	8.3380e-06	0.032435
548.00	0.34220	533.59	0.0018741	30.742	30.851	59.351	467.82	549.95	453.59	0.13277	0.00012349	0.083941	0.0059345	15.448	0.064732	63.630	67.404	126.05	454.89	476.03	136.52	22.101	8.3464e-06	0.032510
548.48	0.34523	533.03	0.0018761	31.007	31.117	59.835	468.09	550.36	452.07	0.13613	0.00012300	0.083851	0.0059038	15.592	0.064137	63.831	67.602	126.36	455.22	476.48	136.39	22.079	8.3547e-06	0.032584
548.96	0.34826	532.47	0.0018780	31.271	31.382	60.316	468.37	550.76	450.57	0.13951	0.00012251	0.083761	0.0058734	15.735	0.063551	64.030	67.800	126.66	455.54	476.94	136.26	22.058	8.3629e-06	0.032659
549.44	0.35129	531.91	0.0018800	31.533	31.645	60.793	468.65	551.17	449.08	0.14289	0.00012202	0.083672	0.0058432	15.879	0.062976	64.228	67.996	126.95	455.87	477.39	136.13	22.037	8.3712e-06	0.032733
549.92	0.35432	531.36	0.0018820	31.793	31.907	61.267	468.92	551.57	447.59	0.14628	0.00012154	0.083583	0.0058133	16.023	0.062410	64.424	68.191	127.25	456.19	477.84	136.00	22.017	8.3793e-06	0.032806
550.39	0.35734	530.80	0.0018839	32.052	32.167	61.738	469.19	551.97	446.12	0.14967	0.00012107	0.083496	0.0057835	16.167	0.061854	64.620	68.385	127.54	456.51	478.29	135.87	21.997	8.3875e-06	0.032880
550.86	0.36037	530.25	0.0018859	32.309	32.425	62.206	469.46	552.37	444.65	0.15308	0.00012059	0.083408	0.0057540	16.312	0.061306	64.814	68.577	127.83	456.83	478.74	135.74	21.977	8.3956e-06	0.032953
551.32	0.36340	529.70	0.0018879	32.565	32.682	62.670	469.73	552.77	443.19	0.15649	0.00012013	0.083322	0.0057247	16.456	0.060768	65.007	68.768	128.12	457.15	479.19	135.61	21.958	8.4037e-06	0.033026
551.78	0.36643	529.16	0.0018898	32.820	32.938	63.132	469.99	553.17	441.75	0.15991	0.00011966	0.083235	0.0056956	16.601	0.060237	65.198	68.958	128.41	457.46	479.63	135.47	21.940	8.4117e-06	0.033098
552.24	0.36946	528.61	0.0018917	33.073	33.192	63.590	470.26	553.56	440.31	0.16335	0.00011920	0.083150	0.0056667	16.746	0.059716	65.389	69.147	128.70	457.77	480.08	135.34	21.922	8.4197e-06	0.033170
552.70	0.37249	528.07	0.0018937	33.324	33.444	64.046	470.52	553.96	438.88	0.16679	0.00011875	0.083065	0.0056380	16.891	0.059202	65.578	69.334	128.98	458.08	480.52	135.21	21.905	8.4277e-06	0.033242
553.15	0.37551	527.53	0.0018956	33.574	33.695	64.498	470.78	554.35	437.45	0.17024	0.00011829	0.082981	0.0056095	17.037	0.058697	65.766	69.520	129.26	458.39	480.96	135.08	21.887	8.4356e-06	0.033314
553.60	0.37854	526.99	0.0018976	33.823	33.945	64.948	471.04	554.74	436.04	0.17369	0.00011785	0.082897	0.0055812	17.182	0.058199	65.953	69.706	129.54	458.70	481.40	134.94	21.871	8.4435e-06	0.033386
554.05	0.38157	526.46	0.0018995	34.070	34.194	65.395	471.29	555.13	434.63	0.17716	0.00011740	0.082814	0.0055531	17.328	0.057710	66.139	69.890	129.82	459.00	481.84	134.81	21.855	8.4513e-06	0.033457
554.50	0.38460	525.92	0.0019014	34.316	34.441	65.839	471.55	555.52	433.24	0.18064	0.00011696	0.082731	0.0055252	17.474	0.057227	66.323	70.072	130.10	459.31	482.27	134.68	21.839	8.4592e-06	0.033528
554.94	0.38763	525.39	0.0019033	34.561	34.686	66.280	471.80	555.91	431.85	0.18413	0.00011652	0.082649	0.0054975	17.621	0.056752	66.507	70.254	130.37	459.61	482.71	134.54	21.824	8.4670e-06	0.033599
555.38	0.39066	524.86	0.0019053	34.804	34.931	66.718	472.06	556.29	430.47	0.18762	0.00011609	0.082567	0.0054700	17.767	0.056284	66.690	70.435	130.65	459.91	483.15	134.41	21.809	8.4748e-06	0.033669
555.82	0.39368	524.33	0.0019072	35.046	35.174	67.154	472.31	556.67	429.09	0.19113	0.00011566	0.082486	0.0054427	17.914	0.055823	66.871	70.614	130.92	460.20	483.58	134.27	21.794	8.4825e-06	0.033739
556.25	0.39671	523.81	0.0019091	35.287	35.416	67.587	472.56	557.06	427.73	0.19465	0.00011523	0.082405	0.0054155	18.061	0.055369	67.051	70.793	131.19	460.50	484.01	134.14	21.780	8.4902e-06	0.033809
556.69	0.39974	523.28	0.0019110	35.526	35.656	68.018	472.80	557.44	426.37	0.19817	0.00011481	0.082325	0.0053886	18.208	0.054921	67.231	70.970	131.45	460.79	484.44	134.01	21.766	8.4979e-06	0.033879
557.12	0.40277	522.76	0.0019129	35.765	35.896	68.446	473.05	557.82	425.02	0.20171	0.00011439	0.082246	0.0053618	18.355	0.054480	67.409	71.147	131.72	461.09	484.87	133.87	21.753	8.5056e-06	0.033948
557.54	0.40580	522.24	0.0019148	36.002	36.134	68.871	473.29	558.20	423.67	0.20526	0.00011398	0.082166	0.0053352	18.503	0.054045	67.586	71.322	131.98	461.38	485.30	133.74	21.740	8.5132e-06	0.034018
557.97	0.40883	521.72	0.0019167	36.237	36.371	69.294	473.54	558.58	422.34	0.20882	0.00011356	0.082088	0.0053087	18.651	0.053617	67.763	71.496	132.25	461.66	485.73	133.60	21.727	8.5208e-06	0.034087
558.39	0.41185	521.21	0.0019186	36.472	36.606	69.715	473.78	558.95	421.01	0.21239	0.00011315	0.082010	0.0052825	18.799	0.053194	67.938	71.670	132.51	461.95	486.16	133.47	21.715	8.5284e-06	0.034156
558.81	0.41488	520.69	0.0019205	36.705	36.841	70.133	474.02	559.33	419.69	0.21597	0.00011275	0.081932	0.0052564	18.947	0.052778	68.112	71.842	132.77	462.24	486.58	133.33	21.703	8.5359e-06	0.034224
559.23	0.41791	520.18	0.0019224	36.937	37.074	70.548	474.26	559.70	418.37	0.21956	0.00011234	0.081855	0.0052304	19.096	0.052367	68.285	72.013	133.03	462.52	487.01	133.20	21.692	8.5434e-06	0.034293
559.64	0.42094	519.67	0.0019243	37.168	37.306	70.962	474.49	560.07	417.07	0.22316	0.00011194	0.081778	0.0052047	19.245	0.051963	68.458	72.184	133.28	462.80	487.43	133.06	21.681	8.5509e-06	0.034361
560.06	0.42397	519.16	0.0019262	37.398	37.537	71.372	474.73	560.45	415.76	0.22677	0.00011154	0.081702	0.0051791	19.394	0.051563	68.629	72.353	133.54	463.08	487.85	132.92	21.670	8.5584e-06	0.034429
560.47	0.42700	518.65	0.0019281	37.627	37.767	71.781	474.97	560.82	414.47	0.23040	0.00011115	0.081626	0.0051536	19.543	0.051169	68.800	72.521	133.79	463.36	488.28	132.79	21.660	8.5658e-06	0.034497
560.88	0.43002	518.14	0.0019300	37.855	37.996	72.187	475.20	561.19	413.18	0.23403	0.00011076	0.081551	0.0051283	19.692	0.050781	68.969	72.689	134.04	463.64	488.70	132.65	21.650	8.5733e-06	0.034564
561.28	0.43305	517.64	0.0019319	38.081	38.224	72.591	475.43	561.56	411.90	0.23768	0.00011037	0.081476	0.0051032	19.842	0.050398	69.138	72.855	134.29	463.91	489.12	132.52	21.640	8.5807e-06	0.034631
561.69	0.43608	517.13	0.0019337	38.307	38.450	72.993	475.66	561.92	410.63	0.24134	0.00010998	0.081401	0.0050782	19.992	0.050020	69.306	73.021	134.54	464.19	489.54	132.38	21.631	8.5880e-06	0.034699
562.09	0.43911	516.63	0.0019356	38.531	38.676	73.393	475.89	562.29	409.36	0.24501	0.00010960	0.081327	0.0050534	20.142	0.049647	69.473	73.186	134.79	464.46	489.96	132.24	21.622	8.5954e-06	0.034766
562.49	0.44214	516.13	0.0019375	38.754	38.900	73.790	476.12	562.66	408.10	0.24869	0.00010922	0.081254	0.0050287	20.293	0.049279	69.639	73.350	135.03	464.73	490.37	132.11	21.613	8.6027e-06	0.034832
562.89	0.44517	515.63	0.0019394	38.977	39.124	74.185	476.35	563.02	406.84	0.25239	0.00010884	0.081180	0.0050042	20.443	0.048916	69.804	73.513	135.28	465.00	490.79	131.97	21.605	8.6100e-06	0.034899
563.28	0.44819	515.13	0.0019412	39.198	39.346	74.578	476.57	563.39	405.59	0.25610	0.00010846	0.081108	0.0049798	20.594	0.048557	69.968	73.675	135.52	465.27	491.21	131.83	21.597	8.6173e-06	0.034965
563.67	0.45122	514.64	0.0019431	39.418	39.567	74.969	476.80	563.75	404.35	0.25982	0.00010809	0.081035	0.0049556	20.745	0.048203	70.131	73.836	135.76	465.54	491.63	131.69	21.589	8.6246e-06	0.035031
564.07	0.45425	514.14	0.0019450	39.637	39.788	75.358	477.02	564.11	403.11	0.26355	0.00010772	0.080963	0.0049315	20.897	0.047854	70.294	73.997	136.01	465.81	492.04	131.56	21.581	8.6319e-06	0.035097
564.46	0.45728	513.65	0.0019468	39.855	40.007	75.745	477.24	564.47	401.88	0.26729	0.00010735	0.080892	0.0049076	21.048	0.047509	70.456	74.156	136.24	466.07	492.46	131.42	21.574	8.6391e-06	0.035163
564.84	0.46031	513.16	0.0019487	40.073	40.225	76.130	477.46	564.84	400.65	0.27105	0.00010699	0.080820	0.0048838	21.200	0.047169	70.616	74.315	136.48	466.33	492.87	131.28	21.567	8.6463e-06	0.035229
565.23	0.46334	512.67	0.0019506	40.289	40.443	76.513	477.68	565.20	399.44	0.27482	0.00010662	0.080750	0.0048601	21.352	0.046833	70.777	74.473	136.72	466.60	493.28	131.14	21.561	8.6535e-06	0.035294
565.61	0.46636	512.18	0.0019524	40.504	40.659	76.894	477.90	565.55	398.22	0.27861	0.00010626	0.080679	0.0048366	21.505	0.046501	70.936	74.630	136.95	466.86	493.70	131.00	21.555	8.6606e-06	0.035360
565.99	0.46939	511.69	0.0019543	40.718	40.875	77.273	478.12	565.91	397.01	0.28241	0.00010591	0.080609	0.0048132	21.658	0.046173	71.094	74.786	137.19	467.12	494.11	130.87	21.549	8.6678e-06	0.035425
566.37	0.47242	511.21	0.0019561	40.932	41.089	77.650	478.33	566.27	395.81	0.28622	0.00010555	0.080540	0.0047899	21.810	0.045850	71.252	74.942	137.42	467.37	494.52	130.73	21.543	8.6749e-06	0.035490
566.75	0.47545	510.72	0.0019580	41.144	41.303	78.025	478.55	566.63	394.61	0.29004	0.00010520	0.080470	0.0047668	21.964	0.045530	71.409	75.096	137.65	467.63	494.93	130.59	21.538	8.6820e-06	0.035554
567.13	0.47848	510.24	0.0019599	41.356	41.515	78.398	478.76	566.98	393.42	0.29388	0.00010485	0.080401	0.0047438	22.117	0.045214	71.565	75.250	137.88	467.89	495.35	130.45	21.533	8.6891e-06	0.035619
567.50	0.48151	509.76	0.0019617	41.566	41.727	78.770	478.98	567.34	392.24	0.29773	0.00010450	0.080333	0.0047209	22.271	0.044902	71.720	75.403	138.11	468.14	495.76	130.31	21.528	8.6962e-06	0.035683
567.87	0.48453	509.28	0.0019636	41.776	41.938	79.139	479.19	567.69	391.05	0.30159	0.00010415	0.080265	0.0046982	22.424	0.044594	71.875	75.556	138.34	468.39	496.17	130.17	21.524	8.7033e-06	0.035748
568.24	0.48756	508.80	0.0019654	41.984	42.148	79.507	479.40	568.05	389.88	0.30547	0.00010381	0.080197	0.0046756	22.579	0.044290	72.029	75.707	138.57	468.65	496.58	130.03	21.519	8.7103e-06	0.035812
568.61	0.49059	508.32	0.0019673	42.192	42.357	79.873	479.61	568.40	388.71	0.30937	0.00010347	0.080130	0.0046531	22.733	0.043989	72.182	75.858	138.79	468.90	496.99	129.89	21.515	8.7174e-06	0.035876
568.98	0.49362	507.84	0.0019691	42.399	42.565	80.237	479.82	568.75	387.54	0.31327	0.00010313	0.080062	0.0046307	22.888	0.043692	72.334	76.008	139.01	469.15	497.40	129.75	21.512	8.7244e-06	0.035940
569.35	0.49665	507.37	0.0019710	42.605	42.772	80.600	480.03	569.11	386.38	0.31720	0.00010279	0.079996	0.0046085	23.043	0.043398	72.486	76.157	139.24	469.39	497.80	129.62	21.508	8.7314e-06	0.036003
569.71	0.49968	506.89	0.0019728	42.811	42.979	80.960	480.23	569.46	385.23	0.32113	0.00010246	0.079929	0.0045863	23.198	0.043108	72.637	76.306	139.46	469.64	498.21	129.48	21.505	8.7384e-06	0.036067
570.07	0.50270	506.42	0.0019747	43.015	43.184	81.319	480.44	569.81	384.08	0.32508	0.00010212	0.079863	0.0045643	23.353	0.042821	72.787	76.454	139.68	469.89	498.62	129.34	21.502	8.7453e-06	0.036130
570.43	0.50573	505.95	0.0019765	43.219	43.389	81.677	480.65	570.16	382.93	0.32905	0.00010179	0.079798	0.0045424	23.509	0.042537	72.937	76.601	139.90	470.13	499.03	129.20	21.500	8.7523e-06	0.036193
570.79	0.50876	505.47	0.0019783	43.421	43.593	82.032	480.85	570.51	381.79	0.33303	0.00010146	0.079732	0.0045207	23.665	0.042257	73.086	76.748	140.12	470.38	499.44	129.06	21.497	8.7592e-06	0.036256
571.15	0.51179	505.00	0.0019802	43.623	43.796	82.386	481.05	570.86	380.66	0.33703	0.00010114	0.079667	0.0044990	23.821	0.041980	73.234	76.893	140.34	470.62	499.85	128.92	21.495	8.7661e-06	0.036319
571.50	0.51482	504.54	0.0019820	43.824	43.998	82.738	481.25	571.21	379.53	0.34104	0.00010081	0.079602	0.0044775	23.978	0.041706	73.381	77.039	140.55	470.86	500.25	128.77	21.494	8.7731e-06	0.036382
571.86	0.51785	504.07	0.0019839	44.025	44.200	83.089	481.46	571.56	378.40	0.34506	0.00010049	0.079538	0.0044561	24.134	0.041435	73.528	77.183	140.77	471.10	500.66	128.63	21.492	8.7800e-06	0.036445
572.21	0.52087	503.60	0.0019857	44.224	44.400	83.438	481.66	571.91	377.28	0.34911	0.00010017	0.079474	0.0044348	24.291	0.041167	73.674	77.327	140.98	471.34	501.07	128.49	21.491	8.7868e-06	0.036507
572.56	0.52390	503.13	0.0019875	44.423	44.600	83.785	481.86	572.25	376.16	0.35316	9.9847e-05	0.079410	0.0044136	24.449	0.040902	73.820	77.470	141.19	471.58	501.47	128.35	21.489	8.7937e-06	0.036569
572.91	0.52693	502.67	0.0019894	44.621	44.799	84.131	482.05	572.60	375.05	0.35724	9.9530e-05	0.079347	0.0043925	24.606	0.040640	73.964	77.612	141.41	471.82	501.88	128.21	21.489	8.8006e-06	0.036632
573.25	0.52996	502.21	0.0019912	44.818	44.998	84.475	482.25	572.95	373.94	0.36133	9.9214e-05	0.079284	0.0043715	24.764	0.040381	74.109	77.754	141.62	472.05	502.29	128.07	21.488	8.8074e-06	0.036694
573.60	0.53299	501.74	0.0019931	45.014	45.195	84.818	482.45	573.29	372.84	0.36543	9.8901e-05	0.079221	0.0043506	24.922	0.040125	74.252	77.895	141.83	472.29	502.69	127.93	21.488	8.8142e-06	0.036756
573.94	0.53602	501.28	0.0019949	45.210	45.392	85.159	482.64	573.64	371.74	0.36955	9.8589e-05	0.079158	0.0043298	25.081	0.039871	74.395	78.035	142.03	472.52	503.10	127.79	21.488	8.8211e-06	0.036817
574.29	0.53904	500.82	0.0019967	45.405	45.588	85.499	482.84	573.98	370.65	0.37369	9.8279e-05	0.079096	0.0043092	25.239	0.039621	74.537	78.175	142.24	472.76	503.51	127.65	21.488	8.8279e-06	0.036879
574.63	0.54207	500.36	0.0019986	45.599	45.783	85.837	483.03	574.33	369.56	0.37785	9.7971e-05	0.079034	0.0042886	25.398	0.039373	74.679	78.314	142.45	472.99	503.91	127.51	21.488	8.8347e-06	0.036941
574.97	0.54510	499.90	0.0020004	45.792	45.978	86.174	483.23	574.67	368.48	0.38202	9.7665e-05	0.078973	0.0042682	25.558	0.039127	74.820	78.453	142.65	473.22	504.32	127.36	21.489	8.8415e-06	0.037002
575.31	0.54813	499.45	0.0020022	45.985	46.172	86.509	483.42	575.02	367.39	0.38620	9.7360e-05	0.078911	0.0042478	25.717	0.038885	74.960	78.590	142.86	473.45	504.72	127.22	21.489	8.8482e-06	0.037063
575.64	0.55116	498.99	0.0020041	46.177	46.365	86.843	483.61	575.36	366.32	0.39041	9.7057e-05	0.078850	0.0042276	25.877	0.038644	75.100	78.728	143.06	473.68	505.13	127.08	21.490	8.8550e-06	0.037125
575.98	0.55419	498.53	0.0020059	46.368	46.557	87.175	483.80	575.70	365.25	0.39463	9.6756e-05	0.078790	0.0042074	26.037	0.038407	75.239	78.864	143.27	473.91	505.54	126.94	21.492	8.8618e-06	0.037186
576.31	0.55721	498.08	0.0020077	46.558	46.749	87.506	483.99	576.05	364.18	0.39887	9.6456e-05	0.078729	0.0041874	26.197	0.038172	75.377	79.000	143.47	474.14	505.94	126.80	21.493	8.8685e-06	0.037247
576.65	0.56024	497.62	0.0020096	46.748	46.940	87.835	484.18	576.39	363.11	0.40313	9.6158e-05	0.078669	0.0041674	26.358	0.037939	75.515	79.136	143.67	474.37	506.35	126.65	21.495	8.8752e-06	0.037307
576.98	0.56327	497.17	0.0020114	46.937	47.130	88.163	484.37	576.73	362.05	0.40740	9.5862e-05	0.078609	0.0041476	26.519	0.037709	75.653	79.271	143.87	474.59	506.75	126.51	21.497	8.8820e-06	0.037368
577.31	0.56630	496.72	0.0020132	47.125	47.320	88.490	484.56	577.08	361.00	0.41169	9.5568e-05	0.078550	0.0041278	26.680	0.037481	75.789	79.405	144.07	474.82	507.16	126.37	21.499	8.8887e-06	0.037429
577.64	0.56933	496.27	0.0020150	47.313	47.509	88.816	484.74	577.42	359.94	0.41600	9.5275e-05	0.078490	0.0041082	26.842	0.037256	75.926	79.538	144.27	475.04	507.57	126.23	21.501	8.8954e-06	0.037489
577.96	0.57236	495.82	0.0020169	47.500	47.697	89.139	484.93	577.76	358.90	0.42033	9.4983e-05	0.078431	0.0040886	27.003	0.037032	76.061	79.672	144.46	475.26	507.97	126.08	21.504	8.9021e-06	0.037549
578.29	0.57538	495.37	0.0020187	47.686	47.884	89.462	485.11	578.10	357.85	0.42467	9.4694e-05	0.078372	0.0040691	27.166	0.036811	76.196	79.804	144.66	475.49	508.38	125.94	21.507	8.9088e-06	0.037610
578.61	0.57841	494.92	0.0020205	47.872	48.071	89.783	485.30	578.44	356.81	0.42904	9.4405e-05	0.078314	0.0040497	27.328	0.036593	76.331	79.936	144.85	475.71	508.79	125.80	21.510	8.9155e-06	0.037670
578.94	0.58144	494.47	0.0020224	48.057	48.257	90.103	485.48	578.78	355.77	0.43342	9.4119e-05	0.078256	0.0040305	27.491	0.036376	76.465	80.067	145.05	475.93	509.19	125.65	21.513	8.9221e-06	0.037730
579.26	0.58447	494.02	0.0020242	48.241	48.443	90.422	485.67	579.12	354.74	0.43782	9.3833e-05	0.078198	0.0040113	27.654	0.036162	76.598	80.198	145.24	476.15	509.60	125.51	21.517	8.9288e-06	0.037790
579.58	0.58750	493.58	0.0020260	48.425	48.628	90.739	485.85	579.46	353.71	0.44224	9.3550e-05	0.078140	0.0039922	27.817	0.035949	76.731	80.328	145.43	476.37	510.01	125.37	21.520	8.9354e-06	0.037849
579.90	0.59053	493.13	0.0020279	48.608	48.812	91.055	486.03	579.80	352.69	0.44668	9.3268e-05	0.078083	0.0039732	27.980	0.035739	76.863	80.458	145.63	476.59	510.42	125.22	21.524	8.9421e-06	0.037909
580.22	0.59355	492.69	0.0020297	48.791	48.996	91.370	486.21	580.14	351.67	0.45114	9.2987e-05	0.078025	0.0039542	28.144	0.035531	76.995	80.587	145.82	476.80	510.82	125.08	21.528	8.9487e-06	0.037969
580.53	0.59658	492.24	0.0020315	48.972	49.179	91.684	486.39	580.48	350.65	0.45561	9.2708e-05	0.077969	0.0039354	28.308	0.035325	77.126	80.716	146.01	477.02	511.23	124.94	21.533	8.9554e-06	0.038028
580.85	0.59961	491.80	0.0020334	49.154	49.361	91.996	486.57	580.82	349.63	0.46011	9.2430e-05	0.077912	0.0039167	28.473	0.035121	77.256	80.844	146.20	477.24	511.64	124.79	21.537	8.9620e-06	0.038088
581.16	0.60264	491.36	0.0020352	49.334	49.543	92.307	486.75	581.16	348.62	0.46463	9.2154e-05	0.077855	0.0038980	28.638	0.034919	77.387	80.971	146.38	477.45	512.05	124.65	21.542	8.9686e-06	0.038147
581.48	0.60567	490.92	0.0020370	49.514	49.724	92.617	486.93	581.50	347.62	0.46916	9.1879e-05	0.077799	0.0038794	28.803	0.034719	77.516	81.098	146.57	477.67	512.46	124.50	21.547	8.9752e-06	0.038206
581.79	0.60870	490.47	0.0020388	49.693	49.905	92.926	487.11	581.84	346.61	0.47372	9.1605e-05	0.077743	0.0038609	28.968	0.034521	77.645	81.224	146.76	477.88	512.87	124.36	21.552	8.9818e-06	0.038265
582.10	0.61172	490.03	0.0020407	49.872	50.085	93.233	487.28	582.18	345.61	0.47829	9.1333e-05	0.077688	0.0038425	29.134	0.034324	77.774	81.350	146.94	478.09	513.28	124.22	21.557	8.9884e-06	0.038324
582.41	0.61475	489.59	0.0020425	50.050	50.264	93.539	487.46	582.52	344.62	0.48289	9.1062e-05	0.077632	0.0038242	29.300	0.034130	77.902	81.476	147.13	478.30	513.69	124.07	21.563	8.9950e-06	0.038383
582.72	0.61778	489.16	0.0020443	50.228	50.443	93.844	487.63	582.86	343.62	0.48750	9.0793e-05	0.077577	0.0038060	29.466	0.033937	78.029	81.601	147.31	478.52	514.10	123.93	21.568	9.0016e-06	0.038442
583.02	0.62081	488.72	0.0020462	50.405	50.621	94.148	487.81	583.20	342.63	0.49214	9.0525e-05	0.077522	0.0037878	29.633	0.033747	78.156	81.725	147.50	478.73	514.51	123.78	21.574	9.0082e-06	0.038500
583.33	0.62384	488.28	0.0020480	50.581	50.799	94.451	487.98	583.54	341.65	0.49680	9.0258e-05	0.077468	0.0037697	29.800	0.033558	78.283	81.849	147.68	478.94	514.92	123.64	21.580	9.0148e-06	0.038559
583.63	0.62687	487.84	0.0020498	50.757	50.976	94.753	488.16	583.88	340.66	0.50147	8.9992e-05	0.077413	0.0037517	29.967	0.033370	78.409	81.972	147.86	479.14	515.33	123.49	21.587	9.0214e-06	0.038618
583.94	0.62989	487.41	0.0020517	50.932	51.152	95.053	488.33	584.22	339.68	0.50617	8.9728e-05	0.077359	0.0037338	30.134	0.033185	78.534	82.095	148.04	479.35	515.74	123.35	21.593	9.0279e-06	0.038676
584.24	0.63292	486.97	0.0020535	51.107	51.328	95.352	488.50	584.56	338.71	0.51089	8.9465e-05	0.077305	0.0037160	30.302	0.033001	78.659	82.217	148.22	479.56	516.16	123.20	21.600	9.0345e-06	0.038734
584.54	0.63595	486.54	0.0020553	51.281	51.503	95.651	488.67	584.90	337.73	0.51564	8.9204e-05	0.077251	0.0036982	30.470	0.032819	78.784	82.339	148.40	479.77	516.57	123.06	21.607	9.0410e-06	0.038792
584.84	0.63898	486.10	0.0020572	51.454	51.678	95.948	488.84	585.24	336.76	0.52040	8.8944e-05	0.077198	0.0036806	30.639	0.032638	78.908	82.460	148.58	479.97	516.98	122.91	21.614	9.0476e-06	0.038851
585.14	0.64201	485.67	0.0020590	51.627	51.852	96.244	489.01	585.58	335.80	0.52518	8.8685e-05	0.077144	0.0036630	30.808	0.032459	79.032	82.581	148.76	480.18	517.40	122.77	21.621	9.0541e-06	0.038909
585.44	0.64504	485.24	0.0020608	51.800	52.026	96.538	489.18	585.91	334.83	0.52999	8.8427e-05	0.077091	0.0036454	30.977	0.032282	79.155	82.702	148.94	480.38	517.81	122.62	21.629	9.0607e-06	0.038967
585.74	0.64806	484.81	0.0020627	51.971	52.199	96.832	489.35	586.25	333.87	0.53482	8.8170e-05	0.077038	0.0036280	31.146	0.032107	79.277	82.822	149.11	480.59	518.22	122.47	21.636	9.0672e-06	0.039025
586.03	0.65109	484.37	0.0020645	52.143	52.372	97.125	489.52	586.59	332.92	0.53967	8.7915e-05	0.076986	0.0036106	31.316	0.031933	79.400	82.941	149.29	480.79	518.64	122.33	21.644	9.0738e-06	0.039082
586.33	0.65412	483.94	0.0020664	52.313	52.544	97.417	489.69	586.93	331.96	0.54455	8.7661e-05	0.076933	0.0035933	31.486	0.031760	79.521	83.060	149.46	480.99	519.06	122.18	21.652	9.0803e-06	0.039140
586.62	0.65715	483.51	0.0020682	52.484	52.715	97.707	489.86	587.27	331.01	0.54944	8.7408e-05	0.076881	0.0035761	31.657	0.031589	79.642	83.178	149.64	481.20	519.47	122.04	21.661	9.0868e-06	0.039198
586.91	0.66018	483.08	0.0020700	52.653	52.886	97.997	490.02	587.61	330.06	0.55436	8.7156e-05	0.076829	0.0035590	31.827	0.031420	79.763	83.296	149.81	481.40	519.89	121.89	21.669	9.0934e-06	0.039255
587.20	0.66321	482.65	0.0020719	52.823	53.057	98.285	490.19	587.95	329.12	0.55930	8.6905e-05	0.076777	0.0035419	31.998	0.031252	79.884	83.414	149.98	481.60	520.31	121.74	21.678	9.0999e-06	0.039313
587.49	0.66623	482.23	0.0020737	52.991	53.227	98.573	490.36	588.29	328.18	0.56427	8.6656e-05	0.076726	0.0035249	32.170	0.031085	80.003	83.531	150.16	481.80	520.73	121.60	21.686	9.1064e-06	0.039370
587.78	0.66926	481.80	0.0020756	53.159	53.396	98.859	490.52	588.63	327.24	0.56926	8.6407e-05	0.076675	0.0035080	32.342	0.030920	80.123	83.648	150.33	482.00	521.15	121.45	21.695	9.1129e-06	0.039428
588.07	0.67229	481.37	0.0020774	53.327	53.565	99.145	490.69	588.97	326.30	0.57427	8.6160e-05	0.076623	0.0034911	32.514	0.030756	80.242	83.764	150.50	482.20	521.57	121.30	21.704	9.1194e-06	0.039485
588.36	0.67532	480.94	0.0020792	53.494	53.733	99.429	490.85	589.31	325.37	0.57931	8.5914e-05	0.076573	0.0034743	32.686	0.030594	80.360	83.880	150.67	482.40	521.99	121.16	21.714	9.1260e-06	0.039542
588.65	0.67835	480.52	0.0020811	53.661	53.901	99.713	491.01	589.65	324.44	0.58437	8.5669e-05	0.076522	0.0034576	32.859	0.030433	80.479	83.995	150.84	482.59	522.41	121.01	21.723	9.1325e-06	0.039599
588.93	0.68138	480.09	0.0020829	53.827	54.068	99.995	491.18	589.99	323.51	0.58946	8.5425e-05	0.076471	0.0034410	33.032	0.030274	80.596	84.110	151.00	482.79	522.83	120.86	21.733	9.1390e-06	0.039656
589.22	0.68440	479.67	0.0020848	53.992	54.235	100.28	491.34	590.33	322.58	0.59456	8.5183e-05	0.076421	0.0034244	33.205	0.030116	80.713	84.224	151.17	482.99	523.25	120.72	21.743	9.1455e-06	0.039713
589.50	0.68743	479.24	0.0020866	54.157	54.402	100.56	491.50	590.67	321.66	0.59970	8.4941e-05	0.076371	0.0034079	33.379	0.029959	80.830	84.338	151.34	483.18	523.68	120.57	21.753	9.1520e-06	0.039770
589.78	0.69046	478.82	0.0020885	54.322	54.568	100.84	491.66	591.01	320.74	0.60486	8.4700e-05	0.076321	0.0033915	33.553	0.029803	80.947	84.452	151.51	483.38	524.10	120.42	21.763	9.1585e-06	0.039827
590.07	0.69349	478.39	0.0020903	54.486	54.733	101.12	491.82	591.35	319.83	0.61004	8.4461e-05	0.076271	0.0033751	33.728	0.029649	81.063	84.565	151.67	483.57	524.52	120.28	21.774	9.1650e-06	0.039884
590.35	0.69652	477.97	0.0020922	54.650	54.898	101.39	491.98	591.70	318.91	0.61525	8.4222e-05	0.076222	0.0033588	33.903	0.029496	81.178	84.678	151.84	483.77	524.95	120.13	21.784	9.1715e-06	0.039940
590.63	0.69955	477.55	0.0020940	54.813	55.063	101.67	492.14	592.04	318.00	0.62049	8.3985e-05	0.076173	0.0033426	34.078	0.029345	81.293	84.790	152.00	483.96	525.38	119.98	21.795	9.1780e-06	0.039997
590.90	0.70257	477.13	0.0020959	54.976	55.227	101.95	492.30	592.38	317.09	0.62575	8.3749e-05	0.076124	0.0033264	34.253	0.029194	81.408	84.902	152.17	484.15	525.80	119.83	21.806	9.1845e-06	0.040053
591.18	0.70560	476.71	0.0020977	55.138	55.390	102.22	492.46	592.72	316.19	0.63103	8.3513e-05	0.076075	0.0033103	34.429	0.029045	81.522	85.013	152.33	484.35	526.23	119.68	21.817	9.1910e-06	0.040110
591.46	0.70863	476.28	0.0020996	55.300	55.553	102.49	492.62	593.06	315.29	0.63634	8.3279e-05	0.076026	0.0032943	34.605	0.028897	81.636	85.124	152.49	484.54	526.66	119.54	21.829	9.1975e-06	0.040166
591.74	0.71166	475.86	0.0021014	55.461	55.716	102.77	492.78	593.41	314.39	0.64168	8.3046e-05	0.075978	0.0032783	34.782	0.028750	81.750	85.235	152.65	484.73	527.09	119.39	21.840	9.2040e-06	0.040223
592.01	0.71469	475.44	0.0021033	55.622	55.878	103.04	492.93	593.75	313.49	0.64705	8.2813e-05	0.075929	0.0032624	34.959	0.028605	81.863	85.345	152.81	484.92	527.52	119.24	21.852	9.2105e-06	0.040279
592.28	0.71772	475.02	0.0021052	55.782	56.040	103.31	493.09	594.09	312.59	0.65244	8.2582e-05	0.075881	0.0032465	35.136	0.028461	81.975	85.455	152.97	485.11	527.95	119.09	21.864	9.2170e-06	0.040335
592.56	0.72074	474.60	0.0021070	55.942	56.201	103.58	493.25	594.44	311.70	0.65786	8.2351e-05	0.075833	0.0032308	35.314	0.028317	82.087	85.564	153.13	485.30	528.39	118.94	21.876	9.2235e-06	0.040391
592.83	0.72377	474.19	0.0021089	56.102	56.362	103.85	493.40	594.78	310.81	0.66331	8.2122e-05	0.075786	0.0032150	35.492	0.028175	82.199	85.673	153.29	485.49	528.82	118.80	21.888	9.2300e-06	0.040447
593.10	0.72680	473.77	0.0021107	56.261	56.522	104.12	493.56	595.12	309.92	0.66878	8.1894e-05	0.075738	0.0031994	35.670	0.028035	82.311	85.781	153.45	485.68	529.25	118.65	21.900	9.2365e-06	0.040504
593.37	0.72983	473.35	0.0021126	56.419	56.682	104.39	493.71	595.47	309.04	0.67428	8.1666e-05	0.075691	0.0031838	35.849	0.027895	82.422	85.890	153.61	485.86	529.69	118.50	21.913	9.2430e-06	0.040560
593.64	0.73286	472.93	0.0021145	56.577	56.841	104.65	493.87	595.81	308.16	0.67981	8.1440e-05	0.075644	0.0031683	36.028	0.027756	82.533	85.997	153.77	486.05	530.13	118.35	21.926	9.2495e-06	0.040615
593.91	0.73589	472.51	0.0021163	56.735	57.000	104.92	494.02	596.16	307.28	0.68537	8.1214e-05	0.075597	0.0031528	36.208	0.027618	82.643	86.105	153.92	486.24	530.56	118.20	21.939	9.2560e-06	0.040671
594.18	0.73891	472.10	0.0021182	56.892	57.159	105.18	494.17	596.50	306.40	0.69095	8.0989e-05	0.075550	0.0031374	36.387	0.027482	82.753	86.212	154.08	486.43	531.00	118.05	21.952	9.2625e-06	0.040727
594.45	0.74194	471.68	0.0021201	57.049	57.317	105.45	494.33	596.85	305.52	0.69657	8.0765e-05	0.075503	0.0031220	36.568	0.027347	82.862	86.318	154.24	486.61	531.44	117.90	21.965	9.2690e-06	0.040783
594.71	0.74497	471.27	0.0021219	57.205	57.475	105.71	494.48	597.20	304.65	0.70221	8.0543e-05	0.075457	0.0031067	36.748	0.027212	82.971	86.425	154.39	486.80	531.88	117.75	21.979	9.2755e-06	0.040839
594.98	0.74800	470.85	0.0021238	57.361	57.632	105.97	494.63	597.54	303.78	0.70788	8.0321e-05	0.075411	0.0030915	36.929	0.027079	83.080	86.530	154.55	486.98	532.33	117.60	21.992	9.2821e-06	0.040894
595.24	0.75103	470.43	0.0021257	57.517	57.789	106.24	494.78	597.89	302.91	0.71358	8.0100e-05	0.075365	0.0030764	37.111	0.026947	83.189	86.636	154.70	487.17	532.77	117.45	22.006	9.2886e-06	0.040950
595.51	0.75406	470.02	0.0021276	57.672	57.945	106.50	494.93	598.24	302.05	0.71932	7.9880e-05	0.075319	0.0030612	37.292	0.026815	83.297	86.741	154.85	487.35	533.21	117.30	22.020	9.2951e-06	0.041005
595.77	0.75708	469.61	0.0021294	57.827	58.101	106.76	495.09	598.59	301.19	0.72508	7.9660e-05	0.075273	0.0030462	37.474	0.026685	83.404	86.846	155.00	487.53	533.66	117.16	22.034	9.3016e-06	0.041061
596.03	0.76011	469.19	0.0021313	57.981	58.257	107.02	495.24	598.93	300.33	0.73087	7.9442e-05	0.075227	0.0030312	37.657	0.026556	83.512	86.950	155.16	487.72	534.11	117.01	22.048	9.3081e-06	0.041116
596.29	0.76314	468.78	0.0021332	58.135	58.412	107.28	495.39	599.28	299.47	0.73669	7.9224e-05	0.075182	0.0030163	37.840	0.026427	83.619	87.054	155.31	487.90	534.55	116.86	22.063	9.3146e-06	0.041172
596.55	0.76617	468.36	0.0021351	58.288	58.567	107.53	495.54	599.63	298.61	0.74254	7.9008e-05	0.075137	0.0030014	38.023	0.026300	83.725	87.157	155.46	488.08	535.00	116.71	22.078	9.3212e-06	0.041227
596.81	0.76920	467.95	0.0021370	58.441	58.721	107.79	495.68	599.98	297.76	0.74843	7.8792e-05	0.075092	0.0029866	38.207	0.026174	83.831	87.261	155.61	488.26	535.45	116.56	22.093	9.3277e-06	0.041282
597.07	0.77223	467.54	0.0021389	58.594	58.875	108.05	495.83	600.33	296.91	0.75434	7.8577e-05	0.075047	0.0029718	38.391	0.026048	83.937	87.363	155.76	488.44	535.90	116.41	22.108	9.3342e-06	0.041338
597.33	0.77525	467.13	0.0021407	58.746	59.029	108.30	495.98	600.69	296.06	0.76028	7.8363e-05	0.075002	0.0029571	38.575	0.025924	84.043	87.466	155.91	488.62	536.36	116.25	22.123	9.3407e-06	0.041393
597.59	0.77828	466.71	0.0021426	58.898	59.182	108.56	496.13	601.04	295.21	0.76626	7.8149e-05	0.074958	0.0029424	38.760	0.025800	84.148	87.568	156.06	488.80	536.81	116.10	22.138	9.3473e-06	0.041448
597.84	0.78131	466.30	0.0021445	59.050	59.335	108.81	496.28	601.39	294.36	0.77227	7.7937e-05	0.074913	0.0029278	38.945	0.025677	84.252	87.670	156.20	488.98	537.27	115.95	22.154	9.3538e-06	0.041503
598.10	0.78434	465.89	0.0021464	59.201	59.487	109.06	496.42	601.74	293.52	0.77831	7.7725e-05	0.074869	0.0029133	39.131	0.025556	84.357	87.771	156.35	489.16	537.72	115.80	22.169	9.3604e-06	0.041558
598.35	0.78737	465.48	0.0021483	59.351	59.639	109.32	496.57	602.10	292.68	0.78439	7.7514e-05	0.074825	0.0028988	39.316	0.025435	84.461	87.872	156.50	489.34	538.18	115.65	22.185	9.3669e-06	0.041613
598.61	0.79040	465.07	0.0021502	59.502	59.791	109.57	496.72	602.45	291.84	0.79049	7.7304e-05	0.074781	0.0028844	39.503	0.025315	84.565	87.973	156.65	489.52	538.64	115.50	22.201	9.3735e-06	0.041668
598.86	0.79342	464.66	0.0021521	59.652	59.942	109.82	496.86	602.80	291.01	0.79663	7.7095e-05	0.074738	0.0028700	39.690	0.025195	84.668	88.073	156.79	489.70	539.10	115.35	22.218	9.3800e-06	0.041723
599.11	0.79645	464.25	0.0021540	59.801	60.093	110.07	497.01	603.16	290.17	0.80281	7.6887e-05	0.074694	0.0028557	39.877	0.025077	84.771	88.173	156.94	489.88	539.56	115.20	22.234	9.3866e-06	0.041778
599.37	0.79948	463.84	0.0021559	59.950	60.244	110.32	497.15	603.51	289.34	0.80901	7.6679e-05	0.074651	0.0028414	40.064	0.024960	84.874	88.273	157.08	490.05	540.03	115.05	22.251	9.3931e-06	0.041833
599.62	0.80251	463.43	0.0021578	60.099	60.394	110.57	497.30	603.87	288.51	0.81525	7.6472e-05	0.074608	0.0028272	40.252	0.024843	84.976	88.372	157.23	490.23	540.49	114.90	22.267	9.3997e-06	0.041888
599.87	0.80554	463.02	0.0021597	60.247	60.544	110.81	497.44	604.23	287.68	0.82153	7.6266e-05	0.074565	0.0028130	40.441	0.024727	85.078	88.471	157.37	490.41	540.96	114.75	22.284	9.4063e-06	0.041942
600.12	0.80857	462.61	0.0021616	60.395	60.693	111.06	497.59	604.59	286.86	0.82784	7.6061e-05	0.074522	0.0027989	40.630	0.024613	85.180	88.569	157.51	490.58	541.43	114.59	22.301	9.4128e-06	0.041997
600.37	0.81159	462.20	0.0021635	60.543	60.842	111.31	497.73	604.94	286.03	0.83418	7.5856e-05	0.074479	0.0027848	40.819	0.024498	85.281	88.668	157.65	490.76	541.90	114.44	22.319	9.4194e-06	0.042052
600.61	0.81462	461.80	0.0021655	60.690	60.991	111.55	497.87	605.30	285.21	0.84056	7.5652e-05	0.074437	0.0027708	41.008	0.024385	85.382	88.766	157.80	490.93	542.37	114.29	22.336	9.4260e-06	0.042106
600.86	0.81765	461.39	0.0021674	60.837	61.139	111.80	498.02	605.66	284.39	0.84698	7.5449e-05	0.074394	0.0027569	41.199	0.024273	85.483	88.863	157.94	491.11	542.84	114.14	22.354	9.4326e-06	0.042161
601.11	0.82068	460.98	0.0021693	60.984	61.287	112.04	498.16	606.02	283.58	0.85343	7.5247e-05	0.074352	0.0027430	41.389	0.024161	85.583	88.960	158.08	491.28	543.31	113.99	22.372	9.4392e-06	0.042216
601.36	0.82371	460.57	0.0021712	61.130	61.435	112.29	498.30	606.38	282.76	0.85992	7.5045e-05	0.074310	0.0027291	41.580	0.024050	85.683	89.057	158.22	491.45	543.79	113.83	22.390	9.4458e-06	0.042270
601.60	0.82674	460.17	0.0021731	61.276	61.582	112.53	498.44	606.75	281.95	0.86644	7.4845e-05	0.074268	0.0027153	41.771	0.023940	85.783	89.154	158.36	491.63	544.27	113.68	22.408	9.4524e-06	0.042325
601.85	0.82976	459.76	0.0021751	61.421	61.729	112.77	498.58	607.11	281.13	0.87300	7.4644e-05	0.074226	0.0027015	41.963	0.023831	85.882	89.250	158.50	491.80	544.75	113.53	22.426	9.4590e-06	0.042379
602.09	0.83279	459.35	0.0021770	61.566	61.875	113.01	498.73	607.47	280.32	0.87960	7.4445e-05	0.074185	0.0026878	42.155	0.023722	85.981	89.346	158.64	491.97	545.23	113.38	22.445	9.4656e-06	0.042434
602.33	0.83582	458.95	0.0021789	61.711	62.021	113.25	498.87	607.84	279.52	0.88623	7.4246e-05	0.074143	0.0026742	42.348	0.023614	86.080	89.442	158.78	492.15	545.71	113.23	22.463	9.4723e-06	0.042488
602.57	0.83885	458.54	0.0021808	61.856	62.167	113.49	499.01	608.20	278.71	0.89290	7.4048e-05	0.074102	0.0026606	42.541	0.023507	86.178	89.537	158.91	492.32	546.20	113.07	22.482	9.4789e-06	0.042542
602.82	0.84188	458.13	0.0021828	62.000	62.313	113.73	499.15	608.57	277.91	0.89961	7.3851e-05	0.074061	0.0026470	42.734	0.023400	86.276	89.632	159.05	492.49	546.68	112.92	22.501	9.4855e-06	0.042597
603.06	0.84491	457.73	0.0021847	62.144	62.458	113.97	499.29	608.93	277.10	0.90636	7.3654e-05	0.074020	0.0026335	42.928	0.023295	86.374	89.726	159.19	492.66	547.17	112.77	22.520	9.4922e-06	0.042651
603.30	0.84793	457.32	0.0021866	62.287	62.603	114.21	499.43	609.30	276.30	0.91315	7.3458e-05	0.073979	0.0026200	43.122	0.023190	86.471	89.821	159.33	492.83	547.66	112.61	22.540	9.4988e-06	0.042705
603.54	0.85096	456.92	0.0021886	62.430	62.747	114.45	499.56	609.67	275.51	0.91998	7.3263e-05	0.073938	0.0026066	43.317	0.023085	86.569	89.915	159.46	493.00	548.15	112.46	22.559	9.5055e-06	0.042760
603.78	0.85399	456.51	0.0021905	62.573	62.891	114.68	499.70	610.04	274.71	0.92684	7.3069e-05	0.073898	0.0025932	43.512	0.022982	86.665	90.008	159.60	493.17	548.64	112.31	22.579	9.5121e-06	0.042814
604.02	0.85702	456.11	0.0021925	62.715	63.035	114.92	499.84	610.41	273.91	0.93375	7.2875e-05	0.073858	0.0025799	43.708	0.022879	86.762	90.102	159.73	493.34	549.14	112.15	22.599	9.5188e-06	0.042868
604.25	0.86005	455.70	0.0021944	62.857	63.179	115.16	499.98	610.78	273.12	0.94070	7.2682e-05	0.073817	0.0025667	43.904	0.022777	86.858	90.195	159.87	493.51	549.63	112.00	22.619	9.5255e-06	0.042922
604.49	0.86308	455.30	0.0021964	62.999	63.322	115.39	500.12	611.15	272.33	0.94768	7.2489e-05	0.073777	0.0025534	44.101	0.022675	86.954	90.287	160.00	493.68	550.13	111.85	22.639	9.5322e-06	0.042976
604.73	0.86610	454.89	0.0021983	63.140	63.465	115.63	500.25	611.53	271.54	0.95471	7.2297e-05	0.073737	0.0025403	44.298	0.022575	87.050	90.380	160.13	493.85	550.63	111.69	22.660	9.5389e-06	0.043030
604.96	0.86913	454.49	0.0022003	63.281	63.607	115.86	500.39	611.90	270.75	0.96178	7.2106e-05	0.073697	0.0025271	44.495	0.022474	87.145	90.472	160.27	494.01	551.14	111.54	22.680	9.5456e-06	0.043085
605.20	0.87216	454.08	0.0022022	63.422	63.749	116.09	500.53	612.27	269.97	0.96889	7.1915e-05	0.073658	0.0025140	44.693	0.022375	87.240	90.564	160.40	494.18	551.64	111.39	22.701	9.5523e-06	0.043139
605.43	0.87519	453.68	0.0022042	63.562	63.891	116.32	500.66	612.65	269.18	0.97604	7.1726e-05	0.073618	0.0025010	44.891	0.022276	87.334	90.655	160.53	494.35	552.15	111.23	22.722	9.5590e-06	0.043193
605.67	0.87822	453.28	0.0022062	63.703	64.033	116.56	500.80	613.03	268.40	0.98324	7.1536e-05	0.073579	0.0024880	45.090	0.022178	87.429	90.746	160.66	494.52	552.66	111.08	22.743	9.5657e-06	0.043247
605.90	0.88125	452.87	0.0022081	63.842	64.174	116.79	500.94	613.40	267.62	0.99048	7.1348e-05	0.073540	0.0024750	45.290	0.022080	87.523	90.837	160.79	494.68	553.17	110.92	22.765	9.5725e-06	0.043301
606.13	0.88427	452.47	0.0022101	63.982	64.315	117.02	501.07	613.78	266.84	0.99776	7.1160e-05	0.073501	0.0024621	45.489	0.021983	87.617	90.928	160.92	494.85	553.68	110.77	22.786	9.5792e-06	0.043355
606.36	0.88730	452.06	0.0022121	64.121	64.455	117.25	501.21	614.16	266.06	1.0051	7.0972e-05	0.073462	0.0024493	45.690	0.021887	87.710	91.018	161.06	495.02	554.20	110.61	22.808	9.5860e-06	0.043409
606.60	0.89033	451.66	0.0022140	64.260	64.595	117.48	501.34	614.54	265.29	1.0125	7.0785e-05	0.073423	0.0024365	45.890	0.021791	87.803	91.108	161.18	495.18	554.71	110.46	22.830	9.5927e-06	0.043463
606.83	0.89336	451.26	0.0022160	64.398	64.735	117.71	501.48	614.93	264.51	1.0199	7.0599e-05	0.073384	0.0024237	46.091	0.021696	87.896	91.198	161.31	495.35	555.23	110.31	22.852	9.5995e-06	0.043517
607.06	0.89639	450.86	0.0022180	64.536	64.875	117.93	501.61	615.31	263.74	1.0273	7.0414e-05	0.073346	0.0024110	46.293	0.021602	87.989	91.287	161.44	495.51	555.75	110.15	22.874	9.6063e-06	0.043570
607.29	0.89942	450.45	0.0022200	64.674	65.014	118.16	501.75	615.69	262.97	1.0348	7.0229e-05	0.073307	0.0023983	46.495	0.021508	88.081	91.376	161.57	495.68	556.28	110.00	22.897	9.6131e-06	0.043624
607.52	0.90244	450.05	0.0022220	64.812	65.153	118.39	501.88	616.08	262.20	1.0424	7.0045e-05	0.073269	0.0023856	46.698	0.021414	88.173	91.465	161.70	495.84	556.80	109.84	22.919	9.6199e-06	0.043678
607.74	0.90547	449.65	0.0022240	64.949	65.292	118.62	502.01	616.46	261.43	1.0500	6.9861e-05	0.073231	0.0023731	46.901	0.021322	88.265	91.553	161.83	496.01	557.33	109.69	22.942	9.6267e-06	0.043732
607.97	0.90850	449.25	0.0022260	65.086	65.431	118.84	502.15	616.85	260.67	1.0576	6.9678e-05	0.073193	0.0023605	47.104	0.021229	88.356	91.642	161.95	496.17	557.86	109.53	22.965	9.6335e-06	0.043786
608.20	0.91153	448.84	0.0022280	65.223	65.569	119.07	502.28	617.24	259.90	1.0653	6.9495e-05	0.073155	0.0023480	47.308	0.021138	88.448	91.730	162.08	496.33	558.40	109.37	22.988	9.6403e-06	0.043840
608.42	0.91456	448.44	0.0022299	65.359	65.707	119.29	502.41	617.63	259.14	1.0730	6.9313e-05	0.073118	0.0023355	47.513	0.021047	88.538	91.817	162.21	496.50	558.93	109.22	23.011	9.6472e-06	0.043894
608.65	0.91759	448.04	0.0022319	65.495	65.844	119.52	502.54	618.02	258.38	1.0808	6.9132e-05	0.073080	0.0023231	47.718	0.020957	88.629	91.904	162.33	496.66	559.47	109.06	23.035	9.6540e-06	0.043947
608.88	0.92061	447.64	0.0022340	65.631	65.981	119.74	502.68	618.41	257.62	1.0887	6.8951e-05	0.073043	0.0023107	47.923	0.020867	88.719	91.991	162.46	496.82	560.01	108.91	23.059	9.6609e-06	0.044001
609.10	0.92364	447.23	0.0022360	65.766	66.118	119.96	502.81	618.81	256.86	1.0965	6.8771e-05	0.073005	0.0022984	48.129	0.020777	88.809	92.078	162.58	496.98	560.55	108.75	23.082	9.6678e-06	0.044055
609.32	0.92667	446.83	0.0022380	65.902	66.255	120.18	502.94	619.20	256.11	1.1045	6.8591e-05	0.072968	0.0022861	48.336	0.020689	88.899	92.165	162.71	497.15	561.10	108.60	23.107	9.6746e-06	0.044109
609.55	0.92970	446.43	0.0022400	66.037	66.391	120.41	503.07	619.60	255.35	1.1125	6.8412e-05	0.072931	0.0022738	48.543	0.020600	88.989	92.251	162.83	497.31	561.64	108.44	23.131	9.6815e-06	0.044163
609.77	0.93273	446.03	0.0022420	66.171	66.527	120.63	503.20	619.99	254.60	1.1205	6.8233e-05	0.072894	0.0022616	48.750	0.020513	89.078	92.337	162.95	497.47	562.19	108.28	23.155	9.6884e-06	0.044216
609.99	0.93576	445.63	0.0022440	66.306	66.663	120.85	503.33	620.39	253.85	1.1286	6.8056e-05	0.072858	0.0022494	48.958	0.020426	89.167	92.422	163.08	497.63	562.75	108.13	23.180	9.6954e-06	0.044270
610.22	0.93878	445.23	0.0022460	66.440	66.799	121.07	503.46	620.79	253.10	1.1367	6.7878e-05	0.072821	0.0022373	49.167	0.020339	89.255	92.508	163.20	497.79	563.30	107.97	23.205	9.7023e-06	0.044324
610.44	0.94181	444.83	0.0022481	66.573	66.934	121.29	503.59	621.19	252.35	1.1449	6.7701e-05	0.072784	0.0022252	49.376	0.020253	89.344	92.593	163.32	497.95	563.86	107.81	23.230	9.7092e-06	0.044378
610.66	0.94484	444.42	0.0022501	66.707	67.069	121.51	503.72	621.60	251.60	1.1531	6.7525e-05	0.072748	0.0022132	49.585	0.020167	89.432	92.678	163.44	498.11	564.42	107.66	23.255	9.7162e-06	0.044431
610.88	0.94787	444.02	0.0022521	66.840	67.204	121.73	503.85	622.00	250.85	1.1614	6.7349e-05	0.072712	0.0022011	49.795	0.020082	89.520	92.762	163.57	498.27	564.98	107.50	23.280	9.7231e-06	0.044485
611.10	0.95090	443.62	0.0022542	66.973	67.338	121.94	503.98	622.41	250.11	1.1698	6.7174e-05	0.072676	0.0021892	50.006	0.019998	89.607	92.846	163.69	498.43	565.55	107.34	23.306	9.7301e-06	0.044539
611.32	0.95393	443.22	0.0022562	67.106	67.472	122.16	504.11	622.81	249.37	1.1782	6.6999e-05	0.072640	0.0021772	50.217	0.019914	89.695	92.930	163.81	498.59	566.12	107.19	23.332	9.7371e-06	0.044592
611.53	0.95695	442.82	0.0022583	67.238	67.606	122.38	504.24	623.22	248.62	1.1866	6.6825e-05	0.072604	0.0021653	50.429	0.019830	89.782	93.014	163.93	498.75	566.69	107.03	23.358	9.7441e-06	0.044646
611.75	0.95998	442.42	0.0022603	67.370	67.740	122.60	504.37	623.63	247.88	1.1951	6.6651e-05	0.072568	0.0021535	50.641	0.019747	89.868	93.097	164.05	498.91	567.27	106.87	23.384	9.7511e-06	0.044700
611.97	0.96301	442.02	0.0022624	67.502	67.873	122.81	504.50	624.04	247.14	1.2037	6.6478e-05	0.072533	0.0021417	50.854	0.019664	89.955	93.180	164.17	499.07	567.84	106.71	23.410	9.7582e-06	0.044754
612.19	0.96604	441.62	0.0022644	67.633	68.006	123.03	504.62	624.45	246.41	1.2123	6.6306e-05	0.072497	0.0021299	51.067	0.019582	90.041	93.263	164.28	499.23	568.42	106.56	23.437	9.7652e-06	0.044807
612.40	0.96907	441.21	0.0022665	67.765	68.139	123.24	504.75	624.87	245.67	1.2210	6.6133e-05	0.072462	0.0021182	51.281	0.019501	90.127	93.346	164.40	499.38	569.01	106.40	23.463	9.7723e-06	0.044861
612.62	0.97210	440.81	0.0022685	67.896	68.271	123.46	504.88	625.28	244.94	1.2297	6.5962e-05	0.072427	0.0021065	51.495	0.019419	90.213	93.428	164.52	499.54	569.59	106.24	23.490	9.7793e-06	0.044915
612.83	0.97512	440.41	0.0022706	68.026	68.403	123.67	505.01	625.70	244.20	1.2385	6.5791e-05	0.072392	0.0020948	51.710	0.019339	90.298	93.510	164.64	499.70	570.18	106.08	23.517	9.7864e-06	0.044968
613.05	0.97815	440.01	0.0022727	68.157	68.535	123.88	505.14	626.12	243.47	1.2473	6.5620e-05	0.072357	0.0020832	51.925	0.019259	90.383	93.592	164.76	499.86	570.78	105.92	23.545	9.7935e-06	0.045022
613.26	0.98118	439.61	0.0022747	68.287	68.667	124.10	505.26	626.54	242.74	1.2562	6.5450e-05	0.072322	0.0020716	52.141	0.019179	90.468	93.674	164.87	500.01	571.37	105.77	23.572	9.8006e-06	0.045076
613.48	0.98421	439.21	0.0022768	68.417	68.799	124.31	505.39	626.96	242.01	1.2652	6.5280e-05	0.072287	0.0020601	52.357	0.019099	90.553	93.755	164.99	500.17	571.97	105.61	23.600	9.8077e-06	0.045130
613.69	0.98724	438.81	0.0022789	68.547	68.930	124.52	505.52	627.39	241.28	1.2742	6.5111e-05	0.072253	0.0020486	52.575	0.019021	90.637	93.836	165.10	500.33	572.57	105.45	23.628	9.8149e-06	0.045183
613.90	0.99027	438.41	0.0022810	68.676	69.061	124.73	505.64	627.81	240.56	1.2833	6.4943e-05	0.072218	0.0020371	52.792	0.018942	90.722	93.917	165.22	500.48	573.18	105.29	23.656	9.8220e-06	0.045237
614.11	0.99329	438.01	0.0022831	68.805	69.192	124.94	505.77	628.24	239.83	1.2925	6.4775e-05	0.072184	0.0020257	53.010	0.018864	90.805	93.997	165.34	500.64	573.79	105.13	23.684	9.8292e-06	0.045291
614.32	0.99632	437.61	0.0022852	68.934	69.322	125.15	505.89	628.67	239.11	1.3017	6.4607e-05	0.072150	0.0020143	53.229	0.018787	90.889	94.077	165.45	500.80	574.40	104.97	23.713	9.8364e-06	0.045344
614.54	0.99935	437.21	0.0022873	69.063	69.452	125.36	506.02	629.10	238.38	1.3110	6.4440e-05	0.072116	0.0020029	53.448	0.018710	90.972	94.157	165.56	500.95	575.01	104.81	23.742	9.8436e-06	0.045398
614.75	1.0024	436.80	0.0022894	69.191	69.582	125.57	506.15	629.53	237.66	1.3203	6.4273e-05	0.072082	0.0019916	53.668	0.018633	91.056	94.237	165.68	501.11	575.63	104.66	23.771	9.8508e-06	0.045452
614.96	1.0054	436.40	0.0022915	69.319	69.712	125.78	506.27	629.97	236.94	1.3297	6.4107e-05	0.072048	0.0019803	53.889	0.018557	91.138	94.316	165.79	501.26	576.25	104.50	23.800	9.8580e-06	0.045506
615.17	1.0084	436.00	0.0022936	69.447	69.841	125.99	506.40	630.40	236.22	1.3392	6.3941e-05	0.072014	0.0019691	54.110	0.018481	91.221	94.396	165.91	501.42	576.88	104.34	23.829	9.8653e-06	0.045559
615.37	1.0115	435.60	0.0022957	69.575	69.970	126.20	506.52	630.84	235.50	1.3487	6.3776e-05	0.071981	0.0019579	54.331	0.018406	91.303	94.475	166.02	501.57	577.51	104.18	23.859	9.8725e-06	0.045613
615.58	1.0145	435.20	0.0022978	69.702	70.099	126.41	506.65	631.28	234.79	1.3583	6.3611e-05	0.071947	0.0019467	54.553	0.018331	91.386	94.553	166.13	501.73	578.14	104.02	23.888	9.8798e-06	0.045667
615.79	1.0175	434.80	0.0022999	69.829	70.228	126.61	506.77	631.73	234.07	1.3680	6.3446e-05	0.071914	0.0019355	54.776	0.018256	91.467	94.632	166.24	501.88	578.78	103.86	23.918	9.8871e-06	0.045721
616.00	1.0205	434.40	0.0023020	69.956	70.357	126.82	506.89	632.17	233.36	1.3777	6.3283e-05	0.071881	0.0019244	54.999	0.018182	91.549	94.710	166.35	502.04	579.42	103.70	23.948	9.8944e-06	0.045775
616.21	1.0236	434.00	0.0023042	70.083	70.485	127.03	507.02	632.62	232.64	1.3875	6.3119e-05	0.071848	0.0019134	55.223	0.018108	91.630	94.788	166.47	502.19	580.06	103.54	23.979	9.9018e-06	0.045829
616.41	1.0266	433.59	0.0023063	70.209	70.613	127.23	507.14	633.06	231.93	1.3974	6.2956e-05	0.071815	0.0019024	55.448	0.018035	91.712	94.865	166.58	502.34	580.71	103.38	24.009	9.9091e-06	0.045882
616.62	1.0296	433.19	0.0023084	70.336	70.741	127.44	507.27	633.51	231.22	1.4073	6.2793e-05	0.071782	0.0018914	55.673	0.017962	91.793	94.943	166.69	502.50	581.36	103.22	24.040	9.9165e-06	0.045936
616.82	1.0327	432.79	0.0023106	70.462	70.868	127.64	507.39	633.97	230.51	1.4173	6.2631e-05	0.071749	0.0018804	55.899	0.017889	91.873	95.020	166.80	502.65	582.02	103.06	24.071	9.9239e-06	0.045990
617.03	1.0357	432.39	0.0023127	70.587	70.995	127.85	507.51	634.42	229.80	1.4274	6.2470e-05	0.071717	0.0018695	56.125	0.017817	91.954	95.097	166.91	502.80	582.67	102.90	24.103	9.9313e-06	0.046044
617.23	1.0387	431.99	0.0023149	70.713	71.122	128.05	507.64	634.88	229.10	1.4376	6.2308e-05	0.071684	0.0018586	56.352	0.017746	92.034	95.173	167.02	502.96	583.34	102.74	24.134	9.9387e-06	0.046098
617.44	1.0417	431.59	0.0023170	70.838	71.249	128.25	507.76	635.33	228.39	1.4478	6.2148e-05	0.071652	0.0018477	56.580	0.017674	92.114	95.250	167.13	503.11	584.00	102.57	24.166	9.9461e-06	0.046152
617.64	1.0448	431.18	0.0023192	70.963	71.376	128.46	507.88	635.79	227.68	1.4581	6.1987e-05	0.071620	0.0018369	56.808	0.017603	92.193	95.326	167.23	503.26	584.68	102.41	24.197	9.9536e-06	0.046206
617.84	1.0478	430.78	0.0023214	71.088	71.502	128.66	508.00	636.26	226.98	1.4685	6.1827e-05	0.071588	0.0018261	57.037	0.017533	92.273	95.402	167.34	503.41	585.35	102.25	24.230	9.9610e-06	0.046260
618.05	1.0508	430.38	0.0023235	71.212	71.628	128.86	508.13	636.72	226.28	1.4789	6.1668e-05	0.071556	0.0018154	57.266	0.017462	92.352	95.478	167.45	503.57	586.03	102.09	24.262	9.9685e-06	0.046314
618.25	1.0539	429.98	0.0023257	71.337	71.754	129.06	508.25	637.19	225.58	1.4894	6.1508e-05	0.071524	0.0018047	57.496	0.017392	92.431	95.553	167.56	503.72	586.71	101.93	24.294	9.9760e-06	0.046368
618.45	1.0569	429.58	0.0023279	71.461	71.880	129.26	508.37	637.66	224.87	1.5000	6.1350e-05	0.071492	0.0017940	57.727	0.017323	92.510	95.628	167.66	503.87	587.40	101.77	24.327	9.9836e-06	0.046422
618.65	1.0599	429.17	0.0023301	71.584	72.005	129.47	508.49	638.13	224.18	1.5107	6.1191e-05	0.071460	0.0017833	57.958	0.017254	92.588	95.703	167.77	504.02	588.09	101.61	24.360	9.9911e-06	0.046476
618.85	1.0629	428.77	0.0023322	71.708	72.130	129.67	508.61	638.60	223.48	1.5215	6.1034e-05	0.071429	0.0017727	58.190	0.017185	92.666	95.778	167.88	504.17	588.79	101.44	24.393	9.9987e-06	0.046530
619.05	1.0660	428.37	0.0023344	71.831	72.255	129.87	508.73	639.08	222.78	1.5323	6.0876e-05	0.071397	0.0017621	58.423	0.017117	92.744	95.852	167.98	504.32	589.49	101.28	24.427	1.0006e-05	0.046584
619.25	1.0690	427.97	0.0023366	71.955	72.380	130.07	508.86	639.56	222.08	1.5432	6.0719e-05	0.071366	0.0017516	58.656	0.017049	92.822	95.926	168.09	504.47	590.20	101.12	24.460	1.0014e-05	0.046638
619.45	1.0720	427.56	0.0023388	72.078	72.505	130.26	508.98	640.04	221.39	1.5542	6.0562e-05	0.071335	0.0017411	58.890	0.016981	92.900	96.000	168.19	504.63	590.91	100.96	24.494	1.0022e-05	0.046693
619.65	1.0751	427.16	0.0023410	72.200	72.629	130.46	509.10	640.53	220.69	1.5653	6.0406e-05	0.071304	0.0017306	59.125	0.016913	92.977	96.074	168.30	504.78	591.62	100.80	24.528	1.0029e-05	0.046747
619.85	1.0781	426.76	0.0023433	72.323	72.753	130.66	509.22	641.01	220.00	1.5765	6.0250e-05	0.071273	0.0017201	59.360	0.016846	93.054	96.148	168.40	504.93	592.34	100.63	24.563	1.0037e-05	0.046801
620.05	1.0811	426.35	0.0023455	72.445	72.877	130.86	509.34	641.50	219.31	1.5877	6.0095e-05	0.071242	0.0017097	59.596	0.016780	93.131	96.221	168.51	505.08	593.06	100.47	24.597	1.0045e-05	0.046855
620.24	1.0841	425.95	0.0023477	72.567	73.001	131.06	509.46	641.99	218.62	1.5991	5.9940e-05	0.071211	0.0016994	59.832	0.016713	93.207	96.294	168.61	505.23	593.79	100.31	24.632	1.0052e-05	0.046910
620.44	1.0872	425.55	0.0023499	72.689	73.124	131.25	509.58	642.49	217.92	1.6105	5.9785e-05	0.071181	0.0016890	60.070	0.016647	93.284	96.366	168.72	505.38	594.53	100.14	24.667	1.0060e-05	0.046964
620.64	1.0902	425.14	0.0023521	72.811	73.247	131.45	509.70	642.98	217.24	1.6220	5.9630e-05	0.071150	0.0016787	60.308	0.016582	93.360	96.439	168.82	505.53	595.26	99.981	24.702	1.0068e-05	0.047018
620.83	1.0932	424.74	0.0023544	72.932	73.370	131.65	509.82	643.48	216.55	1.6336	5.9477e-05	0.071120	0.0016684	60.546	0.016516	93.436	96.511	168.92	505.68	596.01	99.817	24.738	1.0076e-05	0.047073
621.03	1.0963	424.33	0.0023566	73.053	73.493	131.84	509.94	643.99	215.86	1.6453	5.9323e-05	0.071090	0.0016582	60.785	0.016451	93.511	96.583	169.02	505.83	596.76	99.654	24.774	1.0083e-05	0.047127
621.23	1.0993	423.93	0.0023589	73.174	73.616	132.04	510.06	644.49	215.17	1.6571	5.9170e-05	0.071060	0.0016479	61.025	0.016387	93.587	96.655	169.13	505.97	597.51	99.490	24.810	1.0091e-05	0.047182
621.42	1.1023	423.53	0.0023611	73.295	73.738	132.23	510.18	645.00	214.49	1.6689	5.9017e-05	0.071030	0.0016377	61.266	0.016322	93.662	96.727	169.23	506.12	598.27	99.326	24.846	1.0099e-05	0.047236
621.61	1.1053	423.12	0.0023634	73.416	73.860	132.43	510.30	645.51	213.80	1.6809	5.8865e-05	0.071000	0.0016276	61.508	0.016258	93.737	96.798	169.33	506.27	599.03	99.162	24.882	1.0107e-05	0.047291
621.81	1.1084	422.72	0.0023657	73.536	73.982	132.62	510.42	646.03	213.12	1.6929	5.8712e-05	0.070970	0.0016175	61.750	0.016194	93.812	96.869	169.43	506.42	599.80	98.998	24.919	1.0115e-05	0.047346
622.00	1.1114	422.31	0.0023679	73.656	74.104	132.82	510.54	646.54	212.44	1.7051	5.8561e-05	0.070940	0.0016074	61.992	0.016131	93.886	96.940	169.53	506.57	600.58	98.834	24.956	1.0123e-05	0.047400
622.20	1.1144	421.91	0.0023702	73.776	74.226	133.01	510.65	647.06	211.75	1.7173	5.8409e-05	0.070911	0.0015973	62.236	0.016068	93.961	97.011	169.63	506.72	601.36	98.670	24.993	1.0131e-05	0.047455
622.39	1.1175	421.50	0.0023725	73.896	74.347	133.20	510.77	647.58	211.07	1.7297	5.8258e-05	0.070881	0.0015873	62.480	0.016005	94.035	97.081	169.73	506.87	602.14	98.505	25.031	1.0139e-05	0.047510
622.58	1.1205	421.10	0.0023748	74.015	74.468	133.40	510.89	648.11	210.39	1.7421	5.8108e-05	0.070852	0.0015773	62.725	0.015943	94.108	97.151	169.83	507.02	602.94	98.340	25.068	1.0147e-05	0.047565
622.77	1.1235	420.69	0.0023771	74.134	74.589	133.59	511.01	648.64	209.71	1.7546	5.7958e-05	0.070823	0.0015673	62.971	0.015880	94.182	97.221	169.93	507.16	603.73	98.175	25.106	1.0155e-05	0.047619
622.96	1.1265	420.28	0.0023793	74.254	74.710	133.78	511.13	649.17	209.03	1.7673	5.7808e-05	0.070794	0.0015574	63.217	0.015818	94.255	97.291	170.03	507.31	604.54	98.010	25.145	1.0163e-05	0.047674
623.15	1.1296	419.88	0.0023817	74.373	74.831	133.97	511.25	649.71	208.36	1.7800	5.7658e-05	0.070765	0.0015475	63.464	0.015757	94.329	97.360	170.13	507.46	605.34	97.845	25.183	1.0171e-05	0.047729
623.35	1.1326	419.47	0.0023840	74.491	74.951	134.16	511.37	650.25	207.68	1.7929	5.7509e-05	0.070736	0.0015376	63.712	0.015696	94.402	97.430	170.22	507.61	606.16	97.680	25.222	1.0179e-05	0.047784
623.54	1.1356	419.06	0.0023863	74.610	75.071	134.35	511.48	650.79	207.00	1.8058	5.7360e-05	0.070707	0.0015278	63.961	0.015635	94.474	97.499	170.32	507.75	606.98	97.514	25.261	1.0187e-05	0.047839
623.73	1.1387	418.66	0.0023886	74.728	75.191	134.54	511.60	651.33	206.33	1.8189	5.7211e-05	0.070678	0.0015180	64.210	0.015574	94.547	97.567	170.42	507.90	607.81	97.349	25.300	1.0195e-05	0.047894
623.91	1.1417	418.25	0.0023909	74.846	75.311	134.73	511.72	651.88	205.65	1.8320	5.7063e-05	0.070650	0.0015082	64.460	0.015513	94.619	97.636	170.52	508.05	608.64	97.183	25.339	1.0203e-05	0.047949
624.10	1.1447	417.84	0.0023933	74.964	75.431	134.92	511.84	652.44	204.98	1.8453	5.6915e-05	0.070621	0.0014984	64.711	0.015453	94.691	97.704	170.61	508.20	609.48	97.017	25.379	1.0211e-05	0.048005
624.29	1.1477	417.43	0.0023956	75.082	75.550	135.11	511.95	652.99	204.31	1.8587	5.6768e-05	0.070593	0.0014887	64.963	0.015393	94.763	97.772	170.71	508.34	610.33	96.850	25.419	1.0220e-05	0.048060
624.48	1.1508	417.03	0.0023979	75.199	75.669	135.30	512.07	653.55	203.63	1.8722	5.6621e-05	0.070565	0.0014790	65.215	0.015334	94.834	97.840	170.80	508.49	611.18	96.684	25.459	1.0228e-05	0.048115
624.67	1.1538	416.62	0.0024003	75.317	75.788	135.49	512.19	654.12	202.96	1.8858	5.6474e-05	0.070537	0.0014694	65.469	0.015275	94.906	97.908	170.90	508.64	612.04	96.518	25.500	1.0236e-05	0.048171
624.86	1.1568	416.21	0.0024026	75.434	75.907	135.68	512.31	654.68	202.29	1.8995	5.6327e-05	0.070509	0.0014597	65.723	0.015215	94.977	97.975	171.00	508.78	612.90	96.351	25.541	1.0244e-05	0.048226
625.04	1.1599	415.80	0.0024050	75.551	76.026	135.87	512.42	655.25	201.62	1.9133	5.6181e-05	0.070481	0.0014501	65.977	0.015157	95.048	98.042	171.09	508.93	613.77	96.184	25.582	1.0253e-05	0.048282
625.23	1.1629	415.39	0.0024074	75.668	76.144	136.05	512.54	655.83	200.95	1.9272	5.6035e-05	0.070453	0.0014406	66.233	0.015098	95.119	98.109	171.19	509.08	614.65	96.017	25.623	1.0261e-05	0.048337
625.41	1.1659	414.98	0.0024098	75.784	76.263	136.24	512.66	656.41	200.29	1.9413	5.5890e-05	0.070426	0.0014310	66.489	0.015040	95.189	98.176	171.28	509.22	615.54	95.850	25.665	1.0270e-05	0.048393
625.60	1.1689	414.57	0.0024121	75.900	76.381	136.43	512.77	656.99	199.62	1.9555	5.5744e-05	0.070398	0.0014215	66.746	0.014982	95.259	98.243	171.37	509.37	616.43	95.683	25.707	1.0278e-05	0.048449
625.79	1.1720	414.16	0.0024145	76.017	76.499	136.61	512.89	657.57	198.95	1.9698	5.5599e-05	0.070371	0.0014120	67.004	0.014924	95.330	98.309	171.47	509.52	617.33	95.515	25.749	1.0286e-05	0.048504
625.97	1.1750	413.75	0.0024169	76.133	76.616	136.80	513.01	658.16	198.29	1.9842	5.5455e-05	0.070344	0.0014026	67.263	0.014867	95.399	98.375	171.56	509.66	618.24	95.347	25.791	1.0295e-05	0.048560
626.16	1.1780	413.34	0.0024193	76.249	76.734	136.99	513.12	658.76	197.62	1.9988	5.5310e-05	0.070316	0.0013931	67.523	0.014810	95.469	98.441	171.65	509.81	619.15	95.179	25.834	1.0303e-05	0.048616
626.34	1.1811	412.93	0.0024217	76.364	76.851	137.17	513.24	659.36	196.96	2.0134	5.5166e-05	0.070289	0.0013838	67.783	0.014753	95.538	98.506	171.75	509.95	620.08	95.011	25.877	1.0312e-05	0.048672
626.52	1.1841	412.52	0.0024241	76.480	76.969	137.36	513.35	659.96	196.29	2.0282	5.5023e-05	0.070262	0.0013744	68.045	0.014696	95.608	98.572	171.84	510.10	621.00	94.843	25.921	1.0321e-05	0.048728
626.71	1.1871	412.10	0.0024266	76.595	77.086	137.54	513.47	660.57	195.63	2.0432	5.4879e-05	0.070236	0.0013651	68.307	0.014640	95.677	98.637	171.93	510.25	621.94	94.675	25.964	1.0329e-05	0.048784
626.89	1.1901	411.69	0.0024290	76.710	77.202	137.73	513.59	661.18	194.97	2.0582	5.4736e-05	0.070209	0.0013557	68.570	0.014584	95.745	98.702	172.02	510.39	622.89	94.506	26.008	1.0338e-05	0.048840
627.07	1.1932	411.28	0.0024314	76.825	77.319	137.91	513.70	661.79	194.30	2.0734	5.4593e-05	0.070182	0.0013465	68.834	0.014528	95.814	98.766	172.11	510.54	623.84	94.337	26.052	1.0346e-05	0.048897
627.25	1.1962	410.87	0.0024339	76.940	77.436	138.09	513.82	662.41	193.64	2.0888	5.4451e-05	0.070156	0.0013372	69.098	0.014472	95.882	98.831	172.20	510.68	624.80	94.169	26.097	1.0355e-05	0.048953
627.44	1.1992	410.45	0.0024363	77.054	77.552	138.28	513.93	663.04	192.98	2.1042	5.4308e-05	0.070129	0.0013280	69.364	0.014417	95.950	98.895	172.29	510.83	625.77	93.999	26.142	1.0364e-05	0.049010
627.62	1.2022	410.04	0.0024388	77.169	77.668	138.46	514.05	663.67	192.32	2.1198	5.4167e-05	0.070103	0.0013188	69.630	0.014362	96.018	98.959	172.38	510.97	626.75	93.830	26.187	1.0373e-05	0.049066
627.80	1.2053	409.63	0.0024413	77.283	77.784	138.64	514.16	664.30	191.66	2.1356	5.4025e-05	0.070077	0.0013096	69.897	0.014307	96.086	99.023	172.47	511.12	627.73	93.661	26.232	1.0381e-05	0.049123
627.98	1.2083	409.21	0.0024437	77.397	77.900	138.83	514.28	664.94	191.00	2.1515	5.3883e-05	0.070051	0.0013005	70.166	0.014252	96.153	99.087	172.56	511.26	628.73	93.491	26.278	1.0390e-05	0.049179
628.16	1.2113	408.80	0.0024462	77.511	78.015	139.01	514.40	665.59	190.34	2.1675	5.3742e-05	0.070025	0.0012914	70.435	0.014198	96.221	99.150	172.65	511.41	629.73	93.321	26.324	1.0399e-05	0.049236
628.34	1.2144	408.38	0.0024487	77.624	78.131	139.19	514.51	666.23	189.69	2.1837	5.3602e-05	0.069999	0.0012823	70.705	0.014143	96.288	99.213	172.74	511.55	630.74	93.151	26.370	1.0408e-05	0.049293
628.52	1.2174	407.97	0.0024512	77.738	78.246	139.37	514.63	666.89	189.03	2.2000	5.3461e-05	0.069973	0.0012733	70.975	0.014089	96.354	99.276	172.83	511.70	631.76	92.981	26.417	1.0417e-05	0.049350
628.70	1.2204	407.55	0.0024537	77.851	78.361	139.55	514.74	667.55	188.37	2.2165	5.3321e-05	0.069948	0.0012642	71.247	0.014036	96.421	99.339	172.92	511.84	632.79	92.810	26.464	1.0426e-05	0.049407
628.88	1.2234	407.13	0.0024562	77.964	78.476	139.73	514.86	668.21	187.72	2.2331	5.3181e-05	0.069922	0.0012553	71.520	0.013982	96.487	99.401	173.01	511.99	633.83	92.640	26.511	1.0435e-05	0.049464
629.06	1.2265	406.72	0.0024587	78.077	78.591	139.91	514.97	668.88	187.06	2.2499	5.3041e-05	0.069897	0.0012463	71.794	0.013929	96.554	99.463	173.09	512.13	634.88	92.469	26.559	1.0444e-05	0.049522
629.23	1.2295	406.30	0.0024612	78.190	78.706	140.09	515.09	669.56	186.41	2.2668	5.2902e-05	0.069872	0.0012373	72.068	0.013876	96.620	99.526	173.18	512.28	635.93	92.298	26.606	1.0453e-05	0.049579
629.41	1.2325	405.88	0.0024638	78.303	78.820	140.27	515.20	670.24	185.75	2.2839	5.2762e-05	0.069847	0.0012284	72.344	0.013823	96.685	99.587	173.27	512.42	637.00	92.127	26.655	1.0462e-05	0.049637
629.59	1.2356	405.46	0.0024663	78.415	78.934	140.45	515.31	670.92	185.10	2.3012	5.2623e-05	0.069822	0.0012196	72.620	0.013770	96.751	99.649	173.35	512.57	638.08	91.955	26.703	1.0471e-05	0.049694
629.77	1.2386	405.04	0.0024689	78.528	79.049	140.63	515.43	671.61	184.44	2.3186	5.2485e-05	0.069797	0.0012107	72.897	0.013718	96.816	99.710	173.44	512.71	639.16	91.784	26.752	1.0481e-05	0.049752
629.94	1.2416	404.62	0.0024714	78.640	79.163	140.81	515.54	672.31	183.79	2.3362	5.2346e-05	0.069772	0.0012019	73.176	0.013666	96.881	99.771	173.53	512.85	640.26	91.612	26.801	1.0490e-05	0.049810
630.12	1.2446	404.20	0.0024740	78.752	79.276	140.99	515.66	673.01	183.14	2.3539	5.2208e-05	0.069747	0.0011931	73.455	0.013614	96.946	99.832	173.61	513.00	641.36	91.440	26.851	1.0499e-05	0.049868
630.30	1.2477	403.78	0.0024766	78.864	79.390	141.17	515.77	673.72	182.49	2.3718	5.2070e-05	0.069723	0.0011843	73.735	0.013562	97.011	99.893	173.70	513.14	642.48	91.268	26.901	1.0508e-05	0.049926
630.47	1.2507	403.36	0.0024792	78.975	79.504	141.35	515.89	674.44	181.84	2.3899	5.1933e-05	0.069698	0.0011755	74.017	0.013510	97.075	99.954	173.78	513.29	643.61	91.095	26.951	1.0518e-05	0.049984
630.65	1.2537	402.94	0.0024817	79.087	79.617	141.52	516.00	675.16	181.18	2.4082	5.1795e-05	0.069674	0.0011668	74.299	0.013459	97.140	100.01	173.87	513.43	644.75	90.923	27.002	1.0527e-05	0.050042
630.82	1.2568	402.52	0.0024843	79.198	79.730	141.70	516.12	675.88	180.53	2.4266	5.1658e-05	0.069650	0.0011581	74.582	0.013408	97.204	100.07	173.95	513.58	645.90	90.750	27.052	1.0536e-05	0.050100
631.00	1.2598	402.10	0.0024870	79.310	79.843	141.88	516.23	676.62	179.88	2.4453	5.1521e-05	0.069626	0.0011495	74.866	0.013357	97.267	100.13	174.03	513.72	647.06	90.577	27.104	1.0546e-05	0.050159
631.17	1.2628	401.68	0.0024896	79.421	79.956	142.06	516.34	677.36	179.23	2.4641	5.1384e-05	0.069602	0.0011408	75.152	0.013306	97.331	100.19	174.12	513.86	648.23	90.403	27.155	1.0555e-05	0.050217
631.34	1.2658	401.25	0.0024922	79.532	80.069	142.23	516.46	678.10	178.59	2.4831	5.1248e-05	0.069578	0.0011322	75.438	0.013256	97.395	100.25	174.20	514.01	649.41	90.230	27.207	1.0565e-05	0.050276
631.52	1.2689	400.83	0.0024948	79.642	80.181	142.41	516.57	678.86	177.94	2.5023	5.1112e-05	0.069554	0.0011236	75.725	0.013206	97.458	100.31	174.28	514.15	650.60	90.056	27.260	1.0575e-05	0.050335
631.69	1.2719	400.40	0.0024975	79.753	80.294	142.58	516.69	679.62	177.29	2.5216	5.0976e-05	0.069531	0.0011151	76.014	0.013156	97.521	100.37	174.37	514.30	651.81	89.882	27.312	1.0584e-05	0.050394
631.86	1.2749	399.98	0.0025001	79.863	80.406	142.76	516.80	680.38	176.64	2.5412	5.0840e-05	0.069507	0.0011065	76.303	0.013106	97.583	100.43	174.45	514.44	653.03	89.708	27.365	1.0594e-05	0.050453
632.04	1.2780	399.55	0.0025028	79.974	80.518	142.94	516.92	681.16	175.99	2.5610	5.0704e-05	0.069484	0.0010980	76.593	0.013056	97.646	100.49	174.53	514.58	654.26	89.534	27.419	1.0604e-05	0.050513
632.21	1.2810	399.13	0.0025055	80.084	80.630	143.11	517.03	681.94	175.35	2.5809	5.0569e-05	0.069461	0.0010895	76.885	0.013006	97.708	100.55	174.61	514.73	655.50	89.359	27.473	1.0613e-05	0.050572
632.38	1.2840	398.70	0.0025081	80.194	80.742	143.29	517.14	682.72	174.70	2.6011	5.0434e-05	0.069438	0.0010811	77.178	0.012957	97.771	100.60	174.69	514.87	656.76	89.185	27.527	1.0623e-05	0.050632
632.55	1.2870	398.27	0.0025108	80.303	80.854	143.46	517.26	683.52	174.05	2.6215	5.0299e-05	0.069415	0.0010727	77.471	0.012908	97.832	100.66	174.77	515.01	658.03	89.010	27.581	1.0633e-05	0.050691
632.72	1.2901	397.85	0.0025135	80.413	80.965	143.63	517.37	684.32	173.41	2.6421	5.0164e-05	0.069392	0.0010643	77.766	0.012859	97.894	100.72	174.86	515.16	659.31	88.834	27.636	1.0643e-05	0.050751
632.89	1.2931	397.42	0.0025162	80.523	81.077	143.81	517.48	685.13	172.76	2.6629	5.0030e-05	0.069369	0.0010559	78.062	0.012810	97.956	100.78	174.94	515.30	660.60	88.659	27.691	1.0653e-05	0.050811
633.06	1.2961	396.99	0.0025190	80.632	81.188	143.98	517.60	685.95	172.11	2.6839	4.9896e-05	0.069346	0.0010475	78.359	0.012762	98.017	100.83	175.02	515.45	661.91	88.483	27.747	1.0663e-05	0.050871
633.23	1.2992	396.56	0.0025217	80.741	81.299	144.16	517.71	686.78	171.47	2.7051	4.9762e-05	0.069324	0.0010392	78.657	0.012713	98.078	100.89	175.10	515.59	663.23	88.307	27.803	1.0673e-05	0.050932
633.40	1.3022	396.13	0.0025244	80.850	81.410	144.33	517.83	687.61	170.82	2.7266	4.9628e-05	0.069302	0.0010309	78.957	0.012665	98.139	100.95	175.17	515.73	664.57	88.131	27.860	1.0683e-05	0.050992
633.57	1.3052	395.70	0.0025272	80.959	81.521	144.50	517.94	688.45	170.18	2.7483	4.9494e-05	0.069279	0.0010227	79.257	0.012617	98.200	101.00	175.25	515.88	665.92	87.955	27.917	1.0693e-05	0.051053
633.74	1.3082	395.27	0.0025299	81.068	81.632	144.67	518.05	689.31	169.53	2.7702	4.9361e-05	0.069257	0.0010144	79.559	0.012569	98.260	101.06	175.33	516.02	667.28	87.778	27.974	1.0703e-05	0.051113
633.91	1.3113	394.83	0.0025327	81.177	81.743	144.85	518.17	690.17	168.89	2.7923	4.9228e-05	0.069235	0.0010062	79.861	0.012522	98.320	101.12	175.41	516.16	668.66	87.601	28.031	1.0714e-05	0.051174
634.08	1.3143	394.40	0.0025355	81.285	81.853	145.02	518.28	691.03	168.25	2.8147	4.9095e-05	0.069213	0.00099801	80.165	0.012474	98.380	101.17	175.49	516.31	670.05	87.424	28.090	1.0724e-05	0.051236
634.25	1.3173	393.97	0.0025383	81.394	81.963	145.19	518.40	691.91	167.60	2.8373	4.8962e-05	0.069192	0.00098984	80.470	0.012427	98.440	101.23	175.57	516.45	671.46	87.247	28.148	1.0734e-05	0.051297
634.42	1.3204	393.53	0.0025411	81.502	82.073	145.36	518.51	692.80	166.96	2.8602	4.8829e-05	0.069170	0.00098170	80.777	0.012380	98.500	101.28	175.64	516.60	672.89	87.069	28.207	1.0745e-05	0.051358
634.58	1.3234	393.10	0.0025439	81.610	82.183	145.53	518.62	693.69	166.32	2.8833	4.8697e-05	0.069148	0.00097358	81.084	0.012333	98.559	101.34	175.72	516.74	674.33	86.891	28.266	1.0755e-05	0.051420
634.75	1.3264	392.66	0.0025467	81.718	82.293	145.70	518.74	694.60	165.67	2.9067	4.8565e-05	0.069127	0.00096549	81.393	0.012286	98.618	101.39	175.80	516.88	675.78	86.713	28.326	1.0766e-05	0.051482
634.92	1.3294	392.23	0.0025496	81.826	82.403	145.88	518.85	695.51	165.03	2.9303	4.8433e-05	0.069106	0.00095743	81.703	0.012239	98.677	101.45	175.87	517.03	677.26	86.535	28.386	1.0776e-05	0.051544
635.08	1.3325	391.79	0.0025524	81.934	82.513	146.05	518.96	696.43	164.39	2.9542	4.8301e-05	0.069085	0.00094939	82.014	0.012193	98.736	101.50	175.95	517.17	678.75	86.356	28.447	1.0787e-05	0.051606
635.25	1.3355	391.35	0.0025553	82.041	82.622	146.22	519.08	697.37	163.75	2.9784	4.8169e-05	0.069064	0.00094138	82.326	0.012147	98.795	101.56	176.02	517.32	680.25	86.177	28.508	1.0798e-05	0.051669
635.41	1.3385	390.91	0.0025581	82.149	82.732	146.39	519.19	698.31	163.10	3.0028	4.8037e-05	0.069043	0.00093339	82.640	0.012101	98.853	101.61	176.10	517.46	681.78	85.998	28.569	1.0808e-05	0.051731
635.58	1.3416	390.47	0.0025610	82.256	82.841	146.56	519.31	699.26	162.46	3.0275	4.7906e-05	0.069022	0.00092543	82.955	0.012055	98.911	101.67	176.17	517.60	683.32	85.819	28.631	1.0819e-05	0.051794
635.75	1.3446	390.03	0.0025639	82.363	82.950	146.73	519.42	700.23	161.82	3.0525	4.7775e-05	0.069002	0.00091749	83.271	0.012009	98.969	101.72	176.25	517.75	684.88	85.639	28.694	1.0830e-05	0.051857
635.91	1.3476	389.59	0.0025668	82.470	83.059	146.90	519.53	701.20	161.18	3.0778	4.7644e-05	0.068981	0.00090958	83.589	0.011963	99.027	101.77	176.32	517.89	686.46	85.459	28.756	1.0841e-05	0.051921
636.07	1.3506	389.15	0.0025697	82.577	83.168	147.06	519.65	702.19	160.54	3.1033	4.7513e-05	0.068961	0.00090169	83.908	0.011918	99.084	101.83	176.40	518.04	688.06	85.279	28.820	1.0852e-05	0.051984
636.24	1.3537	388.70	0.0025726	82.684	83.277	147.23	519.76	703.19	159.89	3.1292	4.7382e-05	0.068941	0.00089383	84.228	0.011873	99.141	101.88	176.47	518.18	689.67	85.099	28.884	1.0863e-05	0.052048
636.40	1.3567	388.26	0.0025756	82.790	83.386	147.40	519.87	704.20	159.25	3.1553	4.7252e-05	0.068921	0.00088599	84.550	0.011827	99.198	101.93	176.54	518.32	691.31	84.918	28.948	1.0874e-05	0.052112
636.57	1.3597	387.82	0.0025785	82.897	83.494	147.57	519.99	705.22	158.61	3.1818	4.7121e-05	0.068901	0.00087818	84.873	0.011782	99.255	101.98	176.62	518.47	692.96	84.737	29.012	1.0885e-05	0.052176
636.73	1.3628	387.37	0.0025815	83.003	83.602	147.74	520.10	706.25	157.97	3.2086	4.6991e-05	0.068881	0.00087039	85.197	0.011738	99.312	102.04	176.69	518.61	694.64	84.556	29.078	1.0896e-05	0.052240
636.89	1.3658	386.92	0.0025845	83.110	83.711	147.91	520.22	707.29	157.33	3.2356	4.6861e-05	0.068862	0.00086263	85.523	0.011693	99.368	102.09	176.76	518.76	696.33	84.374	29.143	1.0907e-05	0.052305
637.06	1.3688	386.48	0.0025875	83.216	83.819	148.07	520.33	708.35	156.69	3.2630	4.6731e-05	0.068842	0.00085489	85.850	0.011648	99.424	102.14	176.83	518.90	698.05	84.192	29.209	1.0919e-05	0.052370
637.22	1.3718	386.03	0.0025905	83.322	83.927	148.24	520.44	709.42	156.05	3.2908	4.6601e-05	0.068823	0.00084718	86.178	0.011604	99.480	102.19	176.91	519.04	699.79	84.010	29.276	1.0930e-05	0.052435
637.38	1.3749	385.58	0.0025935	83.428	84.035	148.41	520.56	710.50	155.41	3.3188	4.6472e-05	0.068804	0.00083949	86.508	0.011560	99.536	102.24	176.98	519.19	701.55	83.828	29.343	1.0942e-05	0.052500
637.54	1.3779	385.13	0.0025965	83.533	84.143	148.58	520.67	711.60	154.77	3.3472	4.6342e-05	0.068785	0.00083183	86.839	0.011516	99.591	102.29	177.05	519.33	703.33	83.645	29.411	1.0953e-05	0.052566
637.70	1.3809	384.68	0.0025996	83.639	84.251	148.74	520.79	712.70	154.12	3.3760	4.6213e-05	0.068766	0.00082419	87.172	0.011472	99.647	102.35	177.12	519.48	705.13	83.462	29.479	1.0965e-05	0.052632
637.86	1.3839	384.23	0.0026026	83.745	84.358	148.91	520.90	713.83	153.48	3.4051	4.6084e-05	0.068747	0.00081658	87.506	0.011428	99.702	102.40	177.19	519.62	706.96	83.279	29.548	1.0976e-05	0.052698
638.03	1.3870	383.77	0.0026057	83.850	84.466	149.08	521.02	714.96	152.84	3.4345	4.5955e-05	0.068729	0.00080899	87.842	0.011384	99.757	102.45	177.26	519.77	708.82	83.095	29.617	1.0988e-05	0.052765
638.19	1.3900	383.32	0.0026088	83.955	84.573	149.24	521.13	716.11	152.20	3.4644	4.5826e-05	0.068710	0.00080143	88.179	0.011341	99.811	102.50	177.33	519.91	710.69	82.911	29.686	1.1000e-05	0.052831
638.35	1.3930	382.86	0.0026119	84.061	84.680	149.41	521.24	717.28	151.56	3.4946	4.5697e-05	0.068692	0.00079389	88.518	0.011297	99.866	102.55	177.40	520.06	712.59	82.727	29.757	1.1012e-05	0.052898
638.51	1.3961	382.41	0.0026150	84.166	84.787	149.57	521.36	718.46	150.92	3.5251	4.5568e-05	0.068674	0.00078637	88.858	0.011254	99.920	102.60	177.47	520.20	714.52	82.542	29.827	1.1024e-05	0.052966
638.67	1.3991	381.95	0.0026181	84.271	84.895	149.74	521.47	719.65	150.28	3.5561	4.5439e-05	0.068656	0.00077888	89.200	0.011211	99.974	102.65	177.53	520.35	716.47	82.358	29.899	1.1036e-05	0.053034
638.82	1.4021	381.49	0.0026213	84.375	85.001	149.91	521.59	720.86	149.64	3.5874	4.5311e-05	0.068638	0.00077142	89.544	0.011168	100.03	102.69	177.60	520.49	718.45	82.172	29.970	1.1048e-05	0.053101
638.98	1.4051	381.03	0.0026244	84.480	85.108	150.07	521.70	722.09	148.99	3.6192	4.5183e-05	0.068620	0.00076398	89.889	0.011125	100.08	102.74	177.67	520.64	720.45	81.987	30.043	1.1060e-05	0.053170
639.14	1.4082	380.57	0.0026276	84.585	85.215	150.24	521.82	723.33	148.35	3.6513	4.5054e-05	0.068603	0.00075656	90.235	0.011082	100.13	102.79	177.74	520.78	722.49	81.801	30.116	1.1072e-05	0.053238
639.30	1.4112	380.11	0.0026308	84.689	85.322	150.40	521.93	724.59	147.71	3.6839	4.4926e-05	0.068586	0.00074917	90.583	0.011040	100.19	102.84	177.80	520.93	724.55	81.615	30.189	1.1085e-05	0.053307
639.46	1.4142	379.65	0.0026340	84.794	85.428	150.56	522.05	725.87	147.07	3.7169	4.4798e-05	0.068569	0.00074180	90.933	0.010997	100.24	102.89	177.87	521.08	726.64	81.429	30.263	1.1097e-05	0.053377
639.62	1.4173	379.19	0.0026372	84.898	85.535	150.73	522.16	727.16	146.43	3.7503	4.4670e-05	0.068552	0.00073446	91.285	0.010955	100.29	102.94	177.94	521.22	728.76	81.242	30.338	1.1109e-05	0.053446
639.77	1.4203	378.72	0.0026405	85.002	85.641	150.89	522.28	728.48	145.79	3.7842	4.4542e-05	0.068535	0.00072714	91.638	0.010913	100.35	102.99	178.00	521.37	730.90	81.055	30.413	1.1122e-05	0.053516
639.93	1.4233	378.26	0.0026437	85.106	85.747	151.06	522.39	729.81	145.14	3.8185	4.4414e-05	0.068518	0.00071984	91.993	0.010870	100.40	103.03	178.07	521.51	733.08	80.867	30.489	1.1135e-05	0.053586
640.09	1.4263	377.79	0.0026470	85.210	85.854	151.22	522.51	731.16	144.50	3.8533	4.4287e-05	0.068502	0.00071257	92.350	0.010828	100.45	103.08	178.13	521.66	735.29	80.680	30.566	1.1147e-05	0.053657
640.25	1.4294	377.32	0.0026503	85.314	85.960	151.38	522.63	732.52	143.86	3.8886	4.4159e-05	0.068486	0.00070533	92.708	0.010787	100.50	103.13	178.20	521.81	737.54	80.491	30.643	1.1160e-05	0.053728
640.40	1.4324	376.85	0.0026536	85.418	86.066	151.55	522.74	733.91	143.22	3.9243	4.4032e-05	0.068469	0.00069810	93.068	0.010745	100.55	103.17	178.26	521.95	739.81	80.303	30.720	1.1173e-05	0.053800
640.56	1.4354	376.38	0.0026569	85.522	86.171	151.71	522.86	735.32	142.57	3.9605	4.3904e-05	0.068454	0.00069091	93.430	0.010703	100.60	103.22	178.33	522.10	742.12	80.114	30.798	1.1186e-05	0.053872
640.71	1.4385	375.91	0.0026602	85.625	86.277	151.87	522.97	736.75	141.93	3.9972	4.3777e-05	0.068438	0.00068373	93.794	0.010662	100.66	103.27	178.39	522.24	744.47	79.925	30.877	1.1199e-05	0.053944
640.87	1.4415	375.43	0.0026636	85.729	86.383	152.04	523.09	738.20	141.29	4.0344	4.3649e-05	0.068422	0.00067658	94.159	0.010620	100.71	103.31	178.45	522.39	746.85	79.735	30.957	1.1212e-05	0.054016
641.02	1.4445	374.96	0.0026670	85.832	86.489	152.20	523.20	739.67	140.64	4.0721	4.3522e-05	0.068407	0.00066946	94.526	0.010579	100.76	103.36	178.52	522.54	749.26	79.545	31.037	1.1225e-05	0.054089
641.18	1.4475	374.48	0.0026704	85.936	86.594	152.36	523.32	741.16	140.00	4.1104	4.3395e-05	0.068392	0.00066236	94.896	0.010538	100.81	103.41	178.58	522.69	751.71	79.355	31.118	1.1239e-05	0.054163
641.33	1.4506	374.00	0.0026738	86.039	86.700	152.52	523.44	742.68	139.35	4.1492	4.3268e-05	0.068377	0.00065528	95.267	0.010497	100.86	103.45	178.64	522.83	754.20	79.164	31.199	1.1252e-05	0.054237
641.49	1.4536	373.52	0.0026772	86.142	86.805	152.69	523.55	744.21	138.71	4.1885	4.3141e-05	0.068362	0.00064823	95.640	0.010456	100.91	103.50	178.70	522.98	756.73	78.973	31.281	1.1266e-05	0.054311
641.64	1.4566	373.04	0.0026807	86.245	86.910	152.85	523.67	745.78	138.06	4.2284	4.3014e-05	0.068348	0.00064120	96.015	0.010415	100.96	103.54	178.77	523.13	759.30	78.782	31.364	1.1279e-05	0.054386
641.80	1.4597	372.56	0.0026841	86.348	87.015	153.01	523.79	747.36	137.42	4.2689	4.2887e-05	0.068333	0.00063419	96.392	0.010374	101.01	103.59	178.83	523.28	761.91	78.590	31.448	1.1293e-05	0.054462
641.95	1.4627	372.08	0.0026876	86.451	87.121	153.17	523.90	748.98	136.77	4.3100	4.2760e-05	0.068319	0.00062721	96.771	0.010334	101.05	103.63	178.89	523.42	764.56	78.398	31.532	1.1307e-05	0.054537
642.10	1.4657	371.59	0.0026911	86.554	87.226	153.33	524.02	750.61	136.13	4.3516	4.2633e-05	0.068305	0.00062025	97.152	0.010293	101.10	103.67	178.95	523.57	767.25	78.205	31.617	1.1321e-05	0.054614
642.26	1.4687	371.11	0.0026946	86.657	87.331	153.49	524.14	752.28	135.48	4.3939	4.2506e-05	0.068292	0.00061332	97.535	0.010253	101.15	103.72	179.01	523.72	769.99	78.012	31.702	1.1335e-05	0.054691
642.41	1.4718	370.62	0.0026982	86.759	87.436	153.66	524.26	753.97	134.83	4.4368	4.2379e-05	0.068278	0.00060641	97.920	0.010212	101.20	103.76	179.07	523.87	772.77	77.819	31.788	1.1349e-05	0.054768
642.56	1.4748	370.13	0.0027018	86.862	87.540	153.82	524.37	755.69	134.19	4.4803	4.2252e-05	0.068265	0.00059953	98.307	0.010172	101.25	103.80	179.13	524.02	775.60	77.625	31.875	1.1363e-05	0.054846
642.71	1.4778	369.64	0.0027054	86.964	87.645	153.98	524.49	757.44	133.54	4.5245	4.2125e-05	0.068252	0.00059267	98.696	0.010132	101.30	103.85	179.19	524.17	778.48	77.431	31.963	1.1377e-05	0.054924
642.86	1.4809	369.14	0.0027090	87.067	87.750	154.14	524.61	759.22	132.89	4.5694	4.1999e-05	0.068239	0.00058583	99.088	0.010092	101.34	103.89	179.25	524.31	781.40	77.236	32.052	1.1392e-05	0.055003
643.02	1.4839	368.65	0.0027126	87.169	87.854	154.30	524.73	761.02	132.24	4.6149	4.1872e-05	0.068227	0.00057902	99.481	0.010052	101.39	103.93	179.30	524.46	784.38	77.041	32.141	1.1406e-05	0.055083
643.17	1.4869	368.15	0.0027163	87.271	87.959	154.46	524.85	762.86	131.59	4.6612	4.1745e-05	0.068214	0.00057223	99.877	0.010012	101.44	103.98	179.36	524.61	787.40	76.845	32.231	1.1421e-05	0.055163
643.32	1.4899	367.66	0.0027199	87.373	88.064	154.62	524.97	764.73	130.94	4.7081	4.1618e-05	0.068202	0.00056547	100.28	0.0099725	101.49	104.02	179.42	524.76	790.48	76.649	32.321	1.1436e-05	0.055244
643.47	1.4930	367.16	0.0027236	87.475	88.168	154.78	525.09	766.63	130.29	4.7558	4.1492e-05	0.068190	0.00055873	100.68	0.0099329	101.53	104.06	179.48	524.91	793.61	76.453	32.413	1.1451e-05	0.055325
643.62	1.4960	366.65	0.0027274	87.577	88.272	154.94	525.20	768.57	129.64	4.8042	4.1365e-05	0.068179	0.00055201	101.08	0.0098933	101.58	104.10	179.53	525.06	796.80	76.256	32.505	1.1466e-05	0.055407
643.77	1.4990	366.15	0.0027311	87.679	88.377	155.10	525.32	770.54	128.99	4.8534	4.1238e-05	0.068168	0.00054532	101.48	0.0098538	101.63	104.14	179.59	525.21	800.05	76.059	32.598	1.1481e-05	0.055490
643.92	1.5021	365.65	0.0027349	87.781	88.481	155.26	525.44	772.55	128.34	4.9034	4.1111e-05	0.068157	0.00053865	101.89	0.0098144	101.67	104.18	179.64	525.36	803.35	75.861	32.692	1.1496e-05	0.055573
644.07	1.5051	365.14	0.0027387	87.883	88.585	155.42	525.56	774.59	127.69	4.9542	4.0984e-05	0.068146	0.00053201	102.30	0.0097751	101.72	104.22	179.70	525.52	806.72	75.663	32.787	1.1512e-05	0.055657
644.22	1.5081	364.63	0.0027425	87.985	88.689	155.58	525.68	776.68	127.03	5.0058	4.0858e-05	0.068135	0.00052539	102.71	0.0097358	101.76	104.26	179.75	525.67	810.14	75.464	32.882	1.1527e-05	0.055742
644.37	1.5111	364.12	0.0027464	88.086	88.793	155.74	525.80	778.80	126.38	5.0583	4.0731e-05	0.068125	0.00051879	103.13	0.0096967	101.81	104.30	179.81	525.82	813.63	75.265	32.979	1.1543e-05	0.055827
644.52	1.5142	363.60	0.0027502	88.188	88.897	155.90	525.92	780.96	125.72	5.1116	4.0604e-05	0.068115	0.00051222	103.55	0.0096576	101.85	104.34	179.86	525.97	817.19	75.065	33.076	1.1559e-05	0.055914
644.67	1.5172	363.09	0.0027541	88.290	89.001	156.06	526.04	783.16	125.07	5.1658	4.0477e-05	0.068106	0.00050567	103.97	0.0096186	101.90	104.38	179.92	526.12	820.82	74.865	33.174	1.1575e-05	0.056001
644.81	1.5202	362.57	0.0027581	88.391	89.105	156.21	526.17	785.41	124.41	5.2209	4.0350e-05	0.068097	0.00049915	104.39	0.0095796	101.94	104.42	179.97	526.27	824.51	74.664	33.273	1.1591e-05	0.056088
644.96	1.5233	362.05	0.0027620	88.493	89.209	156.37	526.29	787.69	123.76	5.2769	4.0223e-05	0.068088	0.00049265	104.81	0.0095408	101.99	104.46	180.02	526.43	828.28	74.463	33.373	1.1607e-05	0.056177
645.11	1.5263	361.53	0.0027660	88.594	89.313	156.53	526.41	790.03	123.10	5.3339	4.0095e-05	0.068079	0.00048617	105.24	0.0095020	102.03	104.50	180.07	526.58	832.12	74.261	33.473	1.1623e-05	0.056267
645.26	1.5293	361.01	0.0027700	88.695	89.417	156.69	526.53	792.41	122.44	5.3918	3.9968e-05	0.068071	0.00047972	105.67	0.0094633	102.07	104.54	180.13	526.73	836.04	74.059	33.575	1.1640e-05	0.056357
645.40	1.5323	360.48	0.0027741	88.797	89.521	156.85	526.65	794.84	121.78	5.4508	3.9841e-05	0.068063	0.00047330	106.11	0.0094246	102.12	104.58	180.18	526.89	840.03	73.857	33.677	1.1656e-05	0.056448
645.55	1.5354	359.95	0.0027781	88.898	89.624	157.01	526.78	797.32	121.12	5.5108	3.9713e-05	0.068055	0.00046689	106.54	0.0093860	102.16	104.61	180.23	527.04	844.11	73.653	33.781	1.1673e-05	0.056540
645.70	1.5384	359.42	0.0027822	88.999	89.728	157.17	526.90	799.85	120.46	5.5718	3.9586e-05	0.068048	0.00046052	106.98	0.0093475	102.20	104.65	180.28	527.19	848.27	73.450	33.885	1.1690e-05	0.056633
645.84	1.5414	358.89	0.0027864	89.100	89.832	157.33	527.02	802.43	119.80	5.6339	3.9458e-05	0.068041	0.00045416	107.42	0.0093090	102.24	104.69	180.33	527.35	852.52	73.245	33.990	1.1707e-05	0.056727
645.99	1.5445	358.35	0.0027905	89.201	89.936	157.48	527.14	805.07	119.14	5.6971	3.9331e-05	0.068035	0.00044783	107.87	0.0092706	102.29	104.72	180.38	527.50	856.86	73.041	34.097	1.1724e-05	0.056822
646.14	1.5475	357.82	0.0027947	89.303	90.039	157.64	527.27	807.77	118.48	5.7615	3.9203e-05	0.068029	0.00044153	108.32	0.0092322	102.33	104.76	180.43	527.66	861.29	72.835	34.204	1.1742e-05	0.056918
646.28	1.5505	357.28	0.0027990	89.404	90.143	157.80	527.39	810.53	117.81	5.8270	3.9075e-05	0.068023	0.00043525	108.77	0.0091939	102.37	104.80	180.48	527.81	865.82	72.629	34.312	1.1759e-05	0.057015
646.43	1.5535	356.73	0.0028032	89.505	90.246	157.96	527.52	813.34	117.15	5.8938	3.8947e-05	0.068018	0.00042899	109.22	0.0091557	102.41	104.83	180.52	527.97	870.44	72.423	34.421	1.1777e-05	0.057113
646.57	1.5566	356.19	0.0028075	89.606	90.350	158.12	527.64	816.22	116.48	5.9617	3.8819e-05	0.068013	0.00042276	109.68	0.0091175	102.45	104.87	180.57	528.13	875.17	72.215	34.532	1.1795e-05	0.057213
646.72	1.5596	355.64	0.0028118	89.707	90.454	158.27	527.77	819.16	115.81	6.0309	3.8690e-05	0.068009	0.00041655	110.14	0.0090793	102.49	104.90	180.62	528.28	880.01	72.008	34.643	1.1813e-05	0.057313
646.86	1.5626	355.09	0.0028162	89.808	90.557	158.43	527.89	822.18	115.15	6.1015	3.8562e-05	0.068005	0.00041037	110.60	0.0090412	102.53	104.94	180.66	528.44	884.95	71.799	34.755	1.1831e-05	0.057415
647.01	1.5656	354.53	0.0028206	89.908	90.661	158.59	528.02	825.26	114.48	6.1733	3.8433e-05	0.068001	0.00040421	111.07	0.0090032	102.57	104.97	180.71	528.60	890.00	71.590	34.869	1.1850e-05	0.057518
647.15	1.5687	353.98	0.0028250	90.009	90.764	158.75	528.15	828.41	113.81	6.2466	3.8304e-05	0.067998	0.00039808	111.54	0.0089652	102.61	105.01	180.76	528.76	895.18	71.381	34.983	1.1869e-05	0.057622
647.29	1.5717	353.42	0.0028295	90.110	90.868	158.90	528.27	831.64	113.14	6.3213	3.8175e-05	0.067996	0.00039197	112.02	0.0089272	102.65	105.04	180.80	528.91	900.47	71.171	35.099	1.1887e-05	0.057727
647.44	1.5747	352.85	0.0028340	90.211	90.971	159.06	528.40	834.95	112.47	6.3974	3.8046e-05	0.067994	0.00038589	112.50	0.0088892	102.69	105.07	180.85	529.07	905.90	70.960	35.215	1.1906e-05	0.057834
647.58	1.5778	352.29	0.0028386	90.312	91.075	159.22	528.53	838.34	111.79	6.4750	3.7917e-05	0.067992	0.00037983	112.98	0.0088513	102.73	105.11	180.89	529.23	911.45	70.749	35.333	1.1926e-05	0.057942
647.72	1.5808	351.72	0.0028432	90.413	91.178	159.38	528.66	841.81	111.12	6.5541	3.7787e-05	0.067991	0.00037380	113.46	0.0088135	102.77	105.14	180.93	529.39	917.14	70.536	35.452	1.1945e-05	0.058052
647.87	1.5838	351.15	0.0028478	90.514	91.282	159.54	528.79	845.38	110.44	6.6349	3.7657e-05	0.067991	0.00036779	113.95	0.0087756	102.81	105.17	180.98	529.55	922.97	70.324	35.572	1.1965e-05	0.058163
648.01	1.5868	350.57	0.0028525	90.615	91.386	159.69	528.91	849.03	109.77	6.7173	3.7527e-05	0.067991	0.00036180	114.45	0.0087378	102.84	105.21	181.02	529.71	928.94	70.110	35.693	1.1985e-05	0.058276
648.15	1.5899	349.99	0.0028572	90.715	91.489	159.85	529.04	852.78	109.09	6.8014	3.7397e-05	0.067992	0.00035584	114.94	0.0087000	102.88	105.24	181.06	529.87	935.07	69.896	35.816	1.2005e-05	0.058391
648.29	1.5929	349.41	0.0028620	90.816	91.593	160.01	529.17	856.62	108.41	6.8872	3.7266e-05	0.067993	0.00034991	115.44	0.0086622	102.92	105.27	181.10	530.04	941.35	69.681	35.939	1.2025e-05	0.058507
648.43	1.5959	348.82	0.0028668	90.917	91.696	160.17	529.31	860.57	107.73	6.9748	3.7136e-05	0.067996	0.00034400	115.95	0.0086245	102.95	105.30	181.14	530.20	947.81	69.466	36.064	1.2046e-05	0.058625
648.58	1.5990	348.23	0.0028716	91.018	91.800	160.32	529.44	864.63	107.05	7.0642	3.7005e-05	0.067998	0.00033812	116.46	0.0085867	102.99	105.33	181.18	530.36	954.43	69.250	36.190	1.2067e-05	0.058744
648.72	1.6020	347.64	0.0028766	91.119	91.904	160.48	529.57	868.80	106.36	7.1556	3.6873e-05	0.068002	0.00033226	116.97	0.0085490	103.03	105.36	181.22	530.52	961.23	69.033	36.317	1.2088e-05	0.058866
648.86	1.6050	347.04	0.0028815	91.220	92.008	160.64	529.70	873.08	105.68	7.2489	3.6741e-05	0.068006	0.00032643	117.49	0.0085113	103.06	105.39	181.26	530.69	968.21	68.815	36.446	1.2109e-05	0.058989
649.00	1.6080	346.44	0.0028865	91.321	92.111	160.80	529.83	877.49	104.99	7.3442	3.6609e-05	0.068011	0.00032062	118.01	0.0084736	103.10	105.42	181.30	530.85	975.39	68.596	36.576	1.2131e-05	0.059115
649.14	1.6111	345.83	0.0028916	91.422	92.215	160.95	529.97	882.02	104.30	7.4417	3.6477e-05	0.068017	0.00031484	118.54	0.0084359	103.13	105.45	181.34	531.02	982.78	68.377	36.707	1.2152e-05	0.059242
649.28	1.6141	345.22	0.0028967	91.523	92.319	161.11	530.10	886.68	103.61	7.5413	3.6345e-05	0.068024	0.00030909	119.07	0.0083981	103.17	105.48	181.38	531.18	990.37	68.157	36.839	1.2175e-05	0.059372
649.42	1.6171	344.61	0.0029018	91.624	92.423	161.27	530.24	891.49	102.92	7.6431	3.6212e-05	0.068031	0.00030336	119.61	0.0083604	103.20	105.50	181.41	531.35	998.18	67.936	36.973	1.2197e-05	0.059504
649.56	1.6202	343.99	0.0029070	91.725	92.527	161.43	530.37	896.44	102.23	7.7472	3.6078e-05	0.068040	0.00029766	120.15	0.0083227	103.23	105.53	181.45	531.52	1006.2	67.715	37.108	1.2220e-05	0.059638
649.70	1.6232	343.37	0.0029123	91.826	92.631	161.59	530.51	901.54	101.54	7.8538	3.5944e-05	0.068049	0.00029198	120.70	0.0082850	103.27	105.56	181.48	531.68	1014.5	67.492	37.244	1.2243e-05	0.059775
649.84	1.6262	342.74	0.0029177	91.927	92.735	161.74	530.65	906.80	100.84	7.9628	3.5810e-05	0.068059	0.00028633	121.25	0.0082472	103.30	105.58	181.52	531.85	1023.1	67.269	37.382	1.2266e-05	0.059915
649.98	1.6292	342.11	0.0029230	92.028	92.840	161.90	530.78	912.23	100.14	8.0743	3.5676e-05	0.068071	0.00028071	121.81	0.0082095	103.33	105.61	181.55	532.02	1031.9	67.045	37.521	1.2289e-05	0.060057
650.11	1.6323	341.47	0.0029285	92.130	92.944	162.06	530.92	917.83	99.445	8.1885	3.5541e-05	0.068083	0.00027511	122.37	0.0081717	103.36	105.64	181.58	532.19	1040.9	66.820	37.662	1.2313e-05	0.060201
650.25	1.6353	340.83	0.0029340	92.231	93.048	162.22	531.06	923.62	98.744	8.3055	3.5405e-05	0.068097	0.00026954	122.94	0.0081338	103.40	105.66	181.62	532.36	1050.3	66.594	37.804	1.2338e-05	0.060349
650.39	1.6383	340.18	0.0029396	92.333	93.153	162.38	531.20	929.60	98.042	8.4252	3.5269e-05	0.068111	0.00026400	123.52	0.0080960	103.43	105.69	181.65	532.53	1060.0	66.368	37.947	1.2362e-05	0.060500
650.53	1.6414	339.53	0.0029452	92.434	93.258	162.53	531.34	935.78	97.337	8.5479	3.5133e-05	0.068127	0.00025848	124.10	0.0080581	103.46	105.71	181.68	532.71	1070.0	66.140	38.092	1.2387e-05	0.060654
650.67	1.6444	338.87	0.0029510	92.536	93.362	162.69	531.48	942.18	96.631	8.6737	3.4995e-05	0.068145	0.00025299	124.69	0.0080202	103.49	105.73	181.71	532.88	1080.3	65.911	38.238	1.2412e-05	0.060811
650.80	1.6474	338.21	0.0029568	92.637	93.467	162.85	531.63	948.81	95.923	8.8026	3.4858e-05	0.068163	0.00024753	125.28	0.0079822	103.52	105.76	181.74	533.05	1091.0	65.682	38.386	1.2438e-05	0.060972
650.94	1.6504	337.54	0.0029626	92.739	93.572	163.01	531.77	955.67	95.212	8.9348	3.4720e-05	0.068183	0.00024209	125.88	0.0079442	103.55	105.78	181.77	533.23	1102.1	65.452	38.536	1.2464e-05	0.061136
651.08	1.6535	336.86	0.0029686	92.841	93.677	163.17	531.91	962.78	94.500	9.0704	3.4581e-05	0.068205	0.00023668	126.48	0.0079061	103.58	105.80	181.79	533.40	1113.5	65.220	38.687	1.2490e-05	0.061304
651.22	1.6565	336.18	0.0029746	92.943	93.783	163.33	532.06	970.16	93.785	9.2095	3.4442e-05	0.068228	0.00023130	127.10	0.0078679	103.60	105.82	181.82	533.58	1125.4	64.988	38.839	1.2517e-05	0.061476
651.35	1.6595	335.49	0.0029807	93.045	93.888	163.49	532.21	977.83	93.069	9.3523	3.4302e-05	0.068253	0.00022595	127.72	0.0078297	103.63	105.85	181.85	533.76	1137.7	64.754	38.993	1.2544e-05	0.061652
651.49	1.6626	334.80	0.0029869	93.148	93.994	163.65	532.35	985.79	92.350	9.4989	3.4161e-05	0.068280	0.00022063	128.35	0.0077914	103.66	105.87	181.87	533.93	1150.5	64.520	39.148	1.2572e-05	0.061833
651.62	1.6656	334.09	0.0029932	93.250	94.099	163.81	532.50	994.06	91.629	9.6495	3.4020e-05	0.068308	0.00021533	128.98	0.0077531	103.69	105.89	181.90	534.11	1163.7	64.285	39.305	1.2600e-05	0.062018
651.76	1.6686	333.38	0.0029995	93.353	94.205	163.97	532.65	1002.7	90.906	9.8042	3.3878e-05	0.068339	0.00021007	129.62	0.0077146	103.71	105.90	181.92	534.29	1177.5	64.048	39.464	1.2629e-05	0.062208
651.89	1.6716	332.67	0.0030060	93.456	94.312	164.13	532.80	1011.6	90.180	9.9632	3.3735e-05	0.068372	0.00020483	130.28	0.0076760	103.74	105.92	181.94	534.47	1191.9	63.810	39.624	1.2658e-05	0.062404
652.03	1.6747	331.94	0.0030126	93.559	94.418	164.29	532.96	1021.0	89.452	10.127	3.3591e-05	0.068407	0.00019962	130.93	0.0076374	103.76	105.94	181.96	534.66	1206.8	63.572	39.786	1.2688e-05	0.062604
652.16	1.6777	331.21	0.0030192	93.662	94.525	164.45	533.11	1030.8	88.721	10.295	3.3446e-05	0.068444	0.00019444	131.60	0.0075986	103.79	105.96	181.98	534.84	1222.4	63.332	39.950	1.2718e-05	0.062811
652.30	1.6807	330.47	0.0030260	93.765	94.632	164.61	533.26	1040.9	87.988	10.468	3.3301e-05	0.068484	0.00018929	132.28	0.0075597	103.81	105.97	182.00	535.02	1238.6	63.091	40.115	1.2748e-05	0.063023
652.43	1.6838	329.72	0.0030329	93.869	94.739	164.78	533.42	1051.6	87.252	10.646	3.3155e-05	0.068527	0.00018417	132.97	0.0075207	103.83	105.99	182.02	535.21	1255.5	62.848	40.282	1.2780e-05	0.063242
652.57	1.6868	328.96	0.0030399	93.973	94.846	164.94	533.58	1062.7	86.513	10.829	3.3007e-05	0.068572	0.00017909	133.66	0.0074815	103.86	106.01	182.04	535.40	1273.2	62.605	40.450	1.2812e-05	0.063467
652.70	1.6898	328.19	0.0030470	94.077	94.954	165.10	533.74	1074.4	85.772	11.018	3.2859e-05	0.068621	0.00017403	134.37	0.0074422	103.88	106.02	182.05	535.59	1291.7	62.360	40.620	1.2844e-05	0.063700
652.83	1.6928	327.42	0.0030542	94.181	95.062	165.26	533.90	1086.6	85.028	11.213	3.2710e-05	0.068673	0.00016900	135.08	0.0074028	103.90	106.03	182.07	535.78	1311.1	62.114	40.791	1.2877e-05	0.063940
652.97	1.6959	326.63	0.0030616	94.286	95.170	165.43	534.06	1099.5	84.281	11.414	3.2559e-05	0.068729	0.00016400	135.81	0.0073631	103.92	106.05	182.08	535.97	1331.4	61.867	40.965	1.2911e-05	0.064189
653.10	1.6989	325.83	0.0030691	94.391	95.279	165.59	534.22	1113.0	83.531	11.621	3.2408e-05	0.068789	0.00015904	136.55	0.0073233	103.94	106.06	182.09	536.16	1352.8	61.619	41.139	1.2945e-05	0.064446
653.23	1.7019	325.02	0.0030767	94.496	95.388	165.75	534.39	1127.2	82.778	11.835	3.2255e-05	0.068852	0.00015410	137.30	0.0072833	103.96	106.07	182.11	536.35	1375.2	61.369	41.316	1.2980e-05	0.064712
653.37	1.7050	324.20	0.0030845	94.601	95.497	165.92	534.55	1142.2	82.022	12.055	3.2101e-05	0.068921	0.00014920	138.06	0.0072431	103.97	106.08	182.11	536.55	1398.8	61.117	41.494	1.3016e-05	0.064988
653.50	1.7080	323.37	0.0030924	94.707	95.607	166.09	534.72	1158.0	81.263	12.283	3.1945e-05	0.068994	0.00014433	138.84	0.0072026	103.99	106.09	182.12	536.75	1423.6	60.865	41.673	1.3053e-05	0.065274
653.63	1.7110	322.52	0.0031005	94.814	95.717	166.25	534.89	1174.7	80.500	12.519	3.1788e-05	0.069072	0.00013950	139.63	0.0071619	104.01	106.10	182.13	536.95	1449.8	60.610	41.854	1.3091e-05	0.065571
653.76	1.7140	321.67	0.0031088	94.920	95.828	166.42	535.07	1192.5	79.734	12.763	3.1629e-05	0.069156	0.00013469	140.43	0.0071210	104.02	106.10	182.13	537.15	1477.5	60.355	42.037	1.3129e-05	0.065881
653.89	1.7171	320.79	0.0031173	95.027	95.939	166.59	535.24	1211.2	78.965	13.015	3.1469e-05	0.069247	0.00012993	141.25	0.0070798	104.04	106.11	182.14	537.35	1506.9	60.098	42.220	1.3169e-05	0.066203
654.03	1.7201	319.91	0.0031259	95.135	96.051	166.75	535.42	1231.2	78.192	13.276	3.1308e-05	0.069344	0.00012519	142.08	0.0070383	104.05	106.11	182.14	537.56	1538.0	59.839	42.406	1.3209e-05	0.066540
654.16	1.7231	319.00	0.0031348	95.243	96.163	166.92	535.60	1252.5	77.415	13.547	3.1144e-05	0.069448	0.00012049	142.93	0.0069964	104.06	106.12	182.14	537.76	1571.0	59.578	42.592	1.3250e-05	0.066891
654.29	1.7262	318.08	0.0031438	95.352	96.276	167.09	535.78	1275.1	76.634	13.827	3.0978e-05	0.069561	0.00011583	143.80	0.0069543	104.07	106.12	182.14	537.97	1606.2	59.316	42.780	1.3293e-05	0.067259
654.42	1.7292	317.15	0.0031531	95.461	96.389	167.27	535.97	1299.4	75.850	14.118	3.0811e-05	0.069683	0.00011121	144.68	0.0069118	104.08	106.12	182.13	538.18	1643.7	59.053	42.969	1.3336e-05	0.067644
654.55	1.7322	316.19	0.0031626	95.571	96.504	167.44	536.15	1325.4	75.061	14.420	3.0641e-05	0.069815	0.00010662	145.58	0.0068688	104.09	106.12	182.13	538.40	1683.8	58.787	43.159	1.3381e-05	0.068048
654.68	1.7352	315.22	0.0031724	95.681	96.619	167.61	536.35	1353.3	74.268	14.734	3.0469e-05	0.069958	0.00010206	146.51	0.0068255	104.10	106.12	182.12	538.61	1726.8	58.520	43.350	1.3428e-05	0.068473
654.81	1.7383	314.22	0.0031824	95.792	96.734	167.78	536.54	1383.3	73.471	15.060	3.0295e-05	0.070114	9.7551e-05	147.45	0.0067817	104.11	106.12	182.11	538.83	1773.0	58.251	43.542	1.3475e-05	0.068921
654.94	1.7413	313.21	0.0031928	95.904	96.851	167.96	536.74	1415.8	72.669	15.399	3.0118e-05	0.070283	9.3077e-05	148.42	0.0067375	104.11	106.11	182.10	539.05	1822.8	57.980	43.734	1.3524e-05	0.069394
655.07	1.7443	312.17	0.0032034	96.017	96.969	168.14	536.94	1451.0	71.863	15.753	2.9938e-05	0.070467	8.8643e-05	149.42	0.0066927	104.12	106.10	182.08	539.28	1876.6	57.707	43.926	1.3575e-05	0.069894
655.20	1.7473	311.10	0.0032144	96.131	97.087	168.32	537.14	1489.3	71.052	16.121	2.9755e-05	0.070669	8.4251e-05	150.44	0.0066473	104.12	106.10	182.06	539.51	1934.9	57.432	44.119	1.3627e-05	0.070424
655.32	1.7504	310.01	0.0032257	96.245	97.207	168.50	537.35	1531.1	70.236	16.505	2.9569e-05	0.070891	7.9900e-05	151.49	0.0066013	104.12	106.09	182.04	539.74	1998.3	57.154	44.312	1.3682e-05	0.070988
655.45	1.7534	308.88	0.0032375	96.361	97.328	168.68	537.57	1576.9	69.415	16.906	2.9379e-05	0.071135	7.5593e-05	152.56	0.0065546	104.11	106.07	182.02	539.97	2067.5	56.875	44.504	1.3738e-05	0.071589
655.58	1.7564	307.73	0.0032496	96.478	97.450	168.86	537.78	1627.2	68.588	17.325	2.9186e-05	0.071404	7.1331e-05	153.68	0.0065072	104.11	106.06	181.99	540.21	2143.5	56.593	44.696	1.3797e-05	0.072232
655.71	1.7595	306.54	0.0032622	96.596	97.574	169.05	538.01	1682.9	67.756	17.764	2.8988e-05	0.071703	6.7114e-05	154.82	0.0064590	104.11	106.04	181.96	540.45	2227.2	56.309	44.886	1.3857e-05	0.072921
655.84	1.7625	305.31	0.0032753	96.715	97.699	169.24	538.24	1744.8	66.919	18.223	2.8786e-05	0.072036	6.2944e-05	156.01	0.0064099	104.10	106.02	181.93	540.70	2319.9	56.022	45.074	1.3921e-05	0.073663
655.96	1.7655	304.04	0.0032890	96.837	97.826	169.43	538.47	1814.1	66.075	18.705	2.8578e-05	0.072408	5.8824e-05	157.24	0.0063598	104.09	106.00	181.89	540.95	2423.0	55.733	45.260	1.3987e-05	0.074465
656.09	1.7685	302.73	0.0033033	96.959	97.955	169.62	538.72	1892.0	65.225	19.211	2.8366e-05	0.072827	5.4754e-05	158.51	0.0063086	104.07	105.97	181.84	541.21	2538.7	55.441	45.443	1.4057e-05	0.075335
656.22	1.7716	301.36	0.0033183	97.084	98.086	169.82	538.97	1980.3	64.368	19.743	2.8147e-05	0.073300	5.0736e-05	159.84	0.0062562	104.06	105.94	181.79	541.47	2669.2	55.146	45.621	1.4130e-05	0.076284
656.34	1.7746	299.94	0.0033340	97.211	98.219	170.02	539.22	2081.4	63.504	20.304	2.7921e-05	0.073839	4.6774e-05	161.23	0.0062025	104.04	105.91	181.74	541.74	2817.7	54.848	45.795	1.4207e-05	0.077325
656.47	1.7776	298.45	0.0033506	97.341	98.355	170.22	539.49	2197.9	62.633	20.896	2.7687e-05	0.074456	4.2869e-05	162.68	0.0061472	104.01	105.87	181.68	542.02	2988.2	54.547	45.962	1.4288e-05	0.078474
656.60	1.7807	296.90	0.0033682	97.473	98.495	170.43	539.77	2334.0	61.754	21.522	2.7445e-05	0.075168	3.9024e-05	164.20	0.0060901	103.98	105.83	181.61	542.30	3186.1	54.242	46.120	1.4375e-05	0.079751
656.72	1.7837	295.25	0.0033869	97.609	98.638	170.65	540.06	2494.8	60.867	22.185	2.7193e-05	0.075999	3.5243e-05	165.81	0.0060310	103.95	105.78	181.53	542.60	3418.5	53.934	46.269	1.4467e-05	0.081181
656.85	1.7867	293.52	0.0034070	97.748	98.785	170.87	540.36	2687.7	59.971	22.890	2.6929e-05	0.076976	3.1529e-05	167.52	0.0059696	103.91	105.73	181.44	542.90	3695.5	53.622	46.404	1.4566e-05	0.082800
656.97	1.7897	291.67	0.0034286	97.892	98.938	171.10	540.68	2923.4	59.065	23.641	2.6652e-05	0.078139	2.7887e-05	169.34	0.0059054	103.87	105.67	181.35	543.21	4031.6	53.305	46.524	1.4673e-05	0.084654
657.10	1.7928	289.68	0.0034521	98.042	99.096	171.34	541.01	3217.8	58.149	24.445	2.6358e-05	0.079544	2.4322e-05	171.29	0.0058379	103.82	105.60	181.23	543.54	4447.8	52.983	46.622	1.4790e-05	0.086807
657.22	1.7958	287.53	0.0034779	98.198	99.262	171.59	541.37	3595.7	57.221	25.308	2.6045e-05	0.081270	2.0842e-05	173.42	0.0057664	103.75	105.52	181.11	543.88	4977.4	52.656	46.693	1.4919e-05	0.089354
657.34	1.7988	285.18	0.0035066	98.363	99.437	171.85	541.76	4098.1	56.280	26.241	2.5707e-05	0.083436	1.7454e-05	175.75	0.0056898	103.68	105.42	180.96	544.24	5674.3	52.322	46.729	1.5063e-05	0.092437
657.47	1.8019	282.55	0.0035392	98.539	99.625	172.13	542.18	4798.1	55.323	27.257	2.5337e-05	0.086236	1.4169e-05	178.36	0.0056067	103.59	105.31	180.79	544.62	6634.1	51.981	46.717	1.5227e-05	0.096288
657.59	1.8049	279.56	0.0035770	98.730	99.830	172.44	542.65	5839.3	54.348	28.375	2.4924e-05	0.090006	1.1002e-05	181.33	0.0055148	103.49	105.18	180.58	545.03	8042.1	51.630	46.636	1.5418e-05	0.10132
657.71	1.8079	276.03	0.0036227	98.944	100.06	172.79	543.18	7547.8	53.349	29.627	2.4449e-05	0.095419	7.9740e-06	184.84	0.0054101	103.35	105.01	180.32	545.48	10314.	51.267	46.453	1.5649e-05	0.10833
657.83	1.8109	271.64	0.0036814	99.195	100.33	173.20	undefined	undefined	undefined	31.073	2.3873e-05	undefined	5.1175e-06	189.23	0.0052847	103.16	104.79	179.98	undefined	undefined	undefined	46.100	1.5946e-05	undefined
657.96	1.8140	265.47	0.0037668	99.523	100.69	173.74	undefined	undefined	undefined	32.863	2.3095e-05	undefined	2.4946e-06	195.37	0.0051185	102.89	104.47	179.48	undefined	undefined	undefined	45.403	1.6380e-05	undefined
