Temperature (K)	Pressure (MPa)	Density (l, kg/m3)	Volume (l, m3/kg)	Internal Energy (l, kJ/mol)	Enthalpy (l, kJ/mol)	Entropy (l, J/mol*K)	Cv (l, J/mol*K)	Cp (l, J/mol*K)	Sound Spd. (l, m/s)	Joule-Thomson (l, K/MPa)	Viscosity (l, Pa*s)	Therm. Cond. (l, W/m*K)	Surf. Tension (l, N/m)	Density (v, kg/m3)	Volume (v, m3/kg)	Internal Energy (v, kJ/mol)	Enthalpy (v, kJ/mol)	Entropy (v, J/mol*K)	Cv (v, J/mol*K)	Cp (v, J/mol*K)	Sound Spd. (v, m/s)	Joule-Thomson (v, K/MPa)	Viscosity (v, Pa*s)	Therm. Cond. (v, W/m*K)
90.368	1.1420e-06	651.53	0.0015348	-6.5908	-6.5908	-49.754	48.264	69.935	2008.7	-0.55899	0.0012917	0.25544	0.031663	4.5702e-05	21881.	10.542	11.293	148.15	26.809	35.124	180.93	249.89	2.8542e-06	0.0027280
148.03	0.0081215	587.43	0.0017023	-2.6161	-2.6157	-15.749	43.394	70.005	1590.0	-0.51979	0.00027806	0.20258	0.022092	0.19943	5.0143	12.173	13.398	92.426	30.742	39.292	227.53	74.577	4.6562e-06	0.0064181
156.37	0.016242	577.79	0.0017307	-2.0299	-2.0291	-11.897	43.234	70.602	1528.3	-0.50458	0.00024380	0.19435	0.020730	0.37889	2.6393	12.418	13.707	88.736	31.287	39.948	232.91	58.870	4.9138e-06	0.0070325
161.77	0.024362	571.48	0.0017499	-1.6483	-1.6471	-9.4978	43.162	71.033	1488.1	-0.49347	0.00022524	0.18904	0.019854	0.55109	1.8146	12.577	13.906	86.647	31.623	40.380	236.16	52.109	5.0798e-06	0.0074456
165.85	0.032482	566.64	0.0017648	-1.3575	-1.3558	-7.7225	43.124	71.385	1457.5	-0.48429	0.00021265	0.18503	0.019193	0.71872	1.3914	12.696	14.055	85.197	31.885	40.735	238.49	48.322	5.2055e-06	0.0077680
169.18	0.040603	562.66	0.0017773	-1.1193	-1.1171	-6.3002	43.104	71.691	1432.4	-0.47628	0.00020319	0.18177	0.018655	0.88304	1.1324	12.793	14.176	84.091	32.114	41.054	240.30	45.870	5.3079e-06	0.0080374
172.02	0.048723	559.25	0.0017881	-0.91575	-0.91313	-5.1069	43.094	71.965	1411.0	-0.46905	0.00019565	0.17901	0.018198	1.0448	0.95711	12.875	14.278	83.200	32.324	41.355	241.77	44.121	5.3950e-06	0.0082714
174.50	0.056843	556.24	0.0017978	-0.73697	-0.73390	-4.0750	43.092	72.216	1392.3	-0.46241	0.00018939	0.17660	0.017799	1.2045	0.83021	12.947	14.366	82.455	32.522	41.643	243.00	42.783	5.4712e-06	0.0084800
176.72	0.064964	553.54	0.0018066	-0.57688	-0.57335	-3.1633	43.095	72.449	1375.4	-0.45622	0.00018405	0.17446	0.017444	1.3625	0.73394	13.010	14.444	81.816	32.711	41.922	244.06	41.705	5.5392e-06	0.0086694
178.73	0.073084	551.08	0.0018146	-0.43143	-0.42745	-2.3448	43.102	72.668	1360.2	-0.45037	0.00017940	0.17252	0.017123	1.5190	0.65832	13.068	14.514	81.258	32.893	42.193	244.98	40.801	5.6008e-06	0.0088436
180.56	0.081204	548.81	0.0018221	-0.29781	-0.29336	-1.6008	43.111	72.876	1346.2	-0.44482	0.00017529	0.17076	0.016829	1.6743	0.59728	13.120	14.578	80.762	33.070	42.458	245.78	40.019	5.6572e-06	0.0090054
182.26	0.089325	546.70	0.0018291	-0.17395	-0.16904	-0.91800	43.122	73.075	1333.2	-0.43951	0.00017161	0.16913	0.016558	1.8284	0.54693	13.168	14.637	80.316	33.241	42.717	246.50	39.327	5.7095e-06	0.0091571
183.85	0.097445	544.73	0.0018358	-0.058312	-0.052933	-0.28619	43.135	73.265	1321.1	-0.43441	0.00016828	0.16761	0.016306	1.9815	0.50466	13.213	14.691	79.912	33.408	42.971	247.14	38.705	5.7581e-06	0.0093001
185.33	0.10557	542.87	0.0018421	0.050303	0.056150	0.30233	43.150	73.448	1309.7	-0.42949	0.00016524	0.16620	0.016071	2.1338	0.46865	13.254	14.742	79.542	33.571	43.219	247.72	38.136	5.8037e-06	0.0094357
186.73	0.11369	541.11	0.0018480	0.15284	0.15916	0.85361	43.166	73.625	1298.9	-0.42472	0.00016245	0.16487	0.015849	2.2853	0.43758	13.293	14.789	79.202	33.729	43.463	248.25	37.610	5.8467e-06	0.0095648
188.05	0.12181	539.44	0.0018538	0.25005	0.25684	1.3725	43.182	73.796	1288.8	-0.42009	0.00015986	0.16361	0.015640	2.4360	0.41050	13.330	14.833	78.887	33.884	43.702	248.73	37.121	5.8874e-06	0.0096883
189.31	0.12993	537.85	0.0018593	0.34257	0.34983	1.8630	43.199	73.963	1279.1	-0.41558	0.00015746	0.16243	0.015441	2.5861	0.38668	13.365	14.875	78.593	34.035	43.937	249.17	36.662	5.9261e-06	0.0098068
190.50	0.13805	536.32	0.0018645	0.43090	0.43864	2.3282	43.217	74.125	1269.9	-0.41118	0.00015521	0.16130	0.015252	2.7356	0.36554	13.398	14.915	78.319	34.182	44.168	249.58	36.229	5.9630e-06	0.0099208
191.65	0.14617	534.86	0.0018696	0.51548	0.52370	2.7710	43.236	74.283	1261.0	-0.40687	0.00015311	0.16022	0.015072	2.8846	0.34667	13.429	14.953	78.061	34.326	44.394	249.95	35.819	5.9983e-06	0.010031
192.74	0.15429	533.45	0.0018746	0.59668	0.60537	3.1936	43.255	74.438	1252.6	-0.40266	0.00015112	0.15919	0.014900	3.0331	0.32970	13.459	14.989	77.818	34.466	44.616	250.29	35.429	6.0321e-06	0.010137
193.79	0.16241	532.10	0.0018794	0.67480	0.68398	3.5979	43.274	74.590	1244.4	-0.39852	0.00014925	0.15821	0.014734	3.1811	0.31436	13.488	15.023	77.588	34.604	44.835	250.61	35.058	6.0647e-06	0.010240
194.80	0.17053	530.79	0.0018840	0.75011	0.75977	3.9856	43.294	74.739	1236.5	-0.39446	0.00014748	0.15726	0.014575	3.3286	0.30042	13.515	15.056	77.371	34.738	45.049	250.91	34.702	6.0960e-06	0.010340
195.78	0.17865	529.52	0.0018885	0.82286	0.83301	4.3583	43.314	74.885	1229.0	-0.39046	0.00014579	0.15635	0.014422	3.4758	0.28770	13.541	15.087	77.164	34.870	45.261	251.18	34.362	6.1262e-06	0.010438
196.72	0.18677	528.29	0.0018929	0.89324	0.90387	4.7170	43.334	75.028	1221.6	-0.38653	0.00014419	0.15547	0.014274	3.6226	0.27604	13.567	15.117	76.967	34.998	45.468	251.44	34.035	6.1555e-06	0.010532
197.63	0.19489	527.10	0.0018972	0.96144	0.97256	5.0630	43.354	75.170	1214.5	-0.38265	0.00014266	0.15462	0.014132	3.7691	0.26532	13.591	15.146	76.779	35.124	45.673	251.68	33.721	6.1838e-06	0.010625
198.52	0.20301	525.94	0.0019014	1.0276	1.0392	5.3973	43.375	75.309	1207.6	-0.37883	0.00014119	0.15380	0.013994	3.9152	0.25542	13.615	15.174	76.599	35.247	45.874	251.90	33.418	6.2113e-06	0.010715
199.37	0.21113	524.81	0.0019055	1.0919	1.1040	5.7206	43.395	75.446	1200.9	-0.37505	0.00013979	0.15301	0.013860	4.0610	0.24624	13.638	15.201	76.427	35.368	46.073	252.11	33.126	6.2380e-06	0.010803
200.20	0.21925	523.71	0.0019095	1.1545	1.1670	6.0337	43.416	75.581	1194.4	-0.37132	0.00013844	0.15224	0.013730	4.2066	0.23772	13.660	15.227	76.262	35.486	46.268	252.30	32.845	6.2639e-06	0.010889
201.01	0.22737	522.63	0.0019134	1.2154	1.2284	6.3374	43.437	75.715	1188.1	-0.36764	0.00013715	0.15149	0.013604	4.3519	0.22978	13.681	15.252	76.103	35.602	46.461	252.49	32.573	6.2892e-06	0.010973
201.80	0.23549	521.59	0.0019172	1.2747	1.2883	6.6323	43.458	75.847	1181.9	-0.36399	0.00013591	0.15077	0.013482	4.4970	0.22237	13.702	15.277	75.950	35.716	46.651	252.66	32.310	6.3138e-06	0.011056
202.57	0.24361	520.56	0.0019210	1.3326	1.3467	6.9189	43.479	75.977	1175.9	-0.36038	0.00013471	0.15006	0.013363	4.6418	0.21543	13.722	15.300	75.802	35.827	46.838	252.82	32.055	6.3378e-06	0.011137
203.31	0.25173	519.56	0.0019247	1.3892	1.4038	7.1978	43.500	76.106	1170.1	-0.35680	0.00013355	0.14937	0.013246	4.7864	0.20892	13.742	15.323	75.660	35.936	47.023	252.96	31.809	6.3612e-06	0.011217
204.04	0.25985	518.58	0.0019283	1.4445	1.4596	7.4693	43.522	76.234	1164.3	-0.35326	0.00013243	0.14871	0.013133	4.9309	0.20280	13.761	15.345	75.522	36.043	47.205	253.10	31.570	6.3842e-06	0.011295
204.76	0.26797	517.62	0.0019319	1.4986	1.5141	7.7340	43.543	76.360	1158.7	-0.34975	0.00013135	0.14806	0.013023	5.0751	0.19704	13.779	15.367	75.389	36.149	47.386	253.24	31.338	6.4066e-06	0.011372
205.45	0.27609	516.68	0.0019354	1.5515	1.5675	7.9922	43.564	76.485	1153.2	-0.34626	0.00013030	0.14743	0.012915	5.2192	0.19160	13.797	15.388	75.260	36.252	47.563	253.36	31.113	6.4285e-06	0.011448
206.13	0.28421	515.75	0.0019389	1.6033	1.6199	8.2442	43.586	76.609	1147.9	-0.34281	0.00012929	0.14681	0.012810	5.3631	0.18646	13.815	15.408	75.135	36.354	47.739	253.47	30.895	6.4500e-06	0.011522
206.80	0.29233	514.85	0.0019423	1.6541	1.6712	8.4904	43.607	76.732	1142.6	-0.33937	0.00012831	0.14620	0.012707	5.5069	0.18159	13.832	15.428	75.014	36.453	47.913	253.58	30.683	6.4711e-06	0.011596
207.45	0.30045	513.95	0.0019457	1.7039	1.7215	8.7311	43.629	76.854	1137.4	-0.33597	0.00012735	0.14561	0.012606	5.6505	0.17698	13.849	15.448	74.897	36.552	48.085	253.68	30.477	6.4917e-06	0.011668
208.09	0.30857	513.08	0.0019490	1.7528	1.7709	8.9665	43.650	76.975	1132.4	-0.33258	0.00012642	0.14503	0.012507	5.7940	0.17259	13.865	15.467	74.782	36.648	48.255	253.77	30.276	6.5120e-06	0.011739
208.72	0.31669	512.22	0.0019523	1.8008	1.8194	9.1969	43.671	77.095	1127.4	-0.32922	0.00012552	0.14447	0.012411	5.9374	0.16842	13.881	15.485	74.671	36.743	48.423	253.86	30.081	6.5319e-06	0.011810
209.33	0.32481	511.37	0.0019555	1.8480	1.8671	9.4226	43.693	77.214	1122.6	-0.32587	0.00012464	0.14391	0.012316	6.0807	0.16446	13.897	15.503	74.563	36.836	48.589	253.94	29.891	6.5515e-06	0.011879
209.94	0.33293	510.54	0.0019587	1.8943	1.9139	9.6438	43.714	77.333	1117.8	-0.32255	0.00012379	0.14337	0.012223	6.2238	0.16067	13.912	15.521	74.458	36.928	48.754	254.02	29.706	6.5707e-06	0.011947
210.53	0.34106	509.72	0.0019619	1.9398	1.9599	9.8606	43.736	77.450	1113.1	-0.31924	0.00012295	0.14284	0.012132	6.3669	0.15706	13.927	15.538	74.355	37.018	48.917	254.08	29.526	6.5896e-06	0.012015
211.11	0.34918	508.91	0.0019650	1.9846	2.0053	10.073	43.757	77.567	1108.4	-0.31595	0.00012214	0.14231	0.012043	6.5099	0.15361	13.942	15.555	74.255	37.107	49.078	254.15	29.350	6.6083e-06	0.012082
211.68	0.35730	508.11	0.0019681	2.0287	2.0499	10.282	43.779	77.683	1103.9	-0.31268	0.00012135	0.14180	0.011955	6.6528	0.15031	13.956	15.571	74.157	37.195	49.238	254.21	29.179	6.6266e-06	0.012148
212.25	0.36542	507.33	0.0019711	2.0721	2.0938	10.487	43.800	77.798	1099.4	-0.30942	0.00012058	0.14130	0.011869	6.7956	0.14715	13.970	15.587	74.061	37.281	49.396	254.26	29.012	6.6446e-06	0.012213
212.80	0.37354	506.55	0.0019741	2.1148	2.1370	10.688	43.821	77.913	1095.0	-0.30618	0.00011982	0.14080	0.011785	6.9383	0.14413	13.984	15.603	73.968	37.366	49.554	254.32	28.849	6.6624e-06	0.012278
213.34	0.38166	505.79	0.0019771	2.1569	2.1796	10.886	43.843	78.027	1090.7	-0.30295	0.00011908	0.14032	0.011701	7.0810	0.14122	13.998	15.618	73.877	37.450	49.709	254.36	28.690	6.6799e-06	0.012341
213.88	0.38978	505.04	0.0019801	2.1984	2.2216	11.080	43.864	78.141	1086.4	-0.29974	0.00011836	0.13984	0.011620	7.2237	0.13843	14.011	15.633	73.788	37.532	49.864	254.40	28.535	6.6972e-06	0.012405
214.41	0.39790	504.29	0.0019830	2.2393	2.2631	11.271	43.885	78.254	1082.2	-0.29653	0.00011766	0.13937	0.011539	7.3662	0.13575	14.024	15.648	73.701	37.614	50.017	254.44	28.384	6.7143e-06	0.012467
214.92	0.40602	503.56	0.0019859	2.2797	2.3039	11.459	43.907	78.366	1078.1	-0.29334	0.00011697	0.13891	0.011460	7.5088	0.13318	14.037	15.663	73.615	37.694	50.169	254.48	28.235	6.7311e-06	0.012529
215.44	0.41414	502.83	0.0019887	2.3194	2.3442	11.644	43.928	78.478	1074.0	-0.29016	0.00011629	0.13845	0.011382	7.6513	0.13070	14.049	15.677	73.531	37.774	50.320	254.51	28.091	6.7477e-06	0.012590
215.94	0.42226	502.12	0.0019916	2.3587	2.3840	11.827	43.949	78.589	1069.9	-0.28699	0.00011563	0.13801	0.011305	7.7937	0.12831	14.062	15.691	73.450	37.852	50.470	254.54	27.949	6.7641e-06	0.012651
216.44	0.43038	501.41	0.0019944	2.3974	2.4233	12.006	43.971	78.700	1066.0	-0.28383	0.00011498	0.13757	0.011230	7.9362	0.12601	14.074	15.705	73.369	37.929	50.619	254.56	27.811	6.7803e-06	0.012711
216.93	0.43850	500.71	0.0019972	2.4357	2.4620	12.183	43.992	78.811	1062.0	-0.28068	0.00011434	0.13713	0.011155	8.0786	0.12378	14.086	15.718	73.290	38.005	50.767	254.58	27.676	6.7963e-06	0.012771
217.41	0.44662	500.01	0.0019999	2.4735	2.5003	12.357	44.013	78.921	1058.2	-0.27754	0.00011372	0.13671	0.011082	8.2210	0.12164	14.098	15.731	73.213	38.081	50.913	254.60	27.544	6.8121e-06	0.012830
217.89	0.45474	499.33	0.0020027	2.5108	2.5382	12.528	44.034	79.031	1054.3	-0.27441	0.00011310	0.13629	0.011010	8.3634	0.11957	14.109	15.744	73.137	38.155	51.059	254.61	27.414	6.8277e-06	0.012888
218.36	0.46286	498.65	0.0020054	2.5476	2.5755	12.697	44.055	79.140	1050.5	-0.27128	0.00011250	0.13587	0.010938	8.5057	0.11757	14.120	15.757	73.063	38.228	51.204	254.63	27.287	6.8431e-06	0.012947
218.82	0.47098	497.98	0.0020081	2.5841	2.6125	12.864	44.076	79.249	1046.8	-0.26816	0.00011191	0.13546	0.010868	8.6481	0.11563	14.132	15.769	72.990	38.301	51.348	254.63	27.163	6.8584e-06	0.013004
219.28	0.47910	497.32	0.0020108	2.6201	2.6490	13.029	44.097	79.357	1043.1	-0.26505	0.00011134	0.13506	0.010799	8.7904	0.11376	14.143	15.782	72.918	38.373	51.492	254.64	27.042	6.8735e-06	0.013061
219.73	0.48722	496.66	0.0020135	2.6557	2.6852	13.191	44.119	79.465	1039.5	-0.26195	0.00011077	0.13466	0.010730	8.9328	0.11195	14.153	15.794	72.847	38.444	51.634	254.65	26.923	6.8885e-06	0.013118
220.18	0.49534	496.01	0.0020161	2.6909	2.7209	13.351	44.140	79.573	1035.9	-0.25885	0.00011021	0.13427	0.010663	9.0751	0.11019	14.164	15.805	72.778	38.514	51.776	254.65	26.806	6.9033e-06	0.013174
220.62	0.50346	495.36	0.0020187	2.7257	2.7562	13.509	44.161	79.681	1032.3	-0.25576	0.00010966	0.13388	0.010596	9.2175	0.10849	14.175	15.817	72.709	38.583	51.917	254.65	26.692	6.9180e-06	0.013230
221.06	0.51158	494.73	0.0020213	2.7601	2.7912	13.666	44.182	79.788	1028.8	-0.25267	0.00010912	0.13350	0.010530	9.3598	0.10684	14.185	15.828	72.642	38.652	52.057	254.64	26.580	6.9325e-06	0.013286
221.49	0.51970	494.09	0.0020239	2.7942	2.8258	13.820	44.203	79.895	1025.3	-0.24959	0.00010859	0.13312	0.010465	9.5022	0.10524	14.195	15.840	72.576	38.720	52.197	254.64	26.470	6.9469e-06	0.013341
221.92	0.52782	493.47	0.0020265	2.8279	2.8601	13.972	44.223	80.002	1021.9	-0.24651	0.00010807	0.13275	0.010401	9.6446	0.10368	14.205	15.851	72.511	38.787	52.336	254.63	26.363	6.9611e-06	0.013396
222.34	0.53594	492.85	0.0020290	2.8613	2.8940	14.123	44.244	80.108	1018.5	-0.24344	0.00010755	0.13238	0.010337	9.7870	0.10218	14.215	15.862	72.447	38.854	52.474	254.62	26.257	6.9752e-06	0.013450
222.76	0.54406	492.23	0.0020316	2.8943	2.9276	14.271	44.265	80.214	1015.1	-0.24037	0.00010705	0.13202	0.010275	9.9295	0.10071	14.225	15.872	72.384	38.919	52.612	254.61	26.154	6.9892e-06	0.013504
223.17	0.55218	491.62	0.0020341	2.9270	2.9608	14.418	44.286	80.320	1011.8	-0.23731	0.00010655	0.13166	0.010213	10.072	0.099286	14.235	15.883	72.322	38.985	52.749	254.59	26.052	7.0030e-06	0.013558
223.58	0.56030	491.02	0.0020366	2.9594	2.9937	14.563	44.307	80.426	1008.4	-0.23425	0.00010606	0.13130	0.010152	10.214	0.097901	14.244	15.893	72.260	39.049	52.886	254.58	25.952	7.0168e-06	0.013611
223.98	0.56842	490.42	0.0020391	2.9915	3.0264	14.707	44.328	80.531	1005.2	-0.23119	0.00010557	0.13095	0.010091	10.357	0.096553	14.253	15.904	72.200	39.113	53.022	254.56	25.855	7.0304e-06	0.013664
224.38	0.57654	489.82	0.0020416	3.0233	3.0587	14.849	44.348	80.637	1001.9	-0.22814	0.00010510	0.13061	0.010031	10.500	0.095242	14.263	15.914	72.140	39.176	53.157	254.54	25.758	7.0439e-06	0.013717
224.77	0.58467	489.23	0.0020440	3.0548	3.0907	14.989	44.369	80.742	998.73	-0.22509	0.00010463	0.13026	0.0099721	10.642	0.093966	14.272	15.924	72.082	39.239	53.292	254.52	25.664	7.0573e-06	0.013769
225.16	0.59279	488.65	0.0020465	3.0860	3.1225	15.128	44.390	80.847	995.55	-0.22204	0.00010417	0.12992	0.0099136	10.785	0.092723	14.281	15.933	72.024	39.301	53.427	254.50	25.571	7.0706e-06	0.013821
225.55	0.60091	488.06	0.0020489	3.1169	3.1539	15.266	44.410	80.951	992.41	-0.21899	0.00010371	0.12959	0.0098557	10.927	0.091512	14.290	15.943	71.967	39.363	53.561	254.47	25.480	7.0838e-06	0.013873
225.94	0.60903	487.49	0.0020513	3.1476	3.1851	15.402	44.431	81.056	989.29	-0.21595	0.00010326	0.12926	0.0097985	11.070	0.090333	14.298	15.953	71.910	39.424	53.695	254.45	25.391	7.0969e-06	0.013924
226.32	0.61715	486.92	0.0020537	3.1780	3.2161	15.536	44.452	81.160	986.20	-0.21291	0.00010282	0.12893	0.0097419	11.213	0.089182	14.307	15.962	71.855	39.485	53.829	254.42	25.303	7.1099e-06	0.013976
226.69	0.62527	486.35	0.0020561	3.2081	3.2467	15.669	44.472	81.265	983.14	-0.20987	0.00010239	0.12861	0.0096858	11.356	0.088061	14.315	15.971	71.800	39.545	53.962	254.39	25.217	7.1228e-06	0.014027
227.06	0.63339	485.78	0.0020585	3.2380	3.2772	15.801	44.493	81.369	980.10	-0.20683	0.00010195	0.12828	0.0096303	11.499	0.086966	14.324	15.980	71.746	39.604	54.095	254.36	25.132	7.1356e-06	0.014077
227.43	0.64151	485.22	0.0020609	3.2676	3.3073	15.932	44.513	81.473	977.09	-0.20379	0.00010153	0.12797	0.0095754	11.642	0.085899	14.332	15.989	71.692	39.663	54.227	254.33	25.049	7.1483e-06	0.014128
227.80	0.64963	484.67	0.0020633	3.2969	3.3372	16.061	44.534	81.577	974.11	-0.20075	0.00010111	0.12765	0.0095211	11.785	0.084856	14.340	15.998	71.639	39.722	54.359	254.29	24.966	7.1609e-06	0.014178
228.16	0.65775	484.12	0.0020656	3.3261	3.3669	16.189	44.554	81.681	971.15	-0.19771	0.00010070	0.12734	0.0094673	11.928	0.083839	14.348	16.007	71.587	39.780	54.491	254.26	24.886	7.1734e-06	0.014228
228.52	0.66587	483.57	0.0020680	3.3550	3.3964	16.316	44.575	81.784	968.22	-0.19468	0.00010029	0.12703	0.0094140	12.071	0.082845	14.356	16.015	71.536	39.838	54.623	254.22	24.806	7.1859e-06	0.014277
228.87	0.67399	483.02	0.0020703	3.3837	3.4256	16.441	44.595	81.888	965.31	-0.19164	9.9884e-05	0.12673	0.0093612	12.214	0.081874	14.364	16.024	71.485	39.895	54.754	254.18	24.728	7.1983e-06	0.014327
229.23	0.68211	482.48	0.0020726	3.4121	3.4546	16.566	44.615	81.991	962.43	-0.18860	9.9486e-05	0.12643	0.0093090	12.357	0.080924	14.372	16.032	71.434	39.952	54.885	254.14	24.652	7.2106e-06	0.014376
229.58	0.69023	481.94	0.0020749	3.4404	3.4834	16.689	44.636	82.095	959.57	-0.18557	9.9092e-05	0.12613	0.0092572	12.501	0.079997	14.380	16.040	71.384	40.008	55.016	254.10	24.576	7.2228e-06	0.014425
229.92	0.69835	481.41	0.0020772	3.4684	3.5120	16.811	44.656	82.198	956.73	-0.18253	9.8704e-05	0.12583	0.0092060	12.644	0.079090	14.387	16.048	71.335	40.064	55.146	254.06	24.502	7.2349e-06	0.014474
230.27	0.70647	480.88	0.0020795	3.4962	3.5404	16.932	44.676	82.301	953.91	-0.17950	9.8320e-05	0.12554	0.0091552	12.787	0.078202	14.395	16.056	71.286	40.120	55.276	254.02	24.428	7.2470e-06	0.014522
230.61	0.71459	480.35	0.0020818	3.5238	3.5685	17.052	44.697	82.405	951.12	-0.17646	9.7940e-05	0.12525	0.0091048	12.931	0.077334	14.402	16.064	71.238	40.175	55.407	253.98	24.356	7.2590e-06	0.014571
230.94	0.72271	479.83	0.0020841	3.5512	3.5965	17.171	44.717	82.508	948.35	-0.17342	9.7565e-05	0.12496	0.0090550	13.074	0.076485	14.410	16.072	71.191	40.230	55.537	253.93	24.285	7.2709e-06	0.014619
231.28	0.73083	479.31	0.0020863	3.5784	3.6242	17.289	44.737	82.611	945.60	-0.17038	9.7195e-05	0.12467	0.0090055	13.218	0.075653	14.417	16.080	71.143	40.285	55.666	253.89	24.215	7.2827e-06	0.014667
231.61	0.73895	478.79	0.0020886	3.6054	3.6518	17.406	44.757	82.714	942.86	-0.16734	9.6828e-05	0.12439	0.0089565	13.362	0.074839	14.424	16.087	71.097	40.339	55.796	253.84	24.147	7.2945e-06	0.014715
231.94	0.74707	478.27	0.0020908	3.6322	3.6792	17.522	44.777	82.817	940.15	-0.16430	9.6466e-05	0.12411	0.0089080	13.506	0.074042	14.431	16.095	71.050	40.393	55.926	253.79	24.079	7.3063e-06	0.014762
232.27	0.75519	477.76	0.0020931	3.6589	3.7064	17.637	44.798	82.920	937.46	-0.16126	9.6108e-05	0.12383	0.0088599	13.650	0.073262	14.438	16.102	71.005	40.446	56.055	253.74	24.012	7.3179e-06	0.014810
232.59	0.76331	477.25	0.0020953	3.6853	3.7334	17.751	44.818	83.023	934.79	-0.15821	9.5754e-05	0.12355	0.0088121	13.794	0.072497	14.445	16.109	70.959	40.499	56.184	253.69	23.946	7.3295e-06	0.014857
232.91	0.77143	476.75	0.0020975	3.7116	3.7603	17.864	44.838	83.126	932.14	-0.15517	9.5404e-05	0.12328	0.0087648	13.938	0.071747	14.452	16.116	70.915	40.552	56.313	253.64	23.882	7.3411e-06	0.014904
233.23	0.77955	476.24	0.0020998	3.7377	3.7869	17.976	44.858	83.229	929.50	-0.15212	9.5058e-05	0.12301	0.0087179	14.082	0.071013	14.459	16.124	70.870	40.605	56.443	253.59	23.818	7.3525e-06	0.014951
233.55	0.78767	475.74	0.0021020	3.7636	3.8134	18.088	44.878	83.332	926.89	-0.14907	9.4715e-05	0.12274	0.0086714	14.226	0.070292	14.466	16.130	70.826	40.657	56.572	253.53	23.755	7.3640e-06	0.014997
233.86	0.79579	475.25	0.0021042	3.7894	3.8397	18.198	44.898	83.435	924.29	-0.14602	9.4376e-05	0.12248	0.0086253	14.371	0.069586	14.472	16.137	70.783	40.709	56.700	253.48	23.693	7.3753e-06	0.015044
234.18	0.80391	474.75	0.0021064	3.8150	3.8659	18.308	44.918	83.538	921.71	-0.14296	9.4041e-05	0.12221	0.0085795	14.515	0.068894	14.479	16.144	70.740	40.760	56.829	253.42	23.631	7.3866e-06	0.015090
234.49	0.81203	474.26	0.0021086	3.8404	3.8919	18.417	44.938	83.641	919.15	-0.13991	9.3709e-05	0.12195	0.0085342	14.660	0.068214	14.485	16.151	70.697	40.812	56.958	253.37	23.571	7.3979e-06	0.015137
234.79	0.82015	473.77	0.0021107	3.8657	3.9177	18.525	44.958	83.744	916.60	-0.13685	9.3381e-05	0.12169	0.0084891	14.804	0.067548	14.492	16.158	70.655	40.863	57.087	253.31	23.512	7.4091e-06	0.015183
235.10	0.82827	473.28	0.0021129	3.8908	3.9434	18.632	44.978	83.847	914.07	-0.13378	9.3056e-05	0.12143	0.0084445	14.949	0.066894	14.498	16.164	70.613	40.913	57.216	253.25	23.453	7.4202e-06	0.015229
235.40	0.83640	472.80	0.0021151	3.9158	3.9690	18.738	44.998	83.950	911.56	-0.13072	9.2734e-05	0.12118	0.0084002	15.094	0.066252	14.504	16.171	70.571	40.964	57.345	253.19	23.395	7.4313e-06	0.015275
235.70	0.84452	472.31	0.0021172	3.9406	3.9943	18.844	45.017	84.053	909.06	-0.12765	9.2415e-05	0.12092	0.0083562	15.239	0.065622	14.511	16.177	70.530	41.014	57.473	253.13	23.338	7.4424e-06	0.015320
236.00	0.85264	471.83	0.0021194	3.9652	4.0196	18.948	45.037	84.156	906.58	-0.12458	9.2100e-05	0.12067	0.0083126	15.384	0.065003	14.517	16.183	70.489	41.064	57.602	253.07	23.282	7.4534e-06	0.015366
236.30	0.86076	471.36	0.0021215	3.9897	4.0446	19.052	45.057	84.259	904.12	-0.12151	9.1788e-05	0.12042	0.0082693	15.529	0.064395	14.523	16.190	70.448	41.114	57.731	253.01	23.226	7.4643e-06	0.015411
236.59	0.86888	470.88	0.0021237	4.0141	4.0696	19.156	45.077	84.362	901.67	-0.11843	9.1478e-05	0.12017	0.0082264	15.674	0.063798	14.529	16.196	70.408	41.163	57.860	252.95	23.171	7.4753e-06	0.015456
236.89	0.87700	470.41	0.0021258	4.0383	4.0944	19.258	45.097	84.466	899.23	-0.11535	9.1172e-05	0.11993	0.0081838	15.820	0.063212	14.535	16.202	70.368	41.212	57.989	252.89	23.117	7.4861e-06	0.015502
237.18	0.88512	469.93	0.0021280	4.0624	4.1190	19.360	45.117	84.569	896.81	-0.11226	9.0869e-05	0.11968	0.0081415	15.965	0.062636	14.541	16.208	70.329	41.261	58.118	252.82	23.064	7.4969e-06	0.015547
237.47	0.89324	469.47	0.0021301	4.0864	4.1436	19.461	45.136	84.672	894.41	-0.10917	9.0568e-05	0.11944	0.0080995	16.111	0.062070	14.547	16.214	70.290	41.310	58.247	252.76	23.011	7.5077e-06	0.015591
237.75	0.90136	469.00	0.0021322	4.1102	4.1680	19.562	45.156	84.776	892.02	-0.10608	9.0270e-05	0.11920	0.0080578	16.257	0.061514	14.552	16.220	70.251	41.358	58.376	252.69	22.959	7.5185e-06	0.015636
238.04	0.90948	468.53	0.0021343	4.1338	4.1922	19.661	45.176	84.879	889.64	-0.10299	8.9975e-05	0.11896	0.0080164	16.402	0.060967	14.558	16.225	70.212	41.407	58.505	252.63	22.908	7.5292e-06	0.015681
238.32	0.91760	468.07	0.0021364	4.1574	4.2163	19.760	45.195	84.983	887.28	-0.099885	8.9683e-05	0.11872	0.0079754	16.548	0.060429	14.564	16.231	70.174	41.455	58.634	252.56	22.857	7.5398e-06	0.015725
238.60	0.92572	467.61	0.0021385	4.1808	4.2403	19.859	45.215	85.086	884.93	-0.096781	8.9394e-05	0.11849	0.0079346	16.694	0.059900	14.569	16.237	70.136	41.503	58.763	252.49	22.807	7.5504e-06	0.015770
238.88	0.93384	467.15	0.0021406	4.2041	4.2642	19.957	45.235	85.190	882.59	-0.093673	8.9107e-05	0.11825	0.0078941	16.841	0.059381	14.575	16.242	70.098	41.550	58.893	252.43	22.758	7.5610e-06	0.015814
239.16	0.94196	466.69	0.0021427	4.2273	4.2880	20.054	45.254	85.294	880.27	-0.090560	8.8822e-05	0.11802	0.0078539	16.987	0.058869	14.580	16.248	70.061	41.598	59.022	252.36	22.709	7.5716e-06	0.015858
239.44	0.95008	466.24	0.0021448	4.2503	4.3116	20.150	45.274	85.398	877.96	-0.087442	8.8540e-05	0.11779	0.0078140	17.133	0.058366	14.586	16.253	70.024	41.645	59.152	252.29	22.661	7.5821e-06	0.015903
239.71	0.95820	465.79	0.0021469	4.2732	4.3351	20.246	45.294	85.502	875.67	-0.084320	8.8261e-05	0.11756	0.0077744	17.280	0.057871	14.591	16.259	69.987	41.692	59.281	252.22	22.613	7.5925e-06	0.015947
239.98	0.96632	465.33	0.0021490	4.2960	4.3585	20.342	45.313	85.606	873.38	-0.081193	8.7984e-05	0.11733	0.0077350	17.426	0.057384	14.596	16.264	69.951	41.739	59.411	252.15	22.566	7.6030e-06	0.015991
240.26	0.97444	464.89	0.0021511	4.3187	4.3818	20.436	45.333	85.710	871.11	-0.078062	8.7709e-05	0.11711	0.0076959	17.573	0.056905	14.602	16.269	69.914	41.786	59.541	252.08	22.519	7.6134e-06	0.016034
240.52	0.98256	464.44	0.0021531	4.3413	4.4049	20.531	45.352	85.814	868.85	-0.074925	8.7437e-05	0.11688	0.0076571	17.720	0.056433	14.607	16.274	69.878	41.832	59.671	252.00	22.474	7.6237e-06	0.016078
240.79	0.99068	463.99	0.0021552	4.3638	4.4280	20.624	45.372	85.918	866.60	-0.071784	8.7167e-05	0.11666	0.0076185	17.867	0.055969	14.612	16.279	69.842	41.879	59.801	251.93	22.428	7.6341e-06	0.016122
241.06	0.99880	463.55	0.0021573	4.3861	4.4509	20.717	45.391	86.023	864.37	-0.068637	8.6900e-05	0.11644	0.0075802	18.014	0.055511	14.617	16.284	69.807	41.925	59.932	251.86	22.383	7.6444e-06	0.016165
241.32	1.0069	463.11	0.0021593	4.4083	4.4737	20.810	45.411	86.127	862.15	-0.065485	8.6634e-05	0.11622	0.0075421	18.162	0.055061	14.622	16.289	69.771	41.971	60.062	251.79	22.339	7.6546e-06	0.016209
241.59	1.0150	462.66	0.0021614	4.4305	4.4964	20.901	45.430	86.232	859.93	-0.062328	8.6371e-05	0.11600	0.0075043	18.309	0.054618	14.627	16.294	69.736	42.017	60.193	251.71	22.295	7.6649e-06	0.016252
241.85	1.0232	462.23	0.0021634	4.4525	4.5190	20.993	45.450	86.337	857.73	-0.059165	8.6110e-05	0.11578	0.0074668	18.457	0.054181	14.632	16.299	69.702	42.062	60.324	251.64	22.252	7.6751e-06	0.016295
242.11	1.0313	461.79	0.0021655	4.4744	4.5415	21.084	45.469	86.442	855.55	-0.055997	8.5851e-05	0.11557	0.0074295	18.604	0.053751	14.637	16.304	69.667	42.108	60.455	251.56	22.209	7.6853e-06	0.016339
242.37	1.0394	461.35	0.0021675	4.4962	4.5639	21.174	45.489	86.547	853.37	-0.052823	8.5594e-05	0.11535	0.0073924	18.752	0.053327	14.642	16.309	69.633	42.153	60.587	251.49	22.167	7.6954e-06	0.016382
242.62	1.0475	460.92	0.0021696	4.5179	4.5862	21.264	45.508	86.652	851.20	-0.049643	8.5339e-05	0.11514	0.0073556	18.900	0.052910	14.647	16.313	69.598	42.199	60.718	251.41	22.125	7.7056e-06	0.016425
242.88	1.0556	460.49	0.0021716	4.5395	4.6084	21.353	45.528	86.758	849.04	-0.046458	8.5086e-05	0.11493	0.0073190	19.048	0.052499	14.652	16.318	69.564	42.244	60.850	251.33	22.083	7.7157e-06	0.016468
243.13	1.0638	460.05	0.0021737	4.5610	4.6305	21.442	45.547	86.863	846.90	-0.043267	8.4835e-05	0.11472	0.0072826	19.196	0.052093	14.656	16.323	69.531	42.289	60.982	251.25	22.042	7.7257e-06	0.016511
243.39	1.0719	459.62	0.0021757	4.5824	4.6525	21.530	45.566	86.969	844.76	-0.040069	8.4587e-05	0.11451	0.0072465	19.345	0.051694	14.661	16.327	69.497	42.333	61.114	251.18	22.002	7.7358e-06	0.016554
243.64	1.0800	459.20	0.0021777	4.6037	4.6744	21.618	45.586	87.075	842.64	-0.036866	8.4340e-05	0.11430	0.0072106	19.493	0.051300	14.666	16.332	69.464	42.378	61.246	251.10	21.962	7.7458e-06	0.016596
243.89	1.0881	458.77	0.0021797	4.6249	4.6962	21.705	45.605	87.181	840.52	-0.033656	8.4094e-05	0.11409	0.0071749	19.642	0.050911	14.670	16.336	69.431	42.423	61.379	251.02	21.922	7.7558e-06	0.016639
244.14	1.0962	458.34	0.0021818	4.6460	4.7179	21.792	45.624	87.287	838.42	-0.030440	8.3851e-05	0.11389	0.0071395	19.791	0.050529	14.675	16.340	69.398	42.467	61.512	250.94	21.883	7.7658e-06	0.016682
244.38	1.1044	457.92	0.0021838	4.6670	4.7396	21.878	45.644	87.393	836.32	-0.027217	8.3610e-05	0.11369	0.0071042	19.940	0.050151	14.679	16.345	69.365	42.511	61.645	250.86	21.844	7.7757e-06	0.016724
244.63	1.1125	457.50	0.0021858	4.6880	4.7611	21.964	45.663	87.500	834.24	-0.023988	8.3370e-05	0.11348	0.0070692	20.089	0.049779	14.684	16.349	69.332	42.555	61.778	250.78	21.806	7.7857e-06	0.016767
244.87	1.1206	457.08	0.0021878	4.7088	4.7825	22.049	45.682	87.606	832.16	-0.020753	8.3132e-05	0.11328	0.0070344	20.238	0.049412	14.688	16.353	69.300	42.599	61.912	250.70	21.768	7.7956e-06	0.016809
245.12	1.1287	456.66	0.0021898	4.7296	4.8039	22.134	45.702	87.713	830.09	-0.017510	8.2896e-05	0.11308	0.0069998	20.387	0.049050	14.692	16.357	69.268	42.643	62.046	250.62	21.730	7.8054e-06	0.016852
245.36	1.1368	456.24	0.0021918	4.7502	4.8251	22.219	45.721	87.820	828.04	-0.014261	8.2662e-05	0.11288	0.0069654	20.537	0.048693	14.697	16.361	69.236	42.687	62.180	250.53	21.693	7.8153e-06	0.016894
245.60	1.1450	455.82	0.0021938	4.7708	4.8463	22.303	45.740	87.927	825.99	-0.011005	8.2429e-05	0.11268	0.0069312	20.687	0.048340	14.701	16.365	69.204	42.730	62.314	250.45	21.656	7.8252e-06	0.016936
245.84	1.1531	455.41	0.0021958	4.7913	4.8674	22.387	45.760	88.035	823.95	-0.0077425	8.2198e-05	0.11249	0.0068972	20.836	0.047993	14.705	16.369	69.172	42.774	62.449	250.37	21.620	7.8350e-06	0.016979
246.08	1.1612	454.99	0.0021978	4.8117	4.8884	22.470	45.779	88.142	821.92	-0.0044725	8.1969e-05	0.11229	0.0068634	20.986	0.047650	14.709	16.373	69.141	42.817	62.584	250.29	21.584	7.8448e-06	0.017021
246.32	1.1693	454.58	0.0021998	4.8320	4.9093	22.553	45.798	88.250	819.90	-0.0011954	8.1741e-05	0.11209	0.0068298	21.137	0.047311	14.714	16.377	69.110	42.861	62.719	250.20	21.548	7.8546e-06	0.017063
246.55	1.1774	454.17	0.0022018	4.8522	4.9302	22.635	45.817	88.358	817.89	0.0020890	8.1515e-05	0.11190	0.0067964	21.287	0.046977	14.718	16.381	69.079	42.904	62.855	250.12	21.513	7.8643e-06	0.017105
246.79	1.1856	453.75	0.0022038	4.8724	4.9509	22.717	45.836	88.466	815.89	0.0053807	8.1291e-05	0.11171	0.0067631	21.437	0.046647	14.722	16.385	69.048	42.947	62.990	250.03	21.478	7.8741e-06	0.017147
247.02	1.1937	453.35	0.0022058	4.8924	4.9716	22.798	45.856	88.574	813.89	0.0086799	8.1068e-05	0.11152	0.0067301	21.588	0.046322	14.726	16.388	69.017	42.990	63.127	249.95	21.444	7.8838e-06	0.017189
247.25	1.2018	452.94	0.0022078	4.9124	4.9922	22.880	45.875	88.683	811.91	0.011987	8.0847e-05	0.11133	0.0066973	21.739	0.046001	14.730	16.392	68.986	43.033	63.263	249.86	21.409	7.8935e-06	0.017231
247.48	1.2099	452.53	0.0022098	4.9323	5.0127	22.960	45.894	88.792	809.93	0.015301	8.0627e-05	0.11114	0.0066646	21.890	0.045684	14.734	16.396	68.956	43.076	63.400	249.78	21.375	7.9032e-06	0.017273
247.71	1.2181	452.12	0.0022118	4.9522	5.0332	23.041	45.913	88.901	807.96	0.018623	8.0408e-05	0.11095	0.0066322	22.041	0.045370	14.738	16.399	68.925	43.118	63.537	249.69	21.342	7.9129e-06	0.017315
247.94	1.2262	451.72	0.0022138	4.9719	5.0535	23.121	45.932	89.010	806.00	0.021953	8.0191e-05	0.11076	0.0065999	22.192	0.045061	14.742	16.403	68.895	43.161	63.675	249.60	21.308	7.9225e-06	0.017357
248.17	1.2343	451.31	0.0022157	4.9916	5.0738	23.200	45.952	89.119	804.04	0.025290	7.9976e-05	0.11057	0.0065678	22.344	0.044756	14.745	16.406	68.865	43.203	63.812	249.52	21.275	7.9322e-06	0.017399
248.40	1.2424	450.91	0.0022177	5.0112	5.0940	23.280	45.971	89.229	802.10	0.028636	7.9762e-05	0.11039	0.0065358	22.495	0.044454	14.749	16.410	68.835	43.246	63.951	249.43	21.243	7.9418e-06	0.017441
248.62	1.2505	450.51	0.0022197	5.0307	5.1142	23.359	45.990	89.339	800.16	0.031990	7.9549e-05	0.11020	0.0065041	22.647	0.044156	14.753	16.413	68.805	43.288	64.089	249.34	21.210	7.9514e-06	0.017482
248.85	1.2587	450.11	0.0022217	5.0502	5.1342	23.437	46.009	89.449	798.23	0.035352	7.9338e-05	0.11002	0.0064725	22.799	0.043862	14.757	16.417	68.776	43.330	64.228	249.25	21.178	7.9610e-06	0.017524
249.07	1.2668	449.71	0.0022237	5.0695	5.1542	23.515	46.028	89.559	796.31	0.038722	7.9128e-05	0.10984	0.0064411	22.951	0.043571	14.760	16.420	68.746	43.372	64.367	249.16	21.147	7.9706e-06	0.017566
249.30	1.2749	449.31	0.0022256	5.0888	5.1742	23.593	46.047	89.669	794.40	0.042100	7.8919e-05	0.10966	0.0064099	23.103	0.043284	14.764	16.423	68.717	43.414	64.507	249.07	21.115	7.9802e-06	0.017607
249.52	1.2830	448.91	0.0022276	5.1081	5.1940	23.670	46.067	89.780	792.49	0.045487	7.8712e-05	0.10948	0.0063788	23.256	0.043000	14.768	16.427	68.688	43.456	64.647	248.98	21.084	7.9897e-06	0.017649
249.74	1.2911	448.52	0.0022296	5.1273	5.2138	23.747	46.086	89.891	790.59	0.048882	7.8506e-05	0.10930	0.0063479	23.408	0.042720	14.771	16.430	68.659	43.498	64.787	248.89	21.053	7.9993e-06	0.017691
249.96	1.2993	448.12	0.0022315	5.1463	5.2335	23.824	46.105	90.002	788.70	0.052286	7.8302e-05	0.10912	0.0063172	23.561	0.042443	14.775	16.433	68.630	43.540	64.928	248.80	21.023	8.0088e-06	0.017732
250.18	1.3074	447.73	0.0022335	5.1654	5.2532	23.901	46.124	90.114	786.81	0.055699	7.8098e-05	0.10894	0.0062866	23.714	0.042169	14.778	16.436	68.601	43.582	65.069	248.71	20.992	8.0183e-06	0.017774
250.39	1.3155	447.33	0.0022355	5.1843	5.2728	23.977	46.143	90.226	784.93	0.059120	7.7896e-05	0.10876	0.0062562	23.867	0.041899	14.782	16.439	68.572	43.623	65.211	248.62	20.962	8.0278e-06	0.017815
250.61	1.3236	446.94	0.0022374	5.2032	5.2923	24.052	46.162	90.338	783.06	0.062551	7.7695e-05	0.10859	0.0062259	24.020	0.041631	14.785	16.442	68.544	43.665	65.352	248.53	20.932	8.0373e-06	0.017857
250.83	1.3317	446.55	0.0022394	5.2221	5.3117	24.128	46.181	90.450	781.20	0.065990	7.7496e-05	0.10841	0.0061958	24.174	0.041367	14.789	16.445	68.515	43.706	65.495	248.44	20.903	8.0468e-06	0.017898
251.04	1.3399	446.16	0.0022413	5.2408	5.3311	24.203	46.200	90.562	779.34	0.069438	7.7297e-05	0.10824	0.0061659	24.328	0.041106	14.792	16.448	68.487	43.748	65.638	248.35	20.874	8.0563e-06	0.017940
251.25	1.3480	445.77	0.0022433	5.2595	5.3504	24.278	46.219	90.675	777.49	0.072895	7.7100e-05	0.10806	0.0061361	24.481	0.040847	14.795	16.451	68.459	43.789	65.781	248.26	20.845	8.0657e-06	0.017981
251.47	1.3561	445.38	0.0022453	5.2781	5.3697	24.352	46.239	90.788	775.65	0.076362	7.6904e-05	0.10789	0.0061064	24.635	0.040592	14.799	16.454	68.431	43.830	65.924	248.16	20.816	8.0752e-06	0.018023
251.68	1.3642	444.99	0.0022472	5.2967	5.3889	24.426	46.258	90.902	773.81	0.079838	7.6710e-05	0.10772	0.0060769	24.790	0.040339	14.802	16.457	68.403	43.872	66.068	248.07	20.787	8.0846e-06	0.018064
251.89	1.3723	444.61	0.0022492	5.3152	5.4080	24.500	46.277	91.015	771.98	0.083323	7.6516e-05	0.10755	0.0060476	24.944	0.040090	14.805	16.460	68.375	43.913	66.213	247.98	20.759	8.0941e-06	0.018105
252.10	1.3805	444.22	0.0022511	5.3337	5.4271	24.574	46.296	91.129	770.15	0.086818	7.6323e-05	0.10738	0.0060184	25.099	0.039843	14.809	16.462	68.347	43.954	66.358	247.88	20.731	8.1035e-06	0.018147
252.31	1.3886	443.83	0.0022531	5.3521	5.4461	24.647	46.315	91.243	768.34	0.090322	7.6132e-05	0.10721	0.0059894	25.253	0.039599	14.812	16.465	68.319	43.995	66.503	247.79	20.703	8.1129e-06	0.018188
252.52	1.3967	443.45	0.0022550	5.3704	5.4651	24.720	46.334	91.358	766.53	0.093836	7.5942e-05	0.10704	0.0059605	25.408	0.039357	14.815	16.468	68.292	44.036	66.649	247.69	20.676	8.1223e-06	0.018230
252.73	1.4048	443.07	0.0022570	5.3886	5.4840	24.792	46.353	91.472	764.72	0.097360	7.5753e-05	0.10687	0.0059317	25.563	0.039118	14.818	16.470	68.264	44.077	66.795	247.60	20.649	8.1317e-06	0.018271
252.93	1.4129	442.68	0.0022589	5.4068	5.5028	24.865	46.372	91.587	762.92	0.10089	7.5564e-05	0.10670	0.0059031	25.719	0.038882	14.821	16.473	68.237	44.117	66.942	247.50	20.622	8.1411e-06	0.018312
253.14	1.4211	442.30	0.0022609	5.4250	5.5216	24.937	46.391	91.703	761.13	0.10444	7.5377e-05	0.10653	0.0058747	25.874	0.038648	14.824	16.476	68.210	44.158	67.089	247.41	20.595	8.1505e-06	0.018354
253.34	1.4292	441.92	0.0022628	5.4431	5.5403	25.008	46.410	91.818	759.34	0.10799	7.5192e-05	0.10637	0.0058463	26.030	0.038417	14.827	16.478	68.183	44.199	67.236	247.31	20.568	8.1599e-06	0.018395
253.55	1.4373	441.54	0.0022648	5.4611	5.5590	25.080	46.429	91.934	757.56	0.11155	7.5007e-05	0.10620	0.0058181	26.186	0.038189	14.830	16.481	68.156	44.240	67.384	247.22	20.542	8.1693e-06	0.018436
253.75	1.4454	441.16	0.0022667	5.4791	5.5776	25.151	46.448	92.051	755.79	0.11513	7.4823e-05	0.10604	0.0057901	26.342	0.037962	14.833	16.483	68.129	44.280	67.533	247.12	20.515	8.1787e-06	0.018478
253.95	1.4535	440.78	0.0022687	5.4970	5.5961	25.222	46.467	92.167	754.02	0.11871	7.4640e-05	0.10588	0.0057622	26.498	0.037738	14.836	16.486	68.102	44.321	67.682	247.02	20.489	8.1880e-06	0.018519
254.15	1.4617	440.40	0.0022706	5.5148	5.6146	25.293	46.487	92.284	752.26	0.12231	7.4458e-05	0.10571	0.0057344	26.655	0.037517	14.839	16.488	68.075	44.361	67.832	246.93	20.464	8.1974e-06	0.018560
254.35	1.4698	440.03	0.0022726	5.5327	5.6331	25.363	46.506	92.401	750.50	0.12591	7.4277e-05	0.10555	0.0057067	26.811	0.037298	14.842	16.490	68.048	44.402	67.982	246.83	20.438	8.2067e-06	0.018602
254.55	1.4779	439.65	0.0022745	5.5504	5.6515	25.433	46.525	92.519	748.75	0.12953	7.4097e-05	0.10539	0.0056792	26.968	0.037081	14.845	16.493	68.022	44.442	68.132	246.73	20.413	8.2161e-06	0.018643
254.75	1.4860	439.27	0.0022765	5.5681	5.6698	25.503	46.544	92.637	747.00	0.13315	7.3919e-05	0.10523	0.0056518	27.125	0.036866	14.848	16.495	67.995	44.482	68.283	246.64	20.387	8.2254e-06	0.018684
254.95	1.4941	438.90	0.0022784	5.5857	5.6881	25.572	46.563	92.755	745.26	0.13679	7.3741e-05	0.10507	0.0056246	27.283	0.036653	14.850	16.497	67.969	44.522	68.435	246.54	20.362	8.2348e-06	0.018725
255.15	1.5023	438.52	0.0022804	5.6033	5.7063	25.642	46.582	92.873	743.53	0.14044	7.3564e-05	0.10491	0.0055974	27.440	0.036443	14.853	16.499	67.943	44.563	68.587	246.44	20.338	8.2441e-06	0.018767
255.35	1.5104	438.15	0.0022823	5.6209	5.7245	25.711	46.601	92.992	741.80	0.14410	7.3388e-05	0.10475	0.0055704	27.598	0.036235	14.856	16.502	67.916	44.603	68.740	246.34	20.313	8.2534e-06	0.018808
255.54	1.5185	437.78	0.0022843	5.6384	5.7427	25.780	46.620	93.111	740.08	0.14777	7.3213e-05	0.10459	0.0055436	27.756	0.036029	14.859	16.504	67.890	44.643	68.893	246.24	20.289	8.2627e-06	0.018849
255.74	1.5266	437.41	0.0022862	5.6558	5.7607	25.848	46.639	93.231	738.36	0.15145	7.3038e-05	0.10444	0.0055168	27.914	0.035825	14.861	16.506	67.864	44.683	69.047	246.14	20.264	8.2721e-06	0.018891
255.93	1.5347	437.03	0.0022882	5.6732	5.7788	25.916	46.658	93.351	736.65	0.15514	7.2865e-05	0.10428	0.0054902	28.072	0.035622	14.864	16.508	67.838	44.723	69.201	246.04	20.240	8.2814e-06	0.018932
256.13	1.5429	436.66	0.0022901	5.6905	5.7967	25.985	46.677	93.471	734.94	0.15884	7.2693e-05	0.10412	0.0054637	28.231	0.035422	14.867	16.510	67.812	44.763	69.356	245.94	20.217	8.2907e-06	0.018974
256.32	1.5510	436.29	0.0022920	5.7078	5.8147	26.052	46.696	93.591	733.24	0.16256	7.2521e-05	0.10397	0.0054373	28.389	0.035224	14.869	16.512	67.787	44.803	69.511	245.84	20.193	8.3000e-06	0.019015
256.51	1.5591	435.92	0.0022940	5.7250	5.8326	26.120	46.715	93.712	731.54	0.16628	7.2351e-05	0.10381	0.0054110	28.548	0.035028	14.872	16.514	67.761	44.843	69.667	245.74	20.169	8.3093e-06	0.019056
256.70	1.5672	435.55	0.0022959	5.7422	5.8504	26.187	46.735	93.834	729.85	0.17002	7.2181e-05	0.10366	0.0053849	28.707	0.034834	14.874	16.516	67.735	44.883	69.823	245.64	20.146	8.3186e-06	0.019098
256.89	1.5753	435.18	0.0022979	5.7593	5.8682	26.254	46.754	93.955	728.16	0.17377	7.2012e-05	0.10351	0.0053589	28.867	0.034642	14.877	16.518	67.710	44.922	69.980	245.54	20.123	8.3279e-06	0.019139
257.08	1.5835	434.82	0.0022998	5.7764	5.8859	26.321	46.773	94.077	726.48	0.17753	7.1844e-05	0.10335	0.0053330	29.026	0.034451	14.879	16.520	67.684	44.962	70.138	245.44	20.100	8.3372e-06	0.019181
257.27	1.5916	434.45	0.0023018	5.7935	5.9036	26.388	46.792	94.200	724.80	0.18130	7.1677e-05	0.10320	0.0053072	29.186	0.034263	14.882	16.522	67.659	45.002	70.296	245.34	20.077	8.3465e-06	0.019222
257.46	1.5997	434.08	0.0023037	5.8105	5.9213	26.454	46.811	94.323	723.13	0.18509	7.1510e-05	0.10305	0.0052815	29.346	0.034076	14.884	16.523	67.633	45.042	70.455	245.24	20.054	8.3558e-06	0.019264
257.65	1.6078	433.72	0.0023057	5.8274	5.9389	26.520	46.830	94.446	721.46	0.18889	7.1345e-05	0.10290	0.0052560	29.506	0.033891	14.887	16.525	67.608	45.081	70.614	245.14	20.032	8.3652e-06	0.019305
257.84	1.6159	433.35	0.0023076	5.8443	5.9564	26.586	46.849	94.569	719.80	0.19270	7.1180e-05	0.10275	0.0052305	29.667	0.033708	14.889	16.527	67.583	45.121	70.774	245.04	20.010	8.3745e-06	0.019346
258.02	1.6241	432.99	0.0023095	5.8612	5.9740	26.652	46.868	94.693	718.14	0.19652	7.1016e-05	0.10260	0.0052052	29.828	0.033526	14.891	16.529	67.558	45.160	70.935	244.93	19.987	8.3838e-06	0.019388
258.21	1.6322	432.62	0.0023115	5.8780	5.9914	26.718	46.888	94.818	716.49	0.20035	7.0853e-05	0.10245	0.0051800	29.988	0.033346	14.894	16.530	67.533	45.200	71.096	244.83	19.965	8.3931e-06	0.019430
258.40	1.6403	432.26	0.0023134	5.8948	6.0089	26.783	46.907	94.942	714.84	0.20420	7.0691e-05	0.10230	0.0051549	30.150	0.033168	14.896	16.532	67.508	45.239	71.258	244.73	19.944	8.4024e-06	0.019471
258.58	1.6484	431.89	0.0023154	5.9115	6.0262	26.848	46.926	95.067	713.20	0.20805	7.0529e-05	0.10215	0.0051299	30.311	0.032991	14.898	16.534	67.483	45.279	71.421	244.63	19.922	8.4117e-06	0.019513
258.76	1.6565	431.53	0.0023173	5.9282	6.0436	26.913	46.945	95.193	711.56	0.21193	7.0368e-05	0.10201	0.0051050	30.472	0.032817	14.901	16.535	67.458	45.318	71.584	244.52	19.900	8.4210e-06	0.019554
258.95	1.6647	431.17	0.0023193	5.9448	6.0609	26.977	46.964	95.319	709.92	0.21581	7.0208e-05	0.10186	0.0050802	30.634	0.032643	14.903	16.537	67.433	45.358	71.748	244.42	19.879	8.4303e-06	0.019596
259.13	1.6728	430.81	0.0023212	5.9614	6.0781	27.042	46.983	95.445	708.29	0.21971	7.0049e-05	0.10171	0.0050555	30.796	0.032472	14.905	16.538	67.408	45.397	71.912	244.32	19.858	8.4396e-06	0.019638
259.31	1.6809	430.45	0.0023232	5.9779	6.0954	27.106	47.002	95.572	706.67	0.22362	6.9891e-05	0.10157	0.0050309	30.958	0.032301	14.907	16.540	67.383	45.436	72.077	244.21	19.836	8.4489e-06	0.019679
259.49	1.6890	430.09	0.0023251	5.9945	6.1125	27.170	47.022	95.699	705.05	0.22754	6.9733e-05	0.10142	0.0050065	31.121	0.032133	14.909	16.541	67.359	45.476	72.243	244.11	19.816	8.4582e-06	0.019721
259.67	1.6972	429.73	0.0023271	6.0109	6.1297	27.234	47.041	95.827	703.43	0.23147	6.9576e-05	0.10128	0.0049821	31.284	0.031966	14.911	16.543	67.334	45.515	72.409	244.00	19.795	8.4675e-06	0.019763
259.85	1.7053	429.37	0.0023290	6.0273	6.1468	27.298	47.060	95.955	701.82	0.23542	6.9419e-05	0.10114	0.0049579	31.447	0.031800	14.914	16.544	67.310	45.554	72.576	243.90	19.774	8.4768e-06	0.019805
260.03	1.7134	429.01	0.0023310	6.0437	6.1638	27.361	47.079	96.083	700.21	0.23938	6.9264e-05	0.10099	0.0049337	31.610	0.031636	14.916	16.546	67.285	45.593	72.744	243.79	19.753	8.4861e-06	0.019846
260.21	1.7215	428.65	0.0023329	6.0601	6.1808	27.424	47.098	96.212	698.61	0.24336	6.9109e-05	0.10085	0.0049097	31.773	0.031473	14.918	16.547	67.261	45.632	72.912	243.69	19.733	8.4954e-06	0.019888
260.39	1.7296	428.29	0.0023349	6.0764	6.1978	27.487	47.118	96.342	697.01	0.24735	6.8955e-05	0.10071	0.0048857	31.937	0.031312	14.920	16.548	67.236	45.672	73.082	243.58	19.713	8.5048e-06	0.019930
260.57	1.7378	427.93	0.0023368	6.0926	6.2147	27.550	47.137	96.472	695.42	0.25135	6.8801e-05	0.10056	0.0048619	32.101	0.031152	14.922	16.549	67.212	45.711	73.251	243.48	19.693	8.5141e-06	0.019972
260.75	1.7459	427.58	0.0023388	6.1089	6.2316	27.613	47.156	96.602	693.82	0.25537	6.8648e-05	0.10042	0.0048381	32.265	0.030994	14.924	16.551	67.188	45.750	73.422	243.37	19.673	8.5234e-06	0.020014
260.92	1.7540	427.22	0.0023407	6.1250	6.2485	27.675	47.175	96.732	692.24	0.25940	6.8496e-05	0.10028	0.0048145	32.429	0.030836	14.926	16.552	67.164	45.789	73.593	243.27	19.653	8.5327e-06	0.020056
261.10	1.7621	426.86	0.0023427	6.1412	6.2653	27.737	47.195	96.864	690.66	0.26344	6.8345e-05	0.10014	0.0047910	32.594	0.030681	14.928	16.553	67.140	45.828	73.765	243.16	19.633	8.5421e-06	0.020098
261.27	1.7702	426.51	0.0023446	6.1573	6.2821	27.799	47.214	96.995	689.08	0.26750	6.8194e-05	0.10000	0.0047675	32.759	0.030526	14.929	16.554	67.115	45.867	73.938	243.05	19.613	8.5514e-06	0.020140
261.45	1.7784	426.15	0.0023466	6.1734	6.2989	27.861	47.233	97.127	687.50	0.27157	6.8044e-05	0.099863	0.0047442	32.924	0.030373	14.931	16.556	67.091	45.906	74.112	242.95	19.594	8.5608e-06	0.020182
261.62	1.7865	425.80	0.0023485	6.1894	6.3156	27.923	47.252	97.260	685.93	0.27566	6.7894e-05	0.099724	0.0047209	33.089	0.030222	14.933	16.557	67.067	45.945	74.286	242.84	19.574	8.5701e-06	0.020224
261.80	1.7946	425.44	0.0023505	6.2054	6.3322	27.985	47.272	97.393	684.37	0.27976	6.7745e-05	0.099586	0.0046977	33.255	0.030071	14.935	16.558	67.043	45.984	74.461	242.73	19.555	8.5794e-06	0.020266
261.97	1.8027	425.09	0.0023525	6.2214	6.3489	28.046	47.291	97.527	682.80	0.28388	6.7597e-05	0.099448	0.0046747	33.420	0.029922	14.937	16.559	67.020	46.023	74.637	242.63	19.536	8.5888e-06	0.020309
262.14	1.8108	424.73	0.0023544	6.2373	6.3655	28.107	47.310	97.661	681.25	0.28800	6.7450e-05	0.099311	0.0046517	33.587	0.029774	14.939	16.560	66.996	46.062	74.813	242.52	19.517	8.5982e-06	0.020351
262.31	1.8190	424.38	0.0023564	6.2532	6.3820	28.168	47.330	97.795	679.69	0.29215	6.7303e-05	0.099174	0.0046288	33.753	0.029627	14.940	16.561	66.972	46.101	74.990	242.41	19.498	8.6075e-06	0.020393
262.49	1.8271	424.03	0.0023583	6.2690	6.3986	28.229	47.349	97.930	678.14	0.29631	6.7156e-05	0.099038	0.0046060	33.919	0.029482	14.942	16.562	66.948	46.139	75.168	242.30	19.479	8.6169e-06	0.020436
262.66	1.8352	423.67	0.0023603	6.2848	6.4151	28.289	47.368	98.066	676.59	0.30048	6.7010e-05	0.098902	0.0045834	34.086	0.029337	14.944	16.563	66.924	46.178	75.347	242.20	19.461	8.6263e-06	0.020478
262.83	1.8433	423.32	0.0023623	6.3006	6.4315	28.350	47.388	98.202	675.05	0.30467	6.6865e-05	0.098766	0.0045608	34.253	0.029194	14.946	16.564	66.901	46.217	75.527	242.09	19.442	8.6357e-06	0.020520
263.00	1.8514	422.97	0.0023642	6.3163	6.4480	28.410	47.407	98.338	673.51	0.30888	6.6721e-05	0.098631	0.0045382	34.421	0.029052	14.947	16.565	66.877	46.256	75.708	241.98	19.424	8.6450e-06	0.020563
263.16	1.8596	422.62	0.0023662	6.3321	6.4644	28.470	47.426	98.475	671.98	0.31309	6.6577e-05	0.098497	0.0045158	34.588	0.028911	14.949	16.565	66.854	46.295	75.889	241.87	19.405	8.6544e-06	0.020605
263.33	1.8677	422.27	0.0023682	6.3477	6.4807	28.530	47.446	98.613	670.44	0.31733	6.6433e-05	0.098363	0.0044935	34.756	0.028772	14.951	16.566	66.830	46.334	76.071	241.76	19.387	8.6638e-06	0.020648
263.50	1.8758	421.92	0.0023701	6.3634	6.4971	28.590	47.465	98.751	668.92	0.32158	6.6291e-05	0.098229	0.0044713	34.924	0.028633	14.952	16.567	66.806	46.372	76.254	241.65	19.369	8.6733e-06	0.020691
263.67	1.8839	421.57	0.0023721	6.3790	6.5133	28.650	47.484	98.890	667.39	0.32584	6.6149e-05	0.098096	0.0044491	35.093	0.028496	14.954	16.568	66.783	46.411	76.438	241.55	19.351	8.6827e-06	0.020733
263.84	1.8920	421.22	0.0023741	6.3945	6.5296	28.709	47.504	99.029	665.87	0.33013	6.6007e-05	0.097963	0.0044270	35.261	0.028360	14.955	16.569	66.760	46.450	76.623	241.44	19.333	8.6921e-06	0.020776
264.00	1.9002	420.87	0.0023761	6.4101	6.5458	28.768	47.523	99.169	664.35	0.33442	6.5866e-05	0.097831	0.0044051	35.430	0.028224	14.957	16.569	66.736	46.489	76.808	241.33	19.315	8.7015e-06	0.020819
264.17	1.9083	420.52	0.0023780	6.4256	6.5620	28.828	47.542	99.309	662.84	0.33874	6.5725e-05	0.097699	0.0043832	35.600	0.028090	14.958	16.570	66.713	46.528	76.995	241.22	19.297	8.7110e-06	0.020862
264.33	1.9164	420.17	0.0023800	6.4411	6.5782	28.887	47.562	99.450	661.33	0.34306	6.5586e-05	0.097568	0.0043614	35.769	0.027957	14.960	16.571	66.689	46.566	77.182	241.11	19.280	8.7204e-06	0.020905
264.50	1.9245	419.82	0.0023820	6.4565	6.5943	28.945	47.581	99.591	659.82	0.34741	6.5446e-05	0.097437	0.0043397	35.939	0.027825	14.961	16.571	66.666	46.605	77.370	241.00	19.262	8.7299e-06	0.020948
264.66	1.9326	419.47	0.0023840	6.4719	6.6105	29.004	47.601	99.733	658.32	0.35177	6.5307e-05	0.097306	0.0043180	36.109	0.027694	14.963	16.572	66.643	46.644	77.559	240.89	19.245	8.7393e-06	0.020991
264.83	1.9408	419.12	0.0023859	6.4873	6.6265	29.063	47.620	99.876	656.82	0.35615	6.5169e-05	0.097176	0.0042965	36.279	0.027564	14.964	16.573	66.620	46.683	77.749	240.78	19.228	8.7488e-06	0.021034
264.99	1.9489	418.77	0.0023879	6.5026	6.6426	29.121	47.640	100.02	655.32	0.36054	6.5031e-05	0.097047	0.0042750	36.450	0.027435	14.966	16.573	66.597	46.721	77.940	240.67	19.210	8.7583e-06	0.021077
265.15	1.9570	418.43	0.0023899	6.5180	6.6586	29.179	47.659	100.16	653.83	0.36495	6.4894e-05	0.096917	0.0042536	36.620	0.027307	14.967	16.574	66.573	46.760	78.132	240.56	19.193	8.7678e-06	0.021120
265.32	1.9651	418.08	0.0023919	6.5332	6.6746	29.237	47.679	100.31	652.34	0.36938	6.4757e-05	0.096789	0.0042323	36.792	0.027180	14.968	16.574	66.550	46.799	78.325	240.44	19.176	8.7772e-06	0.021164
265.48	1.9732	417.73	0.0023939	6.5485	6.6905	29.295	47.698	100.45	650.86	0.37383	6.4621e-05	0.096660	0.0042111	36.963	0.027054	14.970	16.575	66.527	46.837	78.519	240.33	19.159	8.7868e-06	0.021207
265.64	1.9814	417.39	0.0023959	6.5637	6.7065	29.353	47.717	100.60	649.37	0.37829	6.4486e-05	0.096532	0.0041900	37.135	0.026929	14.971	16.575	66.504	46.876	78.714	240.22	19.142	8.7963e-06	0.021250
265.80	1.9895	417.04	0.0023979	6.5789	6.7224	29.411	47.737	100.74	647.90	0.38276	6.4350e-05	0.096405	0.0041689	37.307	0.026805	14.972	16.576	66.481	46.915	78.909	240.11	19.126	8.8058e-06	0.021294
265.96	1.9976	416.69	0.0023999	6.5941	6.7382	29.468	47.756	100.89	646.42	0.38726	6.4216e-05	0.096277	0.0041479	37.479	0.026682	14.973	16.576	66.458	46.954	79.106	240.00	19.109	8.8153e-06	0.021337
266.12	2.0057	416.35	0.0024018	6.6092	6.7541	29.525	47.776	101.04	644.95	0.39177	6.4082e-05	0.096151	0.0041271	37.651	0.026560	14.975	16.577	66.435	46.992	79.304	239.89	19.092	8.8249e-06	0.021381
266.28	2.0138	416.00	0.0024038	6.6243	6.7699	29.583	47.795	101.18	643.48	0.39630	6.3948e-05	0.096024	0.0041062	37.824	0.026438	14.976	16.577	66.412	47.031	79.502	239.78	19.076	8.8344e-06	0.021425
266.44	2.0220	415.66	0.0024058	6.6394	6.7857	29.640	47.815	101.33	642.01	0.40085	6.3815e-05	0.095898	0.0040855	37.997	0.026318	14.977	16.577	66.389	47.070	79.702	239.66	19.059	8.8440e-06	0.021468
266.60	2.0301	415.31	0.0024078	6.6544	6.8014	29.697	47.835	101.48	640.55	0.40542	6.3682e-05	0.095772	0.0040648	38.171	0.026198	14.978	16.578	66.367	47.109	79.903	239.55	19.043	8.8536e-06	0.021512
266.76	2.0382	414.97	0.0024098	6.6694	6.8171	29.753	47.854	101.63	639.09	0.41000	6.3550e-05	0.095647	0.0040443	38.344	0.026080	14.980	16.578	66.344	47.147	80.105	239.44	19.027	8.8632e-06	0.021556
266.91	2.0463	414.62	0.0024118	6.6844	6.8328	29.810	47.874	101.78	637.63	0.41460	6.3418e-05	0.095522	0.0040238	38.518	0.025962	14.981	16.578	66.321	47.186	80.307	239.33	19.011	8.8727e-06	0.021600
267.07	2.0544	414.28	0.0024138	6.6994	6.8485	29.866	47.893	101.93	636.18	0.41922	6.3287e-05	0.095398	0.0040033	38.692	0.025845	14.982	16.578	66.298	47.225	80.511	239.21	18.995	8.8824e-06	0.021644
267.23	2.0626	413.93	0.0024159	6.7143	6.8642	29.923	47.913	102.09	634.73	0.42386	6.3156e-05	0.095274	0.0039830	38.867	0.025729	14.983	16.579	66.275	47.264	80.716	239.10	18.979	8.8920e-06	0.021688
267.38	2.0707	413.59	0.0024179	6.7292	6.8798	29.979	47.932	102.24	633.28	0.42852	6.3026e-05	0.095150	0.0039627	39.042	0.025614	14.984	16.579	66.253	47.303	80.922	238.99	18.963	8.9016e-06	0.021732
267.54	2.0788	413.24	0.0024199	6.7441	6.8954	30.035	47.952	102.39	631.84	0.43319	6.2896e-05	0.095027	0.0039425	39.217	0.025499	14.985	16.579	66.230	47.341	81.129	238.87	18.947	8.9113e-06	0.021777
267.70	2.0869	412.90	0.0024219	6.7590	6.9109	30.091	47.971	102.54	630.40	0.43789	6.2767e-05	0.094904	0.0039224	39.392	0.025386	14.986	16.579	66.207	47.380	81.337	238.76	18.931	8.9209e-06	0.021821
267.85	2.0950	412.56	0.0024239	6.7738	6.9265	30.147	47.991	102.70	628.96	0.44260	6.2638e-05	0.094781	0.0039024	39.568	0.025273	14.987	16.579	66.184	47.419	81.547	238.65	18.915	8.9306e-06	0.021866
268.01	2.1032	412.21	0.0024259	6.7886	6.9420	30.203	48.011	102.85	627.52	0.44733	6.2509e-05	0.094659	0.0038824	39.744	0.025161	14.988	16.579	66.162	47.458	81.757	238.53	18.900	8.9403e-06	0.021910
268.16	2.1113	411.87	0.0024279	6.8034	6.9575	30.258	48.030	103.01	626.09	0.45208	6.2381e-05	0.094537	0.0038625	39.921	0.025050	14.989	16.579	66.139	47.497	81.969	238.42	18.884	8.9499e-06	0.021955
268.31	2.1194	411.53	0.0024300	6.8181	6.9730	30.314	48.050	103.17	624.66	0.45685	6.2254e-05	0.094415	0.0038427	40.097	0.024939	14.990	16.579	66.116	47.536	82.181	238.31	18.869	8.9597e-06	0.021999
268.47	2.1275	411.19	0.0024320	6.8328	6.9884	30.369	48.069	103.32	623.24	0.46164	6.2127e-05	0.094294	0.0038229	40.274	0.024830	14.991	16.579	66.094	47.575	82.395	238.19	18.853	8.9694e-06	0.022044
268.62	2.1356	410.84	0.0024340	6.8475	7.0038	30.424	48.089	103.48	621.81	0.46645	6.2000e-05	0.094173	0.0038032	40.452	0.024721	14.992	16.579	66.071	47.614	82.610	238.08	18.838	8.9791e-06	0.022089
268.77	2.1438	410.50	0.0024360	6.8622	7.0192	30.479	48.109	103.64	620.39	0.47128	6.1874e-05	0.094053	0.0037836	40.629	0.024613	14.993	16.579	66.049	47.653	82.826	237.96	18.822	8.9888e-06	0.022134
268.92	2.1519	410.16	0.0024381	6.8768	7.0346	30.534	48.128	103.80	618.98	0.47613	6.1748e-05	0.093933	0.0037641	40.807	0.024506	14.994	16.579	66.026	47.692	83.044	237.85	18.807	8.9986e-06	0.022179
269.08	2.1600	409.82	0.0024401	6.8914	7.0499	30.589	48.148	103.96	617.56	0.48100	6.1622e-05	0.093813	0.0037446	40.985	0.024399	14.994	16.579	66.004	47.731	83.262	237.73	18.792	9.0084e-06	0.022224
269.23	2.1681	409.48	0.0024421	6.9060	7.0653	30.644	48.168	104.12	616.15	0.48589	6.1497e-05	0.093694	0.0037252	41.164	0.024293	14.995	16.579	65.981	47.770	83.482	237.62	18.777	9.0182e-06	0.022269
269.38	2.1762	409.13	0.0024442	6.9206	7.0805	30.698	48.187	104.28	614.74	0.49080	6.1373e-05	0.093575	0.0037059	41.343	0.024188	14.996	16.579	65.959	47.809	83.703	237.50	18.762	9.0280e-06	0.022315
269.53	2.1844	408.79	0.0024462	6.9352	7.0958	30.753	48.207	104.44	613.34	0.49573	6.1249e-05	0.093456	0.0036867	41.522	0.024084	14.997	16.579	65.936	47.848	83.925	237.39	18.747	9.0378e-06	0.022360
269.68	2.1925	408.45	0.0024483	6.9497	7.1111	30.807	48.227	104.61	611.93	0.50068	6.1125e-05	0.093337	0.0036675	41.701	0.023980	14.998	16.579	65.914	47.887	84.149	237.27	18.732	9.0476e-06	0.022405
269.83	2.2006	408.11	0.0024503	6.9642	7.1263	30.861	48.246	104.77	610.53	0.50565	6.1001e-05	0.093219	0.0036484	41.881	0.023877	14.998	16.578	65.891	47.926	84.373	237.16	18.717	9.0575e-06	0.022451
269.98	2.2087	407.77	0.0024524	6.9786	7.1415	30.916	48.266	104.94	609.14	0.51064	6.0878e-05	0.093101	0.0036293	42.061	0.023775	14.999	16.578	65.869	47.965	84.599	237.04	18.702	9.0673e-06	0.022497
270.13	2.2169	407.43	0.0024544	6.9931	7.1567	30.970	48.286	105.10	607.74	0.51566	6.0756e-05	0.092984	0.0036103	42.242	0.023673	15.000	16.578	65.847	48.005	84.827	236.92	18.688	9.0772e-06	0.022542
270.27	2.2250	407.09	0.0024565	7.0075	7.1719	31.023	48.305	105.27	606.35	0.52069	6.0634e-05	0.092867	0.0035914	42.423	0.023572	15.001	16.578	65.824	48.044	85.055	236.81	18.673	9.0871e-06	0.022588
270.42	2.2331	406.75	0.0024585	7.0219	7.1870	31.077	48.325	105.44	604.96	0.52575	6.0512e-05	0.092750	0.0035726	42.604	0.023472	15.001	16.577	65.802	48.083	85.285	236.69	18.658	9.0970e-06	0.022634
270.57	2.2412	406.41	0.0024606	7.0363	7.2021	31.131	48.345	105.60	603.57	0.53082	6.0390e-05	0.092634	0.0035538	42.785	0.023372	15.002	16.577	65.779	48.122	85.517	236.57	18.644	9.1069e-06	0.022680
270.72	2.2493	406.07	0.0024626	7.0507	7.2172	31.184	48.365	105.77	602.19	0.53592	6.0269e-05	0.092518	0.0035351	42.967	0.023274	15.002	16.577	65.757	48.162	85.749	236.46	18.629	9.1168e-06	0.022727
270.86	2.2575	405.73	0.0024647	7.0650	7.2323	31.238	48.384	105.94	600.81	0.54104	6.0149e-05	0.092402	0.0035165	43.149	0.023175	15.003	16.576	65.735	48.201	85.983	236.34	18.615	9.1268e-06	0.022773
271.01	2.2656	405.39	0.0024668	7.0793	7.2473	31.291	48.404	106.11	599.43	0.54619	6.0029e-05	0.092286	0.0034979	43.332	0.023078	15.004	16.576	65.712	48.241	86.219	236.22	18.601	9.1368e-06	0.022819
271.16	2.2737	405.05	0.0024688	7.0936	7.2624	31.345	48.424	106.28	598.05	0.55135	5.9909e-05	0.092171	0.0034794	43.515	0.022981	15.004	16.575	65.690	48.280	86.455	236.11	18.586	9.1468e-06	0.022866
271.30	2.2818	404.71	0.0024709	7.1079	7.2774	31.398	48.443	106.46	596.68	0.55654	5.9789e-05	0.092056	0.0034609	43.698	0.022884	15.005	16.575	65.668	48.320	86.694	235.99	18.572	9.1568e-06	0.022912
271.45	2.2899	404.37	0.0024730	7.1221	7.2924	31.451	48.463	106.63	595.31	0.56175	5.9670e-05	0.091942	0.0034426	43.882	0.022789	15.005	16.574	65.645	48.359	86.933	235.87	18.558	9.1668e-06	0.022959
271.59	2.2981	404.03	0.0024751	7.1363	7.3074	31.504	48.483	106.80	593.94	0.56699	5.9551e-05	0.091827	0.0034242	44.065	0.022694	15.006	16.574	65.623	48.399	87.174	235.75	18.543	9.1768e-06	0.023006
271.74	2.3062	403.69	0.0024772	7.1505	7.3223	31.556	48.503	106.98	592.57	0.57225	5.9433e-05	0.091713	0.0034060	44.250	0.022599	15.006	16.573	65.601	48.438	87.417	235.64	18.529	9.1869e-06	0.023053
271.88	2.3143	403.35	0.0024792	7.1647	7.3372	31.609	48.522	107.15	591.21	0.57753	5.9315e-05	0.091600	0.0033878	44.434	0.022505	15.007	16.573	65.579	48.478	87.661	235.52	18.515	9.1970e-06	0.023100
272.02	2.3224	403.01	0.0024813	7.1789	7.3521	31.662	48.542	107.33	589.85	0.58283	5.9197e-05	0.091486	0.0033697	44.619	0.022412	15.007	16.572	65.556	48.518	87.906	235.40	18.501	9.2070e-06	0.023147
272.17	2.3305	402.67	0.0024834	7.1930	7.3670	31.714	48.562	107.51	588.49	0.58816	5.9079e-05	0.091373	0.0033516	44.805	0.022319	15.008	16.572	65.534	48.557	88.153	235.28	18.487	9.2172e-06	0.023194
272.31	2.3387	402.33	0.0024855	7.2071	7.3819	31.767	48.582	107.68	587.13	0.59351	5.8962e-05	0.091261	0.0033336	44.990	0.022227	15.008	16.571	65.512	48.597	88.401	235.16	18.473	9.2273e-06	0.023242
272.45	2.3468	401.99	0.0024876	7.2212	7.3968	31.819	48.602	107.86	585.78	0.59888	5.8846e-05	0.091148	0.0033157	45.176	0.022136	15.008	16.570	65.489	48.637	88.651	235.05	18.459	9.2374e-06	0.023289
272.60	2.3549	401.65	0.0024897	7.2353	7.4116	31.871	48.621	108.04	584.43	0.60428	5.8729e-05	0.091036	0.0032978	45.363	0.022045	15.009	16.570	65.467	48.677	88.903	234.93	18.445	9.2476e-06	0.023337
272.74	2.3630	401.31	0.0024918	7.2494	7.4264	31.923	48.641	108.23	583.08	0.60970	5.8613e-05	0.090924	0.0032800	45.549	0.021954	15.009	16.569	65.445	48.717	89.156	234.81	18.432	9.2578e-06	0.023384
272.88	2.3711	400.97	0.0024939	7.2634	7.4412	31.975	48.661	108.41	581.73	0.61515	5.8498e-05	0.090812	0.0032623	45.736	0.021864	15.009	16.568	65.423	48.757	89.411	234.69	18.418	9.2680e-06	0.023432
273.02	2.3793	400.63	0.0024960	7.2774	7.4560	32.027	48.681	108.59	580.39	0.62062	5.8382e-05	0.090701	0.0032446	45.924	0.021775	15.010	16.568	65.401	48.797	89.667	234.57	18.404	9.2782e-06	0.023480
273.16	2.3874	400.30	0.0024982	7.2914	7.4708	32.079	48.701	108.77	579.05	0.62612	5.8267e-05	0.090590	0.0032270	46.112	0.021686	15.010	16.567	65.378	48.837	89.925	234.45	18.390	9.2885e-06	0.023528
273.30	2.3955	399.96	0.0025003	7.3054	7.4855	32.131	48.720	108.96	577.71	0.63164	5.8152e-05	0.090479	0.0032094	46.300	0.021598	15.010	16.566	65.356	48.877	90.184	234.33	18.377	9.2987e-06	0.023577
273.44	2.4036	399.62	0.0025024	7.3194	7.5002	32.182	48.740	109.15	576.37	0.63719	5.8038e-05	0.090369	0.0031919	46.489	0.021511	15.011	16.565	65.334	48.917	90.445	234.21	18.363	9.3090e-06	0.023625
273.58	2.4117	399.28	0.0025045	7.3333	7.5149	32.234	48.760	109.33	575.04	0.64277	5.7924e-05	0.090259	0.0031745	46.678	0.021424	15.011	16.564	65.312	48.957	90.708	234.09	18.350	9.3193e-06	0.023674
273.72	2.4199	398.94	0.0025066	7.3472	7.5296	32.285	48.780	109.52	573.70	0.64837	5.7810e-05	0.090149	0.0031571	46.867	0.021337	15.011	16.564	65.289	48.997	90.972	233.97	18.336	9.3296e-06	0.023722
273.86	2.4280	398.60	0.0025088	7.3611	7.5443	32.337	48.800	109.71	572.37	0.65399	5.7697e-05	0.090039	0.0031398	47.057	0.021251	15.011	16.563	65.267	49.038	91.238	233.85	18.322	9.3400e-06	0.023771
274.00	2.4361	398.26	0.0025109	7.3750	7.5589	32.388	48.820	109.90	571.04	0.65964	5.7584e-05	0.089930	0.0031225	47.247	0.021165	15.011	16.562	65.245	49.078	91.506	233.73	18.309	9.3503e-06	0.023820
274.14	2.4442	397.92	0.0025131	7.3889	7.5736	32.439	48.840	110.09	569.72	0.66532	5.7471e-05	0.089821	0.0031053	47.437	0.021080	15.011	16.561	65.223	49.118	91.776	233.61	18.296	9.3607e-06	0.023869
274.28	2.4523	397.58	0.0025152	7.4027	7.5882	32.490	48.859	110.28	568.39	0.67102	5.7358e-05	0.089712	0.0030882	47.628	0.020996	15.012	16.560	65.201	49.159	92.047	233.49	18.282	9.3711e-06	0.023918
274.41	2.4605	397.24	0.0025173	7.4166	7.6028	32.541	48.879	110.48	567.07	0.67675	5.7246e-05	0.089603	0.0030711	47.819	0.020912	15.012	16.559	65.178	49.199	92.320	233.37	18.269	9.3816e-06	0.023967
274.55	2.4686	396.91	0.0025195	7.4304	7.6174	32.592	48.899	110.67	565.75	0.68251	5.7134e-05	0.089495	0.0030541	48.011	0.020829	15.012	16.558	65.156	49.240	92.595	233.25	18.255	9.3920e-06	0.024017
274.69	2.4767	396.57	0.0025216	7.4442	7.6320	32.643	48.919	110.87	564.43	0.68830	5.7023e-05	0.089387	0.0030371	48.203	0.020746	15.012	16.557	65.134	49.280	92.871	233.13	18.242	9.4025e-06	0.024066
274.82	2.4848	396.23	0.0025238	7.4580	7.6465	32.694	48.939	111.06	563.12	0.69411	5.6911e-05	0.089279	0.0030202	48.396	0.020663	15.012	16.556	65.112	49.321	93.150	233.01	18.229	9.4130e-06	0.024116
274.96	2.4929	395.89	0.0025260	7.4717	7.6611	32.744	48.959	111.26	561.80	0.69995	5.6800e-05	0.089172	0.0030033	48.589	0.020581	15.012	16.555	65.089	49.362	93.430	232.89	18.216	9.4235e-06	0.024166
275.10	2.5011	395.55	0.0025281	7.4855	7.6756	32.795	48.979	111.46	560.49	0.70582	5.6690e-05	0.089064	0.0029865	48.782	0.020499	15.012	16.554	65.067	49.403	93.712	232.77	18.202	9.4340e-06	0.024216
275.23	2.5092	395.21	0.0025303	7.4992	7.6901	32.845	48.999	111.66	559.18	0.71171	5.6579e-05	0.088958	0.0029698	48.975	0.020418	15.012	16.553	65.045	49.444	93.996	232.65	18.189	9.4446e-06	0.024266
275.37	2.5173	394.87	0.0025325	7.5129	7.7046	32.896	49.019	111.86	557.87	0.71764	5.6469e-05	0.088851	0.0029531	49.170	0.020338	15.012	16.551	65.023	49.484	94.282	232.52	18.176	9.4552e-06	0.024316
275.50	2.5254	394.53	0.0025346	7.5266	7.7191	32.946	49.039	112.06	556.57	0.72359	5.6359e-05	0.088744	0.0029365	49.364	0.020258	15.012	16.550	65.000	49.525	94.570	232.40	18.163	9.4658e-06	0.024367
275.64	2.5335	394.19	0.0025368	7.5403	7.7335	32.996	49.059	112.27	555.26	0.72958	5.6250e-05	0.088638	0.0029199	49.559	0.020178	15.012	16.549	64.978	49.566	94.860	232.28	18.150	9.4764e-06	0.024417
275.77	2.5417	393.85	0.0025390	7.5539	7.7480	33.046	49.079	112.47	553.96	0.73559	5.6140e-05	0.088532	0.0029034	49.754	0.020099	15.012	16.548	64.956	49.608	95.152	232.16	18.137	9.4871e-06	0.024468
275.91	2.5498	393.52	0.0025412	7.5676	7.7624	33.097	49.099	112.68	552.66	0.74163	5.6031e-05	0.088426	0.0028869	49.950	0.020020	15.012	16.547	64.934	49.649	95.446	232.04	18.124	9.4978e-06	0.024519
276.04	2.5579	393.18	0.0025434	7.5812	7.7768	33.146	49.119	112.88	551.36	0.74770	5.5923e-05	0.088321	0.0028705	50.146	0.019942	15.011	16.545	64.911	49.690	95.741	231.91	18.111	9.5085e-06	0.024570
276.18	2.5660	392.84	0.0025456	7.5948	7.7912	33.196	49.139	113.09	550.07	0.75380	5.5814e-05	0.088216	0.0028542	50.343	0.019864	15.011	16.544	64.889	49.731	96.039	231.79	18.098	9.5192e-06	0.024621
276.31	2.5741	392.50	0.0025478	7.6084	7.8056	33.246	49.159	113.30	548.77	0.75993	5.5706e-05	0.088111	0.0028379	50.540	0.019786	15.011	16.543	64.867	49.772	96.339	231.67	18.085	9.5300e-06	0.024673
276.44	2.5823	392.16	0.0025500	7.6220	7.8200	33.296	49.179	113.51	547.48	0.76609	5.5598e-05	0.088006	0.0028216	50.737	0.019709	15.011	16.541	64.845	49.814	96.641	231.55	18.072	9.5407e-06	0.024724
276.57	2.5904	391.82	0.0025522	7.6356	7.8344	33.346	49.199	113.72	546.19	0.77228	5.5490e-05	0.087902	0.0028055	50.935	0.019633	15.011	16.540	64.822	49.855	96.945	231.42	18.059	9.5516e-06	0.024776
276.71	2.5985	391.48	0.0025544	7.6491	7.8487	33.395	49.219	113.94	544.90	0.77850	5.5383e-05	0.087797	0.0027893	51.133	0.019557	15.011	16.539	64.800	49.897	97.251	231.30	18.046	9.5624e-06	0.024828
276.84	2.6066	391.14	0.0025566	7.6627	7.8630	33.445	49.239	114.15	543.61	0.78475	5.5276e-05	0.087693	0.0027733	51.332	0.019481	15.010	16.537	64.778	49.939	97.559	231.18	18.033	9.5732e-06	0.024880
276.97	2.6147	390.80	0.0025589	7.6762	7.8774	33.494	49.259	114.37	542.33	0.79104	5.5169e-05	0.087590	0.0027572	51.531	0.019406	15.010	16.536	64.755	49.980	97.870	231.05	18.020	9.5841e-06	0.024932
277.10	2.6229	390.46	0.0025611	7.6897	7.8917	33.544	49.280	114.58	541.04	0.79735	5.5062e-05	0.087486	0.0027413	51.731	0.019331	15.010	16.534	64.733	50.022	98.182	230.93	18.007	9.5950e-06	0.024985
277.23	2.6310	390.12	0.0025633	7.7032	7.9060	33.593	49.300	114.80	539.76	0.80370	5.4956e-05	0.087383	0.0027253	51.931	0.019256	15.009	16.533	64.711	50.064	98.497	230.81	17.995	9.6060e-06	0.025037
277.36	2.6391	389.78	0.0025656	7.7167	7.9202	33.642	49.320	115.02	538.48	0.81008	5.4850e-05	0.087280	0.0027095	52.131	0.019182	15.009	16.531	64.688	50.106	98.814	230.68	17.982	9.6169e-06	0.025090
277.49	2.6472	389.44	0.0025678	7.7301	7.9345	33.691	49.340	115.24	537.20	0.81649	5.4744e-05	0.087177	0.0026937	52.332	0.019109	15.009	16.530	64.666	50.148	99.134	230.56	17.969	9.6279e-06	0.025143
277.62	2.6553	389.10	0.0025700	7.7436	7.9488	33.741	49.360	115.47	535.93	0.82294	5.4638e-05	0.087074	0.0026779	52.534	0.019035	15.008	16.528	64.644	50.190	99.455	230.43	17.956	9.6389e-06	0.025196
277.75	2.6635	388.76	0.0025723	7.7570	7.9630	33.790	49.381	115.69	534.65	0.82942	5.4533e-05	0.086972	0.0026622	52.735	0.018963	15.008	16.527	64.621	50.232	99.779	230.31	17.943	9.6500e-06	0.025249
277.88	2.6716	388.42	0.0025746	7.7704	7.9772	33.839	49.401	115.92	533.38	0.83593	5.4427e-05	0.086870	0.0026466	52.938	0.018890	15.008	16.525	64.599	50.274	100.11	230.19	17.931	9.6611e-06	0.025302
278.01	2.6797	388.08	0.0025768	7.7838	7.9915	33.887	49.421	116.14	532.10	0.84247	5.4322e-05	0.086768	0.0026310	53.140	0.018818	15.007	16.523	64.577	50.316	100.43	230.06	17.918	9.6722e-06	0.025356
278.14	2.6878	387.74	0.0025791	7.7972	8.0057	33.936	49.442	116.37	530.83	0.84905	5.4218e-05	0.086666	0.0026154	53.344	0.018746	15.007	16.522	64.554	50.358	100.77	229.94	17.905	9.6833e-06	0.025410
278.27	2.6960	387.39	0.0025813	7.8106	8.0199	33.985	49.462	116.60	529.56	0.85566	5.4113e-05	0.086565	0.0025999	53.547	0.018675	15.006	16.520	64.532	50.401	101.10	229.81	17.893	9.6945e-06	0.025464
278.40	2.7041	387.05	0.0025836	7.8240	8.0341	34.034	49.482	116.83	528.29	0.86231	5.4009e-05	0.086464	0.0025845	53.751	0.018604	15.006	16.518	64.509	50.443	101.43	229.69	17.880	9.7056e-06	0.025518
278.53	2.7122	386.71	0.0025859	7.8373	8.0482	34.082	49.503	117.07	527.03	0.86899	5.3905e-05	0.086363	0.0025691	53.956	0.018534	15.005	16.517	64.487	50.486	101.77	229.56	17.867	9.7169e-06	0.025572
278.66	2.7203	386.37	0.0025882	7.8507	8.0624	34.131	49.523	117.30	525.76	0.87571	5.3801e-05	0.086262	0.0025537	54.161	0.018463	15.005	16.515	64.464	50.528	102.11	229.44	17.855	9.7281e-06	0.025627
278.78	2.7284	386.03	0.0025905	7.8640	8.0765	34.179	49.544	117.54	524.50	0.88246	5.3698e-05	0.086161	0.0025384	54.367	0.018394	15.004	16.513	64.442	50.571	102.46	229.31	17.842	9.7394e-06	0.025682
278.91	2.7366	385.69	0.0025928	7.8773	8.0907	34.228	49.564	117.77	523.24	0.88925	5.3594e-05	0.086061	0.0025232	54.573	0.018324	15.004	16.511	64.419	50.614	102.80	229.19	17.829	9.7507e-06	0.025737
279.04	2.7447	385.35	0.0025951	7.8906	8.1048	34.276	49.585	118.01	521.98	0.89608	5.3491e-05	0.085961	0.0025080	54.779	0.018255	15.003	16.510	64.397	50.656	103.15	229.06	17.817	9.7620e-06	0.025792
279.16	2.7528	385.00	0.0025974	7.9039	8.1189	34.325	49.606	118.25	520.72	0.90294	5.3388e-05	0.085861	0.0024929	54.986	0.018186	15.002	16.508	64.374	50.699	103.50	228.94	17.804	9.7734e-06	0.025847
279.29	2.7609	384.66	0.0025997	7.9172	8.1330	34.373	49.626	118.50	519.46	0.90983	5.3286e-05	0.085761	0.0024778	55.194	0.018118	15.002	16.506	64.352	50.742	103.86	228.81	17.792	9.7848e-06	0.025903
279.42	2.7690	384.32	0.0026020	7.9305	8.1471	34.421	49.647	118.74	518.20	0.91677	5.3183e-05	0.085662	0.0024627	55.402	0.018050	15.001	16.504	64.329	50.785	104.21	228.68	17.779	9.7962e-06	0.025958
279.54	2.7772	383.98	0.0026043	7.9437	8.1612	34.469	49.668	118.99	516.95	0.92374	5.3081e-05	0.085562	0.0024477	55.610	0.017982	15.000	16.502	64.307	50.828	104.57	228.56	17.766	9.8077e-06	0.026014
279.67	2.7853	383.63	0.0026067	7.9570	8.1753	34.517	49.688	119.23	515.69	0.93075	5.2979e-05	0.085463	0.0024328	55.819	0.017915	15.000	16.500	64.284	50.872	104.94	228.43	17.754	9.8192e-06	0.026071
279.79	2.7934	383.29	0.0026090	7.9702	8.1894	34.565	49.709	119.48	514.44	0.93779	5.2877e-05	0.085365	0.0024179	56.029	0.017848	14.999	16.498	64.261	50.915	105.30	228.31	17.741	9.8307e-06	0.026127
279.92	2.8015	382.95	0.0026113	7.9834	8.2034	34.613	49.730	119.73	513.19	0.94488	5.2775e-05	0.085266	0.0024030	56.239	0.017781	14.998	16.496	64.239	50.958	105.67	228.18	17.729	9.8423e-06	0.026184
280.04	2.8096	382.60	0.0026137	7.9966	8.2175	34.661	49.751	119.98	511.94	0.95200	5.2674e-05	0.085167	0.0023882	56.450	0.017715	14.998	16.494	64.216	51.002	106.04	228.05	17.716	9.8538e-06	0.026240
280.17	2.8178	382.26	0.0026160	8.0098	8.2315	34.709	49.772	120.24	510.69	0.95916	5.2573e-05	0.085069	0.0023735	56.661	0.017649	14.997	16.492	64.193	51.045	106.41	227.93	17.704	9.8655e-06	0.026297
280.29	2.8259	381.92	0.0026184	8.0230	8.2455	34.757	49.793	120.49	509.44	0.96637	5.2472e-05	0.084971	0.0023588	56.872	0.017583	14.996	16.490	64.171	51.089	106.79	227.80	17.691	9.8771e-06	0.026355
280.42	2.8340	381.57	0.0026207	8.0362	8.2595	34.804	49.814	120.75	508.19	0.97361	5.2371e-05	0.084873	0.0023441	57.084	0.017518	14.995	16.488	64.148	51.132	107.17	227.67	17.679	9.8888e-06	0.026412
280.54	2.8421	381.23	0.0026231	8.0494	8.2735	34.852	49.835	121.01	506.95	0.98089	5.2270e-05	0.084776	0.0023295	57.297	0.017453	14.994	16.486	64.125	51.176	107.55	227.54	17.666	9.9005e-06	0.026470
280.67	2.8502	380.88	0.0026255	8.0625	8.2875	34.900	49.856	121.27	505.70	0.98821	5.2170e-05	0.084679	0.0023150	57.510	0.017388	14.993	16.484	64.102	51.220	107.94	227.42	17.654	9.9123e-06	0.026528
280.79	2.8584	380.54	0.0026278	8.0757	8.3015	34.947	49.877	121.54	504.46	0.99557	5.2070e-05	0.084581	0.0023005	57.724	0.017324	14.993	16.482	64.080	51.264	108.32	227.29	17.641	9.9241e-06	0.026586
280.91	2.8665	380.19	0.0026302	8.0888	8.3155	34.995	49.898	121.80	503.22	1.0030	5.1970e-05	0.084484	0.0022860	57.938	0.017260	14.992	16.479	64.057	51.308	108.72	227.16	17.629	9.9359e-06	0.026644
281.03	2.8746	379.85	0.0026326	8.1019	8.3295	35.042	49.919	122.07	501.97	1.0104	5.1870e-05	0.084388	0.0022716	58.153	0.017196	14.991	16.477	64.034	51.352	109.11	227.03	17.616	9.9478e-06	0.026703
281.16	2.8827	379.50	0.0026350	8.1151	8.3435	35.090	49.941	122.34	500.73	1.0179	5.1770e-05	0.084291	0.0022572	58.368	0.017133	14.990	16.475	64.011	51.396	109.51	226.91	17.604	9.9597e-06	0.026762
281.28	2.8908	379.16	0.0026374	8.1282	8.3574	35.137	49.962	122.61	499.49	1.0254	5.1671e-05	0.084195	0.0022429	58.584	0.017070	14.989	16.473	63.988	51.440	109.91	226.78	17.591	9.9716e-06	0.026821
281.40	2.8990	378.81	0.0026398	8.1413	8.3714	35.184	49.984	122.88	498.26	1.0330	5.1571e-05	0.084098	0.0022286	58.800	0.017007	14.988	16.470	63.965	51.485	110.31	226.65	17.579	9.9836e-06	0.026880
281.52	2.9071	378.47	0.0026422	8.1544	8.3853	35.231	50.005	123.16	497.02	1.0406	5.1472e-05	0.084003	0.0022144	59.017	0.016944	14.987	16.468	63.942	51.529	110.72	226.52	17.566	9.9956e-06	0.026940
281.64	2.9152	378.12	0.0026447	8.1674	8.3993	35.279	50.027	123.43	495.78	1.0483	5.1373e-05	0.083907	0.0022002	59.234	0.016882	14.986	16.466	63.919	51.574	111.13	226.39	17.554	1.0008e-05	0.027000
281.77	2.9233	377.77	0.0026471	8.1805	8.4132	35.326	50.048	123.71	494.55	1.0560	5.1274e-05	0.083811	0.0021861	59.453	0.016820	14.985	16.463	63.896	51.618	111.55	226.26	17.541	1.0020e-05	0.027060
281.89	2.9314	377.43	0.0026495	8.1936	8.4271	35.373	50.070	123.99	493.31	1.0637	5.1176e-05	0.083716	0.0021720	59.671	0.016759	14.984	16.461	63.873	51.663	111.97	226.14	17.529	1.0032e-05	0.027120
282.01	2.9396	377.08	0.0026520	8.2066	8.4410	35.420	50.092	124.28	492.08	1.0715	5.1077e-05	0.083621	0.0021580	59.890	0.016697	14.983	16.459	63.850	51.708	112.39	226.01	17.516	1.0044e-05	0.027181
282.13	2.9477	376.73	0.0026544	8.2196	8.4549	35.467	50.113	124.56	490.85	1.0794	5.0979e-05	0.083526	0.0021440	60.110	0.016636	14.982	16.456	63.827	51.753	112.81	225.88	17.504	1.0056e-05	0.027241
282.25	2.9558	376.38	0.0026569	8.2327	8.4688	35.514	50.135	124.85	489.61	1.0872	5.0881e-05	0.083431	0.0021300	60.330	0.016575	14.980	16.454	63.804	51.798	113.24	225.75	17.491	1.0068e-05	0.027302
282.37	2.9639	376.04	0.0026593	8.2457	8.4827	35.561	50.157	125.14	488.38	1.0952	5.0783e-05	0.083336	0.0021161	60.551	0.016515	14.979	16.451	63.781	51.843	113.67	225.62	17.478	1.0081e-05	0.027364
282.49	2.9720	375.69	0.0026618	8.2587	8.4966	35.608	50.179	125.43	487.15	1.1031	5.0685e-05	0.083242	0.0021023	60.773	0.016455	14.978	16.449	63.758	51.888	114.11	225.49	17.466	1.0093e-05	0.027425
282.61	2.9802	375.34	0.0026643	8.2717	8.5105	35.654	50.201	125.72	485.92	1.1112	5.0588e-05	0.083148	0.0020884	60.995	0.016395	14.977	16.446	63.735	51.933	114.55	225.36	17.453	1.0105e-05	0.027487
282.73	2.9883	374.99	0.0026667	8.2847	8.5243	35.701	50.224	126.02	484.69	1.1192	5.0490e-05	0.083054	0.0020747	61.218	0.016335	14.976	16.444	63.711	51.979	114.99	225.23	17.441	1.0118e-05	0.027550
282.85	2.9964	374.64	0.0026692	8.2977	8.5382	35.748	50.246	126.32	483.47	1.1273	5.0393e-05	0.082960	0.0020610	61.441	0.016276	14.974	16.441	63.688	52.024	115.44	225.10	17.428	1.0130e-05	0.027612
282.96	3.0045	374.29	0.0026717	8.3107	8.5521	35.795	50.268	126.62	482.24	1.1355	5.0296e-05	0.082866	0.0020473	61.665	0.016217	14.973	16.438	63.665	52.070	115.89	224.97	17.416	1.0143e-05	0.027675
283.08	3.0126	373.94	0.0026742	8.3237	8.5659	35.841	50.291	126.92	481.01	1.1437	5.0199e-05	0.082773	0.0020336	61.889	0.016158	14.972	16.436	63.641	52.115	116.34	224.84	17.403	1.0155e-05	0.027738
283.20	3.0208	373.59	0.0026767	8.3367	8.5798	35.888	50.313	127.23	479.79	1.1520	5.0102e-05	0.082679	0.0020201	62.114	0.016099	14.971	16.433	63.618	52.161	116.80	224.71	17.391	1.0168e-05	0.027801
283.32	3.0289	373.24	0.0026793	8.3496	8.5936	35.934	50.336	127.54	478.56	1.1603	5.0006e-05	0.082586	0.0020065	62.340	0.016041	14.969	16.430	63.595	52.207	117.27	224.58	17.378	1.0180e-05	0.027865
283.44	3.0370	372.89	0.0026818	8.3626	8.6075	35.981	50.358	127.85	477.34	1.1686	4.9909e-05	0.082494	0.0019930	62.566	0.015983	14.968	16.428	63.571	52.253	117.73	224.45	17.365	1.0193e-05	0.027928
283.55	3.0451	372.54	0.0026843	8.3755	8.6213	36.028	50.381	128.16	476.11	1.1771	4.9813e-05	0.082401	0.0019796	62.793	0.015925	14.967	16.425	63.548	52.299	118.20	224.32	17.353	1.0206e-05	0.027993
283.67	3.0532	372.18	0.0026868	8.3885	8.6351	36.074	50.404	128.48	474.89	1.1855	4.9717e-05	0.082308	0.0019661	63.021	0.015868	14.965	16.422	63.524	52.345	118.68	224.19	17.340	1.0218e-05	0.028057
283.79	3.0614	371.83	0.0026894	8.4014	8.6490	36.120	50.427	128.79	473.67	1.1940	4.9621e-05	0.082216	0.0019528	63.249	0.015810	14.964	16.419	63.501	52.391	119.16	224.06	17.328	1.0231e-05	0.028122
283.91	3.0695	371.48	0.0026919	8.4143	8.6628	36.167	50.450	129.12	472.44	1.2026	4.9525e-05	0.082124	0.0019395	63.478	0.015753	14.962	16.416	63.477	52.438	119.64	223.93	17.315	1.0244e-05	0.028187
284.02	3.0776	371.13	0.0026945	8.4272	8.6766	36.213	50.473	129.44	471.22	1.2112	4.9429e-05	0.082032	0.0019262	63.708	0.015697	14.961	16.413	63.454	52.484	120.13	223.80	17.302	1.0257e-05	0.028252
284.14	3.0857	370.77	0.0026971	8.4401	8.6904	36.259	50.496	129.77	470.00	1.2199	4.9333e-05	0.081940	0.0019129	63.938	0.015640	14.959	16.411	63.430	52.531	120.62	223.66	17.290	1.0270e-05	0.028318
284.26	3.0938	370.42	0.0026996	8.4531	8.7042	36.306	50.520	130.09	468.78	1.2286	4.9238e-05	0.081849	0.0018997	64.169	0.015584	14.958	16.408	63.406	52.577	121.12	223.53	17.277	1.0283e-05	0.028384
284.37	3.1020	370.06	0.0027022	8.4660	8.7180	36.352	50.543	130.43	467.56	1.2374	4.9143e-05	0.081757	0.0018866	64.400	0.015528	14.956	16.405	63.382	52.624	121.62	223.40	17.264	1.0296e-05	0.028450
284.49	3.1101	369.71	0.0027048	8.4789	8.7318	36.398	50.567	130.76	466.34	1.2462	4.9047e-05	0.081666	0.0018735	64.632	0.015472	14.955	16.402	63.359	52.671	122.13	223.27	17.252	1.0309e-05	0.028517
284.60	3.1182	369.36	0.0027074	8.4917	8.7456	36.444	50.591	131.10	465.12	1.2551	4.8952e-05	0.081575	0.0018604	64.865	0.015417	14.953	16.399	63.335	52.718	122.64	223.14	17.239	1.0322e-05	0.028584
284.72	3.1263	369.00	0.0027100	8.5046	8.7594	36.490	50.614	131.44	463.91	1.2640	4.8857e-05	0.081484	0.0018474	65.099	0.015361	14.952	16.396	63.311	52.765	123.16	223.01	17.226	1.0335e-05	0.028651
284.83	3.1344	368.64	0.0027126	8.5175	8.7732	36.536	50.638	131.78	462.69	1.2730	4.8762e-05	0.081393	0.0018344	65.333	0.015306	14.950	16.393	63.287	52.812	123.68	222.87	17.213	1.0348e-05	0.028718
284.95	3.1426	368.29	0.0027153	8.5304	8.7870	36.582	50.662	132.13	461.47	1.2821	4.8668e-05	0.081303	0.0018215	65.568	0.015251	14.948	16.390	63.263	52.860	124.20	222.74	17.201	1.0361e-05	0.028786
285.06	3.1507	367.93	0.0027179	8.5433	8.8007	36.628	50.686	132.48	460.25	1.2912	4.8573e-05	0.081213	0.0018086	65.803	0.015197	14.947	16.386	63.239	52.907	124.73	222.61	17.188	1.0374e-05	0.028855
285.18	3.1588	367.57	0.0027205	8.5561	8.8145	36.674	50.711	132.83	459.04	1.3004	4.8479e-05	0.081123	0.0017957	66.039	0.015142	14.945	16.383	63.215	52.955	125.27	222.48	17.175	1.0388e-05	0.028923
285.29	3.1669	367.22	0.0027232	8.5690	8.8283	36.720	50.735	133.18	457.82	1.3096	4.8385e-05	0.081033	0.0017829	66.276	0.015088	14.943	16.380	63.191	53.002	125.81	222.34	17.162	1.0401e-05	0.028992
285.40	3.1751	366.86	0.0027258	8.5818	8.8421	36.766	50.759	133.54	456.60	1.3189	4.8290e-05	0.080943	0.0017702	66.514	0.015034	14.942	16.377	63.167	53.050	126.35	222.21	17.149	1.0415e-05	0.029061
285.52	3.1832	366.50	0.0027285	8.5947	8.8558	36.812	50.784	133.90	455.39	1.3282	4.8196e-05	0.080853	0.0017575	66.752	0.014981	14.940	16.374	63.143	53.098	126.91	222.08	17.136	1.0428e-05	0.029131
285.63	3.1913	366.14	0.0027312	8.6075	8.8696	36.858	50.809	134.27	454.17	1.3376	4.8102e-05	0.080764	0.0017448	66.991	0.014927	14.938	16.370	63.119	53.146	127.46	221.94	17.124	1.0441e-05	0.029201
285.75	3.1994	365.78	0.0027339	8.6204	8.8834	36.904	50.833	134.64	452.96	1.3471	4.8008e-05	0.080675	0.0017321	67.231	0.014874	14.936	16.367	63.095	53.194	128.02	221.81	17.111	1.0455e-05	0.029272
285.86	3.2075	365.42	0.0027366	8.6332	8.8971	36.950	50.858	135.01	451.75	1.3566	4.7915e-05	0.080586	0.0017195	67.472	0.014821	14.934	16.364	63.070	53.242	128.59	221.68	17.098	1.0469e-05	0.029342
285.97	3.2157	365.06	0.0027393	8.6460	8.9109	36.996	50.884	135.38	450.53	1.3662	4.7821e-05	0.080497	0.0017070	67.713	0.014768	14.933	16.361	63.046	53.291	129.16	221.54	17.085	1.0482e-05	0.029413
286.08	3.2238	364.70	0.0027420	8.6589	8.9247	37.041	50.909	135.76	449.32	1.3759	4.7728e-05	0.080408	0.0016945	67.955	0.014716	14.931	16.357	63.022	53.339	129.74	221.41	17.072	1.0496e-05	0.029485
286.20	3.2319	364.34	0.0027447	8.6717	8.9384	37.087	50.934	136.14	448.10	1.3856	4.7634e-05	0.080320	0.0016820	68.198	0.014663	14.929	16.354	62.997	53.388	130.33	221.28	17.059	1.0510e-05	0.029557
286.31	3.2400	363.98	0.0027474	8.6845	8.9522	37.133	50.960	136.53	446.89	1.3954	4.7541e-05	0.080232	0.0016696	68.441	0.014611	14.927	16.350	62.973	53.437	130.92	221.14	17.046	1.0524e-05	0.029629
286.42	3.2481	363.61	0.0027502	8.6973	8.9659	37.179	50.985	136.92	445.68	1.4052	4.7448e-05	0.080144	0.0016572	68.686	0.014559	14.925	16.347	62.948	53.486	131.51	221.01	17.033	1.0538e-05	0.029702
286.53	3.2563	363.25	0.0027529	8.7102	8.9797	37.224	51.011	137.31	444.46	1.4152	4.7355e-05	0.080056	0.0016448	68.931	0.014507	14.923	16.343	62.924	53.535	132.12	220.87	17.020	1.0551e-05	0.029775
286.64	3.2644	362.89	0.0027557	8.7230	8.9935	37.270	51.037	137.71	443.25	1.4251	4.7262e-05	0.079968	0.0016325	69.176	0.014456	14.921	16.340	62.899	53.584	132.72	220.74	17.006	1.0565e-05	0.029848
286.76	3.2725	362.52	0.0027584	8.7358	9.0072	37.316	51.063	138.11	442.04	1.4352	4.7169e-05	0.079880	0.0016202	69.423	0.014404	14.919	16.336	62.874	53.633	133.34	220.61	16.993	1.0580e-05	0.029922
286.87	3.2806	362.16	0.0027612	8.7486	9.0210	37.361	51.090	138.51	440.83	1.4453	4.7076e-05	0.079793	0.0016080	69.670	0.014353	14.917	16.333	62.850	53.683	133.96	220.47	16.980	1.0594e-05	0.029996
286.98	3.2887	361.79	0.0027640	8.7614	9.0347	37.407	51.116	138.92	439.61	1.4555	4.6983e-05	0.079706	0.0015958	69.918	0.014302	14.915	16.329	62.825	53.732	134.59	220.34	16.967	1.0608e-05	0.030071
287.09	3.2969	361.43	0.0027668	8.7742	9.0485	37.452	51.142	139.33	438.40	1.4657	4.6891e-05	0.079619	0.0015837	70.167	0.014252	14.913	16.326	62.800	53.782	135.22	220.20	16.954	1.0622e-05	0.030146
287.20	3.3050	361.06	0.0027696	8.7870	9.0622	37.498	51.169	139.75	437.19	1.4760	4.6798e-05	0.079532	0.0015716	70.417	0.014201	14.911	16.322	62.775	53.832	135.86	220.07	16.940	1.0636e-05	0.030221
287.31	3.3131	360.69	0.0027724	8.7998	9.0760	37.543	51.196	140.17	435.98	1.4864	4.6706e-05	0.079446	0.0015595	70.668	0.014151	14.908	16.318	62.750	53.882	136.51	219.93	16.927	1.0651e-05	0.030297
287.42	3.3212	360.33	0.0027753	8.8126	9.0897	37.589	51.223	140.59	434.77	1.4969	4.6613e-05	0.079359	0.0015475	70.919	0.014101	14.906	16.314	62.725	53.932	137.16	219.80	16.914	1.0665e-05	0.030374
287.53	3.3293	359.96	0.0027781	8.8254	9.1035	37.634	51.250	141.02	433.55	1.5074	4.6521e-05	0.079273	0.0015355	71.171	0.014051	14.904	16.311	62.700	53.982	137.82	219.66	16.900	1.0679e-05	0.030450
287.64	3.3375	359.59	0.0027809	8.8382	9.1173	37.680	51.278	141.45	432.34	1.5180	4.6429e-05	0.079187	0.0015236	71.424	0.014001	14.902	16.307	62.675	54.033	138.49	219.52	16.887	1.0694e-05	0.030528
287.75	3.3456	359.22	0.0027838	8.8510	9.1310	37.725	51.305	141.89	431.13	1.5287	4.6337e-05	0.079101	0.0015117	71.678	0.013951	14.900	16.303	62.650	54.083	139.17	219.39	16.873	1.0709e-05	0.030605
287.86	3.3537	358.85	0.0027867	8.8638	9.1448	37.771	51.333	142.33	429.92	1.5395	4.6245e-05	0.079015	0.0014998	71.933	0.013902	14.897	16.299	62.625	54.134	139.85	219.25	16.860	1.0723e-05	0.030683
287.97	3.3618	358.48	0.0027896	8.8766	9.1585	37.816	51.361	142.77	428.71	1.5503	4.6153e-05	0.078930	0.0014880	72.189	0.013853	14.895	16.295	62.599	54.185	140.54	219.12	16.847	1.0738e-05	0.030762
288.08	3.3699	358.11	0.0027924	8.8894	9.1723	37.862	51.389	143.22	427.50	1.5612	4.6061e-05	0.078844	0.0014762	72.445	0.013804	14.893	16.291	62.574	54.236	141.24	218.98	16.833	1.0753e-05	0.030841
288.18	3.3781	357.74	0.0027954	8.9021	9.1861	37.907	51.417	143.68	426.28	1.5722	4.5969e-05	0.078759	0.0014645	72.703	0.013755	14.890	16.287	62.549	54.287	141.94	218.84	16.819	1.0767e-05	0.030920
288.29	3.3862	357.36	0.0027983	8.9149	9.1999	37.953	51.446	144.14	425.07	1.5832	4.5878e-05	0.078674	0.0014528	72.961	0.013706	14.888	16.283	62.523	54.338	142.65	218.71	16.806	1.0782e-05	0.031000
288.40	3.3943	356.99	0.0028012	8.9277	9.2136	37.998	51.474	144.60	423.86	1.5944	4.5786e-05	0.078590	0.0014411	73.220	0.013657	14.885	16.279	62.498	54.390	143.38	218.57	16.792	1.0797e-05	0.031081
288.51	3.4024	356.62	0.0028041	8.9405	9.2274	38.043	51.503	145.07	422.65	1.6056	4.5695e-05	0.078505	0.0014295	73.480	0.013609	14.883	16.275	62.472	54.441	144.10	218.43	16.778	1.0812e-05	0.031162
288.62	3.4105	356.24	0.0028071	8.9533	9.2412	38.089	51.532	145.54	421.44	1.6169	4.5603e-05	0.078421	0.0014179	73.741	0.013561	14.881	16.271	62.446	54.493	144.84	218.30	16.765	1.0827e-05	0.031243
288.72	3.4187	355.87	0.0028100	8.9661	9.2550	38.134	51.561	146.02	420.23	1.6283	4.5512e-05	0.078337	0.0014063	74.003	0.013513	14.878	16.267	62.421	54.545	145.59	218.16	16.751	1.0842e-05	0.031325
288.83	3.4268	355.49	0.0028130	8.9789	9.2687	38.179	51.591	146.51	419.01	1.6397	4.5420e-05	0.078253	0.0013948	74.265	0.013465	14.875	16.263	62.395	54.597	146.34	218.02	16.737	1.0858e-05	0.031408
288.94	3.4349	355.11	0.0028160	8.9917	9.2825	38.225	51.620	147.00	417.80	1.6513	4.5329e-05	0.078169	0.0013834	74.529	0.013418	14.873	16.259	62.369	54.650	147.10	217.88	16.723	1.0873e-05	0.031491
289.05	3.4430	354.74	0.0028190	9.0045	9.2963	38.270	51.650	147.49	416.59	1.6629	4.5238e-05	0.078085	0.0013719	74.794	0.013370	14.870	16.255	62.343	54.702	147.88	217.75	16.709	1.0888e-05	0.031574
289.15	3.4511	354.36	0.0028220	9.0173	9.3101	38.315	51.680	147.99	415.38	1.6746	4.5147e-05	0.078002	0.0013605	75.059	0.013323	14.868	16.250	62.317	54.755	148.66	217.61	16.695	1.0904e-05	0.031658
289.26	3.4593	353.98	0.0028250	9.0301	9.3239	38.361	51.710	148.50	414.17	1.6864	4.5056e-05	0.077919	0.0013492	75.326	0.013276	14.865	16.246	62.291	54.807	149.45	217.47	16.681	1.0919e-05	0.031743
289.37	3.4674	353.60	0.0028280	9.0429	9.3377	38.406	51.741	149.01	412.95	1.6983	4.4965e-05	0.077836	0.0013379	75.593	0.013229	14.862	16.242	62.265	54.860	150.24	217.33	16.667	1.0935e-05	0.031828
289.47	3.4755	353.22	0.0028311	9.0557	9.3515	38.451	51.771	149.53	411.74	1.7103	4.4874e-05	0.077753	0.0013266	75.862	0.013182	14.860	16.237	62.239	54.914	151.05	217.19	16.653	1.0950e-05	0.031914
289.58	3.4836	352.84	0.0028342	9.0685	9.3653	38.497	51.802	150.05	410.53	1.7223	4.4783e-05	0.077671	0.0013154	76.131	0.013135	14.857	16.233	62.212	54.967	151.87	217.06	16.639	1.0966e-05	0.032000
289.69	3.4917	352.46	0.0028372	9.0813	9.3792	38.542	51.833	150.58	409.32	1.7345	4.4692e-05	0.077588	0.0013042	76.402	0.013089	14.854	16.228	62.186	55.021	152.70	216.92	16.625	1.0982e-05	0.032087
289.79	3.4999	352.07	0.0028403	9.0941	9.3930	38.587	51.865	151.11	408.10	1.7467	4.4601e-05	0.077506	0.0012930	76.673	0.013042	14.851	16.224	62.160	55.074	153.54	216.78	16.610	1.0998e-05	0.032174
289.90	3.5080	351.69	0.0028434	9.1069	9.4068	38.633	51.896	151.65	406.89	1.7591	4.4510e-05	0.077424	0.0012819	76.946	0.012996	14.849	16.220	62.133	55.128	154.38	216.64	16.596	1.1014e-05	0.032262
290.00	3.5161	351.31	0.0028465	9.1197	9.4206	38.678	51.928	152.20	405.67	1.7715	4.4419e-05	0.077343	0.0012708	77.219	0.012950	14.846	16.215	62.107	55.182	155.24	216.50	16.582	1.1030e-05	0.032351
290.11	3.5242	350.92	0.0028496	9.1325	9.4345	38.723	51.960	152.75	404.46	1.7840	4.4328e-05	0.077261	0.0012598	77.494	0.012904	14.843	16.210	62.080	55.237	156.11	216.36	16.567	1.1046e-05	0.032440
290.21	3.5323	350.54	0.0028528	9.1453	9.4483	38.769	51.992	153.31	403.25	1.7967	4.4238e-05	0.077180	0.0012488	77.769	0.012859	14.840	16.206	62.053	55.291	156.99	216.22	16.553	1.1062e-05	0.032529
290.32	3.5405	350.15	0.0028559	9.1581	9.4622	38.814	52.024	153.88	402.03	1.8094	4.4147e-05	0.077099	0.0012379	78.046	0.012813	14.837	16.201	62.026	55.346	157.88	216.08	16.538	1.1078e-05	0.032620
290.42	3.5486	349.76	0.0028591	9.1710	9.4760	38.859	52.057	154.45	400.82	1.8222	4.4057e-05	0.077018	0.0012269	78.323	0.012768	14.834	16.196	61.999	55.401	158.78	215.94	16.523	1.1095e-05	0.032711
290.53	3.5567	349.37	0.0028623	9.1838	9.4899	38.905	52.090	155.03	399.60	1.8351	4.3966e-05	0.076937	0.0012160	78.602	0.012722	14.831	16.192	61.973	55.456	159.70	215.80	16.509	1.1111e-05	0.032802
290.63	3.5648	348.98	0.0028655	9.1966	9.5038	38.950	52.123	155.62	398.39	1.8481	4.3875e-05	0.076857	0.0012052	78.882	0.012677	14.828	16.187	61.945	55.511	160.62	215.66	16.494	1.1127e-05	0.032894
290.73	3.5729	348.59	0.0028687	9.2095	9.5177	38.995	52.157	156.21	397.17	1.8612	4.3785e-05	0.076777	0.0011944	79.163	0.012632	14.825	16.182	61.918	55.567	161.56	215.52	16.479	1.1144e-05	0.032987
290.84	3.5811	348.20	0.0028719	9.2223	9.5315	39.041	52.190	156.81	395.95	1.8745	4.3694e-05	0.076697	0.0011836	79.445	0.012587	14.822	16.177	61.891	55.622	162.51	215.38	16.464	1.1161e-05	0.033081
290.94	3.5892	347.81	0.0028751	9.2351	9.5454	39.086	52.224	157.42	394.74	1.8878	4.3604e-05	0.076617	0.0011729	79.728	0.012543	14.819	16.172	61.864	55.678	163.47	215.24	16.449	1.1177e-05	0.033175
291.05	3.5973	347.42	0.0028784	9.2480	9.5593	39.131	52.259	158.04	393.52	1.9012	4.3513e-05	0.076537	0.0011622	80.012	0.012498	14.816	16.168	61.836	55.734	164.44	215.10	16.434	1.1194e-05	0.033270
291.15	3.6054	347.02	0.0028817	9.2609	9.5733	39.177	52.293	158.66	392.30	1.9148	4.3423e-05	0.076458	0.0011515	80.298	0.012454	14.812	16.163	61.809	55.791	165.43	214.96	16.419	1.1211e-05	0.033366
291.25	3.6135	346.63	0.0028849	9.2737	9.5872	39.222	52.328	159.30	391.09	1.9284	4.3333e-05	0.076379	0.0011409	80.584	0.012409	14.809	16.158	61.781	55.848	166.42	214.82	16.404	1.1228e-05	0.033462
291.36	3.6217	346.23	0.0028882	9.2866	9.6011	39.268	52.363	159.93	389.87	1.9422	4.3242e-05	0.076300	0.0011303	80.872	0.012365	14.806	16.153	61.754	55.904	167.44	214.68	16.389	1.1245e-05	0.033559
291.46	3.6298	345.83	0.0028916	9.2995	9.6151	39.313	52.398	160.58	388.65	1.9560	4.3152e-05	0.076222	0.0011198	81.161	0.012321	14.803	16.148	61.726	55.961	168.46	214.53	16.374	1.1262e-05	0.033656
291.56	3.6379	345.44	0.0028949	9.3123	9.6290	39.358	52.434	161.24	387.43	1.9700	4.3061e-05	0.076144	0.0011093	81.451	0.012277	14.799	16.142	61.698	56.019	169.50	214.39	16.359	1.1280e-05	0.033755
291.66	3.6460	345.04	0.0028982	9.3252	9.6430	39.404	52.469	161.90	386.21	1.9841	4.2971e-05	0.076065	0.0010988	81.743	0.012234	14.796	16.137	61.670	56.076	170.56	214.25	16.343	1.1297e-05	0.033854
291.77	3.6542	344.64	0.0029016	9.3381	9.6569	39.449	52.506	162.58	384.99	1.9983	4.2881e-05	0.075988	0.0010884	82.035	0.012190	14.793	16.132	61.642	56.134	171.62	214.11	16.328	1.1314e-05	0.033954
291.87	3.6623	344.24	0.0029050	9.3510	9.6709	39.495	52.542	163.26	383.77	2.0126	4.2790e-05	0.075910	0.0010780	82.329	0.012146	14.789	16.127	61.614	56.192	172.71	213.97	16.312	1.1332e-05	0.034055
291.97	3.6704	343.83	0.0029084	9.3639	9.6849	39.540	52.579	163.95	382.55	2.0271	4.2700e-05	0.075833	0.0010677	82.624	0.012103	14.786	16.122	61.586	56.251	173.80	213.82	16.297	1.1349e-05	0.034156
292.07	3.6785	343.43	0.0029118	9.3768	9.6989	39.586	52.616	164.65	381.33	2.0416	4.2609e-05	0.075756	0.0010574	82.920	0.012060	14.782	16.116	61.557	56.309	174.92	213.68	16.281	1.1367e-05	0.034258
292.17	3.6866	343.03	0.0029152	9.3898	9.7129	39.631	52.653	165.36	380.10	2.0563	4.2519e-05	0.075679	0.0010471	83.218	0.012017	14.779	16.111	61.529	56.368	176.05	213.54	16.265	1.1385e-05	0.034361
292.27	3.6948	342.62	0.0029187	9.4027	9.7270	39.677	52.691	166.08	378.88	2.0711	4.2429e-05	0.075603	0.0010369	83.517	0.011974	14.775	16.105	61.501	56.427	177.19	213.39	16.249	1.1403e-05	0.034465
292.38	3.7029	342.21	0.0029221	9.4156	9.7410	39.722	52.728	166.81	377.66	2.0860	4.2338e-05	0.075526	0.0010267	83.817	0.011931	14.772	16.100	61.472	56.486	178.35	213.25	16.233	1.1421e-05	0.034570
292.48	3.7110	341.81	0.0029256	9.4286	9.7550	39.768	52.767	167.54	376.43	2.1011	4.2248e-05	0.075451	0.0010165	84.118	0.011888	14.768	16.094	61.443	56.546	179.53	213.11	16.217	1.1439e-05	0.034675
292.58	3.7191	341.40	0.0029291	9.4415	9.7691	39.814	52.805	168.29	375.21	2.1163	4.2158e-05	0.075375	0.0010064	84.421	0.011845	14.764	16.089	61.414	56.606	180.72	212.96	16.201	1.1457e-05	0.034782
292.68	3.7272	340.99	0.0029327	9.4545	9.7832	39.859	52.844	169.05	373.98	2.1316	4.2067e-05	0.075300	0.00099628	84.725	0.011803	14.761	16.083	61.385	56.666	181.94	212.82	16.185	1.1476e-05	0.034889
292.78	3.7354	340.58	0.0029362	9.4675	9.7973	39.905	52.883	169.82	372.76	2.1470	4.1977e-05	0.075225	0.00098623	85.031	0.011760	14.757	16.078	61.356	56.727	183.17	212.68	16.169	1.1494e-05	0.034997
292.88	3.7435	340.16	0.0029398	9.4805	9.8114	39.951	52.923	170.60	371.53	2.1626	4.1886e-05	0.075150	0.00097622	85.338	0.011718	14.753	16.072	61.327	56.787	184.42	212.53	16.152	1.1513e-05	0.035106
292.98	3.7516	339.75	0.0029433	9.4935	9.8255	39.997	52.963	171.40	370.30	2.1783	4.1796e-05	0.075075	0.00096624	85.646	0.011676	14.749	16.066	61.298	56.848	185.68	212.39	16.136	1.1531e-05	0.035216
293.08	3.7597	339.34	0.0029469	9.5065	9.8396	40.042	53.003	172.20	369.08	2.1942	4.1705e-05	0.075001	0.00095631	85.956	0.011634	14.745	16.061	61.268	56.910	186.97	212.24	16.119	1.1550e-05	0.035326
293.18	3.7678	338.92	0.0029505	9.5195	9.8538	40.088	53.044	173.02	367.85	2.2102	4.1615e-05	0.074927	0.00094641	86.267	0.011592	14.741	16.055	61.239	56.971	188.27	212.10	16.103	1.1569e-05	0.035438
293.28	3.7760	338.50	0.0029542	9.5325	9.8679	40.134	53.085	173.84	366.62	2.2263	4.1524e-05	0.074854	0.00093655	86.580	0.011550	14.738	16.049	61.209	57.033	189.60	211.95	16.086	1.1588e-05	0.035551
293.38	3.7841	338.08	0.0029578	9.5456	9.8821	40.180	53.126	174.68	365.39	2.2426	4.1433e-05	0.074781	0.00092672	86.894	0.011508	14.734	16.043	61.180	57.096	190.94	211.81	16.069	1.1607e-05	0.035665
293.48	3.7922	337.66	0.0029615	9.5586	9.8963	40.226	53.167	175.53	364.16	2.2590	4.1343e-05	0.074708	0.00091694	87.209	0.011467	14.730	16.037	61.150	57.158	192.31	211.66	16.052	1.1626e-05	0.035779
293.58	3.8003	337.24	0.0029652	9.5717	9.9105	40.272	53.209	176.40	362.93	2.2755	4.1252e-05	0.074636	0.00090719	87.526	0.011425	14.725	16.031	61.120	57.221	193.70	211.51	16.035	1.1645e-05	0.035895
293.68	3.8084	336.82	0.0029689	9.5848	9.9247	40.318	53.252	177.27	361.69	2.2923	4.1161e-05	0.074563	0.00089748	87.845	0.011384	14.721	16.025	61.090	57.284	195.11	211.37	16.018	1.1665e-05	0.036011
293.77	3.8166	336.40	0.0029727	9.5978	9.9390	40.364	53.295	178.17	360.46	2.3091	4.1070e-05	0.074492	0.00088780	88.165	0.011342	14.717	16.019	61.059	57.348	196.54	211.22	16.001	1.1684e-05	0.036129
293.87	3.8247	335.97	0.0029764	9.6109	9.9533	40.410	53.338	179.07	359.23	2.3261	4.0980e-05	0.074420	0.00087817	88.487	0.011301	14.713	16.013	61.029	57.412	198.00	211.07	15.984	1.1704e-05	0.036248
293.97	3.8328	335.55	0.0029802	9.6241	9.9675	40.456	53.381	179.99	357.99	2.3433	4.0889e-05	0.074349	0.00086857	88.810	0.011260	14.709	16.007	60.999	57.476	199.48	210.93	15.966	1.1724e-05	0.036368
294.07	3.8409	335.12	0.0029840	9.6372	9.9818	40.502	53.425	180.92	356.76	2.3606	4.0798e-05	0.074278	0.00085901	89.135	0.011219	14.705	16.000	60.968	57.541	200.98	210.78	15.949	1.1744e-05	0.036489
294.17	3.8490	334.69	0.0029879	9.6503	9.9961	40.548	53.470	181.87	355.52	2.3781	4.0707e-05	0.074208	0.00084948	89.461	0.011178	14.700	15.994	60.937	57.606	202.50	210.63	15.931	1.1764e-05	0.036611
294.27	3.8572	334.26	0.0029917	9.6635	10.010	40.594	53.514	182.83	354.28	2.3958	4.0616e-05	0.074138	0.00084000	89.789	0.011137	14.696	15.988	60.906	57.671	204.06	210.48	15.913	1.1784e-05	0.036734
294.36	3.8653	333.82	0.0029956	9.6767	10.025	40.641	53.559	183.81	353.04	2.4136	4.0525e-05	0.074069	0.00083055	90.119	0.011096	14.691	15.981	60.875	57.737	205.64	210.34	15.895	1.1804e-05	0.036858
294.46	3.8734	333.39	0.0029995	9.6899	10.039	40.687	53.605	184.80	351.80	2.4316	4.0433e-05	0.074000	0.00082114	90.451	0.011056	14.687	15.975	60.844	57.803	207.24	210.19	15.877	1.1825e-05	0.036983
294.56	3.8815	332.95	0.0030034	9.7031	10.054	40.733	53.651	185.81	350.56	2.4498	4.0342e-05	0.073931	0.00081176	90.784	0.011015	14.683	15.968	60.813	57.869	208.87	210.04	15.859	1.1845e-05	0.037110
294.66	3.8896	332.52	0.0030074	9.7163	10.068	40.780	53.697	186.84	349.32	2.4681	4.0251e-05	0.073863	0.00080243	91.119	0.010975	14.678	15.962	60.781	57.936	210.53	209.89	15.841	1.1866e-05	0.037238
294.75	3.8978	332.08	0.0030113	9.7295	10.082	40.826	53.744	187.88	348.08	2.4866	4.0159e-05	0.073795	0.00079313	91.455	0.010934	14.673	15.955	60.750	58.003	212.22	209.74	15.823	1.1887e-05	0.037367
294.85	3.9059	331.64	0.0030153	9.7428	10.097	40.873	53.792	188.94	346.83	2.5053	4.0068e-05	0.073728	0.00078387	91.794	0.010894	14.669	15.948	60.718	58.071	213.94	209.59	15.804	1.1908e-05	0.037497
294.95	3.9140	331.20	0.0030194	9.7561	10.111	40.920	53.839	190.02	345.59	2.5241	3.9976e-05	0.073661	0.00077464	92.134	0.010854	14.664	15.942	60.686	58.139	215.69	209.44	15.786	1.1929e-05	0.037629
295.04	3.9221	330.75	0.0030234	9.7693	10.126	40.966	53.888	191.12	344.34	2.5432	3.9884e-05	0.073594	0.00076546	92.476	0.010814	14.659	15.935	60.654	58.207	217.47	209.29	15.767	1.1950e-05	0.037762
295.14	3.9302	330.31	0.0030275	9.7827	10.140	41.013	53.936	192.23	343.09	2.5624	3.9793e-05	0.073528	0.00075631	92.820	0.010774	14.655	15.928	60.622	58.276	219.28	209.14	15.748	1.1972e-05	0.037896
295.24	3.9384	329.86	0.0030316	9.7960	10.155	41.060	53.986	193.37	341.84	2.5818	3.9701e-05	0.073463	0.00074720	93.166	0.010734	14.650	15.921	60.590	58.346	221.12	208.99	15.729	1.1993e-05	0.038032
295.33	3.9465	329.41	0.0030357	9.8093	10.170	41.107	54.035	194.52	340.60	2.6014	3.9609e-05	0.073398	0.00073813	93.514	0.010694	14.645	15.914	60.557	58.416	223.00	208.84	15.710	1.2015e-05	0.038169
295.43	3.9546	328.96	0.0030399	9.8227	10.184	41.154	54.086	195.70	339.34	2.6212	3.9517e-05	0.073333	0.00072909	93.863	0.010654	14.640	15.907	60.525	58.486	224.91	208.69	15.691	1.2037e-05	0.038308
295.53	3.9627	328.51	0.0030441	9.8361	10.199	41.201	54.136	196.90	338.09	2.6412	3.9424e-05	0.073270	0.00072009	94.215	0.010614	14.635	15.900	60.492	58.557	226.86	208.53	15.671	1.2059e-05	0.038447
295.62	3.9708	328.05	0.0030483	9.8495	10.213	41.248	54.187	198.12	336.84	2.6614	3.9332e-05	0.073206	0.00071114	94.569	0.010574	14.630	15.893	60.459	58.628	228.84	208.38	15.652	1.2081e-05	0.038589
295.72	3.9790	327.60	0.0030525	9.8629	10.228	41.295	54.239	199.36	335.58	2.6819	3.9240e-05	0.073143	0.00070221	94.924	0.010535	14.625	15.885	60.426	58.699	230.86	208.23	15.632	1.2103e-05	0.038732
295.81	3.9871	327.14	0.0030568	9.8764	10.243	41.342	54.291	200.62	334.33	2.7025	3.9147e-05	0.073081	0.00069333	95.282	0.010495	14.620	15.878	60.392	58.772	232.92	208.08	15.612	1.2126e-05	0.038876
295.91	3.9952	326.68	0.0030611	9.8899	10.258	41.389	54.344	201.91	333.07	2.7233	3.9054e-05	0.073020	0.00068448	95.642	0.010456	14.615	15.871	60.359	58.844	235.02	207.92	15.592	1.2149e-05	0.039022
296.00	4.0033	326.22	0.0030654	9.9034	10.272	41.437	54.398	203.22	331.81	2.7443	3.8961e-05	0.072959	0.00067568	96.004	0.010416	14.610	15.863	60.325	58.917	237.16	207.77	15.572	1.2171e-05	0.039170
296.10	4.0114	325.75	0.0030698	9.9169	10.287	41.484	54.452	204.55	330.55	2.7656	3.8868e-05	0.072898	0.00066691	96.368	0.010377	14.604	15.856	60.291	58.991	239.34	207.61	15.552	1.2194e-05	0.039319
296.19	4.0196	325.29	0.0030742	9.9304	10.302	41.532	54.506	205.91	329.29	2.7871	3.8775e-05	0.072839	0.00065817	96.734	0.010338	14.599	15.848	60.257	59.065	241.56	207.46	15.532	1.2218e-05	0.039470
296.29	4.0277	324.82	0.0030786	9.9440	10.317	41.579	54.561	207.30	328.02	2.8088	3.8682e-05	0.072780	0.00064948	97.102	0.010298	14.593	15.841	60.223	59.140	243.83	207.30	15.511	1.2241e-05	0.039623
296.38	4.0358	324.35	0.0030831	9.9576	10.332	41.627	54.617	208.71	326.76	2.8307	3.8589e-05	0.072721	0.00064082	97.473	0.010259	14.588	15.833	60.189	59.215	246.15	207.15	15.490	1.2264e-05	0.039777
296.48	4.0439	323.88	0.0030876	9.9712	10.347	41.675	54.673	210.16	325.49	2.8529	3.8495e-05	0.072664	0.00063221	97.846	0.010220	14.583	15.825	60.154	59.291	248.51	206.99	15.469	1.2288e-05	0.039933
296.57	4.0520	323.40	0.0030921	9.9849	10.362	41.723	54.730	211.63	324.22	2.8753	3.8401e-05	0.072607	0.00062363	98.221	0.010181	14.577	15.817	60.119	59.368	250.92	206.84	15.448	1.2312e-05	0.040091
296.66	4.0602	322.93	0.0030967	9.9985	10.377	41.771	54.788	213.13	322.95	2.8980	3.8307e-05	0.072550	0.00061509	98.599	0.010142	14.571	15.810	60.084	59.445	253.38	206.68	15.427	1.2336e-05	0.040251
296.76	4.0683	322.45	0.0031013	10.012	10.392	41.819	54.846	214.66	321.68	2.9209	3.8213e-05	0.072495	0.00060658	98.979	0.010103	14.566	15.802	60.049	59.522	255.89	206.52	15.406	1.2360e-05	0.040413
296.85	4.0764	321.97	0.0031059	10.026	10.407	41.867	54.905	216.22	320.41	2.9440	3.8119e-05	0.072440	0.00059812	99.362	0.010064	14.560	15.793	60.013	59.601	258.46	206.37	15.384	1.2385e-05	0.040576
296.94	4.0845	321.48	0.0031106	10.040	10.422	41.915	54.964	217.82	319.13	2.9675	3.8025e-05	0.072387	0.00058969	99.747	0.010025	14.554	15.785	59.978	59.679	261.08	206.21	15.362	1.2410e-05	0.040742
297.04	4.0926	321.00	0.0031153	10.054	10.437	41.964	55.024	219.45	317.86	2.9911	3.7930e-05	0.072334	0.00058131	100.13	0.0099866	14.548	15.777	59.942	59.759	263.76	206.05	15.340	1.2435e-05	0.040910
297.13	4.1008	320.51	0.0031200	10.067	10.452	42.012	55.085	221.11	316.58	3.0151	3.7835e-05	0.072281	0.00057296	100.52	0.0099478	14.542	15.769	59.906	59.839	266.49	205.89	15.318	1.2460e-05	0.041080
297.22	4.1089	320.02	0.0031248	10.081	10.467	42.061	55.147	222.81	315.30	3.0393	3.7740e-05	0.072230	0.00056465	100.92	0.0099091	14.536	15.761	59.870	59.920	269.29	205.73	15.296	1.2485e-05	0.041252
297.32	4.1170	319.53	0.0031296	10.095	10.483	42.109	55.209	224.55	314.01	3.0637	3.7645e-05	0.072180	0.00055638	101.31	0.0098704	14.530	15.752	59.833	60.002	272.15	205.57	15.273	1.2511e-05	0.041426
297.41	4.1251	319.03	0.0031345	10.109	10.498	42.158	55.272	226.32	312.73	3.0885	3.7550e-05	0.072131	0.00054815	101.71	0.0098318	14.524	15.744	59.796	60.084	275.08	205.41	15.250	1.2536e-05	0.041602
297.50	4.1332	318.53	0.0031394	10.123	10.513	42.207	55.336	228.14	311.44	3.1135	3.7454e-05	0.072082	0.00053995	102.11	0.0097932	14.518	15.735	59.759	60.167	278.07	205.25	15.228	1.2562e-05	0.041781
297.60	4.1414	318.03	0.0031443	10.137	10.529	42.256	55.401	229.99	310.15	3.1389	3.7358e-05	0.072035	0.00053180	102.52	0.0097546	14.512	15.726	59.722	60.250	281.13	205.09	15.204	1.2588e-05	0.041962
297.69	4.1495	317.53	0.0031493	10.151	10.544	42.305	55.466	231.89	308.86	3.1645	3.7262e-05	0.071988	0.00052368	102.92	0.0097161	14.505	15.718	59.685	60.335	284.26	204.92	15.181	1.2615e-05	0.042146
297.78	4.1576	317.02	0.0031544	10.165	10.559	42.355	55.533	233.83	307.57	3.1904	3.7166e-05	0.071943	0.00051561	103.33	0.0096776	14.499	15.709	59.647	60.420	287.47	204.76	15.157	1.2642e-05	0.042332
297.87	4.1657	316.51	0.0031594	10.179	10.575	42.404	55.600	235.82	306.27	3.2166	3.7069e-05	0.071899	0.00050757	103.74	0.0096391	14.492	15.700	59.609	60.506	290.75	204.60	15.134	1.2669e-05	0.042520
297.96	4.1739	316.00	0.0031646	10.193	10.590	42.454	55.668	237.85	304.98	3.2432	3.6972e-05	0.071856	0.00049957	104.16	0.0096007	14.486	15.691	59.571	60.593	294.12	204.43	15.110	1.2696e-05	0.042712
298.06	4.1820	315.48	0.0031697	10.207	10.606	42.504	55.737	239.93	303.68	3.2701	3.6875e-05	0.071814	0.00049162	104.58	0.0095623	14.479	15.682	59.532	60.680	297.56	204.27	15.085	1.2723e-05	0.042906
298.15	4.1901	314.97	0.0031749	10.222	10.622	42.553	55.806	242.07	302.37	3.2972	3.6778e-05	0.071774	0.00048370	105.00	0.0095239	14.472	15.672	59.494	60.769	301.09	204.10	15.061	1.2751e-05	0.043102
298.24	4.1982	314.45	0.0031802	10.236	10.637	42.604	55.877	244.25	301.07	3.3248	3.6680e-05	0.071735	0.00047582	105.42	0.0094855	14.466	15.663	59.455	60.858	304.71	203.94	15.036	1.2779e-05	0.043302
298.33	4.2063	313.92	0.0031855	10.250	10.653	42.654	55.949	246.49	299.76	3.3526	3.6582e-05	0.071697	0.00046798	105.85	0.0094471	14.459	15.654	59.415	60.948	308.43	203.77	15.011	1.2807e-05	0.043504
298.42	4.2145	313.39	0.0031909	10.265	10.669	42.704	56.021	248.79	298.45	3.3808	3.6484e-05	0.071660	0.00046019	106.28	0.0094088	14.452	15.644	59.376	61.039	312.24	203.60	14.986	1.2835e-05	0.043710
298.51	4.2226	312.86	0.0031963	10.279	10.685	42.755	56.095	251.14	297.14	3.4094	3.6386e-05	0.071625	0.00045243	106.72	0.0093704	14.445	15.634	59.336	61.132	316.14	203.43	14.961	1.2864e-05	0.043918
298.60	4.2307	312.33	0.0032018	10.293	10.701	42.805	56.170	253.56	295.82	3.4383	3.6287e-05	0.071592	0.00044471	107.16	0.0093321	14.438	15.625	59.296	61.225	320.15	203.26	14.935	1.2893e-05	0.044130
298.69	4.2388	311.79	0.0032073	10.308	10.717	42.856	56.245	256.04	294.50	3.4676	3.6188e-05	0.071559	0.00043704	107.60	0.0092938	14.430	15.615	59.255	61.319	324.27	203.09	14.909	1.2923e-05	0.044345
298.78	4.2469	311.25	0.0032129	10.322	10.733	42.907	56.322	258.58	293.18	3.4973	3.6088e-05	0.071529	0.00042940	108.04	0.0092554	14.423	15.605	59.214	61.414	328.50	202.92	14.883	1.2952e-05	0.044563
298.87	4.2551	310.71	0.0032185	10.337	10.749	42.958	56.400	261.20	291.86	3.5273	3.5988e-05	0.071500	0.00042180	108.49	0.0092171	14.416	15.595	59.173	61.510	332.85	202.75	14.856	1.2982e-05	0.044785
298.96	4.2632	310.16	0.0032242	10.352	10.765	43.010	56.479	263.88	290.53	3.5578	3.5888e-05	0.071473	0.00041425	108.95	0.0091788	14.408	15.585	59.132	61.607	337.32	202.58	14.830	1.3012e-05	0.045010
299.06	4.2713	309.61	0.0032299	10.366	10.781	43.061	56.559	266.64	289.20	3.5886	3.5788e-05	0.071447	0.00040674	109.40	0.0091405	14.401	15.575	59.090	61.705	341.91	202.41	14.803	1.3043e-05	0.045239
299.14	4.2794	309.05	0.0032357	10.381	10.797	43.113	56.640	269.48	287.87	3.6199	3.5687e-05	0.071424	0.00039927	109.86	0.0091021	14.393	15.564	59.048	61.804	346.64	202.23	14.775	1.3074e-05	0.045472
299.23	4.2875	308.49	0.0032416	10.396	10.814	43.165	56.723	272.40	286.53	3.6515	3.5585e-05	0.071402	0.00039183	110.33	0.0090638	14.385	15.554	59.005	61.905	351.50	202.06	14.748	1.3105e-05	0.045709
299.32	4.2957	307.93	0.0032475	10.411	10.830	43.217	56.807	275.40	285.19	3.6836	3.5484e-05	0.071382	0.00038445	110.80	0.0090254	14.377	15.543	58.962	62.006	356.51	201.88	14.720	1.3137e-05	0.045949
299.41	4.3038	307.36	0.0032535	10.426	10.847	43.269	56.892	278.49	283.85	3.7162	3.5382e-05	0.071365	0.00037710	111.27	0.0089870	14.369	15.532	58.919	62.109	361.67	201.70	14.691	1.3169e-05	0.046194
299.50	4.3119	306.79	0.0032596	10.441	10.863	43.322	56.978	281.68	282.50	3.7491	3.5279e-05	0.071349	0.00036979	111.75	0.0089486	14.361	15.521	58.876	62.213	366.98	201.53	14.663	1.3201e-05	0.046443
299.59	4.3200	306.21	0.0032657	10.456	10.880	43.375	57.066	284.96	281.15	3.7826	3.5176e-05	0.071336	0.00036253	112.23	0.0089102	14.353	15.511	58.832	62.319	372.46	201.35	14.634	1.3234e-05	0.046697
299.68	4.3281	305.63	0.0032719	10.471	10.896	43.428	57.156	288.34	279.80	3.8165	3.5073e-05	0.071325	0.00035531	112.72	0.0088717	14.345	15.499	58.787	62.426	378.10	201.17	14.605	1.3267e-05	0.046955
299.77	4.3363	305.04	0.0032782	10.486	10.913	43.481	57.246	291.82	278.44	3.8509	3.4969e-05	0.071316	0.00034813	113.21	0.0088333	14.336	15.488	58.743	62.534	383.93	200.98	14.575	1.3300e-05	0.047218
299.86	4.3444	304.45	0.0032846	10.501	10.930	43.535	57.339	295.42	277.08	3.8857	3.4865e-05	0.071310	0.00034100	113.70	0.0087947	14.328	15.477	58.698	62.643	389.94	200.80	14.545	1.3334e-05	0.047486
299.95	4.3525	303.86	0.0032910	10.516	10.947	43.589	57.433	299.13	275.71	3.9211	3.4760e-05	0.071307	0.00033391	114.21	0.0087562	14.319	15.465	58.652	62.754	396.16	200.62	14.515	1.3368e-05	0.047760
300.04	4.3606	303.26	0.0032975	10.532	10.964	43.643	57.528	302.97	274.34	3.9570	3.4655e-05	0.071306	0.00032686	114.71	0.0087176	14.311	15.454	58.606	62.867	402.57	200.43	14.484	1.3403e-05	0.048038
300.13	4.3687	302.66	0.0033041	10.547	10.981	43.697	57.625	306.93	272.97	3.9934	3.4549e-05	0.071308	0.00031985	115.22	0.0086789	14.302	15.442	58.559	62.981	409.21	200.24	14.453	1.3438e-05	0.048322
300.21	4.3769	302.05	0.0033108	10.563	10.998	43.751	57.724	311.03	271.59	4.0304	3.4442e-05	0.071313	0.00031289	115.74	0.0086402	14.293	15.430	58.513	63.097	416.07	200.06	14.422	1.3474e-05	0.048611
300.30	4.3850	301.43	0.0033175	10.578	11.016	43.806	57.825	315.27	270.20	4.0679	3.4335e-05	0.071321	0.00030598	116.26	0.0086014	14.284	15.418	58.465	63.214	423.17	199.87	14.390	1.3510e-05	0.048907
300.39	4.3931	300.81	0.0033244	10.594	11.033	43.862	57.927	319.66	268.82	4.1060	3.4228e-05	0.071332	0.00029911	116.79	0.0085626	14.274	15.405	58.417	63.333	430.52	199.67	14.358	1.3546e-05	0.049208
300.48	4.4012	300.18	0.0033313	10.610	11.050	43.917	58.032	324.21	267.42	4.1447	3.4120e-05	0.071346	0.00029228	117.32	0.0085237	14.265	15.393	58.369	63.454	438.14	199.48	14.325	1.3583e-05	0.049516
300.56	4.4093	299.55	0.0033383	10.625	11.068	43.973	58.138	328.92	266.03	4.1840	3.4011e-05	0.071364	0.00028550	117.86	0.0084847	14.255	15.380	58.320	63.577	446.04	199.29	14.292	1.3621e-05	0.049831
300.65	4.4175	298.91	0.0033454	10.641	11.086	44.029	58.247	333.81	264.62	4.2239	3.3902e-05	0.071386	0.00027876	118.40	0.0084456	14.246	15.368	58.271	63.702	454.24	199.09	14.259	1.3659e-05	0.050153
300.74	4.4256	298.27	0.0033527	10.657	11.104	44.085	58.358	338.89	263.22	4.2644	3.3792e-05	0.071411	0.00027207	118.96	0.0084065	14.236	15.355	58.221	63.828	462.75	198.89	14.225	1.3697e-05	0.050481
300.83	4.4337	297.62	0.0033600	10.673	11.121	44.142	58.471	344.16	261.80	4.3056	3.3681e-05	0.071440	0.00026542	119.51	0.0083673	14.226	15.341	58.170	63.957	471.58	198.69	14.190	1.3736e-05	0.050818
300.91	4.4418	296.96	0.0033674	10.690	11.139	44.199	58.586	349.63	260.39	4.3474	3.3570e-05	0.071473	0.00025882	120.08	0.0083279	14.216	15.328	58.119	64.088	480.77	198.49	14.156	1.3776e-05	0.051162
301.00	4.4499	296.30	0.0033750	10.706	11.158	44.257	58.703	355.33	258.96	4.3900	3.3457e-05	0.071511	0.00025227	120.65	0.0082885	14.205	15.315	58.067	64.221	490.33	198.29	14.120	1.3816e-05	0.051514
301.09	4.4581	295.63	0.0033826	10.722	11.176	44.315	58.824	361.26	257.53	4.4332	3.3344e-05	0.071553	0.00024577	121.23	0.0082490	14.195	15.301	58.015	64.356	500.28	198.08	14.084	1.3857e-05	0.051875
301.17	4.4662	294.95	0.0033904	10.739	11.194	44.373	58.946	367.44	256.10	4.4772	3.3231e-05	0.071600	0.00023931	121.81	0.0082093	14.184	15.287	57.962	64.493	510.65	197.87	14.048	1.3898e-05	0.052245
301.26	4.4743	294.27	0.0033983	10.756	11.213	44.432	59.072	373.88	254.65	4.5219	3.3116e-05	0.071652	0.00023290	122.41	0.0081695	14.174	15.273	57.909	64.633	521.46	197.66	14.011	1.3940e-05	0.052624
301.35	4.4824	293.57	0.0034063	10.772	11.231	44.491	59.200	380.61	253.21	4.5674	3.3001e-05	0.071708	0.00022654	123.01	0.0081296	14.163	15.258	57.854	64.776	532.74	197.45	13.974	1.3983e-05	0.053013
301.43	4.4905	292.87	0.0034145	10.789	11.250	44.551	59.331	387.63	251.75	4.6137	3.2885e-05	0.071771	0.00022022	123.62	0.0080896	14.151	15.244	57.799	64.921	544.53	197.24	13.936	1.4027e-05	0.053412
301.52	4.4987	292.16	0.0034227	10.806	11.269	44.611	59.466	394.98	250.29	4.6608	3.2768e-05	0.071839	0.00021396	124.23	0.0080494	14.140	15.229	57.744	65.069	556.85	197.02	13.897	1.4071e-05	0.053822
301.61	4.5068	291.45	0.0034312	10.823	11.288	44.671	59.603	402.67	248.82	4.7088	3.2649e-05	0.071913	0.00020775	124.86	0.0080090	14.129	15.214	57.687	65.220	569.75	196.80	13.858	1.4116e-05	0.054243
301.69	4.5149	290.72	0.0034397	10.841	11.308	44.732	59.744	410.72	247.34	4.7576	3.2530e-05	0.071993	0.00020158	125.49	0.0079685	14.117	15.199	57.630	65.374	583.26	196.57	13.818	1.4162e-05	0.054677
301.78	4.5230	289.98	0.0034485	10.858	11.327	44.794	59.888	419.17	245.86	4.8073	3.2410e-05	0.072080	0.00019547	126.14	0.0079278	14.105	15.183	57.572	65.532	597.43	196.35	13.778	1.4208e-05	0.055123
301.86	4.5311	289.24	0.0034574	10.876	11.347	44.856	60.036	428.05	244.37	4.8580	3.2289e-05	0.072174	0.00018941	126.79	0.0078869	14.093	15.167	57.513	65.692	612.31	196.12	13.737	1.4256e-05	0.055582
301.95	4.5393	288.48	0.0034664	10.893	11.366	44.919	60.188	437.38	242.87	4.9096	3.2167e-05	0.072276	0.00018340	127.46	0.0078458	14.080	15.151	57.453	65.856	627.94	195.88	13.695	1.4304e-05	0.056055
302.03	4.5474	287.72	0.0034756	10.911	11.386	44.982	60.344	447.20	241.36	4.9622	3.2043e-05	0.072385	0.00017744	128.13	0.0078045	14.068	15.135	57.393	66.023	644.40	195.65	13.652	1.4353e-05	0.056543
302.12	4.5555	286.94	0.0034850	10.929	11.407	45.046	60.504	457.56	239.84	5.0159	3.1918e-05	0.072503	0.00017154	128.82	0.0077630	14.055	15.118	57.331	66.195	661.74	195.41	13.609	1.4403e-05	0.057047
302.20	4.5636	286.15	0.0034946	10.947	11.427	45.111	60.669	468.49	238.32	5.0706	3.1792e-05	0.072629	0.00016569	129.51	0.0077212	14.041	15.101	57.268	66.370	680.04	195.16	13.565	1.4454e-05	0.057568
302.29	4.5717	285.35	0.0035044	10.966	11.447	45.176	60.838	480.04	236.78	5.1264	3.1665e-05	0.072765	0.00015990	130.22	0.0076792	14.028	15.084	57.205	66.549	699.37	194.91	13.520	1.4507e-05	0.058106
302.37	4.5799	284.54	0.0035144	10.984	11.468	45.242	61.013	492.28	235.23	5.1834	3.1536e-05	0.072910	0.00015416	130.94	0.0076369	14.014	15.066	57.140	66.733	719.83	194.66	13.475	1.4560e-05	0.058663
302.46	4.5880	283.72	0.0035246	11.003	11.489	45.309	61.192	505.26	233.68	5.2416	3.1406e-05	0.073067	0.00014847	131.68	0.0075943	14.000	15.048	57.074	66.922	741.51	194.40	13.428	1.4614e-05	0.059241
302.54	4.5961	282.88	0.0035351	11.022	11.511	45.376	61.377	519.04	232.11	5.3010	3.1274e-05	0.073234	0.00014284	132.43	0.0075514	13.986	15.029	57.007	67.115	764.53	194.14	13.381	1.4670e-05	0.059840
302.63	4.6042	282.03	0.0035457	11.041	11.532	45.445	61.568	533.72	230.53	5.3617	3.1141e-05	0.073414	0.00013727	133.19	0.0075082	13.971	15.011	56.939	67.313	789.00	193.87	13.332	1.4727e-05	0.060461
302.71	4.6123	281.16	0.0035567	11.061	11.554	45.514	61.766	549.37	228.95	5.4237	3.1006e-05	0.073606	0.00013176	133.96	0.0074647	13.956	14.991	56.870	67.517	815.08	193.59	13.283	1.4785e-05	0.061108
302.79	4.6205	280.28	0.0035679	11.080	11.576	45.584	61.969	566.09	227.34	5.4872	3.0869e-05	0.073813	0.00012631	134.76	0.0074208	13.941	14.972	56.799	67.727	842.92	193.31	13.233	1.4845e-05	0.061781
302.88	4.6286	279.38	0.0035794	11.100	11.599	45.655	62.180	584.00	225.73	5.5521	3.0730e-05	0.074034	0.00012092	135.57	0.0073765	13.925	14.952	56.726	67.942	872.70	193.02	13.182	1.4906e-05	0.062483
302.96	4.6367	278.46	0.0035911	11.121	11.621	45.728	62.399	603.22	224.10	5.6185	3.0589e-05	0.074272	0.00011559	136.39	0.0073318	13.909	14.931	56.652	68.164	904.63	192.73	13.129	1.4969e-05	0.063215
303.04	4.6448	277.53	0.0036032	11.141	11.644	45.801	62.625	623.91	222.46	5.6865	3.0447e-05	0.074528	0.00011033	137.24	0.0072866	13.892	14.910	56.577	68.393	938.95	192.43	13.075	1.5033e-05	0.063981
303.13	4.6530	276.57	0.0036157	11.162	11.668	45.875	62.860	646.24	220.80	5.7562	3.0301e-05	0.074803	0.00010512	138.10	0.0072410	13.875	14.888	56.500	68.630	975.92	192.12	13.021	1.5099e-05	0.064783
303.21	4.6611	275.60	0.0036285	11.183	11.692	45.951	63.104	670.40	219.13	5.8277	3.0154e-05	0.075099	9.9988e-05	138.99	0.0071948	13.858	14.866	56.421	68.874	1015.9	191.80	12.964	1.5167e-05	0.065625
303.29	4.6692	274.60	0.0036417	11.205	11.716	46.028	63.358	696.62	217.44	5.9009	3.0004e-05	0.075418	9.4918e-05	139.90	0.0071481	13.840	14.844	56.340	69.126	1059.2	191.47	12.907	1.5237e-05	0.066510
303.38	4.6773	273.58	0.0036552	11.226	11.741	46.106	63.622	725.19	215.74	5.9762	2.9851e-05	0.075763	8.9917e-05	140.83	0.0071008	13.821	14.820	56.257	69.387	1106.2	191.13	12.848	1.5310e-05	0.067443
303.46	4.6854	272.53	0.0036693	11.249	11.766	46.186	63.898	756.41	214.01	6.0534	2.9695e-05	0.076136	8.4985e-05	141.79	0.0070529	13.802	14.796	56.172	69.658	1157.5	190.79	12.788	1.5384e-05	0.068428
303.54	4.6936	271.46	0.0036838	11.271	11.791	46.268	64.186	790.68	212.27	6.1328	2.9537e-05	0.076540	8.0125e-05	142.77	0.0070042	13.783	14.771	56.085	69.940	1213.7	190.42	12.726	1.5461e-05	0.069471
303.63	4.7017	270.36	0.0036988	11.295	11.818	46.351	64.488	828.45	210.51	6.2145	2.9374e-05	0.076980	7.5338e-05	143.78	0.0069549	13.762	14.746	55.995	70.232	1275.5	190.05	12.662	1.5541e-05	0.070578
303.71	4.7098	269.23	0.0037144	11.318	11.844	46.437	64.804	870.27	208.72	6.2986	2.9209e-05	0.077459	7.0627e-05	144.83	0.0069047	13.741	14.719	55.902	70.537	1343.8	189.66	12.596	1.5624e-05	0.071756
303.79	4.7179	268.06	0.0037305	11.343	11.872	46.524	65.136	916.83	206.91	6.3852	2.9039e-05	0.077983	6.5994e-05	145.91	0.0068536	13.720	14.692	55.807	70.854	1419.5	189.26	12.529	1.5710e-05	0.073016
303.87	4.7260	266.85	0.0037474	11.367	11.900	46.613	65.486	968.96	205.08	6.4746	2.8866e-05	0.078558	6.1441e-05	147.03	0.0068015	13.697	14.664	55.708	71.186	1504.0	188.84	12.459	1.5800e-05	0.074366
303.95	4.7342	265.61	0.0037649	11.393	11.929	46.706	65.854	1027.7	203.22	6.5669	2.8687e-05	0.079192	5.6971e-05	148.18	0.0067484	13.674	14.634	55.606	71.534	1598.9	188.40	12.387	1.5893e-05	0.075819
304.04	4.7423	264.32	0.0037833	11.419	11.959	46.800	66.244	1094.4	201.33	6.6624	2.8504e-05	0.079895	5.2586e-05	149.39	0.0066941	13.649	14.604	55.500	71.899	1706.1	187.93	12.313	1.5991e-05	0.077392
304.12	4.7504	262.98	0.0038026	11.446	11.989	46.898	66.658	1170.6	199.41	6.7613	2.8316e-05	0.080678	4.8291e-05	150.64	0.0066385	13.624	14.572	55.390	72.284	1828.3	187.45	12.236	1.6094e-05	0.079101
304.20	4.7585	261.59	0.0038228	11.474	12.021	46.999	67.098	1258.7	197.45	6.8638	2.8121e-05	0.081556	4.4088e-05	151.94	0.0065813	13.597	14.538	55.275	72.689	1968.6	186.94	12.156	1.6202e-05	0.080971
304.28	4.7666	260.13	0.0038442	11.503	12.054	47.105	67.568	1361.4	195.46	6.9704	2.7921e-05	0.082547	3.9981e-05	153.31	0.0065226	13.569	14.503	55.155	73.119	2131.5	186.39	12.073	1.6316e-05	0.083028
304.36	4.7748	258.61	0.0038669	11.533	12.088	47.214	68.072	1482.6	193.43	7.0813	2.7713e-05	0.083677	3.5976e-05	154.75	0.0064619	13.539	14.467	55.029	73.575	2322.6	185.81	11.986	1.6438e-05	0.085312
304.44	4.7829	257.00	0.0038910	11.564	12.124	47.328	68.615	1627.8	191.35	7.1971	2.7497e-05	0.084977	3.2078e-05	156.27	0.0063991	13.508	14.428	54.896	74.061	2549.9	185.19	11.895	1.6568e-05	0.087868
304.52	4.7910	255.31	0.0039169	11.597	12.161	47.448	69.202	1804.6	189.23	7.3183	2.7272e-05	0.086492	2.8292e-05	157.88	0.0063338	13.474	14.387	54.756	74.583	2824.6	184.53	11.800	1.6709e-05	0.090761
304.60	4.7991	253.50	0.0039447	11.632	12.201	47.575	69.842	2024.3	187.05	7.4456	2.7037e-05	0.088283	2.4627e-05	159.60	0.0062656	13.439	14.343	54.606	75.145	3162.9	183.80	11.699	1.6861e-05	0.094078
304.68	4.8072	251.57	0.0039750	11.668	12.243	47.710	70.545	2303.9	184.80	7.5799	2.6790e-05	0.090438	2.1089e-05	161.45	0.0061938	13.400	14.295	54.446	75.755	3589.3	183.01	11.593	1.7028e-05	0.097942
304.76	4.8154	249.48	0.0040083	11.708	12.288	47.855	71.323	2671.0	182.49	7.7223	2.6531e-05	0.093090	1.7690e-05	163.46	0.0061178	13.358	14.244	54.273	76.422	4143.0	182.14	11.479	1.7214e-05	0.10253
304.85	4.8235	247.20	0.0040453	11.750	12.337	48.012	72.194	3172.6	180.09	7.8743	2.6256e-05	0.096450	1.4443e-05	165.66	0.0060363	13.312	14.188	54.083	77.158	4889.4	181.16	11.357	1.7425e-05	0.10814
304.93	4.8316	244.66	0.0040873	11.797	12.391	48.186	73.186	3895.6	177.58	8.0381	2.5962e-05	0.10088	1.1363e-05	168.12	0.0059480	13.261	14.125	53.872	77.983	5948.2	180.05	11.223	1.7670e-05	0.11522
305.00	4.8397	241.77	0.0041361	11.850	12.452	48.382	74.338	5019.8	174.96	8.2170	2.5646e-05	0.10703	8.4734e-06	170.94	0.0058501	13.202	14.053	53.632	78.921	7562.7	178.75	11.075	1.7963e-05	0.12463
305.08	4.8478	238.37	0.0041952	11.912	12.523	48.612	75.718	6982.5	172.18	8.4167	2.5300e-05	0.11635	5.8048e-06	174.27	0.0057382	13.132	13.969	53.350	80.017	10312.	177.18	10.907	1.8332e-05	0.13813
305.16	4.8560	234.11	0.0042716	11.988	12.611	48.899	77.458	11174.	169.18	8.6483	2.4909e-05	0.13266	3.4062e-06	178.47	0.0056032	13.044	13.863	52.998	81.349	15989.	175.16	10.706	1.8834e-05	0.16031
305.24	4.8641	228.00	0.0043860	12.096	12.737	49.308	undefined	undefined	undefined	8.9420	2.4425e-05	undefined	1.3691e-06	184.52	0.0054195	12.919	13.712	52.499	undefined	undefined	undefined	10.439	1.9633e-05	undefined
305.32	4.8722	206.18	0.0048501	12.490	13.200	50.820	undefined	undefined	undefined	0.0000	2.2631e-05	undefined	0.0000	206.18	0.0048501	12.490	13.200	50.820	undefined	undefined	undefined	0.0000	2.2631e-05	undefined
