Temperature (K)	Pressure (MPa)	Density (l, kg/m3)	Volume (l, m3/kg)	Internal Energy (l, kJ/mol)	Enthalpy (l, kJ/mol)	Entropy (l, J/mol*K)	Cv (l, J/mol*K)	Cp (l, J/mol*K)	Sound Spd. (l, m/s)	Joule-Thomson (l, K/MPa)	Viscosity (l, Pa*s)	Therm. Cond. (l, W/m*K)	Surf. Tension (l, N/m)	Density (v, kg/m3)	Volume (v, m3/kg)	Internal Energy (v, kJ/mol)	Enthalpy (v, kJ/mol)	Entropy (v, J/mol*K)	Cv (v, J/mol*K)	Cp (v, J/mol*K)	Sound Spd. (v, m/s)	Joule-Thomson (v, K/MPa)	Viscosity (v, Pa*s)	Therm. Cond. (v, W/m*K)
103.99	0.00012196	654.60	0.0015276	-4.4352	-4.4352	-33.074	45.503	68.155	1766.6	-0.50257	0.00068573	0.24994	0.027869	0.0039581	252.65	10.621	11.486	120.03	24.972	33.295	202.67	154.91	7.7268e-07	0.0040752
136.47	0.0085248	612.70	0.0016321	-2.2258	-2.2254	-14.580	41.520	67.633	1545.9	-0.47778	0.00029681	0.21471	0.022028	0.21192	4.7188	11.421	12.549	93.685	25.340	33.868	231.24	71.418	4.6455e-06	0.0059731
144.07	0.016928	602.59	0.0016595	-1.7124	-1.7116	-10.919	40.662	67.487	1491.9	-0.46875	0.00025799	0.20646	0.020691	0.40006	2.4996	11.602	12.789	89.732	25.547	34.213	236.95	61.993	5.0449e-06	0.0064568
149.00	0.025330	595.95	0.0016780	-1.3796	-1.3784	-8.6474	40.146	67.440	1456.6	-0.46152	0.00023726	0.20113	0.019830	0.58065	1.7222	11.718	12.941	87.456	25.715	34.499	240.42	56.904	5.2671e-06	0.0067836
152.75	0.033733	590.85	0.0016925	-1.1270	-1.1254	-6.9727	39.778	67.437	1429.5	-0.45521	0.00022336	0.19709	0.019179	0.75647	1.3219	11.804	13.055	85.860	25.861	34.753	242.92	53.480	5.4224e-06	0.0070396
155.81	0.042136	586.66	0.0017046	-0.92069	-0.91867	-5.6354	39.494	67.456	1407.3	-0.44946	0.00021301	0.19380	0.018650	0.92883	1.0766	11.874	13.147	84.634	25.992	34.986	244.87	50.929	5.5426e-06	0.0072541
158.42	0.050539	583.06	0.0017151	-0.74489	-0.74246	-4.5164	39.263	67.489	1388.3	-0.44413	0.00020483	0.19101	0.018201	1.0985	0.91033	11.933	13.223	83.640	26.113	35.203	246.46	48.912	5.6414e-06	0.0074411
160.71	0.058942	579.89	0.0017245	-0.59086	-0.58801	-3.5510	39.070	67.532	1371.5	-0.43909	0.00019808	0.18857	0.017810	1.2660	0.78989	11.984	13.290	82.804	26.225	35.408	247.80	47.253	5.7257e-06	0.0076081
162.75	0.067344	577.04	0.0017330	-0.45322	-0.44994	-2.6998	38.904	67.581	1356.5	-0.43430	0.00019237	0.18640	0.017461	1.4317	0.69848	12.029	13.348	82.084	26.331	35.604	248.95	45.849	5.7995e-06	0.0077601
164.59	0.075747	574.44	0.0017408	-0.32840	-0.32470	-1.9371	38.760	67.636	1342.9	-0.42970	0.00018742	0.18444	0.017145	1.5958	0.62665	12.069	13.401	81.452	26.432	35.791	249.97	44.637	5.8655e-06	0.0079003
166.29	0.084150	572.05	0.0017481	-0.21392	-0.20980	-1.2450	38.632	67.694	1330.3	-0.42526	0.00018306	0.18264	0.016857	1.7586	0.56864	12.106	13.448	80.889	26.528	35.972	250.86	43.573	5.9254e-06	0.0080308
167.86	0.092553	569.82	0.0017549	-0.10798	-0.10342	-0.61079	38.519	67.755	1318.7	-0.42096	0.00017918	0.18098	0.016591	1.9202	0.52079	12.139	13.492	80.382	26.621	36.147	251.66	42.628	5.9803e-06	0.0081533
169.32	0.10096	567.74	0.0017614	-0.0092035	-0.0042150	-0.024782	38.416	67.818	1307.8	-0.41677	0.00017568	0.17944	0.016344	2.0807	0.48061	12.171	13.532	79.920	26.709	36.317	252.39	41.778	6.0312e-06	0.0082691
170.69	0.10936	565.78	0.0017675	0.083451	0.088873	0.52035	38.324	67.883	1297.5	-0.41269	0.00017249	0.17800	0.016112	2.2403	0.44637	12.199	13.569	79.496	26.795	36.482	253.05	41.007	6.0787e-06	0.0083790
171.97	0.11776	563.93	0.0017733	0.17081	0.17667	1.0304	38.239	67.950	1287.8	-0.40871	0.00016958	0.17664	0.015895	2.3991	0.41683	12.227	13.604	79.105	26.878	36.644	253.65	40.304	6.1233e-06	0.0084840
173.19	0.12616	562.17	0.0017788	0.25355	0.25984	1.5099	38.161	68.018	1278.7	-0.40480	0.00016689	0.17536	0.015690	2.5571	0.39107	12.252	13.636	78.742	26.959	36.802	254.20	39.657	6.1655e-06	0.0085845
174.35	0.13457	560.49	0.0017842	0.33220	0.33894	1.9626	38.090	68.087	1269.9	-0.40096	0.00016440	0.17415	0.015495	2.7144	0.36841	12.276	13.667	78.403	27.037	36.957	254.71	39.059	6.2055e-06	0.0086811
175.46	0.14297	558.88	0.0017893	0.40722	0.41440	2.3916	38.024	68.156	1261.6	-0.39719	0.00016207	0.17299	0.015310	2.8710	0.34831	12.298	13.695	78.085	27.114	37.109	255.19	38.504	6.2437e-06	0.0087742
176.51	0.15137	557.34	0.0017942	0.47899	0.48661	2.7996	37.963	68.227	1253.6	-0.39347	0.00015990	0.17189	0.015133	3.0271	0.33035	12.320	13.723	77.786	27.188	37.258	255.62	37.986	6.2802e-06	0.0088642
177.52	0.15978	555.85	0.0017990	0.54782	0.55589	3.1885	37.906	68.298	1245.9	-0.38981	0.00015786	0.17083	0.014964	3.1827	0.31420	12.340	13.749	77.503	27.261	37.405	256.03	37.502	6.3152e-06	0.0089513
178.50	0.16818	554.42	0.0018037	0.61399	0.62250	3.5604	37.853	68.369	1238.5	-0.38620	0.00015593	0.16982	0.014802	3.3377	0.29961	12.360	13.773	77.236	27.333	37.550	256.41	37.046	6.3489e-06	0.0090358
179.43	0.17658	553.04	0.0018082	0.67774	0.68669	3.9167	37.803	68.442	1231.3	-0.38264	0.00015411	0.16885	0.014646	3.4923	0.28635	12.378	13.797	76.982	27.403	37.693	256.77	36.617	6.3813e-06	0.0091180
180.33	0.18498	551.70	0.0018126	0.73926	0.74866	4.2588	37.756	68.514	1224.4	-0.37911	0.00015238	0.16791	0.014496	3.6465	0.27424	12.396	13.819	76.739	27.471	37.834	257.11	36.212	6.4127e-06	0.0091980
181.20	0.19339	550.41	0.0018168	0.79874	0.80860	4.5880	37.713	68.587	1217.8	-0.37562	0.00015074	0.16701	0.014351	3.8002	0.26314	12.413	13.841	76.508	27.538	37.973	257.42	35.827	6.4431e-06	0.0092759
182.05	0.20179	549.15	0.0018210	0.85633	0.86664	4.9052	37.671	68.660	1211.3	-0.37217	0.00014918	0.16614	0.014211	3.9536	0.25293	12.430	13.862	76.287	27.605	38.111	257.72	35.462	6.4726e-06	0.0093521
182.86	0.21019	547.93	0.0018251	0.91218	0.92294	5.2114	37.633	68.733	1205.0	-0.36875	0.00014769	0.16529	0.014076	4.1067	0.24351	12.446	13.881	76.075	27.670	38.247	258.00	35.115	6.5012e-06	0.0094265
183.66	0.21859	546.74	0.0018290	0.96641	0.97762	5.5074	37.596	68.807	1198.9	-0.36536	0.00014626	0.16447	0.013945	4.2594	0.23477	12.461	13.900	75.872	27.734	38.382	258.26	34.784	6.5291e-06	0.0094993
184.43	0.22700	545.58	0.0018329	1.0191	1.0308	5.7940	37.562	68.881	1192.9	-0.36199	0.00014489	0.16368	0.013818	4.4119	0.22666	12.475	13.919	75.677	27.797	38.516	258.51	34.468	6.5562e-06	0.0095706
185.17	0.23540	544.45	0.0018367	1.0704	1.0826	6.0717	37.529	68.955	1187.1	-0.35866	0.00014358	0.16291	0.013694	4.5640	0.21910	12.490	13.937	75.488	27.859	38.648	258.74	34.166	6.5827e-06	0.0096405
185.90	0.24380	543.34	0.0018405	1.1204	1.1330	6.3413	37.498	69.029	1181.5	-0.35534	0.00014232	0.16216	0.013575	4.7159	0.21205	12.503	13.954	75.307	27.920	38.779	258.96	33.876	6.6085e-06	0.0097091
186.61	0.25221	542.26	0.0018441	1.1691	1.1822	6.6031	37.469	69.104	1176.0	-0.35205	0.00014111	0.16143	0.013458	4.8676	0.20544	12.517	13.970	75.131	27.980	38.910	259.17	33.598	6.6338e-06	0.0097765
187.30	0.26061	541.21	0.0018477	1.2167	1.2302	6.8576	37.441	69.178	1170.6	-0.34878	0.00013994	0.16073	0.013344	5.0190	0.19924	12.530	13.986	74.962	28.040	39.039	259.37	33.331	6.6586e-06	0.0098427
187.98	0.26901	540.18	0.0018513	1.2632	1.2771	7.1054	37.415	69.253	1165.3	-0.34554	0.00013881	0.16004	0.013233	5.1703	0.19341	12.542	14.002	74.798	28.099	39.167	259.56	33.074	6.6828e-06	0.0099078
188.64	0.27741	539.16	0.0018547	1.3086	1.3230	7.3468	37.390	69.328	1160.2	-0.34231	0.00013771	0.15936	0.013125	5.3213	0.18792	12.554	14.017	74.639	28.157	39.294	259.74	32.826	6.7066e-06	0.0099719
189.28	0.28582	538.17	0.0018581	1.3530	1.3679	7.5821	37.366	69.403	1155.1	-0.33909	0.00013666	0.15871	0.013020	5.4722	0.18274	12.566	14.031	74.485	28.214	39.421	259.91	32.587	6.7299e-06	0.010035
189.91	0.29422	537.20	0.0018615	1.3965	1.4119	7.8117	37.343	69.478	1150.2	-0.33590	0.00013564	0.15806	0.012916	5.6228	0.17785	12.578	14.045	74.335	28.271	39.547	260.07	32.357	6.7528e-06	0.010097
190.53	0.30262	536.24	0.0018648	1.4392	1.4550	8.0359	37.322	69.553	1145.3	-0.33272	0.00013464	0.15744	0.012816	5.7733	0.17321	12.589	14.059	74.190	28.327	39.672	260.22	32.134	6.7753e-06	0.010158
191.13	0.31103	535.31	0.0018681	1.4809	1.4972	8.2550	37.301	69.629	1140.6	-0.32955	0.00013368	0.15682	0.012717	5.9237	0.16881	12.600	14.072	74.048	28.383	39.796	260.36	31.919	6.7974e-06	0.010219
191.73	0.31943	534.38	0.0018713	1.5219	1.5387	8.4692	37.282	69.704	1135.9	-0.32640	0.00013275	0.15622	0.012620	6.0739	0.16464	12.610	14.085	73.910	28.438	39.920	260.50	31.710	6.8191e-06	0.010278
192.31	0.32783	533.48	0.0018745	1.5621	1.5794	8.6788	37.263	69.780	1131.3	-0.32326	0.00013184	0.15563	0.012526	6.2240	0.16067	12.620	14.098	73.776	28.492	40.043	260.63	31.508	6.8405e-06	0.010337
192.88	0.33623	532.59	0.0018776	1.6016	1.6193	8.8840	37.246	69.855	1126.8	-0.32013	0.00013096	0.15506	0.012433	6.3740	0.15689	12.630	14.110	73.646	28.546	40.165	260.75	31.312	6.8616e-06	0.010395
193.43	0.34464	531.71	0.0018807	1.6404	1.6586	9.0850	37.229	69.931	1122.4	-0.31701	0.00013010	0.15449	0.012342	6.5238	0.15328	12.640	14.122	73.518	28.599	40.287	260.87	31.122	6.8824e-06	0.010453
193.98	0.35304	530.85	0.0018838	1.6785	1.6972	9.2819	37.213	70.007	1118.1	-0.31391	0.00012926	0.15393	0.012253	6.6736	0.14984	12.650	14.134	73.394	28.652	40.409	260.98	30.938	6.9029e-06	0.010509
194.52	0.36144	529.99	0.0018868	1.7160	1.7351	9.4750	37.198	70.083	1113.8	-0.31081	0.00012845	0.15339	0.012166	6.8233	0.14656	12.659	14.145	73.272	28.705	40.530	261.09	30.758	6.9231e-06	0.010566
195.05	0.36985	529.16	0.0018898	1.7529	1.7725	9.6644	37.183	70.159	1109.6	-0.30773	0.00012766	0.15286	0.012080	6.9728	0.14341	12.668	14.156	73.154	28.757	40.650	261.19	30.584	6.9430e-06	0.010621
195.57	0.37825	528.33	0.0018928	1.7892	1.8092	9.8504	37.169	70.235	1105.4	-0.30465	0.00012688	0.15233	0.011996	7.1223	0.14040	12.677	14.167	73.038	28.808	40.770	261.28	30.414	6.9627e-06	0.010676
196.09	0.38665	527.52	0.0018957	1.8249	1.8454	10.033	37.156	70.311	1101.3	-0.30158	0.00012612	0.15181	0.011913	7.2717	0.13752	12.686	14.178	72.924	28.859	40.890	261.37	30.249	6.9821e-06	0.010730
196.59	0.39505	526.71	0.0018986	1.8601	1.8811	10.212	37.144	70.387	1097.3	-0.29852	0.00012538	0.15131	0.011831	7.4211	0.13475	12.694	14.188	72.813	28.910	41.009	261.46	30.088	7.0013e-06	0.010784
197.09	0.40346	525.92	0.0019014	1.8947	1.9162	10.388	37.132	70.464	1093.3	-0.29547	0.00012466	0.15081	0.011751	7.5704	0.13209	12.703	14.198	72.704	28.960	41.128	261.54	29.932	7.0203e-06	0.010837
197.58	0.41186	525.14	0.0019043	1.9289	1.9509	10.562	37.120	70.540	1089.4	-0.29242	0.00012395	0.15032	0.011673	7.7196	0.12954	12.711	14.208	72.597	29.010	41.246	261.61	29.779	7.0391e-06	0.010890
198.06	0.42026	524.36	0.0019071	1.9625	1.9850	10.732	37.110	70.617	1085.6	-0.28938	0.00012326	0.14983	0.011595	7.8688	0.12708	12.719	14.217	72.493	29.060	41.364	261.68	29.630	7.0576e-06	0.010942
198.53	0.42866	523.60	0.0019099	1.9957	2.0187	10.900	37.099	70.693	1081.8	-0.28634	0.00012259	0.14936	0.011519	8.0179	0.12472	12.727	14.227	72.391	29.109	41.482	261.75	29.484	7.0759e-06	0.010994
199.00	0.43707	522.85	0.0019126	2.0285	2.0519	11.064	37.089	70.770	1078.0	-0.28332	0.00012192	0.14889	0.011444	8.1670	0.12244	12.734	14.236	72.290	29.158	41.600	261.82	29.342	7.0941e-06	0.011045
199.46	0.44547	522.10	0.0019153	2.0608	2.0847	11.227	37.080	70.847	1074.3	-0.28029	0.00012127	0.14843	0.011370	8.3161	0.12025	12.742	14.245	72.191	29.206	41.717	261.88	29.203	7.1121e-06	0.011096
199.91	0.45387	521.36	0.0019181	2.0927	2.1171	11.387	37.071	70.924	1070.6	-0.27727	0.00012064	0.14797	0.011297	8.4651	0.11813	12.749	14.253	72.094	29.254	41.834	261.93	29.067	7.1299e-06	0.011147
200.36	0.46228	520.63	0.0019207	2.1241	2.1491	11.544	37.063	71.001	1067.0	-0.27426	0.00012001	0.14753	0.011225	8.6141	0.11609	12.756	14.262	71.999	29.302	41.951	261.99	28.934	7.1475e-06	0.011197
200.80	0.47068	519.91	0.0019234	2.1552	2.1806	11.699	37.055	71.078	1063.5	-0.27125	0.00011940	0.14709	0.011154	8.7631	0.11411	12.764	14.270	71.906	29.350	42.067	262.04	28.805	7.1649e-06	0.011246
201.24	0.47908	519.20	0.0019260	2.1859	2.2118	11.852	37.047	71.155	1059.9	-0.26824	0.00011880	0.14665	0.011084	8.9121	0.11221	12.770	14.279	71.814	29.397	42.184	262.08	28.677	7.1822e-06	0.011295
201.67	0.48748	518.50	0.0019287	2.2163	2.2427	12.003	37.040	71.232	1056.4	-0.26524	0.00011821	0.14622	0.011016	9.0610	0.11036	12.777	14.287	71.724	29.444	42.300	262.13	28.553	7.1993e-06	0.011344
202.10	0.49589	517.80	0.0019313	2.2463	2.2731	12.152	37.034	71.310	1053.0	-0.26224	0.00011763	0.14580	0.010948	9.2100	0.10858	12.784	14.294	71.635	29.490	42.416	262.17	28.431	7.2163e-06	0.011393
202.52	0.50429	517.11	0.0019338	2.2759	2.3033	12.298	37.027	71.387	1049.6	-0.25924	0.00011706	0.14538	0.010881	9.3590	0.10685	12.791	14.302	71.548	29.537	42.532	262.20	28.312	7.2332e-06	0.011441
202.93	0.51269	516.42	0.0019364	2.3052	2.3330	12.443	37.021	71.465	1046.2	-0.25625	0.00011651	0.14497	0.010814	9.5079	0.10518	12.797	14.310	71.462	29.583	42.647	262.24	28.195	7.2499e-06	0.011489
203.34	0.52110	515.74	0.0019389	2.3342	2.3625	12.586	37.015	71.542	1042.9	-0.25326	0.00011596	0.14456	0.010749	9.6569	0.10355	12.803	14.317	71.377	29.629	42.763	262.27	28.080	7.2664e-06	0.011537
203.75	0.52950	515.07	0.0019415	2.3628	2.3916	12.727	37.010	71.620	1039.6	-0.25027	0.00011542	0.14416	0.010685	9.8058	0.10198	12.810	14.324	71.294	29.674	42.878	262.30	27.968	7.2829e-06	0.011584
204.15	0.53790	514.41	0.0019440	2.3911	2.4205	12.866	37.005	71.698	1036.3	-0.24728	0.00011489	0.14376	0.010621	9.9548	0.10045	12.816	14.332	71.212	29.719	42.993	262.33	27.858	7.2992e-06	0.011631
204.54	0.54630	513.75	0.0019465	2.4192	2.4490	13.003	37.000	71.776	1033.1	-0.24430	0.00011436	0.14337	0.010558	10.104	0.098972	12.822	14.339	71.131	29.765	43.108	262.35	27.749	7.3154e-06	0.011677
204.93	0.55471	513.10	0.0019489	2.4469	2.4773	13.139	36.996	71.854	1029.9	-0.24131	0.00011385	0.14298	0.010496	10.253	0.097534	12.828	14.345	71.051	29.809	43.223	262.37	27.643	7.3314e-06	0.011724
205.32	0.56311	512.45	0.0019514	2.4744	2.5052	13.273	36.992	71.932	1026.7	-0.23833	0.00011334	0.14260	0.010435	10.402	0.096136	12.833	14.352	70.972	29.854	43.338	262.39	27.539	7.3474e-06	0.011770
205.70	0.57151	511.81	0.0019539	2.5016	2.5329	13.406	36.988	72.011	1023.5	-0.23535	0.00011285	0.14222	0.010374	10.551	0.094778	12.839	14.359	70.895	29.898	43.453	262.41	27.436	7.3632e-06	0.011815
206.08	0.57991	511.17	0.0019563	2.5285	2.5603	13.537	36.985	72.089	1020.4	-0.23237	0.00011236	0.14185	0.010314	10.700	0.093458	12.845	14.365	70.819	29.943	43.568	262.42	27.336	7.3789e-06	0.011861
206.46	0.58832	510.54	0.0019587	2.5552	2.5875	13.666	36.981	72.168	1017.4	-0.22939	0.00011187	0.14148	0.010255	10.849	0.092173	12.850	14.371	70.743	29.987	43.683	262.44	27.237	7.3945e-06	0.011906
206.83	0.59672	509.92	0.0019611	2.5816	2.6144	13.794	36.978	72.246	1014.3	-0.22641	0.00011140	0.14111	0.010196	10.998	0.090923	12.856	14.378	70.669	30.030	43.798	262.45	27.140	7.4100e-06	0.011951
207.19	0.60512	509.30	0.0019635	2.6077	2.6410	13.920	36.976	72.325	1011.3	-0.22343	0.00011093	0.14075	0.010139	11.148	0.089706	12.861	14.384	70.596	30.074	43.912	262.45	27.044	7.4255e-06	0.011996
207.56	0.61353	508.68	0.0019659	2.6336	2.6675	14.046	36.973	72.404	1008.3	-0.22044	0.00011047	0.14039	0.010081	11.297	0.088521	12.866	14.390	70.523	30.117	44.027	262.46	26.951	7.4408e-06	0.012040
207.92	0.62193	508.07	0.0019682	2.6593	2.6936	14.169	36.971	72.483	1005.3	-0.21746	0.00011001	0.14004	0.010025	11.446	0.087366	12.871	14.396	70.452	30.160	44.141	262.47	26.858	7.4560e-06	0.012085
208.27	0.63033	507.46	0.0019706	2.6847	2.7196	14.292	36.969	72.562	1002.4	-0.21448	0.00010956	0.13969	0.0099685	11.595	0.086241	12.876	14.401	70.381	30.203	44.256	262.47	26.767	7.4711e-06	0.012129
208.62	0.63873	506.86	0.0019729	2.7099	2.7453	14.413	36.967	72.642	999.46	-0.21150	0.00010912	0.13934	0.0099130	11.745	0.085144	12.881	14.407	70.311	30.246	44.371	262.47	26.678	7.4862e-06	0.012173
208.97	0.64714	506.27	0.0019752	2.7349	2.7708	14.533	36.965	72.721	996.57	-0.20852	0.00010868	0.13900	0.0098582	11.894	0.084075	12.886	14.413	70.242	30.289	44.485	262.47	26.590	7.5011e-06	0.012216
209.32	0.65554	505.67	0.0019776	2.7597	2.7961	14.651	36.964	72.801	993.70	-0.20554	0.00010825	0.13866	0.0098038	12.044	0.083031	12.891	14.418	70.174	30.331	44.600	262.47	26.504	7.5160e-06	0.012260
209.66	0.66394	505.09	0.0019799	2.7843	2.8211	14.769	36.963	72.880	990.86	-0.20255	0.00010783	0.13832	0.0097500	12.193	0.082013	12.896	14.423	70.107	30.373	44.714	262.46	26.418	7.5308e-06	0.012303
210.00	0.67235	504.50	0.0019822	2.8086	2.8460	14.885	36.962	72.960	988.04	-0.19957	0.00010741	0.13799	0.0096968	12.343	0.081019	12.901	14.429	70.041	30.415	44.829	262.46	26.334	7.5455e-06	0.012346
210.34	0.68075	503.92	0.0019844	2.8328	2.8707	15.000	36.961	73.040	985.24	-0.19658	0.00010699	0.13766	0.0096441	12.492	0.080048	12.905	14.434	69.975	30.457	44.944	262.45	26.252	7.5601e-06	0.012389
210.67	0.68915	503.35	0.0019867	2.8567	2.8952	15.114	36.961	73.120	982.47	-0.19359	0.00010658	0.13733	0.0095919	12.642	0.079100	12.910	14.439	69.910	30.499	45.058	262.44	26.170	7.5746e-06	0.012431
211.00	0.69755	502.77	0.0019890	2.8805	2.9194	15.227	36.960	73.200	979.71	-0.19060	0.00010618	0.13701	0.0095402	12.792	0.078174	12.914	14.444	69.846	30.541	45.173	262.43	26.090	7.5891e-06	0.012474
211.33	0.70596	502.21	0.0019912	2.9041	2.9435	15.339	36.960	73.281	976.98	-0.18761	0.00010578	0.13669	0.0094890	12.942	0.077269	12.919	14.449	69.782	30.582	45.288	262.42	26.011	7.6035e-06	0.012516
211.65	0.71436	501.64	0.0019935	2.9275	2.9674	15.450	36.960	73.361	974.27	-0.18462	0.00010539	0.13637	0.0094383	13.092	0.076384	12.923	14.454	69.719	30.623	45.403	262.41	25.933	7.6178e-06	0.012558
211.97	0.72276	501.08	0.0019957	2.9507	2.9912	15.560	36.960	73.442	971.58	-0.18162	0.00010500	0.13606	0.0093881	13.242	0.075519	12.927	14.458	69.657	30.664	45.517	262.39	25.856	7.6321e-06	0.012600
212.29	0.73117	500.52	0.0019979	2.9737	3.0147	15.669	36.961	73.523	968.90	-0.17863	0.00010461	0.13575	0.0093383	13.392	0.074673	12.931	14.463	69.596	30.705	45.632	262.38	25.781	7.6463e-06	0.012642
212.61	0.73957	499.97	0.0020001	2.9966	3.0381	15.777	36.961	73.604	966.25	-0.17563	0.00010423	0.13544	0.0092890	13.542	0.073845	12.936	14.468	69.535	30.746	45.747	262.36	25.706	7.6604e-06	0.012684
212.92	0.74797	499.42	0.0020023	3.0193	3.0613	15.883	36.962	73.685	963.62	-0.17263	0.00010386	0.13513	0.0092401	13.692	0.073035	12.940	14.472	69.475	30.787	45.863	262.34	25.632	7.6745e-06	0.012725
213.24	0.75637	498.87	0.0020045	3.0418	3.0844	15.989	36.962	73.766	961.01	-0.16962	0.00010348	0.13483	0.0091917	13.842	0.072242	12.944	14.477	69.415	30.827	45.978	262.32	25.560	7.6885e-06	0.012766
213.54	0.76478	498.33	0.0020067	3.0642	3.1072	16.094	36.963	73.847	958.41	-0.16661	0.00010312	0.13453	0.0091437	13.993	0.071465	12.948	14.481	69.356	30.868	46.093	262.30	25.488	7.7024e-06	0.012807
213.85	0.77318	497.79	0.0020089	3.0864	3.1300	16.198	36.965	73.929	955.83	-0.16360	0.00010275	0.13423	0.0090961	14.143	0.070705	12.952	14.485	69.297	30.908	46.209	262.28	25.417	7.7163e-06	0.012848
214.15	0.78158	497.25	0.0020111	3.1084	3.1525	16.302	36.966	74.011	953.27	-0.16059	0.00010239	0.13393	0.0090489	14.294	0.069960	12.955	14.489	69.240	30.948	46.324	262.26	25.347	7.7301e-06	0.012889
214.46	0.78998	496.71	0.0020132	3.1303	3.1750	16.404	36.967	74.093	950.73	-0.15757	0.00010204	0.13364	0.0090021	14.444	0.069231	12.959	14.493	69.182	30.988	46.440	262.23	25.279	7.7439e-06	0.012930
214.75	0.79839	496.18	0.0020154	3.1521	3.1972	16.506	36.969	74.175	948.21	-0.15455	0.00010169	0.13335	0.0089557	14.595	0.068516	12.963	14.498	69.125	31.028	46.556	262.21	25.211	7.7576e-06	0.012971
215.05	0.80679	495.65	0.0020175	3.1737	3.2194	16.606	36.970	74.257	945.70	-0.15153	0.00010134	0.13306	0.0089098	14.746	0.067815	12.967	14.502	69.069	31.068	46.671	262.18	25.143	7.7712e-06	0.013011
215.35	0.81519	495.13	0.0020197	3.1951	3.2413	16.706	36.972	74.339	943.20	-0.14851	0.00010099	0.13278	0.0088642	14.897	0.067128	12.970	14.505	69.013	31.107	46.787	262.15	25.077	7.7848e-06	0.013052
215.64	0.82360	494.61	0.0020218	3.2164	3.2632	16.805	36.974	74.422	940.73	-0.14548	0.00010065	0.13249	0.0088189	15.048	0.066454	12.974	14.509	68.958	31.147	46.904	262.12	25.012	7.7984e-06	0.013092
215.93	0.83200	494.09	0.0020239	3.2376	3.2849	16.904	36.976	74.504	938.27	-0.14244	0.00010032	0.13221	0.0087741	15.199	0.065794	12.977	14.513	68.903	31.186	47.020	262.09	24.947	7.8119e-06	0.013132
216.22	0.84040	493.57	0.0020261	3.2587	3.3064	17.001	36.979	74.587	935.83	-0.13941	9.9982e-05	0.13193	0.0087296	15.350	0.065146	12.981	14.517	68.849	31.226	47.136	262.06	24.883	7.8253e-06	0.013172
216.50	0.84880	493.05	0.0020282	3.2795	3.3278	17.098	36.981	74.670	933.40	-0.13637	9.9652e-05	0.13165	0.0086854	15.502	0.064510	12.984	14.520	68.795	31.265	47.253	262.03	24.820	7.8387e-06	0.013212
216.79	0.85721	492.54	0.0020303	3.3003	3.3491	17.194	36.983	74.754	930.98	-0.13332	9.9325e-05	0.13138	0.0086416	15.653	0.063886	12.988	14.524	68.742	31.304	47.370	262.00	24.758	7.8520e-06	0.013251
217.07	0.86561	492.03	0.0020324	3.3209	3.3703	17.290	36.986	74.837	928.58	-0.13027	9.9001e-05	0.13111	0.0085982	15.804	0.063273	12.991	14.527	68.689	31.343	47.487	261.96	24.696	7.8653e-06	0.013291
217.35	0.87401	491.53	0.0020345	3.3415	3.3913	17.384	36.989	74.921	926.20	-0.12722	9.8680e-05	0.13084	0.0085551	15.956	0.062672	12.994	14.531	68.637	31.382	47.604	261.93	24.635	7.8786e-06	0.013331
217.63	0.88242	491.02	0.0020366	3.3618	3.4123	17.478	36.991	75.004	923.83	-0.12416	9.8362e-05	0.13057	0.0085123	16.108	0.062082	12.997	14.534	68.585	31.420	47.721	261.89	24.575	7.8918e-06	0.013370
217.90	0.89082	490.52	0.0020387	3.3821	3.4330	17.571	36.994	75.088	921.47	-0.12110	9.8048e-05	0.13030	0.0084698	16.260	0.061502	13.001	14.538	68.533	31.459	47.838	261.85	24.516	7.9050e-06	0.013409
218.18	0.89922	490.02	0.0020407	3.4022	3.4537	17.664	36.997	75.172	919.13	-0.11804	9.7736e-05	0.13004	0.0084277	16.412	0.060933	13.004	14.541	68.482	31.497	47.956	261.82	24.457	7.9181e-06	0.013449
218.45	0.90762	489.52	0.0020428	3.4223	3.4743	17.756	37.001	75.257	916.80	-0.11496	9.7427e-05	0.12977	0.0083859	16.564	0.060374	13.007	14.544	68.431	31.536	48.074	261.78	24.399	7.9312e-06	0.013488
218.72	0.91603	489.03	0.0020449	3.4422	3.4947	17.847	37.004	75.341	914.49	-0.11189	9.7121e-05	0.12951	0.0083444	16.716	0.059824	13.010	14.547	68.381	31.574	48.192	261.74	24.341	7.9442e-06	0.013527
218.99	0.92443	488.54	0.0020469	3.4619	3.5150	17.938	37.007	75.426	912.19	-0.10881	9.6818e-05	0.12925	0.0083032	16.868	0.059284	13.013	14.550	68.331	31.612	48.310	261.70	24.284	7.9572e-06	0.013566
219.25	0.93283	488.05	0.0020490	3.4816	3.5352	18.028	37.011	75.511	909.90	-0.10573	9.6517e-05	0.12900	0.0082623	17.020	0.058753	13.016	14.553	68.281	31.651	48.428	261.66	24.228	7.9702e-06	0.013605
219.52	0.94124	487.56	0.0020510	3.5012	3.5553	18.117	37.014	75.596	907.62	-0.10264	9.6220e-05	0.12874	0.0082217	17.173	0.058231	13.019	14.556	68.232	31.689	48.547	261.62	24.172	7.9831e-06	0.013643
219.78	0.94964	487.07	0.0020531	3.5206	3.5753	18.206	37.018	75.681	905.36	-0.099543	9.5925e-05	0.12849	0.0081813	17.325	0.057718	13.022	14.559	68.183	31.727	48.665	261.57	24.117	7.9960e-06	0.013682
220.04	0.95804	486.59	0.0020551	3.5400	3.5952	18.294	37.022	75.767	903.11	-0.096444	9.5632e-05	0.12823	0.0081413	17.478	0.057214	13.025	14.562	68.135	31.764	48.784	261.53	24.063	8.0088e-06	0.013721
220.30	0.96644	486.11	0.0020572	3.5592	3.6150	18.382	37.025	75.853	900.87	-0.093340	9.5342e-05	0.12798	0.0081016	17.631	0.056718	13.027	14.565	68.087	31.802	48.904	261.48	24.009	8.0216e-06	0.013759
220.56	0.97485	485.63	0.0020592	3.5783	3.6346	18.469	37.029	75.938	898.64	-0.090230	9.5055e-05	0.12774	0.0080621	17.784	0.056230	13.030	14.568	68.039	31.840	49.023	261.44	23.956	8.0344e-06	0.013798
220.82	0.98325	485.15	0.0020612	3.5974	3.6542	18.555	37.033	76.025	896.43	-0.087115	9.4770e-05	0.12749	0.0080229	17.937	0.055750	13.033	14.571	67.991	31.878	49.143	261.39	23.903	8.0471e-06	0.013836
221.07	0.99165	484.67	0.0020632	3.6163	3.6737	18.641	37.037	76.111	894.22	-0.083995	9.4487e-05	0.12724	0.0079840	18.090	0.055278	13.036	14.573	67.944	31.915	49.263	261.35	23.851	8.0599e-06	0.013874
221.33	1.0001	484.20	0.0020653	3.6351	3.6931	18.727	37.042	76.197	892.03	-0.080869	9.4207e-05	0.12700	0.0079453	18.244	0.054813	13.038	14.576	67.898	31.953	49.383	261.30	23.799	8.0725e-06	0.013912
221.58	1.0085	483.73	0.0020673	3.6538	3.7123	18.812	37.046	76.284	889.85	-0.077737	9.3929e-05	0.12676	0.0079069	18.397	0.054356	13.041	14.579	67.851	31.990	49.503	261.25	23.748	8.0852e-06	0.013951
221.83	1.0169	483.26	0.0020693	3.6725	3.7315	18.896	37.050	76.371	887.68	-0.074600	9.3653e-05	0.12652	0.0078688	18.551	0.053906	13.043	14.581	67.805	32.027	49.624	261.20	23.697	8.0978e-06	0.013989
222.08	1.0253	482.79	0.0020713	3.6910	3.7506	18.980	37.055	76.458	885.52	-0.071458	9.3380e-05	0.12628	0.0078309	18.705	0.053463	13.046	14.584	67.759	32.064	49.744	261.15	23.647	8.1104e-06	0.014027
222.33	1.0337	482.32	0.0020733	3.7094	3.7696	19.063	37.059	76.546	883.38	-0.068309	9.3108e-05	0.12604	0.0077933	18.859	0.053026	13.048	14.586	67.714	32.102	49.866	261.10	23.597	8.1229e-06	0.014065
222.57	1.0421	481.86	0.0020753	3.7278	3.7885	19.146	37.064	76.633	881.24	-0.065154	9.2839e-05	0.12581	0.0077559	19.013	0.052597	13.051	14.588	67.669	32.139	49.987	261.05	23.548	8.1354e-06	0.014102
222.82	1.0505	481.40	0.0020773	3.7461	3.8073	19.228	37.069	76.721	879.11	-0.061994	9.2572e-05	0.12557	0.0077188	19.167	0.052174	13.053	14.591	67.624	32.176	50.109	261.00	23.500	8.1479e-06	0.014140
223.06	1.0589	480.94	0.0020793	3.7642	3.8260	19.310	37.074	76.809	877.00	-0.058827	9.2307e-05	0.12534	0.0076819	19.321	0.051757	13.056	14.593	67.579	32.213	50.230	260.95	23.451	8.1604e-06	0.014178
223.30	1.0673	480.48	0.0020813	3.7823	3.8446	19.391	37.078	76.897	874.89	-0.055654	9.2045e-05	0.12511	0.0076452	19.475	0.051347	13.058	14.595	67.535	32.249	50.353	260.90	23.404	8.1728e-06	0.014216
223.54	1.0757	480.02	0.0020832	3.8003	3.8632	19.472	37.083	76.986	872.79	-0.052475	9.1784e-05	0.12488	0.0076088	19.630	0.050942	13.060	14.598	67.491	32.286	50.475	260.84	23.356	8.1852e-06	0.014253
223.78	1.0841	479.56	0.0020852	3.8182	3.8816	19.552	37.088	77.075	870.71	-0.049290	9.1525e-05	0.12465	0.0075726	19.785	0.050544	13.063	14.600	67.447	32.323	50.598	260.79	23.309	8.1976e-06	0.014291
224.02	1.0925	479.11	0.0020872	3.8360	3.9000	19.632	37.093	77.164	868.63	-0.046098	9.1268e-05	0.12442	0.0075366	19.940	0.050152	13.065	14.602	67.404	32.359	50.721	260.73	23.263	8.2100e-06	0.014328
224.26	1.1009	478.66	0.0020892	3.8538	3.9183	19.711	37.099	77.253	866.57	-0.042900	9.1013e-05	0.12419	0.0075009	20.095	0.049765	13.067	14.604	67.360	32.396	50.844	260.68	23.217	8.2223e-06	0.014366
224.49	1.1093	478.21	0.0020911	3.8714	3.9365	19.790	37.104	77.342	864.51	-0.039695	9.0760e-05	0.12397	0.0074654	20.250	0.049383	13.069	14.606	67.318	32.432	50.968	260.62	23.171	8.2346e-06	0.014403
224.73	1.1177	477.76	0.0020931	3.8890	3.9546	19.869	37.109	77.432	862.46	-0.036483	9.0509e-05	0.12375	0.0074301	20.405	0.049008	13.071	14.608	67.275	32.469	51.092	260.57	23.126	8.2469e-06	0.014441
224.96	1.1261	477.31	0.0020951	3.9065	3.9727	19.947	37.115	77.522	860.42	-0.033265	9.0260e-05	0.12352	0.0073950	20.560	0.048637	13.074	14.610	67.232	32.505	51.216	260.51	23.081	8.2591e-06	0.014478
225.19	1.1345	476.86	0.0020970	3.9239	3.9906	20.025	37.120	77.612	858.40	-0.030040	9.0012e-05	0.12330	0.0073601	20.716	0.048272	13.076	14.612	67.190	32.542	51.340	260.45	23.037	8.2714e-06	0.014515
225.42	1.1429	476.42	0.0020990	3.9412	4.0085	20.102	37.126	77.703	856.38	-0.026808	8.9766e-05	0.12308	0.0073254	20.872	0.047912	13.078	14.614	67.148	32.578	51.465	260.39	22.993	8.2836e-06	0.014553
225.65	1.1513	475.98	0.0021009	3.9585	4.0263	20.179	37.131	77.793	854.36	-0.023569	8.9522e-05	0.12287	0.0072910	21.028	0.047557	13.080	14.616	67.107	32.614	51.590	260.34	22.950	8.2958e-06	0.014590
225.88	1.1597	475.53	0.0021029	3.9757	4.0441	20.255	37.137	77.884	852.36	-0.020323	8.9280e-05	0.12265	0.0072567	21.184	0.047206	13.082	14.617	67.065	32.650	51.715	260.28	22.906	8.3079e-06	0.014627
226.10	1.1681	475.09	0.0021049	3.9928	4.0617	20.331	37.143	77.975	850.37	-0.017070	8.9039e-05	0.12243	0.0072227	21.340	0.046861	13.084	14.619	67.024	32.686	51.841	260.22	22.863	8.3201e-06	0.014664
226.33	1.1765	474.65	0.0021068	4.0098	4.0793	20.406	37.148	78.067	848.38	-0.013810	8.8800e-05	0.12222	0.0071888	21.496	0.046520	13.086	14.621	66.983	32.722	51.967	260.16	22.821	8.3322e-06	0.014701
226.55	1.1849	474.22	0.0021087	4.0268	4.0969	20.482	37.154	78.158	846.41	-0.010543	8.8563e-05	0.12201	0.0071552	21.653	0.046184	13.087	14.623	66.942	32.758	52.094	260.10	22.779	8.3443e-06	0.014738
226.78	1.1933	473.78	0.0021107	4.0437	4.1143	20.556	37.160	78.250	844.44	-0.0072679	8.8327e-05	0.12179	0.0071217	21.809	0.045852	13.089	14.624	66.902	32.794	52.220	260.03	22.737	8.3564e-06	0.014775
227.00	1.2017	473.35	0.0021126	4.0605	4.1317	20.631	37.166	78.343	842.48	-0.0039856	8.8093e-05	0.12158	0.0070885	21.966	0.045525	13.091	14.626	66.861	32.830	52.347	259.97	22.696	8.3684e-06	0.014812
227.22	1.2101	472.91	0.0021146	4.0772	4.1490	20.705	37.172	78.435	840.53	-0.00069593	8.7861e-05	0.12137	0.0070554	22.123	0.045202	13.093	14.628	66.821	32.866	52.475	259.91	22.655	8.3805e-06	0.014849
227.44	1.2185	472.48	0.0021165	4.0939	4.1662	20.779	37.178	78.528	838.59	0.0026014	8.7630e-05	0.12116	0.0070225	22.280	0.044883	13.095	14.629	66.781	32.901	52.603	259.85	22.614	8.3925e-06	0.014886
227.66	1.2269	472.05	0.0021184	4.1105	4.1834	20.852	37.185	78.621	836.65	0.0059063	8.7400e-05	0.12096	0.0069898	22.438	0.044568	13.097	14.631	66.742	32.937	52.731	259.78	22.574	8.4045e-06	0.014923
227.88	1.2353	471.62	0.0021204	4.1270	4.2005	20.925	37.191	78.714	834.72	0.0092189	8.7172e-05	0.12075	0.0069573	22.595	0.044258	13.098	14.632	66.702	32.973	52.859	259.72	22.534	8.4165e-06	0.014960
228.09	1.2437	471.19	0.0021223	4.1435	4.2176	20.997	37.197	78.808	832.80	0.012539	8.6946e-05	0.12054	0.0069250	22.753	0.043951	13.100	14.634	66.663	33.008	52.988	259.66	22.494	8.4285e-06	0.014997
228.31	1.2521	470.76	0.0021242	4.1599	4.2345	21.069	37.203	78.902	830.89	0.015868	8.6721e-05	0.12034	0.0068928	22.910	0.043648	13.102	14.635	66.624	33.044	53.117	259.59	22.454	8.4404e-06	0.015034
228.52	1.2605	470.34	0.0021261	4.1763	4.2514	21.141	37.210	78.996	828.99	0.019204	8.6497e-05	0.12013	0.0068608	23.068	0.043349	13.103	14.636	66.585	33.079	53.247	259.53	22.415	8.4523e-06	0.015070
228.74	1.2689	469.91	0.0021281	4.1925	4.2683	21.213	37.216	79.090	827.09	0.022548	8.6275e-05	0.11993	0.0068290	23.227	0.043054	13.105	14.638	66.546	33.115	53.377	259.46	22.376	8.4643e-06	0.015107
228.95	1.2773	469.49	0.0021300	4.2088	4.2851	21.284	37.223	79.185	825.20	0.025901	8.6054e-05	0.11973	0.0067974	23.385	0.042763	13.107	14.639	66.508	33.150	53.507	259.40	22.338	8.4762e-06	0.015144
229.16	1.2857	469.07	0.0021319	4.2249	4.3018	21.355	37.229	79.280	823.32	0.029261	8.5835e-05	0.11953	0.0067660	23.543	0.042475	13.108	14.640	66.470	33.185	53.638	259.33	22.300	8.4881e-06	0.015181
229.37	1.2942	468.65	0.0021338	4.2410	4.3185	21.425	37.236	79.375	821.44	0.032630	8.5617e-05	0.11933	0.0067347	23.702	0.042191	13.110	14.641	66.431	33.221	53.769	259.26	22.262	8.4999e-06	0.015217
229.58	1.3026	468.23	0.0021357	4.2570	4.3351	21.495	37.243	79.470	819.58	0.036007	8.5400e-05	0.11913	0.0067035	23.861	0.041910	13.111	14.643	66.394	33.256	53.900	259.19	22.224	8.5118e-06	0.015254
229.79	1.3110	467.81	0.0021376	4.2730	4.3516	21.565	37.249	79.566	817.72	0.039393	8.5185e-05	0.11894	0.0066726	24.020	0.041632	13.113	14.644	66.356	33.291	54.032	259.13	22.187	8.5236e-06	0.015291
229.99	1.3194	467.39	0.0021395	4.2889	4.3681	21.635	37.256	79.662	815.86	0.042787	8.4971e-05	0.11874	0.0066418	24.179	0.041358	13.114	14.645	66.318	33.326	54.164	259.06	22.150	8.5355e-06	0.015327
230.20	1.3278	466.97	0.0021415	4.3048	4.3845	21.704	37.263	79.759	814.02	0.046189	8.4758e-05	0.11854	0.0066112	24.338	0.041088	13.116	14.646	66.281	33.361	54.297	258.99	22.113	8.5473e-06	0.015364
230.41	1.3362	466.56	0.0021434	4.3205	4.4009	21.773	37.270	79.856	812.18	0.049601	8.4547e-05	0.11835	0.0065807	24.498	0.040820	13.117	14.647	66.244	33.397	54.430	258.92	22.077	8.5591e-06	0.015400
230.61	1.3446	466.14	0.0021453	4.3363	4.4172	21.841	37.277	79.953	810.34	0.053021	8.4336e-05	0.11816	0.0065504	24.657	0.040556	13.118	14.648	66.206	33.432	54.564	258.85	22.040	8.5709e-06	0.015437
230.81	1.3530	465.73	0.0021472	4.3520	4.4334	21.910	37.284	80.050	808.52	0.056449	8.4127e-05	0.11796	0.0065202	24.817	0.040294	13.120	14.649	66.170	33.467	54.698	258.78	22.004	8.5826e-06	0.015474
231.02	1.3614	465.32	0.0021491	4.3676	4.4496	21.978	37.291	80.148	806.70	0.059887	8.3920e-05	0.11777	0.0064902	24.977	0.040036	13.121	14.650	66.133	33.501	54.832	258.71	21.969	8.5944e-06	0.015510
231.22	1.3698	464.90	0.0021510	4.3831	4.4658	22.045	37.298	80.246	804.88	0.063333	8.3713e-05	0.11758	0.0064604	25.138	0.039781	13.123	14.651	66.096	33.536	54.967	258.64	21.933	8.6062e-06	0.015547
231.42	1.3782	464.49	0.0021529	4.3986	4.4819	22.113	37.305	80.344	803.08	0.066789	8.3508e-05	0.11739	0.0064307	25.298	0.039529	13.124	14.652	66.060	33.571	55.102	258.57	21.898	8.6179e-06	0.015583
231.62	1.3866	464.08	0.0021548	4.4141	4.4979	22.180	37.312	80.442	801.28	0.070254	8.3303e-05	0.11720	0.0064012	25.459	0.039279	13.125	14.653	66.024	33.606	55.237	258.50	21.863	8.6296e-06	0.015620
231.82	1.3950	463.67	0.0021567	4.4295	4.5139	22.246	37.320	80.541	799.48	0.073727	8.3100e-05	0.11701	0.0063718	25.619	0.039033	13.126	14.654	65.987	33.641	55.373	258.43	21.828	8.6413e-06	0.015657
232.02	1.4034	463.27	0.0021586	4.4448	4.5298	22.313	37.327	80.641	797.70	0.077210	8.2898e-05	0.11683	0.0063425	25.780	0.038789	13.128	14.655	65.951	33.676	55.510	258.36	21.794	8.6531e-06	0.015693
232.21	1.4118	462.86	0.0021605	4.4601	4.5457	22.379	37.334	80.740	795.92	0.080703	8.2698e-05	0.11664	0.0063134	25.942	0.038548	13.129	14.656	65.916	33.710	55.647	258.28	21.760	8.6648e-06	0.015730
232.41	1.4202	462.45	0.0021624	4.4754	4.5615	22.445	37.342	80.840	794.14	0.084204	8.2498e-05	0.11645	0.0062845	26.103	0.038310	13.130	14.656	65.880	33.745	55.784	258.21	21.726	8.6764e-06	0.015766
232.61	1.4286	462.05	0.0021643	4.4906	4.5773	22.511	37.349	80.940	792.37	0.087716	8.2299e-05	0.11627	0.0062557	26.265	0.038074	13.131	14.657	65.844	33.780	55.922	258.14	21.692	8.6881e-06	0.015803
232.80	1.4370	461.65	0.0021662	4.5057	4.5930	22.576	37.357	81.041	790.61	0.091236	8.2102e-05	0.11609	0.0062270	26.426	0.037841	13.132	14.658	65.809	33.814	56.061	258.06	21.659	8.6998e-06	0.015839
233.00	1.4454	461.24	0.0021681	4.5208	4.6087	22.641	37.364	81.142	788.85	0.094767	8.1905e-05	0.11590	0.0061985	26.588	0.037611	13.133	14.658	65.774	33.849	56.199	257.99	21.625	8.7114e-06	0.015876
233.19	1.4538	460.84	0.0021699	4.5358	4.6243	22.706	37.372	81.243	787.10	0.098307	8.1710e-05	0.11572	0.0061701	26.750	0.037383	13.134	14.659	65.739	33.883	56.339	257.92	21.592	8.7231e-06	0.015912
233.38	1.4622	460.44	0.0021718	4.5508	4.6399	22.771	37.379	81.344	785.35	0.10186	8.1516e-05	0.11554	0.0061418	26.913	0.037157	13.136	14.660	65.704	33.918	56.478	257.84	21.559	8.7347e-06	0.015949
233.57	1.4706	460.04	0.0021737	4.5658	4.6555	22.835	37.387	81.446	783.61	0.10542	8.1322e-05	0.11536	0.0061137	27.075	0.036934	13.137	14.660	65.669	33.952	56.619	257.77	21.527	8.7464e-06	0.015986
233.76	1.4790	459.64	0.0021756	4.5807	4.6709	22.899	37.395	81.549	781.88	0.10899	8.1130e-05	0.11518	0.0060857	27.238	0.036713	13.138	14.661	65.634	33.987	56.759	257.69	21.494	8.7580e-06	0.016022
233.95	1.4874	459.24	0.0021775	4.5955	4.6864	22.963	37.403	81.651	780.15	0.11257	8.0939e-05	0.11500	0.0060578	27.401	0.036495	13.139	14.661	65.600	34.021	56.901	257.62	21.462	8.7696e-06	0.016059
234.14	1.4958	458.84	0.0021794	4.6103	4.7018	23.027	37.410	81.754	778.43	0.11616	8.0749e-05	0.11482	0.0060301	27.564	0.036279	13.140	14.662	65.565	34.056	57.042	257.54	21.430	8.7812e-06	0.016095
234.33	1.5042	458.45	0.0021813	4.6251	4.7171	23.090	37.418	81.857	776.71	0.11976	8.0559e-05	0.11464	0.0060025	27.727	0.036065	13.141	14.662	65.531	34.090	57.185	257.46	21.399	8.7928e-06	0.016132
234.52	1.5126	458.05	0.0021832	4.6398	4.7324	23.153	37.426	81.961	775.00	0.12337	8.0371e-05	0.11447	0.0059751	27.891	0.035854	13.141	14.663	65.497	34.125	57.327	257.39	21.367	8.8044e-06	0.016168
234.71	1.5210	457.65	0.0021851	4.6544	4.7477	23.216	37.434	82.065	773.29	0.12699	8.0184e-05	0.11429	0.0059477	28.055	0.035645	13.142	14.663	65.463	34.159	57.470	257.31	21.336	8.8160e-06	0.016205
234.89	1.5294	457.26	0.0021869	4.6691	4.7629	23.278	37.442	82.169	771.59	0.13062	7.9997e-05	0.11411	0.0059205	28.219	0.035438	13.143	14.664	65.429	34.193	57.614	257.23	21.304	8.8276e-06	0.016242
235.08	1.5378	456.87	0.0021888	4.6836	4.7781	23.341	37.450	82.274	769.90	0.13426	7.9812e-05	0.11394	0.0058934	28.383	0.035233	13.144	14.664	65.395	34.227	57.759	257.16	21.273	8.8392e-06	0.016278
235.26	1.5462	456.47	0.0021907	4.6981	4.7932	23.403	37.458	82.379	768.21	0.13791	7.9627e-05	0.11377	0.0058665	28.547	0.035030	13.145	14.665	65.361	34.262	57.903	257.08	21.243	8.8507e-06	0.016315
235.45	1.5546	456.08	0.0021926	4.7126	4.8083	23.465	37.466	82.485	766.52	0.14157	7.9444e-05	0.11359	0.0058397	28.712	0.034829	13.146	14.665	65.328	34.296	58.049	257.00	21.212	8.8623e-06	0.016352
235.63	1.5630	455.69	0.0021945	4.7271	4.8233	23.526	37.474	82.591	764.84	0.14525	7.9261e-05	0.11342	0.0058129	28.876	0.034630	13.147	14.665	65.294	34.330	58.195	256.92	21.182	8.8739e-06	0.016388
235.81	1.5714	455.30	0.0021964	4.7415	4.8383	23.588	37.483	82.697	763.17	0.14893	7.9079e-05	0.11325	0.0057864	29.041	0.034434	13.147	14.665	65.261	34.364	58.341	256.84	21.151	8.8854e-06	0.016425
236.00	1.5798	454.91	0.0021983	4.7558	4.8533	23.649	37.491	82.804	761.50	0.15263	7.8898e-05	0.11308	0.0057599	29.207	0.034239	13.148	14.666	65.228	34.398	58.488	256.77	21.121	8.8970e-06	0.016462
236.18	1.5883	454.52	0.0022001	4.7701	4.8682	23.710	37.499	82.911	759.83	0.15633	7.8718e-05	0.11291	0.0057335	29.372	0.034046	13.149	14.666	65.195	34.433	58.636	256.69	21.092	8.9085e-06	0.016499
236.36	1.5967	454.13	0.0022020	4.7844	4.8830	23.771	37.507	83.018	758.17	0.16005	7.8539e-05	0.11274	0.0057073	29.538	0.033855	13.150	14.666	65.162	34.467	58.784	256.61	21.062	8.9200e-06	0.016535
236.54	1.6051	453.74	0.0022039	4.7986	4.8979	23.831	37.516	83.126	756.52	0.16378	7.8361e-05	0.11257	0.0056812	29.704	0.033666	13.150	14.666	65.129	34.501	58.932	256.53	21.032	8.9316e-06	0.016572
236.72	1.6135	453.35	0.0022058	4.8128	4.9127	23.892	37.524	83.234	754.86	0.16752	7.8183e-05	0.11240	0.0056552	29.870	0.033479	13.151	14.666	65.096	34.535	59.082	256.45	21.003	8.9431e-06	0.016609
236.90	1.6219	452.97	0.0022077	4.8270	4.9274	23.952	37.533	83.343	753.22	0.17127	7.8006e-05	0.11223	0.0056293	30.036	0.033293	13.152	14.667	65.063	34.569	59.231	256.37	20.974	8.9546e-06	0.016646
237.07	1.6303	452.58	0.0022096	4.8411	4.9421	24.012	37.541	83.452	751.58	0.17503	7.7831e-05	0.11206	0.0056035	30.202	0.033110	13.152	14.667	65.031	34.603	59.382	256.29	20.945	8.9662e-06	0.016683
237.25	1.6387	452.19	0.0022114	4.8552	4.9568	24.071	37.550	83.561	749.94	0.17880	7.7656e-05	0.11190	0.0055779	30.369	0.032928	13.153	14.667	64.998	34.637	59.533	256.21	20.916	8.9777e-06	0.016719
237.43	1.6471	451.81	0.0022133	4.8692	4.9715	24.131	37.558	83.671	748.31	0.18259	7.7481e-05	0.11173	0.0055523	30.536	0.032748	13.154	14.667	64.966	34.671	59.685	256.12	20.888	8.9892e-06	0.016756
237.60	1.6555	451.42	0.0022152	4.8832	4.9861	24.190	37.567	83.781	746.68	0.18638	7.7308e-05	0.11157	0.0055269	30.703	0.032570	13.154	14.667	64.934	34.705	59.837	256.04	20.859	9.0007e-06	0.016793
237.78	1.6639	451.04	0.0022171	4.8971	5.0006	24.249	37.575	83.892	745.06	0.19019	7.7135e-05	0.11140	0.0055016	30.871	0.032393	13.155	14.667	64.902	34.739	59.990	255.96	20.831	9.0122e-06	0.016830
237.95	1.6723	450.66	0.0022190	4.9110	5.0151	24.308	37.584	84.003	743.44	0.19401	7.6964e-05	0.11124	0.0054764	31.038	0.032218	13.155	14.667	64.869	34.773	60.143	255.88	20.803	9.0237e-06	0.016867
238.13	1.6807	450.28	0.0022209	4.9249	5.0296	24.367	37.593	84.114	741.83	0.19785	7.6793e-05	0.11107	0.0054512	31.206	0.032045	13.156	14.667	64.837	34.807	60.297	255.80	20.775	9.0353e-06	0.016904
238.30	1.6891	449.89	0.0022227	4.9388	5.0441	24.425	37.602	84.226	740.22	0.20169	7.6622e-05	0.11091	0.0054262	31.374	0.031873	13.156	14.667	64.806	34.841	60.452	255.72	20.747	9.0468e-06	0.016941
238.47	1.6975	449.51	0.0022246	4.9526	5.0585	24.483	37.610	84.338	738.62	0.20555	7.6453e-05	0.11075	0.0054014	31.543	0.031703	13.157	14.667	64.774	34.875	60.607	255.63	20.719	9.0583e-06	0.016978
238.65	1.7059	449.13	0.0022265	4.9663	5.0729	24.541	37.619	84.451	737.02	0.20942	7.6284e-05	0.11059	0.0053766	31.711	0.031535	13.157	14.667	64.742	34.909	60.763	255.55	20.691	9.0698e-06	0.017015
238.82	1.7143	448.75	0.0022284	4.9801	5.0872	24.599	37.628	84.564	735.42	0.21330	7.6116e-05	0.11043	0.0053519	31.880	0.031368	13.158	14.666	64.710	34.942	60.920	255.47	20.664	9.0813e-06	0.017052
238.99	1.7227	448.37	0.0022303	4.9938	5.1016	24.657	37.637	84.678	733.83	0.21719	7.5949e-05	0.11027	0.0053273	32.049	0.031202	13.158	14.666	64.679	34.976	61.077	255.38	20.637	9.0928e-06	0.017090
239.16	1.7311	447.99	0.0022322	5.0074	5.1158	24.715	37.646	84.792	732.25	0.22109	7.5782e-05	0.11011	0.0053028	32.218	0.031038	13.159	14.666	64.647	35.010	61.235	255.30	20.610	9.1043e-06	0.017127
239.33	1.7395	447.62	0.0022341	5.0211	5.1301	24.772	37.655	84.907	730.66	0.22501	7.5616e-05	0.10995	0.0052784	32.388	0.030876	13.159	14.666	64.616	35.044	61.393	255.22	20.583	9.1158e-06	0.017164
239.50	1.7479	447.24	0.0022359	5.0346	5.1443	24.829	37.664	85.022	729.08	0.22894	7.5451e-05	0.10979	0.0052542	32.558	0.030715	13.160	14.666	64.585	35.078	61.553	255.13	20.556	9.1273e-06	0.017201
239.67	1.7563	446.86	0.0022378	5.0482	5.1585	24.886	37.673	85.137	727.51	0.23289	7.5286e-05	0.10963	0.0052300	32.728	0.030555	13.160	14.665	64.554	35.112	61.712	255.05	20.529	9.1388e-06	0.017239
239.83	1.7647	446.48	0.0022397	5.0617	5.1726	24.943	37.682	85.253	725.94	0.23684	7.5123e-05	0.10947	0.0052059	32.898	0.030397	13.160	14.665	64.523	35.146	61.873	254.96	20.503	9.1503e-06	0.017276
240.00	1.7731	446.11	0.0022416	5.0752	5.1867	25.000	37.691	85.369	724.37	0.24081	7.4960e-05	0.10932	0.0051819	33.068	0.030240	13.161	14.665	64.492	35.179	62.034	254.88	20.476	9.1618e-06	0.017313
240.17	1.7815	445.73	0.0022435	5.0887	5.2008	25.056	37.700	85.486	722.81	0.24479	7.4797e-05	0.10916	0.0051581	33.239	0.030085	13.161	14.665	64.461	35.213	62.196	254.79	20.450	9.1733e-06	0.017351
240.33	1.7899	445.36	0.0022454	5.1021	5.2148	25.112	37.709	85.604	721.25	0.24879	7.4636e-05	0.10901	0.0051343	33.410	0.029931	13.161	14.664	64.430	35.247	62.359	254.71	20.424	9.1848e-06	0.017388
240.50	1.7983	444.98	0.0022473	5.1155	5.2289	25.168	37.719	85.721	719.70	0.25280	7.4474e-05	0.10885	0.0051106	33.581	0.029779	13.162	14.664	64.399	35.281	62.522	254.62	20.398	9.1963e-06	0.017426
240.67	1.8067	444.61	0.0022492	5.1288	5.2428	25.224	37.728	85.840	718.15	0.25682	7.4314e-05	0.10870	0.0050870	33.753	0.029627	13.162	14.663	64.368	35.315	62.687	254.53	20.372	9.2078e-06	0.017463
240.83	1.8151	444.23	0.0022511	5.1422	5.2568	25.280	37.737	85.958	716.60	0.26085	7.4154e-05	0.10854	0.0050635	33.924	0.029477	13.162	14.663	64.338	35.348	62.851	254.45	20.346	9.2193e-06	0.017501
240.99	1.8235	443.86	0.0022530	5.1555	5.2707	25.336	37.747	86.078	715.06	0.26490	7.3995e-05	0.10839	0.0050401	34.096	0.029329	13.162	14.663	64.307	35.382	63.017	254.36	20.320	9.2308e-06	0.017539
241.16	1.8319	443.49	0.0022548	5.1687	5.2846	25.391	37.756	86.197	713.52	0.26896	7.3837e-05	0.10823	0.0050168	34.268	0.029181	13.162	14.662	64.277	35.416	63.183	254.28	20.295	9.2423e-06	0.017576
241.32	1.8403	443.12	0.0022567	5.1820	5.2985	25.446	37.765	86.318	711.98	0.27304	7.3679e-05	0.10808	0.0049936	34.441	0.029035	13.163	14.662	64.246	35.450	63.350	254.19	20.270	9.2538e-06	0.017614
241.48	1.8487	442.74	0.0022586	5.1952	5.3123	25.501	37.775	86.438	710.45	0.27713	7.3522e-05	0.10793	0.0049705	34.614	0.028890	13.163	14.661	64.216	35.484	63.518	254.10	20.244	9.2653e-06	0.017652
241.65	1.8571	442.37	0.0022605	5.2083	5.3261	25.556	37.784	86.560	708.93	0.28123	7.3365e-05	0.10778	0.0049474	34.787	0.028747	13.163	14.661	64.186	35.517	63.687	254.01	20.219	9.2769e-06	0.017690
241.81	1.8655	442.00	0.0022624	5.2215	5.3399	25.611	37.794	86.681	707.40	0.28535	7.3209e-05	0.10763	0.0049245	34.960	0.028604	13.163	14.660	64.155	35.551	63.856	253.93	20.194	9.2884e-06	0.017728
241.97	1.8739	441.63	0.0022643	5.2346	5.3536	25.666	37.803	86.803	705.88	0.28948	7.3054e-05	0.10748	0.0049017	35.133	0.028463	13.163	14.660	64.125	35.585	64.026	253.84	20.169	9.2999e-06	0.017766
242.13	1.8823	441.26	0.0022662	5.2476	5.3673	25.720	37.813	86.926	704.37	0.29363	7.2899e-05	0.10733	0.0048789	35.307	0.028323	13.163	14.659	64.095	35.619	64.197	253.75	20.144	9.3114e-06	0.017804
242.29	1.8908	440.89	0.0022681	5.2607	5.3810	25.774	37.823	87.050	702.85	0.29778	7.2745e-05	0.10718	0.0048562	35.481	0.028184	13.163	14.658	64.065	35.653	64.369	253.66	20.120	9.3230e-06	0.017842
242.45	1.8992	440.52	0.0022700	5.2737	5.3947	25.828	37.832	87.173	701.34	0.30196	7.2591e-05	0.10703	0.0048336	35.655	0.028046	13.164	14.658	64.035	35.686	64.541	253.58	20.095	9.3345e-06	0.017880
242.61	1.9076	440.15	0.0022719	5.2867	5.4083	25.882	37.842	87.298	699.84	0.30615	7.2438e-05	0.10688	0.0048111	35.830	0.027910	13.164	14.657	64.006	35.720	64.715	253.49	20.071	9.3460e-06	0.017918
242.76	1.9160	439.79	0.0022738	5.2997	5.4219	25.936	37.852	87.423	698.33	0.31035	7.2286e-05	0.10673	0.0047887	36.005	0.027774	13.164	14.657	63.976	35.754	64.889	253.40	20.046	9.3576e-06	0.017956
242.92	1.9244	439.42	0.0022757	5.3126	5.4355	25.990	37.862	87.548	696.83	0.31457	7.2134e-05	0.10658	0.0047664	36.180	0.027640	13.164	14.656	63.946	35.788	65.064	253.31	20.022	9.3691e-06	0.017995
243.08	1.9328	439.05	0.0022776	5.3255	5.4490	26.044	37.871	87.674	695.34	0.31880	7.1983e-05	0.10644	0.0047442	36.355	0.027507	13.164	14.655	63.916	35.822	65.239	253.22	19.998	9.3807e-06	0.018033
243.24	1.9412	438.68	0.0022796	5.3384	5.4625	26.097	37.881	87.800	693.85	0.32305	7.1832e-05	0.10629	0.0047220	36.531	0.027374	13.164	14.654	63.887	35.855	65.416	253.13	19.974	9.3922e-06	0.018071
243.39	1.9496	438.32	0.0022815	5.3512	5.4760	26.150	37.891	87.928	692.36	0.32731	7.1682e-05	0.10614	0.0047000	36.706	0.027243	13.164	14.654	63.857	35.889	65.593	253.04	19.950	9.4038e-06	0.018110
243.55	1.9580	437.95	0.0022834	5.3641	5.4895	26.203	37.901	88.055	690.87	0.33159	7.1533e-05	0.10600	0.0046780	36.883	0.027113	13.164	14.653	63.828	35.923	65.772	252.95	19.926	9.4153e-06	0.018148
243.70	1.9664	437.58	0.0022853	5.3769	5.5029	26.256	37.911	88.183	689.39	0.33588	7.1384e-05	0.10585	0.0046561	37.059	0.026984	13.164	14.652	63.798	35.957	65.951	252.86	19.903	9.4269e-06	0.018187
243.86	1.9748	437.22	0.0022872	5.3896	5.5163	26.309	37.921	88.312	687.91	0.34018	7.1235e-05	0.10571	0.0046342	37.236	0.026856	13.163	14.651	63.769	35.991	66.131	252.77	19.879	9.4385e-06	0.018226
244.01	1.9832	436.85	0.0022891	5.4024	5.5297	26.362	37.931	88.441	686.43	0.34451	7.1087e-05	0.10556	0.0046125	37.413	0.026729	13.163	14.650	63.740	36.025	66.312	252.68	19.855	9.4500e-06	0.018264
244.17	1.9916	436.49	0.0022910	5.4151	5.5431	26.414	37.941	88.571	684.96	0.34885	7.0940e-05	0.10542	0.0045909	37.590	0.026603	13.163	14.650	63.710	36.059	66.493	252.59	19.832	9.4616e-06	0.018303
244.32	2.0000	436.12	0.0022929	5.4278	5.5564	26.467	37.951	88.702	683.49	0.35320	7.0793e-05	0.10527	0.0045693	37.768	0.026478	13.163	14.649	63.681	36.092	66.676	252.50	19.809	9.4732e-06	0.018342
244.47	2.0084	435.76	0.0022949	5.4404	5.5697	26.519	37.961	88.833	682.03	0.35757	7.0646e-05	0.10513	0.0045478	37.945	0.026354	13.163	14.648	63.652	36.126	66.860	252.41	19.785	9.4848e-06	0.018381
244.63	2.0168	435.39	0.0022968	5.4531	5.5830	26.571	37.972	88.965	680.56	0.36195	7.0501e-05	0.10499	0.0045264	38.124	0.026231	13.163	14.647	63.623	36.160	67.044	252.32	19.762	9.4964e-06	0.018420
244.78	2.0252	435.03	0.0022987	5.4657	5.5963	26.623	37.982	89.097	679.10	0.36636	7.0355e-05	0.10485	0.0045050	38.302	0.026108	13.163	14.646	63.594	36.194	67.230	252.23	19.739	9.5080e-06	0.018459
244.93	2.0336	434.67	0.0023006	5.4783	5.6095	26.675	37.992	89.230	677.65	0.37077	7.0210e-05	0.10470	0.0044838	38.481	0.025987	13.162	14.645	63.565	36.228	67.416	252.13	19.716	9.5196e-06	0.018498
245.08	2.0420	434.30	0.0023025	5.4909	5.6228	26.727	38.002	89.363	676.19	0.37521	7.0066e-05	0.10456	0.0044626	38.660	0.025867	13.162	14.644	63.536	36.262	67.603	252.04	19.693	9.5312e-06	0.018537
245.23	2.0504	433.94	0.0023045	5.5034	5.6359	26.778	38.013	89.497	674.74	0.37966	6.9922e-05	0.10442	0.0044415	38.839	0.025747	13.162	14.643	63.507	36.296	67.791	251.95	19.671	9.5429e-06	0.018577
245.38	2.0588	433.58	0.0023064	5.5159	5.6491	26.830	38.023	89.632	673.29	0.38412	6.9779e-05	0.10428	0.0044205	39.018	0.025629	13.162	14.642	63.478	36.330	67.981	251.86	19.648	9.5545e-06	0.018616
245.53	2.0672	433.21	0.0023083	5.5284	5.6623	26.881	38.033	89.767	671.85	0.38861	6.9636e-05	0.10414	0.0043995	39.198	0.025511	13.162	14.641	63.450	36.364	68.171	251.77	19.625	9.5661e-06	0.018656
245.68	2.0756	432.85	0.0023103	5.5409	5.6754	26.932	38.044	89.903	670.41	0.39311	6.9494e-05	0.10400	0.0043786	39.378	0.025395	13.161	14.640	63.421	36.398	68.362	251.67	19.603	9.5778e-06	0.018695
245.83	2.0840	432.49	0.0023122	5.5533	5.6885	26.983	38.054	90.040	668.97	0.39762	6.9352e-05	0.10386	0.0043578	39.559	0.025279	13.161	14.639	63.392	36.432	68.554	251.58	19.580	9.5895e-06	0.018735
245.98	2.0924	432.13	0.0023141	5.5657	5.7016	27.034	38.065	90.177	667.53	0.40216	6.9210e-05	0.10372	0.0043371	39.740	0.025164	13.161	14.638	63.364	36.466	68.747	251.49	19.558	9.6011e-06	0.018774
246.13	2.1008	431.77	0.0023161	5.5781	5.7146	27.085	38.075	90.315	666.10	0.40671	6.9069e-05	0.10358	0.0043165	39.921	0.025050	13.160	14.637	63.335	36.500	68.941	251.40	19.536	9.6128e-06	0.018814
246.27	2.1092	431.41	0.0023180	5.5905	5.7276	27.136	38.086	90.454	664.67	0.41127	6.8929e-05	0.10345	0.0042959	40.102	0.024936	13.160	14.636	63.306	36.534	69.136	251.30	19.514	9.6245e-06	0.018854
246.42	2.1176	431.05	0.0023199	5.6028	5.7407	27.186	38.096	90.593	663.24	0.41586	6.8789e-05	0.10331	0.0042754	40.284	0.024824	13.160	14.634	63.278	36.568	69.332	251.21	19.492	9.6362e-06	0.018894
246.57	2.1260	430.69	0.0023219	5.6152	5.7536	27.237	38.107	90.733	661.82	0.42046	6.8649e-05	0.10317	0.0042550	40.466	0.024712	13.159	14.633	63.250	36.602	69.529	251.12	19.469	9.6479e-06	0.018934
246.71	2.1344	430.33	0.0023238	5.6275	5.7666	27.287	38.118	90.874	660.39	0.42508	6.8510e-05	0.10303	0.0042346	40.648	0.024602	13.159	14.632	63.221	36.636	69.728	251.02	19.448	9.6596e-06	0.018974
246.86	2.1428	429.97	0.0023258	5.6397	5.7796	27.337	38.128	91.015	658.97	0.42972	6.8371e-05	0.10290	0.0042143	40.830	0.024492	13.158	14.631	63.193	36.670	69.927	250.93	19.426	9.6713e-06	0.019014
247.00	2.1512	429.61	0.0023277	5.6520	5.7925	27.388	38.139	91.157	657.56	0.43437	6.8233e-05	0.10276	0.0041941	41.013	0.024382	13.158	14.630	63.164	36.705	70.127	250.83	19.404	9.6830e-06	0.019054
247.15	2.1596	429.25	0.0023297	5.6642	5.8054	27.438	38.150	91.299	656.14	0.43904	6.8095e-05	0.10263	0.0041740	41.197	0.024274	13.158	14.628	63.136	36.739	70.328	250.74	19.382	9.6947e-06	0.019095
247.29	2.1680	428.89	0.0023316	5.6765	5.8183	27.487	38.161	91.443	654.73	0.44373	6.7958e-05	0.10249	0.0041539	41.380	0.024166	13.157	14.627	63.108	36.773	70.531	250.64	19.361	9.7065e-06	0.019135
247.44	2.1764	428.53	0.0023336	5.6886	5.8311	27.537	38.172	91.587	653.32	0.44844	6.7821e-05	0.10236	0.0041339	41.564	0.024059	13.157	14.626	63.080	36.807	70.734	250.55	19.339	9.7182e-06	0.019176
247.58	2.1848	428.17	0.0023355	5.7008	5.8440	27.587	38.183	91.731	651.92	0.45317	6.7685e-05	0.10222	0.0041140	41.748	0.023953	13.156	14.624	63.052	36.841	70.939	250.46	19.317	9.7300e-06	0.019216
247.73	2.1933	427.81	0.0023375	5.7130	5.8568	27.636	38.193	91.877	650.51	0.45791	6.7548e-05	0.10209	0.0040941	41.932	0.023848	13.156	14.623	63.023	36.876	71.145	250.36	19.296	9.7418e-06	0.019257
247.87	2.2017	427.45	0.0023394	5.7251	5.8696	27.686	38.204	92.023	649.11	0.46268	6.7413e-05	0.10195	0.0040743	42.117	0.023743	13.155	14.622	62.995	36.910	71.352	250.26	19.275	9.7536e-06	0.019298
248.01	2.2101	427.10	0.0023414	5.7372	5.8824	27.735	38.215	92.170	647.71	0.46746	6.7278e-05	0.10182	0.0040546	42.302	0.023639	13.155	14.620	62.967	36.944	71.560	250.17	19.253	9.7654e-06	0.019339
248.15	2.2185	426.74	0.0023434	5.7493	5.8951	27.784	38.226	92.318	646.32	0.47226	6.7143e-05	0.10169	0.0040350	42.488	0.023536	13.154	14.619	62.939	36.979	71.769	250.07	19.232	9.7772e-06	0.019380
248.30	2.2269	426.38	0.0023453	5.7614	5.9079	27.834	38.238	92.466	644.93	0.47708	6.7008e-05	0.10155	0.0040154	42.673	0.023434	13.154	14.618	62.911	37.013	71.979	249.98	19.211	9.7890e-06	0.019421
248.44	2.2353	426.02	0.0023473	5.7734	5.9206	27.883	38.249	92.615	643.53	0.48192	6.6874e-05	0.10142	0.0039959	42.860	0.023332	13.153	14.616	62.883	37.047	72.191	249.88	19.190	9.8008e-06	0.019462
248.58	2.2437	425.66	0.0023493	5.7854	5.9333	27.931	38.260	92.765	642.15	0.48678	6.6741e-05	0.10129	0.0039764	43.046	0.023231	13.152	14.615	62.855	37.082	72.403	249.79	19.169	9.8127e-06	0.019503
248.72	2.2521	425.31	0.0023512	5.7974	5.9460	27.980	38.271	92.916	640.76	0.49166	6.6608e-05	0.10116	0.0039570	43.233	0.023131	13.152	14.613	62.828	37.116	72.617	249.69	19.148	9.8245e-06	0.019545
248.86	2.2605	424.95	0.0023532	5.8094	5.9587	28.029	38.282	93.067	639.38	0.49656	6.6475e-05	0.10102	0.0039377	43.420	0.023031	13.151	14.612	62.800	37.151	72.832	249.59	19.127	9.8364e-06	0.019586
249.00	2.2689	424.59	0.0023552	5.8214	5.9713	28.078	38.294	93.219	638.00	0.50147	6.6342e-05	0.10089	0.0039185	43.607	0.022932	13.151	14.610	62.772	37.185	73.049	249.50	19.106	9.8482e-06	0.019628
249.14	2.2773	424.24	0.0023572	5.8334	5.9839	28.126	38.305	93.372	636.62	0.50641	6.6210e-05	0.10076	0.0038993	43.795	0.022834	13.150	14.609	62.744	37.220	73.266	249.40	19.085	9.8601e-06	0.019669
249.28	2.2857	423.88	0.0023592	5.8453	5.9966	28.174	38.316	93.526	635.24	0.51137	6.6079e-05	0.10063	0.0038802	43.983	0.022736	13.149	14.607	62.716	37.254	73.485	249.30	19.065	9.8720e-06	0.019711
249.42	2.2941	423.52	0.0023611	5.8572	6.0092	28.223	38.328	93.681	633.87	0.51635	6.5947e-05	0.10050	0.0038611	44.171	0.022639	13.149	14.606	62.689	37.289	73.705	249.21	19.044	9.8839e-06	0.019753
249.56	2.3025	423.17	0.0023631	5.8691	6.0217	28.271	38.339	93.836	632.49	0.52134	6.5817e-05	0.10037	0.0038421	44.360	0.022543	13.148	14.604	62.661	37.323	73.926	249.11	19.024	9.8959e-06	0.019795
249.69	2.3109	422.81	0.0023651	5.8810	6.0343	28.319	38.351	93.993	631.12	0.52636	6.5686e-05	0.10024	0.0038232	44.549	0.022447	13.147	14.602	62.633	37.358	74.149	249.01	19.003	9.9078e-06	0.019837
249.83	2.3193	422.46	0.0023671	5.8928	6.0468	28.367	38.362	94.150	629.76	0.53140	6.5556e-05	0.10011	0.0038043	44.739	0.022352	13.146	14.601	62.606	37.393	74.372	248.91	18.983	9.9197e-06	0.019879
249.97	2.3277	422.10	0.0023691	5.9047	6.0594	28.415	38.374	94.308	628.39	0.53646	6.5426e-05	0.099984	0.0037855	44.929	0.022258	13.146	14.599	62.578	37.427	74.598	248.82	18.962	9.9317e-06	0.019922
250.11	2.3361	421.74	0.0023711	5.9165	6.0719	28.463	38.385	94.466	627.03	0.54154	6.5297e-05	0.099855	0.0037668	45.119	0.022164	13.145	14.597	62.551	37.462	74.824	248.72	18.942	9.9437e-06	0.019964
250.24	2.3445	421.39	0.0023731	5.9283	6.0844	28.510	38.397	94.626	625.67	0.54664	6.5168e-05	0.099727	0.0037481	45.309	0.022071	13.144	14.596	62.523	37.497	75.052	248.62	18.921	9.9557e-06	0.020007
250.38	2.3529	421.03	0.0023751	5.9401	6.0968	28.558	38.409	94.786	624.31	0.55176	6.5039e-05	0.099599	0.0037295	45.500	0.021978	13.143	14.594	62.495	37.531	75.281	248.52	18.901	9.9677e-06	0.020049
250.52	2.3613	420.68	0.0023771	5.9518	6.1093	28.605	38.420	94.948	622.95	0.55690	6.4911e-05	0.099471	0.0037109	45.691	0.021886	13.143	14.592	62.468	37.566	75.511	248.42	18.881	9.9797e-06	0.020092
250.65	2.3697	420.32	0.0023791	5.9636	6.1217	28.653	38.432	95.110	621.60	0.56207	6.4783e-05	0.099344	0.0036924	45.883	0.021795	13.142	14.591	62.440	37.601	75.743	248.33	18.861	9.9917e-06	0.020135
250.79	2.3781	419.97	0.0023811	5.9753	6.1342	28.700	38.444	95.273	620.25	0.56725	6.4655e-05	0.099217	0.0036740	46.075	0.021704	13.141	14.589	62.413	37.636	75.976	248.23	18.841	1.0004e-05	0.020178
250.92	2.3865	419.61	0.0023832	5.9870	6.1466	28.747	38.456	95.437	618.90	0.57246	6.4528e-05	0.099090	0.0036556	46.267	0.021614	13.140	14.587	62.386	37.671	76.211	248.13	18.821	1.0016e-05	0.020221
251.06	2.3949	419.26	0.0023852	5.9987	6.1590	28.795	38.468	95.602	617.55	0.57769	6.4401e-05	0.098964	0.0036373	46.460	0.021524	13.139	14.585	62.358	37.706	76.447	248.03	18.801	1.0028e-05	0.020265
251.19	2.4033	418.90	0.0023872	6.0104	6.1713	28.842	38.480	95.767	616.20	0.58294	6.4275e-05	0.098838	0.0036191	46.653	0.021435	13.138	14.584	62.331	37.741	76.685	247.93	18.781	1.0040e-05	0.020308
251.32	2.4117	418.55	0.0023892	6.0221	6.1837	28.889	38.491	95.934	614.86	0.58822	6.4148e-05	0.098712	0.0036009	46.846	0.021346	13.137	14.582	62.303	37.776	76.923	247.83	18.761	1.0052e-05	0.020352
251.46	2.4201	418.19	0.0023912	6.0337	6.1961	28.935	38.503	96.102	613.52	0.59352	6.4022e-05	0.098587	0.0035827	47.040	0.021259	13.137	14.580	62.276	37.811	77.164	247.73	18.741	1.0064e-05	0.020395
251.59	2.4285	417.84	0.0023933	6.0453	6.2084	28.982	38.516	96.270	612.18	0.59883	6.3897e-05	0.098462	0.0035647	47.234	0.021171	13.136	14.578	62.249	37.846	77.406	247.63	18.721	1.0076e-05	0.020439
251.72	2.4369	417.48	0.0023953	6.0569	6.2207	29.029	38.528	96.440	610.84	0.60418	6.3772e-05	0.098337	0.0035467	47.429	0.021084	13.135	14.576	62.222	37.881	77.649	247.53	18.702	1.0089e-05	0.020483
251.86	2.4453	417.13	0.0023973	6.0685	6.2330	29.076	38.540	96.610	609.50	0.60954	6.3647e-05	0.098212	0.0035287	47.623	0.020998	13.134	14.574	62.194	37.916	77.894	247.43	18.682	1.0101e-05	0.020527
251.99	2.4537	416.77	0.0023994	6.0801	6.2453	29.122	38.552	96.782	608.17	0.61493	6.3522e-05	0.098088	0.0035108	47.819	0.020912	13.133	14.572	62.167	37.952	78.140	247.33	18.662	1.0113e-05	0.020571
252.12	2.4621	416.42	0.0024014	6.0917	6.2576	29.168	38.564	96.954	606.84	0.62034	6.3398e-05	0.097964	0.0034930	48.014	0.020827	13.132	14.570	62.140	37.987	78.388	247.23	18.643	1.0125e-05	0.020615
252.25	2.4705	416.06	0.0024035	6.1032	6.2698	29.215	38.576	97.127	605.51	0.62578	6.3274e-05	0.097840	0.0034752	48.210	0.020742	13.131	14.568	62.113	38.022	78.637	247.13	18.623	1.0137e-05	0.020660
252.38	2.4789	415.71	0.0024055	6.1148	6.2821	29.261	38.589	97.302	604.18	0.63124	6.3150e-05	0.097717	0.0034575	48.407	0.020658	13.130	14.566	62.085	38.057	78.888	247.03	18.604	1.0150e-05	0.020704
252.51	2.4873	415.36	0.0024076	6.1263	6.2943	29.307	38.601	97.477	602.85	0.63672	6.3027e-05	0.097594	0.0034398	48.604	0.020575	13.129	14.564	62.058	38.093	79.141	246.93	18.584	1.0162e-05	0.020749
252.65	2.4958	415.00	0.0024096	6.1378	6.3065	29.353	38.614	97.654	601.53	0.64223	6.2904e-05	0.097471	0.0034222	48.801	0.020491	13.128	14.562	62.031	38.128	79.395	246.83	18.565	1.0174e-05	0.020794
252.78	2.5042	414.65	0.0024117	6.1493	6.3187	29.400	38.626	97.831	600.20	0.64776	6.2781e-05	0.097348	0.0034046	48.998	0.020409	13.127	14.560	62.004	38.164	79.651	246.73	18.545	1.0186e-05	0.020839
252.91	2.5126	414.29	0.0024138	6.1608	6.3309	29.445	38.639	98.010	598.88	0.65331	6.2659e-05	0.097226	0.0033871	49.196	0.020327	13.126	14.558	61.977	38.199	79.908	246.63	18.526	1.0199e-05	0.020884
253.04	2.5210	413.94	0.0024158	6.1722	6.3431	29.491	38.651	98.189	597.56	0.65889	6.2537e-05	0.097104	0.0033697	49.395	0.020245	13.124	14.556	61.950	38.235	80.167	246.53	18.507	1.0211e-05	0.020929
253.16	2.5294	413.58	0.0024179	6.1837	6.3553	29.537	38.664	98.370	596.24	0.66450	6.2415e-05	0.096982	0.0033523	49.594	0.020164	13.123	14.554	61.923	38.270	80.428	246.42	18.487	1.0223e-05	0.020975
253.29	2.5378	413.23	0.0024200	6.1951	6.3674	29.583	38.676	98.551	594.93	0.67013	6.2293e-05	0.096861	0.0033350	49.793	0.020083	13.122	14.552	61.896	38.306	80.690	246.32	18.468	1.0236e-05	0.021020
253.42	2.5462	412.88	0.0024220	6.2065	6.3795	29.629	38.689	98.734	593.61	0.67578	6.2172e-05	0.096739	0.0033177	49.992	0.020003	13.121	14.550	61.868	38.341	80.954	246.22	18.449	1.0248e-05	0.021066
253.55	2.5546	412.52	0.0024241	6.2179	6.3917	29.674	38.702	98.918	592.30	0.68147	6.2051e-05	0.096618	0.0033005	50.192	0.019923	13.120	14.548	61.841	38.377	81.220	246.12	18.430	1.0260e-05	0.021112
253.68	2.5630	412.17	0.0024262	6.2293	6.4038	29.720	38.715	99.103	590.99	0.68717	6.1930e-05	0.096498	0.0032833	50.393	0.019844	13.119	14.546	61.814	38.413	81.487	246.02	18.411	1.0273e-05	0.021158
253.81	2.5714	411.81	0.0024283	6.2407	6.4159	29.765	38.727	99.289	589.68	0.69290	6.1810e-05	0.096377	0.0032662	50.594	0.019765	13.118	14.543	61.787	38.449	81.757	245.92	18.391	1.0285e-05	0.021204
253.93	2.5798	411.46	0.0024304	6.2521	6.4280	29.810	38.740	99.476	588.37	0.69866	6.1690e-05	0.096257	0.0032491	50.795	0.019687	13.116	14.541	61.760	38.484	82.028	245.81	18.372	1.0298e-05	0.021250
254.06	2.5882	411.10	0.0024325	6.2634	6.4400	29.856	38.753	99.664	587.07	0.70445	6.1570e-05	0.096137	0.0032321	50.997	0.019609	13.115	14.539	61.733	38.520	82.301	245.71	18.353	1.0310e-05	0.021297
254.19	2.5966	410.75	0.0024346	6.2748	6.4521	29.901	38.766	99.853	585.76	0.71026	6.1451e-05	0.096018	0.0032152	51.199	0.019532	13.114	14.537	61.706	38.556	82.575	245.61	18.334	1.0323e-05	0.021344
254.31	2.6050	410.40	0.0024367	6.2861	6.4642	29.946	38.779	100.04	584.46	0.71609	6.1331e-05	0.095898	0.0031983	51.401	0.019455	13.113	14.534	61.679	38.592	82.852	245.50	18.315	1.0335e-05	0.021390
254.44	2.6134	410.04	0.0024388	6.2974	6.4762	29.991	38.792	100.24	583.16	0.72196	6.1212e-05	0.095779	0.0031814	51.604	0.019378	13.111	14.532	61.652	38.628	83.130	245.40	18.297	1.0348e-05	0.021437
254.57	2.6218	409.69	0.0024409	6.3087	6.4882	30.036	38.806	100.43	581.86	0.72785	6.1094e-05	0.095660	0.0031646	51.807	0.019302	13.110	14.530	61.625	38.664	83.410	245.30	18.278	1.0360e-05	0.021485
254.69	2.6302	409.33	0.0024430	6.3200	6.5002	30.081	38.819	100.62	580.56	0.73377	6.0975e-05	0.095541	0.0031479	52.011	0.019227	13.109	14.527	61.598	38.700	83.692	245.20	18.259	1.0373e-05	0.021532
254.82	2.6386	408.98	0.0024451	6.3313	6.5123	30.126	38.832	100.82	579.26	0.73971	6.0857e-05	0.095423	0.0031312	52.215	0.019151	13.107	14.525	61.571	38.737	83.976	245.09	18.240	1.0386e-05	0.021579
254.94	2.6470	408.62	0.0024472	6.3425	6.5242	30.171	38.845	101.01	577.97	0.74569	6.0739e-05	0.095305	0.0031146	52.420	0.019077	13.106	14.523	61.544	38.773	84.262	244.99	18.221	1.0398e-05	0.021627
255.07	2.6554	408.27	0.0024494	6.3538	6.5362	30.215	38.859	101.21	576.67	0.75169	6.0622e-05	0.095187	0.0030980	52.625	0.019002	13.105	14.520	61.518	38.809	84.550	244.89	18.202	1.0411e-05	0.021675
255.19	2.6638	407.91	0.0024515	6.3650	6.5482	30.260	38.872	101.41	575.38	0.75772	6.0504e-05	0.095069	0.0030814	52.831	0.018928	13.103	14.518	61.491	38.845	84.840	244.78	18.184	1.0423e-05	0.021723
255.32	2.6722	407.56	0.0024536	6.3762	6.5602	30.305	38.886	101.61	574.09	0.76378	6.0387e-05	0.094952	0.0030650	53.037	0.018855	13.102	14.516	61.464	38.882	85.132	244.68	18.165	1.0436e-05	0.021771
255.44	2.6806	407.20	0.0024558	6.3874	6.5721	30.349	38.899	101.81	572.80	0.76986	6.0270e-05	0.094835	0.0030485	53.243	0.018782	13.101	14.513	61.437	38.918	85.426	244.57	18.146	1.0449e-05	0.021819
255.56	2.6890	406.85	0.0024579	6.3986	6.5841	30.394	38.913	102.02	571.51	0.77598	6.0154e-05	0.094718	0.0030321	53.450	0.018709	13.099	14.511	61.410	38.955	85.721	244.47	18.128	1.0462e-05	0.021868
255.69	2.6974	406.49	0.0024601	6.4098	6.5960	30.438	38.926	102.22	570.22	0.78212	6.0037e-05	0.094601	0.0030158	53.657	0.018637	13.098	14.508	61.383	38.991	86.019	244.36	18.109	1.0474e-05	0.021916
255.81	2.7058	406.14	0.0024622	6.4210	6.6079	30.482	38.940	102.43	568.94	0.78830	5.9921e-05	0.094485	0.0029995	53.865	0.018565	13.096	14.506	61.356	39.028	86.319	244.26	18.090	1.0487e-05	0.021965
255.93	2.7142	405.78	0.0024644	6.4322	6.6198	30.527	38.954	102.63	567.65	0.79450	5.9805e-05	0.094368	0.0029833	54.073	0.018493	13.095	14.503	61.329	39.064	86.622	244.16	18.072	1.0500e-05	0.022014
256.06	2.7226	405.43	0.0024665	6.4433	6.6317	30.571	38.968	102.84	566.37	0.80074	5.9690e-05	0.094252	0.0029671	54.282	0.018422	13.094	14.501	61.302	39.101	86.926	244.05	18.053	1.0513e-05	0.022063
256.18	2.7310	405.07	0.0024687	6.4545	6.6436	30.615	38.982	103.05	565.09	0.80700	5.9574e-05	0.094137	0.0029510	54.491	0.018352	13.092	14.498	61.275	39.138	87.232	243.95	18.035	1.0526e-05	0.022113
256.30	2.7394	404.72	0.0024709	6.4656	6.6555	30.659	38.996	103.26	563.81	0.81329	5.9459e-05	0.094021	0.0029349	54.700	0.018281	13.091	14.495	61.248	39.175	87.541	243.84	18.016	1.0538e-05	0.022162
256.42	2.7478	404.36	0.0024730	6.4767	6.6674	30.703	39.010	103.47	562.53	0.81962	5.9344e-05	0.093906	0.0029189	54.911	0.018211	13.089	14.493	61.221	39.211	87.852	243.74	17.998	1.0551e-05	0.022212
256.54	2.7562	404.01	0.0024752	6.4878	6.6792	30.747	39.024	103.69	561.25	0.82597	5.9230e-05	0.093791	0.0029029	55.121	0.018142	13.087	14.490	61.195	39.248	88.165	243.63	17.979	1.0564e-05	0.022262
256.66	2.7646	403.65	0.0024774	6.4989	6.6911	30.791	39.038	103.90	559.98	0.83236	5.9115e-05	0.093676	0.0028869	55.332	0.018073	13.086	14.488	61.168	39.285	88.480	243.52	17.961	1.0577e-05	0.022312
256.79	2.7730	403.30	0.0024796	6.5100	6.7029	30.835	39.052	104.12	558.70	0.83877	5.9001e-05	0.093561	0.0028710	55.544	0.018004	13.084	14.485	61.141	39.322	88.798	243.42	17.942	1.0590e-05	0.022363
256.91	2.7814	402.94	0.0024818	6.5211	6.7147	30.879	39.066	104.34	557.43	0.84522	5.8887e-05	0.093447	0.0028552	55.756	0.017935	13.083	14.482	61.114	39.359	89.118	243.31	17.924	1.0603e-05	0.022413
257.03	2.7899	402.58	0.0024840	6.5322	6.7266	30.923	39.080	104.56	556.15	0.85170	5.8773e-05	0.093333	0.0028394	55.968	0.017867	13.081	14.480	61.087	39.397	89.440	243.21	17.905	1.0616e-05	0.022464
257.15	2.7983	402.23	0.0024862	6.5432	6.7384	30.966	39.095	104.78	554.88	0.85822	5.8660e-05	0.093219	0.0028237	56.181	0.017800	13.080	14.477	61.060	39.434	89.765	243.10	17.887	1.0629e-05	0.022515
257.27	2.8067	401.87	0.0024884	6.5543	6.7502	31.010	39.109	105.00	553.61	0.86476	5.8546e-05	0.093105	0.0028080	56.394	0.017732	13.078	14.474	61.033	39.471	90.092	243.00	17.869	1.0642e-05	0.022566
257.39	2.8151	401.51	0.0024906	6.5653	6.7620	31.053	39.124	105.23	552.34	0.87134	5.8433e-05	0.092991	0.0027923	56.608	0.017665	13.076	14.471	61.006	39.508	90.422	242.89	17.850	1.0655e-05	0.022617
257.50	2.8235	401.16	0.0024928	6.5763	6.7738	31.097	39.138	105.45	551.07	0.87795	5.8320e-05	0.092878	0.0027767	56.823	0.017599	13.075	14.469	60.979	39.546	90.753	242.78	17.832	1.0669e-05	0.022669
257.62	2.8319	400.80	0.0024950	6.5874	6.7856	31.140	39.153	105.68	549.80	0.88459	5.8208e-05	0.092765	0.0027611	57.038	0.017532	13.073	14.466	60.952	39.583	91.088	242.68	17.814	1.0682e-05	0.022721
257.74	2.8403	400.44	0.0024972	6.5984	6.7974	31.184	39.168	105.91	548.54	0.89127	5.8095e-05	0.092652	0.0027456	57.253	0.017466	13.071	14.463	60.925	39.621	91.425	242.57	17.795	1.0695e-05	0.022773
257.86	2.8487	400.09	0.0024995	6.6094	6.8091	31.227	39.182	106.14	547.27	0.89798	5.7983e-05	0.092539	0.0027302	57.469	0.017401	13.070	14.460	60.898	39.658	91.764	242.46	17.777	1.0708e-05	0.022825
257.98	2.8571	399.73	0.0025017	6.6204	6.8209	31.271	39.197	106.37	546.01	0.90473	5.7871e-05	0.092427	0.0027147	57.685	0.017335	13.068	14.457	60.872	39.696	92.106	242.36	17.759	1.0721e-05	0.022877
258.10	2.8655	399.37	0.0025039	6.6313	6.8326	31.314	39.212	106.60	544.74	0.91151	5.7759e-05	0.092314	0.0026994	57.902	0.017270	13.066	14.454	60.845	39.734	92.451	242.25	17.741	1.0735e-05	0.022930
258.22	2.8739	399.01	0.0025062	6.6423	6.8444	31.357	39.227	106.84	543.48	0.91832	5.7648e-05	0.092202	0.0026840	58.120	0.017206	13.064	14.452	60.818	39.771	92.798	242.14	17.722	1.0748e-05	0.022983
258.33	2.8823	398.66	0.0025084	6.6533	6.8561	31.400	39.242	107.07	542.22	0.92517	5.7536e-05	0.092090	0.0026688	58.338	0.017142	13.063	14.449	60.791	39.809	93.148	242.03	17.704	1.0761e-05	0.023036
258.45	2.8907	398.30	0.0025107	6.6642	6.8678	31.443	39.257	107.31	540.96	0.93205	5.7425e-05	0.091979	0.0026535	58.556	0.017078	13.061	14.446	60.764	39.847	93.501	241.93	17.686	1.0775e-05	0.023089
258.57	2.8991	397.94	0.0025130	6.6752	6.8796	31.486	39.273	107.55	539.70	0.93897	5.7314e-05	0.091867	0.0026383	58.775	0.017014	13.059	14.443	60.737	39.885	93.856	241.82	17.668	1.0788e-05	0.023143
258.68	2.9075	397.58	0.0025152	6.6861	6.8913	31.529	39.288	107.80	538.44	0.94593	5.7203e-05	0.091756	0.0026232	58.995	0.016951	13.057	14.440	60.710	39.923	94.214	241.71	17.650	1.0801e-05	0.023196
258.80	2.9159	397.22	0.0025175	6.6971	6.9030	31.572	39.303	108.04	537.18	0.95292	5.7092e-05	0.091645	0.0026081	59.215	0.016888	13.055	14.437	60.683	39.961	94.575	241.60	17.631	1.0815e-05	0.023250
258.92	2.9243	396.86	0.0025198	6.7080	6.9147	31.615	39.319	108.29	535.93	0.95995	5.6982e-05	0.091534	0.0025930	59.436	0.016825	13.054	14.434	60.656	39.999	94.939	241.49	17.613	1.0828e-05	0.023305
259.03	2.9327	396.50	0.0025221	6.7189	6.9264	31.658	39.334	108.53	534.67	0.96701	5.6872e-05	0.091423	0.0025780	59.657	0.016763	13.052	14.431	60.629	40.038	95.306	241.39	17.595	1.0842e-05	0.023359
259.15	2.9411	396.14	0.0025243	6.7298	6.9381	31.701	39.350	108.78	533.42	0.97411	5.6762e-05	0.091313	0.0025631	59.878	0.016700	13.050	14.428	60.602	40.076	95.675	241.28	17.577	1.0855e-05	0.023414
259.26	2.9495	395.78	0.0025266	6.7407	6.9498	31.744	39.365	109.03	532.16	0.98125	5.6652e-05	0.091203	0.0025481	60.101	0.016639	13.048	14.425	60.575	40.114	96.048	241.17	17.559	1.0869e-05	0.023469
259.38	2.9579	395.42	0.0025289	6.7516	6.9615	31.786	39.381	109.29	530.91	0.98843	5.6542e-05	0.091092	0.0025333	60.324	0.016577	13.046	14.422	60.548	40.153	96.423	241.06	17.541	1.0882e-05	0.023524
259.49	2.9663	395.06	0.0025312	6.7625	6.9731	31.829	39.397	109.54	529.65	0.99564	5.6433e-05	0.090983	0.0025184	60.547	0.016516	13.044	14.418	60.521	40.191	96.802	240.95	17.522	1.0896e-05	0.023580
259.61	2.9747	394.70	0.0025336	6.7734	6.9848	31.872	39.413	109.80	528.40	1.0029	5.6323e-05	0.090873	0.0025036	60.771	0.016455	13.042	14.415	60.493	40.230	97.183	240.84	17.504	1.0910e-05	0.023635
259.72	2.9831	394.34	0.0025359	6.7842	6.9965	31.914	39.429	110.06	527.15	1.0102	5.6214e-05	0.090763	0.0024889	60.995	0.016395	13.040	14.412	60.466	40.269	97.568	240.73	17.486	1.0923e-05	0.023691
259.84	2.9915	393.98	0.0025382	6.7951	7.0081	31.957	39.445	110.32	525.90	1.0175	5.6105e-05	0.090654	0.0024742	61.220	0.016334	13.038	14.409	60.439	40.307	97.956	240.62	17.468	1.0937e-05	0.023747
259.95	2.9999	393.62	0.0025405	6.8060	7.0198	31.999	39.461	110.58	524.65	1.0249	5.5997e-05	0.090545	0.0024595	61.446	0.016274	13.036	14.406	60.412	40.346	98.346	240.51	17.450	1.0951e-05	0.023804
260.07	3.0083	393.26	0.0025429	6.8168	7.0314	32.042	39.477	110.84	523.40	1.0323	5.5888e-05	0.090436	0.0024449	61.672	0.016215	13.034	14.402	60.385	40.385	98.741	240.40	17.432	1.0965e-05	0.023861
260.18	3.0167	392.90	0.0025452	6.8276	7.0430	32.084	39.494	111.11	522.16	1.0397	5.5780e-05	0.090327	0.0024303	61.899	0.016155	13.032	14.399	60.358	40.424	99.138	240.29	17.414	1.0979e-05	0.023918
260.29	3.0251	392.53	0.0025475	6.8385	7.0547	32.127	39.510	111.38	520.91	1.0472	5.5671e-05	0.090219	0.0024158	62.126	0.016096	13.030	14.396	60.331	40.463	99.539	240.19	17.396	1.0992e-05	0.023975
260.41	3.0335	392.17	0.0025499	6.8493	7.0663	32.169	39.527	111.65	519.66	1.0548	5.5563e-05	0.090110	0.0024013	62.354	0.016037	13.028	14.393	60.304	40.502	99.943	240.08	17.378	1.1006e-05	0.024032
260.52	3.0419	391.81	0.0025523	6.8601	7.0779	32.211	39.543	111.92	518.42	1.0623	5.5455e-05	0.090002	0.0023869	62.583	0.015979	13.026	14.389	60.276	40.542	100.35	239.96	17.359	1.1020e-05	0.024090
260.63	3.0503	391.45	0.0025546	6.8710	7.0896	32.254	39.560	112.20	517.17	1.0700	5.5348e-05	0.089894	0.0023724	62.812	0.015921	13.024	14.386	60.249	40.581	100.76	239.85	17.341	1.1034e-05	0.024148
260.74	3.0587	391.08	0.0025570	6.8818	7.1012	32.296	39.577	112.48	515.92	1.0776	5.5240e-05	0.089786	0.0023581	63.042	0.015863	13.022	14.383	60.222	40.620	101.18	239.74	17.323	1.1048e-05	0.024207
260.86	3.0671	390.72	0.0025594	6.8926	7.1128	32.338	39.593	112.76	514.68	1.0853	5.5133e-05	0.089678	0.0023438	63.272	0.015805	13.019	14.379	60.195	40.660	101.59	239.63	17.305	1.1062e-05	0.024265
260.97	3.0755	390.36	0.0025618	6.9034	7.1244	32.380	39.610	113.04	513.44	1.0930	5.5025e-05	0.089571	0.0023295	63.503	0.015747	13.017	14.376	60.167	40.699	102.01	239.52	17.287	1.1076e-05	0.024324
261.08	3.0839	389.99	0.0025642	6.9142	7.1360	32.423	39.627	113.32	512.19	1.1008	5.4918e-05	0.089464	0.0023152	63.734	0.015690	13.015	14.372	60.140	40.739	102.44	239.41	17.269	1.1090e-05	0.024383
261.19	3.0924	389.63	0.0025666	6.9249	7.1476	32.465	39.645	113.61	510.95	1.1087	5.4811e-05	0.089356	0.0023011	63.967	0.015633	13.013	14.369	60.113	40.779	102.87	239.30	17.251	1.1104e-05	0.024443
261.30	3.1008	389.26	0.0025690	6.9357	7.1592	32.507	39.662	113.90	509.71	1.1165	5.4704e-05	0.089249	0.0022869	64.199	0.015576	13.011	14.366	60.085	40.819	103.30	239.19	17.233	1.1119e-05	0.024503
261.41	3.1092	388.90	0.0025714	6.9465	7.1708	32.549	39.679	114.19	508.47	1.1244	5.4598e-05	0.089143	0.0022728	64.433	0.015520	13.008	14.362	60.058	40.859	103.74	239.08	17.215	1.1133e-05	0.024563
261.52	3.1176	388.53	0.0025738	6.9573	7.1824	32.591	39.697	114.48	507.23	1.1324	5.4491e-05	0.089036	0.0022587	64.667	0.015464	13.006	14.359	60.031	40.899	104.18	238.97	17.197	1.1147e-05	0.024623
261.63	3.1260	388.17	0.0025762	6.9680	7.1940	32.633	39.714	114.78	505.99	1.1404	5.4385e-05	0.088930	0.0022447	64.901	0.015408	13.004	14.355	60.003	40.939	104.62	238.86	17.178	1.1161e-05	0.024684
261.75	3.1344	387.80	0.0025786	6.9788	7.2055	32.675	39.732	115.07	504.75	1.1485	5.4279e-05	0.088823	0.0022307	65.137	0.015352	13.002	14.352	59.976	40.979	105.07	238.74	17.160	1.1176e-05	0.024745
261.86	3.1428	387.43	0.0025811	6.9896	7.2171	32.717	39.750	115.37	503.51	1.1566	5.4173e-05	0.088717	0.0022167	65.373	0.015297	12.999	14.348	59.948	41.019	105.52	238.63	17.142	1.1190e-05	0.024806
261.97	3.1512	387.07	0.0025835	7.0003	7.2287	32.758	39.767	115.68	502.27	1.1647	5.4067e-05	0.088611	0.0022028	65.609	0.015242	12.997	14.344	59.921	41.060	105.98	238.52	17.124	1.1205e-05	0.024868
262.08	3.1596	386.70	0.0025860	7.0111	7.2403	32.800	39.785	115.98	501.03	1.1729	5.3961e-05	0.088506	0.0021890	65.847	0.015187	12.995	14.341	59.894	41.100	106.44	238.41	17.106	1.1219e-05	0.024930
262.18	3.1680	386.33	0.0025885	7.0218	7.2519	32.842	39.803	116.29	499.79	1.1811	5.3855e-05	0.088400	0.0021751	66.084	0.015132	12.992	14.337	59.866	41.141	106.90	238.30	17.088	1.1233e-05	0.024992
262.29	3.1764	385.96	0.0025909	7.0325	7.2634	32.884	39.822	116.60	498.56	1.1894	5.3750e-05	0.088295	0.0021613	66.323	0.015078	12.990	14.333	59.838	41.181	107.37	238.18	17.070	1.1248e-05	0.025054
262.40	3.1848	385.59	0.0025934	7.0433	7.2750	32.926	39.840	116.91	497.32	1.1977	5.3644e-05	0.088189	0.0021476	66.562	0.015024	12.987	14.330	59.811	41.222	107.84	238.07	17.051	1.1263e-05	0.025117
262.51	3.1932	385.23	0.0025959	7.0540	7.2866	32.967	39.858	117.23	496.08	1.2061	5.3539e-05	0.088084	0.0021339	66.802	0.014970	12.985	14.326	59.783	41.263	108.32	237.96	17.033	1.1277e-05	0.025181
262.62	3.2016	384.86	0.0025984	7.0647	7.2981	33.009	39.877	117.55	494.84	1.2146	5.3434e-05	0.087979	0.0021202	67.043	0.014916	12.983	14.322	59.756	41.304	108.80	237.85	17.015	1.1292e-05	0.025244
262.73	3.2100	384.49	0.0026009	7.0755	7.3097	33.051	39.895	117.87	493.61	1.2230	5.3329e-05	0.087875	0.0021066	67.284	0.014862	12.980	14.319	59.728	41.345	109.28	237.73	16.997	1.1307e-05	0.025308
262.84	3.2184	384.12	0.0026034	7.0862	7.3212	33.092	39.914	118.20	492.37	1.2316	5.3224e-05	0.087770	0.0020930	67.526	0.014809	12.978	14.315	59.700	41.386	109.77	237.62	16.979	1.1321e-05	0.025372
262.95	3.2268	383.75	0.0026059	7.0969	7.3328	33.134	39.933	118.52	491.14	1.2401	5.3120e-05	0.087666	0.0020794	67.769	0.014756	12.975	14.311	59.673	41.428	110.27	237.51	16.960	1.1336e-05	0.025437
263.05	3.2352	383.38	0.0026084	7.1076	7.3443	33.176	39.952	118.85	489.90	1.2488	5.3015e-05	0.087562	0.0020659	68.012	0.014703	12.973	14.307	59.645	41.469	110.77	237.39	16.942	1.1351e-05	0.025502
263.16	3.2436	383.00	0.0026109	7.1183	7.3559	33.217	39.971	119.19	488.67	1.2575	5.2911e-05	0.087457	0.0020525	68.256	0.014651	12.970	14.303	59.617	41.510	111.27	237.28	16.924	1.1366e-05	0.025567
263.27	3.2520	382.63	0.0026135	7.1290	7.3675	33.259	39.990	119.52	487.43	1.2662	5.2806e-05	0.087354	0.0020390	68.501	0.014598	12.968	14.299	59.589	41.552	111.78	237.16	16.906	1.1381e-05	0.025633
263.38	3.2604	382.26	0.0026160	7.1397	7.3790	33.300	40.009	119.86	486.20	1.2750	5.2702e-05	0.087250	0.0020256	68.746	0.014546	12.965	14.296	59.561	41.594	112.29	237.05	16.887	1.1396e-05	0.025699
263.48	3.2688	381.89	0.0026186	7.1504	7.3906	33.342	40.029	120.20	484.96	1.2838	5.2598e-05	0.087146	0.0020123	68.993	0.014494	12.962	14.292	59.533	41.636	112.81	236.94	16.869	1.1411e-05	0.025765
263.59	3.2772	381.51	0.0026211	7.1611	7.4021	33.383	40.048	120.55	483.73	1.2927	5.2494e-05	0.087043	0.0019990	69.240	0.014443	12.960	14.288	59.506	41.677	113.33	236.82	16.851	1.1426e-05	0.025832
263.70	3.2856	381.14	0.0026237	7.1718	7.4137	33.425	40.068	120.90	482.50	1.3017	5.2390e-05	0.086940	0.0019857	69.487	0.014391	12.957	14.284	59.478	41.719	113.86	236.71	16.833	1.1441e-05	0.025899
263.80	3.2940	380.77	0.0026263	7.1825	7.4252	33.466	40.088	121.25	481.26	1.3107	5.2286e-05	0.086836	0.0019724	69.736	0.014340	12.955	14.280	59.450	41.762	114.40	236.59	16.814	1.1456e-05	0.025967
263.91	3.3024	380.39	0.0026289	7.1932	7.4368	33.508	40.108	121.60	480.03	1.3197	5.2183e-05	0.086734	0.0019592	69.985	0.014289	12.952	14.276	59.422	41.804	114.94	236.48	16.796	1.1471e-05	0.026034
264.01	3.3108	380.02	0.0026315	7.2039	7.4483	33.549	40.128	121.96	478.80	1.3288	5.2079e-05	0.086631	0.0019461	70.235	0.014238	12.949	14.272	59.394	41.846	115.48	236.36	16.777	1.1486e-05	0.026103
264.12	3.3192	379.64	0.0026341	7.2146	7.4599	33.590	40.148	122.32	477.56	1.3380	5.1976e-05	0.086528	0.0019329	70.485	0.014187	12.946	14.268	59.365	41.889	116.03	236.25	16.759	1.1502e-05	0.026171
264.23	3.3276	379.26	0.0026367	7.2253	7.4714	33.632	40.168	122.68	476.33	1.3472	5.1872e-05	0.086426	0.0019199	70.737	0.014137	12.944	14.263	59.337	41.931	116.58	236.13	16.741	1.1517e-05	0.026240
264.33	3.3360	378.89	0.0026393	7.2359	7.4830	33.673	40.189	123.05	475.10	1.3565	5.1769e-05	0.086323	0.0019068	70.989	0.014087	12.941	14.259	59.309	41.974	117.14	236.02	16.722	1.1532e-05	0.026310
264.44	3.3444	378.51	0.0026419	7.2466	7.4945	33.715	40.209	123.42	473.87	1.3658	5.1666e-05	0.086221	0.0018938	71.242	0.014037	12.938	14.255	59.281	42.017	117.71	235.90	16.704	1.1548e-05	0.026380
264.54	3.3528	378.13	0.0026446	7.2573	7.5061	33.756	40.230	123.80	472.63	1.3752	5.1563e-05	0.086119	0.0018808	71.496	0.013987	12.935	14.251	59.253	42.060	118.28	235.79	16.685	1.1563e-05	0.026450
264.65	3.3612	377.75	0.0026472	7.2680	7.5176	33.797	40.251	124.18	471.40	1.3847	5.1460e-05	0.086017	0.0018679	71.750	0.013937	12.933	14.247	59.224	42.103	118.86	235.67	16.667	1.1579e-05	0.026521
264.75	3.3696	377.37	0.0026499	7.2787	7.5292	33.838	40.272	124.56	470.17	1.3942	5.1357e-05	0.085916	0.0018550	72.006	0.013888	12.930	14.243	59.196	42.146	119.44	235.56	16.648	1.1594e-05	0.026592
264.85	3.3780	376.99	0.0026526	7.2893	7.5407	33.880	40.293	124.94	468.94	1.4038	5.1255e-05	0.085814	0.0018421	72.262	0.013839	12.927	14.238	59.168	42.190	120.03	235.44	16.630	1.1610e-05	0.026663
264.96	3.3864	376.61	0.0026552	7.3000	7.5523	33.921	40.314	125.33	467.71	1.4134	5.1152e-05	0.085713	0.0018293	72.519	0.013790	12.924	14.234	59.139	42.233	120.63	235.32	16.611	1.1626e-05	0.026735
265.06	3.3949	376.23	0.0026579	7.3107	7.5638	33.962	40.336	125.73	466.47	1.4231	5.1050e-05	0.085612	0.0018165	72.777	0.013741	12.921	14.230	59.111	42.277	121.23	235.21	16.593	1.1641e-05	0.026807
265.17	3.4033	375.85	0.0026606	7.3214	7.5754	34.003	40.357	126.12	465.24	1.4329	5.0947e-05	0.085511	0.0018037	73.035	0.013692	12.918	14.225	59.082	42.321	121.84	235.09	16.574	1.1657e-05	0.026880
265.27	3.4117	375.47	0.0026633	7.3320	7.5869	34.045	40.379	126.52	464.01	1.4427	5.0845e-05	0.085410	0.0017910	73.295	0.013644	12.915	14.221	59.054	42.365	122.45	234.97	16.555	1.1673e-05	0.026954
265.37	3.4201	375.09	0.0026660	7.3427	7.5985	34.086	40.401	126.93	462.78	1.4526	5.0742e-05	0.085309	0.0017783	73.555	0.013595	12.912	14.217	59.025	42.409	123.07	234.86	16.537	1.1689e-05	0.027027
265.48	3.4285	374.71	0.0026688	7.3534	7.6101	34.127	40.423	127.34	461.55	1.4625	5.0640e-05	0.085209	0.0017657	73.816	0.013547	12.909	14.212	58.997	42.453	123.70	234.74	16.518	1.1705e-05	0.027101
265.58	3.4369	374.32	0.0026715	7.3641	7.6216	34.168	40.445	127.75	460.31	1.4725	5.0538e-05	0.085108	0.0017531	74.078	0.013499	12.906	14.208	58.968	42.497	124.33	234.62	16.499	1.1721e-05	0.027176
265.68	3.4453	373.94	0.0026742	7.3747	7.6332	34.209	40.468	128.17	459.08	1.4826	5.0436e-05	0.085008	0.0017405	74.341	0.013452	12.903	14.203	58.939	42.542	124.97	234.50	16.480	1.1737e-05	0.027251
265.79	3.4537	373.55	0.0026770	7.3854	7.6448	34.251	40.490	128.59	457.85	1.4928	5.0334e-05	0.084908	0.0017280	74.604	0.013404	12.900	14.199	58.910	42.586	125.62	234.39	16.462	1.1753e-05	0.027327
265.89	3.4621	373.17	0.0026798	7.3961	7.6564	34.292	40.513	129.01	456.62	1.5030	5.0232e-05	0.084808	0.0017155	74.869	0.013357	12.897	14.194	58.882	42.631	126.28	234.27	16.443	1.1769e-05	0.027403
265.99	3.4705	372.78	0.0026825	7.4068	7.6679	34.333	40.536	129.44	455.38	1.5133	5.0131e-05	0.084708	0.0017030	75.134	0.013309	12.894	14.190	58.853	42.676	126.94	234.15	16.424	1.1786e-05	0.027479
266.09	3.4789	372.39	0.0026853	7.4174	7.6795	34.374	40.559	129.88	454.15	1.5236	5.0029e-05	0.084609	0.0016906	75.401	0.013262	12.891	14.185	58.824	42.721	127.61	234.03	16.405	1.1802e-05	0.027556
266.19	3.4873	372.01	0.0026881	7.4281	7.6911	34.415	40.582	130.32	452.92	1.5340	4.9927e-05	0.084509	0.0016782	75.668	0.013216	12.888	14.181	58.795	42.766	128.28	233.91	16.386	1.1818e-05	0.027634
266.30	3.4957	371.62	0.0026909	7.4388	7.7027	34.456	40.605	130.76	451.69	1.5445	4.9826e-05	0.084410	0.0016659	75.936	0.013169	12.885	14.176	58.766	42.812	128.97	233.79	16.367	1.1835e-05	0.027712
266.40	3.5041	371.23	0.0026938	7.4495	7.7143	34.498	40.629	131.21	450.45	1.5551	4.9724e-05	0.084311	0.0016535	76.205	0.013122	12.882	14.172	58.737	42.857	129.66	233.68	16.348	1.1851e-05	0.027790
266.50	3.5125	370.84	0.0026966	7.4602	7.7259	34.539	40.652	131.66	449.22	1.5657	4.9623e-05	0.084212	0.0016413	76.475	0.013076	12.878	14.167	58.708	42.903	130.36	233.56	16.329	1.1868e-05	0.027869
266.60	3.5209	370.45	0.0026994	7.4708	7.7375	34.580	40.676	132.12	447.99	1.5764	4.9521e-05	0.084113	0.0016290	76.746	0.013030	12.875	14.162	58.678	42.949	131.07	233.44	16.310	1.1884e-05	0.027949
266.70	3.5293	370.06	0.0027023	7.4815	7.7491	34.621	40.700	132.58	446.75	1.5872	4.9420e-05	0.084015	0.0016168	77.018	0.012984	12.872	14.157	58.649	42.995	131.78	233.32	16.291	1.1901e-05	0.028029
266.80	3.5377	369.67	0.0027051	7.4922	7.7607	34.662	40.725	133.05	445.52	1.5980	4.9319e-05	0.083916	0.0016046	77.291	0.012938	12.869	14.153	58.620	43.041	132.50	233.20	16.272	1.1918e-05	0.028109
266.90	3.5461	369.27	0.0027080	7.5029	7.7723	34.703	40.749	133.52	444.29	1.6089	4.9218e-05	0.083818	0.0015925	77.564	0.012893	12.865	14.148	58.591	43.087	133.24	233.08	16.253	1.1935e-05	0.028191
267.00	3.5545	368.88	0.0027109	7.5136	7.7839	34.744	40.774	134.00	443.05	1.6199	4.9116e-05	0.083720	0.0015804	77.839	0.012847	12.862	14.143	58.561	43.133	133.98	232.96	16.233	1.1952e-05	0.028272
267.10	3.5629	368.49	0.0027138	7.5243	7.7955	34.785	40.798	134.48	441.82	1.6310	4.9015e-05	0.083622	0.0015683	78.115	0.012802	12.859	14.138	58.532	43.180	134.72	232.84	16.214	1.1969e-05	0.028354
267.20	3.5713	368.09	0.0027167	7.5350	7.8072	34.827	40.823	134.97	440.58	1.6421	4.8914e-05	0.083524	0.0015563	78.391	0.012757	12.855	14.133	58.502	43.227	135.48	232.72	16.195	1.1986e-05	0.028437
267.30	3.5797	367.70	0.0027196	7.5457	7.8188	34.868	40.848	135.47	439.35	1.6533	4.8813e-05	0.083427	0.0015443	78.669	0.012711	12.852	14.128	58.472	43.274	136.25	232.60	16.175	1.2003e-05	0.028521
267.40	3.5881	367.30	0.0027226	7.5564	7.8304	34.909	40.874	135.97	438.11	1.6646	4.8712e-05	0.083329	0.0015323	78.948	0.012667	12.848	14.123	58.443	43.321	137.02	232.48	16.156	1.2020e-05	0.028605
267.50	3.5965	366.90	0.0027255	7.5671	7.8421	34.950	40.899	136.47	436.88	1.6760	4.8612e-05	0.083232	0.0015204	79.227	0.012622	12.845	14.119	58.413	43.368	137.81	232.36	16.137	1.2037e-05	0.028689
267.60	3.6049	366.51	0.0027285	7.5778	7.8537	34.991	40.925	136.98	435.64	1.6875	4.8511e-05	0.083135	0.0015085	79.508	0.012577	12.842	14.114	58.383	43.416	138.60	232.23	16.117	1.2054e-05	0.028774
267.70	3.6133	366.11	0.0027314	7.5885	7.8654	35.032	40.951	137.50	434.41	1.6990	4.8410e-05	0.083038	0.0014966	79.790	0.012533	12.838	14.108	58.353	43.464	139.41	232.11	16.098	1.2072e-05	0.028860
267.80	3.6217	365.71	0.0027344	7.5992	7.8770	35.073	40.977	138.02	433.17	1.7106	4.8309e-05	0.082941	0.0014848	80.072	0.012489	12.835	14.103	58.324	43.512	140.22	231.99	16.078	1.2089e-05	0.028946
267.90	3.6301	365.31	0.0027374	7.6099	7.8887	35.115	41.003	138.55	431.93	1.7224	4.8208e-05	0.082844	0.0014730	80.356	0.012445	12.831	14.098	58.294	43.560	141.04	231.87	16.058	1.2107e-05	0.029033
268.00	3.6385	364.91	0.0027404	7.6207	7.9004	35.156	41.030	139.08	430.70	1.7341	4.8108e-05	0.082748	0.0014613	80.641	0.012401	12.827	14.093	58.264	43.608	141.87	231.75	16.039	1.2124e-05	0.029121
268.10	3.6469	364.50	0.0027434	7.6314	7.9121	35.197	41.057	139.62	429.46	1.7460	4.8007e-05	0.082652	0.0014495	80.927	0.012357	12.824	14.088	58.233	43.657	142.72	231.63	16.019	1.2142e-05	0.029209
268.19	3.6553	364.10	0.0027465	7.6421	7.9238	35.238	41.084	140.17	428.22	1.7580	4.7906e-05	0.082556	0.0014379	81.214	0.012313	12.820	14.083	58.203	43.705	143.57	231.50	15.999	1.2159e-05	0.029298
268.29	3.6637	363.70	0.0027495	7.6529	7.9355	35.279	41.111	140.72	426.98	1.7700	4.7806e-05	0.082460	0.0014262	81.502	0.012270	12.817	14.078	58.173	43.754	144.44	231.38	15.979	1.2177e-05	0.029387
268.39	3.6721	363.29	0.0027526	7.6636	7.9472	35.320	41.138	141.28	425.75	1.7821	4.7705e-05	0.082364	0.0014146	81.791	0.012226	12.813	14.072	58.143	43.803	145.31	231.26	15.959	1.2195e-05	0.029477
268.49	3.6805	362.89	0.0027557	7.6743	7.9589	35.362	41.166	141.85	424.51	1.7944	4.7605e-05	0.082269	0.0014030	82.082	0.012183	12.809	14.067	58.112	43.852	146.20	231.13	15.940	1.2213e-05	0.029568
268.58	3.6889	362.48	0.0027588	7.6851	7.9706	35.403	41.194	142.42	423.27	1.8067	4.7504e-05	0.082173	0.0013915	82.373	0.012140	12.805	14.062	58.082	43.902	147.10	231.01	15.920	1.2231e-05	0.029660
268.68	3.6974	362.07	0.0027619	7.6959	7.9823	35.444	41.222	143.00	422.03	1.8191	4.7404e-05	0.082078	0.0013799	82.666	0.012097	12.802	14.056	58.051	43.952	148.01	230.89	15.900	1.2249e-05	0.029752
268.78	3.7058	361.67	0.0027650	7.7066	7.9941	35.485	41.250	143.59	420.79	1.8316	4.7303e-05	0.081983	0.0013685	82.960	0.012054	12.798	14.051	58.021	44.002	148.93	230.76	15.879	1.2267e-05	0.029845
268.88	3.7142	361.26	0.0027681	7.7174	8.0058	35.527	41.278	144.19	419.55	1.8442	4.7203e-05	0.081888	0.0013570	83.255	0.012011	12.794	14.046	57.990	44.052	149.86	230.64	15.859	1.2286e-05	0.029938
268.97	3.7226	360.85	0.0027713	7.7282	8.0176	35.568	41.307	144.79	418.31	1.8568	4.7102e-05	0.081794	0.0013456	83.551	0.011969	12.790	14.040	57.959	44.102	150.81	230.52	15.839	1.2304e-05	0.030033
269.07	3.7310	360.43	0.0027744	7.7389	8.0293	35.609	41.336	145.40	417.06	1.8696	4.7002e-05	0.081700	0.0013342	83.848	0.011926	12.786	14.035	57.928	44.153	151.76	230.39	15.819	1.2322e-05	0.030128
269.17	3.7394	360.02	0.0027776	7.7497	8.0411	35.651	41.365	146.01	415.82	1.8825	4.6902e-05	0.081605	0.0013229	84.146	0.011884	12.783	14.029	57.897	44.203	152.73	230.27	15.798	1.2341e-05	0.030223
269.26	3.7478	359.61	0.0027808	7.7605	8.0529	35.692	41.395	146.64	414.58	1.8954	4.6801e-05	0.081511	0.0013116	84.446	0.011842	12.779	14.024	57.866	44.255	153.72	230.14	15.778	1.2360e-05	0.030320
269.36	3.7562	359.19	0.0027840	7.7713	8.0647	35.733	41.425	147.27	413.34	1.9085	4.6701e-05	0.081418	0.0013003	84.747	0.011800	12.775	14.018	57.835	44.306	154.72	230.02	15.758	1.2378e-05	0.030417
269.46	3.7646	358.78	0.0027872	7.7821	8.0765	35.775	41.455	147.91	412.09	1.9217	4.6600e-05	0.081324	0.0012890	85.049	0.011758	12.771	14.012	57.804	44.357	155.73	229.89	15.737	1.2397e-05	0.030515
269.55	3.7730	358.36	0.0027905	7.7929	8.0883	35.816	41.485	148.56	410.85	1.9349	4.6500e-05	0.081231	0.0012778	85.353	0.011716	12.767	14.007	57.773	44.409	156.75	229.76	15.716	1.2416e-05	0.030614
269.65	3.7814	357.95	0.0027937	7.8038	8.1001	35.857	41.515	149.22	409.60	1.9483	4.6400e-05	0.081137	0.0012666	85.657	0.011674	12.763	14.001	57.741	44.461	157.79	229.64	15.696	1.2435e-05	0.030713
269.74	3.7898	357.53	0.0027970	7.8146	8.1120	35.899	41.546	149.89	408.36	1.9618	4.6299e-05	0.081045	0.0012555	85.963	0.011633	12.759	13.995	57.710	44.513	158.84	229.51	15.675	1.2454e-05	0.030814
269.84	3.7982	357.11	0.0028003	7.8254	8.1238	35.940	41.577	150.56	407.11	1.9753	4.6199e-05	0.080952	0.0012444	86.270	0.011591	12.754	13.990	57.678	44.566	159.91	229.39	15.654	1.2473e-05	0.030915
269.93	3.8066	356.69	0.0028036	7.8363	8.1357	35.982	41.608	151.25	405.86	1.9890	4.6099e-05	0.080859	0.0012333	86.579	0.011550	12.750	13.984	57.647	44.619	160.99	229.26	15.633	1.2492e-05	0.031017
270.03	3.8150	356.26	0.0028069	7.8471	8.1476	36.023	41.640	151.94	404.61	2.0028	4.5998e-05	0.080767	0.0012223	86.889	0.011509	12.746	13.978	57.615	44.672	162.09	229.13	15.613	1.2512e-05	0.031120
270.12	3.8234	355.84	0.0028102	7.8580	8.1594	36.065	41.672	152.64	403.37	2.0167	4.5898e-05	0.080675	0.0012113	87.200	0.011468	12.742	13.972	57.583	44.725	163.20	229.00	15.592	1.2531e-05	0.031224
270.22	3.8318	355.42	0.0028136	7.8689	8.1713	36.107	41.704	153.36	402.12	2.0307	4.5797e-05	0.080583	0.0012003	87.513	0.011427	12.738	13.966	57.551	44.778	164.33	228.88	15.570	1.2551e-05	0.031328
270.31	3.8402	354.99	0.0028170	7.8798	8.1832	36.148	41.736	154.08	400.87	2.0448	4.5697e-05	0.080492	0.0011893	87.827	0.011386	12.733	13.960	57.519	44.832	165.47	228.75	15.549	1.2570e-05	0.031434
270.41	3.8486	354.57	0.0028204	7.8907	8.1952	36.190	41.769	154.81	399.62	2.0591	4.5596e-05	0.080400	0.0011784	88.142	0.011345	12.729	13.954	57.487	44.886	166.63	228.62	15.528	1.2590e-05	0.031540
270.50	3.8570	354.14	0.0028238	7.9016	8.2071	36.231	41.802	155.55	398.37	2.0734	4.5496e-05	0.080309	0.0011676	88.459	0.011305	12.725	13.948	57.455	44.941	167.81	228.49	15.507	1.2610e-05	0.031647
270.60	3.8654	353.71	0.0028272	7.9125	8.2191	36.273	41.835	156.31	397.11	2.0879	4.5395e-05	0.080218	0.0011567	88.777	0.011264	12.721	13.942	57.423	44.995	169.01	228.36	15.485	1.2630e-05	0.031755
270.69	3.8738	353.28	0.0028306	7.9234	8.2310	36.315	41.868	157.07	395.86	2.1024	4.5295e-05	0.080128	0.0011459	89.096	0.011224	12.716	13.936	57.390	45.050	170.22	228.23	15.464	1.2650e-05	0.031865
270.78	3.8822	352.85	0.0028341	7.9343	8.2430	36.357	41.902	157.85	394.61	2.1171	4.5194e-05	0.080037	0.0011351	89.417	0.011184	12.712	13.930	57.358	45.106	171.46	228.10	15.442	1.2670e-05	0.031975
270.88	3.8906	352.41	0.0028376	7.9453	8.2550	36.399	41.936	158.63	393.35	2.1320	4.5094e-05	0.079947	0.0011244	89.740	0.011143	12.707	13.924	57.325	45.161	172.71	227.97	15.421	1.2690e-05	0.032086
270.97	3.8990	351.98	0.0028411	7.9562	8.2670	36.440	41.971	159.43	392.10	2.1469	4.4993e-05	0.079857	0.0011137	90.064	0.011103	12.703	13.917	57.292	45.217	173.98	227.84	15.399	1.2711e-05	0.032198
271.06	3.9074	351.54	0.0028446	7.9672	8.2790	36.482	42.006	160.24	390.84	2.1620	4.4892e-05	0.079768	0.0011030	90.389	0.011063	12.698	13.911	57.260	45.273	175.27	227.71	15.377	1.2731e-05	0.032311
271.16	3.9158	351.11	0.0028481	7.9782	8.2911	36.524	42.041	161.06	389.59	2.1771	4.4792e-05	0.079678	0.0010923	90.716	0.011023	12.694	13.905	57.227	45.330	176.57	227.58	15.355	1.2752e-05	0.032425
271.25	3.9242	350.67	0.0028517	7.9892	8.3031	36.566	42.076	161.89	388.33	2.1925	4.4691e-05	0.079589	0.0010817	91.045	0.010984	12.689	13.898	57.194	45.386	177.90	227.45	15.333	1.2772e-05	0.032540
271.34	3.9326	350.23	0.0028553	8.0002	8.3152	36.608	42.112	162.73	387.07	2.2079	4.4590e-05	0.079501	0.0010712	91.375	0.010944	12.685	13.892	57.160	45.444	179.25	227.32	15.311	1.2793e-05	0.032656
271.44	3.9410	349.79	0.0028589	8.0112	8.3273	36.650	42.148	163.59	385.81	2.2235	4.4489e-05	0.079412	0.0010606	91.707	0.010904	12.680	13.885	57.127	45.501	180.63	227.19	15.289	1.2814e-05	0.032773
271.53	3.9494	349.35	0.0028625	8.0222	8.3394	36.692	42.184	164.46	384.55	2.2392	4.4388e-05	0.079324	0.0010501	92.040	0.010865	12.675	13.879	57.094	45.559	182.02	227.06	15.267	1.2835e-05	0.032891
271.62	3.9578	348.90	0.0028661	8.0333	8.3515	36.734	42.221	165.35	383.29	2.2550	4.4287e-05	0.079236	0.0010396	92.375	0.010825	12.670	13.872	57.060	45.617	183.43	226.92	15.245	1.2856e-05	0.033011
271.71	3.9662	348.46	0.0028698	8.0443	8.3636	36.777	42.258	166.24	382.03	2.2710	4.4186e-05	0.079149	0.0010292	92.711	0.010786	12.666	13.866	57.027	45.675	184.87	226.79	15.222	1.2878e-05	0.033131
271.80	3.9746	348.01	0.0028735	8.0554	8.3758	36.819	42.296	167.16	380.76	2.2871	4.4085e-05	0.079062	0.0010187	93.050	0.010747	12.661	13.859	56.993	45.734	186.34	226.66	15.200	1.2899e-05	0.033253
271.90	3.9830	347.56	0.0028772	8.0665	8.3880	36.861	42.333	168.08	379.50	2.3034	4.3984e-05	0.078975	0.0010084	93.389	0.010708	12.656	13.853	56.959	45.793	187.82	226.52	15.177	1.2921e-05	0.033376
271.99	3.9915	347.11	0.0028809	8.0776	8.4002	36.904	42.372	169.02	378.23	2.3197	4.3883e-05	0.078888	0.00099801	93.731	0.010669	12.651	13.846	56.925	45.853	189.33	226.39	15.154	1.2942e-05	0.033500
272.08	3.9999	346.66	0.0028846	8.0887	8.4124	36.946	42.410	169.98	376.97	2.3363	4.3781e-05	0.078802	0.00098770	94.074	0.010630	12.646	13.839	56.891	45.913	190.87	226.25	15.132	1.2964e-05	0.033625
272.17	4.0083	346.21	0.0028884	8.0998	8.4246	36.988	42.449	170.95	375.70	2.3530	4.3680e-05	0.078716	0.00097741	94.419	0.010591	12.641	13.832	56.857	45.973	192.43	226.12	15.109	1.2986e-05	0.033751
272.26	4.0167	345.76	0.0028922	8.1110	8.4369	37.031	42.488	171.94	374.43	2.3698	4.3579e-05	0.078631	0.00096716	94.766	0.010552	12.636	13.825	56.822	46.034	194.02	225.98	15.086	1.3008e-05	0.033879
272.35	4.0251	345.30	0.0028960	8.1221	8.4491	37.073	42.528	172.94	373.16	2.3868	4.3477e-05	0.078546	0.00095694	95.115	0.010514	12.631	13.818	56.788	46.095	195.63	225.85	15.062	1.3030e-05	0.034008
272.45	4.0335	344.84	0.0028999	8.1333	8.4614	37.116	42.568	173.96	371.89	2.4039	4.3375e-05	0.078461	0.00094676	95.465	0.010475	12.626	13.811	56.753	46.157	197.28	225.71	15.039	1.3053e-05	0.034138
272.54	4.0419	344.38	0.0029037	8.1445	8.4737	37.159	42.609	175.00	370.62	2.4212	4.3274e-05	0.078377	0.00093660	95.818	0.010436	12.621	13.804	56.718	46.218	198.95	225.58	15.016	1.3075e-05	0.034270
272.63	4.0503	343.92	0.0029076	8.1557	8.4861	37.202	42.649	176.05	369.35	2.4386	4.3172e-05	0.078293	0.00092648	96.172	0.010398	12.616	13.797	56.683	46.281	200.65	225.44	14.992	1.3098e-05	0.034403
272.72	4.0587	343.46	0.0029116	8.1669	8.4984	37.244	42.691	177.12	368.07	2.4562	4.3070e-05	0.078209	0.00091640	96.528	0.010360	12.611	13.790	56.648	46.344	202.38	225.30	14.969	1.3120e-05	0.034537
272.81	4.0671	342.99	0.0029155	8.1782	8.5108	37.287	42.732	178.21	366.80	2.4740	4.2968e-05	0.078126	0.00090634	96.886	0.010321	12.605	13.783	56.613	46.407	204.15	225.16	14.945	1.3143e-05	0.034672
272.90	4.0755	342.53	0.0029195	8.1894	8.5232	37.330	42.775	179.32	365.52	2.4919	4.2866e-05	0.078043	0.00089632	97.246	0.010283	12.600	13.776	56.578	46.470	205.94	225.02	14.921	1.3166e-05	0.034809
272.99	4.0839	342.06	0.0029235	8.2007	8.5357	37.373	42.817	180.45	364.24	2.5100	4.2764e-05	0.077961	0.00088633	97.608	0.010245	12.595	13.769	56.542	46.534	207.77	224.89	14.897	1.3189e-05	0.034948
273.08	4.0923	341.59	0.0029275	8.2120	8.5481	37.416	42.860	181.60	362.96	2.5283	4.2661e-05	0.077880	0.00087637	97.972	0.010207	12.589	13.761	56.507	46.599	209.63	224.75	14.873	1.3213e-05	0.035088
273.17	4.1007	341.12	0.0029315	8.2233	8.5606	37.459	42.904	182.77	361.68	2.5467	4.2559e-05	0.077798	0.00086645	98.338	0.010169	12.584	13.754	56.471	46.664	211.52	224.61	14.849	1.3236e-05	0.035229
273.26	4.1091	340.65	0.0029356	8.2347	8.5731	37.503	42.947	183.96	360.40	2.5653	4.2456e-05	0.077717	0.00085656	98.706	0.010131	12.579	13.746	56.435	46.729	213.46	224.47	14.825	1.3260e-05	0.035372
273.35	4.1175	340.17	0.0029397	8.2460	8.5856	37.546	42.992	185.17	359.12	2.5841	4.2353e-05	0.077637	0.00084670	99.076	0.010093	12.573	13.739	56.399	46.795	215.42	224.32	14.800	1.3284e-05	0.035517
273.44	4.1259	339.69	0.0029438	8.2574	8.5982	37.589	43.037	186.41	357.83	2.6030	4.2251e-05	0.077557	0.00083687	99.448	0.010055	12.567	13.731	56.362	46.862	217.43	224.18	14.776	1.3308e-05	0.035663
273.53	4.1343	339.21	0.0029480	8.2688	8.6108	37.633	43.082	187.66	356.54	2.6222	4.2148e-05	0.077478	0.00082708	99.823	0.010018	12.562	13.724	56.326	46.929	219.47	224.04	14.751	1.3332e-05	0.035811
273.61	4.1427	338.73	0.0029522	8.2803	8.6234	37.676	43.128	188.94	355.26	2.6415	4.2045e-05	0.077399	0.00081732	100.20	0.0099801	12.556	13.716	56.289	46.996	221.55	223.90	14.726	1.3356e-05	0.035961
273.70	4.1511	338.25	0.0029564	8.2917	8.6360	37.720	43.174	190.25	353.97	2.6610	4.1941e-05	0.077321	0.00080759	100.58	0.0099425	12.551	13.708	56.252	47.064	223.68	223.76	14.701	1.3381e-05	0.036112
273.79	4.1595	337.76	0.0029607	8.3032	8.6487	37.764	43.221	191.58	352.68	2.6807	4.1838e-05	0.077243	0.00079790	100.96	0.0099050	12.545	13.701	56.215	47.133	225.84	223.61	14.676	1.3405e-05	0.036265
273.88	4.1679	337.27	0.0029649	8.3147	8.6614	37.808	43.268	192.93	351.38	2.7006	4.1734e-05	0.077166	0.00078824	101.34	0.0098675	12.539	13.693	56.178	47.202	228.05	223.47	14.651	1.3430e-05	0.036419
273.97	4.1763	336.78	0.0029693	8.3262	8.6741	37.851	43.316	194.32	350.09	2.7207	4.1631e-05	0.077090	0.00077861	101.73	0.0098301	12.533	13.685	56.141	47.271	230.31	223.32	14.626	1.3455e-05	0.036576
274.06	4.1847	336.29	0.0029736	8.3378	8.6868	37.895	43.365	195.73	348.79	2.7410	4.1527e-05	0.077014	0.00076901	102.12	0.0097927	12.527	13.677	56.103	47.341	232.61	223.18	14.600	1.3481e-05	0.036734
274.15	4.1931	335.80	0.0029780	8.3493	8.6996	37.940	43.414	197.16	347.49	2.7615	4.1423e-05	0.076939	0.00075945	102.51	0.0097554	12.521	13.669	56.066	47.412	234.96	223.03	14.574	1.3506e-05	0.036894
274.23	4.2015	335.30	0.0029824	8.3609	8.7125	37.984	43.463	198.63	346.20	2.7822	4.1318e-05	0.076865	0.00074992	102.90	0.0097181	12.515	13.661	56.028	47.484	237.35	222.88	14.548	1.3532e-05	0.037057
274.32	4.2099	334.80	0.0029868	8.3725	8.7253	38.028	43.513	200.13	344.89	2.8031	4.1214e-05	0.076791	0.00074042	103.30	0.0096809	12.509	13.653	55.990	47.556	239.80	222.74	14.522	1.3557e-05	0.037221
274.41	4.2183	334.30	0.0029913	8.3842	8.7382	38.072	43.564	201.65	343.59	2.8243	4.1109e-05	0.076718	0.00073096	103.69	0.0096437	12.503	13.644	55.951	47.628	242.30	222.59	14.496	1.3583e-05	0.037387
274.50	4.2267	333.80	0.0029958	8.3959	8.7511	38.117	43.615	203.21	342.29	2.8456	4.1005e-05	0.076645	0.00072153	104.09	0.0096066	12.497	13.636	55.913	47.701	244.85	222.44	14.470	1.3609e-05	0.037555
274.59	4.2351	333.29	0.0030004	8.4076	8.7641	38.162	43.667	204.80	340.98	2.8672	4.0900e-05	0.076574	0.00071213	104.50	0.0095695	12.491	13.628	55.874	47.775	247.46	222.29	14.444	1.3636e-05	0.037726
274.67	4.2435	332.78	0.0030050	8.4193	8.7770	38.206	43.719	206.43	339.67	2.8890	4.0795e-05	0.076503	0.00070276	104.90	0.0095325	12.484	13.619	55.835	47.850	250.13	222.14	14.417	1.3662e-05	0.037898
274.76	4.2519	332.27	0.0030096	8.4311	8.7901	38.251	43.773	208.09	338.36	2.9110	4.0689e-05	0.076433	0.00069343	105.31	0.0094955	12.478	13.611	55.796	47.925	252.85	221.99	14.390	1.3689e-05	0.038073
274.85	4.2603	331.76	0.0030143	8.4429	8.8031	38.296	43.826	209.78	337.05	2.9333	4.0584e-05	0.076364	0.00068414	105.72	0.0094586	12.472	13.602	55.757	48.001	255.64	221.84	14.363	1.3716e-05	0.038250
274.93	4.2687	331.24	0.0030190	8.4547	8.8162	38.341	43.881	211.52	335.73	2.9558	4.0478e-05	0.076295	0.00067487	106.14	0.0094217	12.465	13.594	55.717	48.077	258.48	221.68	14.336	1.3744e-05	0.038429
275.02	4.2771	330.72	0.0030237	8.4666	8.8294	38.386	43.936	213.29	334.41	2.9786	4.0372e-05	0.076228	0.00066564	106.56	0.0093848	12.459	13.585	55.678	48.155	261.40	221.53	14.309	1.3771e-05	0.038611
275.11	4.2855	330.20	0.0030285	8.4785	8.8426	38.432	43.992	215.10	333.09	3.0016	4.0266e-05	0.076162	0.00065644	106.98	0.0093479	12.452	13.576	55.637	48.233	264.38	221.37	14.281	1.3799e-05	0.038795
275.19	4.2940	329.67	0.0030333	8.4904	8.8558	38.477	44.048	216.96	331.77	3.0248	4.0159e-05	0.076096	0.00064728	107.40	0.0093111	12.446	13.567	55.597	48.312	267.43	221.22	14.253	1.3827e-05	0.038982
275.28	4.3024	329.15	0.0030382	8.5023	8.8690	38.523	44.105	218.85	330.45	3.0483	4.0052e-05	0.076031	0.00063815	107.82	0.0092743	12.439	13.558	55.557	48.391	270.56	221.06	14.225	1.3855e-05	0.039171
275.37	4.3108	328.62	0.0030431	8.5143	8.8823	38.568	44.163	220.79	329.12	3.0721	3.9945e-05	0.075968	0.00062905	108.25	0.0092376	12.432	13.549	55.516	48.472	273.76	220.91	14.197	1.3883e-05	0.039363
275.45	4.3192	328.08	0.0030480	8.5264	8.8957	38.614	44.222	222.78	327.79	3.0961	3.9838e-05	0.075905	0.00061999	108.69	0.0092009	12.425	13.540	55.475	48.553	277.03	220.75	14.169	1.3912e-05	0.039557
275.54	4.3276	327.55	0.0030530	8.5384	8.9091	38.660	44.282	224.81	326.46	3.1204	3.9730e-05	0.075844	0.00061096	109.12	0.0091641	12.418	13.531	55.434	48.635	280.39	220.59	14.141	1.3941e-05	0.039754
275.62	4.3360	327.01	0.0030580	8.5505	8.9225	38.706	44.342	226.90	325.12	3.1450	3.9623e-05	0.075784	0.00060196	109.56	0.0091275	12.411	13.522	55.392	48.718	283.83	220.43	14.112	1.3970e-05	0.039955
275.71	4.3444	326.46	0.0030631	8.5627	8.9360	38.753	44.403	229.03	323.79	3.1698	3.9514e-05	0.075725	0.00059300	110.00	0.0090908	12.404	13.512	55.351	48.802	287.36	220.27	14.083	1.4000e-05	0.040158
275.80	4.3528	325.92	0.0030683	8.5748	8.9495	38.799	44.465	231.22	322.45	3.1950	3.9406e-05	0.075667	0.00058407	110.45	0.0090541	12.397	13.503	55.309	48.887	290.98	220.11	14.054	1.4029e-05	0.040364
275.88	4.3612	325.37	0.0030734	8.5871	8.9631	38.846	44.528	233.46	321.10	3.2204	3.9297e-05	0.075610	0.00057518	110.90	0.0090175	12.390	13.493	55.266	48.972	294.69	219.94	14.025	1.4059e-05	0.040573
275.97	4.3696	324.82	0.0030787	8.5993	8.9767	38.892	44.592	235.76	319.76	3.2462	3.9188e-05	0.075555	0.00056632	111.35	0.0089808	12.383	13.484	55.224	49.059	298.49	219.78	13.995	1.4090e-05	0.040785
276.05	4.3780	324.26	0.0030839	8.6116	8.9904	38.939	44.656	238.12	318.41	3.2722	3.9079e-05	0.075501	0.00055750	111.80	0.0089442	12.375	13.474	55.181	49.147	302.40	219.61	13.965	1.4120e-05	0.041001
276.14	4.3864	323.70	0.0030893	8.6240	9.0041	38.986	44.722	240.55	317.06	3.2986	3.8969e-05	0.075448	0.00054871	112.26	0.0089076	12.368	13.464	55.138	49.235	306.42	219.45	13.935	1.4151e-05	0.041220
276.22	4.3948	323.14	0.0030947	8.6364	9.0179	39.034	44.789	243.03	315.70	3.3253	3.8859e-05	0.075397	0.00053995	112.73	0.0088710	12.360	13.454	55.094	49.325	310.54	219.28	13.905	1.4182e-05	0.041442
276.31	4.4032	322.57	0.0031001	8.6488	9.0318	39.081	44.856	245.59	314.34	3.3523	3.8749e-05	0.075348	0.00053123	113.19	0.0088344	12.353	13.444	55.050	49.416	314.78	219.11	13.874	1.4214e-05	0.041668
276.39	4.4116	322.00	0.0031056	8.6613	9.0457	39.129	44.925	248.21	312.98	3.3796	3.8638e-05	0.075300	0.00052254	113.67	0.0087978	12.345	13.434	55.006	49.508	319.13	218.94	13.844	1.4246e-05	0.041898
276.47	4.4200	321.43	0.0031111	8.6739	9.0596	39.177	44.994	250.90	311.62	3.4073	3.8527e-05	0.075253	0.00051389	114.14	0.0087611	12.337	13.424	54.962	49.601	323.61	218.77	13.813	1.4278e-05	0.042131
276.56	4.4284	320.85	0.0031167	8.6864	9.0736	39.225	45.065	253.68	310.25	3.4353	3.8415e-05	0.075209	0.00050527	114.62	0.0087245	12.330	13.414	54.917	49.695	328.21	218.60	13.782	1.4310e-05	0.042368
276.64	4.4368	320.26	0.0031224	8.6991	9.0877	39.273	45.137	256.53	308.88	3.4637	3.8303e-05	0.075166	0.00049669	115.10	0.0086879	12.322	13.403	54.872	49.790	332.95	218.42	13.750	1.4343e-05	0.042610
276.73	4.4452	319.68	0.0031281	8.7118	9.1019	39.321	45.210	259.46	307.50	3.4924	3.8191e-05	0.075124	0.00048814	115.59	0.0086512	12.314	13.393	54.827	49.887	337.83	218.24	13.718	1.4376e-05	0.042855
276.81	4.4536	319.09	0.0031339	8.7245	9.1161	39.370	45.284	262.48	306.12	3.5215	3.8078e-05	0.075085	0.00047963	116.08	0.0086145	12.306	13.382	54.781	49.984	342.86	218.07	13.686	1.4410e-05	0.043105
276.89	4.4620	318.49	0.0031398	8.7373	9.1303	39.419	45.359	265.59	304.74	3.5510	3.7965e-05	0.075048	0.00047116	116.58	0.0085778	12.297	13.371	54.735	50.083	348.04	217.89	13.654	1.4444e-05	0.043359
276.98	4.4704	317.89	0.0031457	8.7502	9.1447	39.468	45.436	268.80	303.35	3.5809	3.7852e-05	0.075013	0.00046272	117.08	0.0085411	12.289	13.360	54.688	50.184	353.38	217.71	13.621	1.4478e-05	0.043618
277.06	4.4788	317.29	0.0031517	8.7631	9.1591	39.517	45.514	272.10	301.95	3.6112	3.7737e-05	0.074980	0.00045431	117.59	0.0085044	12.281	13.349	54.641	50.286	358.88	217.53	13.588	1.4513e-05	0.043881
277.15	4.4872	316.68	0.0031578	8.7761	9.1736	39.567	45.593	275.51	300.56	3.6419	3.7623e-05	0.074949	0.00044595	118.10	0.0084676	12.272	13.338	54.594	50.389	364.56	217.34	13.555	1.4548e-05	0.044149
277.23	4.4956	316.07	0.0031639	8.7891	9.1881	39.617	45.673	279.03	299.16	3.6730	3.7508e-05	0.074920	0.00043761	118.61	0.0084308	12.264	13.327	54.547	50.494	370.43	217.16	13.522	1.4583e-05	0.044423
277.31	4.5040	315.45	0.0031701	8.8022	9.2028	39.667	45.755	282.66	297.75	3.7045	3.7392e-05	0.074894	0.00042932	119.13	0.0083940	12.255	13.316	54.498	50.600	376.48	216.97	13.488	1.4619e-05	0.044701
277.39	4.5124	314.82	0.0031764	8.8154	9.2175	39.717	45.839	286.41	296.34	3.7365	3.7276e-05	0.074870	0.00042106	119.66	0.0083571	12.246	13.304	54.450	50.708	382.74	216.78	13.454	1.4655e-05	0.044985
277.48	4.5208	314.20	0.0031827	8.8286	9.2322	39.768	45.924	290.28	294.92	3.7689	3.7159e-05	0.074849	0.00041284	120.19	0.0083201	12.237	13.293	54.401	50.817	389.21	216.59	13.419	1.4692e-05	0.045275
277.56	4.5292	313.56	0.0031892	8.8419	9.2471	39.819	46.011	294.29	293.50	3.8018	3.7042e-05	0.074831	0.00040465	120.73	0.0082831	12.228	13.281	54.352	50.929	395.90	216.39	13.385	1.4729e-05	0.045570
277.64	4.5376	312.92	0.0031957	8.8553	9.2621	39.870	46.099	298.44	292.07	3.8351	3.6924e-05	0.074815	0.00039650	121.27	0.0082461	12.219	13.269	54.302	51.042	402.83	216.20	13.349	1.4767e-05	0.045872
277.73	4.5460	312.28	0.0032023	8.8687	9.2771	39.921	46.189	302.73	290.64	3.8689	3.6806e-05	0.074802	0.00038839	121.82	0.0082090	12.210	13.257	54.252	51.156	410.00	216.00	13.314	1.4805e-05	0.046179
277.81	4.5544	311.63	0.0032090	8.8823	9.2923	39.973	46.281	307.18	289.20	3.9033	3.6687e-05	0.074793	0.00038032	122.37	0.0081718	12.201	13.245	54.201	51.273	417.43	215.80	13.278	1.4844e-05	0.046494
277.89	4.5628	310.97	0.0032157	8.8959	9.3075	40.025	46.375	311.79	287.76	3.9381	3.6567e-05	0.074786	0.00037228	122.93	0.0081346	12.191	13.232	54.149	51.392	425.14	215.60	13.242	1.4883e-05	0.046815
277.97	4.5712	310.31	0.0032226	8.9095	9.3228	40.078	46.470	316.57	286.31	3.9734	3.6447e-05	0.074783	0.00036429	123.50	0.0080973	12.182	13.220	54.098	51.512	433.13	215.39	13.205	1.4923e-05	0.047143
278.05	4.5796	309.64	0.0032296	8.9233	9.3382	40.130	46.568	321.53	284.85	4.0093	3.6326e-05	0.074783	0.00035633	124.07	0.0080599	12.172	13.207	54.045	51.635	441.43	215.18	13.168	1.4963e-05	0.047478
278.14	4.5880	308.96	0.0032367	8.9372	9.3538	40.183	46.667	326.69	283.39	4.0458	3.6204e-05	0.074787	0.00034841	124.65	0.0080224	12.162	13.195	53.993	51.760	450.06	214.97	13.131	1.5004e-05	0.047821
278.22	4.5965	308.28	0.0032438	8.9511	9.3694	40.237	46.769	332.05	281.92	4.0828	3.6082e-05	0.074795	0.00034052	125.24	0.0079848	12.152	13.182	53.939	51.887	459.02	214.76	13.093	1.5045e-05	0.048173
278.30	4.6049	307.59	0.0032511	8.9652	9.3852	40.291	46.873	337.62	280.44	4.1204	3.5958e-05	0.074807	0.00033268	125.83	0.0079472	12.142	13.168	53.885	52.016	468.35	214.54	13.055	1.5087e-05	0.048532
278.38	4.6133	306.89	0.0032585	8.9793	9.4010	40.345	46.980	343.42	278.96	4.1586	3.5834e-05	0.074823	0.00032488	126.43	0.0079094	12.131	13.155	53.830	52.148	478.06	214.32	13.016	1.5130e-05	0.048900
278.46	4.6217	306.19	0.0032660	8.9936	9.4170	40.400	47.089	349.47	277.46	4.1974	3.5709e-05	0.074843	0.00031711	127.04	0.0078715	12.121	13.142	53.775	52.283	488.18	214.10	12.977	1.5173e-05	0.049278
278.54	4.6301	305.48	0.0032736	9.0079	9.4331	40.455	47.200	355.78	275.96	4.2369	3.5584e-05	0.074868	0.00030939	127.66	0.0078335	12.110	13.128	53.719	52.420	498.74	213.87	12.937	1.5217e-05	0.049665
278.62	4.6385	304.76	0.0032813	9.0223	9.4493	40.510	47.315	362.36	274.46	4.2770	3.5457e-05	0.074898	0.00030171	128.28	0.0077954	12.100	13.114	53.663	52.559	509.76	213.64	12.897	1.5262e-05	0.050062
278.70	4.6469	304.03	0.0032892	9.0369	9.4657	40.566	47.432	369.24	272.94	4.3178	3.5329e-05	0.074933	0.00029407	128.91	0.0077571	12.089	13.100	53.606	52.702	521.27	213.41	12.856	1.5307e-05	0.050469
278.78	4.6553	303.29	0.0032972	9.0516	9.4822	40.622	47.552	376.43	271.41	4.3593	3.5201e-05	0.074972	0.00028647	129.55	0.0077187	12.078	13.086	53.548	52.848	533.30	213.17	12.815	1.5354e-05	0.050888
278.87	4.6637	302.55	0.0033053	9.0664	9.4988	40.679	47.675	383.96	269.88	4.4016	3.5071e-05	0.075018	0.00027891	130.21	0.0076802	12.066	13.071	53.489	52.997	545.90	212.93	12.774	1.5400e-05	0.051318
278.95	4.6721	301.79	0.0033136	9.0813	9.5156	40.737	47.801	391.85	268.33	4.4445	3.4941e-05	0.075069	0.00027139	130.86	0.0076415	12.055	13.056	53.430	53.149	559.11	212.68	12.731	1.5448e-05	0.051761
279.03	4.6805	301.03	0.0033220	9.0964	9.5326	40.795	47.931	400.13	266.78	4.4883	3.4809e-05	0.075127	0.00026391	131.53	0.0076026	12.043	13.041	53.370	53.304	572.96	212.43	12.689	1.5497e-05	0.052216
279.11	4.6889	300.25	0.0033305	9.1116	9.5497	40.853	48.065	408.83	265.21	4.5328	3.4676e-05	0.075191	0.00025648	132.21	0.0075635	12.031	13.026	53.309	53.464	587.50	212.18	12.645	1.5546e-05	0.052685
279.19	4.6973	299.47	0.0033393	9.1269	9.5669	40.912	48.202	417.97	263.63	4.5782	3.4542e-05	0.075262	0.00024909	132.90	0.0075243	12.019	13.011	53.247	53.627	602.79	211.92	12.601	1.5596e-05	0.053168
279.27	4.7057	298.67	0.0033482	9.1424	9.5844	40.972	48.344	427.60	262.04	4.6245	3.4407e-05	0.075340	0.00024175	133.60	0.0074848	12.007	12.995	53.184	53.794	618.89	211.65	12.557	1.5648e-05	0.053666
279.35	4.7141	297.87	0.0033572	9.1580	9.6020	41.032	48.489	437.76	260.44	4.6716	3.4271e-05	0.075426	0.00023444	134.32	0.0074452	11.994	12.979	53.120	53.965	635.85	211.38	12.511	1.5700e-05	0.054181
279.43	4.7225	297.05	0.0033665	9.1738	9.6198	41.093	48.639	448.47	258.83	4.7196	3.4133e-05	0.075520	0.00022719	135.04	0.0074053	11.981	12.963	53.056	54.140	653.75	211.10	12.466	1.5753e-05	0.054713
279.50	4.7309	296.22	0.0033759	9.1897	9.6378	41.155	48.794	459.81	257.20	4.7687	3.3994e-05	0.075623	0.00021998	135.77	0.0073652	11.968	12.946	52.990	54.320	672.68	210.82	12.419	1.5808e-05	0.055262
279.58	4.7393	295.37	0.0033855	9.2059	9.6560	41.217	48.954	471.81	255.56	4.8187	3.3853e-05	0.075735	0.00021281	136.52	0.0073248	11.955	12.929	52.923	54.505	692.71	210.53	12.372	1.5863e-05	0.055832
279.66	4.7477	294.52	0.0033954	9.2222	9.6744	41.280	49.119	484.55	253.91	4.8697	3.3711e-05	0.075857	0.00020570	137.29	0.0072841	11.942	12.912	52.856	54.696	713.94	210.23	12.323	1.5920e-05	0.056421
279.74	4.7561	293.65	0.0034055	9.2387	9.6931	41.344	49.290	498.08	252.24	4.9218	3.3567e-05	0.075990	0.00019862	138.06	0.0072432	11.928	12.894	52.787	54.891	736.50	209.93	12.275	1.5978e-05	0.057033
279.82	4.7645	292.76	0.0034158	9.2554	9.7120	41.408	49.467	512.49	250.55	4.9751	3.3421e-05	0.076133	0.00019160	138.85	0.0072019	11.914	12.876	52.717	55.093	760.49	209.62	12.225	1.6037e-05	0.057669
279.90	4.7729	291.86	0.0034263	9.2724	9.7311	41.474	49.651	527.86	248.85	5.0295	3.3274e-05	0.076290	0.00018463	139.66	0.0071603	11.899	12.858	52.645	55.300	786.06	209.30	12.174	1.6097e-05	0.058329
279.98	4.7813	290.94	0.0034371	9.2895	9.7506	41.540	49.841	544.28	247.13	5.0851	3.3124e-05	0.076459	0.00017771	140.48	0.0071184	11.885	12.839	52.573	55.514	813.37	208.97	12.123	1.6160e-05	0.059017
280.06	4.7897	290.01	0.0034482	9.3069	9.7703	41.608	50.039	561.88	245.39	5.1420	3.2973e-05	0.076642	0.00017083	141.32	0.0070761	11.869	12.820	52.498	55.735	842.60	208.63	12.070	1.6223e-05	0.059735
280.14	4.7981	289.06	0.0034595	9.3246	9.7903	41.676	50.244	580.78	243.64	5.2003	3.2819e-05	0.076841	0.00016401	142.18	0.0070334	11.854	12.801	52.423	55.964	873.95	208.28	12.017	1.6288e-05	0.060484
280.21	4.8065	288.08	0.0034712	9.3425	9.8106	41.746	50.458	601.12	241.86	5.2599	3.2663e-05	0.077057	0.00015724	143.06	0.0069903	11.838	12.781	52.346	56.200	907.66	207.92	11.962	1.6355e-05	0.061267
280.29	4.8149	287.09	0.0034832	9.3607	9.8312	41.817	50.682	623.08	240.06	5.3211	3.2505e-05	0.077291	0.00015052	143.95	0.0069467	11.822	12.760	52.267	56.445	944.00	207.55	11.907	1.6424e-05	0.062088
280.37	4.8233	286.08	0.0034955	9.3792	9.8522	41.889	50.915	646.85	238.24	5.3838	3.2344e-05	0.077545	0.00014386	144.87	0.0069026	11.805	12.739	52.186	56.698	983.29	207.16	11.850	1.6495e-05	0.062949
280.45	4.8317	285.04	0.0035083	9.3981	9.8736	41.962	51.158	672.66	236.39	5.4481	3.2181e-05	0.077821	0.00013726	145.81	0.0068580	11.788	12.718	52.104	56.962	1025.9	206.77	11.792	1.6568e-05	0.063855
280.53	4.8401	283.98	0.0035214	9.4173	9.8954	42.037	51.414	700.79	234.51	5.5141	3.2015e-05	0.078121	0.00013071	146.78	0.0068129	11.771	12.696	52.019	57.236	1072.2	206.35	11.733	1.6643e-05	0.064810
280.60	4.8485	282.89	0.0035349	9.4368	9.9176	42.113	51.681	731.55	232.61	5.5820	3.1845e-05	0.078449	0.00012422	147.77	0.0067671	11.753	12.673	51.933	57.521	1122.8	205.92	11.672	1.6720e-05	0.065819
280.68	4.8569	281.78	0.0035489	9.4567	9.9403	42.191	51.963	765.32	230.68	5.6517	3.1672e-05	0.078807	0.00011779	148.79	0.0067207	11.734	12.650	51.844	57.819	1178.2	205.48	11.610	1.6800e-05	0.066887
280.76	4.8653	280.63	0.0035634	9.4771	9.9635	42.270	52.259	802.56	228.72	5.7236	3.1496e-05	0.079198	0.00011142	149.84	0.0066736	11.715	12.626	51.753	58.130	1239.2	205.01	11.547	1.6883e-05	0.068022
280.84	4.8737	279.45	0.0035784	9.4980	9.9872	42.352	52.572	843.82	226.73	5.7975	3.1315e-05	0.079629	0.00010512	150.93	0.0066257	11.695	12.601	51.659	58.455	1306.6	204.52	11.482	1.6969e-05	0.069231
280.91	4.8821	278.24	0.0035940	9.5193	10.012	42.436	52.903	889.78	224.69	5.8739	3.1131e-05	0.080102	9.8880e-05	152.05	0.0065769	11.674	12.575	51.562	58.796	1381.5	204.02	11.415	1.7058e-05	0.070523
280.99	4.8905	276.99	0.0036103	9.5412	10.037	42.521	53.254	941.26	222.62	5.9526	3.0941e-05	0.080626	9.2709e-05	153.20	0.0065272	11.653	12.549	51.462	59.155	1465.1	203.48	11.346	1.7150e-05	0.071910
281.07	4.8990	275.69	0.0036272	9.5637	10.062	42.610	53.627	999.30	220.51	6.0341	3.0747e-05	0.081208	8.6608e-05	154.40	0.0064765	11.631	12.521	51.359	59.533	1559.1	202.92	11.275	1.7247e-05	0.073403
281.14	4.9074	274.35	0.0036450	9.5868	10.089	42.701	54.024	1065.2	218.35	6.1184	3.0547e-05	0.081856	8.0579e-05	155.65	0.0064247	11.608	12.493	51.252	59.932	1665.4	202.33	11.202	1.7348e-05	0.075020
281.22	4.9158	272.96	0.0036636	9.6107	10.116	42.795	54.449	1140.6	216.15	6.2058	3.0342e-05	0.082584	7.4626e-05	156.95	0.0063716	11.584	12.463	51.141	60.355	1786.7	201.70	11.127	1.7453e-05	0.076780
281.30	4.9242	271.51	0.0036831	9.6354	10.144	42.892	54.906	1227.8	213.89	6.2966	3.0129e-05	0.083405	6.8753e-05	158.30	0.0063171	11.559	12.432	51.025	60.804	1926.2	201.03	11.048	1.7564e-05	0.078705
281.37	4.9326	270.00	0.0037038	9.6610	10.174	42.993	55.397	1329.5	211.57	6.3910	2.9909e-05	0.084339	6.2962e-05	159.72	0.0062611	11.533	12.399	50.904	61.283	2088.2	200.32	10.967	1.7681e-05	0.080828
281.45	4.9410	268.41	0.0037256	9.6877	10.204	43.099	55.929	1449.7	209.18	6.4895	2.9680e-05	0.085410	5.7258e-05	161.21	0.0062032	11.505	12.365	50.777	61.796	2278.7	199.56	10.883	1.7805e-05	0.083185
281.53	4.9494	266.74	0.0037489	9.7155	10.236	43.209	56.508	1593.8	206.73	6.5925	2.9441e-05	0.086652	5.1646e-05	162.78	0.0061433	11.476	12.329	50.644	62.347	2505.5	198.74	10.795	1.7937e-05	0.085829
281.60	4.9578	264.98	0.0037739	9.7447	10.270	43.325	57.141	1769.3	204.19	6.7004	2.9191e-05	0.088110	4.6132e-05	164.44	0.0060811	11.445	12.291	50.503	62.944	2780.0	197.85	10.703	1.8078e-05	0.088825
281.68	4.9662	263.11	0.0038007	9.7755	10.305	43.448	57.839	1987.6	201.56	6.8140	2.8928e-05	0.089845	4.0723e-05	166.22	0.0060161	11.412	12.250	50.354	63.592	3118.7	196.89	10.607	1.8229e-05	0.092268
281.75	4.9746	261.10	0.0038299	9.8083	10.343	43.579	58.613	2265.6	198.83	6.9340	2.8649e-05	0.091950	3.5427e-05	168.13	0.0059477	11.377	12.207	50.194	64.303	3546.3	195.82	10.505	1.8393e-05	0.096288
281.83	4.9830	258.94	0.0038620	9.8433	10.383	43.719	59.481	2631.0	195.98	7.0614	2.8351e-05	0.094562	3.0254e-05	170.20	0.0058754	11.338	12.159	50.021	65.089	4102.4	194.64	10.396	1.8573e-05	0.10108
281.90	4.9914	256.57	0.0038976	9.8814	10.427	43.872	60.466	3130.7	193.00	7.1977	2.8029e-05	0.097898	2.5218e-05	172.48	0.0057979	11.296	12.107	49.832	65.967	4853.4	193.32	10.280	1.8773e-05	0.10694
281.98	4.9998	253.94	0.0039379	9.9232	10.476	44.040	61.603	3851.5	189.84	7.3448	2.7676e-05	0.10233	2.0334e-05	175.01	0.0057140	11.248	12.050	49.623	66.962	5920.9	191.80	10.154	1.8998e-05	0.11439
282.05	5.0082	250.96	0.0039847	9.9703	10.530	44.230	62.943	4973.1	186.48	7.5056	2.7282e-05	0.10856	1.5627e-05	177.90	0.0056211	11.194	11.984	49.385	68.111	7551.8	190.03	10.016	1.9258e-05	0.12433
282.13	5.0166	247.46	0.0040411	10.025	10.594	44.452	64.574	6933.3	182.85	7.6850	2.6826e-05	0.11810	1.1129e-05	181.32	0.0055152	11.131	11.907	49.108	69.475	10336.	187.88	9.8596	1.9571e-05	0.13869
282.20	5.0250	243.09	0.0041137	10.093	10.673	44.729	66.669	11125.	178.84	7.8925	2.6269e-05	0.13499	6.8960e-06	185.60	0.0053878	11.052	11.811	48.763	71.169	16100.	185.13	9.6755	1.9972e-05	0.16248
282.28	5.0334	236.87	0.0042218	10.189	10.785	45.123	undefined	undefined	undefined	8.1534	2.5497e-05	undefined	3.0356e-06	191.76	0.0052149	10.939	11.675	48.276	undefined	undefined	undefined	9.4363	2.0562e-05	undefined
282.35	5.0417	214.24	0.0046677	10.545	11.206	46.609	undefined	undefined	undefined	0.0000	2.2883e-05	undefined	0.0000	214.24	0.0046677	10.545	11.206	46.609	undefined	undefined	undefined	0.0000	2.2883e-05	undefined
