Temperature (K)	Pressure (MPa)	Density (l, kg/m3)	Volume (l, m3/kg)	Internal Energy (l, kJ/mol)	Enthalpy (l, kJ/mol)	Entropy (l, J/mol*K)	Cv (l, J/mol*K)	Cp (l, J/mol*K)	Sound Spd. (l, m/s)	Joule-Thomson (l, K/MPa)	Viscosity (l, Pa*s)	Therm. Cond. (l, W/m*K)	Surf. Tension (l, N/m)	Density (v, kg/m3)	Volume (v, m3/kg)	Internal Energy (v, kJ/mol)	Enthalpy (v, kJ/mol)	Entropy (v, J/mol*K)	Cv (v, J/mol*K)	Cp (v, J/mol*K)	Sound Spd. (v, m/s)	Joule-Thomson (v, K/MPa)	Viscosity (v, Pa*s)	Therm. Cond. (v, W/m*K)
2.1768	0.0050393	146.02	0.0068486	-0.027592	-0.027454	-7.7072	12.603	12.630	220.55	-2.1329	3.5730e-06	0.013496	0.00028633	1.1744	0.85150	0.046318	0.063493	34.073	12.432	21.802	84.380	18.812	5.3759e-07	0.0039781
2.2062	0.0054114	145.98	0.0068502	-0.027232	-0.027083	-7.5427	11.876	11.939	220.99	-2.2347	3.6007e-06	0.013638	0.00028400	1.2474	0.80164	0.046619	0.063982	33.735	12.432	21.860	84.837	18.609	5.4680e-07	0.0040556
2.2342	0.0057836	145.93	0.0068526	-0.026905	-0.026747	-7.3957	11.284	11.394	221.43	-2.3218	3.6241e-06	0.013770	0.00028176	1.3197	0.75774	0.046904	0.064445	33.420	12.431	21.917	85.266	18.421	5.5556e-07	0.0041280
2.2610	0.0061557	145.87	0.0068554	-0.026606	-0.026437	-7.2626	10.797	10.959	221.85	-2.3953	3.6440e-06	0.013893	0.00027959	1.3913	0.71877	0.047174	0.064884	33.127	12.431	21.973	85.671	18.244	5.6394e-07	0.0041961
2.2868	0.0065278	145.80	0.0068587	-0.026330	-0.026150	-7.1408	10.394	10.610	222.26	-2.4567	3.6609e-06	0.014008	0.00027749	1.4622	0.68392	0.047432	0.065301	32.851	12.431	22.029	86.053	18.079	5.7196e-07	0.0042603
2.3115	0.0069000	145.72	0.0068623	-0.026071	-0.025882	-7.0285	10.056	10.329	222.66	-2.5072	3.6753e-06	0.014117	0.00027546	1.5324	0.65255	0.047677	0.065699	32.591	12.431	22.084	86.416	17.923	5.7967e-07	0.0043212
2.3353	0.0072721	145.64	0.0068662	-0.025829	-0.025629	-6.9239	9.7714	10.102	223.03	-2.5483	3.6876e-06	0.014220	0.00027348	1.6022	0.62416	0.047912	0.066079	32.346	12.431	22.138	86.760	17.775	5.8709e-07	0.0043792
2.3583	0.0076442	145.55	0.0068703	-0.025599	-0.025389	-6.8261	9.5301	9.9183	223.39	-2.5811	3.6981e-06	0.014317	0.00027155	1.6713	0.59832	0.048137	0.066443	32.113	12.432	22.192	87.089	17.636	5.9425e-07	0.0044347
2.3806	0.0080164	145.46	0.0068746	-0.025381	-0.025160	-6.7340	9.3243	9.7698	223.72	-2.6067	3.7071e-06	0.014410	0.00026967	1.7400	0.57470	0.048353	0.066793	31.892	12.432	22.246	87.402	17.503	6.0117e-07	0.0044877
2.4022	0.0083885	145.37	0.0068790	-0.025173	-0.024942	-6.6468	9.1480	9.6504	224.02	-2.6260	3.7147e-06	0.014498	0.00026784	1.8083	0.55302	0.048560	0.067128	31.681	12.433	22.299	87.702	17.376	6.0787e-07	0.0045387
2.4231	0.0087606	145.27	0.0068835	-0.024973	-0.024731	-6.5639	8.9964	9.5547	224.30	-2.6400	3.7212e-06	0.014583	0.00026605	1.8760	0.53304	0.048760	0.067451	31.480	12.433	22.352	87.989	17.256	6.1438e-07	0.0045879
2.4434	0.0091328	145.18	0.0068881	-0.024781	-0.024529	-6.4849	8.8656	9.4790	224.55	-2.6494	3.7267e-06	0.014664	0.00026431	1.9434	0.51456	0.048953	0.067762	31.287	12.434	22.404	88.265	17.141	6.2069e-07	0.0046352
2.4631	0.0095049	145.08	0.0068928	-0.024595	-0.024333	-6.4092	8.7523	9.4199	224.77	-2.6548	3.7312e-06	0.014741	0.00026260	2.0104	0.49741	0.049139	0.068063	31.102	12.435	22.457	88.530	17.030	6.2683e-07	0.0046811
2.4823	0.0098770	144.98	0.0068976	-0.024416	-0.024143	-6.3366	8.6540	9.3748	224.97	-2.6569	3.7350e-06	0.014816	0.00026092	2.0770	0.48146	0.049319	0.068353	30.925	12.435	22.508	88.785	16.925	6.3281e-07	0.0047255
2.5011	0.010249	144.88	0.0069024	-0.024242	-0.023959	-6.2666	8.5685	9.3416	225.14	-2.6560	3.7381e-06	0.014887	0.00025928	2.1433	0.46657	0.049493	0.068633	30.754	12.436	22.560	89.031	16.823	6.3864e-07	0.0047686
2.5193	0.010621	144.78	0.0069072	-0.024073	-0.023779	-6.1992	8.4941	9.3185	225.29	-2.6527	3.7406e-06	0.014957	0.00025767	2.2092	0.45265	0.049662	0.068905	30.590	12.437	22.611	89.268	16.725	6.4433e-07	0.0048104
2.5372	0.010993	144.67	0.0069121	-0.023908	-0.023604	-6.1339	8.4293	9.3040	225.42	-2.6473	3.7426e-06	0.015023	0.00025609	2.2748	0.43959	0.049825	0.069168	30.431	12.438	22.663	89.496	16.631	6.4988e-07	0.0048511
2.5546	0.011366	144.57	0.0069170	-0.023747	-0.023432	-6.0707	8.3728	9.2969	225.52	-2.6400	3.7441e-06	0.015088	0.00025455	2.3402	0.42732	0.049984	0.069423	30.278	12.439	22.713	89.718	16.540	6.5531e-07	0.0048908
2.5716	0.011738	144.47	0.0069219	-0.023590	-0.023265	-6.0094	8.3236	9.2963	225.60	-2.6313	3.7451e-06	0.015150	0.00025302	2.4052	0.41577	0.050138	0.069671	30.130	12.440	22.764	89.932	16.453	6.6062e-07	0.0049295
2.5883	0.012110	144.37	0.0069268	-0.023437	-0.023101	-5.9498	8.2807	9.3011	225.67	-2.6212	3.7458e-06	0.015211	0.00025153	2.4699	0.40487	0.050288	0.069912	29.986	12.441	22.815	90.139	16.368	6.6582e-07	0.0049673
2.6046	0.012482	144.26	0.0069317	-0.023286	-0.022940	-5.8918	8.2434	9.3108	225.71	-2.6101	3.7461e-06	0.015270	0.00025006	2.5344	0.39457	0.050433	0.070146	29.847	12.442	22.865	90.340	16.286	6.7092e-07	0.0050042
2.6206	0.012854	144.16	0.0069367	-0.023139	-0.022782	-5.8352	8.2110	9.3246	225.74	-2.5980	3.7461e-06	0.015326	0.00024861	2.5987	0.38481	0.050575	0.070374	29.712	12.443	22.915	90.535	16.207	6.7592e-07	0.0050403
2.6363	0.013226	144.06	0.0069416	-0.022994	-0.022627	-5.7801	8.1830	9.3421	225.75	-2.5852	3.7458e-06	0.015382	0.00024719	2.6627	0.37556	0.050713	0.070595	29.581	12.445	22.965	90.724	16.130	6.8082e-07	0.0050757
2.6517	0.013598	143.96	0.0069466	-0.022852	-0.022474	-5.7262	8.1588	9.3628	225.75	-2.5717	3.7453e-06	0.015435	0.00024578	2.7265	0.36678	0.050848	0.070811	29.453	12.446	23.015	90.907	16.055	6.8563e-07	0.0051103
2.6668	0.013971	143.85	0.0069515	-0.022712	-0.022323	-5.6735	8.1381	9.3862	225.73	-2.5576	3.7445e-06	0.015488	0.00024440	2.7900	0.35842	0.050979	0.071022	29.329	12.447	23.065	91.086	15.983	6.9036e-07	0.0051443
2.6816	0.014343	143.75	0.0069564	-0.022574	-0.022175	-5.6219	8.1204	9.4121	225.69	-2.5432	3.7435e-06	0.015539	0.00024304	2.8533	0.35047	0.051108	0.071227	29.209	12.448	23.114	91.260	15.912	6.9501e-07	0.0051776
2.6962	0.014715	143.65	0.0069614	-0.022439	-0.022029	-5.5714	8.1054	9.4402	225.65	-2.5283	3.7424e-06	0.015588	0.00024170	2.9165	0.34288	0.051233	0.071427	29.091	12.450	23.164	91.429	15.844	6.9958e-07	0.0052103
2.7105	0.015087	143.55	0.0069663	-0.022305	-0.021885	-5.5219	8.0929	9.4701	225.59	-2.5132	3.7411e-06	0.015636	0.00024038	2.9794	0.33563	0.051355	0.071623	28.977	12.451	23.213	91.593	15.777	7.0407e-07	0.0052424
2.7245	0.015459	143.45	0.0069712	-0.022174	-0.021742	-5.4734	8.0826	9.5018	225.52	-2.4978	3.7396e-06	0.015684	0.00023907	3.0422	0.32871	0.051474	0.071814	28.865	12.452	23.262	91.754	15.713	7.0850e-07	0.0052740
2.7384	0.015831	143.35	0.0069761	-0.022044	-0.021602	-5.4257	8.0742	9.5349	225.45	-2.4822	3.7379e-06	0.015729	0.00023778	3.1048	0.32209	0.051591	0.072000	28.756	12.454	23.311	91.910	15.650	7.1286e-07	0.0053051
2.7520	0.016203	143.24	0.0069811	-0.021916	-0.021463	-5.3789	8.0676	9.5693	225.36	-2.4665	3.7362e-06	0.015774	0.00023651	3.1672	0.31574	0.051705	0.072182	28.649	12.455	23.360	92.063	15.588	7.1715e-07	0.0053356
2.7654	0.016575	143.14	0.0069859	-0.021789	-0.021326	-5.3329	8.0625	9.6049	225.26	-2.4507	3.7343e-06	0.015818	0.00023526	3.2294	0.30966	0.051816	0.072360	28.545	12.456	23.409	92.211	15.528	7.2138e-07	0.0053657
2.7786	0.016948	143.04	0.0069908	-0.021664	-0.021190	-5.2876	8.0589	9.6415	225.16	-2.4349	3.7323e-06	0.015861	0.00023402	3.2915	0.30382	0.051926	0.072535	28.443	12.458	23.458	92.356	15.470	7.2555e-07	0.0053953
2.7916	0.017320	142.94	0.0069957	-0.021540	-0.021055	-5.2431	8.0566	9.6791	225.04	-2.4190	3.7302e-06	0.015903	0.00023279	3.3534	0.29821	0.052033	0.072705	28.343	12.459	23.507	92.498	15.413	7.2966e-07	0.0054245
2.8045	0.017692	142.85	0.0070006	-0.021418	-0.020922	-5.1993	8.0555	9.7174	224.92	-2.4031	3.7280e-06	0.015944	0.00023158	3.4151	0.29281	0.052137	0.072872	28.246	12.460	23.556	92.637	15.357	7.3372e-07	0.0054533
2.8171	0.018064	142.75	0.0070054	-0.021297	-0.020790	-5.1561	8.0554	9.7565	224.80	-2.3871	3.7258e-06	0.015984	0.00023039	3.4768	0.28762	0.052240	0.073036	28.150	12.462	23.605	92.772	15.302	7.3772e-07	0.0054817
2.8296	0.018436	142.65	0.0070103	-0.021177	-0.020660	-5.1136	8.0563	9.7961	224.66	-2.3713	3.7234e-06	0.016023	0.00022921	3.5383	0.28263	0.052340	0.073196	28.056	12.463	23.653	92.904	15.249	7.4167e-07	0.0055096
2.8419	0.018808	142.55	0.0070151	-0.021059	-0.020531	-5.0717	8.0580	9.8364	224.53	-2.3554	3.7210e-06	0.016062	0.00022804	3.5996	0.27781	0.052439	0.073353	27.964	12.465	23.702	93.034	15.197	7.4558e-07	0.0055372
2.8540	0.019180	142.45	0.0070199	-0.020941	-0.020403	-5.0304	8.0605	9.8771	224.38	-2.3396	3.7186e-06	0.016099	0.00022688	3.6608	0.27316	0.052536	0.073507	27.874	12.466	23.750	93.160	15.146	7.4943e-07	0.0055645
2.8660	0.019553	142.35	0.0070247	-0.020825	-0.020275	-4.9896	8.0637	9.9183	224.23	-2.3239	3.7160e-06	0.016136	0.00022574	3.7219	0.26868	0.052630	0.073658	27.786	12.468	23.799	93.284	15.096	7.5324e-07	0.0055914
2.8778	0.019925	142.26	0.0070295	-0.020710	-0.020149	-4.9494	8.0676	9.9599	224.08	-2.3083	3.7135e-06	0.016172	0.00022461	3.7829	0.26435	0.052723	0.073805	27.699	12.469	23.848	93.405	15.047	7.5701e-07	0.0056179
2.8894	0.020297	142.16	0.0070343	-0.020596	-0.020025	-4.9097	8.0720	10.002	223.92	-2.2927	3.7108e-06	0.016208	0.00022349	3.8437	0.26016	0.052815	0.073950	27.614	12.471	23.896	93.524	14.999	7.6073e-07	0.0056442
2.9010	0.020669	142.06	0.0070391	-0.020483	-0.019901	-4.8705	8.0770	10.044	223.75	-2.2773	3.7082e-06	0.016243	0.00022238	3.9045	0.25612	0.052904	0.074093	27.530	12.472	23.945	93.640	14.952	7.6441e-07	0.0056701
2.9123	0.021041	141.97	0.0070439	-0.020371	-0.019777	-4.8317	8.0825	10.086	223.59	-2.2619	3.7055e-06	0.016277	0.00022129	3.9651	0.25220	0.052992	0.074232	27.448	12.474	23.993	93.754	14.906	7.6805e-07	0.0056957
2.9236	0.021413	141.87	0.0070486	-0.020259	-0.019655	-4.7935	8.0884	10.129	223.42	-2.2466	3.7027e-06	0.016310	0.00022020	4.0256	0.24841	0.053079	0.074369	27.367	12.475	24.042	93.866	14.861	7.7165e-07	0.0057211
2.9347	0.021785	141.78	0.0070534	-0.020149	-0.019534	-4.7557	8.0947	10.172	223.24	-2.2315	3.6999e-06	0.016343	0.00021913	4.0860	0.24474	0.053163	0.074504	27.288	12.477	24.090	93.975	14.817	7.7521e-07	0.0057461
2.9457	0.022157	141.68	0.0070581	-0.020040	-0.019414	-4.7183	8.1014	10.215	223.06	-2.2164	3.6971e-06	0.016375	0.00021807	4.1464	0.24118	0.053247	0.074636	27.210	12.479	24.139	94.083	14.773	7.7874e-07	0.0057709
2.9565	0.022530	141.59	0.0070628	-0.019931	-0.019294	-4.6813	8.1084	10.259	222.88	-2.2015	3.6943e-06	0.016407	0.00021701	4.2066	0.23772	0.053329	0.074766	27.133	12.480	24.187	94.188	14.731	7.8223e-07	0.0057955
2.9673	0.022902	141.49	0.0070675	-0.019823	-0.019175	-4.6448	8.1157	10.302	222.70	-2.1867	3.6914e-06	0.016438	0.00021597	4.2667	0.23437	0.053409	0.074893	27.057	12.482	24.236	94.291	14.689	7.8569e-07	0.0058197
2.9779	0.023274	141.40	0.0070722	-0.019716	-0.019057	-4.6086	8.1232	10.345	222.52	-2.1720	3.6885e-06	0.016469	0.00021494	4.3268	0.23112	0.053488	0.075019	26.983	12.483	24.284	94.392	14.648	7.8911e-07	0.0058437
2.9884	0.023646	141.30	0.0070769	-0.019610	-0.018940	-4.5728	8.1310	10.389	222.33	-2.1574	3.6856e-06	0.016499	0.00021391	4.3867	0.22796	0.053566	0.075142	26.909	12.485	24.333	94.492	14.607	7.9250e-07	0.0058675
2.9988	0.024018	141.21	0.0070816	-0.019504	-0.018823	-4.5374	8.1390	10.433	222.14	-2.1429	3.6827e-06	0.016529	0.00021290	4.4466	0.22489	0.053643	0.075263	26.837	12.487	24.381	94.589	14.568	7.9586e-07	0.0058911
3.0091	0.024390	141.12	0.0070863	-0.019399	-0.018708	-4.5024	8.1473	10.477	221.95	-2.1285	3.6798e-06	0.016558	0.00021189	4.5064	0.22191	0.053718	0.075382	26.766	12.488	24.430	94.685	14.529	7.9919e-07	0.0059144
3.0193	0.024762	141.03	0.0070909	-0.019295	-0.018592	-4.4677	8.1557	10.520	221.75	-2.1143	3.6768e-06	0.016586	0.00021089	4.5661	0.21901	0.053792	0.075498	26.696	12.490	24.478	94.779	14.490	8.0248e-07	0.0059375
3.0293	0.025135	140.93	0.0070956	-0.019192	-0.018478	-4.4333	8.1642	10.564	221.55	-2.1001	3.6739e-06	0.016614	0.00020990	4.6257	0.21618	0.053865	0.075613	26.627	12.491	24.527	94.872	14.452	8.0575e-07	0.0059604
3.0393	0.025507	140.84	0.0071002	-0.019089	-0.018364	-4.3992	8.1729	10.608	221.36	-2.0861	3.6709e-06	0.016642	0.00020892	4.6853	0.21343	0.053936	0.075727	26.558	12.493	24.576	94.962	14.415	8.0899e-07	0.0059830
3.0492	0.025879	140.75	0.0071048	-0.018987	-0.018251	-4.3655	8.1818	10.652	221.16	-2.0722	3.6679e-06	0.016669	0.00020795	4.7448	0.21076	0.054007	0.075838	26.491	12.495	24.624	95.051	14.379	8.1221e-07	0.0060055
3.0590	0.026251	140.66	0.0071095	-0.018885	-0.018138	-4.3321	8.1907	10.696	220.96	-2.0584	3.6649e-06	0.016696	0.00020699	4.8042	0.20815	0.054076	0.075947	26.425	12.496	24.673	95.139	14.343	8.1539e-07	0.0060278
3.0687	0.026623	140.57	0.0071141	-0.018784	-0.018026	-4.2990	8.1998	10.740	220.76	-2.0447	3.6619e-06	0.016722	0.00020603	4.8636	0.20561	0.054145	0.076055	26.359	12.498	24.722	95.225	14.307	8.1855e-07	0.0060499
3.0783	0.026995	140.48	0.0071187	-0.018684	-0.017915	-4.2662	8.2089	10.784	220.55	-2.0311	3.6589e-06	0.016748	0.00020508	4.9228	0.20313	0.054212	0.076161	26.295	12.500	24.771	95.310	14.273	8.2168e-07	0.0060718
3.0878	0.027367	140.38	0.0071233	-0.018584	-0.017804	-4.2337	8.2181	10.828	220.35	-2.0176	3.6559e-06	0.016774	0.00020414	4.9821	0.20072	0.054278	0.076265	26.231	12.502	24.820	95.393	14.238	8.2479e-07	0.0060935
3.0972	0.027740	140.29	0.0071279	-0.018485	-0.017693	-4.2014	8.2274	10.872	220.14	-2.0043	3.6528e-06	0.016799	0.00020321	5.0412	0.19836	0.054343	0.076368	26.168	12.503	24.868	95.475	14.204	8.2788e-07	0.0061150
3.1065	0.028112	140.20	0.0071324	-0.018386	-0.017584	-4.1694	8.2368	10.916	219.94	-1.9910	3.6498e-06	0.016824	0.00020228	5.1004	0.19606	0.054407	0.076469	26.106	12.505	24.917	95.555	14.171	8.3094e-07	0.0061363
3.1158	0.028484	140.11	0.0071370	-0.018288	-0.017474	-4.1377	8.2462	10.960	219.73	-1.9779	3.6468e-06	0.016848	0.00020137	5.1594	0.19382	0.054471	0.076568	26.045	12.507	24.966	95.634	14.138	8.3398e-07	0.0061575
3.1250	0.028856	140.03	0.0071416	-0.018190	-0.017365	-4.1063	8.2557	11.004	219.52	-1.9648	3.6437e-06	0.016872	0.00020045	5.2184	0.19163	0.054533	0.076666	25.984	12.508	25.015	95.712	14.106	8.3699e-07	0.0061785
3.1341	0.029228	139.94	0.0071461	-0.018093	-0.017257	-4.0750	8.2652	11.048	219.31	-1.9519	3.6407e-06	0.016896	0.00019955	5.2774	0.18949	0.054594	0.076762	25.924	12.510	25.065	95.789	14.074	8.3998e-07	0.0061994
3.1431	0.029600	139.85	0.0071507	-0.017997	-0.017149	-4.0441	8.2747	11.092	219.10	-1.9390	3.6377e-06	0.016919	0.00019865	5.3363	0.18740	0.054655	0.076857	25.865	12.512	25.114	95.864	14.043	8.4296e-07	0.0062201
3.1520	0.029972	139.76	0.0071552	-0.017900	-0.017042	-4.0134	8.2842	11.136	218.89	-1.9262	3.6346e-06	0.016942	0.00019776	5.3951	0.18535	0.054714	0.076951	25.807	12.513	25.163	95.938	14.012	8.4591e-07	0.0062406
3.1609	0.030344	139.67	0.0071598	-0.017805	-0.016935	-3.9829	8.2938	11.180	218.68	-1.9136	3.6316e-06	0.016965	0.00019688	5.4539	0.18335	0.054773	0.077043	25.749	12.515	25.212	96.011	13.981	8.4884e-07	0.0062610
3.1697	0.030717	139.58	0.0071643	-0.017710	-0.016829	-3.9526	8.3034	11.224	218.47	-1.9010	3.6286e-06	0.016987	0.00019600	5.5127	0.18140	0.054831	0.077133	25.692	12.517	25.262	96.083	13.951	8.5174e-07	0.0062813
3.1784	0.031089	139.49	0.0071688	-0.017615	-0.016723	-3.9226	8.3130	11.268	218.25	-1.8886	3.6255e-06	0.017009	0.00019512	5.5714	0.17949	0.054888	0.077223	25.635	12.519	25.311	96.153	13.921	8.5463e-07	0.0063014
3.1870	0.031461	139.41	0.0071733	-0.017521	-0.016617	-3.8928	8.3226	11.312	218.04	-1.8762	3.6225e-06	0.017031	0.00019426	5.6301	0.17762	0.054944	0.077311	25.579	12.520	25.361	96.223	13.892	8.5750e-07	0.0063213
3.1956	0.031833	139.32	0.0071778	-0.017427	-0.016512	-3.8632	8.3322	11.355	217.83	-1.8639	3.6195e-06	0.017052	0.00019340	5.6887	0.17579	0.055000	0.077398	25.524	12.522	25.410	96.291	13.863	8.6036e-07	0.0063411
3.2041	0.032205	139.23	0.0071823	-0.017333	-0.016407	-3.8338	8.3418	11.399	217.61	-1.8517	3.6165e-06	0.017074	0.00019255	5.7473	0.17400	0.055054	0.077483	25.469	12.524	25.460	96.359	13.834	8.6319e-07	0.0063608
3.2126	0.032577	139.14	0.0071868	-0.017240	-0.016303	-3.8047	8.3514	11.443	217.40	-1.8396	3.6134e-06	0.017094	0.00019170	5.8058	0.17224	0.055108	0.077567	25.415	12.526	25.510	96.425	13.806	8.6600e-07	0.0063803
3.2210	0.032949	139.06	0.0071913	-0.017148	-0.016199	-3.7757	8.3610	11.487	217.19	-1.8275	3.6104e-06	0.017115	0.00019086	5.8644	0.17052	0.055161	0.077650	25.361	12.527	25.560	96.491	13.778	8.6880e-07	0.0063998
3.2293	0.033322	138.97	0.0071958	-0.017055	-0.016096	-3.7469	8.3706	11.531	216.97	-1.8156	3.6074e-06	0.017135	0.00019002	5.9229	0.16884	0.055214	0.077732	25.308	12.529	25.610	96.555	13.751	8.7158e-07	0.0064190
3.2375	0.033694	138.88	0.0072003	-0.016963	-0.015992	-3.7183	8.3802	11.574	216.76	-1.8037	3.6044e-06	0.017155	0.00018919	5.9813	0.16719	0.055265	0.077812	25.256	12.531	25.660	96.618	13.724	8.7434e-07	0.0064382
3.2457	0.034066	138.80	0.0072047	-0.016872	-0.015890	-3.6899	8.3897	11.618	216.54	-1.7919	3.6014e-06	0.017175	0.00018836	6.0397	0.16557	0.055316	0.077892	25.204	12.533	25.710	96.681	13.697	8.7709e-07	0.0064572
3.2539	0.034438	138.71	0.0072092	-0.016781	-0.015787	-3.6617	8.3993	11.662	216.33	-1.7802	3.5984e-06	0.017194	0.00018754	6.0981	0.16398	0.055366	0.077970	25.153	12.535	25.760	96.742	13.670	8.7982e-07	0.0064762
3.2619	0.034810	138.63	0.0072137	-0.016690	-0.015685	-3.6337	8.4088	11.706	216.11	-1.7686	3.5954e-06	0.017213	0.00018673	6.1565	0.16243	0.055416	0.078047	25.102	12.536	25.810	96.803	13.644	8.8253e-07	0.0064950
3.2699	0.035182	138.54	0.0072181	-0.016600	-0.015583	-3.6058	8.4183	11.749	215.89	-1.7571	3.5924e-06	0.017232	0.00018592	6.2148	0.16091	0.055465	0.078123	25.051	12.538	25.861	96.863	13.618	8.8523e-07	0.0065136
3.2779	0.035554	138.45	0.0072226	-0.016510	-0.015482	-3.5781	8.4277	11.793	215.68	-1.7456	3.5894e-06	0.017251	0.00018511	6.2731	0.15941	0.055513	0.078198	25.001	12.540	25.911	96.922	13.592	8.8791e-07	0.0065322
3.2858	0.035926	138.37	0.0072270	-0.016420	-0.015381	-3.5506	8.4372	11.837	215.46	-1.7342	3.5864e-06	0.017269	0.00018432	6.3314	0.15794	0.055560	0.078272	24.952	12.542	25.962	96.980	13.567	8.9058e-07	0.0065507
3.2937	0.036299	138.28	0.0072315	-0.016331	-0.015280	-3.5233	8.4466	11.880	215.25	-1.7228	3.5835e-06	0.017288	0.00018352	6.3897	0.15650	0.055607	0.078345	24.903	12.544	26.012	97.037	13.542	8.9323e-07	0.0065690
3.3015	0.036671	138.20	0.0072359	-0.016242	-0.015180	-3.4961	8.4560	11.924	215.03	-1.7116	3.5805e-06	0.017306	0.00018273	6.4479	0.15509	0.055653	0.078417	24.854	12.545	26.063	97.093	13.517	8.9587e-07	0.0065873
3.3092	0.037043	138.12	0.0072403	-0.016153	-0.015080	-3.4691	8.4653	11.967	214.81	-1.7004	3.5775e-06	0.017323	0.00018195	6.5061	0.15370	0.055699	0.078488	24.806	12.547	26.114	97.149	13.493	8.9849e-07	0.0066054
3.3169	0.037415	138.03	0.0072448	-0.016065	-0.014980	-3.4423	8.4746	12.011	214.60	-1.6892	3.5746e-06	0.017341	0.00018117	6.5643	0.15234	0.055744	0.078558	24.758	12.549	26.165	97.204	13.469	9.0110e-07	0.0066234
3.3245	0.037787	137.95	0.0072492	-0.015977	-0.014881	-3.4156	8.4839	12.055	214.38	-1.6782	3.5716e-06	0.017358	0.00018039	6.6225	0.15100	0.055788	0.078627	24.711	12.551	26.216	97.258	13.445	9.0369e-07	0.0066414
3.3321	0.038159	137.86	0.0072536	-0.015889	-0.014782	-3.3890	8.4932	12.098	214.17	-1.6672	3.5687e-06	0.017375	0.00017962	6.6807	0.14969	0.055832	0.078695	24.664	12.553	26.267	97.311	13.421	9.0628e-07	0.0066592
3.3397	0.038531	137.78	0.0072580	-0.015802	-0.014683	-3.3626	8.5024	12.142	213.95	-1.6562	3.5658e-06	0.017392	0.00017886	6.7388	0.14839	0.055875	0.078762	24.618	12.554	26.319	97.363	13.398	9.0884e-07	0.0066769
3.3471	0.038904	137.70	0.0072624	-0.015715	-0.014584	-3.3364	8.5116	12.185	213.73	-1.6454	3.5628e-06	0.017409	0.00017810	6.7969	0.14712	0.055918	0.078828	24.572	12.556	26.370	97.415	13.375	9.1140e-07	0.0066946
3.3546	0.039276	137.61	0.0072668	-0.015628	-0.014486	-3.3103	8.5208	12.229	213.52	-1.6346	3.5599e-06	0.017425	0.00017734	6.8551	0.14588	0.055960	0.078893	24.526	12.558	26.422	97.466	13.352	9.1394e-07	0.0067121
3.3620	0.039648	137.53	0.0072712	-0.015542	-0.014388	-3.2843	8.5299	12.272	213.30	-1.6238	3.5570e-06	0.017441	0.00017659	6.9132	0.14465	0.056002	0.078957	24.481	12.560	26.473	97.516	13.329	9.1647e-07	0.0067296
3.3693	0.040020	137.44	0.0072756	-0.015456	-0.014290	-3.2585	8.5390	12.316	213.08	-1.6131	3.5541e-06	0.017457	0.00017584	6.9712	0.14345	0.056043	0.079020	24.436	12.562	26.525	97.566	13.307	9.1899e-07	0.0067469
3.3766	0.040392	137.36	0.0072800	-0.015370	-0.014193	-3.2328	8.5480	12.359	212.87	-1.6025	3.5512e-06	0.017473	0.00017510	7.0293	0.14226	0.056083	0.079083	24.391	12.564	26.577	97.615	13.284	9.2150e-07	0.0067642
3.3839	0.040764	137.28	0.0072844	-0.015284	-0.014096	-3.2073	8.5571	12.403	212.65	-1.5919	3.5483e-06	0.017489	0.00017436	7.0874	0.14110	0.056123	0.079145	24.347	12.565	26.629	97.663	13.262	9.2399e-07	0.0067814
3.3911	0.041136	137.20	0.0072888	-0.015199	-0.013999	-3.1819	8.5660	12.447	212.43	-1.5814	3.5454e-06	0.017504	0.00017362	7.1454	0.13995	0.056162	0.079205	24.303	12.567	26.681	97.710	13.241	9.2647e-07	0.0067985
3.3983	0.041508	137.11	0.0072932	-0.015114	-0.013902	-3.1566	8.5750	12.490	212.22	-1.5709	3.5425e-06	0.017519	0.00017289	7.2035	0.13882	0.056201	0.079265	24.260	12.569	26.734	97.757	13.219	9.2894e-07	0.0068155
3.4054	0.041881	137.03	0.0072976	-0.015029	-0.013805	-3.1314	8.5839	12.534	212.00	-1.5605	3.5396e-06	0.017534	0.00017216	7.2615	0.13771	0.056239	0.079324	24.216	12.571	26.786	97.804	13.198	9.3140e-07	0.0068324
3.4125	0.042253	136.95	0.0073020	-0.014944	-0.013709	-3.1064	8.5927	12.577	211.79	-1.5501	3.5368e-06	0.017549	0.00017144	7.3196	0.13662	0.056277	0.079383	24.174	12.573	26.838	97.849	13.177	9.3385e-07	0.0068492
3.4195	0.042625	136.87	0.0073064	-0.014860	-0.013613	-3.0815	8.6016	12.621	211.57	-1.5398	3.5339e-06	0.017564	0.00017072	7.3776	0.13555	0.056315	0.079440	24.131	12.575	26.891	97.894	13.156	9.3628e-07	0.0068660
3.4265	0.042997	136.78	0.0073107	-0.014776	-0.013518	-3.0567	8.6103	12.664	211.35	-1.5295	3.5310e-06	0.017578	0.00017001	7.4356	0.13449	0.056351	0.079497	24.089	12.576	26.944	97.939	13.135	9.3871e-07	0.0068827
3.4335	0.043369	136.70	0.0073151	-0.014692	-0.013422	-3.0321	8.6191	12.708	211.14	-1.5193	3.5282e-06	0.017593	0.00016930	7.4936	0.13345	0.056388	0.079553	24.047	12.578	26.997	97.982	13.115	9.4112e-07	0.0068993
3.4404	0.043741	136.62	0.0073195	-0.014608	-0.013327	-3.0075	8.6278	12.752	210.92	-1.5091	3.5254e-06	0.017607	0.00016859	7.5516	0.13242	0.056424	0.079608	24.005	12.580	27.050	98.025	13.094	9.4353e-07	0.0069158
3.4473	0.044113	136.54	0.0073239	-0.014525	-0.013232	-2.9831	8.6365	12.795	210.71	-1.4990	3.5225e-06	0.017621	0.00016789	7.6096	0.13141	0.056459	0.079662	23.964	12.582	27.103	98.068	13.074	9.4592e-07	0.0069323
3.4541	0.044486	136.46	0.0073282	-0.014442	-0.013137	-2.9588	8.6451	12.839	210.49	-1.4889	3.5197e-06	0.017635	0.00016719	7.6677	0.13042	0.056494	0.079716	23.923	12.584	27.157	98.110	13.054	9.4831e-07	0.0069486
3.4609	0.044858	136.38	0.0073326	-0.014359	-0.013043	-2.9346	8.6537	12.882	210.28	-1.4789	3.5169e-06	0.017648	0.00016649	7.7257	0.12944	0.056529	0.079769	23.883	12.586	27.210	98.152	13.034	9.5068e-07	0.0069649
3.4677	0.045230	136.30	0.0073370	-0.014276	-0.012948	-2.9105	8.6623	12.926	210.06	-1.4689	3.5141e-06	0.017662	0.00016580	7.7837	0.12847	0.056563	0.079821	23.842	12.588	27.264	98.192	13.015	9.5304e-07	0.0069811
3.4744	0.045602	136.21	0.0073413	-0.014194	-0.012854	-2.8866	8.6708	12.970	209.85	-1.4590	3.5113e-06	0.017675	0.00016511	7.8417	0.12752	0.056596	0.079873	23.802	12.590	27.317	98.233	12.995	9.5540e-07	0.0069973
3.4811	0.045974	136.13	0.0073457	-0.014112	-0.012760	-2.8627	8.6793	13.014	209.63	-1.4491	3.5085e-06	0.017688	0.00016442	7.8997	0.12659	0.056629	0.079923	23.762	12.591	27.371	98.273	12.976	9.5774e-07	0.0070134
3.4877	0.046346	136.05	0.0073501	-0.014030	-0.012666	-2.8389	8.6877	13.057	209.42	-1.4392	3.5057e-06	0.017701	0.00016374	7.9577	0.12566	0.056662	0.079973	23.723	12.593	27.426	98.312	12.957	9.6008e-07	0.0070294
3.4943	0.046718	135.97	0.0073544	-0.013948	-0.012573	-2.8153	8.6961	13.101	209.20	-1.4294	3.5029e-06	0.017714	0.00016306	8.0157	0.12475	0.056694	0.080023	23.683	12.595	27.480	98.351	12.938	9.6240e-07	0.0070453
3.5009	0.047090	135.89	0.0073588	-0.013867	-0.012480	-2.7917	8.7045	13.145	208.99	-1.4196	3.5001e-06	0.017728	0.00016239	8.0738	0.12386	0.056726	0.080072	23.644	12.597	27.534	98.389	12.920	9.6472e-07	0.0070647
3.5075	0.047463	135.81	0.0073631	-0.013785	-0.012386	-2.7683	8.7128	13.189	208.77	-1.4099	3.4974e-06	0.017740	0.00016172	8.1318	0.12297	0.056758	0.080120	23.606	12.599	27.589	98.427	12.901	9.6703e-07	0.0070806
3.5140	0.047835	135.73	0.0073675	-0.013704	-0.012294	-2.7449	8.7211	13.233	208.56	-1.4002	3.4946e-06	0.017753	0.00016105	8.1898	0.12210	0.056789	0.080167	23.567	12.601	27.643	98.464	12.883	9.6933e-07	0.0070965
3.5205	0.048207	135.65	0.0073719	-0.013623	-0.012201	-2.7217	8.7294	13.277	208.34	-1.3905	3.4919e-06	0.017765	0.00016038	8.2479	0.12124	0.056819	0.080214	23.529	12.603	27.698	98.501	12.864	9.7162e-07	0.0071123
3.5269	0.048579	135.57	0.0073762	-0.013542	-0.012108	-2.6985	8.7376	13.320	208.13	-1.3809	3.4891e-06	0.017777	0.00015972	8.3059	0.12040	0.056849	0.080260	23.491	12.605	27.753	98.537	12.846	9.7390e-07	0.0071280
3.5333	0.048951	135.49	0.0073806	-0.013462	-0.012016	-2.6755	8.7458	13.364	207.92	-1.3713	3.4864e-06	0.017789	0.00015906	8.3640	0.11956	0.056879	0.080305	23.453	12.606	27.808	98.573	12.828	9.7617e-07	0.0071437
3.5397	0.049323	135.41	0.0073849	-0.013382	-0.011924	-2.6525	8.7539	13.408	207.70	-1.3617	3.4837e-06	0.017801	0.00015841	8.4220	0.11874	0.056909	0.080350	23.416	12.608	27.864	98.608	12.810	9.7844e-07	0.0071593
3.5460	0.049695	135.33	0.0073893	-0.013301	-0.011832	-2.6297	8.7620	13.452	207.49	-1.3522	3.4809e-06	0.017813	0.00015776	8.4801	0.11792	0.056938	0.080394	23.378	12.610	27.919	98.643	12.793	9.8070e-07	0.0071748
3.5524	0.050068	135.25	0.0073936	-0.013221	-0.011740	-2.6069	8.7701	13.497	207.28	-1.3427	3.4782e-06	0.017825	0.00015711	8.5382	0.11712	0.056966	0.080437	23.341	12.612	27.975	98.677	12.775	9.8294e-07	0.0071903
3.5586	0.050440	135.17	0.0073980	-0.013142	-0.011648	-2.5842	8.7781	13.541	207.06	-1.3333	3.4755e-06	0.017836	0.00015646	8.5963	0.11633	0.056995	0.080480	23.304	12.614	28.031	98.711	12.758	9.8519e-07	0.0072058
3.5649	0.050812	135.09	0.0074023	-0.013062	-0.011557	-2.5616	8.7861	13.585	206.85	-1.3239	3.4728e-06	0.017847	0.00015582	8.6544	0.11555	0.057023	0.080523	23.268	12.616	28.087	98.744	12.741	9.8742e-07	0.0072212
3.5711	0.051184	135.01	0.0074067	-0.012983	-0.011465	-2.5391	8.7941	13.629	206.64	-1.3145	3.4701e-06	0.017859	0.00015518	8.7125	0.11478	0.057050	0.080564	23.231	12.618	28.143	98.777	12.724	9.8964e-07	0.0072365
3.5773	0.051556	134.93	0.0074110	-0.012903	-0.011374	-2.5167	8.8020	13.673	206.42	-1.3051	3.4674e-06	0.017870	0.00015454	8.7706	0.11402	0.057077	0.080605	23.195	12.620	28.199	98.810	12.707	9.9186e-07	0.0072518
3.5835	0.051928	134.85	0.0074154	-0.012824	-0.011283	-2.4943	8.8099	13.718	206.21	-1.2958	3.4648e-06	0.017881	0.00015391	8.8288	0.11327	0.057104	0.080646	23.159	12.622	28.256	98.842	12.690	9.9407e-07	0.0072670
3.5896	0.052300	134.78	0.0074197	-0.012745	-0.011192	-2.4721	8.8178	13.762	206.00	-1.2865	3.4621e-06	0.017891	0.00015328	8.8870	0.11252	0.057130	0.080686	23.124	12.624	28.313	98.874	12.673	9.9627e-07	0.0072822
3.5957	0.052673	134.70	0.0074241	-0.012667	-0.011102	-2.4499	8.8256	13.807	205.79	-1.2772	3.4594e-06	0.017902	0.00015265	8.9451	0.11179	0.057156	0.080725	23.088	12.626	28.370	98.905	12.657	9.9847e-07	0.0072973
3.6018	0.053045	134.62	0.0074285	-0.012588	-0.011011	-2.4278	8.8334	13.851	205.57	-1.2680	3.4568e-06	0.017913	0.00015202	9.0033	0.11107	0.057182	0.080764	23.053	12.627	28.427	98.936	12.640	1.0007e-06	0.0073124
3.6078	0.053417	134.54	0.0074328	-0.012510	-0.010921	-2.4058	8.8412	13.896	205.36	-1.2588	3.4541e-06	0.017923	0.00015140	9.0615	0.11036	0.057207	0.080802	23.018	12.629	28.484	98.967	12.624	1.0028e-06	0.0073274
3.6138	0.053789	134.46	0.0074372	-0.012432	-0.010830	-2.3839	8.8489	13.940	205.15	-1.2496	3.4515e-06	0.017934	0.00015078	9.1198	0.10965	0.057232	0.080840	22.983	12.631	28.541	98.997	12.608	1.0050e-06	0.0073424
3.6198	0.054161	134.38	0.0074415	-0.012354	-0.010740	-2.3621	8.8566	13.985	204.94	-1.2405	3.4488e-06	0.017944	0.00015017	9.1780	0.10896	0.057257	0.080877	22.948	12.633	28.599	99.026	12.592	1.0072e-06	0.0073573
3.6258	0.054533	134.30	0.0074459	-0.012276	-0.010650	-2.3403	8.8642	14.030	204.73	-1.2314	3.4462e-06	0.017954	0.00014955	9.2363	0.10827	0.057281	0.080914	22.913	12.635	28.657	99.056	12.576	1.0093e-06	0.0073722
3.6317	0.054905	134.22	0.0074502	-0.012198	-0.010561	-2.3186	8.8719	14.074	204.51	-1.2223	3.4436e-06	0.017964	0.00014894	9.2945	0.10759	0.057305	0.080950	22.879	12.637	28.715	99.084	12.560	1.0115e-06	0.0073871
3.6376	0.055277	134.15	0.0074546	-0.012120	-0.010471	-2.2970	8.8795	14.119	204.30	-1.2132	3.4410e-06	0.017974	0.00014833	9.3528	0.10692	0.057329	0.080985	22.845	12.639	28.773	99.113	12.544	1.0136e-06	0.0074019
3.6435	0.055650	134.07	0.0074589	-0.012043	-0.010381	-2.2755	8.8870	14.164	204.09	-1.2041	3.4383e-06	0.017984	0.00014773	9.4112	0.10626	0.057352	0.081020	22.811	12.641	28.832	99.141	12.528	1.0158e-06	0.0074166
3.6494	0.056022	133.99	0.0074633	-0.011966	-0.010292	-2.2540	8.8945	14.209	203.88	-1.1951	3.4357e-06	0.017993	0.00014712	9.4695	0.10560	0.057375	0.081055	22.777	12.643	28.890	99.169	12.513	1.0179e-06	0.0074313
3.6552	0.056394	133.91	0.0074676	-0.011889	-0.010203	-2.2326	8.9020	14.254	203.67	-1.1861	3.4331e-06	0.018003	0.00014652	9.5279	0.10496	0.057398	0.081089	22.743	12.645	28.949	99.196	12.498	1.0200e-06	0.0074460
3.6610	0.056766	133.83	0.0074720	-0.011812	-0.010114	-2.2113	8.9095	14.299	203.46	-1.1772	3.4305e-06	0.018012	0.00014593	9.5863	0.10432	0.057420	0.081122	22.710	12.647	29.008	99.223	12.482	1.0222e-06	0.0074606
3.6668	0.057138	133.75	0.0074764	-0.011735	-0.010025	-2.1901	8.9169	14.344	203.25	-1.1682	3.4280e-06	0.018022	0.00014533	9.6447	0.10368	0.057442	0.081155	22.676	12.649	29.067	99.250	12.467	1.0243e-06	0.0074752
3.6725	0.057510	133.68	0.0074807	-0.011658	-0.0099360	-2.1689	8.9244	14.390	203.04	-1.1593	3.4254e-06	0.018031	0.00014474	9.7031	0.10306	0.057464	0.081187	22.643	12.651	29.127	99.276	12.452	1.0264e-06	0.0074897
3.6782	0.057882	133.60	0.0074851	-0.011581	-0.0098473	-2.1478	8.9317	14.435	202.83	-1.1504	3.4228e-06	0.018040	0.00014415	9.7616	0.10244	0.057485	0.081219	22.610	12.653	29.186	99.302	12.437	1.0285e-06	0.0075042
3.6839	0.058255	133.52	0.0074895	-0.011505	-0.0097587	-2.1268	8.9391	14.480	202.61	-1.1415	3.4202e-06	0.018049	0.00014356	9.8200	0.10183	0.057506	0.081251	22.578	12.655	29.246	99.328	12.422	1.0306e-06	0.0075186
3.6896	0.058627	133.44	0.0074938	-0.011429	-0.0096702	-2.1058	8.9464	14.526	202.40	-1.1326	3.4177e-06	0.018058	0.00014298	9.8786	0.10123	0.057527	0.081282	22.545	12.657	29.306	99.353	12.407	1.0327e-06	0.0075330
3.6953	0.058999	133.37	0.0074982	-0.011353	-0.0095819	-2.0849	8.9537	14.571	202.19	-1.1238	3.4151e-06	0.018067	0.00014240	9.9371	0.10063	0.057548	0.081312	22.512	12.659	29.366	99.378	12.393	1.0347e-06	0.0075474
3.7009	0.059371	133.29	0.0075026	-0.011277	-0.0094937	-2.0641	8.9609	14.617	201.98	-1.1150	3.4126e-06	0.018075	0.00014182	9.9956	0.10004	0.057568	0.081342	22.480	12.660	29.427	99.402	12.378	1.0368e-06	0.0075618
3.7065	0.059743	133.21	0.0075069	-0.011201	-0.0094056	-2.0433	8.9682	14.663	201.77	-1.1062	3.4100e-06	0.018084	0.00014124	10.054	0.099461	0.057588	0.081371	22.448	12.662	29.488	99.427	12.364	1.0389e-06	0.0075761
3.7121	0.060115	133.13	0.0075113	-0.011125	-0.0093176	-2.0226	8.9754	14.709	201.56	-1.0974	3.4075e-06	0.018093	0.00014066	10.113	0.098884	0.057607	0.081400	22.416	12.664	29.549	99.451	12.349	1.0410e-06	0.0075903
3.7176	0.060487	133.06	0.0075157	-0.011049	-0.0092298	-2.0020	8.9825	14.755	201.35	-1.0886	3.4050e-06	0.018101	0.00014009	10.171	0.098314	0.057626	0.081429	22.384	12.666	29.610	99.474	12.335	1.0430e-06	0.0076045
3.7232	0.060859	132.98	0.0075200	-0.010974	-0.0091420	-1.9814	8.9897	14.801	201.14	-1.0799	3.4025e-06	0.018109	0.00013952	10.230	0.097750	0.057645	0.081457	22.352	12.668	29.671	99.497	12.321	1.0451e-06	0.0076187
3.7287	0.061232	132.90	0.0075244	-0.010899	-0.0090544	-1.9609	8.9968	14.847	200.94	-1.0712	3.3999e-06	0.018118	0.00013895	10.289	0.097192	0.057664	0.081485	22.321	12.670	29.733	99.520	12.307	1.0471e-06	0.0076329
3.7342	0.061604	132.82	0.0075288	-0.010823	-0.0089668	-1.9404	9.0039	14.893	200.73	-1.0625	3.3974e-06	0.018126	0.00013839	10.348	0.096641	0.057682	0.081512	22.289	12.672	29.794	99.543	12.293	1.0492e-06	0.0076470
3.7396	0.061976	132.75	0.0075332	-0.010748	-0.0088794	-1.9200	9.0109	14.939	200.52	-1.0538	3.3949e-06	0.018134	0.00013782	10.406	0.096095	0.057701	0.081538	22.258	12.674	29.856	99.565	12.279	1.0512e-06	0.0076611
3.7451	0.062348	132.67	0.0075376	-0.010673	-0.0087921	-1.8997	9.0180	14.986	200.31	-1.0451	3.3924e-06	0.018142	0.00013726	10.465	0.095555	0.057718	0.081565	22.227	12.676	29.919	99.587	12.265	1.0532e-06	0.0076751
3.7505	0.062720	132.59	0.0075419	-0.010598	-0.0087049	-1.8794	9.0250	15.032	200.10	-1.0365	3.3899e-06	0.018150	0.00013670	10.524	0.095021	0.057736	0.081590	22.196	12.678	29.981	99.609	12.251	1.0553e-06	0.0076891
3.7559	0.063092	132.51	0.0075463	-0.010524	-0.0086178	-1.8592	9.0319	15.079	199.89	-1.0278	3.3874e-06	0.018157	0.00013615	10.583	0.094493	0.057753	0.081616	22.165	12.680	30.044	99.630	12.238	1.0573e-06	0.0077031
3.7613	0.063464	132.44	0.0075507	-0.010449	-0.0085308	-1.8391	9.0389	15.125	199.68	-1.0192	3.3850e-06	0.018165	0.00013559	10.642	0.093970	0.057770	0.081641	22.135	12.682	30.107	99.651	12.224	1.0593e-06	0.0077171
3.7666	0.063837	132.36	0.0075551	-0.010374	-0.0084439	-1.8190	9.0458	15.172	199.47	-1.0106	3.3825e-06	0.018173	0.00013504	10.701	0.093452	0.057787	0.081665	22.104	12.684	30.170	99.672	12.211	1.0613e-06	0.0077310
3.7720	0.064209	132.28	0.0075595	-0.010300	-0.0083571	-1.7989	9.0527	15.219	199.26	-1.0020	3.3800e-06	0.018180	0.00013449	10.760	0.092940	0.057803	0.081689	22.074	12.686	30.234	99.693	12.197	1.0633e-06	0.0077449
3.7773	0.064581	132.21	0.0075639	-0.010226	-0.0082704	-1.7789	9.0596	15.266	199.05	-0.99342	3.3775e-06	0.018188	0.00013394	10.819	0.092433	0.057820	0.081713	22.043	12.688	30.297	99.713	12.184	1.0653e-06	0.0077588
3.7826	0.064953	132.13	0.0075683	-0.010151	-0.0081838	-1.7590	9.0665	15.313	198.85	-0.98486	3.3751e-06	0.018195	0.00013340	10.878	0.091932	0.057836	0.081736	22.013	12.690	30.361	99.733	12.171	1.0673e-06	0.0077726
3.7879	0.065325	132.05	0.0075727	-0.010077	-0.0080973	-1.7391	9.0733	15.360	198.64	-0.97631	3.3726e-06	0.018202	0.00013285	10.937	0.091435	0.057851	0.081759	21.983	12.692	30.426	99.753	12.157	1.0693e-06	0.0077864
3.7931	0.065697	131.98	0.0075771	-0.010003	-0.0080109	-1.7193	9.0801	15.408	198.43	-0.96778	3.3702e-06	0.018210	0.00013231	10.996	0.090944	0.057867	0.081781	21.953	12.694	30.490	99.772	12.144	1.0713e-06	0.0078002
3.7984	0.066069	131.90	0.0075815	-0.0099295	-0.0079246	-1.6995	9.0869	15.455	198.22	-0.95926	3.3677e-06	0.018217	0.00013177	11.055	0.090458	0.057882	0.081803	21.923	12.696	30.555	99.791	12.131	1.0733e-06	0.0078139
3.8036	0.066441	131.82	0.0075859	-0.0098557	-0.0078383	-1.6798	9.0936	15.502	198.01	-0.95076	3.3653e-06	0.018224	0.00013124	11.114	0.089976	0.057897	0.081825	21.894	12.698	30.620	99.810	12.118	1.0753e-06	0.0078276
3.8088	0.066814	131.75	0.0075903	-0.0097820	-0.0077522	-1.6602	9.1004	15.550	197.81	-0.94226	3.3629e-06	0.018231	0.00013070	11.173	0.089499	0.057911	0.081846	21.864	12.700	30.685	99.828	12.105	1.0773e-06	0.0078413
3.8139	0.067186	131.67	0.0075948	-0.0097085	-0.0076661	-1.6405	9.1071	15.598	197.60	-0.93378	3.3604e-06	0.018238	0.00013017	11.233	0.089027	0.057926	0.081866	21.834	12.702	30.750	99.847	12.093	1.0792e-06	0.0078550
3.8191	0.067558	131.59	0.0075992	-0.0096350	-0.0075801	-1.6210	9.1138	15.646	197.39	-0.92531	3.3580e-06	0.018244	0.00012964	11.292	0.088560	0.057940	0.081887	21.805	12.704	30.816	99.865	12.080	1.0812e-06	0.0078686
3.8242	0.067930	131.52	0.0076036	-0.0095617	-0.0074943	-1.6015	9.1204	15.694	197.18	-0.91686	3.3556e-06	0.018251	0.00012911	11.351	0.088097	0.057953	0.081907	21.776	12.706	30.882	99.882	12.067	1.0832e-06	0.0078822
3.8294	0.068302	131.44	0.0076080	-0.0094884	-0.0074085	-1.5820	9.1271	15.742	196.97	-0.90841	3.3532e-06	0.018258	0.00012858	11.411	0.087638	0.057967	0.081926	21.747	12.708	30.948	99.900	12.055	1.0851e-06	0.0078958
3.8345	0.068674	131.36	0.0076124	-0.0094152	-0.0073227	-1.5626	9.1337	15.790	196.77	-0.89998	3.3508e-06	0.018264	0.00012806	11.470	0.087184	0.057980	0.081945	21.718	12.710	31.015	99.917	12.042	1.0871e-06	0.0079094
3.8395	0.069046	131.29	0.0076169	-0.0093421	-0.0072371	-1.5432	9.1403	15.839	196.56	-0.89156	3.3484e-06	0.018271	0.00012753	11.529	0.086735	0.057993	0.081964	21.689	12.712	31.082	99.934	12.030	1.0890e-06	0.0079229
3.8446	0.069419	131.21	0.0076213	-0.0092692	-0.0071515	-1.5239	9.1469	15.887	196.35	-0.88315	3.3460e-06	0.018277	0.00012701	11.589	0.086290	0.058006	0.081982	21.660	12.715	31.149	99.951	12.017	1.0910e-06	0.0079364
3.8497	0.069791	131.13	0.0076258	-0.0091963	-0.0070661	-1.5047	9.1534	15.936	196.14	-0.87474	3.3436e-06	0.018284	0.00012649	11.648	0.085849	0.058019	0.082000	21.632	12.717	31.216	99.967	12.005	1.0929e-06	0.0079499
3.8547	0.070163	131.06	0.0076302	-0.0091235	-0.0069807	-1.4854	9.1600	15.984	195.94	-0.86635	3.3412e-06	0.018290	0.00012598	11.708	0.085412	0.058031	0.082018	21.603	12.719	31.284	99.984	11.993	1.0949e-06	0.0079634
3.8597	0.070535	130.98	0.0076346	-0.0090508	-0.0068953	-1.4663	9.1665	16.033	195.73	-0.85797	3.3388e-06	0.018296	0.00012546	11.768	0.084979	0.058043	0.082035	21.575	12.721	31.352	100.00	11.980	1.0968e-06	0.0079768
3.8647	0.070907	130.91	0.0076391	-0.0089782	-0.0068101	-1.4471	9.1730	16.082	195.52	-0.84960	3.3365e-06	0.018302	0.00012495	11.827	0.084550	0.058055	0.082052	21.546	12.723	31.420	100.02	11.968	1.0987e-06	0.0079902
3.8697	0.071279	130.83	0.0076435	-0.0089056	-0.0067249	-1.4281	9.1794	16.131	195.31	-0.84124	3.3341e-06	0.018308	0.00012444	11.887	0.084126	0.058067	0.082068	21.518	12.725	31.488	100.03	11.956	1.1006e-06	0.0080036
3.8746	0.071651	130.75	0.0076480	-0.0088332	-0.0066398	-1.4090	9.1859	16.181	195.11	-0.83288	3.3317e-06	0.018314	0.00012393	11.947	0.083705	0.058078	0.082084	21.490	12.727	31.557	100.05	11.944	1.1026e-06	0.0080170
3.8795	0.072024	130.68	0.0076525	-0.0087609	-0.0065548	-1.3900	9.1923	16.230	194.90	-0.82454	3.3294e-06	0.018320	0.00012342	12.007	0.083288	0.058090	0.082100	21.462	12.729	31.626	100.06	11.932	1.1045e-06	0.0080304
3.8845	0.072396	130.60	0.0076569	-0.0086886	-0.0064698	-1.3711	9.1987	16.280	194.69	-0.81620	3.3270e-06	0.018326	0.00012292	12.066	0.082875	0.058100	0.082115	21.434	12.731	31.696	100.08	11.920	1.1064e-06	0.0080437
3.8894	0.072768	130.52	0.0076614	-0.0086164	-0.0063849	-1.3522	9.2051	16.330	194.49	-0.80787	3.3247e-06	0.018332	0.00012241	12.126	0.082466	0.058111	0.082130	21.406	12.733	31.765	100.09	11.908	1.1083e-06	0.0080570
3.8943	0.073140	130.45	0.0076659	-0.0085443	-0.0063001	-1.3333	9.2115	16.379	194.28	-0.79955	3.3223e-06	0.018337	0.00012191	12.186	0.082060	0.058122	0.082145	21.378	12.735	31.835	100.10	11.897	1.1102e-06	0.0080703
3.8991	0.073512	130.37	0.0076703	-0.0084723	-0.0062154	-1.3145	9.2179	16.429	194.07	-0.79124	3.3200e-06	0.018343	0.00012141	12.246	0.081658	0.058132	0.082159	21.351	12.737	31.906	100.12	11.885	1.1121e-06	0.0080836
3.9040	0.073884	130.30	0.0076748	-0.0084003	-0.0061307	-1.2957	9.2242	16.480	193.87	-0.78293	3.3176e-06	0.018349	0.00012091	12.306	0.081260	0.058142	0.082173	21.323	12.739	31.976	100.13	11.873	1.1140e-06	0.0080969
3.9088	0.074256	130.22	0.0076793	-0.0083285	-0.0060460	-1.2770	9.2305	16.530	193.66	-0.77463	3.3153e-06	0.018354	0.00012041	12.366	0.080865	0.058152	0.082186	21.296	12.741	32.047	100.15	11.862	1.1159e-06	0.0081101
3.9136	0.074628	130.14	0.0076838	-0.0082567	-0.0059615	-1.2583	9.2368	16.580	193.45	-0.76634	3.3130e-06	0.018360	0.00011992	12.426	0.080474	0.058161	0.082199	21.268	12.743	32.118	100.16	11.850	1.1178e-06	0.0081233
3.9185	0.075001	130.07	0.0076883	-0.0081850	-0.0058770	-1.2396	9.2431	16.631	193.25	-0.75806	3.3107e-06	0.018365	0.00011943	12.487	0.080086	0.058171	0.082212	21.241	12.746	32.190	100.17	11.839	1.1197e-06	0.0081365
3.9232	0.075373	129.99	0.0076928	-0.0081134	-0.0057925	-1.2210	9.2494	16.682	193.04	-0.74978	3.3083e-06	0.018370	0.00011894	12.547	0.079702	0.058180	0.082225	21.214	12.748	32.262	100.19	11.827	1.1216e-06	0.0081497
3.9280	0.075745	129.92	0.0076973	-0.0080418	-0.0057082	-1.2024	9.2556	16.733	192.83	-0.74151	3.3060e-06	0.018376	0.00011845	12.607	0.079320	0.058189	0.082237	21.187	12.750	32.334	100.20	11.816	1.1235e-06	0.0081629
3.9328	0.076117	129.84	0.0077018	-0.0079703	-0.0056238	-1.1839	9.2618	16.784	192.63	-0.73324	3.3037e-06	0.018381	0.00011796	12.667	0.078943	0.058197	0.082248	21.160	12.752	32.406	100.21	11.804	1.1253e-06	0.0081760
3.9375	0.076489	129.76	0.0077063	-0.0078989	-0.0055396	-1.1654	9.2680	16.835	192.42	-0.72498	3.3014e-06	0.018386	0.00011747	12.728	0.078568	0.058206	0.082260	21.133	12.754	32.479	100.22	11.793	1.1272e-06	0.0081892
3.9422	0.076861	129.69	0.0077108	-0.0078276	-0.0054554	-1.1470	9.2742	16.886	192.21	-0.71672	3.2991e-06	0.018391	0.00011699	12.788	0.078197	0.058214	0.082271	21.106	12.756	32.552	100.24	11.782	1.1291e-06	0.0082023
3.9469	0.077233	129.61	0.0077154	-0.0077563	-0.0053712	-1.1285	9.2804	16.938	192.01	-0.70847	3.2968e-06	0.018396	0.00011650	12.849	0.077829	0.058222	0.082281	21.079	12.758	32.626	100.25	11.771	1.1310e-06	0.0082154
3.9516	0.077606	129.54	0.0077199	-0.0076851	-0.0052871	-1.1102	9.2866	16.990	191.80	-0.70022	3.2945e-06	0.018401	0.00011602	12.909	0.077464	0.058230	0.082292	21.053	12.760	32.700	100.26	11.760	1.1328e-06	0.0082285
3.9563	0.077978	129.46	0.0077244	-0.0076140	-0.0052031	-1.0918	9.2927	17.042	191.59	-0.69198	3.2922e-06	0.018406	0.00011554	12.970	0.077102	0.058237	0.082302	21.026	12.762	32.774	100.27	11.749	1.1347e-06	0.0082416
3.9610	0.078350	129.38	0.0077289	-0.0075429	-0.0051191	-1.0735	9.2989	17.094	191.39	-0.68374	3.2899e-06	0.018411	0.00011507	13.031	0.076743	0.058245	0.082311	20.999	12.765	32.848	100.28	11.737	1.1365e-06	0.0082547
3.9656	0.078722	129.31	0.0077335	-0.0074720	-0.0050352	-1.0552	9.3050	17.146	191.18	-0.67551	3.2877e-06	0.018416	0.00011459	13.091	0.076387	0.058252	0.082321	20.973	12.767	32.923	100.29	11.727	1.1384e-06	0.0082677
3.9703	0.079094	129.23	0.0077380	-0.0074010	-0.0049513	-1.0370	9.3111	17.199	190.98	-0.66728	3.2854e-06	0.018420	0.00011412	13.152	0.076034	0.058259	0.082330	20.947	12.769	32.998	100.30	11.716	1.1403e-06	0.0082808
3.9749	0.079466	129.16	0.0077426	-0.0073302	-0.0048675	-1.0188	9.3172	17.251	190.77	-0.65905	3.2831e-06	0.018425	0.00011364	13.213	0.075684	0.058265	0.082338	20.920	12.771	33.074	100.31	11.705	1.1421e-06	0.0082938
3.9795	0.079838	129.08	0.0077471	-0.0072594	-0.0047837	-1.0006	9.3232	17.304	190.56	-0.65083	3.2808e-06	0.018430	0.00011317	13.274	0.075337	0.058272	0.082347	20.894	12.773	33.149	100.33	11.694	1.1440e-06	0.0083068
3.9841	0.080210	129.00	0.0077517	-0.0071887	-0.0047000	-0.98250	9.3293	17.357	190.36	-0.64261	3.2786e-06	0.018434	0.00011270	13.335	0.074993	0.058278	0.082355	20.868	12.775	33.226	100.34	11.683	1.1458e-06	0.0083198
3.9887	0.080583	128.93	0.0077563	-0.0071180	-0.0046163	-0.96440	9.3353	17.410	190.15	-0.63439	3.2763e-06	0.018439	0.00011223	13.396	0.074652	0.058284	0.082363	20.842	12.777	33.302	100.35	11.672	1.1476e-06	0.0083328
3.9932	0.080955	128.85	0.0077608	-0.0070474	-0.0045326	-0.94634	9.3413	17.463	189.95	-0.62618	3.2741e-06	0.018443	0.00011177	13.457	0.074313	0.058290	0.082370	20.816	12.780	33.379	100.36	11.662	1.1495e-06	0.0083458
3.9978	0.081327	128.78	0.0077654	-0.0069768	-0.0044490	-0.92831	9.3474	17.517	189.74	-0.61797	3.2718e-06	0.018448	0.00011130	13.518	0.073977	0.058296	0.082377	20.790	12.782	33.457	100.37	11.651	1.1513e-06	0.0083588
4.0023	0.081699	128.70	0.0077700	-0.0069064	-0.0043655	-0.91032	9.3534	17.571	189.53	-0.60976	3.2695e-06	0.018452	0.00011084	13.579	0.073644	0.058301	0.082384	20.764	12.784	33.534	100.37	11.640	1.1531e-06	0.0083717
4.0068	0.082071	128.62	0.0077746	-0.0068359	-0.0042820	-0.89236	9.3593	17.625	189.33	-0.60156	3.2673e-06	0.018456	0.00011038	13.640	0.073313	0.058307	0.082390	20.739	12.786	33.612	100.38	11.630	1.1550e-06	0.0083847
4.0113	0.082443	128.55	0.0077792	-0.0067656	-0.0041985	-0.87443	9.3653	17.679	189.12	-0.59335	3.2651e-06	0.018460	0.00010992	13.701	0.072985	0.058312	0.082396	20.713	12.788	33.691	100.39	11.619	1.1568e-06	0.0083976
4.0158	0.082815	128.47	0.0077838	-0.0066953	-0.0041151	-0.85653	9.3713	17.733	188.91	-0.58515	3.2628e-06	0.018465	0.00010946	13.763	0.072660	0.058317	0.082402	20.687	12.791	33.769	100.40	11.609	1.1586e-06	0.0084106
4.0203	0.083188	128.40	0.0077884	-0.0066250	-0.0040317	-0.83866	9.3772	17.787	188.71	-0.57695	3.2606e-06	0.018469	0.00010900	13.824	0.072337	0.058321	0.082407	20.662	12.793	33.849	100.41	11.598	1.1604e-06	0.0084235
4.0248	0.083560	128.32	0.0077930	-0.0065548	-0.0039484	-0.82083	9.3831	17.842	188.50	-0.56875	3.2584e-06	0.018473	0.00010855	13.886	0.072017	0.058326	0.082412	20.636	12.795	33.928	100.42	11.588	1.1623e-06	0.0084364
4.0292	0.083932	128.24	0.0077976	-0.0064847	-0.0038651	-0.80303	9.3891	17.897	188.30	-0.56055	3.2561e-06	0.018477	0.00010809	13.947	0.071699	0.058330	0.082417	20.611	12.797	34.008	100.43	11.577	1.1641e-06	0.0084493
4.0337	0.084304	128.17	0.0078022	-0.0064146	-0.0037818	-0.78526	9.3950	17.952	188.09	-0.55235	3.2539e-06	0.018481	0.00010764	14.009	0.071384	0.058334	0.082422	20.586	12.799	34.089	100.44	11.567	1.1659e-06	0.0084622
4.0381	0.084676	128.09	0.0078069	-0.0063445	-0.0036986	-0.76751	9.4009	18.008	187.88	-0.54415	3.2517e-06	0.018485	0.00010719	14.070	0.071071	0.058338	0.082426	20.561	12.802	34.169	100.44	11.557	1.1677e-06	0.0084751
4.0425	0.085048	128.02	0.0078115	-0.0062746	-0.0036154	-0.74980	9.4067	18.063	187.68	-0.53595	3.2495e-06	0.018489	0.00010674	14.132	0.070761	0.058342	0.082430	20.535	12.804	34.250	100.45	11.546	1.1695e-06	0.0084880
4.0469	0.085420	127.94	0.0078162	-0.0062046	-0.0035322	-0.73212	9.4126	18.119	187.47	-0.52776	3.2473e-06	0.018493	0.00010629	14.194	0.070453	0.058345	0.082433	20.510	12.806	34.332	100.46	11.536	1.1713e-06	0.0085009
4.0513	0.085792	127.86	0.0078208	-0.0061347	-0.0034491	-0.71447	9.4185	18.175	187.27	-0.51956	3.2450e-06	0.018496	0.00010584	14.256	0.070147	0.058348	0.082436	20.485	12.808	34.414	100.47	11.526	1.1731e-06	0.0085137
4.0557	0.086165	127.79	0.0078255	-0.0060649	-0.0033660	-0.69685	9.4243	18.231	187.06	-0.51136	3.2428e-06	0.018500	0.00010540	14.318	0.069844	0.058351	0.082439	20.460	12.810	34.496	100.47	11.516	1.1749e-06	0.0085266
4.0600	0.086537	127.71	0.0078301	-0.0059951	-0.0032830	-0.67925	9.4302	18.287	186.85	-0.50317	3.2406e-06	0.018504	0.00010496	14.380	0.069543	0.058354	0.082442	20.435	12.813	34.579	100.48	11.506	1.1767e-06	0.0085395
4.0644	0.086909	127.64	0.0078348	-0.0059254	-0.0032000	-0.66169	9.4360	18.344	186.65	-0.49497	3.2384e-06	0.018508	0.00010451	14.442	0.069244	0.058357	0.082444	20.410	12.815	34.662	100.49	11.496	1.1785e-06	0.0085523
4.0687	0.087281	127.56	0.0078395	-0.0058557	-0.0031170	-0.64415	9.4418	18.401	186.44	-0.48677	3.2362e-06	0.018511	0.00010407	14.504	0.068948	0.058359	0.082446	20.386	12.817	34.746	100.50	11.485	1.1803e-06	0.0085652
4.0730	0.087653	127.48	0.0078441	-0.0057861	-0.0030340	-0.62664	9.4476	18.458	186.23	-0.47857	3.2341e-06	0.018515	0.00010363	14.566	0.068653	0.058362	0.082448	20.361	12.819	34.830	100.50	11.475	1.1821e-06	0.0085780
4.0773	0.088025	127.41	0.0078488	-0.0057165	-0.0029511	-0.60916	9.4534	18.515	186.03	-0.47037	3.2319e-06	0.018518	0.00010319	14.628	0.068361	0.058364	0.082450	20.336	12.822	34.914	100.51	11.465	1.1839e-06	0.0085909
4.0816	0.088397	127.33	0.0078535	-0.0056469	-0.0028682	-0.59170	9.4592	18.573	185.82	-0.46217	3.2297e-06	0.018522	0.00010276	14.691	0.068071	0.058366	0.082451	20.311	12.824	34.999	100.52	11.455	1.1857e-06	0.0086037
4.0859	0.088770	127.26	0.0078582	-0.0055774	-0.0027853	-0.57427	9.4649	18.630	185.62	-0.45397	3.2275e-06	0.018525	0.00010232	14.753	0.067783	0.058368	0.082452	20.287	12.826	35.085	100.52	11.446	1.1875e-06	0.0086165
4.0902	0.089142	127.18	0.0078629	-0.0055079	-0.0027025	-0.55687	9.4707	18.688	185.41	-0.44576	3.2253e-06	0.018529	0.00010189	14.815	0.067497	0.058369	0.082452	20.262	12.829	35.170	100.53	11.436	1.1892e-06	0.0086294
4.0944	0.089514	127.10	0.0078676	-0.0054385	-0.0026196	-0.53950	9.4765	18.746	185.20	-0.43755	3.2231e-06	0.018532	0.00010146	14.878	0.067214	0.058370	0.082452	20.238	12.831	35.257	100.53	11.426	1.1910e-06	0.0086422
4.0987	0.089886	127.03	0.0078724	-0.0053691	-0.0025368	-0.52215	9.4822	18.805	185.00	-0.42934	3.2210e-06	0.018535	0.00010102	14.940	0.066932	0.058372	0.082452	20.214	12.833	35.343	100.54	11.416	1.1928e-06	0.0086550
4.1029	0.090258	126.95	0.0078771	-0.0052998	-0.0024541	-0.50482	9.4879	18.864	184.79	-0.42113	3.2188e-06	0.018539	0.00010059	15.003	0.066653	0.058372	0.082452	20.189	12.835	35.430	100.55	11.406	1.1946e-06	0.0086679
4.1072	0.090630	126.87	0.0078818	-0.0052305	-0.0023713	-0.48753	9.4937	18.922	184.58	-0.41292	3.2166e-06	0.018542	0.00010017	15.066	0.066375	0.058373	0.082451	20.165	12.838	35.518	100.55	11.396	1.1963e-06	0.0086807
4.1114	0.091002	126.80	0.0078866	-0.0051613	-0.0022886	-0.47025	9.4994	18.982	184.38	-0.40470	3.2145e-06	0.018545	9.9739e-05	15.129	0.066099	0.058374	0.082450	20.141	12.840	35.606	100.56	11.387	1.1981e-06	0.0086935
4.1156	0.091375	126.72	0.0078913	-0.0050920	-0.0022059	-0.45300	9.5051	19.041	184.17	-0.39648	3.2123e-06	0.018548	9.9313e-05	15.192	0.065826	0.058374	0.082449	20.116	12.842	35.695	100.56	11.377	1.1999e-06	0.0087063
4.1198	0.091747	126.65	0.0078961	-0.0050229	-0.0021232	-0.43578	9.5108	19.101	183.96	-0.38826	3.2101e-06	0.018551	9.8889e-05	15.255	0.065554	0.058374	0.082448	20.092	12.845	35.784	100.57	11.367	1.2017e-06	0.0087192
4.1239	0.092119	126.57	0.0079008	-0.0049537	-0.0020406	-0.41858	9.5165	19.161	183.76	-0.38004	3.2080e-06	0.018554	9.8465e-05	15.318	0.065284	0.058374	0.082446	20.068	12.847	35.873	100.57	11.358	1.2034e-06	0.0087320
4.1281	0.092491	126.49	0.0079056	-0.0048846	-0.0019579	-0.40140	9.5222	19.221	183.55	-0.37181	3.2058e-06	0.018557	9.8044e-05	15.381	0.065016	0.058374	0.082444	20.044	12.849	35.963	100.58	11.348	1.2052e-06	0.0087448
4.1323	0.092863	126.42	0.0079104	-0.0048155	-0.0018753	-0.38425	9.5278	19.281	183.34	-0.36358	3.2037e-06	0.018560	9.7623e-05	15.444	0.064750	0.058374	0.082441	20.020	12.852	36.053	100.58	11.338	1.2069e-06	0.0087576
4.1364	0.093235	126.34	0.0079152	-0.0047465	-0.0017927	-0.36712	9.5335	19.342	183.14	-0.35534	3.2015e-06	0.018563	9.7204e-05	15.507	0.064486	0.058373	0.082439	19.996	12.854	36.144	100.58	11.329	1.2087e-06	0.0087705
4.1405	0.093607	126.26	0.0079200	-0.0046775	-0.0017101	-0.35002	9.5392	19.403	182.93	-0.34710	3.1994e-06	0.018566	9.6786e-05	15.571	0.064224	0.058373	0.082436	19.972	12.856	36.236	100.59	11.319	1.2105e-06	0.0087833
4.1447	0.093979	126.19	0.0079248	-0.0046085	-0.0016275	-0.33293	9.5448	19.464	182.72	-0.33886	3.1972e-06	0.018569	9.6369e-05	15.634	0.063963	0.058372	0.082432	19.949	12.859	36.328	100.59	11.310	1.2122e-06	0.0087961
4.1488	0.094352	126.11	0.0079296	-0.0045396	-0.0015450	-0.31587	9.5504	19.526	182.52	-0.33061	3.1951e-06	0.018572	9.5954e-05	15.697	0.063705	0.058371	0.082429	19.925	12.861	36.420	100.60	11.300	1.2140e-06	0.0088089
4.1529	0.094724	126.03	0.0079344	-0.0044707	-0.0014624	-0.29883	9.5561	19.588	182.31	-0.32236	3.1930e-06	0.018575	9.5540e-05	15.761	0.063448	0.058369	0.082425	19.901	12.864	36.513	100.60	11.291	1.2157e-06	0.0088218
4.1569	0.095096	125.96	0.0079392	-0.0044018	-0.0013799	-0.28182	9.5617	19.650	182.10	-0.31410	3.1908e-06	0.018578	9.5127e-05	15.825	0.063192	0.058368	0.082421	19.877	12.866	36.606	100.60	11.281	1.2175e-06	0.0088346
4.1610	0.095468	125.88	0.0079440	-0.0043330	-0.0012974	-0.26482	9.5673	19.712	181.90	-0.30584	3.1887e-06	0.018580	9.4715e-05	15.888	0.062939	0.058366	0.082417	19.854	12.868	36.700	100.61	11.272	1.2192e-06	0.0088474
4.1651	0.095840	125.80	0.0079489	-0.0042642	-0.0012149	-0.24785	9.5730	19.775	181.69	-0.29757	3.1866e-06	0.018583	9.4305e-05	15.952	0.062687	0.058365	0.082412	19.830	12.871	36.795	100.61	11.263	1.2210e-06	0.0088603
4.1691	0.096212	125.73	0.0079537	-0.0041954	-0.0011324	-0.23090	9.5786	19.838	181.48	-0.28930	3.1845e-06	0.018586	9.3896e-05	16.016	0.062437	0.058363	0.082407	19.807	12.873	36.890	100.61	11.253	1.2227e-06	0.0088731
4.1732	0.096584	125.65	0.0079586	-0.0041267	-0.0010500	-0.21397	9.5842	19.901	181.27	-0.28102	3.1823e-06	0.018588	9.3488e-05	16.080	0.062189	0.058360	0.082402	19.783	12.876	36.985	100.62	11.244	1.2245e-06	0.0088860
4.1772	0.096957	125.57	0.0079635	-0.0040579	-0.00096750	-0.19706	9.5898	19.964	181.07	-0.27274	3.1802e-06	0.018591	9.3081e-05	16.144	0.061942	0.058358	0.082396	19.760	12.878	37.081	100.62	11.235	1.2262e-06	0.0088988
4.1812	0.097329	125.50	0.0079683	-0.0039892	-0.00088504	-0.18017	9.5954	20.028	180.86	-0.26445	3.1781e-06	0.018593	9.2676e-05	16.208	0.061697	0.058355	0.082390	19.736	12.880	37.178	100.62	11.225	1.2279e-06	0.0089117
4.1853	0.097701	125.42	0.0079732	-0.0039206	-0.00080260	-0.16330	9.6009	20.092	180.65	-0.25616	3.1760e-06	0.018596	9.2272e-05	16.273	0.061453	0.058353	0.082384	19.713	12.883	37.275	100.63	11.216	1.2297e-06	0.0089246
4.1893	0.098073	125.34	0.0079781	-0.0038519	-0.00072016	-0.14645	9.6065	20.157	180.44	-0.24786	3.1739e-06	0.018598	9.1869e-05	16.337	0.061211	0.058350	0.082378	19.690	12.885	37.373	100.63	11.207	1.2314e-06	0.0089374
4.1933	0.098445	125.27	0.0079830	-0.0037833	-0.00063773	-0.12961	9.6121	20.221	180.24	-0.23955	3.1718e-06	0.018601	9.1467e-05	16.401	0.060971	0.058347	0.082371	19.666	12.888	37.471	100.63	11.197	1.2332e-06	0.0089503
4.1972	0.098817	125.19	0.0079879	-0.0037147	-0.00055531	-0.11280	9.6177	20.286	180.03	-0.23124	3.1696e-06	0.018603	9.1067e-05	16.466	0.060732	0.058344	0.082365	19.643	12.890	37.570	100.63	11.188	1.2349e-06	0.0089632
4.2012	0.099189	125.11	0.0079928	-0.0036462	-0.00047290	-0.096012	9.6232	20.352	179.82	-0.22292	3.1675e-06	0.018606	9.0667e-05	16.530	0.060495	0.058340	0.082357	19.620	12.893	37.669	100.63	11.179	1.2366e-06	0.0089761
4.2052	0.099561	125.04	0.0079978	-0.0035776	-0.00039049	-0.079238	9.6288	20.417	179.61	-0.21459	3.1654e-06	0.018608	9.0269e-05	16.595	0.060259	0.058336	0.082350	19.597	12.895	37.769	100.64	11.170	1.2383e-06	0.0089890
4.2091	0.099934	124.96	0.0080027	-0.0035091	-0.00030808	-0.062484	9.6344	20.483	179.41	-0.20626	3.1633e-06	0.018610	8.9872e-05	16.660	0.060025	0.058333	0.082342	19.574	12.898	37.870	100.64	11.161	1.2401e-06	0.0090019
4.2131	0.10031	124.88	0.0080076	-0.0034406	-0.00022568	-0.045748	9.6399	20.550	179.20	-0.19792	3.1612e-06	0.018613	8.9476e-05	16.725	0.059792	0.058329	0.082334	19.550	12.900	37.971	100.64	11.152	1.2418e-06	0.0090148
4.2170	0.10068	124.80	0.0080126	-0.0033721	-0.00014328	-0.029030	9.6455	20.616	178.99	-0.18957	3.1591e-06	0.018615	8.9082e-05	16.790	0.059561	0.058325	0.082326	19.527	12.903	38.073	100.64	11.142	1.2435e-06	0.0090277
4.2209	0.10105	124.73	0.0080176	-0.0033037	-6.0887e-05	-0.012330	9.6510	20.683	178.78	-0.18122	3.1570e-06	0.018617	8.8688e-05	16.855	0.059331	0.058320	0.082318	19.504	12.905	38.175	100.64	11.133	1.2453e-06	0.0090406
4.2248	0.10142	124.65	0.0080225	-0.0032353	2.1507e-05	0.0043528	9.6565	20.750	178.57	-0.17286	3.1549e-06	0.018620	8.8296e-05	16.920	0.059103	0.058316	0.082309	19.481	12.908	38.278	100.64	11.124	1.2470e-06	0.0090535
4.2287	0.10179	124.57	0.0080275	-0.0031668	0.00010390	0.021018	9.6621	20.818	178.36	-0.16449	3.1529e-06	0.018622	8.7905e-05	16.985	0.058876	0.058311	0.082300	19.458	12.910	38.381	100.65	11.115	1.2487e-06	0.0090665
4.2326	0.10217	124.49	0.0080325	-0.0030984	0.00018629	0.037666	9.6676	20.886	178.16	-0.15611	3.1508e-06	0.018624	8.7515e-05	17.050	0.058651	0.058306	0.082290	19.436	12.913	38.485	100.65	11.106	1.2504e-06	0.0090794
4.2365	0.10254	124.42	0.0080375	-0.0030301	0.00026868	0.054297	9.6731	20.954	177.95	-0.14772	3.1487e-06	0.018626	8.7126e-05	17.115	0.058427	0.058301	0.082281	19.413	12.915	38.590	100.65	11.097	1.2521e-06	0.0090924
4.2404	0.10291	124.34	0.0080425	-0.0029617	0.00035108	0.070911	9.6787	21.023	177.74	-0.13933	3.1466e-06	0.018628	8.6738e-05	17.181	0.058204	0.058296	0.082271	19.390	12.918	38.696	100.65	11.088	1.2539e-06	0.0091054
4.2442	0.10328	124.26	0.0080475	-0.0028934	0.00043348	0.087509	9.6842	21.092	177.53	-0.13093	3.1445e-06	0.018630	8.6352e-05	17.246	0.057983	0.058291	0.082261	19.367	12.920	38.802	100.65	11.079	1.2556e-06	0.0091183
4.2481	0.10365	124.18	0.0080525	-0.0028250	0.00051587	0.10409	9.6897	21.161	177.32	-0.12252	3.1424e-06	0.018632	8.5966e-05	17.312	0.057763	0.058285	0.082250	19.344	12.923	38.908	100.65	11.070	1.2573e-06	0.0091313
4.2519	0.10403	124.11	0.0080576	-0.0027567	0.00059828	0.12066	9.6952	21.231	177.11	-0.11410	3.1404e-06	0.018634	8.5582e-05	17.378	0.057544	0.058279	0.082240	19.322	12.926	39.016	100.65	11.061	1.2590e-06	0.0091443
4.2558	0.10440	124.03	0.0080626	-0.0026884	0.00068068	0.13721	9.7007	21.301	176.90	-0.10567	3.1383e-06	0.018636	8.5198e-05	17.444	0.057327	0.058273	0.082229	19.299	12.928	39.123	100.65	11.052	1.2607e-06	0.0091573
4.2596	0.10477	123.95	0.0080677	-0.0026202	0.00076309	0.15374	9.7062	21.371	176.69	-0.097233	3.1362e-06	0.018638	8.4816e-05	17.510	0.057111	0.058267	0.082217	19.276	12.931	39.232	100.65	11.043	1.2624e-06	0.0091704
4.2634	0.10514	123.87	0.0080727	-0.0025519	0.00084551	0.17026	9.7118	21.442	176.49	-0.088786	3.1341e-06	0.018640	8.4435e-05	17.576	0.056897	0.058261	0.082206	19.254	12.933	39.341	100.65	11.034	1.2641e-06	0.0091834
4.2672	0.10552	123.80	0.0080778	-0.0024836	0.00092793	0.18676	9.7173	21.513	176.28	-0.080330	3.1321e-06	0.018642	8.4055e-05	17.642	0.056683	0.058255	0.082194	19.231	12.936	39.451	100.65	11.026	1.2659e-06	0.0091965
4.2710	0.10589	123.72	0.0080829	-0.0024154	0.0010104	0.20325	9.7228	21.584	176.07	-0.071865	3.1300e-06	0.018644	8.3676e-05	17.708	0.056471	0.058248	0.082182	19.209	12.939	39.562	100.65	11.017	1.2676e-06	0.0092095
4.2748	0.10626	123.64	0.0080880	-0.0023472	0.0010928	0.21973	9.7283	21.656	175.86	-0.063390	3.1279e-06	0.018646	8.3299e-05	17.774	0.056261	0.058241	0.082170	19.186	12.941	39.673	100.65	11.008	1.2693e-06	0.0092226
4.2786	0.10663	123.56	0.0080931	-0.0022789	0.0011752	0.23619	9.7338	21.728	175.65	-0.054905	3.1259e-06	0.018648	8.2922e-05	17.841	0.056051	0.058234	0.082157	19.164	12.944	39.785	100.65	10.999	1.2710e-06	0.0092357
4.2823	0.10700	123.48	0.0080982	-0.0022107	0.0012577	0.25263	9.7393	21.801	175.44	-0.046410	3.1238e-06	0.018650	8.2546e-05	17.907	0.055843	0.058227	0.082144	19.141	12.946	39.898	100.65	10.990	1.2727e-06	0.0092488
4.2861	0.10738	123.41	0.0081034	-0.0021425	0.0013402	0.26906	9.7448	21.874	175.23	-0.037905	3.1217e-06	0.018651	8.2172e-05	17.974	0.055636	0.058220	0.082131	19.119	12.949	40.011	100.65	10.981	1.2744e-06	0.0092619
4.2899	0.10775	123.33	0.0081085	-0.0020744	0.0014226	0.28548	9.7503	21.948	175.02	-0.029389	3.1197e-06	0.018653	8.1798e-05	18.041	0.055430	0.058212	0.082118	19.096	12.952	40.125	100.65	10.972	1.2761e-06	0.0092750
4.2936	0.10812	123.25	0.0081137	-0.0020062	0.0015051	0.30189	9.7558	22.021	174.81	-0.020863	3.1176e-06	0.018655	8.1426e-05	18.108	0.055226	0.058205	0.082104	19.074	12.954	40.240	100.65	10.964	1.2778e-06	0.0092882
4.2973	0.10849	123.17	0.0081188	-0.0019380	0.0015876	0.31828	9.7613	22.096	174.60	-0.012326	3.1156e-06	0.018657	8.1054e-05	18.174	0.055022	0.058197	0.082091	19.051	12.957	40.355	100.65	10.955	1.2795e-06	0.0093014
4.3011	0.10886	123.09	0.0081240	-0.0018698	0.0016701	0.33466	9.7668	22.170	174.39	-0.0037782	3.1135e-06	0.018658	8.0684e-05	18.241	0.054820	0.058189	0.082076	19.029	12.960	40.472	100.65	10.946	1.2812e-06	0.0093145
4.3048	0.10924	123.01	0.0081292	-0.0018017	0.0017527	0.35102	9.7723	22.245	174.18	0.0047807	3.1115e-06	0.018660	8.0315e-05	18.309	0.054619	0.058181	0.082062	19.007	12.963	40.589	100.64	10.937	1.2829e-06	0.0093277
4.3085	0.10961	122.94	0.0081344	-0.0017335	0.0018352	0.36737	9.7778	22.321	173.97	0.013351	3.1094e-06	0.018662	7.9947e-05	18.376	0.054419	0.058172	0.082047	18.985	12.965	40.706	100.64	10.928	1.2846e-06	0.0093409
4.3122	0.10998	122.86	0.0081396	-0.0016654	0.0019177	0.38371	9.7833	22.397	173.76	0.021932	3.1073e-06	0.018663	7.9579e-05	18.443	0.054220	0.058164	0.082032	18.962	12.968	40.825	100.64	10.920	1.2863e-06	0.0093542
4.3159	0.11035	122.78	0.0081448	-0.0015972	0.0020003	0.40004	9.7888	22.473	173.55	0.030525	3.1053e-06	0.018665	7.9213e-05	18.511	0.054023	0.058155	0.082017	18.940	12.971	40.944	100.64	10.911	1.2880e-06	0.0093674
4.3196	0.11073	122.70	0.0081500	-0.0015291	0.0020829	0.41636	9.7943	22.550	173.33	0.039130	3.1033e-06	0.018667	7.8848e-05	18.578	0.053826	0.058146	0.082002	18.918	12.974	41.064	100.64	10.902	1.2897e-06	0.0093807
4.3232	0.11110	122.62	0.0081552	-0.0014610	0.0021655	0.43266	9.7998	22.627	173.12	0.047747	3.1012e-06	0.018668	7.8484e-05	18.646	0.053631	0.058137	0.081986	18.896	12.976	41.185	100.64	10.894	1.2914e-06	0.0093940
4.3269	0.11147	122.54	0.0081605	-0.0013928	0.0022481	0.44896	9.8053	22.704	172.91	0.056376	3.0992e-06	0.018670	7.8121e-05	18.714	0.053437	0.058128	0.081970	18.874	12.979	41.306	100.64	10.885	1.2931e-06	0.0094073
4.3305	0.11184	122.46	0.0081657	-0.0013247	0.0023308	0.46524	9.8108	22.782	172.70	0.065017	3.0971e-06	0.018671	7.7759e-05	18.782	0.053244	0.058119	0.081954	18.852	12.982	41.429	100.63	10.876	1.2947e-06	0.0094206
4.3342	0.11221	122.38	0.0081710	-0.0012566	0.0024134	0.48151	9.8163	22.861	172.49	0.073670	3.0951e-06	0.018673	7.7398e-05	18.850	0.053052	0.058109	0.081937	18.830	12.985	41.552	100.63	10.867	1.2964e-06	0.0094339
4.3378	0.11259	122.30	0.0081763	-0.0011885	0.0024961	0.49777	9.8218	22.940	172.28	0.082336	3.0930e-06	0.018675	7.7038e-05	18.918	0.052861	0.058099	0.081920	18.807	12.987	41.676	100.63	10.859	1.2981e-06	0.0094473
4.3415	0.11296	122.23	0.0081816	-0.0011203	0.0025788	0.51402	9.8273	23.019	172.07	0.091015	3.0910e-06	0.018676	7.6679e-05	18.986	0.052671	0.058090	0.081903	18.785	12.990	41.801	100.63	10.850	1.2998e-06	0.0094606
4.3451	0.11333	122.15	0.0081869	-0.0010522	0.0026615	0.53025	9.8328	23.099	171.86	0.099706	3.0890e-06	0.018677	7.6321e-05	19.054	0.052482	0.058079	0.081886	18.763	12.993	41.926	100.62	10.841	1.3015e-06	0.0094740
4.3487	0.11370	122.07	0.0081922	-0.00098410	0.0027442	0.54648	9.8383	23.179	171.64	0.10841	3.0869e-06	0.018679	7.5963e-05	19.123	0.052294	0.058069	0.081869	18.741	12.996	42.053	100.62	10.833	1.3032e-06	0.0094875
4.3523	0.11407	121.99	0.0081976	-0.00091597	0.0028270	0.56270	9.8438	23.260	171.43	0.11713	3.0849e-06	0.018680	7.5607e-05	19.191	0.052107	0.058059	0.081851	18.719	12.999	42.180	100.62	10.824	1.3049e-06	0.0095009
4.3559	0.11445	121.91	0.0082029	-0.00084784	0.0029098	0.57891	9.8493	23.342	171.22	0.12586	3.0829e-06	0.018682	7.5252e-05	19.260	0.051921	0.058048	0.081833	18.697	13.002	42.308	100.62	10.815	1.3066e-06	0.0095144
4.3595	0.11482	121.83	0.0082083	-0.00077971	0.0029926	0.59511	9.8549	23.423	171.01	0.13461	3.0808e-06	0.018683	7.4898e-05	19.329	0.051736	0.058037	0.081814	18.676	13.005	42.437	100.61	10.807	1.3083e-06	0.0095278
4.3631	0.11519	121.75	0.0082136	-0.00071158	0.0030754	0.61129	9.8604	23.506	170.79	0.14336	3.0788e-06	0.018685	7.4545e-05	19.398	0.051553	0.058027	0.081796	18.654	13.007	42.567	100.61	10.798	1.3100e-06	0.0095413
4.3667	0.11556	121.67	0.0082190	-0.00064345	0.0031583	0.62747	9.8659	23.588	170.58	0.15214	3.0768e-06	0.018686	7.4193e-05	19.467	0.051370	0.058015	0.081777	18.632	13.010	42.698	100.61	10.789	1.3116e-06	0.0095549
4.3702	0.11594	121.59	0.0082244	-0.00057531	0.0032412	0.64364	9.8714	23.672	170.37	0.16092	3.0747e-06	0.018687	7.3842e-05	19.536	0.051188	0.058004	0.081758	18.610	13.013	42.830	100.61	10.781	1.3133e-06	0.0095684
4.3738	0.11631	121.51	0.0082298	-0.00050716	0.0033241	0.65981	9.8770	23.755	170.16	0.16973	3.0727e-06	0.018689	7.3491e-05	19.605	0.051007	0.057993	0.081738	18.588	13.016	42.962	100.60	10.772	1.3150e-06	0.0095820
4.3773	0.11668	121.43	0.0082352	-0.00043901	0.0034070	0.67596	9.8825	23.840	169.94	0.17854	3.0707e-06	0.018690	7.3142e-05	19.674	0.050827	0.057981	0.081719	18.566	13.019	43.096	100.60	10.763	1.3167e-06	0.0095956
4.3809	0.11705	121.35	0.0082407	-0.00037085	0.0034900	0.69210	9.8880	23.924	169.73	0.18737	3.0686e-06	0.018691	7.2794e-05	19.744	0.050648	0.057969	0.081699	18.544	13.022	43.230	100.60	10.755	1.3184e-06	0.0096092
4.3844	0.11742	121.27	0.0082461	-0.00030269	0.0035730	0.70824	9.8936	24.010	169.52	0.19622	3.0666e-06	0.018693	7.2446e-05	19.814	0.050470	0.057957	0.081678	18.523	13.025	43.365	100.59	10.746	1.3201e-06	0.0096228
4.3879	0.11780	121.19	0.0082516	-0.00023451	0.0036560	0.72437	9.8991	24.095	169.30	0.20508	3.0646e-06	0.018694	7.2100e-05	19.883	0.050293	0.057945	0.081658	18.501	13.028	43.502	100.59	10.738	1.3217e-06	0.0096365
4.3914	0.11817	121.11	0.0082570	-0.00016633	0.0037391	0.74049	9.9047	24.182	169.09	0.21395	3.0626e-06	0.018695	7.1754e-05	19.953	0.050117	0.057933	0.081637	18.479	13.031	43.639	100.59	10.729	1.3234e-06	0.0096502
4.3950	0.11854	121.03	0.0082625	-9.8146e-05	0.0038222	0.75660	9.9102	24.269	168.88	0.22284	3.0606e-06	0.018697	7.1409e-05	20.023	0.049942	0.057920	0.081616	18.457	13.034	43.777	100.58	10.720	1.3251e-06	0.0096639
4.3985	0.11891	120.95	0.0082680	-2.9948e-05	0.0039053	0.77271	9.9158	24.356	168.66	0.23175	3.0585e-06	0.018698	7.1066e-05	20.093	0.049768	0.057908	0.081595	18.436	13.037	43.916	100.58	10.712	1.3268e-06	0.0096777
4.4020	0.11928	120.87	0.0082735	3.8260e-05	0.0039884	0.78880	9.9213	24.444	168.45	0.24067	3.0565e-06	0.018699	7.0723e-05	20.164	0.049594	0.057895	0.081574	18.414	13.040	44.056	100.57	10.703	1.3285e-06	0.0096914
4.4054	0.11966	120.79	0.0082790	0.00010648	0.0040716	0.80489	9.9269	24.533	168.23	0.24961	3.0545e-06	0.018700	7.0381e-05	20.234	0.049422	0.057882	0.081552	18.392	13.043	44.197	100.57	10.694	1.3301e-06	0.0097052
4.4089	0.12003	120.71	0.0082846	0.00017471	0.0041548	0.82098	9.9325	24.622	168.02	0.25856	3.0525e-06	0.018701	7.0040e-05	20.304	0.049250	0.057869	0.081530	18.371	13.046	44.339	100.57	10.686	1.3318e-06	0.0097191
4.4124	0.12040	120.63	0.0082901	0.00024295	0.0042381	0.83706	9.9380	24.711	167.80	0.26753	3.0505e-06	0.018703	6.9700e-05	20.375	0.049080	0.057855	0.081507	18.349	13.049	44.482	100.56	10.677	1.3335e-06	0.0097329
4.4159	0.12077	120.54	0.0082957	0.00031120	0.0043214	0.85313	9.9436	24.802	167.59	0.27652	3.0484e-06	0.018704	6.9361e-05	20.446	0.048910	0.057842	0.081485	18.327	13.052	44.626	100.56	10.669	1.3352e-06	0.0097468
4.4193	0.12115	120.46	0.0083013	0.00037947	0.0044047	0.86919	9.9492	24.893	167.37	0.28552	3.0464e-06	0.018705	6.9023e-05	20.517	0.048741	0.057828	0.081462	18.306	13.055	44.772	100.55	10.660	1.3369e-06	0.0097607
4.4228	0.12152	120.38	0.0083069	0.00044775	0.0044881	0.88525	9.9548	24.984	167.16	0.29454	3.0444e-06	0.018706	6.8686e-05	20.588	0.048573	0.057814	0.081439	18.284	13.058	44.918	100.55	10.651	1.3385e-06	0.0097746
4.4262	0.12189	120.30	0.0083125	0.00051605	0.0045715	0.90131	9.9604	25.076	166.94	0.30358	3.0424e-06	0.018707	6.8350e-05	20.659	0.048405	0.057800	0.081416	18.262	13.061	45.065	100.54	10.643	1.3402e-06	0.0097886
4.4297	0.12226	120.22	0.0083181	0.00058436	0.0046549	0.91735	9.9660	25.169	166.73	0.31263	3.0404e-06	0.018709	6.8014e-05	20.730	0.048239	0.057786	0.081392	18.241	13.065	45.213	100.54	10.634	1.3419e-06	0.0098026
4.4331	0.12263	120.14	0.0083237	0.00065268	0.0047384	0.93339	9.9716	25.262	166.51	0.32170	3.0384e-06	0.018710	6.7680e-05	20.802	0.048073	0.057771	0.081368	18.219	13.068	45.363	100.53	10.626	1.3436e-06	0.0098166
4.4365	0.12301	120.06	0.0083294	0.00072103	0.0048219	0.94943	9.9772	25.356	166.30	0.33079	3.0364e-06	0.018711	6.7346e-05	20.873	0.047909	0.057757	0.081344	18.198	13.071	45.513	100.53	10.617	1.3452e-06	0.0098307
4.4399	0.12338	119.98	0.0083351	0.00078938	0.0049055	0.96546	9.9829	25.450	166.08	0.33990	3.0343e-06	0.018712	6.7013e-05	20.945	0.047745	0.057742	0.081320	18.176	13.074	45.665	100.52	10.608	1.3469e-06	0.0098448
4.4433	0.12375	119.89	0.0083407	0.00085776	0.0049891	0.98149	9.9885	25.545	165.86	0.34902	3.0323e-06	0.018713	6.6681e-05	21.017	0.047582	0.057727	0.081295	18.155	13.077	45.817	100.52	10.600	1.3486e-06	0.0098589
4.4467	0.12412	119.81	0.0083464	0.00092616	0.0050728	0.99751	9.9942	25.641	165.65	0.35816	3.0303e-06	0.018714	6.6350e-05	21.089	0.047419	0.057712	0.081270	18.133	13.080	45.971	100.51	10.591	1.3503e-06	0.0098730
4.4501	0.12449	119.73	0.0083521	0.00099457	0.0051565	1.0135	9.9998	25.738	165.43	0.36732	3.0283e-06	0.018715	6.6020e-05	21.161	0.047258	0.057696	0.081245	18.112	13.084	46.126	100.51	10.582	1.3520e-06	0.0098872
4.4535	0.12487	119.65	0.0083579	0.0010630	0.0052402	1.0295	10.005	25.835	165.21	0.37650	3.0263e-06	0.018716	6.5691e-05	21.233	0.047097	0.057681	0.081220	18.090	13.087	46.282	100.50	10.574	1.3536e-06	0.0099014
4.4569	0.12524	119.57	0.0083636	0.0011315	0.0053240	1.0456	10.011	25.932	165.00	0.38570	3.0243e-06	0.018717	6.5362e-05	21.305	0.046937	0.057665	0.081194	18.069	13.090	46.439	100.50	10.565	1.3553e-06	0.0099157
4.4603	0.12561	119.48	0.0083694	0.0011999	0.0054078	1.0616	10.017	26.031	164.78	0.39492	3.0223e-06	0.018718	6.5035e-05	21.378	0.046778	0.057649	0.081168	18.047	13.093	46.598	100.49	10.557	1.3570e-06	0.0099300
4.4636	0.12598	119.40	0.0083751	0.0012684	0.0054917	1.0776	10.022	26.130	164.56	0.40415	3.0203e-06	0.018719	6.4708e-05	21.450	0.046619	0.057633	0.081142	18.026	13.096	46.757	100.49	10.548	1.3587e-06	0.0099443
4.4670	0.12636	119.32	0.0083809	0.0013369	0.0055756	1.0936	10.028	26.230	164.35	0.41340	3.0183e-06	0.018721	6.4382e-05	21.523	0.046462	0.057617	0.081115	18.004	13.100	46.918	100.48	10.539	1.3603e-06	0.0099586
4.4703	0.12673	119.24	0.0083867	0.0014055	0.0056596	1.1096	10.034	26.330	164.13	0.42268	3.0163e-06	0.018722	6.4057e-05	21.596	0.046305	0.057601	0.081088	17.983	13.103	47.080	100.48	10.531	1.3620e-06	0.0099730
4.4737	0.12710	119.15	0.0083926	0.0014740	0.0057436	1.1256	10.040	26.431	163.91	0.43197	3.0143e-06	0.018723	6.3733e-05	21.669	0.046148	0.057584	0.081061	17.961	13.106	47.243	100.47	10.522	1.3637e-06	0.0099874
4.4770	0.12747	119.07	0.0083984	0.0015426	0.0058276	1.1415	10.045	26.533	163.69	0.44128	3.0122e-06	0.018724	6.3410e-05	21.742	0.045993	0.057568	0.081034	17.940	13.110	47.408	100.47	10.513	1.3654e-06	0.010002
4.4803	0.12784	118.99	0.0084042	0.0016112	0.0059118	1.1575	10.051	26.636	163.47	0.45062	3.0102e-06	0.018725	6.3087e-05	21.816	0.045838	0.057551	0.081006	17.918	13.113	47.574	100.46	10.505	1.3670e-06	0.010016
4.4837	0.12822	118.90	0.0084101	0.0016799	0.0059959	1.1735	10.057	26.739	163.26	0.45997	3.0082e-06	0.018726	6.2766e-05	21.889	0.045684	0.057534	0.080979	17.897	13.116	47.741	100.45	10.496	1.3687e-06	0.010031
4.4870	0.12859	118.82	0.0084160	0.0017485	0.0060801	1.1895	10.062	26.843	163.04	0.46934	3.0062e-06	0.018727	6.2445e-05	21.963	0.045531	0.057516	0.080950	17.876	13.120	47.909	100.45	10.487	1.3704e-06	0.010045
4.4903	0.12896	118.74	0.0084219	0.0018172	0.0061644	1.2055	10.068	26.948	162.82	0.47874	3.0042e-06	0.018728	6.2125e-05	22.037	0.045378	0.057499	0.080922	17.854	13.123	48.078	100.44	10.479	1.3721e-06	0.010060
4.4936	0.12933	118.65	0.0084278	0.0018860	0.0062487	1.2215	10.074	27.053	162.60	0.48815	3.0022e-06	0.018729	6.1806e-05	22.111	0.045227	0.057481	0.080893	17.833	13.126	48.249	100.44	10.470	1.3737e-06	0.010075
4.4969	0.12970	118.57	0.0084337	0.0019547	0.0063331	1.2374	10.080	27.160	162.38	0.49759	3.0002e-06	0.018730	6.1488e-05	22.185	0.045075	0.057463	0.080864	17.811	13.130	48.422	100.43	10.461	1.3754e-06	0.010089
4.5002	0.13008	118.49	0.0084397	0.0020235	0.0064176	1.2534	10.086	27.267	162.16	0.50704	2.9982e-06	0.018731	6.1170e-05	22.259	0.044925	0.057445	0.080835	17.790	13.133	48.595	100.42	10.452	1.3771e-06	0.010104
4.5035	0.13045	118.40	0.0084457	0.0020923	0.0065020	1.2694	10.091	27.375	161.94	0.51652	2.9962e-06	0.018732	6.0854e-05	22.334	0.044775	0.057427	0.080806	17.769	13.137	48.770	100.42	10.444	1.3788e-06	0.010119
4.5067	0.13082	118.32	0.0084517	0.0021611	0.0065866	1.2854	10.097	27.483	161.72	0.52602	2.9942e-06	0.018733	6.0538e-05	22.408	0.044626	0.057409	0.080776	17.747	13.140	48.947	100.41	10.435	1.3805e-06	0.010134
4.5100	0.13119	118.24	0.0084577	0.0022300	0.0066712	1.3013	10.103	27.593	161.50	0.53554	2.9922e-06	0.018734	6.0223e-05	22.483	0.044478	0.057390	0.080746	17.726	13.144	49.124	100.40	10.426	1.3821e-06	0.010149
4.5133	0.13157	118.15	0.0084637	0.0022989	0.0067559	1.3173	10.109	27.703	161.28	0.54508	2.9902e-06	0.018735	5.9909e-05	22.558	0.044330	0.057372	0.080716	17.705	13.147	49.303	100.40	10.418	1.3838e-06	0.010163
4.5165	0.13194	118.07	0.0084697	0.0023678	0.0068406	1.3333	10.115	27.814	161.06	0.55465	2.9882e-06	0.018736	5.9596e-05	22.633	0.044183	0.057353	0.080685	17.683	13.151	49.484	100.39	10.409	1.3855e-06	0.010178
4.5198	0.13231	117.98	0.0084758	0.0024368	0.0069254	1.3492	10.121	27.926	160.84	0.56424	2.9862e-06	0.018737	5.9283e-05	22.708	0.044037	0.057333	0.080655	17.662	13.154	49.666	100.38	10.400	1.3872e-06	0.010193
4.5230	0.13268	117.90	0.0084818	0.0025058	0.0070102	1.3652	10.126	28.039	160.62	0.57385	2.9842e-06	0.018738	5.8971e-05	22.784	0.043891	0.057314	0.080623	17.640	13.158	49.849	100.38	10.391	1.3888e-06	0.010208
4.5263	0.13305	117.81	0.0084879	0.0025748	0.0070951	1.3812	10.132	28.152	160.40	0.58348	2.9822e-06	0.018739	5.8660e-05	22.859	0.043746	0.057295	0.080592	17.619	13.161	50.034	100.37	10.382	1.3905e-06	0.010223
4.5295	0.13343	117.73	0.0084941	0.0026439	0.0071801	1.3972	10.138	28.267	160.18	0.59313	2.9802e-06	0.018740	5.8350e-05	22.935	0.043601	0.057275	0.080560	17.598	13.165	50.221	100.36	10.374	1.3922e-06	0.010238
4.5327	0.13380	117.64	0.0085002	0.0027130	0.0072651	1.4131	10.144	28.382	159.95	0.60281	2.9782e-06	0.018741	5.8041e-05	23.011	0.043458	0.057255	0.080529	17.576	13.168	50.409	100.35	10.365	1.3939e-06	0.010254
4.5359	0.13417	117.56	0.0085063	0.0027821	0.0073502	1.4291	10.150	28.499	159.73	0.61251	2.9761e-06	0.018742	5.7732e-05	23.087	0.043315	0.057235	0.080496	17.555	13.172	50.598	100.35	10.356	1.3956e-06	0.010269
4.5391	0.13454	117.47	0.0085125	0.0028513	0.0074354	1.4451	10.156	28.616	159.51	0.62224	2.9741e-06	0.018743	5.7425e-05	23.163	0.043172	0.057215	0.080464	17.534	13.176	50.789	100.34	10.347	1.3972e-06	0.010284
4.5424	0.13491	117.39	0.0085187	0.0029205	0.0075206	1.4611	10.162	28.734	159.29	0.63199	2.9721e-06	0.018743	5.7118e-05	23.240	0.043030	0.057195	0.080431	17.512	13.179	50.982	100.33	10.338	1.3989e-06	0.010299
4.5456	0.13529	117.30	0.0085249	0.0029897	0.0076059	1.4770	10.168	28.853	159.07	0.64176	2.9701e-06	0.018744	5.6812e-05	23.316	0.042889	0.057174	0.080398	17.491	13.183	51.176	100.33	10.330	1.4006e-06	0.010315
4.5487	0.13566	117.22	0.0085311	0.0030590	0.0076913	1.4930	10.174	28.973	158.84	0.65156	2.9681e-06	0.018745	5.6506e-05	23.393	0.042748	0.057153	0.080365	17.470	13.187	51.372	100.32	10.321	1.4023e-06	0.010330
4.5519	0.13603	117.13	0.0085374	0.0031283	0.0077767	1.5090	10.180	29.093	158.62	0.66138	2.9661e-06	0.018746	5.6202e-05	23.470	0.042608	0.057132	0.080331	17.448	13.190	51.569	100.31	10.312	1.4040e-06	0.010345
4.5551	0.13640	117.05	0.0085436	0.0031977	0.0078622	1.5250	10.186	29.215	158.40	0.67123	2.9641e-06	0.018747	5.5898e-05	23.547	0.042469	0.057111	0.080297	17.427	13.194	51.768	100.30	10.303	1.4056e-06	0.010361
4.5583	0.13677	116.96	0.0085499	0.0032671	0.0079478	1.5410	10.192	29.338	158.17	0.68110	2.9621e-06	0.018748	5.5595e-05	23.624	0.042330	0.057090	0.080263	17.406	13.198	51.969	100.30	10.294	1.4073e-06	0.010376
4.5615	0.13715	116.87	0.0085562	0.0033366	0.0080334	1.5570	10.198	29.462	157.95	0.69099	2.9601e-06	0.018749	5.5292e-05	23.702	0.042191	0.057068	0.080229	17.384	13.201	52.171	100.29	10.285	1.4090e-06	0.010392
4.5646	0.13752	116.79	0.0085625	0.0034061	0.0081192	1.5730	10.204	29.587	157.73	0.70092	2.9581e-06	0.018750	5.4991e-05	23.779	0.042054	0.057046	0.080194	17.363	13.205	52.375	100.28	10.276	1.4107e-06	0.010407
4.5678	0.13789	116.70	0.0085689	0.0034756	0.0082050	1.5890	10.210	29.712	157.50	0.71086	2.9561e-06	0.018751	5.4690e-05	23.857	0.041917	0.057025	0.080159	17.342	13.209	52.581	100.27	10.267	1.4124e-06	0.010423
4.5709	0.13826	116.61	0.0085752	0.0035452	0.0082908	1.6049	10.216	29.839	157.28	0.72084	2.9541e-06	0.018752	5.4390e-05	23.935	0.041780	0.057002	0.080124	17.320	13.213	52.789	100.26	10.258	1.4141e-06	0.010439
4.5741	0.13864	116.53	0.0085816	0.0036148	0.0083768	1.6209	10.222	29.967	157.05	0.73083	2.9521e-06	0.018753	5.4091e-05	24.013	0.041644	0.056980	0.080089	17.299	13.216	52.998	100.26	10.249	1.4158e-06	0.010454
4.5772	0.13901	116.44	0.0085880	0.0036845	0.0084628	1.6370	10.228	30.096	156.83	0.74086	2.9501e-06	0.018754	5.3792e-05	24.091	0.041509	0.056958	0.080053	17.277	13.220	53.209	100.25	10.240	1.4174e-06	0.010470
4.5803	0.13938	116.35	0.0085944	0.0037542	0.0085489	1.6530	10.234	30.226	156.60	0.75091	2.9480e-06	0.018755	5.3495e-05	24.170	0.041374	0.056935	0.080017	17.256	13.224	53.422	100.24	10.231	1.4191e-06	0.010486
4.5835	0.13975	116.27	0.0086009	0.0038240	0.0086351	1.6690	10.240	30.357	156.38	0.76099	2.9460e-06	0.018756	5.3198e-05	24.249	0.041240	0.056912	0.079980	17.235	13.228	53.637	100.23	10.222	1.4208e-06	0.010502
4.5866	0.14012	116.18	0.0086074	0.0038938	0.0087213	1.6850	10.247	30.489	156.15	0.77109	2.9440e-06	0.018757	5.2901e-05	24.327	0.041106	0.056889	0.079944	17.213	13.232	53.854	100.22	10.213	1.4225e-06	0.010518
4.5897	0.14050	116.09	0.0086138	0.0039636	0.0088076	1.7010	10.253	30.622	155.93	0.78123	2.9420e-06	0.018758	5.2606e-05	24.407	0.040973	0.056866	0.079907	17.192	13.236	54.072	100.21	10.204	1.4242e-06	0.010534
4.5928	0.14087	116.00	0.0086204	0.0040336	0.0088941	1.7170	10.259	30.756	155.70	0.79139	2.9400e-06	0.018759	5.2311e-05	24.486	0.040840	0.056842	0.079869	17.171	13.240	54.292	100.21	10.195	1.4259e-06	0.010550
4.5959	0.14124	115.92	0.0086269	0.0041035	0.0089806	1.7331	10.265	30.892	155.48	0.80157	2.9380e-06	0.018760	5.2017e-05	24.565	0.040708	0.056819	0.079832	17.149	13.244	54.515	100.20	10.186	1.4276e-06	0.010566
4.5990	0.14161	115.83	0.0086334	0.0041735	0.0090671	1.7491	10.271	31.028	155.25	0.81179	2.9360e-06	0.018761	5.1724e-05	24.645	0.040576	0.056795	0.079794	17.128	13.248	54.739	100.19	10.177	1.4293e-06	0.010582
4.6021	0.14198	115.74	0.0086400	0.0042436	0.0091538	1.7651	10.278	31.166	155.02	0.82203	2.9340e-06	0.018762	5.1431e-05	24.725	0.040445	0.056771	0.079756	17.106	13.252	54.965	100.18	10.168	1.4310e-06	0.010599
4.6052	0.14236	115.65	0.0086466	0.0043137	0.0092406	1.7812	10.284	31.305	154.80	0.83230	2.9319e-06	0.018763	5.1139e-05	24.805	0.040315	0.056746	0.079718	17.085	13.255	55.194	100.17	10.158	1.4327e-06	0.010615
4.6083	0.14273	115.56	0.0086532	0.0043839	0.0093274	1.7972	10.290	31.445	154.57	0.84260	2.9299e-06	0.018764	5.0848e-05	24.885	0.040185	0.056722	0.079679	17.064	13.259	55.424	100.16	10.149	1.4343e-06	0.010631
4.6113	0.14310	115.48	0.0086599	0.0044541	0.0094143	1.8133	10.297	31.586	154.34	0.85293	2.9279e-06	0.018765	5.0558e-05	24.965	0.040055	0.056697	0.079640	17.042	13.264	55.656	100.15	10.140	1.4360e-06	0.010648
4.6144	0.14347	115.39	0.0086665	0.0045244	0.0095013	1.8294	10.303	31.729	154.11	0.86329	2.9259e-06	0.018766	5.0268e-05	25.046	0.039926	0.056672	0.079601	17.021	13.268	55.891	100.15	10.131	1.4377e-06	0.010664
4.6175	0.14385	115.30	0.0086732	0.0045948	0.0095884	1.8454	10.309	31.873	153.89	0.87367	2.9239e-06	0.018767	4.9980e-05	25.127	0.039798	0.056647	0.079561	16.999	13.272	56.127	100.14	10.122	1.4394e-06	0.010680
4.6205	0.14422	115.21	0.0086799	0.0046652	0.0096756	1.8615	10.316	32.018	153.66	0.88409	2.9219e-06	0.018768	4.9691e-05	25.208	0.039670	0.056622	0.079521	16.978	13.276	56.366	100.13	10.112	1.4411e-06	0.010697
4.6236	0.14459	115.12	0.0086867	0.0047356	0.0097629	1.8776	10.322	32.164	153.43	0.89453	2.9198e-06	0.018769	4.9404e-05	25.289	0.039543	0.056596	0.079481	16.956	13.280	56.607	100.12	10.103	1.4428e-06	0.010714
4.6266	0.14496	115.03	0.0086934	0.0048061	0.0098503	1.8937	10.328	32.312	153.20	0.90501	2.9178e-06	0.018770	4.9117e-05	25.371	0.039416	0.056571	0.079441	16.935	13.284	56.850	100.11	10.094	1.4445e-06	0.010730
4.6297	0.14533	114.94	0.0087002	0.0048767	0.0099377	1.9098	10.335	32.461	152.97	0.91552	2.9158e-06	0.018771	4.8831e-05	25.452	0.039289	0.056545	0.079400	16.914	13.288	57.095	100.10	10.084	1.4462e-06	0.010747
4.6327	0.14571	114.85	0.0087070	0.0049473	0.010025	1.9259	10.341	32.611	152.74	0.92605	2.9138e-06	0.018772	4.8546e-05	25.534	0.039163	0.056519	0.079359	16.892	13.292	57.342	100.09	10.075	1.4479e-06	0.010764
4.6357	0.14608	114.76	0.0087139	0.0050180	0.010113	1.9420	10.348	32.763	152.51	0.93662	2.9117e-06	0.018773	4.8261e-05	25.616	0.039038	0.056493	0.079318	16.871	13.296	57.592	100.08	10.066	1.4496e-06	0.010781
4.6387	0.14645	114.67	0.0087207	0.0050888	0.010201	1.9581	10.354	32.916	152.28	0.94722	2.9097e-06	0.018775	4.7977e-05	25.698	0.038913	0.056466	0.079276	16.849	13.301	57.844	100.07	10.056	1.4513e-06	0.010798
4.6418	0.14682	114.58	0.0087276	0.0051596	0.010289	1.9743	10.361	33.070	152.05	0.95785	2.9077e-06	0.018776	4.7694e-05	25.781	0.038788	0.056439	0.079234	16.828	13.305	58.099	100.06	10.047	1.4530e-06	0.010815
4.6448	0.14719	114.49	0.0087345	0.0052305	0.010377	1.9904	10.367	33.226	151.82	0.96851	2.9057e-06	0.018777	4.7412e-05	25.864	0.038664	0.056412	0.079192	16.806	13.309	58.355	100.05	10.037	1.4548e-06	0.010832
4.6478	0.14757	114.40	0.0087414	0.0053014	0.010465	2.0066	10.374	33.383	151.59	0.97920	2.9036e-06	0.018778	4.7130e-05	25.947	0.038541	0.056385	0.079149	16.785	13.313	58.614	100.04	10.028	1.4565e-06	0.010849
4.6508	0.14794	114.31	0.0087484	0.0053724	0.010553	2.0227	10.381	33.542	151.36	0.98993	2.9016e-06	0.018779	4.6849e-05	26.030	0.038418	0.056358	0.079107	16.763	13.318	58.876	100.04	10.018	1.4582e-06	0.010866
4.6538	0.14831	114.22	0.0087554	0.0054435	0.010641	2.0389	10.387	33.702	151.13	1.0007	2.8996e-06	0.018780	4.6568e-05	26.113	0.038295	0.056330	0.079063	16.741	13.322	59.140	100.03	10.009	1.4599e-06	0.010883
4.6568	0.14868	114.12	0.0087624	0.0055147	0.010729	2.0551	10.394	33.864	150.90	1.0115	2.8976e-06	0.018781	4.6289e-05	26.197	0.038173	0.056303	0.079020	16.720	13.326	59.407	100.02	9.9994	1.4616e-06	0.010901
4.6597	0.14906	114.03	0.0087694	0.0055859	0.010818	2.0713	10.400	34.027	150.67	1.0223	2.8955e-06	0.018782	4.6010e-05	26.280	0.038051	0.056275	0.078976	16.698	13.331	59.676	100.01	9.9899	1.4633e-06	0.010918
4.6627	0.14943	113.94	0.0087765	0.0056572	0.010906	2.0875	10.407	34.192	150.44	1.0332	2.8935e-06	0.018783	4.5731e-05	26.365	0.037930	0.056246	0.078932	16.677	13.335	59.947	99.996	9.9803	1.4650e-06	0.010935
4.6657	0.14980	113.85	0.0087836	0.0057285	0.010995	2.1037	10.414	34.359	150.20	1.0440	2.8914e-06	0.018784	4.5454e-05	26.449	0.037809	0.056218	0.078888	16.655	13.339	60.221	99.987	9.9707	1.4667e-06	0.010953
4.6687	0.15017	113.76	0.0087907	0.0058000	0.011084	2.1199	10.421	34.527	149.97	1.0550	2.8894e-06	0.018786	4.5177e-05	26.533	0.037689	0.056189	0.078843	16.633	13.344	60.498	99.977	9.9610	1.4684e-06	0.010971
4.6716	0.15054	113.66	0.0087978	0.0058715	0.011173	2.1361	10.427	34.696	149.74	1.0659	2.8874e-06	0.018787	4.4900e-05	26.618	0.037569	0.056161	0.078798	16.612	13.348	60.778	99.967	9.9514	1.4702e-06	0.010988
4.6746	0.15092	113.57	0.0088050	0.0059430	0.011262	2.1524	10.434	34.867	149.51	1.0769	2.8853e-06	0.018788	4.4625e-05	26.703	0.037449	0.056131	0.078753	16.590	13.353	61.060	99.957	9.9417	1.4719e-06	0.011006
4.6775	0.15129	113.48	0.0088122	0.0060147	0.011351	2.1686	10.441	35.040	149.27	1.0879	2.8833e-06	0.018789	4.4350e-05	26.788	0.037330	0.056102	0.078707	16.569	13.357	61.345	99.947	9.9320	1.4736e-06	0.011024
4.6805	0.15166	113.39	0.0088194	0.0060864	0.011440	2.1849	10.448	35.215	149.04	1.0990	2.8812e-06	0.018790	4.4076e-05	26.874	0.037211	0.056073	0.078661	16.547	13.362	61.633	99.937	9.9222	1.4753e-06	0.011042
4.6834	0.15203	113.29	0.0088267	0.0061582	0.011529	2.2012	10.455	35.391	148.81	1.1101	2.8792e-06	0.018792	4.3802e-05	26.959	0.037093	0.056043	0.078615	16.525	13.366	61.923	99.926	9.9124	1.4771e-06	0.011060
4.6864	0.15240	113.20	0.0088340	0.0062301	0.011619	2.2174	10.462	35.569	148.57	1.1212	2.8772e-06	0.018793	4.3529e-05	27.045	0.036975	0.056013	0.078568	16.503	13.371	62.217	99.916	9.9026	1.4788e-06	0.011078
4.6893	0.15278	113.11	0.0088413	0.0063020	0.011709	2.2338	10.468	35.749	148.34	1.1324	2.8751e-06	0.018794	4.3257e-05	27.131	0.036858	0.055983	0.078522	16.482	13.375	62.513	99.906	9.8928	1.4805e-06	0.011096
4.6922	0.15315	113.01	0.0088486	0.0063741	0.011798	2.2501	10.475	35.931	148.10	1.1436	2.8731e-06	0.018795	4.2985e-05	27.218	0.036741	0.055952	0.078474	16.460	13.380	62.812	99.896	9.8829	1.4822e-06	0.011114
4.6951	0.15352	112.92	0.0088560	0.0064462	0.011888	2.2664	10.482	36.114	147.87	1.1548	2.8710e-06	0.018797	4.2714e-05	27.304	0.036624	0.055922	0.078427	16.438	13.385	63.115	99.885	9.8731	1.4840e-06	0.011132
4.6981	0.15389	112.82	0.0088634	0.0065184	0.011978	2.2827	10.489	36.300	147.63	1.1661	2.8690e-06	0.018798	4.2444e-05	27.391	0.036508	0.055891	0.078379	16.416	13.389	63.420	99.875	9.8631	1.4857e-06	0.011150
4.7010	0.15427	112.73	0.0088708	0.0065906	0.012068	2.2991	10.496	36.487	147.40	1.1774	2.8669e-06	0.018799	4.2175e-05	27.478	0.036392	0.055860	0.078331	16.395	13.394	63.728	99.864	9.8532	1.4874e-06	0.011169
4.7039	0.15464	112.63	0.0088783	0.0066630	0.012158	2.3155	10.503	36.676	147.16	1.1888	2.8648e-06	0.018800	4.1906e-05	27.566	0.036277	0.055829	0.078282	16.373	13.398	64.040	99.854	9.8432	1.4892e-06	0.011187
4.7068	0.15501	112.54	0.0088858	0.0067354	0.012249	2.3318	10.511	36.867	146.93	1.2002	2.8628e-06	0.018802	4.1637e-05	27.653	0.036162	0.055797	0.078233	16.351	13.403	64.355	99.843	9.8332	1.4909e-06	0.011206
4.7097	0.15538	112.44	0.0088933	0.0068080	0.012339	2.3482	10.518	37.060	146.69	1.2116	2.8607e-06	0.018803	4.1370e-05	27.741	0.036047	0.055765	0.078184	16.329	13.408	64.672	99.833	9.8232	1.4926e-06	0.011224
4.7126	0.15575	112.35	0.0089008	0.0068806	0.012430	2.3646	10.525	37.255	146.46	1.2231	2.8587e-06	0.018804	4.1103e-05	27.829	0.035933	0.055733	0.078135	16.307	13.413	64.994	99.822	9.8131	1.4944e-06	0.011243
4.7155	0.15613	112.25	0.0089084	0.0069533	0.012520	2.3811	10.532	37.452	146.22	1.2346	2.8566e-06	0.018806	4.0836e-05	27.918	0.035819	0.055701	0.078085	16.285	13.417	65.318	99.811	9.8030	1.4961e-06	0.011262
4.7183	0.15650	112.16	0.0089160	0.0070261	0.012611	2.3975	10.539	37.652	145.98	1.2461	2.8545e-06	0.018807	4.0571e-05	28.007	0.035706	0.055669	0.078035	16.263	13.422	65.646	99.801	9.7929	1.4979e-06	0.011281
4.7212	0.15687	112.06	0.0089237	0.0070990	0.012702	2.4140	10.546	37.853	145.74	1.2577	2.8525e-06	0.018808	4.0306e-05	28.096	0.035593	0.055636	0.077984	16.241	13.427	65.977	99.790	9.7827	1.4996e-06	0.011300
4.7241	0.15724	111.97	0.0089313	0.0071719	0.012793	2.4304	10.554	38.056	145.51	1.2693	2.8504e-06	0.018810	4.0041e-05	28.185	0.035480	0.055603	0.077934	16.219	13.432	66.311	99.779	9.7725	1.5014e-06	0.011319
4.7269	0.15761	111.87	0.0089390	0.0072450	0.012884	2.4469	10.561	38.262	145.27	1.2810	2.8483e-06	0.018811	3.9778e-05	28.274	0.035368	0.055570	0.077882	16.197	13.436	66.650	99.768	9.7623	1.5031e-06	0.011338
4.7298	0.15799	111.77	0.0089468	0.0073182	0.012976	2.4634	10.568	38.470	145.03	1.2927	2.8462e-06	0.018813	3.9515e-05	28.364	0.035256	0.055537	0.077831	16.175	13.441	66.991	99.757	9.7521	1.5049e-06	0.011357
4.7327	0.15836	111.67	0.0089546	0.0073914	0.013067	2.4800	10.576	38.680	144.79	1.3044	2.8442e-06	0.018814	3.9252e-05	28.454	0.035144	0.055503	0.077779	16.153	13.446	67.337	99.746	9.7418	1.5066e-06	0.011376
4.7355	0.15873	111.58	0.0089624	0.0074648	0.013159	2.4965	10.583	38.892	144.55	1.3162	2.8421e-06	0.018815	3.8990e-05	28.544	0.035033	0.055469	0.077727	16.131	13.451	67.686	99.735	9.7315	1.5084e-06	0.011396
4.7384	0.15910	111.48	0.0089702	0.0075382	0.013251	2.5131	10.591	39.107	144.31	1.3280	2.8400e-06	0.018817	3.8729e-05	28.635	0.034922	0.055435	0.077674	16.109	13.456	68.038	99.724	9.7211	1.5101e-06	0.011415
4.7412	0.15948	111.38	0.0089781	0.0076117	0.013343	2.5296	10.598	39.324	144.08	1.3399	2.8379e-06	0.018818	3.8469e-05	28.726	0.034812	0.055401	0.077622	16.087	13.461	68.395	99.713	9.7107	1.5119e-06	0.011435
4.7440	0.15985	111.28	0.0089860	0.0076854	0.013435	2.5462	10.606	39.544	143.84	1.3518	2.8358e-06	0.018820	3.8209e-05	28.817	0.034702	0.055366	0.077568	16.065	13.466	68.755	99.702	9.7003	1.5137e-06	0.011455
4.7469	0.16022	111.19	0.0089939	0.0077591	0.013527	2.5628	10.613	39.766	143.60	1.3638	2.8338e-06	0.018821	3.7949e-05	28.908	0.034592	0.055331	0.077515	16.043	13.471	69.119	99.691	9.6899	1.5154e-06	0.011474
4.7497	0.16059	111.09	0.0090019	0.0078330	0.013619	2.5795	10.621	39.991	143.36	1.3758	2.8317e-06	0.018823	3.7691e-05	29.000	0.034483	0.055296	0.077461	16.021	13.476	69.488	99.680	9.6794	1.5172e-06	0.011494
4.7525	0.16096	110.99	0.0090099	0.0079069	0.013712	2.5961	10.628	40.218	143.12	1.3878	2.8296e-06	0.018824	3.7433e-05	29.092	0.034374	0.055261	0.077407	15.998	13.481	69.860	99.669	9.6689	1.5190e-06	0.011514
4.7553	0.16134	110.89	0.0090180	0.0079810	0.013804	2.6128	10.636	40.447	142.88	1.3999	2.8275e-06	0.018826	3.7175e-05	29.184	0.034265	0.055225	0.077352	15.976	13.486	70.237	99.658	9.6584	1.5207e-06	0.011534
4.7581	0.16171	110.79	0.0090261	0.0080551	0.013897	2.6295	10.644	40.680	142.63	1.4120	2.8254e-06	0.018828	3.6919e-05	29.277	0.034157	0.055189	0.077297	15.954	13.490	70.617	99.647	9.6478	1.5225e-06	0.011554
4.7609	0.16208	110.69	0.0090342	0.0081294	0.013990	2.6462	10.651	40.915	142.39	1.4242	2.8233e-06	0.018829	3.6662e-05	29.370	0.034048	0.055153	0.077242	15.932	13.495	71.002	99.636	9.6372	1.5243e-06	0.011574
4.7637	0.16245	110.59	0.0090424	0.0082038	0.014083	2.6629	10.659	41.152	142.15	1.4364	2.8212e-06	0.018831	3.6407e-05	29.463	0.033941	0.055117	0.077186	15.909	13.500	71.391	99.624	9.6266	1.5260e-06	0.011595
4.7665	0.16282	110.49	0.0090506	0.0082783	0.014177	2.6797	10.667	41.393	141.91	1.4487	2.8191e-06	0.018832	3.6152e-05	29.557	0.033833	0.055080	0.077130	15.887	13.505	71.785	99.613	9.6159	1.5278e-06	0.011615
4.7693	0.16320	110.39	0.0090588	0.0083529	0.014270	2.6964	10.675	41.636	141.67	1.4610	2.8170e-06	0.018834	3.5898e-05	29.650	0.033726	0.055043	0.077073	15.865	13.510	72.183	99.602	9.6052	1.5296e-06	0.011636
4.7721	0.16357	110.29	0.0090671	0.0084276	0.014364	2.7132	10.683	41.883	141.42	1.4733	2.8149e-06	0.018836	3.5644e-05	29.745	0.033620	0.055006	0.077017	15.842	13.516	72.586	99.591	9.5944	1.5314e-06	0.011656
4.7749	0.16394	110.19	0.0090754	0.0085024	0.014458	2.7301	10.691	42.132	141.18	1.4857	2.8127e-06	0.018838	3.5391e-05	29.839	0.033513	0.054969	0.076960	15.820	13.521	72.993	99.580	9.5837	1.5332e-06	0.011677
4.7777	0.16431	110.09	0.0090837	0.0085773	0.014552	2.7469	10.699	42.384	140.94	1.4982	2.8106e-06	0.018839	3.5139e-05	29.934	0.033407	0.054931	0.076902	15.797	13.526	73.405	99.569	9.5729	1.5350e-06	0.011698
4.7805	0.16469	109.99	0.0090921	0.0086524	0.014646	2.7638	10.707	42.639	140.70	1.5107	2.8085e-06	0.018841	3.4887e-05	30.029	0.033301	0.054893	0.076844	15.775	13.531	73.822	99.558	9.5620	1.5368e-06	0.011719
4.7832	0.16506	109.88	0.0091006	0.0087276	0.014740	2.7806	10.715	42.898	140.45	1.5232	2.8064e-06	0.018843	3.4635e-05	30.124	0.033196	0.054855	0.076786	15.752	13.536	74.244	99.547	9.5512	1.5386e-06	0.011740
4.7860	0.16543	109.78	0.0091090	0.0088029	0.014834	2.7976	10.723	43.159	140.21	1.5358	2.8043e-06	0.018845	3.4385e-05	30.220	0.033091	0.054816	0.076727	15.730	13.541	74.671	99.536	9.5403	1.5404e-06	0.011761
4.7888	0.16580	109.68	0.0091176	0.0088783	0.014929	2.8145	10.731	43.424	139.96	1.5485	2.8021e-06	0.018846	3.4135e-05	30.316	0.032986	0.054778	0.076668	15.707	13.546	75.103	99.525	9.5293	1.5422e-06	0.011782
4.7915	0.16617	109.58	0.0091261	0.0089538	0.015024	2.8314	10.739	43.692	139.72	1.5612	2.8000e-06	0.018848	3.3885e-05	30.412	0.032881	0.054738	0.076609	15.684	13.551	75.540	99.514	9.5183	1.5440e-06	0.011803
4.7943	0.16655	109.47	0.0091347	0.0090295	0.015119	2.8484	10.747	43.964	139.47	1.5739	2.7979e-06	0.018850	3.3637e-05	30.509	0.032777	0.054699	0.076549	15.662	13.556	75.983	99.503	9.5073	1.5458e-06	0.011825
4.7970	0.16692	109.37	0.0091433	0.0091053	0.015214	2.8654	10.755	44.239	139.23	1.5867	2.7957e-06	0.018852	3.3388e-05	30.606	0.032673	0.054660	0.076489	15.639	13.561	76.431	99.492	9.4963	1.5476e-06	0.011846
4.7997	0.16729	109.27	0.0091520	0.0091812	0.015309	2.8825	10.764	44.517	138.98	1.5996	2.7936e-06	0.018854	3.3141e-05	30.704	0.032570	0.054620	0.076428	15.616	13.566	76.885	99.481	9.4852	1.5494e-06	0.011868
4.8025	0.16766	109.16	0.0091608	0.0092572	0.015405	2.8995	10.772	44.799	138.74	1.6125	2.7914e-06	0.018856	3.2894e-05	30.801	0.032466	0.054580	0.076367	15.593	13.571	77.344	99.471	9.4741	1.5512e-06	0.011890
4.8052	0.16803	109.06	0.0091695	0.0093334	0.015501	2.9166	10.780	45.085	138.49	1.6254	2.7893e-06	0.018858	3.2647e-05	30.899	0.032363	0.054539	0.076306	15.571	13.576	77.809	99.460	9.4629	1.5530e-06	0.011912
4.8079	0.16841	108.95	0.0091783	0.0094097	0.015597	2.9337	10.789	45.374	138.24	1.6385	2.7871e-06	0.018860	3.2401e-05	30.998	0.032260	0.054499	0.076244	15.548	13.581	78.280	99.449	9.4517	1.5549e-06	0.011934
4.8107	0.16878	108.85	0.0091872	0.0094862	0.015693	2.9509	10.797	45.667	138.00	1.6515	2.7850e-06	0.018862	3.2156e-05	31.097	0.032158	0.054458	0.076182	15.525	13.586	78.757	99.439	9.4405	1.5567e-06	0.011956
4.8134	0.16915	108.74	0.0091961	0.0095628	0.015789	2.9680	10.805	45.964	137.75	1.6646	2.7828e-06	0.018864	3.1911e-05	31.196	0.032056	0.054416	0.076119	15.502	13.591	79.240	99.428	9.4292	1.5585e-06	0.011978
4.8161	0.16952	108.64	0.0092050	0.0096395	0.015885	2.9852	10.814	46.265	137.50	1.6778	2.7807e-06	0.018866	3.1667e-05	31.295	0.031954	0.054375	0.076056	15.479	13.596	79.730	99.418	9.4179	1.5603e-06	0.012000
4.8188	0.16989	108.53	0.0092140	0.0097164	0.015982	3.0024	10.823	46.570	137.25	1.6910	2.7785e-06	0.018868	3.1424e-05	31.395	0.031852	0.054333	0.075993	15.456	13.602	80.226	99.408	9.4065	1.5622e-06	0.012023
4.8215	0.17027	108.42	0.0092231	0.0097934	0.016079	3.0197	10.831	46.879	137.00	1.7043	2.7763e-06	0.018870	3.1181e-05	31.495	0.031751	0.054291	0.075929	15.433	13.607	80.728	99.398	9.3951	1.5640e-06	0.012046
4.8242	0.17064	108.32	0.0092322	0.0098705	0.016176	3.0370	10.840	47.192	136.76	1.7177	2.7742e-06	0.018872	3.0939e-05	31.596	0.031650	0.054248	0.075865	15.410	13.612	81.238	99.387	9.3837	1.5658e-06	0.012068
4.8269	0.17101	108.21	0.0092413	0.0099478	0.016273	3.0543	10.849	47.510	136.51	1.7311	2.7720e-06	0.018874	3.0697e-05	31.697	0.031549	0.054205	0.075800	15.387	13.617	81.754	99.377	9.3722	1.5677e-06	0.012091
4.8296	0.17138	108.10	0.0092505	0.010025	0.016371	3.0716	10.857	47.832	136.26	1.7445	2.7698e-06	0.018876	3.0456e-05	31.798	0.031448	0.054162	0.075735	15.363	13.622	82.277	99.368	9.3607	1.5695e-06	0.012114
4.8323	0.17176	107.99	0.0092597	0.010103	0.016469	3.0890	10.866	48.158	136.01	1.7581	2.7676e-06	0.018879	3.0215e-05	31.900	0.031348	0.054119	0.075670	15.340	13.627	82.808	99.358	9.3491	1.5714e-06	0.012137
4.8350	0.17213	107.89	0.0092690	0.010181	0.016567	3.1064	10.875	48.489	135.76	1.7716	2.7654e-06	0.018881	2.9975e-05	32.002	0.031248	0.054075	0.075604	15.317	13.633	83.346	99.348	9.3375	1.5732e-06	0.012161
4.8377	0.17250	107.78	0.0092783	0.010258	0.016665	3.1238	10.884	48.825	135.50	1.7853	2.7632e-06	0.018883	2.9736e-05	32.105	0.031148	0.054031	0.075537	15.293	13.638	83.891	99.338	9.3258	1.5751e-06	0.012184
4.8403	0.17287	107.67	0.0092877	0.010337	0.016763	3.1413	10.893	49.165	135.25	1.7990	2.7610e-06	0.018885	2.9497e-05	32.208	0.031048	0.053987	0.075470	15.270	13.643	84.445	99.329	9.3141	1.5770e-06	0.012208
4.8430	0.17324	107.56	0.0092971	0.010415	0.016862	3.1588	10.902	49.510	135.00	1.8128	2.7588e-06	0.018888	2.9259e-05	32.311	0.030949	0.053942	0.075403	15.247	13.648	85.006	99.319	9.3024	1.5788e-06	0.012231
4.8457	0.17362	107.45	0.0093066	0.010493	0.016960	3.1763	10.911	49.860	134.75	1.8266	2.7566e-06	0.018890	2.9021e-05	32.415	0.030850	0.053897	0.075336	15.223	13.654	85.576	99.309	9.2906	1.5807e-06	0.012255
4.8483	0.17399	107.34	0.0093162	0.010572	0.017059	3.1939	10.920	50.215	134.50	1.8405	2.7544e-06	0.018892	2.8784e-05	32.519	0.030751	0.053852	0.075267	15.200	13.659	86.154	99.300	9.2787	1.5826e-06	0.012279
4.8510	0.17436	107.23	0.0093257	0.010650	0.017159	3.2115	10.929	50.576	134.24	1.8544	2.7522e-06	0.018895	2.8547e-05	32.624	0.030653	0.053806	0.075199	15.176	13.665	86.740	99.291	9.2668	1.5844e-06	0.012303
4.8536	0.17473	107.12	0.0093354	0.010729	0.017258	3.2292	10.939	50.941	133.99	1.8684	2.7500e-06	0.018897	2.8311e-05	32.729	0.030554	0.053760	0.075130	15.152	13.670	87.335	99.281	9.2548	1.5863e-06	0.012328
4.8563	0.17510	107.01	0.0093451	0.010808	0.017358	3.2468	10.948	51.313	133.73	1.8825	2.7478e-06	0.018900	2.8076e-05	32.834	0.030456	0.053714	0.075060	15.129	13.676	87.940	99.272	9.2427	1.5882e-06	0.012352
4.8589	0.17548	106.90	0.0093548	0.010887	0.017458	3.2646	10.957	51.689	133.48	1.8967	2.7455e-06	0.018902	2.7841e-05	32.940	0.030358	0.053668	0.074990	15.105	13.682	88.553	99.263	9.2306	1.5901e-06	0.012377
4.8616	0.17585	106.78	0.0093647	0.010967	0.017558	3.2823	10.967	52.072	133.22	1.9109	2.7433e-06	0.018905	2.7607e-05	33.046	0.030261	0.053621	0.074920	15.081	13.687	89.176	99.253	9.2185	1.5920e-06	0.012401
4.8642	0.17622	106.67	0.0093745	0.011046	0.017659	3.3001	10.976	52.460	132.97	1.9252	2.7411e-06	0.018908	2.7373e-05	33.153	0.030163	0.053573	0.074849	15.057	13.693	89.809	99.244	9.2063	1.5939e-06	0.012426
4.8668	0.17659	106.56	0.0093845	0.011126	0.017759	3.3179	10.986	52.854	132.71	1.9396	2.7388e-06	0.018910	2.7140e-05	33.260	0.030066	0.053526	0.074778	15.034	13.699	90.452	99.235	9.1940	1.5958e-06	0.012452
4.8695	0.17697	106.45	0.0093944	0.011206	0.017860	3.3358	10.996	53.254	132.45	1.9540	2.7366e-06	0.018913	2.6907e-05	33.367	0.029969	0.053478	0.074706	15.010	13.705	91.105	99.226	9.1816	1.5977e-06	0.012477
4.8721	0.17734	106.33	0.0094045	0.011286	0.017961	3.3537	11.006	53.660	132.19	1.9685	2.7343e-06	0.018916	2.6675e-05	33.476	0.029873	0.053429	0.074633	14.986	13.712	91.769	99.216	9.1692	1.5996e-06	0.012502
4.8747	0.17771	106.22	0.0094146	0.011366	0.018063	3.3716	11.015	54.073	131.93	1.9831	2.7321e-06	0.018918	2.6444e-05	33.584	0.029776	0.053381	0.074560	14.962	13.718	92.443	99.207	9.1567	1.6015e-06	0.012528
4.8773	0.17808	106.10	0.0094247	0.011447	0.018165	3.3896	11.025	54.492	131.67	1.9977	2.7298e-06	0.018921	2.6213e-05	33.693	0.029680	0.053332	0.074487	14.937	13.724	93.129	99.197	9.1441	1.6034e-06	0.012554
4.8799	0.17845	105.99	0.0094350	0.011527	0.018267	3.4076	11.035	54.918	131.41	2.0124	2.7276e-06	0.018924	2.5982e-05	33.802	0.029584	0.053282	0.074413	14.913	13.731	93.826	99.188	9.1315	1.6054e-06	0.012580
4.8825	0.17883	105.87	0.0094453	0.011608	0.018369	3.4257	11.046	55.351	131.15	2.0272	2.7253e-06	0.018927	2.5752e-05	33.912	0.029488	0.053232	0.074339	14.889	13.738	94.535	99.178	9.1188	1.6073e-06	0.012606
4.8851	0.17920	105.76	0.0094556	0.011689	0.018471	3.4438	11.056	55.791	130.89	2.0421	2.7230e-06	0.018930	2.5523e-05	34.023	0.029392	0.053182	0.074264	14.865	13.745	95.255	99.168	9.1060	1.6092e-06	0.012632
4.8877	0.17957	105.64	0.0094660	0.011771	0.018574	3.4620	11.066	56.238	130.63	2.0570	2.7207e-06	0.018933	2.5294e-05	34.134	0.029297	0.053132	0.074189	14.840	13.752	95.988	99.158	9.0931	1.6112e-06	0.012659
4.8903	0.17994	105.52	0.0094765	0.011852	0.018677	3.4802	11.077	56.692	130.36	2.0720	2.7184e-06	0.018936	2.5066e-05	34.245	0.029201	0.053081	0.074113	14.816	13.759	96.734	99.147	9.0801	1.6131e-06	0.012685
4.8929	0.18031	105.41	0.0094870	0.011934	0.018781	3.4984	11.087	57.154	130.10	2.0871	2.7161e-06	0.018939	2.4839e-05	34.357	0.029106	0.053030	0.074036	14.791	13.767	97.492	99.137	9.0671	1.6150e-06	0.012712
4.8955	0.18069	105.29	0.0094977	0.012015	0.018884	3.5167	11.098	57.624	129.83	2.1023	2.7138e-06	0.018942	2.4612e-05	34.469	0.029011	0.052978	0.073959	14.767	13.775	98.264	99.126	9.0539	1.6170e-06	0.012739
4.8981	0.18106	105.17	0.0095083	0.012098	0.018988	3.5350	11.109	58.101	129.57	2.1175	2.7115e-06	0.018945	2.4385e-05	34.582	0.028917	0.052926	0.073882	14.742	13.783	99.050	99.115	9.0407	1.6190e-06	0.012767
4.9007	0.18143	105.05	0.0095191	0.012180	0.019093	3.5534	11.120	58.587	129.30	2.1329	2.7092e-06	0.018948	2.4159e-05	34.695	0.028822	0.052873	0.073804	14.718	13.791	99.850	99.103	9.0274	1.6209e-06	0.012794
4.9032	0.18180	104.93	0.0095299	0.012262	0.019197	3.5719	11.131	59.081	129.03	2.1483	2.7069e-06	0.018951	2.3934e-05	34.809	0.028728	0.052820	0.073725	14.693	13.800	100.66	99.091	9.0140	1.6229e-06	0.012822
4.9058	0.18218	104.81	0.0095408	0.012345	0.019302	3.5903	11.142	59.583	128.76	2.1638	2.7046e-06	0.018955	2.3709e-05	34.924	0.028634	0.052767	0.073646	14.668	13.808	101.49	99.079	9.0004	1.6249e-06	0.012850
4.9084	0.18255	104.69	0.0095518	0.012428	0.019407	3.6089	11.153	60.094	128.49	2.1794	2.7022e-06	0.018958	2.3484e-05	35.039	0.028540	0.052714	0.073567	14.643	13.818	102.34	99.066	8.9868	1.6268e-06	0.012878
4.9109	0.18292	104.57	0.0095628	0.012511	0.019512	3.6274	11.165	60.614	128.22	2.1950	2.6999e-06	0.018961	2.3261e-05	35.154	0.028446	0.052659	0.073486	14.618	13.827	103.20	99.053	8.9731	1.6288e-06	0.012907
4.9135	0.18329	104.45	0.0095739	0.012594	0.019618	3.6461	11.176	61.144	127.95	2.2108	2.6976e-06	0.018965	2.3037e-05	35.270	0.028353	0.052605	0.073406	14.593	13.837	104.07	99.040	8.9593	1.6308e-06	0.012935
4.9160	0.18366	104.33	0.0095851	0.012678	0.019724	3.6648	11.188	61.683	127.68	2.2266	2.6952e-06	0.018968	2.2815e-05	35.387	0.028259	0.052550	0.073324	14.568	13.847	104.97	99.025	8.9453	1.6328e-06	0.012964
4.9186	0.18404	104.21	0.0095963	0.012762	0.019831	3.6835	11.200	62.231	127.40	2.2425	2.6928e-06	0.018972	2.2592e-05	35.504	0.028166	0.052495	0.073242	14.543	13.858	105.88	99.010	8.9313	1.6348e-06	0.012993
4.9211	0.18441	104.08	0.0096077	0.012846	0.019937	3.7023	11.212	62.790	127.13	2.2585	2.6905e-06	0.018975	2.2371e-05	35.622	0.028073	0.052439	0.073160	14.517	13.868	106.80	98.995	8.9172	1.6368e-06	0.013023
4.9237	0.18478	103.96	0.0096191	0.012930	0.020045	3.7211	11.224	63.359	126.85	2.2746	2.6881e-06	0.018979	2.2150e-05	35.740	0.027980	0.052383	0.073077	14.492	13.880	107.75	98.979	8.9029	1.6388e-06	0.013052
4.9262	0.18515	103.84	0.0096306	0.013015	0.020152	3.7400	11.237	63.938	126.57	2.2908	2.6857e-06	0.018983	2.1929e-05	35.859	0.027887	0.052326	0.072993	14.467	13.891	108.71	98.962	8.8885	1.6408e-06	0.013082
4.9288	0.18552	103.71	0.0096421	0.013100	0.020260	3.7590	11.249	64.528	126.29	2.3071	2.6834e-06	0.018987	2.1709e-05	35.978	0.027795	0.052269	0.072909	14.441	13.903	109.69	98.944	8.8740	1.6429e-06	0.013112
4.9313	0.18590	103.59	0.0096538	0.013185	0.020368	3.7780	11.262	65.130	126.01	2.3235	2.6810e-06	0.018990	2.1489e-05	36.098	0.027702	0.052212	0.072824	14.415	13.916	110.69	98.926	8.8594	1.6449e-06	0.013142
4.9338	0.18627	103.46	0.0096655	0.013270	0.020476	3.7971	11.275	65.742	125.73	2.3399	2.6786e-06	0.018994	2.1270e-05	36.219	0.027610	0.052154	0.072738	14.390	13.929	111.72	98.906	8.8447	1.6469e-06	0.013173
4.9363	0.18664	103.33	0.0096773	0.013356	0.020585	3.8162	11.288	66.367	125.45	2.3565	2.6762e-06	0.018998	2.1052e-05	36.340	0.027518	0.052095	0.072652	14.364	13.942	112.76	98.886	8.8298	1.6490e-06	0.013204
4.9388	0.18701	103.21	0.0096892	0.013442	0.020694	3.8354	11.302	67.004	125.17	2.3731	2.6737e-06	0.019002	2.0834e-05	36.462	0.027426	0.052036	0.072566	14.338	13.956	113.82	98.865	8.8149	1.6510e-06	0.013235
4.9414	0.18739	103.08	0.0097012	0.013528	0.020804	3.8546	11.315	67.653	124.88	2.3899	2.6713e-06	0.019006	2.0617e-05	36.585	0.027334	0.051977	0.072478	14.312	13.971	114.91	98.843	8.7998	1.6531e-06	0.013267
4.9439	0.18776	102.95	0.0097133	0.013614	0.020914	3.8740	11.329	68.315	124.59	2.4067	2.6689e-06	0.019011	2.0400e-05	36.708	0.027242	0.051917	0.072390	14.286	13.986	116.01	98.820	8.7846	1.6551e-06	0.013298
4.9464	0.18813	102.82	0.0097255	0.013701	0.021024	3.8933	11.343	68.990	124.31	2.4236	2.6664e-06	0.019015	2.0184e-05	36.832	0.027151	0.051857	0.072301	14.260	14.001	117.14	98.796	8.7692	1.6572e-06	0.013330
4.9489	0.18850	102.69	0.0097377	0.013788	0.021135	3.9128	11.357	69.679	124.02	2.4407	2.6640e-06	0.019019	1.9968e-05	36.956	0.027059	0.051796	0.072212	14.234	14.017	118.29	98.771	8.7538	1.6593e-06	0.013363
4.9514	0.18887	102.56	0.0097501	0.013875	0.021246	3.9323	11.372	70.382	123.73	2.4578	2.6615e-06	0.019024	1.9752e-05	37.081	0.026968	0.051735	0.072122	14.207	14.034	119.47	98.744	8.7382	1.6614e-06	0.013395
4.9539	0.18925	102.43	0.0097625	0.013963	0.021357	3.9519	11.387	71.099	123.43	2.4750	2.6591e-06	0.019028	1.9538e-05	37.207	0.026877	0.051673	0.072032	14.181	14.051	120.67	98.717	8.7224	1.6635e-06	0.013428
4.9564	0.18962	102.30	0.0097751	0.014050	0.021469	3.9715	11.402	71.831	123.14	2.4924	2.6566e-06	0.019033	1.9323e-05	37.333	0.026786	0.051611	0.071940	14.155	14.068	121.90	98.688	8.7066	1.6656e-06	0.013461
4.9588	0.18999	102.17	0.0097877	0.014139	0.021582	3.9912	11.417	72.578	122.85	2.5098	2.6541e-06	0.019037	1.9110e-05	37.461	0.026695	0.051548	0.071848	14.128	14.087	123.15	98.658	8.6906	1.6677e-06	0.013495
4.9613	0.19036	102.04	0.0098004	0.014227	0.021694	4.0110	11.433	73.341	122.55	2.5273	2.6516e-06	0.019042	1.8896e-05	37.588	0.026604	0.051485	0.071756	14.101	14.105	124.43	98.626	8.6745	1.6698e-06	0.013529
4.9638	0.19073	101.90	0.0098133	0.014316	0.021808	4.0309	11.449	74.121	122.25	2.5450	2.6491e-06	0.019047	1.8684e-05	37.717	0.026513	0.051421	0.071662	14.075	14.125	125.74	98.594	8.6583	1.6719e-06	0.013563
4.9663	0.19111	101.77	0.0098262	0.014405	0.021921	4.0508	11.465	74.917	121.95	2.5627	2.6466e-06	0.019052	1.8472e-05	37.846	0.026423	0.051357	0.071568	14.048	14.145	127.08	98.559	8.6419	1.6740e-06	0.013598
4.9688	0.19148	101.63	0.0098393	0.014494	0.022035	4.0708	11.481	75.731	121.65	2.5805	2.6441e-06	0.019057	1.8260e-05	37.976	0.026332	0.051292	0.071473	14.021	14.166	128.44	98.524	8.6254	1.6762e-06	0.013633
4.9712	0.19185	101.50	0.0098524	0.014584	0.022150	4.0909	11.498	76.562	121.35	2.5985	2.6416e-06	0.019062	1.8049e-05	38.107	0.026242	0.051227	0.071378	13.994	14.187	129.84	98.487	8.6088	1.6783e-06	0.013668
4.9737	0.19222	101.36	0.0098657	0.014674	0.022265	4.1111	11.515	77.412	121.04	2.6166	2.6391e-06	0.019067	1.7838e-05	38.238	0.026152	0.051161	0.071282	13.966	14.209	131.27	98.449	8.5920	1.6805e-06	0.013703
4.9761	0.19260	101.22	0.0098790	0.014764	0.022380	4.1313	11.533	78.282	120.74	2.6347	2.6365e-06	0.019072	1.7628e-05	38.371	0.026062	0.051094	0.071185	13.939	14.232	132.72	98.409	8.5751	1.6826e-06	0.013739
4.9786	0.19297	101.09	0.0098925	0.014855	0.022496	4.1516	11.550	79.170	120.43	2.6530	2.6340e-06	0.019078	1.7419e-05	38.504	0.025971	0.051027	0.071087	13.912	14.255	134.22	98.367	8.5581	1.6848e-06	0.013776
4.9811	0.19334	100.95	0.0099061	0.014946	0.022612	4.1720	11.569	80.080	120.12	2.6714	2.6314e-06	0.019083	1.7210e-05	38.638	0.025882	0.050960	0.070988	13.884	14.279	135.74	98.324	8.5410	1.6870e-06	0.013813
4.9835	0.19371	100.81	0.0099198	0.015038	0.022729	4.1925	11.587	81.010	119.81	2.6899	2.6288e-06	0.019089	1.7001e-05	38.772	0.025792	0.050892	0.070889	13.856	14.304	137.30	98.280	8.5237	1.6892e-06	0.013850
4.9859	0.19408	100.67	0.0099336	0.015130	0.022846	4.2131	11.606	81.962	119.50	2.7085	2.6262e-06	0.019095	1.6793e-05	38.908	0.025702	0.050823	0.070789	13.829	14.329	138.90	98.234	8.5063	1.6913e-06	0.013887
4.9884	0.19446	100.53	0.0099475	0.015222	0.022964	4.2338	11.625	82.937	119.19	2.7272	2.6236e-06	0.019101	1.6586e-05	39.044	0.025612	0.050754	0.070688	13.801	14.355	140.53	98.186	8.4888	1.6936e-06	0.013925
4.9908	0.19483	100.39	0.0099616	0.015314	0.023083	4.2545	11.644	83.936	118.88	2.7460	2.6210e-06	0.019107	1.6379e-05	39.181	0.025523	0.050684	0.070587	13.773	14.381	142.20	98.137	8.4712	1.6958e-06	0.013963
4.9933	0.19520	100.24	0.0099758	0.015407	0.023201	4.2753	11.664	84.958	118.56	2.7650	2.6184e-06	0.019113	1.6172e-05	39.319	0.025433	0.050613	0.070484	13.745	14.409	143.91	98.086	8.4534	1.6980e-06	0.014002
4.9957	0.19557	100.10	0.0099901	0.015501	0.023321	4.2963	11.684	86.006	118.24	2.7841	2.6158e-06	0.019119	1.5966e-05	39.458	0.025344	0.050542	0.070381	13.716	14.437	145.66	98.033	8.4355	1.7002e-06	0.014041
4.9981	0.19594	99.955	0.010005	0.015594	0.023441	4.3173	11.705	87.079	117.93	2.8032	2.6131e-06	0.019126	1.5761e-05	39.597	0.025254	0.050471	0.070277	13.688	14.465	147.45	97.979	8.4175	1.7025e-06	0.014081
5.0005	0.19632	99.809	0.010019	0.015689	0.023561	4.3384	11.726	88.180	117.61	2.8225	2.6105e-06	0.019132	1.5556e-05	39.738	0.025165	0.050398	0.070172	13.660	14.495	149.28	97.923	8.3994	1.7047e-06	0.014121
5.0030	0.19669	99.663	0.010034	0.015783	0.023682	4.3597	11.747	89.308	117.28	2.8419	2.6078e-06	0.019139	1.5351e-05	39.880	0.025076	0.050325	0.070066	13.631	14.525	151.16	97.866	8.3812	1.7070e-06	0.014162
5.0054	0.19706	99.516	0.010049	0.015878	0.023804	4.3810	11.769	90.466	116.96	2.8615	2.6051e-06	0.019146	1.5147e-05	40.022	0.024986	0.050252	0.069960	13.602	14.555	153.09	97.806	8.3628	1.7093e-06	0.014203
5.0078	0.19743	99.368	0.010064	0.015974	0.023926	4.4024	11.792	91.654	116.64	2.8811	2.6024e-06	0.019153	1.4944e-05	40.165	0.024897	0.050178	0.069852	13.573	14.587	155.06	97.746	8.3444	1.7115e-06	0.014244
5.0102	0.19780	99.219	0.010079	0.016069	0.024049	4.4239	11.814	92.873	116.31	2.9009	2.5997e-06	0.019160	1.4741e-05	40.310	0.024808	0.050103	0.069744	13.544	14.619	157.08	97.683	8.3258	1.7138e-06	0.014286
5.0126	0.19818	99.069	0.010094	0.016166	0.024173	4.4456	11.837	94.124	115.98	2.9208	2.5970e-06	0.019168	1.4539e-05	40.455	0.024719	0.050027	0.069635	13.515	14.651	159.15	97.619	8.3071	1.7161e-06	0.014329
5.0150	0.19855	98.918	0.010109	0.016263	0.024297	4.4673	11.861	95.409	115.66	2.9408	2.5943e-06	0.019176	1.4337e-05	40.601	0.024630	0.049951	0.069525	13.486	14.684	161.28	97.553	8.2883	1.7185e-06	0.014372
5.0174	0.19892	98.766	0.010125	0.016360	0.024421	4.4892	11.885	96.730	115.33	2.9610	2.5916e-06	0.019183	1.4135e-05	40.749	0.024541	0.049874	0.069413	13.456	14.718	163.46	97.485	8.2694	1.7208e-06	0.014415
5.0198	0.19929	98.613	0.010141	0.016458	0.024547	4.5111	11.909	98.087	115.00	2.9813	2.5888e-06	0.019191	1.3935e-05	40.897	0.024452	0.049796	0.069301	13.427	14.753	165.69	97.416	8.2504	1.7231e-06	0.014459
5.0222	0.19967	98.459	0.010157	0.016556	0.024673	4.5332	11.934	99.482	114.66	3.0017	2.5860e-06	0.019200	1.3734e-05	41.046	0.024363	0.049718	0.069188	13.397	14.788	167.99	97.345	8.2312	1.7255e-06	0.014504
5.0246	0.20004	98.303	0.010173	0.016655	0.024800	4.5554	11.959	100.92	114.33	3.0222	2.5833e-06	0.019208	1.3534e-05	41.197	0.024274	0.049639	0.069074	13.367	14.824	170.34	97.273	8.2120	1.7279e-06	0.014549
5.0269	0.20041	98.147	0.010189	0.016754	0.024927	4.5778	11.985	102.39	114.00	3.0429	2.5805e-06	0.019217	1.3335e-05	41.348	0.024185	0.049559	0.068959	13.337	14.860	172.76	97.199	8.1927	1.7302e-06	0.014595
5.0293	0.20078	97.990	0.010205	0.016854	0.025055	4.6002	12.011	103.91	113.66	3.0636	2.5776e-06	0.019226	1.3136e-05	41.501	0.024096	0.049479	0.068843	13.307	14.897	175.24	97.123	8.1733	1.7326e-06	0.014641
5.0317	0.20115	97.831	0.010222	0.016954	0.025184	4.6228	12.038	105.48	113.32	3.0846	2.5748e-06	0.019235	1.2938e-05	41.655	0.024007	0.049397	0.068726	13.276	14.935	177.79	97.046	8.1537	1.7350e-06	0.014688
5.0341	0.20153	97.672	0.010238	0.017055	0.025313	4.6455	12.065	107.09	112.99	3.1056	2.5720e-06	0.019245	1.2740e-05	41.810	0.023918	0.049315	0.068608	13.246	14.973	180.40	96.968	8.1341	1.7374e-06	0.014736
5.0364	0.20190	97.511	0.010255	0.017156	0.025444	4.6684	12.093	108.75	112.65	3.1268	2.5691e-06	0.019255	1.2543e-05	41.966	0.023829	0.049232	0.068489	13.215	15.012	183.10	96.887	8.1144	1.7399e-06	0.014784
5.0388	0.20227	97.349	0.010272	0.017258	0.025575	4.6914	12.121	110.46	112.31	3.1481	2.5662e-06	0.019265	1.2346e-05	42.123	0.023740	0.049148	0.068368	13.184	15.051	185.87	96.806	8.0946	1.7423e-06	0.014833
5.0411	0.20264	97.185	0.010290	0.017361	0.025707	4.7145	12.150	112.23	111.96	3.1696	2.5633e-06	0.019275	1.2150e-05	42.282	0.023651	0.049064	0.068247	13.153	15.091	188.71	96.723	8.0747	1.7448e-06	0.014883
5.0435	0.20301	97.021	0.010307	0.017464	0.025839	4.7378	12.179	114.05	111.62	3.1912	2.5604e-06	0.019286	1.1954e-05	42.442	0.023562	0.048978	0.068124	13.122	15.131	191.64	96.638	8.0546	1.7473e-06	0.014933
5.0459	0.20339	96.855	0.010325	0.017568	0.025973	4.7612	12.209	115.93	111.28	3.2129	2.5575e-06	0.019297	1.1759e-05	42.603	0.023473	0.048892	0.068001	13.090	15.172	194.66	96.552	8.0345	1.7497e-06	0.014984
5.0482	0.20376	96.688	0.010343	0.017672	0.026107	4.7848	12.239	117.87	110.94	3.2348	2.5545e-06	0.019309	1.1564e-05	42.766	0.023383	0.048805	0.067876	13.059	15.213	197.77	96.465	8.0143	1.7522e-06	0.015036
5.0506	0.20413	96.519	0.010361	0.017777	0.026243	4.8085	12.270	119.88	110.59	3.2568	2.5516e-06	0.019321	1.1370e-05	42.929	0.023294	0.048717	0.067750	13.027	15.255	200.97	96.376	7.9941	1.7548e-06	0.015089
5.0529	0.20450	96.349	0.010379	0.017883	0.026379	4.8324	12.302	121.95	110.24	3.2790	2.5486e-06	0.019333	1.1176e-05	43.095	0.023205	0.048628	0.067622	12.995	15.297	204.27	96.286	7.9737	1.7573e-06	0.015142
5.0552	0.20488	96.178	0.010397	0.017990	0.026516	4.8565	12.334	124.10	109.90	3.3013	2.5456e-06	0.019346	1.0983e-05	43.261	0.023115	0.048538	0.067494	12.962	15.340	207.67	96.194	7.9532	1.7599e-06	0.015196
5.0576	0.20525	96.005	0.010416	0.018097	0.026654	4.8807	12.366	126.32	109.55	3.3238	2.5426e-06	0.019359	1.0790e-05	43.429	0.023026	0.048447	0.067364	12.930	15.383	211.18	96.102	7.9326	1.7624e-06	0.015251
5.0599	0.20562	95.830	0.010435	0.018205	0.026793	4.9051	12.399	128.62	109.20	3.3464	2.5395e-06	0.019372	1.0598e-05	43.599	0.022936	0.048355	0.067232	12.897	15.427	214.80	96.008	7.9120	1.7650e-06	0.015307
5.0622	0.20599	95.654	0.010454	0.018313	0.026933	4.9297	12.433	131.00	108.85	3.3691	2.5365e-06	0.019386	1.0406e-05	43.770	0.022847	0.048263	0.067100	12.864	15.471	218.55	95.913	7.8912	1.7676e-06	0.015364
5.0646	0.20636	95.477	0.010474	0.018423	0.027074	4.9545	12.467	133.47	108.50	3.3920	2.5334e-06	0.019401	1.0215e-05	43.943	0.022757	0.048169	0.066965	12.831	15.516	222.41	95.816	7.8703	1.7703e-06	0.015422
5.0669	0.20674	95.298	0.010493	0.018533	0.027216	4.9795	12.502	136.03	108.15	3.4151	2.5303e-06	0.019416	1.0024e-05	44.118	0.022667	0.048074	0.066830	12.798	15.561	226.41	95.719	7.8494	1.7729e-06	0.015481
5.0692	0.20711	95.117	0.010513	0.018644	0.027359	5.0046	12.537	138.69	107.80	3.4383	2.5271e-06	0.019431	9.8339e-06	44.294	0.022577	0.047978	0.066693	12.764	15.606	230.55	95.620	7.8283	1.7756e-06	0.015541
5.0715	0.20748	94.935	0.010534	0.018756	0.027503	5.0300	12.574	141.46	107.45	3.4617	2.5240e-06	0.019448	9.6443e-06	44.471	0.022486	0.047880	0.066554	12.730	15.652	234.83	95.520	7.8072	1.7783e-06	0.015602
5.0738	0.20785	94.750	0.010554	0.018868	0.027649	5.0556	12.610	144.33	107.10	3.4853	2.5208e-06	0.019464	9.4551e-06	44.651	0.022396	0.047782	0.066414	12.696	15.698	239.26	95.419	7.7859	1.7810e-06	0.015664
5.0761	0.20822	94.564	0.010575	0.018982	0.027796	5.0813	12.648	147.32	106.75	3.5090	2.5176e-06	0.019482	9.2665e-06	44.832	0.022305	0.047683	0.066273	12.661	15.744	243.86	95.317	7.7646	1.7837e-06	0.015727
5.0784	0.20860	94.376	0.010596	0.019097	0.027943	5.1073	12.686	150.43	106.39	3.5329	2.5143e-06	0.019500	9.0784e-06	45.016	0.022215	0.047582	0.066129	12.627	15.791	248.63	95.213	7.7431	1.7865e-06	0.015792
5.0807	0.20897	94.186	0.010617	0.019212	0.028092	5.1336	12.725	153.66	106.04	3.5569	2.5111e-06	0.019519	8.8908e-06	45.201	0.022124	0.047480	0.065984	12.592	15.838	253.58	95.109	7.7215	1.7892e-06	0.015858
5.0830	0.20934	93.995	0.010639	0.019328	0.028243	5.1601	12.764	157.04	105.68	3.5811	2.5078e-06	0.019538	8.7038e-06	45.388	0.022032	0.047376	0.065837	12.556	15.885	258.72	95.003	7.6998	1.7920e-06	0.015925
5.0853	0.20971	93.801	0.010661	0.019446	0.028395	5.1868	12.804	160.56	105.33	3.6055	2.5045e-06	0.019559	8.5172e-06	45.577	0.021941	0.047272	0.065689	12.521	15.933	264.07	94.897	7.6780	1.7949e-06	0.015994
5.0876	0.21009	93.605	0.010683	0.019564	0.028548	5.2138	12.845	164.24	104.97	3.6301	2.5011e-06	0.019580	8.3312e-06	45.769	0.021849	0.047166	0.065538	12.485	15.981	269.63	94.789	7.6561	1.7977e-06	0.016064
5.0899	0.21046	93.407	0.010706	0.019684	0.028702	5.2410	12.887	168.09	104.62	3.6548	2.4978e-06	0.019602	8.1457e-06	45.962	0.021757	0.047058	0.065386	12.448	16.030	275.43	94.681	7.6340	1.8006e-06	0.016135
5.0922	0.21083	93.206	0.010729	0.019804	0.028858	5.2685	12.929	172.11	104.26	3.6798	2.4943e-06	0.019626	7.9607e-06	46.158	0.021665	0.046949	0.065232	12.412	16.079	281.47	94.571	7.6118	1.8035e-06	0.016208
5.0945	0.21120	93.003	0.010752	0.019926	0.029016	5.2963	12.973	176.33	103.90	3.7049	2.4909e-06	0.019650	7.7763e-06	46.356	0.021572	0.046839	0.065075	12.374	16.128	287.77	94.460	7.5895	1.8064e-06	0.016283
5.0967	0.21157	92.798	0.010776	0.020049	0.029175	5.3244	13.017	180.75	103.55	3.7302	2.4874e-06	0.019675	7.5924e-06	46.557	0.021479	0.046727	0.064917	12.337	16.178	294.35	94.348	7.5670	1.8094e-06	0.016360
5.0990	0.21195	92.590	0.010800	0.020174	0.029336	5.3528	13.062	185.38	103.19	3.7557	2.4839e-06	0.019702	7.4090e-06	46.760	0.021386	0.046613	0.064756	12.299	16.228	301.24	94.235	7.5443	1.8124e-06	0.016439
5.1013	0.21232	92.380	0.010825	0.020299	0.029498	5.3815	13.108	190.25	102.83	3.7815	2.4804e-06	0.019729	7.2262e-06	46.966	0.021292	0.046498	0.064593	12.261	16.278	308.44	94.121	7.5215	1.8154e-06	0.016519
5.1035	0.21269	92.167	0.010850	0.020426	0.029663	5.4106	13.154	195.37	102.47	3.8074	2.4768e-06	0.019758	7.0439e-06	47.174	0.021198	0.046381	0.064427	12.222	16.329	315.99	94.005	7.4985	1.8185e-06	0.016602
5.1058	0.21306	91.951	0.010875	0.020554	0.029829	5.4400	13.202	200.77	102.11	3.8335	2.4732e-06	0.019789	6.8621e-06	47.386	0.021103	0.046262	0.064259	12.183	16.380	323.92	93.888	7.4753	1.8216e-06	0.016687
5.1080	0.21343	91.732	0.010901	0.020684	0.029997	5.4697	13.251	206.46	101.75	3.8599	2.4695e-06	0.019821	6.6809e-06	47.600	0.021008	0.046141	0.064088	12.144	16.432	332.24	93.770	7.4519	1.8247e-06	0.016774
5.1103	0.21381	91.511	0.010928	0.020816	0.030167	5.4998	13.301	212.46	101.39	3.8865	2.4658e-06	0.019854	6.5002e-06	47.817	0.020913	0.046018	0.063915	12.104	16.484	341.00	93.651	7.4284	1.8279e-06	0.016864
5.1126	0.21418	91.286	0.010955	0.020949	0.030340	5.5304	13.351	218.81	101.02	3.9133	2.4620e-06	0.019890	6.3201e-06	48.038	0.020817	0.045893	0.063739	12.063	16.536	350.22	93.530	7.4046	1.8311e-06	0.016957
5.1148	0.21455	91.057	0.010982	0.021083	0.030514	5.5613	13.403	225.54	100.66	3.9403	2.4582e-06	0.019927	6.1405e-06	48.262	0.020720	0.045766	0.063560	12.022	16.589	359.96	93.408	7.3806	1.8343e-06	0.017053
5.1170	0.21492	90.825	0.011010	0.021219	0.030691	5.5927	13.457	232.67	100.30	3.9676	2.4543e-06	0.019966	5.9615e-06	48.489	0.020623	0.045637	0.063378	11.981	16.643	370.24	93.284	7.3563	1.8376e-06	0.017151
5.1193	0.21530	90.590	0.011039	0.021358	0.030870	5.6245	13.511	240.25	99.931	3.9952	2.4504e-06	0.020008	5.7831e-06	48.720	0.020525	0.045505	0.063193	11.938	16.697	381.13	93.158	7.3318	1.8410e-06	0.017253
5.1215	0.21567	90.351	0.011068	0.021498	0.031052	5.6567	13.567	248.31	99.565	4.0230	2.4465e-06	0.020052	5.6052e-06	48.955	0.020427	0.045371	0.063004	11.896	16.752	392.67	93.031	7.3070	1.8444e-06	0.017359
5.1238	0.21604	90.108	0.011098	0.021640	0.031236	5.6895	13.624	256.91	99.197	4.0511	2.4424e-06	0.020098	5.4279e-06	49.194	0.020327	0.045234	0.062812	11.852	16.808	404.93	92.902	7.2819	1.8478e-06	0.017468
5.1260	0.21641	89.860	0.011128	0.021784	0.031424	5.7228	13.683	266.09	98.828	4.0794	2.4384e-06	0.020147	5.2511e-06	49.438	0.020227	0.045095	0.062616	11.808	16.864	417.98	92.770	7.2565	1.8513e-06	0.017581
5.1282	0.21678	89.608	0.011160	0.021931	0.031614	5.7567	13.743	275.92	98.457	4.1081	2.4342e-06	0.020199	5.0750e-06	49.686	0.020127	0.044953	0.062416	11.763	16.922	431.89	92.636	7.2307	1.8548e-06	0.017699
5.1304	0.21716	89.352	0.011192	0.022079	0.031807	5.7911	13.805	286.47	98.084	4.1370	2.4300e-06	0.020255	4.8994e-06	49.938	0.020025	0.044807	0.062213	11.718	16.980	446.77	92.500	7.2046	1.8585e-06	0.017822
5.1326	0.21753	89.090	0.011225	0.022231	0.032004	5.8262	13.869	297.82	97.710	4.1663	2.4257e-06	0.020314	4.7245e-06	50.196	0.019922	0.044659	0.062004	11.671	17.039	462.71	92.361	7.1781	1.8621e-06	0.017950
5.1349	0.21790	88.824	0.011258	0.022385	0.032204	5.8619	13.934	310.05	97.333	4.1959	2.4214e-06	0.020377	4.5501e-06	50.458	0.019818	0.044507	0.061792	11.624	17.100	479.82	92.220	7.1512	1.8659e-06	0.018084
5.1371	0.21827	88.552	0.011293	0.022542	0.032408	5.8983	14.002	323.27	96.954	4.2259	2.4169e-06	0.020445	4.3763e-06	50.727	0.019713	0.044351	0.061574	11.576	17.161	498.26	92.075	7.1239	1.8697e-06	0.018224
5.1393	0.21864	88.274	0.011328	0.022701	0.032616	5.9355	undefined	undefined	undefined	4.2562	2.4124e-06	undefined	4.2032e-06	51.001	0.019607	0.044192	0.061351	11.527	undefined	undefined	undefined	7.0961	1.8736e-06	undefined
5.1415	0.21902	87.989	0.011365	0.022865	0.032828	5.9735	undefined	undefined	undefined	4.2870	2.4078e-06	undefined	4.0307e-06	51.282	0.019500	0.044028	0.061123	11.477	undefined	undefined	undefined	7.0678	1.8775e-06	undefined
5.1437	0.21939	87.699	0.011403	0.023031	0.033044	6.0123	undefined	undefined	undefined	4.3181	2.4030e-06	undefined	3.8588e-06	51.569	0.019391	0.043860	0.060889	11.426	undefined	undefined	undefined	7.0389	1.8816e-06	undefined
5.1459	0.21976	87.400	0.011442	0.023201	0.033265	6.0520	undefined	undefined	undefined	4.3497	2.3982e-06	undefined	3.6876e-06	51.864	0.019281	0.043688	0.060648	11.373	undefined	undefined	undefined	7.0095	1.8857e-06	undefined
5.1481	0.22013	87.095	0.011482	0.023375	0.033492	6.0927	undefined	undefined	undefined	4.3817	2.3933e-06	undefined	3.5170e-06	52.167	0.019169	0.043511	0.060401	11.320	undefined	undefined	undefined	6.9794	1.8900e-06	undefined
5.1503	0.22051	86.781	0.011523	0.023554	0.033724	6.1345	undefined	undefined	undefined	4.4142	2.3882e-06	undefined	3.3471e-06	52.478	0.019056	0.043328	0.060146	11.265	undefined	undefined	undefined	6.9486	1.8943e-06	undefined
5.1524	0.22088	86.457	0.011566	0.023737	0.033962	6.1774	undefined	undefined	undefined	4.4472	2.3830e-06	undefined	3.1778e-06	52.798	0.018940	0.043139	0.059884	11.208	undefined	undefined	undefined	6.9171	1.8988e-06	undefined
5.1546	0.22125	86.125	0.011611	0.023925	0.034207	6.2215	undefined	undefined	undefined	4.4809	2.3777e-06	undefined	3.0093e-06	53.128	0.018822	0.042944	0.059613	11.150	undefined	undefined	undefined	6.8848	1.9034e-06	undefined
5.1568	0.22162	85.781	0.011658	0.024119	0.034459	6.2671	undefined	undefined	undefined	4.5151	2.3722e-06	undefined	2.8415e-06	53.469	0.018702	0.042743	0.059333	11.090	undefined	undefined	undefined	6.8516	1.9081e-06	undefined
5.1590	0.22199	85.426	0.011706	0.024318	0.034720	6.3141	undefined	undefined	undefined	4.5500	2.3665e-06	undefined	2.6744e-06	53.822	0.018580	0.042533	0.059043	11.029	undefined	undefined	undefined	6.8174	1.9130e-06	undefined
5.1611	0.22237	85.058	0.011757	0.024524	0.034988	6.3628	undefined	undefined	undefined	4.5856	2.3607e-06	undefined	2.5081e-06	54.187	0.018454	0.042316	0.058741	10.965	undefined	undefined	undefined	6.7821	1.9181e-06	undefined
5.1633	0.22274	84.676	0.011810	0.024738	0.035267	6.4134	undefined	undefined	undefined	4.6220	2.3546e-06	undefined	2.3425e-06	54.568	0.018326	0.042089	0.058427	10.899	undefined	undefined	undefined	6.7457	1.9233e-06	undefined
5.1655	0.22311	84.278	0.011865	0.024960	0.035556	6.4660	undefined	undefined	undefined	4.6594	2.3483e-06	undefined	2.1778e-06	54.964	0.018194	0.041852	0.058100	10.830	undefined	undefined	undefined	6.7080	1.9288e-06	undefined
5.1676	0.22348	83.862	0.011924	0.025192	0.035858	6.5210	undefined	undefined	undefined	4.6976	2.3418e-06	undefined	2.0139e-06	55.378	0.018058	0.041604	0.057757	10.759	undefined	undefined	undefined	6.6688	1.9345e-06	undefined
5.1698	0.22385	83.426	0.011987	0.025434	0.036174	6.5786	undefined	undefined	undefined	4.7370	2.3349e-06	undefined	1.8508e-06	55.813	0.017917	0.041343	0.057397	10.684	undefined	undefined	undefined	6.6280	1.9404e-06	undefined
5.1719	0.22423	82.967	0.012053	0.025688	0.036505	6.6393	undefined	undefined	undefined	4.7777	2.3277e-06	undefined	1.6887e-06	56.271	0.017771	0.041067	0.057017	10.605	undefined	undefined	undefined	6.5853	1.9467e-06	undefined
5.1741	0.22460	82.481	0.012124	0.025956	0.036855	6.7035	undefined	undefined	undefined	4.8198	2.3201e-06	undefined	1.5275e-06	56.757	0.017619	0.040774	0.056614	10.522	undefined	undefined	undefined	6.5406	1.9533e-06	undefined
5.1762	0.22497	81.963	0.012201	0.026241	0.037227	6.7719	undefined	undefined	undefined	4.8636	2.3120e-06	undefined	1.3673e-06	57.274	0.017460	0.040462	0.056184	10.434	undefined	undefined	undefined	6.4934	1.9603e-06	undefined
5.1784	0.22534	81.408	0.012284	0.026546	0.037626	6.8453	undefined	undefined	undefined	4.9093	2.3034e-06	undefined	1.2083e-06	57.829	0.017292	0.040125	0.055722	10.340	undefined	undefined	undefined	6.4434	1.9679e-06	undefined
5.1805	0.22572	80.806	0.012375	0.026876	0.038056	6.9248	undefined	undefined	undefined	4.9574	2.2941e-06	undefined	1.0504e-06	58.431	0.017114	0.039760	0.055222	10.238	undefined	undefined	undefined	6.3900	1.9760e-06	undefined
5.1826	0.22609	80.146	0.012477	0.027236	0.038527	7.0122	undefined	undefined	undefined	5.0085	2.2840e-06	undefined	8.9374e-07	59.090	0.016923	0.039359	0.054673	10.128	undefined	undefined	undefined	6.3325	1.9849e-06	undefined
5.1847	0.22646	79.411	0.012593	0.027637	0.039051	7.1097	undefined	undefined	undefined	5.0633	2.2727e-06	undefined	7.3855e-07	59.826	0.016715	0.038911	0.054062	10.005	undefined	undefined	undefined	6.2698	1.9949e-06	undefined
5.1869	0.22683	78.573	0.012727	0.028093	0.039648	7.2212	undefined	undefined	undefined	5.1232	2.2599e-06	undefined	5.8500e-07	60.663	0.016484	0.038400	0.053367	9.8660	undefined	undefined	undefined	6.2004	2.0062e-06	undefined
5.1890	0.22720	77.584	0.012889	0.028631	0.040353	7.3532	undefined	undefined	undefined	5.1903	2.2449e-06	undefined	4.3338e-07	61.651	0.016220	0.037798	0.052549	9.7037	undefined	undefined	undefined	6.1216	2.0195e-06	undefined
5.1911	0.22758	76.348	0.013098	0.029304	0.041235	7.5195	undefined	undefined	undefined	5.2690	2.2264e-06	undefined	2.8422e-07	62.882	0.015903	0.037048	0.051534	9.5035	undefined	undefined	undefined	6.0283	2.0361e-06	undefined
5.1932	0.22795	74.605	0.013404	0.030256	0.042486	7.7566	undefined	undefined	undefined	5.3706	2.2005e-06	undefined	1.3854e-07	64.613	0.015477	0.036000	0.050121	9.2269	undefined	undefined	undefined	5.9078	2.0596e-06	undefined
5.1953	0.22832	69.580	0.014372	0.033069	0.046203	8.4683	undefined	undefined	undefined	0.0000	2.1281e-06	undefined	0.0000	69.580	0.014372	0.033069	0.046203	8.4683	undefined	undefined	undefined	0.0000	2.1281e-06	undefined
