Temperature (K)	Pressure (MPa)	Density (l, kg/m3)	Volume (l, m3/kg)	Internal Energy (l, kJ/mol)	Enthalpy (l, kJ/mol)	Entropy (l, J/mol*K)	Cv (l, J/mol*K)	Cp (l, J/mol*K)	Sound Spd. (l, m/s)	Joule-Thomson (l, K/MPa)	Viscosity (l, Pa*s)	Therm. Cond. (l, W/m*K)	Surf. Tension (l, N/m)	Density (v, kg/m3)	Volume (v, m3/kg)	Internal Energy (v, kJ/mol)	Enthalpy (v, kJ/mol)	Entropy (v, J/mol*K)	Cv (v, J/mol*K)	Cp (v, J/mol*K)	Sound Spd. (v, m/s)	Joule-Thomson (v, K/MPa)	Viscosity (v, Pa*s)	Therm. Cond. (v, W/m*K)
177.83	1.1890e-06	758.48	0.0013184	-30.535	-30.535	-120.09	129.40	169.50	1653.2	-0.53679	0.0021097	0.16654	0.031109	6.9299e-05	14430.	6.5605	8.0391	96.825	97.884	106.20	136.44	165.76	3.6940e-06	0.0063954
269.94	0.0050747	679.92	0.0014708	-14.323	-14.322	-46.872	143.18	186.47	1207.3	-0.44314	0.00040079	0.12909	0.020870	0.19592	5.1041	16.612	18.844	75.992	123.95	132.50	165.94	65.856	5.6726e-06	0.011617
283.27	0.010148	668.15	0.0014967	-11.809	-11.808	-37.783	146.87	190.71	1145.4	-0.42085	0.00034640	0.12466	0.019447	0.37478	2.6682	18.270	20.603	76.633	129.02	137.75	169.23	56.860	5.9482e-06	0.012611
291.84	0.015222	660.48	0.0015141	-10.164	-10.162	-32.061	149.39	193.63	1106.1	-0.40540	0.00031706	0.12193	0.018543	0.54746	1.8266	19.363	21.759	77.320	132.41	141.29	171.15	51.825	6.1230e-06	0.013276
298.30	0.020295	654.63	0.0015276	-8.9054	-8.9027	-27.796	151.37	195.91	1076.6	-0.39312	0.00029726	0.11993	0.017866	0.71626	1.3961	20.203	22.645	77.963	135.02	144.04	172.49	48.381	6.2537e-06	0.013790
303.55	0.025369	649.83	0.0015389	-7.8714	-7.8680	-24.360	153.01	197.82	1052.8	-0.38273	0.00028245	0.11834	0.017318	0.88227	1.1334	20.896	23.373	78.559	137.18	146.33	173.50	45.793	6.3593e-06	0.014217
308.01	0.030442	645.72	0.0015487	-6.9857	-6.9816	-21.463	154.43	199.47	1032.7	-0.37359	0.00027068	0.11701	0.016855	1.0461	0.95591	21.489	23.997	79.112	139.04	148.32	174.30	43.738	6.4484e-06	0.014584
311.91	0.035516	642.11	0.0015574	-6.2062	-6.2015	-18.949	155.69	200.94	1015.2	-0.36537	0.00026096	0.11587	0.016453	1.2082	0.82764	22.013	24.546	79.629	140.68	150.07	174.96	42.045	6.5260e-06	0.014909
315.38	0.040589	638.87	0.0015653	-5.5070	-5.5015	-16.719	156.82	202.27	999.65	-0.35785	0.00025271	0.11487	0.016096	1.3689	0.73050	22.482	25.038	80.114	142.15	151.66	175.51	40.612	6.5948e-06	0.015201
318.52	0.045663	635.92	0.0015725	-4.8708	-4.8646	-14.712	157.85	203.49	985.65	-0.35087	0.00024556	0.11398	0.015774	1.5284	0.65428	22.910	25.485	80.572	143.49	153.11	175.97	39.375	6.6569e-06	0.015468
321.39	0.050736	633.21	0.0015793	-4.2854	-4.2785	-12.882	158.81	204.62	972.88	-0.34434	0.00023925	0.11317	0.015481	1.6868	0.59283	23.304	25.896	81.006	144.73	154.46	176.37	38.292	6.7136e-06	0.015714
324.04	0.055810	630.69	0.0015856	-3.7422	-3.7346	-11.199	159.69	205.67	961.12	-0.33818	0.00023363	0.11243	0.015211	1.8443	0.54221	23.669	26.277	81.420	145.87	155.71	176.72	37.331	6.7660e-06	0.015943
326.50	0.060883	628.34	0.0015915	-3.2345	-3.2262	-9.6376	160.52	206.66	950.20	-0.33233	0.00022856	0.11176	0.014961	2.0010	0.49975	24.011	26.633	81.815	146.94	156.88	177.02	36.469	6.8146e-06	0.016158
328.81	0.065957	626.12	0.0015971	-2.7571	-2.7481	-8.1807	161.30	207.59	940.00	-0.32675	0.00022394	0.11113	0.014728	2.1570	0.46361	24.332	26.967	82.193	147.95	157.99	177.29	35.690	6.8601e-06	0.016359
330.98	0.071030	624.03	0.0016025	-2.3061	-2.2963	-6.8133	162.04	208.47	930.43	-0.32140	0.00021971	0.11054	0.014508	2.3123	0.43246	24.636	27.283	82.556	148.89	159.04	177.52	34.980	6.9030e-06	0.016551
333.03	0.076104	622.04	0.0016076	-1.8781	-1.8676	-5.5241	162.74	209.31	921.39	-0.31625	0.00021581	0.10999	0.014302	2.4671	0.40534	24.924	27.582	82.906	149.79	160.04	177.72	34.330	6.9435e-06	0.016732
334.97	0.081177	620.15	0.0016125	-1.4705	-1.4592	-4.3036	163.40	210.11	912.83	-0.31129	0.00021220	0.10948	0.014106	2.6213	0.38148	25.198	27.867	83.243	150.65	160.99	177.91	33.732	6.9821e-06	0.016905
336.83	0.086251	618.34	0.0016172	-1.0810	-1.0690	-3.1441	164.04	210.88	904.70	-0.30648	0.00020883	0.10899	0.013921	2.7751	0.36034	25.460	28.138	83.569	151.47	161.91	178.07	33.177	7.0188e-06	0.017071
338.59	0.091324	616.60	0.0016218	-0.70791	-0.69514	-2.0390	164.65	211.62	896.94	-0.30181	0.00020568	0.10853	0.013744	2.9285	0.34148	25.711	28.398	83.885	152.25	162.79	178.21	32.662	7.0540e-06	0.017230
340.29	0.096398	614.93	0.0016262	-0.34950	-0.33599	-0.98306	165.23	212.33	889.52	-0.29727	0.00020272	0.10809	0.013575	3.0814	0.32452	25.952	28.648	84.191	153.00	163.63	178.33	32.182	7.0878e-06	0.017383
341.91	0.10147	613.32	0.0016305	-0.0044729	0.0097844	0.028559	165.80	213.02	882.41	-0.29284	0.00019993	0.10767	0.013413	3.2340	0.30921	26.184	28.888	84.488	153.72	164.45	178.44	31.732	7.1203e-06	0.017530
343.47	0.10654	611.77	0.0016346	0.32833	0.34334	0.99982	166.34	213.68	875.58	-0.28853	0.00019730	0.10727	0.013258	3.3863	0.29531	26.407	29.119	84.777	154.42	165.24	178.54	31.310	7.1516e-06	0.017672
344.98	0.11162	610.27	0.0016386	0.64993	0.66570	1.9342	166.86	214.33	869.01	-0.28430	0.00019480	0.10688	0.013108	3.5383	0.28262	26.623	29.342	85.059	155.09	166.00	178.63	30.913	7.1820e-06	0.017810
346.43	0.11669	608.81	0.0016425	0.96121	0.97773	2.8347	167.37	214.95	862.67	-0.28017	0.00019243	0.10651	0.012964	3.6900	0.27100	26.832	29.558	85.333	155.74	166.74	178.70	30.538	7.2114e-06	0.017943
347.83	0.12177	607.40	0.0016464	1.2630	1.2802	3.7041	167.86	215.55	856.55	-0.27612	0.00019017	0.10616	0.012826	3.8415	0.26032	27.035	29.766	85.600	156.36	167.46	178.76	30.183	7.2400e-06	0.018072
349.19	0.12684	606.03	0.0016501	1.5559	1.5739	4.5446	168.33	216.14	850.63	-0.27214	0.00018802	0.10582	0.012692	3.9927	0.25046	27.231	29.969	85.861	156.97	168.16	178.82	29.846	7.2677e-06	0.018198
350.51	0.13191	604.69	0.0016537	1.8405	1.8593	5.3584	168.79	216.72	844.90	-0.26823	0.00018596	0.10549	0.012562	4.1438	0.24133	27.422	30.165	86.115	157.56	168.84	178.86	29.527	7.2948e-06	0.018320
351.79	0.13699	603.40	0.0016573	2.1175	2.1371	6.1473	169.24	217.28	839.33	-0.26438	0.00018398	0.10517	0.012436	4.2946	0.23285	27.608	30.357	86.364	158.14	169.51	178.90	29.223	7.3212e-06	0.018439
353.03	0.14206	602.13	0.0016608	2.3873	2.4076	6.9130	169.68	217.82	833.93	-0.26060	0.00018209	0.10486	0.012314	4.4453	0.22496	27.789	30.543	86.608	158.70	170.16	178.93	28.934	7.3470e-06	0.018555
354.24	0.14713	600.89	0.0016642	2.6503	2.6715	7.6570	170.10	218.35	828.68	-0.25687	0.00018028	0.10457	0.012196	4.5957	0.21759	27.965	30.724	86.847	159.24	170.79	178.95	28.657	7.3723e-06	0.018669
355.42	0.15221	599.68	0.0016675	2.9071	2.9289	8.3806	170.52	218.88	823.58	-0.25319	0.00017853	0.10428	0.012081	4.7461	0.21070	28.137	30.900	87.080	159.77	171.41	178.97	28.393	7.3970e-06	0.018779
356.56	0.15728	598.50	0.0016708	3.1578	3.1805	9.0851	170.92	219.39	818.60	-0.24956	0.00017685	0.10400	0.011969	4.8963	0.20424	28.304	31.072	87.309	160.29	172.02	178.98	28.140	7.4213e-06	0.018888
357.68	0.16235	597.35	0.0016741	3.4029	3.4264	9.7716	171.32	219.88	813.75	-0.24597	0.00017522	0.10373	0.011860	5.0464	0.19816	28.468	31.241	87.534	160.79	172.61	178.98	27.898	7.4451e-06	0.018993
358.77	0.16743	596.22	0.0016772	3.6427	3.6669	10.441	171.70	220.37	809.02	-0.24243	0.00017366	0.10346	0.011754	5.1964	0.19244	28.628	31.405	87.755	161.29	173.19	178.98	27.666	7.4685e-06	0.019097
359.84	0.17250	595.11	0.0016804	3.8775	3.9025	11.095	172.08	220.85	804.40	-0.23892	0.00017214	0.10321	0.011650	5.3463	0.18705	28.785	31.566	87.971	161.77	173.76	178.98	27.443	7.4915e-06	0.019199
360.88	0.17757	594.02	0.0016834	4.1075	4.1332	11.733	172.45	221.33	799.88	-0.23545	0.00017068	0.10296	0.011549	5.4960	0.18195	28.939	31.723	88.184	162.24	174.32	178.97	27.228	7.5142e-06	0.019298
361.90	0.18265	592.95	0.0016865	4.3329	4.3594	12.357	172.81	221.79	795.47	-0.23202	0.00016926	0.10271	0.011450	5.6458	0.17712	29.089	31.877	88.393	162.70	174.87	178.95	27.021	7.5365e-06	0.019396
362.90	0.18772	591.90	0.0016895	4.5539	4.5813	12.967	173.16	222.24	791.15	-0.22862	0.00016788	0.10248	0.011353	5.7954	0.17255	29.237	32.028	88.598	163.16	175.41	178.93	26.823	7.5586e-06	0.019492
363.88	0.19279	590.88	0.0016924	4.7709	4.7990	13.564	173.51	222.69	786.92	-0.22525	0.00016655	0.10224	0.011259	5.9450	0.16821	29.381	32.176	88.800	163.60	175.94	178.91	26.631	7.5803e-06	0.019587
364.84	0.19787	589.86	0.0016953	4.9839	5.0128	14.149	173.85	223.13	782.77	-0.22191	0.00016525	0.10202	0.011166	6.0945	0.16408	29.523	32.321	88.999	164.03	176.46	178.88	26.446	7.6018e-06	0.019679
365.78	0.20294	588.87	0.0016982	5.1932	5.2229	14.722	174.18	223.56	778.71	-0.21860	0.00016399	0.10180	0.011076	6.2439	0.16016	29.662	32.463	89.195	164.46	176.98	178.86	26.267	7.6231e-06	0.019770
366.70	0.20801	587.89	0.0017010	5.3988	5.4293	15.283	174.51	223.99	774.73	-0.21532	0.00016277	0.10158	0.010987	6.3934	0.15641	29.799	32.603	89.388	164.88	177.48	178.82	26.095	7.6441e-06	0.019860
367.60	0.21309	586.93	0.0017038	5.6010	5.6323	15.834	174.83	224.40	770.82	-0.21205	0.00016158	0.10137	0.010900	6.5427	0.15284	29.934	32.740	89.578	165.29	177.98	178.79	25.928	7.6649e-06	0.019948
368.49	0.21816	585.98	0.0017066	5.7999	5.8320	16.375	175.15	224.82	766.98	-0.20882	0.00016042	0.10116	0.010815	6.6921	0.14943	30.066	32.875	89.764	165.69	178.47	178.75	25.766	7.6854e-06	0.020035
369.36	0.22324	585.04	0.0017093	5.9956	6.0285	16.906	175.46	225.22	763.22	-0.20560	0.00015929	0.10096	0.010732	6.8414	0.14617	30.196	33.008	89.949	166.09	178.95	178.71	25.610	7.7058e-06	0.020121
370.22	0.22831	584.12	0.0017120	6.1883	6.2220	17.427	175.76	225.63	759.51	-0.20240	0.00015819	0.10076	0.010650	6.9908	0.14305	30.324	33.138	90.130	166.48	179.43	178.66	25.458	7.7260e-06	0.020205
371.06	0.23338	583.21	0.0017146	6.3781	6.4126	17.939	176.06	226.02	755.88	-0.19923	0.00015711	0.10057	0.010569	7.1401	0.14005	30.450	33.267	90.310	166.87	179.90	178.61	25.311	7.7461e-06	0.020289
371.89	0.23846	582.32	0.0017173	6.5650	6.6003	18.442	176.36	226.41	752.30	-0.19607	0.00015606	0.10038	0.010490	7.2894	0.13719	30.574	33.393	90.486	167.24	180.37	178.56	25.169	7.7659e-06	0.020371
372.71	0.24353	581.43	0.0017199	6.7492	6.7853	18.937	176.65	226.80	748.78	-0.19293	0.00015504	0.10019	0.010412	7.4387	0.13443	30.696	33.517	90.661	167.62	180.82	178.51	25.030	7.7857e-06	0.020452
373.51	0.24860	580.56	0.0017225	6.9308	6.9677	19.424	176.93	227.18	745.31	-0.18981	0.00015404	0.10001	0.010336	7.5880	0.13179	30.816	33.639	90.833	167.98	181.28	178.46	24.896	7.8053e-06	0.020532
374.30	0.25368	579.70	0.0017250	7.1099	7.1476	19.903	177.22	227.56	741.91	-0.18670	0.00015306	0.099828	0.010261	7.7373	0.12924	30.935	33.760	91.003	168.34	181.72	178.40	24.766	7.8247e-06	0.020611
375.08	0.25875	578.85	0.0017276	7.2865	7.3251	20.375	177.49	227.93	738.55	-0.18361	0.00015211	0.099651	0.010187	7.8866	0.12680	31.052	33.879	91.170	168.70	182.17	178.34	24.639	7.8441e-06	0.020689
375.84	0.26382	578.01	0.0017301	7.4608	7.5002	20.839	177.77	228.30	735.24	-0.18053	0.00015117	0.099477	0.010114	8.0360	0.12444	31.167	33.996	91.336	169.05	182.60	178.28	24.515	7.8633e-06	0.020766
376.60	0.26890	577.18	0.0017326	7.6328	7.6730	21.296	178.04	228.66	731.98	-0.17746	0.00015026	0.099307	0.010043	8.1854	0.12217	31.280	34.111	91.499	169.39	183.04	178.22	24.396	7.8824e-06	0.020842
377.34	0.27397	576.36	0.0017350	7.8026	7.8436	21.747	178.30	229.02	728.77	-0.17441	0.00014936	0.099139	0.0099723	8.3348	0.11998	31.393	34.225	91.661	169.73	183.46	178.15	24.279	7.9014e-06	0.020917
378.08	0.27904	575.55	0.0017375	7.9703	8.0121	22.191	178.57	229.37	725.60	-0.17137	0.00014848	0.098975	0.0099030	8.4842	0.11787	31.503	34.337	91.821	170.07	183.88	178.08	24.165	7.9203e-06	0.020991
378.80	0.28412	574.75	0.0017399	8.1359	8.1785	22.629	178.82	229.73	722.48	-0.16834	0.00014762	0.098812	0.0098346	8.6337	0.11583	31.612	34.448	91.978	170.40	184.30	178.02	24.054	7.9392e-06	0.021065
379.52	0.28919	573.96	0.0017423	8.2996	8.3430	23.061	179.08	230.08	719.40	-0.16532	0.00014678	0.098653	0.0097673	8.7832	0.11385	31.720	34.558	92.134	170.73	184.72	177.95	23.947	7.9579e-06	0.021138
380.22	0.29426	573.17	0.0017447	8.4612	8.5055	23.486	179.33	230.42	716.36	-0.16231	0.00014595	0.098496	0.0097010	8.9327	0.11195	31.827	34.666	92.289	171.05	185.13	177.87	23.842	7.9766e-06	0.021210
380.92	0.29934	572.39	0.0017470	8.6210	8.6661	23.906	179.58	230.76	713.36	-0.15931	0.00014514	0.098341	0.0096356	9.0823	0.11010	31.932	34.772	92.441	171.37	185.53	177.80	23.739	7.9952e-06	0.021281
381.60	0.30441	571.63	0.0017494	8.7790	8.8249	24.321	179.83	231.10	710.40	-0.15632	0.00014434	0.098189	0.0095711	9.2319	0.10832	32.036	34.877	92.592	171.68	185.93	177.73	23.639	8.0137e-06	0.021352
382.28	0.30948	570.87	0.0017517	8.9352	8.9819	24.730	180.07	231.43	707.48	-0.15334	0.00014356	0.098040	0.0095075	9.3816	0.10659	32.139	34.981	92.741	172.00	186.33	177.65	23.542	8.0321e-06	0.021421
382.95	0.31456	570.11	0.0017540	9.0897	9.1372	25.134	180.31	231.77	704.59	-0.15036	0.00014279	0.097892	0.0094447	9.5314	0.10492	32.240	35.084	92.889	172.30	186.73	177.57	23.446	8.0505e-06	0.021491
383.61	0.31963	569.37	0.0017563	9.2425	9.2909	25.533	180.55	232.10	701.74	-0.14739	0.00014204	0.097746	0.0093828	9.6812	0.10329	32.340	35.186	93.035	172.61	187.12	177.49	23.354	8.0689e-06	0.021559
384.27	0.32471	568.63	0.0017586	9.3937	9.4429	25.927	180.78	232.42	698.92	-0.14443	0.00014130	0.097603	0.0093217	9.8311	0.10172	32.440	35.286	93.179	172.91	187.50	177.41	23.263	8.0871e-06	0.021627
384.91	0.32978	567.90	0.0017609	9.5433	9.5933	26.316	181.01	232.74	696.13	-0.14148	0.00014057	0.097462	0.0092614	9.9810	0.10019	32.538	35.385	93.322	173.20	187.89	177.33	23.174	8.1054e-06	0.021694
385.55	0.33485	567.17	0.0017631	9.6913	9.7422	26.700	181.24	233.07	693.38	-0.13853	0.00013986	0.097322	0.0092019	10.131	0.098707	32.635	35.483	93.464	173.50	188.27	177.25	23.088	8.1235e-06	0.021761
386.18	0.33993	566.45	0.0017654	9.8378	9.8896	27.080	181.47	233.38	690.66	-0.13559	0.00013915	0.097185	0.0091431	10.281	0.097266	32.731	35.580	93.604	173.79	188.65	177.16	23.003	8.1417e-06	0.021827
386.81	0.34500	565.74	0.0017676	9.9829	10.035	27.456	181.69	233.70	687.97	-0.13265	0.00013846	0.097049	0.0090850	10.431	0.095866	32.826	35.676	93.743	174.07	189.02	177.08	22.920	8.1597e-06	0.021893
387.42	0.35007	565.03	0.0017698	10.127	10.180	27.827	181.91	234.01	685.30	-0.12971	0.00013778	0.096916	0.0090276	10.581	0.094505	32.920	35.771	93.880	174.36	189.39	176.99	22.839	8.1778e-06	0.021958
388.04	0.35515	564.33	0.0017720	10.269	10.323	28.194	182.13	234.32	682.67	-0.12678	0.00013711	0.096783	0.0089710	10.732	0.093182	33.013	35.864	94.016	174.64	189.76	176.90	22.760	8.1958e-06	0.022022
388.64	0.36022	563.64	0.0017742	10.410	10.465	28.557	182.35	234.63	680.07	-0.12386	0.00013645	0.096653	0.0089150	10.882	0.091894	33.105	35.957	94.151	174.91	190.13	176.82	22.683	8.2138e-06	0.022086
389.24	0.36529	562.95	0.0017764	10.549	10.605	28.916	182.56	234.94	677.49	-0.12094	0.00013580	0.096525	0.0088596	11.033	0.090641	33.196	36.049	94.285	175.19	190.49	176.73	22.607	8.2317e-06	0.022150
389.83	0.37037	562.27	0.0017785	10.688	10.744	29.271	182.78	235.24	674.94	-0.11802	0.00013516	0.096397	0.0088049	11.183	0.089421	33.286	36.140	94.417	175.46	190.85	176.63	22.533	8.2496e-06	0.022213
390.41	0.37544	561.59	0.0017807	10.825	10.882	29.623	182.99	235.54	672.41	-0.11510	0.00013453	0.096272	0.0087508	11.334	0.088232	33.375	36.230	94.548	175.73	191.21	176.54	22.461	8.2675e-06	0.022275
390.99	0.38051	560.92	0.0017828	10.960	11.019	29.971	183.19	235.84	669.91	-0.11219	0.00013391	0.096148	0.0086974	11.484	0.087074	33.464	36.319	94.678	176.00	191.57	176.45	22.390	8.2853e-06	0.022338
391.57	0.38559	560.25	0.0017849	11.095	11.154	30.315	183.40	236.14	667.44	-0.10928	0.00013330	0.096026	0.0086445	11.635	0.085945	33.551	36.407	94.807	176.26	191.92	176.36	22.320	8.3031e-06	0.022399
392.13	0.39066	559.59	0.0017870	11.229	11.289	30.655	183.60	236.43	664.99	-0.10637	0.00013270	0.095905	0.0085922	11.786	0.084845	33.638	36.495	94.934	176.52	192.27	176.26	22.252	8.3209e-06	0.022460
392.70	0.39573	558.93	0.0017891	11.361	11.422	30.993	183.81	236.73	662.56	-0.10347	0.00013210	0.095785	0.0085404	11.937	0.083772	33.724	36.581	95.061	176.78	192.62	176.17	22.185	8.3387e-06	0.022521
393.25	0.40081	558.28	0.0017912	11.492	11.554	31.327	184.01	237.02	660.16	-0.10056	0.00013152	0.095667	0.0084892	12.088	0.082725	33.809	36.667	95.186	177.04	192.97	176.07	22.120	8.3564e-06	0.022581
393.80	0.40588	557.63	0.0017933	11.622	11.685	31.657	184.20	237.31	657.78	-0.097658	0.00013094	0.095550	0.0084386	12.240	0.081703	33.894	36.752	95.311	177.29	193.31	175.97	22.056	8.3741e-06	0.022641
394.35	0.41095	556.99	0.0017954	11.751	11.815	31.985	184.40	237.60	655.42	-0.094755	0.00013037	0.095435	0.0083885	12.391	0.080705	33.978	36.836	95.434	177.55	193.66	175.87	21.993	8.3918e-06	0.022701
394.89	0.41603	556.35	0.0017974	11.879	11.943	32.309	184.59	237.88	653.08	-0.091853	0.00012981	0.095320	0.0083389	12.542	0.079731	34.061	36.919	95.556	177.79	194.00	175.77	21.931	8.4095e-06	0.022760
395.43	0.42110	555.71	0.0017995	12.006	12.071	32.630	184.79	238.17	650.77	-0.088951	0.00012925	0.095208	0.0082898	12.694	0.078779	34.143	37.002	95.677	178.04	194.34	175.68	21.871	8.4272e-06	0.022819
395.96	0.42618	555.08	0.0018015	12.132	12.198	32.949	184.98	238.45	648.47	-0.086050	0.00012871	0.095096	0.0082412	12.845	0.077849	34.224	37.083	95.798	178.29	194.67	175.57	21.812	8.4448e-06	0.022877
396.49	0.43125	554.46	0.0018036	12.257	12.324	33.264	185.17	238.73	646.20	-0.083148	0.00012817	0.094985	0.0081931	12.997	0.076940	34.305	37.164	95.917	178.53	195.01	175.47	21.754	8.4624e-06	0.022935
397.01	0.43632	553.84	0.0018056	12.380	12.448	33.577	185.36	239.01	643.94	-0.080246	0.00012763	0.094876	0.0081454	13.149	0.076052	34.385	37.245	96.035	178.77	195.34	175.37	21.697	8.4800e-06	0.022993
397.53	0.44140	553.22	0.0018076	12.503	12.572	33.887	185.54	239.29	641.71	-0.077343	0.00012711	0.094768	0.0080983	13.301	0.075183	34.465	37.325	96.152	179.01	195.67	175.27	21.641	8.4976e-06	0.023051
398.04	0.44647	552.60	0.0018096	12.626	12.695	34.194	185.73	239.56	639.49	-0.074440	0.00012659	0.094661	0.0080516	13.453	0.074333	34.544	37.404	96.269	179.25	196.00	175.16	21.586	8.5152e-06	0.023108
398.55	0.45154	551.99	0.0018116	12.747	12.817	34.498	185.91	239.84	637.29	-0.071536	0.00012607	0.094555	0.0080053	13.605	0.073501	34.622	37.482	96.384	179.49	196.33	175.06	21.532	8.5328e-06	0.023164
399.05	0.45662	551.39	0.0018136	12.867	12.938	34.800	186.09	240.11	635.11	-0.068630	0.00012557	0.094450	0.0079594	13.758	0.072688	34.699	37.559	96.499	179.72	196.65	174.96	21.480	8.5503e-06	0.023221
399.55	0.46169	550.78	0.0018156	12.986	13.059	35.099	186.27	240.39	632.95	-0.065723	0.00012507	0.094346	0.0079140	13.910	0.071891	34.776	37.636	96.613	179.95	196.98	174.85	21.428	8.5678e-06	0.023277
400.05	0.46676	550.19	0.0018176	13.105	13.178	35.395	186.45	240.66	630.80	-0.062815	0.00012457	0.094243	0.0078690	14.063	0.071111	34.853	37.713	96.726	180.18	197.30	174.74	21.377	8.5854e-06	0.023333
400.54	0.47184	549.59	0.0018195	13.222	13.296	35.689	186.63	240.93	628.67	-0.059905	0.00012408	0.094142	0.0078245	14.215	0.070347	34.928	37.789	96.838	180.41	197.62	174.64	21.327	8.6029e-06	0.023388
401.03	0.47691	549.00	0.0018215	13.339	13.414	35.981	186.80	241.19	626.56	-0.056992	0.00012360	0.094041	0.0077803	14.368	0.069599	35.003	37.864	96.949	180.63	197.94	174.53	21.278	8.6204e-06	0.023444
401.51	0.48198	548.41	0.0018235	13.455	13.531	36.271	186.98	241.46	624.47	-0.054078	0.00012312	0.093941	0.0077365	14.521	0.068866	35.078	37.938	97.059	180.86	198.26	174.42	21.230	8.6378e-06	0.023498
401.99	0.48706	547.82	0.0018254	13.571	13.647	36.558	187.15	241.73	622.39	-0.051161	0.00012265	0.093842	0.0076931	14.674	0.068148	35.152	38.012	97.169	181.08	198.58	174.31	21.183	8.6553e-06	0.023553
402.47	0.49213	547.24	0.0018273	13.685	13.762	36.842	187.32	241.99	620.32	-0.048241	0.00012218	0.093744	0.0076501	14.827	0.067443	35.225	38.086	97.277	181.30	198.89	174.20	21.136	8.6728e-06	0.023608
402.94	0.49720	546.66	0.0018293	13.799	13.877	37.125	187.49	242.26	618.28	-0.045319	0.00012172	0.093647	0.0076075	14.981	0.066753	35.298	38.158	97.385	181.52	199.21	174.09	21.091	8.6902e-06	0.023662
403.41	0.50228	546.09	0.0018312	13.912	13.991	37.405	187.66	242.52	616.24	-0.042393	0.00012126	0.093551	0.0075652	15.134	0.066076	35.371	38.231	97.492	181.74	199.52	173.98	21.046	8.7076e-06	0.023716
403.88	0.50735	545.51	0.0018331	14.024	14.104	37.683	187.83	242.78	614.23	-0.039465	0.00012081	0.093456	0.0075233	15.288	0.065412	35.442	38.302	97.599	181.96	199.83	173.87	21.002	8.7251e-06	0.023769
404.34	0.51242	544.94	0.0018351	14.135	14.216	37.959	187.99	243.04	612.22	-0.036533	0.00012037	0.093362	0.0074818	15.441	0.064761	35.514	38.374	97.704	182.17	200.14	173.76	20.959	8.7425e-06	0.023823
404.80	0.51750	544.38	0.0018370	14.246	14.328	38.233	188.16	243.30	610.23	-0.033598	0.00011992	0.093268	0.0074406	15.595	0.064122	35.585	38.444	97.809	182.38	200.45	173.65	20.916	8.7599e-06	0.023876
405.25	0.52257	543.81	0.0018389	14.356	14.439	38.505	188.32	243.56	608.26	-0.030659	0.00011949	0.093176	0.0073997	15.749	0.063495	35.655	38.514	97.913	182.60	200.76	173.53	20.874	8.7773e-06	0.023929
405.70	0.52764	543.25	0.0018408	14.465	14.549	38.775	188.49	243.82	606.30	-0.027717	0.00011905	0.093084	0.0073592	15.903	0.062879	35.725	38.584	98.017	182.81	201.06	173.42	20.833	8.7947e-06	0.023982
406.15	0.53272	542.69	0.0018427	14.574	14.658	39.042	188.65	244.07	604.35	-0.024770	0.00011863	0.092993	0.0073190	16.058	0.062275	35.794	38.653	98.120	183.01	201.37	173.31	20.793	8.8120e-06	0.024034
406.60	0.53779	542.14	0.0018445	14.682	14.767	39.308	188.81	244.33	602.42	-0.021819	0.00011820	0.092902	0.0072791	16.212	0.061682	35.863	38.721	98.222	183.22	201.67	173.19	20.754	8.8294e-06	0.024086
407.04	0.54287	541.59	0.0018464	14.789	14.875	39.572	188.97	244.58	600.50	-0.018864	0.00011778	0.092813	0.0072396	16.367	0.061099	35.931	38.790	98.323	183.43	201.98	173.08	20.715	8.8467e-06	0.024139
407.48	0.54794	541.04	0.0018483	14.896	14.983	39.834	189.13	244.83	598.59	-0.015904	0.00011737	0.092724	0.0072004	16.522	0.060527	35.999	38.857	98.424	183.63	202.28	172.96	20.676	8.8641e-06	0.024190
407.92	0.55301	540.49	0.0018502	15.002	15.090	40.095	189.28	245.09	596.70	-0.012940	0.00011696	0.092636	0.0071614	16.676	0.059965	36.067	38.924	98.524	183.83	202.58	172.85	20.639	8.8814e-06	0.024242
408.35	0.55809	539.94	0.0018520	15.107	15.196	40.353	189.44	245.34	594.81	-0.0099713	0.00011655	0.092549	0.0071228	16.832	0.059412	36.134	38.991	98.623	184.03	202.88	172.73	20.602	8.8987e-06	0.024294
408.78	0.56316	539.40	0.0018539	15.212	15.302	40.610	189.60	245.59	592.94	-0.0069974	0.00011615	0.092462	0.0070845	16.987	0.058870	36.200	39.057	98.722	184.23	203.18	172.61	20.566	8.9160e-06	0.024345
409.21	0.56823	538.86	0.0018558	15.316	15.407	40.864	189.75	245.84	591.09	-0.0040184	0.00011575	0.092376	0.0070465	17.142	0.058336	36.266	39.123	98.820	184.43	203.47	172.50	20.530	8.9333e-06	0.024396
409.63	0.57331	538.32	0.0018576	15.420	15.511	41.118	189.90	246.09	589.24	-0.0010342	0.00011535	0.092291	0.0070088	17.298	0.057812	36.332	39.188	98.917	184.63	203.77	172.38	20.495	8.9506e-06	0.024447
410.06	0.57838	537.79	0.0018595	15.523	15.615	41.369	190.06	246.34	587.40	0.0019554	0.00011496	0.092207	0.0069713	17.453	0.057296	36.397	39.253	99.014	184.83	204.07	172.26	20.461	8.9679e-06	0.024498
410.47	0.58345	537.25	0.0018613	15.625	15.719	41.619	190.21	246.59	585.58	0.0049505	0.00011458	0.092123	0.0069342	17.609	0.056789	36.462	39.317	99.110	185.02	204.36	172.14	20.427	8.9852e-06	0.024548
410.89	0.58853	536.72	0.0018632	15.727	15.821	41.867	190.36	246.83	583.77	0.0079513	0.00011419	0.092040	0.0068973	17.765	0.056290	36.526	39.381	99.206	185.21	204.65	172.02	20.394	9.0024e-06	0.024598
411.30	0.59360	536.20	0.0018650	15.828	15.923	42.113	190.51	247.08	581.97	0.010958	0.00011381	0.091957	0.0068607	17.921	0.055800	36.590	39.445	99.301	185.41	204.95	171.90	20.361	9.0197e-06	0.024649
411.72	0.59867	535.67	0.0018668	15.929	16.025	42.358	190.66	247.32	580.18	0.013971	0.00011344	0.091875	0.0068243	18.078	0.055317	36.654	39.508	99.395	185.60	205.24	171.78	20.329	9.0369e-06	0.024699
412.12	0.60375	535.15	0.0018686	16.029	16.126	42.602	190.80	247.57	578.40	0.016989	0.00011306	0.091794	0.0067882	18.234	0.054843	36.717	39.571	99.489	185.79	205.53	171.66	20.297	9.0542e-06	0.024749
412.53	0.60882	534.62	0.0018705	16.128	16.227	42.843	190.95	247.81	576.63	0.020014	0.00011269	0.091714	0.0067524	18.391	0.054376	36.780	39.633	99.582	185.98	205.82	171.54	20.266	9.0714e-06	0.024798
412.93	0.61389	534.10	0.0018723	16.227	16.326	43.084	191.09	248.06	574.88	0.023045	0.00011232	0.091634	0.0067168	18.547	0.053916	36.843	39.695	99.675	186.16	206.11	171.42	20.236	9.0886e-06	0.024848
413.33	0.61897	533.59	0.0018741	16.326	16.426	43.322	191.24	248.30	573.13	0.026083	0.00011196	0.091554	0.0066815	18.704	0.053463	36.905	39.756	99.767	186.35	206.40	171.30	20.206	9.1058e-06	0.024897
413.73	0.62404	533.07	0.0018759	16.424	16.525	43.560	191.38	248.54	571.39	0.029128	0.00011160	0.091475	0.0066465	18.862	0.053018	36.966	39.818	99.859	186.53	206.68	171.18	20.176	9.1230e-06	0.024947
414.13	0.62911	532.56	0.0018777	16.521	16.623	43.795	191.53	248.79	569.67	0.032179	0.00011124	0.091397	0.0066117	19.019	0.052579	37.028	39.878	99.949	186.72	206.97	171.05	20.147	9.1402e-06	0.024996
414.52	0.63419	532.05	0.0018795	16.618	16.721	44.030	191.67	249.03	567.95	0.035237	0.00011089	0.091319	0.0065771	19.176	0.052148	37.089	39.939	100.04	186.90	207.26	170.93	20.119	9.1573e-06	0.025045
414.91	0.63926	531.54	0.0018813	16.715	16.819	44.263	191.81	249.27	566.24	0.038303	0.00011054	0.091242	0.0065427	19.334	0.051722	37.149	39.999	100.13	187.08	207.54	170.81	20.091	9.1745e-06	0.025094
415.30	0.64434	531.03	0.0018831	16.811	16.916	44.494	191.95	249.51	564.55	0.041375	0.00011019	0.091166	0.0065086	19.492	0.051304	37.210	40.058	100.22	187.26	207.82	170.68	20.064	9.1916e-06	0.025142
415.69	0.64941	530.52	0.0018849	16.907	17.012	44.724	192.09	249.75	562.86	0.044455	0.00010985	0.091090	0.0064748	19.650	0.050891	37.269	40.117	100.31	187.44	208.11	170.56	20.037	9.2088e-06	0.025191
416.07	0.65448	530.02	0.0018867	17.002	17.108	44.953	192.23	249.99	561.18	0.047543	0.00010950	0.091014	0.0064411	19.808	0.050485	37.329	40.176	100.40	187.62	208.39	170.43	20.010	9.2259e-06	0.025239
416.45	0.65956	529.52	0.0018885	17.096	17.204	45.181	192.37	250.22	559.51	0.050638	0.00010916	0.090939	0.0064077	19.966	0.050084	37.388	40.235	100.48	187.79	208.67	170.31	19.984	9.2430e-06	0.025288
416.83	0.66463	529.02	0.0018903	17.190	17.299	45.407	192.51	250.46	557.85	0.053740	0.00010883	0.090865	0.0063745	20.125	0.049690	37.447	40.293	100.57	187.97	208.95	170.18	19.959	9.2601e-06	0.025336
417.21	0.66970	528.52	0.0018921	17.284	17.393	45.632	192.64	250.70	556.20	0.056851	0.00010849	0.090791	0.0063416	20.284	0.049301	37.506	40.351	100.66	188.14	209.23	170.06	19.934	9.2772e-06	0.025384
417.59	0.67478	528.02	0.0018939	17.377	17.487	45.855	192.78	250.94	554.55	0.059970	0.00010816	0.090717	0.0063088	20.443	0.048918	37.564	40.408	100.74	188.31	209.51	169.93	19.909	9.2943e-06	0.025432
417.96	0.67985	527.53	0.0018956	17.470	17.581	46.078	192.91	251.17	552.92	0.063096	0.00010783	0.090645	0.0062763	20.602	0.048540	37.622	40.465	100.83	188.49	209.79	169.81	19.885	9.3114e-06	0.025480
418.33	0.68492	527.03	0.0018974	17.562	17.674	46.299	193.05	251.41	551.29	0.066231	0.00010751	0.090572	0.0062440	20.761	0.048168	37.679	40.522	100.92	188.66	210.07	169.68	19.861	9.3284e-06	0.025528
418.70	0.69000	526.54	0.0018992	17.654	17.767	46.518	193.18	251.65	549.67	0.069375	0.00010718	0.090500	0.0062119	20.920	0.047800	37.737	40.579	101.00	188.83	210.35	169.55	19.838	9.3455e-06	0.025575
419.07	0.69507	526.05	0.0019009	17.746	17.859	46.737	193.31	251.88	548.07	0.072527	0.00010686	0.090429	0.0061799	21.080	0.047438	37.793	40.635	101.08	188.99	210.63	169.42	19.815	9.3625e-06	0.025623
419.44	0.70014	525.56	0.0019027	17.837	17.951	46.954	193.45	252.12	546.46	0.075687	0.00010655	0.090358	0.0061482	21.240	0.047081	37.850	40.691	101.17	189.16	210.90	169.30	19.793	9.3795e-06	0.025670
419.80	0.70522	525.08	0.0019045	17.927	18.043	47.171	193.58	252.35	544.87	0.078857	0.00010623	0.090287	0.0061167	21.400	0.046729	37.906	40.746	101.25	189.33	211.18	169.17	19.771	9.3965e-06	0.025717
420.16	0.71029	524.59	0.0019062	18.017	18.134	47.386	193.71	252.59	543.29	0.082035	0.00010592	0.090217	0.0060854	21.560	0.046382	37.962	40.801	101.33	189.49	211.45	169.04	19.749	9.4135e-06	0.025765
420.52	0.71536	524.11	0.0019080	18.107	18.225	47.599	193.84	252.82	541.71	0.085223	0.00010561	0.090147	0.0060543	21.720	0.046040	38.018	40.856	101.42	189.66	211.73	168.91	19.728	9.4305e-06	0.025812
420.88	0.72044	523.63	0.0019098	18.197	18.315	47.812	193.97	253.05	540.14	0.088419	0.00010530	0.090078	0.0060234	21.881	0.045702	38.074	40.911	101.50	189.82	212.00	168.78	19.707	9.4475e-06	0.025859
421.23	0.72551	523.15	0.0019115	18.286	18.405	48.024	194.10	253.29	538.58	0.091625	0.00010499	0.090009	0.0059927	22.042	0.045368	38.129	40.965	101.58	189.99	212.28	168.65	19.687	9.4645e-06	0.025906
421.59	0.73058	522.67	0.0019133	18.374	18.495	48.234	194.23	253.52	537.02	0.094841	0.00010469	0.089941	0.0059621	22.203	0.045039	38.183	41.019	101.66	190.15	212.55	168.52	19.667	9.4814e-06	0.025953
421.94	0.73566	522.19	0.0019150	18.462	18.584	48.444	194.35	253.75	535.48	0.098066	0.00010438	0.089873	0.0059318	22.364	0.044715	38.238	41.073	101.74	190.31	212.82	168.39	19.648	9.4984e-06	0.025999
422.29	0.74073	521.71	0.0019168	18.550	18.673	48.652	194.48	253.99	533.94	0.10130	0.00010408	0.089806	0.0059016	22.525	0.044394	38.292	41.126	101.82	190.47	213.10	168.26	19.628	9.5153e-06	0.026046
422.64	0.74581	521.24	0.0019185	18.638	18.761	48.859	194.61	254.22	532.41	0.10454	0.00010379	0.089739	0.0058716	22.687	0.044078	38.346	41.179	101.90	190.63	213.37	168.13	19.610	9.5322e-06	0.026093
422.98	0.75088	520.77	0.0019203	18.725	18.849	49.065	194.73	254.45	530.88	0.10780	0.00010349	0.089672	0.0058418	22.849	0.043766	38.400	41.232	101.98	190.78	213.64	168.00	19.591	9.5491e-06	0.026139
423.33	0.75595	520.29	0.0019220	18.811	18.937	49.271	194.86	254.68	529.36	0.11106	0.00010320	0.089606	0.0058122	23.011	0.043458	38.453	41.284	102.06	190.94	213.91	167.87	19.573	9.5660e-06	0.026186
423.67	0.76103	519.82	0.0019237	18.898	19.024	49.475	194.98	254.91	527.85	0.11434	0.00010291	0.089540	0.0057827	23.173	0.043154	38.507	41.337	102.14	191.10	214.18	167.74	19.556	9.5829e-06	0.026232
424.01	0.76610	519.35	0.0019255	18.984	19.111	49.678	195.10	255.14	526.35	0.11762	0.00010262	0.089474	0.0057535	23.335	0.042853	38.559	41.389	102.22	191.25	214.45	167.61	19.538	9.5998e-06	0.026278
424.35	0.77117	518.89	0.0019272	19.069	19.197	49.880	195.23	255.38	524.85	0.12092	0.00010233	0.089409	0.0057243	23.498	0.042557	38.612	41.440	102.30	191.40	214.72	167.47	19.521	9.6167e-06	0.026325
424.69	0.77625	518.42	0.0019289	19.155	19.284	50.081	195.35	255.61	523.36	0.12423	0.00010204	0.089345	0.0056954	23.661	0.042264	38.664	41.492	102.37	191.56	214.99	167.34	19.505	9.6335e-06	0.026371
425.03	0.78132	517.95	0.0019307	19.239	19.369	50.281	195.47	255.84	521.88	0.12754	0.00010176	0.089280	0.0056666	23.824	0.041975	38.716	41.543	102.45	191.71	215.26	167.21	19.489	9.6504e-06	0.026417
425.36	0.78639	517.49	0.0019324	19.324	19.455	50.480	195.59	256.07	520.40	0.13087	0.00010148	0.089216	0.0056380	23.987	0.041689	38.768	41.593	102.53	191.86	215.53	167.07	19.473	9.6672e-06	0.026463
425.70	0.79147	517.03	0.0019341	19.408	19.540	50.678	195.72	256.30	518.93	0.13421	0.00010120	0.089153	0.0056096	24.150	0.041407	38.820	41.644	102.60	192.01	215.80	166.94	19.457	9.6840e-06	0.026509
426.03	0.79654	516.56	0.0019359	19.492	19.625	50.876	195.84	256.53	517.47	0.13756	0.00010092	0.089089	0.0055813	24.314	0.041128	38.871	41.694	102.68	192.16	216.06	166.81	19.442	9.7008e-06	0.026555
426.36	0.80161	516.10	0.0019376	19.576	19.710	51.072	195.96	256.76	516.01	0.14092	0.00010065	0.089027	0.0055532	24.478	0.040853	38.922	41.744	102.75	192.31	216.33	166.67	19.428	9.7176e-06	0.026600
426.69	0.80669	515.64	0.0019393	19.659	19.794	51.267	196.07	256.99	514.56	0.14429	0.00010037	0.088964	0.0055252	24.642	0.040581	38.973	41.794	102.83	192.46	216.60	166.54	19.413	9.7344e-06	0.026646
427.01	0.81176	515.19	0.0019410	19.742	19.878	51.462	196.19	257.22	513.11	0.14768	0.00010010	0.088902	0.0054974	24.806	0.040312	39.024	41.844	102.90	192.60	216.87	166.40	19.399	9.7512e-06	0.026692
427.34	0.81683	514.73	0.0019428	19.824	19.961	51.655	196.31	257.45	511.67	0.15107	9.9831e-05	0.088840	0.0054698	24.971	0.040047	39.074	41.893	102.98	192.75	217.13	166.27	19.385	9.7679e-06	0.026738
427.66	0.82191	514.27	0.0019445	19.907	20.044	51.848	196.43	257.68	510.24	0.15448	9.9562e-05	0.088779	0.0054423	25.136	0.039784	39.124	41.942	103.05	192.90	217.40	166.13	19.372	9.7847e-06	0.026783
427.98	0.82698	513.82	0.0019462	19.989	20.127	52.040	196.55	257.91	508.81	0.15790	9.9296e-05	0.088718	0.0054150	25.301	0.039525	39.174	41.991	103.12	193.04	217.67	166.00	19.359	9.8014e-06	0.026829
428.30	0.83205	513.37	0.0019479	20.070	20.210	52.231	196.66	258.13	507.39	0.16133	9.9030e-05	0.088657	0.0053878	25.466	0.039268	39.223	42.039	103.20	193.18	217.93	165.86	19.346	9.8181e-06	0.026874
428.62	0.83713	512.91	0.0019496	20.151	20.292	52.421	196.78	258.36	505.97	0.16477	9.8767e-05	0.088596	0.0053607	25.631	0.039015	39.273	42.087	103.27	193.33	218.20	165.73	19.333	9.8348e-06	0.026920
428.94	0.84220	512.46	0.0019514	20.232	20.374	52.610	196.89	258.59	504.56	0.16823	9.8505e-05	0.088536	0.0053338	25.797	0.038764	39.322	42.135	103.34	193.47	218.47	165.59	19.321	9.8515e-06	0.026965
429.26	0.84728	512.01	0.0019531	20.313	20.456	52.798	197.01	258.82	503.16	0.17170	9.8245e-05	0.088476	0.0053071	25.963	0.038517	39.371	42.183	103.41	193.61	218.73	165.45	19.309	9.8682e-06	0.027011
429.57	0.85235	511.56	0.0019548	20.394	20.537	52.986	197.12	259.05	501.76	0.17518	9.7986e-05	0.088417	0.0052805	26.129	0.038272	39.420	42.231	103.49	193.75	219.00	165.32	19.298	9.8849e-06	0.027056
429.89	0.85742	511.11	0.0019565	20.474	20.618	53.172	197.24	259.28	500.37	0.17867	9.7729e-05	0.088358	0.0052540	26.295	0.038030	39.468	42.278	103.56	193.89	219.26	165.18	19.287	9.9016e-06	0.027101
430.20	0.86250	510.67	0.0019582	20.553	20.699	53.358	197.35	259.51	498.98	0.18218	9.7474e-05	0.088299	0.0052277	26.462	0.037791	39.516	42.325	103.63	194.03	219.53	165.04	19.276	9.9182e-06	0.027146
430.51	0.86757	510.22	0.0019599	20.633	20.779	53.543	197.46	259.74	497.60	0.18570	9.7220e-05	0.088240	0.0052015	26.628	0.037554	39.564	42.372	103.70	194.17	219.79	164.91	19.265	9.9349e-06	0.027192
430.82	0.87264	509.77	0.0019617	20.712	20.860	53.728	197.58	259.97	496.22	0.18923	9.6968e-05	0.088182	0.0051754	26.795	0.037320	39.612	42.418	103.77	194.31	220.06	164.77	19.255	9.9515e-06	0.027237
431.13	0.87772	509.33	0.0019634	20.791	20.940	53.911	197.69	260.19	494.85	0.19278	9.6717e-05	0.088124	0.0051495	26.963	0.037088	39.660	42.465	103.84	194.44	220.33	164.63	19.245	9.9681e-06	0.027282
431.44	0.88279	508.89	0.0019651	20.870	21.019	54.094	197.80	260.42	493.48	0.19634	9.6468e-05	0.088067	0.0051238	27.130	0.036859	39.707	42.511	103.91	194.58	220.59	164.49	19.235	9.9847e-06	0.027327
431.74	0.88786	508.44	0.0019668	20.948	21.099	54.276	197.91	260.65	492.12	0.19991	9.6220e-05	0.088009	0.0050981	27.298	0.036633	39.754	42.557	103.98	194.72	220.86	164.35	19.226	1.0001e-05	0.027372
432.05	0.89294	508.00	0.0019685	21.026	21.178	54.457	198.02	260.88	490.76	0.20350	9.5973e-05	0.087952	0.0050726	27.466	0.036409	39.801	42.603	104.05	194.85	221.12	164.21	19.217	1.0018e-05	0.027417
432.35	0.89801	507.56	0.0019702	21.104	21.256	54.637	198.13	261.11	489.41	0.20710	9.5728e-05	0.087895	0.0050472	27.634	0.036187	39.848	42.648	104.11	194.99	221.39	164.07	19.208	1.0034e-05	0.027462
432.65	0.90308	507.12	0.0019719	21.182	21.335	54.817	198.24	261.34	488.06	0.21071	9.5485e-05	0.087839	0.0050220	27.802	0.035968	39.894	42.693	104.18	195.12	221.65	163.93	19.199	1.0051e-05	0.027507
432.95	0.90816	506.68	0.0019736	21.259	21.413	54.995	198.35	261.57	486.72	0.21434	9.5243e-05	0.087783	0.0049969	27.971	0.035751	39.940	42.738	104.25	195.25	221.92	163.80	19.191	1.0068e-05	0.027552
433.25	0.91323	506.25	0.0019753	21.336	21.491	55.174	198.46	261.80	485.39	0.21798	9.5002e-05	0.087727	0.0049719	28.140	0.035537	39.987	42.783	104.32	195.39	222.19	163.66	19.183	1.0084e-05	0.027597
433.55	0.91830	505.81	0.0019770	21.413	21.569	55.351	198.57	262.02	484.05	0.22164	9.4763e-05	0.087671	0.0049470	28.309	0.035324	40.032	42.828	104.39	195.52	222.45	163.52	19.175	1.0101e-05	0.027642
433.84	0.92338	505.37	0.0019787	21.489	21.646	55.528	198.68	262.25	482.73	0.22531	9.4525e-05	0.087616	0.0049223	28.479	0.035114	40.078	42.872	104.45	195.65	222.72	163.37	19.168	1.0117e-05	0.027687
434.14	0.92845	504.94	0.0019804	21.565	21.724	55.704	198.78	262.48	481.40	0.22900	9.4288e-05	0.087560	0.0048977	28.648	0.034906	40.124	42.916	104.52	195.78	222.99	163.23	19.160	1.0134e-05	0.027732
434.43	0.93352	504.50	0.0019821	21.641	21.801	55.879	198.89	262.71	480.09	0.23270	9.4053e-05	0.087506	0.0048732	28.818	0.034700	40.169	42.960	104.59	195.91	223.25	163.09	19.153	1.0150e-05	0.027777
434.73	0.93860	504.07	0.0019839	21.717	21.877	56.053	199.00	262.94	478.77	0.23642	9.3819e-05	0.087451	0.0048488	28.988	0.034497	40.214	43.004	104.65	196.04	223.52	162.95	19.147	1.0167e-05	0.027822
435.02	0.94367	503.64	0.0019856	21.792	21.954	56.227	199.10	263.17	477.47	0.24015	9.3586e-05	0.087397	0.0048246	29.159	0.034295	40.259	43.048	104.72	196.17	223.79	162.81	19.140	1.0183e-05	0.027867
435.31	0.94875	503.20	0.0019873	21.868	22.030	56.400	199.21	263.40	476.16	0.24389	9.3354e-05	0.087343	0.0048005	29.329	0.034096	40.303	43.091	104.78	196.30	224.05	162.67	19.134	1.0200e-05	0.027911
435.60	0.95382	502.77	0.0019890	21.943	22.106	56.573	199.31	263.63	474.86	0.24765	9.3124e-05	0.087289	0.0047765	29.500	0.033898	40.348	43.134	104.85	196.43	224.32	162.53	19.128	1.0216e-05	0.027956
435.89	0.95889	502.34	0.0019907	22.017	22.182	56.745	199.42	263.86	473.57	0.25143	9.2895e-05	0.087235	0.0047526	29.671	0.033703	40.392	43.177	104.91	196.56	224.59	162.39	19.123	1.0233e-05	0.028001
436.18	0.96397	501.91	0.0019924	22.092	22.257	56.916	199.52	264.09	472.28	0.25522	9.2667e-05	0.087182	0.0047288	29.843	0.033509	40.436	43.220	104.98	196.68	224.86	162.24	19.117	1.0249e-05	0.028046
436.46	0.96904	501.48	0.0019941	22.166	22.333	57.086	199.63	264.32	470.99	0.25903	9.2441e-05	0.087129	0.0047051	30.014	0.033317	40.480	43.262	105.04	196.81	225.13	162.10	19.112	1.0265e-05	0.028091
436.75	0.97411	501.06	0.0019958	22.240	22.408	57.256	199.73	264.55	469.71	0.26286	9.2215e-05	0.087076	0.0046816	30.186	0.033128	40.524	43.305	105.10	196.94	225.40	161.96	19.107	1.0282e-05	0.028135
437.03	0.97919	500.63	0.0019975	22.314	22.482	57.425	199.84	264.78	468.43	0.26670	9.1991e-05	0.087023	0.0046582	30.358	0.032940	40.568	43.347	105.17	197.06	225.66	161.81	19.103	1.0298e-05	0.028180
437.31	0.98426	500.20	0.0019992	22.387	22.557	57.594	199.94	265.01	467.15	0.27055	9.1768e-05	0.086971	0.0046348	30.531	0.032754	40.611	43.389	105.23	197.19	225.93	161.67	19.098	1.0315e-05	0.028225
437.59	0.98933	499.78	0.0020009	22.461	22.631	57.762	200.04	265.24	465.88	0.27443	9.1546e-05	0.086919	0.0046116	30.704	0.032569	40.654	43.431	105.29	197.31	226.20	161.53	19.094	1.0331e-05	0.028270
437.88	0.99441	499.35	0.0020026	22.534	22.705	57.929	200.14	265.47	464.62	0.27832	9.1325e-05	0.086867	0.0045885	30.877	0.032387	40.697	43.472	105.36	197.44	226.47	161.38	19.090	1.0348e-05	0.028315
438.16	0.99948	498.93	0.0020043	22.607	22.779	58.096	200.25	265.70	463.36	0.28222	9.1106e-05	0.086815	0.0045656	31.050	0.032206	40.740	43.514	105.42	197.56	226.75	161.24	19.086	1.0364e-05	0.028359
438.43	1.0046	498.50	0.0020060	22.679	22.853	58.262	200.35	265.93	462.10	0.28615	9.0887e-05	0.086764	0.0045427	31.223	0.032027	40.782	43.555	105.48	197.69	227.02	161.10	19.083	1.0380e-05	0.028404
438.71	1.0096	498.08	0.0020077	22.752	22.926	58.427	200.45	266.16	460.85	0.29009	9.0670e-05	0.086713	0.0045199	31.397	0.031850	40.825	43.596	105.54	197.81	227.29	160.95	19.080	1.0397e-05	0.028449
438.99	1.0147	497.66	0.0020094	22.824	23.000	58.592	200.55	266.40	459.60	0.29405	9.0454e-05	0.086662	0.0044972	31.571	0.031675	40.867	43.637	105.60	197.93	227.56	160.81	19.077	1.0413e-05	0.028494
439.26	1.0198	497.23	0.0020111	22.896	23.073	58.756	200.65	266.63	458.35	0.29802	9.0239e-05	0.086611	0.0044747	31.745	0.031501	40.909	43.678	105.66	198.06	227.83	160.66	19.074	1.0429e-05	0.028539
439.54	1.0248	496.81	0.0020128	22.968	23.145	58.920	200.75	266.86	457.11	0.30201	9.0025e-05	0.086561	0.0044522	31.920	0.031328	40.951	43.718	105.73	198.18	228.11	160.52	19.071	1.0446e-05	0.028583
439.81	1.0299	496.39	0.0020145	23.039	23.218	59.083	200.85	267.09	455.87	0.30602	8.9811e-05	0.086510	0.0044299	32.095	0.031158	40.993	43.758	105.79	198.30	228.38	160.37	19.069	1.0462e-05	0.028628
440.08	1.0350	495.97	0.0020162	23.110	23.290	59.245	200.95	267.32	454.63	0.31005	8.9599e-05	0.086460	0.0044076	32.270	0.030989	41.035	43.798	105.85	198.42	228.66	160.23	19.067	1.0478e-05	0.028673
440.35	1.0401	495.55	0.0020180	23.181	23.362	59.407	201.05	267.56	453.40	0.31410	8.9388e-05	0.086410	0.0043855	32.445	0.030821	41.076	43.838	105.91	198.54	228.93	160.08	19.065	1.0495e-05	0.028718
440.62	1.0451	495.13	0.0020197	23.252	23.434	59.568	201.15	267.79	452.18	0.31816	8.9178e-05	0.086361	0.0043634	32.621	0.030655	41.117	43.878	105.97	198.66	229.21	159.93	19.063	1.0511e-05	0.028763
440.89	1.0502	494.71	0.0020214	23.323	23.506	59.729	201.25	268.02	450.95	0.32224	8.8970e-05	0.086311	0.0043415	32.797	0.030491	41.158	43.918	106.03	198.78	229.48	159.79	19.062	1.0527e-05	0.028807
441.16	1.0553	494.30	0.0020231	23.394	23.577	59.889	201.34	268.26	449.73	0.32635	8.8762e-05	0.086262	0.0043196	32.973	0.030328	41.199	43.957	106.08	198.91	229.76	159.64	19.060	1.0544e-05	0.028852
441.43	1.0604	493.88	0.0020248	23.464	23.649	60.049	201.44	268.49	448.52	0.33046	8.8555e-05	0.086213	0.0042979	33.150	0.030166	41.240	43.996	106.14	199.03	230.04	159.50	19.059	1.0560e-05	0.028897
441.70	1.0654	493.46	0.0020265	23.534	23.720	60.208	201.54	268.73	447.30	0.33460	8.8349e-05	0.086164	0.0042763	33.327	0.030006	41.281	44.036	106.20	199.14	230.31	159.35	19.058	1.0576e-05	0.028942
441.96	1.0705	493.05	0.0020282	23.604	23.791	60.367	201.64	268.96	446.09	0.33876	8.8144e-05	0.086115	0.0042547	33.504	0.029848	41.321	44.074	106.26	199.26	230.59	159.20	19.058	1.0592e-05	0.028987
442.23	1.0756	492.63	0.0020299	23.673	23.862	60.524	201.73	269.19	444.89	0.34294	8.7940e-05	0.086067	0.0042333	33.681	0.029690	41.361	44.113	106.32	199.38	230.87	159.05	19.057	1.0609e-05	0.029032
442.49	1.0807	492.22	0.0020316	23.743	23.932	60.682	201.83	269.43	443.69	0.34713	8.7736e-05	0.086019	0.0042119	33.859	0.029535	41.401	44.152	106.38	199.50	231.15	158.91	19.057	1.0625e-05	0.029077
442.75	1.0857	491.80	0.0020333	23.812	24.002	60.839	201.93	269.66	442.49	0.35135	8.7534e-05	0.085971	0.0041906	34.037	0.029380	41.441	44.190	106.43	199.62	231.43	158.76	19.057	1.0641e-05	0.029122
443.01	1.0908	491.39	0.0020351	23.881	24.073	60.995	202.02	269.90	441.29	0.35558	8.7333e-05	0.085923	0.0041695	34.215	0.029227	41.481	44.228	106.49	199.74	231.72	158.61	19.057	1.0657e-05	0.029167
443.27	1.0959	490.97	0.0020368	23.950	24.142	61.151	202.12	270.14	440.10	0.35984	8.7133e-05	0.085875	0.0041484	34.393	0.029075	41.521	44.266	106.55	199.86	232.00	158.46	19.057	1.0674e-05	0.029212
443.53	1.1010	490.56	0.0020385	24.019	24.212	61.306	202.21	270.37	438.91	0.36411	8.6933e-05	0.085828	0.0041274	34.572	0.028925	41.560	44.304	106.61	199.97	232.28	158.32	19.058	1.0690e-05	0.029257
443.79	1.1060	490.15	0.0020402	24.087	24.282	61.461	202.31	270.61	437.72	0.36841	8.6735e-05	0.085781	0.0041065	34.751	0.028776	41.599	44.342	106.66	200.09	232.56	158.17	19.059	1.0706e-05	0.029302
444.05	1.1111	489.74	0.0020419	24.156	24.351	61.615	202.40	270.85	436.54	0.37272	8.6537e-05	0.085733	0.0040857	34.931	0.028628	41.638	44.380	106.72	200.21	232.85	158.02	19.060	1.0722e-05	0.029347
444.31	1.1162	489.33	0.0020436	24.224	24.420	61.769	202.50	271.08	435.36	0.37706	8.6340e-05	0.085687	0.0040650	35.111	0.028482	41.677	44.417	106.78	200.33	233.14	157.87	19.061	1.0739e-05	0.029392
444.57	1.1212	488.92	0.0020453	24.292	24.489	61.922	202.59	271.32	434.18	0.38141	8.6144e-05	0.085640	0.0040444	35.291	0.028336	41.716	44.454	106.83	200.44	233.42	157.72	19.062	1.0755e-05	0.029438
444.82	1.1263	488.50	0.0020471	24.360	24.558	62.075	202.68	271.56	433.01	0.38579	8.5949e-05	0.085593	0.0040239	35.471	0.028192	41.755	44.491	106.89	200.56	233.71	157.57	19.063	1.0771e-05	0.029483
445.08	1.1314	488.09	0.0020488	24.427	24.627	62.227	202.78	271.80	431.84	0.39019	8.5755e-05	0.085547	0.0040034	35.651	0.028049	41.794	44.528	106.94	200.68	234.00	157.42	19.065	1.0787e-05	0.029528
445.33	1.1365	487.69	0.0020505	24.495	24.695	62.379	202.87	272.04	430.67	0.39461	8.5562e-05	0.085501	0.0039831	35.832	0.027908	41.832	44.565	107.00	200.79	234.29	157.27	19.067	1.0803e-05	0.029573
445.58	1.1415	487.28	0.0020522	24.562	24.764	62.531	202.96	272.28	429.51	0.39905	8.5369e-05	0.085455	0.0039628	36.014	0.027767	41.870	44.602	107.05	200.91	234.58	157.12	19.069	1.0820e-05	0.029619
445.83	1.1466	486.87	0.0020539	24.629	24.832	62.681	203.06	272.52	428.35	0.40351	8.5178e-05	0.085409	0.0039426	36.195	0.027628	41.908	44.638	107.11	201.02	234.87	156.97	19.071	1.0836e-05	0.029664
446.09	1.1517	486.46	0.0020557	24.696	24.900	62.832	203.15	272.76	427.19	0.40799	8.4987e-05	0.085363	0.0039225	36.377	0.027490	41.946	44.674	107.16	201.14	235.16	156.82	19.074	1.0852e-05	0.029709
446.34	1.1568	486.05	0.0020574	24.762	24.967	62.982	203.24	273.00	426.03	0.41250	8.4797e-05	0.085318	0.0039025	36.559	0.027353	41.984	44.711	107.22	201.26	235.45	156.67	19.076	1.0868e-05	0.029755
446.59	1.1618	485.64	0.0020591	24.829	25.035	63.131	203.33	273.24	424.88	0.41703	8.4608e-05	0.085273	0.0038826	36.742	0.027217	42.022	44.747	107.27	201.37	235.75	156.52	19.079	1.0884e-05	0.029800
446.83	1.1669	485.24	0.0020608	24.895	25.103	63.280	203.42	273.48	423.73	0.42158	8.4419e-05	0.085228	0.0038628	36.924	0.027082	42.059	44.782	107.32	201.49	236.04	156.37	19.082	1.0901e-05	0.029846
447.08	1.1720	484.83	0.0020626	24.961	25.170	63.428	203.52	273.72	422.58	0.42615	8.4231e-05	0.085183	0.0038430	37.108	0.026949	42.096	44.818	107.38	201.60	236.34	156.22	19.085	1.0917e-05	0.029891
447.33	1.1771	484.42	0.0020643	25.027	25.237	63.576	203.61	273.96	421.44	0.43075	8.4045e-05	0.085138	0.0038233	37.291	0.026816	42.134	44.854	107.43	201.72	236.63	156.07	19.088	1.0933e-05	0.029937
447.58	1.1821	484.02	0.0020660	25.093	25.304	63.724	203.70	274.21	420.30	0.43537	8.3858e-05	0.085093	0.0038038	37.475	0.026685	42.171	44.889	107.48	201.83	236.93	155.91	19.091	1.0949e-05	0.029982
447.82	1.1872	483.61	0.0020678	25.159	25.371	63.871	203.79	274.45	419.16	0.44001	8.3673e-05	0.085049	0.0037842	37.659	0.026554	42.208	44.924	107.54	201.95	237.23	155.76	19.095	1.0965e-05	0.030028
448.07	1.1923	483.21	0.0020695	25.225	25.437	64.018	203.88	274.69	418.02	0.44468	8.3488e-05	0.085004	0.0037648	37.843	0.026425	42.244	44.960	107.59	202.06	237.53	155.61	19.099	1.0981e-05	0.030074
448.31	1.1973	482.80	0.0020712	25.290	25.504	64.164	203.97	274.94	416.89	0.44936	8.3305e-05	0.084960	0.0037455	38.028	0.026297	42.281	44.994	107.64	202.17	237.83	155.46	19.102	1.0998e-05	0.030119
448.55	1.2024	482.40	0.0020730	25.355	25.570	64.310	204.06	275.18	415.76	0.45408	8.3121e-05	0.084916	0.0037262	38.213	0.026169	42.318	45.029	107.69	202.29	238.13	155.31	19.106	1.1014e-05	0.030165
448.80	1.2075	481.99	0.0020747	25.420	25.636	64.455	204.15	275.43	414.63	0.45881	8.2939e-05	0.084873	0.0037070	38.398	0.026043	42.354	45.064	107.74	202.40	238.44	155.15	19.111	1.1030e-05	0.030211
449.04	1.2126	481.59	0.0020765	25.485	25.702	64.600	204.24	275.67	413.51	0.46358	8.2757e-05	0.084829	0.0036879	38.584	0.025918	42.390	45.098	107.80	202.52	238.74	155.00	19.115	1.1046e-05	0.030257
449.28	1.2176	481.19	0.0020782	25.550	25.768	64.744	204.33	275.92	412.38	0.46836	8.2576e-05	0.084785	0.0036689	38.770	0.025793	42.426	45.133	107.85	202.63	239.04	154.85	19.120	1.1062e-05	0.030303
449.52	1.2227	480.78	0.0020799	25.614	25.833	64.888	204.42	276.17	411.26	0.47317	8.2396e-05	0.084742	0.0036499	38.956	0.025670	42.462	45.167	107.90	202.74	239.35	154.69	19.124	1.1078e-05	0.030349
449.76	1.2278	480.38	0.0020817	25.679	25.899	65.032	204.50	276.42	410.15	0.47801	8.2217e-05	0.084699	0.0036311	39.143	0.025547	42.498	45.201	107.95	202.86	239.66	154.54	19.129	1.1095e-05	0.030395
450.00	1.2329	479.98	0.0020834	25.743	25.964	65.175	204.59	276.66	409.03	0.48286	8.2038e-05	0.084656	0.0036123	39.330	0.025426	42.534	45.235	108.00	202.97	239.97	154.39	19.134	1.1111e-05	0.030441
450.24	1.2379	479.58	0.0020852	25.807	26.029	65.318	204.68	276.91	407.92	0.48775	8.1860e-05	0.084613	0.0035935	39.517	0.025305	42.569	45.269	108.05	203.09	240.28	154.23	19.139	1.1127e-05	0.030487
450.47	1.2430	479.17	0.0020869	25.871	26.094	65.460	204.77	277.16	406.81	0.49266	8.1682e-05	0.084570	0.0035749	39.705	0.025186	42.605	45.303	108.10	203.20	240.59	154.08	19.144	1.1143e-05	0.030534
450.71	1.2481	478.77	0.0020887	25.935	26.159	65.602	204.86	277.41	405.70	0.49760	8.1505e-05	0.084528	0.0035563	39.893	0.025067	42.640	45.336	108.15	203.31	240.90	153.92	19.150	1.1159e-05	0.030580
450.94	1.2532	478.37	0.0020904	25.998	26.224	65.744	204.95	277.66	404.60	0.50256	8.1329e-05	0.084485	0.0035378	40.081	0.024949	42.675	45.370	108.20	203.43	241.22	153.77	19.156	1.1175e-05	0.030626
451.18	1.2582	477.97	0.0020922	26.062	26.289	65.885	205.03	277.91	403.50	0.50755	8.1154e-05	0.084443	0.0035194	40.270	0.024832	42.710	45.403	108.25	203.54	241.53	153.61	19.161	1.1192e-05	0.030673
451.41	1.2633	477.57	0.0020939	26.125	26.353	66.026	205.12	278.17	402.40	0.51256	8.0979e-05	0.084401	0.0035011	40.459	0.024716	42.745	45.436	108.30	203.65	241.85	153.46	19.167	1.1208e-05	0.030719
451.65	1.2684	477.17	0.0020957	26.188	26.417	66.166	205.21	278.42	401.30	0.51760	8.0805e-05	0.084359	0.0034828	40.649	0.024601	42.780	45.469	108.35	203.77	242.16	153.31	19.173	1.1224e-05	0.030766
451.88	1.2734	476.77	0.0020975	26.251	26.481	66.306	205.29	278.67	400.20	0.52267	8.0631e-05	0.084317	0.0034646	40.838	0.024487	42.815	45.502	108.40	203.88	242.48	153.15	19.179	1.1240e-05	0.030812
452.11	1.2785	476.37	0.0020992	26.314	26.545	66.446	205.38	278.92	399.11	0.52776	8.0459e-05	0.084275	0.0034465	41.028	0.024373	42.849	45.535	108.45	203.99	242.80	152.99	19.186	1.1256e-05	0.030859
452.34	1.2836	475.97	0.0021010	26.377	26.609	66.585	205.47	279.18	398.02	0.53289	8.0286e-05	0.084234	0.0034284	41.219	0.024261	42.884	45.567	108.50	204.10	243.13	152.84	19.192	1.1272e-05	0.030906
452.58	1.2887	475.57	0.0021027	26.439	26.673	66.723	205.55	279.43	396.93	0.53804	8.0115e-05	0.084192	0.0034104	41.410	0.024149	42.918	45.600	108.54	204.22	243.45	152.68	19.199	1.1289e-05	0.030952
452.81	1.2937	475.17	0.0021045	26.502	26.737	66.862	205.64	279.69	395.85	0.54321	7.9944e-05	0.084151	0.0033925	41.601	0.024038	42.952	45.632	108.59	204.33	243.77	152.53	19.205	1.1305e-05	0.030999
453.03	1.2988	474.77	0.0021063	26.564	26.800	67.000	205.72	279.95	394.76	0.54842	7.9773e-05	0.084110	0.0033747	41.792	0.023928	42.986	45.664	108.64	204.44	244.10	152.37	19.212	1.1321e-05	0.031046
453.26	1.3039	474.37	0.0021080	26.626	26.863	67.138	205.81	280.20	393.68	0.55365	7.9604e-05	0.084069	0.0033569	41.984	0.023818	43.020	45.696	108.69	204.55	244.43	152.21	19.219	1.1337e-05	0.031093
453.49	1.3090	473.97	0.0021098	26.688	26.926	67.275	205.90	280.46	392.60	0.55891	7.9434e-05	0.084028	0.0033392	42.177	0.023710	43.054	45.728	108.73	204.67	244.75	152.06	19.226	1.1353e-05	0.031140
453.72	1.3140	473.58	0.0021116	26.750	26.989	67.412	205.98	280.72	391.52	0.56421	7.9266e-05	0.083987	0.0033216	42.369	0.023602	43.087	45.760	108.78	204.78	245.08	151.90	19.234	1.1369e-05	0.031187
453.95	1.3191	473.18	0.0021134	26.812	27.052	67.548	206.07	280.98	390.45	0.56953	7.9098e-05	0.083947	0.0033040	42.562	0.023495	43.121	45.792	108.83	204.89	245.41	151.74	19.241	1.1386e-05	0.031235
454.17	1.3242	472.78	0.0021151	26.874	27.115	67.684	206.15	281.24	389.38	0.57487	7.8930e-05	0.083906	0.0032865	42.755	0.023389	43.154	45.823	108.88	205.00	245.75	151.59	19.249	1.1402e-05	0.031282
454.40	1.3293	472.38	0.0021169	26.935	27.178	67.820	206.24	281.50	388.30	0.58025	7.8764e-05	0.083866	0.0032691	42.949	0.023283	43.188	45.855	108.92	205.12	246.08	151.43	19.256	1.1418e-05	0.031329
454.62	1.3343	471.98	0.0021187	26.997	27.240	67.956	206.32	281.76	387.24	0.58566	7.8597e-05	0.083826	0.0032517	43.143	0.023179	43.221	45.886	108.97	205.23	246.42	151.27	19.264	1.1434e-05	0.031377
454.85	1.3394	471.59	0.0021205	27.058	27.303	68.091	206.41	282.02	386.17	0.59110	7.8432e-05	0.083785	0.0032344	43.338	0.023075	43.254	45.917	109.02	205.34	246.75	151.11	19.272	1.1450e-05	0.031424
455.07	1.3445	471.19	0.0021223	27.119	27.365	68.225	206.49	282.28	385.10	0.59657	7.8267e-05	0.083745	0.0032172	43.533	0.022971	43.287	45.948	109.06	205.45	247.09	150.96	19.280	1.1467e-05	0.031472
455.29	1.3496	470.79	0.0021241	27.180	27.427	68.360	206.57	282.55	384.04	0.60207	7.8102e-05	0.083706	0.0032000	43.728	0.022869	43.320	45.979	109.11	205.57	247.43	150.80	19.289	1.1483e-05	0.031520
455.52	1.3546	470.40	0.0021259	27.241	27.489	68.494	206.66	282.81	382.98	0.60760	7.7938e-05	0.083666	0.0031829	43.923	0.022767	43.352	46.010	109.15	205.68	247.78	150.64	19.297	1.1499e-05	0.031567
455.74	1.3597	470.00	0.0021277	27.301	27.551	68.627	206.74	283.08	381.92	0.61316	7.7775e-05	0.083626	0.0031659	44.119	0.022666	43.385	46.041	109.20	205.79	248.12	150.48	19.305	1.1515e-05	0.031615
455.96	1.3648	469.60	0.0021295	27.362	27.612	68.761	206.83	283.34	380.87	0.61875	7.7612e-05	0.083587	0.0031489	44.316	0.022565	43.417	46.071	109.24	205.90	248.46	150.32	19.314	1.1531e-05	0.031663
456.18	1.3698	469.21	0.0021313	27.422	27.674	68.894	206.91	283.61	379.81	0.62437	7.7450e-05	0.083548	0.0031320	44.512	0.022466	43.450	46.102	109.29	206.02	248.81	150.16	19.323	1.1548e-05	0.031711
456.40	1.3749	468.81	0.0021331	27.483	27.735	69.026	206.99	283.88	378.76	0.63003	7.7288e-05	0.083508	0.0031152	44.710	0.022367	43.482	46.132	109.33	206.13	249.16	150.00	19.332	1.1564e-05	0.031759
456.62	1.3800	468.41	0.0021349	27.543	27.797	69.159	207.08	284.15	377.71	0.63572	7.7126e-05	0.083469	0.0030984	44.907	0.022268	43.514	46.162	109.38	206.24	249.51	149.84	19.341	1.1580e-05	0.031808
456.84	1.3851	468.02	0.0021367	27.603	27.858	69.291	207.16	284.42	376.66	0.64144	7.6966e-05	0.083430	0.0030817	45.105	0.022170	43.546	46.192	109.42	206.35	249.86	149.68	19.350	1.1596e-05	0.031856
457.05	1.3901	467.62	0.0021385	27.663	27.919	69.422	207.24	284.69	375.62	0.64719	7.6805e-05	0.083392	0.0030651	45.303	0.022073	43.578	46.222	109.47	206.46	250.21	149.52	19.359	1.1613e-05	0.031904
457.27	1.3952	467.23	0.0021403	27.723	27.980	69.554	207.33	284.96	374.57	0.65298	7.6646e-05	0.083353	0.0030485	45.502	0.021977	43.610	46.252	109.51	206.58	250.57	149.36	19.369	1.1629e-05	0.031953
457.49	1.4003	466.83	0.0021421	27.782	28.041	69.685	207.41	285.23	373.53	0.65880	7.6487e-05	0.083314	0.0030319	45.701	0.021881	43.641	46.282	109.56	206.69	250.92	149.20	19.378	1.1645e-05	0.032001
457.70	1.4054	466.43	0.0021439	27.842	28.102	69.815	207.49	285.50	372.49	0.66465	7.6328e-05	0.083276	0.0030155	45.901	0.021786	43.673	46.311	109.60	206.80	251.28	149.04	19.388	1.1661e-05	0.032050
457.92	1.4104	466.04	0.0021457	27.901	28.162	69.946	207.57	285.78	371.45	0.67054	7.6170e-05	0.083237	0.0029991	46.101	0.021692	43.704	46.341	109.64	206.91	251.64	148.88	19.397	1.1678e-05	0.032099
458.13	1.4155	465.64	0.0021476	27.961	28.223	70.076	207.66	286.05	370.41	0.67646	7.6012e-05	0.083199	0.0029828	46.301	0.021598	43.735	46.370	109.69	207.02	252.00	148.72	19.407	1.1694e-05	0.032148
458.35	1.4206	465.25	0.0021494	28.020	28.283	70.205	207.74	286.33	369.38	0.68242	7.5855e-05	0.083161	0.0029665	46.502	0.021505	43.767	46.399	109.73	207.14	252.37	148.56	19.417	1.1710e-05	0.032197
458.56	1.4257	464.85	0.0021512	28.079	28.343	70.335	207.82	286.60	368.34	0.68841	7.5698e-05	0.083123	0.0029503	46.703	0.021412	43.798	46.428	109.77	207.25	252.73	148.40	19.427	1.1727e-05	0.032246
458.78	1.4307	464.46	0.0021531	28.138	28.403	70.464	207.90	286.88	367.31	0.69444	7.5542e-05	0.083085	0.0029341	46.904	0.021320	43.829	46.457	109.82	207.36	253.10	148.24	19.438	1.1743e-05	0.032295
458.99	1.4358	464.06	0.0021549	28.197	28.463	70.593	207.98	287.16	366.28	0.70050	7.5386e-05	0.083047	0.0029180	47.106	0.021229	43.860	46.486	109.86	207.47	253.47	148.08	19.448	1.1759e-05	0.032344
459.20	1.4409	463.67	0.0021567	28.256	28.523	70.721	208.07	287.44	365.25	0.70660	7.5231e-05	0.083010	0.0029020	47.309	0.021138	43.890	46.515	109.90	207.58	253.84	147.91	19.459	1.1775e-05	0.032393
459.41	1.4459	463.27	0.0021586	28.314	28.583	70.849	208.15	287.72	364.23	0.71273	7.5076e-05	0.082972	0.0028860	47.511	0.021048	43.921	46.544	109.94	207.69	254.21	147.75	19.469	1.1792e-05	0.032443
459.62	1.4510	462.88	0.0021604	28.373	28.643	70.977	208.23	288.00	363.20	0.71890	7.4922e-05	0.082935	0.0028701	47.715	0.020958	43.952	46.572	109.99	207.81	254.58	147.59	19.480	1.1808e-05	0.032492
459.83	1.4561	462.48	0.0021622	28.431	28.702	71.104	208.31	288.28	362.18	0.72511	7.4768e-05	0.082897	0.0028542	47.918	0.020869	43.982	46.601	110.03	207.92	254.96	147.43	19.491	1.1824e-05	0.032542
460.04	1.4612	462.09	0.0021641	28.489	28.762	71.232	208.39	288.57	361.16	0.73135	7.4614e-05	0.082860	0.0028384	48.122	0.020780	44.012	46.629	110.07	208.03	255.34	147.27	19.502	1.1841e-05	0.032592
460.25	1.4662	461.69	0.0021659	28.548	28.821	71.359	208.47	288.85	360.14	0.73764	7.4461e-05	0.082823	0.0028227	48.327	0.020693	44.043	46.657	110.11	208.14	255.72	147.10	19.513	1.1857e-05	0.032642
460.46	1.4713	461.30	0.0021678	28.606	28.880	71.485	208.55	289.14	359.12	0.74396	7.4309e-05	0.082786	0.0028070	48.532	0.020605	44.073	46.685	110.15	208.25	256.10	146.94	19.524	1.1874e-05	0.032692
460.67	1.4764	460.90	0.0021697	28.664	28.940	71.612	208.64	289.43	358.10	0.75031	7.4157e-05	0.082749	0.0027914	48.737	0.020518	44.103	46.713	110.19	208.37	256.48	146.78	19.536	1.1890e-05	0.032742
460.88	1.4815	460.51	0.0021715	28.721	28.999	71.738	208.72	289.71	357.09	0.75671	7.4005e-05	0.082712	0.0027758	48.943	0.020432	44.133	46.741	110.23	208.48	256.87	146.61	19.547	1.1906e-05	0.032792
461.08	1.4865	460.11	0.0021734	28.779	29.058	71.863	208.80	290.00	356.08	0.76315	7.3854e-05	0.082676	0.0027603	49.149	0.020346	44.162	46.769	110.28	208.59	257.26	146.45	19.559	1.1923e-05	0.032842
461.29	1.4916	459.72	0.0021752	28.837	29.116	71.989	208.88	290.29	355.07	0.76962	7.3703e-05	0.082639	0.0027449	49.356	0.020261	44.192	46.796	110.32	208.70	257.65	146.28	19.570	1.1939e-05	0.032893
461.50	1.4967	459.32	0.0021771	28.894	29.175	72.114	208.96	290.59	354.06	0.77614	7.3553e-05	0.082603	0.0027295	49.563	0.020176	44.222	46.824	110.36	208.81	258.04	146.12	19.582	1.1956e-05	0.032943
461.70	1.5018	458.93	0.0021790	28.952	29.234	72.239	209.04	290.88	353.05	0.78269	7.3403e-05	0.082566	0.0027141	49.770	0.020092	44.251	46.851	110.40	208.92	258.43	145.96	19.594	1.1972e-05	0.032994
461.91	1.5068	458.53	0.0021809	29.009	29.292	72.363	209.12	291.17	352.04	0.78929	7.3253e-05	0.082530	0.0026988	49.978	0.020009	44.280	46.879	110.44	209.04	258.83	145.79	19.606	1.1989e-05	0.033045
462.11	1.5119	458.14	0.0021827	29.066	29.351	72.488	209.20	291.47	351.04	0.79592	7.3104e-05	0.082494	0.0026836	50.187	0.019926	44.310	46.906	110.48	209.15	259.23	145.63	19.618	1.2005e-05	0.033096
462.32	1.5170	457.74	0.0021846	29.123	29.409	72.612	209.28	291.76	350.03	0.80260	7.2956e-05	0.082458	0.0026684	50.395	0.019843	44.339	46.933	110.52	209.26	259.63	145.46	19.631	1.2022e-05	0.033147
462.52	1.5221	457.35	0.0021865	29.180	29.467	72.736	209.36	292.06	349.03	0.80932	7.2808e-05	0.082422	0.0026533	50.605	0.019761	44.368	46.960	110.56	209.37	260.03	145.30	19.643	1.2038e-05	0.033198
462.72	1.5271	456.96	0.0021884	29.237	29.525	72.859	209.44	292.36	348.03	0.81608	7.2660e-05	0.082386	0.0026382	50.815	0.019679	44.397	46.987	110.60	209.48	260.43	145.13	19.655	1.2055e-05	0.033249
462.92	1.5322	456.56	0.0021903	29.294	29.583	72.982	209.52	292.66	347.03	0.82288	7.2512e-05	0.082351	0.0026232	51.025	0.019598	44.426	47.013	110.63	209.59	260.84	144.97	19.668	1.2071e-05	0.033300
463.13	1.5373	456.17	0.0021922	29.351	29.641	73.105	209.60	292.96	346.04	0.82973	7.2365e-05	0.082315	0.0026083	51.236	0.019518	44.454	47.040	110.67	209.70	261.25	144.80	19.681	1.2088e-05	0.033352
463.33	1.5423	455.77	0.0021941	29.407	29.699	73.228	209.68	293.26	345.04	0.83662	7.2219e-05	0.082279	0.0025934	51.447	0.019438	44.483	47.067	110.71	209.82	261.66	144.64	19.694	1.2104e-05	0.033404
463.53	1.5474	455.38	0.0021960	29.464	29.756	73.350	209.76	293.57	344.05	0.84355	7.2072e-05	0.082244	0.0025785	51.658	0.019358	44.512	47.093	110.75	209.93	262.07	144.47	19.707	1.2121e-05	0.033455
463.73	1.5525	454.98	0.0021979	29.520	29.814	73.472	209.84	293.87	343.06	0.85053	7.1927e-05	0.082209	0.0025637	51.871	0.019279	44.540	47.119	110.79	210.04	262.49	144.30	19.720	1.2137e-05	0.033507
463.93	1.5576	454.59	0.0021998	29.576	29.872	73.594	209.92	294.18	342.06	0.85755	7.1781e-05	0.082173	0.0025490	52.083	0.019200	44.568	47.146	110.83	210.15	262.91	144.14	19.733	1.2154e-05	0.033559
464.13	1.5626	454.19	0.0022017	29.632	29.929	73.716	210.00	294.49	341.07	0.86461	7.1636e-05	0.082138	0.0025343	52.296	0.019122	44.597	47.172	110.87	210.26	263.33	143.97	19.746	1.2171e-05	0.033612
464.33	1.5677	453.79	0.0022036	29.688	29.986	73.837	210.08	294.80	340.09	0.87172	7.1491e-05	0.082103	0.0025196	52.510	0.019044	44.625	47.198	110.90	210.37	263.75	143.80	19.760	1.2187e-05	0.033664
464.53	1.5728	453.40	0.0022056	29.744	30.043	73.958	210.16	295.11	339.10	0.87888	7.1347e-05	0.082068	0.0025051	52.724	0.018967	44.653	47.224	110.94	210.49	264.17	143.64	19.773	1.2204e-05	0.033716
464.72	1.5779	453.00	0.0022075	29.800	30.101	74.079	210.24	295.42	338.12	0.88608	7.1203e-05	0.082034	0.0024905	52.938	0.018890	44.681	47.249	110.98	210.60	264.60	143.47	19.787	1.2220e-05	0.033769
464.92	1.5829	452.61	0.0022094	29.856	30.158	74.200	210.32	295.73	337.13	0.89333	7.1060e-05	0.081999	0.0024760	53.153	0.018813	44.709	47.275	111.02	210.71	265.03	143.30	19.801	1.2237e-05	0.033822
465.12	1.5880	452.21	0.0022113	29.912	30.214	74.320	210.40	296.05	336.15	0.90063	7.0916e-05	0.081964	0.0024616	53.369	0.018738	44.736	47.301	111.06	210.82	265.46	143.13	19.815	1.2254e-05	0.033874
465.31	1.5931	451.82	0.0022133	29.967	30.271	74.440	210.48	296.36	335.17	0.90797	7.0774e-05	0.081930	0.0024472	53.585	0.018662	44.764	47.326	111.09	210.93	265.90	142.97	19.829	1.2271e-05	0.033927
465.51	1.5982	451.42	0.0022152	30.023	30.328	74.560	210.56	296.68	334.19	0.91536	7.0631e-05	0.081895	0.0024329	53.801	0.018587	44.792	47.351	111.13	211.04	266.33	142.80	19.843	1.2287e-05	0.033980
465.71	1.6032	451.03	0.0022172	30.078	30.385	74.680	210.64	297.00	333.21	0.92280	7.0489e-05	0.081861	0.0024186	54.018	0.018512	44.819	47.377	111.17	211.15	266.77	142.63	19.857	1.2304e-05	0.034034
465.90	1.6083	450.63	0.0022191	30.134	30.441	74.799	210.72	297.32	332.23	0.93029	7.0347e-05	0.081827	0.0024044	54.236	0.018438	44.846	47.402	111.20	211.26	267.22	142.46	19.872	1.2321e-05	0.034087
466.10	1.6134	450.23	0.0022211	30.189	30.498	74.918	210.80	297.64	331.26	0.93783	7.0206e-05	0.081792	0.0023902	54.454	0.018364	44.874	47.427	111.24	211.38	267.66	142.29	19.886	1.2338e-05	0.034141
466.29	1.6184	449.84	0.0022230	30.244	30.554	75.037	210.88	297.97	330.28	0.94542	7.0065e-05	0.081758	0.0023761	54.672	0.018291	44.901	47.452	111.28	211.49	268.11	142.12	19.901	1.2354e-05	0.034194
466.48	1.6235	449.44	0.0022250	30.299	30.610	75.156	210.96	298.29	329.31	0.95306	6.9924e-05	0.081724	0.0023620	54.891	0.018218	44.928	47.477	111.31	211.60	268.56	141.95	19.916	1.2371e-05	0.034248
466.68	1.6286	449.04	0.0022270	30.354	30.667	75.274	211.04	298.62	328.34	0.96075	6.9784e-05	0.081691	0.0023480	55.111	0.018145	44.955	47.502	111.35	211.71	269.01	141.78	19.930	1.2388e-05	0.034302
466.87	1.6337	448.65	0.0022289	30.409	30.723	75.392	211.12	298.95	327.37	0.96849	6.9644e-05	0.081657	0.0023340	55.331	0.018073	44.982	47.526	111.38	211.82	269.47	141.61	19.945	1.2405e-05	0.034356
467.06	1.6387	448.25	0.0022309	30.464	30.779	75.510	211.20	299.28	326.40	0.97628	6.9504e-05	0.081623	0.0023201	55.551	0.018001	45.009	47.551	111.42	211.93	269.92	141.44	19.960	1.2422e-05	0.034411
467.25	1.6438	447.85	0.0022329	30.518	30.835	75.628	211.28	299.61	325.43	0.98413	6.9365e-05	0.081590	0.0023062	55.773	0.017930	45.035	47.575	111.46	212.04	270.38	141.27	19.976	1.2439e-05	0.034465
467.44	1.6489	447.46	0.0022349	30.573	30.890	75.745	211.36	299.94	324.47	0.99202	6.9226e-05	0.081556	0.0022923	55.994	0.017859	45.062	47.599	111.49	212.15	270.85	141.10	19.991	1.2456e-05	0.034520
467.64	1.6540	447.06	0.0022368	30.627	30.946	75.862	211.44	300.28	323.50	0.99998	6.9087e-05	0.081523	0.0022786	56.216	0.017788	45.088	47.624	111.53	212.27	271.31	140.93	20.006	1.2473e-05	0.034575
467.83	1.6590	446.66	0.0022388	30.682	31.002	75.979	211.52	300.61	322.54	1.0080	6.8948e-05	0.081489	0.0022648	56.439	0.017718	45.115	47.648	111.56	212.38	271.78	140.76	20.022	1.2489e-05	0.034630
468.02	1.6641	446.26	0.0022408	30.736	31.058	76.096	211.60	300.95	321.58	1.0160	6.8810e-05	0.081456	0.0022511	56.662	0.017648	45.141	47.672	111.60	212.49	272.25	140.59	20.038	1.2506e-05	0.034685
468.21	1.6692	445.87	0.0022428	30.790	31.113	76.212	211.68	301.29	320.62	1.0242	6.8673e-05	0.081423	0.0022375	56.886	0.017579	45.167	47.696	111.63	212.60	272.73	140.42	20.053	1.2523e-05	0.034740
468.39	1.6743	445.47	0.0022448	30.845	31.168	76.329	211.75	301.63	319.66	1.0323	6.8535e-05	0.081390	0.0022239	57.110	0.017510	45.193	47.720	111.66	212.71	273.21	140.25	20.069	1.2541e-05	0.034795
468.58	1.6793	445.07	0.0022468	30.899	31.224	76.445	211.83	301.98	318.70	1.0406	6.8398e-05	0.081357	0.0022104	57.335	0.017441	45.219	47.743	111.70	212.82	273.69	140.08	20.085	1.2558e-05	0.034851
468.77	1.6844	444.67	0.0022488	30.953	31.279	76.561	211.91	302.32	317.74	1.0488	6.8261e-05	0.081324	0.0021969	57.561	0.017373	45.245	47.767	111.73	212.93	274.17	139.91	20.101	1.2575e-05	0.034907
468.96	1.6895	444.27	0.0022509	31.007	31.334	76.676	211.99	302.67	316.79	1.0572	6.8125e-05	0.081291	0.0021834	57.786	0.017305	45.271	47.791	111.77	213.04	274.66	139.73	20.118	1.2592e-05	0.034963
469.15	1.6945	443.88	0.0022529	31.060	31.389	76.792	212.07	303.02	315.83	1.0656	6.7989e-05	0.081259	0.0021700	58.013	0.017238	45.297	47.814	111.80	213.15	275.15	139.56	20.134	1.2609e-05	0.035019
469.33	1.6996	443.48	0.0022549	31.114	31.444	76.907	212.15	303.37	314.88	1.0740	6.7853e-05	0.081226	0.0021567	58.240	0.017170	45.322	47.837	111.83	213.26	275.64	139.39	20.151	1.2626e-05	0.035075
469.52	1.7047	443.08	0.0022569	31.168	31.499	77.022	212.23	303.72	313.92	1.0826	6.7717e-05	0.081194	0.0021433	58.468	0.017103	45.348	47.861	111.87	213.38	276.14	139.22	20.167	1.2643e-05	0.035132
469.71	1.7098	442.68	0.0022590	31.221	31.554	77.136	212.31	304.08	312.97	1.0911	6.7582e-05	0.081161	0.0021301	58.696	0.017037	45.373	47.884	111.90	213.49	276.64	139.04	20.184	1.2660e-05	0.035188
469.89	1.7148	442.28	0.0022610	31.275	31.609	77.251	212.39	304.44	312.02	1.0998	6.7447e-05	0.081129	0.0021169	58.925	0.016971	45.399	47.907	111.93	213.60	277.14	138.87	20.201	1.2678e-05	0.035245
470.08	1.7199	441.88	0.0022631	31.328	31.664	77.365	212.47	304.80	311.07	1.1085	6.7312e-05	0.081097	0.0021037	59.154	0.016905	45.424	47.930	111.97	213.71	277.64	138.70	20.218	1.2695e-05	0.035302
470.26	1.7250	441.48	0.0022651	31.382	31.718	77.479	212.55	305.16	310.13	1.1172	6.7178e-05	0.081064	0.0020906	59.384	0.016840	45.449	47.952	112.00	213.82	278.15	138.52	20.235	1.2712e-05	0.035359
470.45	1.7301	441.08	0.0022672	31.435	31.773	77.593	212.63	305.52	309.18	1.1260	6.7043e-05	0.081032	0.0020775	59.615	0.016774	45.474	47.975	112.03	213.93	278.66	138.35	20.252	1.2729e-05	0.035416
470.63	1.7351	440.68	0.0022692	31.488	31.827	77.707	212.71	305.88	308.24	1.1349	6.6910e-05	0.081000	0.0020644	59.846	0.016710	45.499	47.998	112.07	214.04	279.18	138.18	20.269	1.2747e-05	0.035474
470.81	1.7402	440.28	0.0022713	31.541	31.882	77.820	212.79	306.25	307.29	1.1439	6.6776e-05	0.080968	0.0020515	60.077	0.016645	45.524	48.020	112.10	214.15	279.70	138.00	20.287	1.2764e-05	0.035532
471.00	1.7453	439.88	0.0022734	31.594	31.936	77.934	212.87	306.62	306.35	1.1529	6.6643e-05	0.080937	0.0020385	60.310	0.016581	45.549	48.043	112.13	214.26	280.22	137.83	20.304	1.2781e-05	0.035590
471.18	1.7504	439.47	0.0022754	31.647	31.990	78.047	212.95	306.99	305.41	1.1620	6.6510e-05	0.080905	0.0020256	60.543	0.016517	45.574	48.065	112.16	214.37	280.75	137.65	20.322	1.2799e-05	0.035648
471.36	1.7554	439.07	0.0022775	31.700	32.045	78.160	213.03	307.37	304.47	1.1711	6.6377e-05	0.080873	0.0020127	60.776	0.016454	45.598	48.087	112.19	214.48	281.28	137.48	20.340	1.2816e-05	0.035706
471.54	1.7605	438.67	0.0022796	31.753	32.099	78.272	213.11	307.74	303.53	1.1803	6.6244e-05	0.080842	0.0019999	61.010	0.016391	45.623	48.110	112.23	214.59	281.81	137.30	20.358	1.2834e-05	0.035764
471.72	1.7656	438.27	0.0022817	31.806	32.153	78.385	213.19	308.12	302.59	1.1896	6.6112e-05	0.080810	0.0019872	61.245	0.016328	45.647	48.132	112.26	214.70	282.35	137.13	20.376	1.2851e-05	0.035823
471.91	1.7707	437.87	0.0022838	31.858	32.207	78.497	213.27	308.50	301.65	1.1989	6.5980e-05	0.080779	0.0019744	61.480	0.016265	45.672	48.154	112.29	214.81	282.89	136.95	20.394	1.2869e-05	0.035882
472.09	1.7757	437.46	0.0022859	31.911	32.261	78.609	213.35	308.88	300.71	1.2084	6.5849e-05	0.080748	0.0019618	61.716	0.016203	45.696	48.175	112.32	214.92	283.43	136.78	20.412	1.2886e-05	0.035941
472.27	1.7808	437.06	0.0022880	31.963	32.314	78.721	213.43	309.27	299.78	1.2178	6.5717e-05	0.080717	0.0019491	61.953	0.016141	45.720	48.197	112.35	215.03	283.98	136.60	20.431	1.2904e-05	0.036000
472.45	1.7859	436.66	0.0022901	32.016	32.368	78.833	213.51	309.66	298.84	1.2274	6.5586e-05	0.080685	0.0019365	62.190	0.016080	45.744	48.219	112.38	215.14	284.53	136.43	20.449	1.2921e-05	0.036060
472.63	1.7909	436.25	0.0022922	32.068	32.422	78.944	213.59	310.05	297.91	1.2370	6.5455e-05	0.080654	0.0019240	62.428	0.016018	45.768	48.240	112.41	215.25	285.08	136.25	20.468	1.2939e-05	0.036119
472.81	1.7960	435.85	0.0022944	32.120	32.475	79.055	213.67	310.44	296.98	1.2467	6.5324e-05	0.080623	0.0019115	62.666	0.015958	45.792	48.262	112.44	215.37	285.64	136.07	20.487	1.2957e-05	0.036179
472.98	1.8011	435.44	0.0022965	32.173	32.529	79.166	213.75	310.83	296.05	1.2565	6.5194e-05	0.080593	0.0018990	62.905	0.015897	45.816	48.283	112.47	215.48	286.21	135.90	20.506	1.2974e-05	0.036239
473.16	1.8062	435.04	0.0022986	32.225	32.582	79.277	213.83	311.23	295.12	1.2663	6.5064e-05	0.080562	0.0018866	63.145	0.015837	45.840	48.305	112.50	215.59	286.77	135.72	20.525	1.2992e-05	0.036300
473.34	1.8112	434.63	0.0023008	32.277	32.636	79.388	213.91	311.63	294.19	1.2762	6.4934e-05	0.080531	0.0018742	63.386	0.015776	45.863	48.326	112.53	215.70	287.34	135.54	20.544	1.3010e-05	0.036360
473.52	1.8163	434.23	0.0023029	32.329	32.689	79.499	213.99	312.03	293.26	1.2862	6.4804e-05	0.080501	0.0018619	63.627	0.015717	45.887	48.347	112.56	215.81	287.92	135.36	20.563	1.3027e-05	0.036421
473.70	1.8214	433.82	0.0023051	32.381	32.743	79.609	214.07	312.44	292.33	1.2963	6.4675e-05	0.080470	0.0018496	63.868	0.015657	45.910	48.368	112.59	215.92	288.50	135.19	20.583	1.3045e-05	0.036482
473.87	1.8265	433.42	0.0023072	32.433	32.796	79.719	214.15	312.84	291.41	1.3064	6.4545e-05	0.080440	0.0018373	64.111	0.015598	45.934	48.389	112.62	216.03	289.08	135.01	20.602	1.3063e-05	0.036543
474.05	1.8315	433.01	0.0023094	32.484	32.849	79.829	214.23	313.25	290.48	1.3167	6.4416e-05	0.080409	0.0018251	64.354	0.015539	45.957	48.409	112.65	216.14	289.67	134.83	20.622	1.3081e-05	0.036604
474.22	1.8366	432.60	0.0023116	32.536	32.902	79.939	214.31	313.67	289.56	1.3270	6.4288e-05	0.080379	0.0018130	64.598	0.015480	45.980	48.430	112.68	216.25	290.26	134.65	20.642	1.3099e-05	0.036666
474.40	1.8417	432.20	0.0023138	32.588	32.955	80.049	214.39	314.08	288.64	1.3373	6.4159e-05	0.080349	0.0018008	64.842	0.015422	46.003	48.451	112.71	216.36	290.86	134.47	20.662	1.3117e-05	0.036728
474.58	1.8468	431.79	0.0023159	32.639	33.008	80.158	214.47	314.50	287.71	1.3478	6.4031e-05	0.080319	0.0017888	65.087	0.015364	46.026	48.471	112.74	216.47	291.46	134.29	20.682	1.3135e-05	0.036790
474.75	1.8518	431.38	0.0023181	32.691	33.061	80.267	214.55	314.92	286.79	1.3583	6.3903e-05	0.080289	0.0017767	65.333	0.015306	46.049	48.492	112.77	216.58	292.06	134.11	20.702	1.3153e-05	0.036852
474.92	1.8569	430.97	0.0023203	32.742	33.114	80.376	214.63	315.34	285.87	1.3690	6.3775e-05	0.080259	0.0017647	65.579	0.015249	46.072	48.512	112.80	216.69	292.67	133.94	20.722	1.3171e-05	0.036915
475.10	1.8620	430.56	0.0023225	32.794	33.166	80.485	214.71	315.77	284.95	1.3797	6.3647e-05	0.080229	0.0017528	65.827	0.015191	46.095	48.532	112.83	216.80	293.29	133.76	20.742	1.3189e-05	0.036977
475.27	1.8670	430.16	0.0023247	32.845	33.219	80.594	214.79	316.20	284.04	1.3904	6.3520e-05	0.080199	0.0017409	66.075	0.015134	46.117	48.552	112.86	216.91	293.91	133.58	20.763	1.3207e-05	0.037040
475.45	1.8721	429.75	0.0023270	32.896	33.272	80.703	214.87	316.63	283.12	1.4013	6.3392e-05	0.080170	0.0017290	66.323	0.015078	46.140	48.572	112.88	217.02	294.53	133.40	20.784	1.3225e-05	0.037103
475.62	1.8772	429.34	0.0023292	32.947	33.324	80.811	214.95	317.07	282.20	1.4123	6.3265e-05	0.080140	0.0017171	66.572	0.015021	46.162	48.592	112.91	217.13	295.16	133.22	20.805	1.3244e-05	0.037167
475.79	1.8823	428.93	0.0023314	32.999	33.377	80.919	215.03	317.51	281.29	1.4233	6.3139e-05	0.080111	0.0017054	66.822	0.014965	46.185	48.612	112.94	217.24	295.79	133.03	20.825	1.3262e-05	0.037231
475.96	1.8873	428.51	0.0023336	33.050	33.429	81.027	215.12	317.95	280.37	1.4345	6.3012e-05	0.080081	0.0016936	67.073	0.014909	46.207	48.632	112.97	217.34	296.43	132.85	20.847	1.3280e-05	0.037294
476.14	1.8924	428.10	0.0023359	33.101	33.482	81.135	215.20	318.39	279.46	1.4457	6.2886e-05	0.080052	0.0016819	67.325	0.014853	46.229	48.651	113.00	217.45	297.07	132.67	20.868	1.3298e-05	0.037359
476.31	1.8975	427.69	0.0023381	33.152	33.534	81.243	215.28	318.84	278.55	1.4570	6.2760e-05	0.080023	0.0016702	67.577	0.014798	46.251	48.671	113.02	217.56	297.72	132.49	20.889	1.3317e-05	0.037423
476.48	1.9026	427.28	0.0023404	33.202	33.586	81.351	215.36	319.29	277.64	1.4684	6.2634e-05	0.079994	0.0016586	67.830	0.014743	46.273	48.690	113.05	217.67	298.38	132.31	20.911	1.3335e-05	0.037488
476.65	1.9076	426.87	0.0023427	33.253	33.638	81.458	215.44	319.75	276.73	1.4799	6.2508e-05	0.079965	0.0016470	68.084	0.014688	46.295	48.710	113.08	217.78	299.03	132.13	20.932	1.3354e-05	0.037553
476.82	1.9127	426.45	0.0023449	33.304	33.691	81.565	215.52	320.21	275.82	1.4915	6.2382e-05	0.079936	0.0016354	68.338	0.014633	46.317	48.729	113.10	217.89	299.70	131.95	20.954	1.3372e-05	0.037618
476.99	1.9178	426.04	0.0023472	33.355	33.743	81.672	215.60	320.67	274.91	1.5031	6.2257e-05	0.079907	0.0016239	68.593	0.014579	46.339	48.748	113.13	218.00	300.37	131.76	20.976	1.3391e-05	0.037683
477.16	1.9229	425.63	0.0023495	33.405	33.795	81.779	215.69	321.13	274.00	1.5149	6.2132e-05	0.079878	0.0016125	68.849	0.014525	46.360	48.767	113.16	218.11	301.04	131.58	20.998	1.3409e-05	0.037749
477.33	1.9279	425.21	0.0023518	33.456	33.847	81.886	215.77	321.60	273.09	1.5268	6.2007e-05	0.079849	0.0016010	69.106	0.014471	46.382	48.786	113.18	218.22	301.72	131.40	21.020	1.3428e-05	0.037815
477.50	1.9330	424.80	0.0023541	33.506	33.899	81.993	215.85	322.07	272.19	1.5388	6.1882e-05	0.079821	0.0015896	69.363	0.014417	46.403	48.805	113.21	218.33	302.41	131.22	21.042	1.3446e-05	0.037881
477.67	1.9381	424.38	0.0023564	33.557	33.950	82.099	215.93	322.55	271.28	1.5508	6.1757e-05	0.079792	0.0015783	69.622	0.014363	46.425	48.824	113.24	218.44	303.10	131.03	21.064	1.3465e-05	0.037948
477.84	1.9432	423.96	0.0023587	33.607	34.002	82.205	216.01	323.03	270.38	1.5630	6.1633e-05	0.079764	0.0015670	69.881	0.014310	46.446	48.842	113.26	218.55	303.80	130.85	21.087	1.3484e-05	0.038015
478.00	1.9482	423.55	0.0023610	33.658	34.054	82.311	216.10	323.51	269.47	1.5753	6.1509e-05	0.079735	0.0015557	70.141	0.014257	46.467	48.861	113.29	218.66	304.50	130.67	21.110	1.3502e-05	0.038082
478.17	1.9533	423.13	0.0023633	33.708	34.106	82.417	216.18	323.99	268.57	1.5876	6.1385e-05	0.079707	0.0015444	70.401	0.014204	46.488	48.879	113.31	218.77	305.21	130.48	21.132	1.3521e-05	0.038149
478.34	1.9584	422.71	0.0023657	33.758	34.157	82.523	216.26	324.48	267.67	1.6001	6.1261e-05	0.079679	0.0015333	70.663	0.014152	46.509	48.898	113.34	218.88	305.92	130.30	21.155	1.3540e-05	0.038217
478.51	1.9634	422.30	0.0023680	33.808	34.209	82.629	216.34	324.98	266.77	1.6127	6.1137e-05	0.079651	0.0015221	70.925	0.014099	46.530	48.916	113.36	218.99	306.64	130.11	21.179	1.3559e-05	0.038284
478.67	1.9685	421.88	0.0023704	33.858	34.261	82.735	216.43	325.48	265.87	1.6254	6.1013e-05	0.079623	0.0015110	71.188	0.014047	46.551	48.934	113.39	219.10	307.37	129.93	21.202	1.3578e-05	0.038353
478.84	1.9736	421.46	0.0023727	33.908	34.312	82.840	216.51	325.98	264.97	1.6382	6.0890e-05	0.079595	0.0014999	71.452	0.013995	46.572	48.952	113.41	219.21	308.10	129.74	21.225	1.3597e-05	0.038421
479.01	1.9787	421.04	0.0023751	33.958	34.363	82.945	216.59	326.48	264.07	1.6511	6.0767e-05	0.079567	0.0014888	71.717	0.013944	46.593	48.970	113.44	219.31	308.84	129.56	21.249	1.3616e-05	0.038490
479.17	1.9837	420.62	0.0023775	34.008	34.415	83.050	216.68	326.99	263.17	1.6641	6.0644e-05	0.079539	0.0014778	71.982	0.013892	46.613	48.988	113.46	219.42	309.59	129.37	21.272	1.3635e-05	0.038559
479.34	1.9888	420.20	0.0023798	34.058	34.466	83.155	216.76	327.51	262.27	1.6772	6.0521e-05	0.079512	0.0014669	72.249	0.013841	46.634	49.006	113.49	219.53	310.34	129.19	21.296	1.3654e-05	0.038628
479.50	1.9939	419.77	0.0023822	34.108	34.517	83.260	216.84	328.02	261.38	1.6905	6.0398e-05	0.079484	0.0014559	72.516	0.013790	46.654	49.024	113.51	219.64	311.10	129.00	21.320	1.3673e-05	0.038698
479.67	1.9990	419.35	0.0023846	34.158	34.569	83.365	216.93	328.55	260.48	1.7038	6.0275e-05	0.079457	0.0014451	72.784	0.013739	46.674	49.041	113.54	219.75	311.87	128.82	21.344	1.3693e-05	0.038768
479.83	2.0040	418.93	0.0023870	34.208	34.620	83.469	217.01	329.07	259.59	1.7173	6.0153e-05	0.079429	0.0014342	73.053	0.013689	46.695	49.059	113.56	219.86	312.64	128.63	21.368	1.3712e-05	0.038838
479.99	2.0091	418.51	0.0023894	34.257	34.671	83.574	217.09	329.60	258.69	1.7309	6.0031e-05	0.079402	0.0014234	73.323	0.013638	46.715	49.076	113.58	219.97	313.42	128.44	21.392	1.3731e-05	0.038909
480.16	2.0142	418.08	0.0023919	34.307	34.722	83.678	217.18	330.14	257.80	1.7446	5.9909e-05	0.079375	0.0014126	73.594	0.013588	46.735	49.093	113.61	220.08	314.21	128.26	21.417	1.3751e-05	0.038980
480.32	2.0193	417.66	0.0023943	34.357	34.773	83.782	217.26	330.68	256.91	1.7584	5.9787e-05	0.079348	0.0014019	73.866	0.013538	46.755	49.110	113.63	220.19	315.00	128.07	21.441	1.3770e-05	0.039051
480.48	2.0243	417.23	0.0023967	34.406	34.824	83.886	217.35	331.22	256.01	1.7723	5.9665e-05	0.079321	0.0013912	74.138	0.013488	46.775	49.128	113.65	220.30	315.80	127.88	21.466	1.3790e-05	0.039122
480.65	2.0294	416.81	0.0023992	34.456	34.875	83.990	217.43	331.77	255.12	1.7864	5.9543e-05	0.079294	0.0013805	74.412	0.013439	46.794	49.145	113.68	220.41	316.61	127.69	21.491	1.3809e-05	0.039194
480.81	2.0345	416.38	0.0024017	34.505	34.926	84.094	217.51	332.33	254.23	1.8006	5.9422e-05	0.079267	0.0013699	74.686	0.013389	46.814	49.161	113.70	220.52	317.43	127.51	21.516	1.3829e-05	0.039266
480.97	2.0395	415.95	0.0024041	34.554	34.977	84.197	217.60	332.89	253.34	1.8149	5.9300e-05	0.079240	0.0013593	74.961	0.013340	46.834	49.178	113.72	220.62	318.25	127.32	21.541	1.3849e-05	0.039339
481.13	2.0446	415.53	0.0024066	34.604	35.028	84.301	217.68	333.45	252.45	1.8294	5.9179e-05	0.079214	0.0013487	75.238	0.013291	46.853	49.195	113.75	220.73	319.08	127.13	21.567	1.3868e-05	0.039412
481.30	2.0497	415.10	0.0024091	34.653	35.079	84.404	217.77	334.02	251.57	1.8440	5.9058e-05	0.079187	0.0013382	75.515	0.013242	46.873	49.212	113.77	220.84	319.92	126.94	21.592	1.3888e-05	0.039485
481.46	2.0548	414.67	0.0024116	34.702	35.129	84.507	217.85	334.59	250.68	1.8587	5.8937e-05	0.079161	0.0013277	75.793	0.013194	46.892	49.228	113.79	220.95	320.77	126.75	21.618	1.3908e-05	0.039558
481.62	2.0598	414.24	0.0024141	34.751	35.180	84.610	217.94	335.17	249.79	1.8735	5.8816e-05	0.079134	0.0013173	76.072	0.013145	46.911	49.245	113.81	221.06	321.62	126.56	21.643	1.3928e-05	0.039632
481.78	2.0649	413.81	0.0024166	34.801	35.231	84.713	218.02	335.75	248.91	1.8885	5.8696e-05	0.079108	0.0013069	76.352	0.013097	46.930	49.261	113.83	221.17	322.49	126.37	21.669	1.3948e-05	0.039706
481.94	2.0700	413.38	0.0024191	34.850	35.281	84.816	218.11	336.34	248.02	1.9036	5.8575e-05	0.079082	0.0012965	76.633	0.013049	46.949	49.277	113.86	221.28	323.36	126.18	21.695	1.3968e-05	0.039781
482.10	2.0751	412.94	0.0024216	34.899	35.332	84.919	218.20	336.94	247.14	1.9189	5.8454e-05	0.079056	0.0012862	76.915	0.013001	46.968	49.293	113.88	221.39	324.24	125.99	21.722	1.3988e-05	0.039856
482.26	2.0801	412.51	0.0024242	34.948	35.382	85.021	218.28	337.54	246.25	1.9343	5.8334e-05	0.079030	0.0012759	77.198	0.012954	46.987	49.309	113.90	221.50	325.13	125.80	21.748	1.4008e-05	0.039931
482.42	2.0852	412.08	0.0024267	34.997	35.433	85.124	218.37	338.14	245.37	1.9498	5.8214e-05	0.079004	0.0012656	77.482	0.012906	47.006	49.325	113.92	221.61	326.03	125.61	21.774	1.4028e-05	0.040007
482.58	2.0903	411.64	0.0024293	35.046	35.483	85.226	218.45	338.76	244.49	1.9655	5.8094e-05	0.078979	0.0012554	77.766	0.012859	47.025	49.341	113.94	221.71	326.94	125.42	21.801	1.4048e-05	0.040083
482.73	2.0954	411.21	0.0024319	35.094	35.534	85.328	218.54	339.37	243.61	1.9814	5.7974e-05	0.078953	0.0012452	78.052	0.012812	47.043	49.357	113.96	221.82	327.85	125.23	21.828	1.4069e-05	0.040159
482.89	2.1004	410.77	0.0024344	35.143	35.584	85.430	218.63	340.00	242.72	1.9973	5.7854e-05	0.078927	0.0012351	78.339	0.012765	47.062	49.372	113.98	221.93	328.78	125.04	21.855	1.4089e-05	0.040236
483.05	2.1055	410.34	0.0024370	35.192	35.634	85.532	218.71	340.62	241.84	2.0135	5.7734e-05	0.078902	0.0012250	78.627	0.012718	47.080	49.388	114.00	222.04	329.71	124.85	21.882	1.4109e-05	0.040313
483.21	2.1106	409.90	0.0024396	35.241	35.685	85.634	218.80	341.26	240.96	2.0298	5.7615e-05	0.078877	0.0012149	78.916	0.012672	47.098	49.403	114.02	222.15	330.66	124.65	21.909	1.4130e-05	0.040390
483.37	2.1156	409.46	0.0024422	35.289	35.735	85.736	218.89	341.90	240.08	2.0462	5.7495e-05	0.078851	0.0012048	79.206	0.012625	47.117	49.418	114.04	222.26	331.61	124.46	21.937	1.4150e-05	0.040468
483.52	2.1207	409.02	0.0024449	35.338	35.785	85.838	218.98	342.55	239.20	2.0628	5.7376e-05	0.078826	0.0011948	79.497	0.012579	47.135	49.434	114.06	222.37	332.58	124.27	21.964	1.4171e-05	0.040546
483.68	2.1258	408.58	0.0024475	35.387	35.835	85.939	219.06	343.20	238.33	2.0796	5.7256e-05	0.078801	0.0011849	79.790	0.012533	47.153	49.449	114.08	222.48	333.55	124.08	21.992	1.4192e-05	0.040625
483.84	2.1309	408.14	0.0024501	35.435	35.885	86.040	219.15	343.86	237.45	2.0965	5.7137e-05	0.078777	0.0011749	80.083	0.012487	47.171	49.464	114.10	222.59	334.54	123.88	22.020	1.4213e-05	0.040704
483.99	2.1359	407.70	0.0024528	35.484	35.935	86.142	219.24	344.53	236.57	2.1136	5.7018e-05	0.078752	0.0011650	80.377	0.012441	47.188	49.479	114.12	222.70	335.53	123.69	22.048	1.4233e-05	0.040784
484.15	2.1410	407.26	0.0024555	35.532	35.985	86.243	219.33	345.20	235.70	2.1308	5.6899e-05	0.078727	0.0011552	80.673	0.012396	47.206	49.493	114.14	222.81	336.54	123.50	22.076	1.4254e-05	0.040863
484.30	2.1461	406.81	0.0024581	35.581	36.035	86.344	219.41	345.88	234.82	2.1482	5.6780e-05	0.078703	0.0011454	80.969	0.012350	47.224	49.508	114.16	222.91	337.55	123.30	22.104	1.4275e-05	0.040944
484.46	2.1512	406.37	0.0024608	35.629	36.085	86.445	219.50	346.57	233.94	2.1658	5.6661e-05	0.078678	0.0011356	81.267	0.012305	47.241	49.523	114.18	223.02	338.58	123.11	22.132	1.4296e-05	0.041024
484.61	2.1562	405.92	0.0024635	35.678	36.135	86.546	219.59	347.26	233.07	2.1836	5.6542e-05	0.078654	0.0011258	81.566	0.012260	47.259	49.537	114.20	223.13	339.62	122.91	22.161	1.4317e-05	0.041106
484.77	2.1613	405.48	0.0024662	35.726	36.185	86.647	219.68	347.97	232.20	2.2015	5.6424e-05	0.078630	0.0011161	81.866	0.012215	47.276	49.551	114.22	223.24	340.67	122.72	22.190	1.4339e-05	0.041187
484.92	2.1664	405.03	0.0024689	35.774	36.235	86.747	219.77	348.68	231.32	2.2196	5.6305e-05	0.078606	0.0011064	82.167	0.012170	47.294	49.566	114.24	223.35	341.73	122.53	22.219	1.4360e-05	0.041269
485.08	2.1715	404.58	0.0024717	35.823	36.285	86.848	219.86	349.39	230.45	2.2379	5.6187e-05	0.078582	0.0010967	82.469	0.012126	47.311	49.580	114.26	223.46	342.81	122.33	22.248	1.4381e-05	0.041352
485.23	2.1765	404.14	0.0024744	35.871	36.335	86.948	219.95	350.12	229.58	2.2564	5.6068e-05	0.078558	0.0010871	82.772	0.012081	47.328	49.594	114.27	223.57	343.89	122.13	22.277	1.4403e-05	0.041434
485.39	2.1816	403.69	0.0024772	35.919	36.385	87.049	220.04	350.85	228.71	2.2751	5.5950e-05	0.078534	0.0010775	83.077	0.012037	47.345	49.608	114.29	223.68	344.99	121.94	22.306	1.4424e-05	0.041518
485.54	2.1867	403.24	0.0024799	35.967	36.434	87.149	220.13	351.59	227.83	2.2940	5.5832e-05	0.078511	0.0010680	83.383	0.011993	47.362	49.622	114.31	223.79	346.10	121.74	22.336	1.4446e-05	0.041601
485.69	2.1918	402.78	0.0024827	36.015	36.484	87.249	220.22	352.33	226.96	2.3130	5.5713e-05	0.078487	0.0010585	83.690	0.011949	47.378	49.635	114.33	223.90	347.22	121.55	22.366	1.4467e-05	0.041686
485.84	2.1968	402.33	0.0024855	36.063	36.534	87.349	220.31	353.09	226.09	2.3323	5.5595e-05	0.078464	0.0010490	83.998	0.011905	47.395	49.649	114.34	224.01	348.36	121.35	22.395	1.4489e-05	0.041770
486.00	2.2019	401.88	0.0024883	36.111	36.584	87.449	220.40	353.85	225.22	2.3517	5.5477e-05	0.078441	0.0010396	84.307	0.011861	47.412	49.662	114.36	224.12	349.51	121.15	22.425	1.4511e-05	0.041856
486.15	2.2070	401.42	0.0024911	36.159	36.633	87.549	220.49	354.63	224.35	2.3713	5.5359e-05	0.078417	0.0010302	84.618	0.011818	47.428	49.676	114.38	224.23	350.67	120.96	22.456	1.4533e-05	0.041941
486.30	2.2120	400.97	0.0024940	36.207	36.683	87.649	220.58	355.41	223.48	2.3912	5.5241e-05	0.078395	0.0010208	84.930	0.011774	47.445	49.689	114.39	224.34	351.85	120.76	22.486	1.4555e-05	0.042027
486.45	2.2171	400.51	0.0024968	36.255	36.732	87.749	220.67	356.20	222.62	2.4112	5.5123e-05	0.078372	0.0010115	85.243	0.011731	47.461	49.702	114.41	224.45	353.04	120.56	22.516	1.4577e-05	0.042114
486.60	2.2222	400.05	0.0024997	36.303	36.782	87.848	220.76	357.00	221.75	2.4315	5.5005e-05	0.078349	0.0010022	85.558	0.011688	47.477	49.715	114.43	224.56	354.24	120.36	22.547	1.4599e-05	0.042201
486.75	2.2273	399.60	0.0025025	36.351	36.831	87.948	220.86	357.81	220.88	2.4520	5.4888e-05	0.078326	0.00099290	85.874	0.011645	47.493	49.728	114.44	224.67	355.46	120.16	22.578	1.4621e-05	0.042289
486.91	2.2323	399.14	0.0025054	36.399	36.881	88.047	220.95	358.62	220.01	2.4727	5.4770e-05	0.078304	0.00098367	86.191	0.011602	47.509	49.741	114.46	224.78	356.70	119.96	22.609	1.4644e-05	0.042377
487.06	2.2374	398.67	0.0025083	36.447	36.931	88.147	221.04	359.45	219.15	2.4936	5.4652e-05	0.078282	0.00097447	86.509	0.011559	47.525	49.754	114.48	224.88	357.95	119.77	22.640	1.4666e-05	0.042465
487.21	2.2425	398.21	0.0025112	36.495	36.980	88.246	221.13	360.29	218.28	2.5147	5.4535e-05	0.078260	0.00096530	86.829	0.011517	47.541	49.767	114.49	224.99	359.21	119.57	22.671	1.4688e-05	0.042554
487.36	2.2476	397.75	0.0025141	36.542	37.029	88.345	221.23	361.13	217.42	2.5361	5.4417e-05	0.078238	0.00095618	87.150	0.011474	47.557	49.779	114.51	225.10	360.49	119.37	22.702	1.4711e-05	0.042644
487.51	2.2526	397.29	0.0025171	36.590	37.079	88.444	221.32	361.99	216.55	2.5577	5.4299e-05	0.078216	0.00094708	87.473	0.011432	47.572	49.792	114.52	225.22	361.79	119.17	22.734	1.4734e-05	0.042734
487.65	2.2577	396.82	0.0025200	36.638	37.128	88.543	221.41	362.86	215.69	2.5795	5.4182e-05	0.078194	0.00093802	87.796	0.011390	47.588	49.804	114.54	225.33	363.10	118.97	22.766	1.4756e-05	0.042825
487.80	2.2628	396.35	0.0025230	36.686	37.178	88.642	221.51	363.73	214.82	2.6016	5.4064e-05	0.078173	0.00092900	88.122	0.011348	47.603	49.816	114.55	225.44	364.43	118.77	22.798	1.4779e-05	0.042916
487.95	2.2679	395.89	0.0025260	36.733	37.227	88.741	221.60	364.62	213.96	2.6239	5.3947e-05	0.078151	0.00092001	88.448	0.011306	47.618	49.828	114.57	225.55	365.77	118.57	22.830	1.4802e-05	0.043008
488.10	2.2729	395.42	0.0025290	36.781	37.276	88.840	221.69	365.52	213.09	2.6465	5.3830e-05	0.078130	0.00091105	88.777	0.011264	47.634	49.840	114.58	225.66	367.14	118.36	22.862	1.4825e-05	0.043101
488.25	2.2780	394.95	0.0025320	36.829	37.326	88.939	221.79	366.43	212.23	2.6693	5.3712e-05	0.078109	0.00090213	89.106	0.011223	47.649	49.852	114.59	225.77	368.52	118.16	22.894	1.4848e-05	0.043193
488.40	2.2831	394.48	0.0025350	36.876	37.375	89.038	221.88	367.35	211.37	2.6923	5.3595e-05	0.078088	0.00089324	89.437	0.011181	47.664	49.864	114.61	225.88	369.92	117.96	22.927	1.4872e-05	0.043287
488.54	2.2881	394.00	0.0025381	36.924	37.424	89.136	221.98	368.29	210.51	2.7157	5.3477e-05	0.078067	0.00088438	89.770	0.011140	47.679	49.875	114.62	225.99	371.34	117.76	22.959	1.4895e-05	0.043381
488.69	2.2932	393.53	0.0025411	36.971	37.473	89.235	222.07	369.23	209.64	2.7392	5.3360e-05	0.078047	0.00087556	90.104	0.011098	47.693	49.887	114.64	226.10	372.77	117.56	22.992	1.4919e-05	0.043476
488.84	2.2983	393.05	0.0025442	37.019	37.523	89.333	222.17	370.19	208.78	2.7631	5.3243e-05	0.078026	0.00086678	90.439	0.011057	47.708	49.898	114.65	226.21	374.23	117.35	23.025	1.4942e-05	0.043571
488.99	2.3034	392.58	0.0025473	37.066	37.572	89.432	222.26	371.16	207.92	2.7872	5.3126e-05	0.078006	0.00085803	90.776	0.011016	47.723	49.909	114.66	226.32	375.71	117.15	23.058	1.4966e-05	0.043667
489.13	2.3084	392.10	0.0025504	37.114	37.621	89.530	222.36	372.14	207.06	2.8116	5.3008e-05	0.077986	0.00084931	91.115	0.010975	47.737	49.920	114.67	226.43	377.20	116.95	23.092	1.4990e-05	0.043764
489.28	2.3135	391.62	0.0025535	37.161	37.670	89.628	222.46	373.14	206.20	2.8362	5.2891e-05	0.077966	0.00084063	91.455	0.010934	47.751	49.931	114.69	226.54	378.72	116.74	23.125	1.5013e-05	0.043861
489.43	2.3186	391.14	0.0025566	37.209	37.720	89.726	222.55	374.14	205.34	2.8612	5.2774e-05	0.077947	0.00083198	91.797	0.010894	47.766	49.942	114.70	226.65	380.26	116.54	23.159	1.5037e-05	0.043958
489.57	2.3237	390.66	0.0025598	37.256	37.769	89.825	222.65	375.17	204.48	2.8864	5.2656e-05	0.077927	0.00082336	92.140	0.010853	47.780	49.953	114.71	226.77	381.82	116.34	23.193	1.5062e-05	0.044057
489.72	2.3287	390.17	0.0025630	37.304	37.818	89.923	222.75	376.20	203.62	2.9120	5.2539e-05	0.077908	0.00081478	92.485	0.010813	47.794	49.964	114.72	226.88	383.40	116.13	23.227	1.5086e-05	0.044156
489.86	2.3338	389.69	0.0025661	37.351	37.867	90.021	222.85	377.25	202.76	2.9378	5.2422e-05	0.077889	0.00080623	92.832	0.010772	47.808	49.974	114.74	226.99	385.00	115.93	23.261	1.5110e-05	0.044256
490.01	2.3389	389.20	0.0025693	37.398	37.916	90.119	222.95	378.32	201.90	2.9640	5.2304e-05	0.077870	0.00079772	93.180	0.010732	47.821	49.985	114.75	227.10	386.63	115.72	23.295	1.5134e-05	0.044356
490.15	2.3440	388.72	0.0025726	37.446	37.965	90.217	223.04	379.39	201.04	2.9904	5.2187e-05	0.077851	0.00078924	93.530	0.010692	47.835	49.995	114.76	227.21	388.28	115.52	23.329	1.5159e-05	0.044457
490.30	2.3490	388.23	0.0025758	37.493	38.014	90.315	223.14	380.49	200.18	3.0172	5.2070e-05	0.077832	0.00078079	93.881	0.010652	47.849	50.005	114.77	227.32	389.95	115.31	23.364	1.5184e-05	0.044559
490.44	2.3541	387.74	0.0025791	37.540	38.063	90.412	223.24	381.60	199.33	3.0443	5.1952e-05	0.077814	0.00077238	94.235	0.010612	47.862	50.015	114.78	227.44	391.65	115.11	23.399	1.5209e-05	0.044661
490.58	2.3592	387.25	0.0025823	37.588	38.113	90.510	223.34	382.72	198.47	3.0717	5.1835e-05	0.077796	0.00076400	94.590	0.010572	47.876	50.025	114.79	227.55	393.37	114.90	23.433	1.5233e-05	0.044764
490.73	2.3643	386.75	0.0025856	37.635	38.162	90.608	223.44	383.86	197.61	3.0994	5.1718e-05	0.077778	0.00075566	94.947	0.010532	47.889	50.035	114.80	227.66	395.12	114.69	23.469	1.5258e-05	0.044868
490.87	2.3693	386.26	0.0025890	37.682	38.211	90.706	223.54	385.02	196.75	3.1275	5.1600e-05	0.077760	0.00074735	95.305	0.010493	47.902	50.044	114.81	227.77	396.89	114.49	23.504	1.5284e-05	0.044973
491.01	2.3744	385.76	0.0025923	37.729	38.260	90.803	223.64	386.20	195.90	3.1559	5.1483e-05	0.077743	0.00073907	95.666	0.010453	47.915	50.054	114.82	227.89	398.70	114.28	23.539	1.5309e-05	0.045078
491.16	2.3795	385.26	0.0025956	37.777	38.309	90.901	223.74	387.39	195.04	3.1847	5.1365e-05	0.077726	0.00073083	96.028	0.010414	47.928	50.063	114.83	228.00	400.52	114.07	23.575	1.5334e-05	0.045184
491.30	2.3845	384.76	0.0025990	37.824	38.358	90.999	223.84	388.60	194.18	3.2138	5.1248e-05	0.077709	0.00072262	96.392	0.010374	47.941	50.072	114.84	228.11	402.38	113.86	23.610	1.5360e-05	0.045291
491.44	2.3896	384.26	0.0026024	37.871	38.407	91.096	223.95	389.83	193.33	3.2433	5.1130e-05	0.077692	0.00071444	96.758	0.010335	47.953	50.081	114.85	228.23	404.27	113.65	23.646	1.5386e-05	0.045399
491.59	2.3947	383.76	0.0026058	37.918	38.456	91.194	224.05	391.07	192.47	3.2732	5.1013e-05	0.077676	0.00070630	97.126	0.010296	47.966	50.090	114.86	228.34	406.18	113.45	23.682	1.5411e-05	0.045507
491.73	2.3998	383.25	0.0026092	37.966	38.505	91.291	224.15	392.34	191.61	3.3034	5.0895e-05	0.077659	0.00069820	97.496	0.010257	47.978	50.099	114.87	228.45	408.13	113.24	23.718	1.5437e-05	0.045616
491.87	2.4048	382.75	0.0026127	38.013	38.554	91.389	224.25	393.62	190.76	3.3340	5.0777e-05	0.077643	0.00069012	97.868	0.010218	47.990	50.108	114.88	228.57	410.11	113.03	23.754	1.5464e-05	0.045726
492.01	2.4099	382.24	0.0026162	38.060	38.603	91.486	224.36	394.93	189.90	3.3650	5.0659e-05	0.077628	0.00068208	98.242	0.010179	48.003	50.117	114.89	228.68	412.12	112.82	23.791	1.5490e-05	0.045837
492.15	2.4150	381.73	0.0026197	38.107	38.652	91.583	224.46	396.25	189.05	3.3964	5.0541e-05	0.077612	0.00067408	98.617	0.010140	48.015	50.125	114.89	228.80	414.16	112.61	23.827	1.5516e-05	0.045949
492.29	2.4201	381.22	0.0026232	38.154	38.701	91.681	224.57	397.60	188.19	3.4282	5.0423e-05	0.077597	0.00066611	98.995	0.010102	48.027	50.133	114.90	228.91	416.23	112.40	23.864	1.5543e-05	0.046062
492.43	2.4251	380.70	0.0026267	38.202	38.750	91.778	224.67	398.97	187.33	3.4604	5.0305e-05	0.077582	0.00065817	99.375	0.010063	48.038	50.141	114.91	229.03	418.34	112.19	23.901	1.5569e-05	0.046175
492.57	2.4302	380.19	0.0026303	38.249	38.800	91.875	224.77	400.36	186.48	3.4931	5.0187e-05	0.077567	0.00065027	99.757	0.010024	48.050	50.149	114.92	229.14	420.49	111.98	23.938	1.5596e-05	0.046289
492.71	2.4353	379.67	0.0026339	38.296	38.849	91.973	224.88	401.77	185.62	3.5262	5.0069e-05	0.077553	0.00064240	100.14	0.0099859	48.062	50.157	114.92	229.26	422.67	111.76	23.975	1.5623e-05	0.046404
492.85	2.4404	379.15	0.0026375	38.343	38.898	92.070	224.99	403.21	184.77	3.5597	4.9951e-05	0.077539	0.00063456	100.53	0.0099475	48.073	50.165	114.93	229.37	424.88	111.55	24.012	1.5650e-05	0.046520
492.99	2.4454	378.63	0.0026411	38.390	38.947	92.167	225.09	404.67	183.91	3.5936	4.9833e-05	0.077525	0.00062676	100.92	0.0099093	48.084	50.172	114.94	229.49	427.14	111.34	24.049	1.5678e-05	0.046637
493.13	2.4505	378.10	0.0026448	38.437	38.996	92.264	225.20	406.15	183.06	3.6280	4.9714e-05	0.077512	0.00061899	101.31	0.0098710	48.095	50.180	114.94	229.60	429.43	111.13	24.087	1.5705e-05	0.046755
493.27	2.4556	377.58	0.0026485	38.485	39.045	92.362	225.31	407.66	182.20	3.6629	4.9596e-05	0.077498	0.00061126	101.70	0.0098329	48.106	50.187	114.95	229.72	431.77	110.92	24.125	1.5733e-05	0.046874
493.41	2.4606	377.05	0.0026522	38.532	39.094	92.459	225.41	409.20	181.35	3.6982	4.9477e-05	0.077486	0.00060356	102.09	0.0097949	48.117	50.194	114.96	229.83	434.14	110.70	24.162	1.5761e-05	0.046994
493.55	2.4657	376.52	0.0026559	38.579	39.143	92.556	225.52	410.76	180.50	3.7340	4.9358e-05	0.077473	0.00059589	102.49	0.0097569	48.128	50.201	114.96	229.95	436.56	110.49	24.200	1.5789e-05	0.047115
493.69	2.4708	375.99	0.0026596	38.626	39.192	92.653	225.63	412.35	179.64	3.7703	4.9240e-05	0.077461	0.00058826	102.89	0.0097190	48.139	50.208	114.97	230.07	439.02	110.28	24.238	1.5817e-05	0.047237
493.83	2.4759	375.46	0.0026634	38.673	39.242	92.750	225.74	413.97	178.79	3.8071	4.9121e-05	0.077449	0.00058066	103.29	0.0096811	48.149	50.215	114.97	230.18	441.53	110.06	24.277	1.5845e-05	0.047360
493.96	2.4809	374.92	0.0026672	38.720	39.291	92.848	225.85	415.62	177.93	3.8444	4.9001e-05	0.077438	0.00057310	103.70	0.0096433	48.160	50.221	114.98	230.30	444.08	109.85	24.315	1.5874e-05	0.047484
494.10	2.4860	374.38	0.0026711	38.768	39.340	92.945	225.96	417.29	177.08	3.8822	4.8882e-05	0.077427	0.00056557	104.11	0.0096056	48.170	50.228	114.98	230.42	446.68	109.63	24.353	1.5902e-05	0.047609
494.24	2.4911	373.84	0.0026749	38.815	39.389	93.042	226.07	419.00	176.22	3.9206	4.8763e-05	0.077416	0.00055808	104.52	0.0095680	48.180	50.234	114.98	230.54	449.32	109.42	24.392	1.5931e-05	0.047735
494.38	2.4962	373.30	0.0026788	38.862	39.438	93.139	226.18	420.74	175.37	3.9595	4.8643e-05	0.077406	0.00055061	104.93	0.0095304	48.190	50.240	114.99	230.66	452.02	109.20	24.431	1.5960e-05	0.047862
494.51	2.5012	372.76	0.0026827	38.909	39.488	93.236	226.30	422.51	174.51	3.9989	4.8524e-05	0.077396	0.00054319	105.34	0.0094929	48.200	50.246	114.99	230.77	454.77	108.99	24.469	1.5989e-05	0.047990
494.65	2.5063	372.21	0.0026867	38.957	39.537	93.334	226.41	424.32	173.66	4.0389	4.8404e-05	0.077387	0.00053580	105.76	0.0094554	48.209	50.251	114.99	230.89	457.57	108.77	24.508	1.6019e-05	0.048120
494.79	2.5114	371.66	0.0026906	39.004	39.586	93.431	226.52	426.16	172.80	4.0795	4.8284e-05	0.077378	0.00052844	106.18	0.0094181	48.219	50.257	115.00	231.01	460.42	108.56	24.547	1.6048e-05	0.048250
494.92	2.5165	371.11	0.0026946	39.051	39.635	93.528	226.63	428.03	171.95	4.1207	4.8164e-05	0.077369	0.00052112	106.60	0.0093807	48.228	50.262	115.00	231.13	463.33	108.34	24.586	1.6078e-05	0.048382
495.06	2.5215	370.55	0.0026987	39.098	39.685	93.626	226.75	429.94	171.09	4.1625	4.8044e-05	0.077361	0.00051383	107.03	0.0093434	48.237	50.267	115.00	231.25	466.30	108.12	24.626	1.6108e-05	0.048515
495.19	2.5266	369.99	0.0027027	39.146	39.734	93.723	226.86	431.89	170.24	4.2049	4.7923e-05	0.077353	0.00050657	107.46	0.0093062	48.246	50.272	115.00	231.37	469.33	107.90	24.665	1.6139e-05	0.048649
495.33	2.5317	369.43	0.0027068	39.193	39.784	93.820	226.98	433.88	169.38	4.2479	4.7803e-05	0.077346	0.00049936	107.89	0.0092690	48.255	50.277	115.01	231.49	472.42	107.69	24.704	1.6169e-05	0.048785
495.47	2.5368	368.87	0.0027110	39.240	39.833	93.918	227.09	435.90	168.53	4.2915	4.7682e-05	0.077339	0.00049217	108.32	0.0092319	48.264	50.282	115.01	231.61	475.57	107.47	24.744	1.6200e-05	0.048921
495.60	2.5418	368.31	0.0027151	39.288	39.882	94.015	227.21	437.97	167.67	4.3358	4.7561e-05	0.077333	0.00048502	108.76	0.0091948	48.272	50.287	115.01	231.74	478.79	107.25	24.783	1.6231e-05	0.049059
495.74	2.5469	367.74	0.0027193	39.335	39.932	94.112	227.33	440.08	166.82	4.3808	4.7440e-05	0.077327	0.00047791	109.20	0.0091578	48.281	50.291	115.01	231.86	482.08	107.03	24.823	1.6262e-05	0.049199
495.87	2.5520	367.17	0.0027235	39.382	39.981	94.210	227.45	442.24	165.96	4.4265	4.7318e-05	0.077322	0.00047083	109.64	0.0091208	48.289	50.295	115.01	231.98	485.43	106.81	24.863	1.6293e-05	0.049340
496.00	2.5570	366.60	0.0027278	39.430	40.031	94.307	227.57	444.44	165.11	4.4728	4.7197e-05	0.077317	0.00046378	110.08	0.0090839	48.297	50.299	115.01	232.10	488.85	106.59	24.903	1.6325e-05	0.049482
496.14	2.5621	366.02	0.0027321	39.477	40.081	94.405	227.68	446.68	164.25	4.5199	4.7075e-05	0.077313	0.00045677	110.53	0.0090470	48.305	50.303	115.01	232.23	492.35	106.37	24.943	1.6356e-05	0.049625
496.27	2.5672	365.44	0.0027364	39.525	40.130	94.503	227.80	448.98	163.40	4.5677	4.6953e-05	0.077310	0.00044980	110.99	0.0090101	48.313	50.306	115.01	232.35	495.93	106.15	24.982	1.6389e-05	0.049770
496.41	2.5723	364.86	0.0027408	39.572	40.180	94.600	227.93	451.32	162.54	4.6162	4.6831e-05	0.077307	0.00044286	111.44	0.0089733	48.321	50.310	115.01	232.47	499.58	105.93	25.023	1.6421e-05	0.049917
496.54	2.5773	364.27	0.0027452	39.620	40.230	94.698	228.05	453.72	161.68	4.6655	4.6708e-05	0.077305	0.00043596	111.90	0.0089365	48.328	50.313	115.01	232.60	503.32	105.71	25.063	1.6453e-05	0.050065
496.67	2.5824	363.68	0.0027496	39.667	40.279	94.796	228.17	456.17	160.83	4.7156	4.6585e-05	0.077303	0.00042909	112.36	0.0088998	48.335	50.316	115.00	232.72	507.14	105.49	25.103	1.6486e-05	0.050215
496.81	2.5875	363.09	0.0027541	39.715	40.329	94.894	228.29	458.68	159.97	4.7664	4.6462e-05	0.077302	0.00042225	112.83	0.0088631	48.342	50.319	115.00	232.85	511.05	105.27	25.143	1.6519e-05	0.050366
496.94	2.5926	362.50	0.0027586	39.763	40.379	94.992	228.42	461.24	159.11	4.8181	4.6339e-05	0.077302	0.00041546	113.30	0.0088264	48.349	50.321	115.00	232.97	515.05	105.04	25.183	1.6553e-05	0.050519
497.07	2.5976	361.90	0.0027632	39.810	40.429	95.090	228.54	463.86	158.26	4.8707	4.6216e-05	0.077302	0.00040870	113.77	0.0087897	48.356	50.324	115.00	233.10	519.14	104.82	25.223	1.6586e-05	0.050673
497.20	2.6027	361.30	0.0027678	39.858	40.479	95.188	228.66	466.55	157.40	4.9240	4.6092e-05	0.077303	0.00040197	114.25	0.0087531	48.363	50.326	114.99	233.23	523.32	104.60	25.264	1.6620e-05	0.050829
497.34	2.6078	360.69	0.0027724	39.906	40.529	95.286	228.79	469.30	156.54	4.9783	4.5968e-05	0.077305	0.00039528	114.73	0.0087165	48.369	50.328	114.99	233.35	527.61	104.38	25.304	1.6654e-05	0.050987
497.47	2.6129	360.09	0.0027771	39.954	40.579	95.384	228.92	472.11	155.68	5.0334	4.5843e-05	0.077308	0.00038863	115.21	0.0086799	48.375	50.330	114.98	233.48	532.00	104.15	25.344	1.6689e-05	0.051147
497.60	2.6179	359.47	0.0027818	40.002	40.629	95.482	229.05	475.00	154.83	5.0895	4.5718e-05	0.077311	0.00038201	115.70	0.0086433	48.381	50.331	114.98	233.61	536.50	103.93	25.384	1.6724e-05	0.051308
497.73	2.6230	358.86	0.0027866	40.049	40.679	95.581	229.17	477.95	153.97	5.1465	4.5593e-05	0.077315	0.00037543	116.19	0.0086068	48.387	50.332	114.97	233.74	541.11	103.70	25.425	1.6759e-05	0.051472
497.86	2.6281	358.24	0.0027914	40.097	40.730	95.679	229.30	480.98	153.11	5.2045	4.5468e-05	0.077320	0.00036888	116.68	0.0085702	48.393	50.333	114.97	233.87	545.84	103.48	25.465	1.6794e-05	0.051637
497.99	2.6331	357.62	0.0027963	40.145	40.780	95.778	229.43	484.09	152.25	5.2634	4.5342e-05	0.077326	0.00036238	117.18	0.0085337	48.398	50.334	114.96	234.00	550.69	103.25	25.505	1.6830e-05	0.051805
498.12	2.6382	356.99	0.0028012	40.194	40.830	95.877	229.56	487.27	151.39	5.3234	4.5216e-05	0.077333	0.00035590	117.69	0.0084972	48.403	50.335	114.96	234.13	555.66	103.03	25.545	1.6866e-05	0.051974
498.25	2.6433	356.36	0.0028062	40.242	40.881	95.976	229.70	490.54	150.53	5.3844	4.5090e-05	0.077341	0.00034947	118.19	0.0084607	48.408	50.335	114.95	234.26	560.76	102.80	25.585	1.6902e-05	0.052145
498.38	2.6484	355.72	0.0028112	40.290	40.931	96.074	229.83	493.90	149.67	5.4464	4.4963e-05	0.077350	0.00034307	118.71	0.0084242	48.413	50.335	114.94	234.39	566.00	102.58	25.625	1.6939e-05	0.052319
498.51	2.6534	355.09	0.0028162	40.338	40.982	96.174	229.96	497.34	148.81	5.5096	4.4836e-05	0.077359	0.00033671	119.22	0.0083876	48.417	50.335	114.94	234.53	571.38	102.35	25.665	1.6976e-05	0.052494
498.64	2.6585	354.44	0.0028213	40.386	41.033	96.273	230.10	500.88	147.95	5.5738	4.4708e-05	0.077370	0.00033039	119.74	0.0083511	48.422	50.335	114.93	234.66	576.90	102.12	25.705	1.7014e-05	0.052672
498.77	2.6636	353.80	0.0028265	40.435	41.084	96.372	230.23	504.52	147.09	5.6392	4.4580e-05	0.077382	0.00032410	120.27	0.0083146	48.426	50.334	114.92	234.79	582.58	101.90	25.745	1.7051e-05	0.052853
498.90	2.6687	353.14	0.0028317	40.483	41.134	96.472	230.37	508.26	146.22	5.7058	4.4451e-05	0.077395	0.00031786	120.80	0.0082781	48.430	50.334	114.91	234.93	588.41	101.67	25.785	1.7090e-05	0.053035
499.03	2.6737	352.49	0.0028370	40.532	41.185	96.571	230.51	512.10	145.36	5.7736	4.4323e-05	0.077409	0.00031165	121.34	0.0082416	48.434	50.332	114.90	235.06	594.41	101.44	25.825	1.7128e-05	0.053220
499.16	2.6788	351.83	0.0028423	40.580	41.236	96.671	230.65	516.06	144.50	5.8426	4.4193e-05	0.077424	0.00030547	121.88	0.0082050	48.437	50.331	114.89	235.20	600.58	101.21	25.864	1.7167e-05	0.053408
499.29	2.6839	351.16	0.0028477	40.629	41.288	96.771	230.79	520.13	143.64	5.9129	4.4063e-05	0.077441	0.00029934	122.42	0.0081684	48.440	50.329	114.88	235.34	606.93	100.98	25.903	1.7206e-05	0.053598
499.42	2.6890	350.49	0.0028532	40.678	41.339	96.871	230.93	524.33	142.77	5.9845	4.3933e-05	0.077459	0.00029324	122.97	0.0081319	48.443	50.327	114.87	235.48	613.47	100.75	25.943	1.7246e-05	0.053791
499.54	2.6940	349.81	0.0028587	40.727	41.390	96.972	231.07	528.65	141.91	6.0575	4.3802e-05	0.077478	0.00028719	123.53	0.0080953	48.446	50.325	114.86	235.62	620.21	100.52	25.982	1.7286e-05	0.053987
499.67	2.6991	349.13	0.0028642	40.775	41.442	97.072	231.22	533.10	141.04	6.1318	4.3671e-05	0.077499	0.00028117	124.09	0.0080586	48.448	50.323	114.85	235.76	627.15	100.29	26.020	1.7327e-05	0.054185
499.80	2.7042	348.45	0.0028699	40.824	41.493	97.173	231.36	537.69	140.18	6.2075	4.3539e-05	0.077521	0.00027519	124.66	0.0080219	48.451	50.320	114.83	235.90	634.31	100.06	26.059	1.7368e-05	0.054386
499.93	2.7092	347.75	0.0028756	40.874	41.545	97.274	231.51	542.43	139.31	6.2847	4.3407e-05	0.077544	0.00026925	125.23	0.0079852	48.452	50.317	114.82	236.04	641.69	99.832	26.097	1.7410e-05	0.054591
500.05	2.7143	347.06	0.0028814	40.923	41.597	97.375	231.66	547.32	138.44	6.3634	4.3274e-05	0.077569	0.00026335	125.81	0.0079485	48.454	50.313	114.81	236.18	649.31	99.601	26.136	1.7452e-05	0.054798
500.18	2.7194	346.35	0.0028872	40.972	41.649	97.476	231.81	552.37	137.58	6.4436	4.3140e-05	0.077596	0.00025749	126.39	0.0079117	48.456	50.310	114.79	236.32	657.17	99.369	26.173	1.7494e-05	0.055009
500.31	2.7245	345.64	0.0028931	41.022	41.701	97.578	231.96	557.59	136.71	6.5254	4.3006e-05	0.077624	0.00025167	126.99	0.0078749	48.457	50.306	114.78	236.47	665.29	99.137	26.211	1.7537e-05	0.055223
500.43	2.7295	344.93	0.0028991	41.071	41.753	97.680	232.11	562.99	135.84	6.6088	4.2871e-05	0.077654	0.00024589	127.58	0.0078380	48.458	50.301	114.76	236.61	673.69	98.905	26.248	1.7581e-05	0.055440
500.56	2.7346	344.21	0.0029052	41.121	41.805	97.782	232.26	568.57	134.97	6.6939	4.2736e-05	0.077686	0.00024015	128.19	0.0078011	48.458	50.296	114.74	236.76	682.37	98.672	26.285	1.7625e-05	0.055661
500.69	2.7397	343.48	0.0029114	41.171	41.858	97.884	232.42	574.35	134.10	6.7808	4.2600e-05	0.077720	0.00023445	128.80	0.0077641	48.458	50.291	114.73	236.91	691.35	98.439	26.322	1.7669e-05	0.055886
500.81	2.7448	342.75	0.0029176	41.221	41.911	97.987	232.57	580.34	133.23	6.8693	4.2463e-05	0.077756	0.00022880	129.42	0.0077270	48.458	50.286	114.71	237.06	700.64	98.205	26.358	1.7715e-05	0.056114
500.94	2.7498	342.01	0.0029239	41.271	41.963	98.090	232.73	586.54	132.36	6.9598	4.2325e-05	0.077794	0.00022318	130.04	0.0076899	48.458	50.280	114.69	237.21	710.27	97.971	26.394	1.7760e-05	0.056347
501.06	2.7549	341.26	0.0029303	41.321	42.016	98.193	232.89	592.98	131.49	7.0521	4.2187e-05	0.077834	0.00021761	130.67	0.0076527	48.457	50.274	114.67	237.36	720.25	97.737	26.429	1.7807e-05	0.056583
501.19	2.7600	340.50	0.0029368	41.371	42.070	98.297	233.05	599.65	130.61	7.1463	4.2048e-05	0.077876	0.00021207	131.31	0.0076154	48.456	50.268	114.65	237.51	730.61	97.502	26.464	1.7854e-05	0.056824
501.31	2.7651	339.74	0.0029434	41.422	42.123	98.400	233.21	606.59	129.74	7.2425	4.1908e-05	0.077920	0.00020658	131.96	0.0075781	48.455	50.261	114.63	237.67	741.35	97.267	26.499	1.7901e-05	0.057069
501.44	2.7701	338.97	0.0029501	41.472	42.176	98.505	233.38	613.80	128.87	7.3408	4.1767e-05	0.077967	0.00020114	132.62	0.0075406	48.453	50.253	114.61	237.82	752.51	97.031	26.532	1.7950e-05	0.057319
501.56	2.7752	338.20	0.0029569	41.523	42.230	98.609	233.54	621.29	127.99	7.4412	4.1626e-05	0.078017	0.00019573	133.28	0.0075031	48.451	50.246	114.59	237.98	764.10	96.795	26.566	1.7999e-05	0.057574
501.69	2.7803	337.41	0.0029638	41.574	42.284	98.714	233.71	629.10	127.12	7.5438	4.1483e-05	0.078069	0.00019037	133.95	0.0074654	48.449	50.237	114.57	238.13	776.16	96.559	26.598	1.8048e-05	0.057833
501.81	2.7854	336.62	0.0029707	41.625	42.338	98.819	233.88	637.22	126.24	7.6487	4.1340e-05	0.078124	0.00018506	134.63	0.0074276	48.446	50.229	114.54	238.29	788.71	96.322	26.630	1.8099e-05	0.058098
501.94	2.7904	335.81	0.0029779	41.677	42.393	98.925	234.05	645.70	125.36	7.7559	4.1196e-05	0.078181	0.00017979	135.32	0.0073897	48.443	50.220	114.52	238.46	801.79	96.085	26.662	1.8150e-05	0.058368
502.06	2.7955	335.00	0.0029851	41.728	42.447	99.031	234.23	654.54	124.49	7.8655	4.1050e-05	0.078242	0.00017456	136.02	0.0073517	48.439	50.210	114.49	238.62	815.42	95.847	26.693	1.8202e-05	0.058644
502.18	2.8006	334.18	0.0029924	41.780	42.502	99.138	234.40	663.78	123.61	7.9775	4.0904e-05	0.078306	0.00016938	136.73	0.0073136	48.435	50.200	114.47	238.78	829.64	95.609	26.722	1.8254e-05	0.058926
502.31	2.8056	333.35	0.0029999	41.832	42.557	99.245	234.58	673.44	122.73	8.0922	4.0756e-05	0.078373	0.00016424	137.45	0.0072753	48.431	50.190	114.44	238.95	844.49	95.370	26.751	1.8308e-05	0.059214
502.43	2.8107	332.51	0.0030074	41.884	42.612	99.352	234.76	683.55	121.85	8.2095	4.0608e-05	0.078444	0.00015915	138.18	0.0072368	48.426	50.179	114.41	239.12	860.02	95.131	26.780	1.8363e-05	0.059509
502.55	2.8158	331.66	0.0030152	41.936	42.668	99.460	234.95	694.13	120.97	8.3296	4.0458e-05	0.078518	0.00015411	138.92	0.0071983	48.421	50.167	114.38	239.28	876.26	94.892	26.807	1.8418e-05	0.059810
502.67	2.8209	330.80	0.0030230	41.989	42.724	99.569	235.13	705.24	120.08	8.4525	4.0307e-05	0.078596	0.00014912	139.67	0.0071595	48.415	50.155	114.35	239.46	893.28	94.652	26.833	1.8474e-05	0.060119
502.80	2.8259	329.92	0.0030310	42.042	42.780	99.678	235.32	716.90	119.20	8.5783	4.0155e-05	0.078679	0.00014417	140.44	0.0071205	48.409	50.143	114.32	239.63	911.12	94.412	26.858	1.8532e-05	0.060435
502.92	2.8310	329.04	0.0030392	42.095	42.837	99.788	235.51	729.16	118.32	8.7072	4.0001e-05	0.078765	0.00013927	141.21	0.0070814	48.402	50.129	114.29	239.80	929.84	94.171	26.883	1.8590e-05	0.060759
503.04	2.8361	328.14	0.0030475	42.149	42.893	99.898	235.71	742.06	117.43	8.8392	3.9846e-05	0.078856	0.00013442	142.00	0.0070421	48.394	50.116	114.26	239.98	949.53	93.930	26.905	1.8649e-05	0.061091
503.16	2.8412	327.23	0.0030559	42.202	42.951	100.01	235.90	755.65	116.55	8.9745	3.9690e-05	0.078952	0.00012962	142.81	0.0070025	48.387	50.101	114.22	240.16	970.23	93.688	26.927	1.8710e-05	0.061432
503.28	2.8462	326.31	0.0030646	42.256	43.008	100.12	236.10	770.00	115.66	9.1132	3.9532e-05	0.079052	0.00012487	143.62	0.0069628	48.378	50.086	114.18	240.34	992.05	93.446	26.947	1.8772e-05	0.061783
503.40	2.8513	325.37	0.0030734	42.311	43.066	100.23	236.31	785.16	114.77	9.2553	3.9372e-05	0.079158	0.00012018	144.45	0.0069227	48.369	50.070	114.15	240.53	1015.1	93.204	26.966	1.8835e-05	0.062143
503.52	2.8564	324.42	0.0030824	42.366	43.124	100.35	236.51	801.21	113.89	9.4011	3.9211e-05	0.079269	0.00011553	145.30	0.0068825	48.360	50.054	114.11	240.71	1039.4	92.961	26.984	1.8899e-05	0.062514
503.64	2.8615	323.46	0.0030916	42.421	43.183	100.46	236.72	818.22	113.00	9.5507	3.9048e-05	0.079387	0.00011094	146.16	0.0068419	48.350	50.037	114.07	240.90	1065.1	92.717	27.000	1.8964e-05	0.062895
503.77	2.8665	322.47	0.0031010	42.476	43.242	100.57	236.93	836.29	112.11	9.7042	3.8883e-05	0.079510	0.00010640	147.03	0.0068011	48.339	50.019	114.03	241.10	1092.4	92.473	27.014	1.9031e-05	0.063289
503.89	2.8716	321.48	0.0031107	42.532	43.302	100.69	237.15	855.51	111.22	9.8618	3.8716e-05	0.079641	0.00010192	147.93	0.0067600	48.327	50.000	113.98	241.29	1121.3	92.228	27.026	1.9100e-05	0.063695
504.01	2.8767	320.46	0.0031205	42.588	43.362	100.81	237.37	875.99	110.32	10.024	3.8547e-05	0.079778	9.7488e-05	148.84	0.0067185	48.315	49.980	113.94	241.49	1152.1	91.983	27.036	1.9170e-05	0.064115
504.12	2.8817	319.43	0.0031306	42.645	43.423	100.92	237.60	897.86	109.43	10.190	3.8376e-05	0.079924	9.3117e-05	149.77	0.0066767	48.302	49.960	113.89	241.69	1184.9	91.737	27.045	1.9242e-05	0.064549
504.24	2.8868	318.37	0.0031410	42.702	43.484	101.04	237.82	921.27	108.54	10.361	3.8203e-05	0.080077	8.8803e-05	150.73	0.0066346	48.288	49.939	113.84	241.89	1219.9	91.491	27.051	1.9315e-05	0.064998
504.36	2.8919	317.30	0.0031516	42.760	43.546	101.16	238.06	946.39	107.64	10.536	3.8027e-05	0.080240	8.4547e-05	151.70	0.0065920	48.273	49.916	113.79	242.10	1257.3	91.244	27.055	1.9390e-05	0.065464
504.48	2.8970	316.20	0.0031625	42.818	43.608	101.28	238.30	973.39	106.75	10.717	3.7848e-05	0.080412	8.0352e-05	152.69	0.0065490	48.258	49.893	113.74	242.31	1297.4	90.997	27.056	1.9468e-05	0.065948
504.60	2.9020	315.08	0.0031738	42.877	43.671	101.41	238.54	1002.5	105.85	10.902	3.7667e-05	0.080595	7.6219e-05	153.71	0.0065056	48.241	49.868	113.69	242.53	1340.6	90.749	27.054	1.9547e-05	0.066452
504.72	2.9071	313.94	0.0031853	42.937	43.735	101.53	238.79	1034.0	104.96	11.093	3.7483e-05	0.080789	7.2148e-05	154.76	0.0064617	48.224	49.843	113.63	242.75	1387.1	90.500	27.050	1.9629e-05	0.066976
504.84	2.9122	312.77	0.0031972	42.997	43.800	101.66	239.04	1068.1	104.06	11.290	3.7296e-05	0.080995	6.8141e-05	155.83	0.0064173	48.206	49.816	113.57	242.97	1437.3	90.250	27.042	1.9713e-05	0.067523
504.96	2.9173	311.57	0.0032095	43.058	43.865	101.78	239.30	1105.2	103.16	11.493	3.7106e-05	0.081216	6.4200e-05	156.93	0.0063723	48.186	49.788	113.51	243.20	1491.7	90.000	27.032	1.9799e-05	0.068095
505.07	2.9223	310.35	0.0032222	43.120	43.931	101.91	239.57	1145.6	102.26	11.702	3.6912e-05	0.081451	6.0327e-05	158.06	0.0063267	48.165	49.759	113.45	243.43	1550.9	89.749	27.017	1.9888e-05	0.068694
505.19	2.9274	309.09	0.0032353	43.182	43.998	102.04	239.84	1190.0	101.36	11.917	3.6714e-05	0.081703	5.6523e-05	159.22	0.0062805	48.143	49.728	113.38	243.67	1615.5	89.496	26.999	1.9981e-05	0.069323
505.31	2.9325	307.80	0.0032489	43.246	44.067	102.17	240.12	1238.8	100.46	12.139	3.6512e-05	0.081974	5.2791e-05	160.42	0.0062335	48.120	49.695	113.31	243.91	1686.3	89.243	26.977	2.0076e-05	0.069985
505.43	2.9376	306.47	0.0032630	43.310	44.136	102.31	240.41	1292.7	99.565	12.368	3.6306e-05	0.082266	4.9132e-05	161.66	0.0061858	48.095	49.661	113.24	244.16	1764.1	88.989	26.950	2.0175e-05	0.070684
505.54	2.9426	305.10	0.0032777	43.376	44.207	102.44	240.70	1352.5	98.665	12.605	3.6095e-05	0.082582	4.5549e-05	162.94	0.0061373	48.069	49.625	113.16	244.41	1850.0	88.734	26.918	2.0277e-05	0.071424
505.66	2.9477	303.68	0.0032929	43.442	44.279	102.58	241.01	1419.3	97.766	12.849	3.5879e-05	0.082925	4.2045e-05	164.26	0.0060879	48.041	49.587	113.08	244.67	1945.5	88.478	26.881	2.0384e-05	0.072209
505.78	2.9528	302.22	0.0033088	43.510	44.352	102.73	241.32	1494.2	96.866	13.102	3.5657e-05	0.083298	3.8623e-05	165.63	0.0060375	48.011	49.547	113.00	244.94	2052.0	88.220	26.838	2.0494e-05	0.073047
505.89	2.9579	300.71	0.0033255	43.580	44.427	102.87	241.64	1578.9	95.967	13.364	3.5428e-05	0.083707	3.5285e-05	167.06	0.0059860	47.979	49.505	112.91	245.22	2171.8	87.961	26.788	2.0610e-05	0.073943
506.01	2.9629	299.14	0.0033429	43.651	44.504	103.02	241.98	1675.3	95.068	13.635	3.5193e-05	0.084158	3.2035e-05	168.54	0.0059333	47.945	49.460	112.82	245.50	2307.2	87.700	26.732	2.0731e-05	0.074907
506.12	2.9680	297.50	0.0033613	43.723	44.583	103.17	242.33	1785.9	94.170	13.916	3.4950e-05	0.084658	2.8878e-05	170.09	0.0058793	47.909	49.413	112.72	245.79	2461.6	87.437	26.667	2.0859e-05	0.075948
506.24	2.9731	295.80	0.0033807	43.798	44.664	103.33	242.69	1914.1	93.273	14.208	3.4699e-05	0.085216	2.5817e-05	171.71	0.0058237	47.870	49.362	112.61	246.09	2639.2	87.172	26.595	2.0993e-05	0.077080
506.35	2.9781	294.01	0.0034013	43.875	44.748	103.49	243.06	2064.1	92.378	14.511	3.4438e-05	0.085843	2.2857e-05	173.42	0.0057665	47.828	49.308	112.50	246.40	2845.4	86.905	26.512	2.1134e-05	0.078319
506.47	2.9832	292.13	0.0034231	43.954	44.834	103.66	243.46	2241.8	91.485	14.826	3.4166e-05	0.086557	2.0005e-05	175.21	0.0057074	47.783	49.250	112.38	246.72	3087.7	86.634	26.419	2.1284e-05	0.079686
506.58	2.9883	290.15	0.0034465	44.037	44.924	103.84	243.87	2455.4	90.595	15.155	3.3882e-05	0.087376	1.7267e-05	177.12	0.0056460	47.733	49.187	112.25	247.06	3376.3	86.360	26.313	2.1445e-05	0.081207
506.70	2.9934	288.04	0.0034717	44.123	45.018	104.02	244.30	2716.4	89.708	15.498	3.3583e-05	0.088330	1.4650e-05	179.14	0.0055822	47.680	49.120	112.11	247.41	3725.4	86.082	26.193	2.1616e-05	0.082919
506.81	2.9984	285.79	0.0034990	44.212	45.117	104.21	244.76	3041.9	88.825	15.858	3.3267e-05	0.089458	1.2164e-05	181.31	0.0055153	47.621	49.046	111.96	247.77	4156.0	85.799	26.057	2.1802e-05	0.084871
506.92	3.0035	283.37	0.0035289	44.307	45.221	104.41	245.24	3457.8	87.948	16.235	3.2931e-05	0.090816	9.8200e-06	183.66	0.0054449	47.556	48.966	111.80	248.15	4699.5	85.510	25.902	2.2004e-05	0.087134
507.04	3.0086	280.74	0.0035620	44.408	45.332	104.63	245.76	4005.8	87.079	16.634	3.2570e-05	0.092490	7.6314e-06	186.21	0.0053703	47.484	48.876	111.62	248.55	5405.8	85.212	25.724	2.2226e-05	0.089809
507.15	3.0137	277.85	0.0035990	44.517	45.451	104.86	246.32	4756.7	86.220	17.056	3.2179e-05	0.094616	5.6155e-06	189.03	0.0052902	47.403	48.776	111.42	248.97	6358.7	84.905	25.517	2.2474e-05	0.093056
507.26	3.0187	274.62	0.0036414	44.635	45.582	105.12	246.92	5840.5	85.374	17.509	3.1749e-05	0.097423	3.7948e-06	192.19	0.0052033	47.309	48.663	111.19	249.42	7710.2	84.584	25.275	2.2756e-05	0.097138
507.37	3.0238	270.93	0.0036910	44.767	45.729	105.40	247.58	7524.0	84.547	17.999	3.1265e-05	0.10134	2.2004e-06	195.80	0.0051072	47.200	48.531	110.92	249.90	9766.6	84.244	24.986	2.3083e-05	0.10253
507.49	3.0289	266.57	0.0037513	44.919	45.898	105.73	248.33	10444.	83.748	18.542	3.0705e-05	0.10726	8.7747e-07	200.09	0.0049978	47.069	48.373	110.61	250.41	13248.	83.876	24.632	2.3476e-05	0.11022
507.60	3.0340	261.14	0.0038294	45.104	46.105	106.14	249.18	16562.	82.994	19.166	3.0022e-05	0.11752	-9.9882e-08	205.44	0.0048676	46.901	48.174	110.21	250.95	20325.	83.463	24.177	2.3978e-05	0.12268
507.71	3.0390	253.57	0.0039437	45.354	46.387	106.69	undefined	undefined	undefined	19.952	2.9102e-05	undefined	-5.8512e-07	212.91	0.0046968	46.664	47.894	109.66	undefined	undefined	undefined	23.531	2.4699e-05	undefined
507.82	3.0441	233.19	0.0042883	46.012	47.137	108.16	undefined	undefined	undefined	21.785	2.6788e-05	undefined	0.0000	233.19	0.0042883	46.012	47.137	108.16	undefined	undefined	undefined	21.785	2.6788e-05	undefined
