Temperature (K)	Pressure (MPa)	Density (l, kg/m3)	Volume (l, m3/kg)	Internal Energy (l, kJ/mol)	Enthalpy (l, kJ/mol)	Entropy (l, J/mol*K)	Cv (l, J/mol*K)	Cp (l, J/mol*K)	Sound Spd. (l, m/s)	Joule-Thomson (l, K/MPa)	Viscosity (l, Pa*s)	Therm. Cond. (l, W/m*K)	Surf. Tension (l, N/m)	Density (v, kg/m3)	Volume (v, m3/kg)	Internal Energy (v, kJ/mol)	Enthalpy (v, kJ/mol)	Entropy (v, J/mol*K)	Cv (v, J/mol*K)	Cp (v, J/mol*K)	Sound Spd. (v, m/s)	Joule-Thomson (v, K/MPa)	Viscosity (v, Pa*s)	Therm. Cond. (v, W/m*K)
187.69	0.023250	992.32	0.0010077	-1.7214	-1.7206	-8.5898	44.390	68.835	1437.9	-0.34040	undefined	undefined	0.033767	0.51186	1.9537	16.328	17.876	95.817	25.347	34.000	245.84	55.735	undefined	undefined
195.40	0.038211	979.31	0.0010211	-1.1925	-1.1912	-5.8284	43.525	68.448	1397.5	-0.33596	0.00042581	0.26294	0.032080	0.81091	1.2332	16.506	18.112	92.960	25.488	34.285	250.29	49.855	7.9937e-06	0.0085592
200.94	0.053172	969.85	0.0010311	-0.81412	-0.81225	-3.9187	42.945	68.241	1368.5	-0.33175	0.00037022	0.25636	0.030876	1.1007	0.90847	16.632	18.278	91.086	25.607	34.532	253.32	46.206	8.2279e-06	0.0088242
205.34	0.068134	962.28	0.0010392	-0.51447	-0.51206	-2.4435	42.508	68.119	1345.4	-0.32776	0.00033698	0.25115	0.029926	1.3842	0.72242	16.730	18.407	89.693	25.714	34.756	255.63	43.601	8.4159e-06	0.0090354
209.02	0.083095	955.89	0.0010461	-0.26400	-0.26103	-1.2344	42.158	68.044	1326.1	-0.32396	0.00031440	0.24680	0.029135	1.6629	0.60134	16.811	18.513	88.586	25.810	34.963	257.48	41.597	8.5747e-06	0.0092129
212.21	0.098056	950.32	0.0010523	-0.047407	-0.043891	-0.20596	41.865	68.001	1309.4	-0.32030	0.00029779	0.24308	0.028453	1.9378	0.51604	16.879	18.604	87.668	25.900	35.158	259.03	39.980	8.7130e-06	0.0093673
215.03	0.11302	945.36	0.0010578	0.14428	0.14835	0.69146	41.613	67.978	1294.6	-0.31678	0.00028489	0.23979	0.027851	2.2096	0.45258	16.939	18.683	86.884	25.984	35.343	260.36	38.632	8.8363e-06	0.0095046
217.58	0.12798	940.86	0.0010629	0.31682	0.32145	1.4892	41.393	67.971	1281.2	-0.31336	0.00027447	0.23683	0.027311	2.4786	0.40345	16.993	18.753	86.201	26.063	35.520	261.51	37.481	8.9479e-06	0.0096289
219.89	0.14294	936.73	0.0010675	0.47413	0.47933	2.2085	41.196	67.975	1269.0	-0.31004	0.00026581	0.23413	0.026821	2.7454	0.36424	17.041	18.815	85.595	26.139	35.690	262.54	36.481	9.0501e-06	0.0097428
222.03	0.15790	932.91	0.0010719	0.61902	0.62479	2.8644	41.020	67.987	1257.7	-0.30680	0.00025843	0.23166	0.026370	3.0102	0.33220	17.085	18.872	85.051	26.211	35.854	263.45	35.598	9.1446e-06	0.0098484
224.01	0.17286	929.34	0.0010760	0.75356	0.75990	3.4677	40.859	68.007	1247.3	-0.30363	0.00025202	0.22937	0.025953	3.2732	0.30551	17.125	18.925	84.557	26.280	36.014	264.28	34.810	9.2327e-06	0.0099469
225.86	0.18782	925.99	0.0010799	0.87932	0.88624	4.0270	40.712	68.033	1237.5	-0.30052	0.00024639	0.22724	0.025564	3.5347	0.28291	17.162	18.973	84.105	26.347	36.169	265.03	34.100	9.3153e-06	0.010040
227.61	0.20278	922.82	0.0010836	0.99756	1.0050	4.5485	40.576	68.063	1228.3	-0.29746	0.00024136	0.22523	0.025199	3.7947	0.26352	17.197	19.018	83.689	26.411	36.320	265.72	33.455	9.3932e-06	0.010127
229.25	0.21775	919.82	0.0010872	1.1092	1.1173	5.0376	40.450	68.098	1219.6	-0.29446	0.00023684	0.22335	0.024856	4.0535	0.24670	17.229	19.060	83.303	26.473	36.468	266.36	32.864	9.4669e-06	0.010211
230.81	0.23271	916.96	0.0010906	1.2152	1.2238	5.4982	40.333	68.135	1211.3	-0.29151	0.00023272	0.22157	0.024531	4.3111	0.23196	17.259	19.099	82.943	26.534	36.613	266.94	32.321	9.5370e-06	0.010290
232.29	0.24767	914.23	0.0010938	1.3160	1.3252	5.9338	40.222	68.176	1203.4	-0.28859	0.00022896	0.21988	0.024222	4.5676	0.21893	17.288	19.136	82.606	26.593	36.755	267.49	31.818	9.6039e-06	0.010366
233.71	0.26263	911.61	0.0010970	1.4123	1.4221	6.3471	40.119	68.218	1195.9	-0.28571	0.00022548	0.21827	0.023928	4.8232	0.20733	17.315	19.170	82.289	26.650	36.895	268.00	31.350	9.6678e-06	0.010440
235.06	0.27759	909.09	0.0011000	1.5045	1.5149	6.7406	40.021	68.263	1188.7	-0.28287	0.00022226	0.21673	0.023648	5.0779	0.19693	17.340	19.203	81.990	26.706	37.032	268.47	30.914	9.7292e-06	0.010510
236.36	0.29255	906.66	0.0011029	1.5930	1.6040	7.1161	39.929	68.310	1181.7	-0.28006	0.00021926	0.21526	0.023379	5.3318	0.18755	17.364	19.234	81.706	26.760	37.167	268.91	30.505	9.7881e-06	0.010578
237.61	0.30751	904.32	0.0011058	1.6781	1.6897	7.4755	39.841	68.359	1175.1	-0.27727	0.00021646	0.21385	0.023121	5.5850	0.17905	17.388	19.264	81.437	26.813	37.300	269.33	30.121	9.8449e-06	0.010644
238.82	0.32248	902.06	0.0011086	1.7602	1.7723	7.8201	39.757	68.409	1168.6	-0.27452	0.00021382	0.21250	0.022873	5.8374	0.17131	17.410	19.292	81.181	26.866	37.431	269.72	29.759	9.8998e-06	0.010709
239.98	0.33744	899.86	0.0011113	1.8394	1.8522	8.1512	39.678	68.460	1162.4	-0.27178	0.00021133	0.21119	0.022634	6.0892	0.16423	17.431	19.319	80.937	26.917	37.561	270.09	29.417	9.9528e-06	0.010771
241.11	0.35240	897.73	0.0011139	1.9161	1.9294	8.4700	39.602	68.512	1156.4	-0.26907	0.00020897	0.20993	0.022404	6.3404	0.15772	17.451	19.345	80.703	26.967	37.689	270.44	29.093	1.0004e-05	0.010832
242.19	0.36736	895.67	0.0011165	1.9903	2.0043	8.7773	39.529	68.566	1150.6	-0.26639	0.00020674	0.20872	0.022181	6.5910	0.15172	17.470	19.370	80.479	27.016	37.816	270.77	28.785	1.0054e-05	0.010891
243.25	0.38232	893.65	0.0011190	2.0623	2.0769	9.0742	39.459	68.620	1144.9	-0.26372	0.00020462	0.20754	0.021965	6.8411	0.14618	17.489	19.394	80.264	27.064	37.942	271.08	28.492	1.0102e-05	0.010949
244.27	0.39728	891.69	0.0011215	2.1323	2.1475	9.3613	39.392	68.676	1139.4	-0.26107	0.00020259	0.20640	0.021756	7.0907	0.14103	17.507	19.416	80.057	27.112	38.066	271.38	28.213	1.0149e-05	0.011006
245.27	0.41224	889.78	0.0011239	2.2003	2.2161	9.6393	39.328	68.732	1134.0	-0.25843	0.00020065	0.20530	0.021554	7.3399	0.13624	17.524	19.438	79.858	27.158	38.189	271.66	27.946	1.0195e-05	0.011061
246.24	0.42720	887.91	0.0011262	2.2665	2.2829	9.9089	39.265	68.789	1128.8	-0.25582	0.00019880	0.20422	0.021357	7.5886	0.13178	17.541	19.459	79.666	27.204	38.311	271.93	27.691	1.0239e-05	0.011116
247.18	0.44217	886.09	0.0011286	2.3310	2.3480	10.171	39.206	68.846	1123.7	-0.25321	0.00019702	0.20318	0.021165	7.8370	0.12760	17.557	19.480	79.480	27.250	38.432	272.18	27.446	1.0283e-05	0.011169
248.10	0.45713	884.31	0.0011308	2.3939	2.4116	10.425	39.148	68.904	1118.8	-0.25062	0.00019531	0.20217	0.020979	8.0850	0.12369	17.573	19.499	79.301	27.294	38.552	272.43	27.212	1.0325e-05	0.011221
248.99	0.47209	882.56	0.0011331	2.4554	2.4736	10.672	39.092	68.963	1113.9	-0.24805	0.00019367	0.20118	0.020798	8.3326	0.12001	17.588	19.518	79.127	27.338	38.671	272.66	26.987	1.0366e-05	0.011273
249.87	0.48705	880.85	0.0011353	2.5154	2.5342	10.913	39.038	69.023	1109.2	-0.24548	0.00019208	0.20022	0.020621	8.5800	0.11655	17.602	19.537	78.959	27.381	38.789	272.88	26.770	1.0407e-05	0.011324
250.72	0.50201	879.18	0.0011374	2.5741	2.5935	11.147	38.986	69.083	1104.6	-0.24293	0.00019055	0.19928	0.020448	8.8270	0.11329	17.616	19.554	78.795	27.424	38.906	273.09	26.561	1.0446e-05	0.011374
251.56	0.51697	877.53	0.0011396	2.6315	2.6516	11.376	38.935	69.143	1100.0	-0.24039	0.00018907	0.19836	0.020280	9.0737	0.11021	17.630	19.572	78.637	27.466	39.023	273.29	26.360	1.0485e-05	0.011423
252.38	0.53193	875.92	0.0011417	2.6877	2.7084	11.599	38.886	69.204	1095.6	-0.23785	0.00018764	0.19747	0.020115	9.3202	0.10729	17.643	19.588	78.483	27.508	39.139	273.48	26.166	1.0523e-05	0.011472
253.18	0.54689	874.34	0.0011437	2.7428	2.7641	11.817	38.839	69.265	1091.2	-0.23533	0.00018626	0.19660	0.019954	9.5665	0.10453	17.656	19.604	78.333	27.549	39.254	273.66	25.978	1.0560e-05	0.011520
253.96	0.56185	872.78	0.0011458	2.7967	2.8187	12.030	38.792	69.327	1087.0	-0.23282	0.00018492	0.19574	0.019796	9.8125	0.10191	17.668	19.620	78.187	27.590	39.369	273.84	25.797	1.0597e-05	0.011568
254.73	0.57682	871.25	0.0011478	2.8497	2.8723	12.239	38.747	69.389	1082.8	-0.23031	0.00018361	0.19491	0.019642	10.058	0.099420	17.681	19.635	78.045	27.630	39.483	274.01	25.621	1.0632e-05	0.011615
255.49	0.59178	869.75	0.0011498	2.9017	2.9248	12.443	38.703	69.451	1078.7	-0.22781	0.00018235	0.19409	0.019491	10.304	0.097050	17.692	19.650	77.906	27.670	39.597	274.17	25.451	1.0668e-05	0.011661
256.23	0.60674	868.26	0.0011517	2.9527	2.9765	12.642	38.661	69.514	1074.6	-0.22532	0.00018112	0.19329	0.019343	10.549	0.094792	17.704	19.664	77.771	27.709	39.710	274.32	25.287	1.0702e-05	0.011707
256.95	0.62170	866.81	0.0011537	3.0028	3.0272	12.838	38.619	69.577	1070.7	-0.22283	0.00017992	0.19250	0.019198	10.795	0.092638	17.715	19.678	77.639	27.748	39.822	274.47	25.127	1.0736e-05	0.011753
257.67	0.63666	865.37	0.0011556	3.0521	3.0771	13.029	38.579	69.641	1066.7	-0.22035	0.00017875	0.19173	0.019056	11.040	0.090581	17.726	19.691	77.510	27.786	39.934	274.61	24.972	1.0769e-05	0.011798
258.37	0.65162	863.95	0.0011575	3.1005	3.1262	13.217	38.540	69.705	1062.9	-0.21788	0.00017762	0.19098	0.018916	11.285	0.088615	17.737	19.705	77.383	27.824	40.046	274.74	24.821	1.0802e-05	0.011842
259.06	0.66658	862.56	0.0011593	3.1482	3.1745	13.402	38.501	69.769	1059.1	-0.21541	0.00017651	0.19024	0.018779	11.530	0.086733	17.747	19.717	77.260	27.862	40.157	274.87	24.675	1.0834e-05	0.011887
259.73	0.68155	861.18	0.0011612	3.1950	3.2220	13.583	38.464	69.833	1055.4	-0.21295	0.00017543	0.18951	0.018644	11.774	0.084930	17.757	19.730	77.139	27.899	40.268	275.00	24.532	1.0866e-05	0.011930
260.40	0.69651	859.83	0.0011630	3.2412	3.2688	13.760	38.427	69.898	1051.7	-0.21049	0.00017437	0.18879	0.018512	12.019	0.083202	17.767	19.742	77.021	27.936	40.378	275.12	24.393	1.0897e-05	0.011974
261.06	0.71147	858.49	0.0011648	3.2867	3.3149	13.935	38.391	69.963	1048.1	-0.20804	0.00017334	0.18809	0.018382	12.264	0.081543	17.777	19.754	76.905	27.973	40.488	275.23	24.258	1.0928e-05	0.012017
261.70	0.72643	857.16	0.0011666	3.3314	3.3603	14.106	38.356	70.028	1044.6	-0.20559	0.00017233	0.18740	0.018254	12.508	0.079949	17.786	19.765	76.792	28.009	40.598	275.34	24.127	1.0958e-05	0.012060
262.34	0.74139	855.86	0.0011684	3.3756	3.4051	14.275	38.322	70.094	1041.1	-0.20314	0.00017135	0.18672	0.018129	12.752	0.078417	17.795	19.776	76.681	28.045	40.707	275.44	23.999	1.0988e-05	0.012103
262.96	0.75635	854.57	0.0011702	3.4191	3.4492	14.441	38.289	70.160	1037.6	-0.20070	0.00017038	0.18606	0.018005	12.997	0.076943	17.804	19.787	76.572	28.080	40.816	275.54	23.874	1.1017e-05	0.012145
263.58	0.77131	853.29	0.0011719	3.4620	3.4928	14.604	38.256	70.226	1034.2	-0.19825	0.00016944	0.18540	0.017883	13.241	0.075524	17.813	19.798	76.464	28.116	40.925	275.64	23.752	1.1046e-05	0.012187
264.19	0.78627	852.03	0.0011737	3.5043	3.5357	14.764	38.224	70.292	1030.8	-0.19582	0.00016851	0.18475	0.017763	13.485	0.074156	17.821	19.809	76.359	28.151	41.034	275.73	23.633	1.1075e-05	0.012229
264.79	0.80123	850.79	0.0011754	3.5460	3.5781	14.922	38.193	70.359	1027.5	-0.19338	0.00016761	0.18412	0.017645	13.729	0.072837	17.830	19.819	76.256	28.186	41.142	275.82	23.516	1.1103e-05	0.012270
265.38	0.81620	849.56	0.0011771	3.5872	3.6200	15.078	38.162	70.425	1024.2	-0.19095	0.00016672	0.18349	0.017529	13.973	0.071565	17.838	19.829	76.155	28.220	41.250	275.90	23.403	1.1131e-05	0.012312
265.96	0.83116	848.34	0.0011788	3.6279	3.6613	15.231	38.132	70.493	1021.0	-0.18852	0.00016585	0.18287	0.017414	14.217	0.070336	17.846	19.838	76.055	28.254	41.358	275.98	23.292	1.1158e-05	0.012353
266.54	0.84612	847.14	0.0011804	3.6681	3.7021	15.382	38.103	70.560	1017.8	-0.18609	0.00016499	0.18227	0.017301	14.462	0.069149	17.854	19.848	75.957	28.288	41.465	276.06	23.183	1.1186e-05	0.012394
267.11	0.86108	845.94	0.0011821	3.7078	3.7424	15.531	38.074	70.627	1014.7	-0.18366	0.00016415	0.18167	0.017190	14.706	0.068001	17.861	19.857	75.860	28.322	41.573	276.13	23.077	1.1212e-05	0.012434
267.67	0.87604	844.76	0.0011838	3.7469	3.7823	15.678	38.045	70.695	1011.5	-0.18124	0.00016333	0.18108	0.017080	14.950	0.066891	17.869	19.866	75.765	28.355	41.680	276.20	22.973	1.1239e-05	0.012475
268.22	0.89100	843.60	0.0011854	3.7857	3.8217	15.823	38.018	70.763	1008.4	-0.17881	0.00016252	0.18050	0.016972	15.194	0.065817	17.876	19.875	75.672	28.388	41.787	276.27	22.871	1.1265e-05	0.012515
268.77	0.90596	842.44	0.0011870	3.8240	3.8606	15.965	37.990	70.831	1005.4	-0.17639	0.00016173	0.17992	0.016865	15.438	0.064776	17.883	19.883	75.580	28.421	41.894	276.34	22.771	1.1291e-05	0.012555
269.31	0.92093	841.30	0.0011886	3.8618	3.8991	16.106	37.964	70.900	1002.4	-0.17396	0.00016094	0.17936	0.016759	15.682	0.063768	17.890	19.892	75.490	28.454	42.001	276.40	22.674	1.1317e-05	0.012595
269.85	0.93589	840.16	0.0011902	3.8992	3.9372	16.245	37.937	70.969	999.40	-0.17154	0.00016018	0.17880	0.016655	15.926	0.062791	17.897	19.900	75.400	28.487	42.108	276.45	22.578	1.1342e-05	0.012635
270.37	0.95085	839.04	0.0011918	3.9362	3.9748	16.382	37.911	71.037	996.45	-0.16912	0.00015942	0.17824	0.016553	16.170	0.061843	17.904	19.908	75.313	28.519	42.214	276.51	22.484	1.1367e-05	0.012675
270.90	0.96581	837.92	0.0011934	3.9728	4.0121	16.518	37.886	71.107	993.53	-0.16670	0.00015868	0.17770	0.016451	16.414	0.060923	17.911	19.916	75.226	28.551	42.321	276.56	22.392	1.1392e-05	0.012715
271.41	0.98077	836.82	0.0011950	4.0090	4.0490	16.651	37.861	71.176	990.64	-0.16427	0.00015795	0.17716	0.016351	16.658	0.060030	17.917	19.924	75.141	28.583	42.427	276.61	22.302	1.1416e-05	0.012754
271.92	0.99573	835.73	0.0011966	4.0449	4.0855	16.784	37.837	71.246	987.78	-0.16185	0.00015723	0.17663	0.016252	16.903	0.059163	17.923	19.931	75.056	28.614	42.533	276.66	22.213	1.1440e-05	0.012794
272.43	1.0107	834.64	0.0011981	4.0803	4.1216	16.914	37.813	71.315	984.94	-0.15943	0.00015652	0.17611	0.016154	17.147	0.058320	17.930	19.939	74.973	28.646	42.640	276.71	22.126	1.1464e-05	0.012833
272.93	1.0257	833.57	0.0011997	4.1154	4.1574	17.043	37.789	71.385	982.14	-0.15701	0.00015582	0.17559	0.016058	17.391	0.057500	17.936	19.946	74.892	28.677	42.746	276.75	22.041	1.1488e-05	0.012872
273.42	1.0406	832.50	0.0012012	4.1502	4.1928	17.170	37.766	71.456	979.36	-0.15458	0.00015514	0.17508	0.015962	17.636	0.056704	17.942	19.953	74.811	28.708	42.852	276.79	21.957	1.1511e-05	0.012911
273.91	1.0556	831.44	0.0012027	4.1846	4.2279	17.296	37.743	71.526	976.61	-0.15216	0.00015446	0.17457	0.015868	17.880	0.055928	17.948	19.960	74.731	28.739	42.958	276.83	21.875	1.1535e-05	0.012950
274.39	1.0705	830.39	0.0012042	4.2187	4.2626	17.421	37.721	71.597	973.89	-0.14973	0.00015379	0.17407	0.015774	18.125	0.055174	17.953	19.966	74.652	28.770	43.064	276.86	21.794	1.1558e-05	0.012989
274.87	1.0855	829.35	0.0012058	4.2524	4.2970	17.544	37.699	71.667	971.19	-0.14731	0.00015314	0.17358	0.015682	18.369	0.054439	17.959	19.973	74.575	28.800	43.170	276.90	21.715	1.1580e-05	0.013027
275.34	1.1005	828.32	0.0012073	4.2859	4.3311	17.666	37.677	71.739	968.52	-0.14488	0.00015249	0.17309	0.015591	18.614	0.053724	17.965	19.979	74.498	28.831	43.276	276.93	21.637	1.1603e-05	0.013066
275.81	1.1154	827.29	0.0012088	4.3190	4.3649	17.786	37.655	71.810	965.87	-0.14245	0.00015185	0.17261	0.015501	18.858	0.053027	17.970	19.986	74.422	28.861	43.382	276.96	21.560	1.1625e-05	0.013105
276.28	1.1304	826.28	0.0012102	4.3518	4.3985	17.905	37.634	71.881	963.24	-0.14002	0.00015122	0.17213	0.015411	19.103	0.052347	17.975	19.992	74.347	28.891	43.488	276.99	21.484	1.1647e-05	0.013143
276.74	1.1453	825.27	0.0012117	4.3844	4.4317	18.023	37.614	71.953	960.64	-0.13759	0.00015060	0.17166	0.015323	19.348	0.051684	17.980	19.998	74.273	28.921	43.594	277.01	21.410	1.1669e-05	0.013182
277.19	1.1603	824.26	0.0012132	4.4166	4.4646	18.140	37.593	72.025	958.06	-0.13516	0.00014999	0.17119	0.015236	19.593	0.051038	17.986	20.004	74.200	28.950	43.700	277.04	21.337	1.1691e-05	0.013220
277.64	1.1753	823.27	0.0012147	4.4486	4.4972	18.255	37.573	72.097	955.50	-0.13273	0.00014938	0.17073	0.015149	19.838	0.050407	17.991	20.010	74.127	28.980	43.806	277.06	21.265	1.1713e-05	0.013258
278.09	1.1902	822.28	0.0012161	4.4803	4.5296	18.370	37.553	72.170	952.96	-0.13029	0.00014879	0.17027	0.015064	20.084	0.049792	17.996	20.015	74.056	29.009	43.912	277.08	21.195	1.1734e-05	0.013297
278.53	1.2052	821.30	0.0012176	4.5117	4.5617	18.483	37.534	72.242	950.44	-0.12785	0.00014820	0.16982	0.014979	20.329	0.049191	18.000	20.021	73.985	29.038	44.018	277.10	21.125	1.1755e-05	0.013335
278.97	1.2201	820.32	0.0012190	4.5429	4.5936	18.595	37.515	72.315	947.95	-0.12541	0.00014761	0.16937	0.014895	20.574	0.048604	18.005	20.026	73.915	29.067	44.124	277.11	21.056	1.1776e-05	0.013373
279.40	1.2351	819.35	0.0012205	4.5738	4.6252	18.706	37.496	72.388	945.47	-0.12297	0.00014704	0.16893	0.014812	20.820	0.048031	18.010	20.032	73.846	29.096	44.231	277.13	20.989	1.1797e-05	0.013411
279.84	1.2501	818.39	0.0012219	4.6044	4.6565	18.816	37.477	72.461	943.01	-0.12052	0.00014647	0.16849	0.014730	21.065	0.047471	18.014	20.037	73.777	29.125	44.337	277.14	20.922	1.1818e-05	0.013450
280.26	1.2650	817.44	0.0012233	4.6349	4.6876	18.924	37.459	72.535	940.58	-0.11808	0.00014591	0.16806	0.014648	21.311	0.046924	18.019	20.042	73.710	29.154	44.443	277.16	20.857	1.1838e-05	0.013488
280.69	1.2800	816.49	0.0012248	4.6650	4.7185	19.032	37.441	72.608	938.16	-0.11563	0.00014536	0.16763	0.014568	21.557	0.046388	18.023	20.047	73.643	29.182	44.550	277.17	20.792	1.1859e-05	0.013526
281.11	1.2950	815.54	0.0012262	4.6950	4.7491	19.139	37.423	72.682	935.76	-0.11318	0.00014481	0.16720	0.014488	21.803	0.045865	18.028	20.052	73.576	29.211	44.656	277.18	20.729	1.1879e-05	0.013564
281.52	1.3099	814.60	0.0012276	4.7247	4.7795	19.245	37.405	72.756	933.37	-0.11072	0.00014427	0.16678	0.014409	22.049	0.045353	18.032	20.057	73.511	29.239	44.763	277.18	20.666	1.1899e-05	0.013602
281.94	1.3249	813.67	0.0012290	4.7542	4.8097	19.350	37.388	72.831	931.01	-0.10826	0.00014373	0.16636	0.014330	22.296	0.044852	18.036	20.061	73.445	29.267	44.869	277.19	20.604	1.1919e-05	0.013640
282.35	1.3398	812.74	0.0012304	4.7834	4.8396	19.454	37.371	72.905	928.66	-0.10580	0.00014321	0.16595	0.014253	22.542	0.044362	18.040	20.066	73.381	29.295	44.976	277.20	20.543	1.1938e-05	0.013678
282.75	1.3548	811.82	0.0012318	4.8125	4.8694	19.557	37.354	72.980	926.33	-0.10334	0.00014268	0.16554	0.014176	22.788	0.043882	18.044	20.070	73.317	29.323	45.083	277.20	20.483	1.1958e-05	0.013716
283.15	1.3698	810.91	0.0012332	4.8413	4.8989	19.659	37.337	73.055	924.01	-0.10087	0.00014217	0.16513	0.014099	23.035	0.043412	18.048	20.075	73.254	29.350	45.190	277.20	20.424	1.1977e-05	0.013753
283.55	1.3847	810.00	0.0012346	4.8700	4.9282	19.760	37.321	73.131	921.72	-0.098403	0.00014166	0.16473	0.014024	23.282	0.042952	18.052	20.079	73.191	29.378	45.297	277.20	20.365	1.1997e-05	0.013791
283.95	1.3997	809.09	0.0012360	4.8984	4.9573	19.860	37.305	73.206	919.43	-0.095930	0.00014115	0.16433	0.013949	23.529	0.042501	18.056	20.083	73.129	29.406	45.404	277.20	20.308	1.2016e-05	0.013829
284.34	1.4146	808.19	0.0012373	4.9266	4.9863	19.960	37.289	73.282	917.17	-0.093454	0.00014065	0.16393	0.013874	23.776	0.042059	18.059	20.087	73.068	29.433	45.511	277.20	20.251	1.2035e-05	0.013867
284.73	1.4296	807.29	0.0012387	4.9546	5.0150	20.059	37.273	73.358	914.92	-0.090975	0.00014016	0.16354	0.013801	24.023	0.041626	18.063	20.091	73.007	29.460	45.618	277.20	20.195	1.2054e-05	0.013905
285.12	1.4446	806.40	0.0012401	4.9825	5.0435	20.157	37.258	73.434	912.68	-0.088492	0.00013967	0.16315	0.013728	24.271	0.041202	18.067	20.095	72.947	29.487	45.726	277.20	20.139	1.2072e-05	0.013943
285.51	1.4595	805.52	0.0012414	5.0101	5.0719	20.254	37.242	73.510	910.46	-0.086005	0.00013918	0.16277	0.013655	24.519	0.040786	18.070	20.099	72.887	29.514	45.834	277.19	20.084	1.2091e-05	0.013981
285.89	1.4745	804.64	0.0012428	5.0376	5.1000	20.350	37.227	73.587	908.25	-0.083515	0.00013870	0.16239	0.013584	24.766	0.040377	18.074	20.103	72.828	29.541	45.941	277.18	20.030	1.2110e-05	0.014019
286.27	1.4895	803.76	0.0012442	5.0649	5.1280	20.446	37.212	73.664	906.06	-0.081021	0.00013823	0.16201	0.013512	25.014	0.039977	18.077	20.106	72.769	29.568	46.049	277.18	19.977	1.2128e-05	0.014057
286.64	1.5044	802.89	0.0012455	5.0920	5.1558	20.541	37.198	73.741	903.88	-0.078524	0.00013776	0.16163	0.013442	25.262	0.039585	18.080	20.110	72.710	29.595	46.158	277.17	19.924	1.2146e-05	0.014095
287.02	1.5194	802.02	0.0012469	5.1189	5.1835	20.635	37.183	73.818	901.71	-0.076022	0.00013730	0.16126	0.013372	25.511	0.039199	18.084	20.113	72.653	29.622	46.266	277.16	19.872	1.2164e-05	0.014133
287.39	1.5343	801.16	0.0012482	5.1456	5.2109	20.728	37.169	73.896	899.56	-0.073517	0.00013684	0.16089	0.013302	25.759	0.038821	18.087	20.117	72.595	29.648	46.374	277.15	19.821	1.2182e-05	0.014171
287.76	1.5493	800.30	0.0012495	5.1722	5.2382	20.821	37.154	73.974	897.42	-0.071007	0.00013638	0.16052	0.013233	26.008	0.038450	18.090	20.120	72.538	29.675	46.483	277.14	19.770	1.2200e-05	0.014208
288.12	1.5643	799.44	0.0012509	5.1987	5.2653	20.913	37.141	74.052	895.30	-0.068494	0.00013593	0.16016	0.013165	26.257	0.038086	18.093	20.123	72.482	29.701	46.592	277.13	19.720	1.2218e-05	0.014246
288.48	1.5792	798.59	0.0012522	5.2249	5.2923	21.004	37.127	74.130	893.19	-0.065976	0.00013548	0.15980	0.013097	26.506	0.037728	18.096	20.127	72.426	29.727	46.701	277.11	19.670	1.2236e-05	0.014284
288.84	1.5942	797.74	0.0012535	5.2510	5.3191	21.095	37.113	74.209	891.09	-0.063454	0.00013504	0.15944	0.013030	26.755	0.037376	18.099	20.130	72.370	29.753	46.810	277.10	19.621	1.2253e-05	0.014322
289.20	1.6091	796.90	0.0012549	5.2769	5.3458	21.185	37.100	74.288	889.00	-0.060928	0.00013460	0.15909	0.012963	27.004	0.037031	18.102	20.133	72.315	29.779	46.919	277.08	19.573	1.2270e-05	0.014360
289.56	1.6241	796.06	0.0012562	5.3027	5.3723	21.274	37.086	74.367	886.92	-0.058397	0.00013417	0.15873	0.012897	27.254	0.036692	18.105	20.136	72.260	29.805	47.029	277.07	19.525	1.2288e-05	0.014398
289.91	1.6391	795.22	0.0012575	5.3284	5.3986	21.363	37.073	74.446	884.86	-0.055862	0.00013374	0.15838	0.012831	27.504	0.036359	18.108	20.139	72.206	29.831	47.138	277.05	19.477	1.2305e-05	0.014437
290.26	1.6540	794.39	0.0012588	5.3538	5.4248	21.451	37.060	74.525	882.81	-0.053322	0.00013331	0.15804	0.012765	27.753	0.036032	18.110	20.141	72.152	29.857	47.248	277.03	19.431	1.2322e-05	0.014475
290.61	1.6690	793.57	0.0012601	5.3792	5.4508	21.538	37.047	74.605	880.77	-0.050778	0.00013289	0.15769	0.012701	28.004	0.035710	18.113	20.144	72.099	29.883	47.359	277.01	19.384	1.2339e-05	0.014513
290.96	1.6839	792.74	0.0012614	5.4044	5.4767	21.625	37.035	74.685	878.74	-0.048229	0.00013247	0.15735	0.012636	28.254	0.035393	18.116	20.147	72.046	29.908	47.469	276.99	19.339	1.2356e-05	0.014551
291.30	1.6989	791.92	0.0012628	5.4294	5.5025	21.712	37.022	74.766	876.72	-0.045675	0.00013206	0.15701	0.012572	28.505	0.035082	18.118	20.149	71.993	29.934	47.579	276.97	19.293	1.2373e-05	0.014589
291.64	1.7139	791.10	0.0012641	5.4543	5.5281	21.797	37.010	74.846	874.71	-0.043117	0.00013165	0.15668	0.012509	28.755	0.034776	18.121	20.152	71.941	29.959	47.690	276.95	19.249	1.2390e-05	0.014627
291.98	1.7288	790.29	0.0012654	5.4791	5.5536	21.882	36.998	74.927	872.72	-0.040554	0.00013124	0.15634	0.012446	29.006	0.034475	18.123	20.155	71.889	29.985	47.801	276.93	19.204	1.2406e-05	0.014666
292.32	1.7438	789.48	0.0012667	5.5037	5.5790	21.967	36.986	75.008	870.73	-0.037985	0.00013083	0.15601	0.012384	29.258	0.034179	18.126	20.157	71.837	30.010	47.913	276.90	19.160	1.2423e-05	0.014704
292.66	1.7588	788.67	0.0012680	5.5282	5.6042	22.051	36.974	75.090	868.76	-0.035412	0.00013043	0.15568	0.012321	29.509	0.033888	18.128	20.159	71.786	30.035	48.024	276.88	19.117	1.2439e-05	0.014742
292.99	1.7737	787.87	0.0012692	5.5525	5.6293	22.134	36.962	75.171	866.79	-0.032834	0.00013004	0.15535	0.012260	29.761	0.033602	18.130	20.162	71.735	30.060	48.136	276.86	19.074	1.2456e-05	0.014781
293.32	1.7887	787.07	0.0012705	5.5768	5.6542	22.217	36.950	75.253	864.84	-0.030251	0.00012964	0.15503	0.012199	30.012	0.033320	18.133	20.164	71.684	30.085	48.248	276.83	19.032	1.2472e-05	0.014819
293.65	1.8036	786.27	0.0012718	5.6009	5.6791	22.300	36.939	75.335	862.90	-0.027662	0.00012925	0.15470	0.012138	30.264	0.033042	18.135	20.166	71.634	30.110	48.360	276.80	18.990	1.2488e-05	0.014857
293.98	1.8186	785.47	0.0012731	5.6249	5.7038	22.382	36.928	75.418	860.96	-0.025068	0.00012887	0.15438	0.012077	30.517	0.032769	18.137	20.168	71.584	30.135	48.473	276.78	18.948	1.2504e-05	0.014896
294.30	1.8336	784.68	0.0012744	5.6487	5.7284	22.463	36.916	75.501	859.04	-0.022469	0.00012848	0.15407	0.012018	30.769	0.032500	18.139	20.170	71.534	30.160	48.585	276.75	18.907	1.2520e-05	0.014934
294.63	1.8485	783.89	0.0012757	5.6724	5.7528	22.544	36.905	75.583	857.12	-0.019864	0.00012810	0.15375	0.011958	31.022	0.032235	18.141	20.172	71.485	30.185	48.698	276.72	18.866	1.2536e-05	0.014973
294.95	1.8635	783.11	0.0012770	5.6961	5.7772	22.624	36.895	75.667	855.22	-0.017254	0.00012772	0.15344	0.011899	31.275	0.031975	18.143	20.174	71.436	30.210	48.812	276.69	18.826	1.2552e-05	0.015012
295.27	1.8784	782.33	0.0012782	5.7195	5.8014	22.704	36.884	75.750	853.32	-0.014639	0.00012735	0.15312	0.011840	31.528	0.031718	18.145	20.176	71.387	30.234	48.925	276.66	18.786	1.2568e-05	0.015050
295.58	1.8934	781.55	0.0012795	5.7429	5.8255	22.784	36.873	75.834	851.44	-0.012018	0.00012698	0.15281	0.011782	31.782	0.031465	18.147	20.178	71.339	30.259	49.039	276.63	18.746	1.2584e-05	0.015089
295.90	1.9084	780.77	0.0012808	5.7662	5.8495	22.863	36.862	75.918	849.56	-0.0093909	0.00012661	0.15251	0.011724	32.035	0.031216	18.149	20.180	71.291	30.283	49.153	276.60	18.707	1.2599e-05	0.015128
296.22	1.9233	780.00	0.0012821	5.7893	5.8734	22.941	36.852	76.003	847.69	-0.0067585	0.00012624	0.15220	0.011666	32.289	0.030970	18.151	20.181	71.243	30.308	49.267	276.57	18.668	1.2615e-05	0.015167
296.53	1.9383	779.23	0.0012833	5.8124	5.8971	23.019	36.842	76.087	845.83	-0.0041203	0.00012588	0.15190	0.011609	32.543	0.030728	18.153	20.183	71.196	30.332	49.382	276.54	18.630	1.2630e-05	0.015206
296.84	1.9533	778.46	0.0012846	5.8353	5.9208	23.097	36.832	76.172	843.98	-0.0014763	0.00012552	0.15160	0.011552	32.798	0.030490	18.155	20.184	71.149	30.357	49.497	276.50	18.592	1.2646e-05	0.015245
297.15	1.9682	777.69	0.0012859	5.8581	5.9444	23.174	36.821	76.257	842.13	0.0011735	0.00012516	0.15130	0.011496	33.052	0.030255	18.157	20.186	71.102	30.381	49.612	276.47	18.554	1.2661e-05	0.015284
297.45	1.9832	776.93	0.0012871	5.8808	5.9678	23.250	36.812	76.343	840.30	0.0038293	0.00012481	0.15100	0.011439	33.307	0.030024	18.158	20.188	71.055	30.405	49.728	276.44	18.516	1.2676e-05	0.015323
297.76	1.9981	776.17	0.0012884	5.9034	5.9911	23.327	36.802	76.429	838.47	0.0064912	0.00012445	0.15070	0.011384	33.562	0.029795	18.160	20.189	71.009	30.429	49.844	276.40	18.479	1.2692e-05	0.015362
298.06	2.0131	775.41	0.0012896	5.9259	6.0144	23.402	36.792	76.515	836.66	0.0091590	0.00012410	0.15041	0.011328	33.818	0.029570	18.162	20.190	70.962	30.453	49.960	276.37	18.443	1.2707e-05	0.015401
298.37	2.0281	774.65	0.0012909	5.9483	6.0375	23.478	36.782	76.601	834.85	0.011833	0.00012376	0.15012	0.011273	34.073	0.029348	18.163	20.192	70.917	30.477	50.077	276.33	18.406	1.2722e-05	0.015440
298.67	2.0430	773.90	0.0012922	5.9706	6.0606	23.553	36.773	76.688	833.05	0.014513	0.00012341	0.14982	0.011218	34.329	0.029130	18.165	20.193	70.871	30.501	50.193	276.29	18.370	1.2737e-05	0.015479
298.97	2.0580	773.15	0.0012934	5.9928	6.0835	23.627	36.764	76.775	831.25	0.017200	0.00012307	0.14954	0.011164	34.585	0.028914	18.166	20.194	70.825	30.525	50.311	276.26	18.335	1.2752e-05	0.015519
299.26	2.0729	772.40	0.0012947	6.0149	6.1063	23.701	36.754	76.862	829.47	0.019892	0.00012273	0.14925	0.011110	34.842	0.028701	18.168	20.195	70.780	30.549	50.428	276.22	18.299	1.2766e-05	0.015558
299.56	2.0879	771.66	0.0012959	6.0369	6.1291	23.775	36.745	76.950	827.69	0.022591	0.00012239	0.14896	0.011056	35.098	0.028491	18.169	20.197	70.735	30.573	50.546	276.18	18.264	1.2781e-05	0.015598
299.86	2.1029	770.91	0.0012972	6.0588	6.1517	23.848	36.736	77.038	825.92	0.025297	0.00012206	0.14868	0.011003	35.355	0.028284	18.171	20.198	70.691	30.596	50.664	276.14	18.229	1.2796e-05	0.015637
300.15	2.1178	770.17	0.0012984	6.0806	6.1743	23.921	36.727	77.126	824.15	0.028009	0.00012173	0.14840	0.010949	35.613	0.028080	18.172	20.199	70.646	30.620	50.783	276.10	18.195	1.2811e-05	0.015677
300.44	2.1328	769.43	0.0012997	6.1023	6.1968	23.994	36.718	77.215	822.40	0.030727	0.00012140	0.14812	0.010897	35.870	0.027878	18.173	20.200	70.602	30.644	50.901	276.06	18.160	1.2825e-05	0.015716
300.73	2.1477	768.69	0.0013009	6.1239	6.2191	24.066	36.709	77.304	820.65	0.033452	0.00012107	0.14784	0.010844	36.128	0.027680	18.175	20.201	70.558	30.667	51.021	276.02	18.127	1.2840e-05	0.015756
301.02	2.1627	767.96	0.0013022	6.1454	6.2414	24.138	36.701	77.393	818.91	0.036184	0.00012075	0.14756	0.010792	36.386	0.027483	18.176	20.202	70.514	30.691	51.140	275.98	18.093	1.2854e-05	0.015796
301.31	2.1777	767.23	0.0013034	6.1669	6.2636	24.210	36.692	77.482	817.17	0.038923	0.00012042	0.14729	0.010740	36.644	0.027290	18.177	20.202	70.471	30.714	51.260	275.94	18.060	1.2869e-05	0.015836
301.59	2.1926	766.50	0.0013046	6.1882	6.2857	24.281	36.684	77.572	815.44	0.041668	0.00012010	0.14701	0.010689	36.903	0.027098	18.178	20.203	70.428	30.738	51.380	275.90	18.026	1.2883e-05	0.015876
301.88	2.2076	765.77	0.0013059	6.2095	6.3077	24.351	36.675	77.662	813.72	0.044420	0.00011978	0.14674	0.010637	37.162	0.026910	18.179	20.204	70.385	30.761	51.501	275.85	17.994	1.2897e-05	0.015916
302.16	2.2226	765.04	0.0013071	6.2306	6.3296	24.422	36.667	77.753	812.01	0.047179	0.00011947	0.14647	0.010586	37.421	0.026723	18.180	20.205	70.342	30.784	51.622	275.81	17.961	1.2912e-05	0.015956
302.44	2.2375	764.32	0.0013084	6.2517	6.3515	24.492	36.659	77.844	810.30	0.049945	0.00011915	0.14620	0.010536	37.680	0.026539	18.182	20.205	70.299	30.808	51.743	275.77	17.929	1.2926e-05	0.015996
302.72	2.2525	763.59	0.0013096	6.2727	6.3733	24.562	36.651	77.935	808.60	0.052718	0.00011884	0.14593	0.010485	37.940	0.026358	18.183	20.206	70.256	30.831	51.865	275.72	17.897	1.2940e-05	0.016036
303.00	2.2674	762.87	0.0013108	6.2936	6.3949	24.631	36.643	78.026	806.91	0.055498	0.00011853	0.14567	0.010435	38.200	0.026178	18.184	20.207	70.214	30.854	51.987	275.68	17.865	1.2954e-05	0.016077
303.28	2.2824	762.16	0.0013121	6.3145	6.4165	24.700	36.635	78.118	805.22	0.058285	0.00011822	0.14540	0.010385	38.460	0.026001	18.185	20.207	70.172	30.877	52.110	275.63	17.833	1.2968e-05	0.016117
303.55	2.2974	761.44	0.0013133	6.3352	6.4381	24.769	36.627	78.210	803.54	0.061079	0.00011791	0.14514	0.010336	38.721	0.025826	18.186	20.208	70.130	30.900	52.233	275.59	17.802	1.2982e-05	0.016157
303.83	2.3123	760.73	0.0013145	6.3559	6.4595	24.837	36.620	78.303	801.87	0.063881	0.00011761	0.14488	0.010286	38.981	0.025653	18.186	20.208	70.088	30.923	52.356	275.54	17.771	1.2996e-05	0.016198
304.10	2.3273	760.01	0.0013158	6.3765	6.4809	24.905	36.612	78.396	800.20	0.066689	0.00011731	0.14462	0.010237	39.243	0.025483	18.187	20.208	70.047	30.946	52.480	275.49	17.740	1.3010e-05	0.016239
304.37	2.3422	759.30	0.0013170	6.3970	6.5021	24.973	36.605	78.489	798.54	0.069506	0.00011701	0.14436	0.010188	39.504	0.025314	18.188	20.209	70.006	30.969	52.604	275.45	17.710	1.3024e-05	0.016279
304.64	2.3572	758.59	0.0013182	6.4174	6.5233	25.040	36.597	78.582	796.88	0.072329	0.00011671	0.14410	0.010140	39.766	0.025147	18.189	20.209	69.964	30.992	52.729	275.40	17.679	1.3038e-05	0.016320
304.91	2.3722	757.89	0.0013195	6.4378	6.5445	25.108	36.590	78.676	795.23	0.075160	0.00011641	0.14384	0.010092	40.028	0.024983	18.190	20.209	69.924	31.015	52.854	275.35	17.649	1.3051e-05	0.016361
305.18	2.3871	757.18	0.0013207	6.4581	6.5655	25.174	36.582	78.771	793.59	0.077999	0.00011612	0.14359	0.010044	40.290	0.024820	18.191	20.210	69.883	31.038	52.979	275.31	17.619	1.3065e-05	0.016402
305.45	2.4021	756.48	0.0013219	6.4783	6.5865	25.241	36.575	78.865	791.95	0.080845	0.00011582	0.14333	0.0099960	40.553	0.024659	18.191	20.210	69.842	31.061	53.105	275.26	17.590	1.3079e-05	0.016443
305.72	2.4171	755.77	0.0013231	6.4984	6.6074	25.307	36.568	78.960	790.32	0.083699	0.00011553	0.14308	0.0099485	40.816	0.024500	18.192	20.210	69.802	31.083	53.231	275.21	17.560	1.3092e-05	0.016484
305.98	2.4320	755.07	0.0013244	6.5185	6.6283	25.373	36.561	79.055	788.69	0.086561	0.00011524	0.14283	0.0099013	41.079	0.024343	18.193	20.210	69.761	31.106	53.358	275.16	17.531	1.3106e-05	0.016525
306.25	2.4470	754.38	0.0013256	6.5385	6.6490	25.439	36.554	79.151	787.07	0.089430	0.00011496	0.14258	0.0098543	41.343	0.024188	18.193	20.210	69.721	31.129	53.485	275.11	17.502	1.3119e-05	0.016566
306.51	2.4619	753.68	0.0013268	6.5584	6.6697	25.504	36.547	79.247	785.46	0.092307	0.00011467	0.14233	0.0098076	41.607	0.024035	18.194	20.210	69.681	31.151	53.613	275.06	17.473	1.3133e-05	0.016608
306.77	2.4769	752.98	0.0013281	6.5782	6.6903	25.569	36.541	79.344	783.85	0.095192	0.00011439	0.14208	0.0097611	41.871	0.023883	18.194	20.210	69.642	31.174	53.741	275.01	17.445	1.3146e-05	0.016649
307.03	2.4919	752.29	0.0013293	6.5980	6.7109	25.634	36.534	79.440	782.24	0.098085	0.00011410	0.14184	0.0097149	42.135	0.023733	18.195	20.210	69.602	31.196	53.869	274.96	17.416	1.3160e-05	0.016691
307.29	2.5068	751.60	0.0013305	6.6177	6.7314	25.698	36.527	79.537	780.64	0.10099	0.00011382	0.14159	0.0096689	42.400	0.023585	18.195	20.210	69.562	31.219	53.998	274.91	17.388	1.3173e-05	0.016733
307.55	2.5218	750.91	0.0013317	6.6374	6.7518	25.763	36.521	79.635	779.05	0.10390	0.00011354	0.14135	0.0096231	42.665	0.023438	18.196	20.210	69.523	31.241	54.127	274.85	17.360	1.3186e-05	0.016774
307.80	2.5367	750.22	0.0013329	6.6569	6.7722	25.827	36.514	79.733	777.46	0.10681	0.00011327	0.14111	0.0095776	42.931	0.023293	18.196	20.210	69.484	31.264	54.257	274.80	17.332	1.3199e-05	0.016816
308.06	2.5517	749.53	0.0013342	6.6764	6.7925	25.890	36.508	79.831	775.88	0.10974	0.00011299	0.14087	0.0095322	43.197	0.023150	18.197	20.210	69.445	31.286	54.388	274.75	17.304	1.3213e-05	0.016858
308.32	2.5667	748.84	0.0013354	6.6959	6.8127	25.954	36.502	79.930	774.30	0.11267	0.00011272	0.14063	0.0094872	43.463	0.023008	18.197	20.210	69.406	31.309	54.519	274.70	17.277	1.3226e-05	0.016900
308.57	2.5816	748.16	0.0013366	6.7152	6.8328	26.017	36.496	80.029	772.73	0.11561	0.00011244	0.14039	0.0094423	43.730	0.022868	18.197	20.209	69.367	31.331	54.650	274.64	17.250	1.3239e-05	0.016942
308.82	2.5966	747.48	0.0013378	6.7346	6.8529	26.080	36.489	80.128	771.16	0.11856	0.00011217	0.14015	0.0093977	43.996	0.022729	18.198	20.209	69.329	31.353	54.782	274.59	17.223	1.3252e-05	0.016984
309.07	2.6115	746.80	0.0013391	6.7538	6.8730	26.142	36.483	80.228	769.60	0.12152	0.00011190	0.13991	0.0093533	44.264	0.022592	18.198	20.209	69.290	31.376	54.914	274.54	17.196	1.3265e-05	0.017027
309.32	2.6265	746.11	0.0013403	6.7730	6.8930	26.205	36.477	80.329	768.04	0.12449	0.00011164	0.13968	0.0093091	44.531	0.022456	18.198	20.209	69.252	31.398	55.047	274.48	17.169	1.3278e-05	0.017069
309.57	2.6415	745.44	0.0013415	6.7921	6.9129	26.267	36.472	80.429	766.49	0.12747	0.00011137	0.13944	0.0092651	44.799	0.022322	18.199	20.208	69.214	31.420	55.180	274.43	17.142	1.3291e-05	0.017111
309.82	2.6564	744.76	0.0013427	6.8112	6.9327	26.329	36.466	80.530	764.95	0.13045	0.00011110	0.13921	0.0092214	45.067	0.022189	18.199	20.208	69.176	31.442	55.314	274.37	17.116	1.3304e-05	0.017154
310.07	2.6714	744.08	0.0013439	6.8301	6.9525	26.390	36.460	80.632	763.40	0.13344	0.00011084	0.13898	0.0091778	45.336	0.022058	18.199	20.207	69.138	31.464	55.448	274.32	17.090	1.3317e-05	0.017197
310.32	2.6864	743.41	0.0013452	6.8491	6.9722	26.452	36.454	80.734	761.87	0.13645	0.00011058	0.13875	0.0091345	45.604	0.021928	18.199	20.207	69.100	31.487	55.583	274.26	17.064	1.3330e-05	0.017240
310.56	2.7013	742.73	0.0013464	6.8680	6.9919	26.513	36.449	80.836	760.33	0.13946	0.00011032	0.13852	0.0090914	45.874	0.021799	18.199	20.206	69.063	31.509	55.718	274.21	17.038	1.3343e-05	0.017282
310.81	2.7163	742.06	0.0013476	6.8868	7.0115	26.574	36.443	80.939	758.80	0.14248	0.00011006	0.13829	0.0090484	46.143	0.021672	18.199	20.206	69.025	31.531	55.854	274.15	17.012	1.3355e-05	0.017325
311.05	2.7312	741.39	0.0013488	6.9055	7.0311	26.635	36.438	81.042	757.28	0.14550	0.00010980	0.13806	0.0090057	46.413	0.021546	18.200	20.205	68.988	31.553	55.991	274.10	16.986	1.3368e-05	0.017368
311.29	2.7462	740.72	0.0013500	6.9242	7.0506	26.695	36.432	81.145	755.76	0.14854	0.00010954	0.13783	0.0089632	46.683	0.021421	18.200	20.204	68.951	31.575	56.128	274.04	16.961	1.3381e-05	0.017412
311.53	2.7612	740.05	0.0013513	6.9429	7.0700	26.755	36.427	81.249	754.25	0.15159	0.00010929	0.13761	0.0089209	46.954	0.021297	18.200	20.204	68.913	31.597	56.265	273.98	16.936	1.3394e-05	0.017455
311.78	2.7761	739.39	0.0013525	6.9615	7.0894	26.815	36.422	81.354	752.74	0.15464	0.00010903	0.13738	0.0088788	47.225	0.021175	18.200	20.203	68.876	31.619	56.403	273.92	16.911	1.3406e-05	0.017498
312.02	2.7911	738.72	0.0013537	6.9800	7.1087	26.875	36.416	81.458	751.23	0.15771	0.00010878	0.13716	0.0088369	47.496	0.021054	18.200	20.202	68.840	31.641	56.542	273.87	16.886	1.3419e-05	0.017542
312.25	2.8060	738.06	0.0013549	6.9985	7.1280	26.935	36.411	81.564	749.73	0.16078	0.00010853	0.13693	0.0087952	47.768	0.020934	18.200	20.202	68.803	31.663	56.681	273.81	16.861	1.3431e-05	0.017585
312.49	2.8210	737.39	0.0013561	7.0169	7.1473	26.994	36.406	81.669	748.23	0.16387	0.00010828	0.13671	0.0087537	48.040	0.020816	18.199	20.201	68.766	31.684	56.821	273.75	16.836	1.3444e-05	0.017629
312.73	2.8360	736.73	0.0013573	7.0352	7.1664	27.053	36.401	81.776	746.74	0.16696	0.00010803	0.13649	0.0087123	48.313	0.020698	18.199	20.200	68.730	31.706	56.961	273.69	16.812	1.3457e-05	0.017673
312.97	2.8509	736.07	0.0013586	7.0535	7.1855	27.112	36.396	81.882	745.25	0.17006	0.00010778	0.13627	0.0086712	48.586	0.020582	18.199	20.199	68.693	31.728	57.102	273.63	16.787	1.3469e-05	0.017717
313.20	2.8659	735.41	0.0013598	7.0718	7.2046	27.171	36.391	81.989	743.77	0.17317	0.00010754	0.13605	0.0086303	48.859	0.020467	18.199	20.198	68.657	31.750	57.243	273.57	16.763	1.3482e-05	0.017761
313.43	2.8808	734.75	0.0013610	7.0900	7.2236	27.229	36.387	82.097	742.29	0.17629	0.00010729	0.13583	0.0085895	49.132	0.020353	18.199	20.197	68.621	31.772	57.385	273.51	16.739	1.3494e-05	0.017805
313.67	2.8958	734.09	0.0013622	7.1082	7.2426	27.287	36.382	82.205	740.81	0.17942	0.00010705	0.13562	0.0085489	49.406	0.020240	18.199	20.196	68.585	31.793	57.528	273.46	16.715	1.3506e-05	0.017849
313.90	2.9108	733.44	0.0013634	7.1263	7.2615	27.345	36.377	82.313	739.34	0.18257	0.00010681	0.13540	0.0085085	49.681	0.020129	18.199	20.195	68.549	31.815	57.671	273.40	16.691	1.3519e-05	0.017894
314.13	2.9257	732.78	0.0013647	7.1443	7.2804	27.403	36.373	82.422	737.87	0.18572	0.00010657	0.13519	0.0084683	49.955	0.020018	18.198	20.194	68.513	31.837	57.815	273.34	16.667	1.3531e-05	0.017938
314.36	2.9407	732.13	0.0013659	7.1623	7.2992	27.461	36.368	82.531	736.41	0.18888	0.00010633	0.13497	0.0084283	50.230	0.019908	18.198	20.193	68.477	31.859	57.959	273.27	16.644	1.3544e-05	0.017983
314.59	2.9557	731.47	0.0013671	7.1802	7.3180	27.518	36.364	82.641	734.95	0.19205	0.00010609	0.13476	0.0083884	50.506	0.019800	18.198	20.192	68.442	31.880	58.104	273.21	16.620	1.3556e-05	0.018028
314.82	2.9706	730.82	0.0013683	7.1981	7.3367	27.576	36.359	82.751	733.50	0.19523	0.00010585	0.13454	0.0083488	50.782	0.019692	18.197	20.191	68.406	31.902	58.250	273.15	16.597	1.3568e-05	0.018072
315.05	2.9856	730.17	0.0013695	7.2160	7.3553	27.633	36.355	82.862	732.04	0.19842	0.00010561	0.13433	0.0083093	51.058	0.019586	18.197	20.190	68.371	31.924	58.396	273.09	16.574	1.3580e-05	0.018117
315.28	3.0005	729.52	0.0013708	7.2338	7.3740	27.690	36.351	82.973	730.60	0.20162	0.00010538	0.13412	0.0082700	51.335	0.019480	18.197	20.189	68.335	31.945	58.543	273.03	16.551	1.3593e-05	0.018163
315.51	3.0155	728.87	0.0013720	7.2515	7.3925	27.746	36.346	83.085	729.15	0.20483	0.00010514	0.13391	0.0082308	51.612	0.019375	18.196	20.187	68.300	31.967	58.691	272.97	16.528	1.3605e-05	0.018208
315.73	3.0305	728.22	0.0013732	7.2692	7.4111	27.803	36.342	83.197	727.71	0.20805	0.00010491	0.13370	0.0081918	51.889	0.019272	18.196	20.186	68.265	31.988	58.839	272.91	16.505	1.3617e-05	0.018253
315.96	3.0454	727.57	0.0013744	7.2869	7.4296	27.859	36.338	83.310	726.27	0.21128	0.00010468	0.13349	0.0081530	52.167	0.019169	18.195	20.185	68.230	32.010	58.988	272.84	16.482	1.3629e-05	0.018298
316.18	3.0604	726.93	0.0013757	7.3045	7.4480	27.915	36.334	83.423	724.84	0.21452	0.00010445	0.13329	0.0081144	52.445	0.019068	18.195	20.184	68.195	32.031	59.137	272.78	16.460	1.3641e-05	0.018344
316.40	3.0753	726.28	0.0013769	7.3221	7.4664	27.971	36.330	83.537	723.41	0.21777	0.00010422	0.13308	0.0080759	52.724	0.018967	18.194	20.182	68.160	32.053	59.288	272.72	16.437	1.3653e-05	0.018390
316.63	3.0903	725.64	0.0013781	7.3396	7.4847	28.027	36.326	83.651	721.99	0.22103	0.00010399	0.13287	0.0080376	53.003	0.018867	18.194	20.181	68.125	32.074	59.438	272.66	16.415	1.3666e-05	0.018435
316.85	3.1053	724.99	0.0013793	7.3571	7.5030	28.082	36.322	83.766	720.56	0.22431	0.00010376	0.13267	0.0079995	53.282	0.018768	18.193	20.180	68.090	32.096	59.590	272.59	16.393	1.3678e-05	0.018481
317.07	3.1202	724.35	0.0013805	7.3745	7.5213	28.138	36.319	83.881	719.15	0.22759	0.00010353	0.13247	0.0079615	53.562	0.018670	18.193	20.178	68.056	32.117	59.742	272.53	16.371	1.3690e-05	0.018527
317.29	3.1352	723.71	0.0013818	7.3919	7.5395	28.193	36.315	83.997	717.73	0.23088	0.00010331	0.13226	0.0079237	53.842	0.018573	18.192	20.177	68.021	32.139	59.895	272.46	16.349	1.3702e-05	0.018574
317.51	3.1502	723.07	0.0013830	7.4092	7.5577	28.248	36.311	84.113	716.32	0.23419	0.00010308	0.13206	0.0078861	54.123	0.018476	18.192	20.175	67.987	32.160	60.049	272.40	16.327	1.3714e-05	0.018620
317.73	3.1651	722.43	0.0013842	7.4265	7.5758	28.303	36.308	84.230	714.91	0.23750	0.00010286	0.13186	0.0078486	54.404	0.018381	18.191	20.174	67.953	32.182	60.203	272.34	16.305	1.3726e-05	0.018666
317.95	3.1801	721.79	0.0013855	7.4438	7.5939	28.358	36.304	84.347	713.51	0.24083	0.00010264	0.13166	0.0078113	54.686	0.018286	18.190	20.172	67.918	32.203	60.358	272.27	16.283	1.3738e-05	0.018713
318.17	3.1950	721.15	0.0013867	7.4610	7.6120	28.412	36.301	84.465	712.10	0.24417	0.00010241	0.13146	0.0077741	54.967	0.018193	18.190	20.171	67.884	32.224	60.514	272.21	16.262	1.3750e-05	0.018760
318.38	3.2100	720.51	0.0013879	7.4781	7.6300	28.467	36.297	84.584	710.71	0.24752	0.00010219	0.13126	0.0077371	55.250	0.018100	18.189	20.169	67.850	32.246	60.670	272.14	16.240	1.3761e-05	0.018806
318.60	3.2250	719.87	0.0013891	7.4953	7.6479	28.521	36.294	84.703	709.31	0.25088	0.00010197	0.13106	0.0077002	55.533	0.018007	18.188	20.167	67.816	32.267	60.827	272.08	16.219	1.3773e-05	0.018853
318.81	3.2399	719.24	0.0013904	7.5123	7.6659	28.575	36.290	84.822	707.92	0.25425	0.00010176	0.13086	0.0076635	55.816	0.017916	18.187	20.166	67.782	32.288	60.985	272.01	16.197	1.3785e-05	0.018900
319.03	3.2549	718.60	0.0013916	7.5294	7.6838	28.629	36.287	84.942	706.53	0.25763	0.00010154	0.13066	0.0076269	56.099	0.017825	18.187	20.164	67.748	32.310	61.144	271.95	16.176	1.3797e-05	0.018948
319.24	3.2698	717.97	0.0013928	7.5464	7.7016	28.682	36.284	85.063	705.15	0.26102	0.00010132	0.13047	0.0075905	56.383	0.017736	18.186	20.162	67.714	32.331	61.303	271.88	16.155	1.3809e-05	0.018995
319.46	3.2848	717.33	0.0013941	7.5634	7.7194	28.736	36.281	85.184	703.77	0.26443	0.00010110	0.13027	0.0075543	56.668	0.017647	18.185	20.161	67.681	32.352	61.463	271.81	16.134	1.3821e-05	0.019042
319.67	3.2998	716.70	0.0013953	7.5803	7.7372	28.789	36.278	85.306	702.39	0.26785	0.00010089	0.13008	0.0075182	56.953	0.017558	18.184	20.159	67.647	32.373	61.624	271.75	16.113	1.3833e-05	0.019090
319.88	3.3147	716.07	0.0013965	7.5972	7.7549	28.843	36.275	85.428	701.01	0.27127	0.00010068	0.12988	0.0074822	57.238	0.017471	18.183	20.157	67.613	32.395	61.786	271.68	16.092	1.3844e-05	0.019138
320.09	3.3297	715.44	0.0013977	7.6140	7.7726	28.896	36.272	85.551	699.64	0.27471	0.00010046	0.12969	0.0074464	57.524	0.017384	18.182	20.155	67.580	32.416	61.948	271.61	16.072	1.3856e-05	0.019186
320.30	3.3446	714.81	0.0013990	7.6308	7.7903	28.948	36.269	85.674	698.27	0.27817	0.00010025	0.12949	0.0074107	57.810	0.017298	18.182	20.153	67.547	32.437	62.112	271.55	16.051	1.3868e-05	0.019234
320.51	3.3596	714.18	0.0014002	7.6476	7.8079	29.001	36.266	85.798	696.91	0.28163	0.00010004	0.12930	0.0073752	58.097	0.017213	18.181	20.151	67.513	32.458	62.276	271.48	16.031	1.3880e-05	0.019282
320.72	3.3746	713.55	0.0014015	7.6643	7.8255	29.054	36.263	85.923	695.54	0.28511	9.9829e-05	0.12911	0.0073398	58.384	0.017128	18.180	20.149	67.480	32.480	62.440	271.41	16.010	1.3891e-05	0.019330
320.93	3.3895	712.92	0.0014027	7.6810	7.8430	29.106	36.260	86.048	694.18	0.28859	9.9619e-05	0.12892	0.0073046	58.672	0.017044	18.179	20.148	67.447	32.501	62.606	271.35	15.990	1.3903e-05	0.019378
321.14	3.4045	712.29	0.0014039	7.6976	7.8605	29.159	36.258	86.174	692.83	0.29209	9.9410e-05	0.12873	0.0072695	58.960	0.016961	18.178	20.146	67.414	32.522	62.772	271.28	15.969	1.3915e-05	0.019427
321.34	3.4195	711.66	0.0014052	7.7142	7.8780	29.211	36.255	86.300	691.47	0.29561	9.9203e-05	0.12854	0.0072346	59.249	0.016878	18.177	20.144	67.381	32.543	62.940	271.21	15.949	1.3927e-05	0.019476
321.55	3.4344	711.03	0.0014064	7.7308	7.8954	29.263	36.252	86.427	690.12	0.29913	9.8996e-05	0.12835	0.0071998	59.538	0.016796	18.176	20.142	67.348	32.564	63.108	271.14	15.929	1.3938e-05	0.019525
321.75	3.4494	710.41	0.0014076	7.7474	7.9128	29.315	36.250	86.555	688.77	0.30267	9.8789e-05	0.12816	0.0071651	59.827	0.016715	18.175	20.140	67.315	32.586	63.277	271.07	15.909	1.3950e-05	0.019574
321.96	3.4643	709.78	0.0014089	7.7639	7.9302	29.366	36.247	86.683	687.43	0.30621	9.8584e-05	0.12798	0.0071305	60.117	0.016634	18.173	20.137	67.282	32.607	63.446	271.01	15.889	1.3961e-05	0.019623
322.16	3.4793	709.16	0.0014101	7.7803	7.9475	29.418	36.245	86.812	686.08	0.30978	9.8380e-05	0.12779	0.0070961	60.407	0.016554	18.172	20.135	67.249	32.628	63.617	270.94	15.869	1.3973e-05	0.019672
322.37	3.4943	708.53	0.0014114	7.7968	7.9648	29.469	36.243	86.942	684.74	0.31335	9.8176e-05	0.12760	0.0070619	60.698	0.016475	18.171	20.133	67.216	32.649	63.788	270.87	15.849	1.3985e-05	0.019722
322.57	3.5092	707.91	0.0014126	7.8132	7.9821	29.521	36.240	87.072	683.41	0.31694	9.7973e-05	0.12742	0.0070277	60.990	0.016396	18.170	20.131	67.184	32.670	63.961	270.80	15.830	1.3996e-05	0.019771
322.77	3.5242	707.29	0.0014139	7.8295	7.9993	29.572	36.238	87.203	682.07	0.32053	9.7771e-05	0.12723	0.0069937	61.281	0.016318	18.169	20.129	67.151	32.691	64.134	270.73	15.810	1.4008e-05	0.019821
322.98	3.5391	706.66	0.0014151	7.8459	8.0165	29.623	36.236	87.334	680.74	0.32415	9.7570e-05	0.12705	0.0069599	61.574	0.016241	18.168	20.127	67.118	32.712	64.308	270.66	15.791	1.4020e-05	0.019871
323.18	3.5541	706.04	0.0014163	7.8622	8.0337	29.674	36.234	87.466	679.41	0.32777	9.7369e-05	0.12686	0.0069261	61.866	0.016164	18.167	20.124	67.086	32.733	64.483	270.59	15.771	1.4031e-05	0.019921
323.38	3.5691	705.42	0.0014176	7.8784	8.0508	29.725	36.232	87.599	678.09	0.33141	9.7170e-05	0.12668	0.0068925	62.160	0.016088	18.165	20.122	67.053	32.754	64.659	270.52	15.752	1.4043e-05	0.019971
323.58	3.5840	704.80	0.0014188	7.8946	8.0680	29.775	36.230	87.732	676.76	0.33506	9.6971e-05	0.12650	0.0068591	62.453	0.016012	18.164	20.120	67.021	32.776	64.836	270.45	15.732	1.4054e-05	0.020021
323.78	3.5990	704.18	0.0014201	7.9108	8.0850	29.826	36.228	87.866	675.44	0.33872	9.6773e-05	0.12632	0.0068257	62.748	0.015937	18.163	20.118	66.989	32.797	65.014	270.38	15.713	1.4066e-05	0.020072
323.98	3.6139	703.56	0.0014213	7.9270	8.1021	29.876	36.226	88.001	674.12	0.34240	9.6575e-05	0.12614	0.0067925	63.042	0.015862	18.161	20.115	66.956	32.818	65.192	270.31	15.694	1.4077e-05	0.020123
324.17	3.6289	702.94	0.0014226	7.9431	8.1191	29.926	36.224	88.137	672.81	0.34609	9.6379e-05	0.12596	0.0067594	63.338	0.015788	18.160	20.113	66.924	32.839	65.372	270.24	15.675	1.4089e-05	0.020173
324.37	3.6439	702.32	0.0014238	7.9592	8.1360	29.977	36.222	88.273	671.50	0.34980	9.6183e-05	0.12578	0.0067264	63.633	0.015715	18.159	20.110	66.892	32.860	65.552	270.17	15.656	1.4100e-05	0.020224
324.57	3.6588	701.70	0.0014251	7.9753	8.1530	30.027	36.220	88.410	670.19	0.35351	9.5988e-05	0.12560	0.0066936	63.930	0.015642	18.157	20.108	66.860	32.881	65.734	270.10	15.637	1.4112e-05	0.020276
324.77	3.6738	701.09	0.0014264	7.9913	8.1699	30.076	36.218	88.547	668.88	0.35724	9.5793e-05	0.12542	0.0066609	64.226	0.015570	18.156	20.105	66.828	32.902	65.916	270.03	15.618	1.4123e-05	0.020327
324.96	3.6888	700.47	0.0014276	8.0073	8.1868	30.126	36.217	88.685	667.57	0.36099	9.5600e-05	0.12524	0.0066283	64.524	0.015498	18.155	20.103	66.796	32.923	66.100	269.96	15.599	1.4135e-05	0.020378
325.16	3.7037	699.85	0.0014289	8.0233	8.2037	30.176	36.215	88.824	666.27	0.36475	9.5407e-05	0.12506	0.0065958	64.821	0.015427	18.153	20.101	66.764	32.944	66.284	269.89	15.580	1.4146e-05	0.020430
325.35	3.7187	699.24	0.0014301	8.0392	8.2205	30.225	36.213	88.964	664.97	0.36852	9.5214e-05	0.12488	0.0065635	65.120	0.015356	18.152	20.098	66.732	32.965	66.469	269.81	15.561	1.4158e-05	0.020482
325.55	3.7336	698.62	0.0014314	8.0551	8.2373	30.275	36.212	89.104	663.67	0.37231	9.5023e-05	0.12471	0.0065313	65.418	0.015286	18.150	20.095	66.700	32.986	66.656	269.74	15.543	1.4169e-05	0.020534
325.74	3.7486	698.00	0.0014327	8.0710	8.2541	30.324	36.210	89.245	662.37	0.37611	9.4832e-05	0.12453	0.0064992	65.718	0.015217	18.149	20.093	66.668	33.007	66.843	269.67	15.524	1.4181e-05	0.020586
325.93	3.7636	697.39	0.0014339	8.0869	8.2708	30.373	36.209	89.387	661.08	0.37992	9.4642e-05	0.12436	0.0064672	66.017	0.015148	18.147	20.090	66.636	33.028	67.032	269.60	15.506	1.4192e-05	0.020638
326.13	3.7785	696.77	0.0014352	8.1027	8.2875	30.422	36.208	89.530	659.79	0.38375	9.4452e-05	0.12418	0.0064353	66.318	0.015079	18.146	20.088	66.605	33.049	67.221	269.53	15.487	1.4204e-05	0.020691
326.32	3.7935	696.16	0.0014364	8.1185	8.3042	30.471	36.206	89.673	658.50	0.38759	9.4264e-05	0.12401	0.0064036	66.619	0.015011	18.144	20.085	66.573	33.070	67.412	269.46	15.469	1.4215e-05	0.020743
326.51	3.8084	695.55	0.0014377	8.1342	8.3209	30.520	36.205	89.817	657.22	0.39145	9.4076e-05	0.12383	0.0063720	66.920	0.014943	18.143	20.082	66.541	33.091	67.603	269.38	15.450	1.4227e-05	0.020796
326.70	3.8234	694.93	0.0014390	8.1500	8.3375	30.568	36.204	89.962	655.93	0.39532	9.3888e-05	0.12366	0.0063404	67.222	0.014876	18.141	20.080	66.510	33.112	67.796	269.31	15.432	1.4238e-05	0.020849
326.89	3.8384	694.32	0.0014403	8.1657	8.3541	30.617	36.203	90.107	654.65	0.39921	9.3701e-05	0.12349	0.0063091	67.524	0.014809	18.139	20.077	66.478	33.133	67.989	269.24	15.414	1.4249e-05	0.020902
327.08	3.8533	693.71	0.0014415	8.1814	8.3707	30.665	36.202	90.254	653.37	0.40311	9.3515e-05	0.12332	0.0062778	67.827	0.014743	18.138	20.074	66.447	33.154	68.184	269.16	15.396	1.4261e-05	0.020955
327.27	3.8683	693.10	0.0014428	8.1970	8.3872	30.714	36.201	90.401	652.09	0.40703	9.3330e-05	0.12314	0.0062466	68.131	0.014678	18.136	20.071	66.415	33.175	68.380	269.09	15.378	1.4272e-05	0.021009
327.46	3.8833	692.48	0.0014441	8.2126	8.4037	30.762	36.200	90.549	650.82	0.41096	9.3145e-05	0.12297	0.0062156	68.435	0.014612	18.135	20.068	66.384	33.196	68.577	269.02	15.360	1.4284e-05	0.021063
327.65	3.8982	691.87	0.0014454	8.2282	8.4202	30.810	36.199	90.698	649.55	0.41491	9.2961e-05	0.12280	0.0061846	68.740	0.014548	18.133	20.066	66.352	33.217	68.775	268.95	15.342	1.4295e-05	0.021116
327.83	3.9132	691.26	0.0014466	8.2438	8.4367	30.858	36.198	90.847	648.28	0.41887	9.2777e-05	0.12263	0.0061538	69.045	0.014483	18.131	20.063	66.321	33.238	68.974	268.87	15.324	1.4307e-05	0.021170
328.02	3.9281	690.65	0.0014479	8.2593	8.4532	30.906	36.197	90.998	647.01	0.42284	9.2594e-05	0.12246	0.0061231	69.350	0.014420	18.129	20.060	66.290	33.259	69.174	268.80	15.306	1.4318e-05	0.021225
328.21	3.9431	690.04	0.0014492	8.2748	8.4696	30.954	36.196	91.149	645.74	0.42683	9.2412e-05	0.12229	0.0060925	69.657	0.014356	18.128	20.057	66.259	33.280	69.376	268.72	15.288	1.4329e-05	0.021279
328.39	3.9581	689.43	0.0014505	8.2903	8.4860	31.002	36.195	91.301	644.48	0.43084	9.2230e-05	0.12213	0.0060620	69.964	0.014293	18.126	20.054	66.227	33.301	69.578	268.65	15.270	1.4341e-05	0.021334
328.58	3.9730	688.82	0.0014518	8.3058	8.5024	31.049	36.195	91.454	643.22	0.43487	9.2049e-05	0.12196	0.0060316	70.271	0.014231	18.124	20.051	66.196	33.322	69.782	268.58	15.252	1.4352e-05	0.021388
328.76	3.9880	688.21	0.0014530	8.3212	8.5187	31.097	36.194	91.607	641.96	0.43890	9.1869e-05	0.12179	0.0060013	70.579	0.014169	18.122	20.048	66.165	33.343	69.987	268.50	15.235	1.4364e-05	0.021443
328.95	4.0029	687.60	0.0014543	8.3366	8.5350	31.144	36.193	91.762	640.70	0.44296	9.1689e-05	0.12162	0.0059712	70.888	0.014107	18.120	20.045	66.134	33.364	70.193	268.43	15.217	1.4375e-05	0.021498
329.13	4.0179	686.99	0.0014556	8.3520	8.5513	31.191	36.193	91.917	639.44	0.44703	9.1510e-05	0.12146	0.0059411	71.197	0.014046	18.119	20.042	66.103	33.385	70.400	268.35	15.199	1.4386e-05	0.021554
329.32	4.0329	686.38	0.0014569	8.3674	8.5676	31.238	36.192	92.074	638.19	0.45111	9.1331e-05	0.12129	0.0059112	71.506	0.013985	18.117	20.039	66.072	33.406	70.609	268.28	15.182	1.4398e-05	0.021609
329.50	4.0478	685.78	0.0014582	8.3827	8.5838	31.286	36.192	92.231	636.94	0.45522	9.1153e-05	0.12113	0.0058813	71.817	0.013924	18.115	20.036	66.041	33.427	70.819	268.20	15.164	1.4409e-05	0.021665
329.68	4.0628	685.17	0.0014595	8.3980	8.6001	31.333	36.191	92.389	635.69	0.45933	9.0975e-05	0.12096	0.0058516	72.128	0.013864	18.113	20.033	66.010	33.448	71.030	268.13	15.147	1.4421e-05	0.021721
329.87	4.0777	684.56	0.0014608	8.4133	8.6163	31.379	36.191	92.548	634.44	0.46347	9.0798e-05	0.12080	0.0058220	72.439	0.013805	18.111	20.029	65.979	33.469	71.242	268.05	15.129	1.4432e-05	0.021777
330.05	4.0927	683.95	0.0014621	8.4285	8.6325	31.426	36.191	92.708	633.19	0.46762	9.0622e-05	0.12063	0.0057925	72.751	0.013746	18.109	20.026	65.948	33.490	71.455	267.98	15.112	1.4444e-05	0.021833
330.23	4.1077	683.34	0.0014634	8.4438	8.6486	31.473	36.191	92.868	631.95	0.47179	9.0446e-05	0.12047	0.0057630	73.064	0.013687	18.107	20.023	65.917	33.511	71.670	267.90	15.095	1.4455e-05	0.021890
330.41	4.1226	682.74	0.0014647	8.4590	8.6648	31.519	36.190	93.030	630.71	0.47597	9.0271e-05	0.12030	0.0057337	73.377	0.013628	18.105	20.020	65.886	33.532	71.886	267.83	15.077	1.4466e-05	0.021946
330.59	4.1376	682.13	0.0014660	8.4742	8.6809	31.566	36.190	93.192	629.47	0.48017	9.0096e-05	0.12014	0.0057045	73.691	0.013570	18.103	20.017	65.855	33.553	72.104	267.75	15.060	1.4478e-05	0.022003
330.77	4.1526	681.52	0.0014673	8.4893	8.6970	31.612	36.190	93.356	628.23	0.48439	8.9922e-05	0.11998	0.0056754	74.005	0.013513	18.101	20.013	65.824	33.574	72.322	267.68	15.043	1.4489e-05	0.022060
330.95	4.1675	680.92	0.0014686	8.5045	8.7130	31.659	36.190	93.520	626.99	0.48862	8.9749e-05	0.11982	0.0056464	74.320	0.013455	18.099	20.010	65.794	33.595	72.542	267.60	15.026	1.4501e-05	0.022118
331.13	4.1825	680.31	0.0014699	8.5196	8.7291	31.705	36.190	93.686	625.76	0.49288	8.9576e-05	0.11966	0.0056175	74.636	0.013398	18.097	20.007	65.763	33.617	72.764	267.53	15.009	1.4512e-05	0.022175
331.31	4.1974	679.71	0.0014712	8.5347	8.7451	31.751	36.190	93.852	624.53	0.49714	8.9403e-05	0.11950	0.0055887	74.952	0.013342	18.095	20.003	65.732	33.638	72.986	267.45	14.991	1.4523e-05	0.022233
331.48	4.2124	679.10	0.0014725	8.5497	8.7611	31.797	36.190	94.020	623.30	0.50143	8.9231e-05	0.11934	0.0055600	75.269	0.013286	18.093	20.000	65.702	33.659	73.210	267.37	14.974	1.4535e-05	0.022291
331.66	4.2274	678.49	0.0014739	8.5648	8.7771	31.843	36.190	94.188	622.07	0.50573	8.9060e-05	0.11918	0.0055314	75.586	0.013230	18.090	19.996	65.671	33.680	73.436	267.30	14.957	1.4546e-05	0.022349
331.84	4.2423	677.89	0.0014752	8.5798	8.7931	31.889	36.191	94.357	620.84	0.51006	8.8889e-05	0.11902	0.0055028	75.905	0.013174	18.088	19.993	65.640	33.701	73.663	267.22	14.940	1.4558e-05	0.022407
332.01	4.2573	677.28	0.0014765	8.5948	8.8090	31.935	36.191	94.527	619.61	0.51439	8.8718e-05	0.11886	0.0054744	76.223	0.013119	18.086	19.990	65.610	33.722	73.891	267.15	14.923	1.4569e-05	0.022466
332.19	4.2722	676.68	0.0014778	8.6098	8.8250	31.980	36.191	94.699	618.39	0.51875	8.8548e-05	0.11870	0.0054461	76.543	0.013065	18.084	19.986	65.579	33.743	74.120	267.07	14.907	1.4581e-05	0.022524
332.37	4.2872	676.07	0.0014791	8.6247	8.8409	32.026	36.192	94.871	617.17	0.52313	8.8379e-05	0.11854	0.0054179	76.863	0.013010	18.082	19.983	65.548	33.764	74.352	266.99	14.890	1.4592e-05	0.022583
332.54	4.3022	675.47	0.0014805	8.6397	8.8568	32.072	36.192	95.044	615.95	0.52752	8.8210e-05	0.11838	0.0053898	77.183	0.012956	18.079	19.979	65.518	33.785	74.584	266.92	14.873	1.4604e-05	0.022643
332.72	4.3171	674.86	0.0014818	8.6546	8.8726	32.117	36.193	95.219	614.73	0.53193	8.8042e-05	0.11822	0.0053618	77.505	0.012902	18.077	19.975	65.487	33.806	74.818	266.84	14.856	1.4615e-05	0.022702
332.89	4.3321	674.26	0.0014831	8.6695	8.8885	32.162	36.193	95.394	613.51	0.53636	8.7874e-05	0.11807	0.0053338	77.827	0.012849	18.075	19.972	65.457	33.827	75.054	266.76	14.839	1.4626e-05	0.022762
333.06	4.3471	673.65	0.0014844	8.6844	8.9043	32.208	36.194	95.571	612.30	0.54081	8.7706e-05	0.11791	0.0053060	78.149	0.012796	18.073	19.968	65.426	33.848	75.291	266.68	14.823	1.4638e-05	0.022821
333.24	4.3620	673.05	0.0014858	8.6992	8.9201	32.253	36.194	95.748	611.09	0.54527	8.7539e-05	0.11775	0.0052783	78.473	0.012743	18.070	19.965	65.396	33.869	75.529	266.61	14.806	1.4649e-05	0.022881
333.41	4.3770	672.44	0.0014871	8.7141	8.9359	32.298	36.195	95.927	609.87	0.54976	8.7373e-05	0.11760	0.0052506	78.796	0.012691	18.068	19.961	65.365	33.891	75.769	266.53	14.789	1.4661e-05	0.022942
333.58	4.3919	671.84	0.0014885	8.7289	8.9517	32.343	36.196	96.107	608.66	0.55426	8.7207e-05	0.11744	0.0052231	79.121	0.012639	18.065	19.957	65.335	33.912	76.011	266.45	14.773	1.4672e-05	0.023002
333.75	4.4069	671.24	0.0014898	8.7437	8.9674	32.388	36.196	96.288	607.46	0.55878	8.7041e-05	0.11729	0.0051956	79.446	0.012587	18.063	19.954	65.305	33.933	76.254	266.37	14.756	1.4684e-05	0.023063
333.93	4.4219	670.63	0.0014911	8.7585	8.9832	32.433	36.197	96.469	606.25	0.56333	8.6876e-05	0.11713	0.0051683	79.772	0.012536	18.061	19.950	65.274	33.954	76.499	266.30	14.739	1.4696e-05	0.023124
334.10	4.4368	670.03	0.0014925	8.7732	8.9989	32.477	36.198	96.653	605.04	0.56789	8.6712e-05	0.11698	0.0051410	80.099	0.012485	18.058	19.946	65.244	33.975	76.745	266.22	14.723	1.4707e-05	0.023185
334.27	4.4518	669.42	0.0014938	8.7880	9.0146	32.522	36.199	96.837	603.84	0.57247	8.6548e-05	0.11683	0.0051138	80.426	0.012434	18.056	19.942	65.214	33.996	76.993	266.14	14.706	1.4719e-05	0.023247
334.44	4.4667	668.82	0.0014952	8.8027	9.0303	32.567	36.200	97.022	602.64	0.57707	8.6384e-05	0.11667	0.0050867	80.754	0.012383	18.053	19.938	65.183	34.018	77.243	266.06	14.690	1.4730e-05	0.023308
334.61	4.4817	668.21	0.0014965	8.8174	9.0459	32.611	36.201	97.209	601.44	0.58169	8.6221e-05	0.11652	0.0050597	81.083	0.012333	18.051	19.935	65.153	34.039	77.494	265.98	14.673	1.4742e-05	0.023370
334.78	4.4967	667.61	0.0014979	8.8321	9.0616	32.656	36.202	97.396	600.24	0.58633	8.6058e-05	0.11637	0.0050328	81.412	0.012283	18.048	19.931	65.123	34.060	77.747	265.91	14.657	1.4753e-05	0.023432
334.95	4.5116	667.01	0.0014992	8.8467	9.0772	32.700	36.203	97.585	599.04	0.59099	8.5896e-05	0.11622	0.0050060	81.742	0.012234	18.046	19.927	65.092	34.081	78.001	265.83	14.641	1.4765e-05	0.023495
335.12	4.5266	666.40	0.0015006	8.8614	9.0929	32.745	36.204	97.775	597.84	0.59566	8.5734e-05	0.11606	0.0049793	82.073	0.012184	18.043	19.923	65.062	34.102	78.257	265.75	14.624	1.4776e-05	0.023557
335.28	4.5415	665.80	0.0015020	8.8760	9.1085	32.789	36.206	97.967	596.65	0.60036	8.5572e-05	0.11591	0.0049527	82.404	0.012135	18.041	19.919	65.032	34.124	78.515	265.67	14.608	1.4788e-05	0.023620
335.45	4.5565	665.20	0.0015033	8.8906	9.1240	32.833	36.207	98.159	595.46	0.60508	8.5411e-05	0.11576	0.0049261	82.736	0.012087	18.038	19.915	65.001	34.145	78.775	265.59	14.591	1.4800e-05	0.023683
335.62	4.5715	664.59	0.0015047	8.9052	9.1396	32.877	36.208	98.353	594.27	0.60982	8.5251e-05	0.11561	0.0048997	83.069	0.012038	18.035	19.911	64.971	34.166	79.037	265.51	14.575	1.4811e-05	0.023746
335.79	4.5864	663.99	0.0015061	8.9198	9.1552	32.921	36.210	98.548	593.08	0.61459	8.5091e-05	0.11546	0.0048733	83.403	0.011990	18.033	19.907	64.941	34.187	79.300	265.43	14.559	1.4823e-05	0.023810
335.95	4.6014	663.38	0.0015074	8.9343	9.1707	32.965	36.211	98.744	591.89	0.61937	8.4931e-05	0.11531	0.0048470	83.737	0.011942	18.030	19.903	64.911	34.209	79.565	265.36	14.543	1.4835e-05	0.023874
336.12	4.6164	662.78	0.0015088	8.9488	9.1862	33.009	36.213	98.942	590.70	0.62417	8.4772e-05	0.11516	0.0048208	84.072	0.011895	18.028	19.899	64.881	34.230	79.832	265.28	14.526	1.4846e-05	0.023938
336.29	4.6313	662.18	0.0015102	8.9634	9.2017	33.053	36.214	99.140	589.51	0.62899	8.4613e-05	0.11501	0.0047947	84.408	0.011847	18.025	19.895	64.850	34.251	80.100	265.20	14.510	1.4858e-05	0.024002
336.45	4.6463	661.57	0.0015116	8.9779	9.2172	33.097	36.216	99.341	588.33	0.63384	8.4454e-05	0.11486	0.0047687	84.744	0.011800	18.022	19.891	64.820	34.273	80.371	265.12	14.494	1.4870e-05	0.024067
336.62	4.6612	660.97	0.0015129	8.9924	9.2327	33.140	36.217	99.542	587.15	0.63871	8.4296e-05	0.11471	0.0047427	85.082	0.011753	18.019	19.887	64.790	34.294	80.643	265.04	14.478	1.4881e-05	0.024132
336.78	4.6762	660.36	0.0015143	9.0068	9.2482	33.184	36.219	99.745	585.96	0.64360	8.4138e-05	0.11457	0.0047169	85.420	0.011707	18.017	19.882	64.760	34.315	80.918	264.96	14.462	1.4893e-05	0.024197
336.95	4.6912	659.76	0.0015157	9.0213	9.2636	33.228	36.221	99.949	584.78	0.64851	8.3981e-05	0.11442	0.0046911	85.758	0.011661	18.014	19.878	64.730	34.337	81.194	264.88	14.445	1.4905e-05	0.024262
337.11	4.7061	659.16	0.0015171	9.0357	9.2791	33.271	36.223	100.15	583.61	0.65344	8.3824e-05	0.11427	0.0046654	86.098	0.011615	18.011	19.874	64.700	34.358	81.472	264.80	14.429	1.4917e-05	0.024328
337.27	4.7211	658.55	0.0015185	9.0502	9.2945	33.315	36.225	100.36	582.43	0.65839	8.3668e-05	0.11412	0.0046398	86.438	0.011569	18.008	19.870	64.669	34.380	81.752	264.72	14.413	1.4928e-05	0.024394
337.44	4.7360	657.95	0.0015199	9.0646	9.3099	33.358	36.227	100.57	581.25	0.66337	8.3512e-05	0.11398	0.0046143	86.779	0.011524	18.005	19.865	64.639	34.401	82.034	264.64	14.397	1.4940e-05	0.024460
337.60	4.7510	657.34	0.0015213	9.0790	9.3253	33.401	36.229	100.78	580.08	0.66837	8.3356e-05	0.11383	0.0045889	87.121	0.011478	18.003	19.861	64.609	34.422	82.318	264.56	14.381	1.4952e-05	0.024526
337.76	4.7660	656.74	0.0015227	9.0933	9.3407	33.444	36.231	100.99	578.90	0.67339	8.3201e-05	0.11369	0.0045635	87.463	0.011433	18.000	19.857	64.579	34.444	82.604	264.48	14.365	1.4964e-05	0.024593
337.92	4.7809	656.13	0.0015241	9.1077	9.3560	33.488	36.233	101.20	577.73	0.67843	8.3046e-05	0.11354	0.0045383	87.807	0.011389	17.997	19.852	64.549	34.465	82.892	264.40	14.349	1.4976e-05	0.024660
338.09	4.7959	655.53	0.0015255	9.1220	9.3714	33.531	36.235	101.42	576.56	0.68350	8.2891e-05	0.11339	0.0045131	88.151	0.011344	17.994	19.848	64.519	34.487	83.183	264.32	14.333	1.4988e-05	0.024728
338.25	4.8109	654.92	0.0015269	9.1364	9.3867	33.574	36.237	101.63	575.39	0.68859	8.2737e-05	0.11325	0.0044880	88.496	0.011300	17.991	19.844	64.489	34.508	83.475	264.24	14.317	1.4999e-05	0.024795
338.41	4.8258	654.32	0.0015283	9.1507	9.4021	33.617	36.239	101.85	574.22	0.69370	8.2583e-05	0.11311	0.0044630	88.841	0.011256	17.988	19.839	64.459	34.530	83.769	264.16	14.301	1.5011e-05	0.024863
338.57	4.8408	653.71	0.0015297	9.1650	9.4174	33.660	36.241	102.07	573.05	0.69884	8.2430e-05	0.11296	0.0044380	89.188	0.011212	17.985	19.835	64.428	34.551	84.066	264.08	14.285	1.5023e-05	0.024931
338.73	4.8557	653.11	0.0015311	9.1793	9.4327	33.703	36.244	102.29	571.89	0.70400	8.2277e-05	0.11282	0.0044132	89.535	0.011169	17.982	19.830	64.398	34.573	84.365	264.00	14.269	1.5035e-05	0.024999
338.89	4.8707	652.50	0.0015326	9.1936	9.4480	33.746	36.246	102.51	570.72	0.70918	8.2124e-05	0.11267	0.0043884	89.883	0.011126	17.979	19.826	64.368	34.594	84.665	263.92	14.253	1.5047e-05	0.025068
339.05	4.8857	651.89	0.0015340	9.2078	9.4632	33.788	36.249	102.73	569.56	0.71439	8.1971e-05	0.11253	0.0043637	90.232	0.011083	17.976	19.821	64.338	34.616	84.969	263.84	14.237	1.5059e-05	0.025137
339.21	4.9006	651.29	0.0015354	9.2221	9.4785	33.831	36.251	102.96	568.39	0.71962	8.1819e-05	0.11239	0.0043391	90.582	0.011040	17.973	19.817	64.308	34.638	85.274	263.76	14.221	1.5071e-05	0.025206
339.37	4.9156	650.68	0.0015368	9.2363	9.4938	33.874	36.254	103.18	567.23	0.72488	8.1668e-05	0.11224	0.0043145	90.932	0.010997	17.970	19.812	64.278	34.659	85.582	263.68	14.205	1.5083e-05	0.025276
339.53	4.9305	650.08	0.0015383	9.2505	9.5090	33.916	36.256	103.41	566.07	0.73016	8.1516e-05	0.11210	0.0042901	91.284	0.010955	17.967	19.807	64.248	34.681	85.891	263.60	14.189	1.5095e-05	0.025346
339.68	4.9455	649.47	0.0015397	9.2647	9.5243	33.959	36.259	103.64	564.91	0.73547	8.1365e-05	0.11196	0.0042657	91.636	0.010913	17.963	19.803	64.218	34.703	86.204	263.51	14.174	1.5107e-05	0.025416
339.84	4.9605	648.86	0.0015412	9.2789	9.5395	34.001	36.262	103.87	563.75	0.74080	8.1215e-05	0.11182	0.0042414	91.989	0.010871	17.960	19.798	64.188	34.724	86.518	263.43	14.158	1.5119e-05	0.025487
340.00	4.9754	648.26	0.0015426	9.2931	9.5547	34.044	36.265	104.10	562.60	0.74615	8.1064e-05	0.11168	0.0042171	92.343	0.010829	17.957	19.793	64.157	34.746	86.835	263.35	14.142	1.5131e-05	0.025557
340.16	4.9904	647.65	0.0015440	9.3073	9.5699	34.086	36.267	104.34	561.44	0.75153	8.0914e-05	0.11154	0.0041930	92.697	0.010788	17.954	19.789	64.127	34.768	87.155	263.27	14.126	1.5144e-05	0.025628
340.31	5.0053	647.04	0.0015455	9.3214	9.5851	34.128	36.270	104.57	560.29	0.75694	8.0765e-05	0.11140	0.0041689	93.053	0.010747	17.951	19.784	64.097	34.789	87.476	263.19	14.110	1.5156e-05	0.025700
340.47	5.0203	646.43	0.0015469	9.3356	9.6003	34.171	36.273	104.81	559.13	0.76237	8.0615e-05	0.11126	0.0041449	93.410	0.010706	17.947	19.779	64.067	34.811	87.801	263.11	14.094	1.5168e-05	0.025772
340.63	5.0353	645.83	0.0015484	9.3497	9.6154	34.213	36.276	105.05	557.98	0.76783	8.0466e-05	0.11112	0.0041210	93.767	0.010665	17.944	19.774	64.037	34.833	88.127	263.03	14.078	1.5180e-05	0.025844
340.78	5.0502	645.22	0.0015499	9.3638	9.6306	34.255	36.279	105.29	556.83	0.77331	8.0317e-05	0.11098	0.0040972	94.125	0.010624	17.941	19.769	64.007	34.855	88.457	262.94	14.063	1.5192e-05	0.025916
340.94	5.0652	644.61	0.0015513	9.3779	9.6457	34.297	36.283	105.53	555.68	0.77882	8.0169e-05	0.11084	0.0040734	94.484	0.010584	17.937	19.765	63.977	34.876	88.788	262.86	14.047	1.5205e-05	0.025989
341.09	5.0802	644.00	0.0015528	9.3920	9.6609	34.339	36.286	105.78	554.53	0.78436	8.0021e-05	0.11070	0.0040497	94.844	0.010544	17.934	19.760	63.947	34.898	89.123	262.78	14.031	1.5217e-05	0.026062
341.25	5.0951	643.39	0.0015543	9.4061	9.6760	34.381	36.289	106.03	553.38	0.78992	7.9873e-05	0.11056	0.0040261	95.205	0.010504	17.931	19.755	63.916	34.920	89.460	262.70	14.015	1.5229e-05	0.026135
341.40	5.1101	642.78	0.0015557	9.4202	9.6911	34.423	36.292	106.27	552.23	0.79551	7.9726e-05	0.11042	0.0040025	95.567	0.010464	17.927	19.750	63.886	34.942	89.799	262.62	13.999	1.5242e-05	0.026209
341.55	5.1250	642.17	0.0015572	9.4343	9.7063	34.465	36.296	106.52	551.08	0.80113	7.9579e-05	0.11028	0.0039791	95.929	0.010424	17.924	19.745	63.856	34.964	90.142	262.54	13.984	1.5254e-05	0.026283
341.71	5.1400	641.56	0.0015587	9.4483	9.7214	34.507	36.299	106.78	549.94	0.80678	7.9432e-05	0.11014	0.0039557	96.293	0.010385	17.921	19.740	63.826	34.986	90.487	262.45	13.968	1.5266e-05	0.026357
341.86	5.1550	640.95	0.0015602	9.4624	9.7365	34.549	36.302	107.03	548.79	0.81245	7.9285e-05	0.11001	0.0039324	96.657	0.010346	17.917	19.735	63.796	35.008	90.834	262.37	13.952	1.5279e-05	0.026432
342.01	5.1699	640.34	0.0015617	9.4764	9.7516	34.591	36.306	107.29	547.65	0.81815	7.9139e-05	0.10987	0.0039091	97.023	0.010307	17.914	19.730	63.765	35.030	91.185	262.29	13.936	1.5291e-05	0.026507
342.17	5.1849	639.73	0.0015632	9.4904	9.7666	34.633	36.310	107.54	546.51	0.82388	7.8993e-05	0.10973	0.0038860	97.389	0.010268	17.910	19.725	63.735	35.052	91.538	262.21	13.920	1.5304e-05	0.026582
342.32	5.1998	639.12	0.0015647	9.5044	9.7817	34.674	36.313	107.80	545.36	0.82963	7.8847e-05	0.10960	0.0038629	97.757	0.010229	17.907	19.719	63.705	35.074	91.894	262.12	13.905	1.5316e-05	0.026658
342.47	5.2148	638.51	0.0015661	9.5184	9.7968	34.716	36.317	108.07	544.22	0.83542	7.8702e-05	0.10946	0.0038398	98.125	0.010191	17.903	19.714	63.675	35.096	92.253	262.04	13.889	1.5329e-05	0.026734
342.62	5.2298	637.90	0.0015677	9.5324	9.8118	34.758	36.321	108.33	543.08	0.84123	7.8557e-05	0.10932	0.0038169	98.494	0.010153	17.900	19.709	63.645	35.118	92.615	261.96	13.873	1.5342e-05	0.026810
342.77	5.2447	637.28	0.0015692	9.5464	9.8269	34.799	36.325	108.60	541.94	0.84707	7.8412e-05	0.10919	0.0037940	98.864	0.010115	17.896	19.704	63.614	35.140	92.980	261.88	13.857	1.5354e-05	0.026887
342.93	5.2597	636.67	0.0015707	9.5604	9.8419	34.841	36.328	108.86	540.81	0.85294	7.8267e-05	0.10905	0.0037712	99.235	0.010077	17.892	19.699	63.584	35.162	93.348	261.79	13.841	1.5367e-05	0.026964
343.08	5.2746	636.06	0.0015722	9.5743	9.8570	34.882	36.332	109.14	539.67	0.85884	7.8123e-05	0.10892	0.0037485	99.607	0.010039	17.889	19.693	63.554	35.184	93.719	261.71	13.826	1.5379e-05	0.027042
343.23	5.2896	635.45	0.0015737	9.5883	9.8720	34.924	36.336	109.41	538.53	0.86477	7.7979e-05	0.10878	0.0037258	99.980	0.010002	17.885	19.688	63.523	35.207	94.093	261.63	13.810	1.5392e-05	0.027119
343.38	5.3046	634.83	0.0015752	9.6022	9.8870	34.965	36.340	109.68	537.40	0.87073	7.7835e-05	0.10865	0.0037032	100.35	0.0099647	17.881	19.683	63.493	35.229	94.470	261.55	13.794	1.5405e-05	0.027198
343.53	5.3195	634.22	0.0015767	9.6162	9.9020	35.007	36.345	109.96	536.26	0.87672	7.7691e-05	0.10851	0.0036807	100.73	0.0099276	17.878	19.677	63.463	35.251	94.850	261.46	13.778	1.5418e-05	0.027276
343.68	5.3345	633.60	0.0015783	9.6301	9.9170	35.048	36.349	110.24	535.13	0.88274	7.7548e-05	0.10838	0.0036582	101.11	0.0098907	17.874	19.672	63.432	35.273	95.234	261.38	13.762	1.5431e-05	0.027355
343.83	5.3495	632.99	0.0015798	9.6440	9.9320	35.089	36.353	110.52	533.99	0.88880	7.7405e-05	0.10824	0.0036359	101.48	0.0098539	17.870	19.667	63.402	35.296	95.620	261.30	13.747	1.5443e-05	0.027434
343.97	5.3644	632.37	0.0015813	9.6579	9.9470	35.130	36.357	110.80	532.86	0.89488	7.7262e-05	0.10811	0.0036136	101.86	0.0098174	17.866	19.661	63.372	35.318	96.010	261.21	13.731	1.5456e-05	0.027514
344.12	5.3794	631.76	0.0015829	9.6718	9.9620	35.172	36.362	111.09	531.73	0.90099	7.7120e-05	0.10798	0.0035913	102.24	0.0097810	17.863	19.656	63.341	35.340	96.403	261.13	13.715	1.5469e-05	0.027594
344.27	5.3943	631.14	0.0015844	9.6857	9.9770	35.213	36.366	111.38	530.60	0.90713	7.6978e-05	0.10784	0.0035691	102.62	0.0097447	17.859	19.650	63.311	35.363	96.800	261.05	13.699	1.5482e-05	0.027675
344.42	5.4093	630.52	0.0015860	9.6996	9.9920	35.254	36.371	111.67	529.47	0.91331	7.6836e-05	0.10771	0.0035470	103.00	0.0097087	17.855	19.645	63.280	35.385	97.200	260.97	13.683	1.5495e-05	0.027756
344.57	5.4243	629.91	0.0015875	9.7135	10.007	35.295	36.375	111.96	528.34	0.91952	7.6694e-05	0.10758	0.0035250	103.38	0.0096728	17.851	19.639	63.250	35.408	97.603	260.88	13.668	1.5508e-05	0.027837
344.71	5.4392	629.29	0.0015891	9.7273	10.022	35.336	36.380	112.25	527.21	0.92576	7.6553e-05	0.10745	0.0035030	103.77	0.0096371	17.847	19.634	63.220	35.430	98.010	260.80	13.652	1.5521e-05	0.027919
344.86	5.4542	628.67	0.0015907	9.7412	10.037	35.377	36.384	112.55	526.08	0.93203	7.6411e-05	0.10731	0.0034811	104.15	0.0096015	17.843	19.628	63.189	35.453	98.420	260.72	13.636	1.5534e-05	0.028001
345.01	5.4691	628.05	0.0015922	9.7551	10.052	35.418	36.389	112.85	524.96	0.93833	7.6270e-05	0.10718	0.0034593	104.54	0.0095661	17.839	19.622	63.159	35.475	98.834	260.63	13.620	1.5548e-05	0.028083
345.15	5.4841	627.43	0.0015938	9.7689	10.067	35.459	36.394	113.16	523.83	0.94467	7.6129e-05	0.10705	0.0034376	104.92	0.0095309	17.835	19.617	63.128	35.498	99.252	260.55	13.604	1.5561e-05	0.028166
345.30	5.4991	626.81	0.0015954	9.7828	10.082	35.500	36.399	113.46	522.71	0.95104	7.5989e-05	0.10692	0.0034159	105.31	0.0094958	17.831	19.611	63.097	35.520	99.673	260.46	13.588	1.5574e-05	0.028249
345.45	5.5140	626.19	0.0015970	9.7966	10.097	35.541	36.404	113.77	521.58	0.95745	7.5849e-05	0.10679	0.0033943	105.70	0.0094609	17.827	19.605	63.067	35.543	100.10	260.38	13.572	1.5587e-05	0.028333
345.59	5.5290	625.57	0.0015985	9.8104	10.112	35.582	36.409	114.08	520.46	0.96389	7.5708e-05	0.10666	0.0033727	106.09	0.0094262	17.823	19.600	63.036	35.566	100.53	260.30	13.557	1.5601e-05	0.028417
345.74	5.5440	624.95	0.0016001	9.8242	10.127	35.623	36.414	114.39	519.33	0.97036	7.5569e-05	0.10653	0.0033512	106.48	0.0093916	17.819	19.594	63.006	35.588	100.96	260.21	13.541	1.5614e-05	0.028502
345.88	5.5589	624.33	0.0016017	9.8381	10.142	35.664	36.419	114.71	518.21	0.97686	7.5429e-05	0.10640	0.0033298	106.87	0.0093572	17.815	19.588	62.975	35.611	101.40	260.13	13.525	1.5628e-05	0.028587
346.03	5.5739	623.70	0.0016033	9.8519	10.156	35.704	36.424	115.03	517.09	0.98341	7.5289e-05	0.10627	0.0033084	107.26	0.0093229	17.811	19.582	62.944	35.634	101.84	260.05	13.509	1.5641e-05	0.028672
346.17	5.5888	623.08	0.0016049	9.8657	10.171	35.745	36.429	115.35	515.97	0.98998	7.5150e-05	0.10614	0.0032872	107.66	0.0092887	17.807	19.576	62.914	35.657	102.28	259.96	13.493	1.5655e-05	0.028758
346.31	5.6038	622.46	0.0016065	9.8795	10.186	35.786	36.435	115.67	514.85	0.99659	7.5011e-05	0.10601	0.0032659	108.05	0.0092548	17.803	19.570	62.883	35.680	102.73	259.88	13.477	1.5668e-05	0.028845
346.46	5.6188	621.83	0.0016082	9.8933	10.201	35.827	36.440	116.00	513.73	1.0032	7.4872e-05	0.10588	0.0032448	108.45	0.0092209	17.799	19.564	62.852	35.702	103.18	259.79	13.461	1.5682e-05	0.028931
346.60	5.6337	621.21	0.0016098	9.9070	10.216	35.867	36.446	116.33	512.61	1.0099	7.4734e-05	0.10575	0.0032237	108.85	0.0091873	17.794	19.558	62.821	35.725	103.64	259.71	13.445	1.5695e-05	0.029019
346.75	5.6487	620.58	0.0016114	9.9208	10.231	35.908	36.451	116.66	511.49	1.0166	7.4595e-05	0.10562	0.0032027	109.25	0.0091537	17.790	19.552	62.790	35.748	104.10	259.63	13.429	1.5709e-05	0.029106
346.89	5.6636	619.95	0.0016130	9.9346	10.246	35.949	36.457	117.00	510.37	1.0234	7.4457e-05	0.10550	0.0031817	109.64	0.0091203	17.786	19.546	62.760	35.771	104.56	259.54	13.413	1.5723e-05	0.029194
347.03	5.6786	619.33	0.0016147	9.9484	10.261	35.989	36.462	117.34	509.25	1.0302	7.4319e-05	0.10537	0.0031608	110.05	0.0090871	17.782	19.540	62.729	35.794	105.03	259.46	13.397	1.5737e-05	0.029283
347.17	5.6936	618.70	0.0016163	9.9621	10.276	36.030	36.468	117.68	508.13	1.0370	7.4181e-05	0.10524	0.0031400	110.45	0.0090540	17.777	19.534	62.698	35.817	105.51	259.37	13.381	1.5750e-05	0.029372
347.32	5.7085	618.07	0.0016179	9.9759	10.291	36.070	36.474	118.02	507.02	1.0439	7.4044e-05	0.10511	0.0031192	110.85	0.0090211	17.773	19.528	62.667	35.840	105.98	259.29	13.365	1.5764e-05	0.029462
347.46	5.7235	617.44	0.0016196	9.9897	10.306	36.111	36.480	118.37	505.90	1.0508	7.3906e-05	0.10499	0.0030985	111.26	0.0089882	17.769	19.522	62.636	35.863	106.47	259.20	13.349	1.5778e-05	0.029552
347.60	5.7384	616.81	0.0016212	10.003	10.320	36.151	36.486	118.72	504.78	1.0577	7.3769e-05	0.10486	0.0030779	111.66	0.0089556	17.764	19.516	62.605	35.887	106.95	259.12	13.333	1.5792e-05	0.029642
347.74	5.7534	616.18	0.0016229	10.017	10.335	36.192	36.492	119.08	503.67	1.0647	7.3632e-05	0.10473	0.0030573	112.07	0.0089230	17.760	19.509	62.574	35.910	107.45	259.03	13.317	1.5806e-05	0.029733
347.88	5.7684	615.55	0.0016246	10.031	10.350	36.232	36.498	119.43	502.55	1.0717	7.3495e-05	0.10461	0.0030368	112.48	0.0088906	17.755	19.503	62.543	35.933	107.94	258.95	13.301	1.5821e-05	0.029825
348.02	5.7833	614.92	0.0016262	10.045	10.365	36.273	36.504	119.79	501.44	1.0788	7.3359e-05	0.10448	0.0030164	112.89	0.0088584	17.751	19.497	62.512	35.956	108.44	258.86	13.285	1.5835e-05	0.029917
348.16	5.7983	614.29	0.0016279	10.058	10.380	36.313	36.510	120.16	500.33	1.0859	7.3222e-05	0.10435	0.0029960	113.30	0.0088263	17.746	19.491	62.481	35.980	108.95	258.78	13.269	1.5849e-05	0.030009
348.30	5.8133	613.66	0.0016296	10.072	10.395	36.354	36.517	120.53	499.21	1.0930	7.3086e-05	0.10423	0.0029757	113.71	0.0087943	17.742	19.484	62.449	36.003	109.46	258.70	13.253	1.5863e-05	0.030102
348.44	5.8282	613.02	0.0016313	10.086	10.410	36.394	36.523	120.90	498.10	1.1002	7.2950e-05	0.10410	0.0029554	114.12	0.0087624	17.737	19.478	62.418	36.026	109.98	258.61	13.236	1.5878e-05	0.030196
348.58	5.8432	612.39	0.0016330	10.100	10.425	36.434	36.529	121.27	496.99	1.1074	7.2814e-05	0.10398	0.0029352	114.54	0.0087307	17.733	19.471	62.387	36.050	110.50	258.53	13.220	1.5892e-05	0.030290
348.72	5.8581	611.75	0.0016347	10.113	10.440	36.475	36.536	121.65	495.88	1.1147	7.2678e-05	0.10385	0.0029151	114.95	0.0086991	17.728	19.465	62.356	36.073	111.03	258.44	13.204	1.5906e-05	0.030384
348.86	5.8731	611.11	0.0016364	10.127	10.455	36.515	36.542	122.03	494.77	1.1220	7.2542e-05	0.10373	0.0028951	115.37	0.0086676	17.723	19.458	62.324	36.097	111.56	258.36	13.188	1.5921e-05	0.030479
349.00	5.8881	610.48	0.0016381	10.141	10.470	36.555	36.549	122.42	493.66	1.1293	7.2406e-05	0.10360	0.0028751	115.79	0.0086363	17.719	19.452	62.293	36.121	112.09	258.27	13.171	1.5936e-05	0.030575
349.14	5.9030	609.84	0.0016398	10.155	10.484	36.596	36.556	122.81	492.55	1.1367	7.2271e-05	0.10348	0.0028551	116.21	0.0086051	17.714	19.445	62.262	36.144	112.64	258.19	13.155	1.5950e-05	0.030671
349.28	5.9180	609.20	0.0016415	10.168	10.499	36.636	36.563	123.20	491.44	1.1442	7.2136e-05	0.10335	0.0028352	116.63	0.0085740	17.709	19.439	62.230	36.168	113.18	258.10	13.139	1.5965e-05	0.030768
349.41	5.9329	608.56	0.0016432	10.182	10.514	36.676	36.570	123.60	490.33	1.1516	7.2001e-05	0.10323	0.0028154	117.05	0.0085430	17.705	19.432	62.199	36.192	113.74	258.02	13.123	1.5980e-05	0.030865
349.55	5.9479	607.92	0.0016450	10.196	10.529	36.717	36.577	124.00	489.22	1.1591	7.1866e-05	0.10311	0.0027957	117.48	0.0085122	17.700	19.425	62.167	36.215	114.30	257.93	13.106	1.5994e-05	0.030963
349.69	5.9629	607.28	0.0016467	10.209	10.544	36.757	36.584	124.40	488.11	1.1667	7.1731e-05	0.10298	0.0027760	117.90	0.0084815	17.695	19.419	62.136	36.239	114.86	257.85	13.090	1.6009e-05	0.031061
349.83	5.9778	606.64	0.0016484	10.223	10.559	36.797	36.591	124.81	487.00	1.1743	7.1596e-05	0.10286	0.0027564	118.33	0.0084509	17.690	19.412	62.104	36.263	115.43	257.76	13.073	1.6024e-05	0.031160
349.96	5.9928	605.99	0.0016502	10.237	10.574	36.837	36.598	125.23	485.89	1.1819	7.1462e-05	0.10274	0.0027368	118.76	0.0084204	17.685	19.405	62.072	36.287	116.01	257.67	13.057	1.6039e-05	0.031260
350.10	6.0078	605.35	0.0016519	10.251	10.589	36.878	36.605	125.64	484.78	1.1896	7.1327e-05	0.10262	0.0027173	119.19	0.0083901	17.681	19.398	62.041	36.311	116.59	257.59	13.041	1.6054e-05	0.031360
350.24	6.0227	604.71	0.0016537	10.264	10.604	36.918	36.613	126.06	483.68	1.1974	7.1193e-05	0.10249	0.0026978	119.62	0.0083598	17.676	19.392	62.009	36.335	117.18	257.50	13.024	1.6070e-05	0.031460
350.37	6.0377	604.06	0.0016555	10.278	10.619	36.958	36.620	126.49	482.57	1.2052	7.1059e-05	0.10237	0.0026785	120.05	0.0083297	17.671	19.385	61.977	36.359	117.77	257.42	13.008	1.6085e-05	0.031562
350.51	6.0526	603.41	0.0016572	10.292	10.634	36.998	36.627	126.92	481.46	1.2130	7.0925e-05	0.10225	0.0026591	120.49	0.0082997	17.666	19.378	61.945	36.383	118.37	257.33	12.991	1.6100e-05	0.031663
350.64	6.0676	602.77	0.0016590	10.305	10.649	37.038	36.635	127.35	480.36	1.2209	7.0791e-05	0.10213	0.0026399	120.92	0.0082698	17.661	19.371	61.913	36.407	118.98	257.25	12.975	1.6116e-05	0.031766
350.78	6.0826	602.12	0.0016608	10.319	10.663	37.078	36.643	127.79	479.25	1.2288	7.0657e-05	0.10201	0.0026207	121.36	0.0082400	17.656	19.364	61.881	36.431	119.59	257.16	12.958	1.6131e-05	0.031869
350.91	6.0975	601.47	0.0016626	10.333	10.678	37.119	36.651	128.24	478.15	1.2367	7.0524e-05	0.10189	0.0026015	121.80	0.0082104	17.651	19.357	61.849	36.455	120.21	257.08	12.941	1.6147e-05	0.031973
351.05	6.1125	600.82	0.0016644	10.347	10.693	37.159	36.658	128.68	477.04	1.2448	7.0390e-05	0.10177	0.0025824	122.24	0.0081808	17.645	19.350	61.817	36.480	120.84	256.99	12.925	1.6162e-05	0.032077
351.18	6.1274	600.17	0.0016662	10.360	10.708	37.199	36.666	129.14	475.94	1.2528	7.0257e-05	0.10165	0.0025634	122.68	0.0081514	17.640	19.343	61.785	36.504	121.47	256.90	12.908	1.6178e-05	0.032182
351.32	6.1424	599.51	0.0016680	10.374	10.723	37.239	36.674	129.59	474.83	1.2609	7.0123e-05	0.10153	0.0025445	123.12	0.0081221	17.635	19.335	61.753	36.528	122.11	256.82	12.891	1.6194e-05	0.032288
351.45	6.1574	598.86	0.0016698	10.388	10.738	37.279	36.682	130.06	473.73	1.2691	6.9990e-05	0.10141	0.0025256	123.57	0.0080929	17.630	19.328	61.721	36.553	122.76	256.73	12.875	1.6210e-05	0.032394
351.59	6.1723	598.20	0.0016717	10.401	10.753	37.319	36.691	130.52	472.62	1.2773	6.9857e-05	0.10129	0.0025067	124.01	0.0080638	17.625	19.321	61.689	36.577	123.41	256.65	12.858	1.6225e-05	0.032501
351.72	6.1873	597.55	0.0016735	10.415	10.768	37.359	36.699	131.00	471.52	1.2856	6.9724e-05	0.10117	0.0024879	124.46	0.0080348	17.620	19.314	61.656	36.602	124.08	256.56	12.841	1.6241e-05	0.032608
351.85	6.2022	596.89	0.0016753	10.429	10.783	37.400	36.707	131.47	470.41	1.2939	6.9591e-05	0.10105	0.0024692	124.91	0.0080059	17.614	19.307	61.624	36.626	124.74	256.48	12.824	1.6258e-05	0.032716
351.99	6.2172	596.23	0.0016772	10.443	10.798	37.440	36.716	131.96	469.31	1.3023	6.9458e-05	0.10093	0.0024505	125.36	0.0079771	17.609	19.299	61.592	36.651	125.42	256.39	12.807	1.6274e-05	0.032825
352.12	6.2322	595.58	0.0016790	10.456	10.813	37.480	36.724	132.45	468.21	1.3107	6.9325e-05	0.10081	0.0024319	125.81	0.0079484	17.604	19.292	61.559	36.676	126.10	256.30	12.790	1.6290e-05	0.032935
352.25	6.2471	594.91	0.0016809	10.470	10.828	37.520	36.733	132.94	467.10	1.3192	6.9192e-05	0.10069	0.0024134	126.27	0.0079198	17.598	19.284	61.527	36.700	126.80	256.22	12.774	1.6306e-05	0.033045
352.38	6.2621	594.25	0.0016828	10.484	10.843	37.560	36.741	133.44	466.00	1.3277	6.9060e-05	0.10058	0.0023949	126.72	0.0078913	17.593	19.277	61.494	36.725	127.50	256.13	12.757	1.6323e-05	0.033156
352.52	6.2771	593.59	0.0016847	10.498	10.858	37.600	36.750	133.94	464.90	1.3363	6.8927e-05	0.10046	0.0023764	127.18	0.0078629	17.587	19.269	61.461	36.750	128.20	256.05	12.740	1.6339e-05	0.033268
352.65	6.2920	592.93	0.0016865	10.511	10.873	37.640	36.759	134.45	463.79	1.3449	6.8795e-05	0.10034	0.0023581	127.64	0.0078347	17.582	19.262	61.429	36.775	128.92	255.96	12.722	1.6356e-05	0.033380
352.78	6.3070	592.26	0.0016884	10.525	10.888	37.680	36.768	134.97	462.69	1.3536	6.8663e-05	0.10023	0.0023398	128.10	0.0078065	17.576	19.254	61.396	36.800	129.64	255.87	12.705	1.6373e-05	0.033493
352.91	6.3219	591.60	0.0016903	10.539	10.903	37.721	36.777	135.49	461.59	1.3623	6.8530e-05	0.10011	0.0023215	128.56	0.0077784	17.571	19.247	61.363	36.825	130.38	255.79	12.688	1.6389e-05	0.033607
353.04	6.3369	590.93	0.0016922	10.553	10.918	37.761	36.786	136.02	460.49	1.3711	6.8398e-05	0.099992	0.0023033	129.03	0.0077504	17.565	19.239	61.330	36.850	131.12	255.70	12.671	1.6406e-05	0.033722
353.17	6.3519	590.26	0.0016942	10.566	10.933	37.801	36.796	136.55	459.38	1.3800	6.8266e-05	0.099876	0.0022852	129.49	0.0077225	17.560	19.231	61.297	36.875	131.87	255.61	12.654	1.6423e-05	0.033837
353.30	6.3668	589.59	0.0016961	10.580	10.948	37.841	36.805	137.09	458.28	1.3889	6.8134e-05	0.099760	0.0022671	129.96	0.0076948	17.554	19.224	61.264	36.900	132.63	255.53	12.637	1.6440e-05	0.033953
353.43	6.3818	588.92	0.0016980	10.594	10.963	37.881	36.814	137.64	457.18	1.3979	6.8002e-05	0.099644	0.0022490	130.43	0.0076671	17.548	19.216	61.231	36.926	133.39	255.44	12.619	1.6457e-05	0.034070
353.56	6.3967	588.25	0.0017000	10.608	10.978	37.921	36.824	138.19	456.08	1.4069	6.7869e-05	0.099529	0.0022311	130.90	0.0076395	17.543	19.208	61.198	36.951	134.17	255.36	12.602	1.6475e-05	0.034188
353.69	6.4117	587.57	0.0017019	10.621	10.993	37.962	36.833	138.75	454.98	1.4160	6.7738e-05	0.099413	0.0022132	131.37	0.0076120	17.537	19.200	61.165	36.976	134.96	255.27	12.585	1.6492e-05	0.034307
353.82	6.4267	586.90	0.0017039	10.635	11.008	38.002	36.843	139.32	453.87	1.4251	6.7606e-05	0.099299	0.0021953	131.85	0.0075845	17.531	19.192	61.131	37.002	135.75	255.18	12.567	1.6509e-05	0.034426
353.95	6.4416	586.22	0.0017058	10.649	11.024	38.042	36.853	139.89	452.77	1.4343	6.7474e-05	0.099184	0.0021775	132.32	0.0075572	17.525	19.184	61.098	37.027	136.56	255.10	12.550	1.6527e-05	0.034546
354.08	6.4566	585.55	0.0017078	10.663	11.039	38.082	36.863	140.47	451.67	1.4436	6.7342e-05	0.099070	0.0021598	132.80	0.0075300	17.519	19.176	61.065	37.053	137.37	255.01	12.532	1.6545e-05	0.034667
354.21	6.4715	584.87	0.0017098	10.677	11.054	38.122	36.873	141.05	450.57	1.4529	6.7210e-05	0.098956	0.0021421	133.28	0.0075028	17.514	19.168	61.031	37.079	138.20	254.92	12.515	1.6562e-05	0.034788
354.34	6.4865	584.19	0.0017118	10.690	11.069	38.163	36.883	141.65	449.47	1.4623	6.7078e-05	0.098842	0.0021245	133.77	0.0074758	17.508	19.160	60.998	37.104	139.03	254.84	12.497	1.6580e-05	0.034911
354.47	6.5015	583.50	0.0017138	10.704	11.084	38.203	36.893	142.25	448.37	1.4717	6.6946e-05	0.098729	0.0021069	134.25	0.0074488	17.502	19.152	60.964	37.130	139.88	254.75	12.480	1.6598e-05	0.035034
354.60	6.5164	582.82	0.0017158	10.718	11.099	38.243	36.904	142.86	447.26	1.4813	6.6815e-05	0.098616	0.0020894	134.74	0.0074219	17.496	19.144	60.930	37.156	140.73	254.66	12.462	1.6616e-05	0.035159
354.73	6.5314	582.14	0.0017178	10.732	11.114	38.283	36.914	143.47	446.16	1.4908	6.6683e-05	0.098504	0.0020719	135.22	0.0073951	17.490	19.136	60.896	37.182	141.60	254.58	12.444	1.6635e-05	0.035284
354.85	6.5464	581.45	0.0017198	10.746	11.130	38.324	36.925	144.10	445.06	1.5005	6.6551e-05	0.098391	0.0020545	135.71	0.0073684	17.484	19.127	60.862	37.208	142.48	254.49	12.426	1.6653e-05	0.035410
354.98	6.5613	580.76	0.0017219	10.760	11.145	38.364	36.935	144.73	443.96	1.5102	6.6420e-05	0.098279	0.0020372	136.21	0.0073418	17.477	19.119	60.829	37.234	143.37	254.40	12.409	1.6671e-05	0.035537
355.11	6.5763	580.07	0.0017239	10.774	11.160	38.404	36.946	145.37	442.86	1.5199	6.6288e-05	0.098167	0.0020199	136.70	0.0073153	17.471	19.111	60.794	37.260	144.27	254.32	12.391	1.6690e-05	0.035665
355.24	6.5912	579.38	0.0017260	10.787	11.175	38.445	36.957	146.01	441.76	1.5298	6.6156e-05	0.098056	0.0020027	137.20	0.0072888	17.465	19.102	60.760	37.286	145.18	254.23	12.373	1.6709e-05	0.035793
355.36	6.6062	578.69	0.0017280	10.801	11.190	38.485	36.968	146.67	440.65	1.5397	6.6025e-05	0.097945	0.0019855	137.70	0.0072624	17.459	19.094	60.726	37.312	146.11	254.14	12.355	1.6727e-05	0.035923
355.49	6.6212	578.00	0.0017301	10.815	11.206	38.525	36.979	147.33	439.55	1.5497	6.5893e-05	0.097834	0.0019684	138.20	0.0072361	17.453	19.086	60.692	37.339	147.04	254.06	12.337	1.6746e-05	0.036054
355.62	6.6361	577.30	0.0017322	10.829	11.221	38.566	36.990	148.01	438.45	1.5597	6.5761e-05	0.097724	0.0019513	138.70	0.0072099	17.446	19.077	60.657	37.365	147.99	253.97	12.319	1.6765e-05	0.036185
355.74	6.6511	576.60	0.0017343	10.843	11.236	38.606	37.001	148.69	437.35	1.5698	6.5630e-05	0.097614	0.0019343	139.20	0.0071838	17.440	19.068	60.623	37.392	148.95	253.88	12.300	1.6784e-05	0.036318
355.87	6.6660	575.90	0.0017364	10.857	11.251	38.647	37.013	149.38	436.24	1.5800	6.5498e-05	0.097504	0.0019173	139.71	0.0071577	17.434	19.060	60.588	37.418	149.93	253.80	12.282	1.6804e-05	0.036451
355.99	6.6810	575.20	0.0017385	10.871	11.267	38.687	37.024	150.08	435.14	1.5902	6.5366e-05	0.097395	0.0019004	140.22	0.0071317	17.427	19.051	60.554	37.445	150.92	253.71	12.264	1.6823e-05	0.036586
356.12	6.6960	574.50	0.0017406	10.885	11.282	38.728	37.036	150.79	434.04	1.6006	6.5234e-05	0.097286	0.0018836	140.73	0.0071058	17.421	19.042	60.519	37.471	151.92	253.62	12.246	1.6843e-05	0.036721
356.25	6.7109	573.80	0.0017428	10.899	11.297	38.768	37.047	151.51	432.94	1.6110	6.5103e-05	0.097177	0.0018668	141.24	0.0070800	17.414	19.034	60.484	37.498	152.93	253.53	12.227	1.6862e-05	0.036858
356.37	6.7259	573.09	0.0017449	10.913	11.313	38.809	37.059	152.24	431.83	1.6214	6.4971e-05	0.097069	0.0018501	141.76	0.0070543	17.408	19.025	60.449	37.525	153.96	253.45	12.209	1.6882e-05	0.036995
356.50	6.7409	572.38	0.0017471	10.927	11.328	38.849	37.071	152.98	430.73	1.6320	6.4839e-05	0.096961	0.0018334	142.28	0.0070286	17.401	19.016	60.414	37.552	155.00	253.36	12.190	1.6902e-05	0.037134
356.62	6.7558	571.67	0.0017492	10.941	11.343	38.890	37.083	153.73	429.63	1.6426	6.4707e-05	0.096853	0.0018168	142.80	0.0070030	17.394	19.007	60.379	37.579	156.06	253.27	12.172	1.6922e-05	0.037274
356.75	6.7708	570.96	0.0017514	10.955	11.359	38.931	37.096	154.48	428.52	1.6533	6.4575e-05	0.096746	0.0018002	143.32	0.0069774	17.388	18.998	60.344	37.606	157.13	253.19	12.153	1.6942e-05	0.037414
356.87	6.7857	570.25	0.0017536	10.969	11.374	38.971	37.108	155.25	427.42	1.6641	6.4443e-05	0.096640	0.0017837	143.84	0.0069520	17.381	18.989	60.309	37.633	158.22	253.10	12.135	1.6963e-05	0.037556
356.99	6.8007	569.54	0.0017558	10.983	11.390	39.012	37.120	156.04	426.32	1.6749	6.4311e-05	0.096533	0.0017672	144.37	0.0069266	17.374	18.980	60.273	37.660	159.32	253.01	12.116	1.6983e-05	0.037699
357.12	6.8157	568.82	0.0017580	10.997	11.405	39.053	37.133	156.83	425.21	1.6859	6.4179e-05	0.096427	0.0017508	144.90	0.0069013	17.368	18.971	60.238	37.688	160.44	252.92	12.097	1.7004e-05	0.037843
357.24	6.8306	568.10	0.0017603	11.011	11.421	39.094	37.146	157.63	424.11	1.6969	6.4047e-05	0.096322	0.0017345	145.43	0.0068760	17.361	18.961	60.202	37.715	161.57	252.84	12.078	1.7025e-05	0.037989
357.36	6.8456	567.38	0.0017625	11.025	11.436	39.135	37.158	158.44	423.00	1.7079	6.3915e-05	0.096217	0.0017182	145.97	0.0068508	17.354	18.952	60.167	37.743	162.72	252.75	12.059	1.7046e-05	0.038135
357.49	6.8605	566.66	0.0017647	11.039	11.452	39.175	37.171	159.27	421.90	1.7191	6.3783e-05	0.096112	0.0017020	146.50	0.0068257	17.347	18.943	60.131	37.770	163.89	252.66	12.040	1.7067e-05	0.038283
357.61	6.8755	565.93	0.0017670	11.053	11.467	39.216	37.184	160.11	420.79	1.7304	6.3651e-05	0.096008	0.0016858	147.04	0.0068007	17.340	18.933	60.095	37.798	165.07	252.57	12.021	1.7088e-05	0.038431
357.73	6.8905	565.20	0.0017693	11.067	11.483	39.257	37.198	160.96	419.69	1.7417	6.3518e-05	0.095904	0.0016697	147.59	0.0067757	17.333	18.924	60.059	37.826	166.28	252.49	12.002	1.7109e-05	0.038581
357.86	6.9054	564.48	0.0017716	11.081	11.498	39.298	37.211	161.82	418.58	1.7531	6.3386e-05	0.095801	0.0016536	148.13	0.0067508	17.326	18.915	60.023	37.854	167.50	252.40	11.983	1.7131e-05	0.038732
357.98	6.9204	563.74	0.0017739	11.095	11.514	39.339	37.224	162.70	417.47	1.7646	6.3253e-05	0.095698	0.0016376	148.68	0.0067259	17.319	18.905	59.986	37.882	168.73	252.31	11.964	1.7153e-05	0.038885
358.10	6.9353	563.01	0.0017762	11.110	11.529	39.380	37.238	163.59	416.37	1.7762	6.3120e-05	0.095595	0.0016216	149.23	0.0067011	17.312	18.895	59.950	37.910	169.99	252.23	11.944	1.7175e-05	0.039039
358.22	6.9503	562.28	0.0017785	11.124	11.545	39.422	37.252	164.49	415.26	1.7879	6.2988e-05	0.095493	0.0016057	149.78	0.0066764	17.304	18.886	59.914	37.938	171.27	252.14	11.925	1.7197e-05	0.039194
358.34	6.9653	561.54	0.0017808	11.138	11.561	39.463	37.266	165.41	414.15	1.7997	6.2855e-05	0.095392	0.0015898	150.34	0.0066517	17.297	18.876	59.877	37.966	172.56	252.05	11.905	1.7219e-05	0.039350
358.47	6.9802	560.80	0.0017832	11.152	11.576	39.504	37.280	166.34	413.05	1.8115	6.2722e-05	0.095291	0.0015740	150.90	0.0066271	17.290	18.866	59.840	37.994	173.88	251.96	11.886	1.7241e-05	0.039508
358.59	6.9952	560.06	0.0017855	11.166	11.592	39.545	37.294	167.29	411.94	1.8235	6.2589e-05	0.095190	0.0015583	151.46	0.0066026	17.282	18.856	59.803	38.023	175.21	251.88	11.866	1.7264e-05	0.039667
358.71	7.0102	559.31	0.0017879	11.181	11.608	39.586	37.308	168.25	410.83	1.8355	6.2456e-05	0.095090	0.0015426	152.02	0.0065781	17.275	18.847	59.766	38.051	176.57	251.79	11.846	1.7287e-05	0.039827
358.83	7.0251	558.57	0.0017903	11.195	11.624	39.628	37.323	169.22	409.72	1.8477	6.2322e-05	0.094991	0.0015270	152.59	0.0065537	17.268	18.837	59.729	38.080	177.95	251.70	11.827	1.7310e-05	0.039989
358.95	7.0401	557.82	0.0017927	11.209	11.639	39.669	37.337	170.21	408.61	1.8599	6.2189e-05	0.094892	0.0015114	153.16	0.0065293	17.260	18.827	59.692	38.108	179.35	251.61	11.807	1.7333e-05	0.040152
359.07	7.0550	557.07	0.0017951	11.224	11.655	39.711	37.352	171.22	407.50	1.8722	6.2055e-05	0.094794	0.0014959	153.73	0.0065050	17.252	18.816	59.655	38.137	180.77	251.52	11.787	1.7356e-05	0.040317
359.19	7.0700	556.31	0.0017976	11.238	11.671	39.752	37.367	172.24	406.39	1.8847	6.1922e-05	0.094696	0.0014804	154.30	0.0064807	17.245	18.806	59.617	38.166	182.22	251.44	11.767	1.7380e-05	0.040483
359.31	7.0850	555.56	0.0018000	11.252	11.687	39.794	37.382	173.28	405.28	1.8972	6.1788e-05	0.094599	0.0014650	154.88	0.0064565	17.237	18.796	59.580	38.195	183.69	251.35	11.747	1.7404e-05	0.040650
359.43	7.0999	554.80	0.0018025	11.267	11.703	39.836	37.397	174.34	404.17	1.9098	6.1654e-05	0.094502	0.0014496	155.46	0.0064324	17.229	18.786	59.542	38.224	185.18	251.26	11.726	1.7428e-05	0.040819
359.55	7.1149	554.04	0.0018049	11.281	11.719	39.877	37.412	175.42	403.06	1.9225	6.1520e-05	0.094406	0.0014343	156.05	0.0064083	17.222	18.776	59.504	38.253	186.70	251.17	11.706	1.7452e-05	0.040990
359.67	7.1298	553.27	0.0018074	11.295	11.735	39.919	37.428	176.51	401.94	1.9353	6.1385e-05	0.094311	0.0014190	156.64	0.0063842	17.214	18.765	59.466	38.283	188.24	251.09	11.686	1.7476e-05	0.041162
359.79	7.1448	552.50	0.0018099	11.310	11.751	39.961	37.443	177.62	400.83	1.9483	6.1251e-05	0.094216	0.0014038	157.23	0.0063602	17.206	18.755	59.428	38.312	189.81	251.00	11.665	1.7501e-05	0.041336
359.91	7.1598	551.74	0.0018125	11.324	11.767	40.003	37.459	178.75	399.72	1.9613	6.1116e-05	0.094122	0.0013887	157.82	0.0063363	17.198	18.744	59.390	38.341	191.41	250.91	11.645	1.7526e-05	0.041511
360.03	7.1747	550.96	0.0018150	11.339	11.783	40.045	37.475	179.90	398.61	1.9744	6.0981e-05	0.094029	0.0013736	158.42	0.0063124	17.190	18.734	59.351	38.371	193.03	250.82	11.624	1.7551e-05	0.041688
360.15	7.1897	550.19	0.0018176	11.353	11.799	40.087	37.491	181.07	397.49	1.9877	6.0846e-05	0.093936	0.0013585	159.02	0.0062885	17.182	18.723	59.313	38.401	194.68	250.73	11.603	1.7576e-05	0.041867
360.26	7.2047	549.41	0.0018201	11.368	11.815	40.129	37.508	182.26	396.38	2.0010	6.0711e-05	0.093844	0.0013435	159.62	0.0062648	17.174	18.712	59.274	38.431	196.36	250.65	11.583	1.7601e-05	0.042047
360.38	7.2196	548.63	0.0018227	11.382	11.831	40.171	37.524	183.47	395.26	2.0145	6.0575e-05	0.093753	0.0013286	160.23	0.0062410	17.166	18.701	59.235	38.461	198.07	250.56	11.562	1.7627e-05	0.042230
360.50	7.2346	547.85	0.0018253	11.397	11.847	40.213	37.541	184.70	394.14	2.0280	6.0440e-05	0.093662	0.0013137	160.84	0.0062173	17.157	18.690	59.196	38.491	199.81	250.47	11.541	1.7653e-05	0.042414
360.62	7.2495	547.06	0.0018280	11.412	11.863	40.256	37.557	185.95	393.03	2.0417	6.0304e-05	0.093572	0.0012989	161.46	0.0061937	17.149	18.679	59.157	38.521	201.59	250.38	11.520	1.7679e-05	0.042599
360.74	7.2645	546.27	0.0018306	11.426	11.880	40.298	37.574	187.23	391.91	2.0555	6.0168e-05	0.093483	0.0012841	162.07	0.0061700	17.141	18.668	59.118	38.551	203.39	250.29	11.498	1.7706e-05	0.042787
360.85	7.2795	545.48	0.0018333	11.441	11.896	40.341	37.592	188.53	390.79	2.0694	6.0032e-05	0.093395	0.0012694	162.69	0.0061465	17.132	18.657	59.078	38.582	205.22	250.21	11.477	1.7732e-05	0.042976
360.97	7.2944	544.68	0.0018359	11.456	11.912	40.383	37.609	189.86	389.67	2.0835	5.9895e-05	0.093308	0.0012548	163.32	0.0061229	17.124	18.646	59.038	38.612	207.09	250.12	11.456	1.7759e-05	0.043167
361.09	7.3094	543.88	0.0018386	11.470	11.928	40.426	37.626	191.20	388.55	2.0976	5.9758e-05	0.093221	0.0012401	163.95	0.0060995	17.115	18.635	58.999	38.643	209.00	250.03	11.434	1.7786e-05	0.043361
361.21	7.3243	543.08	0.0018413	11.485	11.945	40.469	37.644	192.58	387.43	2.1119	5.9621e-05	0.093135	0.0012256	164.58	0.0060760	17.107	18.623	58.959	38.674	210.94	249.94	11.413	1.7814e-05	0.043556
361.32	7.3393	542.28	0.0018441	11.500	11.961	40.512	37.662	193.98	386.31	2.1263	5.9484e-05	0.093051	0.0012111	165.22	0.0060526	17.098	18.612	58.918	38.704	212.91	249.85	11.391	1.7841e-05	0.043753
361.44	7.3543	541.47	0.0018468	11.515	11.978	40.555	37.680	195.41	385.19	2.1408	5.9346e-05	0.092967	0.0011966	165.86	0.0060293	17.089	18.601	58.878	38.735	214.92	249.77	11.369	1.7869e-05	0.043952
361.55	7.3692	540.66	0.0018496	11.530	11.994	40.598	37.698	196.86	384.07	2.1555	5.9208e-05	0.092884	0.0011822	166.50	0.0060059	17.081	18.589	58.838	38.767	216.98	249.68	11.347	1.7898e-05	0.044154
361.67	7.3842	539.84	0.0018524	11.545	12.011	40.641	37.717	198.34	382.95	2.1702	5.9070e-05	0.092802	0.0011679	167.15	0.0059826	17.072	18.577	58.797	38.798	219.07	249.59	11.325	1.7926e-05	0.044357
361.79	7.3991	539.02	0.0018552	11.560	12.027	40.684	37.735	199.86	381.82	2.1851	5.8932e-05	0.092721	0.0011536	167.80	0.0059594	17.063	18.566	58.756	38.829	221.20	249.50	11.303	1.7955e-05	0.044563
361.90	7.4141	538.20	0.0018580	11.575	12.044	40.727	37.754	201.40	380.70	2.2002	5.8793e-05	0.092641	0.0011394	168.46	0.0059362	17.054	18.554	58.715	38.861	223.37	249.41	11.281	1.7984e-05	0.044770
362.02	7.4291	537.37	0.0018609	11.590	12.061	40.771	37.773	202.97	379.57	2.2154	5.8654e-05	0.092562	0.0011252	169.12	0.0059130	17.045	18.542	58.674	38.893	225.59	249.33	11.258	1.8014e-05	0.044981
362.13	7.4440	536.54	0.0018638	11.605	12.077	40.814	37.792	204.58	378.44	2.2307	5.8515e-05	0.092484	0.0011111	169.78	0.0058898	17.036	18.530	58.632	38.924	227.85	249.24	11.236	1.8043e-05	0.045193
362.25	7.4590	535.71	0.0018667	11.620	12.094	40.858	37.812	206.22	377.32	2.2461	5.8375e-05	0.092407	0.0010970	170.45	0.0058667	17.026	18.518	58.590	38.956	230.16	249.15	11.213	1.8073e-05	0.045408
362.36	7.4740	534.87	0.0018696	11.635	12.111	40.902	37.831	207.89	376.19	2.2617	5.8235e-05	0.092332	0.0010830	171.13	0.0058436	17.017	18.505	58.549	38.988	232.51	249.06	11.191	1.8104e-05	0.045625
362.48	7.4889	534.03	0.0018725	11.650	12.128	40.946	37.851	209.60	375.06	2.2774	5.8095e-05	0.092257	0.0010691	171.80	0.0058206	17.008	18.493	58.506	39.021	234.92	248.97	11.168	1.8134e-05	0.045844
362.59	7.5039	533.19	0.0018755	11.665	12.145	40.990	37.871	211.34	373.93	2.2933	5.7954e-05	0.092184	0.0010552	172.49	0.0057975	16.998	18.481	58.464	39.053	237.37	248.88	11.145	1.8165e-05	0.046067
362.71	7.5188	532.34	0.0018785	11.680	12.162	41.034	37.892	213.12	372.80	2.3093	5.7813e-05	0.092112	0.0010413	173.17	0.0057745	16.989	18.468	58.422	39.085	239.87	248.80	11.122	1.8197e-05	0.046291
362.82	7.5338	531.48	0.0018815	11.696	12.179	41.078	37.912	214.94	371.67	2.3255	5.7671e-05	0.092041	0.0010275	173.87	0.0057516	16.979	18.456	58.379	39.118	242.43	248.71	11.098	1.8228e-05	0.046518
362.94	7.5488	530.63	0.0018846	11.711	12.196	41.123	37.933	216.80	370.53	2.3418	5.7530e-05	0.091972	0.0010138	174.56	0.0057286	16.969	18.443	58.336	39.151	245.05	248.62	11.075	1.8260e-05	0.046748
363.05	7.5637	529.76	0.0018876	11.726	12.213	41.167	37.954	218.70	369.40	2.3582	5.7387e-05	0.091904	0.0010001	175.26	0.0057057	16.960	18.430	58.293	39.184	247.72	248.53	11.052	1.8293e-05	0.046981
363.16	7.5787	528.90	0.0018907	11.742	12.230	41.212	37.975	220.64	368.27	2.3749	5.7245e-05	0.091838	0.00098646	175.97	0.0056828	16.950	18.418	58.250	39.217	250.44	248.44	11.028	1.8326e-05	0.047217
363.28	7.5936	528.03	0.0018938	11.757	12.247	41.256	37.996	222.63	367.13	2.3916	5.7102e-05	0.091773	0.00097289	176.68	0.0056599	16.940	18.405	58.206	39.250	253.23	248.35	11.004	1.8359e-05	0.047455
363.39	7.6086	527.15	0.0018970	11.773	12.265	41.301	38.018	224.66	365.99	2.4086	5.6958e-05	0.091709	0.00095937	177.40	0.0056371	16.930	18.392	58.162	39.284	256.09	248.26	10.980	1.8392e-05	0.047696
363.50	7.6236	526.27	0.0019002	11.788	12.282	41.346	38.040	226.74	364.85	2.4257	5.6814e-05	0.091647	0.00094591	178.12	0.0056142	16.920	18.378	58.118	39.317	259.00	248.18	10.956	1.8426e-05	0.047940
363.61	7.6385	525.39	0.0019034	11.804	12.299	41.392	38.062	228.86	363.72	2.4430	5.6670e-05	0.091587	0.00093250	178.85	0.0055914	16.910	18.365	58.074	39.351	261.98	248.09	10.932	1.8461e-05	0.048188
363.73	7.6535	524.50	0.0019066	11.820	12.317	41.437	38.085	231.04	362.57	2.4604	5.6525e-05	0.091528	0.00091914	179.58	0.0055686	16.899	18.352	58.029	39.385	265.04	248.00	10.908	1.8495e-05	0.048438
363.84	7.6684	523.61	0.0019098	11.835	12.334	41.483	38.107	233.27	361.43	2.4780	5.6379e-05	0.091471	0.00090585	180.32	0.0055458	16.889	18.338	57.984	39.419	268.16	247.91	10.883	1.8530e-05	0.048692
363.95	7.6834	522.71	0.0019131	11.851	12.352	41.528	38.130	235.55	360.29	2.4958	5.6233e-05	0.091416	0.00089261	181.06	0.0055230	16.878	18.325	57.939	39.453	271.36	247.82	10.858	1.8566e-05	0.048949
364.06	7.6984	521.80	0.0019164	11.867	12.370	41.574	38.153	237.89	359.15	2.5137	5.6087e-05	0.091363	0.00087942	181.81	0.0055003	16.868	18.311	57.894	39.487	274.63	247.73	10.834	1.8602e-05	0.049209
364.18	7.7133	520.89	0.0019198	11.883	12.387	41.620	38.177	240.29	358.00	2.5319	5.5940e-05	0.091312	0.00086629	182.56	0.0054775	16.857	18.297	57.848	39.522	277.99	247.64	10.809	1.8639e-05	0.049473
364.29	7.7283	519.98	0.0019232	11.899	12.405	41.666	38.201	242.75	356.86	2.5502	5.5793e-05	0.091262	0.00085321	183.32	0.0054548	16.847	18.283	57.802	39.557	281.42	247.55	10.784	1.8676e-05	0.049740
364.40	7.7433	519.06	0.0019266	11.915	12.423	41.712	38.225	245.27	355.71	2.5687	5.5645e-05	0.091215	0.00084020	184.09	0.0054321	16.836	18.269	57.756	39.592	284.94	247.47	10.758	1.8713e-05	0.050011
364.51	7.7582	518.13	0.0019300	11.931	12.441	41.759	38.249	247.85	354.56	2.5874	5.5496e-05	0.091170	0.00082723	184.86	0.0054094	16.825	18.255	57.709	39.627	288.55	247.38	10.733	1.8751e-05	0.050286
364.62	7.7732	517.20	0.0019335	11.947	12.459	41.806	38.274	250.50	353.41	2.6063	5.5347e-05	0.091126	0.00081433	185.64	0.0053866	16.814	18.241	57.663	39.662	292.25	247.29	10.707	1.8789e-05	0.050564
364.73	7.7881	516.26	0.0019370	11.963	12.477	41.853	38.298	253.22	352.26	2.6254	5.5197e-05	0.091086	0.00080148	186.43	0.0053639	16.803	18.226	57.616	39.698	296.05	247.20	10.681	1.8828e-05	0.050847
364.84	7.8031	515.32	0.0019405	11.979	12.495	41.900	38.324	256.01	351.11	2.6447	5.5046e-05	0.091047	0.00078869	187.22	0.0053412	16.791	18.212	57.568	39.733	299.94	247.11	10.655	1.8867e-05	0.051133
364.95	7.8181	514.37	0.0019441	11.995	12.513	41.947	38.349	258.88	349.95	2.6642	5.4895e-05	0.091011	0.00077595	188.02	0.0053185	16.780	18.197	57.521	39.769	303.94	247.02	10.629	1.8907e-05	0.051424
365.06	7.8330	513.42	0.0019477	12.012	12.532	41.994	38.375	261.83	348.80	2.6838	5.4744e-05	0.090978	0.00076327	188.83	0.0052958	16.768	18.182	57.473	39.805	308.05	246.93	10.603	1.8948e-05	0.051718
365.17	7.8480	512.46	0.0019514	12.028	12.550	42.042	38.401	264.86	347.64	2.7038	5.4591e-05	0.090947	0.00075065	189.64	0.0052731	16.757	18.167	57.424	39.841	312.26	246.84	10.576	1.8989e-05	0.052018
365.28	7.8629	511.49	0.0019551	12.045	12.569	42.090	38.427	267.97	346.48	2.7239	5.4438e-05	0.090918	0.00073809	190.46	0.0052504	16.745	18.152	57.375	39.878	316.59	246.75	10.550	1.9031e-05	0.052321
365.39	7.8779	510.51	0.0019588	12.061	12.587	42.138	38.454	271.18	345.32	2.7442	5.4284e-05	0.090893	0.00072558	191.29	0.0052277	16.733	18.137	57.326	39.914	321.04	246.67	10.523	1.9073e-05	0.052630
365.50	7.8929	509.53	0.0019626	12.078	12.606	42.187	38.481	274.47	344.16	2.7648	5.4130e-05	0.090870	0.00071314	192.12	0.0052050	16.721	18.122	57.277	39.951	325.62	246.58	10.496	1.9116e-05	0.052943
365.61	7.9078	508.55	0.0019664	12.095	12.625	42.235	38.509	277.86	343.00	2.7855	5.3974e-05	0.090851	0.00070075	192.96	0.0051823	16.709	18.106	57.227	39.988	330.33	246.49	10.468	1.9159e-05	0.053261
365.72	7.9228	507.55	0.0019702	12.112	12.644	42.284	38.537	281.36	341.83	2.8066	5.3818e-05	0.090834	0.00068841	193.82	0.0051596	16.697	18.090	57.177	40.025	335.17	246.40	10.441	1.9203e-05	0.053584
365.83	7.9378	506.55	0.0019741	12.128	12.662	42.333	38.565	284.95	340.67	2.8278	5.3661e-05	0.090821	0.00067614	194.67	0.0051368	16.685	18.074	57.127	40.063	340.15	246.31	10.413	1.9248e-05	0.053912
365.94	7.9527	505.54	0.0019781	12.145	12.682	42.382	38.593	288.66	339.50	2.8493	5.3504e-05	0.090811	0.00066393	195.54	0.0051141	16.672	18.058	57.076	40.100	345.29	246.22	10.385	1.9293e-05	0.054246
366.05	7.9677	504.52	0.0019821	12.162	12.701	42.432	38.622	292.49	338.33	2.8710	5.3345e-05	0.090804	0.00065177	196.41	0.0050913	16.660	18.042	57.025	40.138	350.57	246.13	10.357	1.9339e-05	0.054585
366.16	7.9826	503.50	0.0019861	12.180	12.720	42.482	38.651	296.43	337.16	2.8930	5.3186e-05	0.090802	0.00063967	197.30	0.0050685	16.647	18.026	56.973	40.176	356.02	246.04	10.328	1.9386e-05	0.054930
366.27	7.9976	502.46	0.0019902	12.197	12.739	42.532	38.681	300.50	335.98	2.9152	5.3025e-05	0.090802	0.00062764	198.19	0.0050457	16.634	18.010	56.921	40.215	361.64	245.95	10.300	1.9434e-05	0.055281
366.37	8.0126	501.42	0.0019943	12.214	12.759	42.582	38.711	304.70	334.81	2.9377	5.2864e-05	0.090807	0.00061566	199.09	0.0050228	16.621	17.993	56.868	40.253	367.43	245.86	10.271	1.9482e-05	0.055638
366.48	8.0275	500.37	0.0019985	12.232	12.778	42.633	38.741	309.04	333.63	2.9605	5.2702e-05	0.090816	0.00060374	200.00	0.0050000	16.608	17.976	56.816	40.292	373.42	245.77	10.242	1.9531e-05	0.056001
366.59	8.0425	499.31	0.0020028	12.249	12.798	42.684	38.772	313.53	332.45	2.9835	5.2539e-05	0.090829	0.00059189	200.92	0.0049771	16.595	17.959	56.762	40.331	379.59	245.69	10.213	1.9581e-05	0.056371
366.70	8.0574	498.24	0.0020070	12.267	12.818	42.735	38.803	318.17	331.27	3.0069	5.2374e-05	0.090846	0.00058009	201.85	0.0049542	16.581	17.942	56.708	40.370	385.97	245.60	10.183	1.9631e-05	0.056748
366.81	8.0724	497.17	0.0020114	12.285	12.838	42.787	38.835	322.96	330.09	3.0304	5.2209e-05	0.090868	0.00056835	202.79	0.0049312	16.568	17.924	56.654	40.410	392.56	245.51	10.153	1.9683e-05	0.057132
366.91	8.0874	496.08	0.0020158	12.302	12.858	42.839	38.867	327.93	328.91	3.0543	5.2042e-05	0.090895	0.00055668	203.74	0.0049083	16.554	17.907	56.599	40.450	399.38	245.42	10.123	1.9735e-05	0.057522
367.02	8.1023	494.99	0.0020203	12.320	12.878	42.891	38.900	333.08	327.72	3.0785	5.1875e-05	0.090926	0.00054507	204.70	0.0048852	16.540	17.889	56.544	40.490	406.43	245.33	10.093	1.9789e-05	0.057921
367.13	8.1173	493.88	0.0020248	12.338	12.899	42.944	38.933	338.41	326.53	3.1030	5.1706e-05	0.090963	0.00053352	205.67	0.0048622	16.526	17.871	56.488	40.530	413.73	245.24	10.062	1.9843e-05	0.058327
367.23	8.1322	492.77	0.0020294	12.357	12.919	42.997	38.966	343.94	325.34	3.1278	5.1536e-05	0.091005	0.00052203	206.65	0.0048391	16.512	17.853	56.432	40.570	421.29	245.15	10.031	1.9898e-05	0.058741
367.34	8.1472	491.64	0.0020340	12.375	12.940	43.051	39.000	349.68	324.15	3.1529	5.1365e-05	0.091052	0.00051060	207.64	0.0048159	16.497	17.834	56.375	40.611	429.13	245.06	9.9997	1.9955e-05	0.059164
367.45	8.1622	490.50	0.0020387	12.393	12.961	43.104	39.034	355.64	322.95	3.1783	5.1193e-05	0.091106	0.00049924	208.65	0.0047927	16.483	17.816	56.318	40.652	437.25	244.97	9.9681	2.0012e-05	0.059596
367.55	8.1771	489.35	0.0020435	12.412	12.982	43.159	39.069	361.83	321.76	3.2041	5.1019e-05	0.091165	0.00048794	209.67	0.0047695	16.468	17.797	56.260	40.693	445.69	244.88	9.9363	2.0070e-05	0.060036
367.66	8.1921	488.19	0.0020484	12.431	13.003	43.213	39.105	368.27	320.56	3.2302	5.0844e-05	0.091231	0.00047670	210.70	0.0047462	16.453	17.778	56.201	40.735	454.44	244.79	9.9041	2.0130e-05	0.060486
367.76	8.2071	487.02	0.0020533	12.450	13.024	43.268	39.141	374.97	319.35	3.2566	5.0668e-05	0.091303	0.00046553	211.74	0.0047228	16.438	17.759	56.142	40.777	463.54	244.70	9.8716	2.0190e-05	0.060946
367.87	8.2220	485.84	0.0020583	12.469	13.045	43.324	39.177	381.94	318.15	3.2834	5.0490e-05	0.091382	0.00045443	212.79	0.0046994	16.422	17.739	56.082	40.819	473.01	244.61	9.8388	2.0252e-05	0.061416
367.98	8.2370	484.64	0.0020634	12.488	13.067	43.380	39.215	389.22	316.94	3.3106	5.0310e-05	0.091468	0.00044339	213.86	0.0046759	16.407	17.719	56.022	40.861	482.85	244.52	9.8056	2.0315e-05	0.061897
368.08	8.2519	483.43	0.0020686	12.507	13.089	43.436	39.252	396.80	315.73	3.3381	5.0129e-05	0.091562	0.00043241	214.95	0.0046523	16.391	17.699	55.961	40.904	493.11	244.43	9.7721	2.0379e-05	0.062389
368.19	8.2669	482.21	0.0020738	12.527	13.111	43.493	39.290	404.71	314.52	3.3660	4.9947e-05	0.091664	0.00042150	216.04	0.0046287	16.375	17.679	55.899	40.947	503.80	244.35	9.7382	2.0444e-05	0.062893
368.29	8.2819	480.97	0.0020791	12.546	13.133	43.551	39.329	412.99	313.31	3.3944	4.9762e-05	0.091774	0.00041066	217.16	0.0046050	16.358	17.658	55.837	40.990	514.95	244.26	9.7039	2.0511e-05	0.063409
368.40	8.2968	479.72	0.0020846	12.566	13.156	43.609	39.369	421.64	312.09	3.4231	4.9576e-05	0.091893	0.00039989	218.29	0.0045812	16.342	17.637	55.774	41.034	526.59	244.17	9.6693	2.0580e-05	0.063938
368.50	8.3118	478.45	0.0020901	12.586	13.178	43.667	39.409	430.69	310.87	3.4522	4.9388e-05	0.092021	0.00038918	219.43	0.0045573	16.325	17.616	55.710	41.078	538.75	244.08	9.6342	2.0649e-05	0.064480
368.60	8.3267	477.17	0.0020957	12.606	13.201	43.726	39.450	440.18	309.65	3.4818	4.9198e-05	0.092158	0.00037855	220.59	0.0045333	16.308	17.594	55.645	41.122	551.47	243.99	9.5988	2.0721e-05	0.065037
368.71	8.3417	475.87	0.0021014	12.627	13.224	43.786	39.491	450.13	308.42	3.5118	4.9007e-05	0.092306	0.00036798	221.77	0.0045092	16.291	17.573	55.580	41.167	564.79	243.90	9.5629	2.0794e-05	0.065608
368.81	8.3567	474.55	0.0021072	12.647	13.247	43.846	39.533	460.58	307.19	3.5423	4.8813e-05	0.092465	0.00035748	222.97	0.0044850	16.273	17.550	55.513	41.212	578.75	243.81	9.5266	2.0868e-05	0.066195
368.92	8.3716	473.22	0.0021132	12.668	13.271	43.907	39.576	471.56	305.96	3.5732	4.8617e-05	0.092634	0.00034705	224.18	0.0044607	16.255	17.528	55.446	41.257	593.40	243.72	9.4898	2.0944e-05	0.066798
369.02	8.3866	471.87	0.0021192	12.689	13.295	43.969	39.620	483.12	304.72	3.6047	4.8419e-05	0.092816	0.00033670	225.42	0.0044363	16.237	17.505	55.378	41.303	608.78	243.63	9.4526	2.1023e-05	0.067419
369.12	8.4016	470.50	0.0021254	12.710	13.319	44.031	39.664	495.30	303.49	3.6366	4.8218e-05	0.093010	0.00032642	226.67	0.0044117	16.219	17.482	55.309	41.349	624.96	243.55	9.4149	2.1103e-05	0.068058
369.23	8.4165	469.11	0.0021317	12.732	13.343	44.095	39.709	508.16	302.24	3.6691	4.8015e-05	0.093218	0.00031621	227.95	0.0043870	16.200	17.458	55.239	41.395	641.99	243.46	9.3767	2.1184e-05	0.068716
369.33	8.4315	467.70	0.0021381	12.754	13.368	44.158	39.755	521.74	301.00	3.7020	4.7810e-05	0.093439	0.00030607	229.24	0.0043622	16.181	17.434	55.168	41.441	659.95	243.37	9.3379	2.1268e-05	0.069395
369.43	8.4464	466.27	0.0021447	12.776	13.393	44.223	39.802	536.11	299.75	3.7356	4.7602e-05	0.093676	0.00029601	230.56	0.0043372	16.161	17.410	55.095	41.488	678.91	243.28	9.2986	2.1355e-05	0.070096
369.54	8.4614	464.81	0.0021514	12.798	13.418	44.289	39.850	551.34	298.50	3.7697	4.7391e-05	0.093929	0.00028603	231.91	0.0043121	16.141	17.385	55.022	41.536	698.95	243.19	9.2588	2.1443e-05	0.070820
369.64	8.4764	463.34	0.0021583	12.821	13.444	44.355	39.899	567.51	297.24	3.8044	4.7177e-05	0.094200	0.00027612	233.27	0.0042868	16.121	17.360	54.948	41.583	720.17	243.11	9.2184	2.1534e-05	0.071568
369.74	8.4913	461.83	0.0021653	12.844	13.470	44.423	39.948	584.70	295.98	3.8397	4.6960e-05	0.094488	0.00026629	234.67	0.0042613	16.101	17.334	54.872	41.631	742.67	243.02	9.1773	2.1627e-05	0.072343
369.84	8.5063	460.31	0.0021725	12.867	13.497	44.491	39.999	603.00	294.71	3.8756	4.6740e-05	0.094797	0.00025654	236.09	0.0042357	16.080	17.307	54.795	41.680	766.58	242.93	9.1356	2.1723e-05	0.073146
369.94	8.5212	458.75	0.0021798	12.890	13.523	44.561	40.051	622.54	293.44	3.9123	4.6517e-05	0.095127	0.00024688	237.54	0.0042098	16.058	17.281	54.717	41.729	792.02	242.84	9.0933	2.1822e-05	0.073979
370.05	8.5362	457.17	0.0021874	12.914	13.551	44.631	40.103	643.43	292.17	3.9496	4.6290e-05	0.095479	0.00023729	239.02	0.0041837	16.036	17.253	54.638	41.778	819.15	242.76	9.0502	2.1924e-05	0.074844
370.15	8.5512	455.55	0.0021951	12.938	13.578	44.703	40.157	665.82	290.89	3.9876	4.6059e-05	0.095857	0.00022779	240.53	0.0041574	16.014	17.226	54.556	41.827	848.13	242.67	9.0065	2.2029e-05	0.075744
370.25	8.5661	453.91	0.0022031	12.963	13.606	44.776	40.212	689.86	289.61	4.0264	4.5825e-05	0.096261	0.00021837	242.08	0.0041309	15.991	17.197	54.474	41.877	879.17	242.59	8.9619	2.2137e-05	0.076681
370.35	8.5811	452.23	0.0022113	12.988	13.635	44.850	40.268	715.75	288.32	4.0660	4.5586e-05	0.096694	0.00020903	243.66	0.0041041	15.968	17.168	54.390	41.928	912.47	242.50	8.9166	2.2248e-05	0.077658
370.45	8.5960	450.52	0.0022197	13.014	13.664	44.926	40.325	743.69	287.03	4.1064	4.5343e-05	0.097160	0.00019979	245.28	0.0040771	15.944	17.138	54.304	41.979	948.30	242.42	8.8704	2.2364e-05	0.078680
370.55	8.6110	448.77	0.0022283	13.040	13.694	45.003	40.384	773.93	285.73	4.1477	4.5095e-05	0.097660	0.00019063	246.93	0.0040497	15.919	17.108	54.216	42.030	986.95	242.33	8.8233	2.2483e-05	0.079749
370.65	8.6260	446.98	0.0022372	13.066	13.724	45.081	40.444	806.77	284.42	4.1899	4.4843e-05	0.098199	0.00018157	248.63	0.0040220	15.894	17.077	54.126	42.081	1028.8	242.25	8.7753	2.2606e-05	0.080870
370.75	8.6409	445.14	0.0022465	13.093	13.755	45.162	40.506	842.53	283.11	4.2331	4.4585e-05	0.098780	0.00017260	250.37	0.0039940	15.868	17.045	54.035	42.133	1074.1	242.17	8.7262	2.2734e-05	0.082048
370.85	8.6559	443.27	0.0022560	13.121	13.787	45.244	40.569	881.62	281.80	4.2773	4.4321e-05	0.099408	0.00016373	252.16	0.0039657	15.842	17.012	53.941	42.185	1123.5	242.09	8.6762	2.2867e-05	0.083289
370.95	8.6709	441.34	0.0022658	13.149	13.819	45.328	40.633	924.51	280.47	4.3226	4.4052e-05	0.10009	0.00015495	254.00	0.0039369	15.815	16.978	53.844	42.238	1177.5	242.01	8.6249	2.3005e-05	0.084599
371.05	8.6858	439.36	0.0022760	13.178	13.852	45.414	40.700	971.77	279.14	4.3690	4.3776e-05	0.10083	0.00014628	255.90	0.0039078	15.787	16.944	53.746	42.291	1236.7	241.93	8.5725	2.3149e-05	0.085986
371.15	8.7008	437.33	0.0022866	13.208	13.886	45.502	40.768	1024.1	277.80	4.4166	4.3493e-05	0.10163	0.00013771	257.85	0.0038782	15.758	16.908	53.644	42.344	1302.0	241.86	8.5188	2.3299e-05	0.087458
371.25	8.7157	435.23	0.0022976	13.238	13.921	45.593	40.838	1082.2	276.46	4.4656	4.3202e-05	0.10251	0.00012924	259.87	0.0038481	15.728	16.871	53.540	42.398	1374.2	241.78	8.4637	2.3456e-05	0.089026
371.35	8.7307	433.07	0.0023091	13.270	13.957	45.687	40.910	1147.3	275.10	4.5160	4.2904e-05	0.10348	0.00012089	261.95	0.0038175	15.697	16.833	53.433	42.452	1454.6	241.71	8.4072	2.3619e-05	0.090060
371.45	8.7457	430.84	0.0023210	13.302	13.994	45.783	40.984	1220.4	273.74	4.5679	4.2597e-05	0.10454	0.00011265	264.11	0.0037863	15.666	16.794	53.322	42.506	1544.5	241.64	8.3490	2.3791e-05	0.090637
371.55	8.7606	428.53	0.0023336	13.335	14.032	45.882	41.060	1303.4	272.36	4.6215	4.2280e-05	0.10572	0.00010453	266.35	0.0037544	15.633	16.754	53.208	42.560	1645.9	241.58	8.2891	2.3971e-05	0.091237
371.65	8.7756	426.13	0.0023467	13.369	14.071	45.985	41.139	1398.0	270.98	4.6768	4.1952e-05	0.10703	9.6529e-05	268.68	0.0037219	15.598	16.711	53.089	42.615	1761.0	241.52	8.2272	2.4161e-05	0.091862
371.75	8.7905	423.64	0.0023605	13.405	14.112	46.092	41.221	1507.0	269.58	4.7342	4.1613e-05	0.10850	8.8658e-05	271.11	0.0036885	15.563	16.668	52.966	42.669	1892.7	241.46	8.1633	2.4361e-05	0.092515
371.85	8.8055	421.05	0.0023750	13.442	14.155	46.204	41.305	1633.7	268.17	4.7937	4.1260e-05	0.11015	8.0920e-05	273.65	0.0036543	15.525	16.622	52.838	42.724	2044.8	241.40	8.0970	2.4573e-05	0.093197
371.95	8.8205	418.33	0.0023904	13.481	14.199	46.320	41.392	1782.7	266.74	4.8557	4.0894e-05	0.11203	7.3323e-05	276.31	0.0036191	15.486	16.574	52.705	42.778	2222.6	241.36	8.0281	2.4798e-05	0.093914
372.04	8.8354	415.48	0.0024068	13.521	14.246	46.441	41.483	1960.3	265.30	4.9204	4.0510e-05	0.11385	6.5874e-05	279.11	0.0035828	15.445	16.524	52.565	42.833	2432.9	241.32	7.9563	2.5039e-05	0.094670
372.14	8.8504	412.48	0.0024244	13.563	14.295	46.569	41.578	2175.3	263.84	4.9882	4.0108e-05	0.11626	5.8581e-05	282.06	0.0035453	15.402	16.471	52.419	42.887	2685.6	241.29	7.8812	2.5297e-05	0.095470
372.24	8.8653	409.30	0.0024432	13.608	14.346	46.705	41.677	2440.6	262.36	5.0596	3.9684e-05	0.11964	5.1456e-05	285.20	0.0035063	15.356	16.415	52.264	42.940	2994.9	241.27	7.8023	2.5575e-05	0.096321
372.34	8.8803	405.91	0.0024636	13.656	14.401	46.849	41.780	2775.6	260.86	5.1353	3.9235e-05	0.12317	4.4512e-05	288.56	0.0034655	15.307	16.356	52.099	42.992	3382.0	241.27	7.7189	2.5877e-05	0.097232
372.43	8.8953	402.27	0.0024859	13.707	14.460	47.004	41.889	3210.9	259.32	5.2159	3.8755e-05	0.12751	3.7763e-05	292.17	0.0034227	15.255	16.292	51.923	43.043	3880.3	241.28	7.6302	2.6207e-05	0.098215
372.53	8.9102	398.32	0.0025106	13.762	14.524	47.172	42.004	3798.1	257.75	5.3028	3.8239e-05	0.12655	3.1230e-05	296.09	0.0033773	15.198	16.223	51.733	43.092	4545.8	241.32	7.5350	2.6573e-05	0.099286
372.63	8.9252	393.98	0.0025382	13.822	14.594	47.357	42.127	4631.3	256.14	5.3974	3.7675e-05	0.12528	2.4938e-05	300.42	0.0033287	15.135	16.148	51.526	43.138	5479.5	241.40	7.4317	2.6984e-05	0.10047
372.72	8.9402	389.13	0.0025699	13.889	14.672	47.564	42.258	5900.8	254.46	5.5025	3.7051e-05	0.12388	1.8922e-05	305.26	0.0032759	15.065	16.063	51.295	43.179	6884.7	241.52	7.3176	2.7454e-05	0.10180
372.82	8.9551	383.54	0.0026073	13.967	14.763	47.802	42.402	8059.4	252.69	5.6223	3.6340e-05	0.12227	1.3234e-05	310.84	0.0032171	14.985	15.967	51.032	43.213	9241.5	241.71	7.1882	2.8009e-05	0.10334
372.92	8.9701	376.81	0.0026538	14.060	14.871	48.090	42.564	12508.	250.78	5.7656	3.5494e-05	0.12033	7.9566e-06	317.58	0.0031488	14.889	15.851	50.718	43.235	14021.	242.04	7.0350	2.8696e-05	0.10520
373.01	8.9850	367.82	0.0027187	14.184	15.017	48.477	42.756	26755.	248.58	5.9555	3.4385e-05	0.12183	3.2562e-06	326.59	0.0030620	14.761	15.698	50.303	43.232	29028.	242.64	6.8345	2.9645e-05	0.10771
