Temperature (K)	Pressure (MPa)	Density (l, kg/m3)	Volume (l, m3/kg)	Internal Energy (l, kJ/mol)	Enthalpy (l, kJ/mol)	Entropy (l, J/mol*K)	Cv (l, J/mol*K)	Cp (l, J/mol*K)	Sound Spd. (l, m/s)	Joule-Thomson (l, K/MPa)	Viscosity (l, Pa*s)	Therm. Cond. (l, W/m*K)	Surf. Tension (l, N/m)	Density (v, kg/m3)	Volume (v, m3/kg)	Internal Energy (v, kJ/mol)	Enthalpy (v, kJ/mol)	Entropy (v, J/mol*K)	Cv (v, J/mol*K)	Cp (v, J/mol*K)	Sound Spd. (v, m/s)	Joule-Thomson (v, K/MPa)	Viscosity (v, Pa*s)	Therm. Cond. (v, W/m*K)
13.957	0.0073578	77.004	0.012986	-0.10890	-0.10871	-6.1934	10.405	14.154	1269.2	-1.5758	2.5587e-05	0.097561	0.0030324	0.12985	7.7010	0.69178	0.80600	59.344	12.586	21.296	307.14	29.221	6.4525e-07	0.010601
14.416	0.0095062	76.627	0.013050	-0.10236	-0.10211	-5.7321	10.447	14.402	1259.5	-1.5403	2.4162e-05	0.098310	0.0029515	0.16294	6.1371	0.69689	0.81449	57.850	12.620	21.414	311.56	27.972	6.7058e-07	0.011037
14.801	0.011655	76.305	0.013105	-0.096773	-0.096465	-5.3497	10.509	14.653	1251.3	-1.5061	2.3077e-05	0.098902	0.0028836	0.19515	5.1243	0.70110	0.82150	56.669	12.648	21.519	315.16	26.993	6.9175e-07	0.011407
15.136	0.013803	76.021	0.013154	-0.091846	-0.091480	-5.0205	10.572	14.893	1244.2	-1.4746	2.2205e-05	0.099390	0.0028248	0.22665	4.4120	0.70471	0.82747	55.694	12.672	21.616	318.19	26.197	7.1007e-07	0.011732
15.432	0.015951	75.765	0.013199	-0.087405	-0.086980	-4.7298	10.630	15.116	1237.8	-1.4459	2.1480e-05	0.099801	0.0027727	0.25758	3.8823	0.70786	0.83270	54.864	12.692	21.707	320.83	25.531	7.2630e-07	0.012023
15.700	0.018100	75.530	0.013240	-0.083339	-0.082856	-4.4685	10.683	15.325	1232.0	-1.4197	2.0859e-05	0.10016	0.0027256	0.28802	3.4720	0.71066	0.83735	54.142	12.709	21.792	323.16	24.962	7.4092e-07	0.012288
15.945	0.020248	75.313	0.013278	-0.079575	-0.079033	-4.2305	10.731	15.521	1226.7	-1.3955	2.0319e-05	0.10047	0.0026826	0.31804	3.1442	0.71319	0.84153	53.503	12.725	21.874	325.25	24.466	7.5427e-07	0.012532
16.171	0.022397	75.110	0.013314	-0.076058	-0.075457	-4.0115	10.775	15.705	1221.8	-1.3732	1.9842e-05	0.10074	0.0026429	0.34770	2.8761	0.71549	0.84535	52.929	12.739	21.953	327.14	24.029	7.6658e-07	0.012760
16.382	0.024545	74.919	0.013348	-0.072750	-0.072090	-3.8081	10.814	15.878	1217.1	-1.3524	1.9415e-05	0.10098	0.0026060	0.37703	2.6523	0.71761	0.84884	52.410	12.751	22.029	328.88	23.638	7.7802e-07	0.012974
16.578	0.026693	74.738	0.013380	-0.069620	-0.068900	-3.6181	10.850	16.043	1212.8	-1.3329	1.9028e-05	0.10120	0.0025715	0.40607	2.4626	0.71956	0.85208	51.935	12.762	22.103	330.47	23.287	7.8874e-07	0.013176
16.764	0.028842	74.566	0.013411	-0.066644	-0.065864	-3.4394	10.884	16.200	1208.7	-1.3146	1.8677e-05	0.10140	0.0025390	0.43485	2.2996	0.72138	0.85508	51.497	12.773	22.175	331.96	22.967	7.9882e-07	0.013367
16.939	0.030990	74.402	0.013441	-0.063803	-0.062963	-3.2707	10.914	16.351	1204.7	-1.2973	1.8354e-05	0.10158	0.0025083	0.46340	2.1580	0.72308	0.85789	51.091	12.783	22.245	333.34	22.674	8.0836e-07	0.013550
17.106	0.033139	74.244	0.013469	-0.061081	-0.060181	-3.1107	10.942	16.495	1201.0	-1.2808	1.8055e-05	0.10175	0.0024791	0.49172	2.0337	0.72467	0.86053	50.713	12.792	22.315	334.63	22.404	8.1741e-07	0.013724
17.265	0.035287	74.093	0.013497	-0.058466	-0.057506	-2.9585	10.969	16.634	1197.3	-1.2652	1.7778e-05	0.10190	0.0024513	0.51985	1.9236	0.72617	0.86301	50.359	12.801	22.383	335.85	22.154	8.2604e-07	0.013892
17.417	0.037435	73.947	0.013523	-0.055946	-0.054926	-2.8131	10.994	16.767	1193.9	-1.2502	1.7520e-05	0.10204	0.0024248	0.54780	1.8255	0.72758	0.86535	50.026	12.809	22.450	337.00	21.922	8.3429e-07	0.014053
17.562	0.039584	73.806	0.013549	-0.053513	-0.052432	-2.6738	11.017	16.897	1190.5	-1.2359	1.7279e-05	0.10217	0.0023994	0.57557	1.7374	0.72893	0.86756	49.712	12.817	22.516	338.09	21.704	8.4220e-07	0.014209
17.702	0.041732	73.670	0.013574	-0.051159	-0.050017	-2.5402	11.039	17.023	1187.2	-1.2221	1.7052e-05	0.10229	0.0023750	0.60319	1.6578	0.73020	0.86967	49.414	12.825	22.581	339.12	21.500	8.4980e-07	0.014359
17.836	0.043881	73.537	0.013599	-0.048877	-0.047674	-2.4116	11.060	17.145	1184.1	-1.2088	1.6838e-05	0.10240	0.0023515	0.63066	1.5856	0.73141	0.87167	49.132	12.832	22.646	340.10	21.308	8.5712e-07	0.014505
17.966	0.046029	73.408	0.013622	-0.046661	-0.045397	-2.2877	11.079	17.264	1181.0	-1.1960	1.6635e-05	0.10250	0.0023288	0.65800	1.5198	0.73256	0.87358	48.863	12.840	22.710	341.04	21.126	8.6419e-07	0.014646
18.092	0.048177	73.283	0.013646	-0.044506	-0.043181	-2.1681	11.098	17.379	1178.0	-1.1836	1.6443e-05	0.10260	0.0023070	0.68521	1.4594	0.73367	0.87540	48.606	12.847	22.773	341.93	20.954	8.7102e-07	0.014784
18.213	0.050326	73.161	0.013668	-0.042407	-0.041021	-2.0523	11.116	17.492	1175.1	-1.1716	1.6261e-05	0.10269	0.0022858	0.71229	1.4039	0.73472	0.87715	48.361	12.854	22.836	342.79	20.790	8.7763e-07	0.014918
18.330	0.052474	73.042	0.013691	-0.040361	-0.038913	-1.9402	11.133	17.603	1172.2	-1.1599	1.6088e-05	0.10277	0.0022653	0.73926	1.3527	0.73573	0.87882	48.126	12.860	22.899	343.61	20.635	8.8404e-07	0.015049
18.445	0.054623	72.926	0.013713	-0.038364	-0.036854	-1.8315	11.150	17.711	1169.4	-1.1486	1.5922e-05	0.10285	0.0022454	0.76613	1.3053	0.73670	0.88042	47.900	12.867	22.961	344.40	20.486	8.9027e-07	0.015176
18.556	0.056771	72.812	0.013734	-0.036412	-0.034840	-1.7259	11.166	17.817	1166.7	-1.1376	1.5764e-05	0.10292	0.0022261	0.79290	1.2612	0.73763	0.88197	47.683	12.873	23.023	345.16	20.344	8.9633e-07	0.015301
18.663	0.058919	72.701	0.013755	-0.034503	-0.032870	-1.6231	11.181	17.921	1164.0	-1.1269	1.5612e-05	0.10299	0.0022073	0.81957	1.2202	0.73852	0.88345	47.474	12.880	23.084	345.89	20.208	9.0222e-07	0.015423
18.768	0.061068	72.592	0.013776	-0.032634	-0.030939	-1.5232	11.196	18.023	1161.4	-1.1164	1.5467e-05	0.10305	0.0021891	0.84615	1.1818	0.73939	0.88488	47.272	12.886	23.145	346.59	20.077	9.0797e-07	0.015542
18.871	0.063216	72.485	0.013796	-0.030803	-0.029045	-1.4257	11.210	18.124	1158.8	-1.1062	1.5327e-05	0.10311	0.0021713	0.87264	1.1459	0.74022	0.88625	47.078	12.893	23.206	347.27	19.951	9.1357e-07	0.015659
18.971	0.065365	72.380	0.013816	-0.029008	-0.027188	-1.3307	11.224	18.222	1156.3	-1.0962	1.5193e-05	0.10317	0.0021539	0.89906	1.1123	0.74102	0.88758	46.889	12.899	23.267	347.93	19.830	9.1904e-07	0.015774
19.068	0.067513	72.278	0.013836	-0.027246	-0.025363	-1.2379	11.238	18.320	1153.8	-1.0864	1.5064e-05	0.10322	0.0021370	0.92540	1.0806	0.74179	0.88886	46.707	12.905	23.328	348.56	19.714	9.2439e-07	0.015887
19.163	0.069662	72.176	0.013855	-0.025516	-0.023571	-1.1473	11.251	18.415	1151.4	-1.0769	1.4939e-05	0.10327	0.0021204	0.95166	1.0508	0.74254	0.89010	46.531	12.911	23.388	349.17	19.601	9.2962e-07	0.015998
19.257	0.071810	72.077	0.013874	-0.023817	-0.021808	-1.0587	11.264	18.510	1148.9	-1.0675	1.4819e-05	0.10332	0.0021042	0.97786	1.0226	0.74326	0.89130	46.359	12.918	23.448	349.77	19.492	9.3473e-07	0.016106
19.348	0.073958	71.979	0.013893	-0.022146	-0.020075	-0.97197	11.276	18.603	1146.6	-1.0583	1.4702e-05	0.10336	0.0020884	1.0040	0.99603	0.74396	0.89246	46.193	12.924	23.508	350.34	19.387	9.3975e-07	0.016213
19.437	0.076107	71.883	0.013911	-0.020502	-0.018368	-0.88707	11.288	18.694	1144.2	-1.0493	1.4590e-05	0.10340	0.0020729	1.0301	0.97083	0.74463	0.89358	46.031	12.930	23.568	350.90	19.285	9.4466e-07	0.016319
19.524	0.078255	71.788	0.013930	-0.018885	-0.016687	-0.80389	11.300	18.785	1141.9	-1.0404	1.4481e-05	0.10344	0.0020578	1.0561	0.94692	0.74529	0.89467	45.874	12.936	23.628	351.44	19.186	9.4948e-07	0.016422
19.610	0.080404	71.695	0.013948	-0.017292	-0.015031	-0.72235	11.311	18.875	1139.6	-1.0317	1.4375e-05	0.10347	0.0020429	1.0820	0.92421	0.74592	0.89572	45.721	12.942	23.687	351.97	19.090	9.5421e-07	0.016524
19.694	0.082552	71.603	0.013966	-0.015723	-0.013399	-0.64236	11.323	18.963	1137.4	-1.0231	1.4273e-05	0.10351	0.0020283	1.1079	0.90261	0.74654	0.89675	45.572	12.948	23.747	352.48	18.997	9.5885e-07	0.016625
19.777	0.084700	71.512	0.013984	-0.014177	-0.011789	-0.56386	11.334	19.051	1135.2	-1.0147	1.4173e-05	0.10354	0.0020140	1.1337	0.88204	0.74714	0.89774	45.426	12.954	23.806	352.98	18.907	9.6341e-07	0.016724
19.858	0.086849	71.423	0.014001	-0.012652	-0.010201	-0.48677	11.344	19.138	1133.0	-1.0064	1.4077e-05	0.10357	0.0020000	1.1595	0.86242	0.74772	0.89871	45.284	12.960	23.866	353.47	18.818	9.6790e-07	0.016822
19.937	0.088997	71.335	0.014018	-0.011148	-0.0086334	-0.41104	11.355	19.223	1130.8	-0.99823	1.3983e-05	0.10359	0.0019863	1.1853	0.84369	0.74828	0.89964	45.146	12.966	23.925	353.94	18.733	9.7231e-07	0.016919
20.015	0.091146	71.247	0.014036	-0.0096646	-0.0070858	-0.33661	11.365	19.308	1128.7	-0.99018	1.3892e-05	0.10362	0.0019727	1.2110	0.82578	0.74883	0.90055	45.010	12.972	23.984	354.40	18.649	9.7665e-07	0.017014
20.092	0.093294	71.161	0.014053	-0.0082000	-0.0055572	-0.26342	11.375	19.392	1126.6	-0.98224	1.3803e-05	0.10364	0.0019594	1.2366	0.80865	0.74936	0.90144	44.878	12.978	24.043	354.84	18.567	9.8092e-07	0.017109
20.168	0.095442	71.076	0.014069	-0.0067539	-0.0040469	-0.19142	11.385	19.476	1124.5	-0.97442	1.3716e-05	0.10366	0.0019464	1.2622	0.79224	0.74988	0.90230	44.749	12.984	24.102	355.28	18.488	9.8512e-07	0.017202
20.242	0.097591	70.992	0.014086	-0.0053255	-0.0025543	-0.12057	11.395	19.558	1122.4	-0.96670	1.3632e-05	0.10368	0.0019335	1.2878	0.77651	0.75038	0.90314	44.622	12.990	24.161	355.71	18.410	9.8927e-07	0.017294
20.316	0.099739	70.909	0.014103	-0.0039142	-0.0010787	-0.050811	11.405	19.640	1120.4	-0.95908	1.3549e-05	0.10370	0.0019209	1.3133	0.76141	0.75087	0.90396	44.498	12.996	24.221	356.12	18.334	9.9335e-07	0.017385
20.388	0.10189	70.827	0.014119	-0.0025194	0.00038056	0.017889	11.414	19.721	1118.4	-0.95155	1.3469e-05	0.10372	0.0019084	1.3388	0.74691	0.75134	0.90475	44.377	13.002	24.280	356.53	18.260	9.9737e-07	0.017475
20.459	0.10404	70.746	0.014135	-0.0011404	0.0018241	0.085573	11.423	19.802	1116.4	-0.94412	1.3391e-05	0.10373	0.0018962	1.3643	0.73297	0.75181	0.90553	44.258	13.008	24.339	356.93	18.188	1.0013e-06	0.017564
20.529	0.10618	70.665	0.014151	0.00022318	0.0032523	0.15228	11.433	19.882	1114.4	-0.93678	1.3314e-05	0.10375	0.0018841	1.3897	0.71956	0.75226	0.90628	44.141	13.014	24.398	357.31	18.117	1.0053e-06	0.017652
20.598	0.10833	70.586	0.014167	0.0015720	0.0046659	0.21804	11.442	19.961	1112.4	-0.92952	1.3239e-05	0.10376	0.0018722	1.4151	0.70665	0.75270	0.90702	44.027	13.020	24.457	357.69	18.047	1.0091e-06	0.017739
20.666	0.11048	70.507	0.014183	0.0029065	0.0060652	0.28289	11.450	20.040	1110.5	-0.92234	1.3166e-05	0.10377	0.0018605	1.4405	0.69420	0.75312	0.90773	43.914	13.026	24.516	358.06	17.979	1.0129e-06	0.017826
20.733	0.11263	70.429	0.014199	0.0042271	0.0074509	0.34686	11.459	20.118	1108.5	-0.91524	1.3095e-05	0.10378	0.0018489	1.4658	0.68220	0.75354	0.90843	43.804	13.032	24.575	358.42	17.912	1.0167e-06	0.017911
20.799	0.11478	70.352	0.014214	0.0055343	0.0088232	0.40998	11.468	20.196	1106.6	-0.90822	1.3025e-05	0.10379	0.0018375	1.4911	0.67062	0.75395	0.90912	43.696	13.038	24.634	358.78	17.847	1.0204e-06	0.017996
20.864	0.11693	70.275	0.014230	0.0068285	0.010183	0.47228	11.476	20.273	1104.7	-0.90126	1.2956e-05	0.10380	0.0018263	1.5164	0.65944	0.75434	0.90978	43.590	13.044	24.693	359.12	17.783	1.0241e-06	0.018080
20.928	0.11907	70.199	0.014245	0.0081102	0.011530	0.53379	11.484	20.350	1102.9	-0.89438	1.2889e-05	0.10380	0.0018152	1.5417	0.64864	0.75473	0.91043	43.485	13.050	24.752	359.46	17.720	1.0277e-06	0.018163
20.992	0.12122	70.124	0.014260	0.0093796	0.012864	0.59454	11.493	20.426	1101.0	-0.88757	1.2823e-05	0.10381	0.0018043	1.5669	0.63820	0.75511	0.91106	43.382	13.056	24.811	359.79	17.658	1.0313e-06	0.018246
21.055	0.12337	70.050	0.014276	0.010637	0.014188	0.65453	11.501	20.502	1099.1	-0.88082	1.2759e-05	0.10382	0.0017935	1.5921	0.62809	0.75547	0.91168	43.281	13.062	24.870	360.12	17.598	1.0349e-06	0.018327
21.117	0.12552	69.976	0.014291	0.011883	0.015499	0.71381	11.509	20.578	1097.3	-0.87414	1.2696e-05	0.10382	0.0017828	1.6173	0.61831	0.75583	0.91228	43.182	13.068	24.930	360.44	17.538	1.0384e-06	0.018409
21.178	0.12767	69.903	0.014306	0.013118	0.016800	0.77239	11.516	20.653	1095.5	-0.86751	1.2634e-05	0.10382	0.0017723	1.6425	0.60884	0.75618	0.91287	43.084	13.074	24.989	360.75	17.480	1.0419e-06	0.018489
21.238	0.12982	69.830	0.014320	0.014343	0.018090	0.83030	11.524	20.727	1093.7	-0.86095	1.2573e-05	0.10382	0.0017619	1.6676	0.59966	0.75652	0.91345	42.988	13.080	25.048	361.06	17.422	1.0453e-06	0.018569
21.298	0.13197	69.758	0.014335	0.015556	0.019370	0.88754	11.532	20.802	1091.9	-0.85444	1.2514e-05	0.10383	0.0017517	1.6927	0.59076	0.75685	0.91401	42.893	13.086	25.107	361.36	17.366	1.0487e-06	0.018648
21.357	0.13411	69.687	0.014350	0.016760	0.020639	0.94415	11.539	20.876	1090.1	-0.84799	1.2455e-05	0.10383	0.0017415	1.7179	0.58212	0.75718	0.91456	42.800	13.092	25.167	361.65	17.310	1.0521e-06	0.018726
21.416	0.13626	69.616	0.014364	0.017953	0.021899	1.0001	11.547	20.949	1088.3	-0.84159	1.2398e-05	0.10383	0.0017315	1.7429	0.57374	0.75750	0.91510	42.708	13.098	25.226	361.94	17.256	1.0554e-06	0.018804
21.473	0.13841	69.546	0.014379	0.019137	0.023149	1.0555	11.554	21.023	1086.6	-0.83524	1.2341e-05	0.10382	0.0017216	1.7680	0.56561	0.75781	0.91562	42.617	13.104	25.286	362.22	17.202	1.0587e-06	0.018882
21.531	0.14056	69.476	0.014393	0.020311	0.024389	1.1103	11.562	21.095	1084.8	-0.82894	1.2286e-05	0.10382	0.0017118	1.7931	0.55770	0.75811	0.91613	42.528	13.110	25.345	362.50	17.149	1.0620e-06	0.018959
21.587	0.14271	69.407	0.014408	0.021476	0.025621	1.1646	11.569	21.168	1083.1	-0.82269	1.2231e-05	0.10382	0.0017021	1.8181	0.55002	0.75840	0.91663	42.440	13.116	25.405	362.77	17.097	1.0652e-06	0.019035
21.643	0.14486	69.338	0.014422	0.022632	0.026844	1.2182	11.576	21.240	1081.4	-0.81648	1.2178e-05	0.10382	0.0016925	1.8431	0.54255	0.75869	0.91712	42.353	13.122	25.465	363.04	17.045	1.0684e-06	0.019111
21.698	0.14700	69.270	0.014436	0.023780	0.028058	1.2714	11.583	21.312	1079.7	-0.81033	1.2125e-05	0.10381	0.0016830	1.8681	0.53529	0.75897	0.91760	42.267	13.128	25.525	363.30	16.995	1.0716e-06	0.019186
21.753	0.14915	69.202	0.014450	0.024918	0.029263	1.3240	11.590	21.384	1078.0	-0.80421	1.2073e-05	0.10381	0.0016737	1.8931	0.52822	0.75924	0.91807	42.183	13.134	25.584	363.56	16.945	1.0748e-06	0.019261
21.807	0.15130	69.135	0.014465	0.026049	0.030461	1.3761	11.597	21.456	1076.3	-0.79814	1.2022e-05	0.10380	0.0016644	1.9181	0.52134	0.75951	0.91852	42.099	13.140	25.644	363.81	16.896	1.0779e-06	0.019335
21.861	0.15345	69.068	0.014479	0.027171	0.031650	1.4277	11.604	21.527	1074.6	-0.79211	1.1972e-05	0.10380	0.0016552	1.9431	0.51464	0.75977	0.91897	42.017	13.146	25.704	364.06	16.847	1.0810e-06	0.019409
21.914	0.15560	69.001	0.014492	0.028286	0.032832	1.4788	11.610	21.598	1073.0	-0.78612	1.1923e-05	0.10379	0.0016461	1.9681	0.50811	0.76003	0.91941	41.936	13.152	25.764	364.30	16.800	1.0841e-06	0.019482
21.967	0.15775	68.935	0.014506	0.029393	0.034006	1.5295	11.617	21.669	1071.3	-0.78017	1.1874e-05	0.10378	0.0016372	1.9930	0.50175	0.76028	0.91983	41.856	13.158	25.825	364.54	16.753	1.0871e-06	0.019555
22.019	0.15989	68.870	0.014520	0.030492	0.035172	1.5796	11.624	21.739	1069.7	-0.77425	1.1826e-05	0.10378	0.0016283	2.0180	0.49555	0.76052	0.92025	41.777	13.164	25.885	364.78	16.706	1.0902e-06	0.019628
22.070	0.16204	68.805	0.014534	0.031584	0.036331	1.6294	11.630	21.810	1068.0	-0.76838	1.1779e-05	0.10377	0.0016194	2.0429	0.48950	0.76076	0.92066	41.698	13.170	25.945	365.01	16.661	1.0932e-06	0.019700
22.121	0.16419	68.740	0.014548	0.032668	0.037483	1.6787	11.637	21.880	1066.4	-0.76254	1.1732e-05	0.10376	0.0016107	2.0678	0.48360	0.76099	0.92106	41.621	13.176	26.006	365.24	16.615	1.0961e-06	0.019772
22.172	0.16634	68.675	0.014561	0.033746	0.038629	1.7275	11.643	21.950	1064.8	-0.75673	1.1687e-05	0.10375	0.0016021	2.0928	0.47784	0.76122	0.92145	41.545	13.182	26.066	365.46	16.571	1.0991e-06	0.019843
22.222	0.16849	68.611	0.014575	0.034817	0.039767	1.7760	11.650	22.019	1063.2	-0.75096	1.1641e-05	0.10374	0.0015935	2.1177	0.47222	0.76144	0.92183	41.469	13.188	26.127	365.68	16.527	1.1020e-06	0.019914
22.272	0.17064	68.548	0.014588	0.035881	0.040899	1.8240	11.656	22.089	1061.6	-0.74522	1.1597e-05	0.10373	0.0015850	2.1426	0.46673	0.76166	0.92220	41.394	13.194	26.188	365.90	16.483	1.1049e-06	0.019984
22.321	0.17278	68.485	0.014602	0.036938	0.042024	1.8716	11.662	22.158	1060.0	-0.73951	1.1553e-05	0.10372	0.0015766	2.1675	0.46136	0.76187	0.92257	41.321	13.201	26.249	366.11	16.440	1.1078e-06	0.020054
22.370	0.17493	68.422	0.014615	0.037989	0.043143	1.9189	11.668	22.227	1058.4	-0.73383	1.1510e-05	0.10371	0.0015683	2.1924	0.45612	0.76207	0.92292	41.248	13.207	26.309	366.32	16.398	1.1107e-06	0.020124
22.418	0.17708	68.359	0.014629	0.039033	0.044255	1.9657	11.674	22.296	1056.8	-0.72819	1.1467e-05	0.10370	0.0015601	2.2173	0.45100	0.76227	0.92327	41.175	13.213	26.371	366.53	16.356	1.1135e-06	0.020194
22.466	0.17923	68.297	0.014642	0.040072	0.045362	2.0122	11.680	22.365	1055.3	-0.72257	1.1425e-05	0.10368	0.0015519	2.2422	0.44600	0.76247	0.92361	41.104	13.219	26.432	366.73	16.315	1.1164e-06	0.020263
22.514	0.18138	68.235	0.014655	0.041104	0.046463	2.0583	11.686	22.434	1053.7	-0.71698	1.1384e-05	0.10367	0.0015438	2.2670	0.44110	0.76266	0.92394	41.033	13.225	26.493	366.93	16.274	1.1192e-06	0.020331
22.561	0.18353	68.173	0.014668	0.042130	0.047557	2.1041	11.692	22.503	1052.2	-0.71142	1.1343e-05	0.10366	0.0015358	2.2919	0.43632	0.76285	0.92427	40.964	13.231	26.554	367.13	16.233	1.1220e-06	0.020400
22.608	0.18568	68.112	0.014682	0.043151	0.048646	2.1495	11.698	22.571	1050.6	-0.70588	1.1302e-05	0.10364	0.0015278	2.3168	0.43163	0.76303	0.92459	40.894	13.237	26.616	367.32	16.194	1.1247e-06	0.020468
22.654	0.18782	68.051	0.014695	0.044166	0.049730	2.1946	11.704	22.639	1049.1	-0.70038	1.1262e-05	0.10363	0.0015199	2.3417	0.42705	0.76321	0.92490	40.826	13.243	26.678	367.51	16.154	1.1275e-06	0.020535
22.700	0.18997	67.991	0.014708	0.045175	0.050808	2.2393	11.710	22.707	1047.5	-0.69489	1.1223e-05	0.10362	0.0015121	2.3665	0.42256	0.76338	0.92520	40.758	13.249	26.739	367.70	16.115	1.1302e-06	0.020603
22.746	0.19212	67.930	0.014721	0.046179	0.051880	2.2837	11.716	22.776	1046.0	-0.68944	1.1184e-05	0.10360	0.0015043	2.3914	0.41816	0.76355	0.92550	40.691	13.255	26.801	367.88	16.076	1.1330e-06	0.020670
22.791	0.19427	67.870	0.014734	0.047177	0.052947	2.3277	11.721	22.843	1044.5	-0.68400	1.1146e-05	0.10359	0.0014966	2.4163	0.41386	0.76371	0.92579	40.625	13.261	26.863	368.06	16.038	1.1357e-06	0.020737
22.836	0.19642	67.811	0.014747	0.048170	0.054009	2.3715	11.727	22.911	1043.0	-0.67860	1.1108e-05	0.10357	0.0014890	2.4412	0.40964	0.76387	0.92607	40.559	13.267	26.926	368.24	16.001	1.1383e-06	0.020803
22.881	0.19857	67.751	0.014760	0.049158	0.055066	2.4149	11.733	22.979	1041.5	-0.67321	1.1070e-05	0.10356	0.0014814	2.4660	0.40551	0.76403	0.92635	40.494	13.274	26.988	368.42	15.963	1.1410e-06	0.020870
22.925	0.20071	67.692	0.014773	0.050141	0.056118	2.4581	11.738	23.047	1040.0	-0.66785	1.1033e-05	0.10354	0.0014739	2.4909	0.40146	0.76418	0.92662	40.430	13.280	27.050	368.59	15.926	1.1437e-06	0.020936
22.969	0.20286	67.633	0.014786	0.051119	0.057166	2.5009	11.744	23.114	1038.5	-0.66250	1.0997e-05	0.10352	0.0014665	2.5158	0.39749	0.76433	0.92688	40.366	13.286	27.113	368.76	15.890	1.1463e-06	0.021001
23.013	0.20501	67.575	0.014798	0.052092	0.058208	2.5435	11.749	23.182	1037.0	-0.65718	1.0961e-05	0.10351	0.0014591	2.5406	0.39360	0.76448	0.92714	40.302	13.292	27.176	368.93	15.854	1.1489e-06	0.021067
23.056	0.20716	67.516	0.014811	0.053060	0.059245	2.5857	11.755	23.249	1035.6	-0.65188	1.0925e-05	0.10349	0.0014517	2.5655	0.38979	0.76462	0.92739	40.240	13.298	27.238	369.09	15.818	1.1515e-06	0.021132
23.099	0.20931	67.458	0.014824	0.054024	0.060278	2.6277	11.760	23.316	1034.1	-0.64660	1.0890e-05	0.10347	0.0014445	2.5904	0.38604	0.76475	0.92764	40.178	13.304	27.301	369.26	15.782	1.1541e-06	0.021197
23.142	0.21146	67.400	0.014837	0.054982	0.061307	2.6694	11.766	23.384	1032.6	-0.64134	1.0855e-05	0.10345	0.0014372	2.6152	0.38237	0.76489	0.92788	40.116	13.310	27.364	369.42	15.747	1.1567e-06	0.021262
23.184	0.21360	67.343	0.014849	0.055937	0.062331	2.7109	11.771	23.451	1031.2	-0.63610	1.0820e-05	0.10344	0.0014301	2.6401	0.37877	0.76502	0.92812	40.055	13.316	27.428	369.57	15.712	1.1593e-06	0.021326
23.226	0.21575	67.285	0.014862	0.056887	0.063351	2.7520	11.776	23.518	1029.7	-0.63088	1.0786e-05	0.10342	0.0014230	2.6650	0.37523	0.76514	0.92834	39.994	13.322	27.491	369.73	15.678	1.1618e-06	0.021390
23.268	0.21790	67.228	0.014875	0.057832	0.064366	2.7929	11.781	23.585	1028.3	-0.62567	1.0752e-05	0.10340	0.0014159	2.6899	0.37176	0.76527	0.92857	39.935	13.328	27.555	369.88	15.644	1.1644e-06	0.021454
23.309	0.22005	67.171	0.014887	0.058773	0.065377	2.8336	11.787	23.652	1026.8	-0.62049	1.0719e-05	0.10338	0.0014089	2.7148	0.36835	0.76539	0.92879	39.875	13.335	27.618	370.03	15.610	1.1669e-06	0.021518
23.350	0.22220	67.115	0.014900	0.059710	0.066384	2.8740	11.792	23.719	1025.4	-0.61532	1.0686e-05	0.10336	0.0014019	2.7397	0.36501	0.76550	0.92900	39.816	13.341	27.682	370.18	15.577	1.1694e-06	0.021581
23.391	0.22435	67.058	0.014912	0.060643	0.067387	2.9141	11.797	23.786	1024.0	-0.61017	1.0653e-05	0.10334	0.0013950	2.7646	0.36172	0.76562	0.92921	39.758	13.347	27.746	370.33	15.544	1.1719e-06	0.021645
23.432	0.22649	67.002	0.014925	0.061571	0.068386	2.9540	11.802	23.853	1022.6	-0.60503	1.0621e-05	0.10332	0.0013882	2.7895	0.35849	0.76573	0.92941	39.700	13.353	27.811	370.48	15.511	1.1744e-06	0.021708
23.472	0.22864	66.946	0.014937	0.062496	0.069381	2.9937	11.807	23.920	1021.1	-0.59991	1.0589e-05	0.10330	0.0013813	2.8144	0.35532	0.76583	0.92960	39.642	13.359	27.875	370.62	15.478	1.1769e-06	0.021771
23.512	0.23079	66.890	0.014950	0.063416	0.070372	3.0331	11.812	23.986	1019.7	-0.59480	1.0557e-05	0.10328	0.0013746	2.8393	0.35220	0.76593	0.92980	39.585	13.365	27.939	370.76	15.446	1.1794e-06	0.021833
23.552	0.23294	66.835	0.014962	0.064333	0.071359	3.0723	11.817	24.053	1018.3	-0.58972	1.0526e-05	0.10326	0.0013679	2.8642	0.34914	0.76604	0.92998	39.528	13.371	28.004	370.90	15.414	1.1818e-06	0.021896
23.592	0.23509	66.779	0.014975	0.065246	0.072342	3.1113	11.822	24.120	1016.9	-0.58464	1.0495e-05	0.10324	0.0013612	2.8891	0.34613	0.76613	0.93017	39.472	13.377	28.069	371.03	15.383	1.1843e-06	0.021958
23.631	0.23724	66.724	0.014987	0.066155	0.073322	3.1501	11.827	24.187	1015.5	-0.57958	1.0464e-05	0.10322	0.0013546	2.9140	0.34317	0.76623	0.93034	39.417	13.384	28.134	371.17	15.351	1.1867e-06	0.022020
23.670	0.23939	66.669	0.014999	0.067060	0.074298	3.1886	11.832	24.253	1014.1	-0.57453	1.0434e-05	0.10320	0.0013480	2.9390	0.34025	0.76632	0.93051	39.361	13.390	28.199	371.30	15.320	1.1891e-06	0.022082
23.709	0.24153	66.615	0.015012	0.067962	0.075271	3.2269	11.837	24.320	1012.7	-0.56950	1.0404e-05	0.10318	0.0013415	2.9639	0.33739	0.76641	0.93068	39.306	13.396	28.264	371.43	15.289	1.1915e-06	0.022144
23.748	0.24368	66.560	0.015024	0.068860	0.076240	3.2650	11.842	24.387	1011.4	-0.56448	1.0374e-05	0.10315	0.0013350	2.9889	0.33457	0.76649	0.93085	39.252	13.402	28.330	371.56	15.259	1.1939e-06	0.022205
23.786	0.24583	66.506	0.015036	0.069754	0.077206	3.3029	11.846	24.453	1010.0	-0.55947	1.0344e-05	0.10313	0.0013285	3.0138	0.33180	0.76657	0.93100	39.198	13.408	28.396	371.69	15.228	1.1963e-06	0.022267
23.824	0.24798	66.451	0.015049	0.070645	0.078168	3.3406	11.851	24.520	1008.6	-0.55448	1.0315e-05	0.10311	0.0013221	3.0388	0.32908	0.76665	0.93116	39.144	13.414	28.462	371.81	15.198	1.1987e-06	0.022328
23.862	0.25013	66.397	0.015061	0.071533	0.079127	3.3781	11.856	24.587	1007.2	-0.54950	1.0286e-05	0.10309	0.0013157	3.0638	0.32640	0.76673	0.93131	39.091	13.420	28.528	371.94	15.169	1.2011e-06	0.022389
23.900	0.25228	66.344	0.015073	0.072417	0.080083	3.4154	11.861	24.653	1005.9	-0.54453	1.0257e-05	0.10307	0.0013094	3.0888	0.32376	0.76680	0.93145	39.038	13.426	28.594	372.06	15.139	1.2034e-06	0.022450
23.937	0.25442	66.290	0.015085	0.073298	0.081035	3.4524	11.865	24.720	1004.5	-0.53957	1.0229e-05	0.10304	0.0013031	3.1137	0.32116	0.76688	0.93159	38.986	13.433	28.660	372.18	15.110	1.2058e-06	0.022510
23.974	0.25657	66.236	0.015097	0.074176	0.081985	3.4893	11.870	24.787	1003.2	-0.53462	1.0201e-05	0.10302	0.0012969	3.1387	0.31860	0.76694	0.93173	38.934	13.439	28.727	372.30	15.081	1.2081e-06	0.022571
24.011	0.25872	66.183	0.015110	0.075050	0.082931	3.5260	11.875	24.853	1001.8	-0.52969	1.0173e-05	0.10300	0.0012907	3.1637	0.31608	0.76701	0.93186	38.882	13.445	28.794	372.41	15.052	1.2104e-06	0.022631
24.048	0.26087	66.130	0.015122	0.075921	0.083874	3.5626	11.879	24.920	1000.5	-0.52476	1.0145e-05	0.10297	0.0012845	3.1888	0.31360	0.76707	0.93199	38.830	13.451	28.861	372.53	15.023	1.2128e-06	0.022691
24.084	0.26302	66.077	0.015134	0.076790	0.084814	3.5989	11.884	24.987	999.12	-0.51985	1.0118e-05	0.10295	0.0012784	3.2138	0.31116	0.76714	0.93212	38.779	13.457	28.928	372.64	14.995	1.2151e-06	0.022751
24.121	0.26517	66.024	0.015146	0.077655	0.085751	3.6351	11.888	25.054	997.78	-0.51494	1.0091e-05	0.10292	0.0012723	3.2388	0.30875	0.76719	0.93224	38.729	13.463	28.995	372.76	14.967	1.2174e-06	0.022811
24.157	0.26731	65.972	0.015158	0.078516	0.086685	3.6710	11.893	25.120	996.44	-0.51005	1.0064e-05	0.10290	0.0012663	3.2639	0.30638	0.76725	0.93235	38.678	13.469	29.063	372.87	14.939	1.2197e-06	0.022871
24.193	0.26946	65.919	0.015170	0.079375	0.087616	3.7068	11.897	25.187	995.11	-0.50516	1.0037e-05	0.10288	0.0012602	3.2889	0.30405	0.76730	0.93246	38.628	13.475	29.131	372.98	14.911	1.2220e-06	0.022931
24.229	0.27161	65.867	0.015182	0.080231	0.088544	3.7425	11.902	25.254	993.78	-0.50029	1.0010e-05	0.10285	0.0012543	3.3140	0.30175	0.76735	0.93257	38.579	13.482	29.199	373.08	14.884	1.2242e-06	0.022990
24.264	0.27376	65.815	0.015194	0.081084	0.089470	3.7779	11.906	25.321	992.46	-0.49542	9.9842e-06	0.10283	0.0012483	3.3391	0.29948	0.76740	0.93268	38.529	13.488	29.267	373.19	14.856	1.2265e-06	0.023049
24.299	0.27591	65.763	0.015206	0.081935	0.090392	3.8132	11.911	25.388	991.14	-0.49056	9.9582e-06	0.10281	0.0012424	3.3642	0.29725	0.76745	0.93278	38.480	13.494	29.335	373.29	14.829	1.2288e-06	0.023109
24.335	0.27806	65.711	0.015218	0.082782	0.091312	3.8483	11.915	25.455	989.82	-0.48571	9.9324e-06	0.10279	0.0012365	3.3893	0.29505	0.76749	0.93288	38.431	13.500	29.404	373.40	14.802	1.2310e-06	0.023168
24.370	0.28021	65.659	0.015230	0.083627	0.092230	3.8833	11.919	25.522	988.51	-0.48087	9.9069e-06	0.10277	0.0012307	3.4144	0.29288	0.76753	0.93297	38.383	13.506	29.472	373.50	14.776	1.2333e-06	0.023227
24.404	0.28235	65.607	0.015242	0.084468	0.093144	3.9181	11.924	25.589	987.20	-0.47603	9.8815e-06	0.10275	0.0012249	3.4395	0.29074	0.76757	0.93306	38.335	13.512	29.541	373.60	14.749	1.2355e-06	0.023285
24.439	0.28450	65.556	0.015254	0.085308	0.094056	3.9527	11.928	25.656	985.90	-0.47121	9.8563e-06	0.10272	0.0012191	3.4647	0.28863	0.76761	0.93315	38.287	13.518	29.611	373.70	14.723	1.2378e-06	0.023344
24.473	0.28665	65.505	0.015266	0.086144	0.094966	3.9872	11.932	25.723	984.59	-0.46639	9.8314e-06	0.10270	0.0012134	3.4898	0.28655	0.76765	0.93323	38.239	13.525	29.680	373.80	14.697	1.2400e-06	0.023403
24.507	0.28880	65.453	0.015278	0.086978	0.095872	4.0215	11.937	25.790	983.30	-0.46158	9.8066e-06	0.10268	0.0012077	3.5150	0.28450	0.76768	0.93331	38.192	13.531	29.750	373.89	14.671	1.2422e-06	0.023461
24.541	0.29095	65.402	0.015290	0.087809	0.096777	4.0557	11.941	25.858	982.00	-0.45677	9.7821e-06	0.10266	0.0012020	3.5402	0.28247	0.76771	0.93338	38.145	13.537	29.820	373.99	14.645	1.2444e-06	0.023519
24.575	0.29310	65.351	0.015302	0.088638	0.097679	4.0897	11.945	25.925	980.71	-0.45198	9.7577e-06	0.10264	0.0011963	3.5653	0.28048	0.76774	0.93346	38.098	13.543	29.890	374.08	14.619	1.2466e-06	0.023578
24.609	0.29524	65.301	0.015314	0.089464	0.098578	4.1236	11.950	25.992	979.42	-0.44719	9.7336e-06	0.10261	0.0011907	3.5905	0.27851	0.76776	0.93352	38.052	13.549	29.960	374.18	14.594	1.2488e-06	0.023636
24.643	0.29739	65.250	0.015326	0.090287	0.099475	4.1573	11.954	26.060	978.13	-0.44240	9.7096e-06	0.10259	0.0011851	3.6158	0.27657	0.76779	0.93359	38.006	13.555	30.030	374.27	14.569	1.2510e-06	0.023694
24.676	0.29954	65.199	0.015338	0.091108	0.10037	4.1909	11.958	26.127	976.85	-0.43762	9.6858e-06	0.10257	0.0011796	3.6410	0.27465	0.76781	0.93365	37.960	13.561	30.101	374.36	14.543	1.2532e-06	0.023752
24.709	0.30169	65.149	0.015349	0.091927	0.10126	4.2244	11.962	26.195	975.57	-0.43285	9.6622e-06	0.10255	0.0011741	3.6662	0.27276	0.76783	0.93371	37.914	13.568	30.172	374.45	14.519	1.2554e-06	0.023809
24.742	0.30384	65.099	0.015361	0.092743	0.10215	4.2577	11.966	26.263	974.30	-0.42808	9.6387e-06	0.10252	0.0011686	3.6915	0.27089	0.76785	0.93377	37.869	13.574	30.243	374.53	14.494	1.2575e-06	0.023867
24.775	0.30599	65.049	0.015373	0.093557	0.10304	4.2909	11.970	26.330	973.03	-0.42332	9.6155e-06	0.10250	0.0011631	3.7168	0.26905	0.76786	0.93382	37.824	13.580	30.315	374.62	14.469	1.2597e-06	0.023925
24.808	0.30813	64.999	0.015385	0.094369	0.10393	4.3239	11.974	26.398	971.76	-0.41857	9.5924e-06	0.10248	0.0011577	3.7421	0.26723	0.76787	0.93387	37.779	13.586	30.387	374.71	14.445	1.2619e-06	0.023982
24.840	0.31028	64.949	0.015397	0.095178	0.10481	4.3568	11.979	26.466	970.49	-0.41382	9.5695e-06	0.10245	0.0011523	3.7674	0.26544	0.76789	0.93391	37.734	13.592	30.458	374.79	14.420	1.2640e-06	0.024040
24.872	0.31243	64.899	0.015409	0.095985	0.10569	4.3896	11.983	26.534	969.23	-0.40907	9.5468e-06	0.10243	0.0011469	3.7927	0.26366	0.76790	0.93396	37.690	13.598	30.531	374.87	14.396	1.2662e-06	0.024097
24.905	0.31458	64.849	0.015420	0.096790	0.10657	4.4222	11.987	26.602	967.97	-0.40433	9.5242e-06	0.10240	0.0011416	3.8180	0.26191	0.76790	0.93400	37.646	13.605	30.603	374.96	14.372	1.2683e-06	0.024154
24.937	0.31673	64.800	0.015432	0.097592	0.10745	4.4547	11.991	26.670	966.71	-0.39960	9.5018e-06	0.10238	0.0011363	3.8434	0.26019	0.76791	0.93403	37.602	13.611	30.676	375.04	14.349	1.2704e-06	0.024211
24.969	0.31888	64.750	0.015444	0.098393	0.10832	4.4871	11.995	26.739	965.45	-0.39486	9.4795e-06	0.10236	0.0011310	3.8688	0.25848	0.76791	0.93407	37.558	13.617	30.749	375.12	14.325	1.2726e-06	0.024268
25.000	0.32102	64.701	0.015456	0.099191	0.10919	4.5193	11.999	26.807	964.20	-0.39014	9.4574e-06	0.10233	0.0011257	3.8941	0.25680	0.76791	0.93410	37.515	13.623	30.822	375.20	14.301	1.2747e-06	0.024325
25.032	0.32317	64.652	0.015468	0.099987	0.11006	4.5514	12.003	26.876	962.95	-0.38541	9.4355e-06	0.10231	0.0011205	3.9195	0.25513	0.76791	0.93413	37.472	13.629	30.895	375.27	14.278	1.2768e-06	0.024382
25.063	0.32532	64.602	0.015479	0.10078	0.11093	4.5834	12.007	26.944	961.70	-0.38069	9.4137e-06	0.10228	0.0011153	3.9450	0.25349	0.76791	0.93415	37.429	13.635	30.969	375.35	14.255	1.2789e-06	0.024439
25.095	0.32747	64.553	0.015491	0.10157	0.11180	4.6153	12.011	27.013	960.46	-0.37598	9.3921e-06	0.10226	0.0011101	3.9704	0.25186	0.76791	0.93417	37.386	13.641	31.043	375.43	14.232	1.2810e-06	0.024496
25.126	0.32962	64.504	0.015503	0.10236	0.11266	4.6471	12.015	27.082	959.22	-0.37127	9.3706e-06	0.10223	0.0011049	3.9959	0.25026	0.76790	0.93419	37.344	13.648	31.117	375.50	14.209	1.2831e-06	0.024552
25.157	0.33177	64.456	0.015515	0.10315	0.11353	4.6787	12.019	27.151	957.98	-0.36656	9.3493e-06	0.10221	0.0010998	4.0213	0.24867	0.76790	0.93421	37.301	13.654	31.191	375.57	14.186	1.2852e-06	0.024609
25.188	0.33392	64.407	0.015526	0.10394	0.11439	4.7103	12.022	27.220	956.74	-0.36185	9.3281e-06	0.10218	0.0010947	4.0468	0.24711	0.76789	0.93422	37.259	13.660	31.266	375.65	14.163	1.2873e-06	0.024665
25.219	0.33606	64.358	0.015538	0.10472	0.11525	4.7417	12.026	27.289	955.51	-0.35715	9.3071e-06	0.10215	0.0010896	4.0723	0.24556	0.76787	0.93423	37.217	13.666	31.341	375.72	14.141	1.2894e-06	0.024722
25.249	0.33821	64.310	0.015550	0.10550	0.11610	4.7730	12.030	27.358	954.28	-0.35245	9.2862e-06	0.10213	0.0010846	4.0978	0.24403	0.76786	0.93424	37.176	13.672	31.416	375.79	14.118	1.2915e-06	0.024778
25.280	0.34036	64.261	0.015561	0.10628	0.11696	4.8042	12.034	27.427	953.05	-0.34775	9.2654e-06	0.10210	0.0010795	4.1234	0.24252	0.76785	0.93425	37.134	13.678	31.492	375.86	14.096	1.2935e-06	0.024834
25.310	0.34251	64.213	0.015573	0.10706	0.11781	4.8352	12.038	27.497	951.83	-0.34305	9.2448e-06	0.10208	0.0010745	4.1489	0.24103	0.76783	0.93425	37.093	13.685	31.567	375.93	14.074	1.2956e-06	0.024890
25.340	0.34466	64.165	0.015585	0.10784	0.11866	4.8662	12.042	27.566	950.60	-0.33836	9.2243e-06	0.10205	0.0010695	4.1745	0.23955	0.76781	0.93425	37.052	13.691	31.643	376.00	14.052	1.2977e-06	0.024947
25.370	0.34681	64.117	0.015597	0.10861	0.11951	4.8971	12.046	27.636	949.38	-0.33367	9.2040e-06	0.10202	0.0010646	4.2001	0.23809	0.76779	0.93425	37.011	13.697	31.720	376.06	14.030	1.2998e-06	0.025003
25.400	0.34895	64.068	0.015608	0.10938	0.12036	4.9278	12.049	27.706	948.16	-0.32898	9.1837e-06	0.10200	0.0010597	4.2257	0.23665	0.76777	0.93424	36.970	13.703	31.796	376.13	14.008	1.3018e-06	0.025059
25.430	0.35110	64.020	0.015620	0.11015	0.12121	4.9585	12.053	27.776	946.95	-0.32430	9.1636e-06	0.10197	0.0010547	4.2514	0.23522	0.76775	0.93423	36.929	13.709	31.873	376.20	13.986	1.3039e-06	0.025115
25.460	0.35325	63.973	0.015632	0.11092	0.12205	4.9890	12.057	27.846	945.73	-0.31961	9.1437e-06	0.10194	0.0010499	4.2770	0.23381	0.76772	0.93422	36.889	13.716	31.950	376.26	13.965	1.3059e-06	0.025171
25.489	0.35540	63.925	0.015643	0.11169	0.12290	5.0194	12.061	27.916	944.52	-0.31493	9.1238e-06	0.10192	0.0010450	4.3027	0.23241	0.76770	0.93421	36.849	13.722	32.028	376.32	13.943	1.3080e-06	0.025226
25.519	0.35755	63.877	0.015655	0.11245	0.12374	5.0498	12.065	27.987	943.31	-0.31025	9.1041e-06	0.10189	0.0010402	4.3284	0.23103	0.76767	0.93419	36.809	13.728	32.105	376.39	13.922	1.3100e-06	0.025282
25.548	0.35970	63.829	0.015667	0.11322	0.12458	5.0800	12.068	28.057	942.10	-0.30557	9.0845e-06	0.10186	0.0010353	4.3541	0.22967	0.76764	0.93417	36.769	13.734	32.183	376.45	13.901	1.3120e-06	0.025338
25.577	0.36184	63.782	0.015678	0.11398	0.12542	5.1101	12.072	28.128	940.90	-0.30089	9.0651e-06	0.10184	0.0010305	4.3798	0.22832	0.76761	0.93415	36.730	13.740	32.262	376.51	13.880	1.3141e-06	0.025394
25.606	0.36399	63.734	0.015690	0.11474	0.12625	5.1402	12.076	28.199	939.69	-0.29621	9.0457e-06	0.10181	0.0010258	4.4056	0.22698	0.76757	0.93413	36.690	13.746	32.340	376.57	13.859	1.3161e-06	0.025449
25.635	0.36614	63.687	0.015702	0.11550	0.12709	5.1701	12.079	28.270	938.49	-0.29153	9.0265e-06	0.10178	0.0010210	4.4314	0.22566	0.76754	0.93410	36.651	13.753	32.419	376.63	13.838	1.3181e-06	0.025505
25.664	0.36829	63.640	0.015713	0.11625	0.12792	5.2000	12.083	28.341	937.29	-0.28686	9.0073e-06	0.10175	0.0010163	4.4572	0.22436	0.76750	0.93407	36.612	13.759	32.499	376.69	13.817	1.3201e-06	0.025560
25.693	0.37044	63.592	0.015725	0.11701	0.12875	5.2297	12.087	28.412	936.10	-0.28218	8.9883e-06	0.10173	0.0010116	4.4830	0.22307	0.76747	0.93404	36.573	13.765	32.578	376.74	13.797	1.3222e-06	0.025616
25.721	0.37259	63.545	0.015737	0.11776	0.12958	5.2594	12.091	28.483	934.90	-0.27751	8.9695e-06	0.10170	0.0010069	4.5088	0.22179	0.76743	0.93401	36.534	13.771	32.658	376.80	13.776	1.3242e-06	0.025671
25.750	0.37473	63.498	0.015749	0.11852	0.13041	5.2889	12.094	28.555	933.71	-0.27283	8.9507e-06	0.10167	0.0010022	4.5347	0.22052	0.76739	0.93397	36.495	13.777	32.738	376.86	13.756	1.3262e-06	0.025727
25.778	0.37688	63.451	0.015760	0.11927	0.13124	5.3184	12.098	28.627	932.52	-0.26816	8.9320e-06	0.10164	0.00099759	4.5606	0.21927	0.76734	0.93393	36.457	13.784	32.818	376.91	13.735	1.3282e-06	0.025782
25.806	0.37903	63.404	0.015772	0.12001	0.13207	5.3478	12.101	28.699	931.33	-0.26348	8.9135e-06	0.10162	0.00099296	4.5865	0.21803	0.76730	0.93389	36.419	13.790	32.899	376.97	13.715	1.3302e-06	0.025838
25.835	0.38118	63.357	0.015784	0.12076	0.13289	5.3771	12.105	28.771	930.14	-0.25881	8.8950e-06	0.10159	0.00098836	4.6124	0.21681	0.76725	0.93385	36.380	13.796	32.980	377.02	13.695	1.3322e-06	0.025893
25.863	0.38333	63.310	0.015795	0.12151	0.13371	5.4063	12.109	28.843	928.96	-0.25413	8.8767e-06	0.10156	0.00098378	4.6383	0.21559	0.76721	0.93381	36.343	13.802	33.062	377.07	13.675	1.3342e-06	0.025948
25.891	0.38548	63.264	0.015807	0.12225	0.13454	5.4354	12.112	28.915	927.77	-0.24946	8.8584e-06	0.10153	0.00097922	4.6643	0.21439	0.76716	0.93376	36.305	13.808	33.143	377.13	13.655	1.3362e-06	0.026003
25.918	0.38763	63.217	0.015819	0.12300	0.13536	5.4644	12.116	28.988	926.59	-0.24478	8.8403e-06	0.10150	0.00097467	4.6903	0.21321	0.76711	0.93371	36.267	13.815	33.225	377.18	13.635	1.3382e-06	0.026059
25.946	0.38977	63.170	0.015830	0.12374	0.13617	5.4934	12.120	29.061	925.41	-0.24010	8.8223e-06	0.10147	0.00097015	4.7163	0.21203	0.76706	0.93365	36.229	13.821	33.308	377.23	13.615	1.3402e-06	0.026114
25.974	0.39192	63.124	0.015842	0.12448	0.13699	5.5222	12.123	29.133	924.24	-0.23543	8.8043e-06	0.10144	0.00096565	4.7424	0.21087	0.76700	0.93360	36.192	13.827	33.390	377.28	13.596	1.3422e-06	0.026169
26.001	0.39407	63.077	0.015854	0.12522	0.13781	5.5510	12.127	29.207	923.06	-0.23075	8.7865e-06	0.10142	0.00096117	4.7684	0.20971	0.76695	0.93354	36.155	13.833	33.473	377.33	13.576	1.3441e-06	0.026224
26.028	0.39622	63.031	0.015865	0.12595	0.13862	5.5797	12.130	29.280	921.89	-0.22607	8.7688e-06	0.10139	0.00095670	4.7945	0.20857	0.76689	0.93348	36.118	13.839	33.557	377.38	13.557	1.3461e-06	0.026279
26.056	0.39837	62.985	0.015877	0.12669	0.13944	5.6083	12.134	29.353	920.72	-0.22139	8.7511e-06	0.10136	0.00095226	4.8206	0.20744	0.76683	0.93342	36.081	13.846	33.641	377.42	13.537	1.3481e-06	0.026334
26.083	0.40052	62.938	0.015889	0.12742	0.14025	5.6368	12.137	29.427	919.54	-0.21671	8.7336e-06	0.10133	0.00094783	4.8468	0.20632	0.76678	0.93336	36.044	13.852	33.725	377.47	13.518	1.3501e-06	0.026389
26.110	0.40266	62.892	0.015900	0.12816	0.14106	5.6653	12.141	29.501	918.38	-0.21203	8.7161e-06	0.10130	0.00094343	4.8729	0.20522	0.76671	0.93329	36.007	13.858	33.809	377.52	13.499	1.3520e-06	0.026444
26.137	0.40481	62.846	0.015912	0.12889	0.14187	5.6936	12.144	29.575	917.21	-0.20734	8.6988e-06	0.10127	0.00093904	4.8991	0.20412	0.76665	0.93323	35.971	13.864	33.894	377.56	13.480	1.3540e-06	0.026499
26.164	0.40696	62.800	0.015924	0.12962	0.14268	5.7219	12.148	29.649	916.04	-0.20266	8.6815e-06	0.10124	0.00093467	4.9253	0.20303	0.76659	0.93316	35.934	13.870	33.979	377.61	13.461	1.3560e-06	0.026554
26.191	0.40911	62.754	0.015935	0.13035	0.14349	5.7501	12.151	29.724	914.88	-0.19797	8.6643e-06	0.10121	0.00093032	4.9515	0.20196	0.76653	0.93308	35.898	13.877	34.064	377.65	13.442	1.3579e-06	0.026609
26.217	0.41126	62.708	0.015947	0.13107	0.14429	5.7783	12.155	29.798	913.72	-0.19328	8.6473e-06	0.10118	0.00092598	4.9778	0.20089	0.76646	0.93301	35.862	13.883	34.150	377.70	13.423	1.3599e-06	0.026664
26.244	0.41341	62.662	0.015959	0.13180	0.14510	5.8063	12.158	29.873	912.56	-0.18859	8.6303e-06	0.10115	0.00092167	5.0041	0.19984	0.76639	0.93293	35.826	13.889	34.236	377.74	13.404	1.3618e-06	0.026719
26.270	0.41555	62.616	0.015970	0.13253	0.14590	5.8343	12.162	29.948	911.40	-0.18390	8.6134e-06	0.10112	0.00091737	5.0304	0.19879	0.76632	0.93285	35.790	13.895	34.323	377.78	13.385	1.3638e-06	0.026774
26.297	0.41770	62.570	0.015982	0.13325	0.14671	5.8622	12.165	30.023	910.24	-0.17921	8.5966e-06	0.10109	0.00091309	5.0567	0.19776	0.76625	0.93277	35.754	13.902	34.410	377.83	13.367	1.3657e-06	0.026829
26.323	0.41985	62.524	0.015994	0.13397	0.14751	5.8901	12.169	30.099	909.09	-0.17451	8.5798e-06	0.10106	0.00090883	5.0831	0.19673	0.76618	0.93269	35.719	13.908	34.497	377.87	13.348	1.3677e-06	0.026884
26.349	0.42200	62.479	0.016005	0.13469	0.14831	5.9178	12.172	30.175	907.93	-0.16981	8.5632e-06	0.10103	0.00090459	5.1094	0.19572	0.76611	0.93260	35.683	13.914	34.585	377.91	13.330	1.3696e-06	0.026939
26.375	0.42415	62.433	0.016017	0.13541	0.14911	5.9455	12.176	30.251	906.78	-0.16511	8.5466e-06	0.10100	0.00090036	5.1359	0.19471	0.76603	0.93252	35.648	13.920	34.673	377.95	13.312	1.3716e-06	0.026994
26.401	0.42630	62.387	0.016029	0.13613	0.14991	5.9732	12.179	30.327	905.63	-0.16041	8.5302e-06	0.10097	0.00089615	5.1623	0.19371	0.76596	0.93243	35.613	13.927	34.761	377.99	13.293	1.3735e-06	0.027048
26.427	0.42844	62.342	0.016041	0.13685	0.15070	6.0007	12.183	30.403	904.48	-0.15570	8.5138e-06	0.10094	0.00089196	5.1887	0.19272	0.76588	0.93234	35.578	13.933	34.850	378.03	13.275	1.3755e-06	0.027103
26.453	0.43059	62.296	0.016052	0.13757	0.15150	6.0282	12.186	30.480	903.33	-0.15099	8.4974e-06	0.10091	0.00088778	5.2152	0.19175	0.76580	0.93224	35.542	13.939	34.939	378.07	13.257	1.3774e-06	0.027158
26.479	0.43274	62.251	0.016064	0.13828	0.15230	6.0556	12.190	30.556	902.18	-0.14628	8.4812e-06	0.10088	0.00088362	5.2418	0.19078	0.76572	0.93215	35.508	13.945	35.028	378.10	13.239	1.3793e-06	0.027213
26.504	0.43489	62.205	0.016076	0.13900	0.15309	6.0830	12.193	30.633	901.04	-0.14156	8.4651e-06	0.10085	0.00087948	5.2683	0.18981	0.76564	0.93205	35.473	13.952	35.118	378.14	13.221	1.3813e-06	0.027268
26.530	0.43704	62.160	0.016088	0.13971	0.15388	6.1103	12.196	30.711	899.89	-0.13684	8.4490e-06	0.10082	0.00087536	5.2949	0.18886	0.76556	0.93195	35.438	13.958	35.209	378.18	13.203	1.3832e-06	0.027323
26.555	0.43919	62.115	0.016099	0.14042	0.15467	6.1375	12.200	30.788	898.75	-0.13212	8.4330e-06	0.10079	0.00087125	5.3215	0.18792	0.76548	0.93185	35.404	13.964	35.299	378.21	13.185	1.3851e-06	0.027378
26.581	0.44134	62.069	0.016111	0.14113	0.15547	6.1646	12.203	30.866	897.61	-0.12740	8.4171e-06	0.10076	0.00086715	5.3481	0.18698	0.76539	0.93175	35.369	13.970	35.391	378.25	13.167	1.3870e-06	0.027432
26.606	0.44348	62.024	0.016123	0.14184	0.15626	6.1917	12.207	30.944	896.47	-0.12267	8.4012e-06	0.10073	0.00086308	5.3747	0.18606	0.76531	0.93164	35.335	13.977	35.482	378.29	13.150	1.3890e-06	0.027487
26.631	0.44563	61.979	0.016135	0.14255	0.15704	6.2187	12.210	31.022	895.33	-0.11794	8.3854e-06	0.10070	0.00085902	5.4014	0.18514	0.76522	0.93153	35.301	13.983	35.574	378.32	13.132	1.3909e-06	0.027542
26.656	0.44778	61.934	0.016146	0.14326	0.15783	6.2457	12.214	31.101	894.19	-0.11320	8.3697e-06	0.10067	0.00085497	5.4281	0.18423	0.76513	0.93142	35.266	13.989	35.666	378.35	13.114	1.3928e-06	0.027597
26.682	0.44993	61.889	0.016158	0.14396	0.15862	6.2726	12.217	31.179	893.06	-0.10846	8.3541e-06	0.10064	0.00085094	5.4549	0.18332	0.76504	0.93131	35.232	13.995	35.759	378.39	13.097	1.3947e-06	0.027652
26.706	0.45208	61.844	0.016170	0.14467	0.15941	6.2994	12.220	31.258	891.92	-0.10372	8.3386e-06	0.10061	0.00084693	5.4816	0.18243	0.76495	0.93120	35.199	14.002	35.852	378.42	13.079	1.3967e-06	0.027707
26.731	0.45423	61.799	0.016182	0.14537	0.16019	6.3262	12.224	31.338	890.79	-0.098970	8.3231e-06	0.10057	0.00084293	5.5084	0.18154	0.76486	0.93108	35.165	14.008	35.946	378.45	13.062	1.3986e-06	0.027762
26.756	0.45637	61.754	0.016193	0.14608	0.16098	6.3529	12.227	31.417	889.65	-0.094219	8.3077e-06	0.10054	0.00083895	5.5353	0.18066	0.76476	0.93097	35.131	14.014	36.040	378.48	13.045	1.4005e-06	0.027817
26.781	0.45852	61.709	0.016205	0.14678	0.16176	6.3795	12.230	31.497	888.52	-0.089463	8.2923e-06	0.10051	0.00083498	5.5621	0.17979	0.76467	0.93085	35.097	14.021	36.135	378.52	13.028	1.4024e-06	0.027871
26.806	0.46067	61.664	0.016217	0.14748	0.16254	6.4061	12.234	31.577	887.39	-0.084704	8.2771e-06	0.10048	0.00083103	5.5890	0.17892	0.76457	0.93073	35.064	14.027	36.230	378.55	13.010	1.4043e-06	0.027926
26.830	0.46282	61.619	0.016229	0.14818	0.16332	6.4327	12.237	31.657	886.26	-0.079940	8.2619e-06	0.10045	0.00082710	5.6159	0.17807	0.76447	0.93061	35.030	14.033	36.325	378.58	12.993	1.4062e-06	0.027981
26.855	0.46497	61.574	0.016241	0.14888	0.16410	6.4591	12.241	31.738	885.14	-0.075172	8.2467e-06	0.10042	0.00082317	5.6428	0.17722	0.76437	0.93048	34.997	14.039	36.421	378.61	12.976	1.4081e-06	0.028036
26.879	0.46712	61.529	0.016252	0.14958	0.16488	6.4855	12.244	31.819	884.01	-0.070399	8.2317e-06	0.10039	0.00081927	5.6698	0.17637	0.76427	0.93035	34.964	14.046	36.517	378.64	12.959	1.4100e-06	0.028091
26.903	0.46926	61.484	0.016264	0.15028	0.16566	6.5119	12.247	31.900	882.88	-0.065621	8.2167e-06	0.10035	0.00081538	5.6968	0.17554	0.76417	0.93023	34.931	14.052	36.614	378.66	12.942	1.4119e-06	0.028146
26.927	0.47141	61.440	0.016276	0.15098	0.16644	6.5382	12.251	31.981	881.76	-0.060839	8.2017e-06	0.10032	0.00081150	5.7238	0.17471	0.76407	0.93010	34.898	14.058	36.711	378.69	12.925	1.4138e-06	0.028201
26.952	0.47356	61.395	0.016288	0.15167	0.16722	6.5644	12.254	32.063	880.64	-0.056051	8.1869e-06	0.10029	0.00080764	5.7509	0.17389	0.76396	0.92996	34.865	14.065	36.808	378.72	12.909	1.4158e-06	0.028256
26.976	0.47571	61.350	0.016300	0.15237	0.16800	6.5906	12.257	32.145	879.51	-0.051259	8.1720e-06	0.10026	0.00080379	5.7780	0.17307	0.76386	0.92983	34.832	14.071	36.906	378.75	12.892	1.4177e-06	0.028311
27.000	0.47786	61.306	0.016312	0.15306	0.16877	6.6168	12.261	32.227	878.39	-0.046462	8.1573e-06	0.10023	0.00079995	5.8051	0.17226	0.76375	0.92969	34.799	14.077	37.005	378.77	12.875	1.4196e-06	0.028366
27.024	0.48001	61.261	0.016324	0.15375	0.16955	6.6429	12.264	32.309	877.27	-0.041659	8.1426e-06	0.10019	0.00079613	5.8323	0.17146	0.76365	0.92956	34.767	14.084	37.104	378.80	12.859	1.4215e-06	0.028421
27.047	0.48216	61.216	0.016335	0.15444	0.17032	6.6689	12.267	32.392	876.15	-0.036852	8.1280e-06	0.10016	0.00079233	5.8595	0.17066	0.76354	0.92942	34.734	14.090	37.203	378.83	12.842	1.4234e-06	0.028477
27.071	0.48430	61.172	0.016347	0.15514	0.17110	6.6949	12.271	32.475	875.04	-0.032039	8.1134e-06	0.10013	0.00078854	5.8867	0.16987	0.76343	0.92927	34.702	14.096	37.303	378.85	12.826	1.4253e-06	0.028532
27.095	0.48645	61.127	0.016359	0.15583	0.17187	6.7208	12.274	32.559	873.92	-0.027220	8.0989e-06	0.10010	0.00078476	5.9140	0.16909	0.76332	0.92913	34.669	14.102	37.404	378.88	12.809	1.4271e-06	0.028587
27.119	0.48860	61.083	0.016371	0.15652	0.17264	6.7466	12.277	32.643	872.80	-0.022396	8.0845e-06	0.10006	0.00078100	5.9412	0.16832	0.76320	0.92899	34.637	14.109	37.505	378.90	12.793	1.4290e-06	0.028642
27.142	0.49075	61.038	0.016383	0.15720	0.17341	6.7725	12.281	32.727	871.69	-0.017566	8.0701e-06	0.10003	0.00077725	5.9686	0.16754	0.76309	0.92884	34.605	14.115	37.606	378.93	12.776	1.4309e-06	0.028697
27.166	0.49290	60.994	0.016395	0.15789	0.17418	6.7982	12.284	32.811	870.57	-0.012731	8.0558e-06	0.10000	0.00077351	5.9959	0.16678	0.76297	0.92869	34.573	14.121	37.708	378.95	12.760	1.4328e-06	0.028753
27.189	0.49505	60.950	0.016407	0.15858	0.17495	6.8240	12.287	32.896	869.46	-0.0078894	8.0415e-06	0.099967	0.00076979	6.0233	0.16602	0.76286	0.92854	34.541	14.128	37.810	378.97	12.744	1.4347e-06	0.028808
27.212	0.49719	60.905	0.016419	0.15927	0.17572	6.8496	12.291	32.981	868.35	-0.0030421	8.0273e-06	0.099935	0.00076608	6.0507	0.16527	0.76274	0.92839	34.509	14.134	37.913	378.99	12.728	1.4366e-06	0.028863
27.236	0.49934	60.861	0.016431	0.15995	0.17649	6.8752	12.294	33.066	867.24	0.0018113	8.0132e-06	0.099902	0.00076239	6.0782	0.16452	0.76262	0.92824	34.477	14.141	38.017	379.02	12.711	1.4385e-06	0.028918
27.259	0.50149	60.817	0.016443	0.16064	0.17726	6.9008	12.297	33.152	866.13	0.0066708	7.9991e-06	0.099869	0.00075871	6.1056	0.16378	0.76250	0.92808	34.445	14.147	38.121	379.04	12.695	1.4404e-06	0.028974
27.282	0.50364	60.772	0.016455	0.16132	0.17803	6.9263	12.300	33.237	865.02	0.011537	7.9851e-06	0.099836	0.00075504	6.1332	0.16305	0.76238	0.92792	34.413	14.153	38.225	379.06	12.679	1.4423e-06	0.029029
27.305	0.50579	60.728	0.016467	0.16200	0.17879	6.9518	12.304	33.324	863.91	0.016409	7.9711e-06	0.099803	0.00075138	6.1607	0.16232	0.76226	0.92776	34.382	14.160	38.330	379.08	12.663	1.4442e-06	0.029085
27.328	0.50794	60.684	0.016479	0.16268	0.17956	6.9772	12.307	33.410	862.80	0.021287	7.9572e-06	0.099770	0.00074774	6.1883	0.16160	0.76214	0.92760	34.350	14.166	38.436	379.10	12.647	1.4461e-06	0.029140
27.351	0.51008	60.640	0.016491	0.16337	0.18032	7.0026	12.310	33.497	861.69	0.026172	7.9433e-06	0.099737	0.00074411	6.2159	0.16088	0.76201	0.92744	34.318	14.172	38.542	379.12	12.632	1.4479e-06	0.029196
27.374	0.51223	60.595	0.016503	0.16405	0.18109	7.0279	12.314	33.585	860.59	0.031064	7.9295e-06	0.099704	0.00074050	6.2436	0.16017	0.76189	0.92727	34.287	14.179	38.648	379.14	12.616	1.4498e-06	0.029251
27.397	0.51438	60.551	0.016515	0.16473	0.18185	7.0532	12.317	33.672	859.48	0.035963	7.9157e-06	0.099671	0.00073689	6.2712	0.15946	0.76176	0.92711	34.256	14.185	38.755	379.16	12.600	1.4517e-06	0.029307
27.419	0.51653	60.507	0.016527	0.16541	0.18262	7.0785	12.320	33.760	858.38	0.040868	7.9020e-06	0.099638	0.00073330	6.2990	0.15876	0.76163	0.92694	34.224	14.191	38.863	379.18	12.584	1.4536e-06	0.029363
27.442	0.51868	60.463	0.016539	0.16609	0.18338	7.1037	12.324	33.849	857.28	0.045780	7.8883e-06	0.099604	0.00072972	6.3267	0.15806	0.76150	0.92677	34.193	14.198	38.971	379.20	12.568	1.4555e-06	0.029419
27.465	0.52083	60.419	0.016551	0.16676	0.18414	7.1288	12.327	33.937	856.17	0.050700	7.8747e-06	0.099571	0.00072616	6.3545	0.15737	0.76137	0.92660	34.162	14.204	39.080	379.22	12.553	1.4574e-06	0.029474
27.487	0.52297	60.375	0.016563	0.16744	0.18490	7.1539	12.330	34.026	855.07	0.055626	7.8612e-06	0.099538	0.00072261	6.3824	0.15668	0.76124	0.92643	34.131	14.211	39.189	379.23	12.537	1.4593e-06	0.029530
27.510	0.52512	60.330	0.016575	0.16812	0.18566	7.1790	12.333	34.116	853.97	0.060560	7.8476e-06	0.099504	0.00071907	6.4102	0.15600	0.76111	0.92625	34.100	14.217	39.299	379.25	12.522	1.4611e-06	0.029586
27.532	0.52727	60.286	0.016587	0.16879	0.18642	7.2040	12.337	34.206	852.87	0.065501	7.8342e-06	0.099470	0.00071554	6.4381	0.15532	0.76098	0.92607	34.069	14.223	39.409	379.27	12.506	1.4630e-06	0.029642
27.554	0.52942	60.242	0.016600	0.16947	0.18718	7.2290	12.340	34.296	851.77	0.070449	7.8208e-06	0.099437	0.00071202	6.4661	0.15465	0.76084	0.92590	34.038	14.230	39.520	379.29	12.491	1.4649e-06	0.029698
27.577	0.53157	60.198	0.016612	0.17014	0.18794	7.2540	12.343	34.386	850.67	0.075405	7.8074e-06	0.099403	0.00070852	6.4940	0.15399	0.76071	0.92572	34.008	14.236	39.632	379.30	12.475	1.4668e-06	0.029754
27.599	0.53372	60.154	0.016624	0.17082	0.18870	7.2788	12.347	34.477	849.57	0.080368	7.7941e-06	0.099369	0.00070503	6.5220	0.15333	0.76057	0.92553	33.977	14.243	39.744	379.32	12.460	1.4687e-06	0.029810
27.621	0.53587	60.110	0.016636	0.17149	0.18946	7.3037	12.350	34.569	848.47	0.085340	7.7808e-06	0.099335	0.00070155	6.5501	0.15267	0.76043	0.92535	33.946	14.249	39.857	379.33	12.444	1.4706e-06	0.029866
27.643	0.53801	60.066	0.016648	0.17216	0.19022	7.3285	12.353	34.660	847.38	0.090319	7.7676e-06	0.099301	0.00069809	6.5782	0.15202	0.76029	0.92517	33.916	14.256	39.970	379.35	12.429	1.4724e-06	0.029922
27.665	0.54016	60.022	0.016660	0.17283	0.19098	7.3533	12.357	34.752	846.28	0.095306	7.7544e-06	0.099267	0.00069463	6.6063	0.15137	0.76015	0.92498	33.885	14.262	40.084	379.36	12.414	1.4743e-06	0.029979
27.687	0.54231	59.978	0.016673	0.17351	0.19173	7.3780	12.360	34.845	845.18	0.10030	7.7413e-06	0.099233	0.00069119	6.6345	0.15073	0.76001	0.92479	33.855	14.268	40.199	379.38	12.399	1.4762e-06	0.030035
27.709	0.54446	59.934	0.016685	0.17418	0.19249	7.4027	12.363	34.938	844.09	0.10530	7.7282e-06	0.099199	0.00068776	6.6627	0.15009	0.75987	0.92460	33.824	14.275	40.314	379.39	12.383	1.4781e-06	0.030091
27.731	0.54661	59.890	0.016697	0.17485	0.19324	7.4274	12.367	35.031	842.99	0.11032	7.7152e-06	0.099165	0.00068434	6.6909	0.14946	0.75972	0.92441	33.794	14.281	40.430	379.40	12.368	1.4800e-06	0.030148
27.753	0.54876	59.846	0.016709	0.17552	0.19400	7.4520	12.370	35.125	841.90	0.11533	7.7022e-06	0.099131	0.00068093	6.7192	0.14883	0.75958	0.92422	33.764	14.288	40.546	379.42	12.353	1.4818e-06	0.030204
27.774	0.55090	59.803	0.016722	0.17618	0.19475	7.4766	12.373	35.219	840.81	0.12036	7.6893e-06	0.099097	0.00067754	6.7475	0.14820	0.75943	0.92402	33.733	14.294	40.663	379.43	12.338	1.4837e-06	0.030261
27.796	0.55305	59.759	0.016734	0.17685	0.19551	7.5011	12.376	35.313	839.71	0.12540	7.6763e-06	0.099062	0.00067415	6.7758	0.14758	0.75928	0.92382	33.703	14.301	40.781	379.44	12.323	1.4856e-06	0.030318
27.817	0.55520	59.715	0.016746	0.17752	0.19626	7.5257	12.380	35.408	838.62	0.13044	7.6635e-06	0.099028	0.00067078	6.8042	0.14697	0.75914	0.92362	33.673	14.307	40.899	379.45	12.308	1.4875e-06	0.030374
27.839	0.55735	59.671	0.016759	0.17819	0.19702	7.5501	12.383	35.504	837.53	0.13550	7.6507e-06	0.098993	0.00066742	6.8327	0.14636	0.75899	0.92342	33.643	14.314	41.018	379.47	12.293	1.4894e-06	0.030431
27.861	0.55950	59.627	0.016771	0.17885	0.19777	7.5746	12.386	35.600	836.44	0.14056	7.6379e-06	0.098959	0.00066407	6.8611	0.14575	0.75884	0.92322	33.613	14.320	41.138	379.48	12.278	1.4913e-06	0.030488
27.882	0.56165	59.583	0.016783	0.17952	0.19852	7.5990	12.390	35.696	835.35	0.14563	7.6252e-06	0.098924	0.00066073	6.8897	0.14514	0.75868	0.92302	33.583	14.327	41.258	379.49	12.263	1.4931e-06	0.030545
27.903	0.56379	59.539	0.016796	0.18019	0.19928	7.6233	12.393	35.792	834.26	0.15071	7.6125e-06	0.098889	0.00065740	6.9182	0.14455	0.75853	0.92281	33.554	14.333	41.379	379.50	12.249	1.4950e-06	0.030602
27.925	0.56594	59.495	0.016808	0.18085	0.20003	7.6477	12.396	35.890	833.17	0.15580	7.5998e-06	0.098855	0.00065409	6.9468	0.14395	0.75838	0.92261	33.524	14.340	41.500	379.51	12.234	1.4969e-06	0.030659
27.946	0.56809	59.451	0.016820	0.18152	0.20078	7.6720	12.400	35.987	832.08	0.16090	7.5872e-06	0.098820	0.00065078	6.9754	0.14336	0.75822	0.92240	33.494	14.346	41.623	379.52	12.219	1.4988e-06	0.030716
27.967	0.57024	59.408	0.016833	0.18218	0.20153	7.6962	12.403	36.085	830.99	0.16601	7.5747e-06	0.098785	0.00064749	7.0041	0.14277	0.75807	0.92219	33.464	14.353	41.746	379.53	12.204	1.5007e-06	0.030773
27.988	0.57239	59.364	0.016845	0.18284	0.20228	7.7204	12.406	36.184	829.90	0.17113	7.5621e-06	0.098750	0.00064421	7.0328	0.14219	0.75791	0.92198	33.435	14.359	41.869	379.54	12.190	1.5026e-06	0.030830
28.009	0.57454	59.320	0.016858	0.18351	0.20303	7.7446	12.410	36.283	828.82	0.17625	7.5496e-06	0.098715	0.00064093	7.0616	0.14161	0.75775	0.92176	33.405	14.366	41.994	379.55	12.175	1.5044e-06	0.030888
28.030	0.57668	59.276	0.016870	0.18417	0.20378	7.7688	12.413	36.382	827.73	0.18139	7.5372e-06	0.098680	0.00063767	7.0904	0.14104	0.75759	0.92155	33.376	14.372	42.119	379.56	12.160	1.5063e-06	0.030945
28.051	0.57883	59.232	0.016883	0.18483	0.20453	7.7929	12.416	36.482	826.64	0.18654	7.5248e-06	0.098645	0.00063442	7.1192	0.14046	0.75743	0.92133	33.346	14.379	42.245	379.57	12.146	1.5082e-06	0.031003
28.072	0.58098	59.188	0.016895	0.18549	0.20528	7.8170	12.420	36.582	825.56	0.19169	7.5124e-06	0.098610	0.00063118	7.1481	0.13990	0.75727	0.92111	33.317	14.385	42.371	379.57	12.131	1.5101e-06	0.031060
28.093	0.58313	59.145	0.016908	0.18615	0.20603	7.8411	12.423	36.683	824.47	0.19686	7.5001e-06	0.098575	0.00062796	7.1771	0.13933	0.75710	0.92089	33.287	14.392	42.498	379.58	12.117	1.5120e-06	0.031118
28.114	0.58528	59.101	0.016920	0.18681	0.20678	7.8651	12.426	36.784	823.39	0.20204	7.4878e-06	0.098539	0.00062474	7.2060	0.13877	0.75694	0.92067	33.258	14.398	42.626	379.59	12.102	1.5139e-06	0.031176
28.135	0.58743	59.057	0.016933	0.18747	0.20753	7.8891	12.430	36.886	822.30	0.20722	7.4755e-06	0.098504	0.00062153	7.2350	0.13822	0.75678	0.92045	33.229	14.405	42.755	379.60	12.088	1.5158e-06	0.031234
28.155	0.58958	59.013	0.016945	0.18813	0.20827	7.9131	12.433	36.988	821.22	0.21242	7.4633e-06	0.098469	0.00061833	7.2641	0.13766	0.75661	0.92022	33.200	14.411	42.884	379.60	12.073	1.5176e-06	0.031292
28.176	0.59172	58.969	0.016958	0.18879	0.20902	7.9370	12.436	37.091	820.13	0.21763	7.4511e-06	0.098433	0.00061515	7.2932	0.13711	0.75644	0.92000	33.170	14.418	43.015	379.61	12.059	1.5195e-06	0.031350
28.197	0.59387	58.925	0.016971	0.18945	0.20977	7.9610	12.440	37.194	819.05	0.22284	7.4390e-06	0.098398	0.00061197	7.3223	0.13657	0.75627	0.91977	33.141	14.425	43.145	379.62	12.044	1.5214e-06	0.031408
28.217	0.59602	58.882	0.016983	0.19011	0.21052	7.9848	12.443	37.298	817.97	0.22807	7.4269e-06	0.098362	0.00060881	7.3515	0.13603	0.75610	0.91954	33.112	14.431	43.277	379.62	12.030	1.5233e-06	0.031466
28.238	0.59817	58.838	0.016996	0.19077	0.21126	8.0087	12.446	37.403	816.88	0.23331	7.4148e-06	0.098326	0.00060565	7.3808	0.13549	0.75593	0.91931	33.083	14.438	43.410	379.63	12.016	1.5252e-06	0.031525
28.258	0.60032	58.794	0.017009	0.19143	0.21201	8.0325	12.450	37.507	815.80	0.23856	7.4028e-06	0.098291	0.00060251	7.4100	0.13495	0.75576	0.91908	33.054	14.444	43.543	379.63	12.002	1.5271e-06	0.031583
28.278	0.60247	58.750	0.017021	0.19208	0.21276	8.0563	12.453	37.613	814.72	0.24382	7.3908e-06	0.098255	0.00059938	7.4394	0.13442	0.75559	0.91884	33.025	14.451	43.677	379.64	11.987	1.5290e-06	0.031641
28.299	0.60461	58.706	0.017034	0.19274	0.21350	8.0801	12.457	37.719	813.64	0.24909	7.3788e-06	0.098219	0.00059625	7.4687	0.13389	0.75541	0.91860	32.996	14.457	43.812	379.64	11.973	1.5309e-06	0.031700
28.319	0.60676	58.662	0.017047	0.19340	0.21425	8.1038	12.460	37.825	812.55	0.25437	7.3669e-06	0.098183	0.00059314	7.4981	0.13337	0.75524	0.91837	32.968	14.464	43.947	379.65	11.959	1.5328e-06	0.031759
28.339	0.60891	58.619	0.017059	0.19405	0.21499	8.1275	12.463	37.932	811.47	0.25967	7.3550e-06	0.098147	0.00059004	7.5276	0.13284	0.75506	0.91813	32.939	14.471	44.084	379.65	11.945	1.5347e-06	0.031818
28.359	0.61106	58.575	0.017072	0.19471	0.21574	8.1512	12.467	38.040	810.39	0.26497	7.3431e-06	0.098111	0.00058694	7.5571	0.13233	0.75488	0.91789	32.910	14.477	44.221	379.66	11.930	1.5366e-06	0.031877
28.380	0.61321	58.531	0.017085	0.19536	0.21648	8.1749	12.470	38.148	809.31	0.27029	7.3313e-06	0.098075	0.00058386	7.5867	0.13181	0.75471	0.91764	32.881	14.484	44.359	379.66	11.916	1.5384e-06	0.031936
28.400	0.61536	58.487	0.017098	0.19602	0.21723	8.1985	12.474	38.256	808.23	0.27561	7.3194e-06	0.098039	0.00058079	7.6163	0.13130	0.75453	0.91740	32.853	14.491	44.498	379.66	11.902	1.5403e-06	0.031995
28.420	0.61750	58.443	0.017111	0.19667	0.21797	8.2221	12.477	38.366	807.15	0.28095	7.3077e-06	0.098003	0.00057772	7.6459	0.13079	0.75434	0.91715	32.824	14.497	44.638	379.67	11.888	1.5422e-06	0.032054
28.440	0.61965	58.399	0.017123	0.19733	0.21872	8.2457	12.480	38.476	806.07	0.28630	7.2959e-06	0.097967	0.00057467	7.6756	0.13028	0.75416	0.91691	32.795	14.504	44.779	379.67	11.874	1.5441e-06	0.032113
28.460	0.62180	58.355	0.017136	0.19798	0.21946	8.2692	12.484	38.586	804.99	0.29167	7.2842e-06	0.097930	0.00057163	7.7053	0.12978	0.75398	0.91666	32.767	14.511	44.920	379.67	11.860	1.5460e-06	0.032173
28.480	0.62395	58.312	0.017149	0.19864	0.22021	8.2928	12.487	38.697	803.91	0.29704	7.2726e-06	0.097894	0.00056859	7.7351	0.12928	0.75380	0.91641	32.738	14.517	45.063	379.68	11.846	1.5479e-06	0.032232
28.499	0.62610	58.268	0.017162	0.19929	0.22095	8.3163	12.491	38.808	802.83	0.30243	7.2609e-06	0.097858	0.00056557	7.7650	0.12878	0.75361	0.91615	32.710	14.524	45.206	379.68	11.832	1.5498e-06	0.032292
28.519	0.62825	58.224	0.017175	0.19994	0.22169	8.3398	12.494	38.921	801.75	0.30783	7.2493e-06	0.097821	0.00056255	7.7949	0.12829	0.75342	0.91590	32.681	14.531	45.350	379.68	11.818	1.5517e-06	0.032352
28.539	0.63039	58.180	0.017188	0.20060	0.22244	8.3632	12.497	39.033	800.67	0.31324	7.2377e-06	0.097785	0.00055955	7.8248	0.12780	0.75324	0.91564	32.653	14.537	45.495	379.68	11.804	1.5537e-06	0.032412
28.559	0.63254	58.136	0.017201	0.20125	0.22318	8.3866	12.501	39.147	799.59	0.31866	7.2262e-06	0.097748	0.00055656	7.8548	0.12731	0.75305	0.91539	32.625	14.544	45.641	379.68	11.790	1.5556e-06	0.032472
28.578	0.63469	58.092	0.017214	0.20190	0.22393	8.4101	12.504	39.261	798.52	0.32410	7.2147e-06	0.097711	0.00055357	7.8848	0.12683	0.75286	0.91513	32.596	14.551	45.788	379.68	11.777	1.5575e-06	0.032532
28.598	0.63684	58.048	0.017227	0.20255	0.22467	8.4334	12.508	39.375	797.44	0.32954	7.2032e-06	0.097675	0.00055059	7.9149	0.12634	0.75267	0.91487	32.568	14.557	45.936	379.68	11.763	1.5594e-06	0.032592
28.617	0.63899	58.004	0.017240	0.20320	0.22541	8.4568	12.511	39.491	796.36	0.33501	7.1917e-06	0.097638	0.00054763	7.9450	0.12586	0.75247	0.91460	32.540	14.564	46.084	379.68	11.749	1.5613e-06	0.032653
28.637	0.64114	57.960	0.017253	0.20386	0.22615	8.4802	12.515	39.607	795.28	0.34048	7.1803e-06	0.097601	0.00054467	7.9752	0.12539	0.75228	0.91434	32.512	14.571	46.234	379.68	11.735	1.5632e-06	0.032713
28.656	0.64329	57.916	0.017266	0.20451	0.22690	8.5035	12.518	39.723	794.20	0.34597	7.1689e-06	0.097564	0.00054172	8.0055	0.12491	0.75209	0.91407	32.483	14.578	46.384	379.68	11.721	1.5651e-06	0.032774
28.676	0.64543	57.872	0.017280	0.20516	0.22764	8.5268	12.522	39.840	793.13	0.35147	7.1575e-06	0.097527	0.00053879	8.0357	0.12444	0.75189	0.91381	32.455	14.584	46.536	379.68	11.708	1.5670e-06	0.032835
28.695	0.64758	57.828	0.017293	0.20581	0.22838	8.5501	12.525	39.958	792.05	0.35698	7.1461e-06	0.097490	0.00053586	8.0661	0.12398	0.75169	0.91354	32.427	14.591	46.689	379.68	11.694	1.5689e-06	0.032896
28.715	0.64973	57.784	0.017306	0.20646	0.22912	8.5733	12.529	40.077	790.97	0.36251	7.1348e-06	0.097453	0.00053294	8.0965	0.12351	0.75150	0.91327	32.399	14.598	46.842	379.68	11.680	1.5709e-06	0.032957
28.734	0.65188	57.740	0.017319	0.20711	0.22987	8.5965	12.532	40.196	789.89	0.36805	7.1235e-06	0.097416	0.00053003	8.1269	0.12305	0.75130	0.91300	32.371	14.604	46.997	379.68	11.666	1.5728e-06	0.033018
28.753	0.65403	57.696	0.017332	0.20776	0.23061	8.6198	12.536	40.316	788.81	0.37360	7.1123e-06	0.097379	0.00052713	8.1574	0.12259	0.75110	0.91272	32.343	14.611	47.152	379.68	11.653	1.5747e-06	0.033079
28.772	0.65618	57.652	0.017346	0.20841	0.23135	8.6430	12.539	40.436	787.74	0.37917	7.1010e-06	0.097342	0.00052424	8.1880	0.12213	0.75090	0.91245	32.315	14.618	47.309	379.68	11.639	1.5766e-06	0.033141
28.791	0.65832	57.608	0.017359	0.20906	0.23209	8.6661	12.543	40.558	786.66	0.38475	7.0898e-06	0.097305	0.00052136	8.2186	0.12168	0.75069	0.91217	32.287	14.625	47.466	379.68	11.625	1.5785e-06	0.033202
28.811	0.66047	57.564	0.017372	0.20971	0.23284	8.6893	12.546	40.680	785.58	0.39034	7.0786e-06	0.097267	0.00051848	8.2492	0.12122	0.75049	0.91189	32.259	14.632	47.625	379.68	11.612	1.5805e-06	0.033264
28.830	0.66262	57.519	0.017385	0.21036	0.23358	8.7124	12.550	40.802	784.51	0.39595	7.0675e-06	0.097230	0.00051562	8.2799	0.12077	0.75029	0.91161	32.231	14.638	47.784	379.67	11.598	1.5824e-06	0.033326
28.849	0.66477	57.475	0.017399	0.21100	0.23432	8.7356	12.553	40.926	783.43	0.40157	7.0563e-06	0.097192	0.00051276	8.3107	0.12033	0.75008	0.91133	32.203	14.645	47.945	379.67	11.585	1.5843e-06	0.033388
28.868	0.66692	57.431	0.017412	0.21165	0.23506	8.7587	12.557	41.050	782.35	0.40721	7.0452e-06	0.097155	0.00050992	8.3415	0.11988	0.74987	0.91105	32.175	14.652	48.107	379.67	11.571	1.5863e-06	0.033450
28.887	0.66907	57.387	0.017426	0.21230	0.23580	8.7817	12.560	41.175	781.27	0.41286	7.0342e-06	0.097117	0.00050708	8.3724	0.11944	0.74967	0.91076	32.148	14.659	48.270	379.67	11.557	1.5882e-06	0.033512
28.905	0.67121	57.343	0.017439	0.21295	0.23655	8.8048	12.564	41.300	780.20	0.41853	7.0231e-06	0.097080	0.00050425	8.4033	0.11900	0.74946	0.91048	32.120	14.666	48.434	379.66	11.544	1.5901e-06	0.033575
28.924	0.67336	57.298	0.017452	0.21360	0.23729	8.8279	12.568	41.427	779.12	0.42421	7.0121e-06	0.097042	0.00050144	8.4343	0.11856	0.74925	0.91019	32.092	14.673	48.599	379.66	11.530	1.5921e-06	0.033637
28.943	0.67551	57.254	0.017466	0.21425	0.23803	8.8509	12.571	41.554	778.04	0.42991	7.0011e-06	0.097005	0.00049863	8.4653	0.11813	0.74904	0.90990	32.064	14.679	48.765	379.66	11.517	1.5940e-06	0.033700
28.962	0.67766	57.210	0.017479	0.21489	0.23877	8.8739	12.575	41.682	776.97	0.43562	6.9901e-06	0.096967	0.00049582	8.4964	0.11770	0.74882	0.90961	32.037	14.686	48.932	379.65	11.503	1.5959e-06	0.033763
28.981	0.67981	57.166	0.017493	0.21554	0.23951	8.8969	12.578	41.810	775.89	0.44134	6.9791e-06	0.096929	0.00049303	8.5276	0.11727	0.74861	0.90931	32.009	14.693	49.101	379.65	11.490	1.5979e-06	0.033826
28.999	0.68196	57.121	0.017507	0.21619	0.24026	8.9199	12.582	41.940	774.81	0.44708	6.9682e-06	0.096891	0.00049025	8.5588	0.11684	0.74839	0.90902	31.981	14.700	49.270	379.64	11.476	1.5998e-06	0.033889
29.018	0.68410	57.077	0.017520	0.21684	0.24100	8.9429	12.586	42.070	773.73	0.45284	6.9573e-06	0.096853	0.00048748	8.5901	0.11641	0.74818	0.90872	31.954	14.707	49.441	379.64	11.463	1.6018e-06	0.033952
29.036	0.68625	57.033	0.017534	0.21748	0.24174	8.9658	12.589	42.201	772.66	0.45861	6.9464e-06	0.096815	0.00048471	8.6214	0.11599	0.74796	0.90842	31.926	14.714	49.613	379.63	11.450	1.6037e-06	0.034016
29.055	0.68840	56.988	0.017548	0.21813	0.24248	8.9887	12.593	42.333	771.58	0.46440	6.9355e-06	0.096777	0.00048195	8.6528	0.11557	0.74774	0.90812	31.898	14.721	49.786	379.63	11.436	1.6057e-06	0.034080
29.073	0.69055	56.944	0.017561	0.21878	0.24323	9.0117	12.597	42.465	770.50	0.47020	6.9247e-06	0.096739	0.00047920	8.6842	0.11515	0.74752	0.90782	31.871	14.728	49.960	379.62	11.423	1.6076e-06	0.034144
29.092	0.69270	56.899	0.017575	0.21943	0.24397	9.0346	12.600	42.599	769.42	0.47602	6.9139e-06	0.096701	0.00047646	8.7157	0.11474	0.74730	0.90752	31.843	14.734	50.136	379.62	11.409	1.6096e-06	0.034208
29.110	0.69485	56.855	0.017589	0.22007	0.24471	9.0575	12.604	42.733	768.35	0.48185	6.9031e-06	0.096663	0.00047373	8.7473	0.11432	0.74708	0.90721	31.816	14.741	50.312	379.61	11.396	1.6115e-06	0.034272
29.129	0.69700	56.810	0.017602	0.22072	0.24545	9.0804	12.608	42.869	767.27	0.48770	6.8923e-06	0.096624	0.00047101	8.7789	0.11391	0.74686	0.90691	31.788	14.748	50.490	379.61	11.383	1.6135e-06	0.034336
29.147	0.69914	56.766	0.017616	0.22137	0.24620	9.1032	12.611	43.005	766.19	0.49357	6.8816e-06	0.096586	0.00046830	8.8106	0.11350	0.74663	0.90660	31.761	14.755	50.670	379.60	11.369	1.6154e-06	0.034401
29.165	0.70129	56.721	0.017630	0.22201	0.24694	9.1261	12.615	43.142	765.11	0.49945	6.8708e-06	0.096548	0.00046559	8.8423	0.11309	0.74641	0.90629	31.733	14.762	50.850	379.59	11.356	1.6174e-06	0.034465
29.184	0.70344	56.677	0.017644	0.22266	0.24768	9.1489	12.619	43.279	764.03	0.50535	6.8601e-06	0.096509	0.00046289	8.8741	0.11269	0.74618	0.90598	31.706	14.769	51.032	379.59	11.343	1.6194e-06	0.034530
29.202	0.70559	56.632	0.017658	0.22331	0.24842	9.1717	12.622	43.418	762.96	0.51127	6.8494e-06	0.096471	0.00046021	8.9060	0.11228	0.74595	0.90566	31.679	14.776	51.215	379.58	11.329	1.6213e-06	0.034595
29.220	0.70774	56.587	0.017672	0.22395	0.24917	9.1946	12.626	43.558	761.88	0.51720	6.8388e-06	0.096432	0.00045753	8.9379	0.11188	0.74572	0.90535	31.651	14.783	51.399	379.57	11.316	1.6233e-06	0.034661
29.238	0.70989	56.543	0.017686	0.22460	0.24991	9.2174	12.630	43.698	760.80	0.52315	6.8281e-06	0.096394	0.00045485	8.9699	0.11148	0.74549	0.90503	31.624	14.790	51.585	379.57	11.303	1.6253e-06	0.034726
29.256	0.71203	56.498	0.017700	0.22525	0.25065	9.2401	12.634	43.840	759.72	0.52912	6.8175e-06	0.096355	0.00045219	9.0019	0.11109	0.74526	0.90472	31.596	14.797	51.772	379.56	11.290	1.6273e-06	0.034792
29.274	0.71418	56.453	0.017714	0.22589	0.25140	9.2629	12.637	43.982	758.64	0.53510	6.8069e-06	0.096316	0.00044954	9.0340	0.11069	0.74503	0.90440	31.569	14.804	51.961	379.55	11.276	1.6292e-06	0.034857
29.292	0.71633	56.408	0.017728	0.22654	0.25214	9.2857	12.641	44.125	757.56	0.54110	6.7963e-06	0.096278	0.00044689	9.0662	0.11030	0.74480	0.90407	31.542	14.811	52.151	379.54	11.263	1.6312e-06	0.034923
29.310	0.71848	56.364	0.017742	0.22719	0.25288	9.3085	12.645	44.270	756.48	0.54712	6.7858e-06	0.096239	0.00044425	9.0985	0.10991	0.74456	0.90375	31.514	14.818	52.342	379.54	11.250	1.6332e-06	0.034990
29.328	0.72063	56.319	0.017756	0.22783	0.25363	9.3312	12.649	44.415	755.40	0.55316	6.7752e-06	0.096200	0.00044162	9.1308	0.10952	0.74433	0.90343	31.487	14.825	52.534	379.53	11.237	1.6352e-06	0.035056
29.346	0.72278	56.274	0.017770	0.22848	0.25437	9.3539	12.653	44.561	754.32	0.55921	6.7647e-06	0.096161	0.00043900	9.1631	0.10913	0.74409	0.90310	31.460	14.832	52.728	379.52	11.223	1.6372e-06	0.035122
29.364	0.72492	56.229	0.017784	0.22913	0.25512	9.3767	12.656	44.708	753.24	0.56528	6.7542e-06	0.096122	0.00043639	9.1956	0.10875	0.74385	0.90277	31.433	14.839	52.924	379.51	11.210	1.6392e-06	0.035189
29.382	0.72707	56.184	0.017799	0.22977	0.25586	9.3994	12.660	44.857	752.16	0.57137	6.7437e-06	0.096083	0.00043378	9.2281	0.10837	0.74361	0.90244	31.405	14.846	53.121	379.50	11.197	1.6412e-06	0.035256
29.400	0.72922	56.139	0.017813	0.23042	0.25660	9.4221	12.664	45.006	751.08	0.57748	6.7332e-06	0.096044	0.00043119	9.2606	0.10798	0.74337	0.90211	31.378	14.853	53.319	379.49	11.184	1.6432e-06	0.035323
29.418	0.73137	56.094	0.017827	0.23107	0.25735	9.4448	12.668	45.156	750.00	0.58361	6.7228e-06	0.096005	0.00042860	9.2933	0.10760	0.74313	0.90177	31.351	14.861	53.519	379.48	11.171	1.6452e-06	0.035391
29.435	0.73352	56.049	0.017842	0.23171	0.25809	9.4675	12.672	45.308	748.92	0.58975	6.7123e-06	0.095966	0.00042602	9.3260	0.10723	0.74288	0.90144	31.324	14.868	53.720	379.48	11.158	1.6472e-06	0.035458
29.453	0.73567	56.004	0.017856	0.23236	0.25884	9.4902	12.676	45.460	747.84	0.59592	6.7019e-06	0.095927	0.00042345	9.3587	0.10685	0.74264	0.90110	31.296	14.875	53.923	379.47	11.144	1.6492e-06	0.035526
29.471	0.73782	55.959	0.017870	0.23301	0.25958	9.5128	12.680	45.613	746.75	0.60210	6.6915e-06	0.095888	0.00042088	9.3916	0.10648	0.74239	0.90076	31.269	14.882	54.128	379.46	11.131	1.6512e-06	0.035594
29.488	0.73996	55.913	0.017885	0.23365	0.26033	9.5355	12.684	45.768	745.67	0.60830	6.6812e-06	0.095848	0.00041833	9.4245	0.10611	0.74215	0.90042	31.242	14.889	54.334	379.45	11.118	1.6532e-06	0.035662
29.506	0.74211	55.868	0.017899	0.23430	0.26108	9.5582	12.688	45.923	744.59	0.61452	6.6708e-06	0.095809	0.00041578	9.4575	0.10574	0.74190	0.90008	31.215	14.896	54.541	379.44	11.105	1.6552e-06	0.035731
29.523	0.74426	55.823	0.017914	0.23495	0.26182	9.5808	12.691	46.080	743.51	0.62076	6.6605e-06	0.095770	0.00041324	9.4905	0.10537	0.74165	0.89974	31.188	14.903	54.751	379.43	11.092	1.6572e-06	0.035799
29.541	0.74641	55.778	0.017928	0.23559	0.26257	9.6035	12.695	46.238	742.42	0.62702	6.6501e-06	0.095730	0.00041071	9.5236	0.10500	0.74140	0.89939	31.161	14.911	54.961	379.42	11.079	1.6592e-06	0.035868
29.558	0.74856	55.732	0.017943	0.23624	0.26332	9.6261	12.699	46.397	741.34	0.63330	6.6398e-06	0.095691	0.00040818	9.5568	0.10464	0.74114	0.89904	31.134	14.918	55.174	379.40	11.066	1.6613e-06	0.035937
29.576	0.75071	55.687	0.017958	0.23689	0.26406	9.6488	12.703	46.557	740.26	0.63960	6.6295e-06	0.095651	0.00040567	9.5900	0.10427	0.74089	0.89869	31.106	14.925	55.388	379.39	11.052	1.6633e-06	0.036007
29.593	0.75285	55.641	0.017972	0.23753	0.26481	9.6714	12.707	46.718	739.17	0.64592	6.6192e-06	0.095611	0.00040316	9.6234	0.10391	0.74064	0.89834	31.079	14.932	55.604	379.38	11.039	1.6653e-06	0.036076
29.611	0.75500	55.596	0.017987	0.23818	0.26556	9.6940	12.711	46.881	738.09	0.65226	6.6090e-06	0.095572	0.00040066	9.6568	0.10355	0.74038	0.89799	31.052	14.939	55.821	379.37	11.026	1.6673e-06	0.036146
29.628	0.75715	55.550	0.018002	0.23883	0.26631	9.7166	12.715	47.044	737.00	0.65862	6.5987e-06	0.095532	0.00039817	9.6902	0.10320	0.74012	0.89763	31.025	14.946	56.041	379.36	11.013	1.6694e-06	0.036216
29.645	0.75930	55.505	0.018016	0.23948	0.26705	9.7392	12.719	47.209	735.92	0.66500	6.5885e-06	0.095492	0.00039568	9.7238	0.10284	0.73986	0.89728	30.998	14.954	56.262	379.35	11.000	1.6714e-06	0.036286
29.663	0.76145	55.459	0.018031	0.24012	0.26780	9.7618	12.724	47.375	734.83	0.67140	6.5783e-06	0.095453	0.00039320	9.7574	0.10249	0.73960	0.89692	30.971	14.961	56.484	379.34	10.987	1.6735e-06	0.036357
29.680	0.76360	55.414	0.018046	0.24077	0.26855	9.7845	12.728	47.543	733.75	0.67783	6.5681e-06	0.095413	0.00039074	9.7911	0.10213	0.73934	0.89656	30.944	14.968	56.709	379.33	10.974	1.6755e-06	0.036427
29.697	0.76574	55.368	0.018061	0.24142	0.26930	9.8071	12.732	47.711	732.66	0.68427	6.5579e-06	0.095373	0.00038828	9.8249	0.10178	0.73908	0.89620	30.917	14.975	56.935	379.31	10.961	1.6776e-06	0.036498
29.714	0.76789	55.322	0.018076	0.24207	0.27005	9.8297	12.736	47.881	731.57	0.69073	6.5477e-06	0.095333	0.00038582	9.8587	0.10143	0.73882	0.89583	30.890	14.983	57.163	379.30	10.948	1.6796e-06	0.036570
29.731	0.77004	55.276	0.018091	0.24272	0.27080	9.8522	12.740	48.052	730.49	0.69722	6.5376e-06	0.095293	0.00038338	9.8926	0.10109	0.73855	0.89547	30.863	14.990	57.393	379.29	10.935	1.6817e-06	0.036641
29.748	0.77219	55.230	0.018106	0.24337	0.27155	9.8748	12.744	48.224	729.40	0.70372	6.5274e-06	0.095253	0.00038094	9.9266	0.10074	0.73829	0.89510	30.836	14.997	57.625	379.28	10.922	1.6837e-06	0.036713
29.765	0.77434	55.184	0.018121	0.24401	0.27230	9.8974	12.748	48.398	728.31	0.71025	6.5173e-06	0.095213	0.00037851	9.9607	0.10039	0.73802	0.89473	30.809	15.005	57.859	379.26	10.909	1.6858e-06	0.036785
29.782	0.77649	55.138	0.018136	0.24466	0.27305	9.9200	12.752	48.573	727.22	0.71680	6.5072e-06	0.095173	0.00037609	9.9948	0.10005	0.73775	0.89436	30.782	15.012	58.095	379.25	10.896	1.6879e-06	0.036857
29.799	0.77863	55.092	0.018151	0.24531	0.27380	9.9426	12.757	48.750	726.13	0.72338	6.4971e-06	0.095133	0.00037368	10.029	0.099710	0.73748	0.89399	30.755	15.019	58.332	379.24	10.882	1.6899e-06	0.036929
29.816	0.78078	55.046	0.018166	0.24596	0.27455	9.9652	12.761	48.927	725.04	0.72997	6.4870e-06	0.095092	0.00037127	10.063	0.099370	0.73721	0.89361	30.728	15.027	58.572	379.22	10.869	1.6920e-06	0.037002
29.833	0.78293	55.000	0.018182	0.24661	0.27531	9.9878	12.765	49.107	723.95	0.73659	6.4769e-06	0.095052	0.00036887	10.098	0.099032	0.73694	0.89324	30.701	15.034	58.813	379.21	10.856	1.6941e-06	0.037075
29.850	0.78508	54.954	0.018197	0.24726	0.27606	10.010	12.769	49.287	722.86	0.74323	6.4669e-06	0.095012	0.00036648	10.132	0.098695	0.73666	0.89286	30.673	15.041	59.057	379.20	10.843	1.6962e-06	0.037148
29.867	0.78723	54.908	0.018212	0.24791	0.27681	10.033	12.773	49.469	721.77	0.74989	6.4568e-06	0.094972	0.00036410	10.167	0.098360	0.73639	0.89248	30.646	15.049	59.303	379.18	10.830	1.6983e-06	0.037222
29.884	0.78938	54.862	0.018228	0.24856	0.27757	10.056	12.778	49.653	720.68	0.75658	6.4468e-06	0.094931	0.00036172	10.201	0.098026	0.73611	0.89210	30.619	15.056	59.550	379.17	10.817	1.7004e-06	0.037296
29.901	0.79153	54.815	0.018243	0.24921	0.27832	10.078	12.782	49.837	719.58	0.76328	6.4368e-06	0.094891	0.00035935	10.236	0.097694	0.73583	0.89171	30.592	15.064	59.800	379.15	10.804	1.7024e-06	0.037370
29.917	0.79367	54.769	0.018259	0.24986	0.27907	10.101	12.786	50.024	718.49	0.77002	6.4268e-06	0.094850	0.00035699	10.271	0.097363	0.73555	0.89133	30.565	15.071	60.052	379.14	10.791	1.7045e-06	0.037444
29.934	0.79582	54.722	0.018274	0.25051	0.27983	10.123	12.791	50.212	717.40	0.77677	6.4168e-06	0.094810	0.00035464	10.306	0.097033	0.73527	0.89094	30.538	15.078	60.306	379.13	10.778	1.7066e-06	0.037519
29.951	0.79797	54.676	0.018290	0.25116	0.28059	10.146	12.795	50.401	716.30	0.78355	6.4068e-06	0.094769	0.00035230	10.341	0.096705	0.73499	0.89055	30.511	15.086	60.563	379.11	10.765	1.7088e-06	0.037594
29.967	0.80012	54.629	0.018305	0.25182	0.28134	10.168	12.799	50.592	715.21	0.79036	6.3968e-06	0.094729	0.00034996	10.376	0.096379	0.73470	0.89016	30.484	15.093	60.821	379.10	10.752	1.7109e-06	0.037669
29.984	0.80227	54.583	0.018321	0.25247	0.28210	10.191	12.804	50.785	714.11	0.79718	6.3869e-06	0.094688	0.00034763	10.411	0.096053	0.73442	0.88976	30.457	15.101	61.082	379.08	10.739	1.7130e-06	0.037745
30.001	0.80442	54.536	0.018337	0.25312	0.28285	10.214	12.808	50.979	713.02	0.80404	6.3769e-06	0.094647	0.00034531	10.446	0.095730	0.73413	0.88937	30.430	15.108	61.345	379.07	10.726	1.7151e-06	0.037821
30.017	0.80656	54.489	0.018352	0.25377	0.28361	10.236	12.812	51.174	711.92	0.81091	6.3670e-06	0.094607	0.00034299	10.481	0.095407	0.73384	0.88897	30.403	15.116	61.611	379.05	10.713	1.7172e-06	0.037897
30.034	0.80871	54.442	0.018368	0.25442	0.28437	10.259	12.817	51.372	710.82	0.81782	6.3570e-06	0.094566	0.00034069	10.517	0.095086	0.73355	0.88857	30.376	15.123	61.878	379.04	10.700	1.7194e-06	0.037973
30.050	0.81086	54.395	0.018384	0.25508	0.28513	10.281	12.821	51.571	709.73	0.82474	6.3471e-06	0.094525	0.00033839	10.552	0.094767	0.73326	0.88817	30.349	15.131	62.148	379.02	10.687	1.7215e-06	0.038050
30.067	0.81301	54.348	0.018400	0.25573	0.28589	10.304	12.826	51.772	708.63	0.83170	6.3372e-06	0.094484	0.00033610	10.588	0.094448	0.73297	0.88777	30.322	15.138	62.421	379.00	10.674	1.7236e-06	0.038127
30.083	0.81516	54.301	0.018416	0.25638	0.28665	10.327	12.830	51.974	707.53	0.83867	6.3273e-06	0.094443	0.00033381	10.623	0.094132	0.73268	0.88736	30.295	15.146	62.696	378.99	10.660	1.7258e-06	0.038205
30.100	0.81731	54.254	0.018432	0.25704	0.28741	10.349	12.835	52.178	706.43	0.84568	6.3174e-06	0.094402	0.00033153	10.659	0.093816	0.73238	0.88695	30.268	15.153	62.973	378.97	10.647	1.7279e-06	0.038282
30.116	0.81945	54.207	0.018448	0.25769	0.28817	10.372	12.839	52.384	705.33	0.85271	6.3076e-06	0.094362	0.00032926	10.695	0.093502	0.73209	0.88654	30.241	15.161	63.253	378.96	10.634	1.7301e-06	0.038360
30.132	0.82160	54.160	0.018464	0.25835	0.28893	10.394	12.844	52.591	704.23	0.85976	6.2977e-06	0.094321	0.00032700	10.731	0.093189	0.73179	0.88613	30.214	15.169	63.536	378.94	10.621	1.7322e-06	0.038439
30.149	0.82375	54.113	0.018480	0.25900	0.28969	10.417	12.849	52.801	703.12	0.86685	6.2878e-06	0.094280	0.00032475	10.767	0.092877	0.73149	0.88572	30.187	15.176	63.821	378.92	10.608	1.7344e-06	0.038517
30.165	0.82590	54.065	0.018496	0.25966	0.29045	10.440	12.853	53.012	702.02	0.87395	6.2780e-06	0.094239	0.00032250	10.803	0.092567	0.73119	0.88530	30.160	15.184	64.108	378.91	10.595	1.7366e-06	0.038596
30.181	0.82805	54.018	0.018512	0.26031	0.29122	10.462	12.858	53.225	700.92	0.88109	6.2682e-06	0.094197	0.00032026	10.839	0.092258	0.73089	0.88489	30.133	15.192	64.399	378.89	10.582	1.7387e-06	0.038676
30.197	0.83020	53.970	0.018529	0.26097	0.29198	10.485	12.862	53.440	699.81	0.88825	6.2583e-06	0.094156	0.00031803	10.876	0.091950	0.73058	0.88447	30.105	15.199	64.692	378.87	10.569	1.7409e-06	0.038755
30.214	0.83234	53.923	0.018545	0.26163	0.29274	10.508	12.867	53.657	698.71	0.89544	6.2485e-06	0.094115	0.00031580	10.912	0.091643	0.73028	0.88405	30.078	15.207	64.987	378.86	10.556	1.7431e-06	0.038835
30.230	0.83449	53.875	0.018561	0.26228	0.29351	10.530	12.872	53.876	697.60	0.90266	6.2387e-06	0.094074	0.00031359	10.948	0.091338	0.72997	0.88362	30.051	15.215	65.286	378.84	10.543	1.7453e-06	0.038916
30.246	0.83664	53.827	0.018578	0.26294	0.29428	10.553	12.876	54.097	696.50	0.90991	6.2289e-06	0.094033	0.00031138	10.985	0.091034	0.72966	0.88320	30.024	15.222	65.587	378.82	10.530	1.7475e-06	0.038997
30.262	0.83879	53.779	0.018594	0.26360	0.29504	10.576	12.881	54.319	695.39	0.91718	6.2191e-06	0.093992	0.00030917	11.022	0.090731	0.72935	0.88277	29.997	15.230	65.891	378.80	10.516	1.7497e-06	0.039078
30.278	0.84094	53.732	0.018611	0.26426	0.29581	10.598	12.886	54.544	694.28	0.92448	6.2093e-06	0.093950	0.00030698	11.058	0.090429	0.72904	0.88234	29.970	15.238	66.198	378.79	10.503	1.7519e-06	0.039159
30.294	0.84309	53.684	0.018628	0.26492	0.29658	10.621	12.891	54.771	693.17	0.93181	6.1995e-06	0.093909	0.00030479	11.095	0.090129	0.72873	0.88191	29.943	15.245	66.508	378.77	10.490	1.7541e-06	0.039241
30.310	0.84524	53.636	0.018644	0.26558	0.29735	10.644	12.895	55.000	692.06	0.93917	6.1897e-06	0.093868	0.00030261	11.132	0.089829	0.72841	0.88147	29.915	15.253	66.821	378.75	10.477	1.7563e-06	0.039323
30.326	0.84738	53.587	0.018661	0.26624	0.29811	10.666	12.900	55.231	690.95	0.94656	6.1800e-06	0.093827	0.00030044	11.169	0.089531	0.72810	0.88104	29.888	15.261	67.137	378.73	10.464	1.7585e-06	0.039406
30.342	0.84953	53.539	0.018678	0.26690	0.29888	10.689	12.905	55.464	689.84	0.95398	6.1702e-06	0.093785	0.00029827	11.206	0.089234	0.72778	0.88060	29.861	15.269	67.456	378.71	10.451	1.7607e-06	0.039489
30.358	0.85168	53.491	0.018695	0.26756	0.29966	10.712	12.910	55.700	688.73	0.96143	6.1605e-06	0.093744	0.00029611	11.244	0.088938	0.72746	0.88016	29.834	15.276	67.778	378.69	10.437	1.7630e-06	0.039572
30.374	0.85383	53.443	0.018712	0.26822	0.30043	10.735	12.915	55.937	687.62	0.96890	6.1507e-06	0.093702	0.00029396	11.281	0.088644	0.72714	0.87972	29.807	15.284	68.103	378.68	10.424	1.7652e-06	0.039656
30.390	0.85598	53.394	0.018729	0.26888	0.30120	10.757	12.920	56.177	686.50	0.97641	6.1410e-06	0.093661	0.00029182	11.319	0.088350	0.72682	0.87927	29.779	15.292	68.431	378.66	10.411	1.7674e-06	0.039740
30.406	0.85813	53.346	0.018746	0.26954	0.30197	10.780	12.925	56.419	685.39	0.98395	6.1313e-06	0.093620	0.00028968	11.356	0.088058	0.72649	0.87882	29.752	15.300	68.763	378.64	10.398	1.7697e-06	0.039825
30.421	0.86027	53.297	0.018763	0.27021	0.30275	10.803	12.930	56.663	684.27	0.99152	6.1215e-06	0.093578	0.00028755	11.394	0.087767	0.72617	0.87837	29.725	15.308	69.098	378.62	10.385	1.7719e-06	0.039910
30.437	0.86242	53.248	0.018780	0.27087	0.30352	10.826	12.935	56.910	683.15	0.99912	6.1118e-06	0.093537	0.00028543	11.432	0.087476	0.72584	0.87792	29.697	15.316	69.436	378.60	10.371	1.7742e-06	0.039995
30.453	0.86457	53.199	0.018797	0.27153	0.30430	10.848	12.940	57.159	682.04	1.0067	6.1021e-06	0.093495	0.00028332	11.470	0.087187	0.72551	0.87747	29.670	15.324	69.778	378.58	10.358	1.7765e-06	0.040081
30.469	0.86672	53.151	0.018814	0.27220	0.30507	10.871	12.945	57.411	680.92	1.0144	6.0924e-06	0.093454	0.00028121	11.508	0.086899	0.72518	0.87701	29.643	15.331	70.123	378.56	10.345	1.7787e-06	0.040167
30.484	0.86887	53.102	0.018832	0.27286	0.30585	10.894	12.950	57.665	679.80	1.0221	6.0827e-06	0.093412	0.00027911	11.546	0.086612	0.72485	0.87656	29.615	15.339	70.471	378.54	10.332	1.7810e-06	0.040253
30.500	0.87102	53.053	0.018849	0.27353	0.30663	10.917	12.955	57.921	678.68	1.0298	6.0730e-06	0.093371	0.00027702	11.584	0.086326	0.72452	0.87610	29.588	15.347	70.823	378.52	10.319	1.7833e-06	0.040340
30.516	0.87316	53.003	0.018867	0.27420	0.30741	10.940	12.960	58.180	677.56	1.0376	6.0633e-06	0.093329	0.00027493	11.622	0.086042	0.72418	0.87563	29.561	15.355	71.179	378.50	10.305	1.7856e-06	0.040428
30.531	0.87531	52.954	0.018884	0.27486	0.30819	10.963	12.965	58.442	676.43	1.0454	6.0536e-06	0.093287	0.00027286	11.661	0.085758	0.72385	0.87517	29.533	15.363	71.539	378.48	10.292	1.7879e-06	0.040516
30.547	0.87746	52.905	0.018902	0.27553	0.30897	10.986	12.970	58.706	675.31	1.0532	6.0439e-06	0.093246	0.00027079	11.699	0.085475	0.72351	0.87470	29.506	15.371	71.902	378.46	10.279	1.7902e-06	0.040604
30.562	0.87961	52.855	0.018920	0.27620	0.30975	11.008	12.976	58.973	674.18	1.0611	6.0342e-06	0.093204	0.00026872	11.738	0.085194	0.72317	0.87423	29.478	15.379	72.269	378.44	10.265	1.7925e-06	0.040693
30.578	0.88176	52.806	0.018937	0.27687	0.31053	11.031	12.981	59.243	673.06	1.0689	6.0246e-06	0.093163	0.00026667	11.777	0.084913	0.72282	0.87376	29.451	15.387	72.639	378.42	10.252	1.7948e-06	0.040782
30.593	0.88391	52.756	0.018955	0.27754	0.31131	11.054	12.986	59.515	671.93	1.0769	6.0149e-06	0.093121	0.00026462	11.816	0.084633	0.72248	0.87328	29.423	15.395	73.014	378.40	10.239	1.7971e-06	0.040872
30.609	0.88605	52.706	0.018973	0.27821	0.31210	11.077	12.991	59.790	670.80	1.0848	6.0052e-06	0.093079	0.00026258	11.855	0.084355	0.72214	0.87281	29.396	15.403	73.393	378.38	10.225	1.7994e-06	0.040962
30.624	0.88820	52.657	0.018991	0.27888	0.31288	11.100	12.997	60.068	669.68	1.0928	5.9956e-06	0.093038	0.00026054	11.894	0.084077	0.72179	0.87233	29.368	15.411	73.775	378.36	10.212	1.8018e-06	0.041053
30.640	0.89035	52.607	0.019009	0.27955	0.31367	11.123	13.002	60.349	668.55	1.1009	5.9859e-06	0.092996	0.00025852	11.933	0.083800	0.72144	0.87185	29.341	15.419	74.162	378.34	10.199	1.8041e-06	0.041144
30.655	0.89250	52.557	0.019027	0.28022	0.31446	11.146	13.007	60.633	667.41	1.1089	5.9762e-06	0.092955	0.00025650	11.973	0.083524	0.72109	0.87136	29.313	15.428	74.553	378.32	10.185	1.8065e-06	0.041235
30.671	0.89465	52.507	0.019045	0.28090	0.31525	11.169	13.013	60.919	666.28	1.1170	5.9666e-06	0.092913	0.00025449	12.012	0.083250	0.72074	0.87088	29.285	15.436	74.948	378.30	10.172	1.8088e-06	0.041327
30.686	0.89680	52.456	0.019063	0.28157	0.31604	11.192	13.018	61.209	665.15	1.1252	5.9569e-06	0.092872	0.00025248	12.052	0.082976	0.72038	0.87039	29.258	15.444	75.347	378.27	10.158	1.8112e-06	0.041420
30.701	0.89895	52.406	0.019082	0.28225	0.31683	11.215	13.024	61.502	664.02	1.1333	5.9473e-06	0.092830	0.00025048	12.091	0.082703	0.72003	0.86990	29.230	15.452	75.751	378.25	10.145	1.8136e-06	0.041513
30.716	0.90109	52.355	0.019100	0.28292	0.31762	11.238	13.029	61.798	662.88	1.1415	5.9376e-06	0.092788	0.00024849	12.131	0.082431	0.71967	0.86940	29.202	15.460	76.159	378.23	10.131	1.8159e-06	0.041607
30.732	0.90324	52.305	0.019119	0.28360	0.31841	11.261	13.035	62.097	661.74	1.1498	5.9280e-06	0.092747	0.00024651	12.171	0.082160	0.71931	0.86891	29.175	15.468	76.572	378.21	10.118	1.8183e-06	0.041701
30.747	0.90539	52.254	0.019137	0.28427	0.31920	11.285	13.040	62.400	660.60	1.1581	5.9183e-06	0.092705	0.00024453	12.211	0.081890	0.71895	0.86841	29.147	15.477	76.989	378.19	10.104	1.8207e-06	0.041795
30.762	0.90754	52.203	0.019156	0.28495	0.32000	11.308	13.046	62.706	659.47	1.1664	5.9087e-06	0.092664	0.00024257	12.252	0.081621	0.71858	0.86791	29.119	15.485	77.411	378.17	10.091	1.8231e-06	0.041891
30.777	0.90969	52.153	0.019175	0.28563	0.32079	11.331	13.052	63.015	658.33	1.1747	5.8991e-06	0.092622	0.00024061	12.292	0.081353	0.71822	0.86740	29.091	15.493	77.838	378.14	10.077	1.8255e-06	0.041986
30.792	0.91184	52.101	0.019193	0.28631	0.32159	11.354	13.057	63.327	657.18	1.1831	5.8894e-06	0.092581	0.00023865	12.333	0.081085	0.71785	0.86690	29.063	15.501	78.270	378.12	10.064	1.8279e-06	0.042082
30.808	0.91398	52.050	0.019212	0.28699	0.32239	11.377	13.063	63.643	656.04	1.1916	5.8798e-06	0.092539	0.00023671	12.373	0.080819	0.71748	0.86639	29.035	15.510	78.706	378.10	10.050	1.8304e-06	0.042179
30.823	0.91613	51.999	0.019231	0.28767	0.32319	11.401	13.069	63.963	654.90	1.2000	5.8701e-06	0.092498	0.00023477	12.414	0.080553	0.71711	0.86588	29.007	15.518	79.148	378.08	10.037	1.8328e-06	0.042277
30.838	0.91828	51.948	0.019250	0.28835	0.32399	11.424	13.075	64.286	653.75	1.2086	5.8605e-06	0.092457	0.00023283	12.455	0.080289	0.71674	0.86536	28.979	15.526	79.594	378.05	10.023	1.8352e-06	0.042374
30.853	0.92043	51.896	0.019269	0.28904	0.32479	11.447	13.080	64.613	652.60	1.2171	5.8508e-06	0.092415	0.00023091	12.496	0.080025	0.71636	0.86485	28.951	15.535	80.046	378.03	10.009	1.8377e-06	0.042473
30.868	0.92258	51.845	0.019288	0.28972	0.32559	11.470	13.086	64.944	651.46	1.2257	5.8412e-06	0.092374	0.00022899	12.537	0.079762	0.71599	0.86433	28.923	15.543	80.503	378.01	9.9957	1.8401e-06	0.042572
30.883	0.92473	51.793	0.019308	0.29041	0.32640	11.494	13.092	65.278	650.31	1.2343	5.8316e-06	0.092333	0.00022708	12.579	0.079500	0.71561	0.86381	28.895	15.551	80.965	377.99	9.9820	1.8426e-06	0.042672
30.898	0.92687	51.741	0.019327	0.29109	0.32720	11.517	13.098	65.616	649.16	1.2430	5.8219e-06	0.092291	0.00022518	12.620	0.079238	0.71523	0.86328	28.867	15.560	81.433	377.96	9.9683	1.8451e-06	0.042772
30.913	0.92902	51.689	0.019346	0.29178	0.32801	11.541	13.104	65.958	648.01	1.2517	5.8123e-06	0.092250	0.00022329	12.662	0.078978	0.71484	0.86275	28.839	15.568	81.906	377.94	9.9546	1.8475e-06	0.042873
30.928	0.93117	51.637	0.019366	0.29247	0.32882	11.564	13.110	66.305	646.85	1.2605	5.8026e-06	0.092209	0.00022140	12.704	0.078718	0.71446	0.86222	28.811	15.577	82.385	377.92	9.9409	1.8500e-06	0.042974
30.943	0.93332	51.585	0.019386	0.29315	0.32963	11.587	13.116	66.655	645.70	1.2693	5.7930e-06	0.092168	0.00021952	12.745	0.078459	0.71407	0.86169	28.783	15.585	82.870	377.89	9.9271	1.8525e-06	0.043076
30.957	0.93547	51.532	0.019405	0.29384	0.33044	11.611	13.122	67.009	644.54	1.2781	5.7833e-06	0.092127	0.00021764	12.788	0.078201	0.71368	0.86115	28.754	15.593	83.361	377.87	9.9133	1.8550e-06	0.043179
30.972	0.93762	51.480	0.019425	0.29453	0.33125	11.634	13.128	67.368	643.38	1.2870	5.7737e-06	0.092086	0.00021578	12.830	0.077944	0.71329	0.86062	28.726	15.602	83.857	377.84	9.8995	1.8575e-06	0.043282
30.987	0.93976	51.427	0.019445	0.29523	0.33206	11.658	13.134	67.731	642.22	1.2959	5.7640e-06	0.092045	0.00021392	12.872	0.077687	0.71290	0.86007	28.698	15.610	84.360	377.82	9.8856	1.8601e-06	0.043386
31.002	0.94191	51.374	0.019465	0.29592	0.33288	11.681	13.141	68.099	641.06	1.3049	5.7544e-06	0.092004	0.00021207	12.915	0.077431	0.71250	0.85953	28.669	15.619	84.869	377.80	9.8718	1.8626e-06	0.043491
31.017	0.94406	51.321	0.019485	0.29661	0.33369	11.705	13.147	68.470	639.90	1.3139	5.7447e-06	0.091963	0.00021023	12.957	0.077176	0.71211	0.85898	28.641	15.628	85.384	377.77	9.8579	1.8651e-06	0.043596
31.031	0.94621	51.268	0.019505	0.29731	0.33451	11.729	13.153	68.847	638.74	1.3230	5.7351e-06	0.091922	0.00020839	13.000	0.076922	0.71171	0.85843	28.612	15.636	85.906	377.75	9.8440	1.8677e-06	0.043702
31.046	0.94836	51.215	0.019526	0.29800	0.33533	11.752	13.159	69.228	637.57	1.3321	5.7254e-06	0.091882	0.00020656	13.043	0.076669	0.71131	0.85788	28.584	15.645	86.434	377.72	9.8300	1.8703e-06	0.043808
31.061	0.95051	51.162	0.019546	0.29870	0.33615	11.776	13.166	69.614	636.41	1.3413	5.7157e-06	0.091841	0.00020474	13.086	0.076416	0.71090	0.85732	28.555	15.653	86.969	377.70	9.8160	1.8728e-06	0.043916
31.075	0.95266	51.108	0.019566	0.29940	0.33697	11.800	13.172	70.005	635.24	1.3505	5.7061e-06	0.091800	0.00020293	13.130	0.076164	0.71050	0.85676	28.527	15.662	87.510	377.67	9.8020	1.8754e-06	0.044024
31.090	0.95480	51.055	0.019587	0.30010	0.33780	11.824	13.179	70.401	634.07	1.3597	5.6964e-06	0.091760	0.00020112	13.173	0.075913	0.71009	0.85620	28.498	15.671	88.059	377.65	9.7880	1.8780e-06	0.044132
31.105	0.95695	51.001	0.019608	0.30080	0.33862	11.847	13.185	70.801	632.90	1.3690	5.6867e-06	0.091720	0.00019932	13.217	0.075662	0.70968	0.85564	28.469	15.679	88.615	377.63	9.7740	1.8806e-06	0.044242
31.119	0.95910	50.947	0.019628	0.30150	0.33945	11.871	13.192	71.207	631.73	1.3784	5.6770e-06	0.091679	0.00019753	13.260	0.075413	0.70926	0.85507	28.440	15.688	89.177	377.60	9.7599	1.8832e-06	0.044352
31.134	0.96125	50.893	0.019649	0.30220	0.34028	11.895	13.198	71.618	630.55	1.3878	5.6674e-06	0.091639	0.00019574	13.304	0.075163	0.70885	0.85450	28.412	15.697	89.748	377.58	9.7457	1.8858e-06	0.044463
31.148	0.96340	50.838	0.019670	0.30291	0.34111	11.919	13.205	72.035	629.38	1.3972	5.6577e-06	0.091599	0.00019397	13.348	0.074915	0.70843	0.85392	28.383	15.706	90.325	377.55	9.7316	1.8885e-06	0.044575
31.163	0.96555	50.784	0.019691	0.30361	0.34194	11.943	13.211	72.457	628.20	1.4067	5.6480e-06	0.091559	0.00019220	13.393	0.074667	0.70801	0.85335	28.354	15.714	90.911	377.52	9.7174	1.8911e-06	0.044687
31.177	0.96769	50.729	0.019712	0.30432	0.34277	11.967	13.218	72.884	627.02	1.4162	5.6383e-06	0.091519	0.00019044	13.437	0.074420	0.70759	0.85277	28.325	15.723	91.504	377.50	9.7032	1.8938e-06	0.044800
31.192	0.96984	50.675	0.019734	0.30502	0.34361	11.991	13.225	73.318	625.84	1.4258	5.6286e-06	0.091480	0.00018868	13.482	0.074174	0.70717	0.85218	28.296	15.732	92.105	377.47	9.6890	1.8964e-06	0.044914
31.206	0.97199	50.620	0.019755	0.30573	0.34444	12.015	13.232	73.757	624.66	1.4355	5.6188e-06	0.091440	0.00018694	13.527	0.073928	0.70674	0.85160	28.267	15.741	92.714	377.45	9.6747	1.8991e-06	0.045029
31.221	0.97414	50.565	0.019777	0.30644	0.34528	12.039	13.238	74.202	623.47	1.4451	5.6091e-06	0.091401	0.00018520	13.572	0.073683	0.70631	0.85101	28.238	15.750	93.331	377.42	9.6604	1.9018e-06	0.045144
31.235	0.97629	50.510	0.019798	0.30716	0.34612	12.063	13.245	74.653	622.29	1.4549	5.5994e-06	0.091361	0.00018347	13.617	0.073439	0.70588	0.85041	28.208	15.758	93.957	377.40	9.6461	1.9045e-06	0.045261
31.250	0.97844	50.454	0.019820	0.30787	0.34696	12.088	13.252	75.110	621.10	1.4647	5.5897e-06	0.091322	0.00018174	13.662	0.073195	0.70544	0.84981	28.179	15.767	94.592	377.37	9.6317	1.9072e-06	0.045378
31.264	0.98058	50.399	0.019842	0.30858	0.34781	12.112	13.259	75.573	619.91	1.4745	5.5799e-06	0.091283	0.00018003	13.708	0.072952	0.70501	0.84921	28.150	15.776	95.235	377.34	9.6173	1.9099e-06	0.045496
31.278	0.98273	50.343	0.019864	0.30930	0.34865	12.136	13.266	76.043	618.72	1.4845	5.5702e-06	0.091244	0.00017832	13.753	0.072709	0.70457	0.84861	28.120	15.785	95.887	377.32	9.6028	1.9126e-06	0.045615
31.293	0.98488	50.287	0.019886	0.31002	0.34950	12.160	13.273	76.520	617.52	1.4944	5.5604e-06	0.091205	0.00017662	13.799	0.072467	0.70413	0.84800	28.091	15.794	96.549	377.29	9.5883	1.9154e-06	0.045735
31.307	0.98703	50.231	0.019908	0.31074	0.35035	12.185	13.281	77.003	616.33	1.5044	5.5506e-06	0.091167	0.00017492	13.845	0.072226	0.70368	0.84739	28.061	15.803	97.220	377.26	9.5738	1.9181e-06	0.045856
31.321	0.98918	50.174	0.019930	0.31146	0.35120	12.209	13.288	77.493	615.13	1.5145	5.5409e-06	0.091129	0.00017324	13.892	0.071985	0.70324	0.84678	28.032	15.812	97.900	377.24	9.5593	1.9209e-06	0.045977
31.335	0.99133	50.118	0.019953	0.31218	0.35205	12.234	13.295	77.990	613.93	1.5246	5.5311e-06	0.091090	0.00017156	13.938	0.071745	0.70279	0.84616	28.002	15.821	98.590	377.21	9.5447	1.9237e-06	0.046100
31.349	0.99348	50.061	0.019976	0.31290	0.35291	12.258	13.302	78.495	612.73	1.5348	5.5213e-06	0.091052	0.00016989	13.985	0.071505	0.70234	0.84554	27.972	15.830	99.291	377.18	9.5300	1.9265e-06	0.046223
31.364	0.99562	50.004	0.019998	0.31363	0.35376	12.283	13.310	79.006	611.53	1.5451	5.5115e-06	0.091015	0.00016823	14.032	0.071266	0.70188	0.84492	27.943	15.839	100.00	377.16	9.5154	1.9293e-06	0.046347
31.378	0.99777	49.947	0.020021	0.31435	0.35462	12.307	13.317	79.526	610.32	1.5554	5.5017e-06	0.090977	0.00016657	14.079	0.071028	0.70142	0.84429	27.913	15.849	100.72	377.13	9.5006	1.9321e-06	0.046473
31.392	0.99992	49.890	0.020044	0.31508	0.35548	12.332	13.325	80.053	609.12	1.5657	5.4919e-06	0.090940	0.00016493	14.126	0.070790	0.70096	0.84366	27.883	15.858	101.45	377.10	9.4859	1.9349e-06	0.046599
31.406	1.0021	49.833	0.020067	0.31581	0.35635	12.357	13.332	80.587	607.91	1.5761	5.4820e-06	0.090902	0.00016329	14.174	0.070553	0.70050	0.84302	27.853	15.867	102.20	377.08	9.4711	1.9378e-06	0.046726
31.420	1.0042	49.775	0.020090	0.31654	0.35721	12.382	13.340	81.130	606.70	1.5866	5.4722e-06	0.090865	0.00016165	14.221	0.070316	0.70003	0.84238	27.823	15.876	102.95	377.05	9.4563	1.9406e-06	0.046855
31.434	1.0064	49.717	0.020114	0.31727	0.35808	12.406	13.347	81.681	605.48	1.5972	5.4623e-06	0.090829	0.00016003	14.269	0.070080	0.69957	0.84174	27.793	15.885	103.71	377.02	9.4414	1.9435e-06	0.046984
31.448	1.0085	49.659	0.020137	0.31801	0.35895	12.431	13.355	82.241	604.27	1.6078	5.4525e-06	0.090792	0.00015842	14.318	0.069844	0.69910	0.84109	27.762	15.895	104.49	376.99	9.4265	1.9464e-06	0.047114
31.462	1.0107	49.601	0.020161	0.31875	0.35982	12.456	13.363	82.809	603.05	1.6184	5.4426e-06	0.090756	0.00015681	14.366	0.069609	0.69862	0.84044	27.732	15.904	105.28	376.96	9.4115	1.9493e-06	0.047246
31.476	1.0128	49.542	0.020185	0.31948	0.36069	12.481	13.371	83.386	601.83	1.6292	5.4327e-06	0.090720	0.00015521	14.415	0.069374	0.69814	0.83979	27.702	15.913	106.08	376.94	9.3965	1.9522e-06	0.047378
31.490	1.0150	49.484	0.020209	0.32022	0.36157	12.506	13.378	83.972	600.61	1.6399	5.4228e-06	0.090685	0.00015362	14.463	0.069140	0.69766	0.83913	27.671	15.922	106.89	376.91	9.3814	1.9551e-06	0.047512
31.504	1.0171	49.425	0.020233	0.32097	0.36245	12.531	13.386	84.567	599.39	1.6508	5.4129e-06	0.090649	0.00015203	14.512	0.068907	0.69718	0.83846	27.641	15.932	107.72	376.88	9.3663	1.9581e-06	0.047646
31.518	1.0193	49.366	0.020257	0.32171	0.36333	12.557	13.394	85.172	598.16	1.6617	5.4029e-06	0.090614	0.00015046	14.562	0.068673	0.69669	0.83780	27.610	15.941	108.56	376.85	9.3512	1.9610e-06	0.047782
31.532	1.0214	49.306	0.020281	0.32245	0.36421	12.582	13.403	85.786	596.93	1.6727	5.3930e-06	0.090580	0.00014889	14.611	0.068441	0.69621	0.83713	27.580	15.951	109.41	376.82	9.3360	1.9640e-06	0.047919
31.546	1.0236	49.247	0.020306	0.32320	0.36510	12.607	13.411	86.411	595.70	1.6838	5.3830e-06	0.090545	0.00014733	14.661	0.068209	0.69571	0.83645	27.549	15.960	110.28	376.80	9.3207	1.9670e-06	0.048057
31.560	1.0257	49.187	0.020331	0.32395	0.36599	12.632	13.419	87.045	594.47	1.6949	5.3730e-06	0.090511	0.00014578	14.711	0.067977	0.69522	0.83577	27.518	15.969	111.16	376.77	9.3054	1.9700e-06	0.048197
31.574	1.0278	49.127	0.020355	0.32470	0.36688	12.658	13.427	87.690	593.24	1.7061	5.3631e-06	0.090477	0.00014423	14.761	0.067745	0.69472	0.83509	27.487	15.979	112.05	376.74	9.2900	1.9730e-06	0.048337
31.588	1.0300	49.067	0.020380	0.32546	0.36777	12.683	13.435	88.346	592.00	1.7174	5.3530e-06	0.090444	0.00014270	14.812	0.067515	0.69422	0.83440	27.456	15.988	112.96	376.71	9.2746	1.9760e-06	0.048479
31.601	1.0321	49.006	0.020406	0.32621	0.36867	12.709	13.444	89.013	590.76	1.7287	5.3430e-06	0.090411	0.00014117	14.862	0.067284	0.69371	0.83371	27.425	15.998	113.89	376.68	9.2592	1.9791e-06	0.048622
31.615	1.0343	48.945	0.020431	0.32697	0.36957	12.735	13.452	89.691	589.52	1.7401	5.3330e-06	0.090379	0.00013965	14.913	0.067054	0.69320	0.83301	27.393	16.008	114.83	376.65	9.2437	1.9822e-06	0.048766
31.629	1.0364	48.884	0.020457	0.32773	0.37047	12.760	13.461	90.381	588.27	1.7516	5.3229e-06	0.090346	0.00013814	14.965	0.066824	0.69269	0.83231	27.362	16.017	115.79	376.62	9.2281	1.9852e-06	0.048912
31.643	1.0386	48.823	0.020482	0.32849	0.37137	12.786	13.470	91.082	587.03	1.7631	5.3128e-06	0.090315	0.00013664	15.016	0.066595	0.69218	0.83161	27.331	16.027	116.76	376.59	9.2125	1.9883e-06	0.049059
31.656	1.0407	48.761	0.020508	0.32926	0.37228	12.812	13.478	91.796	585.78	1.7748	5.3028e-06	0.090283	0.00013514	15.068	0.066366	0.69166	0.83090	27.299	16.036	117.75	376.56	9.1968	1.9915e-06	0.049207
31.670	1.0429	48.699	0.020534	0.33002	0.37319	12.838	13.487	92.522	584.53	1.7865	5.2926e-06	0.090253	0.00013365	15.120	0.066138	0.69114	0.83018	27.268	16.046	118.75	376.53	9.1811	1.9946e-06	0.049357
31.684	1.0450	48.637	0.020560	0.33079	0.37410	12.864	13.496	93.261	583.27	1.7983	5.2825e-06	0.090222	0.00013218	15.172	0.065910	0.69061	0.82946	27.236	16.056	119.78	376.50	9.1653	1.9977e-06	0.049508
31.697	1.0472	48.575	0.020587	0.33156	0.37502	12.890	13.505	94.014	582.01	1.8101	5.2724e-06	0.090192	0.00013071	15.225	0.065682	0.69008	0.82874	27.204	16.066	120.82	376.48	9.1494	2.0009e-06	0.049660
31.711	1.0493	48.512	0.020613	0.33233	0.37594	12.916	13.514	94.780	580.75	1.8220	5.2622e-06	0.090163	0.00012925	15.278	0.065455	0.68955	0.82801	27.172	16.075	121.88	376.45	9.1335	2.0041e-06	0.049814
31.725	1.0515	48.449	0.020640	0.33311	0.37686	12.942	13.523	95.560	579.49	1.8341	5.2520e-06	0.090134	0.00012779	15.331	0.065228	0.68901	0.82728	27.140	16.085	122.96	376.42	9.1175	2.0073e-06	0.049970
31.738	1.0536	48.386	0.020667	0.33389	0.37778	12.969	13.532	96.354	578.23	1.8462	5.2418e-06	0.090106	0.00012635	15.384	0.065002	0.68847	0.82654	27.108	16.095	124.06	376.39	9.1015	2.0106e-06	0.050127
31.752	1.0558	48.323	0.020694	0.33467	0.37871	12.995	13.541	97.163	576.96	1.8583	5.2316e-06	0.090078	0.00012492	15.438	0.064775	0.68793	0.82579	27.076	16.105	125.18	376.36	9.0854	2.0138e-06	0.050285
31.765	1.0579	48.259	0.020722	0.33545	0.37964	13.022	13.551	97.987	575.69	1.8706	5.2213e-06	0.090051	0.00012349	15.492	0.064549	0.68738	0.82505	27.043	16.115	126.32	376.33	9.0692	2.0171e-06	0.050445
31.779	1.0601	48.195	0.020749	0.33624	0.38058	13.048	13.560	98.827	574.42	1.8829	5.2110e-06	0.090025	0.00012207	15.546	0.064324	0.68683	0.82429	27.011	16.125	127.48	376.29	9.0530	2.0204e-06	0.050607
31.792	1.0622	48.130	0.020777	0.33703	0.38152	13.075	13.570	99.682	573.14	1.8954	5.2007e-06	0.089999	0.00012066	15.601	0.064098	0.68628	0.82353	26.978	16.135	128.67	376.26	9.0367	2.0237e-06	0.050770
31.806	1.0644	48.066	0.020805	0.33782	0.38246	13.102	13.579	100.55	571.86	1.9079	5.1904e-06	0.089973	0.00011926	15.656	0.063873	0.68572	0.82277	26.945	16.145	129.87	376.23	9.0203	2.0270e-06	0.050935
31.819	1.0665	48.001	0.020833	0.33861	0.38340	13.128	13.589	101.44	570.58	1.9205	5.1800e-06	0.089949	0.00011787	15.711	0.063649	0.68516	0.82200	26.912	16.155	131.10	376.20	9.0039	2.0303e-06	0.051102
31.833	1.0687	47.935	0.020861	0.33941	0.38435	13.155	13.599	102.35	569.29	1.9332	5.1697e-06	0.089925	0.00011649	15.767	0.063424	0.68459	0.82122	26.879	16.165	132.36	376.17	8.9874	2.0337e-06	0.051270
31.846	1.0708	47.870	0.020890	0.34021	0.38530	13.182	13.609	103.28	568.01	1.9460	5.1593e-06	0.089902	0.00011511	15.823	0.063200	0.68402	0.82044	26.846	16.175	133.63	376.14	8.9708	2.0371e-06	0.051440
31.860	1.0730	47.804	0.020919	0.34101	0.38626	13.210	13.619	104.22	566.71	1.9589	5.1488e-06	0.089880	0.00011375	15.879	0.062976	0.68344	0.81966	26.813	16.185	134.94	376.11	8.9541	2.0405e-06	0.051612
31.873	1.0751	47.737	0.020948	0.34181	0.38721	13.237	13.629	105.18	565.42	1.9718	5.1384e-06	0.089858	0.00011239	15.936	0.062752	0.68286	0.81886	26.780	16.195	136.26	376.08	8.9374	2.0440e-06	0.051786
31.886	1.0773	47.671	0.020977	0.34262	0.38818	13.264	13.639	106.16	564.12	1.9849	5.1279e-06	0.089837	0.00011104	15.993	0.062529	0.68228	0.81807	26.746	16.205	137.62	376.05	8.9206	2.0474e-06	0.051962
31.900	1.0794	47.604	0.021007	0.34343	0.38914	13.292	13.649	107.17	562.82	1.9980	5.1174e-06	0.089817	0.00010971	16.050	0.062306	0.68169	0.81726	26.712	16.215	139.00	376.02	8.9037	2.0509e-06	0.052140
31.913	1.0816	47.536	0.021037	0.34425	0.39011	13.319	13.659	108.19	561.52	2.0113	5.1069e-06	0.089798	0.00010838	16.108	0.062083	0.68110	0.81645	26.679	16.225	140.42	375.99	8.8868	2.0544e-06	0.052319
31.926	1.0837	47.469	0.021067	0.34506	0.39109	13.347	13.670	109.24	560.21	2.0247	5.0963e-06	0.089780	0.00010706	16.166	0.061860	0.68050	0.81564	26.645	16.236	141.86	375.95	8.8697	2.0580e-06	0.052501
31.940	1.0859	47.401	0.021097	0.34589	0.39207	13.375	13.680	110.30	558.90	2.0381	5.0857e-06	0.089763	0.00010575	16.224	0.061637	0.67990	0.81482	26.611	16.246	143.33	375.92	8.8526	2.0615e-06	0.052685
31.953	1.0880	47.332	0.021127	0.34671	0.39305	13.402	13.691	111.39	557.59	2.0517	5.0751e-06	0.089747	0.00010445	16.283	0.061415	0.67929	0.81399	26.576	16.256	144.83	375.89	8.8354	2.0651e-06	0.052871
31.966	1.0902	47.263	0.021158	0.34754	0.39403	13.430	13.702	112.51	556.27	2.0653	5.0644e-06	0.089732	0.00010315	16.342	0.061192	0.67868	0.81316	26.542	16.267	146.37	375.86	8.8181	2.0687e-06	0.053059
31.979	1.0923	47.194	0.021189	0.34837	0.39502	13.459	13.713	113.65	554.95	2.0791	5.0537e-06	0.089717	0.00010187	16.401	0.060970	0.67806	0.81231	26.507	16.277	147.93	375.83	8.8007	2.0724e-06	0.053249
31.993	1.0945	47.124	0.021220	0.34920	0.39602	13.487	13.724	114.81	553.63	2.0930	5.0430e-06	0.089704	0.00010060	16.461	0.060748	0.67744	0.81147	26.473	16.288	149.54	375.80	8.7832	2.0760e-06	0.053442
32.006	1.0966	47.054	0.021252	0.35004	0.39702	13.515	13.735	116.00	552.30	2.1069	5.0322e-06	0.089692	9.9336e-05	16.522	0.060526	0.67681	0.81061	26.438	16.298	151.17	375.76	8.7656	2.0797e-06	0.053637
32.019	1.0987	46.984	0.021284	0.35088	0.39802	13.544	13.746	117.22	550.97	2.1210	5.0214e-06	0.089681	9.8082e-05	16.582	0.060305	0.67618	0.80975	26.403	16.309	152.85	375.73	8.7480	2.0834e-06	0.053834
32.032	1.1009	46.913	0.021316	0.35173	0.39903	13.572	13.758	118.47	549.64	2.1352	5.0106e-06	0.089672	9.6839e-05	16.644	0.060083	0.67555	0.80889	26.367	16.319	154.56	375.70	8.7302	2.0872e-06	0.054034
32.045	1.1030	46.842	0.021349	0.35258	0.40005	13.601	13.769	119.74	548.30	2.1495	4.9997e-06	0.089664	9.5605e-05	16.705	0.059861	0.67490	0.80801	26.332	16.330	156.31	375.67	8.7124	2.0910e-06	0.054236
32.058	1.1052	46.770	0.021381	0.35343	0.40106	13.630	13.781	121.05	546.95	2.1640	4.9888e-06	0.089656	9.4381e-05	16.767	0.059640	0.67426	0.80713	26.296	16.340	158.10	375.63	8.6944	2.0948e-06	0.054441
32.071	1.1073	46.698	0.021414	0.35428	0.40209	13.659	13.792	122.39	545.61	2.1785	4.9778e-06	0.089651	9.3167e-05	16.830	0.059419	0.67360	0.80624	26.261	16.351	159.94	375.60	8.6764	2.0986e-06	0.054649
32.084	1.1095	46.625	0.021448	0.35515	0.40312	13.688	13.804	123.76	544.26	2.1932	4.9668e-06	0.089646	9.1963e-05	16.893	0.059197	0.67295	0.80535	26.225	16.362	161.82	375.57	8.6582	2.1025e-06	0.054859
32.097	1.1116	46.552	0.021481	0.35601	0.40415	13.717	13.816	125.16	542.91	2.2080	4.9558e-06	0.089644	9.0769e-05	16.956	0.058976	0.67228	0.80444	26.189	16.372	163.74	375.54	8.6400	2.1064e-06	0.055072
32.110	1.1138	46.478	0.021515	0.35688	0.40519	13.747	13.828	126.60	541.55	2.2229	4.9447e-06	0.089642	8.9585e-05	17.020	0.058755	0.67161	0.80353	26.152	16.383	165.71	375.50	8.6216	2.1103e-06	0.055287
32.123	1.1159	46.404	0.021550	0.35775	0.40623	13.776	13.841	128.07	540.19	2.2379	4.9336e-06	0.089642	8.8411e-05	17.084	0.058533	0.67094	0.80261	26.116	16.394	167.72	375.47	8.6032	2.1143e-06	0.055506
32.136	1.1181	46.329	0.021585	0.35863	0.40728	13.806	13.853	129.59	538.82	2.2531	4.9224e-06	0.089644	8.7248e-05	17.149	0.058312	0.67025	0.80169	26.079	16.405	169.79	375.44	8.5846	2.1183e-06	0.055728
32.149	1.1202	46.254	0.021620	0.35951	0.40834	13.836	13.866	131.14	537.45	2.2684	4.9112e-06	0.089648	8.6095e-05	17.214	0.058091	0.66957	0.80075	26.042	16.415	171.91	375.41	8.5659	2.1223e-06	0.055953
32.162	1.1224	46.179	0.021655	0.36040	0.40940	13.866	13.878	132.73	536.08	2.2838	4.9000e-06	0.089653	8.4953e-05	17.280	0.057869	0.66887	0.79981	26.005	16.426	174.09	375.37	8.5471	2.1264e-06	0.056180
32.175	1.1245	46.103	0.021691	0.36129	0.41046	13.896	13.891	134.36	534.70	2.2994	4.8887e-06	0.089660	8.3821e-05	17.347	0.057648	0.66817	0.79886	25.968	16.437	176.32	375.34	8.5282	2.1305e-06	0.056412
32.188	1.1267	46.026	0.021727	0.36219	0.41154	13.927	13.904	136.04	533.31	2.3151	4.8773e-06	0.089669	8.2700e-05	17.414	0.057427	0.66747	0.79790	25.930	16.448	178.60	375.31	8.5091	2.1346e-06	0.056646
32.201	1.1288	45.949	0.021763	0.36309	0.41262	13.957	13.917	137.76	531.93	2.3309	4.8659e-06	0.089680	8.1590e-05	17.481	0.057205	0.66675	0.79693	25.892	16.459	180.95	375.27	8.4899	2.1388e-06	0.056884
32.214	1.1310	45.871	0.021800	0.36400	0.41370	13.988	13.930	139.53	530.53	2.3469	4.8545e-06	0.089693	8.0491e-05	17.549	0.056983	0.66603	0.79595	25.854	16.470	183.36	375.24	8.4706	2.1430e-06	0.057126
32.227	1.1331	45.793	0.021838	0.36491	0.41479	14.019	13.944	141.36	529.14	2.3630	4.8430e-06	0.089707	7.9402e-05	17.618	0.056762	0.66530	0.79496	25.816	16.481	185.84	375.21	8.4512	2.1473e-06	0.057371
32.239	1.1353	45.714	0.021875	0.36583	0.41589	14.050	13.958	143.23	527.74	2.3793	4.8314e-06	0.089725	7.8325e-05	17.687	0.056540	0.66457	0.79397	25.777	16.493	188.38	375.17	8.4316	2.1516e-06	0.057620
32.252	1.1374	45.634	0.021913	0.36675	0.41699	14.082	13.971	145.15	526.33	2.3957	4.8198e-06	0.089744	7.7259e-05	17.756	0.056318	0.66383	0.79296	25.739	16.504	191.00	375.14	8.4119	2.1559e-06	0.057873
32.265	1.1396	45.554	0.021952	0.36768	0.41811	14.113	13.985	147.14	524.92	2.4123	4.8081e-06	0.089766	7.6204e-05	17.827	0.056095	0.66308	0.79194	25.700	16.515	193.69	375.11	8.3921	2.1603e-06	0.058129
32.278	1.1417	45.473	0.021991	0.36861	0.41923	14.145	13.999	149.18	523.50	2.4290	4.7964e-06	0.089790	7.5161e-05	17.898	0.055873	0.66232	0.79092	25.660	16.526	196.46	375.07	8.3721	2.1647e-06	0.058390
32.290	1.1439	45.391	0.022031	0.36955	0.42035	14.177	14.014	151.28	522.08	2.4459	4.7846e-06	0.089816	7.4129e-05	17.969	0.055650	0.66156	0.78988	25.621	16.537	199.31	375.04	8.3520	2.1692e-06	0.058655
32.303	1.1460	45.309	0.022071	0.37050	0.42148	14.209	14.028	153.44	520.65	2.4630	4.7727e-06	0.089846	7.3109e-05	18.042	0.055427	0.66079	0.78884	25.581	16.549	202.24	375.01	8.3317	2.1737e-06	0.058925
32.316	1.1482	45.226	0.022111	0.37145	0.42263	14.241	14.043	155.68	519.22	2.4802	4.7608e-06	0.089878	7.2101e-05	18.115	0.055204	0.66001	0.78778	25.541	16.560	205.26	374.97	8.3113	2.1783e-06	0.059199
32.329	1.1503	45.143	0.022152	0.37241	0.42378	14.274	14.058	157.98	517.78	2.4976	4.7488e-06	0.089912	7.1105e-05	18.188	0.054981	0.65922	0.78672	25.500	16.571	208.37	374.94	8.2907	2.1829e-06	0.059478
32.341	1.1525	45.059	0.022193	0.37337	0.42493	14.307	14.073	160.35	516.34	2.5152	4.7367e-06	0.089950	7.0120e-05	18.263	0.054757	0.65843	0.78564	25.460	16.583	211.58	374.91	8.2700	2.1876e-06	0.059761
32.354	1.1546	44.974	0.022235	0.37434	0.42610	14.340	14.088	162.81	514.89	2.5329	4.7246e-06	0.089991	6.9148e-05	18.338	0.054533	0.65762	0.78455	25.419	16.594	214.88	374.87	8.2491	2.1923e-06	0.060050
32.366	1.1568	44.888	0.022278	0.37532	0.42727	14.373	14.104	165.34	513.44	2.5509	4.7124e-06	0.090035	6.8188e-05	18.413	0.054308	0.65681	0.78345	25.377	16.606	218.30	374.84	8.2280	2.1971e-06	0.060344
32.379	1.1589	44.801	0.022321	0.37631	0.42845	14.407	14.120	167.96	511.98	2.5690	4.7001e-06	0.090082	6.7240e-05	18.490	0.054083	0.65598	0.78233	25.336	16.617	221.82	374.80	8.2068	2.2019e-06	0.060643
32.392	1.1611	44.714	0.022364	0.37730	0.42965	14.440	14.136	170.67	510.52	2.5873	4.6878e-06	0.090133	6.6305e-05	18.567	0.053858	0.65515	0.78121	25.294	16.629	225.46	374.77	8.1853	2.2068e-06	0.060948
32.404	1.1632	44.626	0.022408	0.37830	0.43085	14.474	14.152	173.47	509.04	2.6058	4.6754e-06	0.090187	6.5383e-05	18.645	0.053632	0.65431	0.78007	25.252	16.640	229.22	374.74	8.1637	2.2117e-06	0.061258
32.417	1.1653	44.537	0.022453	0.37931	0.43206	14.509	14.168	176.37	507.57	2.6245	4.6628e-06	0.090245	6.4474e-05	18.724	0.053406	0.65346	0.77892	25.209	16.652	233.11	374.70	8.1419	2.2167e-06	0.061574
32.429	1.1675	44.447	0.022499	0.38033	0.43328	14.543	14.185	179.37	506.08	2.6434	4.6502e-06	0.090307	6.3578e-05	18.804	0.053179	0.65260	0.77776	25.166	16.664	237.13	374.67	8.1200	2.2218e-06	0.061897
32.442	1.1696	44.356	0.022545	0.38135	0.43451	14.578	14.202	182.48	504.59	2.6625	4.6376e-06	0.090373	6.2694e-05	18.885	0.052952	0.65173	0.77658	25.123	16.676	241.29	374.64	8.0978	2.2269e-06	0.062226
32.454	1.1718	44.265	0.022591	0.38238	0.43575	14.614	14.219	185.71	503.09	2.6818	4.6248e-06	0.090443	6.1825e-05	18.967	0.052724	0.65084	0.77539	25.079	16.687	245.60	374.60	8.0754	2.2321e-06	0.062562
32.467	1.1739	44.172	0.022639	0.38342	0.43700	14.649	14.236	189.06	501.59	2.7014	4.6119e-06	0.090518	6.0968e-05	19.049	0.052496	0.64995	0.77418	25.035	16.699	250.07	374.57	8.0528	2.2373e-06	0.062905
32.479	1.1761	44.078	0.022687	0.38447	0.43826	14.685	14.254	192.53	500.08	2.7211	4.5990e-06	0.090597	6.0126e-05	19.133	0.052267	0.64904	0.77296	24.990	16.711	254.70	374.54	8.0300	2.2426e-06	0.063254
32.492	1.1782	43.984	0.022736	0.38553	0.43953	14.721	14.272	196.14	498.56	2.7411	4.5859e-06	0.090681	5.9297e-05	19.217	0.052037	0.64813	0.77173	24.945	16.723	259.51	374.50	8.0070	2.2480e-06	0.063612
32.504	1.1804	43.888	0.022785	0.38660	0.44082	14.758	14.290	199.90	497.04	2.7614	4.5728e-06	0.090770	5.8483e-05	19.302	0.051807	0.64720	0.77048	24.900	16.735	264.50	374.47	7.9837	2.2535e-06	0.063977
32.516	1.1825	43.791	0.022835	0.38768	0.44212	14.795	14.309	203.81	495.51	2.7819	4.5595e-06	0.090864	5.7682e-05	19.389	0.051576	0.64626	0.76921	24.854	16.747	269.69	374.44	7.9602	2.2590e-06	0.064351
32.529	1.1847	43.694	0.022887	0.38877	0.44343	14.832	14.327	207.88	493.97	2.8026	4.5461e-06	0.090963	5.6896e-05	19.477	0.051344	0.64531	0.76793	24.807	16.759	275.08	374.40	7.9365	2.2646e-06	0.064733
32.541	1.1868	43.595	0.022939	0.38987	0.44475	14.869	14.347	212.12	492.42	2.8236	4.5327e-06	0.091069	5.6125e-05	19.565	0.051111	0.64434	0.76662	24.761	16.771	280.70	374.37	7.9125	2.2703e-06	0.065124
32.553	1.1890	43.495	0.022991	0.39098	0.44609	14.907	14.366	216.54	490.86	2.8448	4.5191e-06	0.091180	5.5369e-05	19.655	0.050877	0.64336	0.76531	24.713	16.783	286.54	374.34	7.8882	2.2761e-06	0.065524
32.566	1.1911	43.393	0.023045	0.39210	0.44744	14.946	14.386	221.16	489.30	2.8664	4.5053e-06	0.091298	5.4628e-05	19.746	0.050643	0.64237	0.76397	24.666	16.795	292.63	374.31	7.8637	2.2820e-06	0.065935
32.578	1.1933	43.290	0.023100	0.39324	0.44880	14.985	14.406	225.98	487.73	2.8882	4.4915e-06	0.091422	5.3902e-05	19.838	0.050407	0.64136	0.76262	24.617	16.807	298.99	374.27	7.8389	2.2880e-06	0.066355
32.590	1.1954	43.186	0.023155	0.39438	0.45018	15.024	14.426	231.03	486.15	2.9102	4.4775e-06	0.091554	5.3191e-05	19.932	0.050170	0.64034	0.76124	24.568	16.819	305.62	374.24	7.8139	2.2940e-06	0.066786
32.602	1.1976	43.081	0.023212	0.39554	0.45158	15.064	14.447	236.31	484.56	2.9326	4.4634e-06	0.091693	5.2496e-05	20.027	0.049933	0.63930	0.75985	24.519	16.831	312.56	374.21	7.7885	2.3002e-06	0.067229
32.615	1.1997	42.974	0.023270	0.39671	0.45299	15.104	14.469	241.85	482.96	2.9553	4.4492e-06	0.091839	5.1818e-05	20.123	0.049694	0.63825	0.75843	24.469	16.843	319.81	374.18	7.7628	2.3064e-06	0.067683
32.627	1.2019	42.866	0.023328	0.39790	0.45442	15.145	14.490	247.66	481.35	2.9783	4.4348e-06	0.091993	5.1155e-05	20.221	0.049454	0.63718	0.75700	24.418	16.855	327.40	374.15	7.7368	2.3128e-06	0.068150
32.639	1.2040	42.756	0.023388	0.39910	0.45586	15.186	14.512	253.75	479.73	3.0017	4.4203e-06	0.092157	5.0509e-05	20.320	0.049212	0.63609	0.75554	24.367	16.868	335.36	374.12	7.7105	2.3192e-06	0.068630
32.651	1.2062	42.645	0.023449	0.40031	0.45733	15.227	14.535	260.17	478.11	3.0253	4.4056e-06	0.092329	4.9880e-05	20.421	0.048970	0.63499	0.75406	24.315	16.880	343.72	374.09	7.6839	2.3258e-06	0.069124
32.663	1.2083	42.532	0.023512	0.40154	0.45881	15.270	14.557	266.92	476.47	3.0493	4.3907e-06	0.092511	4.9268e-05	20.523	0.048726	0.63386	0.75255	24.263	16.892	352.49	374.06	7.6568	2.3325e-06	0.069633
32.676	1.2105	42.417	0.023575	0.40279	0.46031	15.313	14.581	274.03	474.82	3.0737	4.3757e-06	0.092703	4.8673e-05	20.627	0.048480	0.63272	0.75102	24.209	16.904	361.72	374.03	7.6295	2.3394e-06	0.070157
32.688	1.2126	42.301	0.023640	0.40405	0.46184	15.356	14.605	281.54	473.17	3.0985	4.3605e-06	0.092906	4.8096e-05	20.733	0.048233	0.63156	0.74946	24.155	16.917	371.44	374.00	7.6017	2.3463e-06	0.070698
32.700	1.2148	42.183	0.023706	0.40533	0.46338	15.400	14.629	289.47	471.50	3.1236	4.3451e-06	0.093120	4.7536e-05	20.840	0.047984	0.63037	0.74788	24.100	16.929	381.69	373.97	7.5735	2.3534e-06	0.071256
32.712	1.2169	42.062	0.023774	0.40663	0.46495	15.445	14.654	297.87	469.81	3.1492	4.3295e-06	0.093347	4.6995e-05	20.950	0.047733	0.62917	0.74627	24.045	16.941	392.51	373.94	7.5450	2.3606e-06	0.071833
32.724	1.2191	41.940	0.023844	0.40794	0.46654	15.490	14.679	306.77	468.12	3.1751	4.3137e-06	0.093587	4.6472e-05	21.061	0.047481	0.62794	0.74462	23.988	16.954	403.96	373.92	7.5160	2.3680e-06	0.072429
32.736	1.2212	41.815	0.023915	0.40928	0.46815	15.537	14.705	316.22	466.42	3.2015	4.2977e-06	0.093841	4.5968e-05	21.175	0.047226	0.62669	0.74295	23.931	16.966	416.08	373.89	7.4865	2.3756e-06	0.073047
32.748	1.2234	41.689	0.023987	0.41064	0.46980	15.584	14.732	326.27	464.70	3.2284	4.2815e-06	0.094110	4.5484e-05	21.290	0.046970	0.62541	0.74125	23.873	16.978	428.94	373.87	7.4566	2.3833e-06	0.073687
32.760	1.2255	41.560	0.024062	0.41202	0.47146	15.631	14.759	336.98	462.97	3.2557	4.2650e-06	0.094395	4.5018e-05	21.408	0.046711	0.62411	0.73951	23.814	16.990	442.61	373.84	7.4261	2.3912e-06	0.074351
32.772	1.2277	41.428	0.024138	0.41342	0.47316	15.680	14.786	348.42	461.22	3.2835	4.2483e-06	0.094698	4.4573e-05	21.529	0.046450	0.62278	0.73774	23.753	17.003	457.17	373.82	7.3952	2.3992e-06	0.075041
32.784	1.2298	41.294	0.024217	0.41485	0.47489	15.730	14.815	360.65	459.46	3.3119	4.2314e-06	0.095020	4.4147e-05	21.652	0.046186	0.62143	0.73593	23.692	17.015	472.69	373.80	7.3637	2.4075e-06	0.075759
32.796	1.2319	41.157	0.024297	0.41631	0.47665	15.780	14.844	373.76	457.69	3.3408	4.2141e-06	0.095362	4.3742e-05	21.777	0.045920	0.62004	0.73408	23.629	17.027	489.29	373.78	7.3316	2.4159e-06	0.076506
32.808	1.2341	41.017	0.024380	0.41779	0.47844	15.831	14.874	387.85	455.90	3.3702	4.1966e-06	0.095727	4.3358e-05	21.906	0.045650	0.61862	0.73219	23.566	17.039	507.07	373.76	7.2990	2.4246e-06	0.077286
32.820	1.2362	40.874	0.024465	0.41930	0.48027	15.884	14.904	403.03	454.09	3.4003	4.1788e-06	0.096116	4.2995e-05	22.037	0.045378	0.61716	0.73025	23.501	17.051	526.17	373.74	7.2656	2.4335e-06	0.078101
32.832	1.2384	40.728	0.024553	0.42084	0.48214	15.938	14.936	419.42	452.27	3.4310	4.1606e-06	0.096531	4.2653e-05	22.172	0.045103	0.61568	0.72827	23.434	17.063	546.73	373.73	7.2317	2.4427e-06	0.078955
32.843	1.2405	40.578	0.024644	0.42242	0.48405	15.993	14.968	437.17	450.43	3.4623	4.1421e-06	0.096976	4.2333e-05	22.310	0.044824	0.61415	0.72624	23.367	17.075	568.93	373.71	7.1970	2.4521e-06	0.079849
32.855	1.2427	40.425	0.024737	0.42403	0.48600	16.049	15.001	456.46	448.57	3.4944	4.1233e-06	0.097452	4.2035e-05	22.451	0.044541	0.61258	0.72416	23.298	17.087	592.96	373.70	7.1615	2.4618e-06	0.080789
32.867	1.2448	40.267	0.024834	0.42568	0.48800	16.106	15.035	477.49	446.69	3.5272	4.1041e-06	0.097965	4.1760e-05	22.596	0.044255	0.61097	0.72203	23.227	17.098	619.06	373.69	7.1253	2.4718e-06	0.081779
32.879	1.2470	40.106	0.024934	0.42737	0.49004	16.165	15.071	500.49	444.79	3.5607	4.0844e-06	0.098517	4.1507e-05	22.746	0.043964	0.60932	0.71983	23.154	17.110	647.50	373.69	7.0882	2.4821e-06	0.082824
32.891	1.2491	39.940	0.025038	0.42910	0.49215	16.226	15.107	525.74	442.87	3.5952	4.0643e-06	0.099113	4.1276e-05	22.900	0.043669	0.60761	0.71758	23.080	17.121	678.62	373.69	7.0501	2.4927e-06	0.083929
32.902	1.2513	39.769	0.025145	0.43088	0.49430	16.288	15.145	553.59	440.93	3.6305	4.0437e-06	0.099759	4.1069e-05	23.058	0.043368	0.60586	0.71525	23.003	17.132	712.79	373.69	7.0111	2.5038e-06	0.085102
32.914	1.2534	39.592	0.025257	0.43270	0.49652	16.352	15.183	584.44	438.96	3.6668	4.0226e-06	0.10046	4.0885e-05	23.222	0.043063	0.60405	0.71286	22.925	17.143	750.49	373.69	6.9711	2.5152e-06	0.086350
32.926	1.2556	39.411	0.025374	0.43459	0.49881	16.418	15.223	618.78	436.97	3.7042	4.0010e-06	0.10123	4.0723e-05	23.391	0.042751	0.60217	0.71038	22.844	17.154	792.28	373.70	6.9299	2.5271e-06	0.087683
32.938	1.2577	39.223	0.025496	0.43653	0.50117	16.487	15.265	657.24	434.94	3.7426	3.9788e-06	0.10207	4.0584e-05	23.566	0.042434	0.60023	0.70782	22.761	17.164	838.85	373.72	6.8874	2.5394e-06	0.089112
32.949	1.2599	39.028	0.025623	0.43854	0.50361	16.557	15.308	700.55	432.89	3.7823	3.9558e-06	0.10299	4.0467e-05	23.748	0.042109	0.59822	0.70517	22.675	17.174	891.07	373.74	6.8437	2.5523e-06	0.090650
32.961	1.2620	38.826	0.025756	0.44062	0.50614	16.631	15.353	749.68	430.81	3.8233	3.9322e-06	0.10401	4.0372e-05	23.937	0.041776	0.59613	0.70242	22.586	17.184	949.99	373.77	6.7985	2.5657e-06	0.092313
32.973	1.2642	38.615	0.025897	0.44278	0.50877	16.707	15.400	805.84	428.69	3.8658	3.9078e-06	0.10514	4.0297e-05	24.134	0.041435	0.59396	0.69955	22.493	17.193	1017.0	373.80	6.7516	2.5798e-06	0.094120
32.984	1.2663	38.396	0.026045	0.44502	0.51151	16.787	15.448	870.58	426.54	3.9099	3.8825e-06	0.10641	4.0241e-05	24.340	0.041085	0.59169	0.69657	22.397	17.201	1093.8	373.85	6.7030	2.5946e-06	0.096096
32.996	1.2685	38.166	0.026201	0.44737	0.51436	16.870	15.499	945.98	424.34	3.9558	3.8563e-06	0.10784	4.0202e-05	24.555	0.040724	0.58931	0.69344	22.297	17.209	1182.8	373.91	6.6525	2.6103e-06	0.098271
33.007	1.2706	37.925	0.026368	0.44982	0.51736	16.957	15.553	1034.8	422.10	4.0037	3.8289e-06	0.10947	4.0175e-05	24.782	0.040352	0.58681	0.69017	22.193	17.216	1286.9	373.98	6.5997	2.6268e-06	0.10068
33.019	1.2728	37.672	0.026545	0.45240	0.52051	17.049	15.609	1140.8	419.81	4.0538	3.8003e-06	0.11134	4.0158e-05	25.021	0.039966	0.58417	0.68672	22.083	17.222	1410.4	374.06	6.5445	2.6443e-06	0.10339
33.030	1.2749	37.403	0.026736	0.45513	0.52384	17.147	15.668	1269.4	417.47	4.1066	3.7703e-06	0.11351	4.0143e-05	25.275	0.039565	0.58138	0.68307	21.967	17.226	1559.1	374.17	6.4864	2.6631e-06	0.10645
33.042	1.2771	37.117	0.026942	0.45803	0.52739	17.250	15.731	1428.2	415.06	4.1623	3.7387e-06	0.11607	4.0120e-05	25.546	0.039146	0.57842	0.67919	21.845	17.230	1741.5	374.30	6.4251	2.6832e-06	0.10995
33.053	1.2792	36.811	0.027166	0.46112	0.53118	17.362	15.798	1629.1	412.59	4.2216	3.7052e-06	0.11914	4.0076e-05	25.836	0.038706	0.57523	0.67505	21.714	17.231	1970.3	374.46	6.3599	2.7051e-06	0.11404
33.065	1.2814	36.481	0.027412	0.46446	0.53527	17.482	15.870	1890.4	410.02	4.2852	3.6694e-06	0.12290	3.9989e-05	26.150	0.038241	0.57180	0.67058	21.574	17.230	2265.5	374.66	6.2902	2.7289e-06	0.11891
33.076	1.2835	36.121	0.027685	0.46810	0.53973	17.613	15.948	2243.3	407.36	4.3539	3.6307e-06	0.12762	3.9826e-05	26.494	0.037745	0.56805	0.66572	21.422	17.225	2660.5	374.91	6.2148	2.7552e-06	0.12484
33.088	1.2857	35.723	0.027993	0.47211	0.54466	17.758	16.032	2743.9	404.58	4.4293	3.5886e-06	0.13379	3.9532e-05	26.875	0.037210	0.56392	0.66035	21.255	17.217	3215.3	375.23	6.1324	2.7847e-06	0.13236
33.099	1.2878	35.275	0.028349	0.47663	0.55022	17.923	undefined	undefined	undefined	4.5134	3.5418e-06	undefined	3.9010e-05	27.305	0.036624	0.55926	0.65434	21.068	undefined	undefined	undefined	6.0407	2.8185e-06	undefined
33.111	1.2900	34.757	0.028771	0.48185	0.55667	18.114	undefined	undefined	undefined	4.6101	3.4886e-06	undefined	3.8075e-05	27.804	0.035966	0.55388	0.64740	20.854	undefined	undefined	undefined	5.9360	2.8583e-06	undefined
33.122	1.2921	34.129	0.029301	0.48819	0.56451	18.347	undefined	undefined	undefined	4.7263	3.4253e-06	undefined	3.6300e-05	28.413	0.035195	0.54736	0.63903	20.597	undefined	undefined	undefined	5.8109	2.9077e-06	undefined
33.133	1.2943	33.290	0.030039	0.49669	0.57507	18.662	undefined	undefined	undefined	4.8809	3.3428e-06	undefined	3.2374e-05	29.232	0.034210	0.53866	0.62792	20.257	undefined	undefined	undefined	5.6468	2.9757e-06	undefined
33.145	1.2965	31.262	0.031987	0.51745	0.60106	19.442	undefined	undefined	undefined	5.2562	3.1530e-06	undefined	0.0000	31.262	0.031987	0.51745	0.60106	19.442	undefined	undefined	undefined	5.2562	3.1530e-06	undefined
