Temperature (K)	Pressure (MPa)	Density (l, kg/m3)	Volume (l, m3/kg)	Internal Energy (l, kJ/mol)	Enthalpy (l, kJ/mol)	Entropy (l, J/mol*K)	Cv (l, J/mol*K)	Cp (l, J/mol*K)	Sound Spd. (l, m/s)	Joule-Thomson (l, K/MPa)	Viscosity (l, Pa*s)	Therm. Cond. (l, W/m*K)	Surf. Tension (l, N/m)	Density (v, kg/m3)	Volume (v, m3/kg)	Internal Energy (v, kJ/mol)	Enthalpy (v, kJ/mol)	Entropy (v, J/mol*K)	Cv (v, J/mol*K)	Cp (v, J/mol*K)	Sound Spd. (v, m/s)	Joule-Thomson (v, K/MPa)	Viscosity (v, Pa*s)	Therm. Cond. (v, W/m*K)
113.73	2.2890e-08	740.34	0.0013507	-6.5316	-6.5316	-39.514	68.242	98.159	1999.8	-0.68375	0.0087673	0.15792	0.031720	1.4070e-06	7.1076e+05	20.462	21.408	206.15	42.812	51.127	139.39	577.37	2.8476e-06	0.0022717
206.59	0.0060484	651.16	0.0015357	3.3858	3.3863	23.723	80.170	115.73	1349.0	-0.52703	0.00048903	0.12630	0.020653	0.20573	4.8606	25.475	27.184	138.92	65.243	73.771	181.85	69.219	5.2443e-06	0.0085422
217.50	0.012097	640.19	0.0015620	4.6611	4.6622	29.739	81.865	118.09	1283.4	-0.50395	0.00041104	0.12166	0.019355	0.39223	2.5495	26.183	27.975	136.93	67.936	76.609	185.66	58.805	5.5147e-06	0.0094160
224.53	0.018145	633.03	0.0015797	5.4968	5.4984	33.520	83.015	119.68	1241.7	-0.48803	0.00037005	0.11866	0.018521	0.57170	1.7492	26.650	28.494	135.94	69.720	78.519	187.92	53.293	5.6874e-06	0.0099930
229.85	0.024193	627.55	0.0015935	6.1364	6.1387	36.336	83.917	120.92	1210.4	-0.47537	0.00034285	0.11640	0.017891	0.74675	1.3391	27.008	28.891	135.33	71.098	80.012	189.51	49.633	5.8172e-06	0.010437
234.18	0.030242	623.05	0.0016050	6.6623	6.6652	38.602	84.672	121.96	1185.0	-0.46463	0.00032276	0.11457	0.017379	0.91861	1.0886	27.304	29.217	134.90	72.238	81.261	190.73	46.934	5.9225e-06	0.010802
237.86	0.036290	619.19	0.0016150	7.1129	7.1164	40.512	85.328	122.87	1163.6	-0.45517	0.00030698	0.11302	0.016945	1.0880	0.91913	27.557	29.496	134.60	73.221	82.347	191.71	44.818	6.0118e-06	0.011117
241.08	0.042338	615.80	0.0016239	7.5097	7.5137	42.168	85.912	123.68	1144.9	-0.44663	0.00029406	0.11166	0.016566	1.2554	0.79658	27.780	29.741	134.36	74.090	83.316	192.52	43.092	6.0896e-06	0.011394
243.96	0.048387	612.75	0.0016320	7.8657	7.8703	43.637	86.442	124.41	1128.2	-0.43879	0.00028317	0.11046	0.016229	1.4211	0.70369	27.981	29.960	134.18	74.874	84.197	193.21	41.642	6.1589e-06	0.011643
246.56	0.054435	609.98	0.0016394	8.1897	8.1949	44.958	86.928	125.08	1113.2	-0.43151	0.00027380	0.10938	0.015924	1.5854	0.63077	28.163	30.159	134.04	75.590	85.006	193.79	40.397	6.2216e-06	0.011870
248.94	0.060483	607.43	0.0016463	8.4880	8.4938	46.162	87.378	125.71	1099.5	-0.42469	0.00026560	0.10839	0.015645	1.7484	0.57194	28.331	30.341	133.93	76.251	85.759	194.30	39.312	6.2789e-06	0.012080
251.14	0.066532	605.06	0.0016527	8.7648	8.7712	47.269	87.799	126.30	1086.9	-0.41823	0.00025832	0.10748	0.015387	1.9104	0.52344	28.486	30.510	133.83	76.867	86.465	194.75	38.352	6.3319e-06	0.012275
253.18	0.072580	602.84	0.0016588	9.0236	9.0306	48.296	88.195	126.86	1075.1	-0.41209	0.00025179	0.10664	0.015148	2.0715	0.48275	28.632	30.668	133.76	77.444	87.130	195.15	37.494	6.3811e-06	0.012457
255.10	0.078628	600.75	0.0016646	9.2671	9.2747	49.254	88.569	127.38	1064.1	-0.40622	0.00024588	0.10585	0.014925	2.2317	0.44810	28.768	30.816	133.70	77.989	87.761	195.50	36.721	6.4273e-06	0.012629
256.91	0.084677	598.78	0.0016701	9.4971	9.5054	50.152	88.925	127.88	1053.8	-0.40058	0.00024050	0.10511	0.014714	2.3911	0.41822	28.898	30.956	133.65	78.504	88.362	195.82	36.017	6.4708e-06	0.012792
258.61	0.090725	596.90	0.0016753	9.7155	9.7244	51.000	89.264	128.36	1044.0	-0.39515	0.00023555	0.10442	0.014516	2.5499	0.39218	29.020	31.088	133.61	78.995	88.937	196.10	35.374	6.5119e-06	0.012946
260.23	0.096773	595.11	0.0016803	9.9236	9.9330	51.802	89.588	128.82	1034.8	-0.38990	0.00023098	0.10376	0.014327	2.7080	0.36928	29.137	31.214	133.58	79.463	89.488	196.36	34.782	6.5509e-06	0.013094
261.78	0.10282	593.40	0.0016852	10.122	10.132	52.564	89.899	129.27	1026.0	-0.38481	0.00022675	0.10314	0.014148	2.8655	0.34897	29.248	31.333	133.55	79.911	90.019	196.59	34.235	6.5881e-06	0.013235
263.25	0.10887	591.77	0.0016899	10.313	10.324	53.290	90.198	129.69	1017.6	-0.37987	0.00022280	0.10255	0.013977	3.0226	0.33084	29.354	31.448	133.53	80.342	90.531	196.79	33.726	6.6237e-06	0.013371
264.66	0.11492	590.19	0.0016944	10.496	10.507	53.983	90.486	130.11	1009.6	-0.37506	0.00021911	0.10198	0.013814	3.1792	0.31455	29.457	31.558	133.52	80.756	91.026	196.98	33.252	6.6579e-06	0.013501
266.02	0.12097	588.67	0.0016987	10.672	10.684	54.648	90.765	130.51	1001.9	-0.37036	0.00021564	0.10144	0.013657	3.3353	0.29982	29.555	31.663	133.51	81.155	91.506	197.15	32.808	6.6907e-06	0.013627
267.32	0.12702	587.20	0.0017030	10.842	10.855	55.286	91.034	130.90	994.48	-0.36577	0.00021237	0.10093	0.013507	3.4910	0.28645	29.650	31.765	133.51	81.541	91.971	197.31	32.392	6.7223e-06	0.013748
268.58	0.13306	585.78	0.0017071	11.007	11.020	55.900	91.295	131.27	987.35	-0.36129	0.00020929	0.10043	0.013362	3.6464	0.27425	29.742	31.863	133.50	81.914	92.424	197.44	32.000	6.7528e-06	0.013866
269.79	0.13911	584.41	0.0017111	11.166	11.180	56.491	91.548	131.64	980.47	-0.35689	0.00020637	0.099949	0.013222	3.8014	0.26306	29.830	31.957	133.50	82.276	92.864	197.57	31.630	6.7823e-06	0.013980
270.97	0.14516	583.07	0.0017151	11.320	11.335	57.062	91.794	132.00	973.82	-0.35257	0.00020359	0.099487	0.013087	3.9561	0.25278	29.916	32.049	133.51	82.627	93.294	197.68	31.280	6.8109e-06	0.014091
272.10	0.15121	581.78	0.0017189	11.470	11.485	57.614	92.034	132.35	967.39	-0.34833	0.00020096	0.099042	0.012956	4.1105	0.24328	29.999	32.137	133.51	82.969	93.713	197.79	30.948	6.8386e-06	0.014199
273.20	0.15726	580.51	0.0017226	11.616	11.632	58.148	92.267	132.69	961.15	-0.34416	0.00019844	0.098611	0.012829	4.2646	0.23449	30.080	32.223	133.52	83.301	94.123	197.88	30.633	6.8655e-06	0.014304
274.27	0.16331	579.28	0.0017263	11.758	11.774	58.666	92.495	133.03	955.10	-0.34006	0.00019604	0.098194	0.012706	4.4185	0.22632	30.159	32.307	133.53	83.625	94.524	197.96	30.333	6.8917e-06	0.014406
275.31	0.16935	578.09	0.0017298	11.896	11.913	59.169	92.717	133.35	949.22	-0.33602	0.00019374	0.097790	0.012587	4.5721	0.21872	30.235	32.388	133.54	83.940	94.916	198.04	30.047	6.9172e-06	0.014506
276.33	0.17540	576.92	0.0017334	12.031	12.048	59.658	92.933	133.68	943.51	-0.33203	0.00019154	0.097398	0.012471	4.7256	0.21161	30.310	32.467	133.55	84.248	95.301	198.10	29.774	6.9420e-06	0.014604
277.31	0.18145	575.77	0.0017368	12.162	12.180	60.133	93.146	133.99	937.94	-0.32810	0.00018943	0.097018	0.012359	4.8788	0.20497	30.383	32.544	133.57	84.549	95.678	198.16	29.512	6.9663e-06	0.014699
278.27	0.18750	574.65	0.0017402	12.291	12.310	60.596	93.353	134.30	932.52	-0.32422	0.00018741	0.096648	0.012249	5.0318	0.19873	30.454	32.619	133.58	84.844	96.049	198.21	29.262	6.9900e-06	0.014793
279.21	0.19355	573.56	0.0017435	12.416	12.436	61.047	93.556	134.60	927.23	-0.32039	0.00018546	0.096288	0.012142	5.1847	0.19288	30.523	32.693	133.60	85.131	96.413	198.25	29.022	7.0132e-06	0.014884
280.12	0.19960	572.49	0.0017468	12.539	12.559	61.487	93.755	134.90	922.07	-0.31660	0.00018358	0.095938	0.012037	5.3374	0.18736	30.591	32.764	133.61	85.413	96.770	198.29	28.792	7.0359e-06	0.014974
281.02	0.20564	571.44	0.0017500	12.660	12.680	61.916	93.951	135.20	917.02	-0.31285	0.00018176	0.095597	0.011935	5.4900	0.18215	30.657	32.834	133.63	85.690	97.122	198.32	28.571	7.0581e-06	0.015062
281.89	0.21169	570.41	0.0017531	12.778	12.799	62.335	94.142	135.49	912.10	-0.30914	0.00018002	0.095264	0.011836	5.6424	0.17723	30.722	32.902	133.65	85.960	97.469	198.35	28.358	7.0798e-06	0.015148
282.75	0.21774	569.40	0.0017562	12.893	12.915	62.745	94.330	135.77	907.27	-0.30546	0.00017833	0.094940	0.011738	5.7947	0.17257	30.785	32.969	133.67	86.226	97.810	198.37	28.153	7.1012e-06	0.015233
283.59	0.22379	568.40	0.0017593	13.007	13.030	63.146	94.515	136.05	902.55	-0.30182	0.00017669	0.094623	0.011643	5.9469	0.16816	30.847	33.035	133.69	86.487	98.146	198.39	27.955	7.1221e-06	0.015316
284.41	0.22984	567.43	0.0017623	13.118	13.142	63.538	94.696	136.33	897.93	-0.29821	0.00017511	0.094313	0.011550	6.0989	0.16396	30.908	33.099	133.71	86.743	98.477	198.40	27.764	7.1427e-06	0.015398
285.21	0.23589	566.47	0.0017653	13.227	13.252	63.922	94.875	136.60	893.40	-0.29464	0.00017358	0.094011	0.011459	6.2509	0.15998	30.968	33.162	133.73	86.994	98.804	198.40	27.580	7.1629e-06	0.015479
286.00	0.24193	565.53	0.0017683	13.335	13.360	64.299	95.050	136.87	888.96	-0.29109	0.00017209	0.093715	0.011369	6.4028	0.15618	31.027	33.223	133.75	87.242	99.126	198.41	27.402	7.1828e-06	0.015558
286.78	0.24798	564.60	0.0017712	13.441	13.466	64.668	95.223	137.14	884.60	-0.28757	0.00017065	0.093425	0.011282	6.5546	0.15256	31.085	33.284	133.77	87.485	99.445	198.40	27.230	7.2024e-06	0.015637
287.54	0.25403	563.69	0.0017740	13.544	13.571	65.030	95.392	137.40	880.33	-0.28407	0.00016924	0.093141	0.011196	6.7063	0.14911	31.141	33.343	133.79	87.724	99.759	198.40	27.063	7.2216e-06	0.015714
288.28	0.26008	562.79	0.0017769	13.647	13.674	65.385	95.560	137.66	876.13	-0.28060	0.00016788	0.092864	0.011111	6.8580	0.14582	31.197	33.401	133.82	87.960	100.07	198.39	26.902	7.2406e-06	0.015790
289.02	0.26613	561.90	0.0017797	13.747	13.775	65.734	95.725	137.91	872.00	-0.27716	0.00016656	0.092591	0.011029	7.0096	0.14266	31.252	33.459	133.84	88.191	100.38	198.38	26.745	7.2592e-06	0.015865
289.74	0.27218	561.03	0.0017824	13.846	13.875	66.076	95.887	138.17	867.94	-0.27373	0.00016527	0.092324	0.010947	7.1612	0.13964	31.306	33.515	133.86	88.420	100.68	198.36	26.594	7.2777e-06	0.015939
290.45	0.27822	560.16	0.0017852	13.944	13.973	66.413	96.047	138.42	863.96	-0.27033	0.00016401	0.092063	0.010868	7.3127	0.13675	31.359	33.570	133.89	88.645	100.98	198.34	26.446	7.2958e-06	0.016012
291.14	0.28427	559.32	0.0017879	14.040	14.070	66.744	96.205	138.67	860.03	-0.26695	0.00016279	0.091806	0.010789	7.4641	0.13397	31.411	33.625	133.91	88.867	101.28	198.32	26.303	7.3137e-06	0.016084
291.83	0.29032	558.48	0.0017906	14.135	14.165	67.069	96.361	138.91	856.18	-0.26358	0.00016160	0.091554	0.010712	7.6156	0.13131	31.462	33.678	133.93	89.085	101.57	198.29	26.164	7.3314e-06	0.016155
292.51	0.29637	557.65	0.0017932	14.228	14.259	67.389	96.515	139.15	852.38	-0.26023	0.00016044	0.091306	0.010636	7.7670	0.12875	31.513	33.731	133.96	89.301	101.86	198.27	26.029	7.3488e-06	0.016225
293.17	0.30242	556.83	0.0017959	14.321	14.352	67.704	96.666	139.39	848.64	-0.25690	0.00015930	0.091063	0.010561	7.9184	0.12629	31.563	33.783	133.98	89.514	102.15	198.24	25.898	7.3660e-06	0.016295
293.83	0.30847	556.03	0.0017985	14.412	14.444	68.015	96.816	139.63	844.95	-0.25359	0.00015820	0.090824	0.010488	8.0697	0.12392	31.612	33.834	134.01	89.724	102.43	198.20	25.770	7.3830e-06	0.016363
294.47	0.31451	555.23	0.0018011	14.501	14.534	68.320	96.964	139.87	841.32	-0.25029	0.00015711	0.090589	0.010415	8.2211	0.12164	31.660	33.884	134.03	89.931	102.72	198.17	25.646	7.3998e-06	0.016431
295.11	0.32056	554.44	0.0018036	14.590	14.624	68.621	97.110	140.10	837.74	-0.24701	0.00015606	0.090358	0.010344	8.3724	0.11944	31.708	33.934	134.05	90.136	103.00	198.13	25.525	7.4164e-06	0.016499
295.74	0.32661	553.66	0.0018062	14.678	14.712	68.917	97.254	140.33	834.22	-0.24373	0.00015502	0.090131	0.010274	8.5238	0.11732	31.755	33.982	134.08	90.338	103.27	198.09	25.407	7.4328e-06	0.016565
296.36	0.33266	552.89	0.0018087	14.764	14.799	69.209	97.397	140.56	830.74	-0.24048	0.00015401	0.089907	0.010205	8.6751	0.11527	31.802	34.031	134.10	90.538	103.55	198.04	25.292	7.4491e-06	0.016631
296.97	0.33871	552.13	0.0018112	14.849	14.885	69.497	97.538	140.79	827.31	-0.23723	0.00015302	0.089687	0.010136	8.8265	0.11330	31.848	34.078	134.13	90.735	103.82	198.00	25.180	7.4652e-06	0.016696
297.57	0.34476	551.38	0.0018136	14.934	14.970	69.782	97.677	141.02	823.92	-0.23400	0.00015206	0.089471	0.010069	8.9778	0.11139	31.893	34.125	134.15	90.930	104.09	197.95	25.070	7.4811e-06	0.016761
298.16	0.35080	550.63	0.0018161	15.017	15.054	70.062	97.815	141.24	820.58	-0.23077	0.00015111	0.089258	0.010003	9.1292	0.10954	31.938	34.171	134.18	91.123	104.36	197.90	24.964	7.4968e-06	0.016825
298.75	0.35685	549.90	0.0018185	15.100	15.137	70.338	97.952	141.47	817.28	-0.22756	0.00015018	0.089048	0.0099377	9.2806	0.10775	31.982	34.217	134.20	91.314	104.63	197.85	24.859	7.5124e-06	0.016888
299.33	0.36290	549.17	0.0018209	15.181	15.220	70.611	98.086	141.69	814.02	-0.22436	0.00014927	0.088841	0.0098732	9.4320	0.10602	32.025	34.262	134.23	91.502	104.89	197.80	24.758	7.5278e-06	0.016951
299.90	0.36895	548.45	0.0018233	15.262	15.301	70.880	98.220	141.91	810.80	-0.22117	0.00014838	0.088637	0.0098095	9.5834	0.10435	32.068	34.306	134.25	91.689	105.15	197.75	24.658	7.5431e-06	0.017013
300.47	0.37500	547.73	0.0018257	15.342	15.382	71.146	98.352	142.12	807.63	-0.21798	0.00014750	0.088436	0.0097468	9.7349	0.10272	32.111	34.350	134.28	91.873	105.42	197.69	24.561	7.5583e-06	0.017075
301.03	0.38105	547.02	0.0018281	15.421	15.461	71.409	98.483	142.34	804.49	-0.21481	0.00014664	0.088238	0.0096848	9.8864	0.10115	32.153	34.393	134.30	92.056	105.67	197.63	24.466	7.5733e-06	0.017136
301.58	0.38709	546.32	0.0018304	15.499	15.540	71.668	98.612	142.56	801.38	-0.21164	0.00014580	0.088043	0.0096236	10.038	0.099622	32.195	34.436	134.33	92.237	105.93	197.57	24.373	7.5882e-06	0.017197
302.12	0.39314	545.62	0.0018328	15.576	15.618	71.925	98.740	142.77	798.31	-0.20848	0.00014497	0.087850	0.0095631	10.189	0.098140	32.236	34.478	134.35	92.416	106.19	197.51	24.283	7.6029e-06	0.017257
302.66	0.39919	544.94	0.0018351	15.653	15.695	72.178	98.867	142.98	795.28	-0.20532	0.00014416	0.087660	0.0095034	10.341	0.096702	32.276	34.520	134.38	92.593	106.44	197.45	24.194	7.6176e-06	0.017316
303.20	0.40524	544.25	0.0018374	15.728	15.772	72.428	98.993	143.19	792.28	-0.20218	0.00014336	0.087473	0.0094445	10.493	0.095304	32.316	34.561	134.40	92.768	106.69	197.38	24.107	7.6321e-06	0.017376
303.72	0.41129	543.58	0.0018397	15.803	15.847	72.676	99.117	143.40	789.32	-0.19904	0.00014258	0.087288	0.0093862	10.644	0.093946	32.356	34.602	134.42	92.942	106.94	197.32	24.022	7.6465e-06	0.017434
304.24	0.41734	542.90	0.0018419	15.878	15.922	72.920	99.240	143.61	786.38	-0.19590	0.00014181	0.087106	0.0093286	10.796	0.092625	32.396	34.642	134.45	93.114	107.19	197.25	23.939	7.6607e-06	0.017493
304.76	0.42338	542.24	0.0018442	15.951	15.997	73.162	99.363	143.82	783.48	-0.19277	0.00014106	0.086926	0.0092717	10.948	0.091341	32.434	34.682	134.47	93.284	107.44	197.18	23.857	7.6749e-06	0.017551
305.27	0.42943	541.58	0.0018465	16.024	16.070	73.401	99.484	144.02	780.61	-0.18965	0.00014031	0.086748	0.0092154	11.100	0.090091	32.473	34.722	134.50	93.453	107.69	197.11	23.777	7.6890e-06	0.017608
305.78	0.43548	540.93	0.0018487	16.096	16.143	73.638	99.604	144.23	777.77	-0.18653	0.00013958	0.086572	0.0091598	11.252	0.088875	32.511	34.761	134.52	93.621	107.93	197.04	23.699	7.7030e-06	0.017665
306.28	0.44153	540.28	0.0018509	16.168	16.216	73.872	99.723	144.43	774.95	-0.18341	0.00013886	0.086399	0.0091048	11.404	0.087690	32.549	34.799	134.55	93.787	108.17	196.97	23.622	7.7168e-06	0.017722
306.77	0.44758	539.63	0.0018531	16.239	16.287	74.104	99.841	144.63	772.17	-0.18030	0.00013815	0.086227	0.0090504	11.556	0.086536	32.586	34.837	134.57	93.951	108.42	196.90	23.547	7.7306e-06	0.017778
307.26	0.45363	538.99	0.0018553	16.309	16.358	74.333	99.958	144.83	769.41	-0.17719	0.00013746	0.086058	0.0089965	11.708	0.085412	32.623	34.875	134.60	94.114	108.66	196.82	23.473	7.7443e-06	0.017834
307.75	0.45967	538.36	0.0018575	16.379	16.429	74.560	100.07	145.03	766.68	-0.17408	0.00013677	0.085891	0.0089433	11.860	0.084316	32.660	34.912	134.62	94.276	108.90	196.74	23.401	7.7579e-06	0.017890
308.23	0.46572	537.73	0.0018597	16.448	16.499	74.785	100.19	145.23	763.97	-0.17098	0.00013610	0.085726	0.0088906	12.012	0.083248	32.696	34.949	134.65	94.436	109.14	196.67	23.330	7.7714e-06	0.017945
308.70	0.47177	537.10	0.0018618	16.517	16.568	75.007	100.30	145.43	761.29	-0.16788	0.00013543	0.085562	0.0088385	12.165	0.082205	32.732	34.986	134.67	94.595	109.37	196.59	23.261	7.7848e-06	0.018000
309.17	0.47782	536.48	0.0018640	16.585	16.637	75.228	100.42	145.63	758.64	-0.16478	0.00013478	0.085401	0.0087869	12.317	0.081188	32.767	35.022	134.69	94.752	109.61	196.51	23.192	7.7981e-06	0.018055
309.64	0.48387	535.87	0.0018661	16.652	16.705	75.446	100.53	145.83	756.01	-0.16169	0.00013413	0.085241	0.0087358	12.470	0.080195	32.802	35.058	134.72	94.909	109.85	196.43	23.125	7.8114e-06	0.018109
310.10	0.48992	535.26	0.0018683	16.719	16.772	75.662	100.64	146.02	753.40	-0.15860	0.00013350	0.085083	0.0086853	12.622	0.079226	32.837	35.093	134.74	95.064	110.08	196.35	23.060	7.8246e-06	0.018163
310.56	0.49596	534.65	0.0018704	16.786	16.839	75.876	100.75	146.22	750.82	-0.15550	0.00013287	0.084927	0.0086352	12.775	0.078279	32.872	35.128	134.77	95.218	110.31	196.27	22.995	7.8377e-06	0.018217
311.01	0.50201	534.04	0.0018725	16.851	16.906	76.088	100.86	146.41	748.26	-0.15241	0.00013225	0.084773	0.0085857	12.928	0.077354	32.906	35.163	134.79	95.371	110.55	196.18	22.932	7.8507e-06	0.018270
311.46	0.50806	533.45	0.0018746	16.917	16.972	76.298	100.97	146.60	745.72	-0.14932	0.00013164	0.084620	0.0085366	13.080	0.076451	32.940	35.198	134.81	95.522	110.78	196.10	22.870	7.8636e-06	0.018324
311.91	0.51411	532.85	0.0018767	16.982	17.038	76.507	101.08	146.80	743.20	-0.14624	0.00013104	0.084469	0.0084880	13.233	0.075567	32.974	35.232	134.84	95.673	111.01	196.01	22.809	7.8765e-06	0.018376
312.35	0.52016	532.26	0.0018788	17.046	17.103	76.713	101.18	146.99	740.71	-0.14315	0.00013045	0.084320	0.0084399	13.386	0.074704	33.007	35.266	134.86	95.822	111.24	195.93	22.749	7.8893e-06	0.018429
312.79	0.52621	531.67	0.0018809	17.110	17.167	76.918	101.29	147.18	738.23	-0.14006	0.00012987	0.084172	0.0083922	13.539	0.073859	33.040	35.299	134.89	95.970	111.47	195.84	22.690	7.9021e-06	0.018481
313.22	0.53225	531.09	0.0018829	17.173	17.232	77.120	101.40	147.37	735.78	-0.13697	0.00012929	0.084026	0.0083450	13.693	0.073033	33.073	35.332	134.91	96.117	111.69	195.75	22.632	7.9147e-06	0.018533
313.66	0.53830	530.51	0.0018850	17.236	17.295	77.321	101.50	147.56	733.35	-0.13388	0.00012872	0.083881	0.0082982	13.846	0.072224	33.106	35.365	134.93	96.263	111.92	195.66	22.575	7.9274e-06	0.018585
314.08	0.54435	529.93	0.0018870	17.299	17.358	77.521	101.61	147.75	730.93	-0.13080	0.00012816	0.083737	0.0082518	13.999	0.071433	33.138	35.398	134.96	96.408	112.15	195.57	22.519	7.9399e-06	0.018637
314.51	0.55040	529.36	0.0018891	17.361	17.421	77.718	101.71	147.94	728.54	-0.12771	0.00012761	0.083596	0.0082058	14.153	0.070658	33.170	35.430	134.98	96.552	112.37	195.48	22.464	7.9524e-06	0.018688
314.93	0.55645	528.79	0.0018911	17.422	17.484	77.914	101.81	148.12	726.16	-0.12462	0.00012706	0.083455	0.0081603	14.306	0.069900	33.202	35.462	135.00	96.696	112.60	195.39	22.410	7.9648e-06	0.018739
315.34	0.56250	528.22	0.0018932	17.484	17.545	78.109	101.91	148.31	723.80	-0.12153	0.00012652	0.083316	0.0081151	14.460	0.069157	33.233	35.494	135.03	96.838	112.82	195.30	22.356	7.9772e-06	0.018790
315.76	0.56854	527.66	0.0018952	17.544	17.607	78.302	102.02	148.50	721.46	-0.11844	0.00012599	0.083178	0.0080704	14.614	0.068429	33.264	35.526	135.05	96.979	113.04	195.21	22.304	7.9895e-06	0.018840
316.17	0.57459	527.09	0.0018972	17.605	17.668	78.493	102.12	148.68	719.14	-0.11534	0.00012546	0.083042	0.0080260	14.768	0.067716	33.295	35.557	135.07	97.119	113.27	195.11	22.253	8.0018e-06	0.018891
316.58	0.58064	526.54	0.0018992	17.665	17.729	78.683	102.22	148.87	716.84	-0.11225	0.00012495	0.082907	0.0079820	14.922	0.067017	33.326	35.588	135.10	97.258	113.49	195.02	22.202	8.0140e-06	0.018941
316.98	0.58669	525.98	0.0019012	17.724	17.789	78.871	102.32	149.05	714.55	-0.10915	0.00012443	0.082773	0.0079384	15.076	0.066332	33.357	35.618	135.12	97.396	113.71	194.92	22.152	8.0262e-06	0.018991
317.38	0.59274	525.43	0.0019032	17.783	17.849	79.058	102.41	149.23	712.28	-0.10606	0.00012392	0.082640	0.0078952	15.230	0.065660	33.387	35.649	135.14	97.534	113.93	194.83	22.103	8.0383e-06	0.019041
317.78	0.59879	524.88	0.0019052	17.842	17.909	79.243	102.51	149.42	710.03	-0.10296	0.00012342	0.082509	0.0078523	15.384	0.065001	33.417	35.679	135.16	97.670	114.15	194.73	22.055	8.0504e-06	0.019090
318.18	0.60483	524.34	0.0019072	17.901	17.968	79.427	102.61	149.60	707.79	-0.099854	0.00012293	0.082379	0.0078097	15.539	0.064355	33.447	35.709	135.19	97.806	114.37	194.64	22.008	8.0624e-06	0.019140
318.57	0.61088	523.80	0.0019091	17.959	18.027	79.610	102.71	149.78	705.57	-0.096750	0.00012244	0.082250	0.0077676	15.693	0.063721	33.476	35.739	135.21	97.940	114.59	194.54	21.961	8.0744e-06	0.019189
318.96	0.61693	523.26	0.0019111	18.017	18.085	79.791	102.80	149.97	703.36	-0.093642	0.00012195	0.082122	0.0077257	15.848	0.063099	33.505	35.768	135.23	98.074	114.80	194.44	21.915	8.0863e-06	0.019238
319.34	0.62298	522.72	0.0019131	18.074	18.143	79.971	102.90	150.15	701.17	-0.090532	0.00012148	0.081996	0.0076842	16.003	0.062488	33.535	35.797	135.25	98.207	115.02	194.34	21.870	8.0982e-06	0.019287
319.73	0.62903	522.19	0.0019150	18.131	18.201	80.150	103.00	150.33	698.99	-0.087419	0.00012100	0.081870	0.0076431	16.158	0.061889	33.564	35.826	135.28	98.340	115.24	194.24	21.826	8.1100e-06	0.019335
320.11	0.63508	521.65	0.0019170	18.188	18.258	80.327	103.09	150.51	696.83	-0.084303	0.00012053	0.081746	0.0076022	16.313	0.061301	33.592	35.855	135.30	98.471	115.45	194.14	21.782	8.1218e-06	0.019384
320.49	0.64112	521.13	0.0019189	18.244	18.315	80.503	103.18	150.69	694.69	-0.081184	0.00012007	0.081623	0.0075617	16.468	0.060723	33.621	35.884	135.32	98.601	115.67	194.04	21.739	8.1336e-06	0.019432
320.86	0.64717	520.60	0.0019209	18.300	18.372	80.678	103.28	150.87	692.55	-0.078061	0.00011961	0.081500	0.0075215	16.624	0.060156	33.649	35.912	135.34	98.731	115.89	193.94	21.696	8.1453e-06	0.019480
321.24	0.65322	520.08	0.0019228	18.355	18.428	80.851	103.37	151.05	690.43	-0.074934	0.00011916	0.081379	0.0074816	16.779	0.059598	33.677	35.940	135.36	98.860	116.10	193.84	21.655	8.1570e-06	0.019528
321.61	0.65927	519.55	0.0019247	18.411	18.485	81.024	103.46	151.23	688.33	-0.071804	0.00011871	0.081259	0.0074420	16.935	0.059051	33.705	35.968	135.39	98.988	116.31	193.73	21.613	8.1686e-06	0.019576
321.97	0.66532	519.04	0.0019267	18.466	18.540	81.195	103.56	151.40	686.24	-0.068670	0.00011827	0.081140	0.0074027	17.090	0.058513	33.733	35.995	135.41	99.116	116.53	193.63	21.573	8.1802e-06	0.019624
322.34	0.67137	518.52	0.0019286	18.521	18.596	81.365	103.65	151.58	684.16	-0.065532	0.00011783	0.081022	0.0073637	17.246	0.057984	33.760	36.023	135.43	99.243	116.74	193.52	21.533	8.1918e-06	0.019671
322.70	0.67741	518.00	0.0019305	18.575	18.651	81.534	103.74	151.76	682.10	-0.062389	0.00011740	0.080905	0.0073249	17.402	0.057464	33.788	36.050	135.45	99.368	116.95	193.42	21.494	8.2033e-06	0.019718
323.06	0.68346	517.49	0.0019324	18.629	18.706	81.702	103.83	151.94	680.04	-0.059243	0.00011697	0.080789	0.0072865	17.558	0.056953	33.815	36.077	135.47	99.494	117.17	193.32	21.455	8.2148e-06	0.019766
323.42	0.68951	516.98	0.0019343	18.683	18.760	81.868	103.92	152.11	678.00	-0.056091	0.00011654	0.080674	0.0072484	17.715	0.056451	33.842	36.104	135.49	99.618	117.38	193.21	21.417	8.2263e-06	0.019813
323.78	0.69556	516.47	0.0019362	18.736	18.815	82.034	104.01	152.29	675.98	-0.052936	0.00011612	0.080559	0.0072105	17.871	0.055957	33.868	36.131	135.51	99.742	117.59	193.10	21.380	8.2377e-06	0.019860
324.13	0.70161	515.97	0.0019381	18.790	18.869	82.199	104.10	152.47	673.96	-0.049775	0.00011571	0.080446	0.0071729	18.028	0.055471	33.895	36.157	135.54	99.865	117.80	193.00	21.343	8.2491e-06	0.019907
324.49	0.70766	515.47	0.0019400	18.843	18.922	82.362	104.19	152.64	671.96	-0.046609	0.00011529	0.080334	0.0071356	18.184	0.054993	33.921	36.183	135.56	99.987	118.01	192.89	21.306	8.2605e-06	0.019953
324.83	0.71370	514.97	0.0019419	18.895	18.976	82.525	104.27	152.82	669.97	-0.043439	0.00011489	0.080222	0.0070985	18.341	0.054523	33.948	36.209	135.58	100.11	118.22	192.78	21.270	8.2719e-06	0.020000
325.18	0.71975	514.47	0.0019438	18.948	19.029	82.686	104.36	152.99	667.99	-0.040263	0.00011448	0.080111	0.0070617	18.498	0.054060	33.974	36.235	135.60	100.23	118.43	192.67	21.235	8.2832e-06	0.020046
325.53	0.72580	513.97	0.0019456	19.000	19.082	82.846	104.45	153.17	666.02	-0.037082	0.00011408	0.080002	0.0070251	18.655	0.053605	34.000	36.261	135.62	100.35	118.64	192.57	21.200	8.2945e-06	0.020093
325.87	0.73185	513.47	0.0019475	19.052	19.134	83.006	104.54	153.35	664.07	-0.033895	0.00011368	0.079893	0.0069888	18.812	0.053156	34.025	36.287	135.64	100.47	118.85	192.46	21.166	8.3057e-06	0.020139
326.21	0.73790	512.98	0.0019494	19.103	19.187	83.164	104.62	153.52	662.12	-0.030703	0.00011329	0.079784	0.0069528	18.970	0.052715	34.051	36.312	135.66	100.59	119.06	192.35	21.132	8.3170e-06	0.020185
326.55	0.74395	512.49	0.0019513	19.154	19.239	83.322	104.71	153.69	660.19	-0.027505	0.00011290	0.079677	0.0069170	19.127	0.052281	34.076	36.337	135.68	100.71	119.27	192.24	21.099	8.3282e-06	0.020231
326.89	0.74999	512.00	0.0019531	19.206	19.291	83.478	104.79	153.87	658.27	-0.024301	0.00011252	0.079571	0.0068814	19.285	0.051853	34.102	36.362	135.70	100.82	119.48	192.13	21.066	8.3394e-06	0.020277
327.22	0.75604	511.51	0.0019550	19.256	19.342	83.634	104.88	154.04	656.35	-0.021091	0.00011213	0.079465	0.0068461	19.443	0.051432	34.127	36.387	135.72	100.94	119.68	192.01	21.034	8.3505e-06	0.020322
327.55	0.76209	511.03	0.0019568	19.307	19.394	83.789	104.96	154.22	654.45	-0.017875	0.00011175	0.079360	0.0068111	19.601	0.051018	34.152	36.412	135.74	101.06	119.89	191.90	21.002	8.3616e-06	0.020368
327.89	0.76814	510.54	0.0019587	19.357	19.445	83.942	105.05	154.39	652.56	-0.014653	0.00011138	0.079256	0.0067762	19.759	0.050609	34.177	36.436	135.76	101.17	120.10	191.79	20.971	8.3728e-06	0.020413
328.21	0.77419	510.06	0.0019605	19.407	19.496	84.095	105.13	154.56	650.68	-0.011424	0.00011101	0.079153	0.0067416	19.918	0.050207	34.201	36.460	135.78	101.29	120.31	191.68	20.940	8.3839e-06	0.020459
328.54	0.78024	509.58	0.0019624	19.457	19.546	84.247	105.22	154.74	648.81	-0.0081890	0.00011064	0.079050	0.0067072	20.076	0.049810	34.226	36.484	135.80	101.40	120.51	191.57	20.910	8.3949e-06	0.020504
328.87	0.78628	509.10	0.0019642	19.507	19.597	84.399	105.30	154.91	646.95	-0.0049473	0.00011027	0.078948	0.0066730	20.235	0.049420	34.250	36.508	135.82	101.52	120.72	191.45	20.880	8.4060e-06	0.020549
329.19	0.79233	508.63	0.0019661	19.556	19.647	84.549	105.38	155.08	645.09	-0.0016987	0.00010991	0.078847	0.0066391	20.394	0.049035	34.274	36.532	135.84	101.63	120.92	191.34	20.851	8.4170e-06	0.020595
329.51	0.79838	508.15	0.0019679	19.605	19.697	84.698	105.47	155.25	643.25	0.0015567	0.00010955	0.078747	0.0066054	20.553	0.048656	34.298	36.556	135.86	101.74	121.13	191.22	20.822	8.4280e-06	0.020640
329.83	0.80443	507.68	0.0019698	19.654	19.746	84.847	105.55	155.43	641.42	0.0048191	0.00010920	0.078647	0.0065718	20.712	0.048282	34.322	36.580	135.88	101.85	121.34	191.11	20.793	8.4390e-06	0.020685
330.15	0.81048	507.21	0.0019716	19.703	19.796	84.995	105.63	155.60	639.60	0.0080886	0.00010884	0.078548	0.0065385	20.871	0.047913	34.346	36.603	135.90	101.96	121.54	190.99	20.765	8.4500e-06	0.020729
330.47	0.81653	506.74	0.0019734	19.751	19.845	85.142	105.71	155.77	637.78	0.011365	0.00010849	0.078450	0.0065055	21.031	0.047550	34.369	36.626	135.92	102.07	121.75	190.88	20.737	8.4609e-06	0.020774
330.78	0.82257	506.27	0.0019752	19.800	19.894	85.288	105.79	155.94	635.98	0.014650	0.00010815	0.078353	0.0064726	21.190	0.047192	34.393	36.649	135.94	102.18	121.95	190.76	20.710	8.4718e-06	0.020819
331.09	0.82862	505.80	0.0019771	19.848	19.943	85.433	105.87	156.12	634.18	0.017941	0.00010780	0.078256	0.0064399	21.350	0.046838	34.416	36.672	135.96	102.29	122.16	190.65	20.683	8.4827e-06	0.020864
331.41	0.83467	505.34	0.0019789	19.895	19.991	85.578	105.95	156.29	632.40	0.021241	0.00010746	0.078160	0.0064074	21.510	0.046490	34.440	36.695	135.98	102.40	122.36	190.53	20.656	8.4936e-06	0.020908
331.72	0.84072	504.87	0.0019807	19.943	20.040	85.722	106.03	156.46	630.62	0.024548	0.00010712	0.078064	0.0063751	21.670	0.046146	34.463	36.718	136.00	102.51	122.57	190.41	20.630	8.5045e-06	0.020953
332.02	0.84677	504.41	0.0019825	19.990	20.088	85.865	106.11	156.63	628.85	0.027862	0.00010679	0.077969	0.0063431	21.831	0.045807	34.486	36.740	136.02	102.62	122.77	190.30	20.605	8.5154e-06	0.020997
332.33	0.85282	503.95	0.0019843	20.038	20.136	86.007	106.19	156.80	627.09	0.031185	0.00010645	0.077875	0.0063112	21.991	0.045473	34.508	36.762	136.04	102.73	122.97	190.18	20.579	8.5262e-06	0.021041
332.63	0.85886	503.49	0.0019861	20.085	20.184	86.149	106.27	156.97	625.34	0.034516	0.00010612	0.077781	0.0062795	22.152	0.045143	34.531	36.785	136.06	102.83	123.18	190.06	20.555	8.5371e-06	0.021086
332.94	0.86491	503.03	0.0019880	20.131	20.231	86.290	106.35	157.14	623.59	0.037855	0.00010579	0.077688	0.0062480	22.313	0.044818	34.554	36.807	136.07	102.94	123.38	189.94	20.530	8.5479e-06	0.021130
333.24	0.87096	502.57	0.0019898	20.178	20.279	86.430	106.43	157.32	621.86	0.041203	0.00010547	0.077596	0.0062166	22.474	0.044496	34.576	36.829	136.09	103.04	123.59	189.82	20.506	8.5587e-06	0.021174
333.54	0.87701	502.12	0.0019916	20.224	20.326	86.569	106.51	157.49	620.13	0.044559	0.00010515	0.077504	0.0061855	22.635	0.044179	34.598	36.850	136.11	103.15	123.79	189.70	20.482	8.5695e-06	0.021218
333.84	0.88306	501.66	0.0019934	20.271	20.373	86.708	106.58	157.66	618.41	0.047923	0.00010483	0.077413	0.0061546	22.796	0.043867	34.621	36.872	136.13	103.25	123.99	189.59	20.459	8.5803e-06	0.021262
334.14	0.88911	501.21	0.0019952	20.317	20.420	86.846	106.66	157.83	616.70	0.051296	0.00010451	0.077322	0.0061238	22.958	0.043558	34.643	36.893	136.15	103.36	124.20	189.47	20.436	8.5910e-06	0.021306
334.43	0.89515	500.76	0.0019970	20.363	20.466	86.984	106.74	158.00	614.99	0.054678	0.00010419	0.077232	0.0060932	23.120	0.043253	34.665	36.915	136.17	103.46	124.40	189.35	20.413	8.6018e-06	0.021350
334.73	0.90120	500.31	0.0019988	20.408	20.513	87.120	106.82	158.17	613.30	0.058069	0.00010388	0.077143	0.0060628	23.282	0.042952	34.686	36.936	136.19	103.56	124.60	189.22	20.391	8.6126e-06	0.021393
335.02	0.90725	499.86	0.0020006	20.454	20.559	87.256	106.89	158.34	611.61	0.061469	0.00010357	0.077054	0.0060326	23.444	0.042655	34.708	36.957	136.20	103.67	124.81	189.10	20.369	8.6233e-06	0.021437
335.31	0.91330	499.41	0.0020024	20.499	20.605	87.392	106.97	158.51	609.93	0.064878	0.00010326	0.076966	0.0060025	23.606	0.042362	34.730	36.978	136.22	103.77	125.01	188.98	20.347	8.6340e-06	0.021481
335.60	0.91935	498.97	0.0020041	20.544	20.651	87.527	107.04	158.68	608.25	0.068297	0.00010295	0.076878	0.0059726	23.769	0.042072	34.751	36.999	136.24	103.87	125.21	188.86	20.326	8.6447e-06	0.021524
335.89	0.92540	498.52	0.0020059	20.589	20.697	87.661	107.12	158.86	606.59	0.071724	0.00010265	0.076791	0.0059429	23.931	0.041786	34.772	37.020	136.26	103.97	125.41	188.74	20.305	8.6554e-06	0.021568
336.17	0.93144	498.08	0.0020077	20.634	20.742	87.794	107.20	159.03	604.93	0.075162	0.00010235	0.076704	0.0059133	24.094	0.041504	34.794	37.041	136.28	104.07	125.62	188.62	20.284	8.6661e-06	0.021612
336.46	0.93749	497.64	0.0020095	20.678	20.788	87.927	107.27	159.20	603.28	0.078609	0.00010205	0.076618	0.0058839	24.257	0.041225	34.815	37.061	136.29	104.17	125.82	188.49	20.264	8.6768e-06	0.021655
336.74	0.94354	497.19	0.0020113	20.723	20.833	88.059	107.34	159.37	601.63	0.082065	0.00010175	0.076532	0.0058547	24.421	0.040949	34.836	37.081	136.31	104.27	126.02	188.37	20.244	8.6875e-06	0.021698
337.03	0.94959	496.75	0.0020131	20.767	20.878	88.191	107.42	159.54	599.99	0.085532	0.00010146	0.076447	0.0058256	24.584	0.040677	34.857	37.102	136.33	104.37	126.23	188.25	20.224	8.6982e-06	0.021742
337.31	0.95564	496.31	0.0020149	20.811	20.923	88.322	107.49	159.71	598.36	0.089008	0.00010116	0.076363	0.0057967	24.748	0.040408	34.877	37.122	136.35	104.47	126.43	188.12	20.205	8.7088e-06	0.021785
337.59	0.96169	495.88	0.0020166	20.855	20.968	88.452	107.57	159.88	596.74	0.092495	0.00010087	0.076279	0.0057680	24.912	0.040142	34.898	37.142	136.36	104.57	126.63	188.00	20.186	8.7195e-06	0.021828
337.87	0.96773	495.44	0.0020184	20.899	21.012	88.582	107.64	160.05	595.12	0.095991	0.00010058	0.076195	0.0057394	25.076	0.039879	34.919	37.162	136.38	104.66	126.84	187.88	20.167	8.7301e-06	0.021872
338.15	0.97378	495.00	0.0020202	20.942	21.057	88.711	107.72	160.22	593.51	0.099498	0.00010029	0.076112	0.0057109	25.240	0.039619	34.939	37.182	136.40	104.76	127.04	187.75	20.149	8.7408e-06	0.021915
338.42	0.97983	494.57	0.0020220	20.986	21.101	88.840	107.79	160.39	591.90	0.10302	0.00010001	0.076030	0.0056826	25.405	0.039363	34.959	37.201	136.41	104.86	127.24	187.63	20.131	8.7514e-06	0.021958
338.70	0.98588	494.13	0.0020237	21.029	21.145	88.968	107.86	160.57	590.31	0.10654	9.9725e-05	0.075948	0.0056545	25.569	0.039109	34.980	37.221	136.43	104.95	127.45	187.50	20.113	8.7621e-06	0.022001
338.97	0.99193	493.70	0.0020255	21.072	21.189	89.096	107.93	160.74	588.71	0.11008	9.9444e-05	0.075866	0.0056265	25.734	0.038859	35.000	37.240	136.45	105.05	127.65	187.38	20.096	8.7727e-06	0.022044
339.25	0.99798	493.27	0.0020273	21.115	21.233	89.223	108.01	160.91	587.13	0.11363	9.9164e-05	0.075785	0.0055987	25.899	0.038611	35.020	37.260	136.47	105.14	127.85	187.25	20.079	8.7833e-06	0.022087
339.52	1.0040	492.84	0.0020291	21.158	21.276	89.349	108.08	161.08	585.55	0.11719	9.8887e-05	0.075704	0.0055710	26.065	0.038366	35.040	37.279	136.48	105.24	128.06	187.13	20.062	8.7939e-06	0.022130
339.79	1.0101	492.41	0.0020308	21.200	21.320	89.475	108.15	161.25	583.98	0.12076	9.8611e-05	0.075624	0.0055434	26.230	0.038124	35.060	37.298	136.50	105.33	128.26	187.00	20.045	8.8045e-06	0.022173
340.06	1.0161	491.98	0.0020326	21.243	21.363	89.600	108.22	161.42	582.41	0.12435	9.8337e-05	0.075545	0.0055160	26.396	0.037885	35.079	37.317	136.52	105.43	128.46	186.87	20.029	8.8151e-06	0.022216
340.32	1.0222	491.55	0.0020344	21.285	21.406	89.725	108.29	161.59	580.85	0.12794	9.8064e-05	0.075465	0.0054888	26.562	0.037648	35.099	37.336	136.53	105.52	128.67	186.75	20.013	8.8257e-06	0.022259
340.59	1.0282	491.13	0.0020361	21.328	21.449	89.849	108.37	161.77	579.30	0.13154	9.7794e-05	0.075387	0.0054617	26.728	0.037414	35.119	37.355	136.55	105.62	128.87	186.62	19.997	8.8363e-06	0.022302
340.86	1.0343	490.70	0.0020379	21.370	21.492	89.973	108.44	161.94	577.75	0.13516	9.7525e-05	0.075308	0.0054347	26.894	0.037183	35.138	37.373	136.56	105.71	129.08	186.49	19.982	8.8469e-06	0.022345
341.12	1.0403	490.28	0.0020397	21.412	21.535	90.096	108.51	162.11	576.20	0.13879	9.7258e-05	0.075230	0.0054079	27.061	0.036954	35.157	37.392	136.58	105.80	129.28	186.36	19.966	8.8575e-06	0.022388
341.39	1.0464	489.85	0.0020414	21.453	21.577	90.219	108.58	162.28	574.67	0.14243	9.6992e-05	0.075153	0.0053812	27.228	0.036728	35.177	37.410	136.60	105.89	129.49	186.24	19.951	8.8681e-06	0.022431
341.65	1.0524	489.43	0.0020432	21.495	21.620	90.341	108.65	162.45	573.14	0.14608	9.6729e-05	0.075076	0.0053546	27.395	0.036504	35.196	37.429	136.61	105.99	129.69	186.11	19.937	8.8787e-06	0.022474
341.91	1.0585	489.01	0.0020450	21.536	21.662	90.463	108.72	162.63	571.61	0.14975	9.6466e-05	0.074999	0.0053282	27.562	0.036282	35.215	37.447	136.63	106.08	129.90	185.98	19.922	8.8893e-06	0.022516
342.17	1.0645	488.59	0.0020467	21.578	21.704	90.584	108.79	162.80	570.09	0.15342	9.6206e-05	0.074923	0.0053019	27.729	0.036063	35.234	37.465	136.65	106.17	130.10	185.85	19.908	8.8999e-06	0.022559
342.43	1.0706	488.17	0.0020485	21.619	21.746	90.705	108.86	162.97	568.58	0.15711	9.5947e-05	0.074848	0.0052757	27.897	0.035846	35.253	37.483	136.66	106.26	130.31	185.72	19.894	8.9105e-06	0.022602
342.69	1.0766	487.75	0.0020502	21.660	21.788	90.825	108.93	163.14	567.07	0.16081	9.5690e-05	0.074772	0.0052497	28.065	0.035632	35.271	37.501	136.68	106.35	130.51	185.59	19.881	8.9211e-06	0.022645
342.94	1.0827	487.33	0.0020520	21.701	21.830	90.945	109.00	163.32	565.56	0.16452	9.5434e-05	0.074697	0.0052238	28.233	0.035420	35.290	37.519	136.69	106.44	130.72	185.46	19.867	8.9317e-06	0.022687
343.20	1.0887	486.91	0.0020538	21.742	21.872	91.064	109.07	163.49	564.07	0.16825	9.5180e-05	0.074623	0.0051980	28.401	0.035210	35.309	37.537	136.71	106.53	130.92	185.34	19.854	8.9423e-06	0.022730
343.45	1.0947	486.49	0.0020555	21.783	21.913	91.183	109.14	163.66	562.57	0.17199	9.4927e-05	0.074549	0.0051723	28.570	0.035002	35.327	37.554	136.72	106.62	131.13	185.21	19.841	8.9528e-06	0.022773
343.71	1.1008	486.08	0.0020573	21.823	21.955	91.301	109.20	163.83	561.09	0.17574	9.4676e-05	0.074475	0.0051468	28.738	0.034797	35.346	37.572	136.74	106.71	131.34	185.07	19.829	8.9634e-06	0.022815
343.96	1.1068	485.66	0.0020590	21.863	21.996	91.419	109.27	164.01	559.60	0.17950	9.4426e-05	0.074402	0.0051214	28.907	0.034593	35.364	37.589	136.75	106.80	131.55	184.94	19.816	8.9740e-06	0.022858
344.21	1.1129	485.25	0.0020608	21.904	22.037	91.537	109.34	164.18	558.13	0.18328	9.4177e-05	0.074329	0.0050961	29.077	0.034392	35.382	37.607	136.77	106.89	131.75	184.81	19.804	8.9846e-06	0.022901
344.46	1.1189	484.84	0.0020626	21.944	22.078	91.654	109.41	164.36	556.66	0.18707	9.3931e-05	0.074256	0.0050710	29.246	0.034193	35.400	37.624	136.78	106.97	131.96	184.68	19.792	8.9952e-06	0.022943
344.71	1.1250	484.42	0.0020643	21.984	22.119	91.770	109.48	164.53	555.19	0.19087	9.3685e-05	0.074184	0.0050459	29.416	0.033995	35.418	37.641	136.80	107.06	132.17	184.55	19.781	9.0058e-06	0.022986
344.96	1.1310	484.01	0.0020661	22.024	22.160	91.886	109.54	164.70	553.73	0.19469	9.3441e-05	0.074112	0.0050210	29.586	0.033800	35.436	37.658	136.81	107.15	132.38	184.42	19.769	9.0164e-06	0.023028
345.21	1.1371	483.60	0.0020678	22.064	22.200	92.002	109.61	164.88	552.27	0.19852	9.3198e-05	0.074041	0.0049962	29.756	0.033607	35.454	37.675	136.83	107.24	132.59	184.29	19.758	9.0270e-06	0.023071
345.46	1.1431	483.19	0.0020696	22.103	22.241	92.117	109.68	165.05	550.82	0.20237	9.2957e-05	0.073970	0.0049715	29.926	0.033415	35.472	37.692	136.84	107.32	132.80	184.16	19.747	9.0376e-06	0.023114
345.70	1.1492	482.78	0.0020713	22.143	22.281	92.232	109.75	165.23	549.37	0.20622	9.2717e-05	0.073899	0.0049470	30.097	0.033226	35.490	37.709	136.86	107.41	133.01	184.02	19.736	9.0482e-06	0.023156
345.95	1.1552	482.37	0.0020731	22.182	22.322	92.347	109.81	165.40	547.93	0.21010	9.2479e-05	0.073829	0.0049225	30.268	0.033038	35.507	37.726	136.87	107.50	133.22	183.89	19.726	9.0588e-06	0.023199
346.19	1.1613	481.96	0.0020749	22.222	22.362	92.460	109.88	165.58	546.49	0.21398	9.2241e-05	0.073759	0.0048982	30.439	0.032853	35.525	37.742	136.89	107.58	133.43	183.76	19.715	9.0694e-06	0.023241
346.43	1.1673	481.55	0.0020766	22.261	22.402	92.574	109.95	165.75	545.06	0.21788	9.2005e-05	0.073689	0.0048740	30.610	0.032669	35.542	37.759	136.90	107.67	133.64	183.63	19.705	9.0800e-06	0.023284
346.68	1.1734	481.15	0.0020784	22.300	22.442	92.687	110.01	165.93	543.63	0.22180	9.1771e-05	0.073620	0.0048499	30.782	0.032487	35.560	37.775	136.92	107.76	133.85	183.49	19.695	9.0906e-06	0.023327
346.92	1.1794	480.74	0.0020801	22.339	22.482	92.800	110.08	166.11	542.21	0.22573	9.1537e-05	0.073551	0.0048259	30.954	0.032306	35.577	37.792	136.93	107.84	134.06	183.36	19.685	9.1013e-06	0.023369
347.16	1.1855	480.33	0.0020819	22.378	22.521	92.912	110.14	166.28	540.79	0.22967	9.1305e-05	0.073483	0.0048020	31.126	0.032128	35.594	37.808	136.95	107.93	134.27	183.23	19.676	9.1119e-06	0.023412
347.40	1.1915	479.93	0.0020836	22.417	22.561	93.024	110.21	166.46	539.37	0.23363	9.1074e-05	0.073414	0.0047783	31.298	0.031951	35.611	37.824	136.96	108.01	134.49	183.09	19.667	9.1225e-06	0.023454
347.64	1.1976	479.52	0.0020854	22.455	22.600	93.136	110.28	166.63	537.96	0.23760	9.0844e-05	0.073347	0.0047546	31.471	0.031776	35.629	37.840	136.97	108.10	134.70	182.96	19.658	9.1332e-06	0.023497
347.87	1.2036	479.12	0.0020872	22.494	22.640	93.247	110.34	166.81	536.56	0.24159	9.0616e-05	0.073279	0.0047311	31.643	0.031602	35.646	37.856	136.99	108.18	134.91	182.83	19.649	9.1438e-06	0.023539
348.11	1.2097	478.72	0.0020889	22.532	22.679	93.358	110.41	166.99	535.16	0.24560	9.0389e-05	0.073212	0.0047076	31.817	0.031430	35.662	37.872	137.00	108.27	135.13	182.69	19.640	9.1545e-06	0.023582
348.35	1.2157	478.31	0.0020907	22.570	22.718	93.468	110.47	167.17	533.76	0.24962	9.0163e-05	0.073145	0.0046843	31.990	0.031260	35.679	37.888	137.02	108.35	135.34	182.56	19.632	9.1651e-06	0.023625
348.58	1.2218	477.91	0.0020924	22.609	22.757	93.578	110.54	167.34	532.37	0.25365	8.9938e-05	0.073078	0.0046611	32.163	0.031091	35.696	37.904	137.03	108.44	135.56	182.42	19.623	9.1758e-06	0.023667
348.82	1.2278	477.51	0.0020942	22.647	22.796	93.687	110.60	167.52	530.98	0.25770	8.9714e-05	0.073012	0.0046379	32.337	0.030924	35.713	37.920	137.04	108.52	135.77	182.29	19.615	9.1864e-06	0.023710
349.05	1.2339	477.11	0.0020960	22.685	22.835	93.797	110.67	167.70	529.59	0.26177	8.9491e-05	0.072946	0.0046149	32.511	0.030759	35.729	37.935	137.06	108.60	135.99	182.15	19.607	9.1971e-06	0.023753
349.28	1.2399	476.71	0.0020977	22.723	22.874	93.905	110.73	167.88	528.21	0.26585	8.9270e-05	0.072881	0.0045920	32.686	0.030594	35.746	37.951	137.07	108.69	136.21	182.02	19.600	9.2078e-06	0.023795
349.51	1.2460	476.31	0.0020995	22.760	22.912	94.014	110.80	168.06	526.84	0.26995	8.9050e-05	0.072816	0.0045692	32.860	0.030432	35.762	37.966	137.08	108.77	136.43	181.88	19.592	9.2185e-06	0.023838
349.74	1.2520	475.91	0.0021012	22.798	22.951	94.122	110.86	168.24	525.47	0.27406	8.8830e-05	0.072751	0.0045465	33.035	0.030271	35.779	37.981	137.10	108.85	136.64	181.74	19.585	9.2292e-06	0.023880
349.97	1.2581	475.51	0.0021030	22.836	22.989	94.230	110.92	168.42	524.10	0.27819	8.8612e-05	0.072686	0.0045238	33.210	0.030111	35.795	37.997	137.11	108.94	136.86	181.61	19.578	9.2399e-06	0.023923
350.20	1.2641	475.12	0.0021048	22.873	23.028	94.337	110.99	168.60	522.74	0.28234	8.8395e-05	0.072622	0.0045013	33.386	0.029953	35.811	38.012	137.12	109.02	137.08	181.47	19.571	9.2506e-06	0.023966
350.43	1.2702	474.72	0.0021065	22.910	23.066	94.444	111.05	168.78	521.38	0.28650	8.8179e-05	0.072558	0.0044789	33.561	0.029796	35.827	38.027	137.14	109.10	137.30	181.33	19.564	9.2613e-06	0.024009
350.66	1.2762	474.32	0.0021083	22.948	23.104	94.551	111.12	168.96	520.02	0.29068	8.7964e-05	0.072494	0.0044566	33.737	0.029641	35.843	38.042	137.15	109.18	137.52	181.20	19.557	9.2720e-06	0.024051
350.89	1.2822	473.93	0.0021100	22.985	23.142	94.657	111.18	169.14	518.67	0.29488	8.7750e-05	0.072430	0.0044344	33.913	0.029487	35.859	38.057	137.16	109.27	137.75	181.06	19.551	9.2828e-06	0.024094
351.11	1.2883	473.53	0.0021118	23.022	23.180	94.763	111.24	169.32	517.32	0.29909	8.7537e-05	0.072367	0.0044123	34.090	0.029334	35.875	38.072	137.18	109.35	137.97	180.92	19.544	9.2935e-06	0.024137
351.34	1.2943	473.13	0.0021136	23.059	23.218	94.869	111.31	169.50	515.98	0.30332	8.7325e-05	0.072304	0.0043902	34.267	0.029183	35.891	38.087	137.19	109.43	138.19	180.79	19.538	9.3043e-06	0.024180
351.56	1.3004	472.74	0.0021153	23.096	23.256	94.974	111.37	169.68	514.64	0.30757	8.7115e-05	0.072242	0.0043683	34.444	0.029033	35.907	38.101	137.20	109.51	138.41	180.65	19.532	9.3150e-06	0.024222
351.79	1.3064	472.35	0.0021171	23.133	23.293	95.079	111.43	169.87	513.30	0.31184	8.6905e-05	0.072180	0.0043465	34.621	0.028884	35.923	38.116	137.21	109.59	138.64	180.51	19.527	9.3258e-06	0.024265
352.01	1.3125	471.95	0.0021189	23.169	23.331	95.184	111.49	170.05	511.97	0.31612	8.6696e-05	0.072118	0.0043247	34.798	0.028737	35.938	38.130	137.23	109.67	138.86	180.37	19.521	9.3366e-06	0.024308
352.23	1.3185	471.56	0.0021206	23.206	23.368	95.288	111.56	170.23	510.64	0.32042	8.6488e-05	0.072056	0.0043031	34.976	0.028591	35.954	38.145	137.24	109.76	139.09	180.23	19.515	9.3474e-06	0.024351
352.45	1.3246	471.17	0.0021224	23.242	23.406	95.392	111.62	170.42	509.31	0.32474	8.6281e-05	0.071995	0.0042815	35.154	0.028446	35.969	38.159	137.25	109.84	139.32	180.10	19.510	9.3582e-06	0.024394
352.67	1.3306	470.77	0.0021242	23.279	23.443	95.496	111.68	170.60	507.99	0.32908	8.6075e-05	0.071933	0.0042600	35.333	0.028302	35.985	38.174	137.26	109.92	139.54	179.96	19.505	9.3690e-06	0.024437
352.89	1.3367	470.38	0.0021259	23.315	23.480	95.599	111.74	170.78	506.67	0.33344	8.5870e-05	0.071873	0.0042387	35.511	0.028160	36.000	38.188	137.28	110.00	139.77	179.82	19.500	9.3798e-06	0.024480
353.11	1.3427	469.99	0.0021277	23.351	23.517	95.702	111.81	170.97	505.36	0.33781	8.5666e-05	0.071812	0.0042174	35.690	0.028019	36.015	38.202	137.29	110.08	140.00	179.68	19.495	9.3906e-06	0.024523
353.33	1.3488	469.60	0.0021295	23.387	23.554	95.805	111.87	171.15	504.05	0.34220	8.5463e-05	0.071752	0.0041962	35.869	0.027879	36.031	38.216	137.30	110.16	140.23	179.54	19.491	9.4015e-06	0.024566
353.55	1.3548	469.21	0.0021312	23.424	23.591	95.907	111.93	171.34	502.74	0.34661	8.5261e-05	0.071692	0.0041751	36.049	0.027740	36.046	38.230	137.31	110.24	140.46	179.40	19.486	9.4123e-06	0.024609
353.77	1.3609	468.82	0.0021330	23.460	23.628	96.009	111.99	171.53	501.44	0.35104	8.5059e-05	0.071632	0.0041541	36.229	0.027602	36.061	38.244	137.32	110.32	140.69	179.26	19.482	9.4232e-06	0.024652
353.98	1.3669	468.43	0.0021348	23.495	23.665	96.111	112.05	171.71	500.14	0.35549	8.4859e-05	0.071572	0.0041331	36.409	0.027466	36.076	38.258	137.34	110.40	140.92	179.12	19.478	9.4341e-06	0.024695
354.20	1.3730	468.04	0.0021366	23.531	23.702	96.213	112.11	171.90	498.84	0.35996	8.4660e-05	0.071513	0.0041123	36.589	0.027331	36.091	38.272	137.35	110.48	141.16	178.98	19.473	9.4450e-06	0.024738
354.41	1.3790	467.65	0.0021383	23.567	23.738	96.314	112.18	172.09	497.54	0.36445	8.4461e-05	0.071454	0.0040916	36.770	0.027196	36.106	38.285	137.36	110.56	141.39	178.84	19.470	9.4559e-06	0.024781
354.63	1.3851	467.26	0.0021401	23.602	23.775	96.415	112.24	172.27	496.25	0.36896	8.4263e-05	0.071395	0.0040709	36.951	0.027063	36.120	38.299	137.37	110.64	141.63	178.70	19.466	9.4668e-06	0.024824
354.84	1.3911	466.87	0.0021419	23.638	23.811	96.515	112.30	172.46	494.97	0.37348	8.4066e-05	0.071337	0.0040503	37.132	0.026931	36.135	38.313	137.38	110.72	141.86	178.56	19.462	9.4777e-06	0.024867
355.05	1.3972	466.49	0.0021437	23.673	23.848	96.616	112.36	172.65	493.68	0.37803	8.3870e-05	0.071279	0.0040298	37.313	0.026800	36.150	38.326	137.39	110.80	142.10	178.42	19.459	9.4887e-06	0.024911
355.27	1.4032	466.10	0.0021455	23.709	23.884	96.715	112.42	172.84	492.40	0.38260	8.3675e-05	0.071221	0.0040094	37.495	0.026670	36.165	38.340	137.41	110.88	142.34	178.28	19.455	9.4996e-06	0.024954
355.48	1.4093	465.71	0.0021472	23.744	23.920	96.815	112.48	173.03	491.13	0.38719	8.3480e-05	0.071163	0.0039891	37.677	0.026541	36.179	38.353	137.42	110.96	142.57	178.14	19.452	9.5106e-06	0.024997
355.69	1.4153	465.33	0.0021490	23.779	23.956	96.915	112.54	173.22	489.85	0.39179	8.3287e-05	0.071105	0.0039688	37.860	0.026413	36.194	38.366	137.43	111.04	142.81	177.99	19.449	9.5216e-06	0.025041
355.90	1.4214	464.94	0.0021508	23.814	23.992	97.014	112.60	173.41	488.58	0.39642	8.3094e-05	0.071048	0.0039486	38.043	0.026286	36.208	38.380	137.44	111.12	143.05	177.85	19.446	9.5326e-06	0.025084
356.11	1.4274	464.55	0.0021526	23.849	24.028	97.113	112.66	173.60	487.31	0.40107	8.2902e-05	0.070991	0.0039286	38.226	0.026161	36.222	38.393	137.45	111.20	143.29	177.71	19.443	9.5436e-06	0.025127
356.32	1.4335	464.17	0.0021544	23.884	24.064	97.211	112.72	173.79	486.05	0.40574	8.2711e-05	0.070934	0.0039086	38.409	0.026036	36.237	38.406	137.46	111.28	143.54	177.57	19.441	9.5546e-06	0.025171
356.52	1.4395	463.78	0.0021562	23.919	24.100	97.309	112.78	173.98	484.79	0.41043	8.2521e-05	0.070878	0.0038886	38.592	0.025912	36.251	38.419	137.47	111.36	143.78	177.43	19.438	9.5656e-06	0.025214
356.73	1.4456	463.40	0.0021580	23.954	24.135	97.407	112.84	174.18	483.53	0.41515	8.2331e-05	0.070822	0.0038688	38.776	0.025789	36.265	38.432	137.48	111.44	144.02	177.28	19.436	9.5767e-06	0.025258
356.94	1.4516	463.01	0.0021598	23.989	24.171	97.505	112.90	174.37	482.27	0.41988	8.2142e-05	0.070766	0.0038490	38.961	0.025667	36.279	38.445	137.49	111.52	144.27	177.14	19.433	9.5878e-06	0.025302
357.15	1.4576	462.63	0.0021616	24.023	24.207	97.602	112.96	174.56	481.02	0.42463	8.1954e-05	0.070710	0.0038294	39.145	0.025546	36.293	38.458	137.50	111.60	144.51	177.00	19.431	9.5989e-06	0.025345
357.35	1.4637	462.25	0.0021633	24.058	24.242	97.700	113.02	174.76	479.77	0.42941	8.1767e-05	0.070654	0.0038098	39.330	0.025426	36.307	38.470	137.52	111.68	144.76	176.86	19.429	9.6100e-06	0.025389
357.56	1.4697	461.86	0.0021651	24.093	24.277	97.797	113.08	174.95	478.52	0.43421	8.1581e-05	0.070599	0.0037902	39.515	0.025307	36.321	38.483	137.53	111.76	145.01	176.71	19.427	9.6211e-06	0.025433
357.76	1.4758	461.48	0.0021669	24.127	24.313	97.893	113.14	175.15	477.28	0.43903	8.1395e-05	0.070544	0.0037708	39.701	0.025188	36.335	38.496	137.54	111.84	145.26	176.57	19.425	9.6322e-06	0.025476
357.96	1.4818	461.10	0.0021687	24.161	24.348	97.990	113.20	175.34	476.04	0.44388	8.1210e-05	0.070489	0.0037514	39.887	0.025071	36.349	38.508	137.55	111.92	145.51	176.43	19.424	9.6433e-06	0.025520
358.17	1.4879	460.72	0.0021705	24.196	24.383	98.086	113.26	175.54	474.80	0.44874	8.1025e-05	0.070434	0.0037321	40.073	0.024955	36.363	38.521	137.56	112.00	145.76	176.28	19.422	9.6545e-06	0.025564
358.37	1.4939	460.33	0.0021723	24.230	24.418	98.182	113.32	175.74	473.57	0.45363	8.0842e-05	0.070380	0.0037129	40.259	0.024839	36.376	38.533	137.57	112.08	146.01	176.14	19.421	9.6657e-06	0.025608
358.57	1.5000	459.95	0.0021741	24.264	24.453	98.277	113.38	175.93	472.33	0.45855	8.0659e-05	0.070326	0.0036938	40.446	0.024724	36.390	38.545	137.58	112.16	146.27	175.99	19.419	9.6769e-06	0.025652
358.77	1.5060	459.57	0.0021760	24.298	24.488	98.373	113.43	176.13	471.11	0.46348	8.0477e-05	0.070272	0.0036747	40.633	0.024611	36.403	38.558	137.59	112.23	146.52	175.85	19.418	9.6881e-06	0.025696
358.97	1.5121	459.19	0.0021778	24.332	24.523	98.468	113.49	176.33	469.88	0.46844	8.0295e-05	0.070218	0.0036557	40.820	0.024498	36.417	38.570	137.60	112.31	146.78	175.71	19.417	9.6993e-06	0.025740
359.17	1.5181	458.81	0.0021796	24.366	24.558	98.562	113.55	176.53	468.66	0.47342	8.0115e-05	0.070164	0.0036368	41.008	0.024385	36.430	38.582	137.61	112.39	147.03	175.56	19.416	9.7106e-06	0.025784
359.37	1.5242	458.43	0.0021814	24.400	24.593	98.657	113.61	176.73	467.43	0.47843	7.9935e-05	0.070111	0.0036180	41.196	0.024274	36.444	38.594	137.62	112.47	147.29	175.42	19.415	9.7219e-06	0.025828
359.57	1.5302	458.04	0.0021832	24.433	24.627	98.751	113.67	176.93	466.22	0.48346	7.9755e-05	0.070058	0.0035992	41.385	0.024164	36.457	38.606	137.63	112.55	147.55	175.27	19.415	9.7331e-06	0.025873
359.77	1.5363	457.66	0.0021850	24.467	24.662	98.846	113.73	177.13	465.00	0.48852	7.9576e-05	0.070005	0.0035805	41.573	0.024054	36.470	38.618	137.64	112.63	147.81	175.13	19.414	9.7444e-06	0.025917
359.97	1.5423	457.28	0.0021868	24.501	24.697	98.939	113.79	177.33	463.79	0.49360	7.9398e-05	0.069952	0.0035619	41.763	0.023945	36.484	38.630	137.65	112.71	148.07	174.98	19.413	9.7558e-06	0.025961
360.17	1.5484	456.90	0.0021886	24.534	24.731	99.033	113.84	177.54	462.58	0.49870	7.9221e-05	0.069900	0.0035433	41.952	0.023837	36.497	38.642	137.66	112.79	148.33	174.83	19.413	9.7671e-06	0.026006
360.36	1.5544	456.52	0.0021905	24.568	24.766	99.126	113.90	177.74	461.37	0.50383	7.9044e-05	0.069847	0.0035248	42.142	0.023729	36.510	38.654	137.67	112.87	148.60	174.69	19.413	9.7785e-06	0.026050
360.56	1.5605	456.14	0.0021923	24.601	24.800	99.220	113.96	177.94	460.16	0.50898	7.8868e-05	0.069795	0.0035064	42.332	0.023623	36.523	38.665	137.68	112.95	148.86	174.54	19.413	9.7899e-06	0.026095
360.76	1.5665	455.77	0.0021941	24.634	24.834	99.312	114.02	178.15	458.96	0.51416	7.8693e-05	0.069744	0.0034881	42.522	0.023517	36.536	38.677	137.68	113.02	149.13	174.40	19.412	9.8012e-06	0.026139
360.95	1.5726	455.39	0.0021959	24.668	24.868	99.405	114.08	178.35	457.76	0.51937	7.8518e-05	0.069692	0.0034698	42.713	0.023412	36.549	38.689	137.69	113.10	149.40	174.25	19.413	9.8127e-06	0.026184
361.15	1.5786	455.01	0.0021978	24.701	24.903	99.498	114.13	178.56	456.57	0.52460	7.8344e-05	0.069640	0.0034516	42.904	0.023308	36.562	38.700	137.70	113.18	149.66	174.10	19.413	9.8241e-06	0.026229
361.34	1.5847	454.63	0.0021996	24.734	24.937	99.590	114.19	178.77	455.37	0.52985	7.8170e-05	0.069589	0.0034335	43.096	0.023204	36.574	38.712	137.71	113.26	149.93	173.96	19.413	9.8356e-06	0.026273
361.53	1.5907	454.25	0.0022014	24.767	24.971	99.682	114.25	178.97	454.18	0.53514	7.7997e-05	0.069538	0.0034154	43.287	0.023101	36.587	38.723	137.72	113.34	150.21	173.81	19.413	9.8470e-06	0.026318
361.73	1.5968	453.87	0.0022033	24.800	25.005	99.774	114.31	179.18	452.99	0.54045	7.7825e-05	0.069487	0.0033974	43.479	0.022999	36.600	38.734	137.73	113.42	150.48	173.66	19.414	9.8585e-06	0.026363
361.92	1.6028	453.49	0.0022051	24.833	25.038	99.865	114.36	179.39	451.80	0.54578	7.7653e-05	0.069436	0.0033795	43.672	0.022898	36.613	38.746	137.74	113.50	150.75	173.52	19.414	9.8701e-06	0.026408
362.11	1.6089	453.12	0.0022069	24.866	25.072	99.956	114.42	179.60	450.62	0.55115	7.7482e-05	0.069386	0.0033617	43.865	0.022797	36.625	38.757	137.75	113.58	151.03	173.37	19.415	9.8816e-06	0.026453
362.30	1.6149	452.74	0.0022088	24.899	25.106	100.05	114.48	179.81	449.43	0.55653	7.7311e-05	0.069336	0.0033439	44.058	0.022697	36.638	38.768	137.76	113.66	151.30	173.22	19.415	9.8932e-06	0.026498
362.49	1.6210	452.36	0.0022106	24.932	25.140	100.14	114.54	180.02	448.25	0.56195	7.7142e-05	0.069286	0.0033262	44.252	0.022598	36.650	38.779	137.77	113.73	151.58	173.07	19.416	9.9047e-06	0.026544
362.68	1.6270	451.98	0.0022125	24.964	25.173	100.23	114.59	180.23	447.07	0.56740	7.6972e-05	0.069236	0.0033085	44.446	0.022499	36.663	38.790	137.77	113.81	151.86	172.93	19.417	9.9163e-06	0.026589
362.87	1.6331	451.61	0.0022143	24.997	25.207	100.32	114.65	180.44	445.90	0.57287	7.6803e-05	0.069186	0.0032909	44.640	0.022401	36.675	38.801	137.78	113.89	152.14	172.78	19.418	9.9280e-06	0.026634
363.06	1.6391	451.23	0.0022162	25.029	25.241	100.41	114.71	180.66	444.73	0.57837	7.6635e-05	0.069136	0.0032734	44.835	0.022304	36.687	38.812	137.79	113.97	152.42	172.63	19.419	9.9396e-06	0.026680
363.25	1.6451	450.85	0.0022180	25.062	25.274	100.50	114.76	180.87	443.56	0.58390	7.6468e-05	0.069087	0.0032559	45.030	0.022208	36.700	38.823	137.80	114.05	152.71	172.48	19.420	9.9513e-06	0.026725
363.44	1.6512	450.47	0.0022199	25.094	25.307	100.59	114.82	181.08	442.39	0.58946	7.6300e-05	0.069038	0.0032385	45.225	0.022112	36.712	38.834	137.81	114.13	152.99	172.33	19.422	9.9630e-06	0.026771
363.63	1.6572	450.10	0.0022217	25.127	25.341	100.68	114.88	181.30	441.22	0.59504	7.6134e-05	0.068989	0.0032212	45.421	0.022016	36.724	38.845	137.82	114.21	153.28	172.18	19.423	9.9747e-06	0.026816
363.81	1.6633	449.72	0.0022236	25.159	25.374	100.77	114.93	181.52	440.06	0.60066	7.5968e-05	0.068940	0.0032040	45.617	0.021922	36.736	38.855	137.82	114.29	153.57	172.04	19.425	9.9864e-06	0.026862
364.00	1.6693	449.35	0.0022255	25.191	25.407	100.86	114.99	181.73	438.89	0.60630	7.5803e-05	0.068892	0.0031868	45.813	0.021828	36.748	38.866	137.83	114.36	153.86	171.89	19.426	9.9982e-06	0.026908
364.19	1.6754	448.97	0.0022273	25.224	25.440	100.95	115.05	181.95	437.74	0.61198	7.5638e-05	0.068843	0.0031696	46.010	0.021734	36.760	38.876	137.84	114.44	154.15	171.74	19.428	1.0010e-05	0.026953
364.37	1.6814	448.59	0.0022292	25.256	25.474	101.04	115.10	182.17	436.58	0.61768	7.5473e-05	0.068795	0.0031526	46.207	0.021642	36.772	38.887	137.85	114.52	154.44	171.59	19.430	1.0022e-05	0.026999
364.56	1.6875	448.22	0.0022311	25.288	25.507	101.12	115.16	182.39	435.42	0.62342	7.5309e-05	0.068747	0.0031355	46.405	0.021549	36.784	38.897	137.86	114.60	154.73	171.44	19.431	1.0034e-05	0.027045
364.74	1.6935	447.84	0.0022329	25.320	25.540	101.21	115.22	182.61	434.27	0.62918	7.5146e-05	0.068699	0.0031186	46.603	0.021458	36.796	38.908	137.86	114.68	155.03	171.29	19.433	1.0045e-05	0.027091
364.92	1.6996	447.46	0.0022348	25.352	25.573	101.30	115.27	182.83	433.12	0.63498	7.4983e-05	0.068651	0.0031017	46.802	0.021367	36.807	38.918	137.87	114.76	155.33	171.14	19.435	1.0057e-05	0.027138
365.11	1.7056	447.09	0.0022367	25.384	25.606	101.39	115.33	183.05	431.97	0.64080	7.4821e-05	0.068604	0.0030849	47.000	0.021276	36.819	38.928	137.88	114.84	155.62	170.99	19.437	1.0069e-05	0.027184
365.29	1.7117	446.71	0.0022386	25.416	25.638	101.48	115.39	183.28	430.82	0.64666	7.4659e-05	0.068556	0.0030681	47.199	0.021187	36.831	38.939	137.89	114.92	155.92	170.84	19.440	1.0081e-05	0.027230
365.47	1.7177	446.34	0.0022405	25.447	25.671	101.56	115.44	183.50	429.68	0.65255	7.4498e-05	0.068509	0.0030514	47.399	0.021097	36.842	38.949	137.89	115.00	156.23	170.69	19.442	1.0093e-05	0.027277
365.66	1.7238	445.96	0.0022423	25.479	25.704	101.65	115.50	183.73	428.54	0.65847	7.4337e-05	0.068462	0.0030348	47.599	0.021009	36.854	38.959	137.90	115.08	156.53	170.54	19.444	1.0105e-05	0.027323
365.84	1.7298	445.59	0.0022442	25.511	25.737	101.74	115.55	183.95	427.40	0.66442	7.4177e-05	0.068415	0.0030182	47.799	0.020921	36.866	38.969	137.91	115.15	156.83	170.39	19.447	1.0117e-05	0.027370
366.02	1.7359	445.21	0.0022461	25.543	25.769	101.83	115.61	184.18	426.26	0.67041	7.4017e-05	0.068369	0.0030017	48.000	0.020833	36.877	38.979	137.92	115.23	157.14	170.23	19.449	1.0129e-05	0.027416
366.20	1.7419	444.83	0.0022480	25.574	25.802	101.91	115.66	184.41	425.12	0.67643	7.3858e-05	0.068322	0.0029852	48.201	0.020746	36.888	38.989	137.92	115.31	157.45	170.08	19.452	1.0141e-05	0.027463
366.38	1.7480	444.46	0.0022499	25.606	25.834	102.00	115.72	184.64	423.99	0.68248	7.3699e-05	0.068276	0.0029689	48.403	0.020660	36.900	38.999	137.93	115.39	157.76	169.93	19.454	1.0153e-05	0.027510
366.56	1.7540	444.08	0.0022518	25.637	25.867	102.09	115.78	184.86	422.85	0.68856	7.3541e-05	0.068230	0.0029525	48.605	0.020574	36.911	39.009	137.94	115.47	158.07	169.78	19.457	1.0165e-05	0.027557
366.74	1.7601	443.71	0.0022537	25.669	25.899	102.17	115.83	185.10	421.72	0.69468	7.3383e-05	0.068184	0.0029362	48.807	0.020489	36.922	39.018	137.94	115.55	158.38	169.63	19.460	1.0177e-05	0.027604
366.92	1.7661	443.33	0.0022556	25.700	25.932	102.26	115.89	185.33	420.60	0.70083	7.3226e-05	0.068138	0.0029200	49.010	0.020404	36.934	39.028	137.95	115.63	158.70	169.48	19.463	1.0190e-05	0.027651
367.10	1.7722	442.96	0.0022575	25.731	25.964	102.34	115.94	185.56	419.47	0.70702	7.3069e-05	0.068092	0.0029039	49.213	0.020320	36.945	39.038	137.96	115.71	159.01	169.32	19.466	1.0202e-05	0.027698
367.28	1.7782	442.58	0.0022595	25.763	25.996	102.43	116.00	185.79	418.34	0.71324	7.2912e-05	0.068047	0.0028878	49.417	0.020236	36.956	39.047	137.96	115.79	159.33	169.17	19.469	1.0214e-05	0.027746
367.45	1.7843	442.21	0.0022614	25.794	26.028	102.51	116.05	186.03	417.22	0.71949	7.2756e-05	0.068001	0.0028717	49.621	0.020153	36.967	39.057	137.97	115.87	159.65	169.02	19.472	1.0226e-05	0.027793
367.63	1.7903	441.83	0.0022633	25.825	26.060	102.60	116.11	186.26	416.10	0.72578	7.2601e-05	0.067956	0.0028557	49.825	0.020070	36.978	39.066	137.98	115.95	159.98	168.87	19.475	1.0239e-05	0.027841
367.81	1.7964	441.46	0.0022652	25.856	26.093	102.69	116.16	186.50	414.98	0.73211	7.2446e-05	0.067911	0.0028398	50.030	0.019988	36.989	39.076	137.98	116.03	160.30	168.71	19.478	1.0251e-05	0.027888
367.98	1.8024	441.08	0.0022672	25.887	26.125	102.77	116.22	186.74	413.86	0.73847	7.2291e-05	0.067866	0.0028239	50.235	0.019906	37.000	39.085	137.99	116.10	160.62	168.56	19.482	1.0263e-05	0.027936
368.16	1.8085	440.71	0.0022691	25.918	26.157	102.86	116.27	186.98	412.75	0.74487	7.2137e-05	0.067821	0.0028081	50.441	0.019825	37.011	39.095	138.00	116.18	160.95	168.41	19.485	1.0276e-05	0.027984
368.33	1.8145	440.33	0.0022710	25.949	26.189	102.94	116.33	187.22	411.64	0.75130	7.1983e-05	0.067777	0.0027923	50.647	0.019745	37.021	39.104	138.00	116.26	161.28	168.26	19.489	1.0288e-05	0.028032
368.51	1.8205	439.96	0.0022730	25.980	26.221	103.02	116.38	187.46	410.52	0.75777	7.1830e-05	0.067732	0.0027766	50.853	0.019664	37.032	39.113	138.01	116.34	161.61	168.10	19.492	1.0300e-05	0.028080
368.68	1.8266	439.58	0.0022749	26.011	26.252	103.11	116.44	187.70	409.41	0.76428	7.1677e-05	0.067688	0.0027610	51.060	0.019585	37.043	39.122	138.02	116.42	161.95	167.95	19.496	1.0313e-05	0.028128
368.86	1.8326	439.21	0.0022768	26.042	26.284	103.19	116.50	187.94	408.31	0.77082	7.1525e-05	0.067644	0.0027454	51.268	0.019505	37.054	39.131	138.02	116.50	162.28	167.79	19.500	1.0325e-05	0.028176
369.03	1.8387	438.83	0.0022788	26.073	26.316	103.28	116.55	188.19	407.20	0.77741	7.1372e-05	0.067600	0.0027299	51.475	0.019427	37.064	39.140	138.03	116.58	162.62	167.64	19.504	1.0338e-05	0.028225
369.21	1.8447	438.46	0.0022807	26.103	26.348	103.36	116.60	188.43	406.10	0.78403	7.1221e-05	0.067556	0.0027144	51.684	0.019348	37.075	39.149	138.03	116.66	162.96	167.49	19.507	1.0350e-05	0.028273
369.38	1.8508	438.08	0.0022827	26.134	26.379	103.44	116.66	188.68	404.99	0.79069	7.1070e-05	0.067513	0.0026990	51.892	0.019271	37.085	39.158	138.04	116.74	163.30	167.33	19.511	1.0363e-05	0.028322
369.55	1.8568	437.71	0.0022846	26.165	26.411	103.53	116.71	188.93	403.89	0.79738	7.0919e-05	0.067469	0.0026836	52.102	0.019193	37.096	39.167	138.05	116.82	163.64	167.18	19.515	1.0375e-05	0.028370
369.72	1.8629	437.33	0.0022866	26.195	26.443	103.61	116.77	189.18	402.79	0.80412	7.0768e-05	0.067426	0.0026683	52.311	0.019116	37.106	39.176	138.05	116.90	163.99	167.02	19.519	1.0388e-05	0.028419
369.89	1.8689	436.95	0.0022886	26.226	26.474	103.69	116.82	189.43	401.69	0.81090	7.0618e-05	0.067383	0.0026530	52.521	0.019040	37.117	39.185	138.06	116.98	164.33	166.87	19.524	1.0401e-05	0.028468
370.07	1.8750	436.58	0.0022905	26.256	26.506	103.78	116.88	189.68	400.60	0.81771	7.0469e-05	0.067340	0.0026378	52.732	0.018964	37.127	39.194	138.06	117.06	164.68	166.71	19.528	1.0413e-05	0.028517
370.24	1.8810	436.20	0.0022925	26.287	26.537	103.86	116.93	189.93	399.50	0.82457	7.0320e-05	0.067297	0.0026227	52.943	0.018888	37.137	39.202	138.07	117.14	165.03	166.56	19.532	1.0426e-05	0.028566
370.41	1.8871	435.83	0.0022945	26.317	26.569	103.94	116.99	190.19	398.41	0.83147	7.0171e-05	0.067254	0.0026076	53.154	0.018813	37.147	39.211	138.07	117.22	165.39	166.40	19.537	1.0439e-05	0.028615
370.58	1.8931	435.45	0.0022965	26.347	26.600	104.03	117.04	190.44	397.32	0.83841	7.0022e-05	0.067211	0.0025925	53.366	0.018739	37.158	39.219	138.08	117.30	165.74	166.25	19.541	1.0452e-05	0.028665
370.75	1.8992	435.08	0.0022984	26.378	26.631	104.11	117.10	190.70	396.23	0.84539	6.9874e-05	0.067169	0.0025775	53.578	0.018664	37.168	39.228	138.08	117.38	166.10	166.09	19.546	1.0464e-05	0.028714
370.91	1.9052	434.70	0.0023004	26.408	26.663	104.19	117.15	190.96	395.14	0.85241	6.9726e-05	0.067127	0.0025626	53.791	0.018590	37.178	39.236	138.09	117.46	166.46	165.94	19.550	1.0477e-05	0.028764
371.08	1.9113	434.32	0.0023024	26.438	26.694	104.27	117.21	191.21	394.06	0.85947	6.9579e-05	0.067085	0.0025477	54.004	0.018517	37.188	39.245	138.09	117.54	166.82	165.78	19.555	1.0490e-05	0.028813
371.25	1.9173	433.95	0.0023044	26.468	26.725	104.35	117.26	191.47	392.97	0.86658	6.9432e-05	0.067043	0.0025328	54.218	0.018444	37.198	39.253	138.10	117.62	167.18	165.62	19.559	1.0503e-05	0.028863
371.42	1.9234	433.57	0.0023064	26.499	26.756	104.44	117.32	191.74	391.89	0.87373	6.9286e-05	0.067001	0.0025181	54.432	0.018372	37.208	39.261	138.10	117.70	167.55	165.47	19.564	1.0516e-05	0.028913
371.59	1.9294	433.20	0.0023084	26.529	26.787	104.52	117.37	192.00	390.81	0.88092	6.9139e-05	0.066959	0.0025033	54.647	0.018299	37.218	39.270	138.11	117.78	167.92	165.31	19.569	1.0529e-05	0.028963
371.75	1.9355	432.82	0.0023104	26.559	26.819	104.60	117.42	192.26	389.73	0.88816	6.8994e-05	0.066917	0.0024886	54.862	0.018228	37.227	39.278	138.11	117.86	168.29	165.16	19.574	1.0542e-05	0.029013
371.92	1.9415	432.44	0.0023124	26.589	26.850	104.68	117.48	192.53	388.65	0.89544	6.8848e-05	0.066876	0.0024740	55.078	0.018156	37.237	39.286	138.12	117.94	168.66	165.00	19.579	1.0555e-05	0.029064
372.09	1.9476	432.07	0.0023145	26.619	26.881	104.76	117.53	192.80	387.57	0.90277	6.8703e-05	0.066835	0.0024594	55.294	0.018085	37.247	39.294	138.12	118.02	169.04	164.84	19.584	1.0568e-05	0.029114
372.25	1.9536	431.69	0.0023165	26.649	26.912	104.84	117.59	193.07	386.50	0.91014	6.8558e-05	0.066794	0.0024449	55.510	0.018015	37.257	39.302	138.13	118.10	169.42	164.68	19.589	1.0581e-05	0.029165
372.42	1.9597	431.31	0.0023185	26.678	26.943	104.92	117.64	193.34	385.42	0.91755	6.8414e-05	0.066752	0.0024304	55.727	0.017945	37.266	39.310	138.13	118.18	169.80	164.53	19.594	1.0594e-05	0.029215
372.58	1.9657	430.94	0.0023205	26.708	26.973	105.00	117.70	193.61	384.35	0.92502	6.8270e-05	0.066712	0.0024160	55.945	0.017875	37.276	39.318	138.14	118.26	170.18	164.37	19.599	1.0608e-05	0.029266
372.75	1.9718	430.56	0.0023226	26.738	27.004	105.08	117.75	193.88	383.28	0.93252	6.8126e-05	0.066671	0.0024016	56.163	0.017805	37.285	39.326	138.14	118.34	170.57	164.21	19.605	1.0621e-05	0.029317
372.91	1.9778	430.18	0.0023246	26.768	27.035	105.16	117.80	194.16	382.21	0.94008	6.7983e-05	0.066630	0.0023873	56.382	0.017736	37.295	39.334	138.14	118.42	170.95	164.05	19.610	1.0634e-05	0.029368
373.08	1.9839	429.81	0.0023266	26.798	27.066	105.24	117.86	194.43	381.14	0.94768	6.7840e-05	0.066590	0.0023730	56.601	0.017668	37.304	39.342	138.15	118.50	171.34	163.90	19.616	1.0647e-05	0.029420
373.24	1.9899	429.43	0.0023287	26.827	27.097	105.32	117.91	194.71	380.07	0.95533	6.7697e-05	0.066549	0.0023588	56.820	0.017599	37.314	39.349	138.15	118.58	171.74	163.74	19.621	1.0661e-05	0.029471
373.40	1.9960	429.05	0.0023307	26.857	27.127	105.41	117.97	194.99	379.01	0.96303	6.7554e-05	0.066509	0.0023446	57.040	0.017531	37.323	39.357	138.16	118.66	172.13	163.58	19.627	1.0674e-05	0.029523
373.57	2.0020	428.67	0.0023328	26.886	27.158	105.48	118.02	195.27	377.94	0.97078	6.7412e-05	0.066469	0.0023305	57.261	0.017464	37.333	39.365	138.16	118.74	172.53	163.42	19.632	1.0688e-05	0.029574
373.73	2.0080	428.29	0.0023348	26.916	27.189	105.56	118.08	195.55	376.88	0.97858	6.7271e-05	0.066429	0.0023164	57.482	0.017397	37.342	39.372	138.16	118.82	172.93	163.26	19.638	1.0701e-05	0.029626
373.89	2.0141	427.92	0.0023369	26.946	27.219	105.64	118.13	195.84	375.82	0.98643	6.7129e-05	0.066389	0.0023023	57.704	0.017330	37.351	39.380	138.17	118.90	173.33	163.10	19.644	1.0714e-05	0.029678
374.05	2.0201	427.54	0.0023390	26.975	27.250	105.72	118.18	196.12	374.76	0.99432	6.6988e-05	0.066350	0.0022884	57.926	0.017263	37.360	39.387	138.17	118.98	173.74	162.94	19.649	1.0728e-05	0.029730
374.22	2.0262	427.16	0.0023410	27.004	27.280	105.80	118.24	196.41	373.70	1.0023	6.6847e-05	0.066310	0.0022744	58.148	0.017197	37.369	39.395	138.18	119.06	174.15	162.79	19.655	1.0742e-05	0.029782
374.38	2.0322	426.78	0.0023431	27.034	27.311	105.88	118.29	196.70	372.64	1.0103	6.6707e-05	0.066271	0.0022605	58.372	0.017132	37.378	39.402	138.18	119.14	174.56	162.63	19.661	1.0755e-05	0.029835
374.54	2.0383	426.40	0.0023452	27.063	27.341	105.96	118.35	196.99	371.59	1.0183	6.6567e-05	0.066232	0.0022467	58.595	0.017066	37.387	39.409	138.18	119.22	174.97	162.47	19.667	1.0769e-05	0.029887
374.70	2.0443	426.02	0.0023473	27.093	27.372	106.04	118.40	197.28	370.53	1.0264	6.6427e-05	0.066192	0.0022329	58.820	0.017001	37.396	39.417	138.19	119.31	175.39	162.31	19.673	1.0782e-05	0.029940
374.86	2.0504	425.64	0.0023494	27.122	27.402	106.12	118.45	197.57	369.48	1.0346	6.6287e-05	0.066153	0.0022192	59.044	0.016936	37.405	39.424	138.19	119.39	175.81	162.15	19.679	1.0796e-05	0.029993
375.02	2.0564	425.26	0.0023515	27.151	27.432	106.20	118.51	197.87	368.43	1.0428	6.6148e-05	0.066115	0.0022055	59.270	0.016872	37.414	39.431	138.19	119.47	176.23	161.99	19.685	1.0810e-05	0.030046
375.18	2.0625	424.88	0.0023536	27.180	27.463	106.28	118.56	198.17	367.38	1.0510	6.6009e-05	0.066076	0.0021918	59.496	0.016808	37.423	39.438	138.20	119.55	176.66	161.83	19.692	1.0824e-05	0.030099
375.34	2.0685	424.50	0.0023557	27.210	27.493	106.36	118.62	198.47	366.33	1.0594	6.5870e-05	0.066037	0.0021782	59.722	0.016744	37.432	39.445	138.20	119.63	177.09	161.67	19.698	1.0838e-05	0.030152
375.50	2.0746	424.12	0.0023578	27.239	27.523	106.43	118.67	198.77	365.28	1.0677	6.5732e-05	0.065999	0.0021646	59.949	0.016681	37.441	39.452	138.20	119.71	177.52	161.51	19.704	1.0851e-05	0.030206
375.65	2.0806	423.74	0.0023599	27.268	27.553	106.51	118.73	199.07	364.23	1.0762	6.5594e-05	0.065960	0.0021511	60.177	0.016618	37.449	39.459	138.21	119.79	177.95	161.35	19.710	1.0865e-05	0.030260
375.81	2.0867	423.36	0.0023620	27.297	27.583	106.59	118.78	199.38	363.19	1.0846	6.5456e-05	0.065922	0.0021377	60.405	0.016555	37.458	39.466	138.21	119.87	178.39	161.19	19.717	1.0879e-05	0.030313
375.97	2.0927	422.98	0.0023642	27.326	27.614	106.67	118.83	199.68	362.14	1.0932	6.5318e-05	0.065884	0.0021243	60.633	0.016493	37.467	39.473	138.21	119.95	178.83	161.02	19.723	1.0893e-05	0.030367
376.13	2.0988	422.60	0.0023663	27.355	27.644	106.75	118.89	199.99	361.10	1.1018	6.5181e-05	0.065846	0.0021109	60.862	0.016430	37.475	39.480	138.21	120.03	179.27	160.86	19.730	1.0907e-05	0.030421
376.28	2.1048	422.22	0.0023684	27.384	27.674	106.82	118.94	200.30	360.06	1.1104	6.5044e-05	0.065808	0.0020976	61.092	0.016369	37.484	39.486	138.22	120.12	179.72	160.70	19.737	1.0921e-05	0.030476
376.44	2.1109	421.84	0.0023706	27.413	27.704	106.90	119.00	200.61	359.02	1.1192	6.4908e-05	0.065771	0.0020843	61.323	0.016307	37.492	39.493	138.22	120.20	180.17	160.54	19.743	1.0936e-05	0.030530
376.60	2.1169	421.46	0.0023727	27.442	27.734	106.98	119.05	200.93	357.98	1.1279	6.4771e-05	0.065733	0.0020710	61.554	0.016246	37.501	39.500	138.22	120.28	180.62	160.38	19.750	1.0950e-05	0.030585
376.75	2.1230	421.07	0.0023749	27.471	27.764	107.06	119.10	201.25	356.94	1.1368	6.4635e-05	0.065696	0.0020579	61.785	0.016185	37.509	39.506	138.22	120.36	181.08	160.22	19.757	1.0964e-05	0.030640
376.91	2.1290	420.69	0.0023770	27.500	27.794	107.13	119.16	201.56	355.90	1.1456	6.4499e-05	0.065658	0.0020447	62.017	0.016125	37.518	39.513	138.23	120.44	181.54	160.06	19.764	1.0978e-05	0.030695
377.06	2.1351	420.31	0.0023792	27.528	27.824	107.21	119.21	201.89	354.86	1.1546	6.4363e-05	0.065621	0.0020316	62.250	0.016064	37.526	39.519	138.23	120.52	182.00	159.89	19.770	1.0993e-05	0.030750
377.22	2.1411	419.92	0.0023814	27.557	27.854	107.29	119.27	202.21	353.83	1.1636	6.4228e-05	0.065584	0.0020186	62.483	0.016004	37.534	39.526	138.23	120.60	182.47	159.73	19.777	1.1007e-05	0.030805
377.37	2.1472	419.54	0.0023836	27.586	27.883	107.36	119.32	202.53	352.80	1.1727	6.4093e-05	0.065547	0.0020056	62.717	0.015945	37.542	39.532	138.23	120.68	182.94	159.57	19.784	1.1021e-05	0.030861
377.53	2.1532	419.16	0.0023857	27.615	27.913	107.44	119.37	202.86	351.76	1.1818	6.3958e-05	0.065510	0.0019926	62.951	0.015885	37.550	39.538	138.23	120.77	183.41	159.41	19.791	1.1036e-05	0.030916
377.68	2.1593	418.77	0.0023879	27.643	27.943	107.52	119.43	203.19	350.73	1.1910	6.3823e-05	0.065473	0.0019797	63.187	0.015826	37.559	39.545	138.24	120.85	183.89	159.24	19.798	1.1050e-05	0.030972
377.83	2.1653	418.39	0.0023901	27.672	27.973	107.59	119.48	203.52	349.70	1.2003	6.3689e-05	0.065437	0.0019668	63.422	0.015767	37.567	39.551	138.24	120.93	184.37	159.08	19.806	1.1065e-05	0.031028
377.99	2.1714	418.00	0.0023923	27.701	28.003	107.67	119.54	203.85	348.67	1.2096	6.3555e-05	0.065400	0.0019540	63.658	0.015709	37.575	39.557	138.24	121.01	184.85	158.92	19.813	1.1079e-05	0.031085
378.14	2.1774	417.62	0.0023945	27.729	28.032	107.75	119.59	204.19	347.64	1.2190	6.3421e-05	0.065364	0.0019412	63.895	0.015651	37.583	39.563	138.24	121.09	185.34	158.75	19.820	1.1094e-05	0.031141
378.29	2.1834	417.23	0.0023967	27.758	28.062	107.82	119.65	204.53	346.62	1.2285	6.3287e-05	0.065328	0.0019284	64.133	0.015593	37.591	39.569	138.24	121.18	185.83	158.59	19.827	1.1109e-05	0.031198
378.45	2.1895	416.85	0.0023990	27.786	28.092	107.90	119.70	204.87	345.59	1.2380	6.3154e-05	0.065292	0.0019157	64.371	0.015535	37.598	39.575	138.24	121.26	186.33	158.43	19.835	1.1123e-05	0.031254
378.60	2.1955	416.46	0.0024012	27.815	28.121	107.98	119.76	205.21	344.56	1.2476	6.3021e-05	0.065256	0.0019031	64.610	0.015478	37.606	39.581	138.25	121.34	186.83	158.26	19.842	1.1138e-05	0.031311
378.75	2.2016	416.08	0.0024034	27.843	28.151	108.05	119.81	205.56	343.54	1.2573	6.2888e-05	0.065220	0.0018905	64.849	0.015420	37.614	39.587	138.25	121.42	187.33	158.10	19.850	1.1153e-05	0.031369
378.90	2.2076	415.69	0.0024056	27.872	28.180	108.13	119.86	205.90	342.52	1.2670	6.2755e-05	0.065184	0.0018779	65.089	0.015364	37.622	39.593	138.25	121.50	187.84	157.93	19.857	1.1168e-05	0.031426
379.05	2.2137	415.30	0.0024079	27.900	28.210	108.20	119.92	206.25	341.49	1.2768	6.2623e-05	0.065149	0.0018654	65.330	0.015307	37.630	39.599	138.25	121.59	188.35	157.77	19.865	1.1183e-05	0.031484
379.20	2.2197	414.91	0.0024101	27.928	28.239	108.28	119.97	206.61	340.47	1.2867	6.2491e-05	0.065113	0.0018529	65.571	0.015251	37.637	39.605	138.25	121.67	188.86	157.61	19.872	1.1198e-05	0.031541
379.35	2.2258	414.53	0.0024124	27.957	28.269	108.35	120.03	206.96	339.45	1.2966	6.2359e-05	0.065078	0.0018404	65.813	0.015194	37.645	39.610	138.25	121.75	189.38	157.44	19.880	1.1213e-05	0.031599
379.50	2.2318	414.14	0.0024147	27.985	28.298	108.43	120.08	207.32	338.43	1.3066	6.2227e-05	0.065043	0.0018280	66.056	0.015139	37.652	39.616	138.25	121.83	189.90	157.28	19.888	1.1228e-05	0.031658
379.65	2.2379	413.75	0.0024169	28.013	28.328	108.50	120.14	207.68	337.41	1.3167	6.2095e-05	0.065008	0.0018157	66.299	0.015083	37.660	39.622	138.25	121.91	190.43	157.11	19.895	1.1243e-05	0.031716
379.80	2.2439	413.36	0.0024192	28.042	28.357	108.58	120.19	208.04	336.40	1.3269	6.1964e-05	0.064973	0.0018034	66.543	0.015028	37.667	39.627	138.25	122.00	190.96	156.95	19.903	1.1258e-05	0.031775
379.95	2.2500	412.97	0.0024215	28.070	28.387	108.66	120.25	208.41	335.38	1.3371	6.1833e-05	0.064938	0.0017911	66.788	0.014973	37.675	39.633	138.25	122.08	191.50	156.78	19.911	1.1273e-05	0.031834
380.10	2.2560	412.58	0.0024238	28.098	28.416	108.73	120.30	208.78	334.37	1.3474	6.1702e-05	0.064903	0.0017789	67.033	0.014918	37.682	39.638	138.25	122.16	192.03	156.61	19.919	1.1289e-05	0.031893
380.25	2.2621	412.19	0.0024261	28.126	28.445	108.81	120.36	209.15	333.35	1.3578	6.1571e-05	0.064868	0.0017667	67.279	0.014863	37.690	39.644	138.26	122.24	192.58	156.45	19.927	1.1304e-05	0.031952
380.40	2.2681	411.80	0.0024284	28.155	28.475	108.88	120.41	209.52	332.34	1.3683	6.1441e-05	0.064834	0.0017545	67.526	0.014809	37.697	39.649	138.26	122.33	193.13	156.28	19.935	1.1319e-05	0.032011
380.55	2.2742	411.41	0.0024307	28.183	28.504	108.95	120.46	209.90	331.33	1.3788	6.1310e-05	0.064799	0.0017424	67.773	0.014755	37.704	39.654	138.26	122.41	193.68	156.12	19.943	1.1335e-05	0.032071
380.69	2.2802	411.02	0.0024330	28.211	28.533	109.03	120.52	210.28	330.31	1.3895	6.1180e-05	0.064765	0.0017304	68.021	0.014701	37.711	39.660	138.26	122.49	194.24	155.95	19.951	1.1350e-05	0.032131
380.84	2.2863	410.63	0.0024353	28.239	28.563	109.10	120.57	210.66	329.30	1.4002	6.1050e-05	0.064731	0.0017184	68.270	0.014648	37.718	39.665	138.26	122.58	194.80	155.78	19.959	1.1366e-05	0.032191
380.99	2.2923	410.23	0.0024376	28.267	28.592	109.18	120.63	211.04	328.29	1.4109	6.0921e-05	0.064697	0.0017064	68.520	0.014594	37.725	39.670	138.26	122.66	195.37	155.62	19.967	1.1382e-05	0.032252
381.13	2.2984	409.84	0.0024400	28.295	28.621	109.25	120.68	211.43	327.28	1.4218	6.0791e-05	0.064663	0.0016944	68.770	0.014541	37.733	39.675	138.26	122.74	195.94	155.45	19.976	1.1397e-05	0.032312
381.28	2.3044	409.45	0.0024423	28.323	28.650	109.33	120.74	211.82	326.28	1.4328	6.0662e-05	0.064629	0.0016826	69.021	0.014488	37.740	39.680	138.26	122.82	196.51	155.28	19.984	1.1413e-05	0.032373
381.43	2.3105	409.05	0.0024447	28.351	28.679	109.40	120.79	212.22	325.27	1.4438	6.0533e-05	0.064596	0.0016707	69.272	0.014436	37.747	39.685	138.26	122.91	197.10	155.12	19.992	1.1429e-05	0.032434
381.57	2.3165	408.66	0.0024470	28.379	28.708	109.48	120.85	212.61	324.26	1.4549	6.0404e-05	0.064562	0.0016589	69.524	0.014383	37.753	39.690	138.26	122.99	197.68	154.95	20.001	1.1445e-05	0.032495
381.72	2.3226	408.26	0.0024494	28.407	28.738	109.55	120.91	213.01	323.26	1.4661	6.0275e-05	0.064529	0.0016471	69.778	0.014331	37.760	39.695	138.25	123.07	198.27	154.78	20.009	1.1460e-05	0.032557
381.86	2.3286	407.87	0.0024518	28.435	28.767	109.62	120.96	213.42	322.25	1.4774	6.0146e-05	0.064496	0.0016354	70.031	0.014279	37.767	39.700	138.25	123.16	198.87	154.62	20.018	1.1476e-05	0.032619
382.01	2.3347	407.47	0.0024542	28.463	28.796	109.70	121.02	213.83	321.25	1.4887	6.0018e-05	0.064463	0.0016237	70.286	0.014228	37.774	39.705	138.25	123.24	199.47	154.45	20.026	1.1492e-05	0.032681
382.15	2.3407	407.08	0.0024565	28.491	28.825	109.77	121.07	214.24	320.24	1.5002	5.9890e-05	0.064430	0.0016120	70.541	0.014176	37.781	39.709	138.25	123.32	200.08	154.28	20.035	1.1508e-05	0.032743
382.30	2.3468	406.68	0.0024589	28.518	28.854	109.84	121.13	214.65	319.24	1.5117	5.9762e-05	0.064397	0.0016004	70.797	0.014125	37.787	39.714	138.25	123.41	200.69	154.11	20.043	1.1525e-05	0.032806
382.44	2.3528	406.28	0.0024613	28.546	28.883	109.92	121.18	215.07	318.24	1.5234	5.9634e-05	0.064364	0.0015888	71.054	0.014074	37.794	39.719	138.25	123.49	201.31	153.94	20.052	1.1541e-05	0.032869
382.59	2.3589	405.88	0.0024638	28.574	28.912	109.99	121.24	215.49	317.24	1.5351	5.9506e-05	0.064331	0.0015773	71.312	0.014023	37.801	39.723	138.25	123.57	201.93	153.78	20.060	1.1557e-05	0.032932
382.73	2.3649	405.49	0.0024662	28.602	28.941	110.07	121.29	215.91	316.24	1.5469	5.9379e-05	0.064299	0.0015658	71.570	0.013972	37.807	39.728	138.25	123.66	202.56	153.61	20.069	1.1573e-05	0.032995
382.87	2.3709	405.09	0.0024686	28.630	28.970	110.14	121.35	216.34	315.24	1.5588	5.9251e-05	0.064266	0.0015544	71.829	0.013922	37.814	39.732	138.25	123.74	203.19	153.44	20.078	1.1590e-05	0.033059
383.02	2.3770	404.69	0.0024710	28.657	28.999	110.21	121.41	216.77	314.24	1.5708	5.9124e-05	0.064234	0.0015430	72.089	0.013872	37.820	39.736	138.25	123.83	203.83	153.27	20.087	1.1606e-05	0.033122
383.16	2.3830	404.29	0.0024735	28.685	29.028	110.29	121.46	217.20	313.25	1.5829	5.8997e-05	0.064202	0.0015316	72.350	0.013822	37.826	39.741	138.25	123.91	204.48	153.10	20.096	1.1623e-05	0.033187
383.30	2.3891	403.89	0.0024759	28.713	29.057	110.36	121.52	217.64	312.25	1.5951	5.8870e-05	0.064170	0.0015203	72.611	0.013772	37.833	39.745	138.24	123.99	205.13	152.93	20.105	1.1639e-05	0.033251
383.44	2.3951	403.49	0.0024784	28.740	29.085	110.43	121.57	218.08	311.25	1.6074	5.8743e-05	0.064138	0.0015090	72.873	0.013722	37.839	39.749	138.24	124.08	205.79	152.76	20.113	1.1656e-05	0.033316
383.59	2.4012	403.08	0.0024809	28.768	29.114	110.50	121.63	218.53	310.26	1.6198	5.8617e-05	0.064106	0.0014977	73.136	0.013673	37.845	39.754	138.24	124.16	206.45	152.59	20.122	1.1672e-05	0.033381
383.73	2.4072	402.68	0.0024834	28.796	29.143	110.58	121.69	218.98	309.26	1.6323	5.8490e-05	0.064075	0.0014865	73.400	0.013624	37.851	39.758	138.24	124.25	207.12	152.42	20.131	1.1689e-05	0.033446
383.87	2.4133	402.28	0.0024858	28.823	29.172	110.65	121.74	219.43	308.27	1.6449	5.8364e-05	0.064043	0.0014753	73.665	0.013575	37.858	39.762	138.24	124.33	207.79	152.25	20.141	1.1706e-05	0.033511
384.01	2.4193	401.87	0.0024883	28.851	29.201	110.72	121.80	219.89	307.28	1.6576	5.8238e-05	0.064012	0.0014642	73.930	0.013526	37.864	39.766	138.24	124.42	208.48	152.08	20.150	1.1723e-05	0.033577
384.15	2.4254	401.47	0.0024908	28.878	29.230	110.80	121.86	220.35	306.28	1.6704	5.8112e-05	0.063980	0.0014531	74.197	0.013478	37.870	39.770	138.23	124.50	209.16	151.91	20.159	1.1740e-05	0.033643
384.29	2.4314	401.07	0.0024934	28.906	29.258	110.87	121.91	220.82	305.29	1.6833	5.7986e-05	0.063949	0.0014420	74.464	0.013429	37.876	39.774	138.23	124.59	209.86	151.74	20.168	1.1757e-05	0.033709
384.43	2.4375	400.66	0.0024959	28.934	29.287	110.94	121.97	221.29	304.30	1.6963	5.7861e-05	0.063918	0.0014310	74.732	0.013381	37.882	39.777	138.23	124.67	210.56	151.57	20.177	1.1774e-05	0.033776
384.57	2.4435	400.25	0.0024984	28.961	29.316	111.01	122.03	221.76	303.31	1.7094	5.7735e-05	0.063887	0.0014200	75.001	0.013333	37.888	39.781	138.23	124.75	211.27	151.40	20.186	1.1791e-05	0.033843
384.71	2.4496	399.85	0.0025010	28.989	29.345	111.09	122.08	222.24	302.32	1.7227	5.7610e-05	0.063857	0.0014091	75.271	0.013285	37.894	39.785	138.22	124.84	211.99	151.23	20.196	1.1808e-05	0.033910
384.85	2.4556	399.44	0.0025035	29.016	29.373	111.16	122.14	222.72	301.33	1.7360	5.7484e-05	0.063826	0.0013982	75.541	0.013238	37.899	39.789	138.22	124.92	212.71	151.06	20.205	1.1826e-05	0.033978
384.99	2.4617	399.03	0.0025061	29.043	29.402	111.23	122.20	223.21	300.34	1.7494	5.7359e-05	0.063796	0.0013873	75.813	0.013190	37.905	39.792	138.22	125.01	213.44	150.89	20.214	1.1843e-05	0.034046
385.13	2.4677	398.62	0.0025086	29.071	29.431	111.30	122.25	223.70	299.36	1.7630	5.7234e-05	0.063765	0.0013765	76.085	0.013143	37.911	39.796	138.22	125.10	214.17	150.71	20.224	1.1860e-05	0.034114
385.27	2.4738	398.21	0.0025112	29.098	29.459	111.38	122.31	224.20	298.37	1.7767	5.7109e-05	0.063735	0.0013657	76.359	0.013096	37.917	39.799	138.21	125.18	214.92	150.54	20.233	1.1878e-05	0.034183
385.41	2.4798	397.80	0.0025138	29.126	29.488	111.45	122.37	224.70	297.38	1.7905	5.6984e-05	0.063705	0.0013549	76.633	0.013049	37.922	39.803	138.21	125.27	215.67	150.37	20.243	1.1895e-05	0.034251
385.55	2.4859	397.39	0.0025164	29.153	29.517	111.52	122.43	225.20	296.40	1.8044	5.6860e-05	0.063675	0.0013442	76.908	0.013003	37.928	39.806	138.21	125.35	216.43	150.20	20.252	1.1913e-05	0.034321
385.68	2.4919	396.98	0.0025190	29.181	29.545	111.59	122.48	225.71	295.41	1.8184	5.6735e-05	0.063645	0.0013335	77.184	0.012956	37.933	39.810	138.20	125.44	217.19	150.03	20.262	1.1931e-05	0.034390
385.82	2.4980	396.57	0.0025216	29.208	29.574	111.66	122.54	226.23	294.43	1.8325	5.6611e-05	0.063616	0.0013229	77.461	0.012910	37.939	39.813	138.20	125.52	217.97	149.85	20.271	1.1949e-05	0.034460
385.96	2.5040	396.16	0.0025243	29.235	29.603	111.74	122.60	226.75	293.44	1.8468	5.6486e-05	0.063586	0.0013123	77.739	0.012864	37.944	39.816	138.20	125.61	218.75	149.68	20.281	1.1966e-05	0.034530
386.10	2.5101	395.74	0.0025269	29.263	29.631	111.81	122.66	227.28	292.46	1.8612	5.6362e-05	0.063557	0.0013017	78.018	0.012818	37.949	39.819	138.19	125.70	219.54	149.51	20.290	1.1984e-05	0.034600
386.23	2.5161	395.33	0.0025296	29.290	29.660	111.88	122.71	227.81	291.48	1.8757	5.6238e-05	0.063527	0.0012912	78.297	0.012772	37.955	39.823	138.19	125.78	220.34	149.34	20.300	1.2002e-05	0.034671
386.37	2.5222	394.91	0.0025322	29.317	29.688	111.95	122.77	228.34	290.49	1.8903	5.6114e-05	0.063498	0.0012807	78.578	0.012726	37.960	39.826	138.19	125.87	221.14	149.16	20.310	1.2020e-05	0.034742
386.51	2.5282	394.50	0.0025349	29.345	29.717	112.02	122.83	228.88	289.51	1.9051	5.5990e-05	0.063469	0.0012703	78.860	0.012681	37.965	39.829	138.18	125.95	221.96	148.99	20.319	1.2039e-05	0.034814
386.64	2.5343	394.08	0.0025376	29.372	29.746	112.09	122.89	229.43	288.53	1.9200	5.5867e-05	0.063440	0.0012599	79.142	0.012635	37.970	39.832	138.18	126.04	222.78	148.81	20.329	1.2057e-05	0.034886
386.78	2.5403	393.66	0.0025403	29.399	29.774	112.17	122.95	229.98	287.55	1.9350	5.5743e-05	0.063412	0.0012495	79.426	0.012590	37.976	39.834	138.18	126.13	223.62	148.64	20.339	1.2075e-05	0.034958
386.91	2.5463	393.24	0.0025430	29.426	29.803	112.24	123.01	230.54	286.57	1.9502	5.5619e-05	0.063383	0.0012391	79.710	0.012545	37.981	39.837	138.17	126.21	224.46	148.47	20.349	1.2094e-05	0.035031
387.05	2.5524	392.82	0.0025457	29.454	29.831	112.31	123.07	231.10	285.59	1.9655	5.5496e-05	0.063355	0.0012288	79.996	0.012501	37.986	39.840	138.17	126.30	225.31	148.29	20.359	1.2112e-05	0.035104
387.19	2.5584	392.40	0.0025484	29.481	29.860	112.38	123.13	231.67	284.61	1.9809	5.5372e-05	0.063327	0.0012186	80.283	0.012456	37.991	39.843	138.16	126.39	226.17	148.12	20.368	1.2131e-05	0.035177
387.32	2.5645	391.98	0.0025511	29.508	29.888	112.45	123.18	232.25	283.63	1.9965	5.5249e-05	0.063298	0.0012084	80.570	0.012412	37.995	39.845	138.16	126.47	227.03	147.94	20.378	1.2149e-05	0.035251
387.46	2.5705	391.56	0.0025539	29.535	29.917	112.52	123.24	232.83	282.66	2.0122	5.5126e-05	0.063270	0.0011982	80.859	0.012367	38.000	39.848	138.15	126.56	227.91	147.77	20.388	1.2168e-05	0.035325
387.59	2.5766	391.14	0.0025566	29.562	29.945	112.59	123.30	233.42	281.68	2.0280	5.5003e-05	0.063243	0.0011880	81.148	0.012323	38.005	39.851	138.15	126.65	228.80	147.60	20.398	1.2187e-05	0.035399
387.72	2.5826	390.71	0.0025594	29.590	29.974	112.66	123.36	234.01	280.70	2.0440	5.4880e-05	0.063215	0.0011779	81.439	0.012279	38.010	39.853	138.14	126.74	229.70	147.42	20.408	1.2206e-05	0.035474
387.86	2.5887	390.29	0.0025622	29.617	30.002	112.74	123.42	234.61	279.73	2.0602	5.4757e-05	0.063187	0.0011678	81.731	0.012235	38.015	39.856	138.14	126.82	230.61	147.24	20.418	1.2225e-05	0.035549
387.99	2.5947	389.86	0.0025650	29.644	30.031	112.81	123.48	235.21	278.75	2.0764	5.4634e-05	0.063160	0.0011578	82.024	0.012192	38.019	39.858	138.13	126.91	231.52	147.07	20.428	1.2244e-05	0.035625
388.13	2.6008	389.44	0.0025678	29.671	30.059	112.88	123.54	235.83	277.77	2.0929	5.4511e-05	0.063133	0.0011478	82.318	0.012148	38.024	39.860	138.13	127.00	232.45	146.89	20.438	1.2263e-05	0.035701
388.26	2.6068	389.01	0.0025706	29.698	30.088	112.95	123.60	236.45	276.80	2.1095	5.4388e-05	0.063106	0.0011378	82.613	0.012105	38.028	39.862	138.12	127.09	233.39	146.72	20.448	1.2282e-05	0.035778
388.39	2.6129	388.58	0.0025735	29.725	30.116	113.02	123.66	237.07	275.82	2.1262	5.4266e-05	0.063079	0.0011279	82.909	0.012061	38.033	39.865	138.12	127.18	234.34	146.54	20.458	1.2302e-05	0.035855
388.52	2.6189	388.15	0.0025763	29.752	30.145	113.09	123.72	237.71	274.85	2.1431	5.4143e-05	0.063052	0.0011180	83.206	0.012018	38.037	39.867	138.11	127.27	235.30	146.37	20.468	1.2321e-05	0.035932
388.66	2.6250	387.72	0.0025792	29.779	30.173	113.16	123.78	238.35	273.88	2.1601	5.4021e-05	0.063026	0.0011081	83.504	0.011975	38.042	39.869	138.11	127.35	236.27	146.19	20.479	1.2341e-05	0.036010
388.79	2.6310	387.29	0.0025820	29.807	30.201	113.23	123.84	238.99	272.90	2.1774	5.3898e-05	0.062999	0.0010983	83.804	0.011933	38.046	39.871	138.10	127.44	237.26	146.01	20.489	1.2360e-05	0.036088
388.92	2.6371	386.86	0.0025849	29.834	30.230	113.30	123.91	239.65	271.93	2.1947	5.3776e-05	0.062973	0.0010885	84.104	0.011890	38.050	39.873	138.10	127.53	238.25	145.84	20.499	1.2380e-05	0.036167
389.05	2.6431	386.43	0.0025878	29.861	30.258	113.37	123.97	240.31	270.96	2.2123	5.3654e-05	0.062947	0.0010787	84.406	0.011848	38.054	39.875	138.09	127.62	239.26	145.66	20.509	1.2400e-05	0.036246
389.18	2.6492	385.99	0.0025907	29.888	30.287	113.44	124.03	240.98	269.99	2.2300	5.3531e-05	0.062921	0.0010690	84.709	0.011805	38.059	39.876	138.08	127.71	240.28	145.48	20.519	1.2420e-05	0.036325
389.32	2.6552	385.56	0.0025936	29.915	30.315	113.52	124.09	241.66	269.02	2.2478	5.3409e-05	0.062895	0.0010593	85.013	0.011763	38.063	39.878	138.08	127.80	241.31	145.31	20.529	1.2440e-05	0.036405
389.45	2.6613	385.12	0.0025966	29.942	30.344	113.59	124.15	242.34	268.04	2.2659	5.3287e-05	0.062870	0.0010497	85.318	0.011721	38.067	39.880	138.07	127.89	242.35	145.13	20.540	1.2460e-05	0.036486
389.58	2.6673	384.69	0.0025995	29.969	30.372	113.66	124.21	243.04	267.07	2.2841	5.3165e-05	0.062845	0.0010401	85.624	0.011679	38.071	39.881	138.07	127.98	243.41	144.95	20.550	1.2480e-05	0.036567
389.71	2.6734	384.25	0.0026025	29.996	30.400	113.73	124.28	243.74	266.10	2.3025	5.3043e-05	0.062819	0.0010305	85.932	0.011637	38.075	39.883	138.06	128.07	244.48	144.77	20.560	1.2500e-05	0.036648
389.84	2.6794	383.81	0.0026055	30.023	30.429	113.80	124.34	244.45	265.13	2.3211	5.2921e-05	0.062794	0.0010210	86.241	0.011595	38.079	39.884	138.05	128.16	245.56	144.59	20.570	1.2521e-05	0.036730
389.97	2.6855	383.37	0.0026085	30.050	30.457	113.87	124.40	245.17	264.16	2.3398	5.2799e-05	0.062769	0.0010115	86.551	0.011554	38.082	39.886	138.05	128.25	246.65	144.42	20.581	1.2541e-05	0.036812
390.10	2.6915	382.93	0.0026115	30.077	30.486	113.94	124.46	245.89	263.19	2.3587	5.2677e-05	0.062745	0.0010020	86.862	0.011513	38.086	39.887	138.04	128.34	247.76	144.24	20.591	1.2562e-05	0.036895
390.23	2.6976	382.48	0.0026145	30.104	30.514	114.01	124.53	246.63	262.23	2.3779	5.2555e-05	0.062720	0.00099258	87.175	0.011471	38.090	39.888	138.03	128.43	248.89	144.06	20.601	1.2583e-05	0.036978
390.36	2.7036	382.04	0.0026175	30.131	30.543	114.08	124.59	247.37	261.26	2.3972	5.2433e-05	0.062696	0.00098318	87.488	0.011430	38.093	39.890	138.02	128.52	250.02	143.88	20.611	1.2604e-05	0.037062
390.49	2.7097	381.60	0.0026206	30.158	30.571	114.15	124.65	248.13	260.29	2.4167	5.2311e-05	0.062672	0.00097383	87.804	0.011389	38.097	39.891	138.02	128.61	251.18	143.70	20.622	1.2624e-05	0.037147
390.62	2.7157	381.15	0.0026236	30.185	30.599	114.22	124.72	248.89	259.32	2.4364	5.2189e-05	0.062648	0.00096450	88.120	0.011348	38.101	39.892	138.01	128.70	252.34	143.52	20.632	1.2645e-05	0.037232
390.75	2.7218	380.70	0.0026267	30.212	30.628	114.29	124.78	249.66	258.35	2.4563	5.2067e-05	0.062624	0.00095522	88.438	0.011307	38.104	39.893	138.00	128.79	253.53	143.34	20.642	1.2667e-05	0.037317
390.87	2.7278	380.25	0.0026298	30.239	30.656	114.36	124.84	250.45	257.39	2.4764	5.1945e-05	0.062601	0.00094597	88.757	0.011267	38.107	39.894	137.99	128.89	254.72	143.16	20.653	1.2688e-05	0.037403
391.00	2.7338	379.80	0.0026329	30.266	30.685	114.43	124.91	251.24	256.42	2.4967	5.1824e-05	0.062578	0.00093675	89.077	0.011226	38.111	39.895	137.99	128.98	255.94	142.98	20.663	1.2709e-05	0.037489
391.13	2.7399	379.35	0.0026361	30.293	30.713	114.50	124.97	252.04	255.45	2.5172	5.1702e-05	0.062555	0.00092757	89.399	0.011186	38.114	39.895	137.98	129.07	257.17	142.80	20.673	1.2731e-05	0.037577
391.26	2.7459	378.90	0.0026392	30.320	30.741	114.57	125.04	252.86	254.49	2.5379	5.1580e-05	0.062532	0.00091842	89.722	0.011146	38.117	39.896	137.97	129.16	258.41	142.62	20.684	1.2752e-05	0.037664
391.39	2.7520	378.45	0.0026424	30.347	30.770	114.64	125.10	253.68	253.52	2.5588	5.1458e-05	0.062509	0.00090931	90.046	0.011105	38.121	39.897	137.96	129.25	259.68	142.44	20.694	1.2774e-05	0.037752
391.51	2.7580	377.99	0.0026455	30.374	30.798	114.71	125.17	254.52	252.55	2.5799	5.1337e-05	0.062487	0.00090024	90.372	0.011065	38.124	39.897	137.95	129.35	260.96	142.26	20.704	1.2796e-05	0.037841
391.64	2.7641	377.54	0.0026487	30.401	30.827	114.78	125.23	255.36	251.59	2.6013	5.1215e-05	0.062464	0.00089120	90.699	0.011025	38.127	39.898	137.94	129.44	262.25	142.08	20.714	1.2818e-05	0.037931
391.77	2.7701	377.08	0.0026520	30.428	30.855	114.85	125.30	256.22	250.62	2.6229	5.1093e-05	0.062442	0.00088220	91.028	0.010986	38.130	39.898	137.94	129.53	263.57	141.90	20.725	1.2840e-05	0.038020
391.89	2.7762	376.62	0.0026552	30.455	30.884	114.92	125.36	257.09	249.66	2.6447	5.0971e-05	0.062421	0.00087323	91.358	0.010946	38.133	39.899	137.93	129.63	264.90	141.72	20.735	1.2862e-05	0.038111
392.02	2.7822	376.16	0.0026584	30.482	30.912	114.99	125.43	257.97	248.69	2.6667	5.0850e-05	0.062399	0.00086430	91.690	0.010906	38.135	39.899	137.92	129.72	266.26	141.54	20.745	1.2884e-05	0.038202
392.15	2.7883	375.70	0.0026617	30.509	30.941	115.06	125.50	258.86	247.73	2.6890	5.0728e-05	0.062378	0.00085540	92.023	0.010867	38.138	39.899	137.91	129.81	267.63	141.36	20.756	1.2907e-05	0.038294
392.27	2.7943	375.24	0.0026650	30.536	30.969	115.13	125.56	259.77	246.77	2.7115	5.0606e-05	0.062357	0.00084653	92.358	0.010827	38.141	39.899	137.90	129.91	269.02	141.17	20.766	1.2929e-05	0.038386
392.40	2.8004	374.77	0.0026683	30.563	30.998	115.20	125.63	260.68	245.80	2.7342	5.0484e-05	0.062336	0.00083771	92.694	0.010788	38.144	39.900	137.89	130.00	270.43	140.99	20.776	1.2952e-05	0.038480
392.53	2.8064	374.31	0.0026716	30.590	31.026	115.27	125.70	261.61	244.84	2.7572	5.0362e-05	0.062316	0.00082891	93.031	0.010749	38.146	39.900	137.88	130.10	271.86	140.81	20.786	1.2975e-05	0.038573
392.65	2.8125	373.84	0.0026749	30.617	31.055	115.34	125.77	262.56	243.87	2.7804	5.0241e-05	0.062295	0.00082016	93.371	0.010710	38.149	39.900	137.87	130.19	273.31	140.63	20.797	1.2998e-05	0.038668
392.78	2.8185	373.37	0.0026783	30.644	31.083	115.41	125.83	263.52	242.91	2.8039	5.0119e-05	0.062275	0.00081143	93.711	0.010671	38.151	39.899	137.86	130.29	274.79	140.44	20.807	1.3021e-05	0.038763
392.90	2.8246	372.90	0.0026817	30.671	31.112	115.49	125.90	264.49	241.95	2.8276	4.9997e-05	0.062255	0.00080275	94.054	0.010632	38.154	39.899	137.85	130.38	276.28	140.26	20.817	1.3044e-05	0.038858
393.03	2.8306	372.43	0.0026851	30.698	31.140	115.56	125.97	265.47	240.98	2.8516	4.9875e-05	0.062236	0.00079409	94.398	0.010593	38.156	39.899	137.84	130.48	277.80	140.08	20.827	1.3067e-05	0.038955
393.15	2.8367	371.96	0.0026885	30.725	31.169	115.63	126.04	266.47	240.02	2.8759	4.9753e-05	0.062217	0.00078548	94.743	0.010555	38.158	39.898	137.83	130.57	279.34	139.90	20.837	1.3091e-05	0.039052
393.28	2.8427	371.48	0.0026919	30.753	31.197	115.70	126.11	267.49	239.06	2.9004	4.9631e-05	0.062198	0.00077690	95.090	0.010516	38.160	39.898	137.82	130.67	280.91	139.71	20.847	1.3114e-05	0.039150
393.40	2.8488	371.01	0.0026954	30.780	31.226	115.77	126.18	268.52	238.09	2.9252	4.9509e-05	0.062179	0.00076835	95.439	0.010478	38.163	39.897	137.81	130.77	282.49	139.53	20.857	1.3138e-05	0.039249
393.52	2.8548	370.53	0.0026988	30.807	31.254	115.84	126.25	269.56	237.13	2.9503	4.9387e-05	0.062161	0.00075984	95.790	0.010440	38.165	39.897	137.80	130.86	284.11	139.34	20.868	1.3162e-05	0.039348
393.65	2.8609	370.05	0.0027023	30.834	31.283	115.91	126.32	270.62	236.17	2.9756	4.9264e-05	0.062143	0.00075136	96.142	0.010401	38.167	39.896	137.79	130.96	285.74	139.16	20.878	1.3186e-05	0.039448
393.77	2.8669	369.57	0.0027058	30.861	31.312	115.98	126.39	271.70	235.21	3.0013	4.9142e-05	0.062125	0.00074292	96.496	0.010363	38.169	39.895	137.78	131.06	287.41	138.98	20.888	1.3210e-05	0.039549
393.89	2.8730	369.09	0.0027094	30.888	31.340	116.05	126.46	272.79	234.25	3.0272	4.9020e-05	0.062107	0.00073451	96.852	0.010325	38.170	39.895	137.76	131.16	289.10	138.79	20.898	1.3235e-05	0.039650
394.02	2.8790	368.60	0.0027129	30.915	31.369	116.12	126.53	273.90	233.28	3.0534	4.8898e-05	0.062090	0.00072614	97.209	0.010287	38.172	39.894	137.75	131.25	290.81	138.61	20.907	1.3259e-05	0.039753
394.14	2.8851	368.12	0.0027165	30.942	31.398	116.19	126.60	275.03	232.32	3.0800	4.8775e-05	0.062073	0.00071780	97.569	0.010249	38.174	39.893	137.74	131.35	292.56	138.42	20.917	1.3284e-05	0.039856
394.26	2.8911	367.63	0.0027201	30.969	31.426	116.26	126.67	276.18	231.36	3.1068	4.8653e-05	0.062057	0.00070950	97.930	0.010211	38.176	39.891	137.73	131.45	294.33	138.24	20.927	1.3308e-05	0.039960
394.39	2.8972	367.14	0.0027238	30.996	31.455	116.33	126.74	277.34	230.40	3.1339	4.8530e-05	0.062041	0.00070123	98.293	0.010174	38.177	39.890	137.72	131.55	296.13	138.05	20.937	1.3333e-05	0.040065
394.51	2.9032	366.65	0.0027274	31.023	31.484	116.40	126.82	278.53	229.44	3.1614	4.8408e-05	0.062025	0.00069300	98.658	0.010136	38.179	39.889	137.70	131.65	297.97	137.86	20.947	1.3358e-05	0.040171
394.63	2.9092	366.16	0.0027311	31.051	31.512	116.47	126.89	279.73	228.47	3.1892	4.8285e-05	0.062009	0.00068481	99.024	0.010099	38.180	39.888	137.69	131.75	299.83	137.68	20.956	1.3384e-05	0.040277
394.75	2.9153	365.66	0.0027348	31.078	31.541	116.54	126.96	280.95	227.51	3.2173	4.8162e-05	0.061994	0.00067664	99.393	0.010061	38.181	39.886	137.68	131.85	301.72	137.49	20.966	1.3409e-05	0.040385
394.87	2.9213	365.16	0.0027385	31.105	31.570	116.61	127.04	282.19	226.55	3.2457	4.8039e-05	0.061979	0.00066852	99.764	0.010024	38.183	39.885	137.67	131.95	303.65	137.31	20.976	1.3435e-05	0.040493
395.00	2.9274	364.66	0.0027422	31.132	31.599	116.68	127.11	283.46	225.59	3.2745	4.7916e-05	0.061965	0.00066043	100.14	0.0099864	38.184	39.883	137.65	132.05	305.61	137.12	20.985	1.3460e-05	0.040603
395.12	2.9334	364.16	0.0027460	31.159	31.628	116.75	127.19	284.74	224.63	3.3036	4.7793e-05	0.061951	0.00065237	100.51	0.0099492	38.185	39.881	137.64	132.15	307.60	136.93	20.995	1.3486e-05	0.040713
395.24	2.9395	363.66	0.0027498	31.187	31.656	116.82	127.26	286.05	223.67	3.3331	4.7670e-05	0.061937	0.00064435	100.89	0.0099120	38.186	39.879	137.63	132.25	309.63	136.75	21.004	1.3512e-05	0.040824
395.36	2.9455	363.16	0.0027536	31.214	31.685	116.89	127.34	287.38	222.70	3.3629	4.7547e-05	0.061924	0.00063636	101.27	0.0098750	38.187	39.877	137.61	132.36	311.69	136.56	21.014	1.3539e-05	0.040936
395.48	2.9516	362.65	0.0027575	31.241	31.714	116.96	127.41	288.73	221.74	3.3931	4.7423e-05	0.061912	0.00062841	101.65	0.0098380	38.188	39.875	137.60	132.46	313.79	136.37	21.023	1.3565e-05	0.041049
395.60	2.9576	362.14	0.0027614	31.268	31.743	117.03	127.49	290.11	220.78	3.4236	4.7300e-05	0.061899	0.00062049	102.03	0.0098011	38.189	39.873	137.59	132.56	315.93	136.18	21.032	1.3592e-05	0.041163
395.72	2.9637	361.63	0.0027653	31.296	31.772	117.10	127.56	291.51	219.82	3.4545	4.7176e-05	0.061887	0.00061261	102.41	0.0097642	38.189	39.871	137.57	132.66	318.10	135.99	21.041	1.3619e-05	0.041278
395.84	2.9697	361.12	0.0027692	31.323	31.801	117.17	127.64	292.94	218.86	3.4859	4.7052e-05	0.061876	0.00060477	102.80	0.0097274	38.190	39.869	137.56	132.77	320.32	135.81	21.051	1.3646e-05	0.041395
395.96	2.9758	360.60	0.0027732	31.350	31.830	117.25	127.72	294.39	217.89	3.5176	4.6928e-05	0.061865	0.00059696	103.19	0.0096907	38.190	39.867	137.54	132.87	322.58	135.62	21.060	1.3673e-05	0.041512
396.08	2.9818	360.08	0.0027771	31.378	31.859	117.32	127.80	295.87	216.93	3.5496	4.6804e-05	0.061854	0.00058918	103.58	0.0096541	38.191	39.864	137.53	132.98	324.87	135.43	21.069	1.3700e-05	0.041630
396.20	2.9879	359.56	0.0027812	31.405	31.888	117.39	127.88	297.38	215.97	3.5821	4.6680e-05	0.061844	0.00058144	103.98	0.0096175	38.191	39.861	137.51	133.08	327.22	135.24	21.077	1.3728e-05	0.041750
396.32	2.9939	359.04	0.0027852	31.432	31.917	117.46	127.95	298.91	215.01	3.6151	4.6556e-05	0.061835	0.00057374	104.37	0.0095810	38.192	39.859	137.50	133.19	329.60	135.05	21.086	1.3756e-05	0.041870
396.44	3.0000	358.52	0.0027893	31.460	31.946	117.53	128.03	300.47	214.05	3.6484	4.6431e-05	0.061826	0.00056607	104.77	0.0095445	38.192	39.856	137.48	133.29	332.04	134.86	21.095	1.3784e-05	0.041992
396.56	3.0060	357.99	0.0027934	31.487	31.975	117.60	128.11	302.07	213.08	3.6821	4.6307e-05	0.061817	0.00055843	105.17	0.0095081	38.192	39.853	137.47	133.40	334.52	134.67	21.103	1.3812e-05	0.042115
396.68	3.0121	357.46	0.0027975	31.515	32.005	117.67	128.19	303.69	212.12	3.7163	4.6182e-05	0.061809	0.00055083	105.58	0.0094718	38.192	39.850	137.45	133.51	337.04	134.48	21.112	1.3840e-05	0.042239
396.79	3.0181	356.93	0.0028017	31.542	32.034	117.74	128.27	305.35	211.16	3.7509	4.6057e-05	0.061802	0.00054327	105.98	0.0094355	38.192	39.847	137.43	133.61	339.62	134.29	21.120	1.3869e-05	0.042364
396.91	3.0242	356.39	0.0028059	31.570	32.063	117.81	128.36	307.04	210.19	3.7860	4.5931e-05	0.061795	0.00053574	106.39	0.0093993	38.192	39.844	137.42	133.72	342.25	134.10	21.129	1.3897e-05	0.042491
397.03	3.0302	355.86	0.0028101	31.597	32.092	117.88	128.44	308.76	209.23	3.8216	4.5806e-05	0.061789	0.00052825	106.80	0.0093632	38.191	39.840	137.40	133.83	344.94	133.91	21.137	1.3926e-05	0.042619
397.15	3.0363	355.32	0.0028144	31.625	32.122	117.96	128.52	310.52	208.27	3.8576	4.5681e-05	0.061783	0.00052079	107.22	0.0093270	38.191	39.837	137.38	133.94	347.68	133.72	21.145	1.3956e-05	0.042748
397.27	3.0423	354.78	0.0028187	31.653	32.151	118.03	128.60	312.31	207.30	3.8941	4.5555e-05	0.061778	0.00051337	107.63	0.0092910	38.191	39.833	137.37	134.05	350.47	133.53	21.153	1.3985e-05	0.042878
397.38	3.0484	354.23	0.0028230	31.680	32.180	118.10	128.69	314.14	206.34	3.9310	4.5429e-05	0.061773	0.00050599	108.05	0.0092550	38.190	39.830	137.35	134.16	353.32	133.33	21.161	1.4015e-05	0.043010
397.50	3.0544	353.68	0.0028274	31.708	32.210	118.17	128.77	316.01	205.38	3.9685	4.5303e-05	0.061770	0.00049864	108.47	0.0092190	38.189	39.826	137.33	134.27	356.24	133.14	21.168	1.4045e-05	0.043143
397.62	3.0605	353.13	0.0028318	31.736	32.239	118.24	128.86	317.92	204.41	4.0065	4.5176e-05	0.061767	0.00049132	108.90	0.0091831	38.189	39.822	137.31	134.38	359.21	132.95	21.176	1.4075e-05	0.043278
397.74	3.0665	352.58	0.0028362	31.763	32.269	118.31	128.94	319.86	203.45	4.0450	4.5050e-05	0.061764	0.00048405	109.32	0.0091472	38.188	39.818	137.29	134.49	362.25	132.76	21.183	1.4105e-05	0.043414
397.85	3.0726	352.02	0.0028407	31.791	32.298	118.39	129.03	321.85	202.48	4.0840	4.4923e-05	0.061763	0.00047681	109.75	0.0091114	38.187	39.814	137.28	134.60	365.36	132.57	21.191	1.4136e-05	0.043552
397.97	3.0786	351.47	0.0028452	31.819	32.328	118.46	129.12	323.89	201.52	4.1236	4.4796e-05	0.061762	0.00046960	110.19	0.0090756	38.186	39.810	137.26	134.72	368.54	132.37	21.198	1.4167e-05	0.043691
398.09	3.0847	350.90	0.0028498	31.847	32.358	118.53	129.20	325.97	200.55	4.1637	4.4668e-05	0.061761	0.00046243	110.62	0.0090398	38.185	39.805	137.24	134.83	371.78	132.18	21.205	1.4198e-05	0.043832
398.20	3.0907	350.34	0.0028544	31.875	32.388	118.60	129.29	328.09	199.59	4.2044	4.4541e-05	0.061762	0.00045530	111.06	0.0090041	38.183	39.801	137.22	134.94	375.10	131.98	21.212	1.4230e-05	0.043974
398.32	3.0967	349.77	0.0028590	31.903	32.417	118.67	129.38	330.26	198.62	4.2456	4.4413e-05	0.061764	0.00044820	111.50	0.0089684	38.182	39.796	137.20	135.06	378.50	131.79	21.218	1.4261e-05	0.044118
398.43	3.1028	349.20	0.0028637	31.931	32.447	118.75	129.47	332.49	197.65	4.2874	4.4285e-05	0.061766	0.00044114	111.95	0.0089328	38.180	39.791	137.18	135.17	381.97	131.60	21.225	1.4293e-05	0.044263
398.55	3.1088	348.63	0.0028684	31.959	32.477	118.82	129.56	334.76	196.69	4.3299	4.4156e-05	0.061769	0.00043411	112.40	0.0088972	38.179	39.787	137.16	135.29	385.52	131.40	21.231	1.4326e-05	0.044411
398.66	3.1149	348.05	0.0028732	31.987	32.507	118.89	129.65	337.09	195.72	4.3729	4.4028e-05	0.061773	0.00042713	112.85	0.0088616	38.177	39.782	137.14	135.41	389.16	131.21	21.237	1.4358e-05	0.044560
398.78	3.1209	347.47	0.0028780	32.015	32.537	118.96	129.74	339.47	194.75	4.4166	4.3899e-05	0.061778	0.00042017	113.30	0.0088260	38.175	39.776	137.12	135.52	392.89	131.01	21.243	1.4391e-05	0.044711
398.89	3.1270	346.88	0.0028828	32.043	32.567	119.04	129.84	341.91	193.78	4.4609	4.3769e-05	0.061784	0.00041326	113.76	0.0087905	38.173	39.771	137.10	135.64	396.70	130.82	21.249	1.4424e-05	0.044864
399.01	3.1330	346.30	0.0028877	32.071	32.597	119.11	129.93	344.41	192.82	4.5058	4.3640e-05	0.061791	0.00040638	114.22	0.0087549	38.171	39.766	137.08	135.76	400.62	130.62	21.255	1.4457e-05	0.045018
399.12	3.1391	345.70	0.0028926	32.100	32.627	119.18	130.03	346.98	191.85	4.5514	4.3510e-05	0.061799	0.00039954	114.69	0.0087194	38.169	39.760	137.05	135.88	404.62	130.42	21.260	1.4491e-05	0.045175
399.24	3.1451	345.11	0.0028976	32.128	32.658	119.26	130.12	349.60	190.88	4.5977	4.3379e-05	0.061808	0.00039274	115.15	0.0086840	38.167	39.754	137.03	136.00	408.73	130.23	21.265	1.4525e-05	0.045334
399.35	3.1512	344.51	0.0029027	32.156	32.688	119.33	130.22	352.29	189.91	4.6447	4.3249e-05	0.061818	0.00038597	115.63	0.0086485	38.164	39.748	137.01	136.12	412.94	130.03	21.270	1.4559e-05	0.045495
399.47	3.1572	343.91	0.0029078	32.185	32.718	119.40	130.31	355.06	188.94	4.6924	4.3118e-05	0.061829	0.00037924	116.10	0.0086130	38.162	39.742	136.99	136.24	417.27	129.83	21.275	1.4594e-05	0.045658
399.58	3.1633	343.30	0.0029129	32.213	32.749	119.48	130.41	357.89	187.96	4.7408	4.2986e-05	0.061841	0.00037255	116.58	0.0085776	38.159	39.736	136.96	136.37	421.70	129.64	21.279	1.4629e-05	0.045823
399.70	3.1693	342.69	0.0029181	32.242	32.779	119.55	130.51	360.80	186.99	4.7900	4.2855e-05	0.061855	0.00036589	117.07	0.0085422	38.156	39.730	136.94	136.49	426.26	129.44	21.283	1.4664e-05	0.045990
399.81	3.1754	342.08	0.0029233	32.270	32.810	119.63	130.61	363.79	186.02	4.8399	4.2722e-05	0.061870	0.00035928	117.55	0.0085067	38.153	39.723	136.92	136.61	430.93	129.24	21.287	1.4700e-05	0.046160
399.92	3.1814	341.46	0.0029286	32.299	32.841	119.70	130.71	366.86	185.05	4.8906	4.2590e-05	0.061886	0.00035270	118.05	0.0084713	38.150	39.717	136.89	136.74	435.73	129.04	21.291	1.4736e-05	0.046332
400.04	3.1875	340.83	0.0029340	32.328	32.871	119.77	130.81	370.01	184.07	4.9421	4.2457e-05	0.061904	0.00034615	118.54	0.0084359	38.147	39.710	136.87	136.87	440.67	128.84	21.294	1.4772e-05	0.046506
400.15	3.1935	340.21	0.0029394	32.357	32.902	119.85	130.91	373.25	183.10	4.9944	4.2324e-05	0.061923	0.00033965	119.04	0.0084004	38.144	39.703	136.84	136.99	445.75	128.64	21.297	1.4809e-05	0.046683
400.26	3.1996	339.57	0.0029449	32.385	32.933	119.92	131.02	376.58	182.12	5.0476	4.2190e-05	0.061943	0.00033319	119.55	0.0083650	38.140	39.696	136.82	137.12	450.97	128.44	21.300	1.4846e-05	0.046863
400.37	3.2056	338.94	0.0029504	32.414	32.964	120.00	131.12	380.01	181.15	5.1016	4.2055e-05	0.061965	0.00032676	120.05	0.0083295	38.137	39.689	136.79	137.25	456.34	128.24	21.303	1.4884e-05	0.047045
400.49	3.2117	338.30	0.0029560	32.443	32.995	120.07	131.23	383.54	180.17	5.1564	4.1921e-05	0.061988	0.00032037	120.57	0.0082941	38.133	39.681	136.77	137.38	461.86	128.04	21.305	1.4922e-05	0.047231
400.60	3.2177	337.65	0.0029616	32.473	33.026	120.15	131.34	387.18	179.20	5.2122	4.1785e-05	0.062013	0.00031402	121.09	0.0082586	38.129	39.673	136.74	137.51	467.56	127.84	21.307	1.4960e-05	0.047419
400.71	3.2238	337.00	0.0029674	32.502	33.058	120.22	131.44	390.92	178.22	5.2689	4.1650e-05	0.062040	0.00030771	121.61	0.0082231	38.125	39.665	136.71	137.64	473.42	127.64	21.309	1.4999e-05	0.047610
400.82	3.2298	336.34	0.0029731	32.531	33.089	120.30	131.55	394.78	177.24	5.3265	4.1513e-05	0.062069	0.00030144	122.14	0.0081875	38.120	39.657	136.69	137.78	479.46	127.44	21.310	1.5038e-05	0.047804
400.93	3.2359	335.68	0.0029790	32.560	33.121	120.38	131.66	398.76	176.26	5.3851	4.1376e-05	0.062099	0.00029520	122.67	0.0081520	38.116	39.649	136.66	137.91	485.69	127.24	21.311	1.5078e-05	0.048001
401.05	3.2419	335.02	0.0029849	32.590	33.152	120.45	131.77	402.86	175.28	5.4447	4.1239e-05	0.062132	0.00028901	123.21	0.0081164	38.111	39.641	136.63	138.05	492.12	127.03	21.311	1.5118e-05	0.048201
401.16	3.2480	334.35	0.0029909	32.619	33.184	120.53	131.89	407.10	174.30	5.5053	4.1101e-05	0.062166	0.00028286	123.75	0.0080808	38.107	39.632	136.60	138.18	498.76	126.83	21.311	1.5158e-05	0.048405
401.27	3.2540	333.67	0.0029970	32.649	33.216	120.60	132.00	411.48	173.31	5.5670	4.0963e-05	0.062202	0.00027674	124.30	0.0080452	38.102	39.623	136.57	138.32	505.61	126.63	21.311	1.5199e-05	0.048613
401.38	3.2601	332.99	0.0030031	32.679	33.248	120.68	132.12	416.00	172.33	5.6297	4.0823e-05	0.062241	0.00027067	124.85	0.0080095	38.096	39.614	136.54	138.46	512.69	126.42	21.310	1.5241e-05	0.048824
401.49	3.2661	332.30	0.0030094	32.708	33.280	120.76	132.24	420.67	171.34	5.6935	4.0684e-05	0.062281	0.00026464	125.41	0.0079737	38.091	39.605	136.51	138.60	520.01	126.22	21.309	1.5283e-05	0.049039
401.60	3.2721	331.60	0.0030157	32.738	33.312	120.84	132.35	425.51	170.36	5.7585	4.0543e-05	0.062324	0.00025864	125.98	0.0079379	38.086	39.595	136.48	138.74	527.58	126.01	21.307	1.5325e-05	0.049257
401.71	3.2782	330.90	0.0030220	32.768	33.344	120.91	132.47	430.52	169.37	5.8246	4.0402e-05	0.062370	0.00025269	126.55	0.0079021	38.080	39.585	136.45	138.88	535.42	125.81	21.305	1.5368e-05	0.049480
401.82	3.2842	330.19	0.0030285	32.799	33.377	120.99	132.60	435.70	168.38	5.8918	4.0260e-05	0.062418	0.00024678	127.13	0.0078662	38.074	39.575	136.42	139.03	543.53	125.60	21.303	1.5412e-05	0.049707
401.93	3.2903	329.48	0.0030351	32.829	33.409	121.07	132.72	441.07	167.40	5.9604	4.0118e-05	0.062469	0.00024091	127.71	0.0078302	38.068	39.565	136.39	139.17	551.94	125.40	21.300	1.5456e-05	0.049939
402.04	3.2963	328.76	0.0030417	32.859	33.442	121.15	132.84	446.65	166.40	6.0301	3.9974e-05	0.062522	0.00023508	128.30	0.0077942	38.061	39.555	136.35	139.32	560.66	125.19	21.296	1.5501e-05	0.050174
402.15	3.3024	328.03	0.0030485	32.890	33.475	121.23	132.97	452.43	165.41	6.1012	3.9830e-05	0.062578	0.00022929	128.90	0.0077581	38.055	39.544	136.32	139.47	569.70	124.98	21.292	1.5546e-05	0.050415
402.26	3.3084	327.30	0.0030553	32.920	33.508	121.31	133.10	458.44	164.42	6.1736	3.9686e-05	0.062638	0.00022355	129.50	0.0077219	38.048	39.533	136.29	139.62	579.09	124.77	21.287	1.5592e-05	0.050661
402.37	3.3145	326.55	0.0030623	32.951	33.541	121.39	133.23	464.68	163.43	6.2474	3.9540e-05	0.062700	0.00021784	130.11	0.0076856	38.041	39.522	136.25	139.77	588.85	124.56	21.282	1.5639e-05	0.050912
402.48	3.3205	325.80	0.0030693	32.982	33.574	121.47	133.36	471.17	162.43	6.3226	3.9393e-05	0.062766	0.00021219	130.73	0.0076493	38.034	39.510	136.22	139.92	599.00	124.36	21.276	1.5686e-05	0.051168
402.59	3.3266	325.05	0.0030765	33.013	33.608	121.55	133.50	477.93	161.43	6.3992	3.9246e-05	0.062835	0.00020657	131.36	0.0076128	38.026	39.498	136.18	140.08	609.56	124.15	21.269	1.5734e-05	0.051430
402.70	3.3326	324.28	0.0030838	33.044	33.642	121.63	133.63	484.97	160.43	6.4773	3.9097e-05	0.062908	0.00020100	131.99	0.0075762	38.019	39.486	136.14	140.24	620.56	123.93	21.262	1.5783e-05	0.051698
402.81	3.3387	323.50	0.0030912	33.076	33.675	121.71	133.77	492.31	159.43	6.5570	3.8948e-05	0.062984	0.00019547	132.63	0.0075395	38.011	39.474	136.11	140.39	632.02	123.72	21.254	1.5832e-05	0.051972
402.92	3.3447	322.72	0.0030987	33.107	33.709	121.79	133.91	499.98	158.43	6.6383	3.8798e-05	0.063065	0.00018998	133.29	0.0075027	38.002	39.461	136.07	140.55	643.98	123.51	21.246	1.5882e-05	0.052252
403.02	3.3508	321.93	0.0031063	33.139	33.744	121.87	134.05	507.98	157.43	6.7212	3.8646e-05	0.063150	0.00018454	133.94	0.0074658	37.994	39.448	136.03	140.72	656.47	123.30	21.237	1.5933e-05	0.052540
403.13	3.3568	321.13	0.0031140	33.171	33.778	121.96	134.20	516.35	156.42	6.8058	3.8494e-05	0.063239	0.00017914	134.61	0.0074287	37.985	39.435	135.99	140.88	669.52	123.08	21.226	1.5985e-05	0.052834
403.24	3.3629	320.31	0.0031219	33.203	33.813	122.04	134.35	525.11	155.42	6.8922	3.8340e-05	0.063332	0.00017379	135.29	0.0073915	37.976	39.421	135.95	141.05	683.17	122.87	21.216	1.6038e-05	0.053136
403.35	3.3689	319.49	0.0031300	33.235	33.848	122.12	134.50	534.30	154.41	6.9803	3.8185e-05	0.063431	0.00016849	135.98	0.0073541	37.967	39.407	135.91	141.22	697.48	122.65	21.204	1.6091e-05	0.053446
403.46	3.3750	318.66	0.0031381	33.267	33.883	122.21	134.65	543.93	153.40	7.0704	3.8029e-05	0.063535	0.00016323	136.68	0.0073166	37.957	39.392	135.86	141.39	712.47	122.44	21.191	1.6145e-05	0.053764
403.56	3.3810	317.82	0.0031465	33.300	33.918	122.29	134.80	554.04	152.38	7.1623	3.7872e-05	0.063644	0.00015802	137.38	0.0072788	37.947	39.377	135.82	141.56	728.21	122.22	21.178	1.6201e-05	0.054091
403.67	3.3871	316.96	0.0031550	33.333	33.954	122.38	134.96	564.68	151.37	7.2563	3.7713e-05	0.063758	0.00015285	138.10	0.0072409	37.937	39.362	135.78	141.73	744.75	122.00	21.163	1.6257e-05	0.054427
403.78	3.3931	316.09	0.0031636	33.366	33.990	122.47	135.12	575.88	150.35	7.3523	3.7553e-05	0.063879	0.00014774	138.83	0.0072028	37.926	39.346	135.73	141.91	762.15	121.78	21.148	1.6314e-05	0.054773
403.88	3.3992	315.21	0.0031724	33.399	34.026	122.55	135.29	587.69	149.33	7.4505	3.7391e-05	0.064006	0.00014267	139.58	0.0071645	37.915	39.330	135.69	142.09	780.49	121.56	21.131	1.6373e-05	0.055130
403.99	3.4052	314.32	0.0031814	33.433	34.062	122.64	135.46	600.16	148.31	7.5509	3.7228e-05	0.064140	0.00013765	140.33	0.0071260	37.903	39.314	135.64	142.28	799.83	121.34	21.114	1.6432e-05	0.055497
404.10	3.4113	313.42	0.0031906	33.467	34.099	122.73	135.63	613.35	147.28	7.6536	3.7064e-05	0.064281	0.00013268	141.10	0.0070872	37.891	39.297	135.59	142.46	820.28	121.12	21.095	1.6493e-05	0.055876
404.20	3.4173	312.50	0.0032000	33.501	34.136	122.82	135.80	627.32	146.26	7.7587	3.6897e-05	0.064429	0.00012776	141.88	0.0070482	37.879	39.279	135.54	142.65	841.91	120.90	21.075	1.6555e-05	0.056268
404.31	3.4234	311.56	0.0032096	33.535	34.174	122.91	135.98	642.14	145.23	7.8663	3.6729e-05	0.064586	0.00012289	142.68	0.0070089	37.866	39.261	135.49	142.84	864.84	120.67	21.054	1.6618e-05	0.056673
404.42	3.4294	310.61	0.0032195	33.570	34.211	123.00	136.16	657.89	144.20	7.9765	3.6559e-05	0.064751	0.00011807	143.49	0.0069693	37.853	39.242	135.44	143.04	889.19	120.45	21.031	1.6683e-05	0.057093
404.52	3.4355	309.65	0.0032295	33.605	34.250	123.09	136.35	674.67	143.16	8.0893	3.6387e-05	0.064925	0.00011331	144.31	0.0069294	37.840	39.223	135.38	143.23	915.09	120.22	21.007	1.6749e-05	0.057528
404.63	3.4415	308.66	0.0032398	33.640	34.288	123.18	136.54	692.57	142.12	8.2050	3.6212e-05	0.065110	0.00010860	145.16	0.0068891	37.825	39.203	135.33	143.44	942.69	119.99	20.982	1.6817e-05	0.057979
404.73	3.4476	307.66	0.0032504	33.676	34.327	123.28	136.74	711.71	141.08	8.3236	3.6036e-05	0.065305	0.00010394	146.02	0.0068485	37.811	39.183	135.27	143.64	972.17	119.76	20.954	1.6886e-05	0.058448
404.84	3.4536	306.64	0.0032612	33.712	34.367	123.37	136.94	732.23	140.04	8.4452	3.5857e-05	0.065511	9.9338e-05	146.90	0.0068075	37.795	39.162	135.21	143.85	1003.7	119.53	20.926	1.6957e-05	0.058936
404.94	3.4596	305.60	0.0032723	33.749	34.407	123.47	137.15	754.28	138.99	8.5700	3.5676e-05	0.065730	9.4792e-05	147.79	0.0067662	37.780	39.140	135.16	144.06	1037.6	119.30	20.895	1.7030e-05	0.059445
405.05	3.4657	304.53	0.0032837	33.785	34.447	123.56	137.36	778.03	137.94	8.6982	3.5492e-05	0.065963	9.0303e-05	148.71	0.0067243	37.763	39.118	135.09	144.28	1074.0	119.06	20.863	1.7104e-05	0.059976
405.15	3.4717	303.45	0.0032955	33.823	34.488	123.66	137.57	803.69	136.88	8.8298	3.5305e-05	0.066210	8.5872e-05	149.65	0.0066821	37.746	39.094	135.03	144.50	1113.3	118.82	20.829	1.7181e-05	0.060532
405.26	3.4778	302.34	0.0033076	33.861	34.529	123.76	137.80	831.49	135.82	8.9651	3.5115e-05	0.066473	8.1500e-05	150.62	0.0066393	37.728	39.070	134.97	144.73	1155.8	118.58	20.792	1.7260e-05	0.061115
405.36	3.4838	301.20	0.0033201	33.899	34.572	123.86	138.03	861.72	134.76	9.1042	3.4922e-05	0.066754	7.7189e-05	151.61	0.0065959	37.710	39.045	134.90	144.96	1201.9	118.34	20.753	1.7341e-05	0.061727
405.47	3.4899	300.03	0.0033329	33.938	34.614	123.96	138.27	894.71	133.69	9.2474	3.4726e-05	0.067054	7.2940e-05	152.63	0.0065520	37.690	39.019	134.83	145.19	1252.2	118.09	20.712	1.7425e-05	0.062372
405.57	3.4959	298.84	0.0033463	33.978	34.658	124.07	138.51	930.84	132.62	9.3948	3.4526e-05	0.067376	6.8754e-05	153.67	0.0065074	37.670	38.992	134.76	145.43	1307.1	117.85	20.669	1.7511e-05	0.063052
405.68	3.5020	297.61	0.0033601	34.018	34.702	124.17	138.77	970.58	131.54	9.5467	3.4322e-05	0.067722	6.4633e-05	154.75	0.0064621	37.649	38.964	134.68	145.68	1367.4	117.59	20.622	1.7600e-05	0.063772
405.78	3.5080	296.35	0.0033744	34.059	34.747	124.28	139.03	1014.5	130.45	9.7034	3.4113e-05	0.068095	6.0579e-05	155.86	0.0064161	37.627	38.935	134.60	145.94	1433.8	117.34	20.573	1.7693e-05	0.064537
405.88	3.5141	295.05	0.0033892	34.101	34.793	124.39	139.30	1063.3	129.37	9.8651	3.3900e-05	0.068498	5.6593e-05	157.01	0.0063692	37.604	38.905	134.52	146.20	1507.4	117.08	20.520	1.7789e-05	0.065352
405.99	3.5201	293.71	0.0034047	34.144	34.840	124.51	139.58	1117.8	128.27	10.032	3.3681e-05	0.068936	5.2678e-05	158.19	0.0063214	37.579	38.873	134.44	146.46	1589.5	116.82	20.464	1.7889e-05	0.066223
406.09	3.5262	292.32	0.0034209	34.187	34.888	124.62	139.88	1179.1	127.17	10.205	3.3457e-05	0.069414	4.8836e-05	159.42	0.0062726	37.554	38.839	134.35	146.74	1681.4	116.55	20.404	1.7992e-05	0.067159
406.19	3.5322	290.89	0.0034377	34.232	34.938	124.74	140.19	1248.4	126.06	10.384	3.3227e-05	0.069937	4.5069e-05	160.70	0.0062226	37.527	38.804	134.26	147.02	1785.2	116.28	20.340	1.8101e-05	0.068169
406.29	3.5383	289.40	0.0034555	34.278	34.989	124.86	140.51	1327.6	124.95	10.570	3.2989e-05	0.070515	4.1380e-05	162.04	0.0061714	37.498	38.767	134.16	147.32	1903.2	116.00	20.271	1.8214e-05	0.069264
406.40	3.5443	287.84	0.0034741	34.325	35.041	124.99	140.85	1418.7	123.82	10.762	3.2744e-05	0.071155	3.7772e-05	163.43	0.0061188	37.468	38.728	134.06	147.62	2038.5	115.72	20.197	1.8334e-05	0.070459
406.50	3.5504	286.22	0.0034938	34.374	35.095	125.12	141.20	1524.7	122.69	10.963	3.2491e-05	0.071872	3.4249e-05	164.89	0.0060646	37.435	38.687	133.95	147.93	2195.3	115.43	20.117	1.8459e-05	0.071772
406.60	3.5564	284.52	0.0035147	34.424	35.150	125.25	141.58	1649.5	121.55	11.172	3.2227e-05	0.072680	3.0814e-05	166.43	0.0060085	37.401	38.643	133.84	148.26	2379.2	115.13	20.031	1.8592e-05	0.073228
406.70	3.5625	282.73	0.0035370	34.476	35.209	125.39	141.97	1798.4	120.40	11.390	3.1952e-05	0.073601	2.7472e-05	168.06	0.0059504	37.364	38.596	133.72	148.60	2597.6	114.82	19.937	1.8734e-05	0.074855
406.81	3.5685	280.83	0.0035609	34.531	35.269	125.54	142.40	1979.1	119.24	11.619	3.1664e-05	0.074665	2.4227e-05	169.79	0.0058898	37.324	38.545	133.59	148.95	2861.2	114.49	19.835	1.8886e-05	0.076696
406.91	3.5746	278.81	0.0035867	34.588	35.333	125.69	142.85	2202.8	118.06	11.859	3.1360e-05	0.075911	2.1087e-05	171.64	0.0058263	37.280	38.491	133.45	149.32	3185.7	114.16	19.723	1.9049e-05	0.078808
407.01	3.5806	276.64	0.0036148	34.648	35.400	125.85	143.34	2486.3	116.87	12.113	3.1038e-05	0.077399	1.8058e-05	173.63	0.0057593	37.233	38.431	133.30	149.71	3594.5	113.80	19.600	1.9226e-05	0.081270
407.11	3.5867	274.30	0.0036457	34.712	35.472	126.03	143.88	2857.0	115.67	12.382	3.0694e-05	0.079216	1.5149e-05	175.81	0.0056880	37.180	38.366	133.14	150.13	4125.2	113.43	19.463	1.9421e-05	0.084202
407.21	3.5927	271.72	0.0036803	34.782	35.550	126.22	144.46	3360.8	114.44	12.670	3.0320e-05	0.081502	1.2370e-05	178.21	0.0056113	37.121	38.293	132.95	150.57	4841.2	113.03	19.308	1.9639e-05	0.087791
407.31	3.5988	268.85	0.0037196	34.857	35.635	126.42	145.12	4082.9	113.20	12.981	2.9910e-05	0.084496	9.7356e-06	180.92	0.0055274	37.054	38.210	132.74	151.04	5858.4	112.59	19.130	1.9886e-05	0.092352
407.41	3.6048	265.56	0.0037656	34.942	35.731	126.65	145.87	5198.0	111.93	13.321	2.9449e-05	0.088642	7.2638e-06	184.03	0.0054338	36.975	38.114	132.50	151.55	7413.8	112.09	18.922	2.0174e-05	0.098458
407.51	3.6109	261.67	0.0038216	35.041	35.843	126.92	146.75	7128.6	110.63	13.703	2.8914e-05	0.094892	4.9809e-06	187.77	0.0053256	36.879	37.997	132.21	152.11	10076.	111.52	18.670	2.0525e-05	0.10732
407.61	3.6169	256.77	0.0038946	35.162	35.981	127.26	147.85	11205.	109.29	14.151	2.8253e-05	0.10580	2.9279e-06	192.57	0.0051930	36.755	37.847	131.84	152.73	15621.	110.82	18.346	2.0984e-05	0.12212
407.71	3.6230	249.68	0.0040051	35.333	36.176	127.74	undefined	undefined	undefined	14.728	2.7330e-05	undefined	1.1814e-06	199.69	0.0050078	36.569	37.623	131.29	undefined	undefined	undefined	17.869	2.1682e-05	undefined
407.81	3.6290	225.50	0.0044346	35.910	36.846	129.37	undefined	undefined	undefined	0.0000	2.4421e-05	undefined	0.0000	225.50	0.0044346	35.910	36.846	129.37	undefined	undefined	undefined	0.0000	2.4421e-05	undefined
