Temperature (K)	Pressure (MPa)	Density (l, kg/m3)	Volume (l, m3/kg)	Internal Energy (l, kJ/mol)	Enthalpy (l, kJ/mol)	Entropy (l, J/mol*K)	Cv (l, J/mol*K)	Cp (l, J/mol*K)	Sound Spd. (l, m/s)	Joule-Thomson (l, K/MPa)	Viscosity (l, Pa*s)	Therm. Cond. (l, W/m*K)	Surf. Tension (l, N/m)	Density (v, kg/m3)	Volume (v, m3/kg)	Internal Energy (v, kJ/mol)	Enthalpy (v, kJ/mol)	Entropy (v, J/mol*K)	Cv (v, J/mol*K)	Cp (v, J/mol*K)	Sound Spd. (v, m/s)	Joule-Thomson (v, K/MPa)	Viscosity (v, Pa*s)	Therm. Cond. (v, W/m*K)
115.77	0.073530	2446.6	0.00040872	-0.17518	-0.17266	-1.4582	21.225	43.334	698.95	-0.50798	undefined	undefined	0.016418	6.5735	0.15213	7.9735	8.9108	77.000	13.270	22.597	136.13	49.753	undefined	undefined
117.18	0.082616	2436.0	0.00041050	-0.11431	-0.11147	-0.93558	21.111	43.408	693.14	-0.50299	0.00043591	0.094188	0.016112	7.3138	0.13673	7.9861	8.9326	76.245	13.328	22.744	136.77	48.321	1.0123e-05	0.0037838
118.47	0.091702	2426.2	0.00041216	-0.058359	-0.055192	-0.46060	21.008	43.481	687.79	-0.49816	0.00042155	0.093272	0.015832	8.0475	0.12426	7.9973	8.9522	75.569	13.384	22.885	137.34	47.065	1.0246e-05	0.0038315
119.67	0.10079	2417.1	0.00041371	-0.0064712	-0.0029771	-0.024715	20.915	43.555	682.82	-0.49349	0.00040890	0.092426	0.015574	8.7753	0.11396	8.0075	8.9699	74.958	13.438	23.023	137.86	45.948	1.0360e-05	0.0038761
120.78	0.10987	2408.6	0.00041518	0.041993	0.045815	0.37851	20.830	43.629	678.18	-0.48894	0.00039761	0.091639	0.015333	9.4979	0.10529	8.0168	8.9861	74.399	13.490	23.156	138.33	44.944	1.0467e-05	0.0039181
121.83	0.11896	2400.5	0.00041657	0.087529	0.091682	0.75401	20.751	43.703	673.82	-0.48450	0.00038745	0.090910	0.015109	10.216	0.097887	8.0253	9.0010	73.885	13.539	23.287	138.77	44.034	1.0568e-05	0.0039579
122.81	0.12804	2392.9	0.00041790	0.13053	0.13501	1.1057	20.678	43.776	669.69	-0.48017	0.00037823	0.090219	0.014897	10.930	0.091495	8.0331	9.0148	73.409	13.588	23.414	139.17	43.203	1.0664e-05	0.0039958
123.75	0.13713	2385.7	0.00041917	0.17131	0.17613	1.4366	20.609	43.849	665.78	-0.47593	0.00036981	0.089565	0.014698	11.639	0.085915	8.0404	9.0276	72.965	13.635	23.539	139.54	42.439	1.0755e-05	0.0040320
124.64	0.14622	2378.8	0.00042039	0.21013	0.21528	1.7493	20.545	43.922	662.05	-0.47177	0.00036207	0.088944	0.014508	12.346	0.080999	8.0471	9.0396	72.550	13.680	23.662	139.89	41.732	1.0842e-05	0.0040668
125.48	0.15530	2372.1	0.00042156	0.24720	0.25269	2.0458	20.485	43.994	658.49	-0.46768	0.00035491	0.088352	0.014328	13.049	0.076634	8.0534	9.0507	72.159	13.724	23.782	140.22	41.076	1.0925e-05	0.0041002
126.29	0.16439	2365.8	0.00042269	0.28270	0.28853	2.3280	20.428	44.066	655.08	-0.46366	0.00034827	0.087786	0.014157	13.749	0.072732	8.0593	9.0612	71.791	13.768	23.900	140.52	40.463	1.1006e-05	0.0041324
127.07	0.17347	2359.7	0.00042379	0.31679	0.32295	2.5972	20.374	44.137	651.80	-0.45970	0.00034209	0.087244	0.013992	14.447	0.069220	8.0648	9.0710	71.442	13.810	24.017	140.81	39.889	1.1083e-05	0.0041635
127.82	0.18256	2353.7	0.00042485	0.34960	0.35610	2.8547	20.322	44.208	648.64	-0.45579	0.00033630	0.086724	0.013835	15.142	0.066043	8.0700	9.0803	71.112	13.851	24.132	141.08	39.350	1.1157e-05	0.0041937
128.53	0.19165	2348.0	0.00042589	0.38123	0.38807	3.1016	20.273	44.279	645.59	-0.45194	0.00033086	0.086224	0.013683	15.834	0.063155	8.0749	9.0891	70.797	13.892	24.245	141.34	38.841	1.1229e-05	0.0042230
129.23	0.20073	2342.5	0.00042689	0.41179	0.41897	3.3389	20.227	44.350	642.64	-0.44814	0.00032574	0.085741	0.013538	16.524	0.060516	8.0795	9.0975	70.496	13.931	24.357	141.58	38.360	1.1299e-05	0.0042515
129.90	0.20982	2337.2	0.00042787	0.44136	0.44889	3.5673	20.182	44.420	639.79	-0.44438	0.00032091	0.085275	0.013397	17.213	0.058096	8.0839	9.1054	70.208	13.970	24.468	141.81	37.904	1.1367e-05	0.0042793
130.55	0.21890	2332.0	0.00042883	0.47002	0.47789	3.7875	20.139	44.489	637.03	-0.44066	0.00031634	0.084825	0.013261	17.899	0.055868	8.0880	9.1129	69.933	14.008	24.578	142.03	37.471	1.1433e-05	0.0043063
131.17	0.22799	2326.9	0.00042976	0.49783	0.50604	4.0001	20.098	44.559	634.34	-0.43699	0.00031201	0.084389	0.013130	18.584	0.053810	8.0920	9.1200	69.669	14.045	24.686	142.24	37.058	1.1497e-05	0.0043328
131.78	0.23707	2322.0	0.00043067	0.52486	0.53341	4.2058	20.058	44.628	631.73	-0.43334	0.00030788	0.083966	0.013003	19.267	0.051902	8.0957	9.1268	69.414	14.082	24.793	142.44	36.665	1.1559e-05	0.0043586
132.38	0.24616	2317.2	0.00043156	0.55115	0.56005	4.4050	20.020	44.697	629.19	-0.42974	0.00030396	0.083555	0.012879	19.948	0.050129	8.0992	9.1333	69.169	14.118	24.899	142.63	36.289	1.1620e-05	0.0043839
132.95	0.25525	2312.5	0.00043244	0.57676	0.58601	4.5982	19.983	44.765	626.72	-0.42616	0.00030021	0.083155	0.012760	20.628	0.048477	8.1026	9.1395	68.933	14.154	25.005	142.82	35.929	1.1680e-05	0.0044087
133.51	0.26433	2307.9	0.00043330	0.60172	0.61132	4.7857	19.948	44.834	624.30	-0.42261	0.00029663	0.082767	0.012643	21.307	0.046933	8.1058	9.1454	68.705	14.188	25.109	142.99	35.583	1.1738e-05	0.0044330
134.06	0.27342	2303.4	0.00043414	0.62608	0.63603	4.9679	19.914	44.902	621.95	-0.41909	0.00029320	0.082389	0.012530	21.984	0.045487	8.1089	9.1511	68.484	14.223	25.213	143.16	35.252	1.1794e-05	0.0044569
134.59	0.28250	2299.0	0.00043496	0.64987	0.66017	5.1452	19.880	44.970	619.64	-0.41560	0.00028992	0.082020	0.012420	22.660	0.044130	8.1118	9.1565	68.271	14.257	25.316	143.32	34.933	1.1850e-05	0.0044803
135.11	0.29159	2294.8	0.00043578	0.67313	0.68378	5.3178	19.848	45.037	617.39	-0.41213	0.00028676	0.081660	0.012312	23.335	0.042854	8.1146	9.1617	68.064	14.290	25.418	143.48	34.626	1.1904e-05	0.0045034
135.62	0.30067	2290.6	0.00043658	0.69588	0.70688	5.4860	19.817	45.105	615.19	-0.40869	0.00028373	0.081308	0.012208	24.009	0.041651	8.1172	9.1667	67.863	14.323	25.519	143.63	34.330	1.1958e-05	0.0045261
136.12	0.30976	2286.4	0.00043736	0.71815	0.72950	5.6500	19.787	45.172	613.03	-0.40526	0.00028081	0.080965	0.012105	24.682	0.040516	8.1198	9.1714	67.668	14.356	25.620	143.77	34.045	1.2010e-05	0.0045484
136.61	0.31885	2282.4	0.00043814	0.73997	0.75167	5.8102	19.757	45.239	610.91	-0.40186	0.00027800	0.080629	0.012005	25.354	0.039442	8.1222	9.1760	67.478	14.388	25.720	143.91	33.769	1.2062e-05	0.0045704
137.08	0.32793	2278.4	0.00043890	0.76135	0.77341	5.9666	19.729	45.306	608.84	-0.39848	0.00027528	0.080300	0.011908	26.025	0.038425	8.1245	9.1804	67.294	14.419	25.820	144.05	33.503	1.2112e-05	0.0045921
137.55	0.33702	2274.5	0.00043965	0.78232	0.79474	6.1195	19.701	45.373	606.80	-0.39512	0.00027266	0.079979	0.011812	26.695	0.037461	8.1267	9.1847	67.115	14.451	25.919	144.18	33.245	1.2162e-05	0.0046135
138.01	0.34610	2270.7	0.00044040	0.80290	0.81568	6.2690	19.674	45.439	604.80	-0.39177	0.00027013	0.079664	0.011719	27.364	0.036544	8.1288	9.1887	66.940	14.481	26.017	144.30	32.995	1.2211e-05	0.0046346
138.46	0.35519	2266.9	0.00044113	0.82311	0.83624	6.4154	19.647	45.506	602.84	-0.38844	0.00026768	0.079355	0.011627	28.032	0.035673	8.1309	9.1926	66.769	14.512	26.115	144.42	32.753	1.2258e-05	0.0046555
138.90	0.36428	2263.2	0.00044185	0.84297	0.85645	6.5587	19.622	45.572	600.91	-0.38512	0.00026531	0.079052	0.011538	28.700	0.034843	8.1328	9.1964	66.603	14.542	26.213	144.54	32.518	1.2306e-05	0.0046760
139.33	0.37336	2259.6	0.00044257	0.86248	0.87633	6.6991	19.597	45.638	599.01	-0.38183	0.00026302	0.078754	0.011450	29.367	0.034051	8.1347	9.2000	66.440	14.572	26.310	144.65	32.289	1.2352e-05	0.0046964
139.75	0.38245	2256.0	0.00044327	0.88167	0.89587	6.8368	19.572	45.704	597.15	-0.37854	0.00026079	0.078462	0.011363	30.034	0.033296	8.1364	9.2035	66.281	14.601	26.407	144.76	32.068	1.2398e-05	0.0047165
140.17	0.39153	2252.4	0.00044397	0.90054	0.91511	6.9718	19.548	45.770	595.31	-0.37527	0.00025863	0.078176	0.011279	30.700	0.032573	8.1381	9.2069	66.126	14.630	26.503	144.87	31.852	1.2443e-05	0.0047364
140.58	0.40062	2248.9	0.00044466	0.91912	0.93404	7.1043	19.525	45.836	593.50	-0.37201	0.00025653	0.077894	0.011196	31.365	0.031882	8.1398	9.2101	65.974	14.659	26.599	144.97	31.642	1.2488e-05	0.0047561
140.98	0.40970	2245.5	0.00044534	0.93740	0.95269	7.2343	19.502	45.902	591.72	-0.36876	0.00025449	0.077617	0.011114	32.030	0.031221	8.1413	9.2132	65.826	14.688	26.694	145.07	31.438	1.2532e-05	0.0047756
141.38	0.41879	2242.1	0.00044601	0.95542	0.97107	7.3621	19.480	45.968	589.96	-0.36553	0.00025250	0.077345	0.011034	32.695	0.030586	8.1428	9.2162	65.680	14.716	26.789	145.17	31.239	1.2575e-05	0.0047949
141.77	0.42788	2238.7	0.00044668	0.97316	0.98918	7.4876	19.458	46.033	588.23	-0.36230	0.00025057	0.077077	0.010956	33.359	0.029977	8.1442	9.2191	65.538	14.744	26.884	145.26	31.045	1.2618e-05	0.0048140
142.16	0.43696	2235.4	0.00044734	0.99065	1.0070	7.6110	19.437	46.099	586.53	-0.35909	0.00024869	0.076814	0.010878	34.022	0.029393	8.1456	9.2219	65.398	14.772	26.979	145.35	30.856	1.2660e-05	0.0048330
142.53	0.44605	2232.2	0.00044800	1.0079	1.0246	7.7323	19.416	46.164	584.85	-0.35589	0.00024686	0.076554	0.010802	34.685	0.028831	8.1469	9.2245	65.261	14.799	27.073	145.44	30.672	1.2702e-05	0.0048517
142.91	0.45513	2228.9	0.00044865	1.0249	1.0420	7.8516	19.395	46.229	583.19	-0.35269	0.00024507	0.076299	0.010727	35.348	0.028290	8.1481	9.2271	65.127	14.826	27.167	145.53	30.492	1.2743e-05	0.0048703
143.27	0.46422	2225.7	0.00044929	1.0417	1.0592	7.9690	19.375	46.295	581.55	-0.34951	0.00024333	0.076047	0.010654	36.010	0.027770	8.1493	9.2296	64.995	14.853	27.261	145.61	30.316	1.2784e-05	0.0048888
143.64	0.47330	2222.6	0.00044992	1.0582	1.0761	8.0846	19.356	46.360	579.93	-0.34633	0.00024163	0.075799	0.010581	36.673	0.027268	8.1505	9.2320	64.866	14.880	27.354	145.69	30.144	1.2824e-05	0.0049071
143.99	0.48239	2219.5	0.00045055	1.0746	1.0928	8.1984	19.336	46.425	578.34	-0.34316	0.00023998	0.075555	0.010510	37.334	0.026785	8.1515	9.2343	64.739	14.906	27.448	145.77	29.976	1.2864e-05	0.0049253
144.35	0.49148	2216.4	0.00045118	1.0907	1.1093	8.3106	19.318	46.490	576.76	-0.34000	0.00023836	0.075314	0.010439	37.996	0.026319	8.1526	9.2365	64.614	14.933	27.541	145.84	29.812	1.2903e-05	0.0049433
144.69	0.50056	2213.4	0.00045180	1.1067	1.1256	8.4210	19.299	46.556	575.20	-0.33684	0.00023677	0.075076	0.010370	38.657	0.025868	8.1536	9.2386	64.491	14.959	27.634	145.92	29.651	1.2942e-05	0.0049612
145.04	0.50965	2210.4	0.00045242	1.1224	1.1417	8.5299	19.281	46.621	573.66	-0.33369	0.00023523	0.074842	0.010302	39.318	0.025433	8.1545	9.2407	64.371	14.984	27.726	145.99	29.493	1.2980e-05	0.0049790
145.37	0.51873	2207.4	0.00045303	1.1380	1.1577	8.6372	19.263	46.686	572.14	-0.33055	0.00023371	0.074611	0.010234	39.979	0.025013	8.1554	9.2427	64.252	15.010	27.819	146.06	29.339	1.3018e-05	0.0049966
145.71	0.52782	2204.4	0.00045363	1.1533	1.1734	8.7430	19.246	46.751	570.63	-0.32742	0.00023223	0.074383	0.010168	40.640	0.024606	8.1562	9.2446	64.135	15.035	27.911	146.13	29.189	1.3056e-05	0.0050141
146.04	0.53690	2201.5	0.00045423	1.1685	1.1890	8.8474	19.228	46.816	569.14	-0.32429	0.00023078	0.074157	0.010103	41.301	0.024213	8.1570	9.2464	64.020	15.060	28.003	146.20	29.041	1.3094e-05	0.0050316
146.36	0.54599	2198.6	0.00045483	1.1836	1.2044	8.9504	19.211	46.881	567.67	-0.32116	0.00022937	0.073935	0.010038	41.961	0.023832	8.1578	9.2481	63.907	15.085	28.095	146.26	28.896	1.3131e-05	0.0050489
146.69	0.55508	2195.8	0.00045542	1.1984	1.2196	9.0520	19.195	46.946	566.21	-0.31804	0.00022798	0.073715	0.0099744	42.622	0.023462	8.1585	9.2498	63.796	15.110	28.187	146.32	28.754	1.3167e-05	0.0050661
147.00	0.56416	2192.9	0.00045601	1.2131	1.2347	9.1524	19.179	47.011	564.77	-0.31493	0.00022662	0.073498	0.0099115	43.282	0.023104	8.1592	9.2515	63.686	15.135	28.279	146.39	28.614	1.3204e-05	0.0050832
147.32	0.57325	2190.1	0.00045659	1.2277	1.2496	9.2514	19.163	47.076	563.34	-0.31182	0.00022528	0.073284	0.0098495	43.942	0.022757	8.1598	9.2530	63.578	15.159	28.371	146.45	28.478	1.3239e-05	0.0051002
147.63	0.58233	2187.3	0.00045718	1.2421	1.2644	9.3492	19.147	47.141	561.93	-0.30872	0.00022398	0.073072	0.0097882	44.602	0.022420	8.1604	9.2545	63.472	15.183	28.462	146.50	28.344	1.3275e-05	0.0051171
147.94	0.59142	2184.6	0.00045775	1.2563	1.2790	9.4458	19.131	47.207	560.53	-0.30561	0.00022269	0.072863	0.0097277	45.262	0.022093	8.1610	9.2559	63.367	15.207	28.554	146.56	28.212	1.3310e-05	0.0051339
148.24	0.60051	2181.9	0.00045833	1.2704	1.2935	9.5412	19.116	47.272	559.15	-0.30252	0.00022143	0.072656	0.0096680	45.922	0.021776	8.1615	9.2573	63.263	15.231	28.645	146.62	28.082	1.3346e-05	0.0051506
148.54	0.60959	2179.2	0.00045889	1.2844	1.3078	9.6355	19.101	47.337	557.78	-0.29942	0.00022020	0.072451	0.0096090	46.582	0.021467	8.1620	9.2586	63.161	15.255	28.736	146.67	27.955	1.3380e-05	0.0051673
148.84	0.61868	2176.5	0.00045946	1.2982	1.3220	9.7287	19.086	47.402	556.42	-0.29633	0.00021899	0.072249	0.0095506	47.242	0.021167	8.1625	9.2599	63.061	15.279	28.828	146.72	27.831	1.3415e-05	0.0051839
149.13	0.62776	2173.8	0.00046002	1.3119	1.3361	9.8209	19.072	47.467	555.07	-0.29324	0.00021780	0.072049	0.0094930	47.902	0.020876	8.1629	9.2611	62.961	15.302	28.919	146.77	27.708	1.3449e-05	0.0052003
149.42	0.63685	2171.2	0.00046058	1.3255	1.3501	9.9120	19.058	47.532	553.74	-0.29016	0.00021663	0.071851	0.0094361	48.563	0.020592	8.1633	9.2622	62.863	15.325	29.010	146.82	27.587	1.3483e-05	0.0052168
149.71	0.64593	2168.5	0.00046114	1.3389	1.3639	10.002	19.044	47.598	552.41	-0.28707	0.00021548	0.071655	0.0093798	49.223	0.020316	8.1637	9.2633	62.767	15.348	29.101	146.87	27.469	1.3516e-05	0.0052331
150.00	0.65502	2165.9	0.00046169	1.3522	1.3776	10.091	19.030	47.663	551.10	-0.28399	0.00021435	0.071461	0.0093241	49.883	0.020047	8.1640	9.2644	62.671	15.371	29.192	146.92	27.352	1.3550e-05	0.0052494
150.28	0.66411	2163.4	0.00046224	1.3654	1.3912	10.179	19.016	47.728	549.80	-0.28092	0.00021324	0.071269	0.0092691	50.543	0.019785	8.1643	9.2654	62.577	15.394	29.283	146.97	27.237	1.3583e-05	0.0052656
150.56	0.67319	2160.8	0.00046279	1.3785	1.4046	10.266	19.003	47.794	548.51	-0.27784	0.00021215	0.071079	0.0092146	51.203	0.019530	8.1646	9.2663	62.483	15.417	29.374	147.01	27.124	1.3616e-05	0.0052817
150.83	0.68228	2158.3	0.00046333	1.3915	1.4180	10.353	18.989	47.859	547.24	-0.27476	0.00021108	0.070891	0.0091608	51.864	0.019281	8.1649	9.2673	62.391	15.439	29.465	147.06	27.013	1.3648e-05	0.0052978
151.11	0.69136	2155.8	0.00046387	1.4044	1.4312	10.438	18.976	47.925	545.97	-0.27169	0.00021002	0.070705	0.0091075	52.524	0.019039	8.1651	9.2681	62.300	15.462	29.556	147.10	26.904	1.3681e-05	0.0053138
151.38	0.70045	2153.3	0.00046441	1.4171	1.4444	10.523	18.964	47.990	544.71	-0.26862	0.00020898	0.070521	0.0090549	53.185	0.018802	8.1653	9.2689	62.211	15.484	29.647	147.14	26.796	1.3713e-05	0.0053298
151.65	0.70953	2150.8	0.00046495	1.4297	1.4574	10.606	18.951	48.056	543.46	-0.26555	0.00020796	0.070338	0.0090027	53.846	0.018571	8.1655	9.2697	62.122	15.506	29.738	147.18	26.690	1.3745e-05	0.0053456
151.92	0.71862	2148.3	0.00046548	1.4423	1.4703	10.689	18.939	48.122	542.23	-0.26248	0.00020696	0.070158	0.0089511	54.507	0.018346	8.1656	9.2704	62.034	15.528	29.829	147.22	26.586	1.3777e-05	0.0053615
152.18	0.72771	2145.9	0.00046601	1.4547	1.4831	10.771	18.926	48.187	541.00	-0.25941	0.00020596	0.069978	0.0089001	55.168	0.018126	8.1657	9.2711	61.947	15.550	29.920	147.26	26.483	1.3808e-05	0.0053773
152.44	0.73679	2143.4	0.00046654	1.4671	1.4959	10.852	18.914	48.253	539.78	-0.25634	0.00020499	0.069801	0.0088495	55.829	0.017912	8.1658	9.2717	61.861	15.572	30.011	147.30	26.381	1.3840e-05	0.0053930
152.70	0.74588	2141.0	0.00046707	1.4793	1.5085	10.933	18.902	48.319	538.57	-0.25328	0.00020403	0.069625	0.0087995	56.491	0.017702	8.1659	9.2723	61.776	15.593	30.102	147.34	26.281	1.3871e-05	0.0054087
152.96	0.75496	2138.6	0.00046759	1.4914	1.5210	11.012	18.890	48.385	537.37	-0.25021	0.00020308	0.069451	0.0087499	57.153	0.017497	8.1660	9.2729	61.692	15.615	30.193	147.37	26.183	1.3902e-05	0.0054243
153.21	0.76405	2136.2	0.00046811	1.5035	1.5335	11.091	18.879	48.451	536.18	-0.24714	0.00020215	0.069278	0.0087008	57.814	0.017297	8.1660	9.2734	61.609	15.636	30.284	147.41	26.086	1.3932e-05	0.0054399
153.46	0.77314	2133.9	0.00046863	1.5155	1.5458	11.170	18.867	48.517	535.00	-0.24407	0.00020123	0.069107	0.0086522	58.477	0.017101	8.1660	9.2739	61.527	15.658	30.375	147.44	25.990	1.3963e-05	0.0054555
153.71	0.78222	2131.5	0.00046915	1.5273	1.5581	11.247	18.856	48.583	533.82	-0.24101	0.00020033	0.068938	0.0086041	59.139	0.016909	8.1660	9.2744	61.446	15.679	30.466	147.47	25.895	1.3993e-05	0.0054710
153.96	0.79131	2129.2	0.00046967	1.5391	1.5703	11.324	18.845	48.650	532.65	-0.23794	0.00019943	0.068769	0.0085564	59.801	0.016722	8.1659	9.2748	61.365	15.700	30.558	147.51	25.802	1.4023e-05	0.0054864
154.21	0.80039	2126.8	0.00047018	1.5508	1.5824	11.400	18.834	48.716	531.49	-0.23487	0.00019855	0.068603	0.0085092	60.464	0.016539	8.1659	9.2751	61.285	15.721	30.649	147.54	25.710	1.4053e-05	0.0055019
154.45	0.80948	2124.5	0.00047069	1.5624	1.5944	11.476	18.823	48.782	530.34	-0.23181	0.00019768	0.068437	0.0084624	61.127	0.016359	8.1658	9.2755	61.206	15.742	30.740	147.57	25.619	1.4083e-05	0.0055172
154.70	0.81856	2122.2	0.00047120	1.5740	1.6063	11.550	18.813	48.849	529.20	-0.22874	0.00019683	0.068273	0.0084161	61.791	0.016184	8.1657	9.2758	61.128	15.763	30.832	147.60	25.530	1.4113e-05	0.0055326
154.94	0.82765	2120.0	0.00047171	1.5854	1.6181	11.625	18.802	48.916	528.06	-0.22567	0.00019598	0.068111	0.0083701	62.454	0.016012	8.1656	9.2761	61.051	15.783	30.923	147.63	25.441	1.4142e-05	0.0055479
155.17	0.83674	2117.7	0.00047221	1.5968	1.6299	11.698	18.792	48.982	526.94	-0.22260	0.00019515	0.067949	0.0083246	63.118	0.015843	8.1654	9.2763	60.974	15.804	31.015	147.66	25.354	1.4172e-05	0.0055632
155.41	0.84582	2115.4	0.00047272	1.6081	1.6416	11.771	18.781	49.049	525.81	-0.21953	0.00019433	0.067789	0.0082795	63.782	0.015678	8.1652	9.2765	60.898	15.824	31.107	147.69	25.268	1.4201e-05	0.0055784
155.65	0.85491	2113.2	0.00047322	1.6193	1.6532	11.844	18.771	49.116	524.70	-0.21646	0.00019351	0.067631	0.0082347	64.447	0.015517	8.1651	9.2767	60.823	15.845	31.199	147.71	25.183	1.4230e-05	0.0055936
155.88	0.86399	2111.0	0.00047372	1.6305	1.6648	11.915	18.761	49.183	523.59	-0.21338	0.00019271	0.067473	0.0081904	65.111	0.015358	8.1649	9.2768	60.748	15.865	31.291	147.74	25.099	1.4259e-05	0.0056088
156.11	0.87308	2108.7	0.00047422	1.6416	1.6763	11.987	18.751	49.251	522.49	-0.21031	0.00019192	0.067317	0.0081464	65.776	0.015203	8.1646	9.2769	60.675	15.885	31.383	147.77	25.016	1.4287e-05	0.0056239
156.34	0.88216	2106.5	0.00047471	1.6526	1.6877	12.057	18.742	49.318	521.40	-0.20723	0.00019114	0.067162	0.0081029	66.442	0.015051	8.1644	9.2770	60.601	15.905	31.475	147.79	24.934	1.4316e-05	0.0056391
156.57	0.89125	2104.3	0.00047521	1.6635	1.6990	12.127	18.732	49.385	520.31	-0.20415	0.00019037	0.067008	0.0080596	67.107	0.014901	8.1641	9.2771	60.529	15.925	31.567	147.81	24.853	1.4344e-05	0.0056542
156.79	0.90034	2102.2	0.00047570	1.6744	1.7103	12.197	18.722	49.453	519.23	-0.20107	0.00018961	0.066855	0.0080168	67.774	0.014755	8.1639	9.2771	60.457	15.945	31.659	147.84	24.773	1.4373e-05	0.0056692
157.02	0.90942	2100.0	0.00047620	1.6852	1.7214	12.266	18.713	49.520	518.16	-0.19799	0.00018885	0.066704	0.0079743	68.440	0.014611	8.1636	9.2771	60.386	15.965	31.752	147.86	24.694	1.4401e-05	0.0056843
157.24	0.91851	2097.8	0.00047669	1.6959	1.7326	12.335	18.704	49.588	517.09	-0.19491	0.00018811	0.066553	0.0079321	69.107	0.014470	8.1633	9.2770	60.315	15.985	31.844	147.88	24.616	1.4429e-05	0.0056993
157.46	0.92759	2095.7	0.00047718	1.7066	1.7436	12.403	18.695	49.656	516.03	-0.19182	0.00018737	0.066404	0.0078903	69.774	0.014332	8.1629	9.2770	60.245	16.005	31.937	147.91	24.538	1.4457e-05	0.0057143
157.68	0.93668	2093.5	0.00047766	1.7172	1.7547	12.470	18.686	49.724	514.97	-0.18874	0.00018665	0.066256	0.0078488	70.441	0.014196	8.1626	9.2769	60.175	16.024	32.030	147.93	24.462	1.4484e-05	0.0057292
157.90	0.94577	2091.4	0.00047815	1.7277	1.7656	12.537	18.677	49.792	513.92	-0.18565	0.00018593	0.066109	0.0078077	71.109	0.014063	8.1622	9.2768	60.106	16.044	32.123	147.95	24.386	1.4512e-05	0.0057442
158.12	0.95485	2089.3	0.00047863	1.7382	1.7765	12.604	18.668	49.860	512.88	-0.18256	0.00018522	0.065962	0.0077669	71.778	0.013932	8.1619	9.2766	60.038	16.063	32.216	147.97	24.312	1.4539e-05	0.0057591
158.33	0.96394	2087.2	0.00047912	1.7486	1.7873	12.670	18.659	49.929	511.84	-0.17946	0.00018452	0.065817	0.0077264	72.446	0.013803	8.1615	9.2764	59.970	16.083	32.309	147.99	24.238	1.4567e-05	0.0057740
158.55	0.97302	2085.1	0.00047960	1.7589	1.7981	12.735	18.651	49.997	510.80	-0.17637	0.00018382	0.065673	0.0076862	73.115	0.013677	8.1610	9.2762	59.903	16.102	32.403	148.01	24.165	1.4594e-05	0.0057889
158.76	0.98211	2083.0	0.00048008	1.7692	1.8088	12.801	18.642	50.066	509.78	-0.17327	0.00018314	0.065530	0.0076464	73.785	0.013553	8.1606	9.2760	59.836	16.121	32.496	148.03	24.092	1.4621e-05	0.0058038
158.97	0.99119	2080.9	0.00048056	1.7795	1.8194	12.865	18.634	50.135	508.75	-0.17016	0.00018246	0.065388	0.0076068	74.455	0.013431	8.1602	9.2758	59.770	16.140	32.590	148.04	24.021	1.4648e-05	0.0058186
159.18	1.0003	2078.8	0.00048104	1.7897	1.8300	12.930	18.626	50.204	507.74	-0.16706	0.00018179	0.065247	0.0075675	75.125	0.013311	8.1597	9.2755	59.704	16.159	32.684	148.06	23.950	1.4675e-05	0.0058335
159.39	1.0094	2076.8	0.00048152	1.7998	1.8405	12.993	18.618	50.273	506.73	-0.16395	0.00018113	0.065106	0.0075286	75.796	0.013193	8.1593	9.2752	59.639	16.178	32.778	148.08	23.880	1.4702e-05	0.0058483
159.59	1.0185	2074.7	0.00048199	1.8099	1.8510	13.057	18.610	50.342	505.72	-0.16084	0.00018047	0.064967	0.0074899	76.467	0.013078	8.1588	9.2749	59.574	16.197	32.872	148.10	23.811	1.4728e-05	0.0058631
159.80	1.0275	2072.7	0.00048247	1.8199	1.8614	13.120	18.602	50.411	504.72	-0.15773	0.00017982	0.064829	0.0074515	77.139	0.012964	8.1583	9.2745	59.510	16.216	32.966	148.11	23.742	1.4755e-05	0.0058779
160.00	1.0366	2070.6	0.00048294	1.8298	1.8718	13.182	18.594	50.481	503.72	-0.15461	0.00017918	0.064691	0.0074134	77.811	0.012852	8.1578	9.2742	59.446	16.235	33.061	148.13	23.674	1.4781e-05	0.0058927
160.21	1.0457	2068.6	0.00048341	1.8398	1.8821	13.245	18.586	50.551	502.73	-0.15149	0.00017854	0.064555	0.0073755	78.483	0.012742	8.1572	9.2738	59.383	16.254	33.156	148.14	23.607	1.4808e-05	0.0059075
160.41	1.0548	2066.6	0.00048388	1.8496	1.8924	13.306	18.578	50.621	501.74	-0.14837	0.00017791	0.064419	0.0073380	79.156	0.012633	8.1567	9.2733	59.320	16.272	33.251	148.16	23.540	1.4834e-05	0.0059222
160.61	1.0639	2064.6	0.00048436	1.8594	1.9026	13.368	18.571	50.691	500.76	-0.14524	0.00017729	0.064284	0.0073007	79.830	0.012527	8.1561	9.2729	59.258	16.291	33.346	148.17	23.475	1.4860e-05	0.0059370
160.81	1.0730	2062.6	0.00048482	1.8692	1.9128	13.429	18.563	50.761	499.78	-0.14211	0.00017667	0.064150	0.0072637	80.504	0.012422	8.1556	9.2724	59.196	16.310	33.441	148.19	23.409	1.4886e-05	0.0059517
161.01	1.0821	2060.6	0.00048529	1.8789	1.9229	13.489	18.556	50.831	498.81	-0.13898	0.00017606	0.064017	0.0072269	81.178	0.012319	8.1550	9.2720	59.134	16.328	33.537	148.20	23.345	1.4912e-05	0.0059664
161.20	1.0911	2058.6	0.00048576	1.8886	1.9330	13.550	18.549	50.902	497.84	-0.13584	0.00017546	0.063885	0.0071904	81.853	0.012217	8.1544	9.2715	59.073	16.347	33.632	148.21	23.281	1.4938e-05	0.0059812
161.40	1.1002	2056.7	0.00048623	1.8982	1.9430	13.609	18.541	50.972	496.87	-0.13270	0.00017486	0.063753	0.0071541	82.528	0.012117	8.1538	9.2709	59.012	16.365	33.728	148.22	23.217	1.4964e-05	0.0059959
161.59	1.1093	2054.7	0.00048669	1.9077	1.9530	13.669	18.534	51.043	495.91	-0.12956	0.00017427	0.063622	0.0071181	83.204	0.012019	8.1532	9.2704	58.952	16.383	33.825	148.24	23.155	1.4989e-05	0.0060106
161.79	1.1184	2052.7	0.00048716	1.9173	1.9629	13.728	18.527	51.114	494.96	-0.12641	0.00017368	0.063492	0.0070824	83.881	0.011922	8.1525	9.2698	58.892	16.402	33.921	148.25	23.092	1.5015e-05	0.0060253
161.98	1.1275	2050.8	0.00048762	1.9267	1.9728	13.787	18.520	51.185	494.01	-0.12326	0.00017310	0.063363	0.0070468	84.558	0.011826	8.1519	9.2692	58.833	16.420	34.017	148.26	23.031	1.5040e-05	0.0060400
162.17	1.1366	2048.8	0.00048808	1.9362	1.9826	13.845	18.513	51.256	493.06	-0.12010	0.00017252	0.063235	0.0070116	85.235	0.011732	8.1512	9.2686	58.774	16.438	34.114	148.27	22.970	1.5066e-05	0.0060547
162.36	1.1457	2046.9	0.00048855	1.9455	1.9924	13.903	18.507	51.328	492.12	-0.11694	0.00017195	0.063107	0.0069765	85.913	0.011640	8.1505	9.2680	58.715	16.456	34.211	148.28	22.909	1.5091e-05	0.0060694
162.55	1.1547	2045.0	0.00048901	1.9549	2.0022	13.961	18.500	51.400	491.18	-0.11377	0.00017139	0.062980	0.0069417	86.592	0.011548	8.1499	9.2673	58.657	16.474	34.309	148.29	22.849	1.5116e-05	0.0060840
162.74	1.1638	2043.0	0.00048947	1.9642	2.0119	14.019	18.493	51.472	490.24	-0.11061	0.00017083	0.062854	0.0069071	87.271	0.011459	8.1492	9.2667	58.599	16.492	34.406	148.30	22.790	1.5141e-05	0.0060987
162.92	1.1729	2041.1	0.00048993	1.9734	2.0216	14.076	18.487	51.544	489.31	-0.10743	0.00017028	0.062729	0.0068728	87.951	0.011370	8.1485	9.2660	58.541	16.510	34.504	148.31	22.731	1.5167e-05	0.0061134
163.11	1.1820	2039.2	0.00049039	1.9827	2.0312	14.133	18.480	51.616	488.38	-0.10425	0.00016973	0.062604	0.0068387	88.631	0.011283	8.1477	9.2653	58.484	16.528	34.602	148.32	22.672	1.5192e-05	0.0061281
163.29	1.1911	2037.3	0.00049085	1.9918	2.0408	14.189	18.474	51.688	487.46	-0.10107	0.00016918	0.062480	0.0068048	89.311	0.011197	8.1470	9.2645	58.427	16.546	34.700	148.33	22.615	1.5216e-05	0.0061427
163.48	1.2002	2035.4	0.00049130	2.0010	2.0504	14.245	18.468	51.761	486.54	-0.097886	0.00016864	0.062357	0.0067711	89.993	0.011112	8.1463	9.2638	58.370	16.564	34.798	148.33	22.557	1.5241e-05	0.0061574
163.66	1.2093	2033.5	0.00049176	2.0101	2.0599	14.301	18.461	51.834	485.62	-0.094695	0.00016811	0.062234	0.0067376	90.675	0.011028	8.1455	9.2630	58.314	16.581	34.897	148.34	22.500	1.5266e-05	0.0061721
163.84	1.2183	2031.6	0.00049222	2.0191	2.0694	14.357	18.455	51.907	484.71	-0.091499	0.00016758	0.062112	0.0067043	91.357	0.010946	8.1447	9.2623	58.258	16.599	34.996	148.35	22.444	1.5291e-05	0.0061867
164.02	1.2274	2029.8	0.00049267	2.0281	2.0788	14.412	18.449	51.980	483.80	-0.088298	0.00016705	0.061991	0.0066713	92.040	0.010865	8.1439	9.2615	58.203	16.617	35.095	148.36	22.388	1.5315e-05	0.0062014
164.20	1.2365	2027.9	0.00049313	2.0371	2.0882	14.467	18.443	52.053	482.89	-0.085093	0.00016653	0.061870	0.0066384	92.724	0.010785	8.1432	9.2606	58.148	16.634	35.195	148.36	22.333	1.5340e-05	0.0062161
164.38	1.2456	2026.0	0.00049358	2.0460	2.0975	14.522	18.437	52.127	481.99	-0.081882	0.00016601	0.061750	0.0066058	93.408	0.010706	8.1424	9.2598	58.093	16.652	35.294	148.37	22.278	1.5364e-05	0.0062308
164.56	1.2547	2024.2	0.00049403	2.0549	2.1069	14.576	18.432	52.201	481.09	-0.078667	0.00016550	0.061631	0.0065733	94.093	0.010628	8.1415	9.2589	58.038	16.669	35.394	148.38	22.223	1.5389e-05	0.0062454
164.74	1.2638	2022.3	0.00049448	2.0638	2.1162	14.630	18.426	52.275	480.20	-0.075446	0.00016499	0.061512	0.0065411	94.778	0.010551	8.1407	9.2581	57.984	16.687	35.495	148.38	22.169	1.5413e-05	0.0062601
164.91	1.2729	2020.5	0.00049494	2.0726	2.1254	14.684	18.420	52.349	479.30	-0.072221	0.00016449	0.061394	0.0065091	95.464	0.010475	8.1399	9.2572	57.930	16.704	35.595	148.39	22.115	1.5437e-05	0.0062748
165.09	1.2819	2018.6	0.00049539	2.0814	2.1346	14.737	18.414	52.423	478.42	-0.068990	0.00016399	0.061277	0.0064772	96.151	0.010400	8.1390	9.2563	57.876	16.722	35.696	148.39	22.062	1.5461e-05	0.0062895
165.26	1.2910	2016.8	0.00049584	2.0902	2.1438	14.791	18.409	52.498	477.53	-0.065754	0.00016350	0.061160	0.0064455	96.838	0.010326	8.1382	9.2554	57.823	16.739	35.797	148.40	22.009	1.5486e-05	0.0063042
165.44	1.3001	2015.0	0.00049629	2.0989	2.1529	14.844	18.403	52.573	476.65	-0.062513	0.00016301	0.061044	0.0064141	97.526	0.010254	8.1373	9.2544	57.770	16.756	35.899	148.40	21.957	1.5510e-05	0.0063189
165.61	1.3092	2013.1	0.00049674	2.1076	2.1621	14.897	18.398	52.648	475.77	-0.059266	0.00016252	0.060928	0.0063828	98.215	0.010182	8.1364	9.2535	57.717	16.774	36.000	148.41	21.905	1.5534e-05	0.0063336
165.78	1.3183	2011.3	0.00049719	2.1162	2.1711	14.949	18.393	52.723	474.89	-0.056014	0.00016203	0.060813	0.0063517	98.904	0.010111	8.1355	9.2525	57.664	16.791	36.102	148.41	21.853	1.5558e-05	0.0063483
165.95	1.3274	2009.5	0.00049764	2.1248	2.1802	15.001	18.387	52.798	474.02	-0.052757	0.00016156	0.060699	0.0063208	99.594	0.010041	8.1346	9.2515	57.612	16.808	36.204	148.41	21.802	1.5581e-05	0.0063630
166.12	1.3365	2007.7	0.00049809	2.1334	2.1892	15.053	18.382	52.874	473.15	-0.049494	0.00016108	0.060585	0.0062900	100.28	0.0099717	8.1337	9.2505	57.560	16.825	36.307	148.42	21.751	1.5605e-05	0.0063777
166.29	1.3455	2005.9	0.00049853	2.1420	2.1982	15.105	18.377	52.950	472.28	-0.046225	0.00016061	0.060472	0.0062595	100.98	0.0099034	8.1328	9.2495	57.509	16.842	36.410	148.42	21.701	1.5629e-05	0.0063924
166.46	1.3546	2004.1	0.00049898	2.1505	2.2071	15.157	18.372	53.026	471.42	-0.042950	0.00016014	0.060359	0.0062291	101.67	0.0098360	8.1319	9.2484	57.457	16.859	36.513	148.42	21.651	1.5653e-05	0.0064072
166.63	1.3637	2002.3	0.00049943	2.1590	2.2160	15.208	18.367	53.103	470.56	-0.039670	0.00015967	0.060247	0.0061989	102.36	0.0097695	8.1310	9.2474	57.406	16.876	36.617	148.43	21.601	1.5676e-05	0.0064219
166.79	1.3728	2000.5	0.00049987	2.1674	2.2249	15.259	18.362	53.179	469.70	-0.036384	0.00015921	0.060135	0.0061689	103.05	0.0097038	8.1300	9.2463	57.355	16.893	36.720	148.43	21.552	1.5700e-05	0.0064367
166.96	1.3819	1998.7	0.00050032	2.1758	2.2338	15.310	18.357	53.256	468.84	-0.033092	0.00015876	0.060024	0.0061390	103.75	0.0096389	8.1290	9.2452	57.305	16.910	36.825	148.43	21.503	1.5723e-05	0.0064514
167.12	1.3910	1996.9	0.00050076	2.1842	2.2426	15.360	18.352	53.333	467.99	-0.029794	0.00015830	0.059914	0.0061093	104.44	0.0095748	8.1281	9.2441	57.254	16.927	36.929	148.43	21.454	1.5747e-05	0.0064662
167.29	1.4001	1995.2	0.00050121	2.1926	2.2514	15.410	18.348	53.410	467.14	-0.026490	0.00015785	0.059804	0.0060798	105.14	0.0095115	8.1271	9.2430	57.204	16.944	37.034	148.43	21.406	1.5770e-05	0.0064810
167.45	1.4091	1993.4	0.00050165	2.2009	2.2602	15.461	18.343	53.488	466.29	-0.023180	0.00015740	0.059694	0.0060504	105.83	0.0094489	8.1261	9.2419	57.154	16.961	37.139	148.44	21.358	1.5794e-05	0.0064958
167.62	1.4182	1991.6	0.00050210	2.2092	2.2689	15.510	18.338	53.566	465.45	-0.019864	0.00015696	0.059585	0.0060212	106.53	0.0093871	8.1251	9.2407	57.105	16.978	37.244	148.44	21.310	1.5817e-05	0.0065106
167.78	1.4273	1989.9	0.00050254	2.2175	2.2776	15.560	18.334	53.644	464.60	-0.016541	0.00015652	0.059477	0.0059921	107.23	0.0093261	8.1241	9.2396	57.055	16.995	37.350	148.44	21.263	1.5840e-05	0.0065254
167.94	1.4364	1988.1	0.00050299	2.2257	2.2863	15.609	18.329	53.722	463.76	-0.013213	0.00015608	0.059369	0.0059633	107.92	0.0092658	8.1231	9.2384	57.006	17.012	37.456	148.44	21.216	1.5863e-05	0.0065402
168.10	1.4455	1986.4	0.00050343	2.2340	2.2949	15.659	18.325	53.801	462.93	-0.0098776	0.00015565	0.059261	0.0059345	108.62	0.0092062	8.1221	9.2372	56.957	17.028	37.563	148.44	21.169	1.5887e-05	0.0065550
168.26	1.4546	1984.6	0.00050387	2.2421	2.3036	15.708	18.320	53.879	462.09	-0.0065361	0.00015522	0.059154	0.0059060	109.32	0.0091473	8.1210	9.2360	56.908	17.045	37.670	148.44	21.123	1.5910e-05	0.0065699
168.42	1.4637	1982.9	0.00050431	2.2503	2.3122	15.756	18.316	53.958	461.26	-0.0031882	0.00015479	0.059048	0.0058776	110.02	0.0090891	8.1200	9.2348	56.860	17.062	37.777	148.44	21.077	1.5933e-05	0.0065847
168.58	1.4727	1981.2	0.00050476	2.2584	2.3207	15.805	18.312	54.038	460.43	0.00016635	0.00015436	0.058942	0.0058493	110.72	0.0090315	8.1189	9.2335	56.812	17.079	37.884	148.44	21.031	1.5956e-05	0.0065996
168.74	1.4818	1979.4	0.00050520	2.2665	2.3293	15.853	18.308	54.117	459.61	0.0035275	0.00015394	0.058836	0.0058212	111.43	0.0089746	8.1179	9.2323	56.763	17.095	37.992	148.44	20.986	1.5979e-05	0.0066145
168.89	1.4909	1977.7	0.00050564	2.2746	2.3378	15.902	18.303	54.197	458.78	0.0068952	0.00015352	0.058731	0.0057932	112.13	0.0089184	8.1168	9.2310	56.716	17.112	38.101	148.43	20.941	1.6002e-05	0.0066294
169.05	1.5000	1976.0	0.00050608	2.2827	2.3463	15.949	18.299	54.277	457.96	0.010270	0.00015310	0.058627	0.0057654	112.83	0.0088629	8.1157	9.2297	56.668	17.128	38.209	148.43	20.896	1.6025e-05	0.0066443
169.21	1.5091	1974.3	0.00050652	2.2907	2.3547	15.997	18.295	54.357	457.14	0.013651	0.00015269	0.058523	0.0057377	113.53	0.0088079	8.1146	9.2285	56.621	17.145	38.318	148.43	20.852	1.6047e-05	0.0066593
169.36	1.5182	1972.5	0.00050696	2.2987	2.3632	16.045	18.291	54.438	456.32	0.017039	0.00015228	0.058419	0.0057102	114.24	0.0087536	8.1135	9.2271	56.573	17.161	38.428	148.43	20.808	1.6070e-05	0.0066742
169.52	1.5273	1970.8	0.00050740	2.3066	2.3716	16.092	18.288	54.519	455.51	0.020434	0.00015187	0.058316	0.0056828	114.94	0.0086999	8.1124	9.2258	56.526	17.178	38.537	148.43	20.764	1.6093e-05	0.0066892
169.67	1.5363	1969.1	0.00050784	2.3146	2.3800	16.139	18.284	54.600	454.69	0.023836	0.00015147	0.058213	0.0056556	115.65	0.0086467	8.1113	9.2245	56.480	17.194	38.648	148.43	20.720	1.6116e-05	0.0067041
169.82	1.5454	1967.4	0.00050828	2.3225	2.3883	16.186	18.280	54.682	453.88	0.027245	0.00015106	0.058111	0.0056285	116.36	0.0085942	8.1102	9.2232	56.433	17.211	38.758	148.42	20.677	1.6138e-05	0.0067191
169.98	1.5545	1965.7	0.00050872	2.3304	2.3967	16.233	18.276	54.763	453.07	0.030662	0.00015066	0.058009	0.0056015	117.07	0.0085422	8.1090	9.2218	56.387	17.227	38.869	148.42	20.634	1.6161e-05	0.0067342
170.13	1.5636	1964.0	0.00050916	2.3383	2.4050	16.280	18.273	54.845	452.27	0.034085	0.00015027	0.057908	0.0055747	117.77	0.0084908	8.1079	9.2204	56.340	17.244	38.980	148.42	20.591	1.6184e-05	0.0067492
170.28	1.5727	1962.3	0.00050960	2.3461	2.4133	16.326	18.269	54.927	451.46	0.037516	0.00014987	0.057807	0.0055480	118.48	0.0084400	8.1067	9.2190	56.294	17.260	39.092	148.42	20.548	1.6206e-05	0.0067642
170.43	1.5818	1960.6	0.00051004	2.3539	2.4215	16.372	18.265	55.010	450.66	0.040954	0.00014948	0.057706	0.0055215	119.19	0.0083897	8.1056	9.2176	56.249	17.277	39.204	148.41	20.506	1.6229e-05	0.0067793
170.58	1.5909	1958.9	0.00051048	2.3617	2.4298	16.419	18.262	55.093	449.86	0.044399	0.00014909	0.057606	0.0054950	119.90	0.0083400	8.1044	9.2162	56.203	17.293	39.317	148.41	20.464	1.6251e-05	0.0067944
170.73	1.5999	1957.3	0.00051092	2.3695	2.4380	16.464	18.258	55.176	449.06	0.047852	0.00014870	0.057506	0.0054688	120.62	0.0082908	8.1032	9.2148	56.158	17.309	39.430	148.41	20.422	1.6274e-05	0.0068095
170.88	1.6090	1955.6	0.00051136	2.3773	2.4462	16.510	18.255	55.259	448.27	0.051312	0.00014832	0.057407	0.0054426	121.33	0.0082421	8.1021	9.2134	56.112	17.326	39.543	148.40	20.381	1.6296e-05	0.0068246
171.03	1.6181	1953.9	0.00051179	2.3850	2.4544	16.556	18.252	55.343	447.48	0.054779	0.00014793	0.057308	0.0054166	122.04	0.0081939	8.1009	9.2119	56.067	17.342	39.657	148.40	20.339	1.6318e-05	0.0068397
171.17	1.6272	1952.2	0.00051223	2.3927	2.4625	16.601	18.248	55.427	446.68	0.058255	0.00014755	0.057210	0.0053907	122.76	0.0081462	8.0997	9.2104	56.022	17.358	39.771	148.39	20.298	1.6341e-05	0.0068549
171.32	1.6363	1950.6	0.00051267	2.4004	2.4707	16.646	18.245	55.511	445.89	0.061738	0.00014718	0.057112	0.0053649	123.47	0.0080991	8.0984	9.2090	55.978	17.374	39.886	148.39	20.257	1.6363e-05	0.0068701
171.47	1.6454	1948.9	0.00051311	2.4080	2.4788	16.691	18.242	55.596	445.11	0.065229	0.00014680	0.057014	0.0053393	124.19	0.0080524	8.0972	9.2075	55.933	17.391	40.001	148.38	20.217	1.6385e-05	0.0068853
171.61	1.6545	1947.2	0.00051355	2.4157	2.4869	16.736	18.239	55.681	444.32	0.068727	0.00014643	0.056917	0.0053138	124.90	0.0080062	8.0960	9.2060	55.889	17.407	40.117	148.38	20.177	1.6408e-05	0.0069005
171.76	1.6635	1945.6	0.00051398	2.4233	2.4949	16.781	18.236	55.766	443.54	0.072234	0.00014606	0.056820	0.0052884	125.62	0.0079605	8.0948	9.2045	55.844	17.423	40.233	148.38	20.136	1.6430e-05	0.0069158
171.90	1.6726	1943.9	0.00051442	2.4309	2.5030	16.825	18.233	55.852	442.75	0.075748	0.00014569	0.056723	0.0052631	126.34	0.0079152	8.0935	9.2029	55.800	17.439	40.349	148.37	20.097	1.6452e-05	0.0069310
172.05	1.6817	1942.3	0.00051486	2.4385	2.5110	16.870	18.230	55.937	441.97	0.079270	0.00014532	0.056627	0.0052379	127.06	0.0078704	8.0923	9.2014	55.756	17.455	40.466	148.36	20.057	1.6474e-05	0.0069463
172.19	1.6908	1940.6	0.00051530	2.4460	2.5190	16.914	18.227	56.023	441.20	0.082801	0.00014496	0.056532	0.0052129	127.78	0.0078260	8.0910	9.1998	55.713	17.471	40.583	148.36	20.017	1.6496e-05	0.0069616
172.34	1.6999	1939.0	0.00051573	2.4535	2.5270	16.958	18.224	56.110	440.42	0.086339	0.00014460	0.056436	0.0051880	128.50	0.0077821	8.0897	9.1983	55.669	17.487	40.701	148.35	19.978	1.6518e-05	0.0069770
172.48	1.7090	1937.3	0.00051617	2.4610	2.5350	17.002	18.221	56.197	439.64	0.089886	0.00014424	0.056341	0.0051632	129.22	0.0077387	8.0885	9.1967	55.626	17.504	40.819	148.35	19.939	1.6540e-05	0.0069923
172.62	1.7181	1935.7	0.00051661	2.4685	2.5429	17.046	18.218	56.284	438.87	0.093441	0.00014388	0.056247	0.0051385	129.94	0.0076956	8.0872	9.1951	55.582	17.520	40.938	148.34	19.900	1.6562e-05	0.0070077
172.76	1.7271	1934.1	0.00051704	2.4760	2.5508	17.089	18.216	56.371	438.10	0.097004	0.00014352	0.056153	0.0051140	130.67	0.0076530	8.0859	9.1935	55.539	17.536	41.057	148.34	19.862	1.6584e-05	0.0070231
172.90	1.7362	1932.4	0.00051748	2.4835	2.5587	17.133	18.213	56.459	437.33	0.10058	0.00014317	0.056059	0.0050895	131.39	0.0076108	8.0846	9.1919	55.496	17.552	41.177	148.33	19.823	1.6606e-05	0.0070385
173.04	1.7453	1930.8	0.00051792	2.4909	2.5666	17.176	18.210	56.547	436.56	0.10416	0.00014282	0.055965	0.0050652	132.12	0.0075690	8.0833	9.1903	55.453	17.568	41.297	148.32	19.785	1.6628e-05	0.0070540
173.18	1.7544	1929.2	0.00051836	2.4983	2.5745	17.219	18.208	56.636	435.80	0.10774	0.00014247	0.055872	0.0050410	132.84	0.0075276	8.0819	9.1886	55.411	17.584	41.418	148.32	19.747	1.6650e-05	0.0070695
173.32	1.7635	1927.6	0.00051879	2.5057	2.5823	17.262	18.205	56.724	435.03	0.11134	0.00014212	0.055779	0.0050169	133.57	0.0074867	8.0806	9.1870	55.368	17.600	41.539	148.31	19.709	1.6672e-05	0.0070850
173.46	1.7726	1925.9	0.00051923	2.5130	2.5902	17.305	18.203	56.813	434.27	0.11495	0.00014178	0.055687	0.0049929	134.30	0.0074461	8.0793	9.1853	55.326	17.616	41.660	148.30	19.672	1.6694e-05	0.0071005
173.60	1.7817	1924.3	0.00051967	2.5204	2.5980	17.348	18.201	56.903	433.51	0.11856	0.00014143	0.055595	0.0049690	135.03	0.0074059	8.0780	9.1836	55.284	17.632	41.782	148.29	19.635	1.6716e-05	0.0071161
173.74	1.7907	1922.7	0.00052010	2.5277	2.6058	17.391	18.198	56.993	432.75	0.12219	0.00014109	0.055503	0.0049452	135.76	0.0073660	8.0766	9.1820	55.242	17.648	41.905	148.29	19.597	1.6738e-05	0.0071316
173.88	1.7998	1921.1	0.00052054	2.5350	2.6136	17.433	18.196	57.083	431.99	0.12582	0.00014075	0.055412	0.0049215	136.49	0.0073266	8.0752	9.1803	55.200	17.664	42.028	148.28	19.560	1.6759e-05	0.0071473
174.01	1.8089	1919.5	0.00052098	2.5423	2.6213	17.475	18.194	57.173	431.24	0.12946	0.00014041	0.055320	0.0048980	137.22	0.0072875	8.0739	9.1786	55.158	17.680	42.152	148.27	19.523	1.6781e-05	0.0071629
174.15	1.8180	1917.9	0.00052141	2.5496	2.6291	17.518	18.191	57.264	430.48	0.13311	0.00014008	0.055230	0.0048745	137.95	0.0072488	8.0725	9.1768	55.116	17.696	42.276	148.26	19.487	1.6803e-05	0.0071786
174.29	1.8271	1916.3	0.00052185	2.5569	2.6368	17.560	18.189	57.355	429.73	0.13677	0.00013974	0.055139	0.0048512	138.69	0.0072105	8.0711	9.1751	55.075	17.711	42.401	148.26	19.450	1.6825e-05	0.0071943
174.42	1.8362	1914.6	0.00052229	2.5641	2.6445	17.602	18.187	57.447	428.98	0.14044	0.00013941	0.055049	0.0048279	139.42	0.0071725	8.0697	9.1734	55.033	17.727	42.526	148.25	19.414	1.6846e-05	0.0072100
174.56	1.8453	1913.0	0.00052273	2.5713	2.6522	17.643	18.185	57.539	428.23	0.14411	0.00013908	0.054959	0.0048048	140.16	0.0071348	8.0683	9.1716	54.992	17.743	42.652	148.24	19.378	1.6868e-05	0.0072257
174.69	1.8543	1911.4	0.00052316	2.5786	2.6598	17.685	18.183	57.631	427.48	0.14780	0.00013875	0.054870	0.0047818	140.89	0.0070975	8.0669	9.1698	54.951	17.759	42.778	148.23	19.342	1.6890e-05	0.0072415
174.82	1.8634	1909.9	0.00052360	2.5857	2.6675	17.727	18.181	57.724	426.73	0.15149	0.00013842	0.054781	0.0047588	141.63	0.0070606	8.0655	9.1681	54.910	17.775	42.905	148.22	19.306	1.6911e-05	0.0072573
174.96	1.8725	1908.3	0.00052404	2.5929	2.6751	17.768	18.179	57.817	425.99	0.15520	0.00013809	0.054692	0.0047360	142.37	0.0070240	8.0641	9.1663	54.869	17.791	43.032	148.21	19.271	1.6933e-05	0.0072732
175.09	1.8816	1906.7	0.00052448	2.6001	2.6828	17.809	18.177	57.910	425.24	0.15891	0.00013777	0.054604	0.0047133	143.11	0.0069877	8.0627	9.1645	54.828	17.807	43.160	148.20	19.235	1.6955e-05	0.0072890
175.22	1.8907	1905.1	0.00052491	2.6072	2.6904	17.850	18.176	58.004	424.50	0.16264	0.00013745	0.054516	0.0046906	143.85	0.0069517	8.0613	9.1627	54.788	17.823	43.289	148.20	19.200	1.6976e-05	0.0073050
175.36	1.8998	1903.5	0.00052535	2.6143	2.6980	17.891	18.174	58.098	423.76	0.16637	0.00013713	0.054428	0.0046681	144.59	0.0069161	8.0598	9.1608	54.747	17.838	43.418	148.19	19.165	1.6998e-05	0.0073209
175.49	1.9089	1901.9	0.00052579	2.6214	2.7055	17.932	18.172	58.193	423.02	0.17012	0.00013681	0.054340	0.0046457	145.33	0.0068807	8.0584	9.1590	54.707	17.854	43.547	148.18	19.130	1.7019e-05	0.0073369
175.62	1.9179	1900.3	0.00052623	2.6285	2.7131	17.973	18.170	58.288	422.28	0.17387	0.00013649	0.054253	0.0046233	146.08	0.0068457	8.0569	9.1572	54.666	17.870	43.678	148.17	19.095	1.7041e-05	0.0073528
175.75	1.9270	1898.7	0.00052666	2.6356	2.7206	18.014	18.169	58.383	421.54	0.17763	0.00013617	0.054166	0.0046011	146.82	0.0068110	8.0555	9.1553	54.626	17.886	43.808	148.16	19.061	1.7063e-05	0.0073689
175.88	1.9361	1897.2	0.00052710	2.6426	2.7282	18.054	18.167	58.479	420.81	0.18140	0.00013586	0.054079	0.0045789	147.57	0.0067766	8.0540	9.1534	54.586	17.902	43.940	148.15	19.026	1.7084e-05	0.0073849
176.01	1.9452	1895.6	0.00052754	2.6497	2.7357	18.095	18.166	58.575	420.07	0.18519	0.00013555	0.053993	0.0045569	148.31	0.0067425	8.0525	9.1516	54.546	17.917	44.072	148.14	18.992	1.7106e-05	0.0074010
176.14	1.9543	1894.0	0.00052798	2.6567	2.7432	18.135	18.164	58.672	419.34	0.18898	0.00013524	0.053907	0.0045349	149.06	0.0067087	8.0510	9.1497	54.506	17.933	44.204	148.13	18.958	1.7127e-05	0.0074172
176.27	1.9634	1892.4	0.00052842	2.6637	2.7507	18.175	18.163	58.769	418.61	0.19278	0.00013493	0.053821	0.0045131	149.81	0.0066752	8.0495	9.1478	54.467	17.949	44.337	148.12	18.924	1.7148e-05	0.0074333
176.40	1.9725	1890.9	0.00052886	2.6707	2.7581	18.215	18.162	58.866	417.88	0.19659	0.00013462	0.053736	0.0044913	150.56	0.0066419	8.0480	9.1459	54.427	17.965	44.471	148.11	18.890	1.7170e-05	0.0074495
176.53	1.9815	1889.3	0.00052930	2.6777	2.7656	18.255	18.160	58.964	417.15	0.20042	0.00013431	0.053650	0.0044696	151.31	0.0066090	8.0465	9.1439	54.388	17.981	44.606	148.10	18.856	1.7191e-05	0.0074658
176.65	1.9906	1887.7	0.00052973	2.6847	2.7730	18.295	18.159	59.062	416.42	0.20425	0.00013401	0.053566	0.0044480	152.06	0.0065763	8.0450	9.1420	54.348	17.996	44.740	148.09	18.823	1.7213e-05	0.0074820
176.78	1.9997	1886.2	0.00053017	2.6916	2.7804	18.335	18.158	59.161	415.69	0.20809	0.00013370	0.053481	0.0044265	152.81	0.0065439	8.0435	9.1401	54.309	18.012	44.876	148.08	18.789	1.7234e-05	0.0074983
176.91	2.0088	1884.6	0.00053061	2.6985	2.7879	18.374	18.157	59.260	414.97	0.21195	0.00013340	0.053397	0.0044051	153.57	0.0065118	8.0419	9.1381	54.270	18.028	45.012	148.07	18.756	1.7256e-05	0.0075147
177.04	2.0179	1883.1	0.00053105	2.7055	2.7953	18.414	18.155	59.359	414.24	0.21581	0.00013310	0.053313	0.0043838	154.32	0.0064800	8.0404	9.1361	54.231	18.044	45.149	148.05	18.723	1.7277e-05	0.0075310
177.16	2.0270	1881.5	0.00053149	2.7124	2.8026	18.453	18.154	59.459	413.52	0.21969	0.00013280	0.053229	0.0043626	155.08	0.0064484	8.0389	9.1342	54.192	18.059	45.287	148.04	18.690	1.7298e-05	0.0075474
177.29	2.0361	1879.9	0.00053193	2.7192	2.8100	18.493	18.153	59.560	412.80	0.22357	0.00013250	0.053145	0.0043414	155.83	0.0064171	8.0373	9.1322	54.153	18.075	45.425	148.03	18.657	1.7320e-05	0.0075639
177.41	2.0451	1878.4	0.00053237	2.7261	2.8174	18.532	18.152	59.661	412.08	0.22747	0.00013220	0.053062	0.0043204	156.59	0.0063860	8.0357	9.1302	54.114	18.091	45.564	148.02	18.624	1.7341e-05	0.0075804
177.54	2.0542	1876.8	0.00053281	2.7330	2.8247	18.571	18.151	59.762	411.36	0.23138	0.00013191	0.052979	0.0042994	157.35	0.0063552	8.0342	9.1282	54.076	18.107	45.703	148.01	18.592	1.7362e-05	0.0075969
177.66	2.0633	1875.3	0.00053325	2.7398	2.8320	18.610	18.150	59.863	410.64	0.23529	0.00013161	0.052896	0.0042785	158.11	0.0063246	8.0326	9.1261	54.037	18.122	45.843	148.00	18.559	1.7384e-05	0.0076135
177.79	2.0724	1873.7	0.00053369	2.7467	2.8393	18.649	18.150	59.966	409.92	0.23922	0.00013132	0.052814	0.0042577	158.87	0.0062943	8.0310	9.1241	53.999	18.138	45.984	147.99	18.527	1.7405e-05	0.0076301
177.91	2.0815	1872.2	0.00053414	2.7535	2.8467	18.688	18.149	60.068	409.20	0.24316	0.00013103	0.052732	0.0042370	159.64	0.0062643	8.0294	9.1221	53.960	18.154	46.126	147.97	18.495	1.7426e-05	0.0076467
178.03	2.0906	1870.6	0.00053458	2.7603	2.8539	18.726	18.148	60.171	408.49	0.24711	0.00013074	0.052650	0.0042164	160.40	0.0062344	8.0278	9.1200	53.922	18.169	46.268	147.96	18.463	1.7448e-05	0.0076634
178.16	2.0997	1869.1	0.00053502	2.7671	2.8612	18.765	18.147	60.275	407.77	0.25107	0.00013045	0.052568	0.0041959	161.16	0.0062049	8.0262	9.1180	53.884	18.185	46.411	147.95	18.431	1.7469e-05	0.0076801
178.28	2.1087	1867.6	0.00053546	2.7739	2.8685	18.803	18.147	60.379	407.06	0.25505	0.00013016	0.052487	0.0041754	161.93	0.0061755	8.0246	9.1159	53.846	18.201	46.554	147.94	18.399	1.7490e-05	0.0076968
178.40	2.1178	1866.0	0.00053590	2.7806	2.8757	18.842	18.146	60.483	406.35	0.25903	0.00012988	0.052406	0.0041550	162.70	0.0061464	8.0230	9.1138	53.808	18.217	46.698	147.92	18.367	1.7512e-05	0.0077136
178.52	2.1269	1864.5	0.00053635	2.7874	2.8830	18.880	18.146	60.588	405.64	0.26303	0.00012959	0.052325	0.0041347	163.46	0.0061175	8.0214	9.1117	53.770	18.232	46.843	147.91	18.336	1.7533e-05	0.0077305
178.65	2.1360	1862.9	0.00053679	2.7941	2.8902	18.918	18.145	60.694	404.93	0.26704	0.00012931	0.052244	0.0041145	164.23	0.0060889	8.0197	9.1096	53.732	18.248	46.989	147.90	18.304	1.7554e-05	0.0077473
178.77	2.1451	1861.4	0.00053723	2.8009	2.8974	18.956	18.145	60.799	404.22	0.27105	0.00012903	0.052164	0.0040944	165.00	0.0060604	8.0181	9.1075	53.694	18.264	47.136	147.89	18.273	1.7576e-05	0.0077643
178.89	2.1542	1859.9	0.00053767	2.8076	2.9046	18.994	18.144	60.906	403.51	0.27508	0.00012874	0.052084	0.0040743	165.78	0.0060322	8.0165	9.1054	53.657	18.280	47.283	147.87	18.242	1.7597e-05	0.0077812
179.01	2.1633	1858.3	0.00053812	2.8143	2.9118	19.032	18.144	61.013	402.80	0.27913	0.00012846	0.052004	0.0040544	166.55	0.0060043	8.0148	9.1032	53.619	18.295	47.430	147.86	18.210	1.7618e-05	0.0077982
179.13	2.1723	1856.8	0.00053856	2.8210	2.9190	19.070	18.143	61.120	402.10	0.28318	0.00012819	0.051924	0.0040345	167.32	0.0059765	8.0131	9.1011	53.582	18.311	47.579	147.85	18.179	1.7639e-05	0.0078153
179.25	2.1814	1855.3	0.00053901	2.8276	2.9262	19.108	18.143	61.228	401.39	0.28725	0.00012791	0.051845	0.0040147	168.10	0.0059489	8.0115	9.0989	53.544	18.327	47.728	147.83	18.149	1.7661e-05	0.0078324
179.37	2.1905	1853.7	0.00053945	2.8343	2.9333	19.145	18.143	61.336	400.69	0.29132	0.00012763	0.051766	0.0039949	168.87	0.0059216	8.0098	9.0968	53.507	18.342	47.879	147.82	18.118	1.7682e-05	0.0078495
179.49	2.1996	1852.2	0.00053990	2.8410	2.9405	19.183	18.143	61.445	399.99	0.29541	0.00012736	0.051687	0.0039753	169.65	0.0058945	8.0081	9.0946	53.470	18.358	48.029	147.81	18.087	1.7703e-05	0.0078667
179.61	2.2087	1850.7	0.00054034	2.8476	2.9476	19.220	18.143	61.555	399.28	0.29952	0.00012708	0.051608	0.0039557	170.43	0.0058675	8.0064	9.0924	53.433	18.374	48.181	147.79	18.057	1.7724e-05	0.0078839
179.72	2.2178	1849.2	0.00054079	2.8542	2.9547	19.258	18.142	61.665	398.58	0.30363	0.00012681	0.051530	0.0039362	171.21	0.0058408	8.0047	9.0902	53.396	18.390	48.333	147.78	18.026	1.7746e-05	0.0079012
179.84	2.2269	1847.6	0.00054123	2.8608	2.9618	19.295	18.142	61.775	397.88	0.30776	0.00012654	0.051452	0.0039167	171.99	0.0058143	8.0030	9.0880	53.359	18.405	48.487	147.77	17.996	1.7767e-05	0.0079185
179.96	2.2359	1846.1	0.00054168	2.8675	2.9689	19.332	18.142	61.886	397.18	0.31189	0.00012626	0.051374	0.0038974	172.77	0.0057880	8.0013	9.0858	53.322	18.421	48.641	147.75	17.966	1.7788e-05	0.0079358
180.08	2.2450	1844.6	0.00054213	2.8741	2.9760	19.369	18.142	61.997	396.49	0.31605	0.00012599	0.051296	0.0038781	173.56	0.0057618	7.9996	9.0836	53.285	18.437	48.795	147.74	17.935	1.7809e-05	0.0079532
180.19	2.2541	1843.1	0.00054257	2.8806	2.9831	19.406	18.143	62.110	395.79	0.32021	0.00012573	0.051218	0.0038589	174.34	0.0057359	7.9979	9.0813	53.248	18.453	48.951	147.73	17.905	1.7831e-05	0.0079707
180.31	2.2632	1841.6	0.00054302	2.8872	2.9902	19.443	18.143	62.222	395.09	0.32439	0.00012546	0.051141	0.0038398	175.13	0.0057102	7.9961	9.0791	53.212	18.468	49.107	147.71	17.875	1.7852e-05	0.0079882
180.43	2.2723	1840.0	0.00054347	2.8938	2.9973	19.480	18.143	62.335	394.40	0.32857	0.00012519	0.051064	0.0038207	175.91	0.0056846	7.9944	9.0768	53.175	18.484	49.265	147.70	17.846	1.7873e-05	0.0080057
180.54	2.2814	1838.5	0.00054392	2.9003	3.0043	19.517	18.143	62.449	393.70	0.33278	0.00012493	0.050987	0.0038017	176.70	0.0056592	7.9926	9.0745	53.139	18.500	49.423	147.68	17.816	1.7894e-05	0.0080233
180.66	2.2905	1837.0	0.00054436	2.9069	3.0113	19.553	18.143	62.563	393.01	0.33699	0.00012466	0.050911	0.0037828	177.49	0.0056341	7.9909	9.0723	53.102	18.516	49.581	147.67	17.786	1.7915e-05	0.0080410
180.77	2.2995	1835.5	0.00054481	2.9134	3.0184	19.590	18.144	62.678	392.31	0.34122	0.00012440	0.050834	0.0037640	178.28	0.0056091	7.9891	9.0700	53.066	18.531	49.741	147.65	17.757	1.7937e-05	0.0080587
180.89	2.3086	1834.0	0.00054526	2.9199	3.0254	19.627	18.144	62.793	391.62	0.34546	0.00012413	0.050758	0.0037452	179.08	0.0055842	7.9873	9.0677	53.030	18.547	49.902	147.64	17.727	1.7958e-05	0.0080764
181.00	2.3177	1832.5	0.00054571	2.9264	3.0324	19.663	18.145	62.909	390.93	0.34971	0.00012387	0.050682	0.0037265	179.87	0.0055596	7.9856	9.0653	52.993	18.563	50.063	147.62	17.698	1.7979e-05	0.0080942
181.12	2.3268	1831.0	0.00054616	2.9329	3.0394	19.699	18.145	63.026	390.24	0.35398	0.00012361	0.050606	0.0037079	180.66	0.0055352	7.9838	9.0630	52.957	18.579	50.225	147.61	17.669	1.8000e-05	0.0081120
181.23	2.3359	1829.4	0.00054661	2.9394	3.0464	19.736	18.146	63.143	389.55	0.35826	0.00012335	0.050531	0.0036893	181.46	0.0055109	7.9820	9.0607	52.921	18.594	50.389	147.59	17.640	1.8022e-05	0.0081299
181.35	2.3450	1827.9	0.00054707	2.9459	3.0534	19.772	18.146	63.261	388.86	0.36255	0.00012309	0.050455	0.0036708	182.26	0.0054868	7.9802	9.0584	52.885	18.610	50.553	147.58	17.610	1.8043e-05	0.0081479
181.46	2.3541	1826.4	0.00054752	2.9523	3.0603	19.808	18.147	63.379	388.17	0.36686	0.00012284	0.050380	0.0036524	183.06	0.0054628	7.9784	9.0560	52.849	18.626	50.718	147.56	17.581	1.8064e-05	0.0081659
181.57	2.3631	1824.9	0.00054797	2.9588	3.0673	19.844	18.147	63.498	387.48	0.37118	0.00012258	0.050305	0.0036341	183.86	0.0054391	7.9766	9.0536	52.813	18.642	50.883	147.55	17.553	1.8085e-05	0.0081839
181.69	2.3722	1823.4	0.00054842	2.9652	3.0743	19.880	18.148	63.617	386.80	0.37551	0.00012232	0.050231	0.0036158	184.66	0.0054154	7.9747	9.0513	52.778	18.658	51.050	147.53	17.524	1.8107e-05	0.0082020
181.80	2.3813	1821.9	0.00054887	2.9717	3.0812	19.916	18.149	63.737	386.11	0.37986	0.00012207	0.050156	0.0035976	185.46	0.0053920	7.9729	9.0489	52.742	18.673	51.218	147.52	17.495	1.8128e-05	0.0082202
181.91	2.3904	1820.4	0.00054933	2.9781	3.0881	19.952	18.150	63.858	385.43	0.38422	0.00012181	0.050082	0.0035795	186.26	0.0053687	7.9711	9.0465	52.706	18.689	51.386	147.50	17.466	1.8149e-05	0.0082384
182.02	2.3995	1818.9	0.00054978	2.9845	3.0951	19.988	18.150	63.979	384.74	0.38860	0.00012156	0.050008	0.0035614	187.07	0.0053456	7.9692	9.0441	52.670	18.705	51.556	147.49	17.438	1.8170e-05	0.0082566
182.13	2.4086	1817.4	0.00055024	2.9909	3.1020	20.023	18.151	64.101	384.06	0.39299	0.00012131	0.049934	0.0035434	187.88	0.0053227	7.9674	9.0417	52.635	18.721	51.726	147.47	17.409	1.8192e-05	0.0082749
182.25	2.4177	1815.9	0.00055069	2.9973	3.1089	20.059	18.152	64.224	383.37	0.39739	0.00012106	0.049861	0.0035254	188.68	0.0052999	7.9655	9.0393	52.599	18.737	51.898	147.45	17.381	1.8213e-05	0.0082933
182.36	2.4267	1814.4	0.00055115	3.0037	3.1158	20.094	18.153	64.347	382.69	0.40181	0.00012081	0.049787	0.0035076	189.49	0.0052772	7.9637	9.0368	52.564	18.753	52.070	147.44	17.353	1.8234e-05	0.0083117
182.47	2.4358	1812.9	0.00055160	3.0101	3.1227	20.130	18.154	64.471	382.01	0.40624	0.00012056	0.049714	0.0034897	190.30	0.0052548	7.9618	9.0344	52.529	18.768	52.244	147.42	17.325	1.8256e-05	0.0083302
182.58	2.4449	1811.4	0.00055206	3.0165	3.1296	20.165	18.155	64.596	381.33	0.41068	0.00012031	0.049641	0.0034720	191.12	0.0052324	7.9599	9.0319	52.493	18.784	52.418	147.41	17.296	1.8277e-05	0.0083488
182.69	2.4540	1809.9	0.00055252	3.0228	3.1364	20.201	18.157	64.721	380.65	0.41515	0.00012006	0.049568	0.0034543	191.93	0.0052102	7.9580	9.0295	52.458	18.800	52.593	147.39	17.268	1.8298e-05	0.0083673
182.80	2.4631	1808.4	0.00055297	3.0292	3.1433	20.236	18.158	64.847	379.97	0.41962	0.00011981	0.049495	0.0034367	192.74	0.0051882	7.9561	9.0270	52.423	18.816	52.770	147.37	17.240	1.8320e-05	0.0083860
182.91	2.4722	1806.9	0.00055343	3.0355	3.1502	20.271	18.159	64.973	379.29	0.42411	0.00011957	0.049423	0.0034192	193.56	0.0051663	7.9542	9.0245	52.388	18.832	52.947	147.36	17.212	1.8341e-05	0.0084047
183.02	2.4813	1805.4	0.00055389	3.0419	3.1570	20.306	18.160	65.100	378.61	0.42862	0.00011932	0.049350	0.0034017	194.38	0.0051446	7.9523	9.0220	52.353	18.848	53.125	147.34	17.185	1.8362e-05	0.0084235
183.12	2.4903	1803.9	0.00055435	3.0482	3.1639	20.341	18.162	65.228	377.93	0.43314	0.00011908	0.049278	0.0033843	195.20	0.0051230	7.9504	9.0195	52.318	18.864	53.305	147.32	17.157	1.8384e-05	0.0084423
183.23	2.4994	1802.4	0.00055481	3.0545	3.1707	20.376	18.163	65.357	377.26	0.43767	0.00011884	0.049207	0.0033669	196.02	0.0051016	7.9485	9.0170	52.283	18.880	53.485	147.31	17.129	1.8405e-05	0.0084612
183.34	2.5085	1800.9	0.00055527	3.0608	3.1775	20.411	18.164	65.486	376.58	0.44222	0.00011859	0.049135	0.0033496	196.84	0.0050802	7.9465	9.0145	52.248	18.896	53.667	147.29	17.102	1.8426e-05	0.0084801
183.45	2.5176	1799.4	0.00055573	3.0671	3.1844	20.446	18.166	65.616	375.90	0.44679	0.00011835	0.049063	0.0033324	197.66	0.0050591	7.9446	9.0119	52.213	18.912	53.849	147.27	17.074	1.8448e-05	0.0084991
183.56	2.5267	1797.9	0.00055619	3.0734	3.1912	20.481	18.167	65.747	375.23	0.45137	0.00011811	0.048992	0.0033152	198.49	0.0050381	7.9427	9.0094	52.178	18.928	54.033	147.26	17.047	1.8469e-05	0.0085182
183.67	2.5358	1796.5	0.00055665	3.0797	3.1980	20.516	18.169	65.878	374.55	0.45596	0.00011787	0.048921	0.0032981	199.32	0.0050172	7.9407	9.0068	52.143	18.944	54.217	147.24	17.019	1.8490e-05	0.0085373
183.77	2.5449	1795.0	0.00055712	3.0860	3.2048	20.550	18.171	66.010	373.88	0.46057	0.00011763	0.048850	0.0032810	200.14	0.0049964	7.9387	9.0042	52.108	18.960	54.403	147.22	16.992	1.8512e-05	0.0085565
183.88	2.5539	1793.5	0.00055758	3.0922	3.2116	20.585	18.172	66.143	373.21	0.46520	0.00011739	0.048779	0.0032640	200.97	0.0049758	7.9368	9.0017	52.074	18.976	54.590	147.20	16.965	1.8533e-05	0.0085758
183.99	2.5630	1792.0	0.00055804	3.0985	3.2183	20.620	18.174	66.276	372.53	0.46984	0.00011715	0.048709	0.0032471	201.80	0.0049553	7.9348	8.9991	52.039	18.992	54.778	147.19	16.937	1.8555e-05	0.0085951
184.09	2.5721	1790.5	0.00055851	3.1047	3.2251	20.654	18.176	66.411	371.86	0.47450	0.00011692	0.048638	0.0032302	202.64	0.0049349	7.9328	8.9965	52.005	19.008	54.967	147.17	16.910	1.8576e-05	0.0086145
184.20	2.5812	1789.0	0.00055897	3.1110	3.2319	20.689	18.178	66.546	371.19	0.47918	0.00011668	0.048568	0.0032134	203.47	0.0049147	7.9308	8.9939	51.970	19.024	55.157	147.15	16.883	1.8598e-05	0.0086339
184.30	2.5903	1787.5	0.00055944	3.1172	3.2386	20.723	18.179	66.682	370.52	0.48387	0.00011644	0.048498	0.0031967	204.31	0.0048946	7.9288	8.9913	51.936	19.040	55.349	147.13	16.856	1.8619e-05	0.0086535
184.41	2.5994	1786.0	0.00055990	3.1234	3.2454	20.757	18.181	66.818	369.85	0.48857	0.00011621	0.048428	0.0031800	205.14	0.0048747	7.9268	8.9886	51.901	19.056	55.541	147.12	16.829	1.8641e-05	0.0086730
184.52	2.6085	1784.5	0.00056037	3.1297	3.2521	20.792	18.183	66.955	369.18	0.49330	0.00011598	0.048358	0.0031634	205.98	0.0048548	7.9248	8.9860	51.867	19.072	55.735	147.10	16.803	1.8662e-05	0.0086927
184.62	2.6175	1783.0	0.00056084	3.1359	3.2589	20.826	18.185	67.094	368.51	0.49804	0.00011574	0.048289	0.0031468	206.82	0.0048351	7.9228	8.9833	51.832	19.088	55.930	147.08	16.776	1.8684e-05	0.0087124
184.73	2.6266	1781.6	0.00056131	3.1421	3.2656	20.860	18.187	67.232	367.84	0.50279	0.00011551	0.048219	0.0031303	207.66	0.0048155	7.9208	8.9807	51.798	19.104	56.126	147.06	16.749	1.8705e-05	0.0087322
184.83	2.6357	1780.1	0.00056177	3.1483	3.2724	20.894	18.190	67.372	367.17	0.50756	0.00011528	0.048150	0.0031138	208.51	0.0047960	7.9187	8.9780	51.764	19.120	56.323	147.04	16.722	1.8727e-05	0.0087520
184.93	2.6448	1778.6	0.00056224	3.1545	3.2791	20.928	18.192	67.513	366.50	0.51235	0.00011505	0.048081	0.0030974	209.35	0.0047767	7.9167	8.9753	51.730	19.136	56.521	147.03	16.696	1.8748e-05	0.0087719
185.04	2.6539	1777.1	0.00056271	3.1606	3.2858	20.962	18.194	67.654	365.83	0.51716	0.00011481	0.048012	0.0030811	210.20	0.0047574	7.9146	8.9726	51.695	19.153	56.721	147.01	16.669	1.8770e-05	0.0087919
185.14	2.6630	1775.6	0.00056319	3.1668	3.2925	20.996	18.196	67.796	365.16	0.52198	0.00011458	0.047944	0.0030648	211.04	0.0047383	7.9126	8.9699	51.661	19.169	56.922	146.99	16.643	1.8791e-05	0.0088120
185.25	2.6721	1774.1	0.00056366	3.1730	3.2992	21.030	18.199	67.939	364.50	0.52682	0.00011436	0.047875	0.0030486	211.89	0.0047193	7.9105	8.9672	51.627	19.185	57.124	146.97	16.616	1.8813e-05	0.0088321
185.35	2.6811	1772.6	0.00056413	3.1792	3.3059	21.064	18.201	68.083	363.83	0.53168	0.00011413	0.047807	0.0030324	212.75	0.0047005	7.9084	8.9645	51.593	19.201	57.328	146.95	16.590	1.8835e-05	0.0088523
185.45	2.6902	1771.2	0.00056460	3.1853	3.3126	21.098	18.203	68.227	363.16	0.53655	0.00011390	0.047739	0.0030163	213.60	0.0046817	7.9063	8.9618	51.559	19.217	57.532	146.93	16.564	1.8856e-05	0.0088726
185.55	2.6993	1769.7	0.00056508	3.1915	3.3193	21.131	18.206	68.373	362.50	0.54144	0.00011367	0.047671	0.0030003	214.45	0.0046630	7.9043	8.9590	51.525	19.234	57.738	146.91	16.537	1.8878e-05	0.0088929
185.66	2.7084	1768.2	0.00056555	3.1976	3.3260	21.165	18.208	68.519	361.83	0.54635	0.00011345	0.047603	0.0029843	215.31	0.0046445	7.9022	8.9563	51.491	19.250	57.946	146.90	16.511	1.8900e-05	0.0089133
185.76	2.7175	1766.7	0.00056603	3.2037	3.3326	21.199	18.211	68.667	361.17	0.55128	0.00011322	0.047535	0.0029683	216.17	0.0046261	7.9001	8.9535	51.457	19.266	58.154	146.88	16.485	1.8921e-05	0.0089338
185.86	2.7266	1765.2	0.00056650	3.2099	3.3393	21.232	18.214	68.815	360.50	0.55623	0.00011299	0.047468	0.0029524	217.03	0.0046078	7.8979	8.9507	51.424	19.283	58.364	146.86	16.459	1.8943e-05	0.0089544
185.96	2.7357	1763.7	0.00056698	3.2160	3.3460	21.266	18.216	68.964	359.84	0.56119	0.00011277	0.047400	0.0029366	217.89	0.0045896	7.8958	8.9479	51.390	19.299	58.576	146.84	16.433	1.8965e-05	0.0089750
186.06	2.7448	1762.3	0.00056746	3.2221	3.3526	21.299	18.219	69.113	359.18	0.56617	0.00011255	0.047333	0.0029208	218.75	0.0045715	7.8937	8.9451	51.356	19.315	58.788	146.82	16.407	1.8987e-05	0.0089957
186.17	2.7538	1760.8	0.00056793	3.2282	3.3593	21.332	18.222	69.264	358.51	0.57117	0.00011232	0.047266	0.0029051	219.61	0.0045535	7.8916	8.9423	51.322	19.332	59.002	146.80	16.381	1.9008e-05	0.0090165
186.27	2.7629	1759.3	0.00056841	3.2343	3.3659	21.366	18.225	69.416	357.85	0.57619	0.00011210	0.047199	0.0028894	220.48	0.0045356	7.8894	8.9395	51.289	19.348	59.218	146.78	16.355	1.9030e-05	0.0090373
186.37	2.7720	1757.8	0.00056889	3.2404	3.3726	21.399	18.227	69.569	357.19	0.58122	0.00011188	0.047133	0.0028738	221.35	0.0045178	7.8873	8.9367	51.255	19.364	59.434	146.76	16.329	1.9052e-05	0.0090583
186.47	2.7811	1756.3	0.00056937	3.2465	3.3792	21.432	18.230	69.722	356.53	0.58628	0.00011166	0.047066	0.0028583	222.22	0.0045001	7.8851	8.9339	51.221	19.381	59.653	146.74	16.304	1.9074e-05	0.0090793
186.57	2.7902	1754.8	0.00056985	3.2526	3.3858	21.466	18.233	69.877	355.87	0.59135	0.00011143	0.047000	0.0028427	223.09	0.0044826	7.8829	8.9310	51.188	19.397	59.872	146.72	16.278	1.9096e-05	0.0091004
186.67	2.7993	1753.3	0.00057034	3.2587	3.3924	21.499	18.236	70.032	355.21	0.59644	0.00011121	0.046934	0.0028273	223.96	0.0044651	7.8808	8.9282	51.154	19.414	60.093	146.70	16.252	1.9118e-05	0.0091216
186.77	2.8084	1751.9	0.00057082	3.2647	3.3991	21.532	18.240	70.188	354.54	0.60155	0.00011099	0.046867	0.0028119	224.83	0.0044477	7.8786	8.9253	51.120	19.430	60.316	146.68	16.226	1.9139e-05	0.0091428
186.87	2.8174	1750.4	0.00057130	3.2708	3.4057	21.565	18.243	70.346	353.88	0.60668	0.00011078	0.046802	0.0027965	225.71	0.0044305	7.8764	8.9224	51.087	19.447	60.540	146.66	16.201	1.9161e-05	0.0091642
186.97	2.8265	1748.9	0.00057179	3.2769	3.4123	21.598	18.246	70.504	353.22	0.61183	0.00011056	0.046736	0.0027812	226.59	0.0044133	7.8742	8.9195	51.053	19.463	60.765	146.64	16.175	1.9183e-05	0.0091856
187.07	2.8356	1747.4	0.00057227	3.2829	3.4189	21.631	18.249	70.663	352.56	0.61700	0.00011034	0.046670	0.0027660	227.47	0.0043962	7.8720	8.9166	51.020	19.480	60.993	146.62	16.150	1.9205e-05	0.0092071
187.17	2.8447	1745.9	0.00057276	3.2890	3.4255	21.664	18.253	70.824	351.91	0.62219	0.00011012	0.046605	0.0027508	228.35	0.0043792	7.8698	8.9137	50.987	19.496	61.221	146.60	16.124	1.9227e-05	0.0092287
187.26	2.8538	1744.4	0.00057325	3.2950	3.4321	21.697	18.256	70.985	351.25	0.62739	0.00010990	0.046539	0.0027356	229.23	0.0043624	7.8676	8.9108	50.953	19.513	61.451	146.58	16.099	1.9249e-05	0.0092504
187.36	2.8629	1743.0	0.00057374	3.3011	3.4387	21.730	18.259	71.147	350.59	0.63262	0.00010969	0.046474	0.0027206	230.12	0.0043456	7.8653	8.9078	50.920	19.529	61.683	146.56	16.074	1.9271e-05	0.0092721
187.46	2.8720	1741.5	0.00057422	3.3071	3.4453	21.763	18.263	71.311	349.93	0.63787	0.00010947	0.046409	0.0027055	231.01	0.0043289	7.8631	8.9049	50.887	19.546	61.916	146.54	16.048	1.9294e-05	0.0092940
187.56	2.8810	1740.0	0.00057471	3.3131	3.4519	21.795	18.266	71.475	349.27	0.64313	0.00010926	0.046344	0.0026905	231.89	0.0043123	7.8608	8.9019	50.853	19.563	62.151	146.52	16.023	1.9316e-05	0.0093159
187.66	2.8901	1738.5	0.00057520	3.3191	3.4584	21.828	18.270	71.641	348.61	0.64842	0.00010904	0.046280	0.0026756	232.79	0.0042958	7.8586	8.8990	50.820	19.579	62.387	146.50	15.998	1.9338e-05	0.0093379
187.76	2.8992	1737.0	0.00057570	3.3252	3.4650	21.861	18.274	71.807	347.96	0.65373	0.00010883	0.046215	0.0026607	233.68	0.0042794	7.8563	8.8960	50.787	19.596	62.625	146.48	15.973	1.9360e-05	0.0093600
187.85	2.9083	1735.5	0.00057619	3.3312	3.4716	21.894	18.277	71.975	347.30	0.65906	0.00010861	0.046151	0.0026459	234.57	0.0042631	7.8541	8.8930	50.753	19.613	62.865	146.46	15.947	1.9382e-05	0.0093822
187.95	2.9174	1734.1	0.00057668	3.3372	3.4782	21.926	18.281	72.144	346.64	0.66441	0.00010840	0.046086	0.0026311	235.47	0.0042469	7.8518	8.8900	50.720	19.629	63.106	146.44	15.922	1.9404e-05	0.0094045
188.05	2.9265	1732.6	0.00057718	3.3432	3.4847	21.959	18.285	72.314	345.99	0.66978	0.00010819	0.046022	0.0026163	236.37	0.0042307	7.8495	8.8870	50.687	19.646	63.349	146.42	15.897	1.9427e-05	0.0094269
188.14	2.9356	1731.1	0.00057767	3.3492	3.4913	21.991	18.289	72.485	345.33	0.67517	0.00010798	0.045958	0.0026016	237.27	0.0042147	7.8472	8.8840	50.654	19.663	63.594	146.40	15.872	1.9449e-05	0.0094493
188.24	2.9446	1729.6	0.00057817	3.3552	3.4978	22.024	18.293	72.657	344.67	0.68058	0.00010777	0.045894	0.0025870	238.17	0.0041987	7.8449	8.8809	50.621	19.680	63.840	146.38	15.847	1.9471e-05	0.0094719
188.34	2.9537	1728.1	0.00057867	3.3612	3.5044	22.056	18.297	72.830	344.02	0.68601	0.00010755	0.045831	0.0025724	239.07	0.0041828	7.8426	8.8779	50.588	19.697	64.088	146.36	15.822	1.9493e-05	0.0094945
188.43	2.9628	1726.6	0.00057916	3.3672	3.5109	22.089	18.301	73.004	343.36	0.69147	0.00010734	0.045767	0.0025579	239.98	0.0041670	7.8403	8.8748	50.555	19.713	64.338	146.34	15.797	1.9516e-05	0.0095173
188.53	2.9719	1725.1	0.00057966	3.3731	3.5175	22.121	18.305	73.180	342.71	0.69694	0.00010713	0.045704	0.0025434	240.89	0.0041513	7.8379	8.8718	50.522	19.730	64.590	146.31	15.773	1.9538e-05	0.0095401
188.62	2.9810	1723.7	0.00058016	3.3791	3.5240	22.153	18.309	73.357	342.05	0.70244	0.00010692	0.045640	0.0025289	241.80	0.0041357	7.8356	8.8687	50.488	19.747	64.843	146.29	15.748	1.9561e-05	0.0095630
188.72	2.9901	1722.2	0.00058066	3.3851	3.5306	22.186	18.313	73.535	341.40	0.70796	0.00010672	0.045577	0.0025145	242.71	0.0041202	7.8332	8.8656	50.455	19.764	65.099	146.27	15.723	1.9583e-05	0.0095860
188.81	2.9992	1720.7	0.00058117	3.3910	3.5371	22.218	18.318	73.714	340.74	0.71350	0.00010651	0.045514	0.0025002	243.62	0.0041047	7.8309	8.8625	50.422	19.781	65.356	146.25	15.698	1.9606e-05	0.0096092
188.91	3.0082	1719.2	0.00058167	3.3970	3.5436	22.250	18.322	73.894	340.09	0.71907	0.00010630	0.045451	0.0024859	244.54	0.0040894	7.8285	8.8594	50.389	19.798	65.615	146.23	15.673	1.9628e-05	0.0096324
189.00	3.0173	1717.7	0.00058217	3.4030	3.5502	22.282	18.326	74.076	339.43	0.72465	0.00010609	0.045389	0.0024716	245.45	0.0040741	7.8262	8.8563	50.356	19.815	65.875	146.21	15.649	1.9651e-05	0.0096557
189.10	3.0264	1716.2	0.00058268	3.4089	3.5567	22.315	18.331	74.259	338.78	0.73026	0.00010588	0.045326	0.0024574	246.37	0.0040589	7.8238	8.8531	50.324	19.832	66.138	146.19	15.624	1.9673e-05	0.0096791
189.19	3.0355	1714.7	0.00058318	3.4149	3.5632	22.347	18.335	74.443	338.12	0.73589	0.00010568	0.045264	0.0024432	247.30	0.0040437	7.8214	8.8500	50.291	19.849	66.403	146.16	15.599	1.9696e-05	0.0097026
189.29	3.0446	1713.2	0.00058369	3.4208	3.5697	22.379	18.340	74.628	337.47	0.74155	0.00010547	0.045201	0.0024291	248.22	0.0040287	7.8190	8.8468	50.258	19.866	66.669	146.14	15.575	1.9718e-05	0.0097263
189.38	3.0537	1711.7	0.00058420	3.4268	3.5763	22.411	18.344	74.815	336.82	0.74723	0.00010527	0.045139	0.0024151	249.15	0.0040137	7.8166	8.8437	50.225	19.884	66.938	146.12	15.550	1.9741e-05	0.0097500
189.48	3.0628	1710.3	0.00058471	3.4327	3.5828	22.443	18.349	75.003	336.16	0.75293	0.00010506	0.045077	0.0024010	250.07	0.0039988	7.8142	8.8405	50.192	19.901	67.208	146.10	15.526	1.9764e-05	0.0097738
189.57	3.0718	1708.8	0.00058522	3.4386	3.5893	22.475	18.354	75.192	335.51	0.75865	0.00010486	0.045015	0.0023871	251.00	0.0039840	7.8118	8.8373	50.159	19.918	67.481	146.08	15.501	1.9787e-05	0.0097977
189.66	3.0809	1707.3	0.00058573	3.4446	3.5958	22.507	18.359	75.382	334.86	0.76440	0.00010465	0.044953	0.0023731	251.94	0.0039693	7.8093	8.8341	50.126	19.935	67.755	146.05	15.477	1.9809e-05	0.0098218
189.76	3.0900	1705.8	0.00058624	3.4505	3.6023	22.539	18.364	75.574	334.20	0.77017	0.00010445	0.044892	0.0023592	252.87	0.0039546	7.8069	8.8309	50.093	19.952	68.032	146.03	15.452	1.9832e-05	0.0098459
189.85	3.0991	1704.3	0.00058676	3.4564	3.6088	22.571	18.369	75.768	333.55	0.77597	0.00010424	0.044830	0.0023454	253.81	0.0039400	7.8044	8.8277	50.060	19.970	68.310	146.01	15.428	1.9855e-05	0.0098702
189.94	3.1082	1702.8	0.00058727	3.4623	3.6153	22.603	18.374	75.962	332.90	0.78179	0.00010404	0.044769	0.0023316	254.74	0.0039255	7.8020	8.8244	50.028	19.987	68.591	145.99	15.403	1.9878e-05	0.0098945
190.03	3.1173	1701.3	0.00058779	3.4683	3.6218	22.635	18.379	76.159	332.25	0.78763	0.00010384	0.044707	0.0023179	255.69	0.0039111	7.7995	8.8212	49.995	20.004	68.874	145.96	15.379	1.9901e-05	0.0099190
190.13	3.1264	1699.8	0.00058831	3.4742	3.6283	22.666	18.384	76.356	331.60	0.79350	0.00010364	0.044646	0.0023042	256.63	0.0038967	7.7971	8.8179	49.962	20.022	69.159	145.94	15.355	1.9924e-05	0.0099436
190.22	3.1354	1698.3	0.00058882	3.4801	3.6348	22.698	18.389	76.555	330.94	0.79939	0.00010343	0.044585	0.0022905	257.57	0.0038824	7.7946	8.8146	49.929	20.039	69.446	145.92	15.330	1.9947e-05	0.0099683
190.31	3.1445	1696.8	0.00058934	3.4860	3.6413	22.730	18.394	76.755	330.29	0.80531	0.00010323	0.044524	0.0022769	258.52	0.0038682	7.7921	8.8114	49.897	20.057	69.735	145.90	15.306	1.9970e-05	0.0099931
190.40	3.1536	1695.3	0.00058986	3.4919	3.6478	22.762	18.400	76.957	329.64	0.81125	0.00010303	0.044464	0.0022633	259.47	0.0038540	7.7896	8.8081	49.864	20.074	70.027	145.87	15.282	1.9993e-05	0.010018
190.49	3.1627	1693.8	0.00059039	3.4978	3.6543	22.793	18.405	77.161	328.99	0.81722	0.00010283	0.044403	0.0022498	260.42	0.0038399	7.7871	8.8048	49.831	20.092	70.321	145.85	15.258	2.0016e-05	0.010043
190.58	3.1718	1692.3	0.00059091	3.5037	3.6607	22.825	18.410	77.365	328.34	0.82321	0.00010263	0.044342	0.0022363	261.37	0.0038259	7.7846	8.8014	49.798	20.109	70.617	145.83	15.233	2.0039e-05	0.010068
190.68	3.1809	1690.8	0.00059143	3.5096	3.6672	22.857	18.416	77.572	327.68	0.82923	0.00010243	0.044282	0.0022229	262.33	0.0038120	7.7820	8.7981	49.766	20.127	70.915	145.81	15.209	2.0063e-05	0.010093
190.77	3.1900	1689.3	0.00059196	3.5155	3.6737	22.888	18.421	77.780	327.03	0.83528	0.00010223	0.044222	0.0022095	263.29	0.0037981	7.7795	8.7948	49.733	20.144	71.216	145.78	15.185	2.0086e-05	0.010119
190.86	3.1990	1687.8	0.00059249	3.5214	3.6802	22.920	18.427	77.989	326.38	0.84135	0.00010203	0.044162	0.0021962	264.25	0.0037843	7.7769	8.7914	49.700	20.162	71.519	145.76	15.161	2.0109e-05	0.010144
190.95	3.2081	1686.3	0.00059301	3.5273	3.6867	22.952	18.433	78.200	325.73	0.84745	0.00010183	0.044102	0.0021829	265.21	0.0037706	7.7744	8.7880	49.667	20.180	71.825	145.74	15.137	2.0133e-05	0.010170
191.04	3.2172	1684.8	0.00059354	3.5331	3.6932	22.983	18.439	78.413	325.08	0.85357	0.00010163	0.044042	0.0021696	266.18	0.0037569	7.7718	8.7847	49.635	20.197	72.133	145.71	15.113	2.0156e-05	0.010196
191.13	3.2263	1683.3	0.00059407	3.5390	3.6996	23.015	18.444	78.627	324.43	0.85972	0.00010144	0.043982	0.0021564	267.15	0.0037433	7.7692	8.7813	49.602	20.215	72.443	145.69	15.089	2.0179e-05	0.010222
191.22	3.2354	1681.8	0.00059460	3.5449	3.7061	23.046	18.450	78.843	323.78	0.86590	0.00010124	0.043922	0.0021432	268.12	0.0037297	7.7667	8.7779	49.569	20.233	72.756	145.67	15.065	2.0203e-05	0.010247
191.31	3.2445	1680.3	0.00059514	3.5508	3.7126	23.078	18.456	79.060	323.12	0.87211	0.00010104	0.043863	0.0021301	269.09	0.0037163	7.7641	8.7744	49.537	20.251	73.071	145.64	15.041	2.0226e-05	0.010274
191.40	3.2536	1678.8	0.00059567	3.5567	3.7191	23.109	18.462	79.279	322.47	0.87834	0.00010084	0.043803	0.0021170	270.06	0.0037029	7.7615	8.7710	49.504	20.269	73.389	145.62	15.017	2.0250e-05	0.010300
191.49	3.2626	1677.3	0.00059621	3.5625	3.7255	23.141	18.468	79.500	321.82	0.88460	0.00010065	0.043744	0.0021040	271.04	0.0036895	7.7589	8.7676	49.471	20.286	73.709	145.60	14.993	2.0274e-05	0.010326
191.58	3.2717	1675.8	0.00059674	3.5684	3.7320	23.172	18.475	79.723	321.17	0.89088	0.00010045	0.043685	0.0020910	272.02	0.0036762	7.7562	8.7641	49.439	20.304	74.032	145.57	14.969	2.0297e-05	0.010353
191.67	3.2808	1674.3	0.00059728	3.5743	3.7385	23.203	18.481	79.947	320.52	0.89720	0.00010026	0.043626	0.0020780	273.00	0.0036630	7.7536	8.7607	49.406	20.322	74.358	145.55	14.945	2.0321e-05	0.010379
191.76	3.2899	1672.7	0.00059782	3.5801	3.7449	23.235	18.487	80.173	319.87	0.90354	0.00010006	0.043567	0.0020651	273.98	0.0036498	7.7510	8.7572	49.373	20.340	74.686	145.52	14.921	2.0345e-05	0.010406
191.85	3.2990	1671.2	0.00059836	3.5860	3.7514	23.266	18.493	80.401	319.22	0.90991	9.9865e-05	0.043508	0.0020522	274.97	0.0036367	7.7483	8.7537	49.341	20.358	75.017	145.50	14.897	2.0369e-05	0.010433
191.93	3.3081	1669.7	0.00059891	3.5919	3.7579	23.297	18.500	80.630	318.57	0.91631	9.9670e-05	0.043450	0.0020394	275.96	0.0036237	7.7457	8.7502	49.308	20.376	75.351	145.48	14.873	2.0392e-05	0.010460
192.02	3.3172	1668.2	0.00059945	3.5977	3.7643	23.329	18.506	80.862	317.92	0.92274	9.9475e-05	0.043391	0.0020266	276.95	0.0036107	7.7430	8.7467	49.275	20.395	75.688	145.45	14.849	2.0416e-05	0.010487
192.11	3.3262	1666.7	0.00059999	3.6036	3.7708	23.360	18.513	81.095	317.26	0.92920	9.9281e-05	0.043333	0.0020138	277.95	0.0035978	7.7403	8.7431	49.243	20.413	76.027	145.43	14.825	2.0440e-05	0.010514
192.20	3.3353	1665.2	0.00060054	3.6094	3.7773	23.391	18.520	81.330	316.61	0.93569	9.9087e-05	0.043274	0.0020011	278.94	0.0035850	7.7376	8.7396	49.210	20.431	76.369	145.40	14.801	2.0464e-05	0.010542
192.29	3.3444	1663.6	0.00060109	3.6153	3.7837	23.423	18.526	81.567	315.96	0.94221	9.8893e-05	0.043216	0.0019885	279.94	0.0035722	7.7349	8.7360	49.177	20.449	76.714	145.38	14.777	2.0488e-05	0.010569
192.37	3.3535	1662.1	0.00060164	3.6211	3.7902	23.454	18.533	81.806	315.31	0.94875	9.8700e-05	0.043158	0.0019758	280.94	0.0035594	7.7322	8.7325	49.145	20.468	77.062	145.35	14.754	2.0512e-05	0.010597
192.46	3.3626	1660.6	0.00060219	3.6270	3.7967	23.485	18.540	82.047	314.66	0.95533	9.8507e-05	0.043100	0.0019632	281.95	0.0035467	7.7295	8.7289	49.112	20.486	77.413	145.33	14.730	2.0537e-05	0.010625
192.55	3.3717	1659.1	0.00060274	3.6328	3.8031	23.516	18.547	82.290	314.01	0.96194	9.8315e-05	0.043042	0.0019507	282.96	0.0035341	7.7268	8.7253	49.079	20.504	77.767	145.31	14.706	2.0561e-05	0.010653
192.64	3.3808	1657.6	0.00060330	3.6387	3.8096	23.547	18.554	82.535	313.36	0.96858	9.8122e-05	0.042984	0.0019382	283.97	0.0035216	7.7240	8.7217	49.047	20.523	78.124	145.28	14.682	2.0585e-05	0.010681
192.72	3.3898	1656.0	0.00060385	3.6445	3.8161	23.579	18.561	82.782	312.71	0.97525	9.7930e-05	0.042927	0.0019257	284.98	0.0035090	7.7213	8.7181	49.014	20.541	78.484	145.26	14.658	2.0609e-05	0.010709
192.81	3.3989	1654.5	0.00060441	3.6504	3.8225	23.610	18.568	83.031	312.06	0.98195	9.7738e-05	0.042869	0.0019133	285.99	0.0034966	7.7185	8.7144	48.981	20.560	78.847	145.23	14.635	2.0634e-05	0.010738
192.90	3.4080	1653.0	0.00060497	3.6562	3.8290	23.641	18.576	83.282	311.40	0.98868	9.7547e-05	0.042812	0.0019009	287.01	0.0034842	7.7157	8.7108	48.949	20.578	79.213	145.21	14.611	2.0658e-05	0.010766
192.98	3.4171	1651.5	0.00060553	3.6621	3.8355	23.672	18.583	83.535	310.75	0.99544	9.7356e-05	0.042754	0.0018886	288.03	0.0034718	7.7130	8.7071	48.916	20.597	79.583	145.18	14.587	2.0683e-05	0.010795
193.07	3.4262	1649.9	0.00060609	3.6679	3.8419	23.703	18.590	83.791	310.10	1.0022	9.7165e-05	0.042697	0.0018763	289.05	0.0034596	7.7102	8.7034	48.883	20.615	79.956	145.16	14.564	2.0707e-05	0.010824
193.16	3.4353	1648.4	0.00060665	3.6738	3.8484	23.734	18.598	84.048	309.45	1.0091	9.6974e-05	0.042640	0.0018640	290.08	0.0034473	7.7074	8.6998	48.850	20.634	80.331	145.13	14.540	2.0732e-05	0.010853
193.24	3.4444	1646.9	0.00060721	3.6796	3.8549	23.765	18.605	84.308	308.80	1.0159	9.6784e-05	0.042583	0.0018518	291.11	0.0034351	7.7046	8.6961	48.818	20.653	80.711	145.11	14.516	2.0757e-05	0.010882
193.33	3.4534	1645.3	0.00060778	3.6855	3.8613	23.796	18.613	84.570	308.15	1.0228	9.6594e-05	0.042526	0.0018396	292.14	0.0034230	7.7017	8.6923	48.785	20.671	81.093	145.08	14.492	2.0781e-05	0.010911
193.41	3.4625	1643.8	0.00060835	3.6913	3.8678	23.827	18.621	84.834	307.50	1.0297	9.6404e-05	0.042470	0.0018275	293.17	0.0034109	7.6989	8.6886	48.752	20.690	81.479	145.05	14.469	2.0806e-05	0.010941
193.50	3.4716	1642.3	0.00060892	3.6971	3.8743	23.858	18.628	85.100	306.84	1.0367	9.6214e-05	0.042413	0.0018154	294.21	0.0033989	7.6961	8.6849	48.719	20.709	81.869	145.03	14.445	2.0831e-05	0.010971
193.58	3.4807	1640.7	0.00060949	3.7030	3.8807	23.889	18.636	85.369	306.19	1.0437	9.6025e-05	0.042356	0.0018033	295.25	0.0033870	7.6932	8.6811	48.687	20.728	82.262	145.00	14.421	2.0856e-05	0.011000
193.67	3.4898	1639.2	0.00061006	3.7088	3.8872	23.920	18.644	85.640	305.54	1.0507	9.5836e-05	0.042300	0.0017913	296.29	0.0033750	7.6904	8.6773	48.654	20.747	82.658	144.98	14.398	2.0881e-05	0.011030
193.75	3.4989	1637.6	0.00061064	3.7147	3.8937	23.951	18.652	85.913	304.89	1.0578	9.5647e-05	0.042244	0.0017793	297.34	0.0033632	7.6875	8.6736	48.621	20.766	83.059	144.95	14.374	2.0906e-05	0.011061
193.84	3.5080	1636.1	0.00061121	3.7205	3.9002	23.982	18.660	86.189	304.24	1.0649	9.5459e-05	0.042188	0.0017674	298.39	0.0033513	7.6846	8.6698	48.588	20.785	83.462	144.93	14.350	2.0931e-05	0.011091
193.92	3.5170	1634.5	0.00061179	3.7263	3.9066	24.013	18.669	86.467	303.58	1.0720	9.5270e-05	0.042131	0.0017554	299.44	0.0033396	7.6817	8.6659	48.556	20.804	83.870	144.90	14.327	2.0956e-05	0.011121
194.01	3.5261	1633.0	0.00061237	3.7322	3.9131	24.044	18.677	86.748	302.93	1.0792	9.5082e-05	0.042076	0.0017436	300.49	0.0033279	7.6788	8.6621	48.523	20.823	84.281	144.87	14.303	2.0981e-05	0.011152
194.09	3.5352	1631.4	0.00061295	3.7380	3.9196	24.075	18.685	87.032	302.28	1.0864	9.4894e-05	0.042020	0.0017317	301.55	0.0033162	7.6759	8.6583	48.490	20.842	84.696	144.85	14.280	2.1007e-05	0.011183
194.18	3.5443	1629.9	0.00061354	3.7438	3.9261	24.106	18.694	87.317	301.62	1.0936	9.4707e-05	0.041964	0.0017199	302.61	0.0033046	7.6729	8.6544	48.457	20.862	85.115	144.82	14.256	2.1032e-05	0.011214
194.26	3.5534	1628.3	0.00061412	3.7497	3.9325	24.137	18.702	87.606	300.97	1.1009	9.4519e-05	0.041908	0.0017082	303.67	0.0032930	7.6700	8.6506	48.424	20.881	85.538	144.80	14.232	2.1057e-05	0.011245
194.35	3.5625	1626.8	0.00061471	3.7555	3.9390	24.168	18.711	87.897	300.32	1.1082	9.4332e-05	0.041853	0.0016965	304.74	0.0032815	7.6671	8.6467	48.391	20.900	85.965	144.77	14.209	2.1083e-05	0.011276
194.43	3.5716	1625.2	0.00061530	3.7614	3.9455	24.199	18.719	88.191	299.66	1.1155	9.4145e-05	0.041797	0.0016848	305.81	0.0032700	7.6641	8.6428	48.358	20.920	86.395	144.74	14.185	2.1108e-05	0.011308
194.51	3.5806	1623.7	0.00061589	3.7672	3.9520	24.230	18.728	88.487	299.01	1.1229	9.3959e-05	0.041742	0.0016732	306.88	0.0032586	7.6611	8.6389	48.326	20.939	86.830	144.72	14.161	2.1134e-05	0.011340
194.60	3.5897	1622.1	0.00061648	3.7730	3.9585	24.261	18.737	88.786	298.36	1.1303	9.3772e-05	0.041687	0.0016616	307.96	0.0032472	7.6581	8.6349	48.293	20.959	87.269	144.69	14.138	2.1160e-05	0.011371
194.68	3.5988	1620.6	0.00061707	3.7789	3.9650	24.292	18.746	89.088	297.70	1.1378	9.3586e-05	0.041632	0.0016500	309.04	0.0032359	7.6551	8.6310	48.260	20.978	87.712	144.66	14.114	2.1186e-05	0.011404
194.76	3.6079	1619.0	0.00061767	3.7847	3.9715	24.323	18.755	89.393	297.05	1.1453	9.3400e-05	0.041577	0.0016385	310.12	0.0032246	7.6521	8.6270	48.227	20.998	88.160	144.64	14.091	2.1211e-05	0.011436
194.85	3.6170	1617.4	0.00061827	3.7906	3.9780	24.354	18.764	89.701	296.40	1.1528	9.3214e-05	0.041522	0.0016270	311.20	0.0032133	7.6491	8.6230	48.194	21.017	88.612	144.61	14.067	2.1237e-05	0.011468
194.93	3.6261	1615.9	0.00061887	3.7964	3.9845	24.385	18.773	90.011	295.74	1.1604	9.3028e-05	0.041467	0.0016155	312.29	0.0032021	7.6461	8.6191	48.161	21.037	89.068	144.58	14.043	2.1263e-05	0.011501
195.01	3.6352	1614.3	0.00061947	3.8023	3.9910	24.416	18.783	90.325	295.09	1.1680	9.2843e-05	0.041412	0.0016041	313.38	0.0031910	7.6430	8.6151	48.128	21.057	89.529	144.56	14.020	2.1289e-05	0.011534
195.09	3.6442	1612.7	0.00062007	3.8081	3.9975	24.447	18.792	90.641	294.43	1.1756	9.2657e-05	0.041358	0.0015927	314.48	0.0031799	7.6400	8.6110	48.095	21.077	89.994	144.53	13.996	2.1315e-05	0.011567
195.18	3.6533	1611.1	0.00062068	3.8139	4.0040	24.478	18.802	90.961	293.78	1.1833	9.2472e-05	0.041303	0.0015814	315.58	0.0031688	7.6369	8.6070	48.062	21.097	90.463	144.50	13.973	2.1342e-05	0.011600
195.26	3.6624	1609.6	0.00062128	3.8198	4.0105	24.508	18.811	91.283	293.12	1.1910	9.2287e-05	0.041249	0.0015701	316.68	0.0031578	7.6338	8.6029	48.029	21.117	90.938	144.47	13.949	2.1368e-05	0.011633
195.34	3.6715	1608.0	0.00062189	3.8256	4.0170	24.539	18.821	91.609	292.46	1.1988	9.2103e-05	0.041195	0.0015588	317.78	0.0031468	7.6307	8.5989	47.995	21.137	91.417	144.45	13.925	2.1394e-05	0.011667
195.42	3.6806	1606.4	0.00062251	3.8315	4.0235	24.570	18.831	91.938	291.81	1.2066	9.1918e-05	0.041141	0.0015476	318.89	0.0031359	7.6276	8.5948	47.962	21.157	91.901	144.42	13.902	2.1421e-05	0.011701
195.50	3.6897	1604.8	0.00062312	3.8373	4.0300	24.601	18.840	92.270	291.15	1.2144	9.1734e-05	0.041087	0.0015364	320.00	0.0031250	7.6245	8.5907	47.929	21.177	92.390	144.39	13.878	2.1447e-05	0.011735
195.59	3.6988	1603.2	0.00062374	3.8432	4.0365	24.632	18.850	92.605	290.50	1.2223	9.1549e-05	0.041033	0.0015252	321.12	0.0031141	7.6214	8.5866	47.896	21.197	92.883	144.36	13.854	2.1474e-05	0.011769
195.67	3.7078	1601.7	0.00062435	3.8490	4.0430	24.663	18.860	92.944	289.84	1.2303	9.1365e-05	0.040979	0.0015141	322.24	0.0031033	7.6182	8.5825	47.863	21.217	93.382	144.34	13.831	2.1501e-05	0.011804
195.75	3.7169	1600.1	0.00062497	3.8549	4.0496	24.694	18.870	93.286	289.18	1.2382	9.1181e-05	0.040925	0.0015030	323.36	0.0030926	7.6151	8.5783	47.830	21.237	93.886	144.31	13.807	2.1527e-05	0.011838
195.83	3.7260	1598.5	0.00062560	3.8608	4.0561	24.725	18.881	93.632	288.53	1.2463	9.0998e-05	0.040872	0.0014920	324.48	0.0030818	7.6119	8.5742	47.796	21.258	94.395	144.28	13.784	2.1554e-05	0.011873
195.91	3.7351	1596.9	0.00062622	3.8666	4.0626	24.756	18.891	93.981	287.87	1.2543	9.0814e-05	0.040818	0.0014810	325.61	0.0030711	7.6087	8.5700	47.763	21.278	94.909	144.25	13.760	2.1581e-05	0.011908
195.99	3.7442	1595.3	0.00062685	3.8725	4.0692	24.787	18.901	94.334	287.21	1.2624	9.0631e-05	0.040765	0.0014700	326.74	0.0030605	7.6055	8.5658	47.730	21.299	95.428	144.22	13.736	2.1608e-05	0.011944
196.07	3.7533	1593.7	0.00062748	3.8783	4.0757	24.818	18.912	94.690	286.55	1.2706	9.0447e-05	0.040712	0.0014591	327.88	0.0030499	7.6023	8.5616	47.696	21.319	95.953	144.20	13.713	2.1635e-05	0.011979
196.15	3.7624	1592.1	0.00062811	3.8842	4.0822	24.848	18.923	95.050	285.89	1.2788	9.0264e-05	0.040659	0.0014481	329.02	0.0030393	7.5991	8.5573	47.663	21.340	96.484	144.17	13.689	2.1662e-05	0.012015
196.23	3.7714	1590.5	0.00062874	3.8901	4.0888	24.879	18.933	95.413	285.24	1.2870	9.0081e-05	0.040606	0.0014373	330.16	0.0030288	7.5959	8.5531	47.629	21.360	97.020	144.14	13.665	2.1690e-05	0.012051
196.31	3.7805	1588.9	0.00062938	3.8959	4.0953	24.910	18.944	95.781	284.58	1.2953	8.9898e-05	0.040553	0.0014264	331.31	0.0030183	7.5926	8.5488	47.596	21.381	97.561	144.11	13.642	2.1717e-05	0.012087
196.39	3.7896	1587.3	0.00063002	3.9018	4.1019	24.941	18.955	96.152	283.92	1.3036	8.9716e-05	0.040500	0.0014157	332.46	0.0030079	7.5894	8.5446	47.563	21.402	98.109	144.08	13.618	2.1745e-05	0.012124
196.47	3.7987	1585.6	0.00063066	3.9077	4.1084	24.972	18.966	96.527	283.26	1.3120	8.9533e-05	0.040447	0.0014049	333.62	0.0029975	7.5861	8.5403	47.529	21.423	98.662	144.05	13.594	2.1772e-05	0.012160
196.55	3.8078	1584.0	0.00063130	3.9136	4.1150	25.003	18.977	96.906	282.60	1.3204	8.9351e-05	0.040395	0.0013942	334.77	0.0029871	7.5828	8.5359	47.496	21.444	99.222	144.02	13.571	2.1800e-05	0.012197
196.63	3.8169	1582.4	0.00063195	3.9195	4.1216	25.034	18.988	97.290	281.94	1.3289	8.9168e-05	0.040342	0.0013835	335.94	0.0029768	7.5795	8.5316	47.462	21.465	99.787	144.00	13.547	2.1828e-05	0.012235
196.71	3.8260	1580.8	0.00063259	3.9253	4.1281	25.065	19.000	97.677	281.28	1.3374	8.8986e-05	0.040290	0.0013728	337.10	0.0029665	7.5762	8.5273	47.428	21.486	100.36	143.97	13.523	2.1855e-05	0.012272
196.79	3.8350	1579.2	0.00063324	3.9312	4.1347	25.096	19.011	98.068	280.62	1.3459	8.8804e-05	0.040237	0.0013622	338.27	0.0029562	7.5729	8.5229	47.395	21.507	100.94	143.94	13.499	2.1883e-05	0.012310
196.87	3.8441	1577.5	0.00063390	3.9371	4.1413	25.127	19.023	98.464	279.95	1.3545	8.8622e-05	0.040185	0.0013516	339.45	0.0029460	7.5695	8.5185	47.361	21.528	101.52	143.91	13.476	2.1911e-05	0.012348
196.95	3.8532	1575.9	0.00063455	3.9430	4.1479	25.158	19.034	98.864	279.29	1.3632	8.8440e-05	0.040133	0.0013411	340.62	0.0029358	7.5662	8.5141	47.327	21.549	102.11	143.88	13.452	2.1939e-05	0.012386
197.03	3.8623	1574.3	0.00063521	3.9489	4.1545	25.189	19.046	99.268	278.63	1.3719	8.8258e-05	0.040081	0.0013306	341.81	0.0029256	7.5628	8.5097	47.294	21.571	102.71	143.85	13.428	2.1968e-05	0.012424
197.11	3.8714	1572.7	0.00063587	3.9548	4.1611	25.220	19.058	99.677	277.97	1.3807	8.8076e-05	0.040030	0.0013201	342.99	0.0029155	7.5594	8.5053	47.260	21.592	103.31	143.82	13.404	2.1996e-05	0.012463
197.19	3.8805	1571.0	0.00063653	3.9607	4.1677	25.251	19.070	100.09	277.30	1.3895	8.7895e-05	0.039978	0.0013096	344.18	0.0029054	7.5560	8.5008	47.226	21.614	103.92	143.79	13.380	2.2024e-05	0.012502
197.26	3.8896	1569.4	0.00063720	3.9666	4.1743	25.282	19.082	100.51	276.64	1.3983	8.7713e-05	0.039926	0.0012992	345.38	0.0028954	7.5526	8.4963	47.192	21.635	104.54	143.76	13.357	2.2053e-05	0.012541
197.34	3.8986	1567.7	0.00063787	3.9725	4.1809	25.313	19.094	100.93	275.98	1.4072	8.7531e-05	0.039875	0.0012889	346.57	0.0028854	7.5492	8.4918	47.158	21.657	105.16	143.73	13.333	2.2082e-05	0.012581
197.42	3.9077	1566.1	0.00063854	3.9784	4.1875	25.344	19.107	101.36	275.31	1.4162	8.7350e-05	0.039823	0.0012785	347.78	0.0028754	7.5457	8.4873	47.124	21.678	105.80	143.70	13.309	2.2110e-05	0.012621
197.50	3.9168	1564.4	0.00063921	3.9843	4.1941	25.375	19.119	101.79	274.65	1.4252	8.7169e-05	0.039772	0.0012682	348.98	0.0028655	7.5423	8.4828	47.090	21.700	106.43	143.67	13.285	2.2139e-05	0.012661
197.58	3.9259	1562.8	0.00063989	3.9903	4.2008	25.406	19.132	102.23	273.98	1.4343	8.6988e-05	0.039721	0.0012579	350.19	0.0028556	7.5388	8.4783	47.056	21.722	107.08	143.64	13.261	2.2168e-05	0.012701
197.66	3.9350	1561.1	0.00064056	3.9962	4.2074	25.438	19.144	102.67	273.32	1.4434	8.6806e-05	0.039670	0.0012477	351.41	0.0028457	7.5353	8.4737	47.022	21.744	107.73	143.61	13.237	2.2197e-05	0.012742
197.73	3.9441	1559.5	0.00064125	4.0021	4.2141	25.469	19.157	103.12	272.65	1.4526	8.6625e-05	0.039619	0.0012375	352.63	0.0028358	7.5318	8.4691	46.988	21.766	108.40	143.58	13.213	2.2226e-05	0.012783
197.81	3.9532	1557.8	0.00064193	4.0081	4.2207	25.500	19.170	103.57	271.99	1.4618	8.6444e-05	0.039568	0.0012273	353.85	0.0028260	7.5283	8.4645	46.954	21.788	109.07	143.55	13.189	2.2256e-05	0.012824
197.89	3.9622	1556.1	0.00064262	4.0140	4.2274	25.531	19.183	104.03	271.32	1.4711	8.6263e-05	0.039518	0.0012172	355.08	0.0028163	7.5248	8.4599	46.919	21.810	109.74	143.52	13.166	2.2285e-05	0.012865
197.97	3.9713	1554.5	0.00064331	4.0199	4.2340	25.562	19.196	104.49	270.65	1.4804	8.6082e-05	0.039467	0.0012071	356.31	0.0028065	7.5212	8.4552	46.885	21.833	110.43	143.49	13.142	2.2315e-05	0.012907
198.04	3.9804	1552.8	0.00064400	4.0259	4.2407	25.593	19.210	104.96	269.99	1.4898	8.5901e-05	0.039417	0.0011970	357.55	0.0027968	7.5177	8.4506	46.851	21.855	111.12	143.46	13.118	2.2344e-05	0.012949
198.12	3.9895	1551.1	0.00064470	4.0318	4.2474	25.625	19.223	105.44	269.32	1.4993	8.5720e-05	0.039367	0.0011870	358.79	0.0027871	7.5141	8.4459	46.816	21.877	111.82	143.43	13.094	2.2374e-05	0.012992
198.20	3.9986	1549.4	0.00064540	4.0378	4.2541	25.656	19.237	105.92	268.65	1.5088	8.5540e-05	0.039316	0.0011770	360.04	0.0027775	7.5105	8.4412	46.782	21.900	112.53	143.40	13.070	2.2404e-05	0.013035
198.27	4.0077	1547.7	0.00064610	4.0438	4.2607	25.687	19.250	106.40	267.98	1.5183	8.5359e-05	0.039266	0.0011671	361.29	0.0027678	7.5069	8.4364	46.747	21.922	113.25	143.36	13.045	2.2434e-05	0.013078
198.35	4.0168	1546.1	0.00064681	4.0497	4.2674	25.718	19.264	106.90	267.31	1.5280	8.5178e-05	0.039216	0.0011571	362.55	0.0027583	7.5033	8.4317	46.713	21.945	113.98	143.33	13.021	2.2464e-05	0.013121
198.43	4.0258	1544.4	0.00064751	4.0557	4.2741	25.750	19.278	107.39	266.64	1.5376	8.4997e-05	0.039167	0.0011472	363.81	0.0027487	7.4996	8.4269	46.678	21.968	114.72	143.30	12.997	2.2494e-05	0.013165
198.50	4.0349	1542.7	0.00064823	4.0617	4.2809	25.781	19.292	107.90	265.97	1.5474	8.4817e-05	0.039117	0.0011374	365.07	0.0027392	7.4960	8.4221	46.644	21.990	115.46	143.27	12.973	2.2524e-05	0.013209
198.58	4.0440	1541.0	0.00064894	4.0677	4.2876	25.812	19.306	108.41	265.30	1.5572	8.4636e-05	0.039067	0.0011275	366.34	0.0027297	7.4923	8.4173	46.609	22.013	116.22	143.24	12.949	2.2555e-05	0.013253
198.66	4.0531	1539.3	0.00064966	4.0737	4.2943	25.844	19.321	108.93	264.63	1.5671	8.4455e-05	0.039018	0.0011178	367.62	0.0027202	7.4886	8.4125	46.574	22.036	116.98	143.21	12.925	2.2585e-05	0.013298
198.73	4.0622	1537.6	0.00065038	4.0797	4.3010	25.875	19.335	109.45	263.95	1.5770	8.4275e-05	0.038969	0.0011080	368.90	0.0027108	7.4849	8.4076	46.539	22.059	117.76	143.18	12.901	2.2616e-05	0.013343
198.81	4.0713	1535.9	0.00065110	4.0857	4.3078	25.907	19.350	109.98	263.28	1.5870	8.4094e-05	0.038920	0.0010983	370.18	0.0027014	7.4812	8.4028	46.504	22.083	118.54	143.14	12.876	2.2647e-05	0.013388
198.88	4.0804	1534.1	0.00065183	4.0917	4.3145	25.938	19.364	110.52	262.61	1.5970	8.3913e-05	0.038871	0.0010886	371.48	0.0026920	7.4774	8.3979	46.470	22.106	119.34	143.11	12.852	2.2678e-05	0.013434
198.96	4.0894	1532.4	0.00065256	4.0977	4.3213	25.970	19.379	111.06	261.93	1.6071	8.3733e-05	0.038822	0.0010789	372.77	0.0026826	7.4737	8.3930	46.435	22.129	120.14	143.08	12.828	2.2709e-05	0.013480
199.03	4.0985	1530.7	0.00065330	4.1037	4.3281	26.001	19.394	111.61	261.26	1.6173	8.3552e-05	0.038773	0.0010693	374.07	0.0026733	7.4699	8.3880	46.399	22.153	120.95	143.05	12.804	2.2740e-05	0.013527
199.11	4.1076	1529.0	0.00065404	4.1097	4.3349	26.033	19.410	112.17	260.59	1.6276	8.3371e-05	0.038724	0.0010597	375.38	0.0026640	7.4661	8.3831	46.364	22.176	121.78	143.01	12.779	2.2772e-05	0.013573
199.18	4.1167	1527.2	0.00065478	4.1158	4.3416	26.064	19.425	112.74	259.91	1.6379	8.3191e-05	0.038676	0.0010501	376.69	0.0026547	7.4623	8.3781	46.329	22.200	122.62	142.98	12.755	2.2803e-05	0.013621
199.26	4.1258	1525.5	0.00065552	4.1218	4.3484	26.096	19.440	113.31	259.23	1.6483	8.3010e-05	0.038628	0.0010406	378.00	0.0026455	7.4584	8.3731	46.294	22.224	123.46	142.95	12.730	2.2835e-05	0.013668
199.33	4.1349	1523.8	0.00065627	4.1279	4.3552	26.128	19.456	113.89	258.56	1.6587	8.2829e-05	0.038579	0.0010311	379.33	0.0026363	7.4546	8.3680	46.259	22.247	124.32	142.92	12.706	2.2867e-05	0.013716
199.41	4.1440	1522.0	0.00065703	4.1339	4.3621	26.159	19.472	114.48	257.88	1.6692	8.2648e-05	0.038531	0.0010217	380.65	0.0026271	7.4507	8.3630	46.223	22.271	125.19	142.88	12.682	2.2899e-05	0.013764
199.48	4.1530	1520.3	0.00065778	4.1400	4.3689	26.191	19.487	115.08	257.20	1.6798	8.2467e-05	0.038483	0.0010122	381.98	0.0026179	7.4468	8.3579	46.188	22.295	126.08	142.85	12.657	2.2931e-05	0.013813
199.56	4.1621	1518.5	0.00065854	4.1460	4.3757	26.223	19.504	115.68	256.52	1.6905	8.2287e-05	0.038436	0.0010029	383.32	0.0026088	7.4429	8.3528	46.152	22.319	126.97	142.82	12.633	2.2963e-05	0.013862
199.63	4.1712	1516.7	0.00065931	4.1521	4.3826	26.255	19.520	116.29	255.84	1.7012	8.2106e-05	0.038388	0.00099349	384.67	0.0025997	7.4390	8.3477	46.117	22.344	127.88	142.78	12.608	2.2996e-05	0.013912
199.71	4.1803	1515.0	0.00066007	4.1582	4.3894	26.286	19.536	116.92	255.16	1.7120	8.1925e-05	0.038341	0.00098417	386.02	0.0025906	7.4350	8.3425	46.081	22.368	128.80	142.75	12.583	2.3028e-05	0.013962
199.78	4.1894	1513.2	0.00066085	4.1643	4.3963	26.318	19.553	117.55	254.48	1.7228	8.1744e-05	0.038293	0.00097487	387.37	0.0025815	7.4311	8.3373	46.045	22.392	129.73	142.72	12.559	2.3061e-05	0.014012
199.86	4.1985	1511.4	0.00066162	4.1704	4.4032	26.350	19.569	118.19	253.80	1.7338	8.1562e-05	0.038246	0.00096561	388.73	0.0025725	7.4271	8.3321	46.009	22.417	130.67	142.68	12.534	2.3094e-05	0.014063
199.93	4.2076	1509.7	0.00066240	4.1765	4.4101	26.382	19.586	118.83	253.12	1.7448	8.1381e-05	0.038199	0.00095639	390.10	0.0025635	7.4231	8.3269	45.973	22.442	131.63	142.65	12.509	2.3127e-05	0.014114
200.00	4.2166	1507.9	0.00066318	4.1826	4.4170	26.414	19.603	119.49	252.44	1.7559	8.1200e-05	0.038153	0.00094719	391.47	0.0025545	7.4191	8.3217	45.937	22.466	132.60	142.62	12.485	2.3160e-05	0.014166
200.08	4.2257	1506.1	0.00066397	4.1888	4.4239	26.446	19.620	120.16	251.75	1.7671	8.1019e-05	0.038106	0.00093803	392.85	0.0025455	7.4150	8.3164	45.901	22.491	133.59	142.58	12.460	2.3193e-05	0.014218
200.15	4.2348	1504.3	0.00066476	4.1949	4.4308	26.478	19.638	120.84	251.07	1.7783	8.0837e-05	0.038059	0.00092890	394.24	0.0025366	7.4110	8.3111	45.865	22.516	134.59	142.55	12.435	2.3227e-05	0.014271
200.22	4.2439	1502.5	0.00066556	4.2011	4.4377	26.510	19.655	121.52	250.39	1.7896	8.0656e-05	0.038013	0.00091981	395.63	0.0025276	7.4069	8.3058	45.829	22.541	135.60	142.51	12.410	2.3260e-05	0.014324
200.30	4.2530	1500.7	0.00066636	4.2072	4.4447	26.542	19.673	122.22	249.70	1.8010	8.0474e-05	0.037967	0.00091074	397.02	0.0025187	7.4028	8.3004	45.793	22.566	136.63	142.48	12.385	2.3294e-05	0.014377
200.37	4.2621	1498.9	0.00066717	4.2134	4.4517	26.575	19.691	122.93	249.01	1.8125	8.0292e-05	0.037921	0.00090171	398.43	0.0025099	7.3986	8.2950	45.756	22.592	137.67	142.44	12.360	2.3328e-05	0.014431
200.44	4.2712	1497.1	0.00066797	4.2195	4.4586	26.607	19.709	123.64	248.33	1.8240	8.0111e-05	0.037875	0.00089272	399.84	0.0025010	7.3945	8.2896	45.720	22.617	138.73	142.41	12.336	2.3363e-05	0.014486
200.52	4.2802	1495.2	0.00066879	4.2257	4.4656	26.639	19.727	124.37	247.64	1.8357	7.9929e-05	0.037830	0.00088375	401.25	0.0024922	7.3903	8.2842	45.683	22.642	139.81	142.37	12.311	2.3397e-05	0.014541
200.59	4.2893	1493.4	0.00066961	4.2319	4.4726	26.672	19.745	125.11	246.95	1.8474	7.9747e-05	0.037784	0.00087482	402.68	0.0024834	7.3861	8.2787	45.646	22.668	140.90	142.34	12.285	2.3431e-05	0.014596
200.66	4.2984	1491.6	0.00067043	4.2381	4.4796	26.704	19.764	125.86	246.26	1.8592	7.9564e-05	0.037739	0.00086592	404.11	0.0024746	7.3819	8.2733	45.610	22.694	142.00	142.30	12.260	2.3466e-05	0.014652
200.73	4.3075	1489.7	0.00067126	4.2444	4.4866	26.736	19.782	126.63	245.57	1.8711	7.9382e-05	0.037694	0.00085705	405.54	0.0024658	7.3777	8.2677	45.573	22.720	143.13	142.27	12.235	2.3501e-05	0.014709
200.81	4.3166	1487.9	0.00067209	4.2506	4.4937	26.769	19.801	127.40	244.88	1.8831	7.9200e-05	0.037649	0.00084822	406.98	0.0024571	7.3734	8.2622	45.536	22.746	144.27	142.23	12.210	2.3536e-05	0.014766
200.88	4.3257	1486.0	0.00067293	4.2568	4.5007	26.802	19.820	128.19	244.19	1.8951	7.9017e-05	0.037605	0.00083942	408.43	0.0024484	7.3691	8.2566	45.499	22.772	145.43	142.20	12.185	2.3572e-05	0.014823
200.95	4.3348	1484.2	0.00067377	4.2631	4.5078	26.834	19.840	128.99	243.50	1.9073	7.8834e-05	0.037560	0.00083065	409.89	0.0024397	7.3648	8.2510	45.462	22.798	146.61	142.16	12.159	2.3607e-05	0.014881
201.02	4.3438	1482.3	0.00067461	4.2693	4.5149	26.867	19.859	129.80	242.80	1.9195	7.8651e-05	0.037516	0.00082191	411.35	0.0024310	7.3605	8.2454	45.424	22.824	147.80	142.12	12.134	2.3643e-05	0.014940
201.10	4.3529	1480.5	0.00067547	4.2756	4.5220	26.900	19.879	130.62	242.11	1.9319	7.8468e-05	0.037472	0.00081321	412.82	0.0024223	7.3562	8.2397	45.387	22.851	149.02	142.09	12.109	2.3679e-05	0.014999
201.17	4.3620	1478.6	0.00067632	4.2819	4.5291	26.932	19.899	131.46	241.41	1.9443	7.8285e-05	0.037428	0.00080454	414.30	0.0024137	7.3518	8.2341	45.350	22.877	150.25	142.05	12.083	2.3715e-05	0.015059
201.24	4.3711	1476.7	0.00067718	4.2882	4.5362	26.965	19.919	132.31	240.72	1.9568	7.8102e-05	0.037385	0.00079590	415.79	0.0024051	7.3474	8.2283	45.312	22.904	151.51	142.02	12.058	2.3751e-05	0.015119
201.31	4.3802	1474.8	0.00067805	4.2945	4.5434	26.998	19.939	133.18	240.02	1.9694	7.7918e-05	0.037342	0.00078729	417.28	0.0023965	7.3430	8.2226	45.274	22.931	152.78	141.98	12.032	2.3788e-05	0.015180
201.38	4.3893	1472.9	0.00067892	4.3008	4.5505	27.031	19.960	134.06	239.32	1.9821	7.7734e-05	0.037298	0.00077872	418.78	0.0023879	7.3385	8.2168	45.237	22.958	154.08	141.94	12.007	2.3824e-05	0.015241
201.45	4.3984	1471.0	0.00067980	4.3071	4.5577	27.064	19.980	134.96	238.63	1.9949	7.7550e-05	0.037256	0.00077018	420.29	0.0023793	7.3340	8.2110	45.199	22.985	155.39	141.90	11.981	2.3861e-05	0.015303
201.53	4.4074	1469.1	0.00068069	4.3135	4.5649	27.097	20.001	135.87	237.93	2.0078	7.7366e-05	0.037213	0.00076167	421.80	0.0023708	7.3295	8.2051	45.161	23.012	156.73	141.87	11.955	2.3898e-05	0.015366
201.60	4.4165	1467.2	0.00068157	4.3199	4.5721	27.131	20.022	136.79	237.23	2.0208	7.7182e-05	0.037171	0.00075320	423.33	0.0023622	7.3250	8.1993	45.123	23.040	158.09	141.83	11.930	2.3936e-05	0.015429
201.67	4.4256	1465.3	0.00068247	4.3262	4.5793	27.164	20.044	137.74	236.52	2.0339	7.6997e-05	0.037129	0.00074475	424.86	0.0023537	7.3205	8.1934	45.085	23.067	159.48	141.79	11.904	2.3973e-05	0.015493
201.74	4.4347	1463.3	0.00068337	4.3326	4.5866	27.197	20.065	138.70	235.82	2.0471	7.6812e-05	0.037087	0.00073634	426.40	0.0023452	7.3159	8.1874	45.046	23.095	160.88	141.75	11.878	2.4011e-05	0.015558
201.81	4.4438	1461.4	0.00068428	4.3390	4.5938	27.231	20.087	139.67	235.12	2.0604	7.6627e-05	0.037045	0.00072796	427.94	0.0023368	7.3113	8.1814	45.008	23.123	162.31	141.72	11.852	2.4049e-05	0.015623
201.88	4.4529	1459.5	0.00068519	4.3454	4.6011	27.264	20.109	140.67	234.42	2.0738	7.6442e-05	0.037004	0.00071962	429.50	0.0023283	7.3067	8.1754	44.969	23.151	163.77	141.68	11.826	2.4087e-05	0.015689
201.95	4.4620	1457.5	0.00068611	4.3519	4.6084	27.298	20.131	141.68	233.71	2.0873	7.6256e-05	0.036963	0.00071131	431.06	0.0023198	7.3020	8.1694	44.931	23.179	165.25	141.64	11.800	2.4126e-05	0.015756
202.02	4.4710	1455.5	0.00068703	4.3583	4.6157	27.331	20.154	142.71	233.00	2.1009	7.6071e-05	0.036922	0.00070302	432.63	0.0023114	7.2973	8.1633	44.892	23.207	166.76	141.60	11.774	2.4165e-05	0.015823
202.09	4.4801	1453.6	0.00068796	4.3648	4.6231	27.365	20.176	143.75	232.30	2.1146	7.5885e-05	0.036882	0.00069478	434.22	0.0023030	7.2926	8.1572	44.853	23.235	168.29	141.56	11.748	2.4204e-05	0.015891
202.16	4.4892	1451.6	0.00068890	4.3713	4.6304	27.399	20.199	144.82	231.59	2.1284	7.5698e-05	0.036842	0.00068656	435.81	0.0022946	7.2879	8.1511	44.814	23.264	169.85	141.52	11.721	2.4243e-05	0.015960
202.23	4.4983	1449.6	0.00068984	4.3778	4.6378	27.433	20.222	145.91	230.88	2.1424	7.5512e-05	0.036802	0.00067838	437.40	0.0022862	7.2831	8.1449	44.775	23.293	171.44	141.48	11.695	2.4283e-05	0.016030
202.30	4.5074	1447.6	0.00069079	4.3843	4.6452	27.467	20.246	147.02	230.17	2.1564	7.5325e-05	0.036763	0.00067023	439.01	0.0022778	7.2783	8.1387	44.735	23.321	173.06	141.44	11.669	2.4322e-05	0.016100
202.37	4.5165	1445.6	0.00069175	4.3908	4.6526	27.501	20.270	148.14	229.46	2.1706	7.5137e-05	0.036724	0.00066211	440.63	0.0022695	7.2735	8.1324	44.696	23.350	174.71	141.40	11.642	2.4362e-05	0.016171
202.44	4.5256	1443.6	0.00069271	4.3974	4.6601	27.535	20.293	149.29	228.75	2.1849	7.4950e-05	0.036685	0.00065402	442.25	0.0022612	7.2686	8.1261	44.656	23.380	176.39	141.36	11.616	2.4403e-05	0.016243
202.51	4.5346	1441.6	0.00069368	4.4039	4.6675	27.569	20.318	150.47	228.03	2.1993	7.4762e-05	0.036646	0.00064597	443.89	0.0022528	7.2637	8.1198	44.616	23.409	178.10	141.32	11.589	2.4443e-05	0.016316
202.58	4.5437	1439.6	0.00069466	4.4105	4.6750	27.603	20.342	151.66	227.32	2.2138	7.4574e-05	0.036608	0.00063795	445.53	0.0022445	7.2588	8.1134	44.576	23.438	179.85	141.28	11.562	2.4484e-05	0.016389
202.65	4.5528	1437.5	0.00069564	4.4171	4.6825	27.638	20.367	152.88	226.60	2.2285	7.4385e-05	0.036571	0.00062997	447.19	0.0022362	7.2538	8.1070	44.536	23.468	181.62	141.24	11.536	2.4525e-05	0.016464
202.72	4.5619	1435.5	0.00069664	4.4237	4.6900	27.672	20.392	154.12	225.89	2.2433	7.4196e-05	0.036533	0.00062201	448.85	0.0022279	7.2489	8.1005	44.496	23.498	183.43	141.20	11.509	2.4567e-05	0.016539
202.79	4.5710	1433.4	0.00069763	4.4304	4.6976	27.707	20.417	155.39	225.17	2.2582	7.4007e-05	0.036496	0.00061409	450.52	0.0022196	7.2438	8.0941	44.456	23.528	185.28	141.16	11.482	2.4608e-05	0.016615
202.86	4.5801	1431.4	0.00069864	4.4370	4.7052	27.742	20.443	156.69	224.45	2.2732	7.3817e-05	0.036460	0.00060620	452.21	0.0022114	7.2388	8.0875	44.415	23.558	187.16	141.12	11.455	2.4650e-05	0.016692
202.93	4.5892	1429.3	0.00069966	4.4437	4.7128	27.777	20.468	158.01	223.73	2.2883	7.3627e-05	0.036424	0.00059834	453.90	0.0022031	7.2337	8.0810	44.375	23.588	189.08	141.08	11.428	2.4693e-05	0.016770
203.00	4.5983	1427.2	0.00070068	4.4504	4.7204	27.811	20.494	159.35	223.01	2.3036	7.3437e-05	0.036388	0.00059052	455.61	0.0021949	7.2286	8.0743	44.334	23.619	191.04	141.04	11.401	2.4735e-05	0.016849
203.06	4.6073	1425.1	0.00070171	4.4571	4.7280	27.847	20.521	160.73	222.28	2.3190	7.3246e-05	0.036353	0.00058273	457.32	0.0021866	7.2235	8.0677	44.293	23.650	193.04	141.00	11.374	2.4778e-05	0.016928
203.13	4.6164	1423.0	0.00070275	4.4638	4.7357	27.882	20.547	162.14	221.56	2.3346	7.3055e-05	0.036318	0.00057497	459.05	0.0021784	7.2183	8.0610	44.252	23.681	195.08	140.95	11.346	2.4822e-05	0.017009
203.20	4.6255	1420.9	0.00070379	4.4706	4.7434	27.917	20.574	163.57	220.83	2.3503	7.2863e-05	0.036284	0.00056725	460.78	0.0021702	7.2130	8.0542	44.210	23.712	197.16	140.91	11.319	2.4865e-05	0.017091
203.27	4.6346	1418.7	0.00070485	4.4774	4.7511	27.952	20.602	165.04	220.11	2.3661	7.2671e-05	0.036250	0.00055955	462.53	0.0021620	7.2078	8.0475	44.169	23.743	199.28	140.87	11.291	2.4909e-05	0.017174
203.34	4.6437	1416.6	0.00070591	4.4842	4.7589	27.988	20.629	166.54	219.38	2.3821	7.2479e-05	0.036217	0.00055190	464.29	0.0021538	7.2025	8.0406	44.127	23.774	201.45	140.83	11.264	2.4953e-05	0.017257
203.41	4.6528	1414.5	0.00070698	4.4910	4.7667	28.023	20.657	168.07	218.65	2.3982	7.2286e-05	0.036184	0.00054427	466.06	0.0021456	7.1972	8.0337	44.085	23.806	203.66	140.78	11.236	2.4998e-05	0.017342
203.48	4.6619	1412.3	0.00070806	4.4979	4.7745	28.059	20.686	169.64	217.92	2.4145	7.2092e-05	0.036152	0.00053668	467.85	0.0021375	7.1918	8.0268	44.043	23.838	205.93	140.74	11.209	2.5043e-05	0.017428
203.54	4.6709	1410.1	0.00070916	4.5048	4.7823	28.095	20.714	171.24	217.19	2.4309	7.1898e-05	0.036120	0.00052912	469.64	0.0021293	7.1864	8.0198	44.001	23.870	208.24	140.70	11.181	2.5088e-05	0.017515
203.61	4.6800	1407.9	0.00071025	4.5117	4.7902	28.131	20.743	172.88	216.46	2.4474	7.1704e-05	0.036089	0.00052159	471.45	0.0021211	7.1810	8.0128	43.958	23.902	210.60	140.65	11.153	2.5134e-05	0.017604
203.68	4.6891	1405.7	0.00071136	4.5186	4.7981	28.167	20.772	174.55	215.72	2.4642	7.1509e-05	0.036058	0.00051410	473.27	0.0021130	7.1755	8.0057	43.916	23.935	213.01	140.61	11.125	2.5180e-05	0.017693
203.75	4.6982	1403.5	0.00071248	4.5255	4.8060	28.204	20.802	176.27	214.98	2.4810	7.1314e-05	0.036028	0.00050664	475.10	0.0021048	7.1700	7.9986	43.873	23.967	215.48	140.56	11.097	2.5226e-05	0.017784
203.81	4.7073	1401.3	0.00071361	4.5325	4.8140	28.240	20.832	178.02	214.25	2.4981	7.1118e-05	0.035999	0.00049921	476.94	0.0020967	7.1644	7.9914	43.830	24.000	218.01	140.52	11.068	2.5273e-05	0.017875
203.88	4.7164	1399.1	0.00071475	4.5395	4.8220	28.277	20.862	179.82	213.51	2.5153	7.0921e-05	0.035970	0.00049182	478.80	0.0020886	7.1588	7.9842	43.787	24.033	220.59	140.47	11.040	2.5320e-05	0.017968
203.95	4.7255	1396.8	0.00071590	4.5466	4.8300	28.313	20.893	181.67	212.77	2.5326	7.0724e-05	0.035942	0.00048446	480.67	0.0020804	7.1531	7.9769	43.743	24.066	223.23	140.43	11.011	2.5368e-05	0.018063
204.02	4.7345	1394.6	0.00071706	4.5536	4.8381	28.350	20.924	183.55	212.03	2.5501	7.0526e-05	0.035915	0.00047713	482.56	0.0020723	7.1474	7.9696	43.699	24.100	225.94	140.38	10.983	2.5416e-05	0.018158
204.08	4.7436	1392.3	0.00071823	4.5607	4.8462	28.387	20.955	185.49	211.28	2.5678	7.0328e-05	0.035888	0.00046984	484.45	0.0020642	7.1417	7.9622	43.656	24.134	228.71	140.34	10.954	2.5464e-05	0.018255
204.15	4.7527	1390.0	0.00071941	4.5678	4.8544	28.424	20.987	187.47	210.54	2.5857	7.0129e-05	0.035862	0.00046258	486.37	0.0020561	7.1359	7.9548	43.611	24.168	231.55	140.29	10.925	2.5513e-05	0.018354
204.22	4.7618	1387.7	0.00072061	4.5750	4.8625	28.462	21.019	189.51	209.79	2.6038	6.9929e-05	0.035837	0.00045536	488.29	0.0020480	7.1301	7.9473	43.567	24.202	234.45	140.24	10.896	2.5562e-05	0.018454
204.28	4.7709	1385.4	0.00072181	4.5822	4.8708	28.499	21.052	191.59	209.04	2.6220	6.9729e-05	0.035813	0.00044817	490.23	0.0020398	7.1242	7.9397	43.522	24.236	237.43	140.20	10.867	2.5612e-05	0.018555
204.35	4.7800	1383.1	0.00072303	4.5894	4.8790	28.537	21.085	193.73	208.29	2.6404	6.9528e-05	0.035789	0.00044101	492.19	0.0020317	7.1183	7.9321	43.478	24.271	240.48	140.15	10.838	2.5662e-05	0.018658
204.42	4.7891	1380.7	0.00072425	4.5966	4.8873	28.575	21.118	195.93	207.54	2.6590	6.9326e-05	0.035767	0.00043389	494.16	0.0020236	7.1123	7.9245	43.433	24.306	243.61	140.10	10.809	2.5713e-05	0.018762
204.48	4.7981	1378.4	0.00072550	4.6039	4.8956	28.613	21.152	198.19	206.79	2.6778	6.9124e-05	0.035745	0.00042680	496.15	0.0020155	7.1063	7.9167	43.387	24.341	246.82	140.05	10.780	2.5764e-05	0.018868
204.55	4.8072	1376.0	0.00072675	4.6112	4.9040	28.651	21.186	200.51	206.03	2.6968	6.8921e-05	0.035724	0.00041975	498.15	0.0020074	7.1003	7.9089	43.342	24.376	250.11	140.00	10.750	2.5816e-05	0.018976
204.62	4.8163	1373.6	0.00072801	4.6186	4.9124	28.690	21.221	202.89	205.28	2.7159	6.8717e-05	0.035704	0.00041273	500.17	0.0019993	7.0941	7.9011	43.296	24.412	253.48	139.95	10.720	2.5868e-05	0.019085
204.68	4.8254	1371.2	0.00072929	4.6260	4.9209	28.728	21.256	205.34	204.52	2.7353	6.8512e-05	0.035685	0.00040574	502.21	0.0019912	7.0880	7.8931	43.250	24.448	256.95	139.91	10.691	2.5920e-05	0.019196
204.75	4.8345	1368.8	0.00073059	4.6334	4.9294	28.767	21.292	207.86	203.76	2.7549	6.8307e-05	0.035667	0.00039879	504.26	0.0019831	7.0818	7.8851	43.203	24.484	260.51	139.86	10.661	2.5974e-05	0.019309
204.82	4.8436	1366.3	0.00073189	4.6409	4.9379	28.806	21.328	210.45	203.00	2.7747	6.8100e-05	0.035650	0.00039187	506.33	0.0019750	7.0755	7.8771	43.156	24.520	264.17	139.81	10.631	2.6027e-05	0.019423
204.88	4.8527	1363.9	0.00073322	4.6484	4.9465	28.845	21.364	213.12	202.23	2.7947	6.7893e-05	0.035634	0.00038499	508.41	0.0019669	7.0691	7.8690	43.109	24.557	267.93	139.76	10.600	2.6082e-05	0.019540
204.95	4.8617	1361.4	0.00073455	4.6559	4.9552	28.885	21.401	215.87	201.47	2.8149	6.7685e-05	0.035620	0.00037815	510.52	0.0019588	7.0628	7.8608	43.062	24.594	271.79	139.71	10.570	2.6136e-05	0.019658
205.01	4.8708	1358.9	0.00073590	4.6635	4.9639	28.925	21.439	218.70	200.70	2.8353	6.7476e-05	0.035606	0.00037134	512.64	0.0019507	7.0563	7.8525	43.015	24.632	275.76	139.65	10.539	2.6192e-05	0.019779
205.08	4.8799	1356.4	0.00073727	4.6711	4.9726	28.965	21.477	221.61	199.93	2.8560	6.7266e-05	0.035594	0.00036456	514.79	0.0019426	7.0498	7.8442	42.967	24.669	279.85	139.60	10.509	2.6248e-05	0.019901
205.14	4.8890	1353.8	0.00073865	4.6788	4.9814	29.005	21.516	224.62	199.16	2.8769	6.7056e-05	0.035582	0.00035782	516.95	0.0019344	7.0432	7.8357	42.918	24.707	284.06	139.55	10.478	2.6304e-05	0.020026
205.21	4.8981	1351.3	0.00074005	4.6865	4.9903	29.045	21.555	227.72	198.38	2.8980	6.6844e-05	0.035573	0.00035111	519.13	0.0019263	7.0366	7.8272	42.870	24.745	288.39	139.50	10.447	2.6361e-05	0.020153
205.27	4.9072	1348.7	0.00074147	4.6943	4.9992	29.086	21.595	230.92	197.61	2.9194	6.6631e-05	0.035564	0.00034444	521.33	0.0019182	7.0299	7.8187	42.821	24.784	292.86	139.44	10.416	2.6419e-05	0.020282
205.34	4.9163	1346.1	0.00074290	4.7021	5.0082	29.127	21.635	234.22	196.83	2.9410	6.6417e-05	0.035557	0.00033781	523.55	0.0019100	7.0231	7.8100	42.772	24.822	297.46	139.39	10.384	2.6478e-05	0.020413
205.40	4.9253	1343.5	0.00074435	4.7100	5.0172	29.168	21.676	237.63	196.05	2.9629	6.6202e-05	0.035552	0.00033121	525.80	0.0019019	7.0163	7.8013	42.722	24.861	302.20	139.34	10.353	2.6537e-05	0.020547
205.47	4.9344	1340.8	0.00074582	4.7179	5.0263	29.209	21.717	241.16	195.27	2.9850	6.5986e-05	0.035547	0.00032465	528.06	0.0018937	7.0094	7.7925	42.672	24.901	307.09	139.28	10.321	2.6597e-05	0.020684
205.53	4.9435	1338.1	0.00074731	4.7258	5.0354	29.251	21.759	244.80	194.48	3.0074	6.5769e-05	0.035545	0.00031813	530.35	0.0018855	7.0025	7.7836	42.622	24.941	312.14	139.23	10.289	2.6657e-05	0.020823
205.60	4.9526	1335.4	0.00074881	4.7339	5.0446	29.293	21.802	248.57	193.70	3.0300	6.5551e-05	0.035544	0.00031164	532.66	0.0018774	6.9954	7.7746	42.571	24.981	317.35	139.17	10.257	2.6719e-05	0.020964
205.66	4.9617	1332.7	0.00075034	4.7419	5.0539	29.335	21.845	252.48	192.91	3.0530	6.5331e-05	0.035545	0.00030519	535.00	0.0018692	6.9883	7.7655	42.520	25.021	322.73	139.12	10.225	2.6781e-05	0.021109
205.73	4.9708	1330.0	0.00075189	4.7501	5.0632	29.378	21.889	256.52	192.11	3.0762	6.5110e-05	0.035548	0.00029877	537.36	0.0018610	6.9811	7.7563	42.468	25.062	328.30	139.06	10.192	2.6844e-05	0.021256
205.79	4.9799	1327.2	0.00075345	4.7582	5.0727	29.421	21.934	260.71	191.32	3.0997	6.4888e-05	0.035552	0.00029239	539.74	0.0018527	6.9739	7.7470	42.417	25.103	334.05	139.00	10.159	2.6907e-05	0.021407
205.86	4.9889	1324.4	0.00075504	4.7665	5.0821	29.464	21.979	265.06	190.52	3.1235	6.4665e-05	0.035558	0.00028605	542.15	0.0018445	6.9665	7.7377	42.364	25.145	340.01	138.95	10.126	2.6972e-05	0.021561
205.92	4.9980	1321.6	0.00075666	4.7748	5.0917	29.508	22.025	269.57	189.73	3.1475	6.4440e-05	0.035567	0.00027975	544.58	0.0018363	6.9591	7.7282	42.311	25.186	346.17	138.89	10.093	2.7037e-05	0.021717
205.99	5.0071	1318.8	0.00075829	4.7832	5.1013	29.552	22.072	274.25	188.92	3.1719	6.4214e-05	0.035577	0.00027349	547.05	0.0018280	6.9516	7.7186	42.258	25.229	352.56	138.83	10.060	2.7103e-05	0.021878
206.05	5.0162	1315.9	0.00075995	4.7916	5.1111	29.596	22.120	279.12	188.12	3.1967	6.3986e-05	0.035590	0.00026726	549.54	0.0018197	6.9440	7.7089	42.204	25.271	359.18	138.77	10.026	2.7170e-05	0.022041
206.11	5.0253	1313.0	0.00076164	4.8001	5.1208	29.641	22.168	284.18	187.31	3.2217	6.3757e-05	0.035605	0.00026107	552.05	0.0018114	6.9364	7.6992	42.150	25.314	366.04	138.71	9.9925	2.7238e-05	0.022209
206.18	5.0344	1310.0	0.00076335	4.8087	5.1307	29.686	22.217	289.44	186.50	3.2471	6.3526e-05	0.035623	0.00025492	554.60	0.0018031	6.9286	7.6893	42.095	25.358	373.17	138.65	9.9584	2.7307e-05	0.022380
206.24	5.0435	1307.0	0.00076508	4.8174	5.1407	29.732	22.267	294.92	185.69	3.2728	6.3293e-05	0.035642	0.00024881	557.18	0.0017947	6.9207	7.6792	42.040	25.402	380.57	138.59	9.9241	2.7377e-05	0.022555
206.31	5.0525	1304.0	0.00076685	4.8261	5.1508	29.778	22.318	300.64	184.88	3.2988	6.3059e-05	0.035665	0.00024273	559.79	0.0017864	6.9128	7.6691	41.985	25.446	388.27	138.53	9.8895	2.7448e-05	0.022734
206.37	5.0616	1301.0	0.00076864	4.8349	5.1609	29.824	22.369	306.60	184.06	3.3252	6.2823e-05	0.035690	0.00023670	562.43	0.0017780	6.9047	7.6588	41.928	25.490	396.27	138.46	9.8546	2.7520e-05	0.022918
206.43	5.0707	1297.9	0.00077046	4.8438	5.1712	29.871	22.422	312.82	183.24	3.3520	6.2585e-05	0.035718	0.00023071	565.11	0.0017696	6.8965	7.6485	41.871	25.536	404.60	138.40	9.8195	2.7593e-05	0.023106
206.50	5.0798	1294.8	0.00077232	4.8528	5.1815	29.918	22.475	319.33	182.41	3.3792	6.2346e-05	0.035750	0.00022475	567.82	0.0017611	6.8883	7.6379	41.814	25.581	413.28	138.34	9.7840	2.7667e-05	0.023299
206.56	5.0889	1291.7	0.00077420	4.8618	5.1920	29.966	22.529	326.13	181.59	3.4068	6.2104e-05	0.035784	0.00021884	570.57	0.0017526	6.8799	7.6273	41.756	25.627	422.34	138.27	9.7483	2.7743e-05	0.023497
206.62	5.0980	1288.5	0.00077612	4.8710	5.2025	30.014	22.585	333.25	180.76	3.4347	6.1860e-05	0.035822	0.00021297	573.35	0.0017441	6.8714	7.6165	41.697	25.674	431.78	138.21	9.7123	2.7819e-05	0.023700
206.68	5.1071	1285.2	0.00077807	4.8802	5.2132	30.063	22.641	340.71	179.92	3.4631	6.1615e-05	0.035863	0.00020714	576.17	0.0017356	6.8628	7.6056	41.638	25.721	441.65	138.14	9.6759	2.7897e-05	0.023909
206.75	5.1161	1281.9	0.00078006	4.8896	5.2240	30.112	22.699	348.53	179.09	3.4919	6.1367e-05	0.035908	0.00020135	579.03	0.0017270	6.8541	7.5945	41.578	25.768	451.97	138.07	9.6392	2.7977e-05	0.024123
206.81	5.1252	1278.6	0.00078209	4.8991	5.2349	30.162	22.757	356.75	178.25	3.5211	6.1116e-05	0.035956	0.00019560	581.93	0.0017184	6.8452	7.5832	41.517	25.816	462.76	138.01	9.6022	2.8057e-05	0.024343
206.87	5.1343	1275.3	0.00078416	4.9086	5.2460	30.213	22.817	365.40	177.40	3.5508	6.0864e-05	0.036009	0.00018989	584.88	0.0017098	6.8362	7.5718	41.456	25.865	474.08	137.94	9.5648	2.8139e-05	0.024570
206.94	5.1434	1271.8	0.00078626	4.9183	5.2572	30.264	22.878	374.49	176.55	3.5810	6.0608e-05	0.036067	0.00018423	587.87	0.0017011	6.8271	7.5603	41.394	25.914	485.94	137.87	9.5270	2.8223e-05	0.024803
207.00	5.1525	1268.4	0.00078841	4.9281	5.2685	30.316	22.940	384.08	175.70	3.6117	6.0351e-05	0.036128	0.00017861	590.90	0.0016923	6.8178	7.5485	41.331	25.964	498.40	137.80	9.4889	2.8308e-05	0.025044
207.06	5.1616	1264.9	0.00079061	4.9380	5.2800	30.368	23.003	394.20	174.85	3.6428	6.0090e-05	0.036195	0.00017303	593.99	0.0016835	6.8084	7.5366	41.267	26.014	511.50	137.73	9.4503	2.8395e-05	0.025292
207.12	5.1707	1261.3	0.00079285	4.9481	5.2916	30.422	23.067	404.89	173.99	3.6745	5.9827e-05	0.036267	0.00016750	597.12	0.0016747	6.7989	7.5245	41.202	26.065	525.29	137.65	9.4114	2.8483e-05	0.025548
207.19	5.1797	1257.6	0.00079514	4.9582	5.3034	30.476	23.133	416.21	173.12	3.7067	5.9560e-05	0.036345	0.00016201	600.30	0.0016658	6.7891	7.5122	41.137	26.116	539.82	137.58	9.3720	2.8573e-05	0.025812
207.25	5.1888	1253.9	0.00079748	4.9686	5.3153	30.530	23.201	428.21	172.26	3.7394	5.9291e-05	0.036428	0.00015656	603.54	0.0016569	6.7793	7.4997	41.070	26.168	555.16	137.50	9.3322	2.8665e-05	0.026085
207.31	5.1979	1250.2	0.00079988	4.9790	5.3274	30.586	23.269	440.94	171.38	3.7728	5.9018e-05	0.036518	0.00015117	606.84	0.0016479	6.7692	7.4870	41.003	26.221	571.37	137.43	9.2918	2.8759e-05	0.026368
207.37	5.2070	1246.4	0.00080233	4.9897	5.3398	30.642	23.340	454.48	170.51	3.8067	5.8742e-05	0.036614	0.00014582	610.20	0.0016388	6.7590	7.4740	40.934	26.274	588.53	137.35	9.2511	2.8855e-05	0.026661
207.43	5.2161	1242.5	0.00080484	5.0005	5.3523	30.700	23.412	468.91	169.63	3.8413	5.8462e-05	0.036718	0.00014051	613.62	0.0016297	6.7486	7.4609	40.865	26.328	606.73	137.27	9.2097	2.8953e-05	0.026965
207.50	5.2252	1238.5	0.00080742	5.0114	5.3650	30.758	23.485	484.31	168.74	3.8765	5.8179e-05	0.036829	0.00013525	617.10	0.0016205	6.7379	7.4475	40.794	26.383	626.07	137.19	9.1679	2.9054e-05	0.027280
207.56	5.2343	1234.5	0.00081006	5.0226	5.3779	30.817	23.561	500.78	167.85	3.9123	5.7891e-05	0.036949	0.00013005	620.65	0.0016112	6.7271	7.4338	40.723	26.438	646.64	137.11	9.1255	2.9156e-05	0.027608
207.62	5.2433	1230.3	0.00081278	5.0339	5.3910	30.878	23.638	518.43	166.95	3.9489	5.7599e-05	0.037078	0.00012489	624.28	0.0016018	6.7161	7.4199	40.650	26.494	668.58	137.03	9.0825	2.9262e-05	0.027949
207.68	5.2524	1226.1	0.00081557	5.0455	5.4044	30.939	23.717	537.39	166.05	3.9862	5.7303e-05	0.037217	0.00011978	627.98	0.0015924	6.7048	7.4057	40.575	26.551	692.01	136.95	9.0389	2.9370e-05	0.028304
207.74	5.2615	1221.8	0.00081844	5.0572	5.4181	31.002	23.798	557.80	165.14	4.0243	5.7002e-05	0.037367	0.00011472	631.76	0.0015829	6.6933	7.3912	40.500	26.609	717.11	136.86	8.9946	2.9480e-05	0.028675
207.80	5.2706	1217.4	0.00082140	5.0692	5.4320	31.066	23.881	579.84	164.23	4.0632	5.6696e-05	0.037528	0.00010971	635.63	0.0015732	6.6815	7.3763	40.422	26.667	744.05	136.77	8.9496	2.9594e-05	0.029063
207.86	5.2797	1212.9	0.00082444	5.0815	5.4462	31.131	23.967	603.70	163.31	4.1030	5.6385e-05	0.037702	0.00010476	639.59	0.0015635	6.6695	7.3612	40.344	26.726	773.04	136.69	8.9039	2.9711e-05	0.029469
207.92	5.2888	1208.3	0.00082759	5.0940	5.4608	31.198	24.054	629.60	162.39	4.1436	5.6068e-05	0.037891	9.9855e-05	643.64	0.0015537	6.6571	7.3457	40.264	26.787	804.32	136.60	8.8574	2.9831e-05	0.029895
207.99	5.2979	1203.6	0.00083084	5.1068	5.4756	31.266	24.145	657.80	161.46	4.1852	5.5745e-05	0.038095	9.5009e-05	647.80	0.0015437	6.6445	7.3298	40.182	26.848	838.17	136.50	8.8101	2.9955e-05	0.030109
208.05	5.3069	1198.8	0.00083420	5.1199	5.4908	31.337	24.238	688.62	160.52	4.2278	5.5416e-05	0.038316	9.0219e-05	652.06	0.0015336	6.6315	7.3136	40.098	26.910	874.92	136.41	8.7619	3.0083e-05	0.030265
208.11	5.3160	1193.8	0.00083769	5.1333	5.5064	31.408	24.333	722.43	159.57	4.2714	5.5080e-05	0.038557	8.5487e-05	656.44	0.0015234	6.6182	7.2969	40.012	26.973	914.95	136.32	8.7128	3.0215e-05	0.030426
208.17	5.3251	1188.6	0.00084130	5.1470	5.5224	31.482	24.432	759.66	158.62	4.3161	5.4737e-05	0.038819	8.0813e-05	660.95	0.0015130	6.6046	7.2797	39.924	27.037	958.71	136.22	8.6627	3.0351e-05	0.030593
208.23	5.3342	1183.3	0.00084506	5.1612	5.5389	31.558	24.534	800.83	157.66	4.3620	5.4385e-05	0.039105	7.6199e-05	665.59	0.0015024	6.5905	7.2621	39.834	27.102	1006.8	136.12	8.6115	3.0492e-05	0.030765
208.29	5.3433	1177.9	0.00084897	5.1757	5.5558	31.637	24.639	846.58	156.70	4.4092	5.4025e-05	0.039419	7.1647e-05	670.37	0.0014917	6.5760	7.2439	39.741	27.168	1059.7	136.02	8.5591	3.0639e-05	0.030943
208.35	5.3524	1172.3	0.00085305	5.1907	5.5733	31.717	24.747	897.68	155.72	4.4578	5.3656e-05	0.039764	6.7159e-05	675.32	0.0014808	6.5611	7.2252	39.646	27.235	1118.5	135.91	8.5055	3.0791e-05	0.031128
208.41	5.3615	1166.4	0.00085732	5.2062	5.5914	31.801	24.860	955.08	154.73	4.5078	5.3276e-05	0.040145	6.2736e-05	680.43	0.0014697	6.5456	7.2059	39.548	27.304	1183.9	135.81	8.4506	3.0949e-05	0.031321
208.47	5.3705	1160.4	0.00086180	5.2222	5.6101	31.887	24.977	1020.0	153.74	4.5594	5.2886e-05	0.040568	5.8381e-05	685.73	0.0014583	6.5296	7.1859	39.447	27.373	1257.2	135.70	8.3941	3.1115e-05	0.031521
208.53	5.3796	1154.1	0.00086650	5.2388	5.6295	31.977	25.098	1093.8	152.74	4.6128	5.2483e-05	0.041039	5.4096e-05	691.23	0.0014467	6.5130	7.1652	39.342	27.444	1339.9	135.58	8.3361	3.1288e-05	0.031731
208.59	5.3887	1147.5	0.00087145	5.2561	5.6496	32.071	25.224	1178.6	151.72	4.6680	5.2067e-05	0.041566	4.9883e-05	696.96	0.0014348	6.4957	7.1437	39.233	27.516	1434.0	135.47	8.2763	3.1469e-05	0.031950
208.65	5.3978	1140.6	0.00087670	5.2741	5.6707	32.168	25.355	1276.7	150.70	4.7252	5.1637e-05	0.042160	4.5747e-05	702.94	0.0014226	6.4778	7.1212	39.121	27.590	1541.8	135.35	8.2145	3.1659e-05	0.032180
208.71	5.4069	1133.5	0.00088226	5.2930	5.6927	32.271	25.492	1391.4	149.66	4.7848	5.1190e-05	0.042835	4.1689e-05	709.20	0.0014100	6.4590	7.0978	39.003	27.665	1666.6	135.23	8.1506	3.1860e-05	0.032422
208.77	5.4160	1125.9	0.00088819	5.3127	5.7158	32.378	25.635	1527.1	148.61	4.8469	5.0724e-05	0.043607	3.7714e-05	715.78	0.0013971	6.4392	7.0733	38.881	27.741	1812.8	135.10	8.0842	3.2073e-05	0.032678
208.83	5.4251	1117.9	0.00089454	5.3336	5.7402	32.492	25.785	1689.8	147.55	4.9119	5.0237e-05	0.044501	3.3827e-05	722.72	0.0013837	6.4185	7.0475	38.752	27.819	1986.1	134.97	8.0151	3.2300e-05	0.032950
208.89	5.4341	1109.4	0.00090139	5.3557	5.7661	32.613	25.943	1887.8	146.47	4.9801	4.9727e-05	0.045545	3.0031e-05	730.07	0.0013697	6.3965	7.0203	38.617	27.898	2195.0	134.84	7.9428	3.2543e-05	0.033240
208.95	5.4432	1100.3	0.00090881	5.3792	5.7937	32.742	26.110	2133.6	145.38	5.0521	4.9189e-05	0.046782	2.6334e-05	737.90	0.0013552	6.3732	6.9913	38.473	27.979	2451.3	134.70	7.8668	3.2804e-05	0.033551
209.01	5.4523	1090.6	0.00091693	5.4045	5.8234	32.880	26.286	2445.4	144.27	5.1285	4.8618e-05	0.048274	2.2743e-05	746.30	0.0013399	6.3482	6.9604	38.320	28.062	2773.0	134.56	7.7865	3.3087e-05	0.033887
209.07	5.4614	1080.0	0.00092589	5.4318	5.8556	33.031	26.473	2852.4	143.15	5.2102	4.8009e-05	0.049080	1.9265e-05	755.39	0.0013238	6.3213	6.9272	38.156	28.145	3188.4	134.42	7.7010	3.3398e-05	0.034254
209.12	5.4705	1068.5	0.00093590	5.4618	5.8908	33.196	26.672	3403.1	142.00	5.2983	4.7353e-05	0.048509	1.5912e-05	765.33	0.0013066	6.2920	6.8910	37.978	28.230	3744.7	134.27	7.6092	3.3741e-05	0.034658
209.18	5.4796	1055.7	0.00094727	5.4950	5.9299	33.380	26.887	4184.6	140.83	5.3946	4.6639e-05	0.047878	1.2698e-05	776.35	0.0012881	6.2596	6.8511	37.783	28.316	4526.5	134.11	7.5093	3.4128e-05	0.035110
209.24	5.4887	1041.2	0.00096044	5.5325	5.9743	33.588	27.119	5370.5	139.64	5.5016	4.5848e-05	0.047170	9.6423e-06	788.81	0.0012677	6.2232	6.8063	37.564	28.401	5703.1	133.96	7.3989	3.4574e-05	0.035627
209.30	5.4977	1024.4	0.00097620	5.5762	6.0260	33.831	27.373	7362.0	138.42	5.6238	4.4953e-05	0.046354	6.7717e-06	803.30	0.0012449	6.1811	6.7546	37.313	28.485	7667.2	133.80	7.2735	3.5102e-05	0.036235
209.36	5.5068	1004.0	0.00099599	5.6294	6.0890	34.129	27.655	11342.	137.16	5.7694	4.3900e-05	0.045375	4.1299e-06	820.99	0.0012180	6.1301	6.6921	37.010	28.563	11583.	133.65	7.1248	3.5763e-05	0.036987
209.42	5.5159	977.10	0.0010234	5.7002	6.1733	34.528	undefined	undefined	undefined	5.9599	4.2560e-05	undefined	1.7988e-06	844.80	0.0011837	6.0621	6.6093	36.610	undefined	undefined	undefined	6.9317	3.6682e-05	undefined
209.48	5.5255	909.21	0.0010999	5.8827	6.3920	35.568	undefined	undefined	undefined	6.4431	undefined	undefined	0.0000	909.21	0.0010999	5.8827	6.3920	35.568	undefined	undefined	undefined	6.4431	undefined	undefined
