Temperature (K)	Pressure (MPa)	Density (l, kg/m3)	Volume (l, m3/kg)	Internal Energy (l, kJ/mol)	Enthalpy (l, kJ/mol)	Entropy (l, J/mol*K)	Cv (l, J/mol*K)	Cp (l, J/mol*K)	Sound Spd. (l, m/s)	Joule-Thomson (l, K/MPa)	Viscosity (l, Pa*s)	Therm. Cond. (l, W/m*K)	Surf. Tension (l, N/m)	Density (v, kg/m3)	Volume (v, m3/kg)	Internal Energy (v, kJ/mol)	Enthalpy (v, kJ/mol)	Entropy (v, J/mol*K)	Cv (v, J/mol*K)	Cp (v, J/mol*K)	Sound Spd. (v, m/s)	Joule-Thomson (v, K/MPa)	Viscosity (v, Pa*s)	Therm. Cond. (v, W/m*K)
90.694	0.011696	451.48	0.0022150	-1.1526	-1.1522	-11.389	34.776	54.029	1538.6	-0.48191	0.00019357	0.21119	0.017063	0.25074	3.9882	6.8310	7.5793	84.885	25.243	33.851	249.13	47.921	3.5978e-06	0.0087984
94.793	0.019342	445.99	0.0022422	-0.93074	-0.93005	-8.9968	34.370	54.280	1501.0	-0.47240	0.00017213	0.20622	0.016249	0.39809	2.5120	6.9273	7.7068	82.116	25.340	34.071	254.15	42.941	3.7355e-06	0.0092727
97.736	0.026988	441.99	0.0022625	-0.77079	-0.76981	-7.3350	34.103	54.497	1473.5	-0.46463	0.00015953	0.20250	0.015665	0.54038	1.8505	6.9953	7.7965	80.313	25.420	34.260	257.57	39.906	3.8359e-06	0.0096231
100.07	0.034634	438.79	0.0022790	-0.64336	-0.64210	-6.0464	33.902	54.687	1451.4	-0.45791	0.00015071	0.19946	0.015203	0.67920	1.4723	7.0485	7.8665	78.979	25.489	34.431	260.17	37.764	3.9163e-06	0.0099077
102.03	0.042279	436.08	0.0022932	-0.53630	-0.53474	-4.9868	33.739	54.857	1432.6	-0.45188	0.00014396	0.19688	0.014816	0.81539	1.2264	7.0925	7.9243	77.922	25.551	34.588	262.27	36.127	3.9842e-06	0.010151
103.72	0.049925	433.71	0.0023057	-0.44333	-0.44148	-4.0829	33.602	55.013	1416.3	-0.44637	0.00013852	0.19461	0.014481	0.94950	1.0532	7.1301	7.9736	77.048	25.608	34.735	264.02	34.814	4.0433e-06	0.010364
105.22	0.057571	431.60	0.0023170	-0.36074	-0.35860	-3.2923	33.482	55.157	1401.7	-0.44124	0.00013397	0.19258	0.014185	1.0819	0.92432	7.1631	8.0168	76.304	25.660	34.874	265.53	33.725	4.0959e-06	0.010557
106.58	0.065217	429.68	0.0023273	-0.28616	-0.28373	-2.5880	33.376	55.292	1388.5	-0.43642	0.00013007	0.19074	0.013919	1.2128	0.82454	7.1925	8.0552	75.655	25.710	35.007	266.85	32.798	4.1435e-06	0.010732
107.81	0.072863	427.93	0.0023369	-0.21797	-0.21524	-1.9518	33.281	55.419	1376.4	-0.43184	0.00012665	0.18905	0.013676	1.3425	0.74490	7.2190	8.0897	75.082	25.756	35.135	268.02	31.995	4.1871e-06	0.010895
108.95	0.080509	426.30	0.0023458	-0.15501	-0.15198	-1.3707	33.194	55.541	1365.1	-0.42747	0.00012362	0.18748	0.013453	1.4710	0.67980	7.2432	8.1212	74.567	25.800	35.259	269.07	31.289	4.2273e-06	0.011046
110.00	0.088154	424.77	0.0023542	-0.096404	-0.093075	-0.83527	33.115	55.657	1354.7	-0.42327	0.00012089	0.18602	0.013246	1.5986	0.62554	7.2655	8.1502	74.101	25.842	35.379	270.02	30.660	4.2648e-06	0.011188
110.99	0.095800	423.34	0.0023622	-0.041507	-0.037876	-0.33834	33.041	55.768	1344.9	-0.41922	0.00011842	0.18465	0.013053	1.7253	0.57960	7.2862	8.1770	73.675	25.883	35.495	270.88	30.095	4.3000e-06	0.011322
111.92	0.10345	421.99	0.0023697	0.010202	0.014134	0.12571	32.972	55.876	1335.6	-0.41530	0.00011616	0.18335	0.012871	1.8513	0.54017	7.3054	8.2019	73.283	25.921	35.609	271.68	29.583	4.3331e-06	0.011450
112.80	0.11109	420.70	0.0023770	0.059132	0.063369	0.56131	32.908	55.980	1326.8	-0.41149	0.00011408	0.18212	0.012700	1.9765	0.50594	7.3234	8.2251	72.920	25.959	35.720	272.41	29.115	4.3645e-06	0.011571
113.63	0.11874	419.48	0.0023839	0.10562	0.11016	0.97204	32.847	56.081	1318.4	-0.40778	0.00011215	0.18096	0.012538	2.1011	0.47594	7.3404	8.2470	72.581	25.995	35.829	273.09	28.685	4.3943e-06	0.011688
114.42	0.12638	418.31	0.0023906	0.14994	0.15478	1.3608	32.790	56.180	1310.4	-0.40416	0.00011035	0.17985	0.012384	2.2251	0.44942	7.3564	8.2676	72.264	26.030	35.936	273.72	28.288	4.4228e-06	0.011800
115.18	0.13403	417.19	0.0023970	0.19231	0.19747	1.7301	32.736	56.276	1302.8	-0.40062	0.00010867	0.17878	0.012237	2.3486	0.42579	7.3715	8.2871	71.967	26.064	36.041	274.31	27.919	4.4500e-06	0.011907
115.90	0.14168	416.11	0.0024032	0.23295	0.23841	2.0819	32.684	56.370	1295.5	-0.39715	0.00010709	0.17776	0.012097	2.4715	0.40461	7.3859	8.3055	71.686	26.097	36.145	274.86	27.576	4.4761e-06	0.012011
116.59	0.14932	415.07	0.0024093	0.27200	0.27777	2.4180	32.635	56.462	1288.4	-0.39374	0.00010560	0.17678	0.011962	2.5940	0.38550	7.3996	8.3231	71.420	26.129	36.246	275.38	27.254	4.5012e-06	0.012112
117.26	0.15697	414.06	0.0024151	0.30961	0.31569	2.7397	32.588	56.552	1281.6	-0.39039	0.00010420	0.17584	0.011833	2.7161	0.36817	7.4127	8.3398	71.168	26.161	36.347	275.87	26.953	4.5254e-06	0.012209
117.91	0.16461	413.09	0.0024208	0.34591	0.35230	3.0485	32.544	56.640	1275.0	-0.38709	0.00010287	0.17492	0.011708	2.8378	0.35238	7.4252	8.3558	70.928	26.192	36.446	276.33	26.669	4.5487e-06	0.012304
118.53	0.17226	412.15	0.0024263	0.38099	0.38770	3.3455	32.500	56.728	1268.6	-0.38384	0.00010160	0.17404	0.011588	2.9591	0.33794	7.4372	8.3711	70.700	26.222	36.544	276.77	26.401	4.5713e-06	0.012396
119.13	0.17990	411.23	0.0024317	0.41497	0.42199	3.6315	32.459	56.814	1262.4	-0.38064	0.00010039	0.17319	0.011472	3.0801	0.32467	7.4487	8.3857	70.481	26.251	36.642	277.18	26.148	4.5932e-06	0.012486
119.71	0.18755	410.34	0.0024370	0.44791	0.45524	3.9075	32.419	56.898	1256.5	-0.37748	9.9244e-05	0.17236	0.011360	3.2007	0.31243	7.4597	8.3998	70.271	26.280	36.738	277.57	25.907	4.6144e-06	0.012573
120.28	0.19520	409.48	0.0024421	0.47989	0.48754	4.1741	32.381	56.982	1250.6	-0.37436	9.8144e-05	0.17156	0.011252	3.3211	0.30111	7.4704	8.4133	70.070	26.309	36.833	277.94	25.678	4.6351e-06	0.012658
120.82	0.20284	408.64	0.0024472	0.51098	0.51894	4.4322	32.344	57.064	1245.0	-0.37127	9.7090e-05	0.17078	0.011147	3.4412	0.29060	7.4806	8.4263	69.877	26.336	36.927	278.30	25.461	4.6551e-06	0.012742
121.36	0.21049	407.81	0.0024521	0.54124	0.54952	4.6822	32.308	57.146	1239.4	-0.36821	9.6078e-05	0.17003	0.011045	3.5610	0.28082	7.4905	8.4388	69.691	26.364	37.021	278.63	25.253	4.6746e-06	0.012824
121.87	0.21813	407.01	0.0024569	0.57071	0.57931	4.9247	32.273	57.226	1234.1	-0.36519	9.5107e-05	0.16929	0.010945	3.6805	0.27170	7.5001	8.4509	69.512	26.391	37.114	278.96	25.054	4.6937e-06	0.012904
122.38	0.22578	406.23	0.0024617	0.59946	0.60837	5.1602	32.240	57.306	1228.8	-0.36219	9.4172e-05	0.16857	0.010849	3.7999	0.26317	7.5093	8.4625	69.339	26.417	37.206	279.26	24.864	4.7122e-06	0.012982
122.87	0.23343	405.46	0.0024663	0.62751	0.63675	5.3891	32.207	57.385	1223.7	-0.35922	9.3271e-05	0.16787	0.010755	3.9190	0.25517	7.5183	8.4738	69.172	26.444	37.298	279.56	24.682	4.7304e-06	0.013059
123.35	0.24107	404.71	0.0024709	0.65492	0.66448	5.6119	32.176	57.463	1218.6	-0.35627	9.2402e-05	0.16718	0.010663	4.0379	0.24766	7.5269	8.4847	69.010	26.469	37.389	279.84	24.507	4.7481e-06	0.013134
123.82	0.24872	403.97	0.0024754	0.68172	0.69159	5.8288	32.145	57.541	1213.7	-0.35335	9.1562e-05	0.16652	0.010574	4.1566	0.24058	7.5353	8.4953	68.853	26.495	37.479	280.10	24.339	4.7655e-06	0.013209
124.28	0.25636	403.25	0.0024798	0.70793	0.71813	6.0403	32.115	57.618	1208.9	-0.35045	9.0751e-05	0.16586	0.010486	4.2751	0.23391	7.5435	8.5055	68.701	26.520	37.569	280.36	24.177	4.7824e-06	0.013282
124.73	0.26401	402.54	0.0024842	0.73359	0.74412	6.2466	32.086	57.694	1204.2	-0.34756	8.9965e-05	0.16522	0.010401	4.3935	0.22761	7.5514	8.5154	68.553	26.545	37.659	280.61	24.022	4.7991e-06	0.013353
125.17	0.27165	401.85	0.0024885	0.75874	0.76958	6.4480	32.058	57.770	1199.6	-0.34470	8.9205e-05	0.16460	0.010318	4.5117	0.22165	7.5591	8.5251	68.410	26.569	37.748	280.84	23.871	4.8154e-06	0.013424
125.59	0.27930	401.17	0.0024927	0.78339	0.79456	6.6447	32.031	57.845	1195.1	-0.34185	8.8467e-05	0.16398	0.010236	4.6297	0.21600	7.5666	8.5344	68.271	26.593	37.837	281.07	23.726	4.8313e-06	0.013494
126.02	0.28695	400.50	0.0024969	0.80756	0.81906	6.8370	32.004	57.920	1190.6	-0.33902	8.7751e-05	0.16338	0.010156	4.7476	0.21063	7.5739	8.5435	68.135	26.617	37.925	281.29	23.586	4.8470e-06	0.013562
126.43	0.29459	399.84	0.0025010	0.83129	0.84311	7.0252	31.978	57.994	1186.3	-0.33621	8.7056e-05	0.16279	0.010078	4.8654	0.20553	7.5810	8.5523	68.003	26.641	38.013	281.50	23.450	4.8625e-06	0.013630
126.83	0.30224	399.19	0.0025051	0.85459	0.86673	7.2093	31.952	58.068	1182.0	-0.33341	8.6381e-05	0.16222	0.010002	4.9831	0.20068	7.5879	8.5609	67.874	26.664	38.100	281.70	23.319	4.8776e-06	0.013696
127.23	0.30988	398.55	0.0025091	0.87747	0.88995	7.3896	31.927	58.142	1177.7	-0.33063	8.5724e-05	0.16165	0.0099268	5.1006	0.19606	7.5946	8.5693	67.748	26.687	38.188	281.89	23.192	4.8925e-06	0.013762
127.62	0.31753	397.92	0.0025131	0.89997	0.91277	7.5663	31.903	58.215	1173.6	-0.32785	8.5085e-05	0.16109	0.0098532	5.2180	0.19164	7.6012	8.5774	67.625	26.710	38.275	282.08	23.069	4.9071e-06	0.013827
128.00	0.32518	397.30	0.0025170	0.92209	0.93522	7.7395	31.879	58.288	1169.5	-0.32509	8.4462e-05	0.16055	0.0097810	5.3353	0.18743	7.6076	8.5854	67.505	26.733	38.362	282.26	22.949	4.9216e-06	0.013891
128.38	0.33282	396.69	0.0025209	0.94385	0.95731	7.9094	31.856	58.360	1165.5	-0.32234	8.3856e-05	0.16001	0.0097101	5.4526	0.18340	7.6138	8.5931	67.388	26.755	38.448	282.43	22.833	4.9358e-06	0.013955
128.75	0.34047	396.09	0.0025247	0.96526	0.97905	8.0762	31.833	58.433	1161.5	-0.31961	8.3264e-05	0.15948	0.0096405	5.5697	0.17954	7.6199	8.6006	67.274	26.777	38.535	282.59	22.720	4.9497e-06	0.014017
129.11	0.34811	395.49	0.0025285	0.98634	1.0005	8.2398	31.811	58.505	1157.6	-0.31688	8.2687e-05	0.15896	0.0095721	5.6867	0.17585	7.6259	8.6080	67.162	26.799	38.621	282.75	22.610	4.9635e-06	0.014079
129.47	0.35576	394.91	0.0025322	1.0071	1.0216	8.4006	31.789	58.576	1153.8	-0.31416	8.2124e-05	0.15845	0.0095049	5.8037	0.17230	7.6317	8.6151	67.052	26.821	38.707	282.91	22.504	4.9771e-06	0.014141
129.82	0.36340	394.33	0.0025359	1.0276	1.0423	8.5585	31.768	58.648	1150.0	-0.31145	8.1574e-05	0.15795	0.0094388	5.9206	0.16890	7.6374	8.6221	66.945	26.843	38.793	283.05	22.400	4.9905e-06	0.014201
130.17	0.37105	393.76	0.0025396	1.0477	1.0628	8.7138	31.747	58.719	1146.3	-0.30875	8.1037e-05	0.15745	0.0093738	6.0374	0.16563	7.6430	8.6290	66.839	26.864	38.878	283.20	22.298	5.0037e-06	0.014261
130.51	0.37870	393.20	0.0025433	1.0676	1.0830	8.8664	31.727	58.790	1142.6	-0.30605	8.0512e-05	0.15696	0.0093098	6.1542	0.16249	7.6485	8.6356	66.736	26.886	38.964	283.33	22.200	5.0167e-06	0.014320
130.85	0.38634	392.64	0.0025469	1.0872	1.1030	9.0165	31.707	58.860	1138.9	-0.30337	7.9998e-05	0.15648	0.0092469	6.2709	0.15947	7.6538	8.6422	66.635	26.907	39.049	283.47	22.104	5.0295e-06	0.014379
131.18	0.39399	392.09	0.0025504	1.1065	1.1226	9.1643	31.687	58.931	1135.4	-0.30069	7.9496e-05	0.15601	0.0091849	6.3876	0.15655	7.6590	8.6485	66.536	26.928	39.134	283.59	22.010	5.0422e-06	0.014437
131.51	0.40163	391.55	0.0025540	1.1256	1.1421	9.3097	31.668	59.001	1131.8	-0.29802	7.9004e-05	0.15554	0.0091239	6.5042	0.15375	7.6641	8.6548	66.438	26.949	39.219	283.72	21.918	5.0548e-06	0.014495
131.83	0.40928	391.01	0.0025575	1.1444	1.1612	9.4529	31.649	59.072	1128.3	-0.29535	7.8522e-05	0.15508	0.0090638	6.6207	0.15104	7.6691	8.6609	66.343	26.970	39.304	283.84	21.829	5.0671e-06	0.014552
132.15	0.41693	390.48	0.0025610	1.1630	1.1801	9.5939	31.631	59.142	1124.9	-0.29269	7.8051e-05	0.15462	0.0090045	6.7372	0.14843	7.6740	8.6668	66.249	26.990	39.389	283.95	21.741	5.0794e-06	0.014609
132.46	0.42457	389.95	0.0025644	1.1814	1.1988	9.7328	31.612	59.212	1121.4	-0.29003	7.7588e-05	0.15418	0.0089461	6.8537	0.14591	7.6788	8.6726	66.156	27.011	39.474	284.06	21.656	5.0915e-06	0.014665
132.77	0.43222	389.43	0.0025679	1.1995	1.2173	9.8698	31.595	59.281	1118.1	-0.28738	7.7135e-05	0.15373	0.0088886	6.9702	0.14347	7.6835	8.6783	66.065	27.031	39.559	284.17	21.573	5.1034e-06	0.014720
133.07	0.43986	388.92	0.0025713	1.2174	1.2356	10.005	31.577	59.351	1114.7	-0.28473	7.6691e-05	0.15330	0.0088318	7.0866	0.14111	7.6882	8.6839	65.976	27.051	39.644	284.27	21.491	5.1153e-06	0.014776
133.38	0.44751	388.41	0.0025746	1.2351	1.2536	10.138	31.560	59.421	1111.4	-0.28209	7.6255e-05	0.15287	0.0087758	7.2030	0.13883	7.6927	8.6894	65.888	27.071	39.729	284.37	21.411	5.1270e-06	0.014830
133.67	0.45515	387.90	0.0025780	1.2526	1.2715	10.269	31.543	59.490	1108.2	-0.27945	7.5828e-05	0.15244	0.0087206	7.3194	0.13662	7.6971	8.6947	65.802	27.091	39.813	284.46	21.333	5.1385e-06	0.014885
133.97	0.46280	387.40	0.0025813	1.2699	1.2891	10.399	31.526	59.560	1104.9	-0.27682	7.5408e-05	0.15202	0.0086661	7.4357	0.13449	7.7015	8.7000	65.717	27.111	39.898	284.56	21.256	5.1500e-06	0.014938
134.26	0.47045	386.91	0.0025846	1.2870	1.3066	10.526	31.510	59.629	1101.7	-0.27419	7.4996e-05	0.15161	0.0086123	7.5521	0.13241	7.7057	8.7051	65.633	27.131	39.983	284.64	21.181	5.1613e-06	0.014992
134.55	0.47809	386.42	0.0025879	1.3040	1.3238	10.652	31.494	59.698	1098.6	-0.27156	7.4591e-05	0.15120	0.0085592	7.6684	0.13041	7.7099	8.7101	65.550	27.151	40.067	284.73	21.108	5.1726e-06	0.015045
134.83	0.48574	385.93	0.0025911	1.3207	1.3409	10.777	31.478	59.767	1095.4	-0.26893	7.4194e-05	0.15079	0.0085067	7.7847	0.12846	7.7140	8.7151	65.469	27.170	40.152	284.81	21.036	5.1837e-06	0.015098
135.11	0.49338	385.45	0.0025944	1.3373	1.3578	10.900	31.463	59.836	1092.3	-0.26631	7.3803e-05	0.15039	0.0084549	7.9010	0.12657	7.7181	8.7199	65.389	27.189	40.237	284.89	20.965	5.1947e-06	0.015150
135.39	0.50103	384.97	0.0025976	1.3537	1.3745	11.021	31.447	59.905	1089.3	-0.26369	7.3419e-05	0.14999	0.0084038	8.0173	0.12473	7.7221	8.7246	65.310	27.209	40.321	284.97	20.896	5.2056e-06	0.015202
135.66	0.50868	384.50	0.0026008	1.3699	1.3911	11.141	31.432	59.974	1086.2	-0.26107	7.3042e-05	0.14960	0.0083532	8.1336	0.12295	7.7259	8.7293	65.232	27.228	40.406	285.04	20.828	5.2164e-06	0.015254
135.93	0.51632	384.03	0.0026040	1.3859	1.4075	11.260	31.418	60.043	1083.2	-0.25845	7.2670e-05	0.14921	0.0083033	8.2499	0.12121	7.7298	8.7338	65.155	27.247	40.491	285.11	20.761	5.2271e-06	0.015305
136.20	0.52397	383.57	0.0026071	1.4018	1.4238	11.377	31.403	60.112	1080.3	-0.25584	7.2305e-05	0.14883	0.0082539	8.3662	0.11953	7.7335	8.7383	65.080	27.266	40.576	285.18	20.696	5.2377e-06	0.015356
136.47	0.53161	383.10	0.0026103	1.4176	1.4399	11.492	31.389	60.181	1077.3	-0.25322	7.1946e-05	0.14845	0.0082051	8.4826	0.11789	7.7372	8.7426	65.005	27.285	40.660	285.24	20.631	5.2483e-06	0.015407
136.73	0.53926	382.65	0.0026134	1.4332	1.4558	11.607	31.375	60.250	1074.4	-0.25061	7.1592e-05	0.14808	0.0081569	8.5989	0.11629	7.7408	8.7469	64.931	27.304	40.745	285.31	20.568	5.2587e-06	0.015457
136.99	0.54690	382.19	0.0026165	1.4486	1.4716	11.720	31.361	60.319	1071.5	-0.24800	7.1244e-05	0.14770	0.0081092	8.7152	0.11474	7.7444	8.7511	64.858	27.323	40.830	285.37	20.506	5.2691e-06	0.015507
137.25	0.55455	381.74	0.0026196	1.4640	1.4873	11.832	31.347	60.388	1068.6	-0.24538	7.0902e-05	0.14734	0.0080620	8.8316	0.11323	7.7479	8.7553	64.786	27.342	40.915	285.42	20.445	5.2793e-06	0.015557
137.50	0.56220	381.30	0.0026226	1.4791	1.5028	11.942	31.334	60.457	1065.8	-0.24277	7.0564e-05	0.14697	0.0080154	8.9480	0.11176	7.7513	8.7593	64.716	27.360	41.000	285.48	20.385	5.2895e-06	0.015606
137.76	0.56984	380.85	0.0026257	1.4941	1.5182	12.052	31.320	60.525	1062.9	-0.24016	7.0232e-05	0.14661	0.0079692	9.0644	0.11032	7.7547	8.7633	64.645	27.379	41.086	285.53	20.326	5.2996e-06	0.015655
138.01	0.57749	380.41	0.0026287	1.5090	1.5334	12.160	31.307	60.594	1060.1	-0.23755	6.9905e-05	0.14626	0.0079235	9.1808	0.10892	7.7581	8.7672	64.576	27.397	41.171	285.58	20.268	5.3096e-06	0.015704
138.25	0.58513	379.98	0.0026317	1.5238	1.5485	12.267	31.295	60.663	1057.4	-0.23494	6.9582e-05	0.14590	0.0078784	9.2972	0.10756	7.7613	8.7710	64.508	27.416	41.256	285.63	20.211	5.3196e-06	0.015753
138.50	0.59278	379.54	0.0026348	1.5385	1.5635	12.373	31.282	60.732	1054.6	-0.23233	6.9265e-05	0.14555	0.0078337	9.4137	0.10623	7.7645	8.7748	64.440	27.434	41.342	285.68	20.155	5.3295e-06	0.015801
138.74	0.60043	379.11	0.0026377	1.5530	1.5784	12.478	31.270	60.801	1051.9	-0.22972	6.8951e-05	0.14521	0.0077894	9.5302	0.10493	7.7677	8.7784	64.373	27.453	41.427	285.72	20.100	5.3393e-06	0.015849
138.98	0.60807	378.68	0.0026407	1.5674	1.5931	12.582	31.257	60.870	1049.2	-0.22711	6.8642e-05	0.14486	0.0077456	9.6467	0.10366	7.7708	8.7821	64.307	27.471	41.513	285.76	20.045	5.3490e-06	0.015897
139.22	0.61572	378.26	0.0026437	1.5816	1.6078	12.685	31.245	60.939	1046.5	-0.22449	6.8338e-05	0.14452	0.0077022	9.7633	0.10242	7.7739	8.7856	64.242	27.489	41.599	285.80	19.992	5.3587e-06	0.015945
139.46	0.62336	377.84	0.0026466	1.5958	1.6223	12.786	31.233	61.008	1043.8	-0.22188	6.8038e-05	0.14419	0.0076593	9.8799	0.10122	7.7769	8.7891	64.177	27.507	41.684	285.84	19.939	5.3683e-06	0.015992
139.69	0.63101	377.42	0.0026496	1.6098	1.6367	12.887	31.221	61.077	1041.2	-0.21927	6.7741e-05	0.14385	0.0076168	9.9965	0.10004	7.7798	8.7925	64.113	27.525	41.770	285.88	19.887	5.3778e-06	0.016039
139.92	0.63865	377.00	0.0026525	1.6238	1.6510	12.987	31.210	61.146	1038.5	-0.21665	6.7449e-05	0.14352	0.0075746	10.113	0.098881	7.7828	8.7959	64.050	27.543	41.856	285.92	19.836	5.3873e-06	0.016086
140.15	0.64630	376.59	0.0026554	1.6376	1.6651	13.086	31.198	61.216	1035.9	-0.21403	6.7161e-05	0.14319	0.0075329	10.230	0.097753	7.7856	8.7992	63.987	27.561	41.943	285.95	19.786	5.3967e-06	0.016133
140.38	0.65395	376.18	0.0026583	1.6513	1.6792	13.184	31.187	61.285	1033.3	-0.21142	6.6876e-05	0.14287	0.0074916	10.347	0.096650	7.7884	8.8024	63.926	27.579	42.029	285.98	19.736	5.4061e-06	0.016180
140.61	0.66159	375.77	0.0026612	1.6649	1.6932	13.281	31.176	61.354	1030.8	-0.20880	6.6595e-05	0.14255	0.0074507	10.463	0.095571	7.7912	8.8056	63.864	27.597	42.116	286.01	19.687	5.4153e-06	0.016226
140.83	0.66924	375.36	0.0026641	1.6785	1.7071	13.378	31.165	61.423	1028.2	-0.20618	6.6318e-05	0.14223	0.0074101	10.580	0.094516	7.7939	8.8087	63.804	27.615	42.202	286.04	19.639	5.4246e-06	0.016272
141.06	0.67688	374.96	0.0026670	1.6919	1.7208	13.473	31.154	61.493	1025.7	-0.20355	6.6045e-05	0.14191	0.0073699	10.697	0.093483	7.7966	8.8118	63.744	27.633	42.289	286.06	19.591	5.4338e-06	0.016318
141.28	0.68453	374.56	0.0026698	1.7052	1.7345	13.567	31.144	61.562	1023.2	-0.20093	6.5774e-05	0.14159	0.0073301	10.814	0.092473	7.7993	8.8148	63.684	27.650	42.376	286.09	19.544	5.4429e-06	0.016364
141.49	0.69218	374.16	0.0026727	1.7184	1.7481	13.661	31.133	61.632	1020.7	-0.19830	6.5507e-05	0.14128	0.0072906	10.931	0.091483	7.8019	8.8177	63.625	27.668	42.463	286.11	19.498	5.4520e-06	0.016410
141.71	0.69982	373.76	0.0026755	1.7315	1.7616	13.754	31.123	61.702	1018.2	-0.19567	6.5244e-05	0.14097	0.0072515	11.048	0.090514	7.8044	8.8206	63.567	27.686	42.550	286.14	19.452	5.4610e-06	0.016455
141.93	0.70747	373.37	0.0026783	1.7446	1.7750	13.846	31.113	61.771	1015.7	-0.19304	6.4984e-05	0.14067	0.0072128	11.165	0.089565	7.8069	8.8235	63.509	27.703	42.638	286.16	19.407	5.4699e-06	0.016500
142.14	0.71511	372.98	0.0026811	1.7575	1.7883	13.938	31.103	61.841	1013.3	-0.19041	6.4726e-05	0.14036	0.0071743	11.282	0.088635	7.8094	8.8263	63.452	27.721	42.726	286.17	19.362	5.4789e-06	0.016545
142.35	0.72276	372.59	0.0026839	1.7704	1.8015	14.028	31.093	61.911	1010.8	-0.18777	6.4472e-05	0.14006	0.0071362	11.399	0.087724	7.8119	8.8290	63.395	27.738	42.813	286.19	19.319	5.4877e-06	0.016590
142.56	0.73040	372.20	0.0026867	1.7831	1.8146	14.118	31.083	61.981	1008.4	-0.18513	6.4221e-05	0.13976	0.0070984	11.517	0.086831	7.8143	8.8317	63.339	27.756	42.901	286.21	19.275	5.4966e-06	0.016635
142.77	0.73805	371.81	0.0026895	1.7958	1.8276	14.207	31.073	62.051	1006.0	-0.18249	6.3973e-05	0.13946	0.0070609	11.634	0.085955	7.8166	8.8344	63.283	27.773	42.989	286.22	19.232	5.5053e-06	0.016679
142.98	0.74570	371.43	0.0026923	1.8084	1.8406	14.295	31.064	62.122	1003.6	-0.17985	6.3728e-05	0.13917	0.0070238	11.751	0.085097	7.8190	8.8370	63.228	27.790	43.078	286.24	19.190	5.5141e-06	0.016724
143.19	0.75334	371.05	0.0026951	1.8209	1.8535	14.383	31.054	62.192	1001.2	-0.17720	6.3485e-05	0.13887	0.0069869	11.869	0.084255	7.8213	8.8395	63.173	27.808	43.166	286.25	19.148	5.5227e-06	0.016768
143.39	0.76099	370.67	0.0026978	1.8333	1.8663	14.470	31.045	62.262	998.87	-0.17455	6.3246e-05	0.13858	0.0069504	11.986	0.083429	7.8235	8.8420	63.119	27.825	43.255	286.26	19.107	5.5314e-06	0.016812
143.59	0.76863	370.29	0.0027006	1.8457	1.8790	14.556	31.036	62.333	996.53	-0.17190	6.3009e-05	0.13829	0.0069141	12.104	0.082619	7.8257	8.8445	63.065	27.842	43.344	286.27	19.066	5.5400e-06	0.016856
143.79	0.77628	369.91	0.0027033	1.8580	1.8916	14.642	31.027	62.404	994.20	-0.16924	6.2774e-05	0.13801	0.0068782	12.221	0.081823	7.8279	8.8469	63.012	27.859	43.433	286.28	19.026	5.5485e-06	0.016900
143.99	0.78393	369.54	0.0027061	1.8702	1.9042	14.727	31.018	62.475	991.88	-0.16658	6.2542e-05	0.13772	0.0068425	12.339	0.081043	7.8301	8.8493	62.959	27.877	43.522	286.29	18.986	5.5570e-06	0.016943
144.19	0.79157	369.17	0.0027088	1.8823	1.9167	14.811	31.009	62.545	989.57	-0.16392	6.2313e-05	0.13744	0.0068071	12.457	0.080277	7.8322	8.8516	62.906	27.894	43.612	286.29	18.947	5.5655e-06	0.016987
144.39	0.79922	368.80	0.0027115	1.8943	1.9291	14.895	31.001	62.616	987.28	-0.16125	6.2086e-05	0.13716	0.0067720	12.575	0.079525	7.8343	8.8539	62.854	27.911	43.702	286.30	18.908	5.5740e-06	0.017030
144.59	0.80686	368.43	0.0027142	1.9063	1.9414	14.978	30.992	62.688	985.00	-0.15858	6.1862e-05	0.13688	0.0067371	12.693	0.078786	7.8363	8.8562	62.803	27.928	43.792	286.30	18.870	5.5824e-06	0.017074
144.78	0.81451	368.06	0.0027169	1.9182	1.9537	15.061	30.984	62.759	982.74	-0.15591	6.1640e-05	0.13660	0.0067025	12.811	0.078060	7.8383	8.8584	62.751	27.945	43.882	286.30	18.832	5.5907e-06	0.017117
144.97	0.82216	367.70	0.0027196	1.9300	1.9659	15.143	30.975	62.830	980.49	-0.15323	6.1421e-05	0.13633	0.0066682	12.929	0.077348	7.8403	8.8605	62.701	27.962	43.972	286.31	18.794	5.5990e-06	0.017160
145.17	0.82980	367.33	0.0027223	1.9418	1.9781	15.224	30.967	62.902	978.25	-0.15055	6.1203e-05	0.13606	0.0066341	13.047	0.076647	7.8423	8.8627	62.650	27.979	44.063	286.31	18.757	5.6073e-06	0.017203
145.36	0.83745	366.97	0.0027250	1.9535	1.9901	15.305	30.959	62.974	976.02	-0.14786	6.0988e-05	0.13579	0.0066003	13.165	0.075959	7.8442	8.8647	62.600	27.996	44.154	286.31	18.720	5.6156e-06	0.017245
145.54	0.84509	366.61	0.0027277	1.9651	2.0021	15.385	30.951	63.045	973.80	-0.14517	6.0775e-05	0.13552	0.0065668	13.283	0.075283	7.8461	8.8668	62.550	28.013	44.245	286.30	18.684	5.6238e-06	0.017288
145.73	0.85274	366.25	0.0027304	1.9767	2.0141	15.465	30.943	63.117	971.60	-0.14248	6.0565e-05	0.13525	0.0065334	13.402	0.074618	7.8480	8.8688	62.501	28.030	44.336	286.30	18.648	5.6320e-06	0.017331
145.92	0.86038	365.90	0.0027330	1.9882	2.0259	15.544	30.935	63.190	969.40	-0.13978	6.0356e-05	0.13498	0.0065004	13.520	0.073964	7.8498	8.8708	62.452	28.047	44.428	286.30	18.612	5.6401e-06	0.017373
146.11	0.86803	365.54	0.0027357	1.9996	2.0377	15.622	30.928	63.262	967.22	-0.13708	6.0150e-05	0.13472	0.0064675	13.639	0.073322	7.8517	8.8727	62.403	28.064	44.520	286.29	18.577	5.6482e-06	0.017415
146.29	0.87568	365.19	0.0027383	2.0110	2.0495	15.700	30.920	63.334	965.05	-0.13437	5.9945e-05	0.13446	0.0064349	13.757	0.072690	7.8534	8.8746	62.355	28.081	44.612	286.29	18.542	5.6563e-06	0.017458
146.47	0.88332	364.83	0.0027410	2.0223	2.0612	15.778	30.913	63.407	962.89	-0.13166	5.9743e-05	0.13420	0.0064026	13.876	0.072068	7.8552	8.8765	62.307	28.098	44.704	286.28	18.508	5.6644e-06	0.017500
146.66	0.89097	364.48	0.0027436	2.0336	2.0728	15.855	30.905	63.480	960.75	-0.12895	5.9542e-05	0.13394	0.0063704	13.995	0.071456	7.8569	8.8783	62.260	28.115	44.797	286.27	18.474	5.6724e-06	0.017542
146.84	0.89861	364.13	0.0027463	2.0447	2.0843	15.931	30.898	63.552	958.61	-0.12623	5.9344e-05	0.13368	0.0063385	14.113	0.070854	7.8586	8.8801	62.212	28.131	44.890	286.27	18.440	5.6804e-06	0.017584
147.02	0.90626	363.78	0.0027489	2.0559	2.0958	16.007	30.891	63.626	956.48	-0.12350	5.9147e-05	0.13342	0.0063068	14.232	0.070262	7.8603	8.8818	62.165	28.148	44.983	286.26	18.407	5.6884e-06	0.017626
147.20	0.91391	363.44	0.0027515	2.0669	2.1073	16.083	30.884	63.699	954.36	-0.12078	5.8952e-05	0.13317	0.0062753	14.351	0.069680	7.8619	8.8836	62.119	28.165	45.076	286.25	18.374	5.6963e-06	0.017667
147.37	0.92155	363.09	0.0027541	2.0780	2.1187	16.158	30.877	63.772	952.26	-0.11804	5.8759e-05	0.13292	0.0062441	14.471	0.069106	7.8636	8.8853	62.073	28.182	45.170	286.24	18.341	5.7042e-06	0.017709
147.55	0.92920	362.75	0.0027567	2.0889	2.1300	16.233	30.870	63.846	950.16	-0.11530	5.8568e-05	0.13266	0.0062130	14.590	0.068541	7.8652	8.8869	62.026	28.198	45.264	286.23	18.308	5.7121e-06	0.017750
147.73	0.93684	362.40	0.0027593	2.0998	2.1413	16.307	30.863	63.919	948.08	-0.11256	5.8379e-05	0.13241	0.0061822	14.709	0.067985	7.8667	8.8885	61.981	28.215	45.358	286.21	18.276	5.7200e-06	0.017792
147.90	0.94449	362.06	0.0027619	2.1107	2.1525	16.380	30.856	63.993	946.00	-0.10981	5.8191e-05	0.13217	0.0061515	14.828	0.067438	7.8683	8.8901	61.935	28.232	45.452	286.20	18.244	5.7278e-06	0.017833
148.07	0.95213	361.72	0.0027645	2.1215	2.1637	16.453	30.850	64.067	943.93	-0.10706	5.8005e-05	0.13192	0.0061211	14.948	0.066899	7.8698	8.8917	61.890	28.249	45.547	286.19	18.213	5.7356e-06	0.017875
148.25	0.95978	361.38	0.0027671	2.1322	2.1748	16.526	30.843	64.142	941.88	-0.10430	5.7821e-05	0.13167	0.0060909	15.067	0.066368	7.8713	8.8932	61.845	28.265	45.642	286.17	18.181	5.7434e-06	0.017916
148.42	0.96743	361.05	0.0027697	2.1429	2.1859	16.599	30.837	64.216	939.83	-0.10153	5.7639e-05	0.13143	0.0060608	15.187	0.065845	7.8728	8.8947	61.801	28.282	45.737	286.15	18.151	5.7511e-06	0.017957
148.59	0.97507	360.71	0.0027723	2.1535	2.1969	16.670	30.830	64.291	937.79	-0.098763	5.7458e-05	0.13119	0.0060310	15.307	0.065330	7.8742	8.8962	61.756	28.298	45.833	286.14	18.120	5.7589e-06	0.017998
148.76	0.98272	360.37	0.0027749	2.1641	2.2079	16.742	30.824	64.366	935.76	-0.095988	5.7278e-05	0.13094	0.0060014	15.427	0.064822	7.8756	8.8976	61.712	28.315	45.929	286.12	18.089	5.7666e-06	0.018039
148.93	0.99036	360.04	0.0027775	2.1746	2.2188	16.813	30.818	64.441	933.74	-0.093207	5.7101e-05	0.13070	0.0059719	15.547	0.064322	7.8771	8.8990	61.669	28.332	46.025	286.10	18.059	5.7742e-06	0.018080
149.10	0.99801	359.71	0.0027800	2.1851	2.2296	16.884	30.812	64.516	931.73	-0.090421	5.6924e-05	0.13047	0.0059426	15.667	0.063829	7.8784	8.9004	61.625	28.348	46.122	286.08	18.029	5.7819e-06	0.018121
149.26	1.0057	359.37	0.0027826	2.1956	2.2405	16.954	30.806	64.591	929.73	-0.087630	5.6750e-05	0.13023	0.0059135	15.787	0.063343	7.8798	8.9017	61.582	28.365	46.219	286.06	18.000	5.7895e-06	0.018162
149.43	1.0133	359.04	0.0027852	2.2059	2.2512	17.024	30.800	64.667	927.73	-0.084832	5.6576e-05	0.12999	0.0058846	15.907	0.062864	7.8811	8.9031	61.539	28.382	46.316	286.04	17.971	5.7972e-06	0.018202
149.59	1.0209	358.71	0.0027877	2.2163	2.2619	17.093	30.794	64.743	925.75	-0.082029	5.6405e-05	0.12976	0.0058559	16.028	0.062392	7.8824	8.9043	61.496	28.398	46.413	286.02	17.941	5.8048e-06	0.018243
149.76	1.0286	358.39	0.0027903	2.2266	2.2726	17.162	30.788	64.819	923.77	-0.079220	5.6234e-05	0.12952	0.0058274	16.148	0.061927	7.8837	8.9056	61.454	28.415	46.511	286.00	17.913	5.8123e-06	0.018283
149.92	1.0362	358.06	0.0027928	2.2368	2.2833	17.231	30.782	64.895	921.80	-0.076405	5.6065e-05	0.12929	0.0057990	16.269	0.061468	7.8850	8.9068	61.411	28.431	46.609	285.98	17.884	5.8199e-06	0.018324
150.08	1.0439	357.73	0.0027954	2.2470	2.2938	17.299	30.777	64.971	919.84	-0.073584	5.5898e-05	0.12906	0.0057708	16.389	0.061015	7.8862	8.9080	61.369	28.448	46.708	285.96	17.856	5.8274e-06	0.018364
150.24	1.0515	357.41	0.0027979	2.2572	2.3044	17.367	30.771	65.048	917.89	-0.070757	5.5732e-05	0.12883	0.0057427	16.510	0.060568	7.8875	8.9092	61.328	28.464	46.806	285.93	17.828	5.8349e-06	0.018405
150.41	1.0592	357.08	0.0028005	2.2673	2.3149	17.435	30.766	65.125	915.94	-0.067924	5.5567e-05	0.12860	0.0057149	16.631	0.060128	7.8887	8.9104	61.286	28.481	46.906	285.91	17.800	5.8424e-06	0.018445
150.57	1.0668	356.76	0.0028030	2.2774	2.3253	17.502	30.760	65.202	914.01	-0.065085	5.5404e-05	0.12838	0.0056872	16.752	0.059694	7.8899	8.9115	61.245	28.497	47.005	285.88	17.772	5.8499e-06	0.018485
150.72	1.0745	356.44	0.0028056	2.2874	2.3358	17.569	30.755	65.279	912.08	-0.062240	5.5242e-05	0.12815	0.0056597	16.873	0.059265	7.8910	8.9126	61.203	28.514	47.105	285.86	17.745	5.8574e-06	0.018526
150.88	1.0821	356.11	0.0028081	2.2974	2.3461	17.635	30.750	65.357	910.16	-0.059388	5.5081e-05	0.12792	0.0056323	16.995	0.058842	7.8922	8.9137	61.163	28.530	47.205	285.83	17.717	5.8648e-06	0.018566
151.04	1.0898	355.79	0.0028106	2.3073	2.3565	17.701	30.744	65.434	908.24	-0.056530	5.4921e-05	0.12770	0.0056051	17.116	0.058425	7.8933	8.9147	61.122	28.547	47.305	285.81	17.690	5.8722e-06	0.018606
151.20	1.0974	355.47	0.0028131	2.3172	2.3667	17.767	30.739	65.512	906.34	-0.053666	5.4763e-05	0.12748	0.0055780	17.237	0.058014	7.8944	8.9157	61.081	28.563	47.406	285.78	17.664	5.8796e-06	0.018646
151.35	1.1051	355.16	0.0028157	2.3271	2.3770	17.833	30.734	65.591	904.44	-0.050795	5.4606e-05	0.12725	0.0055511	17.359	0.057607	7.8955	8.9167	61.041	28.580	47.507	285.75	17.637	5.8870e-06	0.018686
151.51	1.1127	354.84	0.0028182	2.3369	2.3872	17.898	30.729	65.669	902.55	-0.047917	5.4451e-05	0.12703	0.0055244	17.481	0.057206	7.8965	8.9177	61.001	28.596	47.609	285.72	17.611	5.8944e-06	0.018726
151.66	1.1203	354.52	0.0028207	2.3467	2.3974	17.962	30.724	65.748	900.66	-0.045033	5.4296e-05	0.12681	0.0054978	17.602	0.056810	7.8976	8.9186	60.961	28.613	47.711	285.69	17.584	5.9017e-06	0.018766
151.82	1.1280	354.21	0.0028232	2.3564	2.4075	18.027	30.720	65.826	898.79	-0.042142	5.4143e-05	0.12660	0.0054714	17.724	0.056419	7.8986	8.9196	60.921	28.629	47.813	285.66	17.558	5.9091e-06	0.018806
151.97	1.1356	353.89	0.0028257	2.3661	2.4176	18.091	30.715	65.906	896.92	-0.039245	5.3990e-05	0.12638	0.0054451	17.846	0.056034	7.8996	8.9205	60.882	28.646	47.916	285.63	17.533	5.9164e-06	0.018846
152.12	1.1433	353.58	0.0028282	2.3758	2.4276	18.155	30.710	65.985	895.05	-0.036341	5.3839e-05	0.12616	0.0054190	17.969	0.055653	7.9006	8.9213	60.843	28.662	48.019	285.60	17.507	5.9237e-06	0.018886
152.27	1.1509	353.26	0.0028308	2.3854	2.4377	18.218	30.706	66.064	893.20	-0.033429	5.3689e-05	0.12595	0.0053930	18.091	0.055276	7.9016	8.9222	60.803	28.679	48.122	285.57	17.482	5.9310e-06	0.018925
152.42	1.1586	352.95	0.0028333	2.3950	2.4476	18.282	30.701	66.144	891.35	-0.030511	5.3541e-05	0.12573	0.0053671	18.213	0.054905	7.9025	8.9230	60.764	28.695	48.226	285.54	17.457	5.9383e-06	0.018965
152.57	1.1662	352.64	0.0028358	2.4045	2.4576	18.345	30.697	66.224	889.50	-0.027586	5.3393e-05	0.12552	0.0053414	18.336	0.054538	7.9034	8.9238	60.726	28.712	48.330	285.51	17.431	5.9455e-06	0.019005
152.72	1.1739	352.33	0.0028383	2.4140	2.4675	18.407	30.692	66.305	887.67	-0.024654	5.3246e-05	0.12531	0.0053159	18.458	0.054176	7.9044	8.9246	60.687	28.728	48.434	285.47	17.407	5.9528e-06	0.019045
152.87	1.1815	352.02	0.0028408	2.4235	2.4774	18.470	30.688	66.385	885.84	-0.021715	5.3101e-05	0.12510	0.0052904	18.581	0.053818	7.9053	8.9254	60.649	28.745	48.539	285.44	17.382	5.9600e-06	0.019084
153.02	1.1892	351.71	0.0028433	2.4329	2.4872	18.532	30.684	66.466	884.01	-0.018768	5.2956e-05	0.12488	0.0052651	18.704	0.053464	7.9061	8.9261	60.611	28.761	48.644	285.41	17.357	5.9673e-06	0.019124
153.17	1.1968	351.40	0.0028458	2.4423	2.4970	18.593	30.679	66.547	882.20	-0.015814	5.2813e-05	0.12468	0.0052400	18.827	0.053115	7.9070	8.9268	60.572	28.777	48.750	285.37	17.333	5.9745e-06	0.019163
153.31	1.2044	351.09	0.0028482	2.4517	2.5068	18.655	30.675	66.629	880.39	-0.012853	5.2671e-05	0.12447	0.0052150	18.950	0.052770	7.9078	8.9275	60.535	28.794	48.856	285.34	17.309	5.9817e-06	0.019203
153.46	1.2121	350.79	0.0028507	2.4610	2.5165	18.716	30.671	66.710	878.58	-0.0098846	5.2529e-05	0.12426	0.0051901	19.074	0.052428	7.9087	8.9282	60.497	28.810	48.963	285.30	17.285	5.9889e-06	0.019242
153.60	1.2197	350.48	0.0028532	2.4703	2.5262	18.777	30.667	66.792	876.78	-0.0069086	5.2389e-05	0.12405	0.0051653	19.197	0.052091	7.9095	8.9288	60.459	28.827	49.070	285.26	17.261	5.9961e-06	0.019282
153.75	1.2274	350.18	0.0028557	2.4796	2.5358	18.837	30.663	66.874	874.99	-0.0039251	5.2250e-05	0.12385	0.0051407	19.321	0.051758	7.9103	8.9294	60.422	28.843	49.177	285.23	17.237	6.0032e-06	0.019321
153.89	1.2350	349.87	0.0028582	2.4888	2.5455	18.898	30.659	66.957	873.20	-0.00093407	5.2111e-05	0.12364	0.0051162	19.444	0.051429	7.9110	8.9300	60.385	28.860	49.285	285.19	17.214	6.0104e-06	0.019361
154.04	1.2427	349.57	0.0028607	2.4980	2.5551	18.958	30.655	67.039	871.42	0.0020646	5.1974e-05	0.12344	0.0050919	19.568	0.051104	7.9118	8.9306	60.348	28.876	49.393	285.15	17.191	6.0175e-06	0.019400
154.18	1.2503	349.26	0.0028632	2.5072	2.5646	19.018	30.652	67.122	869.65	0.0050710	5.1837e-05	0.12323	0.0050676	19.692	0.050782	7.9125	8.9312	60.311	28.893	49.501	285.12	17.167	6.0247e-06	0.019440
154.32	1.2580	348.96	0.0028656	2.5163	2.5742	19.077	30.648	67.206	867.88	0.0080852	5.1702e-05	0.12303	0.0050435	19.816	0.050464	7.9133	8.9317	60.274	28.909	49.610	285.08	17.144	6.0318e-06	0.019479
154.46	1.2656	348.66	0.0028681	2.5255	2.5837	19.136	30.644	67.289	866.12	0.011107	5.1567e-05	0.12283	0.0050195	19.940	0.050150	7.9140	8.9322	60.237	28.926	49.720	285.04	17.121	6.0389e-06	0.019518
154.60	1.2733	348.36	0.0028706	2.5345	2.5932	19.195	30.641	67.373	864.36	0.014137	5.1433e-05	0.12263	0.0049957	20.065	0.049839	7.9147	8.9327	60.201	28.942	49.829	285.00	17.099	6.0460e-06	0.019558
154.74	1.2809	348.06	0.0028731	2.5436	2.6026	19.254	30.637	67.457	862.61	0.017175	5.1301e-05	0.12243	0.0049719	20.189	0.049532	7.9153	8.9332	60.165	28.958	49.940	284.96	17.076	6.0531e-06	0.019597
154.88	1.2886	347.76	0.0028756	2.5526	2.6120	19.313	30.634	67.541	860.86	0.020221	5.1169e-05	0.12223	0.0049483	20.314	0.049228	7.9160	8.9336	60.128	28.975	50.050	284.92	17.054	6.0602e-06	0.019636
155.02	1.2962	347.46	0.0028780	2.5616	2.6214	19.371	30.630	67.626	859.12	0.023275	5.1038e-05	0.12203	0.0049248	20.438	0.048928	7.9167	8.9341	60.092	28.991	50.162	284.88	17.031	6.0672e-06	0.019676
155.16	1.3038	347.16	0.0028805	2.5705	2.6308	19.429	30.627	67.711	857.39	0.026337	5.0907e-05	0.12184	0.0049014	20.563	0.048630	7.9173	8.9345	60.056	29.008	50.273	284.84	17.009	6.0743e-06	0.019715
155.30	1.3115	346.86	0.0028830	2.5794	2.6401	19.487	30.624	67.796	855.66	0.029407	5.0778e-05	0.12164	0.0048782	20.688	0.048336	7.9179	8.9349	60.021	29.024	50.385	284.79	16.987	6.0814e-06	0.019754
155.44	1.3191	346.57	0.0028854	2.5883	2.6494	19.544	30.620	67.882	853.93	0.032486	5.0650e-05	0.12145	0.0048550	20.813	0.048046	7.9185	8.9353	59.985	29.041	50.498	284.75	16.965	6.0884e-06	0.019794
155.57	1.3268	346.27	0.0028879	2.5972	2.6586	19.602	30.617	67.968	852.21	0.035573	5.0522e-05	0.12125	0.0048320	20.939	0.047758	7.9191	8.9356	59.950	29.057	50.611	284.71	16.943	6.0955e-06	0.019833
155.71	1.3344	345.98	0.0028904	2.6060	2.6679	19.659	30.614	68.054	850.50	0.038668	5.0395e-05	0.12106	0.0048091	21.064	0.047474	7.9196	8.9360	59.914	29.074	50.724	284.67	16.921	6.1025e-06	0.019872
155.84	1.3421	345.68	0.0028929	2.6148	2.6771	19.716	30.611	68.140	848.79	0.041772	5.0269e-05	0.12086	0.0047862	21.190	0.047192	7.9202	8.9363	59.879	29.090	50.838	284.62	16.900	6.1095e-06	0.019911
155.98	1.3497	345.39	0.0028953	2.6236	2.6863	19.772	30.608	68.227	847.09	0.044885	5.0144e-05	0.12067	0.0047635	21.316	0.046914	7.9207	8.9366	59.844	29.107	50.952	284.58	16.878	6.1165e-06	0.019951
156.11	1.3574	345.09	0.0028978	2.6323	2.6954	19.829	30.605	68.314	845.39	0.048006	5.0020e-05	0.12048	0.0047409	21.441	0.046639	7.9213	8.9369	59.809	29.123	51.067	284.54	16.857	6.1235e-06	0.019990
156.25	1.3650	344.80	0.0029003	2.6410	2.7046	19.885	30.602	68.402	843.69	0.051135	4.9896e-05	0.12029	0.0047185	21.567	0.046366	7.9218	8.9371	59.774	29.140	51.183	284.49	16.836	6.1305e-06	0.020029
156.38	1.3727	344.51	0.0029027	2.6497	2.7137	19.941	30.600	68.490	842.01	0.054274	4.9773e-05	0.12010	0.0046961	21.694	0.046096	7.9223	8.9374	59.739	29.157	51.299	284.45	16.815	6.1375e-06	0.020068
156.51	1.3803	344.21	0.0029052	2.6584	2.7227	19.997	30.597	68.578	840.32	0.057421	4.9651e-05	0.11991	0.0046738	21.820	0.045830	7.9227	8.9376	59.705	29.173	51.415	284.40	16.794	6.1445e-06	0.020107
156.65	1.3879	343.92	0.0029076	2.6670	2.7318	20.052	30.594	68.666	838.64	0.060577	4.9530e-05	0.11972	0.0046517	21.946	0.045565	7.9232	8.9378	59.670	29.190	51.532	284.36	16.773	6.1515e-06	0.020147
156.78	1.3956	343.63	0.0029101	2.6757	2.7408	20.107	30.591	68.755	836.97	0.063742	4.9409e-05	0.11953	0.0046296	22.073	0.045304	7.9237	8.9380	59.636	29.206	51.649	284.31	16.752	6.1585e-06	0.020186
156.91	1.4032	343.34	0.0029126	2.6842	2.7498	20.162	30.589	68.844	835.30	0.066916	4.9289e-05	0.11934	0.0046076	22.200	0.045045	7.9241	8.9382	59.602	29.223	51.767	284.26	16.732	6.1654e-06	0.020225
157.04	1.4109	343.05	0.0029150	2.6928	2.7588	20.217	30.586	68.933	833.63	0.070099	4.9170e-05	0.11916	0.0045858	22.327	0.044789	7.9245	8.9383	59.568	29.239	51.885	284.22	16.711	6.1724e-06	0.020264
157.17	1.4185	342.76	0.0029175	2.7013	2.7677	20.272	30.584	69.023	831.97	0.073292	4.9052e-05	0.11897	0.0045640	22.454	0.044536	7.9249	8.9384	59.534	29.256	52.004	284.17	16.691	6.1794e-06	0.020304
157.30	1.4262	342.47	0.0029200	2.7098	2.7767	20.327	30.581	69.113	830.32	0.076493	4.8934e-05	0.11879	0.0045424	22.581	0.044285	7.9253	8.9386	59.500	29.273	52.123	284.12	16.671	6.1863e-06	0.020343
157.43	1.4338	342.18	0.0029224	2.7183	2.7856	20.381	30.579	69.203	828.67	0.079704	4.8817e-05	0.11860	0.0045209	22.708	0.044036	7.9257	8.9387	59.466	29.289	52.243	284.08	16.651	6.1933e-06	0.020382
157.56	1.4415	341.89	0.0029249	2.7268	2.7944	20.435	30.577	69.294	827.02	0.082924	4.8701e-05	0.11842	0.0044994	22.836	0.043790	7.9261	8.9387	59.432	29.306	52.364	284.03	16.630	6.2002e-06	0.020421
157.69	1.4491	341.61	0.0029273	2.7352	2.8033	20.489	30.574	69.385	825.38	0.086153	4.8585e-05	0.11824	0.0044781	22.964	0.043547	7.9264	8.9388	59.399	29.322	52.484	283.98	16.611	6.2071e-06	0.020460
157.81	1.4568	341.32	0.0029298	2.7436	2.8121	20.542	30.572	69.477	823.74	0.089392	4.8470e-05	0.11805	0.0044568	23.092	0.043306	7.9268	8.9389	59.365	29.339	52.606	283.93	16.591	6.2141e-06	0.020500
157.94	1.4644	341.03	0.0029323	2.7520	2.8209	20.596	30.570	69.568	822.11	0.092640	4.8356e-05	0.11787	0.0044357	23.220	0.043067	7.9271	8.9389	59.332	29.356	52.728	283.88	16.571	6.2210e-06	0.020539
158.07	1.4721	340.75	0.0029347	2.7604	2.8297	20.649	30.568	69.660	820.48	0.095898	4.8242e-05	0.11769	0.0044146	23.348	0.042831	7.9274	8.9389	59.298	29.372	52.851	283.83	16.551	6.2279e-06	0.020578
158.19	1.4797	340.46	0.0029372	2.7687	2.8384	20.702	30.566	69.753	818.85	0.099166	4.8130e-05	0.11751	0.0043936	23.476	0.042596	7.9277	8.9389	59.265	29.389	52.974	283.78	16.532	6.2348e-06	0.020618
158.32	1.4873	340.18	0.0029397	2.7770	2.8472	20.755	30.564	69.846	817.23	0.10244	4.8017e-05	0.11733	0.0043728	23.605	0.042365	7.9280	8.9389	59.232	29.406	53.097	283.73	16.512	6.2418e-06	0.020657
158.45	1.4950	339.89	0.0029421	2.7853	2.8559	20.808	30.562	69.939	815.62	0.10573	4.7906e-05	0.11715	0.0043520	23.733	0.042135	7.9283	8.9388	59.199	29.422	53.221	283.68	16.493	6.2487e-06	0.020696
158.57	1.5026	339.61	0.0029446	2.7936	2.8646	20.861	30.560	70.033	814.00	0.10903	4.7795e-05	0.11697	0.0043313	23.862	0.041907	7.9285	8.9388	59.166	29.439	53.346	283.63	16.474	6.2556e-06	0.020736
158.70	1.5103	339.32	0.0029470	2.8019	2.8733	20.913	30.558	70.127	812.39	0.11233	4.7684e-05	0.11679	0.0043107	23.991	0.041682	7.9288	8.9387	59.134	29.456	53.472	283.58	16.454	6.2625e-06	0.020775
158.82	1.5179	339.04	0.0029495	2.8101	2.8819	20.965	30.556	70.221	810.79	0.11565	4.7574e-05	0.11662	0.0042902	24.120	0.041459	7.9290	8.9386	59.101	29.473	53.597	283.53	16.435	6.2694e-06	0.020814
158.94	1.5256	338.76	0.0029520	2.8183	2.8905	21.017	30.554	70.316	809.19	0.11898	4.7465e-05	0.11644	0.0042698	24.250	0.041238	7.9292	8.9385	59.068	29.489	53.724	283.47	16.416	6.2763e-06	0.020854
159.07	1.5332	338.48	0.0029544	2.8265	2.8991	21.069	30.553	70.411	807.59	0.12232	4.7357e-05	0.11626	0.0042495	24.379	0.041019	7.9294	8.9384	59.036	29.506	53.851	283.42	16.397	6.2832e-06	0.020893
159.19	1.5409	338.19	0.0029569	2.8346	2.9077	21.121	30.551	70.506	806.00	0.12566	4.7249e-05	0.11609	0.0042292	24.509	0.040802	7.9296	8.9382	59.003	29.523	53.979	283.37	16.379	6.2901e-06	0.020933
159.31	1.5485	337.91	0.0029594	2.8428	2.9163	21.172	30.549	70.602	804.41	0.12902	4.7141e-05	0.11591	0.0042091	24.639	0.040587	7.9298	8.9381	58.971	29.540	54.107	283.32	16.360	6.2970e-06	0.020972
159.43	1.5562	337.63	0.0029618	2.8509	2.9248	21.223	30.548	70.699	802.83	0.13239	4.7035e-05	0.11574	0.0041890	24.769	0.040374	7.9300	8.9379	58.939	29.556	54.236	283.26	16.341	6.3039e-06	0.021011
159.55	1.5638	337.35	0.0029643	2.8590	2.9333	21.274	30.546	70.795	801.25	0.13577	4.6929e-05	0.11557	0.0041691	24.899	0.040163	7.9302	8.9377	58.907	29.573	54.365	283.21	16.323	6.3108e-06	0.021051
159.68	1.5714	337.07	0.0029667	2.8670	2.9418	21.325	30.545	70.892	799.67	0.13916	4.6823e-05	0.11539	0.0041492	25.029	0.039953	7.9303	8.9375	58.875	29.590	54.495	283.16	16.304	6.3176e-06	0.021091
159.80	1.5791	336.79	0.0029692	2.8751	2.9503	21.376	30.543	70.990	798.10	0.14256	4.6718e-05	0.11522	0.0041294	25.160	0.039746	7.9304	8.9373	58.843	29.607	54.626	283.10	16.286	6.3245e-06	0.021130
159.92	1.5867	336.51	0.0029717	2.8831	2.9588	21.427	30.542	71.088	796.53	0.14597	4.6613e-05	0.11505	0.0041097	25.290	0.039541	7.9306	8.9371	58.811	29.624	54.757	283.05	16.267	6.3314e-06	0.021170
160.04	1.5944	336.23	0.0029741	2.8911	2.9672	21.477	30.541	71.186	794.96	0.14939	4.6509e-05	0.11488	0.0040900	25.421	0.039337	7.9307	8.9368	58.779	29.641	54.889	282.99	16.249	6.3383e-06	0.021209
160.16	1.6020	335.95	0.0029766	2.8991	2.9756	21.528	30.540	71.285	793.40	0.15282	4.6406e-05	0.11471	0.0040705	25.552	0.039135	7.9308	8.9366	58.747	29.658	55.022	282.94	16.231	6.3452e-06	0.021249
160.27	1.6097	335.67	0.0029791	2.9071	2.9840	21.578	30.538	71.384	791.84	0.15626	4.6303e-05	0.11454	0.0040510	25.683	0.038936	7.9308	8.9363	58.716	29.674	55.155	282.88	16.213	6.3521e-06	0.021289
160.39	1.6173	335.40	0.0029816	2.9151	2.9924	21.628	30.537	71.483	790.29	0.15972	4.6201e-05	0.11437	0.0040316	25.815	0.038737	7.9309	8.9360	58.684	29.691	55.289	282.83	16.195	6.3589e-06	0.021328
160.51	1.6250	335.12	0.0029840	2.9230	3.0008	21.678	30.536	71.583	788.74	0.16318	4.6099e-05	0.11420	0.0040123	25.946	0.038541	7.9310	8.9357	58.653	29.708	55.423	282.77	16.177	6.3658e-06	0.021368
160.63	1.6326	334.84	0.0029865	2.9309	3.0091	21.727	30.535	71.684	787.19	0.16666	4.5998e-05	0.11403	0.0039931	26.078	0.038346	7.9310	8.9354	58.621	29.725	55.558	282.72	16.159	6.3727e-06	0.021408
160.75	1.6403	334.56	0.0029890	2.9388	3.0175	21.777	30.534	71.785	785.64	0.17015	4.5897e-05	0.11386	0.0039740	26.210	0.038153	7.9311	8.9350	58.590	29.742	55.694	282.66	16.141	6.3796e-06	0.021448
160.86	1.6479	334.29	0.0029914	2.9467	3.0258	21.826	30.533	71.886	784.10	0.17364	4.5797e-05	0.11369	0.0039549	26.342	0.037962	7.9311	8.9347	58.559	29.759	55.830	282.60	16.123	6.3865e-06	0.021487
160.98	1.6556	334.01	0.0029939	2.9545	3.0341	21.876	30.532	71.988	782.56	0.17715	4.5697e-05	0.11352	0.0039359	26.475	0.037772	7.9311	8.9343	58.528	29.776	55.968	282.55	16.106	6.3933e-06	0.021527
161.10	1.6632	333.73	0.0029964	2.9624	3.0423	21.925	30.531	72.090	781.03	0.18067	4.5598e-05	0.11336	0.0039170	26.607	0.037584	7.9311	8.9339	58.497	29.793	56.105	282.49	16.088	6.4002e-06	0.021567
161.21	1.6708	333.46	0.0029989	2.9702	3.0506	21.974	30.530	72.192	779.50	0.18421	4.5499e-05	0.11319	0.0038982	26.740	0.037397	7.9311	8.9335	58.466	29.810	56.244	282.43	16.071	6.4071e-06	0.021607
161.33	1.6785	333.18	0.0030014	2.9780	3.0588	22.022	30.530	72.295	777.97	0.18775	4.5401e-05	0.11303	0.0038794	26.873	0.037213	7.9311	8.9331	58.435	29.827	56.383	282.37	16.053	6.4140e-06	0.021647
161.44	1.6861	332.91	0.0030038	2.9858	3.0670	22.071	30.529	72.399	776.45	0.19131	4.5303e-05	0.11286	0.0038608	27.006	0.037029	7.9310	8.9327	58.404	29.844	56.523	282.32	16.036	6.4209e-06	0.021687
161.56	1.6938	332.63	0.0030063	2.9935	3.0752	22.120	30.528	72.503	774.93	0.19487	4.5206e-05	0.11270	0.0038422	27.139	0.036847	7.9310	8.9322	58.373	29.862	56.663	282.26	16.018	6.4277e-06	0.021727
161.67	1.7014	332.36	0.0030088	3.0013	3.0834	22.168	30.528	72.607	773.41	0.19845	4.5109e-05	0.11253	0.0038236	27.272	0.036667	7.9309	8.9318	58.342	29.879	56.805	282.20	16.001	6.4346e-06	0.021767
161.79	1.7091	332.08	0.0030113	3.0090	3.0916	22.216	30.527	72.712	771.89	0.20204	4.5013e-05	0.11237	0.0038052	27.406	0.036488	7.9308	8.9313	58.312	29.896	56.947	282.14	15.984	6.4415e-06	0.021807
161.90	1.7167	331.81	0.0030138	3.0167	3.0997	22.264	30.526	72.817	770.38	0.20565	4.4917e-05	0.11221	0.0037868	27.540	0.036311	7.9308	8.9308	58.281	29.913	57.089	282.08	15.967	6.4484e-06	0.021848
162.01	1.7244	331.54	0.0030162	3.0244	3.1079	22.312	30.526	72.923	768.87	0.20926	4.4822e-05	0.11204	0.0037685	27.674	0.036135	7.9307	8.9303	58.250	29.930	57.233	282.02	15.950	6.4553e-06	0.021888
162.12	1.7320	331.26	0.0030187	3.0321	3.1160	22.360	30.526	73.030	767.37	0.21289	4.4727e-05	0.11188	0.0037503	27.808	0.035961	7.9306	8.9298	58.220	29.947	57.377	281.96	15.933	6.4622e-06	0.021928
162.24	1.7397	330.99	0.0030212	3.0398	3.1241	22.408	30.525	73.136	765.87	0.21653	4.4633e-05	0.11172	0.0037321	27.942	0.035788	7.9305	8.9293	58.190	29.965	57.522	281.90	15.916	6.4691e-06	0.021969
162.35	1.7473	330.72	0.0030237	3.0474	3.1322	22.455	30.525	73.244	764.37	0.22018	4.4539e-05	0.11156	0.0037140	28.077	0.035616	7.9303	8.9287	58.159	29.982	57.667	281.84	15.899	6.4760e-06	0.022009
162.46	1.7549	330.45	0.0030262	3.0551	3.1403	22.503	30.524	73.351	762.87	0.22385	4.4445e-05	0.11140	0.0036960	28.212	0.035446	7.9302	8.9281	58.129	29.999	57.814	281.78	15.882	6.4829e-06	0.022049
162.57	1.7626	330.17	0.0030287	3.0627	3.1483	22.550	30.524	73.460	761.38	0.22752	4.4352e-05	0.11124	0.0036781	28.347	0.035277	7.9300	8.9276	58.099	30.016	57.961	281.72	15.865	6.4898e-06	0.022090
162.68	1.7702	329.90	0.0030312	3.0703	3.1563	22.597	30.524	73.568	759.89	0.23121	4.4259e-05	0.11108	0.0036602	28.482	0.035110	7.9299	8.9270	58.068	30.034	58.109	281.66	15.848	6.4967e-06	0.022130
162.79	1.7779	329.63	0.0030337	3.0778	3.1644	22.644	30.524	73.678	758.40	0.23491	4.4167e-05	0.11092	0.0036424	28.617	0.034944	7.9297	8.9264	58.038	30.051	58.257	281.60	15.832	6.5036e-06	0.022171
162.91	1.7855	329.36	0.0030362	3.0854	3.1724	22.691	30.524	73.787	756.92	0.23863	4.4075e-05	0.11076	0.0036247	28.753	0.034779	7.9295	8.9258	58.008	30.068	58.407	281.54	15.815	6.5105e-06	0.022212
163.02	1.7932	329.09	0.0030387	3.0930	3.1804	22.738	30.524	73.898	755.44	0.24235	4.3984e-05	0.11060	0.0036070	28.889	0.034615	7.9293	8.9251	57.978	30.086	58.557	281.48	15.799	6.5174e-06	0.022252
163.12	1.8008	328.82	0.0030412	3.1005	3.1883	22.784	30.524	74.008	753.96	0.24609	4.3893e-05	0.11044	0.0035894	29.025	0.034453	7.9291	8.9245	57.948	30.103	58.708	281.42	15.782	6.5243e-06	0.022293
163.23	1.8085	328.55	0.0030437	3.1080	3.1963	22.831	30.524	74.120	752.48	0.24985	4.3802e-05	0.11029	0.0035719	29.161	0.034292	7.9289	8.9238	57.919	30.120	58.860	281.35	15.766	6.5312e-06	0.022334
163.34	1.8161	328.28	0.0030462	3.1155	3.2043	22.877	30.524	74.232	751.01	0.25361	4.3712e-05	0.11013	0.0035544	29.297	0.034133	7.9287	8.9232	57.889	30.138	59.012	281.29	15.749	6.5381e-06	0.022375
163.45	1.8238	328.01	0.0030487	3.1230	3.2122	22.923	30.524	74.344	749.54	0.25739	4.3622e-05	0.10997	0.0035370	29.434	0.033974	7.9285	8.9225	57.859	30.155	59.166	281.23	15.733	6.5451e-06	0.022416
163.56	1.8314	327.74	0.0030512	3.1305	3.2201	22.970	30.524	74.457	748.07	0.26118	4.3533e-05	0.10982	0.0035197	29.571	0.033817	7.9282	8.9218	57.829	30.173	59.320	281.17	15.716	6.5520e-06	0.022457
163.67	1.8391	327.47	0.0030537	3.1379	3.2280	23.016	30.524	74.570	746.61	0.26499	4.3444e-05	0.10966	0.0035025	29.708	0.033661	7.9279	8.9211	57.800	30.190	59.475	281.10	15.700	6.5589e-06	0.022498
163.78	1.8467	327.20	0.0030563	3.1454	3.2359	23.062	30.524	74.684	745.14	0.26881	4.3356e-05	0.10951	0.0034853	29.845	0.033506	7.9277	8.9203	57.770	30.208	59.631	281.04	15.684	6.5658e-06	0.022539
163.88	1.8543	326.93	0.0030588	3.1528	3.2438	23.107	30.525	74.799	743.68	0.27264	4.3267e-05	0.10935	0.0034681	29.983	0.033353	7.9274	8.9196	57.740	30.225	59.787	280.98	15.668	6.5728e-06	0.022580
163.99	1.8620	326.66	0.0030613	3.1602	3.2516	23.153	30.525	74.914	742.23	0.27649	4.3180e-05	0.10920	0.0034511	30.120	0.033200	7.9271	8.9188	57.711	30.243	59.945	280.91	15.652	6.5797e-06	0.022621
164.10	1.8696	326.39	0.0030638	3.1676	3.2595	23.199	30.526	75.030	740.77	0.28035	4.3092e-05	0.10904	0.0034341	30.258	0.033049	7.9268	8.9181	57.682	30.261	60.103	280.85	15.636	6.5867e-06	0.022663
164.20	1.8773	326.12	0.0030663	3.1750	3.2673	23.244	30.526	75.146	739.32	0.28422	4.3005e-05	0.10889	0.0034171	30.396	0.032899	7.9265	8.9173	57.652	30.278	60.263	280.79	15.620	6.5936e-06	0.022704
164.31	1.8849	325.85	0.0030689	3.1823	3.2751	23.289	30.526	75.263	737.87	0.28811	4.2919e-05	0.10873	0.0034003	30.535	0.032750	7.9262	8.9165	57.623	30.296	60.423	280.72	15.604	6.6006e-06	0.022746
164.42	1.8926	325.59	0.0030714	3.1897	3.2830	23.335	30.527	75.380	736.43	0.29201	4.2832e-05	0.10858	0.0033835	30.673	0.032602	7.9258	8.9157	57.593	30.314	60.584	280.66	15.588	6.6075e-06	0.022787
164.52	1.9002	325.32	0.0030739	3.1970	3.2908	23.380	30.528	75.498	734.98	0.29593	4.2746e-05	0.10843	0.0033667	30.812	0.032455	7.9255	8.9149	57.564	30.331	60.746	280.59	15.572	6.6145e-06	0.022829
164.63	1.9079	325.05	0.0030765	3.2044	3.2985	23.425	30.528	75.617	733.54	0.29986	4.2661e-05	0.10828	0.0033500	30.951	0.032309	7.9251	8.9140	57.535	30.349	60.909	280.53	15.556	6.6215e-06	0.022871
164.73	1.9155	324.78	0.0030790	3.2117	3.3063	23.470	30.529	75.736	732.10	0.30380	4.2576e-05	0.10813	0.0033334	31.090	0.032165	7.9248	8.9132	57.506	30.367	61.072	280.46	15.540	6.6285e-06	0.022912
164.84	1.9232	324.51	0.0030815	3.2190	3.3141	23.514	30.530	75.855	730.67	0.30776	4.2491e-05	0.10797	0.0033169	31.230	0.032021	7.9244	8.9123	57.477	30.385	61.237	280.40	15.524	6.6355e-06	0.022954
164.94	1.9308	324.25	0.0030841	3.2263	3.3218	23.559	30.530	75.976	729.23	0.31173	4.2406e-05	0.10782	0.0033004	31.369	0.031878	7.9240	8.9114	57.448	30.402	61.403	280.33	15.509	6.6424e-06	0.022996
165.05	1.9384	323.98	0.0030866	3.2335	3.3295	23.604	30.531	76.097	727.80	0.31572	4.2322e-05	0.10767	0.0032839	31.509	0.031737	7.9236	8.9106	57.419	30.420	61.569	280.27	15.493	6.6494e-06	0.023038
165.15	1.9461	323.71	0.0030892	3.2408	3.3373	23.648	30.532	76.218	726.37	0.31972	4.2239e-05	0.10752	0.0032676	31.649	0.031596	7.9232	8.9097	57.390	30.438	61.737	280.20	15.477	6.6564e-06	0.023080
165.25	1.9537	323.45	0.0030917	3.2481	3.3450	23.692	30.533	76.340	724.94	0.32374	4.2155e-05	0.10737	0.0032512	31.790	0.031457	7.9228	8.9087	57.361	30.456	61.905	280.13	15.462	6.6634e-06	0.023122
165.36	1.9614	323.18	0.0030943	3.2553	3.3527	23.737	30.534	76.463	723.52	0.32777	4.2072e-05	0.10722	0.0032350	31.930	0.031318	7.9224	8.9078	57.332	30.474	62.074	280.07	15.446	6.6705e-06	0.023164
165.46	1.9690	322.91	0.0030968	3.2625	3.3603	23.781	30.535	76.587	722.10	0.33181	4.1989e-05	0.10708	0.0032188	32.071	0.031181	7.9219	8.9069	57.303	30.492	62.245	280.00	15.431	6.6775e-06	0.023207
165.56	1.9767	322.65	0.0030994	3.2697	3.3680	23.825	30.536	76.711	720.68	0.33588	4.1907e-05	0.10693	0.0032027	32.212	0.031044	7.9215	8.9059	57.274	30.510	62.416	279.94	15.415	6.6845e-06	0.023249
165.66	1.9843	322.38	0.0031019	3.2769	3.3757	23.869	30.537	76.835	719.26	0.33995	4.1825e-05	0.10678	0.0031866	32.353	0.030909	7.9210	8.9050	57.245	30.528	62.588	279.87	15.400	6.6915e-06	0.023292
165.77	1.9920	322.12	0.0031045	3.2841	3.3833	23.913	30.538	76.961	717.85	0.34404	4.1743e-05	0.10663	0.0031706	32.495	0.030774	7.9205	8.9040	57.217	30.546	62.761	279.80	15.384	6.6986e-06	0.023334
165.87	1.9996	321.85	0.0031070	3.2913	3.3909	23.956	30.539	77.087	716.43	0.34815	4.1662e-05	0.10648	0.0031546	32.636	0.030641	7.9201	8.9030	57.188	30.564	62.936	279.73	15.369	6.7056e-06	0.023377
165.97	2.0073	321.58	0.0031096	3.2984	3.3986	24.000	30.540	77.213	715.02	0.35227	4.1581e-05	0.10634	0.0031387	32.778	0.030508	7.9196	8.9020	57.159	30.582	63.111	279.67	15.353	6.7127e-06	0.023420
166.07	2.0149	321.32	0.0031122	3.3056	3.4062	24.044	30.542	77.341	713.61	0.35641	4.1500e-05	0.10619	0.0031228	32.921	0.030376	7.9191	8.9010	57.131	30.600	63.287	279.60	15.338	6.7197e-06	0.023462
166.17	2.0226	321.05	0.0031148	3.3127	3.4138	24.087	30.543	77.469	712.21	0.36057	4.1420e-05	0.10604	0.0031070	33.063	0.030245	7.9185	8.8999	57.102	30.618	63.465	279.53	15.323	6.7268e-06	0.023505
166.27	2.0302	320.79	0.0031173	3.3198	3.4214	24.130	30.544	77.597	710.80	0.36473	4.1339e-05	0.10590	0.0030913	33.206	0.030115	7.9180	8.8989	57.073	30.637	63.643	279.46	15.308	6.7339e-06	0.023548
166.37	2.0378	320.52	0.0031199	3.3270	3.4289	24.174	30.546	77.727	709.40	0.36892	4.1260e-05	0.10575	0.0030756	33.349	0.029986	7.9175	8.8978	57.045	30.655	63.822	279.39	15.292	6.7410e-06	0.023591
166.47	2.0455	320.26	0.0031225	3.3341	3.4365	24.217	30.547	77.857	708.00	0.37312	4.1180e-05	0.10561	0.0030600	33.492	0.029858	7.9170	8.8968	57.016	30.673	64.003	279.33	15.277	6.7481e-06	0.023635
166.57	2.0531	319.99	0.0031251	3.3411	3.4441	24.260	30.549	77.987	706.60	0.37734	4.1101e-05	0.10546	0.0030444	33.635	0.029731	7.9164	8.8957	56.988	30.691	64.184	279.26	15.262	6.7552e-06	0.023678
166.67	2.0608	319.73	0.0031277	3.3482	3.4516	24.303	30.550	78.119	705.21	0.38157	4.1022e-05	0.10532	0.0030289	33.779	0.029604	7.9158	8.8946	56.960	30.710	64.367	279.19	15.247	6.7623e-06	0.023721
166.77	2.0684	319.46	0.0031303	3.3553	3.4592	24.346	30.552	78.251	703.81	0.38582	4.0943e-05	0.10517	0.0030135	33.923	0.029479	7.9153	8.8935	56.931	30.728	64.551	279.12	15.232	6.7694e-06	0.023765
166.87	2.0761	319.20	0.0031329	3.3623	3.4667	24.389	30.553	78.384	702.42	0.39009	4.0865e-05	0.10503	0.0029981	34.067	0.029354	7.9147	8.8923	56.903	30.747	64.735	279.05	15.217	6.7765e-06	0.023808
166.97	2.0837	318.93	0.0031355	3.3694	3.4742	24.431	30.555	78.517	701.03	0.39437	4.0787e-05	0.10489	0.0029827	34.212	0.029230	7.9141	8.8912	56.875	30.765	64.921	278.98	15.202	6.7837e-06	0.023852
167.07	2.0914	318.67	0.0031381	3.3764	3.4817	24.474	30.557	78.652	699.64	0.39867	4.0709e-05	0.10474	0.0029674	34.356	0.029107	7.9135	8.8901	56.846	30.783	65.108	278.91	15.187	6.7908e-06	0.023896
167.17	2.0990	318.40	0.0031407	3.3834	3.4892	24.516	30.559	78.787	698.26	0.40299	4.0632e-05	0.10460	0.0029522	34.501	0.028985	7.9129	8.8889	56.818	30.802	65.297	278.84	15.172	6.7980e-06	0.023940
167.26	2.1067	318.14	0.0031433	3.3904	3.4967	24.559	30.561	78.923	696.87	0.40732	4.0555e-05	0.10446	0.0029370	34.646	0.028863	7.9123	8.8877	56.790	30.820	65.486	278.77	15.157	6.8051e-06	0.023984
167.36	2.1143	317.88	0.0031459	3.3974	3.5042	24.601	30.562	79.059	695.49	0.41167	4.0478e-05	0.10431	0.0029219	34.792	0.028742	7.9116	8.8865	56.762	30.839	65.676	278.70	15.142	6.8123e-06	0.024028
167.46	2.1219	317.61	0.0031485	3.4044	3.5116	24.644	30.564	79.196	694.11	0.41604	4.0401e-05	0.10417	0.0029068	34.937	0.028623	7.9110	8.8853	56.733	30.858	65.868	278.63	15.127	6.8195e-06	0.024072
167.56	2.1296	317.35	0.0031511	3.4114	3.5191	24.686	30.566	79.335	692.73	0.42042	4.0325e-05	0.10403	0.0028918	35.083	0.028504	7.9103	8.8841	56.705	30.876	66.061	278.56	15.112	6.8267e-06	0.024117
167.65	2.1372	317.08	0.0031537	3.4184	3.5265	24.728	30.568	79.473	691.36	0.42482	4.0249e-05	0.10389	0.0028768	35.230	0.028385	7.9097	8.8829	56.677	30.895	66.255	278.49	15.097	6.8339e-06	0.024161
167.75	2.1449	316.82	0.0031564	3.4253	3.5340	24.770	30.570	79.613	689.98	0.42924	4.0173e-05	0.10375	0.0028619	35.376	0.028268	7.9090	8.8817	56.649	30.914	66.450	278.42	15.082	6.8411e-06	0.024206
167.85	2.1525	316.56	0.0031590	3.4323	3.5414	24.812	30.572	79.753	688.61	0.43368	4.0098e-05	0.10361	0.0028470	35.523	0.028151	7.9083	8.8804	56.621	30.932	66.646	278.35	15.067	6.8483e-06	0.024250
167.94	2.1602	316.29	0.0031616	3.4392	3.5488	24.854	30.575	79.895	687.24	0.43814	4.0023e-05	0.10347	0.0028322	35.670	0.028035	7.9076	8.8792	56.593	30.951	66.844	278.28	15.053	6.8555e-06	0.024295
168.04	2.1678	316.03	0.0031643	3.4462	3.5562	24.895	30.577	80.037	685.87	0.44261	3.9948e-05	0.10333	0.0028174	35.817	0.027920	7.9069	8.8779	56.565	30.970	67.043	278.20	15.038	6.8628e-06	0.024340
168.13	2.1755	315.77	0.0031669	3.4531	3.5636	24.937	30.579	80.179	684.50	0.44710	3.9873e-05	0.10319	0.0028027	35.965	0.027805	7.9062	8.8766	56.537	30.989	67.243	278.13	15.023	6.8700e-06	0.024385
168.23	2.1831	315.50	0.0031696	3.4600	3.5710	24.979	30.581	80.323	683.14	0.45161	3.9799e-05	0.10305	0.0027880	36.113	0.027691	7.9055	8.8753	56.509	31.008	67.444	278.06	15.008	6.8773e-06	0.024430
168.33	2.1908	315.24	0.0031722	3.4669	3.5784	25.020	30.584	80.467	681.78	0.45613	3.9725e-05	0.10291	0.0027734	36.261	0.027578	7.9047	8.8740	56.481	31.026	67.647	277.99	14.994	6.8845e-06	0.024476
168.42	2.1984	314.98	0.0031749	3.4738	3.5857	25.062	30.586	80.613	680.41	0.46068	3.9651e-05	0.10277	0.0027588	36.409	0.027466	7.9040	8.8727	56.453	31.045	67.851	277.92	14.979	6.8918e-06	0.024521
168.52	2.2061	314.71	0.0031775	3.4807	3.5931	25.103	30.589	80.759	679.05	0.46524	3.9577e-05	0.10263	0.0027443	36.558	0.027354	7.9032	8.8713	56.425	31.064	68.056	277.84	14.964	6.8991e-06	0.024567
168.61	2.2137	314.45	0.0031802	3.4875	3.6005	25.145	30.591	80.906	677.69	0.46983	3.9504e-05	0.10249	0.0027298	36.707	0.027243	7.9025	8.8700	56.397	31.083	68.263	277.77	14.950	6.9064e-06	0.024612
168.70	2.2213	314.19	0.0031828	3.4944	3.6078	25.186	30.594	81.054	676.34	0.47443	3.9430e-05	0.10236	0.0027154	36.856	0.027133	7.9017	8.8686	56.369	31.102	68.471	277.70	14.935	6.9138e-06	0.024658
168.80	2.2290	313.92	0.0031855	3.5012	3.6151	25.227	30.596	81.202	674.98	0.47905	3.9358e-05	0.10222	0.0027010	37.005	0.027023	7.9009	8.8672	56.342	31.122	68.680	277.63	14.921	6.9211e-06	0.024704
168.89	2.2366	313.66	0.0031882	3.5081	3.6225	25.268	30.599	81.352	673.63	0.48369	3.9285e-05	0.10208	0.0026867	37.155	0.026914	7.9001	8.8659	56.314	31.141	68.891	277.55	14.906	6.9284e-06	0.024750
168.99	2.2443	313.40	0.0031909	3.5149	3.6298	25.309	30.601	81.503	672.28	0.48834	3.9213e-05	0.10194	0.0026724	37.305	0.026806	7.8993	8.8645	56.286	31.160	69.102	277.48	14.891	6.9358e-06	0.024796
169.08	2.2519	313.13	0.0031935	3.5217	3.6371	25.350	30.604	81.654	670.93	0.49302	3.9140e-05	0.10181	0.0026582	37.455	0.026698	7.8985	8.8630	56.258	31.179	69.316	277.41	14.877	6.9431e-06	0.024843
169.17	2.2596	312.87	0.0031962	3.5286	3.6444	25.391	30.607	81.806	669.58	0.49772	3.9068e-05	0.10167	0.0026440	37.606	0.026592	7.8977	8.8616	56.231	31.198	69.531	277.33	14.862	6.9505e-06	0.024889
169.26	2.2672	312.61	0.0031989	3.5354	3.6517	25.432	30.610	81.959	668.23	0.50244	3.8997e-05	0.10154	0.0026299	37.757	0.026485	7.8968	8.8602	56.203	31.218	69.747	277.26	14.848	6.9579e-06	0.024936
169.36	2.2749	312.34	0.0032016	3.5422	3.6590	25.472	30.613	82.113	666.89	0.50717	3.8925e-05	0.10140	0.0026158	37.908	0.026380	7.8960	8.8587	56.175	31.237	69.964	277.19	14.833	6.9653e-06	0.024982
169.45	2.2825	312.08	0.0032043	3.5489	3.6663	25.513	30.616	82.268	665.54	0.51193	3.8854e-05	0.10126	0.0026018	38.060	0.026275	7.8952	8.8573	56.147	31.256	70.183	277.11	14.819	6.9727e-06	0.025029
169.54	2.2902	311.82	0.0032070	3.5557	3.6736	25.554	30.619	82.424	664.20	0.51670	3.8783e-05	0.10113	0.0025878	38.211	0.026170	7.8943	8.8558	56.120	31.276	70.404	277.04	14.804	6.9802e-06	0.025076
169.63	2.2978	311.55	0.0032097	3.5625	3.6808	25.594	30.622	82.581	662.86	0.52150	3.8712e-05	0.10099	0.0025738	38.363	0.026067	7.8934	8.8543	56.092	31.295	70.626	276.96	14.790	6.9876e-06	0.025123
169.73	2.3054	311.29	0.0032124	3.5693	3.6881	25.635	30.625	82.739	661.52	0.52632	3.8642e-05	0.10086	0.0025599	38.516	0.025963	7.8925	8.8528	56.064	31.315	70.849	276.89	14.776	6.9951e-06	0.025171
169.82	2.3131	311.03	0.0032152	3.5760	3.6953	25.675	30.628	82.898	660.18	0.53115	3.8572e-05	0.10072	0.0025461	38.668	0.025861	7.8916	8.8513	56.037	31.334	71.074	276.81	14.761	7.0025e-06	0.025218
169.91	2.3207	310.76	0.0032179	3.5828	3.7026	25.715	30.631	83.058	658.85	0.53601	3.8501e-05	0.10059	0.0025323	38.821	0.025759	7.8907	8.8498	56.009	31.354	71.300	276.74	14.747	7.0100e-06	0.025266
170.00	2.3284	310.50	0.0032206	3.5895	3.7098	25.756	30.634	83.219	657.51	0.54089	3.8432e-05	0.10046	0.0025185	38.975	0.025658	7.8898	8.8482	55.982	31.374	71.528	276.66	14.732	7.0175e-06	0.025314
170.09	2.3360	310.24	0.0032233	3.5962	3.7170	25.796	30.638	83.381	656.18	0.54579	3.8362e-05	0.10032	0.0025048	39.128	0.025557	7.8889	8.8467	55.954	31.393	71.758	276.59	14.718	7.0250e-06	0.025362
170.18	2.3437	309.97	0.0032261	3.6030	3.7243	25.836	30.641	83.543	654.85	0.55071	3.8292e-05	0.10019	0.0024911	39.282	0.025457	7.8880	8.8451	55.926	31.413	71.989	276.51	14.704	7.0326e-06	0.025410
170.27	2.3513	309.71	0.0032288	3.6097	3.7315	25.876	30.644	83.707	653.52	0.55565	3.8223e-05	0.10006	0.0024775	39.436	0.025357	7.8870	8.8435	55.899	31.433	72.221	276.44	14.689	7.0401e-06	0.025458
170.36	2.3590	309.45	0.0032316	3.6164	3.7387	25.916	30.648	83.872	652.19	0.56061	3.8154e-05	0.099924	0.0024639	39.591	0.025258	7.8861	8.8420	55.871	31.453	72.456	276.36	14.675	7.0477e-06	0.025506
170.45	2.3666	309.18	0.0032343	3.6231	3.7459	25.956	30.651	84.038	650.86	0.56560	3.8085e-05	0.099791	0.0024504	39.746	0.025160	7.8851	8.8404	55.844	31.473	72.692	276.29	14.661	7.0552e-06	0.025555
170.54	2.3743	308.92	0.0032371	3.6298	3.7531	25.996	30.655	84.205	649.53	0.57060	3.8017e-05	0.099659	0.0024369	39.901	0.025062	7.8841	8.8387	55.816	31.492	72.929	276.21	14.646	7.0628e-06	0.025604
170.63	2.3819	308.66	0.0032398	3.6365	3.7603	26.036	30.658	84.373	648.21	0.57563	3.7948e-05	0.099527	0.0024234	40.056	0.024965	7.8831	8.8371	55.789	31.512	73.168	276.13	14.632	7.0704e-06	0.025653
170.72	2.3896	308.39	0.0032426	3.6432	3.7675	26.075	30.662	84.542	646.88	0.58068	3.7880e-05	0.099395	0.0024100	40.212	0.024868	7.8822	8.8355	55.761	31.532	73.409	276.06	14.618	7.0780e-06	0.025702
170.81	2.3972	308.13	0.0032454	3.6498	3.7746	26.115	30.666	84.712	645.56	0.58575	3.7812e-05	0.099264	0.0023967	40.368	0.024772	7.8811	8.8338	55.734	31.552	73.651	275.98	14.603	7.0857e-06	0.025751
170.90	2.4048	307.87	0.0032481	3.6565	3.7818	26.155	30.669	84.884	644.24	0.59085	3.7745e-05	0.099133	0.0023834	40.524	0.024677	7.8801	8.8322	55.706	31.573	73.896	275.90	14.589	7.0933e-06	0.025801
170.99	2.4125	307.60	0.0032509	3.6631	3.7890	26.194	30.673	85.056	642.92	0.59596	3.7677e-05	0.099002	0.0023701	40.681	0.024581	7.8791	8.8305	55.679	31.593	74.142	275.83	14.575	7.1010e-06	0.025850
171.08	2.4201	307.34	0.0032537	3.6698	3.7961	26.234	30.677	85.230	641.60	0.60110	3.7610e-05	0.098871	0.0023569	40.838	0.024487	7.8781	8.8288	55.651	31.613	74.389	275.75	14.560	7.1087e-06	0.025900
171.17	2.4278	307.08	0.0032565	3.6764	3.8033	26.273	30.681	85.404	640.28	0.60626	3.7542e-05	0.098740	0.0023437	40.995	0.024393	7.8770	8.8271	55.624	31.633	74.639	275.67	14.546	7.1163e-06	0.025950
171.25	2.4354	306.81	0.0032593	3.6831	3.8104	26.313	30.685	85.580	638.97	0.61145	3.7475e-05	0.098610	0.0023306	41.153	0.024299	7.8760	8.8254	55.596	31.653	74.890	275.60	14.532	7.1241e-06	0.026000
171.34	2.4431	306.55	0.0032621	3.6897	3.8176	26.352	30.689	85.757	637.65	0.61666	3.7409e-05	0.098480	0.0023175	41.311	0.024206	7.8749	8.8237	55.569	31.674	75.143	275.52	14.518	7.1318e-06	0.026050
171.43	2.4507	306.29	0.0032649	3.6963	3.8247	26.391	30.693	85.935	636.34	0.62189	3.7342e-05	0.098350	0.0023044	41.470	0.024114	7.8738	8.8219	55.541	31.694	75.398	275.44	14.503	7.1395e-06	0.026101
171.52	2.4584	306.02	0.0032677	3.7029	3.8318	26.430	30.697	86.114	635.02	0.62714	3.7276e-05	0.098221	0.0022914	41.628	0.024022	7.8728	8.8202	55.514	31.715	75.654	275.36	14.489	7.1473e-06	0.026152
171.61	2.4660	305.76	0.0032706	3.7096	3.8389	26.470	30.701	86.295	633.71	0.63242	3.7209e-05	0.098092	0.0022784	41.787	0.023931	7.8717	8.8184	55.487	31.735	75.913	275.29	14.475	7.1551e-06	0.026203
171.69	2.4737	305.49	0.0032734	3.7162	3.8461	26.509	30.705	86.477	632.40	0.63773	3.7143e-05	0.097963	0.0022655	41.947	0.023840	7.8706	8.8166	55.459	31.756	76.173	275.21	14.461	7.1629e-06	0.026254
171.78	2.4813	305.23	0.0032762	3.7228	3.8532	26.548	30.710	86.659	631.09	0.64305	3.7078e-05	0.097834	0.0022526	42.106	0.023749	7.8694	8.8148	55.432	31.776	76.435	275.13	14.446	7.1707e-06	0.026305
171.87	2.4889	304.97	0.0032790	3.7293	3.8603	26.587	30.714	86.844	629.79	0.64840	3.7012e-05	0.097706	0.0022397	42.266	0.023659	7.8683	8.8130	55.404	31.797	76.700	275.05	14.432	7.1785e-06	0.026356
171.95	2.4966	304.70	0.0032819	3.7359	3.8674	26.626	30.718	87.029	628.48	0.65378	3.6946e-05	0.097577	0.0022269	42.427	0.023570	7.8672	8.8112	55.377	31.818	76.966	274.97	14.418	7.1863e-06	0.026408
172.04	2.5042	304.44	0.0032847	3.7425	3.8745	26.665	30.723	87.216	627.17	0.65918	3.6881e-05	0.097449	0.0022142	42.588	0.023481	7.8660	8.8094	55.349	31.838	77.234	274.89	14.404	7.1942e-06	0.026460
172.13	2.5119	304.17	0.0032876	3.7491	3.8816	26.704	30.727	87.404	625.87	0.66460	3.6816e-05	0.097322	0.0022014	42.749	0.023392	7.8649	8.8075	55.322	31.859	77.504	274.82	14.390	7.2021e-06	0.026512
172.21	2.5195	303.91	0.0032905	3.7556	3.8886	26.742	30.732	87.593	624.56	0.67005	3.6751e-05	0.097194	0.0021888	42.910	0.023304	7.8637	8.8057	55.295	31.880	77.776	274.74	14.375	7.2100e-06	0.026565
172.30	2.5272	303.64	0.0032933	3.7622	3.8957	26.781	30.737	87.783	623.26	0.67553	3.6686e-05	0.097067	0.0021761	43.072	0.023217	7.8625	8.8038	55.267	31.901	78.050	274.66	14.361	7.2179e-06	0.026617
172.38	2.5348	303.38	0.0032962	3.7688	3.9028	26.820	30.741	87.975	621.96	0.68103	3.6622e-05	0.096940	0.0021635	43.234	0.023130	7.8613	8.8019	55.240	31.922	78.326	274.58	14.347	7.2258e-06	0.026670
172.47	2.5425	303.11	0.0032991	3.7753	3.9099	26.859	30.746	88.168	620.66	0.68655	3.6557e-05	0.096813	0.0021510	43.397	0.023043	7.8601	8.8000	55.212	31.943	78.605	274.50	14.333	7.2338e-06	0.026723
172.55	2.5501	302.85	0.0033020	3.7818	3.9169	26.897	30.751	88.363	619.36	0.69211	3.6493e-05	0.096686	0.0021384	43.560	0.022957	7.8589	8.7981	55.185	31.964	78.885	274.42	14.319	7.2418e-06	0.026776
172.64	2.5578	302.58	0.0033049	3.7884	3.9240	26.936	30.756	88.559	618.06	0.69768	3.6429e-05	0.096560	0.0021260	43.723	0.022871	7.8577	8.7962	55.158	31.985	79.168	274.34	14.304	7.2497e-06	0.026829
172.72	2.5654	302.32	0.0033078	3.7949	3.9311	26.974	30.761	88.756	616.76	0.70329	3.6365e-05	0.096434	0.0021135	43.886	0.022786	7.8565	8.7943	55.130	32.006	79.452	274.26	14.290	7.2578e-06	0.026883
172.81	2.5731	302.05	0.0033107	3.8014	3.9381	27.013	30.765	88.955	615.47	0.70892	3.6301e-05	0.096308	0.0021011	44.050	0.022701	7.8553	8.7923	55.103	32.027	79.739	274.18	14.276	7.2658e-06	0.026937
172.89	2.5807	301.79	0.0033136	3.8080	3.9452	27.051	30.771	89.155	614.17	0.71457	3.6237e-05	0.096182	0.0020887	44.215	0.022617	7.8540	8.7904	55.075	32.049	80.028	274.10	14.262	7.2738e-06	0.026991
172.98	2.5883	301.52	0.0033165	3.8145	3.9522	27.089	30.776	89.357	612.88	0.72026	3.6174e-05	0.096057	0.0020764	44.380	0.022533	7.8527	8.7884	55.048	32.070	80.320	274.02	14.247	7.2819e-06	0.027045
173.06	2.5960	301.26	0.0033194	3.8210	3.9592	27.128	30.781	89.559	611.58	0.72597	3.6111e-05	0.095931	0.0020641	44.545	0.022449	7.8515	8.7864	55.021	32.092	80.613	273.94	14.233	7.2900e-06	0.027100
173.15	2.6036	300.99	0.0033224	3.8275	3.9663	27.166	30.786	89.764	610.29	0.73170	3.6048e-05	0.095806	0.0020519	44.710	0.022366	7.8502	8.7844	54.993	32.113	80.909	273.86	14.219	7.2981e-06	0.027154
173.23	2.6113	300.73	0.0033253	3.8340	3.9733	27.204	30.791	89.970	609.00	0.73747	3.5985e-05	0.095682	0.0020397	44.876	0.022284	7.8489	8.7824	54.966	32.135	81.207	273.78	14.205	7.3062e-06	0.027209
173.31	2.6189	300.46	0.0033282	3.8405	3.9803	27.243	30.797	90.177	607.71	0.74326	3.5922e-05	0.095557	0.0020275	45.042	0.022201	7.8476	8.7804	54.938	32.156	81.508	273.70	14.191	7.3144e-06	0.027265
173.40	2.6266	300.19	0.0033312	3.8470	3.9874	27.281	30.802	90.386	606.42	0.74908	3.5859e-05	0.095433	0.0020154	45.209	0.022120	7.8463	8.7784	54.911	32.178	81.811	273.61	14.176	7.3226e-06	0.027320
173.48	2.6342	299.93	0.0033341	3.8535	3.9944	27.319	30.807	90.597	605.13	0.75493	3.5797e-05	0.095309	0.0020033	45.376	0.022038	7.8450	8.7763	54.883	32.199	82.116	273.53	14.162	7.3308e-06	0.027376
173.56	2.6419	299.66	0.0033371	3.8600	4.0014	27.357	30.813	90.809	603.84	0.76081	3.5734e-05	0.095185	0.0019912	45.543	0.021957	7.8436	8.7742	54.856	32.221	82.423	273.45	14.148	7.3390e-06	0.027432
173.65	2.6495	299.39	0.0033401	3.8664	4.0084	27.395	30.818	91.022	602.55	0.76671	3.5672e-05	0.095061	0.0019792	45.711	0.021876	7.8423	8.7722	54.829	32.243	82.734	273.37	14.134	7.3472e-06	0.027488
173.73	2.6572	299.13	0.0033431	3.8729	4.0154	27.433	30.824	91.237	601.26	0.77265	3.5610e-05	0.094938	0.0019673	45.879	0.021796	7.8409	8.7701	54.801	32.265	83.046	273.29	14.119	7.3555e-06	0.027545
173.81	2.6648	298.86	0.0033461	3.8794	4.0224	27.471	30.830	91.454	599.98	0.77861	3.5548e-05	0.094814	0.0019553	46.048	0.021716	7.8396	8.7680	54.774	32.287	83.361	273.21	14.105	7.3638e-06	0.027602
173.89	2.6724	298.59	0.0033490	3.8858	4.0294	27.509	30.835	91.672	598.69	0.78460	3.5486e-05	0.094691	0.0019434	46.217	0.021637	7.8382	8.7659	54.746	32.309	83.679	273.13	14.091	7.3721e-06	0.027659
173.98	2.6801	298.33	0.0033520	3.8923	4.0364	27.547	30.841	91.892	597.41	0.79062	3.5425e-05	0.094568	0.0019315	46.386	0.021558	7.8368	8.7637	54.719	32.331	83.999	273.04	14.077	7.3804e-06	0.027716
174.06	2.6877	298.06	0.0033551	3.8987	4.0434	27.584	30.847	92.114	596.13	0.79667	3.5363e-05	0.094446	0.0019197	46.556	0.021479	7.8354	8.7616	54.691	32.353	84.322	272.96	14.062	7.3887e-06	0.027773
174.14	2.6954	297.79	0.0033581	3.9052	4.0504	27.622	30.853	92.337	594.84	0.80275	3.5302e-05	0.094323	0.0019079	46.727	0.021401	7.8340	8.7594	54.664	32.375	84.648	272.88	14.048	7.3971e-06	0.027831
174.22	2.7030	297.52	0.0033611	3.9116	4.0574	27.660	30.859	92.563	593.56	0.80887	3.5241e-05	0.094201	0.0018962	46.897	0.021323	7.8326	8.7572	54.636	32.398	84.976	272.80	14.034	7.4055e-06	0.027889
174.30	2.7107	297.25	0.0033641	3.9181	4.0644	27.698	30.865	92.789	592.28	0.81501	3.5179e-05	0.094079	0.0018845	47.068	0.021246	7.8312	8.7551	54.609	32.420	85.307	272.71	14.020	7.4139e-06	0.027948
174.39	2.7183	296.99	0.0033672	3.9245	4.0714	27.735	30.871	93.018	591.00	0.82118	3.5119e-05	0.093957	0.0018728	47.240	0.021169	7.8297	8.7529	54.581	32.442	85.640	272.63	14.005	7.4224e-06	0.028007
174.47	2.7260	296.72	0.0033702	3.9310	4.0783	27.773	30.878	93.248	589.72	0.82738	3.5058e-05	0.093836	0.0018611	47.412	0.021092	7.8283	8.7507	54.554	32.465	85.977	272.55	13.991	7.4308e-06	0.028066
174.55	2.7336	296.45	0.0033733	3.9374	4.0853	27.811	30.884	93.480	588.44	0.83362	3.4997e-05	0.093715	0.0018495	47.584	0.021015	7.8268	8.7484	54.526	32.487	86.316	272.46	13.977	7.4393e-06	0.028125
174.63	2.7413	296.18	0.0033763	3.9438	4.0923	27.848	30.890	93.714	587.16	0.83988	3.4936e-05	0.093593	0.0018380	47.757	0.020939	7.8253	8.7462	54.498	32.510	86.658	272.38	13.962	7.4478e-06	0.028184
174.71	2.7489	295.91	0.0033794	3.9502	4.0993	27.886	30.897	93.950	585.88	0.84618	3.4876e-05	0.093472	0.0018264	47.930	0.020864	7.8238	8.7439	54.471	32.533	87.003	272.30	13.948	7.4564e-06	0.028244
174.79	2.7566	295.64	0.0033825	3.9567	4.1062	27.923	30.903	94.187	584.60	0.85251	3.4816e-05	0.093352	0.0018149	48.104	0.020788	7.8223	8.7417	54.443	32.555	87.351	272.21	13.934	7.4649e-06	0.028305
174.87	2.7642	295.37	0.0033856	3.9631	4.1132	27.961	30.910	94.427	583.33	0.85887	3.4756e-05	0.093231	0.0018035	48.278	0.020714	7.8208	8.7394	54.416	32.578	87.702	272.13	13.919	7.4735e-06	0.028365
174.95	2.7718	295.10	0.0033887	3.9695	4.1202	27.998	30.916	94.668	582.05	0.86527	3.4696e-05	0.093111	0.0017921	48.452	0.020639	7.8193	8.7371	54.388	32.601	88.055	272.05	13.905	7.4821e-06	0.028426
175.03	2.7795	294.83	0.0033918	3.9759	4.1271	28.036	30.923	94.912	580.77	0.87169	3.4636e-05	0.092991	0.0017807	48.627	0.020565	7.8178	8.7348	54.360	32.624	88.412	271.96	13.891	7.4908e-06	0.028487
175.11	2.7871	294.56	0.0033949	3.9823	4.1341	28.073	30.930	95.157	579.50	0.87815	3.4576e-05	0.092871	0.0017693	48.802	0.020491	7.8163	8.7325	54.333	32.647	88.772	271.88	13.876	7.4995e-06	0.028548
175.19	2.7948	294.29	0.0033980	3.9887	4.1410	28.110	30.937	95.404	578.22	0.88465	3.4516e-05	0.092751	0.0017580	48.978	0.020417	7.8147	8.7301	54.305	32.670	89.135	271.79	13.862	7.5081e-06	0.028610
175.27	2.8024	294.02	0.0034011	3.9951	4.1480	28.148	30.943	95.653	576.95	0.89117	3.4457e-05	0.092632	0.0017467	49.155	0.020344	7.8131	8.7278	54.277	32.693	89.501	271.71	13.847	7.5169e-06	0.028672
175.35	2.8101	293.75	0.0034043	4.0015	4.1550	28.185	30.950	95.905	575.68	0.89773	3.4397e-05	0.092512	0.0017355	49.331	0.020271	7.8116	8.7254	54.250	32.717	89.871	271.62	13.833	7.5256e-06	0.028735
175.43	2.8177	293.48	0.0034074	4.0079	4.1619	28.222	30.957	96.158	574.40	0.90433	3.4338e-05	0.092393	0.0017242	49.509	0.020199	7.8100	8.7230	54.222	32.740	90.243	271.54	13.818	7.5344e-06	0.028797
175.51	2.8254	293.21	0.0034106	4.0143	4.1689	28.260	30.965	96.413	573.13	0.91096	3.4279e-05	0.092274	0.0017131	49.686	0.020126	7.8084	8.7206	54.194	32.763	90.619	271.45	13.804	7.5432e-06	0.028860
175.59	2.8330	292.93	0.0034137	4.0207	4.1758	28.297	30.972	96.671	571.86	0.91762	3.4220e-05	0.092156	0.0017019	49.864	0.020054	7.8068	8.7182	54.167	32.787	90.999	271.37	13.790	7.5520e-06	0.028924
175.67	2.8407	292.66	0.0034169	4.0270	4.1828	28.334	30.979	96.930	570.59	0.92432	3.4161e-05	0.092037	0.0016908	50.043	0.019983	7.8052	8.7158	54.139	32.810	91.381	271.28	13.775	7.5609e-06	0.028988
175.74	2.8483	292.39	0.0034201	4.0334	4.1897	28.371	30.986	97.192	569.32	0.93106	3.4102e-05	0.091919	0.0016797	50.222	0.019912	7.8035	8.7134	54.111	32.834	91.767	271.20	13.761	7.5697e-06	0.029052
175.82	2.8559	292.12	0.0034233	4.0398	4.1967	28.408	30.994	97.456	568.05	0.93783	3.4043e-05	0.091801	0.0016687	50.402	0.019841	7.8019	8.7109	54.083	32.858	92.157	271.11	13.746	7.5786e-06	0.029116
175.90	2.8636	291.84	0.0034265	4.0462	4.2036	28.445	31.001	97.722	566.78	0.94463	3.3985e-05	0.091683	0.0016577	50.582	0.019770	7.8002	8.7085	54.055	32.882	92.550	271.03	13.731	7.5876e-06	0.029181
175.98	2.8712	291.57	0.0034297	4.0526	4.2105	28.482	31.009	97.991	565.51	0.95148	3.3926e-05	0.091565	0.0016467	50.762	0.019700	7.7986	8.7060	54.028	32.905	92.946	270.94	13.717	7.5966e-06	0.029246
176.06	2.8789	291.30	0.0034329	4.0589	4.2175	28.519	31.016	98.262	564.24	0.95836	3.3868e-05	0.091447	0.0016358	50.943	0.019630	7.7969	8.7035	54.000	32.929	93.346	270.85	13.702	7.6056e-06	0.029312
176.14	2.8865	291.02	0.0034361	4.0653	4.2244	28.556	31.024	98.535	562.97	0.96527	3.3810e-05	0.091330	0.0016249	51.125	0.019560	7.7952	8.7010	53.972	32.953	93.750	270.77	13.688	7.6146e-06	0.029378
176.21	2.8942	290.75	0.0034394	4.0717	4.2314	28.593	31.032	98.810	561.70	0.97222	3.3751e-05	0.091213	0.0016140	51.307	0.019491	7.7935	8.6985	53.944	32.978	94.158	270.68	13.673	7.6236e-06	0.029444
176.29	2.9018	290.48	0.0034426	4.0780	4.2383	28.630	31.040	99.088	560.43	0.97922	3.3693e-05	0.091096	0.0016032	51.489	0.019422	7.7918	8.6959	53.916	33.002	94.569	270.60	13.659	7.6327e-06	0.029511
176.37	2.9095	290.20	0.0034459	4.0844	4.2452	28.667	31.048	99.368	559.16	0.98624	3.3635e-05	0.090979	0.0015924	51.672	0.019353	7.7901	8.6934	53.888	33.026	94.984	270.51	13.644	7.6418e-06	0.029578
176.45	2.9171	289.93	0.0034491	4.0908	4.2522	28.704	31.056	99.651	557.90	0.99331	3.3578e-05	0.090863	0.0015816	51.855	0.019284	7.7883	8.6908	53.860	33.050	95.403	270.42	13.629	7.6510e-06	0.029645
176.52	2.9248	289.65	0.0034524	4.0971	4.2591	28.741	31.064	99.936	556.63	1.0004	3.3520e-05	0.090746	0.0015709	52.039	0.019216	7.7866	8.6882	53.832	33.075	95.826	270.34	13.615	7.6602e-06	0.029713
176.60	2.9324	289.38	0.0034557	4.1035	4.2661	28.778	31.072	100.22	555.36	1.0076	3.3462e-05	0.090630	0.0015602	52.224	0.019148	7.7848	8.6856	53.804	33.099	96.253	270.25	13.600	7.6694e-06	0.029782
176.68	2.9401	289.10	0.0034590	4.1098	4.2730	28.815	31.080	100.51	554.10	1.0147	3.3405e-05	0.090514	0.0015495	52.409	0.019081	7.7830	8.6830	53.776	33.124	96.684	270.16	13.585	7.6786e-06	0.029850
176.75	2.9477	288.82	0.0034623	4.1162	4.2799	28.852	31.089	100.81	552.83	1.0220	3.3347e-05	0.090398	0.0015389	52.595	0.019013	7.7812	8.6804	53.748	33.149	97.118	270.07	13.570	7.6879e-06	0.029919
176.83	2.9553	288.55	0.0034656	4.1226	4.2869	28.889	31.097	101.10	551.57	1.0292	3.3290e-05	0.090283	0.0015283	52.781	0.018946	7.7795	8.6777	53.720	33.173	97.558	269.99	13.556	7.6972e-06	0.029989
176.91	2.9630	288.27	0.0034690	4.1289	4.2938	28.925	31.106	101.40	550.30	1.0365	3.3232e-05	0.090168	0.0015177	52.967	0.018880	7.7776	8.6751	53.692	33.198	98.001	269.90	13.541	7.7065e-06	0.030059
176.98	2.9706	287.99	0.0034723	4.1353	4.3007	28.962	31.114	101.70	549.03	1.0439	3.3175e-05	0.090052	0.0015072	53.154	0.018813	7.7758	8.6724	53.663	33.223	98.448	269.81	13.526	7.7159e-06	0.030129
177.06	2.9783	287.72	0.0034756	4.1416	4.3077	28.999	31.123	102.00	547.77	1.0513	3.3118e-05	0.089937	0.0014967	53.342	0.018747	7.7740	8.6697	53.635	33.248	98.900	269.72	13.511	7.7253e-06	0.030200
177.13	2.9859	287.44	0.0034790	4.1480	4.3146	29.036	31.132	102.31	546.50	1.0587	3.3061e-05	0.089823	0.0014862	53.530	0.018681	7.7721	8.6670	53.607	33.273	99.357	269.63	13.496	7.7347e-06	0.030271
177.21	2.9936	287.16	0.0034824	4.1543	4.3215	29.073	31.141	102.62	545.24	1.0662	3.3004e-05	0.089708	0.0014758	53.719	0.018615	7.7703	8.6643	53.579	33.299	99.817	269.54	13.481	7.7442e-06	0.030343
177.29	3.0012	286.88	0.0034858	4.1607	4.3285	29.109	31.150	102.93	543.98	1.0737	3.2947e-05	0.089593	0.0014654	53.908	0.018550	7.7684	8.6616	53.550	33.324	100.28	269.46	13.467	7.7537e-06	0.030415
177.36	3.0089	286.60	0.0034891	4.1670	4.3354	29.146	31.159	103.25	542.71	1.0812	3.2891e-05	0.089479	0.0014550	54.098	0.018485	7.7665	8.6588	53.522	33.349	100.75	269.37	13.452	7.7633e-06	0.030488
177.44	3.0165	286.32	0.0034925	4.1733	4.3424	29.183	31.168	103.56	541.45	1.0888	3.2834e-05	0.089365	0.0014447	54.289	0.018420	7.7646	8.6560	53.494	33.375	101.23	269.28	13.437	7.7728e-06	0.030561
177.51	3.0242	286.04	0.0034960	4.1797	4.3493	29.219	31.177	103.88	540.18	1.0965	3.2778e-05	0.089251	0.0014344	54.480	0.018355	7.7627	8.6532	53.465	33.400	101.71	269.19	13.422	7.7824e-06	0.030635
177.59	3.0318	285.76	0.0034994	4.1860	4.3562	29.256	31.187	104.21	538.92	1.1041	3.2721e-05	0.089138	0.0014241	54.671	0.018291	7.7608	8.6504	53.437	33.426	102.19	269.10	13.407	7.7921e-06	0.030709
177.66	3.0394	285.48	0.0035028	4.1924	4.3632	29.293	31.196	104.53	537.66	1.1119	3.2665e-05	0.089024	0.0014139	54.863	0.018227	7.7589	8.6476	53.408	33.452	102.68	269.01	13.392	7.8018e-06	0.030783
177.74	3.0471	285.20	0.0035063	4.1987	4.3701	29.329	31.206	104.86	536.39	1.1196	3.2608e-05	0.088911	0.0014037	55.056	0.018163	7.7569	8.6448	53.380	33.478	103.17	268.92	13.377	7.8115e-06	0.030858
177.81	3.0547	284.92	0.0035097	4.2051	4.3771	29.366	31.215	105.20	535.13	1.1275	3.2552e-05	0.088798	0.0013935	55.249	0.018100	7.7549	8.6420	53.351	33.504	103.67	268.83	13.362	7.8212e-06	0.030934
177.89	3.0624	284.64	0.0035132	4.2114	4.3840	29.403	31.225	105.53	533.86	1.1353	3.2496e-05	0.088685	0.0013833	55.443	0.018036	7.7530	8.6391	53.323	33.530	104.18	268.74	13.346	7.8310e-06	0.031010
177.96	3.0700	284.36	0.0035167	4.2177	4.3909	29.439	31.235	105.87	532.60	1.1432	3.2440e-05	0.088572	0.0013732	55.638	0.017973	7.7510	8.6362	53.294	33.556	104.68	268.65	13.331	7.8409e-06	0.031086
178.04	3.0777	284.08	0.0035202	4.2241	4.3979	29.476	31.245	106.21	531.34	1.1512	3.2384e-05	0.088460	0.0013632	55.833	0.017911	7.7490	8.6333	53.266	33.582	105.20	268.56	13.316	7.8507e-06	0.031163
178.11	3.0853	283.79	0.0035237	4.2304	4.4048	29.512	31.255	106.56	530.07	1.1592	3.2328e-05	0.088348	0.0013531	56.028	0.017848	7.7470	8.6304	53.237	33.609	105.72	268.47	13.301	7.8606e-06	0.031241
178.18	3.0930	283.51	0.0035272	4.2368	4.4118	29.549	31.265	106.91	528.81	1.1672	3.2272e-05	0.088235	0.0013431	56.225	0.017786	7.7449	8.6275	53.208	33.635	106.24	268.38	13.286	7.8706e-06	0.031319
178.26	3.1006	283.23	0.0035308	4.2431	4.4187	29.585	31.275	107.26	527.55	1.1753	3.2216e-05	0.088124	0.0013331	56.422	0.017724	7.7429	8.6245	53.179	33.662	106.77	268.29	13.270	7.8806e-06	0.031398
178.33	3.1083	282.94	0.0035343	4.2494	4.4257	29.622	31.285	107.62	526.28	1.1835	3.2161e-05	0.088012	0.0013232	56.619	0.017662	7.7408	8.6216	53.151	33.689	107.31	268.20	13.255	7.8906e-06	0.031477
178.40	3.1159	282.66	0.0035379	4.2558	4.4326	29.659	31.296	107.98	525.02	1.1917	3.2105e-05	0.087900	0.0013132	56.817	0.017600	7.7388	8.6186	53.122	33.715	107.85	268.11	13.240	7.9006e-06	0.031557
178.48	3.1236	282.37	0.0035414	4.2621	4.4396	29.695	31.306	108.34	523.76	1.1999	3.2049e-05	0.087789	0.0013033	57.016	0.017539	7.7367	8.6156	53.093	33.742	108.40	268.02	13.224	7.9107e-06	0.031637
178.55	3.1312	282.09	0.0035450	4.2685	4.4466	29.732	31.317	108.71	522.49	1.2082	3.1994e-05	0.087678	0.0012935	57.215	0.017478	7.7346	8.6126	53.064	33.769	108.95	267.92	13.209	7.9209e-06	0.031718
178.62	3.1388	281.80	0.0035486	4.2748	4.4535	29.768	31.327	109.08	521.23	1.2165	3.1938e-05	0.087567	0.0012836	57.415	0.017417	7.7325	8.6095	53.035	33.796	109.51	267.83	13.194	7.9311e-06	0.031800
178.70	3.1465	281.51	0.0035522	4.2812	4.4605	29.805	31.338	109.46	519.97	1.2249	3.1883e-05	0.087456	0.0012739	57.616	0.017356	7.7304	8.6065	53.006	33.824	110.08	267.74	13.178	7.9413e-06	0.031882
178.77	3.1541	281.23	0.0035558	4.2875	4.4674	29.841	31.349	109.83	518.70	1.2334	3.1828e-05	0.087346	0.0012641	57.817	0.017296	7.7282	8.6034	52.977	33.851	110.65	267.65	13.163	7.9516e-06	0.031964
178.84	3.1618	280.94	0.0035595	4.2939	4.4744	29.878	31.360	110.22	517.44	1.2419	3.1772e-05	0.087235	0.0012543	58.019	0.017236	7.7261	8.6003	52.948	33.878	111.23	267.56	13.147	7.9619e-06	0.032048
178.92	3.1694	280.65	0.0035631	4.3002	4.4814	29.914	31.371	110.60	516.18	1.2504	3.1717e-05	0.087125	0.0012446	58.222	0.017176	7.7239	8.5972	52.919	33.906	111.81	267.46	13.132	7.9722e-06	0.032132
178.99	3.1771	280.36	0.0035668	4.3065	4.4883	29.951	31.383	110.99	514.91	1.2590	3.1662e-05	0.087015	0.0012350	58.425	0.017116	7.7217	8.5941	52.890	33.934	112.40	267.37	13.116	7.9826e-06	0.032216
179.06	3.1847	280.07	0.0035705	4.3129	4.4953	29.987	31.394	111.39	513.65	1.2677	3.1607e-05	0.086905	0.0012253	58.629	0.017056	7.7195	8.5910	52.860	33.961	113.00	267.28	13.100	7.9931e-06	0.032301
179.13	3.1924	279.78	0.0035742	4.3192	4.5023	30.024	31.405	111.79	512.38	1.2764	3.1552e-05	0.086796	0.0012157	58.834	0.016997	7.7173	8.5878	52.831	33.989	113.60	267.19	13.085	8.0036e-06	0.032387
179.21	3.2000	279.49	0.0035779	4.3256	4.5093	30.060	31.417	112.19	511.12	1.2851	3.1497e-05	0.086687	0.0012061	59.039	0.016938	7.7151	8.5846	52.802	34.017	114.21	267.09	13.069	8.0141e-06	0.032474
179.28	3.2077	279.20	0.0035816	4.3320	4.5163	30.097	31.429	112.60	509.85	1.2940	3.1442e-05	0.086577	0.0011966	59.245	0.016879	7.7129	8.5815	52.772	34.046	114.83	267.00	13.053	8.0247e-06	0.032561
179.35	3.2153	278.91	0.0035853	4.3383	4.5232	30.133	31.441	113.01	508.59	1.3028	3.1387e-05	0.086468	0.0011871	59.452	0.016820	7.7106	8.5782	52.743	34.074	115.45	266.90	13.038	8.0353e-06	0.032649
179.42	3.2229	278.62	0.0035891	4.3447	4.5302	30.170	31.453	113.43	507.32	1.3118	3.1333e-05	0.086360	0.0011776	59.660	0.016762	7.7083	8.5750	52.713	34.102	116.09	266.81	13.022	8.0460e-06	0.032737
179.49	3.2306	278.33	0.0035929	4.3510	4.5372	30.206	31.465	113.85	506.06	1.3207	3.1278e-05	0.086251	0.0011681	59.868	0.016703	7.7061	8.5718	52.684	34.131	116.73	266.72	13.006	8.0567e-06	0.032826
179.56	3.2382	278.04	0.0035966	4.3574	4.5442	30.243	31.477	114.27	504.79	1.3298	3.1223e-05	0.086143	0.0011587	60.077	0.016645	7.7038	8.5685	52.654	34.159	117.37	266.62	12.990	8.0675e-06	0.032916
179.64	3.2459	277.74	0.0036004	4.3637	4.5512	30.279	31.489	114.70	503.52	1.3389	3.1168e-05	0.086035	0.0011493	60.286	0.016588	7.7015	8.5652	52.625	34.188	118.03	266.53	12.974	8.0783e-06	0.033007
179.71	3.2535	277.45	0.0036042	4.3701	4.5582	30.316	31.502	115.14	502.26	1.3480	3.1114e-05	0.085927	0.0011399	60.497	0.016530	7.6991	8.5619	52.595	34.217	118.69	266.43	12.958	8.0891e-06	0.033098
179.78	3.2612	277.16	0.0036081	4.3765	4.5652	30.352	31.514	115.58	500.99	1.3573	3.1059e-05	0.085819	0.0011306	60.708	0.016472	7.6968	8.5586	52.565	34.246	119.36	266.34	12.942	8.1000e-06	0.033190
179.85	3.2688	276.86	0.0036119	4.3828	4.5723	30.389	31.527	116.02	499.72	1.3665	3.1005e-05	0.085712	0.0011213	60.919	0.016415	7.6944	8.5553	52.535	34.275	120.03	266.24	12.926	8.1110e-06	0.033283
179.92	3.2765	276.57	0.0036158	4.3892	4.5793	30.426	31.540	116.47	498.46	1.3759	3.0950e-05	0.085604	0.0011120	61.132	0.016358	7.6921	8.5519	52.506	34.305	120.72	266.15	12.910	8.1220e-06	0.033376
179.99	3.2841	276.27	0.0036197	4.3956	4.5863	30.462	31.553	116.93	497.19	1.3853	3.0896e-05	0.085497	0.0011027	61.345	0.016301	7.6897	8.5485	52.476	34.334	121.41	266.05	12.894	8.1331e-06	0.033471
180.06	3.2918	275.97	0.0036235	4.4020	4.5933	30.499	31.566	117.38	495.92	1.3947	3.0841e-05	0.085391	0.0010935	61.559	0.016244	7.6873	8.5451	52.446	34.364	122.11	265.96	12.878	8.1442e-06	0.033566
180.13	3.2994	275.68	0.0036274	4.4083	4.6004	30.535	31.579	117.85	494.65	1.4042	3.0787e-05	0.085284	0.0010843	61.774	0.016188	7.6848	8.5417	52.416	34.393	122.82	265.86	12.861	8.1554e-06	0.033661
180.20	3.3071	275.38	0.0036314	4.4147	4.6074	30.572	31.592	118.32	493.38	1.4138	3.0733e-05	0.085178	0.0010752	61.990	0.016132	7.6824	8.5383	52.386	34.423	123.54	265.77	12.845	8.1666e-06	0.033758
180.27	3.3147	275.08	0.0036353	4.4211	4.6144	30.608	31.606	118.80	492.11	1.4235	3.0678e-05	0.085071	0.0010660	62.206	0.016076	7.6799	8.5348	52.355	34.453	124.27	265.67	12.829	8.1778e-06	0.033856
180.34	3.3223	274.78	0.0036393	4.4275	4.6215	30.645	31.619	119.28	490.84	1.4332	3.0624e-05	0.084965	0.0010569	62.424	0.016020	7.6775	8.5313	52.325	34.483	125.01	265.57	12.812	8.1892e-06	0.033954
180.41	3.3300	274.48	0.0036432	4.4339	4.6285	30.682	31.633	119.77	489.57	1.4430	3.0570e-05	0.084860	0.0010479	62.642	0.015964	7.6750	8.5278	52.295	34.513	125.75	265.48	12.796	8.2005e-06	0.034053
180.48	3.3376	274.18	0.0036472	4.4403	4.6356	30.718	31.647	120.26	488.30	1.4528	3.0516e-05	0.084754	0.0010388	62.861	0.015908	7.6725	8.5243	52.265	34.544	126.51	265.38	12.780	8.2120e-06	0.034153
180.55	3.3453	273.88	0.0036513	4.4467	4.6426	30.755	31.661	120.76	487.03	1.4627	3.0462e-05	0.084649	0.0010298	63.080	0.015853	7.6700	8.5208	52.234	34.574	127.27	265.28	12.763	8.2235e-06	0.034254
180.62	3.3529	273.58	0.0036553	4.4531	4.6497	30.792	31.675	121.26	485.76	1.4727	3.0408e-05	0.084544	0.0010208	63.301	0.015798	7.6674	8.5172	52.204	34.605	128.04	265.19	12.747	8.2350e-06	0.034356
180.69	3.3606	273.27	0.0036593	4.4595	4.6568	30.828	31.690	121.77	484.48	1.4827	3.0353e-05	0.084439	0.0010119	63.522	0.015743	7.6649	8.5136	52.173	34.636	128.83	265.09	12.730	8.2466e-06	0.034458
180.76	3.3682	272.97	0.0036634	4.4659	4.6639	30.865	31.704	122.29	483.21	1.4928	3.0299e-05	0.084334	0.0010030	63.744	0.015688	7.6623	8.5100	52.143	34.667	129.62	264.99	12.713	8.2583e-06	0.034562
180.83	3.3759	272.67	0.0036675	4.4723	4.6709	30.902	31.719	122.82	481.93	1.5030	3.0245e-05	0.084230	0.00099407	63.967	0.015633	7.6597	8.5064	52.112	34.698	130.43	264.89	12.697	8.2700e-06	0.034666
180.90	3.3835	272.36	0.0036716	4.4787	4.6780	30.938	31.734	123.35	480.66	1.5133	3.0191e-05	0.084126	0.00098521	64.191	0.015578	7.6571	8.5027	52.081	34.729	131.24	264.79	12.680	8.2818e-06	0.034772
180.97	3.3912	272.06	0.0036757	4.4852	4.6851	30.975	31.749	123.88	479.38	1.5236	3.0137e-05	0.084022	0.00097638	64.416	0.015524	7.6545	8.4991	52.050	34.761	132.06	264.70	12.663	8.2936e-06	0.034878
181.04	3.3988	271.75	0.0036798	4.4916	4.6922	31.012	31.764	124.43	478.11	1.5340	3.0083e-05	0.083918	0.00096757	64.642	0.015470	7.6519	8.4954	52.019	34.792	132.90	264.60	12.646	8.3055e-06	0.034985
181.11	3.4064	271.44	0.0036840	4.4980	4.6993	31.049	31.779	124.98	476.83	1.5444	3.0029e-05	0.083815	0.00095880	64.868	0.015416	7.6492	8.4917	51.988	34.824	133.75	264.50	12.629	8.3175e-06	0.035094
181.17	3.4141	271.14	0.0036882	4.5044	4.7065	31.085	31.794	125.53	475.55	1.5550	2.9975e-05	0.083712	0.00095005	65.096	0.015362	7.6465	8.4879	51.957	34.856	134.61	264.40	12.612	8.3295e-06	0.035203
181.24	3.4217	270.83	0.0036924	4.5109	4.7136	31.122	31.810	126.10	474.28	1.5656	2.9922e-05	0.083609	0.00094133	65.324	0.015308	7.6438	8.4842	51.926	34.888	135.47	264.30	12.595	8.3416e-06	0.035313
181.31	3.4294	270.52	0.0036966	4.5173	4.7207	31.159	31.826	126.67	473.00	1.5763	2.9868e-05	0.083506	0.00093265	65.553	0.015255	7.6411	8.4804	51.895	34.920	136.36	264.20	12.578	8.3537e-06	0.035425
181.38	3.4370	270.21	0.0037008	4.5238	4.7278	31.196	31.842	127.25	471.72	1.5870	2.9814e-05	0.083404	0.00092399	65.784	0.015201	7.6384	8.4766	51.864	34.952	137.25	264.10	12.561	8.3660e-06	0.035537
181.45	3.4447	269.90	0.0037051	4.5302	4.7350	31.233	31.858	127.84	470.44	1.5979	2.9760e-05	0.083302	0.00091536	66.015	0.015148	7.6356	8.4728	51.833	34.985	138.15	264.00	12.544	8.3782e-06	0.035651
181.52	3.4523	269.59	0.0037094	4.5367	4.7421	31.270	31.874	128.43	469.15	1.6088	2.9706e-05	0.083200	0.00090676	66.247	0.015095	7.6329	8.4689	51.801	35.018	139.07	263.90	12.527	8.3906e-06	0.035765
181.58	3.4600	269.28	0.0037137	4.5432	4.7493	31.307	31.891	129.03	467.87	1.6198	2.9652e-05	0.083098	0.00089819	66.480	0.015042	7.6301	8.4650	51.770	35.051	140.00	263.80	12.509	8.4030e-06	0.035881
181.65	3.4676	268.96	0.0037180	4.5496	4.7565	31.344	31.907	129.65	466.59	1.6309	2.9598e-05	0.082997	0.00088965	66.714	0.014989	7.6273	8.4611	51.738	35.084	140.95	263.70	12.492	8.4155e-06	0.035998
181.72	3.4753	268.65	0.0037223	4.5561	4.7636	31.381	31.924	130.26	465.30	1.6420	2.9544e-05	0.082896	0.00088113	66.949	0.014937	7.6245	8.4572	51.706	35.117	141.90	263.60	12.474	8.4280e-06	0.036116
181.79	3.4829	268.33	0.0037267	4.5626	4.7708	31.418	31.941	130.89	464.02	1.6533	2.9491e-05	0.082795	0.00087265	67.185	0.014884	7.6216	8.4533	51.675	35.150	142.87	263.50	12.457	8.4407e-06	0.036235
181.85	3.4906	268.02	0.0037311	4.5691	4.7780	31.455	31.958	131.53	462.73	1.6646	2.9437e-05	0.082695	0.00086420	67.422	0.014832	7.6188	8.4493	51.643	35.184	143.86	263.39	12.439	8.4533e-06	0.036355
181.92	3.4982	267.70	0.0037355	4.5756	4.7852	31.492	31.976	132.17	461.45	1.6760	2.9383e-05	0.082595	0.00085577	67.660	0.014780	7.6159	8.4453	51.611	35.218	144.85	263.29	12.422	8.4661e-06	0.036476
181.99	3.5058	267.38	0.0037399	4.5821	4.7924	31.529	31.993	132.82	460.16	1.6875	2.9329e-05	0.082495	0.00084737	67.899	0.014728	7.6130	8.4413	51.579	35.252	145.86	263.19	12.404	8.4789e-06	0.036599
182.06	3.5135	267.07	0.0037444	4.5886	4.7997	31.566	32.011	133.49	458.87	1.6990	2.9275e-05	0.082395	0.00083901	68.139	0.014676	7.6101	8.4373	51.547	35.286	146.89	263.09	12.386	8.4919e-06	0.036723
182.12	3.5211	266.75	0.0037489	4.5951	4.8069	31.603	32.029	134.16	457.58	1.7107	2.9221e-05	0.082296	0.00083067	68.381	0.014624	7.6071	8.4332	51.514	35.320	147.93	262.98	12.368	8.5048e-06	0.036848
182.19	3.5288	266.43	0.0037534	4.6016	4.8141	31.640	32.047	134.84	456.29	1.7225	2.9167e-05	0.082197	0.00082236	68.623	0.014572	7.6041	8.4291	51.482	35.355	148.99	262.88	12.351	8.5179e-06	0.036975
182.26	3.5364	266.11	0.0037579	4.6082	4.8214	31.678	32.065	135.53	455.00	1.7343	2.9114e-05	0.082098	0.00081408	68.866	0.014521	7.6012	8.4250	51.450	35.389	150.06	262.78	12.333	8.5310e-06	0.037103
182.32	3.5441	265.78	0.0037625	4.6147	4.8286	31.715	32.084	136.23	453.70	1.7462	2.9060e-05	0.082000	0.00080582	69.110	0.014470	7.5982	8.4209	51.417	35.424	151.15	262.67	12.315	8.5442e-06	0.037232
182.39	3.5517	265.46	0.0037670	4.6213	4.8359	31.752	32.103	136.94	452.41	1.7582	2.9006e-05	0.081902	0.00079760	69.356	0.014418	7.5951	8.4167	51.385	35.460	152.26	262.57	12.296	8.5575e-06	0.037362
182.46	3.5594	265.14	0.0037716	4.6278	4.8432	31.789	32.121	137.67	451.11	1.7704	2.8952e-05	0.081804	0.00078941	69.603	0.014367	7.5921	8.4125	51.352	35.495	153.38	262.47	12.278	8.5709e-06	0.037494
182.52	3.5670	264.81	0.0037763	4.6344	4.8505	31.827	32.141	138.40	449.82	1.7826	2.8898e-05	0.081706	0.00078124	69.850	0.014316	7.5890	8.4083	51.319	35.530	154.52	262.36	12.260	8.5844e-06	0.037628
182.59	3.5747	264.49	0.0037809	4.6409	4.8578	31.864	32.160	139.14	448.52	1.7949	2.8844e-05	0.081609	0.00077310	70.099	0.014265	7.5859	8.4040	51.286	35.566	155.67	262.26	12.242	8.5979e-06	0.037762
182.66	3.5823	264.16	0.0037856	4.6475	4.8651	31.902	32.180	139.90	447.22	1.8073	2.8790e-05	0.081513	0.00076500	70.349	0.014215	7.5828	8.3997	51.253	35.602	156.85	262.15	12.223	8.6115e-06	0.037899
182.72	3.5899	263.83	0.0037903	4.6541	4.8724	31.939	32.200	140.66	445.92	1.8198	2.8736e-05	0.081416	0.00075692	70.601	0.014164	7.5797	8.3954	51.220	35.638	158.04	262.04	12.205	8.6252e-06	0.038036
182.79	3.5976	263.50	0.0037950	4.6607	4.8797	31.977	32.220	141.44	444.62	1.8324	2.8682e-05	0.081320	0.00074887	70.853	0.014114	7.5765	8.3911	51.187	35.674	159.25	261.94	12.186	8.6390e-06	0.038176
182.85	3.6052	263.17	0.0037998	4.6673	4.8871	32.015	32.240	142.23	443.31	1.8450	2.8628e-05	0.081224	0.00074084	71.107	0.014063	7.5733	8.3867	51.154	35.711	160.48	261.83	12.168	8.6529e-06	0.038317
182.92	3.6129	262.84	0.0038046	4.6739	4.8944	32.052	32.260	143.03	442.01	1.8578	2.8574e-05	0.081129	0.00073285	71.361	0.014013	7.5701	8.3824	51.120	35.748	161.73	261.73	12.149	8.6668e-06	0.038459
182.98	3.6205	262.51	0.0038094	4.6805	4.9018	32.090	32.281	143.84	440.70	1.8707	2.8520e-05	0.081034	0.00072489	71.617	0.013963	7.5669	8.3779	51.087	35.785	163.00	261.62	12.130	8.6809e-06	0.038603
183.05	3.6282	262.18	0.0038142	4.6872	4.9092	32.128	32.302	144.67	439.39	1.8837	2.8466e-05	0.080939	0.00071695	71.875	0.013913	7.5637	8.3735	51.053	35.822	164.29	261.51	12.112	8.6950e-06	0.038749
183.12	3.6358	261.84	0.0038191	4.6938	4.9166	32.165	32.323	145.51	438.09	1.8968	2.8412e-05	0.080845	0.00070905	72.133	0.013863	7.5604	8.3690	51.020	35.860	165.60	261.40	12.093	8.7092e-06	0.038896
183.18	3.6435	261.51	0.0038240	4.7004	4.9240	32.203	32.345	146.36	436.78	1.9101	2.8357e-05	0.080751	0.00070117	72.393	0.013813	7.5571	8.3645	50.986	35.897	166.93	261.30	12.074	8.7236e-06	0.039045
183.25	3.6511	261.17	0.0038289	4.7071	4.9314	32.241	32.367	147.23	435.46	1.9234	2.8303e-05	0.080658	0.00069332	72.654	0.013764	7.5538	8.3600	50.952	35.935	168.29	261.19	12.055	8.7380e-06	0.039196
183.31	3.6588	260.83	0.0038339	4.7138	4.9388	32.279	32.389	148.11	434.15	1.9368	2.8249e-05	0.080565	0.00068550	72.917	0.013714	7.5504	8.3554	50.918	35.973	169.67	261.08	12.035	8.7525e-06	0.039348
183.38	3.6664	260.49	0.0038389	4.7205	4.9463	32.317	32.411	149.01	432.83	1.9504	2.8194e-05	0.080472	0.00067771	73.181	0.013665	7.5471	8.3508	50.883	36.012	171.07	260.97	12.016	8.7671e-06	0.039503
183.44	3.6741	260.15	0.0038439	4.7271	4.9537	32.355	32.433	149.92	431.52	1.9640	2.8140e-05	0.080380	0.00066995	73.446	0.013615	7.5437	8.3462	50.849	36.050	172.49	260.86	11.997	8.7818e-06	0.039659
183.51	3.6817	259.81	0.0038490	4.7338	4.9612	32.394	32.456	150.84	430.20	1.9778	2.8086e-05	0.080288	0.00066221	73.712	0.013566	7.5402	8.3415	50.815	36.089	173.94	260.75	11.977	8.7966e-06	0.039817
183.57	3.6893	259.47	0.0038541	4.7406	4.9687	32.432	32.479	151.78	428.88	1.9917	2.8031e-05	0.080197	0.00065451	73.980	0.013517	7.5368	8.3368	50.780	36.129	175.42	260.64	11.958	8.8115e-06	0.039977
183.63	3.6970	259.12	0.0038592	4.7473	4.9762	32.470	32.503	152.74	427.56	2.0057	2.7977e-05	0.080106	0.00064684	74.249	0.013468	7.5333	8.3321	50.745	36.168	176.92	260.53	11.938	8.8265e-06	0.040139
183.70	3.7046	258.78	0.0038643	4.7540	4.9837	32.508	32.526	153.72	426.23	2.0198	2.7922e-05	0.080016	0.00063919	74.520	0.013419	7.5298	8.3274	50.710	36.208	178.44	260.42	11.919	8.8417e-06	0.040303
183.76	3.7123	258.43	0.0038695	4.7608	4.9912	32.547	32.550	154.71	424.91	2.0341	2.7868e-05	0.079926	0.00063157	74.792	0.013370	7.5263	8.3226	50.675	36.248	179.99	260.31	11.899	8.8569e-06	0.040469
183.83	3.7199	258.08	0.0038747	4.7675	4.9988	32.585	32.575	155.71	423.58	2.0484	2.7813e-05	0.079837	0.00062398	75.066	0.013322	7.5227	8.3178	50.640	36.288	181.58	260.19	11.879	8.8722e-06	0.040637
183.89	3.7276	257.73	0.0038800	4.7743	5.0063	32.624	32.599	156.74	422.25	2.0629	2.7758e-05	0.079748	0.00061642	75.341	0.013273	7.5192	8.3129	50.605	36.328	183.19	260.08	11.859	8.8877e-06	0.040808
183.96	3.7352	257.38	0.0038853	4.7811	5.0139	32.662	32.624	157.78	420.92	2.0775	2.7703e-05	0.079659	0.00060889	75.618	0.013224	7.5156	8.3080	50.569	36.369	184.82	259.97	11.839	8.9032e-06	0.040980
184.02	3.7429	257.03	0.0038906	4.7879	5.0215	32.701	32.649	158.85	419.59	2.0923	2.7648e-05	0.079571	0.00060139	75.896	0.013176	7.5119	8.3031	50.534	36.410	186.49	259.86	11.819	8.9189e-06	0.041155
184.08	3.7505	256.68	0.0038959	4.7947	5.0291	32.740	32.675	159.93	418.25	2.1072	2.7593e-05	0.079484	0.00059392	76.176	0.013128	7.5083	8.2981	50.498	36.451	188.19	259.74	11.799	8.9347e-06	0.041332
184.15	3.7582	256.32	0.0039013	4.8015	5.0367	32.779	32.700	161.03	416.92	2.1222	2.7538e-05	0.079397	0.00058648	76.457	0.013079	7.5046	8.2931	50.462	36.493	189.92	259.63	11.778	8.9506e-06	0.041511
184.21	3.7658	255.97	0.0039068	4.8084	5.0444	32.818	32.727	162.15	415.58	2.1373	2.7483e-05	0.079311	0.00057906	76.740	0.013031	7.5008	8.2881	50.426	36.535	191.69	259.51	11.758	8.9666e-06	0.041693
184.27	3.7734	255.61	0.0039123	4.8152	5.0521	32.857	32.753	163.30	414.24	2.1526	2.7428e-05	0.079225	0.00057168	77.024	0.012983	7.4971	8.2830	50.390	36.577	193.49	259.40	11.737	8.9828e-06	0.041877
184.34	3.7811	255.25	0.0039178	4.8221	5.0597	32.896	32.780	164.46	412.89	2.1680	2.7373e-05	0.079140	0.00056432	77.311	0.012935	7.4933	8.2779	50.354	36.620	195.32	259.28	11.716	8.9990e-06	0.042063
184.40	3.7887	254.89	0.0039233	4.8290	5.0674	32.935	32.807	165.65	411.55	2.1836	2.7317e-05	0.079055	0.00055699	77.599	0.012887	7.4895	8.2728	50.317	36.662	197.19	259.17	11.696	9.0154e-06	0.042252
184.46	3.7964	254.52	0.0039289	4.8359	5.0752	32.974	32.835	166.86	410.20	2.1993	2.7262e-05	0.078972	0.00054970	77.888	0.012839	7.4857	8.2676	50.281	36.706	199.09	259.05	11.675	9.0320e-06	0.042444
184.53	3.8040	254.16	0.0039345	4.8428	5.0829	33.014	32.862	168.09	408.85	2.2152	2.7207e-05	0.078888	0.00054243	78.179	0.012791	7.4818	8.2624	50.244	36.749	201.03	258.93	11.654	9.0486e-06	0.042639
184.59	3.8117	253.79	0.0039402	4.8497	5.0907	33.053	32.891	169.35	407.49	2.2312	2.7151e-05	0.078806	0.00053519	78.472	0.012743	7.4779	8.2571	50.207	36.793	203.01	258.82	11.633	9.0654e-06	0.042836
184.65	3.8193	253.43	0.0039459	4.8567	5.0984	33.092	32.919	170.63	406.14	2.2473	2.7095e-05	0.078724	0.00052798	78.767	0.012696	7.4739	8.2518	50.170	36.837	205.03	258.70	11.611	9.0823e-06	0.043036
184.72	3.8270	253.06	0.0039517	4.8636	5.1063	33.132	32.948	171.94	404.78	2.2636	2.7039e-05	0.078642	0.00052080	79.064	0.012648	7.4700	8.2465	50.133	36.881	207.10	258.58	11.590	9.0994e-06	0.043238
184.78	3.8346	252.69	0.0039575	4.8706	5.1141	33.172	32.978	173.27	403.42	2.2801	2.6983e-05	0.078562	0.00051365	79.362	0.012600	7.4660	8.2411	50.095	36.926	209.20	258.46	11.569	9.1166e-06	0.043444
184.84	3.8423	252.31	0.0039633	4.8776	5.1219	33.212	33.007	174.63	402.06	2.2967	2.6927e-05	0.078482	0.00050653	79.663	0.012553	7.4619	8.2357	50.057	36.971	211.35	258.34	11.547	9.1339e-06	0.043653
184.90	3.8499	251.94	0.0039692	4.8846	5.1298	33.252	33.038	176.02	400.69	2.3135	2.6871e-05	0.078403	0.00049944	79.965	0.012505	7.4579	8.2302	50.019	37.017	213.54	258.22	11.525	9.1514e-06	0.043865
184.97	3.8576	251.56	0.0039752	4.8917	5.1377	33.292	33.068	177.44	399.33	2.3304	2.6815e-05	0.078325	0.00049238	80.269	0.012458	7.4538	8.2247	49.981	37.062	215.78	258.10	11.504	9.1690e-06	0.044079
185.03	3.8652	251.18	0.0039812	4.8987	5.1456	33.332	33.099	178.89	397.96	2.3475	2.6759e-05	0.078247	0.00048535	80.575	0.012411	7.4496	8.2192	49.943	37.109	218.07	257.98	11.482	9.1868e-06	0.044298
185.09	3.8728	250.80	0.0039872	4.9058	5.1535	33.372	33.131	180.37	396.58	2.3648	2.6702e-05	0.078171	0.00047835	80.883	0.012363	7.4454	8.2136	49.905	37.155	220.40	257.86	11.459	9.2047e-06	0.044519
185.15	3.8805	250.42	0.0039933	4.9129	5.1615	33.412	33.163	181.88	395.21	2.3822	2.6645e-05	0.078095	0.00047138	81.194	0.012316	7.4412	8.2080	49.866	37.202	222.79	257.73	11.437	9.2228e-06	0.044744
185.21	3.8881	250.04	0.0039994	4.9200	5.1695	33.453	33.195	183.43	393.83	2.3999	2.6589e-05	0.078020	0.00046444	81.506	0.012269	7.4370	8.2023	49.827	37.249	225.23	257.61	11.415	9.2411e-06	0.044972
185.28	3.8958	249.65	0.0040056	4.9271	5.1775	33.493	33.228	185.01	392.45	2.4177	2.6532e-05	0.077946	0.00045752	81.820	0.012222	7.4327	8.1966	49.788	37.297	227.73	257.49	11.392	9.2595e-06	0.045204
185.34	3.9034	249.26	0.0040118	4.9343	5.1855	33.534	33.261	186.62	391.06	2.4356	2.6475e-05	0.077873	0.00045064	82.137	0.012175	7.4284	8.1908	49.749	37.345	230.28	257.36	11.370	9.2780e-06	0.045439
185.40	3.9111	248.87	0.0040181	4.9415	5.1936	33.575	33.295	188.27	389.67	2.4538	2.6418e-05	0.077800	0.00044379	82.455	0.012128	7.4240	8.1850	49.710	37.394	232.89	257.24	11.347	9.2968e-06	0.045679
185.46	3.9187	248.48	0.0040245	4.9487	5.2017	33.616	33.329	189.96	388.28	2.4722	2.6360e-05	0.077729	0.00043697	82.776	0.012081	7.4196	8.1791	49.670	37.443	235.56	257.11	11.324	9.3157e-06	0.045922
185.52	3.9264	248.09	0.0040309	4.9559	5.2098	33.657	33.364	191.69	386.89	2.4907	2.6303e-05	0.077659	0.00043018	83.099	0.012034	7.4152	8.1732	49.630	37.492	238.29	256.98	11.301	9.3348e-06	0.046169
185.58	3.9340	247.69	0.0040373	4.9631	5.2179	33.698	33.399	193.46	385.49	2.5094	2.6245e-05	0.077590	0.00042342	83.425	0.011987	7.4107	8.1672	49.590	37.542	241.09	256.86	11.278	9.3541e-06	0.046420
185.65	3.9417	247.29	0.0040438	4.9704	5.2261	33.740	33.435	195.27	384.09	2.5284	2.6187e-05	0.077522	0.00041669	83.753	0.011940	7.4061	8.1612	49.550	37.592	243.95	256.73	11.255	9.3735e-06	0.046675
185.71	3.9493	246.89	0.0040504	4.9777	5.2343	33.781	33.472	197.12	382.68	2.5475	2.6129e-05	0.077455	0.00041000	84.083	0.011893	7.4016	8.1551	49.509	37.643	246.89	256.60	11.231	9.3931e-06	0.046935
185.77	3.9569	246.49	0.0040570	4.9850	5.2425	33.823	33.509	199.02	381.27	2.5669	2.6071e-05	0.077389	0.00040333	84.416	0.011846	7.3970	8.1490	49.468	37.694	249.89	256.47	11.208	9.4130e-06	0.047199
185.83	3.9646	246.08	0.0040637	4.9923	5.2508	33.864	33.546	200.96	379.86	2.5864	2.6013e-05	0.077324	0.00039669	84.751	0.011799	7.3923	8.1428	49.427	37.746	252.97	256.34	11.184	9.4330e-06	0.047467
185.89	3.9722	245.67	0.0040705	4.9997	5.2591	33.906	33.584	202.96	378.45	2.6062	2.5954e-05	0.077261	0.00039009	85.089	0.011752	7.3876	8.1366	49.386	37.798	256.13	256.21	11.160	9.4532e-06	0.047741
185.95	3.9799	245.26	0.0040773	5.0071	5.2674	33.949	33.623	205.00	377.03	2.6261	2.5896e-05	0.077199	0.00038351	85.429	0.011706	7.3829	8.1303	49.344	37.851	259.36	256.07	11.136	9.4736e-06	0.048019
186.01	3.9875	244.85	0.0040842	5.0145	5.2758	33.991	33.662	207.10	375.60	2.6463	2.5837e-05	0.077138	0.00037697	85.772	0.011659	7.3781	8.1239	49.302	37.904	262.68	255.94	11.112	9.4943e-06	0.048302
186.07	3.9952	244.43	0.0040911	5.0220	5.2842	34.033	33.702	209.25	374.18	2.6668	2.5778e-05	0.077079	0.00037046	86.118	0.011612	7.3732	8.1175	49.260	37.957	266.09	255.81	11.087	9.5151e-06	0.048590
186.13	4.0028	244.01	0.0040981	5.0294	5.2926	34.076	33.743	211.45	372.75	2.6874	2.5718e-05	0.077021	0.00036398	86.466	0.011565	7.3684	8.1110	49.218	38.012	269.59	255.67	11.062	9.5362e-06	0.048883
186.19	4.0105	243.59	0.0041052	5.0369	5.3011	34.119	33.784	213.72	371.31	2.7083	2.5659e-05	0.076964	0.00035753	86.817	0.011518	7.3634	8.1045	49.175	38.066	273.18	255.54	11.038	9.5574e-06	0.049182
186.25	4.0181	243.17	0.0041124	5.0445	5.3096	34.161	33.826	216.05	369.87	2.7295	2.5599e-05	0.076910	0.00035111	87.171	0.011472	7.3584	8.0979	49.132	38.122	276.86	255.40	11.013	9.5790e-06	0.049486
186.31	4.0258	242.74	0.0041196	5.0520	5.3181	34.205	33.868	218.44	368.43	2.7508	2.5539e-05	0.076856	0.00034473	87.528	0.011425	7.3534	8.0913	49.089	38.177	280.65	255.26	10.988	9.6007e-06	0.049796
186.37	4.0334	242.31	0.0041269	5.0596	5.3267	34.248	33.912	220.89	366.98	2.7725	2.5479e-05	0.076805	0.00033838	87.888	0.011378	7.3483	8.0846	49.046	38.234	284.55	255.12	10.962	9.6227e-06	0.050112
186.43	4.0411	241.88	0.0041343	5.0673	5.3353	34.291	33.956	223.42	365.53	2.7944	2.5418e-05	0.076755	0.00033206	88.251	0.011331	7.3432	8.0778	49.002	38.291	288.55	254.98	10.937	9.6449e-06	0.050434
186.49	4.0487	241.44	0.0041417	5.0749	5.3439	34.335	34.000	226.02	364.07	2.8165	2.5358e-05	0.076707	0.00032577	88.618	0.011284	7.3380	8.0709	48.958	38.349	292.67	254.84	10.911	9.6674e-06	0.050763
186.55	4.0563	241.01	0.0041493	5.0826	5.3526	34.379	34.046	228.69	362.61	2.8389	2.5297e-05	0.076660	0.00031951	88.987	0.011238	7.3327	8.0640	48.913	38.407	296.91	254.70	10.885	9.6901e-06	0.051098
186.61	4.0640	240.56	0.0041569	5.0904	5.3614	34.423	34.092	231.44	361.14	2.8616	2.5235e-05	0.076616	0.00031329	89.360	0.011191	7.3274	8.0570	48.868	38.466	301.27	254.56	10.859	9.7131e-06	0.051440
186.67	4.0716	240.12	0.0041646	5.0981	5.3702	34.467	34.140	234.28	359.67	2.8846	2.5174e-05	0.076574	0.00030710	89.736	0.011144	7.3221	8.0500	48.823	38.525	305.76	254.41	10.833	9.7363e-06	0.051788
186.73	4.0793	239.67	0.0041724	5.1059	5.3790	34.512	34.188	237.19	358.19	2.9078	2.5112e-05	0.076534	0.00030095	90.115	0.011097	7.3166	8.0429	48.778	38.586	310.39	254.27	10.806	9.7599e-06	0.052144
186.79	4.0869	239.22	0.0041803	5.1138	5.3879	34.557	34.237	240.20	356.71	2.9314	2.5050e-05	0.076496	0.00029482	90.498	0.011050	7.3112	8.0357	48.732	38.647	315.16	254.12	10.779	9.7837e-06	0.052508
186.85	4.0946	238.76	0.0041883	5.1217	5.3968	34.602	34.286	243.31	355.22	2.9552	2.4988e-05	0.076460	0.00028873	90.885	0.011003	7.3056	8.0284	48.686	38.708	320.08	253.97	10.752	9.8078e-06	0.052879
186.91	4.1022	238.30	0.0041964	5.1296	5.4057	34.647	34.337	246.51	353.72	2.9794	2.4925e-05	0.076427	0.00028268	91.275	0.010956	7.3000	8.0210	48.639	38.771	325.16	253.82	10.725	9.8322e-06	0.053259
186.97	4.1099	237.84	0.0042045	5.1375	5.4148	34.692	34.389	249.82	352.22	3.0038	2.4862e-05	0.076397	0.00027666	91.669	0.010909	7.2943	8.0136	48.592	38.834	330.40	253.67	10.698	9.8569e-06	0.053646
187.03	4.1175	237.37	0.0042128	5.1455	5.4238	34.738	34.442	253.23	350.72	3.0286	2.4798e-05	0.076369	0.00027067	92.067	0.010862	7.2886	8.0061	48.545	38.898	335.81	253.52	10.670	9.8819e-06	0.054043
187.09	4.1252	236.90	0.0042212	5.1536	5.4329	34.784	34.495	256.76	349.21	3.0537	2.4735e-05	0.076343	0.00026472	92.470	0.010814	7.2828	7.9985	48.497	38.963	341.40	253.36	10.642	9.9073e-06	0.054448
187.15	4.1328	236.43	0.0042296	5.1617	5.4421	34.830	34.550	260.40	347.69	3.0792	2.4671e-05	0.076321	0.00025880	92.876	0.010767	7.2769	7.9908	48.449	39.028	347.19	253.21	10.614	9.9329e-06	0.054863
187.21	4.1404	235.95	0.0042382	5.1698	5.4514	34.877	34.606	264.18	346.16	3.1049	2.4606e-05	0.076302	0.00025292	93.286	0.010720	7.2710	7.9830	48.400	39.095	353.17	253.05	10.585	9.9589e-06	0.055287
187.27	4.1481	235.47	0.0042469	5.1780	5.4606	34.924	34.663	268.08	344.63	3.1311	2.4541e-05	0.076286	0.00024707	93.701	0.010672	7.2649	7.9751	48.351	39.162	359.36	252.89	10.557	9.9853e-06	0.055722
187.32	4.1557	234.98	0.0042557	5.1863	5.4700	34.971	34.721	272.13	343.09	3.1576	2.4476e-05	0.076273	0.00024126	94.120	0.010625	7.2588	7.9672	48.302	39.231	365.77	252.73	10.528	1.0012e-05	0.056166
187.38	4.1634	234.49	0.0042646	5.1946	5.4794	35.018	34.781	276.32	341.55	3.1845	2.4411e-05	0.076263	0.00023548	94.544	0.010577	7.2527	7.9591	48.252	39.300	372.41	252.57	10.498	1.0039e-05	0.056622
187.44	4.1710	233.99	0.0042737	5.2029	5.4889	35.066	34.841	280.67	339.99	3.2118	2.4345e-05	0.076258	0.00022974	94.972	0.010529	7.2464	7.9510	48.201	39.370	379.30	252.41	10.469	1.0067e-05	0.057090
187.50	4.1787	233.49	0.0042829	5.2113	5.4984	35.114	34.903	285.18	338.43	3.2394	2.4278e-05	0.076256	0.00022404	95.405	0.010482	7.2401	7.9427	48.151	39.442	386.45	252.24	10.439	1.0095e-05	0.057569
187.56	4.1863	232.98	0.0042922	5.2197	5.5080	35.163	34.967	289.87	336.86	3.2675	2.4211e-05	0.076258	0.00021837	95.843	0.010434	7.2336	7.9344	48.099	39.514	393.87	252.07	10.409	1.0123e-05	0.058060
187.62	4.1940	232.47	0.0043016	5.2283	5.5177	35.211	35.031	294.74	335.28	3.2960	2.4144e-05	0.076265	0.00021274	96.287	0.010386	7.2271	7.9259	48.047	39.588	401.58	251.90	10.378	1.0152e-05	0.058565
187.67	4.2016	231.95	0.0043112	5.2368	5.5274	35.260	35.098	299.81	333.70	3.3249	2.4076e-05	0.076276	0.00020715	96.736	0.010337	7.2205	7.9173	47.995	39.663	409.60	251.73	10.348	1.0181e-05	0.059083
187.73	4.2093	231.43	0.0043209	5.2455	5.5372	35.310	35.166	305.08	332.10	3.3542	2.4007e-05	0.076292	0.00020160	97.190	0.010289	7.2138	7.9086	47.942	39.739	417.95	251.56	10.316	1.0210e-05	0.059615
187.79	4.2169	230.90	0.0043308	5.2542	5.5471	35.360	35.235	310.57	330.50	3.3840	2.3939e-05	0.076313	0.00019608	97.650	0.010241	7.2070	7.8998	47.888	39.816	426.64	251.38	10.285	1.0240e-05	0.060162
187.85	4.2246	230.37	0.0043408	5.2629	5.5571	35.410	35.306	316.30	328.89	3.4143	2.3869e-05	0.076340	0.00019061	98.115	0.010192	7.2002	7.8909	47.834	39.894	435.70	251.20	10.253	1.0271e-05	0.060725
187.91	4.2322	229.83	0.0043510	5.2718	5.5672	35.461	35.379	322.28	327.26	3.4451	2.3799e-05	0.076372	0.00018517	98.587	0.010143	7.1932	7.8819	47.779	39.974	445.15	251.02	10.221	1.0302e-05	0.061304
187.96	4.2398	229.29	0.0043614	5.2807	5.5773	35.512	35.454	328.52	325.63	3.4763	2.3728e-05	0.076410	0.00017977	99.065	0.010094	7.1861	7.8727	47.724	40.056	455.02	250.84	10.188	1.0334e-05	0.061900
188.02	4.2475	228.73	0.0043719	5.2896	5.5875	35.563	35.531	335.05	323.98	3.5081	2.3657e-05	0.076454	0.00017441	99.550	0.010045	7.1789	7.8634	47.668	40.138	465.34	250.65	10.156	1.0366e-05	0.062515
188.08	4.2551	228.18	0.0043826	5.2987	5.5979	35.615	35.609	341.89	322.33	3.5404	2.3585e-05	0.076505	0.00016909	100.04	0.0099959	7.1716	7.8539	47.611	40.223	476.13	250.46	10.122	1.0398e-05	0.063148
188.14	4.2628	227.61	0.0043935	5.3078	5.6083	35.668	35.690	349.04	320.66	3.5733	2.3513e-05	0.076564	0.00016382	100.54	0.0099464	7.1641	7.8443	47.553	40.309	487.43	250.27	10.088	1.0432e-05	0.063801
188.19	4.2704	227.04	0.0044045	5.3171	5.6188	35.721	35.773	356.55	318.98	3.6067	2.3440e-05	0.076630	0.00015858	101.04	0.0098966	7.1566	7.8346	47.495	40.397	499.28	250.07	10.054	1.0466e-05	0.064476
188.25	4.2781	226.46	0.0044158	5.3264	5.6294	35.775	35.859	364.44	317.29	3.6407	2.3366e-05	0.076704	0.00015339	101.56	0.0098466	7.1489	7.8247	47.436	40.487	511.72	249.87	10.020	1.0500e-05	0.065172
188.31	4.2857	225.87	0.0044273	5.3358	5.6402	35.829	35.947	372.73	315.58	3.6754	2.3291e-05	0.076787	0.00014824	102.08	0.0097964	7.1411	7.8146	47.376	40.578	524.79	249.67	9.9845	1.0535e-05	0.065893
188.36	4.2934	225.27	0.0044390	5.3452	5.6510	35.883	36.037	381.45	313.86	3.7106	2.3216e-05	0.076880	0.00014313	102.61	0.0097459	7.1332	7.8044	47.316	40.672	538.55	249.46	9.9489	1.0571e-05	0.066638
188.42	4.3010	224.67	0.0044510	5.3548	5.6620	35.939	36.131	390.65	312.12	3.7465	2.3139e-05	0.076982	0.00013807	103.14	0.0096952	7.1251	7.7940	47.254	40.768	553.03	249.25	9.9127	1.0608e-05	0.067410
188.48	4.3087	224.06	0.0044631	5.3645	5.6730	35.995	36.227	400.37	310.37	3.7832	2.3062e-05	0.077096	0.00013305	103.69	0.0096441	7.1168	7.7835	47.192	40.866	568.32	249.03	9.8761	1.0645e-05	0.068211
188.53	4.3163	223.43	0.0044756	5.3743	5.6842	36.051	36.327	410.63	308.61	3.8205	2.2984e-05	0.077221	0.00012808	104.25	0.0095927	7.1085	7.7727	47.129	40.966	584.47	248.81	9.8389	1.0683e-05	0.069041
188.59	4.3239	222.80	0.0044883	5.3842	5.6956	36.108	36.429	421.50	306.82	3.8585	2.2905e-05	0.077358	0.00012316	104.81	0.0095410	7.0999	7.7618	47.064	41.069	601.56	248.58	9.8011	1.0722e-05	0.069904
188.65	4.3316	222.16	0.0045012	5.3943	5.7071	36.166	36.536	433.03	305.02	3.8974	2.2825e-05	0.077509	0.00011828	105.39	0.0094890	7.0912	7.7506	46.999	41.175	619.67	248.35	9.7628	1.0762e-05	0.070800
188.70	4.3392	221.51	0.0045145	5.4044	5.7187	36.225	36.646	445.28	303.20	3.9370	2.2745e-05	0.077675	0.00011345	105.97	0.0094365	7.0823	7.7393	46.933	41.284	638.90	248.12	9.7238	1.0802e-05	0.071734
188.76	4.3469	220.85	0.0045280	5.4147	5.7305	36.284	36.760	458.32	301.36	3.9775	2.2662e-05	0.077857	0.00010867	106.57	0.0093837	7.0733	7.7277	46.865	41.396	659.36	247.87	9.6842	1.0844e-05	0.072706
188.82	4.3545	220.17	0.0045419	5.4251	5.7424	36.345	36.879	472.23	299.50	4.0188	2.2579e-05	0.078055	0.00010394	107.18	0.0093305	7.0640	7.7158	46.796	41.511	681.15	247.62	9.6438	1.0886e-05	0.073722
188.87	4.3622	219.48	0.0045561	5.4357	5.7545	36.406	37.002	487.09	297.61	4.0611	2.2495e-05	0.078273	9.9255e-05	107.80	0.0092767	7.0546	7.7038	46.726	41.630	704.42	247.37	9.6028	1.0930e-05	0.074782
188.93	4.3698	218.78	0.0045707	5.4464	5.7668	36.468	37.130	503.02	295.71	4.1043	2.2409e-05	0.078511	9.4627e-05	108.43	0.0092225	7.0449	7.6914	46.655	41.753	729.32	247.10	9.5609	1.0975e-05	0.075892
188.98	4.3775	218.07	0.0045857	5.4573	5.7793	36.531	37.264	520.11	293.77	4.1486	2.2322e-05	0.078771	9.0053e-05	109.08	0.0091678	7.0350	7.6788	46.582	41.880	756.04	246.83	9.5183	1.1021e-05	0.077055
189.04	4.3851	217.34	0.0046010	5.4683	5.7920	36.595	37.403	538.51	291.81	4.1939	2.2234e-05	0.079056	8.5533e-05	109.74	0.0091126	7.0249	7.6659	46.508	42.011	784.76	246.55	9.4748	1.1068e-05	0.078276
189.10	4.3928	216.60	0.0046168	5.4795	5.8049	36.661	37.549	558.38	289.82	4.2403	2.2144e-05	0.079369	8.1069e-05	110.42	0.0090567	7.0145	7.6527	46.433	42.147	815.72	246.26	9.4305	1.1116e-05	0.079560
189.15	4.4004	215.84	0.0046330	5.4910	5.8180	36.727	37.701	579.88	287.80	4.2879	2.2052e-05	0.079711	7.6663e-05	111.11	0.0090002	7.0039	7.6392	46.355	42.289	849.20	245.95	9.3851	1.1166e-05	0.080913
189.21	4.4081	215.06	0.0046498	5.5026	5.8314	36.795	37.861	603.23	285.75	4.3368	2.1959e-05	0.080087	7.2316e-05	111.82	0.0089431	6.9929	7.6254	46.276	42.436	885.50	245.64	9.3388	1.1218e-05	0.082341
189.26	4.4157	214.27	0.0046670	5.5144	5.8450	36.864	38.029	628.68	283.67	4.3870	2.1863e-05	0.080500	6.8031e-05	112.55	0.0088852	6.9817	7.6111	46.195	42.590	925.01	245.31	9.2914	1.1271e-05	0.083852
189.32	4.4233	213.46	0.0046848	5.5265	5.8590	36.934	38.206	656.51	281.54	4.4385	2.1766e-05	0.080954	6.3808e-05	113.30	0.0088265	6.9702	7.5965	46.112	42.751	968.14	244.97	9.2428	1.1325e-05	0.085455
189.37	4.4310	212.62	0.0047032	5.5388	5.8732	37.006	38.393	687.08	279.38	4.4916	2.1667e-05	0.081456	5.9650e-05	114.07	0.0087669	6.9583	7.5815	46.027	42.919	1015.4	244.62	9.1931	1.1382e-05	0.087160
189.43	4.4386	211.76	0.0047223	5.5514	5.8877	37.080	38.591	720.79	277.17	4.5463	2.1565e-05	0.082010	5.5560e-05	114.86	0.0087064	6.9460	7.5660	45.940	43.095	1067.5	244.25	9.1420	1.1441e-05	0.088978
189.48	4.4463	210.88	0.0047420	5.5643	5.9026	37.155	38.801	758.15	274.91	4.6026	2.1461e-05	0.082624	5.1540e-05	115.67	0.0086449	6.9333	7.5500	45.850	43.281	1125.1	243.85	9.0895	1.1501e-05	0.090923
189.54	4.4539	209.97	0.0047626	5.5775	5.9179	37.233	39.024	799.78	272.61	4.6608	2.1354e-05	0.083307	4.7592e-05	116.52	0.0085823	6.9202	7.5335	45.757	43.478	1189.1	243.44	9.0355	1.1565e-05	0.093011
189.59	4.4616	209.03	0.0047839	5.5911	5.9335	37.312	39.262	846.43	270.25	4.7209	2.1244e-05	0.084068	4.3720e-05	117.39	0.0085185	6.9067	7.5164	45.661	43.686	1260.7	243.00	8.9798	1.1630e-05	0.095261
189.65	4.4692	208.06	0.0048062	5.6050	5.9496	37.394	39.516	899.06	267.82	4.7830	2.1130e-05	0.084921	3.9927e-05	118.30	0.0084534	6.8926	7.4987	45.562	43.907	1341.2	242.54	8.9224	1.1699e-05	0.097697
189.70	4.4769	207.06	0.0048295	5.6194	5.9663	37.479	39.789	958.85	265.34	4.8475	2.1014e-05	0.085881	3.6218e-05	119.24	0.0083867	6.8779	7.4803	45.460	44.142	1432.4	242.04	8.8630	1.1771e-05	0.10034
189.76	4.4845	206.02	0.0048540	5.6342	5.9834	37.566	40.084	1027.3	262.78	4.9144	2.0893e-05	0.086968	3.2596e-05	120.21	0.0083185	6.8627	7.4611	45.354	44.395	1536.6	241.51	8.8015	1.1846e-05	0.10324
189.81	4.4922	204.93	0.0048797	5.6495	6.0012	37.657	40.403	1106.5	260.14	4.9840	2.0767e-05	0.088204	2.9066e-05	121.24	0.0082484	6.8467	7.4412	45.243	44.666	1656.6	240.94	8.7376	1.1925e-05	0.10642
189.87	4.4998	203.80	0.0049068	5.6655	6.0197	37.751	40.749	1199.1	257.42	5.0565	2.0637e-05	0.089622	2.5635e-05	122.31	0.0081763	6.8300	7.4202	45.127	44.960	1796.2	240.32	8.6711	1.2009e-05	0.10995
189.92	4.5074	202.61	0.0049355	5.6820	6.0389	37.849	41.128	1308.5	254.60	5.1323	2.0501e-05	0.091261	2.2308e-05	123.43	0.0081018	6.8124	7.3983	45.006	45.278	1960.7	239.64	8.6018	1.2098e-05	0.11388
189.98	4.5151	201.37	0.0049660	5.6993	6.0590	37.952	41.544	1439.8	251.67	5.2116	2.0358e-05	0.093175	1.9095e-05	124.62	0.0080246	6.7938	7.3751	44.879	45.627	2157.0	238.90	8.5292	1.2192e-05	0.11831
190.03	4.5227	200.05	0.0049987	5.7175	6.0802	38.060	42.004	1600.0	248.62	5.2949	2.0208e-05	0.095438	1.6003e-05	125.87	0.0079444	6.7741	7.3505	44.745	46.011	2395.2	238.09	8.4529	1.2293e-05	0.12336
190.08	4.5304	198.65	0.0050340	5.7366	6.1025	38.174	42.516	1799.4	245.44	5.3827	2.0048e-05	0.098151	1.3044e-05	127.22	0.0078606	6.7530	7.3243	44.602	46.437	2689.8	237.18	8.3724	1.2402e-05	0.12919
190.14	4.5380	197.15	0.0050722	5.7570	6.1263	38.296	43.092	2053.9	242.10	5.4756	1.9878e-05	0.10146	1.0233e-05	128.66	0.0077724	6.7303	7.2962	44.449	46.915	3062.8	236.16	8.2870	1.2521e-05	0.13603
190.19	4.5457	195.54	0.0051141	5.7788	6.1518	38.427	43.745	2388.9	238.59	5.5745	1.9695e-05	0.10559	7.5865e-06	130.22	0.0076790	6.7058	7.2658	44.284	47.455	3549.5	234.99	8.1958	1.2651e-05	0.14421
190.24	4.5533	193.77	0.0051607	5.8025	6.1794	38.569	44.496	2847.9	234.87	5.6803	1.9495e-05	0.11090	5.1281e-06	131.94	0.0075791	6.6788	7.2324	44.104	48.074	4209.0	233.65	8.0977	1.2796e-05	0.15426
190.30	4.5610	191.82	0.0052132	5.8285	6.2099	38.726	45.372	3511.3	230.91	5.7946	1.9274e-05	0.11799	2.8891e-06	133.85	0.0074708	6.6488	7.1954	43.904	48.796	5149.6	232.06	7.9909	1.2960e-05	0.16705
190.35	4.5686	189.61	0.0052741	5.8577	6.2443	38.903	46.416	4545.6	226.66	5.9194	1.9022e-05	0.12800	9.1498e-07	136.03	0.0073511	6.6146	7.1534	43.679	49.655	6591.7	230.15	7.8731	1.3151e-05	0.18415
190.41	4.5763	187.02	0.0053471	5.8917	6.2842	39.109	47.698	6356.2	222.03	6.0581	1.8728e-05	0.14335	-7.2344e-07	138.60	0.0072148	6.5744	7.1041	43.415	50.707	9060.8	227.77	7.7400	1.3381e-05	0.20881
190.46	4.5839	183.80	0.0054406	5.9335	6.3336	39.365	49.354	10231.	216.90	6.2174	1.8360e-05	0.17057	-1.8999e-06	141.81	0.0070515	6.5244	7.0429	43.089	52.056	14180.	224.62	7.5838	1.3678e-05	0.24937
190.51	4.5916	179.27	0.0055781	5.9923	6.4032	39.727	undefined	undefined	undefined	6.4145	1.7835e-05	undefined	-2.3265e-06	146.37	0.0068321	6.4540	6.9573	42.635	undefined	undefined	undefined	7.3840	1.4117e-05	undefined
190.56	4.5992	162.66	0.0061478	6.2136	6.6672	41.109	undefined	undefined	undefined	0.0000	1.5880e-05	undefined	0.0000	162.66	0.0061478	6.2136	6.6672	41.109	undefined	undefined	undefined	0.0000	1.5880e-05	undefined
