Temperature (K)	Pressure (MPa)	Density (l, kg/m3)	Volume (l, m3/kg)	Internal Energy (l, kJ/mol)	Enthalpy (l, kJ/mol)	Entropy (l, J/mol*K)	Cv (l, J/mol*K)	Cp (l, J/mol*K)	Sound Spd. (l, m/s)	Joule-Thomson (l, K/MPa)	Viscosity (l, Pa*s)	Therm. Cond. (l, W/m*K)	Surf. Tension (l, N/m)	Density (v, kg/m3)	Volume (v, m3/kg)	Internal Energy (v, kJ/mol)	Enthalpy (v, kJ/mol)	Entropy (v, J/mol*K)	Cv (v, J/mol*K)	Cp (v, J/mol*K)	Sound Spd. (v, m/s)	Joule-Thomson (v, K/MPa)	Viscosity (v, Pa*s)	Therm. Cond. (v, W/m*K)
293.81	0.013506	790.31	0.0012653	-3.7337	-3.7332	-11.815	66.756	80.380	1113.5	-0.32871	0.00057921	0.20099	0.022511	0.18116	5.5199	31.546	33.935	116.39	92.179	112.68	294.74	983.55	9.4858e-06	0.014754
307.39	0.027012	777.55	0.0012861	-2.6244	-2.6232	-8.1246	69.235	83.124	1070.1	-0.31046	0.00047704	0.19841	0.021375	0.34896	2.8656	31.888	34.368	112.22	99.316	122.76	299.92	566.91	9.9064e-06	0.015957
316.01	0.040518	769.38	0.0012998	-1.9003	-1.8986	-5.8016	70.889	85.057	1043.2	-0.29746	0.00042521	0.19677	0.020654	0.51211	1.9527	32.102	34.637	109.82	103.22	128.64	302.98	411.08	1.0170e-05	0.016764
322.45	0.054024	763.20	0.0013103	-1.3472	-1.3449	-4.0689	72.159	86.598	1023.3	-0.28698	0.00039158	0.19554	0.020111	0.67240	1.4872	32.260	34.834	108.13	105.83	132.82	305.13	327.63	1.0366e-05	0.017393
327.66	0.067529	758.16	0.0013190	-0.89307	-0.89022	-2.6718	73.202	87.902	1007.4	-0.27802	0.00036715	0.19455	0.019669	0.83068	1.2038	32.386	34.991	106.83	107.77	136.07	306.76	275.03	1.0522e-05	0.017917
332.06	0.081035	753.86	0.0013265	-0.50431	-0.50087	-1.4932	74.092	89.044	993.94	-0.27010	0.00034820	0.19370	0.019293	0.98745	1.0127	32.491	35.120	105.78	109.30	138.74	308.07	238.57	1.0653e-05	0.018372
335.88	0.094541	750.10	0.0013332	-0.16229	-0.15825	-0.46906	74.872	90.065	982.26	-0.26295	0.00033285	0.19297	0.018964	1.1430	0.87487	32.580	35.231	104.89	110.55	141.03	309.15	211.69	1.0766e-05	0.018777
339.27	0.10805	746.72	0.0013392	0.14447	0.14911	0.43970	75.568	90.995	971.89	-0.25638	0.00032002	0.19231	0.018671	1.2976	0.77064	32.659	35.327	104.13	111.61	143.05	310.06	190.97	1.0866e-05	0.019144
342.33	0.12155	743.66	0.0013447	0.42357	0.42880	1.2587	76.199	91.852	962.52	-0.25027	0.00030906	0.19172	0.018404	1.4514	0.68898	32.729	35.412	103.45	112.53	144.85	310.84	174.47	1.0955e-05	0.019481
345.12	0.13506	740.84	0.0013498	0.68031	0.68615	2.0057	76.775	92.649	953.96	-0.24455	0.00029953	0.19119	0.018160	1.6046	0.62322	32.791	35.488	102.85	113.34	146.50	311.51	160.99	1.1035e-05	0.019794
347.68	0.14856	738.23	0.0013546	0.91858	0.92503	2.6936	77.308	93.396	946.06	-0.23915	0.00029111	0.19069	0.017933	1.7571	0.56911	32.848	35.557	102.30	114.07	148.03	312.10	149.75	1.1109e-05	0.020088
350.06	0.16207	735.78	0.0013591	1.1413	1.1483	3.3321	77.803	94.100	938.70	-0.23401	0.00028360	0.19023	0.017722	1.9092	0.52378	32.900	35.620	101.81	114.73	149.45	312.62	140.22	1.1177e-05	0.020364
352.28	0.17558	733.48	0.0013634	1.3507	1.3584	3.9284	78.266	94.767	931.82	-0.22911	0.00027683	0.18980	0.017523	2.0609	0.48523	32.948	35.678	101.35	115.33	150.79	313.08	132.03	1.1240e-05	0.020626
354.36	0.18908	731.31	0.0013674	1.5486	1.5568	4.4885	78.701	95.402	925.32	-0.22442	0.00027068	0.18939	0.017336	2.2122	0.45204	32.992	35.731	100.93	115.89	152.06	313.49	124.90	1.1299e-05	0.020876
356.33	0.20259	729.25	0.0013713	1.7363	1.7452	5.0170	79.112	96.009	919.18	-0.21989	0.00026505	0.18901	0.017158	2.3632	0.42315	33.033	35.780	100.53	116.41	153.28	313.85	118.64	1.1355e-05	0.021115
358.19	0.21609	727.28	0.0013750	1.9152	1.9247	5.5177	79.502	96.591	913.34	-0.21553	0.00025986	0.18865	0.016989	2.5139	0.39778	33.071	35.826	100.16	116.89	154.44	314.18	113.09	1.1407e-05	0.021344
359.96	0.22960	725.40	0.0013785	2.0861	2.0962	5.9938	79.872	97.150	907.77	-0.21131	0.00025507	0.18830	0.016828	2.6645	0.37531	33.107	35.868	99.816	117.35	155.57	314.47	108.13	1.1456e-05	0.021564
361.64	0.24311	723.60	0.0013820	2.2499	2.2606	6.4477	80.226	97.689	902.44	-0.20721	0.00025060	0.18797	0.016673	2.8148	0.35527	33.141	35.908	99.488	117.79	156.65	314.73	103.68	1.1503e-05	0.021777
363.25	0.25661	721.86	0.0013853	2.4072	2.4186	6.8819	80.563	98.210	897.33	-0.20323	0.00024644	0.18766	0.016525	2.9650	0.33727	33.172	35.945	99.178	118.20	157.71	314.97	99.646	1.1547e-05	0.021983
364.80	0.27012	720.19	0.0013885	2.5587	2.5707	7.2981	80.887	98.714	892.41	-0.19935	0.00024254	0.18736	0.016382	3.1150	0.32103	33.202	35.980	98.883	118.60	158.73	315.18	95.980	1.1590e-05	0.022182
366.28	0.28362	718.58	0.0013916	2.7048	2.7175	7.6980	81.198	99.203	887.67	-0.19557	0.00023887	0.18707	0.016244	3.2649	0.30629	33.230	36.013	98.602	118.98	159.74	315.37	92.630	1.1630e-05	0.022375
367.70	0.29713	717.02	0.0013947	2.8461	2.8594	8.0829	81.497	99.678	883.09	-0.19187	0.00023541	0.18679	0.016111	3.4147	0.29285	33.256	36.044	98.333	119.35	160.72	315.54	89.556	1.1669e-05	0.022564
369.07	0.31063	715.50	0.0013976	2.9828	2.9967	8.4542	81.786	100.14	878.66	-0.18826	0.00023213	0.18652	0.015983	3.5645	0.28055	33.281	36.074	98.076	119.70	161.68	315.69	86.723	1.1706e-05	0.022747
370.40	0.32414	714.03	0.0014005	3.1154	3.1299	8.8128	82.064	100.59	874.37	-0.18471	0.00022903	0.18626	0.015858	3.7142	0.26924	33.305	36.102	97.830	120.05	162.62	315.82	84.104	1.1742e-05	0.022926
371.68	0.33765	712.60	0.0014033	3.2441	3.2593	9.1598	82.334	101.03	870.20	-0.18124	0.00022608	0.18601	0.015737	3.8638	0.25881	33.328	36.128	97.593	120.38	163.55	315.94	81.674	1.1777e-05	0.023101
372.92	0.35115	711.21	0.0014061	3.3692	3.3850	9.4959	82.594	101.46	866.15	-0.17783	0.00022328	0.18577	0.015619	4.0135	0.24916	33.349	36.153	97.365	120.71	164.47	316.04	79.412	1.1810e-05	0.023272
374.12	0.36466	709.86	0.0014087	3.4910	3.5074	9.8220	82.847	101.88	862.21	-0.17447	0.00022060	0.18554	0.015505	4.1631	0.24021	33.370	36.177	97.145	121.02	165.37	316.14	77.301	1.1842e-05	0.023439
375.29	0.37816	708.53	0.0014114	3.6096	3.6267	10.139	83.093	102.29	858.37	-0.17118	0.00021804	0.18531	0.015393	4.3127	0.23187	33.389	36.199	96.932	121.33	166.27	316.22	75.326	1.1873e-05	0.023603
376.42	0.39167	707.24	0.0014139	3.7253	3.7430	10.447	83.331	102.69	854.62	-0.16793	0.00021559	0.18509	0.015284	4.4623	0.22410	33.408	36.220	96.727	121.63	167.15	316.28	73.473	1.1904e-05	0.023764
377.52	0.40518	705.98	0.0014165	3.8382	3.8566	10.746	83.563	103.08	850.96	-0.16473	0.00021324	0.18487	0.015178	4.6120	0.21683	33.426	36.241	96.527	121.93	168.02	316.34	71.731	1.1933e-05	0.023921
378.59	0.41868	704.74	0.0014190	3.9486	3.9676	11.038	83.788	103.47	847.39	-0.16157	0.00021098	0.18466	0.015075	4.7617	0.21001	33.443	36.260	96.334	122.22	168.89	316.39	70.090	1.1961e-05	0.024077
379.64	0.43219	703.53	0.0014214	4.0564	4.0761	11.323	84.008	103.84	843.90	-0.15846	0.00020881	0.18446	0.014973	4.9114	0.20361	33.459	36.278	96.147	122.50	169.75	316.43	68.541	1.1989e-05	0.024229
380.66	0.44569	702.35	0.0014238	4.1620	4.1823	11.601	84.223	104.22	840.48	-0.15539	0.00020672	0.18426	0.014874	5.0612	0.19758	33.474	36.296	95.965	122.78	170.60	316.46	67.076	1.2016e-05	0.024379
381.65	0.45920	701.18	0.0014262	4.2653	4.2863	11.872	84.432	104.58	837.13	-0.15235	0.00020471	0.18406	0.014777	5.2111	0.19190	33.489	36.313	95.787	123.05	171.44	316.48	65.688	1.2042e-05	0.024527
382.62	0.47270	700.04	0.0014285	4.3666	4.3882	12.137	84.636	104.94	833.85	-0.14935	0.00020277	0.18387	0.014682	5.3610	0.18653	33.503	36.329	95.615	123.32	172.28	316.49	64.371	1.2067e-05	0.024672
383.57	0.48621	698.92	0.0014308	4.4659	4.4882	12.396	84.836	105.30	830.63	-0.14638	0.00020089	0.18369	0.014589	5.5111	0.18145	33.517	36.344	95.447	123.59	173.12	316.50	63.119	1.2092e-05	0.024815
384.50	0.49972	697.82	0.0014330	4.5633	4.5862	12.650	85.031	105.64	827.47	-0.14345	0.00019908	0.18351	0.014497	5.6612	0.17664	33.530	36.358	95.282	123.85	173.95	316.49	61.928	1.2116e-05	0.024957
385.40	0.51322	696.74	0.0014353	4.6589	4.6825	12.898	85.222	105.99	824.36	-0.14054	0.00019732	0.18333	0.014408	5.8113	0.17208	33.542	36.372	95.122	124.11	174.77	316.49	60.792	1.2140e-05	0.025096
386.29	0.52673	695.68	0.0014374	4.7528	4.7770	13.142	85.409	106.33	821.31	-0.13766	0.00019562	0.18316	0.014320	5.9616	0.16774	33.554	36.385	94.966	124.37	175.59	316.47	59.708	1.2163e-05	0.025234
387.16	0.54023	694.63	0.0014396	4.8450	4.8699	13.380	85.592	106.66	818.32	-0.13481	0.00019397	0.18299	0.014233	6.1120	0.16361	33.566	36.398	94.813	124.62	176.41	316.45	58.672	1.2185e-05	0.025370
388.02	0.55374	693.60	0.0014418	4.9357	4.9613	13.614	85.772	106.99	815.37	-0.13199	0.00019237	0.18282	0.014148	6.2625	0.15968	33.576	36.410	94.663	124.87	177.23	316.43	57.681	1.2207e-05	0.025504
388.85	0.56725	692.58	0.0014439	5.0249	5.0511	13.844	85.948	107.32	812.47	-0.12918	0.00019081	0.18266	0.014064	6.4132	0.15593	33.587	36.421	94.517	125.11	178.04	316.39	56.732	1.2229e-05	0.025637
389.67	0.58075	691.58	0.0014460	5.1126	5.1395	14.070	86.121	107.64	809.61	-0.12640	0.00018930	0.18250	0.013982	6.5639	0.15235	33.597	36.432	94.373	125.36	178.85	316.36	55.822	1.2250e-05	0.025769
390.48	0.59426	690.59	0.0014480	5.1990	5.2266	14.291	86.290	107.95	806.80	-0.12365	0.00018783	0.18234	0.013901	6.7148	0.14892	33.607	36.442	94.233	125.60	179.65	316.32	54.949	1.2270e-05	0.025899
391.27	0.60776	689.62	0.0014501	5.2841	5.3123	14.509	86.457	108.27	804.03	-0.12091	0.00018640	0.18219	0.013821	6.8658	0.14565	33.616	36.452	94.095	125.84	180.46	316.27	54.109	1.2291e-05	0.026027
392.05	0.62127	688.66	0.0014521	5.3678	5.3967	14.723	86.620	108.58	801.30	-0.11819	0.00018501	0.18204	0.013743	7.0170	0.14251	33.625	36.462	93.960	126.08	181.26	316.22	53.302	1.2311e-05	0.026155
392.81	0.63477	687.71	0.0014541	5.4504	5.4800	14.933	86.781	108.88	798.61	-0.11549	0.00018366	0.18189	0.013665	7.1683	0.13950	33.633	36.470	93.827	126.31	182.06	316.16	52.526	1.2330e-05	0.026281
393.56	0.64828	686.78	0.0014561	5.5317	5.5620	15.140	86.939	109.19	795.95	-0.11281	0.00018233	0.18174	0.013589	7.3197	0.13662	33.641	36.479	93.697	126.54	182.86	316.10	51.777	1.2349e-05	0.026406
394.30	0.66179	685.86	0.0014580	5.6120	5.6429	15.344	87.094	109.49	793.33	-0.11014	0.00018104	0.18160	0.013514	7.4713	0.13385	33.649	36.487	93.569	126.77	183.66	316.04	51.056	1.2368e-05	0.026529
395.03	0.67529	684.94	0.0014600	5.6911	5.7227	15.545	87.247	109.78	790.75	-0.10750	0.00017979	0.18146	0.013440	7.6231	0.13118	33.656	36.495	93.443	127.00	184.45	315.97	50.360	1.2386e-05	0.026652
395.74	0.68880	684.04	0.0014619	5.7692	5.8015	15.742	87.397	110.08	788.20	-0.10486	0.00017856	0.18132	0.013367	7.7750	0.12862	33.663	36.502	93.319	127.23	185.25	315.90	49.687	1.2405e-05	0.026774
396.45	0.70230	683.15	0.0014638	5.8463	5.8792	15.937	87.546	110.37	785.68	-0.10225	0.00017736	0.18118	0.013295	7.9271	0.12615	33.670	36.509	93.197	127.45	186.04	315.82	49.037	1.2422e-05	0.026895
397.14	0.71581	682.27	0.0014657	5.9223	5.9559	16.129	87.691	110.66	783.19	-0.099641	0.00017618	0.18105	0.013223	8.0793	0.12377	33.677	36.515	93.078	127.68	186.83	315.75	48.409	1.2440e-05	0.027014
397.82	0.72932	681.40	0.0014676	5.9974	6.0317	16.318	87.835	110.94	780.73	-0.097051	0.00017504	0.18092	0.013153	8.2317	0.12148	33.683	36.522	92.960	127.90	187.63	315.66	47.801	1.2457e-05	0.027133
398.50	0.74282	680.53	0.0014694	6.0716	6.1066	16.504	87.977	111.23	778.30	-0.094473	0.00017391	0.18079	0.013084	8.3843	0.11927	33.689	36.527	92.843	128.12	188.42	315.58	47.212	1.2474e-05	0.027251
399.16	0.75633	679.68	0.0014713	6.1449	6.1806	16.688	88.116	111.51	775.90	-0.091907	0.00017282	0.18066	0.013015	8.5371	0.11714	33.694	36.533	92.729	128.34	189.20	315.49	46.642	1.2491e-05	0.027368
399.81	0.76983	678.84	0.0014731	6.2173	6.2537	16.870	88.254	111.78	773.52	-0.089353	0.00017174	0.18054	0.012947	8.6901	0.11507	33.700	36.538	92.616	128.55	189.99	315.40	46.089	1.2507e-05	0.027484
400.46	0.78334	678.00	0.0014749	6.2889	6.3260	17.049	88.389	112.06	771.17	-0.086810	0.00017069	0.18041	0.012880	8.8432	0.11308	33.705	36.543	92.505	128.77	190.78	315.31	45.552	1.2524e-05	0.027599
401.09	0.79684	677.17	0.0014767	6.3597	6.3974	17.225	88.523	112.33	768.85	-0.084278	0.00016966	0.18029	0.012814	8.9965	0.11115	33.710	36.548	92.396	128.98	191.57	315.21	45.031	1.2540e-05	0.027714
401.72	0.81035	676.35	0.0014785	6.4297	6.4681	17.400	88.655	112.61	766.55	-0.081755	0.00016864	0.18017	0.012749	9.1500	0.10929	33.714	36.552	92.287	129.20	192.35	315.11	44.525	1.2555e-05	0.027828
402.34	0.82386	675.54	0.0014803	6.4989	6.5380	17.572	88.785	112.88	764.27	-0.079243	0.00016765	0.18005	0.012684	9.3037	0.10748	33.719	36.556	92.181	129.41	193.14	315.01	44.034	1.2571e-05	0.027941
402.95	0.83736	674.74	0.0014821	6.5674	6.6071	17.742	88.914	113.14	762.02	-0.076740	0.00016668	0.17993	0.012620	9.4577	0.10573	33.723	36.560	92.076	129.62	193.92	314.90	43.556	1.2586e-05	0.028054
403.55	0.85087	673.94	0.0014838	6.6351	6.6756	17.910	89.041	113.41	759.79	-0.074245	0.00016573	0.17982	0.012557	9.6118	0.10404	33.727	36.563	91.972	129.82	194.71	314.80	43.091	1.2601e-05	0.028165
404.15	0.86437	673.15	0.0014856	6.7021	6.7433	18.076	89.166	113.67	757.58	-0.071759	0.00016479	0.17970	0.012494	9.7661	0.10240	33.730	36.566	91.869	130.03	195.49	314.69	42.638	1.2616e-05	0.028277
404.74	0.87788	672.37	0.0014873	6.7685	6.8103	18.241	89.290	113.94	755.39	-0.069281	0.00016387	0.17959	0.012432	9.9206	0.10080	33.734	36.569	91.768	130.23	196.28	314.58	42.197	1.2631e-05	0.028387
405.32	0.89139	671.59	0.0014890	6.8342	6.8767	18.403	89.413	114.20	753.23	-0.066810	0.00016297	0.17948	0.012371	10.075	0.099252	33.737	36.572	91.668	130.44	197.06	314.46	41.768	1.2646e-05	0.028497
405.89	0.90489	670.82	0.0014907	6.8992	6.9424	18.563	89.534	114.46	751.08	-0.064347	0.00016208	0.17937	0.012310	10.230	0.097749	33.741	36.575	91.569	130.64	197.84	314.35	41.350	1.2660e-05	0.028607
406.46	0.91840	670.05	0.0014924	6.9636	7.0075	18.722	89.653	114.71	748.96	-0.061891	0.00016121	0.17926	0.012250	10.385	0.096289	33.743	36.577	91.471	130.84	198.62	314.23	40.942	1.2674e-05	0.028715
407.02	0.93190	669.30	0.0014941	7.0274	7.0720	18.879	89.771	114.97	746.85	-0.059441	0.00016035	0.17915	0.012191	10.541	0.094870	33.746	36.579	91.374	131.04	199.40	314.11	40.544	1.2688e-05	0.028824
407.57	0.94541	668.54	0.0014958	7.0906	7.1359	19.034	89.888	115.22	744.76	-0.056998	0.00015951	0.17905	0.012132	10.696	0.093490	33.749	36.581	91.279	131.24	200.18	313.99	40.156	1.2702e-05	0.028931
408.12	0.95891	667.80	0.0014975	7.1532	7.1992	19.188	90.003	115.47	742.69	-0.054560	0.00015868	0.17894	0.012073	10.852	0.092148	33.751	36.583	91.184	131.44	200.96	313.86	39.777	1.2716e-05	0.029039
408.66	0.97242	667.06	0.0014991	7.2152	7.2619	19.340	90.118	115.73	740.64	-0.052128	0.00015787	0.17884	0.012015	11.008	0.090842	33.754	36.584	91.091	131.63	201.74	313.74	39.407	1.2729e-05	0.029146
409.20	0.98593	666.32	0.0015008	7.2767	7.3241	19.490	90.231	115.98	738.61	-0.049702	0.00015707	0.17874	0.011958	11.164	0.089570	33.756	36.585	90.999	131.83	202.52	313.61	39.046	1.2743e-05	0.029252
409.73	0.99943	665.59	0.0015024	7.3376	7.3857	19.639	90.342	116.22	736.59	-0.047280	0.00015628	0.17864	0.011901	11.321	0.088332	33.758	36.586	90.907	132.02	203.30	313.48	38.692	1.2756e-05	0.029358
410.25	1.0129	664.87	0.0015041	7.3980	7.4468	19.787	90.453	116.47	734.59	-0.044864	0.00015550	0.17854	0.011845	11.478	0.087127	33.759	36.587	90.817	132.21	204.07	313.35	38.347	1.2769e-05	0.029463
410.77	1.0264	664.15	0.0015057	7.4578	7.5073	19.933	90.562	116.72	732.60	-0.042452	0.00015474	0.17844	0.011789	11.634	0.085951	33.761	36.588	90.727	132.40	204.85	313.22	38.009	1.2782e-05	0.029568
411.29	1.0399	663.44	0.0015073	7.5172	7.5674	20.077	90.671	116.96	730.63	-0.040044	0.00015399	0.17834	0.011734	11.792	0.084806	33.762	36.588	90.638	132.59	205.63	313.08	37.679	1.2795e-05	0.029673
411.79	1.0535	662.73	0.0015089	7.5760	7.6270	20.220	90.778	117.20	728.68	-0.037641	0.00015325	0.17825	0.011679	11.949	0.083689	33.764	36.589	90.551	132.78	206.40	312.95	37.355	1.2808e-05	0.029777
412.30	1.0670	662.02	0.0015105	7.6344	7.6861	20.362	90.884	117.45	726.74	-0.035241	0.00015252	0.17815	0.011625	12.107	0.082599	33.765	36.589	90.464	132.97	207.17	312.81	37.039	1.2820e-05	0.029881
412.80	1.0805	661.32	0.0015121	7.6923	7.7447	20.503	90.989	117.69	724.82	-0.032845	0.00015180	0.17806	0.011571	12.265	0.081536	33.766	36.589	90.378	133.15	207.95	312.67	36.729	1.2833e-05	0.029984
413.29	1.0940	660.63	0.0015137	7.7498	7.8028	20.642	91.094	117.93	722.91	-0.030452	0.00015109	0.17796	0.011518	12.423	0.080498	33.767	36.589	90.292	133.33	208.72	312.53	36.425	1.2845e-05	0.030088
413.78	1.1075	659.94	0.0015153	7.8068	7.8605	20.780	91.197	118.17	721.01	-0.028063	0.00015039	0.17787	0.011465	12.581	0.079485	33.768	36.588	90.208	133.52	209.49	312.39	36.127	1.2857e-05	0.030190
414.26	1.1210	659.25	0.0015169	7.8633	7.9178	20.916	91.299	118.40	719.13	-0.025676	0.00014970	0.17778	0.011412	12.740	0.078496	33.768	36.588	90.124	133.70	210.26	312.25	35.835	1.2869e-05	0.030293
414.74	1.1345	658.57	0.0015184	7.9194	7.9746	21.052	91.400	118.64	717.26	-0.023292	0.00014902	0.17769	0.011360	12.898	0.077529	33.769	36.587	90.041	133.88	211.03	312.11	35.549	1.2881e-05	0.030395
415.21	1.1480	657.89	0.0015200	7.9751	8.0310	21.186	91.500	118.88	715.41	-0.020911	0.00014835	0.17760	0.011308	13.057	0.076585	33.769	36.586	89.959	134.06	211.80	311.96	35.269	1.2893e-05	0.030497
415.68	1.1615	657.22	0.0015216	8.0303	8.0870	21.319	91.600	119.11	713.57	-0.018532	0.00014769	0.17751	0.011257	13.217	0.075662	33.770	36.585	89.877	134.23	212.56	311.82	34.994	1.2905e-05	0.030598
416.15	1.1750	656.55	0.0015231	8.0852	8.1425	21.451	91.698	119.35	711.74	-0.016156	0.00014704	0.17743	0.011206	13.376	0.074759	33.770	36.584	89.797	134.41	213.33	311.67	34.724	1.2917e-05	0.030700
416.61	1.1885	655.88	0.0015247	8.1397	8.1977	21.582	91.796	119.58	709.92	-0.013781	0.00014639	0.17734	0.011155	13.536	0.073877	33.770	36.583	89.716	134.58	214.09	311.52	34.459	1.2929e-05	0.030800
417.07	1.2020	655.22	0.0015262	8.1937	8.2525	21.712	91.893	119.81	708.12	-0.011408	0.00014576	0.17726	0.011105	13.696	0.073013	33.770	36.582	89.637	134.76	214.85	311.37	34.198	1.2940e-05	0.030901
417.52	1.2155	654.56	0.0015277	8.2474	8.3069	21.841	91.989	120.04	706.33	-0.0090368	0.00014513	0.17717	0.011055	13.856	0.072169	33.770	36.580	89.558	134.93	215.62	311.22	33.943	1.2952e-05	0.031002
417.97	1.2290	653.91	0.0015293	8.3007	8.3609	21.969	92.084	120.27	704.55	-0.0066671	0.00014451	0.17709	0.011006	14.017	0.071342	33.769	36.579	89.480	135.10	216.37	311.07	33.692	1.2963e-05	0.031102
418.42	1.2425	653.25	0.0015308	8.3536	8.4146	22.095	92.178	120.50	702.78	-0.0042987	0.00014390	0.17700	0.010957	14.178	0.070533	33.769	36.577	89.403	135.27	217.13	310.92	33.445	1.2974e-05	0.031202
418.86	1.2560	652.61	0.0015323	8.4062	8.4678	22.221	92.272	120.73	701.02	-0.0019315	0.00014330	0.17692	0.010908	14.339	0.069741	33.769	36.575	89.326	135.43	217.89	310.76	33.203	1.2985e-05	0.031301
419.30	1.2695	651.96	0.0015338	8.4584	8.5208	22.346	92.365	120.96	699.28	0.00043470	0.00014270	0.17684	0.010860	14.500	0.068965	33.768	36.574	89.250	135.60	218.64	310.61	32.964	1.2996e-05	0.031401
419.73	1.2831	651.32	0.0015353	8.5102	8.5734	22.470	92.457	121.19	697.54	0.0028000	0.00014212	0.17676	0.010812	14.662	0.068205	33.767	36.571	89.174	135.76	219.39	310.45	32.730	1.3007e-05	0.031500
420.16	1.2966	650.68	0.0015368	8.5618	8.6256	22.592	92.548	121.41	695.82	0.0051646	0.00014153	0.17668	0.010764	14.824	0.067460	33.767	36.569	89.099	135.93	220.14	310.30	32.500	1.3018e-05	0.031599
420.59	1.3101	650.05	0.0015383	8.6129	8.6775	22.714	92.639	121.64	694.10	0.0075287	0.00014096	0.17660	0.010717	14.986	0.066731	33.766	36.567	89.025	136.09	220.89	310.14	32.273	1.3029e-05	0.031698
421.01	1.3236	649.42	0.0015398	8.6638	8.7291	22.835	92.729	121.87	692.40	0.0098923	0.00014039	0.17652	0.010670	15.148	0.066016	33.765	36.565	88.951	136.25	221.64	309.98	32.050	1.3040e-05	0.031796
421.43	1.3371	648.79	0.0015413	8.7143	8.7803	22.955	92.818	122.09	690.71	0.012256	0.00013983	0.17644	0.010623	15.311	0.065315	33.764	36.562	88.878	136.41	222.38	309.83	31.830	1.3051e-05	0.031895
421.85	1.3506	648.16	0.0015428	8.7645	8.8313	23.075	92.906	122.31	689.03	0.014619	0.00013928	0.17637	0.010577	15.473	0.064627	33.763	36.560	88.805	136.56	223.12	309.67	31.614	1.3061e-05	0.031993
422.27	1.3641	647.54	0.0015443	8.8144	8.8819	23.193	92.994	122.54	687.35	0.016982	0.00013873	0.17629	0.010531	15.636	0.063953	33.762	36.557	88.733	136.72	223.86	309.51	31.402	1.3072e-05	0.032091
422.68	1.3776	646.92	0.0015458	8.8640	8.9322	23.310	93.081	122.76	685.69	0.019345	0.00013819	0.17621	0.010485	15.800	0.063292	33.761	36.554	88.661	136.87	224.59	309.35	31.192	1.3083e-05	0.032189
423.08	1.3911	646.31	0.0015473	8.9133	8.9822	23.427	93.168	122.98	684.04	0.021709	0.00013765	0.17614	0.010439	15.963	0.062643	33.759	36.552	88.590	137.02	225.33	309.19	30.986	1.3093e-05	0.032287
423.49	1.4046	645.69	0.0015487	8.9622	9.0319	23.543	93.254	123.20	682.39	0.024072	0.00013712	0.17606	0.010394	16.127	0.062006	33.758	36.549	88.519	137.17	226.06	309.03	30.783	1.3103e-05	0.032384
423.89	1.4181	645.08	0.0015502	9.0109	9.0814	23.658	93.339	123.43	680.76	0.026437	0.00013660	0.17599	0.010349	16.292	0.061382	33.756	36.546	88.449	137.32	226.78	308.86	30.583	1.3114e-05	0.032482
424.29	1.4316	644.47	0.0015517	9.0593	9.1305	23.772	93.424	123.65	679.13	0.028802	0.00013608	0.17592	0.010305	16.456	0.060768	33.755	36.543	88.380	137.47	227.51	308.70	30.385	1.3124e-05	0.032579
424.68	1.4451	643.87	0.0015531	9.1074	9.1794	23.886	93.508	123.87	677.51	0.031167	0.00013556	0.17585	0.010260	16.621	0.060166	33.753	36.539	88.311	137.62	228.23	308.54	30.191	1.3134e-05	0.032676
425.07	1.4586	643.26	0.0015546	9.1553	9.2279	23.999	93.592	124.09	675.90	0.033534	0.00013506	0.17577	0.010216	16.786	0.059575	33.752	36.536	88.242	137.76	228.95	308.37	29.999	1.3144e-05	0.032773
425.46	1.4721	642.66	0.0015560	9.2028	9.2762	24.111	93.675	124.31	674.30	0.035901	0.00013455	0.17570	0.010172	16.951	0.058994	33.750	36.533	88.174	137.90	229.66	308.21	29.810	1.3155e-05	0.032870
425.85	1.4856	642.07	0.0015575	9.2501	9.3243	24.222	93.757	124.52	672.71	0.038270	0.00013406	0.17563	0.010129	17.116	0.058424	33.748	36.529	88.106	138.04	230.37	308.05	29.624	1.3165e-05	0.032967
426.23	1.4991	641.47	0.0015589	9.2972	9.3721	24.332	93.839	124.74	671.13	0.040639	0.00013357	0.17556	0.010086	17.282	0.057864	33.746	36.526	88.039	138.18	231.08	307.88	29.440	1.3175e-05	0.033063
426.61	1.5127	640.88	0.0015604	9.3439	9.4196	24.442	93.921	124.96	669.56	0.043010	0.00013308	0.17549	0.010042	17.448	0.057313	33.745	36.522	87.972	138.32	231.78	307.71	29.258	1.3185e-05	0.033160
426.99	1.5262	640.29	0.0015618	9.3905	9.4668	24.551	94.001	125.18	667.99	0.045383	0.00013260	0.17542	0.0099997	17.614	0.056772	33.743	36.519	87.906	138.45	232.48	307.55	29.079	1.3194e-05	0.033256
427.37	1.5397	639.70	0.0015632	9.4367	9.5138	24.660	94.082	125.40	666.43	0.047756	0.00013212	0.17535	0.0099572	17.781	0.056241	33.741	36.515	87.840	138.59	233.17	307.38	28.903	1.3204e-05	0.033352
427.74	1.5532	639.11	0.0015647	9.4827	9.5606	24.768	94.161	125.61	664.88	0.050132	0.00013165	0.17529	0.0099149	17.948	0.055718	33.739	36.511	87.775	138.72	233.86	307.22	28.729	1.3214e-05	0.033448
428.11	1.5667	638.53	0.0015661	9.5285	9.6071	24.875	94.241	125.83	663.34	0.052509	0.00013118	0.17522	0.0098729	18.115	0.055204	33.736	36.508	87.710	138.85	234.55	307.05	28.556	1.3224e-05	0.033544
428.48	1.5802	637.95	0.0015675	9.5740	9.6534	24.981	94.319	126.05	661.80	0.054888	0.00013072	0.17515	0.0098311	18.282	0.054699	33.734	36.504	87.645	138.97	235.23	306.88	28.387	1.3234e-05	0.033640
428.85	1.5937	637.37	0.0015690	9.6193	9.6994	25.087	94.398	126.26	660.28	0.057268	0.00013026	0.17509	0.0097896	18.449	0.054202	33.732	36.500	87.581	139.10	235.91	306.72	28.219	1.3243e-05	0.033736
429.21	1.6072	636.79	0.0015704	9.6644	9.7452	25.192	94.476	126.48	658.76	0.059651	0.00012981	0.17502	0.0097483	18.617	0.053714	33.730	36.496	87.518	139.22	236.58	306.55	28.053	1.3253e-05	0.033831
429.57	1.6207	636.22	0.0015718	9.7092	9.7908	25.297	94.553	126.69	657.24	0.062036	0.00012936	0.17495	0.0097072	18.785	0.053233	33.728	36.492	87.454	139.35	237.25	306.38	27.890	1.3263e-05	0.033927
429.93	1.6342	635.64	0.0015732	9.7538	9.8362	25.401	94.630	126.91	655.74	0.064423	0.00012891	0.17489	0.0096663	18.954	0.052760	33.725	36.488	87.392	139.47	237.91	306.21	27.728	1.3272e-05	0.034023
430.29	1.6477	635.07	0.0015746	9.7981	9.8813	25.504	94.706	127.12	654.24	0.066812	0.00012847	0.17483	0.0096257	19.122	0.052295	33.723	36.484	87.329	139.58	238.57	306.04	27.568	1.3282e-05	0.034118
430.64	1.6612	634.50	0.0015760	9.8423	9.9262	25.607	94.782	127.33	652.75	0.069204	0.00012803	0.17476	0.0095852	19.291	0.051837	33.720	36.480	87.267	139.70	239.22	305.88	27.410	1.3291e-05	0.034213
430.99	1.6747	633.94	0.0015774	9.8862	9.9709	25.709	94.858	127.55	651.27	0.071598	0.00012760	0.17470	0.0095450	19.460	0.051387	33.718	36.475	87.206	139.82	239.87	305.71	27.254	1.3301e-05	0.034308
431.34	1.6882	633.37	0.0015789	9.9299	10.015	25.810	94.933	127.76	649.79	0.073994	0.00012717	0.17464	0.0095051	19.630	0.050943	33.715	36.471	87.144	139.93	240.51	305.54	27.100	1.3310e-05	0.034404
431.69	1.7017	632.81	0.0015803	9.9735	10.060	25.911	95.007	127.98	648.32	0.076394	0.00012675	0.17457	0.0094653	19.799	0.050507	33.713	36.467	87.084	140.04	241.15	305.37	26.948	1.3320e-05	0.034499
432.03	1.7152	632.25	0.0015817	10.017	10.104	26.012	95.081	128.19	646.85	0.078795	0.00012632	0.17451	0.0094257	19.969	0.050077	33.710	36.463	87.023	140.15	241.78	305.20	26.797	1.3329e-05	0.034594
432.38	1.7287	631.69	0.0015831	10.060	10.148	26.112	95.155	128.40	645.40	0.081200	0.00012591	0.17445	0.0093864	20.139	0.049654	33.708	36.458	86.963	140.25	242.40	305.03	26.648	1.3338e-05	0.034689
432.72	1.7423	631.13	0.0015845	10.103	10.191	26.211	95.229	128.61	643.95	0.083608	0.00012549	0.17439	0.0093472	20.310	0.049237	33.705	36.454	86.904	140.36	243.02	304.86	26.501	1.3348e-05	0.034783
433.06	1.7558	630.58	0.0015859	10.145	10.235	26.310	95.302	128.83	642.50	0.086018	0.00012508	0.17433	0.0093082	20.481	0.048827	33.703	36.449	86.844	140.46	243.63	304.70	26.355	1.3357e-05	0.034878
433.39	1.7693	630.02	0.0015872	10.188	10.278	26.408	95.374	129.04	641.06	0.088432	0.00012468	0.17427	0.0092695	20.652	0.048423	33.700	36.445	86.786	140.56	244.24	304.53	26.211	1.3366e-05	0.034973
433.73	1.7828	629.47	0.0015886	10.230	10.321	26.506	95.447	129.25	639.63	0.090849	0.00012427	0.17421	0.0092309	20.823	0.048024	33.697	36.440	86.727	140.66	244.84	304.36	26.069	1.3376e-05	0.035067
434.06	1.7963	628.92	0.0015900	10.272	10.364	26.603	95.518	129.46	638.21	0.093269	0.00012387	0.17415	0.0091926	20.994	0.047632	33.694	36.436	86.669	140.75	245.43	304.19	25.928	1.3385e-05	0.035162
434.39	1.8098	628.37	0.0015914	10.314	10.407	26.700	95.590	129.68	636.79	0.095692	0.00012348	0.17409	0.0091544	21.166	0.047246	33.692	36.431	86.611	140.85	246.02	304.02	25.788	1.3394e-05	0.035256
434.72	1.8233	627.82	0.0015928	10.356	10.449	26.796	95.661	129.89	635.37	0.098119	0.00012308	0.17403	0.0091164	21.338	0.046865	33.689	36.427	86.554	140.94	246.60	303.85	25.650	1.3403e-05	0.035351
435.05	1.8368	627.28	0.0015942	10.398	10.491	26.892	95.732	130.10	633.97	0.10055	0.00012269	0.17397	0.0090786	21.510	0.046490	33.686	36.422	86.497	141.03	247.17	303.68	25.513	1.3412e-05	0.035445
435.37	1.8503	626.73	0.0015956	10.439	10.534	26.987	95.802	130.31	632.57	0.10298	0.00012231	0.17391	0.0090410	21.682	0.046120	33.683	36.418	86.440	141.11	247.74	303.51	25.378	1.3421e-05	0.035539
435.69	1.8638	626.19	0.0015970	10.480	10.575	27.082	95.872	130.52	631.17	0.10542	0.00012192	0.17386	0.0090036	21.855	0.045756	33.680	36.413	86.384	141.20	248.29	303.35	25.244	1.3431e-05	0.035634
436.02	1.8773	625.65	0.0015983	10.521	10.617	27.176	95.942	130.73	629.78	0.10786	0.00012154	0.17380	0.0089663	22.028	0.045396	33.678	36.408	86.328	141.28	248.84	303.18	25.112	1.3440e-05	0.035728
436.33	1.8908	625.11	0.0015997	10.562	10.659	27.270	96.011	130.94	628.39	0.11031	0.00012116	0.17374	0.0089292	22.201	0.045042	33.675	36.404	86.272	141.36	249.39	303.01	24.981	1.3449e-05	0.035822
436.65	1.9043	624.57	0.0016011	10.603	10.700	27.363	96.080	131.15	627.02	0.11275	0.00012079	0.17369	0.0088923	22.375	0.044693	33.672	36.399	86.217	141.44	249.92	302.84	24.851	1.3458e-05	0.035916
436.97	1.9178	624.04	0.0016025	10.643	10.742	27.456	96.148	131.37	625.64	0.11521	0.00012042	0.17363	0.0088556	22.548	0.044349	33.669	36.394	86.162	141.52	250.45	302.67	24.722	1.3467e-05	0.036010
437.28	1.9313	623.50	0.0016038	10.683	10.783	27.549	96.217	131.58	624.27	0.11766	0.00012005	0.17358	0.0088190	22.722	0.044010	33.666	36.390	86.108	141.59	250.97	302.51	24.595	1.3476e-05	0.036104
437.60	1.9448	622.97	0.0016052	10.724	10.824	27.641	96.285	131.79	622.91	0.12012	0.00011969	0.17352	0.0087827	22.897	0.043675	33.663	36.385	86.054	141.66	251.48	302.34	24.468	1.3485e-05	0.036198
437.91	1.9583	622.44	0.0016066	10.764	10.864	27.732	96.352	132.00	621.56	0.12259	0.00011932	0.17347	0.0087464	23.071	0.043345	33.660	36.380	86.000	141.73	251.99	302.17	24.343	1.3494e-05	0.036291
438.22	1.9719	621.91	0.0016080	10.803	10.905	27.823	96.420	132.21	620.20	0.12506	0.00011896	0.17341	0.0087104	23.246	0.043019	33.657	36.375	85.946	141.80	252.48	302.01	24.220	1.3503e-05	0.036385
438.52	1.9854	621.38	0.0016093	10.843	10.945	27.914	96.487	132.42	618.86	0.12753	0.00011861	0.17336	0.0086745	23.420	0.042698	33.654	36.371	85.893	141.86	252.97	301.84	24.097	1.3512e-05	0.036479
438.83	1.9989	620.85	0.0016107	10.883	10.986	28.004	96.553	132.63	617.51	0.13001	0.00011825	0.17330	0.0086388	23.596	0.042381	33.652	36.366	85.840	141.92	253.45	301.67	23.976	1.3521e-05	0.036572
439.13	2.0124	620.32	0.0016121	10.922	11.026	28.094	96.620	132.84	616.18	0.13249	0.00011790	0.17325	0.0086032	23.771	0.042068	33.649	36.361	85.788	141.98	253.92	301.51	23.855	1.3530e-05	0.036666
439.44	2.0259	619.80	0.0016134	10.961	11.066	28.184	96.686	133.05	614.85	0.13498	0.00011755	0.17320	0.0085678	23.946	0.041760	33.646	36.356	85.736	142.04	254.38	301.34	23.736	1.3539e-05	0.036759
439.74	2.0394	619.27	0.0016148	11.000	11.106	28.273	96.752	133.26	613.52	0.13747	0.00011720	0.17314	0.0085326	24.122	0.041455	33.643	36.352	85.684	142.09	254.84	301.17	23.618	1.3548e-05	0.036853
440.04	2.0529	618.75	0.0016162	11.039	11.145	28.361	96.817	133.47	612.20	0.13997	0.00011686	0.17309	0.0084975	24.298	0.041155	33.640	36.347	85.633	142.14	255.28	301.01	23.501	1.3557e-05	0.036946
440.33	2.0664	618.23	0.0016175	11.078	11.185	28.450	96.883	133.68	610.88	0.14247	0.00011652	0.17304	0.0084625	24.475	0.040859	33.637	36.342	85.582	142.19	255.72	300.84	23.385	1.3565e-05	0.037039
440.63	2.0799	617.71	0.0016189	11.117	11.224	28.538	96.948	133.89	609.57	0.14497	0.00011618	0.17299	0.0084277	24.651	0.040566	33.634	36.337	85.531	142.24	256.14	300.68	23.270	1.3574e-05	0.037132
440.93	2.0934	617.19	0.0016202	11.155	11.264	28.625	97.012	134.10	608.26	0.14749	0.00011584	0.17294	0.0083931	24.828	0.040277	33.631	36.333	85.480	142.29	256.56	300.52	23.156	1.3583e-05	0.037226
441.22	2.1069	616.67	0.0016216	11.193	11.303	28.712	97.077	134.32	606.96	0.15000	0.00011551	0.17289	0.0083586	25.005	0.039992	33.628	36.328	85.430	142.33	256.97	300.35	23.043	1.3592e-05	0.037319
441.51	2.1204	616.16	0.0016230	11.232	11.342	28.799	97.141	134.53	605.66	0.15252	0.00011518	0.17284	0.0083243	25.182	0.039711	33.625	36.323	85.380	142.37	257.37	300.19	22.931	1.3601e-05	0.037412
441.80	2.1339	615.64	0.0016243	11.270	11.381	28.885	97.205	134.74	604.37	0.15505	0.00011485	0.17278	0.0082901	25.359	0.039433	33.622	36.318	85.331	142.41	257.76	300.02	22.820	1.3610e-05	0.037505
442.09	2.1474	615.13	0.0016257	11.308	11.419	28.971	97.268	134.95	603.08	0.15758	0.00011452	0.17273	0.0082560	25.537	0.039159	33.619	36.314	85.282	142.44	258.14	299.86	22.710	1.3619e-05	0.037598
442.38	2.1609	614.61	0.0016270	11.345	11.458	29.057	97.332	135.16	601.79	0.16012	0.00011420	0.17268	0.0082221	25.715	0.038888	33.616	36.309	85.233	142.48	258.51	299.70	22.600	1.3628e-05	0.037690
442.67	2.1744	614.10	0.0016284	11.383	11.496	29.142	97.395	135.37	600.51	0.16266	0.00011387	0.17263	0.0081883	25.893	0.038621	33.613	36.304	85.184	142.51	258.87	299.54	22.492	1.3636e-05	0.037783
442.95	2.1879	613.59	0.0016297	11.420	11.535	29.227	97.458	135.58	599.24	0.16520	0.00011355	0.17259	0.0081547	26.071	0.038357	33.611	36.300	85.136	142.53	259.22	299.37	22.385	1.3645e-05	0.037876
443.23	2.2015	613.08	0.0016311	11.458	11.573	29.312	97.520	135.79	597.97	0.16776	0.00011324	0.17254	0.0081212	26.249	0.038096	33.608	36.295	85.088	142.56	259.57	299.21	22.279	1.3654e-05	0.037968
443.52	2.2150	612.57	0.0016325	11.495	11.611	29.396	97.583	136.00	596.70	0.17032	0.00011292	0.17249	0.0080878	26.428	0.037839	33.605	36.290	85.041	142.58	259.90	299.05	22.173	1.3663e-05	0.038061
443.80	2.2285	612.07	0.0016338	11.532	11.649	29.480	97.645	136.22	595.44	0.17288	0.00011261	0.17244	0.0080546	26.607	0.037584	33.602	36.286	84.994	142.60	260.22	298.89	22.069	1.3672e-05	0.038153
444.08	2.2420	611.56	0.0016352	11.569	11.687	29.563	97.707	136.43	594.18	0.17545	0.00011229	0.17239	0.0080215	26.786	0.037333	33.599	36.281	84.947	142.62	260.54	298.73	21.965	1.3681e-05	0.038246
444.35	2.2555	611.05	0.0016365	11.606	11.724	29.647	97.768	136.64	592.92	0.17803	0.00011199	0.17234	0.0079886	26.965	0.037085	33.596	36.276	84.900	142.64	260.84	298.57	21.862	1.3690e-05	0.038338
444.63	2.2690	610.55	0.0016379	11.643	11.762	29.729	97.830	136.85	591.67	0.18061	0.00011168	0.17229	0.0079557	27.145	0.036840	33.593	36.272	84.854	142.65	261.14	298.41	21.760	1.3698e-05	0.038430
444.91	2.2825	610.04	0.0016392	11.679	11.799	29.812	97.891	137.06	590.43	0.18319	0.00011137	0.17225	0.0079230	27.324	0.036598	33.591	36.267	84.808	142.66	261.42	298.25	21.659	1.3707e-05	0.038523
445.18	2.2960	609.54	0.0016406	11.716	11.837	29.894	97.952	137.28	589.19	0.18579	0.00011107	0.17220	0.0078905	27.504	0.036358	33.588	36.263	84.762	142.67	261.70	298.09	21.559	1.3716e-05	0.038615
445.46	2.3095	609.04	0.0016419	11.752	11.874	29.976	98.012	137.49	587.95	0.18839	0.00011077	0.17215	0.0078580	27.684	0.036122	33.585	36.258	84.717	142.67	261.96	297.93	21.459	1.3725e-05	0.038707
445.73	2.3230	608.54	0.0016433	11.789	11.911	30.058	98.073	137.70	586.71	0.19099	0.00011047	0.17211	0.0078257	27.864	0.035888	33.582	36.254	84.672	142.68	262.22	297.78	21.361	1.3734e-05	0.038799
446.00	2.3365	608.04	0.0016446	11.825	11.948	30.139	98.133	137.91	585.48	0.19361	0.00011017	0.17206	0.0077935	28.045	0.035657	33.580	36.249	84.627	142.68	262.46	297.62	21.263	1.3743e-05	0.038891
446.27	2.3500	607.54	0.0016460	11.861	11.985	30.220	98.193	138.13	584.25	0.19622	0.00010987	0.17201	0.0077615	28.225	0.035429	33.577	36.245	84.582	142.67	262.70	297.46	21.166	1.3752e-05	0.038983
446.54	2.3635	607.04	0.0016473	11.897	12.021	30.301	98.253	138.34	583.03	0.19885	0.00010958	0.17197	0.0077295	28.406	0.035204	33.574	36.240	84.538	142.67	262.93	297.31	21.069	1.3761e-05	0.039074
446.80	2.3770	606.54	0.0016487	11.932	12.058	30.381	98.313	138.55	581.81	0.20148	0.00010929	0.17192	0.0076977	28.587	0.034981	33.572	36.236	84.494	142.66	263.14	297.15	20.974	1.3769e-05	0.039166
447.07	2.3905	606.05	0.0016500	11.968	12.094	30.461	98.372	138.77	580.60	0.20412	0.00010900	0.17188	0.0076660	28.768	0.034760	33.569	36.232	84.451	142.65	263.35	296.99	20.879	1.3778e-05	0.039258
447.33	2.4040	605.55	0.0016514	12.004	12.131	30.541	98.432	138.98	579.39	0.20676	0.00010871	0.17183	0.0076345	28.950	0.034543	33.566	36.227	84.407	142.64	263.55	296.84	20.785	1.3787e-05	0.039349
447.60	2.4175	605.06	0.0016527	12.039	12.167	30.620	98.491	139.19	578.18	0.20941	0.00010842	0.17179	0.0076030	29.131	0.034327	33.564	36.223	84.364	142.63	263.73	296.68	20.692	1.3796e-05	0.039441
447.86	2.4311	604.56	0.0016541	12.074	12.203	30.700	98.550	139.41	576.97	0.21207	0.00010814	0.17174	0.0075717	29.313	0.034114	33.561	36.219	84.322	142.61	263.91	296.53	20.600	1.3805e-05	0.039532
448.12	2.4446	604.07	0.0016554	12.110	12.239	30.778	98.608	139.62	575.77	0.21474	0.00010786	0.17170	0.0075404	29.495	0.033904	33.559	36.214	84.279	142.59	264.08	296.37	20.508	1.3814e-05	0.039623
448.38	2.4581	603.58	0.0016568	12.145	12.275	30.857	98.667	139.84	574.57	0.21741	0.00010757	0.17165	0.0075093	29.677	0.033696	33.556	36.210	84.237	142.57	264.24	296.22	20.417	1.3823e-05	0.039715
448.64	2.4716	603.09	0.0016581	12.180	12.311	30.935	98.725	140.05	573.38	0.22009	0.00010729	0.17161	0.0074783	29.859	0.033490	33.554	36.206	84.195	142.55	264.39	296.07	20.327	1.3832e-05	0.039806
448.90	2.4851	602.60	0.0016595	12.215	12.347	31.013	98.783	140.27	572.19	0.22277	0.00010702	0.17157	0.0074474	30.042	0.033287	33.551	36.202	84.154	142.52	264.53	295.91	20.237	1.3841e-05	0.039897
449.16	2.4986	602.11	0.0016608	12.250	12.383	31.091	98.841	140.48	571.00	0.22547	0.00010674	0.17152	0.0074167	30.224	0.033086	33.549	36.197	84.113	142.49	264.66	295.76	20.149	1.3850e-05	0.039988
449.41	2.5121	601.62	0.0016622	12.284	12.418	31.169	98.899	140.70	569.82	0.22817	0.00010646	0.17148	0.0073860	30.407	0.032887	33.546	36.193	84.072	142.46	264.78	295.61	20.061	1.3858e-05	0.040079
449.67	2.5256	601.13	0.0016635	12.319	12.454	31.246	98.956	140.92	568.64	0.23087	0.00010619	0.17144	0.0073555	30.590	0.032690	33.544	36.189	84.031	142.43	264.89	295.46	19.973	1.3867e-05	0.040170
449.92	2.5391	600.64	0.0016649	12.354	12.489	31.323	99.014	141.13	567.46	0.23359	0.00010592	0.17139	0.0073250	30.773	0.032496	33.541	36.185	83.991	142.39	264.99	295.30	19.887	1.3876e-05	0.040260
450.17	2.5526	600.15	0.0016662	12.388	12.524	31.400	99.071	141.35	566.29	0.23631	0.00010565	0.17135	0.0072947	30.957	0.032303	33.539	36.181	83.951	142.35	265.09	295.15	19.801	1.3885e-05	0.040351
450.43	2.5661	599.67	0.0016676	12.422	12.559	31.476	99.128	141.57	565.11	0.23904	0.00010538	0.17131	0.0072645	31.140	0.032113	33.537	36.177	83.911	142.31	265.17	295.00	19.716	1.3894e-05	0.040442
450.68	2.5796	599.18	0.0016689	12.457	12.594	31.553	99.185	141.78	563.95	0.24178	0.00010511	0.17126	0.0072343	31.324	0.031925	33.534	36.173	83.871	142.27	265.25	294.85	19.631	1.3903e-05	0.040532
450.93	2.5931	598.70	0.0016703	12.491	12.629	31.629	99.242	142.00	562.78	0.24453	0.00010485	0.17122	0.0072043	31.507	0.031739	33.532	36.169	83.832	142.23	265.31	294.70	19.548	1.3912e-05	0.040623
451.17	2.6066	598.21	0.0016716	12.525	12.664	31.704	99.298	142.22	561.62	0.24728	0.00010459	0.17118	0.0071744	31.691	0.031554	33.530	36.165	83.793	142.18	265.37	294.55	19.464	1.3921e-05	0.040713
451.42	2.6201	597.73	0.0016730	12.559	12.699	31.780	99.355	142.44	560.46	0.25004	0.00010432	0.17114	0.0071446	31.875	0.031372	33.528	36.162	83.754	142.13	265.42	294.40	19.382	1.3930e-05	0.040803
451.67	2.6336	597.25	0.0016744	12.593	12.734	31.855	99.411	142.66	559.31	0.25281	0.00010406	0.17110	0.0071149	32.060	0.031192	33.526	36.158	83.716	142.08	265.46	294.25	19.300	1.3939e-05	0.040893
451.91	2.6471	596.76	0.0016757	12.626	12.768	31.930	99.467	142.88	558.16	0.25559	0.00010380	0.17106	0.0070853	32.244	0.031013	33.523	36.154	83.678	142.02	265.50	294.10	19.219	1.3948e-05	0.040984
452.16	2.6606	596.28	0.0016771	12.660	12.803	32.005	99.523	143.09	557.01	0.25837	0.00010354	0.17101	0.0070558	32.429	0.030837	33.521	36.150	83.640	141.97	265.52	293.95	19.139	1.3957e-05	0.041074
452.40	2.6742	595.80	0.0016784	12.694	12.837	32.079	99.579	143.31	555.86	0.26117	0.00010329	0.17097	0.0070264	32.613	0.030662	33.519	36.146	83.602	141.91	265.54	293.81	19.059	1.3967e-05	0.041164
452.65	2.6877	595.32	0.0016798	12.727	12.872	32.154	99.634	143.53	554.72	0.26397	0.00010303	0.17093	0.0069971	32.798	0.030489	33.517	36.143	83.565	141.85	265.55	293.66	18.980	1.3976e-05	0.041254
452.89	2.7012	594.84	0.0016811	12.760	12.906	32.228	99.690	143.76	553.58	0.26678	0.00010278	0.17089	0.0069679	32.983	0.030318	33.515	36.139	83.527	141.79	265.55	293.51	18.902	1.3985e-05	0.041344
453.13	2.7147	594.36	0.0016825	12.794	12.940	32.301	99.745	143.98	552.44	0.26960	0.00010253	0.17085	0.0069388	33.169	0.030149	33.513	36.135	83.491	141.72	265.54	293.36	18.824	1.3994e-05	0.041433
453.37	2.7282	593.88	0.0016838	12.827	12.974	32.375	99.800	144.20	551.30	0.27243	0.00010228	0.17081	0.0069098	33.354	0.029982	33.511	36.132	83.454	141.66	265.53	293.21	18.747	1.4003e-05	0.041523
453.61	2.7417	593.40	0.0016852	12.860	13.008	32.448	99.855	144.42	550.17	0.27526	0.00010203	0.17077	0.0068809	33.539	0.029816	33.509	36.128	83.418	141.59	265.51	293.07	18.671	1.4012e-05	0.041613
453.85	2.7552	592.93	0.0016866	12.893	13.042	32.521	99.910	144.64	549.04	0.27811	0.00010178	0.17073	0.0068521	33.725	0.029652	33.507	36.125	83.381	141.52	265.48	292.92	18.595	1.4021e-05	0.041702
454.09	2.7687	592.45	0.0016879	12.926	13.076	32.594	99.965	144.86	547.92	0.28096	0.00010153	0.17069	0.0068233	33.911	0.029489	33.505	36.121	83.346	141.44	265.45	292.77	18.520	1.4030e-05	0.041792
454.32	2.7822	591.97	0.0016893	12.959	13.110	32.667	100.02	145.09	546.79	0.28383	0.00010128	0.17065	0.0067947	34.097	0.029328	33.503	36.118	83.310	141.37	265.40	292.63	18.446	1.4040e-05	0.041881
454.56	2.7957	591.50	0.0016906	12.992	13.143	32.740	100.07	145.31	545.67	0.28670	0.00010104	0.17061	0.0067662	34.283	0.029169	33.501	36.114	83.275	141.29	265.35	292.48	18.372	1.4049e-05	0.041971
454.79	2.8092	591.02	0.0016920	13.025	13.177	32.812	100.13	145.54	544.55	0.28958	0.00010080	0.17057	0.0067377	34.469	0.029011	33.500	36.111	83.239	141.21	265.30	292.33	18.299	1.4058e-05	0.042060
455.03	2.8227	590.55	0.0016933	13.057	13.210	32.884	100.18	145.76	543.44	0.29247	0.00010056	0.17053	0.0067094	34.656	0.028855	33.498	36.108	83.205	141.13	265.24	292.19	18.226	1.4067e-05	0.042149
455.26	2.8362	590.07	0.0016947	13.090	13.244	32.956	100.24	145.99	542.32	0.29537	0.00010031	0.17050	0.0066811	34.842	0.028701	33.496	36.104	83.170	141.05	265.17	292.04	18.154	1.4076e-05	0.042239
455.49	2.8497	589.60	0.0016961	13.122	13.277	33.027	100.29	146.21	541.21	0.29828	0.00010007	0.17046	0.0066530	35.029	0.028548	33.494	36.101	83.136	140.97	265.09	291.89	18.083	1.4086e-05	0.042328
455.72	2.8632	589.12	0.0016974	13.155	13.311	33.099	100.34	146.44	540.10	0.30120	9.9837e-05	0.17042	0.0066249	35.216	0.028396	33.493	36.098	83.101	140.88	265.01	291.75	18.013	1.4095e-05	0.042417
455.95	2.8767	588.65	0.0016988	13.187	13.344	33.170	100.40	146.66	539.00	0.30413	9.9599e-05	0.17038	0.0065969	35.403	0.028246	33.491	36.095	83.067	140.79	264.93	291.60	17.943	1.4104e-05	0.042506
456.18	2.8902	588.18	0.0017002	13.219	13.377	33.241	100.45	146.89	537.90	0.30707	9.9364e-05	0.17034	0.0065690	35.590	0.028098	33.489	36.091	83.034	140.70	264.84	291.46	17.874	1.4114e-05	0.042595
456.41	2.9038	587.71	0.0017015	13.252	13.410	33.312	100.51	147.12	536.79	0.31001	9.9129e-05	0.17030	0.0065412	35.777	0.027951	33.488	36.088	83.000	140.61	264.74	291.31	17.805	1.4123e-05	0.042684
456.64	2.9173	587.23	0.0017029	13.284	13.443	33.383	100.56	147.35	535.70	0.31297	9.8895e-05	0.17027	0.0065135	35.965	0.027805	33.486	36.085	82.967	140.52	264.64	291.16	17.737	1.4132e-05	0.042773
456.87	2.9308	586.76	0.0017043	13.316	13.476	33.453	100.61	147.57	534.60	0.31594	9.8663e-05	0.17023	0.0064858	36.152	0.027661	33.485	36.082	82.934	140.43	264.53	291.02	17.670	1.4142e-05	0.042862
457.10	2.9443	586.29	0.0017056	13.348	13.509	33.523	100.67	147.80	533.51	0.31892	9.8432e-05	0.17019	0.0064583	36.340	0.027518	33.483	36.079	82.901	140.33	264.42	290.87	17.603	1.4151e-05	0.042951
457.32	2.9578	585.82	0.0017070	13.380	13.541	33.593	100.72	148.03	532.42	0.32191	9.8202e-05	0.17015	0.0064308	36.528	0.027376	33.481	36.076	82.868	140.23	264.31	290.73	17.537	1.4160e-05	0.043040
457.55	2.9713	585.35	0.0017084	13.411	13.574	33.663	100.77	148.26	531.33	0.32490	9.7973e-05	0.17012	0.0064034	36.716	0.027236	33.480	36.073	82.836	140.13	264.19	290.58	17.472	1.4170e-05	0.043128
457.77	2.9848	584.88	0.0017098	13.443	13.607	33.733	100.82	148.49	530.24	0.32791	9.7745e-05	0.17008	0.0063761	36.905	0.027097	33.478	36.070	82.804	140.03	264.06	290.43	17.407	1.4179e-05	0.043217
457.99	2.9983	584.41	0.0017111	13.475	13.639	33.802	100.88	148.73	529.16	0.33093	9.7518e-05	0.17004	0.0063489	37.093	0.026959	33.477	36.067	82.772	139.93	263.93	290.29	17.343	1.4189e-05	0.043306
458.22	3.0118	583.94	0.0017125	13.506	13.672	33.872	100.93	148.96	528.07	0.33396	9.7292e-05	0.17001	0.0063218	37.281	0.026823	33.476	36.064	82.740	139.82	263.80	290.14	17.279	1.4198e-05	0.043395
458.44	3.0253	583.47	0.0017139	13.538	13.704	33.941	100.98	149.19	526.99	0.33700	9.7068e-05	0.16997	0.0062947	37.470	0.026688	33.474	36.061	82.709	139.72	263.66	289.99	17.216	1.4208e-05	0.043483
458.66	3.0388	583.01	0.0017153	13.570	13.737	34.010	101.03	149.42	525.92	0.34005	9.6844e-05	0.16993	0.0062678	37.659	0.026554	33.473	36.058	82.677	139.61	263.53	289.85	17.154	1.4217e-05	0.043572
458.88	3.0523	582.54	0.0017166	13.601	13.769	34.078	101.09	149.66	524.84	0.34312	9.6622e-05	0.16990	0.0062409	37.848	0.026421	33.471	36.056	82.646	139.50	263.38	289.70	17.092	1.4227e-05	0.043661
459.10	3.0658	582.07	0.0017180	13.632	13.801	34.147	101.14	149.89	523.77	0.34619	9.6400e-05	0.16986	0.0062141	38.037	0.026290	33.470	36.053	82.615	139.39	263.24	289.55	17.031	1.4236e-05	0.043749
459.32	3.0793	581.60	0.0017194	13.664	13.833	34.215	101.19	150.13	522.70	0.34928	9.6180e-05	0.16982	0.0061873	38.227	0.026160	33.469	36.050	82.584	139.28	263.09	289.41	16.971	1.4246e-05	0.043838
459.54	3.0928	581.14	0.0017208	13.695	13.865	34.284	101.24	150.36	521.63	0.35237	9.5960e-05	0.16979	0.0061607	38.416	0.026031	33.468	36.047	82.554	139.17	262.94	289.26	16.911	1.4255e-05	0.043927
459.76	3.1063	580.67	0.0017222	13.726	13.897	34.352	101.29	150.60	520.56	0.35548	9.5742e-05	0.16975	0.0061341	38.606	0.025903	33.466	36.044	82.523	139.06	262.79	289.11	16.852	1.4265e-05	0.044015
459.97	3.1198	580.20	0.0017235	13.757	13.929	34.419	101.35	150.84	519.49	0.35860	9.5525e-05	0.16972	0.0061076	38.796	0.025776	33.465	36.042	82.493	138.94	262.63	288.96	16.793	1.4275e-05	0.044104
460.19	3.1334	579.74	0.0017249	13.788	13.961	34.487	101.40	151.08	518.43	0.36173	9.5308e-05	0.16968	0.0060812	38.986	0.025650	33.464	36.039	82.463	138.82	262.47	288.81	16.735	1.4284e-05	0.044193
460.40	3.1469	579.27	0.0017263	13.819	13.993	34.555	101.45	151.31	517.37	0.36487	9.5093e-05	0.16964	0.0060549	39.176	0.025526	33.463	36.036	82.433	138.71	262.32	288.66	16.678	1.4294e-05	0.044281
460.62	3.1604	578.81	0.0017277	13.850	14.025	34.622	101.50	151.55	516.31	0.36802	9.4878e-05	0.16961	0.0060286	39.367	0.025402	33.461	36.034	82.403	138.59	262.15	288.52	16.621	1.4304e-05	0.044370
460.83	3.1739	578.34	0.0017291	13.881	14.056	34.689	101.55	151.79	515.25	0.37119	9.4665e-05	0.16957	0.0060024	39.557	0.025280	33.460	36.031	82.374	138.47	261.99	288.37	16.565	1.4313e-05	0.044459
461.05	3.1874	577.88	0.0017305	13.911	14.088	34.756	101.60	152.03	514.20	0.37437	9.4452e-05	0.16954	0.0059763	39.748	0.025159	33.459	36.029	82.345	138.35	261.83	288.22	16.510	1.4323e-05	0.044547
461.26	3.2009	577.41	0.0017319	13.942	14.120	34.823	101.65	152.28	513.14	0.37756	9.4241e-05	0.16950	0.0059503	39.939	0.025038	33.458	36.026	82.315	138.23	261.67	288.07	16.455	1.4333e-05	0.044636
461.47	3.2144	576.95	0.0017333	13.973	14.151	34.890	101.71	152.52	512.09	0.38076	9.4030e-05	0.16947	0.0059244	40.130	0.024919	33.457	36.023	82.286	138.11	261.50	287.92	16.401	1.4343e-05	0.044725
461.68	3.2279	576.48	0.0017347	14.003	14.183	34.957	101.76	152.76	511.04	0.38398	9.3820e-05	0.16943	0.0058985	40.321	0.024801	33.456	36.021	82.258	137.98	261.34	287.76	16.347	1.4352e-05	0.044814
461.89	3.2414	576.02	0.0017361	14.034	14.214	35.023	101.81	153.01	510.00	0.38721	9.3612e-05	0.16940	0.0058727	40.513	0.024684	33.455	36.018	82.229	137.86	261.17	287.61	16.294	1.4362e-05	0.044902
462.10	3.2549	575.56	0.0017375	14.064	14.246	35.089	101.86	153.25	508.95	0.39045	9.3404e-05	0.16937	0.0058469	40.704	0.024567	33.453	36.016	82.200	137.73	261.01	287.46	16.242	1.4372e-05	0.044991
462.31	3.2684	575.09	0.0017389	14.095	14.277	35.155	101.91	153.50	507.90	0.39370	9.3197e-05	0.16933	0.0058213	40.896	0.024452	33.452	36.013	82.172	137.61	260.84	287.31	16.190	1.4382e-05	0.045080
462.52	3.2819	574.63	0.0017403	14.125	14.308	35.221	101.96	153.74	506.86	0.39697	9.2991e-05	0.16930	0.0057957	41.088	0.024338	33.451	36.011	82.144	137.48	260.68	287.15	16.139	1.4392e-05	0.045169
462.73	3.2954	574.17	0.0017417	14.155	14.339	35.287	102.01	153.99	505.82	0.40024	9.2786e-05	0.16926	0.0057702	41.281	0.024224	33.450	36.008	82.116	137.35	260.51	287.00	16.088	1.4402e-05	0.045258
462.94	3.3089	573.70	0.0017431	14.186	14.370	35.353	102.06	154.24	504.78	0.40354	9.2581e-05	0.16923	0.0057447	41.473	0.024112	33.449	36.006	82.088	137.22	260.35	286.85	16.039	1.4412e-05	0.045347
463.14	3.3224	573.24	0.0017445	14.216	14.401	35.418	102.11	154.48	503.74	0.40684	9.2378e-05	0.16920	0.0057194	41.666	0.024001	33.448	36.003	82.060	137.09	260.19	286.69	15.989	1.4422e-05	0.045437
463.35	3.3359	572.78	0.0017459	14.246	14.432	35.483	102.16	154.73	502.71	0.41016	9.2175e-05	0.16916	0.0056941	41.859	0.023890	33.447	36.001	82.032	136.96	260.03	286.54	15.941	1.4432e-05	0.045526
463.55	3.3494	572.32	0.0017473	14.276	14.463	35.549	102.21	154.99	501.67	0.41350	9.1973e-05	0.16913	0.0056688	42.052	0.023780	33.446	35.998	82.005	136.83	259.87	286.38	15.893	1.4442e-05	0.045615
463.76	3.3630	571.85	0.0017487	14.306	14.494	35.614	102.26	155.24	500.64	0.41684	9.1773e-05	0.16909	0.0056437	42.245	0.023671	33.445	35.996	81.977	136.70	259.71	286.22	15.845	1.4452e-05	0.045704
463.96	3.3765	571.39	0.0017501	14.336	14.525	35.679	102.31	155.49	499.61	0.42020	9.1573e-05	0.16906	0.0056186	42.439	0.023563	33.444	35.994	81.950	136.57	259.55	286.07	15.798	1.4462e-05	0.045794
464.17	3.3900	570.93	0.0017515	14.366	14.556	35.743	102.36	155.74	498.58	0.42358	9.1373e-05	0.16903	0.0055936	42.632	0.023456	33.443	35.991	81.923	136.44	259.40	285.91	15.752	1.4472e-05	0.045883
464.37	3.4035	570.47	0.0017529	14.396	14.587	35.808	102.41	156.00	497.55	0.42697	9.1175e-05	0.16899	0.0055686	42.826	0.023350	33.442	35.989	81.896	136.30	259.25	285.75	15.707	1.4482e-05	0.045973
464.57	3.4170	570.01	0.0017544	14.425	14.618	35.872	102.46	156.25	496.52	0.43037	9.0977e-05	0.16896	0.0055437	43.021	0.023245	33.441	35.986	81.869	136.17	259.10	285.59	15.662	1.4492e-05	0.046063
464.78	3.4305	569.55	0.0017558	14.455	14.648	35.937	102.51	156.51	495.50	0.43379	9.0781e-05	0.16893	0.0055189	43.215	0.023140	33.440	35.984	81.842	136.04	258.95	285.43	15.617	1.4502e-05	0.046153
464.98	3.4440	569.09	0.0017572	14.485	14.679	36.001	102.56	156.76	494.48	0.43722	9.0585e-05	0.16890	0.0054942	43.410	0.023036	33.439	35.981	81.815	135.90	258.81	285.27	15.574	1.4512e-05	0.046243
465.18	3.4575	568.62	0.0017586	14.515	14.709	36.065	102.61	157.02	493.45	0.44067	9.0389e-05	0.16886	0.0054695	43.605	0.022933	33.438	35.979	81.789	135.77	258.67	285.11	15.530	1.4523e-05	0.046333
465.38	3.4710	568.16	0.0017601	14.544	14.740	36.129	102.66	157.28	492.43	0.44413	9.0195e-05	0.16883	0.0054449	43.800	0.022831	33.437	35.977	81.762	135.63	258.53	284.94	15.488	1.4533e-05	0.046423
465.58	3.4845	567.70	0.0017615	14.574	14.770	36.193	102.71	157.54	491.41	0.44761	9.0001e-05	0.16880	0.0054203	43.995	0.022730	33.436	35.974	81.736	135.50	258.39	284.78	15.446	1.4543e-05	0.046513
465.78	3.4980	567.24	0.0017629	14.603	14.801	36.257	102.76	157.80	490.40	0.45110	8.9808e-05	0.16877	0.0053959	44.191	0.022629	33.435	35.972	81.710	135.36	258.26	284.61	15.405	1.4554e-05	0.046604
465.97	3.5115	566.78	0.0017643	14.633	14.831	36.320	102.81	158.06	489.38	0.45461	8.9616e-05	0.16873	0.0053714	44.387	0.022529	33.434	35.969	81.684	135.22	258.14	284.45	15.364	1.4564e-05	0.046695
466.17	3.5250	566.32	0.0017658	14.662	14.861	36.383	102.86	158.33	488.36	0.45813	8.9425e-05	0.16870	0.0053471	44.583	0.022430	33.433	35.967	81.657	135.09	258.01	284.28	15.324	1.4574e-05	0.046785
466.37	3.5385	565.86	0.0017672	14.691	14.892	36.447	102.91	158.59	487.35	0.46167	8.9234e-05	0.16867	0.0053228	44.780	0.022331	33.432	35.964	81.631	134.95	257.90	284.12	15.284	1.4585e-05	0.046876
466.57	3.5520	565.40	0.0017687	14.721	14.922	36.510	102.96	158.86	486.34	0.46523	8.9045e-05	0.16864	0.0052986	44.977	0.022234	33.431	35.962	81.606	134.81	257.78	283.95	15.246	1.4595e-05	0.046967
466.76	3.5655	564.94	0.0017701	14.750	14.952	36.573	103.01	159.12	485.32	0.46880	8.8856e-05	0.16860	0.0052744	45.174	0.022137	33.430	35.960	81.580	134.68	257.67	283.78	15.207	1.4605e-05	0.047059
466.96	3.5790	564.48	0.0017715	14.779	14.982	36.636	103.06	159.39	484.31	0.47238	8.8667e-05	0.16857	0.0052504	45.371	0.022040	33.429	35.957	81.554	134.54	257.57	283.61	15.170	1.4616e-05	0.047150
467.15	3.5926	564.02	0.0017730	14.808	15.012	36.699	103.11	159.66	483.31	0.47599	8.8480e-05	0.16854	0.0052263	45.569	0.021945	33.428	35.955	81.528	134.40	257.47	283.44	15.133	1.4626e-05	0.047242
467.35	3.6061	563.56	0.0017744	14.837	15.042	36.761	103.16	159.93	482.30	0.47961	8.8293e-05	0.16851	0.0052024	45.767	0.021850	33.427	35.952	81.503	134.27	257.38	283.27	15.096	1.4637e-05	0.047333
467.54	3.6196	563.10	0.0017759	14.866	15.072	36.824	103.21	160.20	481.29	0.48324	8.8106e-05	0.16848	0.0051785	45.965	0.021756	33.426	35.950	81.477	134.13	257.29	283.09	15.060	1.4648e-05	0.047425
467.73	3.6331	562.64	0.0017773	14.895	15.102	36.886	103.26	160.47	480.28	0.48690	8.7921e-05	0.16845	0.0051546	46.164	0.021662	33.425	35.947	81.452	133.99	257.21	282.92	15.025	1.4658e-05	0.047518
467.93	3.6466	562.18	0.0017788	14.924	15.132	36.948	103.31	160.74	479.28	0.49057	8.7736e-05	0.16841	0.0051309	46.362	0.021569	33.424	35.945	81.426	133.86	257.13	282.74	14.990	1.4669e-05	0.047610
468.12	3.6601	561.72	0.0017802	14.953	15.162	37.011	103.36	161.02	478.28	0.49426	8.7552e-05	0.16838	0.0051072	46.562	0.021477	33.423	35.942	81.401	133.72	257.07	282.57	14.956	1.4679e-05	0.047703
468.31	3.6736	561.26	0.0017817	14.982	15.192	37.073	103.41	161.29	477.28	0.49796	8.7369e-05	0.16835	0.0050835	46.761	0.021385	33.422	35.939	81.376	133.58	257.00	282.39	14.923	1.4690e-05	0.047795
468.50	3.6871	560.80	0.0017832	15.011	15.222	37.135	103.46	161.57	476.27	0.50168	8.7186e-05	0.16832	0.0050599	46.961	0.021294	33.421	35.937	81.350	133.45	256.95	282.21	14.890	1.4701e-05	0.047889
468.69	3.7006	560.34	0.0017846	15.040	15.251	37.196	103.51	161.85	475.27	0.50543	8.7004e-05	0.16829	0.0050364	47.161	0.021204	33.420	35.934	81.325	133.31	256.90	282.03	14.858	1.4712e-05	0.047982
468.88	3.7141	559.88	0.0017861	15.069	15.281	37.258	103.55	162.13	474.27	0.50918	8.6822e-05	0.16826	0.0050130	47.362	0.021114	33.419	35.932	81.300	133.17	256.85	281.85	14.826	1.4722e-05	0.048075
469.07	3.7276	559.42	0.0017876	15.097	15.311	37.320	103.60	162.41	473.28	0.51296	8.6642e-05	0.16823	0.0049895	47.563	0.021025	33.418	35.929	81.275	133.04	256.82	281.67	14.795	1.4733e-05	0.048169
469.26	3.7411	558.96	0.0017890	15.126	15.340	37.381	103.65	162.69	472.28	0.51676	8.6462e-05	0.16820	0.0049662	47.764	0.020936	33.417	35.926	81.250	132.90	256.79	281.49	14.765	1.4744e-05	0.048263
469.45	3.7546	558.50	0.0017905	15.155	15.370	37.443	103.70	162.97	471.28	0.52057	8.6282e-05	0.16817	0.0049429	47.966	0.020848	33.415	35.923	81.225	132.77	256.77	281.30	14.735	1.4755e-05	0.048358
469.64	3.7681	558.04	0.0017920	15.183	15.399	37.504	103.75	163.26	470.29	0.52440	8.6104e-05	0.16814	0.0049197	48.168	0.020761	33.414	35.921	81.200	132.63	256.76	281.12	14.705	1.4766e-05	0.048452
469.83	3.7816	557.58	0.0017935	15.212	15.429	37.565	103.80	163.54	469.29	0.52825	8.5925e-05	0.16810	0.0048966	48.370	0.020674	33.413	35.918	81.175	132.50	256.76	280.93	14.677	1.4777e-05	0.048547
470.01	3.7951	557.12	0.0017949	15.240	15.458	37.626	103.85	163.83	468.30	0.53212	8.5748e-05	0.16807	0.0048735	48.573	0.020588	33.412	35.915	81.150	132.36	256.76	280.74	14.649	1.4788e-05	0.048642
470.20	3.8086	556.66	0.0017964	15.269	15.488	37.687	103.90	164.12	467.31	0.53601	8.5571e-05	0.16804	0.0048504	48.776	0.020502	33.410	35.912	81.125	132.23	256.77	280.55	14.621	1.4799e-05	0.048738
470.39	3.8222	556.20	0.0017979	15.297	15.517	37.748	103.95	164.41	466.32	0.53992	8.5395e-05	0.16801	0.0048274	48.980	0.020417	33.409	35.909	81.100	132.09	256.80	280.36	14.594	1.4810e-05	0.048834
470.57	3.8357	555.74	0.0017994	15.325	15.547	37.808	103.99	164.70	465.33	0.54385	8.5219e-05	0.16798	0.0048045	49.184	0.020332	33.408	35.907	81.075	131.96	256.83	280.17	14.568	1.4821e-05	0.048930
470.76	3.8492	555.28	0.0018009	15.354	15.576	37.869	104.04	164.99	464.34	0.54780	8.5044e-05	0.16795	0.0047817	49.388	0.020248	33.406	35.904	81.050	131.83	256.87	279.98	14.542	1.4832e-05	0.049026
470.94	3.8627	554.82	0.0018024	15.382	15.605	37.929	104.09	165.29	463.35	0.55177	8.4870e-05	0.16792	0.0047589	49.593	0.020164	33.405	35.901	81.025	131.70	256.92	279.78	14.517	1.4843e-05	0.049123
471.13	3.8762	554.36	0.0018039	15.410	15.634	37.990	104.14	165.58	462.36	0.55576	8.4696e-05	0.16789	0.0047361	49.798	0.020081	33.404	35.898	81.000	131.57	256.98	279.59	14.492	1.4854e-05	0.049220
471.31	3.8897	553.90	0.0018054	15.439	15.664	38.050	104.19	165.88	461.37	0.55977	8.4523e-05	0.16786	0.0047134	50.004	0.019998	33.402	35.895	80.975	131.44	257.05	279.39	14.468	1.4866e-05	0.049318
471.49	3.9032	553.44	0.0018069	15.467	15.693	38.110	104.24	166.18	460.39	0.56380	8.4350e-05	0.16783	0.0046908	50.210	0.019916	33.401	35.891	80.950	131.31	257.13	279.19	14.445	1.4877e-05	0.049415
471.68	3.9167	552.98	0.0018084	15.495	15.722	38.170	104.29	166.48	459.40	0.56785	8.4178e-05	0.16780	0.0046682	50.417	0.019835	33.399	35.888	80.925	131.18	257.22	278.99	14.422	1.4888e-05	0.049514
471.86	3.9302	552.52	0.0018099	15.523	15.751	38.230	104.34	166.78	458.41	0.57193	8.4007e-05	0.16777	0.0046457	50.624	0.019753	33.398	35.885	80.901	131.05	257.32	278.79	14.399	1.4900e-05	0.049612
472.04	3.9437	552.06	0.0018114	15.551	15.780	38.290	104.38	167.08	457.43	0.57602	8.3836e-05	0.16774	0.0046232	50.832	0.019673	33.396	35.882	80.876	130.92	257.43	278.59	14.378	1.4911e-05	0.049711
472.22	3.9572	551.60	0.0018129	15.579	15.809	38.350	104.43	167.39	456.45	0.58014	8.3666e-05	0.16771	0.0046008	51.040	0.019593	33.394	35.879	80.851	130.79	257.56	278.39	14.356	1.4922e-05	0.049811
472.40	3.9707	551.13	0.0018144	15.607	15.838	38.410	104.48	167.70	455.46	0.58427	8.3496e-05	0.16768	0.0045785	51.249	0.019513	33.393	35.875	80.826	130.66	257.69	278.18	14.336	1.4934e-05	0.049911
472.58	3.9842	550.67	0.0018160	15.635	15.867	38.469	104.53	168.01	454.48	0.58843	8.3327e-05	0.16766	0.0045562	51.458	0.019433	33.391	35.872	80.801	130.54	257.84	277.98	14.316	1.4945e-05	0.050011
472.76	3.9977	550.21	0.0018175	15.663	15.896	38.529	104.58	168.32	453.50	0.59262	8.3159e-05	0.16763	0.0045340	51.667	0.019355	33.389	35.868	80.776	130.41	257.99	277.77	14.296	1.4957e-05	0.050112
472.94	4.0112	549.75	0.0018190	15.691	15.925	38.588	104.63	168.63	452.52	0.59682	8.2991e-05	0.16760	0.0045118	51.877	0.019276	33.387	35.865	80.751	130.29	258.17	277.56	14.277	1.4969e-05	0.050213
473.12	4.0247	549.29	0.0018205	15.719	15.953	38.648	104.68	168.94	451.54	0.60105	8.2823e-05	0.16757	0.0044897	52.088	0.019198	33.386	35.861	80.725	130.17	258.35	277.35	14.259	1.4980e-05	0.050315
473.30	4.0382	548.83	0.0018221	15.746	15.982	38.707	104.73	169.26	450.56	0.60530	8.2656e-05	0.16754	0.0044676	52.299	0.019121	33.384	35.858	80.700	130.04	258.54	277.14	14.241	1.4992e-05	0.050417
473.48	4.0518	548.36	0.0018236	15.774	16.011	38.766	104.77	169.58	449.58	0.60958	8.2490e-05	0.16751	0.0044456	52.511	0.019044	33.382	35.854	80.675	129.92	258.75	276.92	14.223	1.5004e-05	0.050520
473.65	4.0653	547.90	0.0018251	15.802	16.040	38.825	104.82	169.89	448.60	0.61388	8.2324e-05	0.16748	0.0044237	52.724	0.018967	33.380	35.850	80.650	129.80	258.97	276.71	14.206	1.5015e-05	0.050623
473.83	4.0788	547.44	0.0018267	15.830	16.068	38.884	104.87	170.22	447.62	0.61820	8.2159e-05	0.16745	0.0044018	52.937	0.018891	33.378	35.847	80.625	129.68	259.21	276.49	14.190	1.5027e-05	0.050727
474.01	4.0923	546.98	0.0018282	15.857	16.097	38.943	104.92	170.54	446.64	0.62254	8.1994e-05	0.16742	0.0043799	53.150	0.018815	33.376	35.843	80.599	129.56	259.46	276.28	14.174	1.5039e-05	0.050831
474.18	4.1058	546.51	0.0018298	15.885	16.126	39.001	104.97	170.86	445.66	0.62692	8.1830e-05	0.16739	0.0043582	53.364	0.018739	33.374	35.839	80.574	129.44	259.72	276.06	14.159	1.5051e-05	0.050936
474.36	4.1193	546.05	0.0018313	15.913	16.154	39.060	105.02	171.19	444.69	0.63131	8.1666e-05	0.16736	0.0043364	53.579	0.018664	33.371	35.835	80.548	129.33	260.00	275.84	14.144	1.5063e-05	0.051041
474.54	4.1328	545.59	0.0018329	15.940	16.183	39.119	105.07	171.52	443.71	0.63573	8.1503e-05	0.16734	0.0043148	53.794	0.018589	33.369	35.831	80.523	129.21	260.29	275.62	14.130	1.5075e-05	0.051147
474.71	4.1463	545.12	0.0018344	15.968	16.212	39.177	105.11	171.85	442.73	0.64018	8.1341e-05	0.16731	0.0042931	54.010	0.018515	33.367	35.827	80.497	129.10	260.60	275.40	14.116	1.5087e-05	0.051253
474.88	4.1598	544.66	0.0018360	15.995	16.240	39.236	105.16	172.18	441.76	0.64465	8.1179e-05	0.16728	0.0042716	54.227	0.018441	33.364	35.822	80.472	128.98	260.92	275.17	14.103	1.5099e-05	0.051361
475.06	4.1733	544.20	0.0018376	16.023	16.269	39.294	105.21	172.52	440.78	0.64915	8.1017e-05	0.16725	0.0042500	54.444	0.018367	33.362	35.818	80.446	128.87	261.26	274.95	14.091	1.5111e-05	0.051468
475.23	4.1868	543.73	0.0018391	16.050	16.297	39.352	105.26	172.85	439.81	0.65367	8.0856e-05	0.16722	0.0042286	54.662	0.018294	33.360	35.814	80.420	128.76	261.61	274.72	14.078	1.5124e-05	0.051577
475.41	4.2003	543.27	0.0018407	16.078	16.325	39.410	105.31	173.19	438.83	0.65822	8.0695e-05	0.16719	0.0042072	54.881	0.018221	33.357	35.809	80.394	128.65	261.98	274.49	14.067	1.5136e-05	0.051686
475.58	4.2138	542.80	0.0018423	16.105	16.354	39.468	105.36	173.53	437.86	0.66279	8.0535e-05	0.16717	0.0041858	55.100	0.018149	33.354	35.805	80.368	128.54	262.37	274.27	14.055	1.5148e-05	0.051795
475.75	4.2273	542.34	0.0018439	16.132	16.382	39.526	105.41	173.88	436.88	0.66740	8.0375e-05	0.16714	0.0041645	55.321	0.018076	33.352	35.800	80.342	128.43	262.77	274.04	14.045	1.5160e-05	0.051906
475.92	4.2408	541.88	0.0018454	16.160	16.411	39.584	105.46	174.22	435.91	0.67203	8.0216e-05	0.16711	0.0041433	55.541	0.018005	33.349	35.796	80.316	128.33	263.19	273.80	14.034	1.5173e-05	0.052017
476.09	4.2543	541.41	0.0018470	16.187	16.439	39.642	105.50	174.57	434.93	0.67668	8.0058e-05	0.16708	0.0041221	55.763	0.017933	33.346	35.791	80.289	128.22	263.62	273.57	14.024	1.5185e-05	0.052129
476.27	4.2678	540.94	0.0018486	16.214	16.467	39.700	105.55	174.92	433.96	0.68137	7.9899e-05	0.16705	0.0041010	55.985	0.017862	33.343	35.786	80.263	128.12	264.08	273.34	14.015	1.5198e-05	0.052241
476.44	4.2813	540.48	0.0018502	16.242	16.495	39.757	105.60	175.27	432.99	0.68608	7.9742e-05	0.16702	0.0040799	56.208	0.017791	33.341	35.781	80.237	128.02	264.55	273.10	14.006	1.5210e-05	0.052354
476.61	4.2949	540.01	0.0018518	16.269	16.524	39.815	105.65	175.63	432.01	0.69083	7.9584e-05	0.16700	0.0040588	56.432	0.017720	33.338	35.776	80.210	127.92	265.04	272.87	13.998	1.5223e-05	0.052468
476.78	4.3084	539.55	0.0018534	16.296	16.552	39.872	105.70	175.98	431.04	0.69560	7.9428e-05	0.16697	0.0040379	56.657	0.017650	33.335	35.771	80.183	127.82	265.55	272.63	13.990	1.5236e-05	0.052583
476.95	4.3219	539.08	0.0018550	16.323	16.580	39.930	105.75	176.34	430.07	0.70040	7.9271e-05	0.16694	0.0040169	56.882	0.017580	33.331	35.766	80.156	127.72	266.07	272.39	13.982	1.5249e-05	0.052699
477.11	4.3354	538.61	0.0018566	16.350	16.608	39.987	105.80	176.70	429.10	0.70522	7.9115e-05	0.16691	0.0039961	57.108	0.017511	33.328	35.761	80.129	127.62	266.62	272.15	13.975	1.5261e-05	0.052815
477.28	4.3489	538.15	0.0018582	16.377	16.636	40.044	105.85	177.07	428.12	0.71008	7.8960e-05	0.16689	0.0039752	57.335	0.017441	33.325	35.755	80.102	127.53	267.19	271.91	13.968	1.5274e-05	0.052933
477.45	4.3624	537.68	0.0018598	16.404	16.664	40.101	105.90	177.43	427.15	0.71497	7.8805e-05	0.16686	0.0039545	57.563	0.017372	33.321	35.750	80.075	127.43	267.77	271.67	13.961	1.5287e-05	0.053051
477.62	4.3759	537.21	0.0018615	16.431	16.692	40.159	105.94	177.80	426.18	0.71989	7.8650e-05	0.16683	0.0039338	57.792	0.017304	33.318	35.744	80.048	127.34	268.38	271.43	13.955	1.5300e-05	0.053170
477.79	4.3894	536.74	0.0018631	16.459	16.721	40.216	105.99	178.17	425.21	0.72484	7.8496e-05	0.16680	0.0039131	58.021	0.017235	33.315	35.739	80.020	127.25	269.00	271.18	13.950	1.5313e-05	0.053290
477.95	4.4029	536.27	0.0018647	16.485	16.749	40.273	106.04	178.55	424.24	0.72982	7.8343e-05	0.16678	0.0038925	58.252	0.017167	33.311	35.733	79.992	127.16	269.65	270.94	13.944	1.5326e-05	0.053410
478.12	4.4164	535.80	0.0018664	16.512	16.777	40.329	106.09	178.93	423.26	0.73483	7.8190e-05	0.16675	0.0038719	58.483	0.017099	33.307	35.727	79.965	127.07	270.32	270.69	13.939	1.5339e-05	0.053532
478.29	4.4299	535.34	0.0018680	16.539	16.805	40.386	106.14	179.30	422.29	0.73988	7.8037e-05	0.16672	0.0038514	58.716	0.017031	33.303	35.721	79.937	126.99	271.01	270.45	13.935	1.5353e-05	0.053655
478.45	4.4434	534.87	0.0018696	16.566	16.832	40.443	106.19	179.69	421.32	0.74495	7.7884e-05	0.16669	0.0038310	58.949	0.016964	33.300	35.715	79.909	126.90	271.72	270.20	13.930	1.5366e-05	0.053779
478.62	4.4569	534.40	0.0018713	16.593	16.860	40.500	106.24	180.07	420.35	0.75006	7.7733e-05	0.16667	0.0038106	59.183	0.016897	33.296	35.709	79.880	126.82	272.45	269.95	13.927	1.5379e-05	0.053903
478.78	4.4704	533.93	0.0018729	16.620	16.888	40.556	106.29	180.46	419.38	0.75520	7.7581e-05	0.16664	0.0037902	59.418	0.016830	33.292	35.702	79.852	126.74	273.21	269.70	13.923	1.5393e-05	0.054029
478.95	4.4839	533.46	0.0018746	16.647	16.916	40.613	106.34	180.85	418.41	0.76038	7.7430e-05	0.16661	0.0037699	59.654	0.016763	33.287	35.696	79.823	126.66	273.99	269.45	13.920	1.5406e-05	0.054156
479.11	4.4974	532.98	0.0018762	16.674	16.944	40.669	106.39	181.24	417.43	0.76558	7.7279e-05	0.16659	0.0037496	59.891	0.016697	33.283	35.689	79.794	126.58	274.79	269.20	13.916	1.5420e-05	0.054284
479.27	4.5109	532.51	0.0018779	16.700	16.972	40.726	106.44	181.64	416.46	0.77082	7.7129e-05	0.16656	0.0037294	60.129	0.016631	33.279	35.683	79.766	126.50	275.62	268.95	13.914	1.5434e-05	0.054413
479.44	4.5245	532.04	0.0018796	16.727	17.000	40.782	106.48	182.04	415.49	0.77610	7.6979e-05	0.16653	0.0037093	60.369	0.016565	33.274	35.676	79.736	126.43	276.46	268.70	13.911	1.5447e-05	0.054543
479.60	4.5380	531.57	0.0018812	16.754	17.027	40.838	106.53	182.44	414.52	0.78141	7.6830e-05	0.16650	0.0036892	60.609	0.016499	33.270	35.669	79.707	126.35	277.34	268.45	13.909	1.5461e-05	0.054674
479.76	4.5515	531.10	0.0018829	16.781	17.055	40.894	106.58	182.85	413.55	0.78675	7.6681e-05	0.16648	0.0036692	60.850	0.016434	33.265	35.662	79.678	126.28	278.23	268.20	13.907	1.5475e-05	0.054806
479.92	4.5650	530.62	0.0018846	16.807	17.083	40.950	106.63	183.25	412.57	0.79213	7.6532e-05	0.16645	0.0036492	61.092	0.016369	33.261	35.655	79.648	126.21	279.16	267.94	13.905	1.5489e-05	0.054940
480.09	4.5785	530.15	0.0018863	16.834	17.111	41.006	106.68	183.67	411.60	0.79755	7.6384e-05	0.16642	0.0036292	61.336	0.016304	33.256	35.648	79.618	126.15	280.10	267.69	13.903	1.5503e-05	0.055075
480.25	4.5920	529.68	0.0018879	16.861	17.138	41.062	106.73	184.08	410.63	0.80300	7.6236e-05	0.16640	0.0036093	61.580	0.016239	33.251	35.640	79.588	126.08	281.07	267.44	13.901	1.5517e-05	0.055211
480.41	4.6055	529.20	0.0018896	16.887	17.166	41.118	106.78	184.50	409.66	0.80849	7.6089e-05	0.16637	0.0035895	61.826	0.016174	33.246	35.633	79.558	126.02	282.07	267.18	13.900	1.5531e-05	0.055348
480.57	4.6190	528.73	0.0018913	16.914	17.194	41.174	106.83	184.92	408.69	0.81401	7.5942e-05	0.16634	0.0035697	62.073	0.016110	33.241	35.625	79.527	125.95	283.09	266.93	13.899	1.5546e-05	0.055486
480.73	4.6325	528.25	0.0018930	16.940	17.221	41.230	106.88	185.34	407.71	0.81958	7.5795e-05	0.16632	0.0035499	62.321	0.016046	33.235	35.617	79.497	125.89	284.14	266.68	13.898	1.5560e-05	0.055626
480.89	4.6460	527.78	0.0018947	16.967	17.249	41.286	106.93	185.77	406.74	0.82518	7.5649e-05	0.16629	0.0035302	62.570	0.015982	33.230	35.609	79.466	125.84	285.22	266.42	13.897	1.5575e-05	0.055767
481.05	4.6595	527.30	0.0018965	16.993	17.276	41.341	106.98	186.20	405.77	0.83081	7.5503e-05	0.16627	0.0035106	62.820	0.015918	33.225	35.601	79.435	125.78	286.32	266.17	13.896	1.5589e-05	0.055909
481.21	4.6730	526.82	0.0018982	17.020	17.304	41.397	107.03	186.64	404.79	0.83649	7.5357e-05	0.16624	0.0034910	63.072	0.015855	33.219	35.593	79.403	125.72	287.45	265.91	13.895	1.5604e-05	0.056053
481.37	4.6865	526.35	0.0018999	17.046	17.332	41.452	107.08	187.07	403.82	0.84221	7.5212e-05	0.16621	0.0034715	63.324	0.015792	33.213	35.585	79.372	125.67	288.60	265.66	13.894	1.5618e-05	0.056198
481.53	4.7000	525.87	0.0019016	17.073	17.359	41.508	107.13	187.52	402.85	0.84796	7.5067e-05	0.16619	0.0034520	63.578	0.015729	33.207	35.576	79.340	125.62	289.78	265.41	13.893	1.5633e-05	0.056344
481.68	4.7135	525.39	0.0019033	17.099	17.387	41.563	107.18	187.96	401.87	0.85376	7.4923e-05	0.16616	0.0034325	63.833	0.015666	33.202	35.568	79.308	125.57	290.99	265.16	13.892	1.5648e-05	0.056492
481.84	4.7270	524.91	0.0019051	17.125	17.414	41.618	107.23	188.41	400.90	0.85959	7.4779e-05	0.16613	0.0034132	64.090	0.015603	33.196	35.559	79.276	125.52	292.22	264.90	13.891	1.5663e-05	0.056641
482.00	4.7405	524.43	0.0019068	17.152	17.441	41.674	107.28	188.86	399.93	0.86547	7.4635e-05	0.16611	0.0033938	64.348	0.015541	33.189	35.550	79.243	125.48	293.49	264.65	13.890	1.5678e-05	0.056792
482.15	4.7541	523.95	0.0019086	17.178	17.469	41.729	107.33	189.32	398.95	0.87138	7.4491e-05	0.16608	0.0033745	64.607	0.015478	33.183	35.541	79.211	125.44	294.77	264.40	13.889	1.5693e-05	0.056944
482.31	4.7676	523.47	0.0019103	17.205	17.496	41.784	107.38	189.78	397.98	0.87734	7.4348e-05	0.16606	0.0033553	64.867	0.015416	33.177	35.532	79.178	125.40	296.09	264.15	13.888	1.5709e-05	0.057097
482.47	4.7811	522.99	0.0019121	17.231	17.524	41.839	107.43	190.24	397.00	0.88334	7.4206e-05	0.16603	0.0033361	65.129	0.015354	33.170	35.522	79.145	125.36	297.43	263.90	13.887	1.5724e-05	0.057252
482.62	4.7946	522.51	0.0019138	17.257	17.551	41.894	107.48	190.71	396.03	0.88938	7.4063e-05	0.16600	0.0033170	65.392	0.015292	33.164	35.513	79.111	125.32	298.80	263.65	13.885	1.5740e-05	0.057409
482.78	4.8081	522.03	0.0019156	17.283	17.579	41.949	107.53	191.18	395.05	0.89547	7.3921e-05	0.16598	0.0032979	65.656	0.015231	33.157	35.503	79.078	125.28	300.19	263.41	13.884	1.5755e-05	0.057567
482.93	4.8216	521.55	0.0019174	17.310	17.606	42.004	107.59	191.66	394.08	0.90160	7.3780e-05	0.16595	0.0032788	65.922	0.015169	33.150	35.494	79.044	125.25	301.61	263.16	13.882	1.5771e-05	0.057726
483.09	4.8351	521.06	0.0019191	17.336	17.633	42.059	107.64	192.14	393.10	0.90777	7.3638e-05	0.16593	0.0032598	66.189	0.015108	33.143	35.484	79.010	125.22	303.06	262.91	13.880	1.5787e-05	0.057887
483.24	4.8486	520.58	0.0019209	17.362	17.661	42.114	107.69	192.63	392.12	0.91399	7.3497e-05	0.16590	0.0032409	66.458	0.015047	33.136	35.474	78.975	125.19	304.53	262.67	13.877	1.5803e-05	0.058050
483.40	4.8621	520.10	0.0019227	17.388	17.688	42.169	107.74	193.11	391.15	0.92025	7.3357e-05	0.16588	0.0032220	66.728	0.014986	33.129	35.463	78.941	125.16	306.03	262.43	13.875	1.5819e-05	0.058214
483.55	4.8756	519.61	0.0019245	17.414	17.715	42.223	107.79	193.61	390.17	0.92656	7.3216e-05	0.16585	0.0032031	66.999	0.014926	33.121	35.453	78.906	125.14	307.56	262.19	13.872	1.5835e-05	0.058379
483.70	4.8891	519.13	0.0019263	17.441	17.742	42.278	107.84	194.10	389.19	0.93291	7.3076e-05	0.16583	0.0031844	67.272	0.014865	33.114	35.442	78.871	125.11	309.10	261.95	13.869	1.5851e-05	0.058546
483.86	4.9026	518.64	0.0019281	17.467	17.770	42.333	107.89	194.61	388.21	0.93931	7.2937e-05	0.16580	0.0031656	67.546	0.014805	33.106	35.432	78.835	125.09	310.67	261.71	13.865	1.5867e-05	0.058714
484.01	4.9161	518.15	0.0019299	17.493	17.797	42.387	107.94	195.11	387.24	0.94575	7.2797e-05	0.16578	0.0031469	67.821	0.014745	33.098	35.421	78.800	125.07	312.27	261.48	13.861	1.5884e-05	0.058884
484.16	4.9296	517.67	0.0019317	17.519	17.824	42.442	107.99	195.62	386.26	0.95224	7.2658e-05	0.16575	0.0031283	68.098	0.014685	33.090	35.410	78.764	125.06	313.88	261.24	13.857	1.5900e-05	0.059055
484.31	4.9431	517.18	0.0019336	17.545	17.851	42.496	108.05	196.14	385.28	0.95878	7.2519e-05	0.16573	0.0031097	68.377	0.014625	33.082	35.399	78.728	125.04	315.52	261.01	13.852	1.5917e-05	0.059228
484.46	4.9566	516.69	0.0019354	17.571	17.878	42.550	108.10	196.66	384.30	0.96537	7.2381e-05	0.16570	0.0030911	68.657	0.014565	33.074	35.388	78.692	125.03	317.18	260.78	13.847	1.5934e-05	0.059402
484.61	4.9701	516.20	0.0019372	17.597	17.906	42.605	108.15	197.18	383.32	0.97201	7.2243e-05	0.16568	0.0030726	68.938	0.014506	33.066	35.376	78.655	125.01	318.86	260.55	13.841	1.5951e-05	0.059578
484.77	4.9837	515.71	0.0019391	17.623	17.933	42.659	108.20	197.71	382.34	0.97869	7.2105e-05	0.16565	0.0030542	69.221	0.014446	33.058	35.365	78.618	125.00	320.55	260.33	13.834	1.5968e-05	0.059755
484.92	4.9972	515.22	0.0019409	17.649	17.960	42.713	108.25	198.25	381.36	0.98543	7.1967e-05	0.16563	0.0030358	69.506	0.014387	33.049	35.353	78.581	125.00	322.27	260.11	13.828	1.5985e-05	0.059933
485.07	5.0107	514.73	0.0019428	17.675	17.987	42.767	108.30	198.79	380.38	0.99222	7.1830e-05	0.16560	0.0030174	69.792	0.014328	33.040	35.341	78.544	124.99	324.00	259.89	13.820	1.6002e-05	0.060113
485.22	5.0242	514.24	0.0019446	17.701	18.014	42.822	108.36	199.33	379.40	0.99905	7.1693e-05	0.16558	0.0029991	70.079	0.014270	33.032	35.329	78.506	124.99	325.74	259.67	13.812	1.6019e-05	0.060293
485.36	5.0377	513.75	0.0019465	17.727	18.041	42.876	108.41	199.88	378.42	1.0059	7.1557e-05	0.16555	0.0029809	70.368	0.014211	33.023	35.317	78.469	124.98	327.50	259.45	13.803	1.6037e-05	0.060475
485.51	5.0512	513.25	0.0019484	17.753	18.068	42.930	108.46	200.44	377.43	1.0129	7.1420e-05	0.16553	0.0029627	70.658	0.014153	33.014	35.305	78.431	124.98	329.27	259.24	13.794	1.6055e-05	0.060659
485.66	5.0647	512.76	0.0019502	17.779	18.095	42.984	108.51	201.00	376.45	1.0199	7.1284e-05	0.16550	0.0029445	70.949	0.014095	33.005	35.292	78.393	124.98	331.05	259.03	13.784	1.6072e-05	0.060843
485.81	5.0782	512.27	0.0019521	17.805	18.122	43.038	108.57	201.56	375.47	1.0269	7.1148e-05	0.16548	0.0029264	71.243	0.014037	32.996	35.280	78.354	124.98	332.85	258.83	13.773	1.6090e-05	0.061028
485.96	5.0917	511.77	0.0019540	17.831	18.149	43.092	108.62	202.14	374.49	1.0340	7.1013e-05	0.16545	0.0029084	71.537	0.013979	32.986	35.267	78.316	124.99	334.64	258.62	13.762	1.6108e-05	0.061215
486.11	5.1052	511.27	0.0019559	17.857	18.177	43.146	108.67	202.71	373.50	1.0412	7.0878e-05	0.16543	0.0028903	71.833	0.013921	32.977	35.254	78.277	124.99	336.45	258.42	13.750	1.6126e-05	0.061402
486.25	5.1187	510.78	0.0019578	17.882	18.204	43.199	108.72	203.30	372.52	1.0484	7.0743e-05	0.16541	0.0028724	72.130	0.013864	32.967	35.241	78.238	125.00	338.25	258.23	13.737	1.6145e-05	0.061590
486.40	5.1322	510.28	0.0019597	17.908	18.231	43.253	108.78	203.88	371.53	1.0556	7.0608e-05	0.16538	0.0028545	72.429	0.013807	32.958	35.228	78.199	125.01	340.06	258.03	13.723	1.6163e-05	0.061779
486.55	5.1457	509.78	0.0019616	17.934	18.258	43.307	108.83	204.48	370.55	1.0630	7.0473e-05	0.16536	0.0028366	72.729	0.013750	32.948	35.215	78.159	125.02	341.87	257.84	13.709	1.6182e-05	0.061969
486.69	5.1592	509.28	0.0019635	17.960	18.285	43.361	108.88	205.08	369.56	1.0703	7.0339e-05	0.16533	0.0028188	73.031	0.013693	32.938	35.201	78.120	125.03	343.68	257.66	13.693	1.6200e-05	0.062160
486.84	5.1727	508.78	0.0019655	17.986	18.312	43.414	108.94	205.68	368.58	1.0778	7.0205e-05	0.16531	0.0028010	73.334	0.013636	32.928	35.188	78.080	125.05	345.48	257.47	13.677	1.6219e-05	0.062351
486.98	5.1862	508.28	0.0019674	18.012	18.338	43.468	108.99	206.30	367.59	1.0853	7.0072e-05	0.16529	0.0027833	73.638	0.013580	32.918	35.175	78.040	125.06	347.27	257.29	13.661	1.6238e-05	0.062542
487.13	5.1997	507.78	0.0019694	18.037	18.365	43.522	109.04	206.91	366.60	1.0928	6.9938e-05	0.16526	0.0027656	73.944	0.013524	32.908	35.161	78.000	125.07	349.06	257.11	13.643	1.6257e-05	0.062734
487.27	5.2133	507.28	0.0019713	18.063	18.392	43.575	109.10	207.54	365.62	1.1004	6.9805e-05	0.16524	0.0027480	74.251	0.013468	32.897	35.147	77.960	125.09	350.84	256.94	13.625	1.6276e-05	0.062926
487.42	5.2268	506.77	0.0019733	18.089	18.419	43.629	109.15	208.17	364.63	1.1081	6.9672e-05	0.16521	0.0027304	74.559	0.013412	32.887	35.133	77.919	125.11	352.60	256.77	13.605	1.6296e-05	0.063119
487.56	5.2403	506.27	0.0019752	18.115	18.446	43.682	109.21	208.81	363.64	1.1158	6.9539e-05	0.16519	0.0027129	74.868	0.013357	32.877	35.119	77.879	125.13	354.36	256.60	13.585	1.6315e-05	0.063312
487.71	5.2538	505.76	0.0019772	18.140	18.473	43.736	109.26	209.45	362.65	1.1236	6.9407e-05	0.16517	0.0026954	75.179	0.013302	32.866	35.105	77.838	125.15	356.09	256.43	13.565	1.6335e-05	0.063504
487.85	5.2673	505.26	0.0019792	18.166	18.500	43.789	109.32	210.10	361.66	1.1314	6.9274e-05	0.16514	0.0026780	75.491	0.013247	32.856	35.091	77.798	125.17	357.80	256.27	13.543	1.6355e-05	0.063697
487.99	5.2808	504.75	0.0019812	18.192	18.527	43.842	109.37	210.76	360.67	1.1393	6.9142e-05	0.16512	0.0026606	75.804	0.013192	32.845	35.077	77.757	125.19	359.50	256.11	13.521	1.6374e-05	0.063890
488.14	5.2943	504.24	0.0019832	18.218	18.554	43.896	109.42	211.42	359.68	1.1473	6.9011e-05	0.16510	0.0026432	76.118	0.013138	32.834	35.063	77.716	125.21	361.17	255.95	13.498	1.6394e-05	0.064082
488.28	5.3078	503.73	0.0019852	18.243	18.581	43.949	109.48	212.09	358.69	1.1554	6.8879e-05	0.16507	0.0026260	76.433	0.013083	32.823	35.048	77.675	125.24	362.82	255.80	13.474	1.6415e-05	0.064275
488.42	5.3213	503.22	0.0019872	18.269	18.608	44.002	109.53	212.77	357.70	1.1635	6.8748e-05	0.16505	0.0026087	76.749	0.013029	32.812	35.034	77.634	125.26	364.45	255.65	13.449	1.6435e-05	0.064467
488.56	5.3348	502.71	0.0019892	18.295	18.635	44.056	109.59	213.46	356.71	1.1716	6.8617e-05	0.16503	0.0025915	77.066	0.012976	32.802	35.020	77.593	125.28	366.04	255.50	13.424	1.6455e-05	0.064658
488.71	5.3483	502.20	0.0019912	18.320	18.661	44.109	109.65	214.15	355.72	1.1799	6.8486e-05	0.16501	0.0025743	77.385	0.012922	32.791	35.005	77.552	125.31	367.61	255.35	13.398	1.6476e-05	0.064849
488.85	5.3618	501.69	0.0019933	18.346	18.688	44.162	109.70	214.85	354.73	1.1881	6.8355e-05	0.16498	0.0025572	77.704	0.012869	32.780	34.991	77.511	125.33	369.15	255.21	13.371	1.6496e-05	0.065040
488.99	5.3753	501.17	0.0019953	18.372	18.715	44.215	109.76	215.56	353.73	1.1965	6.8224e-05	0.16496	0.0025402	78.024	0.012817	32.769	34.976	77.469	125.36	370.66	255.07	13.343	1.6517e-05	0.065230
489.13	5.3888	500.66	0.0019974	18.397	18.742	44.269	109.81	216.27	352.74	1.2049	6.8094e-05	0.16494	0.0025232	78.346	0.012764	32.757	34.961	77.428	125.38	372.13	254.93	13.315	1.6538e-05	0.065420
489.27	5.4023	500.14	0.0019994	18.423	18.769	44.322	109.87	217.00	351.75	1.2134	6.7964e-05	0.16492	0.0025062	78.668	0.012712	32.746	34.947	77.387	125.41	373.58	254.79	13.287	1.6559e-05	0.065608
489.41	5.4158	499.62	0.0020015	18.449	18.796	44.375	109.93	217.73	350.75	1.2220	6.7834e-05	0.16489	0.0024893	78.991	0.012660	32.735	34.932	77.346	125.44	374.99	254.65	13.258	1.6580e-05	0.065797
489.55	5.4293	499.11	0.0020036	18.474	18.823	44.428	109.98	218.47	349.76	1.2306	6.7704e-05	0.16487	0.0024724	79.314	0.012608	32.724	34.917	77.305	125.46	376.37	254.52	13.228	1.6602e-05	0.065984
489.69	5.4429	498.59	0.0020057	18.500	18.850	44.481	110.04	219.21	348.76	1.2394	6.7575e-05	0.16485	0.0024556	79.639	0.012557	32.713	34.903	77.263	125.49	377.72	254.38	13.198	1.6623e-05	0.066171
489.83	5.4564	498.07	0.0020078	18.525	18.876	44.534	110.10	219.97	347.77	1.2481	6.7445e-05	0.16483	0.0024388	79.964	0.012506	32.702	34.888	77.222	125.52	379.03	254.25	13.168	1.6645e-05	0.066357
489.97	5.4699	497.54	0.0020099	18.551	18.903	44.587	110.15	220.73	346.77	1.2570	6.7316e-05	0.16480	0.0024220	80.290	0.012455	32.690	34.873	77.181	125.54	380.31	254.11	13.137	1.6666e-05	0.066542
490.10	5.4834	497.02	0.0020120	18.577	18.930	44.640	110.21	221.51	345.77	1.2659	6.7187e-05	0.16478	0.0024053	80.617	0.012404	32.679	34.858	77.140	125.57	381.56	253.98	13.105	1.6688e-05	0.066727
490.24	5.4969	496.50	0.0020141	18.602	18.957	44.693	110.27	222.29	344.78	1.2749	6.7058e-05	0.16476	0.0023887	80.944	0.012354	32.668	34.844	77.099	125.59	382.77	253.85	13.074	1.6710e-05	0.066911
490.38	5.5104	495.97	0.0020162	18.628	18.984	44.746	110.33	223.08	343.78	1.2840	6.6929e-05	0.16474	0.0023721	81.272	0.012304	32.656	34.829	77.058	125.62	383.96	253.72	13.042	1.6732e-05	0.067094
490.52	5.5239	495.44	0.0020184	18.654	19.011	44.799	110.38	223.88	342.78	1.2931	6.6801e-05	0.16472	0.0023555	81.601	0.012255	32.645	34.814	77.017	125.64	385.12	253.59	13.010	1.6754e-05	0.067276
490.66	5.5374	494.92	0.0020205	18.679	19.038	44.852	110.44	224.68	341.78	1.3023	6.6672e-05	0.16470	0.0023390	81.930	0.012205	32.634	34.800	76.977	125.67	386.25	253.45	12.978	1.6776e-05	0.067458
490.79	5.5509	494.39	0.0020227	18.705	19.065	44.905	110.50	225.50	340.78	1.3116	6.6544e-05	0.16467	0.0023225	82.260	0.012157	32.623	34.785	76.936	125.69	387.35	253.32	12.946	1.6799e-05	0.067640
490.93	5.5644	493.86	0.0020249	18.730	19.091	44.958	110.56	226.33	339.78	1.3210	6.6416e-05	0.16465	0.0023061	82.591	0.012108	32.611	34.770	76.895	125.71	388.42	253.18	12.913	1.6821e-05	0.067821
491.07	5.5779	493.32	0.0020271	18.756	19.118	45.011	110.62	227.17	338.78	1.3305	6.6288e-05	0.16463	0.0022897	82.922	0.012060	32.600	34.756	76.855	125.74	389.48	253.05	12.881	1.6844e-05	0.068001
491.20	5.5914	492.79	0.0020293	18.782	19.145	45.064	110.68	228.01	337.78	1.3400	6.6160e-05	0.16461	0.0022734	83.254	0.012011	32.589	34.741	76.814	125.76	390.51	252.91	12.849	1.6867e-05	0.068181
491.34	5.6049	492.26	0.0020315	18.807	19.172	45.117	110.74	228.87	336.78	1.3496	6.6032e-05	0.16459	0.0022571	83.586	0.011964	32.578	34.726	76.774	125.78	391.53	252.77	12.816	1.6889e-05	0.068361
491.47	5.6184	491.72	0.0020337	18.833	19.199	45.170	110.80	229.73	335.78	1.3593	6.5904e-05	0.16457	0.0022408	83.919	0.011916	32.566	34.712	76.734	125.80	392.53	252.63	12.784	1.6912e-05	0.068541
491.61	5.6319	491.18	0.0020359	18.859	19.226	45.223	110.86	230.61	334.78	1.3691	6.5777e-05	0.16455	0.0022246	84.252	0.011869	32.555	34.697	76.694	125.82	393.51	252.49	12.752	1.6935e-05	0.068721
491.74	5.6454	490.64	0.0020381	18.884	19.253	45.276	110.92	231.50	333.78	1.3789	6.5649e-05	0.16453	0.0022085	84.586	0.011822	32.544	34.683	76.654	125.84	394.48	252.34	12.720	1.6959e-05	0.068900
491.88	5.6589	490.10	0.0020404	18.910	19.280	45.329	110.98	232.39	332.78	1.3889	6.5522e-05	0.16451	0.0021923	84.920	0.011776	32.533	34.668	76.614	125.86	395.45	252.19	12.689	1.6982e-05	0.069080
492.01	5.6725	489.56	0.0020426	18.935	19.307	45.382	111.04	233.30	331.77	1.3989	6.5395e-05	0.16449	0.0021763	85.255	0.011729	32.522	34.653	76.574	125.88	396.41	252.04	12.657	1.7005e-05	0.069261
492.15	5.6860	489.02	0.0020449	18.961	19.334	45.435	111.10	234.22	330.77	1.4090	6.5268e-05	0.16447	0.0021602	85.591	0.011683	32.510	34.639	76.534	125.90	397.37	251.89	12.626	1.7029e-05	0.069441
492.28	5.6995	488.47	0.0020472	18.987	19.361	45.488	111.16	235.15	329.77	1.4192	6.5141e-05	0.16445	0.0021442	85.927	0.011638	32.499	34.625	76.495	125.91	398.33	251.73	12.596	1.7053e-05	0.069622
492.42	5.7130	487.93	0.0020495	19.012	19.388	45.541	111.22	236.09	328.76	1.4294	6.5014e-05	0.16443	0.0021283	86.264	0.011592	32.488	34.610	76.455	125.93	399.29	251.57	12.566	1.7077e-05	0.069804
492.55	5.7265	487.38	0.0020518	19.038	19.415	45.594	111.28	237.04	327.76	1.4398	6.4887e-05	0.16441	0.0021124	86.602	0.011547	32.477	34.596	76.416	125.94	400.26	251.40	12.536	1.7100e-05	0.069987
492.68	5.7400	486.83	0.0020541	19.064	19.442	45.647	111.34	238.00	326.76	1.4503	6.4761e-05	0.16439	0.0020965	86.940	0.011502	32.466	34.581	76.376	125.96	401.24	251.24	12.507	1.7125e-05	0.070171
492.81	5.7535	486.28	0.0020564	19.089	19.469	45.700	111.41	238.98	325.75	1.4608	6.4634e-05	0.16437	0.0020807	87.279	0.011458	32.455	34.567	76.337	125.97	402.24	251.06	12.478	1.7149e-05	0.070356
492.95	5.7670	485.72	0.0020588	19.115	19.496	45.753	111.47	239.96	324.75	1.4714	6.4508e-05	0.16435	0.0020649	87.618	0.011413	32.444	34.553	76.298	125.98	403.25	250.88	12.450	1.7173e-05	0.070542
493.08	5.7805	485.17	0.0020611	19.141	19.523	45.806	111.53	240.96	323.74	1.4821	6.4381e-05	0.16433	0.0020492	87.958	0.011369	32.432	34.538	76.259	125.99	404.29	250.70	12.422	1.7198e-05	0.070729
493.21	5.7940	484.61	0.0020635	19.167	19.550	45.859	111.59	241.97	322.74	1.4929	6.4255e-05	0.16431	0.0020335	88.299	0.011325	32.421	34.524	76.220	126.00	405.35	250.52	12.395	1.7222e-05	0.070918
493.34	5.8075	484.05	0.0020659	19.192	19.577	45.912	111.66	243.00	321.73	1.5038	6.4129e-05	0.16429	0.0020178	88.641	0.011281	32.410	34.510	76.181	126.01	406.44	250.33	12.369	1.7247e-05	0.071109
493.48	5.8210	483.49	0.0020683	19.218	19.604	45.965	111.72	244.03	320.73	1.5148	6.4002e-05	0.16427	0.0020022	88.984	0.011238	32.399	34.495	76.142	126.02	407.56	250.13	12.344	1.7272e-05	0.071302
493.61	5.8345	482.93	0.0020707	19.244	19.631	46.018	111.79	245.08	319.72	1.5259	6.3876e-05	0.16425	0.0019866	89.327	0.011195	32.388	34.481	76.103	126.03	408.72	249.93	12.319	1.7297e-05	0.071497
493.74	5.8480	482.37	0.0020731	19.270	19.658	46.072	111.85	246.14	318.71	1.5370	6.3750e-05	0.16423	0.0019711	89.672	0.011152	32.377	34.466	76.064	126.04	409.92	249.72	12.294	1.7322e-05	0.071695
493.87	5.8615	481.80	0.0020755	19.295	19.685	46.125	111.92	247.22	317.71	1.5483	6.3624e-05	0.16422	0.0019556	90.017	0.011109	32.366	34.452	76.025	126.05	411.16	249.51	12.271	1.7347e-05	0.071894
494.00	5.8750	481.24	0.0020780	19.321	19.712	46.178	111.98	248.30	316.70	1.5597	6.3498e-05	0.16420	0.0019402	90.364	0.011066	32.354	34.438	75.986	126.05	412.45	249.30	12.248	1.7373e-05	0.072097
494.13	5.8885	480.67	0.0020804	19.347	19.740	46.231	112.05	249.40	315.70	1.5711	6.3372e-05	0.16418	0.0019248	90.712	0.011024	32.343	34.423	75.947	126.06	413.79	249.08	12.226	1.7399e-05	0.072302
494.26	5.9020	480.10	0.0020829	19.373	19.767	46.284	112.11	250.52	314.69	1.5827	6.3246e-05	0.16416	0.0019094	91.060	0.010982	32.332	34.409	75.908	126.06	415.19	248.85	12.205	1.7424e-05	0.072511
494.39	5.9156	479.52	0.0020854	19.399	19.794	46.338	112.18	251.65	313.69	1.5943	6.3121e-05	0.16414	0.0018941	91.411	0.010940	32.321	34.394	75.870	126.07	416.65	248.62	12.185	1.7450e-05	0.072722
494.52	5.9291	478.95	0.0020879	19.425	19.821	46.391	112.25	252.79	312.68	1.6060	6.2995e-05	0.16413	0.0018788	91.762	0.010898	32.309	34.380	75.831	126.07	418.17	248.39	12.165	1.7476e-05	0.072938
494.65	5.9426	478.37	0.0020904	19.450	19.849	46.444	112.31	253.94	311.68	1.6179	6.2869e-05	0.16411	0.0018636	92.115	0.010856	32.298	34.365	75.792	126.08	419.76	248.14	12.146	1.7503e-05	0.073156
494.78	5.9561	477.80	0.0020929	19.476	19.876	46.497	112.38	255.11	310.67	1.6298	6.2743e-05	0.16409	0.0018484	92.469	0.010814	32.287	34.351	75.753	126.08	421.43	247.90	12.128	1.7529e-05	0.073379
494.91	5.9696	477.22	0.0020955	19.502	19.903	46.551	112.45	256.30	309.67	1.6418	6.2618e-05	0.16407	0.0018332	92.824	0.010773	32.275	34.336	75.713	126.08	423.17	247.65	12.111	1.7556e-05	0.073606
495.04	5.9831	476.63	0.0020981	19.528	19.930	46.604	112.52	257.50	308.67	1.6539	6.2492e-05	0.16406	0.0018181	93.181	0.010732	32.264	34.321	75.674	126.08	424.99	247.39	12.094	1.7583e-05	0.073837
495.16	5.9966	476.05	0.0021006	19.554	19.958	46.658	112.58	258.71	307.66	1.6662	6.2367e-05	0.16404	0.0018030	93.540	0.010691	32.252	34.306	75.635	126.09	426.90	247.13	12.079	1.7610e-05	0.074072
495.29	6.0101	475.46	0.0021032	19.580	19.985	46.711	112.65	259.94	306.66	1.6785	6.2241e-05	0.16402	0.0017880	93.901	0.010650	32.241	34.291	75.595	126.09	428.90	246.87	12.064	1.7637e-05	0.074313
495.42	6.0236	474.87	0.0021058	19.606	20.013	46.764	112.72	261.18	305.66	1.6909	6.2116e-05	0.16401	0.0017730	94.263	0.010609	32.229	34.276	75.556	126.09	430.99	246.60	12.050	1.7665e-05	0.074558
495.55	6.0371	474.28	0.0021084	19.632	20.040	46.818	112.79	262.44	304.66	1.7034	6.1990e-05	0.16399	0.0017580	94.628	0.010568	32.217	34.261	75.516	126.09	433.18	246.32	12.037	1.7693e-05	0.074808
495.67	6.0506	473.69	0.0021111	19.658	20.067	46.872	112.86	263.72	303.66	1.7160	6.1865e-05	0.16397	0.0017431	94.994	0.010527	32.205	34.246	75.476	126.09	435.48	246.04	12.024	1.7721e-05	0.075064
495.80	6.0641	473.10	0.0021137	19.684	20.095	46.925	112.93	265.01	302.66	1.7287	6.1739e-05	0.16396	0.0017283	95.362	0.010486	32.193	34.231	75.436	126.10	437.89	245.76	12.013	1.7749e-05	0.075326
495.93	6.0776	472.50	0.0021164	19.710	20.122	46.979	113.00	266.31	301.66	1.7415	6.1614e-05	0.16394	0.0017134	95.733	0.010446	32.181	34.215	75.396	126.10	440.40	245.47	12.002	1.7777e-05	0.075593
496.06	6.0911	471.90	0.0021191	19.736	20.150	47.032	113.07	267.64	300.66	1.7545	6.1489e-05	0.16393	0.0016987	96.105	0.010405	32.169	34.200	75.355	126.10	443.04	245.19	11.991	1.7806e-05	0.075867
496.18	6.1046	471.30	0.0021218	19.763	20.178	47.086	113.15	268.97	299.66	1.7675	6.1363e-05	0.16391	0.0016839	96.481	0.010365	32.157	34.184	75.314	126.10	445.80	244.89	11.981	1.7835e-05	0.076147
496.31	6.1181	470.70	0.0021245	19.789	20.205	47.140	113.22	270.33	298.67	1.7806	6.1238e-05	0.16390	0.0016692	96.858	0.010324	32.144	34.168	75.273	126.10	448.69	244.60	11.972	1.7864e-05	0.076433
496.43	6.1316	470.09	0.0021272	19.815	20.233	47.194	113.29	271.70	297.67	1.7938	6.1113e-05	0.16388	0.0016546	97.238	0.010284	32.132	34.152	75.232	126.11	451.71	244.30	11.964	1.7893e-05	0.076727
496.56	6.1452	469.49	0.0021300	19.841	20.260	47.247	113.36	273.09	296.68	1.8071	6.0987e-05	0.16387	0.0016400	97.621	0.010244	32.119	34.136	75.191	126.11	454.87	244.00	11.956	1.7923e-05	0.077027
496.69	6.1587	468.88	0.0021328	19.867	20.288	47.301	113.44	274.49	295.69	1.8205	6.0862e-05	0.16385	0.0016254	98.007	0.010203	32.106	34.119	75.149	126.11	458.17	243.69	11.949	1.7953e-05	0.077335
496.81	6.1722	468.26	0.0021355	19.893	20.316	47.355	113.51	275.91	294.69	1.8340	6.0737e-05	0.16384	0.0016108	98.396	0.010163	32.093	34.103	75.106	126.12	461.62	243.39	11.942	1.7984e-05	0.077651
496.94	6.1857	467.65	0.0021383	19.920	20.343	47.409	113.58	277.35	293.71	1.8476	6.0612e-05	0.16382	0.0015964	98.787	0.010123	32.080	34.086	75.064	126.12	465.22	243.09	11.935	1.8014e-05	0.077974
497.06	6.1992	467.04	0.0021412	19.946	20.371	47.463	113.66	278.80	292.72	1.8613	6.0487e-05	0.16381	0.0015819	99.182	0.010083	32.066	34.069	75.021	126.13	468.98	242.78	11.929	1.8045e-05	0.078306
497.19	6.2127	466.42	0.0021440	19.972	20.399	47.517	113.73	280.27	291.73	1.8751	6.0362e-05	0.16380	0.0015675	99.580	0.010042	32.053	34.052	74.978	126.13	472.90	242.47	11.923	1.8076e-05	0.078645
497.31	6.2262	465.80	0.0021469	19.998	20.427	47.571	113.81	281.76	290.75	1.8890	6.0237e-05	0.16378	0.0015531	99.981	0.010002	32.039	34.035	74.934	126.14	476.98	242.17	11.918	1.8108e-05	0.078994
497.43	6.2397	465.18	0.0021497	20.025	20.455	47.625	113.89	283.27	289.76	1.9030	6.0112e-05	0.16377	0.0015388	100.39	0.0099616	32.025	34.017	74.890	126.15	481.23	241.86	11.913	1.8140e-05	0.079350
497.56	6.2532	464.55	0.0021526	20.051	20.482	47.679	113.96	284.79	288.78	1.9171	5.9987e-05	0.16376	0.0015246	100.79	0.0099213	32.011	33.999	74.845	126.16	485.66	241.56	11.907	1.8172e-05	0.079716
497.68	6.2667	463.92	0.0021555	20.078	20.510	47.733	114.04	286.34	287.80	1.9313	5.9862e-05	0.16375	0.0015103	101.21	0.0098809	31.997	33.981	74.800	126.17	490.26	241.26	11.902	1.8205e-05	0.080091
497.81	6.2802	463.30	0.0021584	20.104	20.538	47.788	114.12	287.90	286.83	1.9456	5.9737e-05	0.16373	0.0014961	101.62	0.0098405	31.982	33.963	74.755	126.18	495.04	240.96	11.897	1.8238e-05	0.080475
497.93	6.2937	462.66	0.0021614	20.130	20.566	47.842	114.19	289.47	285.85	1.9600	5.9612e-05	0.16372	0.0014820	102.04	0.0098001	31.968	33.944	74.709	126.19	500.00	240.67	11.891	1.8272e-05	0.080868
498.05	6.3072	462.03	0.0021644	20.157	20.594	47.896	114.27	291.07	284.88	1.9745	5.9487e-05	0.16371	0.0014679	102.46	0.0097596	31.953	33.925	74.662	126.20	505.14	240.38	11.886	1.8306e-05	0.081271
498.17	6.3207	461.40	0.0021673	20.183	20.622	47.951	114.35	292.68	283.91	1.9891	5.9362e-05	0.16370	0.0014538	102.89	0.0097191	31.937	33.906	74.615	126.22	510.47	240.09	11.880	1.8340e-05	0.081682
498.30	6.3342	460.76	0.0021703	20.210	20.650	48.005	114.43	294.32	282.94	2.0038	5.9238e-05	0.16369	0.0014398	103.32	0.0096785	31.922	33.886	74.568	126.24	515.98	239.81	11.874	1.8375e-05	0.082103
498.42	6.3477	460.12	0.0021733	20.236	20.678	48.059	114.51	295.97	281.98	2.0185	5.9113e-05	0.16367	0.0014258	103.76	0.0096379	31.906	33.866	74.520	126.26	521.67	239.53	11.867	1.8410e-05	0.082534
498.54	6.3612	459.48	0.0021764	20.263	20.706	48.114	114.59	297.64	281.02	2.0334	5.8988e-05	0.16366	0.0014119	104.20	0.0095972	31.890	33.846	74.471	126.28	527.54	239.26	11.860	1.8445e-05	0.082973
498.66	6.3748	458.83	0.0021794	20.289	20.734	48.168	114.67	299.32	280.06	2.0483	5.8864e-05	0.16365	0.0013980	104.64	0.0095564	31.874	33.826	74.422	126.30	533.59	239.00	11.852	1.8481e-05	0.083422
498.78	6.3883	458.19	0.0021825	20.316	20.763	48.223	114.75	301.03	279.10	2.0634	5.8739e-05	0.16364	0.0013842	105.09	0.0095156	31.858	33.805	74.372	126.32	539.81	238.75	11.843	1.8518e-05	0.083879
498.90	6.4018	457.54	0.0021856	20.342	20.791	48.277	114.83	302.76	278.15	2.0785	5.8615e-05	0.16363	0.0013704	105.54	0.0094748	31.841	33.784	74.322	126.35	546.19	238.50	11.833	1.8555e-05	0.084344
499.03	6.4153	456.89	0.0021887	20.369	20.819	48.332	114.91	304.50	277.20	2.0938	5.8491e-05	0.16362	0.0013566	106.00	0.0094339	31.824	33.763	74.271	126.38	552.73	238.26	11.823	1.8592e-05	0.084817
499.15	6.4288	456.24	0.0021918	20.396	20.847	48.386	115.00	306.26	276.25	2.1091	5.8366e-05	0.16361	0.0013429	106.46	0.0093929	31.807	33.741	74.219	126.41	559.42	238.04	11.811	1.8630e-05	0.085298
499.27	6.4423	455.58	0.0021950	20.422	20.875	48.441	115.08	308.05	275.30	2.1245	5.8242e-05	0.16360	0.0013293	106.93	0.0093520	31.789	33.720	74.167	126.44	566.24	237.82	11.798	1.8668e-05	0.085786
499.39	6.4558	454.93	0.0021981	20.449	20.904	48.496	115.16	309.85	274.36	2.1400	5.8118e-05	0.16359	0.0013156	107.40	0.0093109	31.771	33.697	74.115	126.47	573.18	237.62	11.784	1.8707e-05	0.086280
499.51	6.4693	454.27	0.0022013	20.476	20.932	48.551	115.25	311.67	273.42	2.1556	5.7994e-05	0.16358	0.0013021	107.88	0.0092699	31.753	33.675	74.062	126.51	580.24	237.42	11.769	1.8747e-05	0.086779
499.63	6.4828	453.61	0.0022045	20.502	20.960	48.605	115.33	313.52	272.49	2.1712	5.7870e-05	0.16358	0.0012885	108.36	0.0092289	31.735	33.652	74.008	126.55	587.38	237.24	11.752	1.8786e-05	0.087283
499.75	6.4963	452.95	0.0022078	20.529	20.989	48.660	115.41	315.38	271.56	2.1870	5.7746e-05	0.16357	0.0012751	108.84	0.0091878	31.717	33.629	73.954	126.59	594.59	237.07	11.734	1.8827e-05	0.087791
499.87	6.5098	452.28	0.0022110	20.556	21.017	48.715	115.50	317.26	270.63	2.2029	5.7623e-05	0.16356	0.0012616	109.33	0.0091467	31.698	33.606	73.899	126.64	601.86	236.91	11.714	1.8867e-05	0.088302
499.99	6.5233	451.62	0.0022143	20.582	21.045	48.770	115.58	319.16	269.71	2.2188	5.7499e-05	0.16355	0.0012482	109.82	0.0091057	31.679	33.582	73.844	126.68	609.16	236.77	11.693	1.8909e-05	0.088815
500.10	6.5368	450.95	0.0022175	20.609	21.074	48.825	115.67	321.09	268.79	2.2348	5.7375e-05	0.16355	0.0012349	110.32	0.0090647	31.660	33.558	73.788	126.73	616.46	236.64	11.670	1.8950e-05	0.089328
500.22	6.5503	450.28	0.0022208	20.636	21.102	48.880	115.76	323.03	267.87	2.2509	5.7252e-05	0.16354	0.0012216	110.82	0.0090238	31.640	33.534	73.732	126.78	623.75	236.52	11.645	1.8993e-05	0.089841
500.34	6.5638	449.61	0.0022242	20.663	21.131	48.935	115.84	325.00	266.96	2.2671	5.7129e-05	0.16353	0.0012083	111.32	0.0089829	31.620	33.510	73.676	126.84	631.00	236.41	11.619	1.9035e-05	0.090353
500.46	6.5773	448.93	0.0022275	20.690	21.159	48.990	115.93	326.99	266.05	2.2834	5.7006e-05	0.16353	0.0011951	111.83	0.0089422	31.601	33.485	73.619	126.89	638.18	236.32	11.591	1.9078e-05	0.090862
500.58	6.5908	448.26	0.0022309	20.716	21.188	49.045	116.02	329.00	265.14	2.2998	5.6883e-05	0.16352	0.0011820	112.34	0.0089015	31.581	33.461	73.562	126.95	645.28	236.24	11.562	1.9122e-05	0.091367
500.69	6.6044	447.58	0.0022342	20.743	21.216	49.100	116.11	331.03	264.24	2.3162	5.6760e-05	0.16352	0.0011689	112.85	0.0088609	31.561	33.436	73.505	127.01	652.26	236.17	11.531	1.9166e-05	0.091867
500.81	6.6179	446.90	0.0022376	20.770	21.245	49.155	116.20	333.09	263.35	2.3328	5.6637e-05	0.16351	0.0011558	113.37	0.0088206	31.540	33.411	73.447	127.07	659.10	236.11	11.499	1.9210e-05	0.092361
500.93	6.6314	446.22	0.0022410	20.797	21.273	49.210	116.29	335.17	262.45	2.3494	5.6514e-05	0.16351	0.0011428	113.89	0.0087803	31.520	33.386	73.390	127.14	665.79	236.06	11.465	1.9255e-05	0.092849
501.05	6.6449	445.54	0.0022445	20.824	21.302	49.265	116.37	337.27	261.56	2.3662	5.6392e-05	0.16350	0.0011298	114.41	0.0087403	31.499	33.360	73.332	127.20	672.31	236.02	11.430	1.9300e-05	0.093328
501.16	6.6584	444.85	0.0022479	20.851	21.330	49.320	116.46	339.40	260.68	2.3830	5.6269e-05	0.16350	0.0011168	114.94	0.0087004	31.479	33.335	73.274	127.27	678.63	235.99	11.393	1.9345e-05	0.093800
501.28	6.6719	444.16	0.0022514	20.878	21.359	49.375	116.56	341.56	259.79	2.3999	5.6147e-05	0.16350	0.0011040	115.46	0.0086608	31.458	33.310	73.216	127.34	684.75	235.97	11.355	1.9391e-05	0.094262
501.40	6.6854	443.48	0.0022549	20.905	21.388	49.431	116.65	343.74	258.92	2.4169	5.6025e-05	0.16349	0.0010911	115.99	0.0086214	31.438	33.284	73.158	127.41	690.66	235.96	11.317	1.9437e-05	0.094715
501.51	6.6989	442.78	0.0022584	20.932	21.416	49.486	116.74	345.94	258.04	2.4340	5.5903e-05	0.16349	0.0010783	116.52	0.0085823	31.417	33.259	73.100	127.49	696.34	235.95	11.277	1.9484e-05	0.095158
501.63	6.7124	442.09	0.0022620	20.959	21.445	49.541	116.83	348.18	257.17	2.4512	5.5781e-05	0.16349	0.0010656	117.05	0.0085435	31.396	33.234	73.042	127.56	701.80	235.95	11.236	1.9530e-05	0.095591
501.74	6.7259	441.40	0.0022655	20.986	21.474	49.597	116.92	350.44	256.30	2.4685	5.5659e-05	0.16349	0.0010529	117.58	0.0085049	31.375	33.208	72.984	127.64	707.03	235.95	11.195	1.9577e-05	0.096014
501.86	6.7394	440.70	0.0022691	21.013	21.503	49.652	117.01	352.74	255.44	2.4859	5.5537e-05	0.16349	0.0010402	118.11	0.0084667	31.355	33.183	72.926	127.72	712.03	235.95	11.153	1.9624e-05	0.096426
501.97	6.7529	440.00	0.0022727	21.040	21.532	49.708	117.11	355.06	254.58	2.5034	5.5416e-05	0.16349	0.0010276	118.64	0.0084287	31.334	33.158	72.869	127.79	716.82	235.96	11.111	1.9672e-05	0.096830
502.09	6.7664	439.30	0.0022763	21.067	21.560	49.763	117.20	357.42	253.72	2.5210	5.5294e-05	0.16349	0.0010150	119.17	0.0083911	31.314	33.133	72.812	127.87	721.39	235.96	11.068	1.9719e-05	0.097223
502.20	6.7799	438.60	0.0022800	21.094	21.589	49.819	117.29	359.80	252.87	2.5387	5.5173e-05	0.16349	0.0010025	119.71	0.0083538	31.293	33.108	72.755	127.95	725.77	235.97	11.026	1.9767e-05	0.097608
502.32	6.7934	437.89	0.0022837	21.121	21.618	49.874	117.39	362.23	252.02	2.5565	5.5052e-05	0.16349	0.00099001	120.24	0.0083169	31.273	33.083	72.698	128.03	729.95	235.97	10.983	1.9815e-05	0.097984
502.43	6.8069	437.19	0.0022873	21.148	21.647	49.930	117.48	364.69	251.17	2.5745	5.4930e-05	0.16350	0.00097757	120.77	0.0082803	31.252	33.058	72.642	128.11	733.96	235.97	10.940	1.9863e-05	0.098353
502.55	6.8204	436.48	0.0022911	21.175	21.676	49.986	117.58	367.18	250.33	2.5925	5.4809e-05	0.16350	0.00096518	121.30	0.0082440	31.232	33.034	72.586	128.20	737.81	235.97	10.897	1.9912e-05	0.098714
502.66	6.8340	435.77	0.0022948	21.203	21.705	50.041	117.68	369.72	249.49	2.6107	5.4688e-05	0.16350	0.00095283	121.83	0.0082081	31.212	33.009	72.530	128.28	741.52	235.96	10.855	1.9960e-05	0.099069
502.77	6.8475	435.05	0.0022986	21.230	21.734	50.097	117.77	372.30	248.65	2.6291	5.4568e-05	0.16351	0.00094052	122.36	0.0081725	31.192	32.985	72.475	128.36	745.11	235.95	10.813	2.0009e-05	0.099419
502.89	6.8610	434.34	0.0023023	21.257	21.763	50.153	117.87	374.92	247.82	2.6475	5.4447e-05	0.16352	0.00092826	122.89	0.0081373	31.172	32.961	72.420	128.44	748.59	235.93	10.771	2.0057e-05	0.099764
503.00	6.8745	433.62	0.0023062	21.284	21.792	50.209	117.97	377.58	246.99	2.6661	5.4326e-05	0.16352	0.00091605	123.42	0.0081024	31.152	32.937	72.365	128.52	751.99	235.90	10.730	2.0106e-05	0.10011
503.11	6.8880	432.90	0.0023100	21.312	21.822	50.265	118.06	380.29	246.16	2.6848	5.4206e-05	0.16353	0.00090388	123.95	0.0080678	31.133	32.913	72.311	128.60	755.32	235.86	10.689	2.0155e-05	0.10044
503.23	6.9015	432.18	0.0023138	21.339	21.851	50.321	118.16	383.05	245.33	2.7037	5.4085e-05	0.16354	0.00089175	124.48	0.0080336	31.113	32.890	72.257	128.68	758.61	235.82	10.649	2.0204e-05	0.10078
503.34	6.9150	431.46	0.0023177	21.367	21.880	50.377	118.26	385.87	244.50	2.7228	5.3965e-05	0.16355	0.00087966	125.00	0.0079997	31.094	32.866	72.204	128.76	761.87	235.76	10.610	2.0254e-05	0.10112
503.45	6.9285	430.73	0.0023216	21.394	21.909	50.433	118.36	388.73	243.68	2.7420	5.3844e-05	0.16357	0.00086762	125.53	0.0079661	31.075	32.843	72.151	128.84	765.12	235.70	10.572	2.0303e-05	0.10145
503.56	6.9420	430.00	0.0023256	21.421	21.939	50.490	118.46	391.66	242.86	2.7613	5.3724e-05	0.16358	0.00085563	126.06	0.0079328	31.055	32.820	72.098	128.92	768.38	235.63	10.534	2.0353e-05	0.10179
503.68	6.9555	429.27	0.0023295	21.449	21.968	50.546	118.56	394.64	242.04	2.7809	5.3603e-05	0.16360	0.00084367	126.58	0.0078998	31.036	32.797	72.046	129.00	771.67	235.54	10.498	2.0402e-05	0.10212
503.79	6.9690	428.53	0.0023335	21.477	21.998	50.603	118.66	397.69	241.22	2.8006	5.3483e-05	0.16361	0.00083176	127.11	0.0078672	31.017	32.774	71.994	129.08	775.01	235.45	10.462	2.0452e-05	0.10246
503.90	6.9825	427.80	0.0023376	21.504	22.027	50.659	118.77	400.80	240.41	2.8205	5.3363e-05	0.16363	0.00081990	127.64	0.0078347	30.999	32.752	71.942	129.16	778.41	235.34	10.427	2.0502e-05	0.10280
504.01	6.9960	427.06	0.0023416	21.532	22.057	50.716	118.87	403.99	239.59	2.8406	5.3242e-05	0.16365	0.00080808	128.16	0.0078026	30.980	32.729	71.891	129.24	781.89	235.22	10.393	2.0552e-05	0.10315
504.12	7.0095	426.31	0.0023457	21.559	22.086	50.773	118.97	407.24	238.78	2.8609	5.3122e-05	0.16367	0.00079630	128.69	0.0077707	30.961	32.707	71.839	129.32	785.47	235.09	10.360	2.0602e-05	0.10350
504.23	7.0230	425.57	0.0023498	21.587	22.116	50.829	119.07	410.58	237.97	2.8814	5.3002e-05	0.16370	0.00078457	129.21	0.0077391	30.943	32.684	71.788	129.39	789.16	234.95	10.328	2.0653e-05	0.10385
504.35	7.0365	424.82	0.0023539	21.615	22.146	50.886	119.18	414.00	237.16	2.9022	5.2881e-05	0.16373	0.00077288	129.74	0.0077076	30.924	32.662	71.738	129.47	792.97	234.80	10.297	2.0704e-05	0.10421
504.46	7.0500	424.07	0.0023581	21.643	22.176	50.943	119.28	417.50	236.35	2.9231	5.2761e-05	0.16375	0.00076123	130.27	0.0076765	30.906	32.640	71.687	129.54	796.92	234.63	10.267	2.0754e-05	0.10458
504.57	7.0636	423.31	0.0023623	21.671	22.205	51.001	119.39	421.10	235.54	2.9444	5.2640e-05	0.16379	0.00074963	130.80	0.0076455	30.887	32.618	71.637	129.62	801.03	234.46	10.238	2.0805e-05	0.10495
504.68	7.0771	422.55	0.0023666	21.699	22.235	51.058	119.49	424.80	234.73	2.9658	5.2520e-05	0.16382	0.00073807	131.33	0.0076147	30.869	32.596	71.587	129.69	805.31	234.27	10.210	2.0857e-05	0.10533
504.79	7.0906	421.79	0.0023708	21.727	22.265	51.115	119.60	428.59	233.92	2.9875	5.2399e-05	0.16386	0.00072656	131.85	0.0075841	30.851	32.574	71.537	129.76	809.76	234.06	10.183	2.0908e-05	0.10572
504.90	7.1041	421.03	0.0023751	21.755	22.295	51.173	119.71	432.50	233.11	3.0095	5.2278e-05	0.16390	0.00071509	132.39	0.0075537	30.833	32.552	71.487	129.84	814.42	233.85	10.157	2.0960e-05	0.10612
505.01	7.1176	420.26	0.0023795	21.783	22.326	51.231	119.82	436.51	232.30	3.0318	5.2157e-05	0.16394	0.00070367	132.92	0.0075234	30.814	32.530	71.437	129.91	819.28	233.62	10.131	2.1012e-05	0.10653
505.12	7.1311	419.48	0.0023839	21.811	22.356	51.288	119.92	440.65	231.48	3.0543	5.2036e-05	0.16398	0.00069229	133.45	0.0074933	30.796	32.508	71.388	129.98	824.37	233.39	10.107	2.1065e-05	0.10694
505.23	7.1446	418.71	0.0023883	21.839	22.386	51.347	120.03	444.92	230.67	3.0772	5.1915e-05	0.16403	0.00068095	133.99	0.0074633	30.778	32.486	71.338	130.05	829.69	233.14	10.084	2.1117e-05	0.10737
505.34	7.1581	417.93	0.0023928	21.868	22.417	51.405	120.14	449.33	229.86	3.1003	5.1794e-05	0.16409	0.00066967	134.53	0.0074335	30.760	32.465	71.288	130.12	835.26	232.88	10.061	2.1171e-05	0.10781
505.45	7.1716	417.14	0.0023973	21.896	22.447	51.463	120.26	453.88	229.05	3.1238	5.1672e-05	0.16414	0.00065842	135.07	0.0074038	30.741	32.443	71.239	130.19	841.10	232.60	10.039	2.1224e-05	0.10826
505.56	7.1851	416.35	0.0024018	21.925	22.478	51.522	120.37	458.58	228.23	3.1476	5.1551e-05	0.16420	0.00064723	135.61	0.0073741	30.723	32.421	71.189	130.25	847.22	232.32	10.019	2.1278e-05	0.10872
505.67	7.1986	415.56	0.0024064	21.953	22.509	51.580	120.48	463.44	227.42	3.1718	5.1428e-05	0.16427	0.00063607	136.15	0.0073446	30.705	32.399	71.139	130.32	853.63	232.02	9.9987	2.1332e-05	0.10920
505.78	7.2121	414.76	0.0024111	21.982	22.539	51.639	120.59	468.47	226.60	3.1963	5.1306e-05	0.16434	0.00062497	136.70	0.0073151	30.686	32.377	71.089	130.38	860.35	231.71	9.9796	2.1387e-05	0.10968
505.89	7.2256	413.95	0.0024157	22.011	22.570	51.698	120.71	473.69	225.78	3.2212	5.1184e-05	0.16441	0.00061391	137.25	0.0072857	30.668	32.355	71.039	130.45	867.40	231.40	9.9612	2.1442e-05	0.11019
505.99	7.2391	413.14	0.0024205	22.040	22.601	51.758	120.83	479.10	224.96	3.2465	5.1061e-05	0.16449	0.00060290	137.81	0.0072564	30.649	32.332	70.989	130.51	874.79	231.07	9.9436	2.1497e-05	0.11070
506.10	7.2526	412.33	0.0024253	22.069	22.633	51.817	120.94	484.71	224.14	3.2722	5.0937e-05	0.16458	0.00059194	138.37	0.0072271	30.631	32.310	70.939	130.58	882.54	230.73	9.9268	2.1554e-05	0.11123
506.21	7.2661	411.51	0.0024301	22.098	22.664	51.877	121.06	490.55	223.31	3.2983	5.0814e-05	0.16467	0.00058102	138.93	0.0071978	30.612	32.288	70.888	130.64	890.67	230.38	9.9106	2.1610e-05	0.11178
506.32	7.2796	410.68	0.0024350	22.127	22.695	51.937	121.18	496.62	222.48	3.3248	5.0690e-05	0.16477	0.00057016	139.50	0.0071685	30.593	32.265	70.837	130.70	899.19	230.02	9.8952	2.1667e-05	0.11234
506.43	7.2932	409.85	0.0024399	22.157	22.727	51.997	121.30	502.93	221.65	3.3518	5.0565e-05	0.16488	0.00055934	140.07	0.0071392	30.574	32.242	70.786	130.76	908.14	229.65	9.8804	2.1725e-05	0.11293
506.54	7.3067	409.01	0.0024450	22.186	22.759	52.058	121.42	509.51	220.82	3.3792	5.0440e-05	0.16499	0.00054857	140.65	0.0071099	30.555	32.219	70.735	130.82	917.53	229.27	9.8662	2.1784e-05	0.11352
506.65	7.3202	408.16	0.0024500	22.216	22.791	52.119	121.54	516.37	219.98	3.4072	5.0314e-05	0.16511	0.00053785	141.23	0.0070806	30.535	32.196	70.683	130.89	927.39	228.88	9.8526	2.1843e-05	0.11414
506.75	7.3337	407.31	0.0024552	22.246	22.823	52.180	121.67	523.53	219.15	3.4356	5.0188e-05	0.16524	0.00052718	141.82	0.0070513	30.516	32.173	70.631	130.94	937.74	228.48	9.8396	2.1902e-05	0.11478
506.86	7.3472	406.44	0.0024604	22.276	22.855	52.242	121.79	531.00	218.30	3.4645	5.0062e-05	0.16538	0.00051656	142.41	0.0070219	30.496	32.149	70.578	131.00	948.62	228.07	9.8271	2.1963e-05	0.11544
506.97	7.3607	405.57	0.0024656	22.306	22.887	52.303	121.92	538.82	217.46	3.4939	4.9934e-05	0.16553	0.00050599	143.01	0.0069924	30.476	32.125	70.525	131.06	960.04	227.65	9.8152	2.2024e-05	0.11612
507.08	7.3742	404.70	0.0024710	22.336	22.920	52.366	122.05	547.01	216.61	3.5239	4.9806e-05	0.16569	0.00049547	143.62	0.0069629	30.456	32.101	70.471	131.12	972.05	227.22	9.8037	2.2086e-05	0.11682
507.18	7.3877	403.81	0.0024764	22.366	22.953	52.428	122.17	555.59	215.76	3.5544	4.9677e-05	0.16585	0.00048501	144.23	0.0069333	30.435	32.076	70.417	131.18	984.69	226.79	9.7927	2.2149e-05	0.11755
507.29	7.4012	402.92	0.0024819	22.397	22.986	52.491	122.31	564.58	214.91	3.5855	4.9548e-05	0.16604	0.00047459	144.85	0.0069036	30.414	32.052	70.362	131.23	997.98	226.34	9.7820	2.2213e-05	0.11830
507.40	7.4147	402.01	0.0024875	22.428	23.019	52.554	122.44	574.02	214.05	3.6172	4.9417e-05	0.16623	0.00046423	145.48	0.0068737	30.393	32.026	70.307	131.29	1012.0	225.89	9.7718	2.2277e-05	0.11907
507.50	7.4282	401.10	0.0024932	22.459	23.052	52.618	122.57	583.94	213.19	3.6494	4.9286e-05	0.16643	0.00045393	146.12	0.0068437	30.372	32.001	70.251	131.34	1026.7	225.43	9.7619	2.2343e-05	0.11988
507.61	7.4417	400.17	0.0024989	22.490	23.086	52.683	122.71	594.38	212.33	3.6823	4.9154e-05	0.16666	0.00044368	146.77	0.0068136	30.350	31.975	70.194	131.40	1042.3	224.96	9.7523	2.2409e-05	0.12071
507.72	7.4552	399.24	0.0025048	22.522	23.120	52.747	122.85	605.37	211.46	3.7158	4.9021e-05	0.16689	0.00043348	147.42	0.0067833	30.328	31.949	70.136	131.45	1058.7	224.49	9.7430	2.2477e-05	0.12158
507.82	7.4687	398.29	0.0025108	22.553	23.154	52.812	122.99	616.95	210.59	3.7500	4.8886e-05	0.16714	0.00042334	148.09	0.0067528	30.306	31.922	70.077	131.50	1076.1	224.01	9.7339	2.2546e-05	0.12247
507.93	7.4822	397.33	0.0025168	22.585	23.189	52.878	123.13	629.18	209.72	3.7848	4.8751e-05	0.16741	0.00041326	148.76	0.0067222	30.283	31.894	70.018	131.56	1094.4	223.52	9.7251	2.2616e-05	0.12340
508.04	7.4957	396.35	0.0025230	22.618	23.224	52.945	123.27	642.09	208.85	3.8202	4.8614e-05	0.16770	0.00040323	149.45	0.0066913	30.260	31.867	69.957	131.61	1113.9	223.02	9.7164	2.2687e-05	0.12437
508.14	7.5092	395.37	0.0025293	22.650	23.259	53.012	123.42	655.73	207.97	3.8564	4.8476e-05	0.16801	0.00039326	150.15	0.0066601	30.236	31.838	69.896	131.66	1134.5	222.52	9.7078	2.2760e-05	0.12538
508.25	7.5227	394.37	0.0025357	22.683	23.294	53.079	123.57	670.18	207.09	3.8932	4.8337e-05	0.16834	0.00038335	150.86	0.0066288	30.212	31.809	69.833	131.71	1156.3	222.01	9.6993	2.2834e-05	0.12643
508.35	7.5363	393.35	0.0025423	22.716	23.330	53.147	123.72	685.48	206.22	3.9307	4.8196e-05	0.16869	0.00037350	151.58	0.0065971	30.187	31.780	69.770	131.77	1179.6	221.49	9.6908	2.2910e-05	0.12752
508.46	7.5498	392.32	0.0025490	22.749	23.366	53.216	123.87	701.71	205.34	3.9689	4.8053e-05	0.16906	0.00036371	152.32	0.0065651	30.161	31.750	69.705	131.82	1204.3	220.97	9.6823	2.2987e-05	0.12866
508.56	7.5633	391.27	0.0025558	22.783	23.403	53.286	124.03	718.93	204.46	4.0078	4.7909e-05	0.16947	0.00035398	153.07	0.0065329	30.136	31.719	69.638	131.87	1230.7	220.44	9.6738	2.3066e-05	0.12985
508.67	7.5768	390.20	0.0025628	22.817	23.440	53.357	124.19	737.22	203.58	4.0474	4.7763e-05	0.16989	0.00034432	153.84	0.0065002	30.109	31.687	69.571	131.92	1258.9	219.91	9.6651	2.3146e-05	0.13110
508.77	7.5903	389.12	0.0025699	22.852	23.477	53.428	124.35	756.68	202.70	4.0877	4.7616e-05	0.17035	0.00033471	154.63	0.0064672	30.082	31.655	69.501	131.97	1289.1	219.37	9.6563	2.3229e-05	0.13241
508.88	7.6038	388.01	0.0025772	22.887	23.515	53.500	124.52	777.38	201.82	4.1286	4.7466e-05	0.17084	0.00032518	155.43	0.0064338	30.054	31.621	69.430	132.02	1321.5	218.82	9.6473	2.3313e-05	0.13378
508.98	7.6173	386.89	0.0025847	22.922	23.553	53.573	124.69	799.42	200.94	4.1703	4.7315e-05	0.17136	0.00031571	156.25	0.0063999	30.025	31.587	69.358	132.07	1356.3	218.27	9.6379	2.3399e-05	0.13522
509.09	7.6308	385.74	0.0025924	22.958	23.592	53.647	124.86	822.90	200.07	4.2125	4.7161e-05	0.17192	0.00030630	157.09	0.0063656	29.996	31.552	69.283	132.12	1393.9	217.72	9.6282	2.3488e-05	0.13674
509.19	7.6443	384.57	0.0026003	22.994	23.631	53.723	125.03	847.94	199.21	4.2555	4.7005e-05	0.17251	0.00029696	157.96	0.0063308	29.965	31.516	69.207	132.17	1434.5	217.16	9.6181	2.3580e-05	0.13834
509.30	7.6578	383.38	0.0026084	23.031	23.671	53.799	125.21	874.63	198.35	4.2989	4.6846e-05	0.17314	0.00028769	158.85	0.0062954	29.934	31.478	69.128	132.22	1478.5	216.59	9.6074	2.3673e-05	0.14003
509.40	7.6713	382.16	0.0026167	23.069	23.712	53.876	125.39	903.10	197.50	4.3430	4.6686e-05	0.17381	0.00027850	159.76	0.0062594	29.901	31.440	69.047	132.27	1526.3	216.02	9.5961	2.3770e-05	0.14182
509.50	7.6848	380.92	0.0026252	23.107	23.753	53.955	125.58	933.46	196.66	4.3875	4.6522e-05	0.17452	0.00026937	160.70	0.0062227	29.868	31.400	68.963	132.32	1578.4	215.45	9.5840	2.3870e-05	0.14373
509.61	7.6983	379.65	0.0026340	23.145	23.795	54.035	125.77	965.83	195.83	4.4325	4.6356e-05	0.17528	0.00026032	161.67	0.0061853	29.833	31.359	68.877	132.38	1635.4	214.87	9.5711	2.3973e-05	0.14575
509.71	7.7118	378.35	0.0026431	23.184	23.837	54.116	125.97	1000.3	195.02	4.4779	4.6187e-05	0.17607	0.00025134	162.68	0.0061472	29.797	31.316	68.788	132.43	1698.0	214.29	9.5572	2.4080e-05	0.14790
509.82	7.7253	377.02	0.0026524	23.224	23.881	54.199	126.16	1037.0	194.22	4.5236	4.6015e-05	0.17692	0.00024244	163.71	0.0061082	29.759	31.271	68.695	132.49	1766.9	213.70	9.5421	2.4190e-05	0.15021
509.92	7.7388	375.66	0.0026620	23.265	23.925	54.283	126.37	1076.1	193.44	4.5695	4.5841e-05	0.17780	0.00023362	164.79	0.0060683	29.720	31.225	68.599	132.54	1843.1	213.12	9.5257	2.4305e-05	0.15268
510.02	7.7523	374.27	0.0026719	23.306	23.970	54.368	126.57	1117.6	192.68	4.6156	4.5663e-05	0.17873	0.00022487	165.91	0.0060274	29.679	31.176	68.499	132.60	1927.7	212.52	9.5077	2.4424e-05	0.15533
510.12	7.7659	372.84	0.0026821	23.348	24.015	54.455	126.78	1161.5	191.94	4.6617	4.5483e-05	0.17970	0.00021621	167.08	0.0059853	29.637	31.126	68.395	132.66	2021.9	211.93	9.4879	2.4548e-05	0.15818
510.23	7.7794	371.39	0.0026926	23.390	24.062	54.544	127.00	1208.0	191.23	4.7077	4.5299e-05	0.18072	0.00020764	168.29	0.0059421	29.592	31.073	68.286	132.72	2127.2	211.33	9.4660	2.4678e-05	0.16126
510.33	7.7929	369.90	0.0027034	23.434	24.109	54.634	127.21	1257.1	190.55	4.7535	4.5113e-05	0.18177	0.00019915	169.56	0.0058975	29.545	31.017	68.172	132.78	2245.3	210.74	9.4417	2.4814e-05	0.16458
510.43	7.8064	368.38	0.0027146	23.478	24.157	54.726	127.43	1308.7	189.89	4.7991	4.4924e-05	0.18286	0.00019074	170.90	0.0058514	29.495	30.959	68.052	132.85	2378.1	210.14	9.4145	2.4957e-05	0.16817
510.53	7.8199	366.83	0.0027261	23.523	24.206	54.820	127.66	1362.9	189.28	4.8442	4.4732e-05	0.18398	0.00018243	172.30	0.0058038	29.443	30.897	67.926	132.92	2527.7	209.54	9.3841	2.5107e-05	0.17205
510.63	7.8334	365.25	0.0027379	23.568	24.255	54.915	127.88	1419.6	188.70	4.8888	4.4538e-05	0.18514	0.00017422	173.78	0.0057543	29.387	30.832	67.793	133.00	2696.4	208.95	9.3499	2.5266e-05	0.17624
510.73	7.8469	363.64	0.0027500	23.615	24.306	55.011	128.11	1478.8	188.15	4.9329	4.4341e-05	0.18633	0.00016610	175.35	0.0057030	29.329	30.762	67.653	133.07	2886.3	208.35	9.3115	2.5433e-05	0.18075
510.84	7.8604	362.00	0.0027625	23.662	24.357	55.110	128.34	1540.4	187.65	4.9763	4.4142e-05	0.18754	0.00015808	177.00	0.0056497	29.266	30.689	67.504	133.16	3099.0	207.77	9.2682	2.5611e-05	0.18558
510.94	7.8739	360.33	0.0027752	23.709	24.410	55.209	128.56	1604.6	187.18	5.0190	4.3942e-05	0.18877	0.00015016	178.76	0.0055942	29.200	30.611	67.347	133.25	3335.2	207.19	9.2195	2.5799e-05	0.19069
511.04	7.8874	358.64	0.0027883	23.758	24.462	55.310	128.79	1671.4	186.75	5.0610	4.3740e-05	0.19004	0.00014235	180.62	0.0055365	29.130	30.529	67.181	133.34	3593.6	206.62	9.1648	2.5999e-05	0.19603
511.14	7.9009	356.93	0.0028017	23.807	24.516	55.413	129.02	1740.9	186.37	5.1023	4.3537e-05	0.19133	0.00013465	182.59	0.0054767	29.055	30.442	67.006	133.44	3869.8	206.06	9.1039	2.6211e-05	0.20148
511.24	7.9144	355.20	0.0028154	23.856	24.570	55.516	129.24	1813.6	186.02	5.1429	4.3334e-05	0.19266	0.00012706	184.67	0.0054149	28.977	30.350	66.823	133.55	4155.6	205.51	9.0366	2.6434e-05	0.20688
511.34	7.9279	353.45	0.0028293	23.906	24.625	55.621	129.47	1889.7	185.71	5.1829	4.3130e-05	0.19403	0.00011959	186.86	0.0053516	28.895	30.255	66.631	133.66	4439.3	204.98	8.9635	2.6668e-05	0.21203
511.43	7.9414	351.68	0.0028435	23.957	24.680	55.727	129.69	1970.0	185.43	5.2224	4.2926e-05	0.19545	0.00011224	189.13	0.0052873	28.811	30.156	66.434	133.78	4706.5	204.46	8.8852	2.6911e-05	0.21674
511.53	7.9549	349.91	0.0028579	24.008	24.736	55.834	129.90	2055.4	185.18	5.2616	4.2722e-05	0.19694	0.00010501	191.48	0.0052226	28.724	30.055	66.232	133.89	4944.7	203.96	8.8032	2.7162e-05	0.22083
511.63	7.9684	348.11	0.0028726	24.059	24.793	55.942	130.11	2146.9	184.96	5.3005	4.2518e-05	0.19851	9.7910e-05	193.87	0.0051582	28.637	29.954	66.030	134.01	5146.8	203.45	8.7193	2.7417e-05	0.22425
511.73	7.9819	346.30	0.0028876	24.111	24.850	56.051	130.32	2246.0	184.76	5.3393	4.2313e-05	0.20019	9.0940e-05	196.28	0.0050947	28.550	29.853	65.828	134.12	5313.1	202.95	8.6350	2.7674e-05	0.22705
511.83	7.9955	344.48	0.0029029	24.164	24.908	56.162	130.53	2354.6	184.59	5.3784	4.2109e-05	0.20200	8.4104e-05	198.70	0.0050326	28.464	29.753	65.628	134.23	5451.8	202.45	8.5522	2.7931e-05	0.22939
511.92	8.0090	342.63	0.0029186	24.217	24.966	56.274	130.73	2474.9	184.43	5.4178	4.1903e-05	0.20398	7.7404e-05	201.12	0.0049722	28.379	29.655	65.433	134.33	5575.4	201.93	8.4718	2.8186e-05	0.23145
512.02	8.0225	340.76	0.0029346	24.271	25.026	56.388	130.92	2609.8	184.29	5.4578	4.1697e-05	0.20616	7.0846e-05	203.52	0.0049136	28.296	29.559	65.241	134.42	5698.5	201.39	8.3947	2.8440e-05	0.23346
512.12	8.0360	338.85	0.0029511	24.327	25.086	56.504	131.12	2763.3	184.16	5.4987	4.1489e-05	0.20858	6.4432e-05	205.91	0.0048565	28.215	29.465	65.054	134.51	5835.9	200.83	8.3213	2.8691e-05	0.23562
512.21	8.0495	336.91	0.0029682	24.383	25.148	56.622	131.31	2940.2	184.04	5.5408	4.1278e-05	0.21132	5.8170e-05	208.30	0.0048008	28.135	29.373	64.869	134.60	6001.8	200.25	8.2516	2.8940e-05	0.23810
512.31	8.0630	334.91	0.0029859	24.441	25.212	56.744	131.50	3147.3	183.93	5.5843	4.1063e-05	0.21444	5.2065e-05	210.69	0.0047463	28.055	29.282	64.687	134.67	6210.9	199.64	8.1854	2.9189e-05	0.24109
512.41	8.0765	332.85	0.0030043	24.500	25.277	56.869	131.68	3393.9	183.82	5.6297	4.0844e-05	0.21805	4.6125e-05	213.11	0.0046924	27.976	29.191	64.506	134.75	6480.2	198.98	8.1223	2.9439e-05	0.24476
512.50	8.0900	330.72	0.0030237	24.562	25.345	56.999	131.87	3693.2	183.72	5.6772	4.0619e-05	0.22227	4.0362e-05	215.57	0.0046388	27.897	29.099	64.323	134.81	6830.8	198.30	8.0618	2.9693e-05	0.24932
512.60	8.1035	328.48	0.0030443	24.626	25.416	57.135	132.06	4064.7	183.62	5.7273	4.0386e-05	0.22730	3.4786e-05	218.11	0.0045849	27.816	29.006	64.138	134.87	7292.7	197.56	8.0033	2.9951e-05	0.25502
