Temperature (K)	Pressure (MPa)	Density (l, kg/m3)	Volume (l, m3/kg)	Internal Energy (l, kJ/mol)	Enthalpy (l, kJ/mol)	Entropy (l, J/mol*K)	Cv (l, J/mol*K)	Cp (l, J/mol*K)	Sound Spd. (l, m/s)	Joule-Thomson (l, K/MPa)	Viscosity (l, Pa*s)	Therm. Cond. (l, W/m*K)	Surf. Tension (l, N/m)	Density (v, kg/m3)	Volume (v, m3/kg)	Internal Energy (v, kJ/mol)	Enthalpy (v, kJ/mol)	Entropy (v, J/mol*K)	Cv (v, J/mol*K)	Cp (v, J/mol*K)	Sound Spd. (v, m/s)	Joule-Thomson (v, K/MPa)	Viscosity (v, Pa*s)	Therm. Cond. (v, W/m*K)
24.556	0.043355	1249.7	0.00080019	-0.097036	-0.096336	-3.6952	18.692	37.165	636.98	-0.29027	0.00017136	0.10841	0.0056271	4.4134	0.22659	1.4967	1.6950	69.252	12.838	22.087	128.03	17.969	3.6929e-06	0.0057165
24.819	0.047719	1245.3	0.00080304	-0.087293	-0.086520	-3.3004	18.619	37.245	632.78	-0.28789	0.00016630	0.10738	0.0055394	4.8164	0.20762	1.4991	1.6991	68.645	12.868	22.187	128.58	17.633	3.7360e-06	0.0057847
25.063	0.052083	1241.1	0.00080571	-0.078197	-0.077350	-2.9356	18.553	37.325	628.84	-0.28557	0.00016178	0.10642	0.0054577	5.2163	0.19171	1.5013	1.7028	68.091	12.896	22.286	129.07	17.329	3.7764e-06	0.0058488
25.293	0.056446	1237.2	0.00080825	-0.069652	-0.068732	-2.5961	18.491	37.405	625.14	-0.28329	0.00015772	0.10553	0.0053812	5.6134	0.17814	1.5033	1.7063	67.582	12.924	22.382	129.53	17.050	3.8146e-06	0.0059096
25.509	0.060810	1233.5	0.00081067	-0.061584	-0.060589	-2.2784	18.434	37.484	621.64	-0.28106	0.00015403	0.10470	0.0053092	6.0080	0.16645	1.5052	1.7095	67.110	12.950	22.476	129.96	16.794	3.8509e-06	0.0059674
25.714	0.065174	1230.0	0.00081298	-0.053933	-0.052864	-1.9795	18.380	37.563	618.32	-0.27887	0.00015066	0.10391	0.0052411	6.4002	0.15625	1.5069	1.7124	66.672	12.976	22.568	130.35	16.558	3.8854e-06	0.0060226
25.908	0.069538	1226.7	0.00081520	-0.046649	-0.045506	-1.6972	18.330	37.641	615.14	-0.27672	0.00014756	0.10317	0.0051765	6.7903	0.14727	1.5085	1.7152	66.262	13.001	22.659	130.72	16.338	3.9184e-06	0.0060755
26.094	0.073902	1223.5	0.00081734	-0.039693	-0.038475	-1.4296	18.283	37.719	612.11	-0.27459	0.00014470	0.10247	0.0051149	7.1785	0.13930	1.5101	1.7178	65.877	13.026	22.749	131.07	16.133	3.9500e-06	0.0061263
26.271	0.078265	1220.4	0.00081940	-0.033031	-0.031737	-1.1750	18.239	37.797	609.20	-0.27250	0.00014204	0.10179	0.0050561	7.5649	0.13219	1.5115	1.7202	65.514	13.050	22.837	131.40	15.940	3.9805e-06	0.0061754
26.441	0.082629	1217.5	0.00082139	-0.026633	-0.025263	-0.93210	18.196	37.874	606.40	-0.27044	0.00013956	0.10115	0.0049998	7.9497	0.12579	1.5128	1.7225	65.171	13.073	22.924	131.70	15.759	4.0098e-06	0.0062228
26.604	0.086993	1214.6	0.00082332	-0.020475	-0.019030	-0.69980	18.156	37.951	603.70	-0.26841	0.00013724	0.10054	0.0049457	8.3329	0.12001	1.5141	1.7247	64.845	13.095	23.010	132.00	15.588	4.0382e-06	0.0062687
26.761	0.091357	1211.8	0.00082519	-0.014536	-0.013015	-0.47709	18.118	38.027	601.09	-0.26639	0.00013506	0.099953	0.0048937	8.7147	0.11475	1.5153	1.7268	64.535	13.118	23.095	132.27	15.427	4.0656e-06	0.0063132
26.913	0.095721	1209.2	0.00082701	-0.0087972	-0.0071998	-0.26313	18.082	38.103	598.56	-0.26441	0.00013301	0.099389	0.0048435	9.0952	0.10995	1.5164	1.7287	64.240	13.139	23.179	132.54	15.274	4.0922e-06	0.0063565
27.059	0.10008	1206.6	0.00082878	-0.0032431	-0.0015693	-0.057184	18.047	38.179	596.12	-0.26244	0.00013107	0.098845	0.0047951	9.4744	0.10555	1.5174	1.7306	63.957	13.161	23.262	132.79	15.128	4.1180e-06	0.0063987
27.201	0.10445	1204.1	0.00083051	0.0021409	0.0038913	0.14140	18.014	38.254	593.74	-0.26049	0.00012923	0.098320	0.0047483	9.8525	0.10150	1.5185	1.7324	63.687	13.182	23.344	133.03	14.989	4.1431e-06	0.0064398
27.338	0.10881	1201.6	0.00083220	0.0073671	0.0091944	0.33318	17.982	38.329	591.43	-0.25856	0.00012749	0.097814	0.0047030	10.229	0.097757	1.5194	1.7341	63.427	13.202	23.426	133.26	14.857	4.1675e-06	0.0064799
27.472	0.11318	1199.3	0.00083385	0.012447	0.014351	0.51867	17.951	38.404	589.18	-0.25665	0.00012584	0.097324	0.0046591	10.605	0.094291	1.5203	1.7357	63.177	13.222	23.507	133.48	14.730	4.1914e-06	0.0065192
27.601	0.11754	1196.9	0.00083547	0.017390	0.019371	0.69832	17.922	38.478	586.99	-0.25475	0.00012426	0.096849	0.0046165	10.981	0.091070	1.5212	1.7372	62.937	13.242	23.587	133.69	14.608	4.2146e-06	0.0065575
27.727	0.12190	1194.7	0.00083705	0.022205	0.024264	0.87252	17.894	38.552	584.85	-0.25287	0.00012275	0.096389	0.0045750	11.355	0.088070	1.5221	1.7387	62.705	13.262	23.667	133.89	14.492	4.2374e-06	0.0065952
27.850	0.12627	1192.5	0.00083860	0.026901	0.029038	1.0416	17.866	38.626	582.76	-0.25100	0.00012131	0.095942	0.0045347	11.728	0.085266	1.5229	1.7401	62.481	13.281	23.746	134.09	14.380	4.2596e-06	0.0066320
27.969	0.13063	1190.3	0.00084012	0.031484	0.033699	1.2060	17.840	38.699	580.72	-0.24915	0.00011993	0.095507	0.0044955	12.100	0.082642	1.5236	1.7415	62.265	13.300	23.825	134.28	14.272	4.2813e-06	0.0066682
28.086	0.13499	1188.2	0.00084162	0.035962	0.038255	1.3659	17.814	38.773	578.73	-0.24731	0.00011861	0.095085	0.0044572	12.472	0.080178	1.5244	1.7428	62.056	13.319	23.904	134.46	14.169	4.3026e-06	0.0067037
28.199	0.13936	1186.1	0.00084309	0.040340	0.042711	1.5216	17.790	38.846	576.77	-0.24548	0.00011734	0.094687	0.0044199	12.843	0.077862	1.5251	1.7440	61.853	13.337	23.982	134.63	14.069	4.3235e-06	0.0067387
28.310	0.14372	1184.1	0.00084453	0.044624	0.047073	1.6734	17.766	38.919	574.86	-0.24366	0.00011612	0.094292	0.0043835	13.214	0.075680	1.5257	1.7452	61.656	13.356	24.059	134.80	13.972	4.3440e-06	0.0067730
28.419	0.14809	1182.1	0.00084595	0.048819	0.051347	1.8214	17.743	38.991	572.98	-0.24186	0.00011494	0.093906	0.0043479	13.583	0.073620	1.5264	1.7464	61.465	13.374	24.136	134.96	13.879	4.3641e-06	0.0068068
28.525	0.15245	1180.1	0.00084735	0.052929	0.055536	1.9659	17.720	39.064	571.13	-0.24006	0.00011381	0.093528	0.0043131	13.952	0.071672	1.5270	1.7475	61.279	13.392	24.213	135.12	13.788	4.3838e-06	0.0068401
28.629	0.15681	1178.2	0.00084873	0.056959	0.059645	2.1071	17.698	39.136	569.33	-0.23827	0.00011271	0.093159	0.0042791	14.321	0.069827	1.5276	1.7485	61.099	13.409	24.290	135.27	13.701	4.4033e-06	0.0068729
28.731	0.16118	1176.3	0.00085009	0.060913	0.063678	2.2451	17.677	39.208	567.55	-0.23650	0.00011166	0.092798	0.0042458	14.689	0.068078	1.5282	1.7496	60.923	13.427	24.366	135.42	13.616	4.4223e-06	0.0069053
28.831	0.16554	1174.5	0.00085143	0.064794	0.067638	2.3801	17.657	39.280	565.80	-0.23473	0.00011064	0.092445	0.0042132	15.057	0.066416	1.5287	1.7506	60.752	13.444	24.442	135.56	13.533	4.4411e-06	0.0069372
28.929	0.16990	1172.7	0.00085275	0.068606	0.071529	2.5123	17.637	39.352	564.08	-0.23297	0.00010965	0.092100	0.0041812	15.424	0.064835	1.5292	1.7515	60.585	13.461	24.517	135.70	13.453	4.4596e-06	0.0069687
29.025	0.17427	1170.9	0.00085406	0.072351	0.075355	2.6417	17.618	39.424	562.40	-0.23122	0.00010869	0.091761	0.0041499	15.790	0.063330	1.5297	1.7524	60.422	13.478	24.593	135.84	13.376	4.4778e-06	0.0069998
29.120	0.17863	1169.1	0.00085535	0.076034	0.079117	2.7685	17.599	39.496	560.73	-0.22947	0.00010776	0.091430	0.0041192	16.157	0.061894	1.5302	1.7533	60.263	13.494	24.668	135.97	13.300	4.4958e-06	0.0070306
29.212	0.18300	1167.4	0.00085662	0.079656	0.082819	2.8929	17.580	39.567	559.10	-0.22773	0.00010686	0.091104	0.0040890	16.522	0.060524	1.5307	1.7542	60.108	13.511	24.743	136.09	13.226	4.5134e-06	0.0070610
29.303	0.18736	1165.7	0.00085788	0.083220	0.086464	3.0148	17.562	39.638	557.48	-0.22600	0.00010599	0.090786	0.0040594	16.888	0.059214	1.5312	1.7550	59.956	13.527	24.818	136.22	13.155	4.5309e-06	0.0070910
29.393	0.19172	1164.0	0.00085913	0.086729	0.090053	3.1345	17.545	39.710	555.89	-0.22428	0.00010514	0.090473	0.0040303	17.253	0.057961	1.5316	1.7558	59.807	13.544	24.893	136.34	13.085	4.5481e-06	0.0071207
29.481	0.19609	1162.3	0.00086036	0.090184	0.093589	3.2521	17.528	39.781	554.33	-0.22256	0.00010432	0.090166	0.0040017	17.618	0.056762	1.5320	1.7566	59.662	13.560	24.967	136.46	13.017	4.5650e-06	0.0071501
29.567	0.20045	1160.7	0.00086157	0.093588	0.097073	3.3676	17.511	39.852	552.78	-0.22085	0.00010351	0.089864	0.0039736	17.982	0.055611	1.5324	1.7573	59.520	13.576	25.041	136.57	12.951	4.5818e-06	0.0071792
29.653	0.20482	1159.0	0.00086278	0.096943	0.10051	3.4810	17.495	39.923	551.26	-0.21914	0.00010273	0.089568	0.0039460	18.346	0.054507	1.5328	1.7581	59.381	13.592	25.115	136.68	12.886	4.5983e-06	0.0072080
29.736	0.20918	1157.4	0.00086397	0.10025	0.10390	3.5926	17.479	39.994	549.75	-0.21744	0.00010197	0.089277	0.0039188	18.710	0.053447	1.5332	1.7588	59.244	13.607	25.190	136.79	12.823	4.6147e-06	0.0072366
29.819	0.21354	1155.9	0.00086515	0.10351	0.10724	3.7023	17.464	40.065	548.27	-0.21574	0.00010123	0.088991	0.0038921	19.074	0.052429	1.5335	1.7594	59.110	13.623	25.263	136.89	12.761	4.6308e-06	0.0072649
29.900	0.21791	1154.3	0.00086632	0.10673	0.11054	3.8102	17.449	40.136	546.80	-0.21405	0.00010051	0.088710	0.0038658	19.437	0.051449	1.5339	1.7601	58.979	13.638	25.337	136.99	12.700	4.6468e-06	0.0072929
29.980	0.22227	1152.8	0.00086748	0.10991	0.11380	3.9165	17.434	40.207	545.36	-0.21237	9.9801e-05	0.088433	0.0038399	19.800	0.050505	1.5342	1.7607	58.850	13.654	25.411	137.09	12.641	4.6626e-06	0.0073207
30.059	0.22663	1151.2	0.00086863	0.11304	0.11701	4.0211	17.420	40.278	543.93	-0.21068	9.9113e-05	0.088161	0.0038143	20.163	0.049596	1.5345	1.7613	58.723	13.669	25.485	137.19	12.583	4.6782e-06	0.0073482
30.137	0.23100	1149.7	0.00086977	0.11614	0.12019	4.1241	17.405	40.349	542.51	-0.20901	9.8441e-05	0.087893	0.0037892	20.526	0.048720	1.5348	1.7619	58.599	13.684	25.558	137.29	12.527	4.6936e-06	0.0073755
30.214	0.23536	1148.2	0.00087090	0.11919	0.12333	4.2256	17.392	40.420	541.12	-0.20733	9.7784e-05	0.087629	0.0037644	20.888	0.047874	1.5351	1.7625	58.477	13.699	25.632	137.38	12.471	4.7089e-06	0.0074027
30.290	0.23973	1146.8	0.00087202	0.12221	0.12643	4.3256	17.378	40.490	539.73	-0.20566	9.7142e-05	0.087369	0.0037400	21.250	0.047058	1.5354	1.7630	58.357	13.714	25.705	137.47	12.417	4.7240e-06	0.0074296
30.365	0.24409	1145.3	0.00087313	0.12520	0.12950	4.4241	17.365	40.561	538.37	-0.20399	9.6515e-05	0.087113	0.0037159	21.613	0.046269	1.5357	1.7636	58.239	13.729	25.779	137.56	12.364	4.7390e-06	0.0074563
30.439	0.24845	1143.9	0.00087423	0.12815	0.13253	4.5213	17.352	40.632	537.02	-0.20233	9.5901e-05	0.086860	0.0036921	21.975	0.045507	1.5359	1.7641	58.123	13.744	25.852	137.65	12.311	4.7538e-06	0.0074828
30.511	0.25282	1142.4	0.00087532	0.13106	0.13553	4.6172	17.339	40.703	535.68	-0.20067	9.5300e-05	0.086611	0.0036687	22.337	0.044770	1.5362	1.7646	58.009	13.758	25.925	137.73	12.260	4.7685e-06	0.0075091
30.583	0.25718	1141.0	0.00087641	0.13395	0.13849	4.7118	17.327	40.773	534.36	-0.19901	9.4712e-05	0.086366	0.0036455	22.698	0.044056	1.5364	1.7651	57.897	13.773	25.999	137.81	12.210	4.7830e-06	0.0075353
30.654	0.26154	1139.6	0.00087749	0.13680	0.14143	4.8051	17.315	40.844	533.05	-0.19736	9.4136e-05	0.086124	0.0036227	23.060	0.043365	1.5367	1.7655	57.787	13.787	26.072	137.89	12.161	4.7975e-06	0.0075613
30.725	0.26591	1138.2	0.00087856	0.13962	0.14433	4.8972	17.303	40.915	531.75	-0.19571	9.3572e-05	0.085886	0.0036002	23.422	0.042696	1.5369	1.7660	57.678	13.802	26.145	137.97	12.112	4.8117e-06	0.0075871
30.794	0.27027	1136.9	0.00087962	0.14241	0.14721	4.9882	17.291	40.986	530.47	-0.19406	9.3019e-05	0.085650	0.0035779	23.783	0.042047	1.5371	1.7664	57.571	13.816	26.218	138.05	12.065	4.8259e-06	0.0076127
30.862	0.27464	1135.5	0.00088067	0.14517	0.15005	5.0780	17.279	41.057	529.20	-0.19241	9.2477e-05	0.085418	0.0035560	24.144	0.041418	1.5373	1.7668	57.465	13.830	26.292	138.13	12.018	4.8399e-06	0.0076382
30.930	0.27900	1134.1	0.00088172	0.14791	0.15287	5.1667	17.268	41.128	527.94	-0.19077	9.1945e-05	0.085189	0.0035343	24.506	0.040807	1.5375	1.7673	57.361	13.844	26.365	138.20	11.972	4.8538e-06	0.0076636
30.997	0.28336	1132.8	0.00088276	0.15062	0.15566	5.2543	17.257	41.198	526.69	-0.18913	9.1424e-05	0.084962	0.0035128	24.867	0.040214	1.5377	1.7676	57.258	13.859	26.438	138.27	11.927	4.8676e-06	0.0076888
31.063	0.28773	1131.5	0.00088380	0.15330	0.15843	5.3409	17.246	41.269	525.46	-0.18749	9.0912e-05	0.084739	0.0034916	25.228	0.039638	1.5379	1.7680	57.157	13.873	26.512	138.34	11.883	4.8813e-06	0.0077139
31.129	0.29209	1130.2	0.00088482	0.15595	0.16117	5.4265	17.235	41.340	524.23	-0.18585	9.0410e-05	0.084518	0.0034707	25.589	0.039079	1.5381	1.7684	57.058	13.887	26.585	138.41	11.839	4.8949e-06	0.0077388
31.194	0.29645	1128.9	0.00088585	0.15858	0.16388	5.5111	17.225	41.411	523.02	-0.18422	8.9917e-05	0.084300	0.0034500	25.950	0.038535	1.5382	1.7687	56.959	13.900	26.658	138.48	11.796	4.9083e-06	0.0077636
31.258	0.30082	1127.6	0.00088686	0.16119	0.16657	5.5947	17.214	41.482	521.82	-0.18258	8.9432e-05	0.084084	0.0034295	26.312	0.038006	1.5384	1.7691	56.862	13.914	26.732	138.55	11.754	4.9217e-06	0.0077883
31.321	0.30518	1126.3	0.00088787	0.16377	0.16924	5.6774	17.204	41.554	520.63	-0.18095	8.8956e-05	0.083871	0.0034093	26.673	0.037491	1.5385	1.7694	56.766	13.928	26.805	138.61	11.712	4.9350e-06	0.0078129
31.384	0.30955	1125.0	0.00088888	0.16633	0.17188	5.7592	17.194	41.625	519.44	-0.17932	8.8489e-05	0.083661	0.0033893	27.034	0.036991	1.5387	1.7697	56.672	13.942	26.879	138.67	11.671	4.9481e-06	0.0078373
31.446	0.31391	1123.8	0.00088987	0.16886	0.17450	5.8402	17.185	41.696	518.27	-0.17769	8.8029e-05	0.083453	0.0033695	27.395	0.036503	1.5388	1.7700	56.579	13.955	26.952	138.74	11.631	4.9612e-06	0.0078617
31.508	0.31827	1122.5	0.00089087	0.17138	0.17710	5.9202	17.175	41.767	517.11	-0.17606	8.7577e-05	0.083247	0.0033499	27.756	0.036028	1.5389	1.7703	56.486	13.969	27.026	138.80	11.591	4.9742e-06	0.0078859
31.568	0.32264	1121.3	0.00089186	0.17387	0.17968	5.9994	17.166	41.839	515.96	-0.17443	8.7133e-05	0.083043	0.0033306	28.117	0.035565	1.5390	1.7706	56.395	13.982	27.099	138.86	11.552	4.9871e-06	0.0079100
31.629	0.32700	1120.0	0.00089284	0.17634	0.18223	6.0779	17.156	41.910	514.81	-0.17281	8.6695e-05	0.082842	0.0033114	28.478	0.035114	1.5392	1.7709	56.305	13.996	27.173	138.92	11.514	4.9999e-06	0.0079340
31.688	0.33137	1118.8	0.00089382	0.17879	0.18477	6.1555	17.147	41.982	513.68	-0.17118	8.6265e-05	0.082643	0.0032924	28.839	0.034675	1.5393	1.7711	56.217	14.009	27.247	138.98	11.476	5.0126e-06	0.0079579
31.748	0.33573	1117.6	0.00089479	0.18122	0.18729	6.2323	17.138	42.053	512.55	-0.16956	8.5842e-05	0.082446	0.0032737	29.201	0.034246	1.5394	1.7714	56.129	14.022	27.321	139.03	11.438	5.0252e-06	0.0079818
31.806	0.34009	1116.4	0.00089576	0.18363	0.18978	6.3084	17.129	42.125	511.43	-0.16794	8.5425e-05	0.082251	0.0032551	29.562	0.033827	1.5395	1.7716	56.042	14.036	27.395	139.09	11.401	5.0377e-06	0.0080055
31.864	0.34446	1115.2	0.00089672	0.18603	0.19226	6.3838	17.121	42.196	510.32	-0.16632	8.5015e-05	0.082059	0.0032367	29.923	0.033419	1.5396	1.7718	55.956	14.049	27.469	139.14	11.365	5.0502e-06	0.0080291
31.922	0.34882	1114.0	0.00089768	0.18840	0.19472	6.4584	17.112	42.268	509.22	-0.16469	8.4611e-05	0.081868	0.0032185	30.285	0.033020	1.5396	1.7721	55.871	14.062	27.543	139.19	11.329	5.0626e-06	0.0080527
31.979	0.35318	1112.8	0.00089864	0.19075	0.19716	6.5323	17.103	42.340	508.13	-0.16307	8.4213e-05	0.081679	0.0032004	30.646	0.032631	1.5397	1.7723	55.787	14.075	27.617	139.25	11.293	5.0749e-06	0.0080762
32.035	0.35755	1111.6	0.00089959	0.19309	0.19958	6.6055	17.095	42.412	507.04	-0.16145	8.3821e-05	0.081492	0.0031826	31.008	0.032250	1.5398	1.7725	55.704	14.088	27.691	139.30	11.258	5.0871e-06	0.0080996
32.091	0.36191	1110.4	0.00090054	0.19541	0.20199	6.6781	17.087	42.484	505.96	-0.15983	8.3435e-05	0.081307	0.0031649	31.369	0.031878	1.5399	1.7727	55.622	14.101	27.766	139.35	11.224	5.0993e-06	0.0081229
32.147	0.36628	1109.3	0.00090148	0.19771	0.20438	6.7500	17.079	42.556	504.89	-0.15822	8.3054e-05	0.081124	0.0031474	31.731	0.031515	1.5399	1.7729	55.541	14.114	27.840	139.40	11.190	5.1114e-06	0.0081461
32.202	0.37064	1108.1	0.00090242	0.20000	0.20675	6.8213	17.071	42.629	503.83	-0.15660	8.2679e-05	0.080942	0.0031300	32.093	0.031160	1.5400	1.7730	55.461	14.127	27.915	139.45	11.156	5.1234e-06	0.0081693
32.256	0.37500	1107.0	0.00090336	0.20227	0.20911	6.8919	17.063	42.701	502.78	-0.15498	8.2309e-05	0.080762	0.0031128	32.454	0.030812	1.5400	1.7732	55.381	14.140	27.989	139.49	11.123	5.1353e-06	0.0081923
32.310	0.37937	1105.8	0.00090429	0.20452	0.21145	6.9620	17.056	42.774	501.73	-0.15336	8.1945e-05	0.080584	0.0030957	32.816	0.030473	1.5401	1.7733	55.303	14.152	28.064	139.54	11.090	5.1472e-06	0.0082154
32.364	0.38373	1104.7	0.00090522	0.20676	0.21377	7.0314	17.048	42.846	500.68	-0.15174	8.1585e-05	0.080408	0.0030789	33.178	0.030140	1.5401	1.7735	55.225	14.165	28.139	139.59	11.058	5.1590e-06	0.0082383
32.417	0.38809	1103.6	0.00090614	0.20898	0.21608	7.1002	17.041	42.919	499.65	-0.15012	8.1230e-05	0.080233	0.0030621	33.541	0.029815	1.5402	1.7736	55.148	14.178	28.214	139.63	11.026	5.1708e-06	0.0082612
32.470	0.39246	1102.5	0.00090706	0.21119	0.21838	7.1685	17.033	42.992	498.62	-0.14851	8.0880e-05	0.080060	0.0030455	33.903	0.029496	1.5402	1.7738	55.071	14.191	28.289	139.68	10.994	5.1825e-06	0.0082840
32.522	0.39682	1101.3	0.00090798	0.21338	0.22066	7.2362	17.026	43.065	497.60	-0.14689	8.0535e-05	0.079888	0.0030291	34.265	0.029184	1.5402	1.7739	54.996	14.203	28.365	139.72	10.963	5.1941e-06	0.0083068
32.574	0.40119	1100.2	0.00090889	0.21556	0.22292	7.3033	17.019	43.138	496.58	-0.14527	8.0194e-05	0.079718	0.0030128	34.628	0.028878	1.5402	1.7740	54.921	14.216	28.440	139.76	10.932	5.2057e-06	0.0083295
32.626	0.40555	1099.1	0.00090981	0.21773	0.22517	7.3699	17.012	43.211	495.57	-0.14365	7.9857e-05	0.079549	0.0029966	34.991	0.028579	1.5402	1.7741	54.846	14.228	28.516	139.80	10.901	5.2172e-06	0.0083522
32.677	0.40991	1098.0	0.00091071	0.21988	0.22741	7.4360	17.005	43.284	494.57	-0.14203	7.9525e-05	0.079382	0.0029806	35.353	0.028286	1.5403	1.7742	54.773	14.241	28.591	139.84	10.871	5.2287e-06	0.0083748
32.728	0.41428	1096.9	0.00091162	0.22201	0.22963	7.5016	16.998	43.358	493.57	-0.14041	7.9197e-05	0.079216	0.0029647	35.716	0.027998	1.5403	1.7743	54.700	14.253	28.667	139.88	10.841	5.2401e-06	0.0083973
32.778	0.41864	1095.9	0.00091252	0.22414	0.23185	7.5666	16.991	43.431	492.58	-0.13879	7.8874e-05	0.079052	0.0029489	36.080	0.027717	1.5403	1.7744	54.628	14.266	28.743	139.92	10.812	5.2514e-06	0.0084198
32.828	0.42300	1094.8	0.00091342	0.22625	0.23404	7.6312	16.985	43.505	491.60	-0.13717	7.8554e-05	0.078889	0.0029333	36.443	0.027440	1.5403	1.7745	54.556	14.278	28.819	139.96	10.783	5.2627e-06	0.0084423
32.877	0.42737	1093.7	0.00091432	0.22834	0.23623	7.6953	16.978	43.579	490.62	-0.13555	7.8238e-05	0.078728	0.0029177	36.806	0.027169	1.5403	1.7746	54.486	14.291	28.896	140.00	10.754	5.2739e-06	0.0084647
32.927	0.43173	1092.6	0.00091521	0.23043	0.23840	7.7589	16.972	43.653	489.64	-0.13393	7.7926e-05	0.078568	0.0029024	37.170	0.026904	1.5403	1.7746	54.415	14.303	28.972	140.04	10.725	5.2851e-06	0.0084870
32.976	0.43610	1091.6	0.00091610	0.23250	0.24056	7.8220	16.965	43.727	488.68	-0.13231	7.7618e-05	0.078409	0.0028871	37.534	0.026643	1.5402	1.7747	54.346	14.315	29.049	140.08	10.697	5.2963e-06	0.0085094
33.024	0.44046	1090.5	0.00091699	0.23456	0.24271	7.8847	16.959	43.801	487.71	-0.13069	7.7313e-05	0.078251	0.0028720	37.898	0.026387	1.5402	1.7748	54.276	14.328	29.126	140.11	10.669	5.3074e-06	0.0085316
33.072	0.44482	1089.5	0.00091788	0.23661	0.24485	7.9469	16.953	43.876	486.75	-0.12906	7.7012e-05	0.078095	0.0028569	38.262	0.026136	1.5402	1.7748	54.208	14.340	29.202	140.15	10.641	5.3184e-06	0.0085539
33.120	0.44919	1088.4	0.00091876	0.23865	0.24697	8.0086	16.947	43.950	485.80	-0.12744	7.6714e-05	0.077940	0.0028420	38.626	0.025889	1.5402	1.7749	54.140	14.352	29.280	140.18	10.614	5.3294e-06	0.0085761
33.168	0.45355	1087.4	0.00091964	0.24067	0.24909	8.0700	16.941	44.025	484.85	-0.12582	7.6420e-05	0.077786	0.0028272	38.990	0.025647	1.5402	1.7749	54.073	14.364	29.357	140.22	10.587	5.3403e-06	0.0085982
33.215	0.45792	1086.3	0.00092052	0.24268	0.25119	8.1309	16.935	44.100	483.91	-0.12419	7.6130e-05	0.077633	0.0028126	39.355	0.025410	1.5401	1.7749	54.006	14.376	29.434	140.25	10.560	5.3512e-06	0.0086203
33.262	0.46228	1085.3	0.00092140	0.24469	0.25328	8.1913	16.929	44.175	482.97	-0.12257	7.5842e-05	0.077481	0.0027980	39.720	0.025176	1.5401	1.7749	53.940	14.388	29.512	140.28	10.533	5.3621e-06	0.0086424
33.308	0.46664	1084.3	0.00092227	0.24668	0.25536	8.2514	16.923	44.250	482.04	-0.12094	7.5558e-05	0.077331	0.0027835	40.085	0.024947	1.5400	1.7750	53.874	14.400	29.590	140.32	10.507	5.3729e-06	0.0086645
33.354	0.47101	1083.3	0.00092314	0.24866	0.25743	8.3111	16.917	44.325	481.11	-0.11931	7.5277e-05	0.077182	0.0027692	40.450	0.024722	1.5400	1.7750	53.809	14.412	29.668	140.35	10.481	5.3836e-06	0.0086865
33.400	0.47537	1082.2	0.00092401	0.25063	0.25949	8.3703	16.912	44.401	480.19	-0.11768	7.4998e-05	0.077034	0.0027549	40.816	0.024500	1.5400	1.7750	53.744	14.424	29.746	140.38	10.455	5.3944e-06	0.0087085
33.446	0.47973	1081.2	0.00092488	0.25259	0.26154	8.4292	16.906	44.476	479.27	-0.11605	7.4723e-05	0.076887	0.0027408	41.181	0.024283	1.5399	1.7750	53.680	14.436	29.824	140.41	10.430	5.4050e-06	0.0087304
33.491	0.48410	1080.2	0.00092575	0.25454	0.26358	8.4877	16.901	44.552	478.36	-0.11442	7.4451e-05	0.076741	0.0027268	41.547	0.024069	1.5399	1.7750	53.616	14.448	29.903	140.44	10.404	5.4157e-06	0.0087524
33.536	0.48846	1079.2	0.00092661	0.25647	0.26561	8.5458	16.895	44.628	477.45	-0.11279	7.4182e-05	0.076596	0.0027128	41.913	0.023859	1.5398	1.7750	53.553	14.460	29.982	140.47	10.379	5.4263e-06	0.0087743
33.581	0.49283	1078.2	0.00092747	0.25840	0.26763	8.6036	16.890	44.704	476.54	-0.11115	7.3916e-05	0.076452	0.0026990	42.280	0.023652	1.5397	1.7749	53.490	14.472	30.060	140.50	10.355	5.4368e-06	0.0087962
33.625	0.49719	1077.2	0.00092833	0.26032	0.26964	8.6610	16.885	44.781	475.64	-0.10952	7.3652e-05	0.076309	0.0026852	42.646	0.023449	1.5397	1.7749	53.428	14.484	30.140	140.53	10.330	5.4474e-06	0.0088180
33.669	0.50155	1076.2	0.00092919	0.26223	0.27164	8.7180	16.880	44.857	474.75	-0.10788	7.3391e-05	0.076168	0.0026716	43.013	0.023249	1.5396	1.7749	53.366	14.496	30.219	140.56	10.305	5.4579e-06	0.0088398
33.713	0.50592	1075.2	0.00093005	0.26413	0.27363	8.7746	16.874	44.934	473.85	-0.10625	7.3133e-05	0.076027	0.0026580	43.380	0.023052	1.5395	1.7749	53.304	14.508	30.299	140.58	10.281	5.4683e-06	0.0088616
33.757	0.51028	1074.2	0.00093090	0.26603	0.27561	8.8310	16.869	45.011	472.97	-0.10461	7.2877e-05	0.075887	0.0026446	43.747	0.022859	1.5395	1.7748	53.243	14.520	30.378	140.61	10.257	5.4787e-06	0.0088834
33.800	0.51464	1073.2	0.00093175	0.26791	0.27758	8.8869	16.864	45.088	472.08	-0.10297	7.2624e-05	0.075748	0.0026312	44.115	0.022668	1.5394	1.7748	53.183	14.531	30.458	140.64	10.234	5.4891e-06	0.0089052
33.843	0.51901	1072.3	0.00093260	0.26978	0.27955	8.9426	16.860	45.165	471.20	-0.10133	7.2373e-05	0.075610	0.0026180	44.483	0.022481	1.5393	1.7747	53.123	14.543	30.538	140.66	10.210	5.4994e-06	0.0089270
33.886	0.52337	1071.3	0.00093345	0.27165	0.28150	8.9979	16.855	45.242	470.33	-0.099684	7.2125e-05	0.075473	0.0026048	44.851	0.022296	1.5392	1.7747	53.063	14.555	30.619	140.69	10.187	5.5097e-06	0.0089487
33.929	0.52774	1070.3	0.00093430	0.27350	0.28345	9.0529	16.850	45.320	469.45	-0.098040	7.1879e-05	0.075337	0.0025917	45.219	0.022115	1.5391	1.7746	53.003	14.567	30.699	140.71	10.163	5.5200e-06	0.0089704
33.971	0.53210	1069.4	0.00093515	0.27535	0.28539	9.1076	16.845	45.398	468.58	-0.096394	7.1636e-05	0.075202	0.0025787	45.587	0.021936	1.5390	1.7746	52.945	14.578	30.780	140.74	10.141	5.5302e-06	0.0089921
34.013	0.53646	1068.4	0.00093599	0.27719	0.28732	9.1619	16.840	45.475	467.72	-0.094746	7.1395e-05	0.075068	0.0025657	45.956	0.021760	1.5390	1.7745	52.886	14.590	30.861	140.76	10.118	5.5404e-06	0.0090138
34.055	0.54083	1067.4	0.00093683	0.27902	0.28924	9.2160	16.836	45.554	466.86	-0.093097	7.1156e-05	0.074934	0.0025529	46.325	0.021587	1.5389	1.7744	52.828	14.602	30.943	140.79	10.095	5.5506e-06	0.0090355
34.097	0.54519	1066.5	0.00093767	0.28084	0.29115	9.2697	16.831	45.632	466.00	-0.091446	7.0919e-05	0.074802	0.0025402	46.694	0.021416	1.5388	1.7744	52.770	14.613	31.024	140.81	10.073	5.5608e-06	0.0090571
34.138	0.54955	1065.5	0.00093851	0.28265	0.29306	9.3232	16.827	45.711	465.15	-0.089794	7.0685e-05	0.074670	0.0025275	47.064	0.021248	1.5387	1.7743	52.713	14.625	31.106	140.83	10.051	5.5709e-06	0.0090788
34.179	0.55392	1064.6	0.00093935	0.28446	0.29496	9.3763	16.822	45.789	464.30	-0.088140	7.0453e-05	0.074539	0.0025149	47.434	0.021082	1.5386	1.7742	52.656	14.636	31.188	140.86	10.029	5.5809e-06	0.0091004
34.220	0.55828	1063.6	0.00094019	0.28626	0.29685	9.4291	16.818	45.868	463.45	-0.086484	7.0223e-05	0.074409	0.0025024	47.804	0.020919	1.5385	1.7741	52.599	14.648	31.270	140.88	10.007	5.5910e-06	0.0091221
34.260	0.56265	1062.7	0.00094103	0.28805	0.29873	9.4817	16.814	45.947	462.61	-0.084826	6.9995e-05	0.074280	0.0024900	48.174	0.020758	1.5383	1.7740	52.543	14.659	31.353	140.90	9.9849	5.6010e-06	0.0091437
34.301	0.56701	1061.7	0.00094186	0.28983	0.30061	9.5340	16.809	46.027	461.77	-0.083166	6.9769e-05	0.074152	0.0024776	48.545	0.020599	1.5382	1.7739	52.487	14.671	31.435	140.92	9.9634	5.6110e-06	0.0091653
34.341	0.57137	1060.8	0.00094269	0.29161	0.30247	9.5860	16.805	46.106	460.93	-0.081505	6.9545e-05	0.074024	0.0024653	48.916	0.020443	1.5381	1.7738	52.431	14.682	31.518	140.94	9.9421	5.6210e-06	0.0091869
34.381	0.57574	1059.9	0.00094353	0.29337	0.30434	9.6377	16.801	46.186	460.10	-0.079842	6.9323e-05	0.073897	0.0024531	49.287	0.020289	1.5380	1.7737	52.376	14.694	31.602	140.96	9.9209	5.6309e-06	0.0092085
34.421	0.58010	1058.9	0.00094436	0.29513	0.30619	9.6892	16.797	46.266	459.27	-0.078176	6.9103e-05	0.073771	0.0024410	49.659	0.020137	1.5379	1.7736	52.321	14.705	31.685	140.98	9.8998	5.6408e-06	0.0092301
34.460	0.58447	1058.0	0.00094519	0.29689	0.30804	9.7404	16.793	46.346	458.44	-0.076509	6.8885e-05	0.073646	0.0024290	50.031	0.019988	1.5378	1.7735	52.266	14.717	31.769	141.00	9.8789	5.6507e-06	0.0092517
34.500	0.58883	1057.1	0.00094602	0.29863	0.30987	9.7913	16.789	46.427	457.62	-0.074840	6.8669e-05	0.073522	0.0024170	50.403	0.019840	1.5376	1.7734	52.212	14.728	31.853	141.02	9.8582	5.6606e-06	0.0092733
34.539	0.59319	1056.1	0.00094684	0.30037	0.31171	9.8420	16.785	46.507	456.80	-0.073168	6.8454e-05	0.073398	0.0024051	50.775	0.019695	1.5375	1.7732	52.158	14.740	31.937	141.04	9.8376	5.6704e-06	0.0092948
34.578	0.59756	1055.2	0.00094767	0.30211	0.31353	9.8924	16.781	46.588	455.98	-0.071495	6.8242e-05	0.073275	0.0023932	51.148	0.019551	1.5374	1.7731	52.104	14.751	32.022	141.06	9.8172	5.6802e-06	0.0093164
34.616	0.60192	1054.3	0.00094849	0.30383	0.31535	9.9426	16.777	46.669	455.16	-0.069820	6.8031e-05	0.073152	0.0023815	51.521	0.019410	1.5372	1.7730	52.051	14.762	32.107	141.08	9.7969	5.6900e-06	0.0093380
34.655	0.60628	1053.4	0.00094932	0.30555	0.31716	9.9925	16.774	46.750	454.35	-0.068142	6.7822e-05	0.073031	0.0023698	51.895	0.019270	1.5371	1.7729	51.998	14.774	32.192	141.10	9.7768	5.6997e-06	0.0093596
34.693	0.61065	1052.5	0.00095014	0.30726	0.31897	10.042	16.770	46.832	453.54	-0.066462	6.7614e-05	0.072910	0.0023582	52.268	0.019132	1.5370	1.7727	51.945	14.785	32.277	141.12	9.7568	5.7095e-06	0.0093812
34.731	0.61501	1051.6	0.00095097	0.30897	0.32077	10.092	16.766	46.914	452.74	-0.064780	6.7409e-05	0.072790	0.0023466	52.642	0.018996	1.5368	1.7726	51.893	14.796	32.363	141.13	9.7369	5.7192e-06	0.0094028
34.769	0.61938	1050.7	0.00095179	0.31067	0.32256	10.141	16.763	46.996	451.94	-0.063096	6.7205e-05	0.072670	0.0023351	53.017	0.018862	1.5367	1.7724	51.840	14.808	32.448	141.15	9.7172	5.7289e-06	0.0094243
34.807	0.62374	1049.7	0.00095261	0.31236	0.32435	10.190	16.759	47.078	451.14	-0.061410	6.7002e-05	0.072551	0.0023237	53.391	0.018730	1.5365	1.7723	51.788	14.819	32.535	141.17	9.6976	5.7385e-06	0.0094459
34.845	0.62810	1048.8	0.00095343	0.31405	0.32613	10.239	16.756	47.160	450.34	-0.059721	6.6802e-05	0.072433	0.0023123	53.766	0.018599	1.5364	1.7721	51.737	14.830	32.621	141.18	9.6782	5.7482e-06	0.0094675
34.882	0.63247	1047.9	0.00095425	0.31573	0.32791	10.287	16.752	47.243	449.54	-0.058030	6.6603e-05	0.072315	0.0023011	54.142	0.018470	1.5362	1.7720	51.685	14.842	32.708	141.20	9.6589	5.7578e-06	0.0094891
34.919	0.63683	1047.0	0.00095507	0.31740	0.32968	10.335	16.749	47.326	448.75	-0.056337	6.6405e-05	0.072198	0.0022898	54.517	0.018343	1.5361	1.7718	51.634	14.853	32.795	141.22	9.6397	5.7674e-06	0.0095107
34.956	0.64119	1046.2	0.00095588	0.31907	0.33144	10.383	16.745	47.409	447.96	-0.054641	6.6209e-05	0.072082	0.0022787	54.893	0.018217	1.5359	1.7716	51.584	14.864	32.882	141.23	9.6206	5.7770e-06	0.0095323
34.993	0.64556	1045.3	0.00095670	0.32074	0.33320	10.431	16.742	47.493	447.18	-0.052943	6.6014e-05	0.071966	0.0022676	55.270	0.018093	1.5358	1.7715	51.533	14.875	32.970	141.25	9.6017	5.7865e-06	0.0095539
35.029	0.64992	1044.4	0.00095752	0.32239	0.33495	10.479	16.739	47.576	446.39	-0.051242	6.5821e-05	0.071851	0.0022565	55.646	0.017971	1.5356	1.7713	51.483	14.887	33.058	141.26	9.5828	5.7960e-06	0.0095755
35.066	0.65429	1043.5	0.00095833	0.32404	0.33670	10.526	16.735	47.660	445.61	-0.049539	6.5630e-05	0.071737	0.0022455	56.023	0.017850	1.5354	1.7711	51.433	14.898	33.146	141.28	9.5642	5.8056e-06	0.0095972
35.102	0.65865	1042.6	0.00095915	0.32569	0.33844	10.573	16.732	47.744	444.83	-0.047833	6.5440e-05	0.071623	0.0022346	56.401	0.017730	1.5353	1.7709	51.383	14.909	33.235	141.29	9.5456	5.8151e-06	0.0096188
35.138	0.66301	1041.7	0.00095996	0.32733	0.34017	10.620	16.729	47.829	444.06	-0.046125	6.5251e-05	0.071510	0.0022238	56.779	0.017612	1.5351	1.7708	51.333	14.920	33.324	141.31	9.5271	5.8245e-06	0.0096404
35.174	0.66738	1040.8	0.00096077	0.32896	0.34190	10.667	16.726	47.914	443.28	-0.044414	6.5064e-05	0.071397	0.0022130	57.157	0.017496	1.5349	1.7706	51.284	14.931	33.413	141.32	9.5088	5.8340e-06	0.0096621
35.210	0.67174	1039.9	0.00096159	0.33059	0.34362	10.714	16.723	47.999	442.51	-0.042701	6.4878e-05	0.071285	0.0022022	57.535	0.017381	1.5348	1.7704	51.235	14.943	33.502	141.33	9.4905	5.8434e-06	0.0096838
35.246	0.67610	1039.1	0.00096240	0.33221	0.34534	10.760	16.720	48.084	441.74	-0.040985	6.4693e-05	0.071174	0.0021915	57.914	0.017267	1.5346	1.7702	51.186	14.954	33.592	141.35	9.4724	5.8529e-06	0.0097054
35.281	0.68047	1038.2	0.00096321	0.33383	0.34706	10.806	16.717	48.169	440.98	-0.039267	6.4510e-05	0.071063	0.0021809	58.293	0.017155	1.5344	1.7700	51.138	14.965	33.682	141.36	9.4544	5.8623e-06	0.0097271
35.316	0.68483	1037.3	0.00096402	0.33544	0.34877	10.852	16.714	48.255	440.21	-0.037545	6.4328e-05	0.070953	0.0021704	58.673	0.017044	1.5343	1.7698	51.089	14.976	33.773	141.37	9.4365	5.8716e-06	0.0097488
35.351	0.68920	1036.5	0.00096483	0.33705	0.35047	10.898	16.711	48.341	439.45	-0.035821	6.4147e-05	0.070843	0.0021598	59.053	0.016934	1.5341	1.7696	51.041	14.987	33.864	141.38	9.4187	5.8810e-06	0.0097705
35.386	0.69356	1035.6	0.00096564	0.33865	0.35217	10.944	16.708	48.427	438.69	-0.034095	6.3968e-05	0.070733	0.0021494	59.433	0.016826	1.5339	1.7694	50.993	14.998	33.955	141.40	9.4010	5.8904e-06	0.0097923
35.421	0.69792	1034.7	0.00096645	0.34025	0.35386	10.989	16.706	48.514	437.93	-0.032365	6.3790e-05	0.070625	0.0021390	59.814	0.016719	1.5337	1.7692	50.946	15.009	34.046	141.41	9.3835	5.8997e-06	0.0098140
35.456	0.70229	1033.8	0.00096726	0.34184	0.35555	11.035	16.703	48.601	437.18	-0.030633	6.3613e-05	0.070517	0.0021286	60.195	0.016613	1.5335	1.7689	50.898	15.020	34.138	141.42	9.3660	5.9090e-06	0.0098358
35.490	0.70665	1033.0	0.00096807	0.34343	0.35723	11.080	16.700	48.688	436.42	-0.028898	6.3438e-05	0.070409	0.0021183	60.576	0.016508	1.5333	1.7687	50.851	15.031	34.230	141.43	9.3486	5.9183e-06	0.0098575
35.525	0.71102	1032.1	0.00096887	0.34501	0.35891	11.124	16.697	48.775	435.67	-0.027160	6.3263e-05	0.070302	0.0021081	60.958	0.016405	1.5331	1.7685	50.804	15.043	34.323	141.44	9.3313	5.9276e-06	0.0098793
35.559	0.71538	1031.3	0.00096968	0.34659	0.36059	11.169	16.695	48.863	434.92	-0.025419	6.3090e-05	0.070195	0.0020979	61.340	0.016302	1.5329	1.7683	50.757	15.054	34.415	141.45	9.3141	5.9369e-06	0.0099011
35.593	0.71974	1030.4	0.00097049	0.34816	0.36226	11.214	16.692	48.951	434.18	-0.023675	6.2918e-05	0.070089	0.0020878	61.723	0.016201	1.5328	1.7681	50.711	15.065	34.509	141.46	9.2971	5.9461e-06	0.0099229
35.627	0.72411	1029.6	0.00097130	0.34973	0.36392	11.258	16.690	49.039	433.43	-0.021928	6.2747e-05	0.069984	0.0020777	62.106	0.016102	1.5326	1.7678	50.664	15.076	34.602	141.47	9.2801	5.9554e-06	0.0099448
35.660	0.72847	1028.7	0.00097210	0.35129	0.36558	11.302	16.687	49.127	432.69	-0.020178	6.2578e-05	0.069879	0.0020677	62.489	0.016003	1.5324	1.7676	50.618	15.087	34.696	141.49	9.2632	5.9646e-06	0.0099666
35.694	0.73283	1027.8	0.00097291	0.35285	0.36724	11.346	16.685	49.216	431.95	-0.018426	6.2409e-05	0.069774	0.0020577	62.873	0.015905	1.5322	1.7674	50.572	15.098	34.790	141.50	9.2464	5.9738e-06	0.0099885
35.727	0.73720	1027.0	0.00097372	0.35440	0.36889	11.390	16.682	49.305	431.21	-0.016670	6.2241e-05	0.069670	0.0020478	63.257	0.015808	1.5320	1.7671	50.526	15.109	34.885	141.51	9.2296	5.9830e-06	0.010010
35.761	0.74156	1026.1	0.00097452	0.35595	0.37054	11.434	16.680	49.395	430.48	-0.014911	6.2075e-05	0.069566	0.0020379	63.642	0.015713	1.5318	1.7669	50.481	15.120	34.980	141.51	9.2130	5.9922e-06	0.010032
35.794	0.74593	1025.3	0.00097533	0.35750	0.37218	11.477	16.678	49.484	429.74	-0.013149	6.1910e-05	0.069463	0.0020280	64.027	0.015618	1.5315	1.7666	50.435	15.131	35.075	141.52	9.1965	6.0014e-06	0.010054
35.827	0.75029	1024.5	0.00097613	0.35904	0.37382	11.521	16.675	49.575	429.01	-0.011384	6.1746e-05	0.069361	0.0020183	64.413	0.015525	1.5313	1.7664	50.390	15.142	35.171	141.53	9.1800	6.0105e-06	0.010076
35.860	0.75465	1023.6	0.00097694	0.36058	0.37545	11.564	16.673	49.665	428.28	-0.0096160	6.1582e-05	0.069258	0.0020085	64.798	0.015432	1.5311	1.7661	50.345	15.153	35.267	141.54	9.1637	6.0197e-06	0.010098
35.893	0.75902	1022.8	0.00097774	0.36211	0.37708	11.607	16.671	49.755	427.55	-0.0078446	6.1420e-05	0.069157	0.0019988	65.185	0.015341	1.5309	1.7659	50.300	15.164	35.363	141.55	9.1474	6.0288e-06	0.010120
35.925	0.76338	1021.9	0.00097855	0.36363	0.37871	11.650	16.669	49.846	426.82	-0.0060701	6.1259e-05	0.069055	0.0019892	65.571	0.015251	1.5307	1.7656	50.255	15.175	35.460	141.56	9.1312	6.0379e-06	0.010142
35.958	0.76774	1021.1	0.00097935	0.36516	0.38033	11.693	16.666	49.938	426.10	-0.0042923	6.1099e-05	0.068955	0.0019796	65.959	0.015161	1.5305	1.7654	50.211	15.186	35.557	141.57	9.1151	6.0470e-06	0.010164
35.990	0.77211	1020.2	0.00098016	0.36668	0.38195	11.735	16.664	50.029	425.37	-0.0025112	6.0940e-05	0.068854	0.0019700	66.346	0.015072	1.5303	1.7651	50.167	15.197	35.655	141.58	9.0990	6.0561e-06	0.010186
36.022	0.77647	1019.4	0.00098096	0.36819	0.38356	11.778	16.662	50.121	424.65	-0.00072691	6.0782e-05	0.068754	0.0019605	66.734	0.014985	1.5300	1.7648	50.122	15.208	35.753	141.58	9.0831	6.0652e-06	0.010208
36.054	0.78084	1018.6	0.00098176	0.36970	0.38517	11.820	16.660	50.213	423.93	0.0010607	6.0625e-05	0.068655	0.0019511	67.123	0.014898	1.5298	1.7646	50.079	15.219	35.851	141.59	9.0672	6.0743e-06	0.010231
36.086	0.78520	1017.7	0.00098257	0.37121	0.38678	11.862	16.658	50.306	423.21	0.0028518	6.0468e-05	0.068556	0.0019417	67.512	0.014812	1.5296	1.7643	50.035	15.230	35.950	141.60	9.0514	6.0834e-06	0.010253
36.118	0.78956	1016.9	0.00098337	0.37271	0.38838	11.904	16.656	50.398	422.50	0.0046461	6.0313e-05	0.068457	0.0019323	67.901	0.014727	1.5294	1.7640	49.991	15.241	36.049	141.61	9.0357	6.0924e-06	0.010275
36.150	0.79393	1016.1	0.00098418	0.37421	0.38998	11.946	16.654	50.492	421.78	0.0064439	6.0159e-05	0.068359	0.0019230	68.291	0.014643	1.5291	1.7637	49.948	15.252	36.149	141.61	9.0201	6.1015e-06	0.010297
36.181	0.79829	1015.2	0.00098498	0.37571	0.39157	11.987	16.652	50.585	421.07	0.0082451	6.0005e-05	0.068261	0.0019137	68.681	0.014560	1.5289	1.7635	49.904	15.262	36.249	141.62	9.0045	6.1105e-06	0.010319
36.213	0.80265	1014.4	0.00098578	0.37720	0.39317	12.029	16.651	50.679	420.36	0.010050	5.9853e-05	0.068164	0.0019045	69.071	0.014478	1.5287	1.7632	49.861	15.273	36.350	141.63	8.9890	6.1195e-06	0.010342
36.244	0.80702	1013.6	0.00098659	0.37869	0.39475	12.070	16.649	50.773	419.65	0.011858	5.9701e-05	0.068067	0.0018953	69.463	0.014396	1.5285	1.7629	49.818	15.284	36.450	141.63	8.9736	6.1285e-06	0.010364
36.276	0.81138	1012.8	0.00098739	0.38017	0.39634	12.112	16.647	50.868	418.94	0.013670	5.9551e-05	0.067970	0.0018861	69.854	0.014316	1.5282	1.7626	49.775	15.295	36.552	141.64	8.9582	6.1375e-06	0.010386
36.307	0.81575	1011.9	0.00098819	0.38165	0.39792	12.153	16.645	50.962	418.24	0.015485	5.9401e-05	0.067874	0.0018770	70.246	0.014236	1.5280	1.7623	49.733	15.306	36.653	141.65	8.9429	6.1465e-06	0.010409
36.338	0.82011	1011.1	0.00098900	0.38313	0.39949	12.194	16.644	51.058	417.53	0.017304	5.9252e-05	0.067779	0.0018680	70.639	0.014157	1.5277	1.7620	49.690	15.317	36.756	141.65	8.9277	6.1555e-06	0.010431
36.368	0.82447	1010.3	0.00098980	0.38460	0.40107	12.235	16.642	51.153	416.83	0.019126	5.9104e-05	0.067683	0.0018590	71.032	0.014078	1.5275	1.7617	49.648	15.328	36.858	141.66	8.9126	6.1645e-06	0.010453
36.399	0.82884	1009.5	0.00099061	0.38607	0.40264	12.276	16.640	51.249	416.13	0.020952	5.8956e-05	0.067588	0.0018500	71.425	0.014001	1.5273	1.7614	49.606	15.339	36.961	141.66	8.8975	6.1735e-06	0.010476
36.430	0.83320	1008.7	0.00099141	0.38753	0.40420	12.316	16.639	51.345	415.43	0.022782	5.8810e-05	0.067494	0.0018410	71.819	0.013924	1.5270	1.7611	49.564	15.350	37.064	141.67	8.8825	6.1824e-06	0.010498
36.460	0.83757	1007.8	0.00099221	0.38900	0.40577	12.357	16.637	51.442	414.73	0.024615	5.8664e-05	0.067400	0.0018321	72.213	0.013848	1.5268	1.7608	49.522	15.361	37.168	141.67	8.8676	6.1914e-06	0.010521
36.491	0.84193	1007.0	0.00099302	0.39046	0.40733	12.397	16.636	51.539	414.03	0.026452	5.8520e-05	0.067306	0.0018233	72.608	0.013773	1.5265	1.7605	49.480	15.372	37.273	141.68	8.8527	6.2003e-06	0.010543
36.521	0.84629	1006.2	0.00099382	0.39191	0.40888	12.437	16.634	51.636	413.34	0.028293	5.8376e-05	0.067212	0.0018145	73.003	0.013698	1.5263	1.7602	49.438	15.383	37.377	141.68	8.8379	6.2092e-06	0.010566
36.551	0.85066	1005.4	0.00099463	0.39336	0.41044	12.477	16.633	51.734	412.64	0.030138	5.8232e-05	0.067119	0.0018057	73.399	0.013624	1.5260	1.7599	49.397	15.394	37.483	141.69	8.8231	6.2182e-06	0.010589
36.581	0.85502	1004.6	0.00099543	0.39481	0.41199	12.517	16.631	51.832	411.95	0.031986	5.8090e-05	0.067027	0.0017969	73.795	0.013551	1.5258	1.7596	49.355	15.404	37.588	141.69	8.8085	6.2271e-06	0.010611
36.611	0.85938	1003.8	0.00099624	0.39626	0.41353	12.557	16.630	51.930	411.26	0.033839	5.7948e-05	0.066934	0.0017882	74.192	0.013479	1.5255	1.7593	49.314	15.415	37.695	141.70	8.7938	6.2360e-06	0.010634
36.641	0.86375	1003.0	0.00099704	0.39770	0.41508	12.597	16.629	52.029	410.57	0.035695	5.7807e-05	0.066842	0.0017796	74.589	0.013407	1.5253	1.7589	49.273	15.426	37.801	141.70	8.7793	6.2449e-06	0.010657
36.671	0.86811	1002.2	0.00099785	0.39914	0.41662	12.637	16.627	52.128	409.88	0.037555	5.7667e-05	0.066751	0.0017709	74.987	0.013336	1.5250	1.7586	49.232	15.437	37.908	141.71	8.7648	6.2538e-06	0.010679
36.700	0.87248	1001.4	0.00099865	0.40057	0.41815	12.676	16.626	52.227	409.19	0.039419	5.7528e-05	0.066659	0.0017624	75.385	0.013265	1.5247	1.7583	49.191	15.448	38.016	141.71	8.7503	6.2627e-06	0.010702
36.730	0.87684	1000.5	0.00099946	0.40200	0.41969	12.715	16.625	52.327	408.51	0.041287	5.7389e-05	0.066568	0.0017538	75.784	0.013195	1.5245	1.7580	49.151	15.459	38.124	141.71	8.7359	6.2716e-06	0.010725
36.759	0.88120	999.74	0.0010003	0.40343	0.42122	12.755	16.624	52.427	407.82	0.043159	5.7251e-05	0.066478	0.0017453	76.183	0.013126	1.5242	1.7576	49.110	15.470	38.232	141.72	8.7216	6.2805e-06	0.010748
36.789	0.88557	998.93	0.0010011	0.40486	0.42275	12.794	16.622	52.528	407.14	0.045035	5.7114e-05	0.066388	0.0017368	76.583	0.013058	1.5240	1.7573	49.070	15.481	38.341	141.72	8.7073	6.2894e-06	0.010771
36.818	0.88993	998.13	0.0010019	0.40628	0.42427	12.833	16.621	52.629	406.46	0.046915	5.6978e-05	0.066298	0.0017284	76.983	0.012990	1.5237	1.7570	49.029	15.492	38.451	141.72	8.6931	6.2982e-06	0.010794
36.847	0.89429	997.33	0.0010027	0.40770	0.42580	12.872	16.620	52.730	405.78	0.048799	5.6842e-05	0.066208	0.0017200	77.384	0.012923	1.5234	1.7566	48.989	15.503	38.561	141.73	8.6790	6.3071e-06	0.010817
36.876	0.89866	996.52	0.0010035	0.40912	0.42732	12.911	16.619	52.832	405.10	0.050687	5.6707e-05	0.066119	0.0017116	77.785	0.012856	1.5231	1.7563	48.949	15.513	38.671	141.73	8.6649	6.3160e-06	0.010840
36.905	0.90302	995.72	0.0010043	0.41053	0.42883	12.950	16.618	52.934	404.42	0.052579	5.6572e-05	0.066030	0.0017033	78.187	0.012790	1.5229	1.7559	48.909	15.524	38.782	141.73	8.6508	6.3248e-06	0.010863
36.934	0.90739	994.92	0.0010051	0.41194	0.43035	12.988	16.617	53.037	403.74	0.054475	5.6439e-05	0.065942	0.0016950	78.590	0.012724	1.5226	1.7556	48.870	15.535	38.894	141.74	8.6368	6.3337e-06	0.010886
36.963	0.91175	994.12	0.0010059	0.41335	0.43186	13.027	16.616	53.140	403.07	0.056376	5.6306e-05	0.065853	0.0016867	78.992	0.012659	1.5223	1.7552	48.830	15.546	39.006	141.74	8.6229	6.3425e-06	0.010909
36.991	0.91611	993.32	0.0010067	0.41476	0.43337	13.065	16.615	53.244	402.39	0.058281	5.6173e-05	0.065765	0.0016785	79.396	0.012595	1.5220	1.7549	48.790	15.557	39.118	141.74	8.6090	6.3513e-06	0.010932
37.020	0.92048	992.53	0.0010075	0.41616	0.43487	13.103	16.615	53.347	401.72	0.060190	5.6041e-05	0.065678	0.0016703	79.800	0.012531	1.5218	1.7545	48.751	15.568	39.231	141.74	8.5952	6.3602e-06	0.010956
37.048	0.92484	991.73	0.0010083	0.41756	0.43638	13.142	16.614	53.452	401.05	0.062103	5.5910e-05	0.065590	0.0016622	80.204	0.012468	1.5215	1.7542	48.712	15.579	39.345	141.75	8.5814	6.3690e-06	0.010979
37.076	0.92920	990.93	0.0010091	0.41895	0.43788	13.180	16.613	53.556	400.38	0.064021	5.5780e-05	0.065504	0.0016541	80.609	0.012406	1.5212	1.7538	48.672	15.590	39.459	141.75	8.5676	6.3778e-06	0.011002
37.105	0.93357	990.14	0.0010100	0.42035	0.43937	13.218	16.612	53.661	399.71	0.065943	5.5650e-05	0.065417	0.0016460	81.015	0.012343	1.5209	1.7535	48.633	15.601	39.574	141.75	8.5539	6.3867e-06	0.011025
37.133	0.93793	989.35	0.0010108	0.42174	0.44087	13.255	16.611	53.767	399.04	0.067870	5.5521e-05	0.065330	0.0016379	81.421	0.012282	1.5206	1.7531	48.594	15.611	39.689	141.75	8.5403	6.3955e-06	0.011049
37.161	0.94230	988.55	0.0010116	0.42313	0.44236	13.293	16.611	53.873	398.37	0.069800	5.5392e-05	0.065244	0.0016299	81.827	0.012221	1.5204	1.7527	48.555	15.622	39.805	141.75	8.5267	6.4043e-06	0.011072
37.189	0.94666	987.76	0.0010124	0.42451	0.44385	13.331	16.610	53.979	397.70	0.071736	5.5264e-05	0.065159	0.0016219	82.234	0.012160	1.5201	1.7524	48.517	15.633	39.921	141.75	8.5132	6.4131e-06	0.011096
37.217	0.95102	986.97	0.0010132	0.42590	0.44534	13.369	16.609	54.086	397.04	0.073675	5.5137e-05	0.065073	0.0016140	82.642	0.012100	1.5198	1.7520	48.478	15.644	40.038	141.76	8.4997	6.4219e-06	0.011119
37.244	0.95539	986.18	0.0010140	0.42728	0.44683	13.406	16.609	54.193	396.38	0.075620	5.5010e-05	0.064988	0.0016061	83.050	0.012041	1.5195	1.7516	48.439	15.655	40.155	141.76	8.4862	6.4307e-06	0.011143
37.272	0.95975	985.39	0.0010148	0.42866	0.44831	13.443	16.608	54.301	395.71	0.077568	5.4884e-05	0.064903	0.0015982	83.459	0.011982	1.5192	1.7512	48.401	15.666	40.273	141.76	8.4728	6.4395e-06	0.011167
37.300	0.96412	984.60	0.0010156	0.43003	0.44979	13.481	16.608	54.409	395.05	0.079522	5.4759e-05	0.064819	0.0015903	83.868	0.011923	1.5189	1.7509	48.363	15.677	40.391	141.76	8.4594	6.4484e-06	0.011190
37.327	0.96848	983.81	0.0010165	0.43140	0.45127	13.518	16.607	54.518	394.39	0.081480	5.4634e-05	0.064734	0.0015825	84.278	0.011865	1.5186	1.7505	48.324	15.688	40.511	141.76	8.4461	6.4572e-06	0.011214
37.354	0.97284	983.02	0.0010173	0.43277	0.45274	13.555	16.607	54.627	393.73	0.083442	5.4509e-05	0.064650	0.0015747	84.689	0.011808	1.5183	1.7501	48.286	15.699	40.630	141.76	8.4329	6.4660e-06	0.011238
37.382	0.97721	982.24	0.0010181	0.43414	0.45422	13.592	16.606	54.736	393.07	0.085409	5.4385e-05	0.064567	0.0015670	85.100	0.011751	1.5180	1.7497	48.248	15.710	40.750	141.76	8.4196	6.4747e-06	0.011262
37.409	0.98157	981.45	0.0010189	0.43551	0.45569	13.629	16.606	54.846	392.41	0.087381	5.4262e-05	0.064483	0.0015592	85.511	0.011694	1.5177	1.7493	48.210	15.721	40.871	141.76	8.4064	6.4835e-06	0.011286
37.436	0.98593	980.67	0.0010197	0.43687	0.45716	13.666	16.606	54.956	391.76	0.089358	5.4139e-05	0.064400	0.0015515	85.924	0.011638	1.5174	1.7489	48.172	15.732	40.993	141.76	8.3933	6.4923e-06	0.011310
37.463	0.99030	979.88	0.0010205	0.43823	0.45862	13.703	16.605	55.067	391.10	0.091339	5.4017e-05	0.064317	0.0015439	86.336	0.011583	1.5171	1.7485	48.134	15.743	41.115	141.76	8.3802	6.5011e-06	0.011334
37.490	0.99466	979.10	0.0010213	0.43959	0.46009	13.739	16.605	55.179	390.45	0.093326	5.3895e-05	0.064234	0.0015362	86.750	0.011527	1.5168	1.7482	48.097	15.753	41.237	141.76	8.3671	6.5099e-06	0.011358
37.517	0.99903	978.31	0.0010222	0.44094	0.46155	13.776	16.605	55.291	389.79	0.095317	5.3774e-05	0.064152	0.0015286	87.164	0.011473	1.5165	1.7478	48.059	15.764	41.360	141.76	8.3541	6.5187e-06	0.011382
37.544	1.0034	977.53	0.0010230	0.44230	0.46301	13.812	16.604	55.403	389.14	0.097312	5.3654e-05	0.064070	0.0015211	87.578	0.011418	1.5162	1.7474	48.022	15.775	41.484	141.76	8.3411	6.5275e-06	0.011406
37.571	1.0078	976.75	0.0010238	0.44365	0.46447	13.849	16.604	55.516	388.49	0.099313	5.3534e-05	0.063988	0.0015135	87.994	0.011364	1.5159	1.7470	47.984	15.786	41.609	141.76	8.3282	6.5363e-06	0.011430
37.597	1.0121	975.97	0.0010246	0.44500	0.46592	13.885	16.604	55.629	387.84	0.10132	5.3414e-05	0.063906	0.0015060	88.409	0.011311	1.5155	1.7466	47.947	15.797	41.734	141.76	8.3153	6.5451e-06	0.011454
37.624	1.0165	975.19	0.0010254	0.44634	0.46738	13.921	16.604	55.743	387.19	0.10333	5.3295e-05	0.063825	0.0014985	88.826	0.011258	1.5152	1.7461	47.910	15.808	41.859	141.76	8.3024	6.5539e-06	0.011479
37.650	1.0208	974.41	0.0010263	0.44769	0.46883	13.958	16.604	55.857	386.54	0.10535	5.3177e-05	0.063744	0.0014911	89.243	0.011205	1.5149	1.7457	47.873	15.819	41.986	141.76	8.2896	6.5627e-06	0.011503
37.677	1.0252	973.63	0.0010271	0.44903	0.47028	13.994	16.604	55.972	385.89	0.10737	5.3059e-05	0.063663	0.0014837	89.660	0.011153	1.5146	1.7453	47.836	15.830	42.113	141.76	8.2768	6.5715e-06	0.011527
37.703	1.0296	972.85	0.0010279	0.45037	0.47173	14.030	16.604	56.087	385.24	0.10939	5.2941e-05	0.063583	0.0014763	90.078	0.011101	1.5143	1.7449	47.799	15.841	42.240	141.76	8.2641	6.5802e-06	0.011552
37.729	1.0339	972.07	0.0010287	0.45171	0.47317	14.066	16.604	56.203	384.59	0.11142	5.2824e-05	0.063502	0.0014689	90.497	0.011050	1.5140	1.7445	47.762	15.852	42.369	141.76	8.2514	6.5890e-06	0.011577
37.755	1.0383	971.29	0.0010296	0.45304	0.47462	14.102	16.604	56.319	383.95	0.11346	5.2708e-05	0.063422	0.0014616	90.916	0.010999	1.5136	1.7441	47.725	15.863	42.498	141.76	8.2387	6.5978e-06	0.011601
37.781	1.0427	970.51	0.0010304	0.45438	0.47606	14.137	16.604	56.436	383.30	0.11550	5.2592e-05	0.063343	0.0014543	91.336	0.010949	1.5133	1.7437	47.688	15.874	42.627	141.76	8.2260	6.6066e-06	0.011626
37.807	1.0470	969.73	0.0010312	0.45571	0.47750	14.173	16.604	56.553	382.66	0.11755	5.2476e-05	0.063263	0.0014470	91.757	0.010898	1.5130	1.7432	47.652	15.885	42.757	141.76	8.2134	6.6154e-06	0.011650
37.833	1.0514	968.96	0.0010320	0.45704	0.47894	14.209	16.604	56.671	382.02	0.11960	5.2361e-05	0.063184	0.0014397	92.178	0.010849	1.5127	1.7428	47.615	15.896	42.888	141.76	8.2009	6.6242e-06	0.011675
37.859	1.0558	968.18	0.0010329	0.45837	0.48037	14.244	16.605	56.789	381.37	0.12165	5.2246e-05	0.063105	0.0014325	92.600	0.010799	1.5123	1.7424	47.579	15.907	43.020	141.76	8.1883	6.6330e-06	0.011700
37.885	1.0601	967.41	0.0010337	0.45969	0.48180	14.280	16.605	56.908	380.73	0.12372	5.2132e-05	0.063026	0.0014253	93.023	0.010750	1.5120	1.7420	47.542	15.918	43.152	141.75	8.1758	6.6418e-06	0.011725
37.911	1.0645	966.63	0.0010345	0.46102	0.48324	14.315	16.605	57.027	380.09	0.12578	5.2018e-05	0.062947	0.0014181	93.446	0.010701	1.5117	1.7415	47.506	15.929	43.285	141.75	8.1634	6.6506e-06	0.011750
37.936	1.0688	965.86	0.0010354	0.46234	0.48467	14.350	16.605	57.147	379.45	0.12786	5.1905e-05	0.062869	0.0014110	93.870	0.010653	1.5113	1.7411	47.470	15.940	43.419	141.75	8.1509	6.6594e-06	0.011775
37.962	1.0732	965.08	0.0010362	0.46366	0.48610	14.386	16.606	57.268	378.81	0.12993	5.1792e-05	0.062791	0.0014039	94.294	0.010605	1.5110	1.7407	47.434	15.951	43.553	141.75	8.1385	6.6682e-06	0.011800
37.987	1.0776	964.31	0.0010370	0.46497	0.48752	14.421	16.606	57.389	378.17	0.13202	5.1680e-05	0.062713	0.0013968	94.719	0.010558	1.5107	1.7402	47.398	15.962	43.688	141.75	8.1262	6.6770e-06	0.011825
38.013	1.0819	963.54	0.0010378	0.46629	0.48895	14.456	16.607	57.510	377.53	0.13411	5.1568e-05	0.062635	0.0013898	95.145	0.010510	1.5103	1.7398	47.362	15.973	43.824	141.75	8.1138	6.6858e-06	0.011850
38.038	1.0863	962.76	0.0010387	0.46760	0.49037	14.491	16.607	57.633	376.90	0.13620	5.1457e-05	0.062558	0.0013827	95.571	0.010463	1.5100	1.7393	47.326	15.984	43.960	141.74	8.1015	6.6946e-06	0.011876
38.063	1.0907	961.99	0.0010395	0.46891	0.49179	14.526	16.608	57.755	376.26	0.13830	5.1346e-05	0.062480	0.0013757	95.998	0.010417	1.5096	1.7389	47.290	15.995	44.098	141.74	8.0892	6.7034e-06	0.011901
38.088	1.0950	961.22	0.0010403	0.47022	0.49321	14.561	16.608	57.879	375.62	0.14041	5.1235e-05	0.062403	0.0013687	96.426	0.010371	1.5093	1.7385	47.254	16.006	44.236	141.74	8.0770	6.7122e-06	0.011926
38.113	1.0994	960.45	0.0010412	0.47153	0.49463	14.595	16.609	58.002	374.99	0.14252	5.1125e-05	0.062327	0.0013618	96.854	0.010325	1.5090	1.7380	47.219	16.018	44.374	141.74	8.0648	6.7210e-06	0.011952
38.138	1.1038	959.67	0.0010420	0.47284	0.49605	14.630	16.609	58.127	374.36	0.14464	5.1015e-05	0.062250	0.0013549	97.283	0.010279	1.5086	1.7376	47.183	16.029	44.514	141.74	8.0526	6.7298e-06	0.011977
38.163	1.1081	958.90	0.0010429	0.47414	0.49746	14.665	16.610	58.252	373.72	0.14676	5.0906e-05	0.062174	0.0013480	97.713	0.010234	1.5083	1.7371	47.147	16.040	44.654	141.73	8.0404	6.7386e-06	0.012003
38.188	1.1125	958.13	0.0010437	0.47545	0.49888	14.700	16.611	58.377	373.09	0.14889	5.0797e-05	0.062098	0.0013411	98.144	0.010189	1.5079	1.7366	47.112	16.051	44.795	141.73	8.0283	6.7475e-06	0.012029
38.213	1.1168	957.36	0.0010445	0.47675	0.50029	14.734	16.611	58.504	372.46	0.15102	5.0688e-05	0.062022	0.0013342	98.575	0.010145	1.5076	1.7362	47.077	16.062	44.937	141.73	8.0162	6.7563e-06	0.012055
38.238	1.1212	956.59	0.0010454	0.47805	0.50170	14.769	16.612	58.630	371.83	0.15316	5.0580e-05	0.061946	0.0013274	99.006	0.010100	1.5072	1.7357	47.041	16.073	45.079	141.73	8.0041	6.7651e-06	0.012080
38.262	1.1256	955.82	0.0010462	0.47934	0.50311	14.803	16.613	58.758	371.19	0.15531	5.0472e-05	0.061870	0.0013206	99.439	0.010056	1.5069	1.7353	47.006	16.084	45.223	141.72	7.9921	6.7740e-06	0.012106
38.287	1.1299	955.05	0.0010471	0.48064	0.50451	14.837	16.614	58.886	370.56	0.15746	5.0365e-05	0.061795	0.0013139	99.872	0.010013	1.5065	1.7348	46.971	16.095	45.367	141.72	7.9801	6.7828e-06	0.012132
38.312	1.1343	954.28	0.0010479	0.48193	0.50592	14.872	16.614	59.014	369.93	0.15962	5.0258e-05	0.061720	0.0013071	100.31	0.0099695	1.5061	1.7343	46.936	16.106	45.512	141.72	7.9681	6.7916e-06	0.012158
38.336	1.1387	953.52	0.0010488	0.48323	0.50732	14.906	16.615	59.144	369.31	0.16178	5.0151e-05	0.061645	0.0013004	100.74	0.0099265	1.5058	1.7339	46.901	16.118	45.657	141.72	7.9561	6.8005e-06	0.012184
38.360	1.1430	952.75	0.0010496	0.48452	0.50873	14.940	16.616	59.273	368.68	0.16395	5.0045e-05	0.061570	0.0012937	101.18	0.0098838	1.5054	1.7334	46.866	16.129	45.804	141.71	7.9442	6.8093e-06	0.012210
38.385	1.1474	951.98	0.0010504	0.48581	0.51013	14.974	16.617	59.404	368.05	0.16613	4.9939e-05	0.061496	0.0012870	101.61	0.0098414	1.5051	1.7329	46.831	16.140	45.951	141.71	7.9323	6.8182e-06	0.012237
38.409	1.1518	951.21	0.0010513	0.48709	0.51153	15.008	16.618	59.535	367.42	0.16831	4.9834e-05	0.061422	0.0012804	102.05	0.0097993	1.5047	1.7325	46.796	16.151	46.099	141.71	7.9204	6.8270e-06	0.012263
38.433	1.1561	950.44	0.0010521	0.48838	0.51292	15.042	16.619	59.667	366.80	0.17050	4.9729e-05	0.061348	0.0012737	102.49	0.0097575	1.5043	1.7320	46.761	16.162	46.248	141.70	7.9085	6.8359e-06	0.012289
38.457	1.1605	949.68	0.0010530	0.48966	0.51432	15.076	16.620	59.799	366.17	0.17269	4.9624e-05	0.061274	0.0012671	102.92	0.0097160	1.5040	1.7315	46.726	16.173	46.398	141.70	7.8967	6.8448e-06	0.012316
38.481	1.1648	948.91	0.0010538	0.49095	0.51572	15.110	16.621	59.932	365.54	0.17489	4.9520e-05	0.061200	0.0012606	103.36	0.0096747	1.5036	1.7310	46.691	16.185	46.549	141.70	7.8849	6.8536e-06	0.012342
38.505	1.1692	948.14	0.0010547	0.49223	0.51711	15.144	16.623	60.066	364.92	0.17710	4.9416e-05	0.061127	0.0012540	103.80	0.0096337	1.5032	1.7305	46.657	16.196	46.700	141.69	7.8731	6.8625e-06	0.012369
38.529	1.1736	947.38	0.0010555	0.49351	0.51850	15.178	16.624	60.200	364.29	0.17931	4.9312e-05	0.061053	0.0012475	104.24	0.0095931	1.5029	1.7300	46.622	16.207	46.853	141.69	7.8614	6.8714e-06	0.012396
38.553	1.1779	946.61	0.0010564	0.49479	0.51990	15.211	16.625	60.335	363.67	0.18153	4.9209e-05	0.060980	0.0012410	104.68	0.0095527	1.5025	1.7296	46.588	16.218	47.006	141.69	7.8496	6.8803e-06	0.012422
38.577	1.1823	945.84	0.0010573	0.49606	0.52129	15.245	16.626	60.471	363.05	0.18376	4.9106e-05	0.060907	0.0012345	105.12	0.0095125	1.5021	1.7291	46.553	16.230	47.160	141.68	7.8379	6.8892e-06	0.012449
38.601	1.1867	945.08	0.0010581	0.49734	0.52267	15.278	16.628	60.607	362.43	0.18599	4.9003e-05	0.060835	0.0012281	105.57	0.0094726	1.5017	1.7286	46.519	16.241	47.315	141.68	7.8262	6.8981e-06	0.012476
38.625	1.1910	944.31	0.0010590	0.49861	0.52406	15.312	16.629	60.745	361.80	0.18823	4.8901e-05	0.060762	0.0012216	106.01	0.0094330	1.5014	1.7281	46.484	16.252	47.471	141.68	7.8146	6.9070e-06	0.012503
38.648	1.1954	943.54	0.0010598	0.49988	0.52545	15.345	16.630	60.882	361.18	0.19048	4.8799e-05	0.060690	0.0012152	106.45	0.0093937	1.5010	1.7276	46.450	16.263	47.628	141.67	7.8029	6.9159e-06	0.012530
38.672	1.1998	942.78	0.0010607	0.50115	0.52683	15.379	16.632	61.021	360.56	0.19273	4.8698e-05	0.060617	0.0012088	106.90	0.0093546	1.5006	1.7271	46.416	16.275	47.785	141.67	7.7913	6.9248e-06	0.012558
38.695	1.2041	942.01	0.0010616	0.50242	0.52822	15.412	16.633	61.160	359.94	0.19499	4.8596e-05	0.060545	0.0012025	107.34	0.0093158	1.5002	1.7266	46.381	16.286	47.944	141.66	7.7797	6.9338e-06	0.012585
38.719	1.2085	941.25	0.0010624	0.50369	0.52960	15.445	16.635	61.300	359.32	0.19725	4.8495e-05	0.060474	0.0011961	107.79	0.0092772	1.4998	1.7261	46.347	16.297	48.104	141.66	7.7681	6.9427e-06	0.012612
38.742	1.2129	940.48	0.0010633	0.50496	0.53098	15.479	16.636	61.440	358.70	0.19952	4.8395e-05	0.060402	0.0011898	108.24	0.0092389	1.4995	1.7256	46.313	16.309	48.264	141.66	7.7566	6.9516e-06	0.012640
38.765	1.2172	939.72	0.0010642	0.50622	0.53236	15.512	16.638	61.582	358.08	0.20180	4.8294e-05	0.060330	0.0011835	108.69	0.0092009	1.4991	1.7251	46.279	16.320	48.426	141.65	7.7450	6.9606e-06	0.012667
38.789	1.2216	938.95	0.0010650	0.50749	0.53374	15.545	16.639	61.724	357.46	0.20409	4.8195e-05	0.060259	0.0011772	109.13	0.0091631	1.4987	1.7246	46.245	16.331	48.588	141.65	7.7335	6.9695e-06	0.012695
38.812	1.2259	938.19	0.0010659	0.50875	0.53512	15.578	16.641	61.866	356.84	0.20638	4.8095e-05	0.060188	0.0011710	109.58	0.0091255	1.4983	1.7240	46.211	16.343	48.751	141.64	7.7220	6.9785e-06	0.012722
38.835	1.2303	937.42	0.0010668	0.51001	0.53650	15.611	16.643	62.010	356.23	0.20868	4.7996e-05	0.060117	0.0011648	110.03	0.0090882	1.4979	1.7235	46.177	16.354	48.916	141.64	7.7105	6.9875e-06	0.012750
38.858	1.2347	936.66	0.0010676	0.51127	0.53787	15.644	16.644	62.154	355.61	0.21099	4.7897e-05	0.060046	0.0011586	110.48	0.0090511	1.4975	1.7230	46.143	16.365	49.081	141.64	7.6991	6.9965e-06	0.012778
38.881	1.2390	935.89	0.0010685	0.51253	0.53925	15.677	16.646	62.299	354.99	0.21330	4.7798e-05	0.059976	0.0011524	110.94	0.0090142	1.4971	1.7225	46.110	16.377	49.248	141.63	7.6876	7.0054e-06	0.012806
38.904	1.2434	935.13	0.0010694	0.51379	0.54062	15.710	16.648	62.445	354.37	0.21562	4.7700e-05	0.059905	0.0011462	111.39	0.0089776	1.4967	1.7220	46.076	16.388	49.415	141.63	7.6762	7.0144e-06	0.012834
38.927	1.2478	934.36	0.0010703	0.51505	0.54199	15.743	16.650	62.592	353.76	0.21795	4.7601e-05	0.059835	0.0011401	111.84	0.0089412	1.4963	1.7214	46.042	16.400	49.583	141.62	7.6648	7.0234e-06	0.012862
38.950	1.2521	933.60	0.0010711	0.51630	0.54337	15.776	16.652	62.739	353.14	0.22028	4.7504e-05	0.059765	0.0011340	112.30	0.0089051	1.4959	1.7209	46.008	16.411	49.753	141.62	7.6535	7.0324e-06	0.012890
38.973	1.2565	932.83	0.0010720	0.51756	0.54474	15.809	16.653	62.887	352.53	0.22262	4.7406e-05	0.059695	0.0011279	112.75	0.0088691	1.4955	1.7204	45.975	16.422	49.923	141.61	7.6421	7.0415e-06	0.012918
38.995	1.2609	932.07	0.0010729	0.51881	0.54611	15.841	16.655	63.036	351.91	0.22497	4.7309e-05	0.059625	0.0011218	113.21	0.0088334	1.4951	1.7199	45.941	16.434	50.094	141.61	7.6308	7.0505e-06	0.012947
39.018	1.2652	931.30	0.0010738	0.52006	0.54748	15.874	16.657	63.186	351.30	0.22733	4.7212e-05	0.059556	0.0011157	113.66	0.0087980	1.4947	1.7193	45.908	16.445	50.267	141.60	7.6194	7.0595e-06	0.012975
39.041	1.2696	930.54	0.0010746	0.52131	0.54884	15.907	16.659	63.336	350.68	0.22969	4.7115e-05	0.059486	0.0011097	114.12	0.0087627	1.4943	1.7188	45.874	16.457	50.440	141.60	7.6081	7.0686e-06	0.013004
39.063	1.2739	929.77	0.0010755	0.52256	0.55021	15.939	16.662	63.488	350.07	0.23206	4.7019e-05	0.059417	0.0011037	114.58	0.0087277	1.4939	1.7183	45.841	16.468	50.615	141.59	7.5968	7.0776e-06	0.013033
39.086	1.2783	929.01	0.0010764	0.52381	0.55158	15.972	16.664	63.640	349.46	0.23444	4.6923e-05	0.059348	0.0010977	115.04	0.0086929	1.4935	1.7177	45.807	16.480	50.791	141.59	7.5856	7.0867e-06	0.013061
39.108	1.2827	928.24	0.0010773	0.52506	0.55294	16.004	16.666	63.793	348.84	0.23682	4.6827e-05	0.059279	0.0010917	115.50	0.0086582	1.4931	1.7172	45.774	16.491	50.968	141.58	7.5743	7.0958e-06	0.013090
39.130	1.2870	927.48	0.0010782	0.52630	0.55431	16.037	16.668	63.947	348.23	0.23922	4.6732e-05	0.059210	0.0010858	115.96	0.0086238	1.4927	1.7166	45.741	16.503	51.146	141.58	7.5631	7.1048e-06	0.013119
39.153	1.2914	926.71	0.0010791	0.52755	0.55567	16.069	16.670	64.101	347.62	0.24162	4.6636e-05	0.059141	0.0010798	116.42	0.0085897	1.4923	1.7161	45.707	16.515	51.325	141.57	7.5518	7.1139e-06	0.013148
39.175	1.2958	925.95	0.0010800	0.52879	0.55703	16.101	16.673	64.257	347.01	0.24403	4.6541e-05	0.059073	0.0010739	116.88	0.0085557	1.4918	1.7155	45.674	16.526	51.505	141.57	7.5406	7.1230e-06	0.013177
39.197	1.3001	925.18	0.0010809	0.53004	0.55839	16.134	16.675	64.413	346.39	0.24644	4.6447e-05	0.059005	0.0010681	117.34	0.0085219	1.4914	1.7150	45.641	16.538	51.686	141.56	7.5294	7.1321e-06	0.013206
39.220	1.3045	924.42	0.0010818	0.53128	0.55975	16.166	16.677	64.570	345.78	0.24887	4.6352e-05	0.058936	0.0010622	117.81	0.0084883	1.4910	1.7144	45.608	16.549	51.868	141.56	7.5183	7.1413e-06	0.013236
39.242	1.3089	923.65	0.0010827	0.53252	0.56111	16.198	16.680	64.728	345.17	0.25130	4.6258e-05	0.058868	0.0010563	118.27	0.0084550	1.4906	1.7139	45.575	16.561	52.052	141.55	7.5071	7.1504e-06	0.013265
39.264	1.3132	922.89	0.0010836	0.53376	0.56247	16.230	16.682	64.887	344.56	0.25374	4.6164e-05	0.058800	0.0010505	118.74	0.0084218	1.4902	1.7133	45.542	16.573	52.237	141.55	7.4960	7.1595e-06	0.013295
39.286	1.3176	922.12	0.0010845	0.53500	0.56383	16.263	16.685	65.047	343.95	0.25618	4.6071e-05	0.058733	0.0010447	119.21	0.0083888	1.4897	1.7128	45.508	16.584	52.423	141.54	7.4848	7.1687e-06	0.013324
39.308	1.3219	921.36	0.0010854	0.53624	0.56519	16.295	16.687	65.208	343.34	0.25864	4.5977e-05	0.058665	0.0010389	119.67	0.0083561	1.4893	1.7122	45.475	16.596	52.610	141.54	7.4737	7.1779e-06	0.013354
39.330	1.3263	920.59	0.0010863	0.53747	0.56654	16.327	16.690	65.370	342.73	0.26110	4.5884e-05	0.058598	0.0010332	120.14	0.0083235	1.4889	1.7117	45.442	16.608	52.798	141.53	7.4626	7.1870e-06	0.013384
39.351	1.3307	919.82	0.0010872	0.53871	0.56790	16.359	16.692	65.532	342.12	0.26357	4.5791e-05	0.058530	0.0010274	120.61	0.0082911	1.4885	1.7111	45.410	16.619	52.988	141.53	7.4515	7.1962e-06	0.013414
39.373	1.3350	919.06	0.0010881	0.53994	0.56926	16.391	16.695	65.696	341.51	0.26605	4.5699e-05	0.058463	0.0010217	121.08	0.0082589	1.4880	1.7105	45.377	16.631	53.178	141.52	7.4404	7.2054e-06	0.013444
39.395	1.3394	918.29	0.0010890	0.54118	0.57061	16.423	16.698	65.861	340.90	0.26854	4.5606e-05	0.058396	0.0010160	121.55	0.0082269	1.4876	1.7100	45.344	16.643	53.370	141.52	7.4294	7.2146e-06	0.013474
39.417	1.3438	917.53	0.0010899	0.54241	0.57196	16.455	16.700	66.026	340.29	0.27104	4.5514e-05	0.058329	0.0010103	122.02	0.0081951	1.4872	1.7094	45.311	16.654	53.564	141.51	7.4183	7.2238e-06	0.013504
39.438	1.3481	916.76	0.0010908	0.54364	0.57332	16.486	16.703	66.192	339.69	0.27354	4.5422e-05	0.058262	0.0010046	122.50	0.0081634	1.4867	1.7088	45.278	16.666	53.758	141.50	7.4073	7.2331e-06	0.013535
39.460	1.3525	915.99	0.0010917	0.54487	0.57467	16.518	16.706	66.360	339.08	0.27605	4.5330e-05	0.058196	0.00099898	122.97	0.0081320	1.4863	1.7082	45.245	16.678	53.954	141.50	7.3963	7.2423e-06	0.013565
39.482	1.3569	915.23	0.0010926	0.54611	0.57602	16.550	16.709	66.528	338.47	0.27858	4.5239e-05	0.058129	0.00099335	123.45	0.0081007	1.4859	1.7077	45.213	16.690	54.151	141.49	7.3853	7.2516e-06	0.013596
39.503	1.3612	914.46	0.0010935	0.54733	0.57737	16.582	16.712	66.698	337.86	0.28110	4.5148e-05	0.058063	0.00098774	123.92	0.0080696	1.4854	1.7071	45.180	16.701	54.350	141.49	7.3743	7.2609e-06	0.013627
39.525	1.3656	913.69	0.0010945	0.54856	0.57872	16.614	16.715	66.868	337.25	0.28364	4.5057e-05	0.057997	0.00098215	124.40	0.0080387	1.4850	1.7065	45.147	16.713	54.549	141.48	7.3633	7.2701e-06	0.013657
39.546	1.3699	912.92	0.0010954	0.54979	0.58007	16.645	16.718	67.039	336.65	0.28619	4.4966e-05	0.057931	0.00097658	124.88	0.0080080	1.4845	1.7059	45.114	16.725	54.750	141.48	7.3523	7.2794e-06	0.013688
39.567	1.3743	912.16	0.0010963	0.55102	0.58142	16.677	16.721	67.212	336.04	0.28874	4.4876e-05	0.057865	0.00097103	125.35	0.0079774	1.4841	1.7053	45.082	16.737	54.953	141.47	7.3414	7.2887e-06	0.013719
39.589	1.3787	911.39	0.0010972	0.55225	0.58277	16.709	16.724	67.385	335.43	0.29131	4.4785e-05	0.057799	0.00096549	125.83	0.0079470	1.4836	1.7047	45.049	16.749	55.157	141.46	7.3304	7.2981e-06	0.013751
39.610	1.3830	910.62	0.0010982	0.55347	0.58412	16.740	16.727	67.559	334.83	0.29388	4.4695e-05	0.057733	0.00095998	126.31	0.0079168	1.4832	1.7041	45.017	16.761	55.362	141.46	7.3195	7.3074e-06	0.013782
39.631	1.3874	909.85	0.0010991	0.55470	0.58547	16.772	16.730	67.735	334.22	0.29646	4.4605e-05	0.057668	0.00095448	126.80	0.0078867	1.4827	1.7035	44.984	16.773	55.568	141.45	7.3086	7.3168e-06	0.013813
39.652	1.3918	909.08	0.0011000	0.55592	0.58681	16.803	16.734	67.911	333.61	0.29905	4.4516e-05	0.057603	0.00094901	127.28	0.0078568	1.4823	1.7030	44.952	16.785	55.776	141.45	7.2976	7.3261e-06	0.013845
39.673	1.3961	908.31	0.0011009	0.55714	0.58816	16.835	16.737	68.089	333.01	0.30165	4.4426e-05	0.057537	0.00094355	127.76	0.0078271	1.4818	1.7024	44.919	16.797	55.986	141.44	7.2867	7.3355e-06	0.013876
39.694	1.4005	907.54	0.0011019	0.55837	0.58951	16.866	16.740	68.268	332.40	0.30426	4.4337e-05	0.057472	0.00093811	128.25	0.0077976	1.4814	1.7018	44.887	16.809	56.197	141.44	7.2759	7.3449e-06	0.013908
39.715	1.4049	906.78	0.0011028	0.55959	0.59085	16.898	16.744	68.447	331.80	0.30688	4.4248e-05	0.057407	0.00093269	128.73	0.0077682	1.4809	1.7011	44.854	16.821	56.409	141.43	7.2650	7.3543e-06	0.013940
39.736	1.4092	906.01	0.0011037	0.56081	0.59220	16.929	16.747	68.628	331.19	0.30951	4.4159e-05	0.057342	0.00092729	129.22	0.0077390	1.4805	1.7005	44.822	16.833	56.623	141.42	7.2541	7.3637e-06	0.013972
39.757	1.4136	905.24	0.0011047	0.56203	0.59354	16.961	16.750	68.810	330.59	0.31214	4.4071e-05	0.057278	0.00092190	129.70	0.0077099	1.4800	1.6999	44.789	16.845	56.838	141.42	7.2432	7.3731e-06	0.014004
39.778	1.4179	904.46	0.0011056	0.56325	0.59489	16.992	16.754	68.993	329.98	0.31479	4.3982e-05	0.057213	0.00091654	130.19	0.0076810	1.4796	1.6993	44.757	16.857	57.054	141.41	7.2324	7.3826e-06	0.014036
39.799	1.4223	903.69	0.0011066	0.56447	0.59623	17.023	16.758	69.178	329.38	0.31744	4.3894e-05	0.057148	0.00091119	130.68	0.0076522	1.4791	1.6987	44.725	16.869	57.273	141.40	7.2215	7.3920e-06	0.014069
39.820	1.4267	902.92	0.0011075	0.56569	0.59757	17.055	16.761	69.363	328.77	0.32011	4.3806e-05	0.057084	0.00090586	131.17	0.0076236	1.4786	1.6981	44.692	16.881	57.492	141.40	7.2107	7.4015e-06	0.014101
39.841	1.4310	902.15	0.0011085	0.56691	0.59892	17.086	16.765	69.550	328.17	0.32278	4.3718e-05	0.057020	0.00090055	131.66	0.0075952	1.4782	1.6975	44.660	16.893	57.714	141.39	7.1999	7.4110e-06	0.014134
39.861	1.4354	901.38	0.0011094	0.56813	0.60026	17.117	16.768	69.737	327.56	0.32546	4.3631e-05	0.056956	0.00089525	132.15	0.0075669	1.4777	1.6969	44.628	16.905	57.937	141.39	7.1891	7.4205e-06	0.014167
39.882	1.4398	900.61	0.0011104	0.56934	0.60160	17.148	16.772	69.926	326.96	0.32816	4.3543e-05	0.056892	0.00088998	132.65	0.0075388	1.4772	1.6962	44.595	16.917	58.161	141.38	7.1783	7.4301e-06	0.014199
39.903	1.4441	899.83	0.0011113	0.57056	0.60294	17.180	16.776	70.116	326.35	0.33086	4.3456e-05	0.056828	0.00088472	133.14	0.0075108	1.4767	1.6956	44.563	16.929	58.387	141.37	7.1675	7.4396e-06	0.014232
39.923	1.4485	899.06	0.0011123	0.57177	0.60428	17.211	16.780	70.308	325.75	0.33357	4.3369e-05	0.056764	0.00087948	133.64	0.0074830	1.4763	1.6950	44.531	16.941	58.615	141.37	7.1567	7.4492e-06	0.014266
39.944	1.4529	898.29	0.0011132	0.57299	0.60563	17.242	16.784	70.500	325.15	0.33629	4.3282e-05	0.056700	0.00087425	134.13	0.0074553	1.4758	1.6944	44.499	16.954	58.844	141.36	7.1459	7.4587e-06	0.014299
39.964	1.4572	897.51	0.0011142	0.57420	0.60697	17.273	16.788	70.694	324.54	0.33902	4.3196e-05	0.056637	0.00086905	134.63	0.0074277	1.4753	1.6937	44.467	16.966	59.075	141.35	7.1351	7.4683e-06	0.014332
39.984	1.4616	896.74	0.0011152	0.57542	0.60831	17.304	16.792	70.889	323.94	0.34177	4.3109e-05	0.056574	0.00086386	135.13	0.0074003	1.4748	1.6931	44.434	16.978	59.308	141.35	7.1244	7.4779e-06	0.014366
40.005	1.4660	895.96	0.0011161	0.57663	0.60965	17.335	16.796	71.085	323.33	0.34452	4.3023e-05	0.056510	0.00085869	135.63	0.0073731	1.4744	1.6925	44.402	16.990	59.542	141.34	7.1136	7.4875e-06	0.014399
40.025	1.4703	895.19	0.0011171	0.57784	0.61099	17.366	16.800	71.283	322.73	0.34728	4.2937e-05	0.056447	0.00085354	136.13	0.0073460	1.4739	1.6918	44.370	17.003	59.778	141.33	7.1029	7.4972e-06	0.014433
40.045	1.4747	894.41	0.0011181	0.57906	0.61233	17.397	16.804	71.482	322.13	0.35005	4.2851e-05	0.056384	0.00084840	136.63	0.0073190	1.4734	1.6912	44.338	17.015	60.016	141.33	7.0921	7.5068e-06	0.014467
40.066	1.4790	893.64	0.0011190	0.58027	0.61367	17.428	16.808	71.682	321.52	0.35284	4.2765e-05	0.056321	0.00084328	137.13	0.0072922	1.4729	1.6905	44.306	17.027	60.255	141.32	7.0814	7.5165e-06	0.014501
40.086	1.4834	892.86	0.0011200	0.58148	0.61501	17.459	16.812	71.883	320.92	0.35563	4.2680e-05	0.056258	0.00083818	137.64	0.0072655	1.4724	1.6899	44.274	17.040	60.496	141.32	7.0706	7.5262e-06	0.014535
40.106	1.4878	892.08	0.0011210	0.58269	0.61634	17.490	16.817	72.086	320.32	0.35843	4.2595e-05	0.056196	0.00083310	138.14	0.0072389	1.4719	1.6893	44.242	17.052	60.739	141.31	7.0599	7.5359e-06	0.014570
40.126	1.4921	891.31	0.0011219	0.58390	0.61768	17.521	16.821	72.290	319.71	0.36125	4.2509e-05	0.056133	0.00082803	138.65	0.0072125	1.4714	1.6886	44.210	17.064	60.984	141.30	7.0492	7.5456e-06	0.014604
40.146	1.4965	890.53	0.0011229	0.58511	0.61902	17.552	16.825	72.496	319.11	0.36407	4.2424e-05	0.056070	0.00082298	139.16	0.0071862	1.4709	1.6880	44.178	17.077	61.231	141.30	7.0385	7.5554e-06	0.014639
40.166	1.5009	889.75	0.0011239	0.58632	0.62036	17.583	16.830	72.703	318.51	0.36691	4.2339e-05	0.056008	0.00081795	139.66	0.0071601	1.4705	1.6873	44.146	17.089	61.479	141.29	7.0278	7.5652e-06	0.014674
40.186	1.5052	888.97	0.0011249	0.58753	0.62170	17.613	16.834	72.911	317.90	0.36975	4.2255e-05	0.055946	0.00081293	140.17	0.0071340	1.4700	1.6866	44.114	17.102	61.730	141.28	7.0171	7.5749e-06	0.014709
40.206	1.5096	888.19	0.0011259	0.58874	0.62304	17.644	16.839	73.121	317.30	0.37261	4.2170e-05	0.055884	0.00080793	140.68	0.0071082	1.4695	1.6860	44.082	17.114	61.982	141.28	7.0064	7.5847e-06	0.014744
40.226	1.5140	887.41	0.0011269	0.58995	0.62438	17.675	16.844	73.332	316.70	0.37548	4.2086e-05	0.055822	0.00080295	141.20	0.0070824	1.4690	1.6853	44.050	17.127	62.236	141.27	6.9957	7.5946e-06	0.014779
40.246	1.5183	886.63	0.0011279	0.59116	0.62571	17.706	16.848	73.545	316.10	0.37836	4.2002e-05	0.055760	0.00079798	141.71	0.0070568	1.4685	1.6847	44.018	17.139	62.492	141.26	6.9851	7.6044e-06	0.014815
40.266	1.5227	885.85	0.0011289	0.59237	0.62705	17.737	16.853	73.759	315.49	0.38125	4.1918e-05	0.055698	0.00079303	142.22	0.0070313	1.4680	1.6840	43.986	17.152	62.750	141.26	6.9744	7.6143e-06	0.014850
40.286	1.5270	885.07	0.0011299	0.59357	0.62839	17.767	16.858	73.975	314.89	0.38415	4.1834e-05	0.055636	0.00078810	142.74	0.0070059	1.4674	1.6833	43.954	17.164	63.010	141.25	6.9637	7.6242e-06	0.014886
40.305	1.5314	884.29	0.0011309	0.59478	0.62973	17.798	16.863	74.192	314.29	0.38706	4.1750e-05	0.055574	0.00078318	143.25	0.0069807	1.4669	1.6827	43.922	17.177	63.272	141.24	6.9530	7.6341e-06	0.014922
40.325	1.5358	883.50	0.0011319	0.59599	0.63106	17.829	16.867	74.410	313.68	0.38999	4.1666e-05	0.055513	0.00077828	143.77	0.0069555	1.4664	1.6820	43.890	17.190	63.536	141.23	6.9424	7.6440e-06	0.014958
40.345	1.5401	882.72	0.0011329	0.59719	0.63240	17.860	16.872	74.630	313.08	0.39292	4.1583e-05	0.055452	0.00077340	144.29	0.0069305	1.4659	1.6813	43.858	17.202	63.802	141.23	6.9317	7.6539e-06	0.014994
40.364	1.5445	881.93	0.0011339	0.59840	0.63374	17.890	16.877	74.852	312.48	0.39587	4.1500e-05	0.055390	0.00076853	144.81	0.0069057	1.4654	1.6806	43.826	17.215	64.070	141.22	6.9211	7.6639e-06	0.015030
40.384	1.5489	881.15	0.0011349	0.59961	0.63508	17.921	16.882	75.075	311.88	0.39883	4.1417e-05	0.055329	0.00076368	145.33	0.0068809	1.4649	1.6799	43.794	17.228	64.341	141.21	6.9104	7.6739e-06	0.015067
40.403	1.5532	880.36	0.0011359	0.60081	0.63641	17.951	16.887	75.300	311.27	0.40180	4.1334e-05	0.055268	0.00075884	145.85	0.0068563	1.4644	1.6793	43.762	17.240	64.613	141.21	6.8998	7.6839e-06	0.015103
40.423	1.5576	879.58	0.0011369	0.60202	0.63775	17.982	16.893	75.526	310.67	0.40478	4.1251e-05	0.055207	0.00075403	146.38	0.0068318	1.4639	1.6786	43.731	17.253	64.887	141.20	6.8892	7.6939e-06	0.015140
40.442	1.5620	878.79	0.0011379	0.60322	0.63909	18.013	16.898	75.754	310.07	0.40778	4.1168e-05	0.055146	0.00074922	146.90	0.0068074	1.4633	1.6779	43.699	17.266	65.164	141.19	6.8785	7.7039e-06	0.015177
40.462	1.5663	878.00	0.0011389	0.60443	0.64043	18.043	16.903	75.984	309.47	0.41078	4.1085e-05	0.055085	0.00074444	147.43	0.0067831	1.4628	1.6772	43.667	17.279	65.443	141.19	6.8679	7.7140e-06	0.015214
40.481	1.5707	877.22	0.0011400	0.60563	0.64176	18.074	16.908	76.215	308.86	0.41380	4.1003e-05	0.055025	0.00073967	147.95	0.0067589	1.4623	1.6765	43.635	17.292	65.724	141.18	6.8573	7.7241e-06	0.015252
40.501	1.5750	876.43	0.0011410	0.60684	0.64310	18.104	16.914	76.448	308.26	0.41683	4.0921e-05	0.054964	0.00073491	148.48	0.0067349	1.4618	1.6758	43.603	17.304	66.008	141.17	6.8467	7.7342e-06	0.015289
40.520	1.5794	875.64	0.0011420	0.60804	0.64444	18.135	16.919	76.683	307.66	0.41988	4.0839e-05	0.054904	0.00073017	149.01	0.0067110	1.4612	1.6751	43.571	17.317	66.293	141.17	6.8360	7.7443e-06	0.015327
40.539	1.5838	874.85	0.0011431	0.60925	0.64578	18.165	16.925	76.920	307.05	0.42293	4.0757e-05	0.054843	0.00072545	149.54	0.0066871	1.4607	1.6744	43.539	17.330	66.581	141.16	6.8254	7.7545e-06	0.015365
40.558	1.5881	874.06	0.0011441	0.61045	0.64712	18.196	16.930	77.158	306.45	0.42600	4.0675e-05	0.054783	0.00072074	150.07	0.0066634	1.4602	1.6737	43.508	17.343	66.872	141.15	6.8148	7.7647e-06	0.015403
40.577	1.5925	873.27	0.0011451	0.61166	0.64845	18.227	16.936	77.398	305.85	0.42908	4.0593e-05	0.054723	0.00071605	150.61	0.0066398	1.4596	1.6730	43.476	17.356	67.164	141.14	6.8042	7.7749e-06	0.015441
40.597	1.5969	872.47	0.0011462	0.61286	0.64979	18.257	16.941	77.640	305.24	0.43217	4.0511e-05	0.054663	0.00071138	151.14	0.0066163	1.4591	1.6723	43.444	17.369	67.459	141.14	6.7936	7.7851e-06	0.015479
40.616	1.6012	871.68	0.0011472	0.61406	0.65113	18.287	16.947	77.883	304.64	0.43528	4.0430e-05	0.054603	0.00070672	151.68	0.0065930	1.4586	1.6716	43.412	17.382	67.757	141.13	6.7830	7.7954e-06	0.015518
40.635	1.6056	870.89	0.0011483	0.61527	0.65247	18.318	16.953	78.128	304.04	0.43840	4.0348e-05	0.054543	0.00070207	152.21	0.0065697	1.4580	1.6709	43.380	17.395	68.057	141.12	6.7724	7.8056e-06	0.015556
40.654	1.6100	870.09	0.0011493	0.61647	0.65381	18.348	16.959	78.376	303.43	0.44153	4.0267e-05	0.054483	0.00069744	152.75	0.0065465	1.4575	1.6702	43.348	17.408	68.359	141.12	6.7618	7.8159e-06	0.015595
40.673	1.6143	869.30	0.0011504	0.61767	0.65515	18.379	16.965	78.625	302.83	0.44468	4.0186e-05	0.054423	0.00069283	153.29	0.0065235	1.4569	1.6694	43.317	17.421	68.664	141.11	6.7512	7.8263e-06	0.015635
40.692	1.6187	868.50	0.0011514	0.61888	0.65649	18.409	16.971	78.876	302.23	0.44784	4.0105e-05	0.054364	0.00068823	153.83	0.0065005	1.4564	1.6687	43.285	17.435	68.972	141.10	6.7406	7.8366e-06	0.015674
40.711	1.6230	867.70	0.0011525	0.62008	0.65783	18.440	16.977	79.129	301.62	0.45101	4.0024e-05	0.054304	0.00068365	154.38	0.0064777	1.4558	1.6680	43.253	17.448	69.282	141.10	6.7300	7.8470e-06	0.015713
40.730	1.6274	866.91	0.0011535	0.62128	0.65917	18.470	16.983	79.384	301.02	0.45419	3.9943e-05	0.054245	0.00067908	154.92	0.0064550	1.4553	1.6673	43.221	17.461	69.595	141.09	6.7194	7.8574e-06	0.015753
40.748	1.6318	866.11	0.0011546	0.62249	0.66051	18.500	16.989	79.641	300.42	0.45739	3.9863e-05	0.054185	0.00067453	155.46	0.0064323	1.4547	1.6665	43.189	17.474	69.910	141.08	6.7088	7.8678e-06	0.015793
40.767	1.6361	865.31	0.0011557	0.62369	0.66185	18.531	16.995	79.900	299.81	0.46060	3.9782e-05	0.054126	0.00066999	156.01	0.0064098	1.4542	1.6658	43.157	17.487	70.228	141.07	6.6982	7.8782e-06	0.015833
40.786	1.6405	864.51	0.0011567	0.62489	0.66319	18.561	17.001	80.160	299.21	0.46383	3.9702e-05	0.054067	0.00066547	156.56	0.0063874	1.4536	1.6651	43.126	17.501	70.549	141.07	6.6876	7.8887e-06	0.015873
40.805	1.6449	863.71	0.0011578	0.62610	0.66453	18.592	17.008	80.423	298.61	0.46707	3.9622e-05	0.054008	0.00066097	157.11	0.0063650	1.4531	1.6643	43.094	17.514	70.872	141.06	6.6770	7.8992e-06	0.015914
40.823	1.6492	862.90	0.0011589	0.62730	0.66587	18.622	17.014	80.688	298.00	0.47032	3.9541e-05	0.053949	0.00065648	157.66	0.0063428	1.4525	1.6636	43.062	17.527	71.199	141.05	6.6664	7.9098e-06	0.015954
40.842	1.6536	862.10	0.0011600	0.62851	0.66721	18.652	17.021	80.956	297.40	0.47359	3.9461e-05	0.053890	0.00065200	158.21	0.0063207	1.4519	1.6628	43.030	17.541	71.528	141.05	6.6559	7.9203e-06	0.015995
40.861	1.6580	861.30	0.0011610	0.62971	0.66855	18.683	17.027	81.225	296.79	0.47688	3.9381e-05	0.053831	0.00064754	158.76	0.0062986	1.4514	1.6621	42.998	17.554	71.860	141.04	6.6453	7.9309e-06	0.016036
40.879	1.6623	860.49	0.0011621	0.63091	0.66990	18.713	17.034	81.496	296.19	0.48017	3.9301e-05	0.053773	0.00064309	159.32	0.0062767	1.4508	1.6614	42.966	17.568	72.195	141.03	6.6347	7.9415e-06	0.016077
40.898	1.6667	859.69	0.0011632	0.63212	0.67124	18.743	17.040	81.770	295.58	0.48348	3.9222e-05	0.053714	0.00063866	159.88	0.0062549	1.4502	1.6606	42.934	17.581	72.533	141.02	6.6241	7.9521e-06	0.016119
40.916	1.6710	858.88	0.0011643	0.63332	0.67258	18.774	17.047	82.046	294.98	0.48681	3.9142e-05	0.053656	0.00063425	160.43	0.0062331	1.4497	1.6598	42.903	17.595	72.874	141.02	6.6135	7.9628e-06	0.016160
40.935	1.6754	858.07	0.0011654	0.63452	0.67392	18.804	17.054	82.324	294.37	0.49015	3.9063e-05	0.053597	0.00062985	160.99	0.0062115	1.4491	1.6591	42.871	17.608	73.217	141.01	6.6029	7.9735e-06	0.016202
40.953	1.6798	857.26	0.0011665	0.63573	0.67527	18.834	17.061	82.605	293.77	0.49351	3.8983e-05	0.053539	0.00062546	161.55	0.0061899	1.4485	1.6583	42.839	17.622	73.564	141.00	6.5923	7.9842e-06	0.016244
40.972	1.6841	856.46	0.0011676	0.63693	0.67661	18.865	17.068	82.887	293.16	0.49688	3.8904e-05	0.053481	0.00062109	162.12	0.0061685	1.4479	1.6576	42.807	17.635	73.915	140.99	6.5817	7.9950e-06	0.016287
40.990	1.6885	855.64	0.0011687	0.63814	0.67796	18.895	17.075	83.172	292.56	0.50026	3.8824e-05	0.053423	0.00061673	162.68	0.0061471	1.4474	1.6568	42.775	17.649	74.268	140.99	6.5712	8.0057e-06	0.016329
41.008	1.6929	854.83	0.0011698	0.63934	0.67930	18.925	17.082	83.460	291.95	0.50366	3.8745e-05	0.053365	0.00061239	163.24	0.0061258	1.4468	1.6560	42.743	17.663	74.624	140.98	6.5606	8.0166e-06	0.016372
41.027	1.6972	854.02	0.0011709	0.64055	0.68065	18.956	17.089	83.750	291.35	0.50708	3.8666e-05	0.053307	0.00060806	163.81	0.0061046	1.4462	1.6553	42.711	17.676	74.984	140.97	6.5500	8.0274e-06	0.016415
41.045	1.7016	853.21	0.0011720	0.64175	0.68200	18.986	17.096	84.042	290.74	0.51051	3.8587e-05	0.053249	0.00060375	164.38	0.0060835	1.4456	1.6545	42.679	17.690	75.347	140.97	6.5394	8.0383e-06	0.016458
41.063	1.7060	852.39	0.0011732	0.64296	0.68334	19.016	17.103	84.337	290.14	0.51396	3.8508e-05	0.053191	0.00059945	164.95	0.0060625	1.4450	1.6537	42.647	17.704	75.713	140.96	6.5288	8.0492e-06	0.016502
41.081	1.7103	851.58	0.0011743	0.64416	0.68469	19.046	17.111	84.634	289.53	0.51742	3.8429e-05	0.053134	0.00059517	165.52	0.0060416	1.4444	1.6529	42.615	17.718	76.083	140.95	6.5182	8.0601e-06	0.016545
41.100	1.7147	850.76	0.0011754	0.64537	0.68604	19.077	17.118	84.934	288.92	0.52090	3.8351e-05	0.053076	0.00059090	166.09	0.0060208	1.4438	1.6522	42.583	17.732	76.456	140.94	6.5076	8.0711e-06	0.016589
41.118	1.7191	849.94	0.0011765	0.64658	0.68739	19.107	17.125	85.236	288.32	0.52440	3.8272e-05	0.053019	0.00058665	166.67	0.0060000	1.4432	1.6514	42.552	17.745	76.832	140.94	6.4970	8.0820e-06	0.016633
41.136	1.7234	849.12	0.0011777	0.64778	0.68874	19.137	17.133	85.541	287.71	0.52791	3.8194e-05	0.052961	0.00058241	167.24	0.0059794	1.4426	1.6506	42.520	17.759	77.212	140.93	6.4864	8.0931e-06	0.016678
41.154	1.7278	848.30	0.0011788	0.64899	0.69009	19.168	17.141	85.849	287.10	0.53144	3.8115e-05	0.052904	0.00057818	167.82	0.0059588	1.4420	1.6498	42.488	17.773	77.596	140.92	6.4758	8.1041e-06	0.016722
41.172	1.7321	847.48	0.0011800	0.65020	0.69144	19.198	17.148	86.159	286.50	0.53498	3.8037e-05	0.052847	0.00057397	168.40	0.0059383	1.4414	1.6490	42.456	17.787	77.983	140.91	6.4652	8.1152e-06	0.016767
41.190	1.7365	846.66	0.0011811	0.65140	0.69279	19.228	17.156	86.473	285.89	0.53854	3.7958e-05	0.052790	0.00056977	168.98	0.0059179	1.4408	1.6482	42.424	17.801	78.374	140.91	6.4546	8.1263e-06	0.016812
41.208	1.7409	845.84	0.0011823	0.65261	0.69414	19.259	17.164	86.789	285.28	0.54212	3.7880e-05	0.052733	0.00056559	169.56	0.0058976	1.4402	1.6474	42.391	17.815	78.769	140.90	6.4440	8.1375e-06	0.016858
41.226	1.7452	845.01	0.0011834	0.65382	0.69550	19.289	17.172	87.107	284.67	0.54571	3.7802e-05	0.052676	0.00056142	170.14	0.0058774	1.4396	1.6466	42.359	17.829	79.167	140.89	6.4334	8.1487e-06	0.016903
41.244	1.7496	844.19	0.0011846	0.65503	0.69685	19.319	17.180	87.429	284.07	0.54932	3.7724e-05	0.052619	0.00055727	170.73	0.0058572	1.4390	1.6458	42.327	17.844	79.569	140.88	6.4227	8.1599e-06	0.016949
41.262	1.7540	843.36	0.0011857	0.65624	0.69820	19.349	17.188	87.753	283.46	0.55295	3.7646e-05	0.052562	0.00055313	171.32	0.0058371	1.4384	1.6450	42.295	17.858	79.975	140.88	6.4121	8.1712e-06	0.016995
41.279	1.7583	842.53	0.0011869	0.65745	0.69956	19.380	17.196	88.081	282.85	0.55660	3.7568e-05	0.052506	0.00054901	171.91	0.0058171	1.4378	1.6442	42.263	17.872	80.385	140.87	6.4015	8.1824e-06	0.017042
41.297	1.7627	841.70	0.0011881	0.65866	0.70091	19.410	17.204	88.411	282.24	0.56026	3.7490e-05	0.052449	0.00054489	172.50	0.0057972	1.4372	1.6434	42.231	17.886	80.800	140.86	6.3909	8.1938e-06	0.017088
41.315	1.7671	840.87	0.0011892	0.65987	0.70227	19.440	17.212	88.745	281.63	0.56394	3.7412e-05	0.052393	0.00054080	173.09	0.0057774	1.4365	1.6425	42.199	17.900	81.218	140.85	6.3802	8.2051e-06	0.017135
41.333	1.7714	840.04	0.0011904	0.66108	0.70363	19.471	17.221	89.081	281.02	0.56764	3.7335e-05	0.052336	0.00053672	173.68	0.0057576	1.4359	1.6417	42.167	17.915	81.640	140.85	6.3696	8.2165e-06	0.017182
41.350	1.7758	839.21	0.0011916	0.66229	0.70499	19.501	17.229	89.421	280.41	0.57136	3.7257e-05	0.052280	0.00053265	174.28	0.0057380	1.4353	1.6409	42.135	17.929	82.066	140.84	6.3590	8.2279e-06	0.017230
41.368	1.7801	838.37	0.0011928	0.66350	0.70635	19.531	17.237	89.763	279.80	0.57510	3.7179e-05	0.052224	0.00052859	174.88	0.0057184	1.4347	1.6401	42.102	17.944	82.497	140.83	6.3483	8.2394e-06	0.017277
41.386	1.7845	837.54	0.0011940	0.66471	0.70771	19.562	17.246	90.109	279.20	0.57885	3.7102e-05	0.052168	0.00052455	175.47	0.0056988	1.4340	1.6392	42.070	17.958	82.932	140.83	6.3377	8.2509e-06	0.017325
41.403	1.7889	836.70	0.0011952	0.66592	0.70907	19.592	17.255	90.459	278.59	0.58262	3.7024e-05	0.052112	0.00052052	176.08	0.0056794	1.4334	1.6384	42.038	17.973	83.372	140.82	6.3270	8.2625e-06	0.017373
41.421	1.7932	835.86	0.0011964	0.66714	0.71043	19.622	17.263	90.811	277.98	0.58641	3.6947e-05	0.052056	0.00051651	176.68	0.0056600	1.4328	1.6376	42.006	17.987	83.816	140.81	6.3164	8.2740e-06	0.017422
41.438	1.7976	835.02	0.0011976	0.66835	0.71179	19.653	17.272	91.167	277.36	0.59022	3.6869e-05	0.052000	0.00051251	177.28	0.0056407	1.4321	1.6367	41.973	18.002	84.264	140.80	6.3057	8.2856e-06	0.017471
41.456	1.8020	834.18	0.0011988	0.66956	0.71315	19.683	17.281	91.527	276.75	0.59405	3.6792e-05	0.051945	0.00050853	177.89	0.0056215	1.4315	1.6359	41.941	18.016	84.717	140.80	6.2951	8.2973e-06	0.017520
41.473	1.8063	833.34	0.0012000	0.67078	0.71452	19.713	17.290	91.889	276.14	0.59790	3.6715e-05	0.051889	0.00050456	178.50	0.0056024	1.4308	1.6350	41.909	18.031	85.175	140.79	6.2844	8.3090e-06	0.017569
41.491	1.8107	832.50	0.0012012	0.67200	0.71589	19.744	17.299	92.256	275.53	0.60177	3.6638e-05	0.051834	0.00050060	179.11	0.0055833	1.4302	1.6342	41.876	18.046	85.637	140.78	6.2737	8.3207e-06	0.017619
41.508	1.8151	831.65	0.0012024	0.67321	0.71725	19.774	17.308	92.626	274.92	0.60566	3.6560e-05	0.051778	0.00049666	179.72	0.0055643	1.4295	1.6333	41.844	18.060	86.104	140.77	6.2630	8.3325e-06	0.017669
41.526	1.8194	830.80	0.0012037	0.67443	0.71862	19.805	17.317	92.999	274.31	0.60956	3.6483e-05	0.051723	0.00049273	180.33	0.0055454	1.4289	1.6325	41.812	18.075	86.576	140.77	6.2524	8.3443e-06	0.017719
41.543	1.8238	829.96	0.0012049	0.67565	0.71999	19.835	17.327	93.377	273.70	0.61349	3.6406e-05	0.051668	0.00048881	180.95	0.0055265	1.4282	1.6316	41.779	18.090	87.053	140.76	6.2417	8.3562e-06	0.017770
41.560	1.8281	829.11	0.0012061	0.67686	0.72136	19.865	17.336	93.758	273.08	0.61744	3.6329e-05	0.051612	0.00048491	181.56	0.0055077	1.4276	1.6308	41.747	18.105	87.536	140.75	6.2310	8.3680e-06	0.017821
41.578	1.8325	828.26	0.0012074	0.67808	0.72273	19.896	17.346	94.143	272.47	0.62141	3.6252e-05	0.051557	0.00048102	182.18	0.0054890	1.4269	1.6299	41.714	18.120	88.023	140.74	6.2203	8.3800e-06	0.017872
41.595	1.8369	827.40	0.0012086	0.67930	0.72410	19.926	17.355	94.531	271.86	0.62539	3.6175e-05	0.051503	0.00047715	182.80	0.0054703	1.4263	1.6290	41.682	18.135	88.515	140.74	6.2096	8.3920e-06	0.017923
41.612	1.8412	826.55	0.0012098	0.68052	0.72547	19.957	17.365	94.924	271.24	0.62940	3.6099e-05	0.051448	0.00047329	183.43	0.0054517	1.4256	1.6281	41.649	18.150	89.013	140.73	6.1988	8.4040e-06	0.017975
41.629	1.8456	825.69	0.0012111	0.68174	0.72685	19.987	17.374	95.321	270.63	0.63343	3.6022e-05	0.051393	0.00046944	184.05	0.0054332	1.4249	1.6273	41.617	18.165	89.516	140.72	6.1881	8.4160e-06	0.018027
41.647	1.8500	824.84	0.0012124	0.68297	0.72822	20.018	17.384	95.721	270.02	0.63748	3.5945e-05	0.051338	0.00046560	184.68	0.0054148	1.4243	1.6264	41.584	18.180	90.025	140.71	6.1774	8.4281e-06	0.018080
41.664	1.8543	823.98	0.0012136	0.68419	0.72960	20.048	17.394	96.126	269.40	0.64156	3.5868e-05	0.051284	0.00046178	185.31	0.0053964	1.4236	1.6255	41.551	18.195	90.539	140.71	6.1667	8.4403e-06	0.018133
41.681	1.8587	823.12	0.0012149	0.68541	0.73098	20.079	17.404	96.535	268.79	0.64565	3.5791e-05	0.051230	0.00045798	185.94	0.0053781	1.4229	1.6246	41.519	18.210	91.059	140.70	6.1559	8.4525e-06	0.018186
41.698	1.8631	822.26	0.0012162	0.68664	0.73236	20.109	17.414	96.949	268.17	0.64976	3.5715e-05	0.051175	0.00045418	186.57	0.0053598	1.4222	1.6237	41.486	18.225	91.584	140.69	6.1452	8.4647e-06	0.018239
41.715	1.8674	821.39	0.0012174	0.68786	0.73374	20.140	17.424	97.367	267.56	0.65390	3.5638e-05	0.051121	0.00045041	187.21	0.0053417	1.4215	1.6228	41.453	18.241	92.115	140.68	6.1344	8.4770e-06	0.018293
41.732	1.8718	820.53	0.0012187	0.68909	0.73512	20.170	17.435	97.789	266.94	0.65806	3.5562e-05	0.051067	0.00044664	187.84	0.0053235	1.4209	1.6219	41.420	18.256	92.653	140.68	6.1236	8.4893e-06	0.018348
41.749	1.8761	819.66	0.0012200	0.69032	0.73650	20.201	17.445	98.216	266.33	0.66224	3.5485e-05	0.051013	0.00044289	188.48	0.0053055	1.4202	1.6210	41.388	18.271	93.196	140.67	6.1129	8.5017e-06	0.018402
41.766	1.8805	818.79	0.0012213	0.69154	0.73789	20.231	17.455	98.647	265.71	0.66645	3.5408e-05	0.050959	0.00043915	189.13	0.0052875	1.4195	1.6201	41.355	18.287	93.746	140.66	6.1021	8.5141e-06	0.018457
41.783	1.8849	817.92	0.0012226	0.69277	0.73927	20.262	17.466	99.083	265.09	0.67068	3.5332e-05	0.050905	0.00043542	189.77	0.0052696	1.4188	1.6192	41.322	18.302	94.301	140.65	6.0913	8.5265e-06	0.018512
41.800	1.8892	817.05	0.0012239	0.69400	0.74066	20.293	17.477	99.524	264.48	0.67493	3.5255e-05	0.050852	0.00043171	190.41	0.0052517	1.4181	1.6183	41.289	18.318	94.864	140.64	6.0805	8.5390e-06	0.018568
41.817	1.8936	816.17	0.0012252	0.69523	0.74205	20.323	17.487	99.969	263.86	0.67920	3.5179e-05	0.050798	0.00042801	191.06	0.0052339	1.4174	1.6174	41.256	18.333	95.432	140.64	6.0697	8.5516e-06	0.018624
41.834	1.8980	815.30	0.0012265	0.69647	0.74344	20.354	17.498	100.42	263.24	0.68350	3.5102e-05	0.050745	0.00042433	191.71	0.0052162	1.4167	1.6165	41.223	18.349	96.007	140.63	6.0589	8.5642e-06	0.018680
41.850	1.9023	814.42	0.0012279	0.69770	0.74483	20.385	17.509	100.87	262.62	0.68782	3.5026e-05	0.050692	0.00042065	192.36	0.0051985	1.4160	1.6155	41.190	18.365	96.589	140.62	6.0480	8.5769e-06	0.018737
41.867	1.9067	813.54	0.0012292	0.69893	0.74623	20.415	17.520	101.34	262.01	0.69217	3.4949e-05	0.050638	0.00041700	193.02	0.0051809	1.4153	1.6146	41.157	18.380	97.178	140.61	6.0372	8.5896e-06	0.018794
41.884	1.9111	812.66	0.0012305	0.70017	0.74762	20.446	17.531	101.80	261.39	0.69654	3.4873e-05	0.050585	0.00041335	193.68	0.0051633	1.4146	1.6137	41.124	18.396	97.774	140.61	6.0263	8.6023e-06	0.018852
41.901	1.9154	811.78	0.0012319	0.70140	0.74902	20.477	17.542	102.27	260.77	0.70093	3.4797e-05	0.050532	0.00040972	194.33	0.0051458	1.4139	1.6127	41.090	18.412	98.376	140.60	6.0155	8.6151e-06	0.018910
41.917	1.9198	810.89	0.0012332	0.70264	0.75041	20.507	17.554	102.75	260.15	0.70535	3.4720e-05	0.050480	0.00040610	195.00	0.0051283	1.4131	1.6118	41.057	18.428	98.986	140.59	6.0046	8.6280e-06	0.018968
41.934	1.9241	810.01	0.0012346	0.70388	0.75181	20.538	17.565	103.23	259.53	0.70979	3.4644e-05	0.050427	0.00040250	195.66	0.0051109	1.4124	1.6109	41.024	18.444	99.604	140.58	5.9937	8.6409e-06	0.019027
41.951	1.9285	809.12	0.0012359	0.70512	0.75322	20.569	17.576	103.72	258.91	0.71426	3.4567e-05	0.050374	0.00039890	196.32	0.0050936	1.4117	1.6099	40.991	18.460	100.23	140.58	5.9829	8.6539e-06	0.019086
41.967	1.9329	808.23	0.0012373	0.70636	0.75462	20.600	17.588	104.21	258.29	0.71876	3.4491e-05	0.050322	0.00039532	196.99	0.0050763	1.4110	1.6090	40.957	18.476	100.86	140.57	5.9720	8.6669e-06	0.019145
41.984	1.9372	807.33	0.0012386	0.70760	0.75602	20.631	17.600	104.71	257.67	0.72328	3.4415e-05	0.050270	0.00039176	197.66	0.0050591	1.4102	1.6080	40.924	18.492	101.50	140.56	5.9611	8.6799e-06	0.019205
42.000	1.9416	806.44	0.0012400	0.70885	0.75743	20.662	17.611	105.21	257.05	0.72782	3.4338e-05	0.050218	0.00038821	198.34	0.0050420	1.4095	1.6071	40.891	18.508	102.15	140.55	5.9501	8.6931e-06	0.019266
42.017	1.9460	805.54	0.0012414	0.71009	0.75884	20.693	17.623	105.73	256.42	0.73240	3.4262e-05	0.050165	0.00038467	199.01	0.0050248	1.4088	1.6061	40.857	18.525	102.80	140.55	5.9392	8.7062e-06	0.019327
42.033	1.9503	804.64	0.0012428	0.71134	0.76025	20.723	17.635	106.24	255.80	0.73700	3.4186e-05	0.050114	0.00038114	199.69	0.0050078	1.4080	1.6051	40.823	18.541	103.47	140.54	5.9283	8.7195e-06	0.019388
42.050	1.9547	803.74	0.0012442	0.71258	0.76166	20.754	17.647	106.77	255.18	0.74162	3.4109e-05	0.050062	0.00037763	200.37	0.0049908	1.4073	1.6041	40.790	18.557	104.14	140.53	5.9173	8.7328e-06	0.019450
42.066	1.9591	802.84	0.0012456	0.71383	0.76307	20.785	17.660	107.29	254.56	0.74628	3.4033e-05	0.050010	0.00037413	201.05	0.0049738	1.4065	1.6032	40.756	18.574	104.82	140.52	5.9063	8.7461e-06	0.019512
42.083	1.9634	801.94	0.0012470	0.71508	0.76449	20.816	17.672	107.83	253.93	0.75096	3.3957e-05	0.049959	0.00037064	201.74	0.0049569	1.4058	1.6022	40.723	18.590	105.51	140.51	5.8954	8.7595e-06	0.019574
42.099	1.9678	801.03	0.0012484	0.71633	0.76590	20.848	17.684	108.37	253.31	0.75567	3.3880e-05	0.049907	0.00036717	202.42	0.0049401	1.4050	1.6012	40.689	18.607	106.21	140.51	5.8844	8.7730e-06	0.019637
42.116	1.9722	800.12	0.0012498	0.71759	0.76732	20.879	17.697	108.92	252.68	0.76041	3.3804e-05	0.049856	0.00036371	203.12	0.0049233	1.4043	1.6002	40.655	18.623	106.92	140.50	5.8734	8.7865e-06	0.019701
42.132	1.9765	799.21	0.0012512	0.71884	0.76874	20.910	17.710	109.48	252.06	0.76517	3.3728e-05	0.049805	0.00036026	203.81	0.0049066	1.4035	1.5992	40.621	18.640	107.63	140.49	5.8623	8.8001e-06	0.019765
42.148	1.9809	798.29	0.0012527	0.72010	0.77017	20.941	17.722	110.04	251.44	0.76997	3.3651e-05	0.049754	0.00035683	204.50	0.0048899	1.4028	1.5982	40.587	18.657	108.36	140.48	5.8513	8.8137e-06	0.019830
42.165	1.9852	797.38	0.0012541	0.72135	0.77159	20.972	17.735	110.61	250.81	0.77479	3.3575e-05	0.049704	0.00035341	205.20	0.0048732	1.4020	1.5972	40.553	18.673	109.10	140.48	5.8403	8.8274e-06	0.019895
42.181	1.9896	796.46	0.0012556	0.72261	0.77302	21.003	17.748	111.19	250.18	0.77964	3.3498e-05	0.049653	0.00035000	205.90	0.0048567	1.4012	1.5962	40.519	18.690	109.84	140.47	5.8292	8.8412e-06	0.019960
42.197	1.9940	795.54	0.0012570	0.72387	0.77445	21.035	17.761	111.78	249.56	0.78453	3.3422e-05	0.049603	0.00034661	206.61	0.0048401	1.4005	1.5952	40.485	18.707	110.60	140.46	5.8181	8.8550e-06	0.020026
42.213	1.9983	794.61	0.0012585	0.72513	0.77588	21.066	17.774	112.37	248.93	0.78944	3.3345e-05	0.049552	0.00034323	207.31	0.0048236	1.3997	1.5942	40.451	18.724	111.36	140.45	5.8070	8.8689e-06	0.020093
42.229	2.0027	793.69	0.0012599	0.72640	0.77732	21.097	17.788	112.97	248.30	0.79438	3.3269e-05	0.049502	0.00033986	208.02	0.0048072	1.3989	1.5932	40.417	18.741	112.14	140.44	5.7959	8.8829e-06	0.020160
42.246	2.0071	792.76	0.0012614	0.72766	0.77875	21.129	17.801	113.58	247.67	0.79936	3.3192e-05	0.049452	0.00033650	208.73	0.0047908	1.3981	1.5921	40.382	18.758	112.92	140.44	5.7848	8.8969e-06	0.020227
42.262	2.0114	791.83	0.0012629	0.72893	0.78019	21.160	17.815	114.19	247.05	0.80436	3.3116e-05	0.049403	0.00033316	209.45	0.0047744	1.3973	1.5911	40.348	18.775	113.72	140.43	5.7737	8.9110e-06	0.020296
42.278	2.0158	790.90	0.0012644	0.73020	0.78163	21.191	17.828	114.82	246.42	0.80940	3.3039e-05	0.049353	0.00032983	210.17	0.0047581	1.3965	1.5901	40.314	18.793	114.53	140.42	5.7625	8.9252e-06	0.020364
42.294	2.0202	789.96	0.0012659	0.73147	0.78307	21.223	17.842	115.45	245.79	0.81447	3.2963e-05	0.049304	0.00032652	210.89	0.0047419	1.3957	1.5890	40.279	18.810	115.35	140.41	5.7514	8.9394e-06	0.020433
42.310	2.0245	789.02	0.0012674	0.73274	0.78452	21.254	17.856	116.09	245.16	0.81957	3.2886e-05	0.049254	0.00032321	211.61	0.0047257	1.3949	1.5880	40.245	18.827	116.18	140.40	5.7402	8.9537e-06	0.020503
42.326	2.0289	788.08	0.0012689	0.73402	0.78597	21.286	17.870	116.74	244.53	0.82470	3.2809e-05	0.049206	0.00031992	212.34	0.0047095	1.3941	1.5869	40.210	18.845	117.02	140.40	5.7290	8.9680e-06	0.020574
42.342	2.0332	787.14	0.0012704	0.73529	0.78742	21.318	17.884	117.40	243.90	0.82986	3.2733e-05	0.049157	0.00031665	213.07	0.0046934	1.3933	1.5859	40.175	18.862	117.88	140.39	5.7178	8.9825e-06	0.020645
42.358	2.0376	786.19	0.0012720	0.73657	0.78887	21.349	17.899	118.07	243.27	0.83506	3.2656e-05	0.049108	0.00031338	213.80	0.0046773	1.3925	1.5848	40.141	18.880	118.74	140.38	5.7066	8.9970e-06	0.020716
42.374	2.0420	785.24	0.0012735	0.73785	0.79032	21.381	17.913	118.75	242.63	0.84029	3.2579e-05	0.049060	0.00031013	214.53	0.0046613	1.3917	1.5838	40.106	18.897	119.62	140.37	5.6953	9.0116e-06	0.020788
42.390	2.0463	784.29	0.0012750	0.73913	0.79178	21.413	17.928	119.44	242.00	0.84556	3.2502e-05	0.049012	0.00030689	215.27	0.0046453	1.3909	1.5827	40.071	18.915	120.51	140.36	5.6840	9.0262e-06	0.020861
42.406	2.0507	783.34	0.0012766	0.74042	0.79324	21.445	17.942	120.13	241.37	0.85086	3.2426e-05	0.048964	0.00030367	216.01	0.0046293	1.3901	1.5816	40.036	18.933	121.42	140.36	5.6727	9.0409e-06	0.020934
42.422	2.0551	782.38	0.0012782	0.74170	0.79471	21.476	17.957	120.84	240.74	0.85620	3.2349e-05	0.048916	0.00030046	216.76	0.0046134	1.3892	1.5805	40.001	18.951	122.34	140.35	5.6614	9.0557e-06	0.021008
42.437	2.0594	781.42	0.0012797	0.74299	0.79617	21.508	17.972	121.56	240.10	0.86157	3.2272e-05	0.048868	0.00029726	217.51	0.0045976	1.3884	1.5795	39.966	18.969	123.27	140.34	5.6501	9.0706e-06	0.021083
42.453	2.0638	780.46	0.0012813	0.74428	0.79764	21.540	17.987	122.29	239.47	0.86697	3.2195e-05	0.048821	0.00029407	218.26	0.0045817	1.3876	1.5784	39.930	18.987	124.22	140.33	5.6388	9.0856e-06	0.021158
42.469	2.0682	779.49	0.0012829	0.74557	0.79911	21.572	18.002	123.03	238.83	0.87242	3.2118e-05	0.048774	0.00029090	219.01	0.0045659	1.3867	1.5773	39.895	19.005	125.18	140.32	5.6274	9.1006e-06	0.021234
42.485	2.0725	778.52	0.0012845	0.74687	0.80058	21.604	18.018	123.78	238.20	0.87790	3.2041e-05	0.048727	0.00028774	219.77	0.0045502	1.3859	1.5762	39.860	19.023	126.15	140.32	5.6160	9.1157e-06	0.021311
42.500	2.0769	777.55	0.0012861	0.74816	0.80206	21.636	18.033	124.54	237.56	0.88341	3.1963e-05	0.048681	0.00028459	220.53	0.0045345	1.3850	1.5751	39.824	19.041	127.14	140.31	5.6046	9.1309e-06	0.021388
42.516	2.0812	776.57	0.0012877	0.74946	0.80354	21.669	18.049	125.31	236.92	0.88897	3.1886e-05	0.048634	0.00028146	221.30	0.0045188	1.3842	1.5739	39.789	19.060	128.15	140.30	5.5932	9.1462e-06	0.021466
42.532	2.0856	775.60	0.0012893	0.75076	0.80502	21.701	18.064	126.09	236.29	0.89456	3.1809e-05	0.048588	0.00027834	222.06	0.0045032	1.3833	1.5728	39.753	19.078	129.17	140.29	5.5818	9.1615e-06	0.021545
42.548	2.0900	774.61	0.0012910	0.75207	0.80651	21.733	18.080	126.89	235.65	0.90019	3.1732e-05	0.048542	0.00027523	222.84	0.0044876	1.3824	1.5717	39.717	19.097	130.20	140.28	5.5703	9.1770e-06	0.021624
42.563	2.0943	773.63	0.0012926	0.75337	0.80800	21.765	18.096	127.70	235.01	0.90586	3.1654e-05	0.048497	0.00027214	223.61	0.0044720	1.3816	1.5706	39.681	19.115	131.25	140.27	5.5588	9.1925e-06	0.021704
42.579	2.0987	772.64	0.0012943	0.75468	0.80949	21.798	18.112	128.52	234.37	0.91156	3.1577e-05	0.048452	0.00026906	224.39	0.0044565	1.3807	1.5694	39.646	19.134	132.32	140.27	5.5473	9.2081e-06	0.021785
42.594	2.1031	771.65	0.0012959	0.75599	0.81099	21.830	18.129	129.35	233.73	0.91731	3.1499e-05	0.048407	0.00026599	225.17	0.0044410	1.3798	1.5683	39.610	19.153	133.41	140.26	5.5358	9.2238e-06	0.021866
42.610	2.1074	770.66	0.0012976	0.75731	0.81249	21.863	18.145	130.20	233.09	0.92310	3.1421e-05	0.048362	0.00026293	225.96	0.0044256	1.3789	1.5671	39.573	19.172	134.52	140.25	5.5242	9.2396e-06	0.021949
42.626	2.1118	769.66	0.0012993	0.75862	0.81399	21.895	18.162	131.06	232.45	0.92893	3.1344e-05	0.048318	0.00025989	226.75	0.0044102	1.3781	1.5660	39.537	19.191	135.64	140.24	5.5126	9.2555e-06	0.022032
42.641	2.1162	768.66	0.0013010	0.75994	0.81549	21.928	18.179	131.94	231.81	0.93480	3.1266e-05	0.048274	0.00025686	227.54	0.0043948	1.3772	1.5648	39.501	19.210	136.78	140.23	5.5010	9.2715e-06	0.022116
42.657	2.1205	767.65	0.0013027	0.76126	0.81700	21.961	18.196	132.83	231.17	0.94071	3.1188e-05	0.048230	0.00025384	228.34	0.0043795	1.3763	1.5637	39.465	19.229	137.94	140.22	5.4894	9.2876e-06	0.022201
42.672	2.1249	766.65	0.0013044	0.76259	0.81852	21.993	18.213	133.73	230.53	0.94666	3.1110e-05	0.048187	0.00025084	229.14	0.0043641	1.3754	1.5625	39.428	19.248	139.12	140.22	5.4777	9.3037e-06	0.022286
42.687	2.1292	765.63	0.0013061	0.76391	0.82003	22.026	18.230	134.65	229.88	0.95266	3.1032e-05	0.048144	0.00024785	229.95	0.0043489	1.3745	1.5613	39.391	19.267	140.32	140.21	5.4661	9.3200e-06	0.022373
42.703	2.1336	764.62	0.0013078	0.76524	0.82155	22.059	18.247	135.58	229.24	0.95870	3.0954e-05	0.048101	0.00024487	230.75	0.0043336	1.3735	1.5601	39.355	19.287	141.54	140.20	5.4543	9.3363e-06	0.022460
42.718	2.1380	763.60	0.0013096	0.76658	0.82307	22.092	18.265	136.53	228.59	0.96479	3.0876e-05	0.048059	0.00024191	231.57	0.0043184	1.3726	1.5589	39.318	19.306	142.78	140.19	5.4426	9.3528e-06	0.022548
42.734	2.1423	762.58	0.0013113	0.76791	0.82460	22.125	18.282	137.50	227.95	0.97092	3.0797e-05	0.048017	0.00023896	232.38	0.0043032	1.3717	1.5577	39.281	19.326	144.04	140.18	5.4308	9.3693e-06	0.022637
42.749	2.1467	761.55	0.0013131	0.76925	0.82613	22.158	18.300	138.48	227.30	0.97709	3.0719e-05	0.047975	0.00023602	233.21	0.0042880	1.3708	1.5565	39.244	19.346	145.32	140.17	5.4191	9.3860e-06	0.022727
42.764	2.1511	760.52	0.0013149	0.77059	0.82767	22.191	18.318	139.48	226.66	0.98331	3.0640e-05	0.047934	0.00023310	234.03	0.0042729	1.3699	1.5553	39.207	19.365	146.63	140.16	5.4072	9.4028e-06	0.022818
42.780	2.1554	759.48	0.0013167	0.77194	0.82921	22.225	18.336	140.50	226.01	0.98958	3.0562e-05	0.047893	0.00023019	234.86	0.0042578	1.3689	1.5541	39.170	19.385	147.96	140.15	5.3954	9.4196e-06	0.022910
42.795	2.1598	758.44	0.0013185	0.77329	0.83075	22.258	18.355	141.54	225.36	0.99589	3.0483e-05	0.047853	0.00022729	235.70	0.0042428	1.3680	1.5529	39.132	19.405	149.31	140.15	5.3835	9.4366e-06	0.023003
42.810	2.1642	757.40	0.0013203	0.77464	0.83230	22.291	18.373	142.59	224.71	1.0023	3.0404e-05	0.047813	0.00022440	236.53	0.0042277	1.3670	1.5516	39.095	19.425	150.69	140.14	5.3716	9.4537e-06	0.023097
42.825	2.1685	756.35	0.0013221	0.77599	0.83385	22.325	18.392	143.67	224.07	1.0087	3.0325e-05	0.047773	0.00022153	237.38	0.0042127	1.3661	1.5504	39.057	19.446	152.09	140.13	5.3597	9.4709e-06	0.023191
42.841	2.1729	755.30	0.0013240	0.77735	0.83540	22.358	18.411	144.76	223.42	1.0151	3.0246e-05	0.047734	0.00021867	238.23	0.0041977	1.3651	1.5492	39.019	19.466	153.52	140.12	5.3477	9.4882e-06	0.023287
42.856	2.1772	754.25	0.0013258	0.77871	0.83696	22.392	18.430	145.87	222.77	1.0216	3.0167e-05	0.047696	0.00021583	239.08	0.0041827	1.3641	1.5479	38.981	19.486	154.98	140.11	5.3357	9.5056e-06	0.023384
42.871	2.1816	753.19	0.0013277	0.78008	0.83853	22.426	18.449	147.01	222.11	1.0282	3.0087e-05	0.047658	0.00021300	239.93	0.0041678	1.3632	1.5466	38.943	19.507	156.46	140.10	5.3237	9.5231e-06	0.023482
42.886	2.1860	752.12	0.0013296	0.78145	0.84009	22.460	18.469	148.16	221.46	1.0348	3.0008e-05	0.047620	0.00021018	240.80	0.0041529	1.3622	1.5454	38.905	19.528	157.97	140.09	5.3116	9.5408e-06	0.023581
42.901	2.1903	751.06	0.0013315	0.78282	0.84167	22.494	18.488	149.34	220.81	1.0415	2.9928e-05	0.047583	0.00020737	241.66	0.0041380	1.3612	1.5441	38.867	19.548	159.51	140.08	5.2995	9.5586e-06	0.023681
42.916	2.1947	749.98	0.0013334	0.78419	0.84324	22.528	18.508	150.54	220.16	1.0482	2.9848e-05	0.047546	0.00020458	242.53	0.0041231	1.3602	1.5428	38.828	19.569	161.08	140.07	5.2874	9.5765e-06	0.023782
42.931	2.1991	748.90	0.0013353	0.78557	0.84483	22.562	18.528	151.76	219.50	1.0549	2.9769e-05	0.047510	0.00020180	243.41	0.0041083	1.3592	1.5415	38.790	19.590	162.68	140.06	5.2752	9.5945e-06	0.023884
42.946	2.2034	747.82	0.0013372	0.78696	0.84641	22.596	18.548	153.01	218.85	1.0618	2.9689e-05	0.047475	0.00019904	244.29	0.0040935	1.3582	1.5402	38.751	19.611	164.32	140.06	5.2630	9.6126e-06	0.023988
42.961	2.2078	746.73	0.0013392	0.78835	0.84801	22.630	18.568	154.28	218.19	1.0686	2.9608e-05	0.047440	0.00019628	245.18	0.0040787	1.3572	1.5389	38.712	19.632	165.98	140.05	5.2508	9.6309e-06	0.024093
42.976	2.2122	745.64	0.0013411	0.78974	0.84960	22.665	18.589	155.58	217.54	1.0756	2.9528e-05	0.047405	0.00019355	246.07	0.0040639	1.3562	1.5376	38.673	19.654	167.68	140.04	5.2385	9.6493e-06	0.024199
42.991	2.2165	744.54	0.0013431	0.79113	0.85121	22.699	18.610	156.91	216.88	1.0826	2.9447e-05	0.047372	0.00019082	246.97	0.0040491	1.3552	1.5363	38.634	19.675	169.41	140.03	5.2262	9.6679e-06	0.024306
43.006	2.2209	743.44	0.0013451	0.79253	0.85281	22.734	18.630	158.26	216.22	1.0896	2.9367e-05	0.047339	0.00018811	247.87	0.0040344	1.3541	1.5349	38.595	19.697	171.18	140.02	5.2138	9.6866e-06	0.024414
43.021	2.2253	742.33	0.0013471	0.79394	0.85443	22.769	18.652	159.64	215.56	1.0967	2.9286e-05	0.047306	0.00018541	248.78	0.0040197	1.3531	1.5336	38.555	19.719	172.99	140.01	5.2014	9.7054e-06	0.024524
43.036	2.2296	741.22	0.0013491	0.79535	0.85605	22.804	18.673	161.05	214.91	1.1039	2.9205e-05	0.047275	0.00018273	249.69	0.0040050	1.3520	1.5322	38.516	19.740	174.83	140.00	5.1890	9.7243e-06	0.024636
43.051	2.2340	740.10	0.0013512	0.79676	0.85767	22.839	18.694	162.48	214.25	1.1111	2.9124e-05	0.047244	0.00018005	250.61	0.0039903	1.3510	1.5309	38.476	19.762	176.71	139.99	5.1765	9.7434e-06	0.024748
43.066	2.2383	738.98	0.0013532	0.79818	0.85930	22.874	18.716	163.95	213.58	1.1184	2.9043e-05	0.047213	0.00017740	251.53	0.0039756	1.3499	1.5295	38.436	19.785	178.63	139.98	5.1640	9.7627e-06	0.024862
43.081	2.2427	737.85	0.0013553	0.79960	0.86094	22.909	18.738	165.45	212.92	1.1257	2.8961e-05	0.047184	0.00017475	252.46	0.0039610	1.3489	1.5281	38.396	19.807	180.59	139.97	5.1515	9.7821e-06	0.024978
43.095	2.2471	736.72	0.0013574	0.80103	0.86258	22.944	18.760	166.99	212.26	1.1331	2.8879e-05	0.047155	0.00017212	253.40	0.0039463	1.3478	1.5267	38.355	19.829	182.60	139.96	5.1389	9.8016e-06	0.025094
43.110	2.2514	735.58	0.0013595	0.80246	0.86422	22.980	18.783	168.55	211.60	1.1406	2.8797e-05	0.047127	0.00016951	254.34	0.0039317	1.3467	1.5253	38.315	19.852	184.65	139.95	5.1262	9.8213e-06	0.025213
43.125	2.2558	734.43	0.0013616	0.80390	0.86588	23.015	18.805	170.15	210.93	1.1482	2.8715e-05	0.047100	0.00016690	255.29	0.0039171	1.3456	1.5239	38.274	19.874	186.75	139.94	5.1135	9.8412e-06	0.025333
43.140	2.2602	733.28	0.0013637	0.80534	0.86754	23.051	18.828	171.79	210.27	1.1558	2.8633e-05	0.047073	0.00016431	256.25	0.0039025	1.3445	1.5225	38.233	19.897	188.89	139.93	5.1008	9.8612e-06	0.025455
43.154	2.2645	732.12	0.0013659	0.80679	0.86920	23.087	18.851	173.47	209.60	1.1634	2.8550e-05	0.047048	0.00016174	257.21	0.0038879	1.3434	1.5211	38.192	19.920	191.08	139.92	5.0880	9.8814e-06	0.025578
43.169	2.2689	730.95	0.0013681	0.80824	0.87088	23.123	18.875	175.18	208.93	1.1712	2.8468e-05	0.047024	0.00015918	258.18	0.0038733	1.3423	1.5196	38.151	19.943	193.33	139.91	5.0751	9.9018e-06	0.025703
43.184	2.2733	729.78	0.0013703	0.80970	0.87256	23.159	18.898	176.94	208.27	1.1790	2.8385e-05	0.047000	0.00015663	259.15	0.0038588	1.3412	1.5182	38.110	19.966	195.62	139.90	5.0622	9.9223e-06	0.025829
43.198	2.2776	728.60	0.0013725	0.81116	0.87424	23.195	18.922	178.74	207.60	1.1868	2.8302e-05	0.046977	0.00015409	260.13	0.0038442	1.3401	1.5167	38.068	19.990	197.97	139.89	5.0493	9.9430e-06	0.025958
43.213	2.2820	727.42	0.0013747	0.81263	0.87594	23.231	18.946	180.58	206.93	1.1948	2.8218e-05	0.046956	0.00015157	261.12	0.0038297	1.3389	1.5153	38.026	20.013	200.38	139.88	5.0363	9.9639e-06	0.026088
43.228	2.2863	726.23	0.0013770	0.81411	0.87764	23.268	18.970	182.46	206.26	1.2028	2.8135e-05	0.046935	0.00014907	262.11	0.0038151	1.3378	1.5138	37.984	20.037	202.84	139.87	5.0233	9.9849e-06	0.026220
43.242	2.2907	725.03	0.0013793	0.81559	0.87935	23.305	18.995	184.39	205.59	1.2109	2.8051e-05	0.046916	0.00014657	263.12	0.0038006	1.3366	1.5123	37.942	20.061	205.37	139.86	5.0102	1.0006e-05	0.026354
43.257	2.2951	723.83	0.0013815	0.81708	0.88106	23.342	19.019	186.37	204.91	1.2191	2.7967e-05	0.046897	0.00014410	264.13	0.0037861	1.3354	1.5108	37.899	20.085	207.96	139.85	4.9970	1.0028e-05	0.026490
43.271	2.2994	722.61	0.0013839	0.81857	0.88278	23.379	19.045	188.40	204.24	1.2273	2.7882e-05	0.046880	0.00014163	265.14	0.0037715	1.3343	1.5093	37.857	20.109	210.61	139.84	4.9838	1.0049e-05	0.026628
43.286	2.3038	721.39	0.0013862	0.82007	0.88451	23.416	19.070	190.48	203.57	1.2356	2.7798e-05	0.046864	0.00013918	266.17	0.0037570	1.3331	1.5077	37.814	20.134	213.33	139.82	4.9705	1.0071e-05	0.026768
43.300	2.3082	720.17	0.0013886	0.82158	0.88625	23.453	19.095	192.62	202.89	1.2440	2.7713e-05	0.046849	0.00013675	267.20	0.0037425	1.3319	1.5062	37.770	20.158	216.12	139.81	4.9572	1.0093e-05	0.026910
43.315	2.3125	718.93	0.0013910	0.82309	0.88800	23.491	19.121	194.81	202.21	1.2525	2.7628e-05	0.046836	0.00013432	268.24	0.0037280	1.3307	1.5046	37.727	20.183	218.98	139.80	4.9438	1.0115e-05	0.027054
43.329	2.3169	717.69	0.0013934	0.82461	0.88976	23.528	19.147	197.06	201.54	1.2611	2.7542e-05	0.046823	0.00013192	269.29	0.0037135	1.3295	1.5031	37.683	20.208	221.92	139.79	4.9303	1.0138e-05	0.027201
43.344	2.3213	716.44	0.0013958	0.82614	0.89152	23.566	19.174	199.37	200.86	1.2697	2.7456e-05	0.046813	0.00012952	270.35	0.0036989	1.3282	1.5015	37.639	20.233	224.93	139.78	4.9168	1.0160e-05	0.027350
43.358	2.3256	715.18	0.0013982	0.82768	0.89329	23.604	19.200	201.75	200.18	1.2785	2.7370e-05	0.046803	0.00012715	271.41	0.0036844	1.3270	1.4999	37.595	20.258	228.03	139.77	4.9032	1.0183e-05	0.027501
43.372	2.3300	713.91	0.0014007	0.82922	0.89508	23.642	19.227	204.19	199.50	1.2873	2.7284e-05	0.046795	0.00012478	272.49	0.0036699	1.3258	1.4983	37.551	20.284	231.21	139.76	4.8895	1.0207e-05	0.027655
43.387	2.3343	712.64	0.0014032	0.83077	0.89687	23.681	19.255	206.70	198.82	1.2962	2.7197e-05	0.046789	0.00012243	273.57	0.0036554	1.3245	1.4967	37.506	20.310	234.49	139.74	4.8758	1.0230e-05	0.027811
43.401	2.3387	711.35	0.0014058	0.83232	0.89867	23.720	19.282	209.28	198.13	1.3052	2.7110e-05	0.046784	0.00012010	274.66	0.0036408	1.3232	1.4951	37.461	20.336	237.85	139.73	4.8620	1.0253e-05	0.027970
43.415	2.3431	710.06	0.0014083	0.83389	0.90048	23.758	19.310	211.93	197.45	1.3143	2.7023e-05	0.046781	0.00011778	275.76	0.0036263	1.3220	1.4934	37.416	20.362	241.31	139.72	4.8481	1.0277e-05	0.028131
43.430	2.3474	708.76	0.0014109	0.83546	0.90230	23.797	19.338	214.67	196.77	1.3235	2.6935e-05	0.046780	0.00011547	276.88	0.0036117	1.3207	1.4917	37.370	20.388	244.87	139.71	4.8342	1.0301e-05	0.028296
43.444	2.3518	707.45	0.0014135	0.83705	0.90413	23.837	19.367	217.48	196.08	1.3327	2.6847e-05	0.046780	0.00011318	278.00	0.0035972	1.3194	1.4901	37.324	20.415	248.54	139.70	4.8202	1.0326e-05	0.028463
43.458	2.3562	706.13	0.0014162	0.83864	0.90597	23.876	19.396	220.38	195.39	1.3421	2.6759e-05	0.046782	0.00011091	279.13	0.0035826	1.3180	1.4884	37.278	20.441	252.31	139.68	4.8061	1.0350e-05	0.028633
43.472	2.3605	704.79	0.0014189	0.84024	0.90782	23.916	19.425	223.37	194.70	1.3516	2.6670e-05	0.046787	0.00010864	280.27	0.0035680	1.3167	1.4867	37.231	20.468	256.20	139.67	4.7919	1.0375e-05	0.028807
43.487	2.3649	703.45	0.0014216	0.84185	0.90968	23.956	19.454	226.46	194.01	1.3611	2.6581e-05	0.046793	0.00010640	281.42	0.0035534	1.3154	1.4849	37.184	20.495	260.21	139.66	4.7776	1.0400e-05	0.028983
43.501	2.3693	702.10	0.0014243	0.84346	0.91156	23.996	19.484	229.64	193.32	1.3708	2.6492e-05	0.046801	0.00010417	282.58	0.0035388	1.3140	1.4832	37.137	20.523	264.34	139.65	4.7632	1.0426e-05	0.029163
43.515	2.3736	700.74	0.0014271	0.84509	0.91344	24.037	19.514	232.92	192.63	1.3806	2.6402e-05	0.046811	0.00010195	283.75	0.0035242	1.3126	1.4814	37.090	20.550	268.61	139.63	4.7488	1.0452e-05	0.029346
43.529	2.3780	699.36	0.0014299	0.84673	0.91534	24.077	19.545	236.31	191.94	1.3905	2.6312e-05	0.046824	9.9753e-05	284.94	0.0035095	1.3113	1.4797	37.042	20.578	273.01	139.62	4.7343	1.0478e-05	0.029533
43.543	2.3823	697.98	0.0014327	0.84838	0.91725	24.118	19.576	239.82	191.24	1.4005	2.6221e-05	0.046839	9.7568e-05	286.13	0.0034949	1.3099	1.4779	36.994	20.607	277.56	139.61	4.7196	1.0504e-05	0.029723
43.557	2.3867	696.58	0.0014356	0.85004	0.91918	24.160	19.607	243.44	190.54	1.4106	2.6130e-05	0.046856	9.5399e-05	287.34	0.0034802	1.3085	1.4761	36.945	20.635	282.26	139.59	4.7049	1.0531e-05	0.029917
43.571	2.3911	695.17	0.0014385	0.85171	0.92111	24.201	19.639	247.19	189.85	1.4208	2.6038e-05	0.046876	9.3245e-05	288.56	0.0034655	1.3070	1.4742	36.896	20.664	287.11	139.58	4.6901	1.0558e-05	0.030115
43.585	2.3954	693.75	0.0014414	0.85339	0.92306	24.243	19.671	251.07	189.15	1.4311	2.5946e-05	0.046898	9.1107e-05	289.79	0.0034507	1.3056	1.4724	36.846	20.692	292.14	139.57	4.6752	1.0585e-05	0.030318
43.599	2.3998	692.32	0.0014444	0.85508	0.92503	24.285	19.704	255.08	188.45	1.4416	2.5853e-05	0.046924	8.8984e-05	291.04	0.0034360	1.3041	1.4705	36.797	20.722	297.34	139.55	4.6602	1.0613e-05	0.030524
43.613	2.4042	690.87	0.0014474	0.85678	0.92700	24.328	19.736	259.25	187.74	1.4522	2.5760e-05	0.046952	8.6878e-05	292.30	0.0034212	1.3027	1.4686	36.746	20.751	302.72	139.54	4.6450	1.0641e-05	0.030735
43.627	2.4085	689.41	0.0014505	0.85850	0.92900	24.370	19.770	263.56	187.04	1.4629	2.5667e-05	0.046983	8.4787e-05	293.57	0.0034064	1.3012	1.4667	36.696	20.781	308.30	139.52	4.6298	1.0669e-05	0.030950
43.641	2.4129	687.94	0.0014536	0.86023	0.93100	24.413	19.803	268.04	186.34	1.4737	2.5573e-05	0.047017	8.2713e-05	294.85	0.0033915	1.2997	1.4648	36.645	20.811	314.08	139.51	4.6144	1.0698e-05	0.031170
43.655	2.4173	686.45	0.0014568	0.86197	0.93303	24.457	19.838	272.69	185.63	1.4846	2.5478e-05	0.047055	8.0654e-05	296.16	0.0033766	1.2981	1.4628	36.593	20.841	320.08	139.49	4.5989	1.0727e-05	0.031395
43.669	2.4216	684.95	0.0014600	0.86373	0.93507	24.501	19.872	277.52	184.92	1.4957	2.5383e-05	0.047095	7.8612e-05	297.47	0.0033617	1.2966	1.4609	36.541	20.872	326.31	139.48	4.5833	1.0757e-05	0.031626
43.683	2.4260	683.43	0.0014632	0.86550	0.93713	24.545	19.907	282.54	184.21	1.5070	2.5287e-05	0.047140	7.6587e-05	298.80	0.0033467	1.2950	1.4589	36.488	20.903	332.78	139.46	4.5676	1.0787e-05	0.031861
43.697	2.4303	681.90	0.0014665	0.86728	0.93920	24.589	19.943	287.77	183.50	1.5183	2.5191e-05	0.047188	7.4578e-05	300.15	0.0033317	1.2934	1.4568	36.435	20.934	339.51	139.45	4.5518	1.0817e-05	0.032103
43.711	2.4347	680.35	0.0014698	0.86908	0.94129	24.634	19.979	293.21	182.79	1.5299	2.5094e-05	0.047240	7.2586e-05	301.51	0.0033166	1.2918	1.4548	36.382	20.966	346.50	139.43	4.5358	1.0848e-05	0.032350
43.725	2.4391	678.79	0.0014732	0.87089	0.94340	24.680	20.015	298.88	182.07	1.5415	2.4996e-05	0.047296	7.0610e-05	302.89	0.0033015	1.2902	1.4527	36.328	20.998	353.79	139.42	4.5197	1.0880e-05	0.032603
43.738	2.4434	677.20	0.0014767	0.87272	0.94553	24.725	20.053	304.80	181.36	1.5533	2.4898e-05	0.047356	6.8651e-05	304.29	0.0032863	1.2886	1.4506	36.273	21.030	361.38	139.40	4.5034	1.0912e-05	0.032863
43.752	2.4478	675.60	0.0014802	0.87457	0.94768	24.771	20.090	310.97	180.64	1.5653	2.4799e-05	0.047421	6.6710e-05	305.71	0.0032711	1.2869	1.4485	36.218	21.063	369.30	139.38	4.4870	1.0944e-05	0.033130
43.766	2.4522	673.98	0.0014837	0.87644	0.94985	24.818	20.128	317.42	179.92	1.5774	2.4699e-05	0.047491	6.4786e-05	307.14	0.0032558	1.2852	1.4463	36.162	21.096	377.56	139.37	4.4704	1.0977e-05	0.033403
43.780	2.4565	672.34	0.0014873	0.87832	0.95205	24.865	20.167	324.17	179.19	1.5897	2.4599e-05	0.047565	6.2879e-05	308.59	0.0032405	1.2835	1.4441	36.105	21.129	386.20	139.35	4.4537	1.1010e-05	0.033684
43.793	2.4609	670.69	0.0014910	0.88022	0.95426	24.913	20.206	331.23	178.47	1.6022	2.4498e-05	0.047645	6.0990e-05	310.07	0.0032251	1.2818	1.4419	36.048	21.163	395.22	139.33	4.4368	1.1044e-05	0.033973
43.807	2.4653	669.01	0.0014948	0.88214	0.95650	24.961	20.246	338.63	177.74	1.6148	2.4396e-05	0.047730	5.9119e-05	311.56	0.0032096	1.2800	1.4397	35.990	21.197	404.67	139.32	4.4198	1.1079e-05	0.034271
43.821	2.4696	667.31	0.0014986	0.88408	0.95876	25.009	20.286	346.40	177.01	1.6276	2.4293e-05	0.047821	5.7265e-05	313.08	0.0031941	1.2782	1.4374	35.932	21.232	414.57	139.30	4.4026	1.1114e-05	0.034576
43.835	2.4740	665.58	0.0015024	0.88604	0.96105	25.059	20.327	354.55	176.28	1.6407	2.4189e-05	0.047918	5.5430e-05	314.62	0.0031784	1.2764	1.4351	35.873	21.267	424.96	139.28	4.3851	1.1150e-05	0.034891
43.848	2.4784	663.84	0.0015064	0.88803	0.96336	25.108	20.369	363.13	175.55	1.6538	2.4085e-05	0.048022	5.3613e-05	316.18	0.0031627	1.2746	1.4327	35.813	21.302	435.86	139.26	4.3675	1.1187e-05	0.035216
43.862	2.4827	662.07	0.0015104	0.89003	0.96570	25.159	20.411	372.15	174.82	1.6672	2.3979e-05	0.048132	5.1815e-05	317.77	0.0031469	1.2727	1.4303	35.752	21.338	447.32	139.24	4.3497	1.1224e-05	0.035550
43.875	2.4871	660.27	0.0015145	0.89206	0.96807	25.210	20.454	381.67	174.08	1.6808	2.3873e-05	0.048250	5.0035e-05	319.38	0.0031310	1.2708	1.4279	35.690	21.375	459.39	139.22	4.3317	1.1262e-05	0.035896
43.889	2.4914	658.45	0.0015187	0.89412	0.97047	25.261	20.498	391.71	173.34	1.6946	2.3765e-05	0.048376	4.8274e-05	321.02	0.0031150	1.2688	1.4255	35.628	21.412	472.11	139.20	4.3135	1.1300e-05	0.036253
43.902	2.4958	656.61	0.0015230	0.89620	0.97290	25.314	20.542	402.32	172.60	1.7087	2.3656e-05	0.048509	4.6533e-05	322.69	0.0030990	1.2669	1.4229	35.565	21.449	485.53	139.18	4.2951	1.1340e-05	0.036622
43.916	2.5002	654.73	0.0015274	0.89831	0.97537	25.367	20.588	413.56	171.85	1.7229	2.3547e-05	0.048652	4.4811e-05	324.39	0.0030828	1.2649	1.4204	35.500	21.487	499.71	139.16	4.2764	1.1380e-05	0.037004
43.930	2.5045	652.82	0.0015318	0.90045	0.97786	25.421	20.634	425.47	171.10	1.7374	2.3436e-05	0.048804	4.3109e-05	326.11	0.0030664	1.2628	1.4178	35.435	21.526	514.72	139.14	4.2575	1.1421e-05	0.037400
43.943	2.5089	650.88	0.0015364	0.90262	0.98040	25.475	20.680	438.12	170.35	1.7521	2.3324e-05	0.048966	4.1426e-05	327.87	0.0030500	1.2607	1.4152	35.369	21.565	530.63	139.12	4.2383	1.1464e-05	0.037810
43.956	2.5133	648.91	0.0015410	0.90482	0.98297	25.531	20.728	451.57	169.60	1.7671	2.3211e-05	0.049139	3.9764e-05	329.66	0.0030334	1.2586	1.4125	35.302	21.604	547.53	139.10	4.2189	1.1507e-05	0.038236
43.970	2.5176	646.91	0.0015458	0.90705	0.98558	25.587	20.776	465.91	168.85	1.7823	2.3096e-05	0.049323	3.8123e-05	331.49	0.0030167	1.2565	1.4097	35.233	21.645	565.50	139.08	4.1991	1.1551e-05	0.038679
43.983	2.5220	644.86	0.0015507	0.90932	0.98823	25.644	20.826	481.22	168.09	1.7979	2.2980e-05	0.049520	3.6502e-05	333.35	0.0029998	1.2543	1.4069	35.164	21.685	584.65	139.06	4.1791	1.1596e-05	0.039140
43.997	2.5264	642.78	0.0015557	0.91162	0.99093	25.702	20.876	497.60	167.32	1.8137	2.2862e-05	0.049731	3.4903e-05	335.25	0.0029828	1.2520	1.4041	35.093	21.727	605.11	139.03	4.1588	1.1642e-05	0.039621
44.010	2.5307	640.66	0.0015609	0.91397	0.99368	25.762	20.927	515.17	166.56	1.8298	2.2743e-05	0.049956	3.3325e-05	337.19	0.0029656	1.2497	1.4012	35.020	21.769	626.99	139.01	4.1381	1.1690e-05	0.040122
44.023	2.5351	638.50	0.0015662	0.91635	0.99647	25.822	20.980	534.05	165.79	1.8462	2.2622e-05	0.050198	3.1769e-05	339.18	0.0029483	1.2474	1.3982	34.947	21.812	650.47	138.98	4.1172	1.1738e-05	0.040646
44.037	2.5394	636.29	0.0015716	0.91878	0.99932	25.883	21.033	554.40	165.02	1.8629	2.2500e-05	0.050456	3.0235e-05	341.21	0.0029307	1.2450	1.3951	34.872	21.856	675.70	138.96	4.0958	1.1788e-05	0.041195
44.050	2.5438	634.03	0.0015772	0.92126	1.0022	25.946	21.088	576.39	164.24	1.8800	2.2375e-05	0.050734	2.8724e-05	343.29	0.0029130	1.2425	1.3920	34.795	21.900	702.90	138.93	4.0741	1.1840e-05	0.041770
44.063	2.5482	631.72	0.0015830	0.92379	1.0052	26.010	21.143	600.21	163.46	1.8974	2.2249e-05	0.051033	2.7236e-05	345.43	0.0028950	1.2400	1.3888	34.717	21.945	732.30	138.91	4.0519	1.1893e-05	0.042375
44.077	2.5525	629.35	0.0015889	0.92637	1.0082	26.076	21.200	626.10	162.68	1.9152	2.2120e-05	0.051355	2.5772e-05	347.61	0.0028768	1.2374	1.3856	34.637	21.991	764.16	138.88	4.0294	1.1948e-05	0.042675
44.090	2.5569	626.93	0.0015951	0.92901	1.0113	26.143	21.259	654.33	161.89	1.9335	2.1989e-05	0.051702	2.4332e-05	349.86	0.0028583	1.2347	1.3822	34.555	22.038	798.82	138.85	4.0063	1.2004e-05	0.042871
44.103	2.5613	624.45	0.0016014	0.93171	1.0145	26.212	21.318	685.23	161.09	1.9521	2.1856e-05	0.052078	2.2917e-05	352.17	0.0028396	1.2320	1.3788	34.471	22.086	836.63	138.83	3.9828	1.2063e-05	0.043074
44.116	2.5656	621.89	0.0016080	0.93448	1.0177	26.282	21.379	719.18	160.30	1.9712	2.1720e-05	0.052485	2.1527e-05	354.54	0.0028205	1.2292	1.3752	34.385	22.135	878.06	138.80	3.9588	1.2123e-05	0.043282
44.129	2.5700	619.27	0.0016148	0.93732	1.0211	26.354	21.442	756.64	159.49	1.9908	2.1582e-05	0.052928	2.0162e-05	356.99	0.0028012	1.2263	1.3716	34.297	22.185	923.62	138.77	3.9342	1.2186e-05	0.043499
44.143	2.5744	616.56	0.0016219	0.94023	1.0245	26.429	21.506	798.16	158.68	2.0109	2.1440e-05	0.053412	1.8825e-05	359.52	0.0027815	1.2233	1.3678	34.206	22.235	973.96	138.74	3.9090	1.2251e-05	0.043723
44.156	2.5787	613.77	0.0016293	0.94323	1.0280	26.505	21.572	844.43	157.87	2.0316	2.1295e-05	0.053941	1.7514e-05	362.14	0.0027614	1.2202	1.3639	34.112	22.287	1029.8	138.71	3.8832	1.2319e-05	0.043955
44.169	2.5831	610.89	0.0016369	0.94633	1.0317	26.585	21.639	896.27	157.05	2.0528	2.1147e-05	0.054522	1.6232e-05	364.84	0.0027409	1.2170	1.3599	34.016	22.341	1092.2	138.67	3.8566	1.2389e-05	0.044197
44.182	2.5874	607.91	0.0016450	0.94952	1.0354	26.666	21.709	954.73	156.22	2.0747	2.0995e-05	0.055164	1.4978e-05	367.65	0.0027200	1.2137	1.3557	33.916	22.395	1162.3	138.64	3.8293	1.2463e-05	0.044449
44.195	2.5918	604.82	0.0016534	0.95283	1.0393	26.751	21.781	1021.1	155.39	2.0973	2.0838e-05	0.055875	1.3754e-05	370.57	0.0026985	1.2102	1.3514	33.812	22.451	1241.5	138.61	3.8011	1.2540e-05	0.044712
44.208	2.5962	601.60	0.0016622	0.95626	1.0433	26.839	21.854	1097.0	154.55	2.1207	2.0677e-05	0.056669	1.2561e-05	373.62	0.0026765	1.2067	1.3469	33.705	22.508	1331.8	138.57	3.7721	1.2621e-05	0.044988
44.221	2.6005	598.24	0.0016716	0.95983	1.0475	26.931	21.931	1184.7	153.70	2.1449	2.0511e-05	0.057559	1.1401e-05	376.80	0.0026539	1.2029	1.3422	33.594	22.567	1435.5	138.54	3.7420	1.2707e-05	0.045278
44.234	2.6049	594.73	0.0016814	0.96355	1.0519	27.027	22.010	1286.9	152.84	2.1700	2.0338e-05	0.058566	1.0273e-05	380.14	0.0026306	1.1990	1.3373	33.477	22.627	1555.8	138.50	3.7108	1.2797e-05	0.045583
44.247	2.6093	591.05	0.0016919	0.96745	1.0565	27.127	22.091	1407.5	151.97	2.1962	2.0159e-05	0.059714	9.1802e-06	383.65	0.0026066	1.1949	1.3321	33.355	22.689	1697.0	138.46	3.6783	1.2893e-05	0.045906
44.260	2.6136	587.17	0.0017031	0.97155	1.0614	27.233	22.176	1551.7	151.10	2.2236	1.9973e-05	0.061034	8.1238e-06	387.35	0.0025816	1.1905	1.3267	33.227	22.753	1864.8	138.42	3.6445	1.2996e-05	0.046250
44.273	2.6180	583.06	0.0017151	0.97588	1.0665	27.346	22.264	1726.9	150.21	2.2524	1.9779e-05	0.062573	7.1057e-06	391.29	0.0025557	1.1859	1.3209	33.092	22.819	2067.4	138.39	3.6090	1.3106e-05	0.046616
44.285	2.6224	578.69	0.0017280	0.98049	1.0719	27.465	22.356	1943.8	149.30	2.2827	1.9574e-05	0.064389	6.1281e-06	395.49	0.0025285	1.1810	1.3148	32.949	22.887	2316.6	138.35	3.5716	1.3224e-05	0.047011
44.298	2.6267	574.01	0.0017421	0.98541	1.0778	27.593	22.452	2218.6	148.39	2.3149	1.9358e-05	0.065296	5.1935e-06	400.00	0.0025000	1.1757	1.3082	32.796	22.957	2630.1	138.31	3.5320	1.3353e-05	0.047438
44.311	2.6311	568.94	0.0017577	0.99073	1.0840	27.732	22.553	2577.0	147.45	2.3493	1.9128e-05	0.064694	4.3051e-06	404.90	0.0024698	1.1700	1.3011	32.631	23.029	3035.8	138.27	3.4898	1.3495e-05	0.047904
44.324	2.6354	563.41	0.0017749	0.99653	1.0909	27.883	22.659	3062.1	146.50	2.3865	1.8880e-05	0.064041	3.4666e-06	410.26	0.0024375	1.1638	1.2934	32.452	23.104	3580.1	138.23	3.4444	1.3652e-05	0.048420
44.337	2.6398	557.28	0.0017944	1.0030	1.0985	28.052	22.771	3752.1	145.52	2.4272	1.8611e-05	0.063323	2.6830e-06	416.22	0.0024026	1.1569	1.2849	32.255	23.182	4346.8	138.20	3.3950	1.3830e-05	0.048999
44.349	2.6442	550.36	0.0018170	1.0102	1.1072	28.242	22.891	4804.4	144.50	2.4726	1.8313e-05	0.062519	1.9605e-06	422.96	0.0023643	1.1491	1.2753	32.033	23.262	5503.6	138.18	3.3402	1.4035e-05	0.049661
44.362	2.6485	542.32	0.0018439	1.0186	1.1172	28.465	23.020	6588.7	143.45	2.5247	1.7975e-05	0.061595	1.3079e-06	430.83	0.0023211	1.1401	1.2642	31.778	23.345	7441.0	138.17	3.2781	1.4279e-05	0.050443
44.375	2.6529	532.53	0.0018778	1.0289	1.1295	28.738	undefined	undefined	undefined	2.5875	1.7574e-05	undefined	7.3896e-07	440.45	0.0022704	1.1292	1.2507	31.471	undefined	undefined	undefined	3.2044	1.4586e-05	undefined
44.387	2.6573	519.37	0.0019254	1.0429	1.1461	29.109	undefined	undefined	undefined	2.6711	1.7055e-05	undefined	2.7800e-07	453.43	0.0022054	1.1146	1.2328	31.063	undefined	undefined	undefined	3.1089	1.5014e-05	undefined
44.400	2.6616	486.31	0.0020563	1.0783	1.1888	30.066	undefined	undefined	undefined	2.8834	undefined	undefined	0.0000	486.31	0.0020563	1.0783	1.1888	30.066	undefined	undefined	undefined	2.8834	undefined	undefined
