Temperature (K)	Pressure (MPa)	Density (l, kg/m3)	Volume (l, m3/kg)	Internal Energy (l, kJ/mol)	Enthalpy (l, kJ/mol)	Entropy (l, J/mol*K)	Cv (l, J/mol*K)	Cp (l, J/mol*K)	Sound Spd. (l, m/s)	Joule-Thomson (l, K/MPa)	Viscosity (l, Pa*s)	Therm. Cond. (l, W/m*K)	Surf. Tension (l, N/m)	Density (v, kg/m3)	Volume (v, m3/kg)	Internal Energy (v, kJ/mol)	Enthalpy (v, kJ/mol)	Entropy (v, J/mol*K)	Cv (v, J/mol*K)	Cp (v, J/mol*K)	Sound Spd. (v, m/s)	Joule-Thomson (v, K/MPa)	Viscosity (v, Pa*s)	Therm. Cond. (v, W/m*K)
63.151	0.012520	867.22	0.0011531	-4.2230	-4.2226	67.951	32.951	56.033	995.28	-0.40419	0.00031159	0.17328	0.012205	0.67427	1.4831	1.2945	1.8147	163.55	21.007	29.647	161.11	40.718	4.3763e-06	0.0056209
65.247	0.018159	858.57	0.0011647	-4.1055	-4.1049	69.781	32.544	56.134	973.84	-0.39750	0.00027844	0.16905	0.011702	0.94941	1.0533	1.3346	1.8704	161.36	21.066	29.809	163.47	37.961	4.5305e-06	0.0058426
66.871	0.023797	851.79	0.0011740	-4.0144	-4.0136	71.162	32.232	56.224	957.35	-0.39182	0.00025621	0.16579	0.011314	1.2174	0.82143	1.3651	1.9127	159.78	21.118	29.956	165.23	36.051	4.6505e-06	0.0060159
68.212	0.029436	846.14	0.0011818	-3.9390	-3.9380	72.278	31.978	56.307	943.78	-0.38677	0.00023978	0.16310	0.010997	1.4801	0.67564	1.3898	1.9470	158.55	21.166	30.093	166.63	34.604	4.7500e-06	0.0061603
69.363	0.035075	841.24	0.0011887	-3.8742	-3.8730	73.220	31.763	56.386	932.17	-0.38215	0.00022691	0.16079	0.010725	1.7386	0.57517	1.4108	1.9759	157.54	21.210	30.223	167.79	33.446	4.8358e-06	0.0062851
70.376	0.040714	836.90	0.0011949	-3.8171	-3.8158	74.037	31.577	56.462	921.95	-0.37785	0.00021642	0.15877	0.010488	1.9938	0.50156	1.4289	2.0010	156.69	21.251	30.346	168.79	32.487	4.9116e-06	0.0063958
71.284	0.046353	832.98	0.0012005	-3.7659	-3.7643	74.760	31.412	56.535	912.79	-0.37380	0.00020763	0.15695	0.010275	2.2461	0.44522	1.4450	2.0231	155.95	21.290	30.465	169.65	31.670	4.9799e-06	0.0064959
72.110	0.051991	829.40	0.0012057	-3.7193	-3.7175	75.411	31.264	56.607	904.47	-0.36994	0.00020009	0.15530	0.010083	2.4959	0.40065	1.4593	2.0429	155.29	21.328	30.580	170.42	30.962	5.0422e-06	0.0065874
72.868	0.057630	826.09	0.0012105	-3.6764	-3.6744	76.002	31.129	56.677	896.82	-0.36625	0.00019353	0.15379	0.0099073	2.7436	0.36448	1.4724	2.0608	154.71	21.363	30.692	171.11	30.337	5.0996e-06	0.0066722
73.571	0.063269	823.00	0.0012151	-3.6366	-3.6344	76.546	31.006	56.746	889.73	-0.36270	0.00018774	0.15238	0.0097449	2.9895	0.33451	1.4844	2.0772	154.18	21.398	30.801	171.73	29.780	5.1530e-06	0.0067512
74.227	0.068908	820.10	0.0012194	-3.5994	-3.5971	77.049	30.893	56.814	883.10	-0.35926	0.00018257	0.15108	0.0095937	3.2336	0.30925	1.4954	2.0923	153.70	21.431	30.908	172.30	29.278	5.2030e-06	0.0068255
74.843	0.074547	817.37	0.0012234	-3.5645	-3.5620	77.517	30.787	56.881	876.88	-0.35593	0.00017791	0.14985	0.0094523	3.4763	0.28766	1.5056	2.1063	153.25	21.464	31.012	172.82	28.822	5.2501e-06	0.0068957
75.423	0.080185	814.78	0.0012273	-3.5316	-3.5288	77.956	30.689	56.947	871.00	-0.35268	0.00017368	0.14869	0.0093193	3.7176	0.26899	1.5151	2.1193	152.84	21.495	31.115	173.30	28.404	5.2946e-06	0.0069624
75.974	0.085824	812.32	0.0012310	-3.5003	-3.4973	78.369	30.596	57.013	865.42	-0.34951	0.00016981	0.14760	0.0091936	3.9577	0.25267	1.5241	2.1315	152.46	21.526	31.215	173.75	28.019	5.3370e-06	0.0070260
76.497	0.091463	809.97	0.0012346	-3.4706	-3.4674	78.760	30.509	57.077	860.11	-0.34640	0.00016626	0.14655	0.0090745	4.1966	0.23829	1.5324	2.1430	152.10	21.555	31.315	174.16	27.662	5.3774e-06	0.0070868
76.996	0.097102	807.71	0.0012381	-3.4422	-3.4388	79.130	30.427	57.142	855.05	-0.34336	0.00016297	0.14556	0.0089611	4.4346	0.22550	1.5404	2.1538	151.76	21.585	31.413	174.55	27.331	5.4161e-06	0.0071452
77.473	0.10274	805.55	0.0012414	-3.4150	-3.4114	79.482	30.349	57.205	850.19	-0.34038	0.00015992	0.14461	0.0088529	4.6715	0.21406	1.5479	2.1640	151.45	21.613	31.509	174.91	27.021	5.4532e-06	0.0072015
77.931	0.10838	803.46	0.0012446	-3.3889	-3.3851	79.818	30.275	57.268	845.53	-0.33744	0.00015707	0.14370	0.0087494	4.9076	0.20376	1.5550	2.1736	151.15	21.641	31.605	175.26	26.730	5.4889e-06	0.0072557
78.370	0.11402	801.45	0.0012477	-3.3638	-3.3598	80.139	30.205	57.331	841.04	-0.33455	0.00015440	0.14283	0.0086502	5.1429	0.19444	1.5617	2.1828	150.86	21.669	31.699	175.58	26.456	5.5233e-06	0.0073082
78.794	0.11966	799.51	0.0012508	-3.3396	-3.3354	80.447	30.137	57.394	836.71	-0.33170	0.00015190	0.14198	0.0085548	5.3775	0.18596	1.5682	2.1915	150.59	21.696	31.793	175.88	26.198	5.5565e-06	0.0073591
79.203	0.12530	797.63	0.0012537	-3.3162	-3.3118	80.743	30.073	57.456	832.53	-0.32889	0.00014955	0.14117	0.0084630	5.6113	0.17821	1.5744	2.1999	150.33	21.722	31.886	176.17	25.954	5.5887e-06	0.0074085
79.598	0.13093	795.80	0.0012566	-3.2936	-3.2890	81.028	30.011	57.518	828.49	-0.32611	0.00014732	0.14039	0.0083744	5.8445	0.17110	1.5802	2.2078	150.09	21.749	31.978	176.45	25.722	5.6199e-06	0.0074565
79.980	0.13657	794.03	0.0012594	-3.2717	-3.2669	81.303	29.952	57.579	824.56	-0.32336	0.00014522	0.13963	0.0082889	6.0771	0.16455	1.5859	2.2154	149.85	21.774	32.069	176.71	25.501	5.6501e-06	0.0075033
80.351	0.14221	792.30	0.0012621	-3.2504	-3.2454	81.568	29.894	57.641	820.76	-0.32064	0.00014322	0.13889	0.0082061	6.3091	0.15850	1.5913	2.2227	149.62	21.800	32.159	176.96	25.291	5.6795e-06	0.0075489
80.710	0.14785	790.63	0.0012648	-3.2298	-3.2246	81.824	29.839	57.702	817.06	-0.31795	0.00014132	0.13818	0.0081260	6.5406	0.15289	1.5965	2.2298	149.40	21.825	32.249	177.19	25.090	5.7082e-06	0.0075934
81.060	0.15349	788.99	0.0012674	-3.2097	-3.2043	82.072	29.786	57.763	813.46	-0.31528	0.00013951	0.13748	0.0080483	6.7716	0.14768	1.6015	2.2365	149.19	21.850	32.339	177.42	24.899	5.7361e-06	0.0076369
81.400	0.15913	787.39	0.0012700	-3.1902	-3.1845	82.313	29.735	57.823	809.95	-0.31264	0.00013779	0.13681	0.0079728	7.0021	0.14281	1.6063	2.2430	148.99	21.874	32.428	177.63	24.715	5.7633e-06	0.0076795
81.731	0.16477	785.83	0.0012725	-3.1712	-3.1653	82.547	29.686	57.884	806.53	-0.31002	0.00013614	0.13615	0.0078995	7.2322	0.13827	1.6110	2.2492	148.79	21.898	32.516	177.84	24.538	5.7898e-06	0.0077213
82.053	0.17041	784.30	0.0012750	-3.1526	-3.1465	82.774	29.638	57.944	803.19	-0.30742	0.00013456	0.13551	0.0078282	7.4619	0.13401	1.6155	2.2552	148.61	21.922	32.604	178.04	24.369	5.8158e-06	0.0077622
82.368	0.17605	782.81	0.0012774	-3.1345	-3.1282	82.994	29.591	58.005	799.93	-0.30484	0.00013304	0.13489	0.0077587	7.6912	0.13002	1.6198	2.2610	148.42	21.946	32.691	178.23	24.206	5.8412e-06	0.0078023
82.675	0.18168	781.35	0.0012798	-3.1168	-3.1102	83.209	29.546	58.065	796.74	-0.30227	0.00013159	0.13428	0.0076910	7.9201	0.12626	1.6240	2.2666	148.25	21.969	32.779	178.41	24.049	5.8660e-06	0.0078417
82.975	0.18732	779.92	0.0012822	-3.0994	-3.0927	83.418	29.502	58.125	793.62	-0.29972	0.00013019	0.13368	0.0076250	8.1487	0.12272	1.6281	2.2720	148.07	21.992	32.865	178.58	23.897	5.8904e-06	0.0078805
83.268	0.19296	778.51	0.0012845	-3.0825	-3.0756	83.622	29.460	58.185	790.56	-0.29719	0.00012884	0.13310	0.0075605	8.3770	0.11937	1.6320	2.2773	147.91	22.015	32.952	178.75	23.751	5.9143e-06	0.0079186
83.555	0.19860	777.13	0.0012868	-3.0659	-3.0587	83.821	29.419	58.245	787.57	-0.29467	0.00012755	0.13253	0.0074976	8.6050	0.11621	1.6358	2.2823	147.74	22.038	33.038	178.91	23.609	5.9377e-06	0.0079561
83.836	0.20424	775.78	0.0012890	-3.0496	-3.0423	84.016	29.378	58.305	784.64	-0.29216	0.00012630	0.13197	0.0074361	8.8327	0.11322	1.6395	2.2872	147.59	22.061	33.124	179.07	23.472	5.9607e-06	0.0079930
84.112	0.20988	774.45	0.0012912	-3.0337	-3.0261	84.206	29.339	58.365	781.76	-0.28967	0.00012509	0.13143	0.0073759	9.0601	0.11037	1.6431	2.2920	147.43	22.083	33.209	179.22	23.340	5.9832e-06	0.0080294
84.382	0.21552	773.14	0.0012934	-3.0181	-3.0103	84.391	29.301	58.425	778.93	-0.28718	0.00012392	0.13089	0.0073170	9.2873	0.10767	1.6465	2.2966	147.28	22.105	33.295	179.36	23.212	6.0054e-06	0.0080653
84.646	0.22116	771.86	0.0012956	-3.0027	-2.9947	84.573	29.264	58.484	776.16	-0.28471	0.00012279	0.13037	0.0072593	9.5143	0.10511	1.6499	2.3011	147.14	22.127	33.380	179.50	23.087	6.0272e-06	0.0081007
84.906	0.22679	770.59	0.0012977	-2.9877	-2.9794	84.751	29.228	58.544	773.43	-0.28225	0.00012170	0.12985	0.0072028	9.7410	0.10266	1.6532	2.3054	146.99	22.149	33.465	179.63	22.966	6.0487e-06	0.0081356
85.161	0.23243	769.35	0.0012998	-2.9729	-2.9644	84.925	29.193	58.604	770.75	-0.27980	0.00012064	0.12935	0.0071475	9.9675	0.10033	1.6564	2.3096	146.86	22.171	33.550	179.76	22.849	6.0698e-06	0.0081701
85.411	0.23807	768.12	0.0013019	-2.9583	-2.9496	85.096	29.158	58.664	768.11	-0.27735	0.00011961	0.12885	0.0070932	10.194	0.098098	1.6595	2.3137	146.72	22.192	33.634	179.89	22.734	6.0906e-06	0.0082041
85.657	0.24371	766.92	0.0013039	-2.9440	-2.9351	85.263	29.125	58.723	765.51	-0.27492	0.00011862	0.12837	0.0070399	10.420	0.095969	1.6625	2.3177	146.59	22.214	33.719	180.01	22.623	6.1110e-06	0.0082378
85.899	0.24935	765.72	0.0013060	-2.9299	-2.9208	85.428	29.092	58.783	762.96	-0.27249	0.00011765	0.12789	0.0069876	10.646	0.093932	1.6654	2.3216	146.46	22.235	33.803	180.12	22.515	6.1312e-06	0.0082711
86.137	0.25499	764.55	0.0013080	-2.9161	-2.9067	85.589	29.059	58.843	760.44	-0.27007	0.00011671	0.12742	0.0069363	10.872	0.091981	1.6683	2.3253	146.33	22.256	33.887	180.24	22.410	6.1511e-06	0.0083040
86.371	0.26063	763.39	0.0013099	-2.9024	-2.8929	85.747	29.028	58.903	757.97	-0.26765	0.00011579	0.12696	0.0068859	11.098	0.090110	1.6711	2.3290	146.21	22.277	33.971	180.34	22.307	6.1707e-06	0.0083365
86.601	0.26627	762.25	0.0013119	-2.8890	-2.8792	85.903	28.997	58.962	755.52	-0.26525	0.00011490	0.12651	0.0068363	11.323	0.088315	1.6738	2.3325	146.08	22.298	34.055	180.45	22.207	6.1901e-06	0.0083688
86.827	0.27190	761.12	0.0013138	-2.8758	-2.8658	86.055	28.967	59.022	753.12	-0.26285	0.00011403	0.12606	0.0067876	11.549	0.086591	1.6764	2.3360	145.96	22.318	34.139	180.55	22.109	6.2092e-06	0.0084007
87.050	0.27754	760.01	0.0013158	-2.8627	-2.8525	86.206	28.938	59.082	750.74	-0.26045	0.00011319	0.12562	0.0067397	11.774	0.084934	1.6790	2.3394	145.85	22.339	34.223	180.65	22.013	6.2280e-06	0.0084323
87.270	0.28318	758.91	0.0013177	-2.8499	-2.8394	86.353	28.909	59.142	748.40	-0.25806	0.00011237	0.12519	0.0066926	11.999	0.083340	1.6815	2.3427	145.73	22.360	34.306	180.74	21.920	6.2467e-06	0.0084636
87.487	0.28882	757.83	0.0013196	-2.8372	-2.8265	86.499	28.880	59.202	746.09	-0.25567	0.00011156	0.12476	0.0066462	12.224	0.081805	1.6840	2.3459	145.62	22.380	34.390	180.84	21.829	6.2650e-06	0.0084946
87.700	0.29446	756.75	0.0013214	-2.8247	-2.8138	86.642	28.853	59.262	743.80	-0.25329	0.00011078	0.12434	0.0066005	12.449	0.080326	1.6864	2.3490	145.51	22.400	34.473	180.93	21.740	6.2832e-06	0.0085253
87.911	0.30010	755.69	0.0013233	-2.8123	-2.8012	86.782	28.825	59.322	741.55	-0.25091	0.00011002	0.12392	0.0065556	12.674	0.078901	1.6887	2.3520	145.40	22.420	34.557	181.01	21.653	6.3012e-06	0.0085558
88.119	0.30574	754.64	0.0013251	-2.8002	-2.7888	86.921	28.799	59.382	739.33	-0.24854	0.00010927	0.12351	0.0065113	12.899	0.077525	1.6910	2.3550	145.29	22.440	34.641	181.10	21.567	6.3189e-06	0.0085860
88.323	0.31138	753.61	0.0013269	-2.7881	-2.7766	87.057	28.772	59.442	737.13	-0.24617	0.00010854	0.12311	0.0064677	13.124	0.076197	1.6932	2.3579	145.19	22.460	34.724	181.18	21.484	6.3365e-06	0.0086160
88.525	0.31702	752.58	0.0013288	-2.7763	-2.7645	87.192	28.747	59.503	734.95	-0.24380	0.00010783	0.12271	0.0064247	13.349	0.074914	1.6954	2.3607	145.09	22.480	34.808	181.26	21.402	6.3538e-06	0.0086458
88.725	0.32265	751.57	0.0013306	-2.7645	-2.7525	87.324	28.722	59.563	732.81	-0.24144	0.00010713	0.12232	0.0063823	13.573	0.073674	1.6976	2.3635	144.99	22.500	34.891	181.33	21.322	6.3710e-06	0.0086753
88.922	0.32829	750.56	0.0013323	-2.7529	-2.7407	87.455	28.697	59.623	730.68	-0.23907	0.00010645	0.12193	0.0063406	13.798	0.072474	1.6996	2.3662	144.89	22.520	34.975	181.40	21.243	6.3880e-06	0.0087046
89.116	0.33393	749.57	0.0013341	-2.7415	-2.7290	87.584	28.672	59.684	728.59	-0.23671	0.00010578	0.12155	0.0062994	14.023	0.071313	1.7017	2.3688	144.79	22.539	35.058	181.48	21.166	6.4048e-06	0.0087338
89.308	0.33957	748.59	0.0013359	-2.7302	-2.7175	87.711	28.649	59.744	726.51	-0.23436	0.00010513	0.12117	0.0062588	14.247	0.070189	1.7037	2.3713	144.69	22.559	35.142	181.55	21.090	6.4215e-06	0.0087627
89.498	0.34521	747.61	0.0013376	-2.7190	-2.7060	87.836	28.625	59.805	724.46	-0.23200	0.00010449	0.12079	0.0062187	14.472	0.069100	1.7056	2.3738	144.60	22.578	35.225	181.61	21.016	6.4380e-06	0.0087914
89.686	0.35085	746.65	0.0013393	-2.7079	-2.6947	87.960	28.602	59.866	722.42	-0.22965	0.00010386	0.12042	0.0061791	14.696	0.068044	1.7075	2.3763	144.50	22.598	35.309	181.68	20.944	6.4543e-06	0.0088199
89.871	0.35649	745.69	0.0013410	-2.6970	-2.6836	88.082	28.579	59.927	720.41	-0.22729	0.00010324	0.12006	0.0061401	14.921	0.067020	1.7094	2.3787	144.41	22.617	35.392	181.74	20.872	6.4705e-06	0.0088483
90.054	0.36213	744.74	0.0013427	-2.6861	-2.6725	88.203	28.557	59.987	718.42	-0.22494	0.00010264	0.11970	0.0061015	15.145	0.066026	1.7112	2.3810	144.32	22.636	35.476	181.80	20.802	6.4865e-06	0.0088765
90.235	0.36776	743.81	0.0013444	-2.6754	-2.6616	88.322	28.535	60.049	716.45	-0.22259	0.00010205	0.11934	0.0060634	15.370	0.065062	1.7130	2.3833	144.23	22.655	35.560	181.86	20.733	6.5024e-06	0.0089045
90.414	0.37340	742.88	0.0013461	-2.6648	-2.6507	88.439	28.513	60.110	714.50	-0.22024	0.00010147	0.11899	0.0060258	15.595	0.064125	1.7147	2.3855	144.14	22.675	35.643	181.92	20.665	6.5182e-06	0.0089324
90.591	0.37904	741.95	0.0013478	-2.6543	-2.6400	88.555	28.492	60.171	712.57	-0.21789	0.00010090	0.11864	0.0059887	15.819	0.063215	1.7164	2.3876	144.05	22.694	35.727	181.97	20.599	6.5338e-06	0.0089601
90.766	0.38468	741.04	0.0013495	-2.6439	-2.6294	88.670	28.471	60.232	710.65	-0.21555	0.00010034	0.11829	0.0059520	16.044	0.062330	1.7181	2.3898	143.97	22.712	35.811	182.03	20.533	6.5493e-06	0.0089876
90.939	0.39032	740.13	0.0013511	-2.6337	-2.6189	88.784	28.451	60.294	708.76	-0.21320	9.9793e-05	0.11795	0.0059158	16.268	0.061470	1.7197	2.3918	143.88	22.731	35.895	182.08	20.469	6.5646e-06	0.0090151
91.111	0.39596	739.23	0.0013528	-2.6235	-2.6085	88.896	28.431	60.355	706.88	-0.21085	9.9254e-05	0.11761	0.0058799	16.493	0.060632	1.7213	2.3938	143.80	22.750	35.979	182.13	20.405	6.5798e-06	0.0090423
91.281	0.40160	738.34	0.0013544	-2.6134	-2.5982	89.006	28.411	60.417	705.02	-0.20850	9.8725e-05	0.11728	0.0058445	16.717	0.059818	1.7229	2.3958	143.72	22.769	36.063	182.18	20.343	6.5949e-06	0.0090695
91.449	0.40724	737.46	0.0013560	-2.6034	-2.5879	89.116	28.391	60.479	703.17	-0.20615	9.8205e-05	0.11695	0.0058095	16.942	0.059025	1.7244	2.3977	143.63	22.788	36.148	182.23	20.282	6.6099e-06	0.0090965
91.615	0.41287	736.58	0.0013576	-2.5935	-2.5778	89.224	28.372	60.541	701.34	-0.20380	9.7693e-05	0.11662	0.0057749	17.167	0.058252	1.7259	2.3996	143.55	22.806	36.232	182.27	20.221	6.6248e-06	0.0091234
91.779	0.41851	735.71	0.0013592	-2.5837	-2.5678	89.331	28.353	60.603	699.53	-0.20145	9.7191e-05	0.11630	0.0057407	17.392	0.057499	1.7273	2.4015	143.47	22.825	36.316	182.32	20.162	6.6395e-06	0.0091501
91.942	0.42415	734.85	0.0013608	-2.5740	-2.5578	89.437	28.334	60.665	697.73	-0.19910	9.6696e-05	0.11598	0.0057068	17.616	0.056765	1.7288	2.4033	143.40	22.844	36.401	182.36	20.103	6.6541e-06	0.0091768
92.104	0.42979	733.99	0.0013624	-2.5643	-2.5479	89.542	28.315	60.728	695.94	-0.19675	9.6210e-05	0.11566	0.0056733	17.841	0.056050	1.7302	2.4050	143.32	22.862	36.486	182.40	20.045	6.6687e-06	0.0092033
92.264	0.43543	733.14	0.0013640	-2.5548	-2.5382	89.646	28.297	60.790	694.17	-0.19440	9.5731e-05	0.11534	0.0056402	18.066	0.055352	1.7316	2.4067	143.24	22.881	36.570	182.44	19.988	6.6831e-06	0.0092297
92.422	0.44107	732.29	0.0013656	-2.5453	-2.5285	89.749	28.279	60.853	692.42	-0.19205	9.5261e-05	0.11503	0.0056074	18.291	0.054672	1.7329	2.4084	143.17	22.899	36.655	182.48	19.932	6.6974e-06	0.0092560
92.579	0.44671	731.45	0.0013671	-2.5360	-2.5188	89.850	28.262	60.916	690.68	-0.18969	9.4797e-05	0.11472	0.0055750	18.516	0.054007	1.7342	2.4101	143.09	22.917	36.740	182.52	19.877	6.7116e-06	0.0092822
92.734	0.45235	730.62	0.0013687	-2.5266	-2.5093	89.951	28.244	60.979	688.95	-0.18734	9.4341e-05	0.11442	0.0055428	18.741	0.053359	1.7355	2.4117	143.02	22.936	36.825	182.56	19.823	6.7257e-06	0.0093083
92.888	0.45799	729.79	0.0013703	-2.5174	-2.4998	90.051	28.227	61.042	687.24	-0.18498	9.3892e-05	0.11411	0.0055111	18.966	0.052725	1.7368	2.4132	142.94	22.954	36.911	182.59	19.769	6.7398e-06	0.0093344
93.041	0.46362	728.97	0.0013718	-2.5083	-2.4905	90.149	28.210	61.105	685.54	-0.18262	9.3449e-05	0.11381	0.0054796	19.191	0.052106	1.7380	2.4148	142.87	22.972	36.996	182.63	19.716	6.7537e-06	0.0093603
93.193	0.46926	728.15	0.0013733	-2.4992	-2.4811	90.247	28.193	61.168	683.85	-0.18026	9.3013e-05	0.11351	0.0054484	19.417	0.051502	1.7392	2.4162	142.80	22.990	37.082	182.66	19.663	6.7675e-06	0.0093861
93.343	0.47490	727.34	0.0013749	-2.4902	-2.4719	90.344	28.177	61.232	682.17	-0.17790	9.2584e-05	0.11322	0.0054176	19.642	0.050911	1.7404	2.4177	142.73	23.008	37.167	182.69	19.612	6.7813e-06	0.0094119
93.491	0.48054	726.54	0.0013764	-2.4812	-2.4627	90.440	28.161	61.295	680.51	-0.17554	9.2160e-05	0.11293	0.0053871	19.868	0.050333	1.7416	2.4191	142.66	23.027	37.253	182.72	19.561	6.7949e-06	0.0094375
93.639	0.48618	725.74	0.0013779	-2.4724	-2.4536	90.535	28.145	61.359	678.86	-0.17317	9.1743e-05	0.11264	0.0053568	20.093	0.049768	1.7427	2.4205	142.59	23.045	37.339	182.75	19.511	6.8085e-06	0.0094631
93.785	0.49182	724.94	0.0013794	-2.4636	-2.4446	90.629	28.129	61.423	677.22	-0.17080	9.1332e-05	0.11235	0.0053268	20.319	0.049216	1.7438	2.4219	142.52	23.063	37.426	182.78	19.461	6.8220e-06	0.0094886
93.930	0.49746	724.15	0.0013809	-2.4549	-2.4356	90.722	28.113	61.487	675.59	-0.16843	9.0926e-05	0.11206	0.0052971	20.545	0.048675	1.7449	2.4232	142.45	23.081	37.512	182.81	19.412	6.8354e-06	0.0095140
94.074	0.50310	723.36	0.0013824	-2.4462	-2.4267	90.814	28.098	61.552	673.97	-0.16606	9.0526e-05	0.11178	0.0052677	20.770	0.048146	1.7460	2.4245	142.38	23.099	37.598	182.84	19.364	6.8488e-06	0.0095394
94.216	0.50873	722.58	0.0013839	-2.4376	-2.4179	90.906	28.083	61.616	672.36	-0.16369	9.0132e-05	0.11150	0.0052386	20.996	0.047628	1.7470	2.4258	142.32	23.116	37.685	182.86	19.316	6.8620e-06	0.0095647
94.358	0.51437	721.81	0.0013854	-2.4290	-2.4091	90.997	28.068	61.681	670.77	-0.16131	8.9743e-05	0.11122	0.0052097	21.222	0.047120	1.7480	2.4270	142.25	23.134	37.772	182.89	19.269	6.8752e-06	0.0095899
94.498	0.52001	721.03	0.0013869	-2.4206	-2.4004	91.087	28.053	61.746	669.18	-0.15893	8.9359e-05	0.11094	0.0051811	21.448	0.046624	1.7490	2.4282	142.18	23.152	37.859	182.91	19.222	6.8883e-06	0.0096150
94.638	0.52565	720.27	0.0013884	-2.4121	-2.3917	91.176	28.039	61.811	667.61	-0.15655	8.8980e-05	0.11067	0.0051528	21.675	0.046137	1.7500	2.4294	142.12	23.170	37.946	182.93	19.176	6.9013e-06	0.0096401
94.776	0.53129	719.50	0.0013898	-2.4038	-2.3831	91.265	28.024	61.876	666.04	-0.15416	8.8606e-05	0.11040	0.0051246	21.901	0.045660	1.7510	2.4305	142.05	23.188	38.034	182.95	19.130	6.9143e-06	0.0096651
94.913	0.53693	718.74	0.0013913	-2.3955	-2.3745	91.352	28.010	61.941	664.49	-0.15177	8.8237e-05	0.11013	0.0050968	22.127	0.045193	1.7519	2.4317	141.99	23.206	38.121	182.98	19.085	6.9272e-06	0.0096901
95.049	0.54257	717.99	0.0013928	-2.3872	-2.3661	91.439	27.996	62.007	662.94	-0.14938	8.7872e-05	0.10986	0.0050692	22.354	0.044735	1.7528	2.4327	141.93	23.223	38.209	183.00	19.041	6.9400e-06	0.0097150
95.184	0.54821	717.24	0.0013942	-2.3790	-2.3576	91.526	27.982	62.073	661.41	-0.14698	8.7512e-05	0.10959	0.0050418	22.581	0.044286	1.7537	2.4338	141.86	23.241	38.297	183.02	18.997	6.9527e-06	0.0097398
95.318	0.55384	716.49	0.0013957	-2.3709	-2.3492	91.611	27.969	62.139	659.88	-0.14459	8.7157e-05	0.10933	0.0050146	22.808	0.043845	1.7546	2.4349	141.80	23.259	38.385	183.03	18.953	6.9654e-06	0.0097646
95.452	0.55948	715.75	0.0013971	-2.3628	-2.3409	91.696	27.955	62.205	658.36	-0.14219	8.6806e-05	0.10907	0.0049877	23.034	0.043413	1.7554	2.4359	141.74	23.276	38.473	183.05	18.910	6.9780e-06	0.0097894
95.584	0.56512	715.01	0.0013986	-2.3548	-2.3326	91.781	27.942	62.271	656.86	-0.13978	8.6459e-05	0.10881	0.0049610	23.262	0.042989	1.7563	2.4369	141.68	23.294	38.562	183.07	18.868	6.9906e-06	0.0098141
95.715	0.57076	714.28	0.0014000	-2.3468	-2.3244	91.864	27.929	62.338	655.36	-0.13737	8.6117e-05	0.10855	0.0049345	23.489	0.042574	1.7571	2.4378	141.62	23.311	38.651	183.09	18.825	7.0031e-06	0.0098387
95.845	0.57640	713.54	0.0014015	-2.3389	-2.3163	91.947	27.916	62.404	653.87	-0.13496	8.5778e-05	0.10829	0.0049083	23.716	0.042166	1.7579	2.4388	141.56	23.329	38.740	183.10	18.784	7.0155e-06	0.0098633
95.974	0.58204	712.82	0.0014029	-2.3310	-2.3081	92.030	27.903	62.471	652.39	-0.13255	8.5444e-05	0.10804	0.0048822	23.944	0.041765	1.7587	2.4397	141.50	23.346	38.829	183.12	18.743	7.0279e-06	0.0098879
96.103	0.58768	712.09	0.0014043	-2.3232	-2.3001	92.112	27.890	62.538	650.91	-0.13013	8.5113e-05	0.10778	0.0048564	24.171	0.041372	1.7595	2.4406	141.44	23.364	38.918	183.13	18.702	7.0402e-06	0.0099124
96.230	0.59332	711.37	0.0014057	-2.3154	-2.2920	92.193	27.878	62.605	649.45	-0.12771	8.4786e-05	0.10753	0.0048307	24.399	0.040986	1.7602	2.4414	141.38	23.381	39.008	183.14	18.661	7.0525e-06	0.0099369
96.357	0.59896	710.65	0.0014072	-2.3077	-2.2841	92.273	27.865	62.673	647.99	-0.12528	8.4463e-05	0.10728	0.0048053	24.627	0.040606	1.7609	2.4423	141.32	23.399	39.098	183.16	18.621	7.0647e-06	0.0099613
96.483	0.60459	709.94	0.0014086	-2.3000	-2.2761	92.353	27.853	62.741	646.54	-0.12285	8.4144e-05	0.10703	0.0047801	24.855	0.040234	1.7617	2.4431	141.27	23.416	39.188	183.17	18.582	7.0768e-06	0.0099857
96.608	0.61023	709.23	0.0014100	-2.2923	-2.2682	92.433	27.841	62.808	645.10	-0.12042	8.3828e-05	0.10679	0.0047550	25.083	0.039868	1.7623	2.4439	141.21	23.434	39.278	183.18	18.543	7.0889e-06	0.010010
96.732	0.61587	708.52	0.0014114	-2.2847	-2.2604	92.511	27.829	62.877	643.67	-0.11798	8.3516e-05	0.10654	0.0047302	25.311	0.039508	1.7630	2.4447	141.15	23.451	39.369	183.19	18.504	7.1009e-06	0.010034
96.855	0.62151	707.82	0.0014128	-2.2772	-2.2526	92.590	27.817	62.945	642.24	-0.11554	8.3207e-05	0.10630	0.0047055	25.540	0.039155	1.7637	2.4454	141.10	23.469	39.460	183.20	18.465	7.1129e-06	0.010059
96.978	0.62715	707.12	0.0014142	-2.2697	-2.2448	92.667	27.806	63.013	640.83	-0.11309	8.2902e-05	0.10606	0.0046810	25.768	0.038807	1.7643	2.4461	141.04	23.486	39.551	183.21	18.427	7.1249e-06	0.010083
97.100	0.63279	706.42	0.0014156	-2.2622	-2.2371	92.745	27.794	63.082	639.41	-0.11064	8.2600e-05	0.10582	0.0046568	25.997	0.038466	1.7650	2.4468	140.98	23.503	39.642	183.22	18.390	7.1367e-06	0.010107
97.220	0.63843	705.73	0.0014170	-2.2548	-2.2294	92.821	27.783	63.151	638.01	-0.10818	8.2301e-05	0.10558	0.0046326	26.226	0.038130	1.7656	2.4475	140.93	23.521	39.734	183.22	18.352	7.1486e-06	0.010131
97.341	0.64407	705.04	0.0014184	-2.2474	-2.2218	92.897	27.772	63.220	636.62	-0.10572	8.2005e-05	0.10535	0.0046087	26.455	0.037800	1.7662	2.4482	140.87	23.538	39.826	183.23	18.315	7.1604e-06	0.010156
97.460	0.64970	704.35	0.0014198	-2.2401	-2.2142	92.973	27.761	63.289	635.23	-0.10326	8.1712e-05	0.10511	0.0045850	26.685	0.037475	1.7668	2.4488	140.82	23.555	39.918	183.24	18.279	7.1721e-06	0.010180
97.579	0.65534	703.66	0.0014211	-2.2328	-2.2067	93.048	27.750	63.359	633.84	-0.10079	8.1422e-05	0.10488	0.0045614	26.914	0.037155	1.7674	2.4495	140.77	23.572	40.010	183.24	18.243	7.1838e-06	0.010204
97.697	0.66098	702.98	0.0014225	-2.2255	-2.1992	93.123	27.739	63.429	632.47	-0.098320	8.1136e-05	0.10465	0.0045380	27.144	0.036841	1.7679	2.4501	140.71	23.590	40.103	183.25	18.207	7.1954e-06	0.010228
97.814	0.66662	702.30	0.0014239	-2.2183	-2.1917	93.197	27.728	63.499	631.10	-0.095843	8.0852e-05	0.10441	0.0045147	27.373	0.036532	1.7685	2.4507	140.66	23.607	40.196	183.26	18.171	7.2070e-06	0.010252
97.930	0.67226	701.62	0.0014253	-2.2111	-2.1843	93.271	27.718	63.569	629.74	-0.093361	8.0571e-05	0.10419	0.0044916	27.603	0.036228	1.7690	2.4512	140.61	23.624	40.289	183.26	18.136	7.2186e-06	0.010276
98.046	0.67790	700.95	0.0014266	-2.2040	-2.1769	93.344	27.707	63.640	628.38	-0.090874	8.0293e-05	0.10396	0.0044687	27.833	0.035928	1.7695	2.4518	140.55	23.641	40.382	183.26	18.101	7.2301e-06	0.010300
98.161	0.68354	700.28	0.0014280	-2.1968	-2.1695	93.417	27.697	63.710	627.03	-0.088383	8.0017e-05	0.10373	0.0044460	28.064	0.035633	1.7700	2.4523	140.50	23.659	40.476	183.27	18.066	7.2416e-06	0.010324
98.276	0.68918	699.61	0.0014294	-2.1898	-2.1622	93.489	27.687	63.781	625.69	-0.085886	7.9745e-05	0.10351	0.0044234	28.294	0.035343	1.7705	2.4528	140.45	23.676	40.570	183.27	18.031	7.2530e-06	0.010348
98.389	0.69481	698.94	0.0014307	-2.1827	-2.1549	93.561	27.677	63.852	624.35	-0.083385	7.9475e-05	0.10328	0.0044009	28.525	0.035057	1.7710	2.4533	140.40	23.693	40.664	183.27	17.997	7.2644e-06	0.010372
98.502	0.70045	698.28	0.0014321	-2.1757	-2.1476	93.632	27.667	63.924	623.02	-0.080878	7.9207e-05	0.10306	0.0043786	28.756	0.034776	1.7714	2.4538	140.35	23.710	40.759	183.27	17.963	7.2757e-06	0.010396
98.615	0.70609	697.61	0.0014335	-2.1688	-2.1404	93.703	27.657	63.996	621.70	-0.078367	7.8942e-05	0.10284	0.0043565	28.987	0.034499	1.7719	2.4543	140.30	23.727	40.854	183.28	17.930	7.2870e-06	0.010420
98.727	0.71173	696.96	0.0014348	-2.1618	-2.1332	93.774	27.648	64.067	620.38	-0.075850	7.8680e-05	0.10262	0.0043345	29.218	0.034226	1.7723	2.4547	140.24	23.744	40.949	183.28	17.896	7.2983e-06	0.010444
98.838	0.71737	696.30	0.0014362	-2.1549	-2.1261	93.844	27.638	64.140	619.06	-0.073329	7.8420e-05	0.10240	0.0043127	29.449	0.033957	1.7727	2.4551	140.19	23.762	41.044	183.28	17.863	7.3095e-06	0.010468
98.948	0.72301	695.64	0.0014375	-2.1481	-2.1190	93.913	27.629	64.212	617.76	-0.070801	7.8163e-05	0.10218	0.0042910	29.681	0.033692	1.7731	2.4555	140.14	23.779	41.140	183.28	17.831	7.3207e-06	0.010492
99.058	0.72865	694.99	0.0014389	-2.1412	-2.1119	93.983	27.619	64.285	616.45	-0.068269	7.7907e-05	0.10197	0.0042694	29.913	0.033431	1.7735	2.4559	140.09	23.796	41.236	183.28	17.798	7.3319e-06	0.010516
99.168	0.73429	694.34	0.0014402	-2.1344	-2.1048	94.052	27.610	64.357	615.16	-0.065731	7.7655e-05	0.10175	0.0042480	30.145	0.033173	1.7739	2.4563	140.05	23.813	41.332	183.27	17.766	7.3430e-06	0.010540
99.276	0.73993	693.70	0.0014416	-2.1277	-2.0978	94.120	27.601	64.431	613.87	-0.063188	7.7404e-05	0.10154	0.0042267	30.377	0.032920	1.7743	2.4566	140.00	23.830	41.429	183.27	17.734	7.3541e-06	0.010563
99.384	0.74556	693.05	0.0014429	-2.1209	-2.0908	94.188	27.592	64.504	612.58	-0.060639	7.7156e-05	0.10132	0.0042056	30.609	0.032670	1.7746	2.4570	139.95	23.847	41.526	183.27	17.702	7.3651e-06	0.010587
99.492	0.75120	692.41	0.0014442	-2.1142	-2.0838	94.256	27.583	64.578	611.30	-0.058085	7.6910e-05	0.10111	0.0041846	30.842	0.032424	1.7750	2.4573	139.90	23.864	41.623	183.27	17.671	7.3761e-06	0.010611
99.599	0.75684	691.77	0.0014456	-2.1076	-2.0769	94.323	27.574	64.651	610.03	-0.055525	7.6666e-05	0.10090	0.0041637	31.075	0.032181	1.7753	2.4576	139.85	23.881	41.721	183.27	17.639	7.3871e-06	0.010635
99.705	0.76248	691.13	0.0014469	-2.1009	-2.0700	94.390	27.565	64.726	608.76	-0.052960	7.6424e-05	0.10069	0.0041430	31.307	0.031941	1.7757	2.4579	139.80	23.898	41.818	183.26	17.608	7.3980e-06	0.010659
99.811	0.76812	690.49	0.0014482	-2.0943	-2.0631	94.457	27.557	64.800	607.49	-0.050389	7.6184e-05	0.10048	0.0041223	31.541	0.031705	1.7760	2.4582	139.76	23.915	41.917	183.26	17.578	7.4090e-06	0.010683
99.916	0.77376	689.86	0.0014496	-2.0877	-2.0563	94.523	27.548	64.875	606.23	-0.047812	7.5946e-05	0.10028	0.0041019	31.774	0.031472	1.7763	2.4584	139.71	23.933	42.015	183.25	17.547	7.4198e-06	0.010707
100.02	0.77940	689.23	0.0014509	-2.0812	-2.0495	94.589	27.540	64.950	604.98	-0.045229	7.5711e-05	0.10007	0.0040815	32.008	0.031243	1.7766	2.4587	139.66	23.950	42.114	183.25	17.517	7.4307e-06	0.010731
100.12	0.78504	688.60	0.0014522	-2.0746	-2.0427	94.654	27.532	65.025	603.73	-0.042640	7.5477e-05	0.099866	0.0040613	32.241	0.031016	1.7768	2.4589	139.61	23.967	42.213	183.24	17.486	7.4415e-06	0.010754
100.23	0.79067	687.97	0.0014536	-2.0681	-2.0360	94.719	27.523	65.100	602.49	-0.040045	7.5246e-05	0.099662	0.0040412	32.475	0.030792	1.7771	2.4591	139.57	23.984	42.313	183.24	17.457	7.4523e-06	0.010778
100.33	0.79631	687.34	0.0014549	-2.0617	-2.0292	94.784	27.515	65.176	601.25	-0.037445	7.5016e-05	0.099459	0.0040212	32.710	0.030572	1.7773	2.4593	139.52	24.001	42.413	183.23	17.427	7.4630e-06	0.010802
100.43	0.80195	686.72	0.0014562	-2.0552	-2.0225	94.849	27.507	65.252	600.01	-0.034838	7.4788e-05	0.099257	0.0040013	32.944	0.030354	1.7776	2.4595	139.48	24.018	42.513	183.23	17.397	7.4738e-06	0.010826
100.54	0.80759	686.10	0.0014575	-2.0488	-2.0158	94.913	27.499	65.328	598.78	-0.032225	7.4562e-05	0.099056	0.0039816	33.179	0.030140	1.7778	2.4597	139.43	24.035	42.613	183.22	17.368	7.4845e-06	0.010850
100.64	0.81323	685.48	0.0014588	-2.0424	-2.0092	94.977	27.492	65.405	597.56	-0.029606	7.4338e-05	0.098857	0.0039620	33.414	0.029928	1.7780	2.4598	139.38	24.052	42.714	183.21	17.339	7.4951e-06	0.010874
100.74	0.81887	684.86	0.0014602	-2.0361	-2.0026	95.040	27.484	65.482	596.34	-0.026981	7.4115e-05	0.098658	0.0039425	33.649	0.029719	1.7783	2.4600	139.34	24.069	42.816	183.20	17.310	7.5058e-06	0.010898
100.84	0.82451	684.24	0.0014615	-2.0297	-1.9960	95.103	27.476	65.559	595.12	-0.024349	7.3895e-05	0.098460	0.0039231	33.884	0.029512	1.7785	2.4601	139.29	24.086	42.917	183.20	17.281	7.5164e-06	0.010922
100.94	0.83015	683.63	0.0014628	-2.0234	-1.9894	95.166	27.469	65.636	593.91	-0.021711	7.3676e-05	0.098263	0.0039038	34.120	0.029308	1.7787	2.4602	139.25	24.103	43.019	183.19	17.253	7.5270e-06	0.010945
101.04	0.83578	683.01	0.0014641	-2.0171	-1.9829	95.228	27.461	65.714	592.70	-0.019067	7.3459e-05	0.098067	0.0038847	34.356	0.029107	1.7788	2.4603	139.20	24.120	43.121	183.18	17.225	7.5375e-06	0.010969
101.14	0.84142	682.40	0.0014654	-2.0109	-1.9763	95.291	27.454	65.792	591.50	-0.016416	7.3243e-05	0.097872	0.0038656	34.592	0.028909	1.7790	2.4604	139.16	24.137	43.224	183.17	17.196	7.5480e-06	0.010993
101.24	0.84706	681.79	0.0014667	-2.0047	-1.9699	95.353	27.447	65.870	590.30	-0.013759	7.3030e-05	0.097678	0.0038467	34.828	0.028713	1.7792	2.4605	139.11	24.154	43.327	183.16	17.168	7.5586e-06	0.011017
101.33	0.85270	681.18	0.0014680	-1.9984	-1.9634	95.414	27.440	65.949	589.10	-0.011095	7.2818e-05	0.097485	0.0038278	35.064	0.028519	1.7793	2.4606	139.07	24.171	43.430	183.15	17.141	7.5690e-06	0.011041
101.43	0.85834	680.58	0.0014693	-1.9923	-1.9569	95.476	27.433	66.028	587.91	-0.0084244	7.2607e-05	0.097293	0.0038091	35.301	0.028328	1.7795	2.4606	139.03	24.188	43.534	183.14	17.113	7.5795e-06	0.011065
101.53	0.86398	679.97	0.0014706	-1.9861	-1.9505	95.537	27.426	66.107	586.72	-0.0057472	7.2398e-05	0.097102	0.0037905	35.538	0.028139	1.7796	2.4606	138.98	24.205	43.638	183.13	17.086	7.5899e-06	0.011089
101.63	0.86962	679.37	0.0014720	-1.9800	-1.9441	95.597	27.419	66.186	585.54	-0.0030634	7.2191e-05	0.096911	0.0037720	35.775	0.027952	1.7797	2.4607	138.94	24.222	43.743	183.12	17.058	7.6003e-06	0.011113
101.72	0.87526	678.77	0.0014733	-1.9739	-1.9377	95.658	27.412	66.266	584.36	-0.00037277	7.1985e-05	0.096722	0.0037535	36.013	0.027768	1.7798	2.4607	138.90	24.239	43.848	183.11	17.031	7.6107e-06	0.011137
101.82	0.88090	678.17	0.0014746	-1.9678	-1.9314	95.718	27.405	66.346	583.19	0.0023247	7.1781e-05	0.096533	0.0037352	36.250	0.027586	1.7799	2.4607	138.85	24.255	43.953	183.10	17.004	7.6211e-06	0.011161
101.91	0.88653	677.57	0.0014759	-1.9617	-1.9250	95.778	27.398	66.427	582.02	0.0050290	7.1578e-05	0.096346	0.0037170	36.488	0.027406	1.7800	2.4606	138.81	24.272	44.059	183.09	16.978	7.6314e-06	0.011185
102.01	0.89217	676.97	0.0014772	-1.9557	-1.9187	95.837	27.392	66.507	580.85	0.0077403	7.1376e-05	0.096159	0.0036989	36.727	0.027228	1.7801	2.4606	138.77	24.289	44.165	183.08	16.951	7.6417e-06	0.011209
102.10	0.89781	676.38	0.0014785	-1.9496	-1.9125	95.897	27.385	66.588	579.69	0.010459	7.1177e-05	0.095973	0.0036809	36.965	0.027053	1.7802	2.4606	138.73	24.306	44.271	183.06	16.925	7.6520e-06	0.011233
102.20	0.90345	675.78	0.0014798	-1.9436	-1.9062	95.956	27.379	66.670	578.53	0.013184	7.0978e-05	0.095787	0.0036630	37.204	0.026879	1.7802	2.4605	138.68	24.323	44.378	183.05	16.898	7.6623e-06	0.011257
102.29	0.90909	675.19	0.0014811	-1.9377	-1.8999	96.014	27.373	66.751	577.37	0.015916	7.0781e-05	0.095603	0.0036452	37.443	0.026708	1.7803	2.4604	138.64	24.340	44.485	183.04	16.872	7.6725e-06	0.011281
102.38	0.91473	674.60	0.0014824	-1.9317	-1.8937	96.073	27.366	66.833	576.22	0.018656	7.0585e-05	0.095420	0.0036275	37.682	0.026538	1.7803	2.4604	138.60	24.357	44.593	183.02	16.846	7.6827e-06	0.011305
102.48	0.92037	674.01	0.0014837	-1.9258	-1.8875	96.131	27.360	66.916	575.07	0.021403	7.0391e-05	0.095237	0.0036099	37.921	0.026370	1.7804	2.4603	138.56	24.374	44.701	183.01	16.820	7.6930e-06	0.011329
102.57	0.92601	673.42	0.0014850	-1.9199	-1.8813	96.189	27.354	66.998	573.93	0.024157	7.0198e-05	0.095055	0.0035923	38.161	0.026205	1.7804	2.4602	138.52	24.391	44.809	183.00	16.795	7.7031e-06	0.011353
102.66	0.93164	672.84	0.0014862	-1.9140	-1.8752	96.247	27.348	67.081	572.79	0.026918	7.0007e-05	0.094874	0.0035749	38.401	0.026041	1.7804	2.4600	138.48	24.408	44.918	182.98	16.769	7.7133e-06	0.011377
102.75	0.93728	672.25	0.0014875	-1.9081	-1.8690	96.305	27.342	67.164	571.65	0.029687	6.9816e-05	0.094693	0.0035576	38.641	0.025879	1.7804	2.4599	138.43	24.425	45.027	182.97	16.744	7.7234e-06	0.011401
102.84	0.94292	671.67	0.0014888	-1.9022	-1.8629	96.362	27.336	67.248	570.52	0.032463	6.9627e-05	0.094514	0.0035403	38.882	0.025719	1.7804	2.4598	138.39	24.442	45.137	182.95	16.719	7.7336e-06	0.011426
102.94	0.94856	671.08	0.0014901	-1.8964	-1.8568	96.419	27.331	67.332	569.38	0.035247	6.9440e-05	0.094335	0.0035231	39.122	0.025561	1.7804	2.4596	138.35	24.459	45.247	182.94	16.694	7.7437e-06	0.011450
103.03	0.95420	670.50	0.0014914	-1.8906	-1.8507	96.476	27.325	67.416	568.26	0.038038	6.9253e-05	0.094157	0.0035061	39.363	0.025404	1.7804	2.4595	138.31	24.475	45.358	182.92	16.669	7.7538e-06	0.011474
103.12	0.95984	669.92	0.0014927	-1.8848	-1.8447	96.532	27.319	67.501	567.13	0.040837	6.9068e-05	0.093980	0.0034891	39.605	0.025250	1.7804	2.4593	138.27	24.492	45.469	182.91	16.644	7.7638e-06	0.011498
103.21	0.96548	669.34	0.0014940	-1.8790	-1.8386	96.588	27.314	67.586	566.01	0.043644	6.8884e-05	0.093803	0.0034722	39.846	0.025096	1.7803	2.4591	138.23	24.509	45.580	182.89	16.619	7.7739e-06	0.011522
103.29	0.97112	668.77	0.0014953	-1.8733	-1.8326	96.644	27.308	67.671	564.90	0.046458	6.8701e-05	0.093627	0.0034554	40.088	0.024945	1.7803	2.4589	138.19	24.526	45.692	182.88	16.595	7.7839e-06	0.011547
103.38	0.97675	668.19	0.0014966	-1.8675	-1.8266	96.700	27.303	67.756	563.78	0.049280	6.8520e-05	0.093452	0.0034387	40.330	0.024795	1.7802	2.4587	138.15	24.543	45.804	182.86	16.570	7.7940e-06	0.011571
103.47	0.98239	667.62	0.0014979	-1.8618	-1.8206	96.756	27.298	67.842	562.67	0.052110	6.8339e-05	0.093278	0.0034220	40.573	0.024647	1.7802	2.4585	138.11	24.560	45.917	182.84	16.546	7.8040e-06	0.011595
103.56	0.98803	667.04	0.0014992	-1.8561	-1.8146	96.811	27.292	67.929	561.56	0.054947	6.8160e-05	0.093104	0.0034055	40.815	0.024501	1.7801	2.4583	138.07	24.577	46.030	182.83	16.522	7.8139e-06	0.011620
103.65	0.99367	666.47	0.0015004	-1.8504	-1.8087	96.866	27.287	68.015	560.46	0.057793	6.7982e-05	0.092931	0.0033890	41.058	0.024356	1.7800	2.4580	138.03	24.593	46.144	182.81	16.498	7.8239e-06	0.011644
103.74	0.99931	665.90	0.0015017	-1.8448	-1.8027	96.921	27.282	68.102	559.36	0.060646	6.7805e-05	0.092759	0.0033726	41.301	0.024212	1.7800	2.4578	137.99	24.610	46.258	182.79	16.474	7.8339e-06	0.011668
103.82	1.0049	665.33	0.0015030	-1.8391	-1.7968	96.976	27.277	68.190	558.26	0.063508	6.7629e-05	0.092587	0.0033563	41.545	0.024070	1.7799	2.4575	137.95	24.627	46.372	182.78	16.450	7.8438e-06	0.011693
103.91	1.0106	664.76	0.0015043	-1.8335	-1.7909	97.031	27.272	68.278	557.16	0.066378	6.7454e-05	0.092417	0.0033401	41.789	0.023930	1.7798	2.4572	137.91	24.644	46.487	182.76	16.427	7.8537e-06	0.011717
104.00	1.0162	664.19	0.0015056	-1.8279	-1.7850	97.085	27.267	68.366	556.07	0.069255	6.7280e-05	0.092246	0.0033239	42.033	0.023791	1.7797	2.4569	137.87	24.661	46.602	182.74	16.403	7.8636e-06	0.011742
104.08	1.0219	663.62	0.0015069	-1.8223	-1.7792	97.139	27.262	68.454	554.98	0.072141	6.7108e-05	0.092077	0.0033079	42.277	0.023654	1.7795	2.4567	137.84	24.678	46.718	182.72	16.380	7.8735e-06	0.011766
104.17	1.0275	663.06	0.0015082	-1.8167	-1.7733	97.193	27.258	68.543	553.90	0.075036	6.6936e-05	0.091908	0.0032919	42.522	0.023517	1.7794	2.4564	137.80	24.694	46.835	182.70	16.356	7.8834e-06	0.011791
104.25	1.0331	662.49	0.0015094	-1.8112	-1.7675	97.247	27.253	68.632	552.81	0.077938	6.6766e-05	0.091740	0.0032760	42.767	0.023383	1.7793	2.4560	137.76	24.711	46.951	182.69	16.333	7.8933e-06	0.011815
104.34	1.0388	661.93	0.0015107	-1.8056	-1.7617	97.300	27.248	68.722	551.73	0.080849	6.6596e-05	0.091572	0.0032602	43.012	0.023249	1.7792	2.4557	137.72	24.728	47.069	182.67	16.310	7.9031e-06	0.011840
104.42	1.0444	661.37	0.0015120	-1.8001	-1.7559	97.353	27.244	68.812	550.66	0.083769	6.6428e-05	0.091406	0.0032444	43.257	0.023117	1.7790	2.4554	137.68	24.745	47.186	182.65	16.287	7.9129e-06	0.011864
104.51	1.0501	660.81	0.0015133	-1.7946	-1.7501	97.406	27.239	68.902	549.58	0.086697	6.6260e-05	0.091239	0.0032287	43.503	0.022987	1.7789	2.4550	137.64	24.762	47.305	182.63	16.264	7.9228e-06	0.011889
104.59	1.0557	660.25	0.0015146	-1.7891	-1.7443	97.459	27.235	68.993	548.51	0.089633	6.6094e-05	0.091074	0.0032131	43.749	0.022858	1.7787	2.4547	137.61	24.778	47.424	182.61	16.242	7.9326e-06	0.011914
104.68	1.0613	659.69	0.0015159	-1.7837	-1.7386	97.512	27.231	69.084	547.44	0.092578	6.5928e-05	0.090909	0.0031976	43.996	0.022730	1.7785	2.4543	137.57	24.795	47.543	182.59	16.219	7.9424e-06	0.011939
104.76	1.0670	659.13	0.0015172	-1.7782	-1.7328	97.564	27.226	69.175	546.37	0.095532	6.5763e-05	0.090745	0.0031821	44.242	0.022603	1.7783	2.4539	137.53	24.812	47.663	182.57	16.197	7.9521e-06	0.011963
104.84	1.0726	658.57	0.0015184	-1.7728	-1.7271	97.617	27.222	69.267	545.31	0.098494	6.5600e-05	0.090581	0.0031668	44.489	0.022477	1.7782	2.4535	137.49	24.829	47.783	182.55	16.174	7.9619e-06	0.011988
104.93	1.0783	658.01	0.0015197	-1.7673	-1.7214	97.669	27.218	69.360	544.25	0.10147	6.5437e-05	0.090418	0.0031515	44.737	0.022353	1.7780	2.4532	137.45	24.845	47.904	182.53	16.152	7.9717e-06	0.012013
105.01	1.0839	657.46	0.0015210	-1.7619	-1.7157	97.721	27.214	69.452	543.19	0.10445	6.5275e-05	0.090255	0.0031362	44.984	0.022230	1.7778	2.4527	137.42	24.862	48.025	182.51	16.130	7.9814e-06	0.012038
105.09	1.0895	656.90	0.0015223	-1.7565	-1.7101	97.772	27.210	69.545	542.13	0.10743	6.5115e-05	0.090094	0.0031210	45.232	0.022108	1.7776	2.4523	137.38	24.879	48.147	182.49	16.108	7.9912e-06	0.012063
105.17	1.0952	656.35	0.0015236	-1.7511	-1.7044	97.824	27.206	69.639	541.08	0.11043	6.4955e-05	0.089932	0.0031060	45.481	0.021987	1.7773	2.4519	137.34	24.896	48.269	182.47	16.086	8.0009e-06	0.012088
105.25	1.1008	655.80	0.0015249	-1.7458	-1.6988	97.875	27.202	69.733	540.03	0.11344	6.4796e-05	0.089772	0.0030909	45.729	0.021868	1.7771	2.4515	137.31	24.912	48.392	182.45	16.064	8.0106e-06	0.012113
105.34	1.1064	655.25	0.0015261	-1.7404	-1.6931	97.927	27.199	69.827	538.98	0.11646	6.4637e-05	0.089612	0.0030760	45.978	0.021750	1.7769	2.4510	137.27	24.929	48.515	182.42	16.042	8.0203e-06	0.012138
105.42	1.1121	654.70	0.0015274	-1.7351	-1.6875	97.978	27.195	69.922	537.93	0.11948	6.4480e-05	0.089452	0.0030611	46.227	0.021632	1.7767	2.4506	137.23	24.946	48.639	182.40	16.020	8.0300e-06	0.012163
105.50	1.1177	654.15	0.0015287	-1.7298	-1.6819	98.028	27.191	70.017	536.89	0.12251	6.4324e-05	0.089293	0.0030463	46.477	0.021516	1.7764	2.4501	137.20	24.962	48.764	182.38	15.999	8.0397e-06	0.012188
105.58	1.1234	653.60	0.0015300	-1.7245	-1.6763	98.079	27.188	70.113	535.85	0.12556	6.4168e-05	0.089135	0.0030315	46.727	0.021401	1.7762	2.4496	137.16	24.979	48.889	182.36	15.977	8.0493e-06	0.012213
105.66	1.1290	653.05	0.0015313	-1.7192	-1.6707	98.130	27.184	70.209	534.81	0.12861	6.4014e-05	0.088977	0.0030168	46.977	0.021287	1.7759	2.4492	137.12	24.996	49.014	182.34	15.956	8.0590e-06	0.012238
105.74	1.1346	652.50	0.0015326	-1.7139	-1.6652	98.180	27.181	70.305	533.78	0.13167	6.3860e-05	0.088820	0.0030022	47.227	0.021174	1.7756	2.4487	137.09	25.013	49.140	182.32	15.935	8.0686e-06	0.012263
105.82	1.1403	651.95	0.0015339	-1.7086	-1.6596	98.230	27.177	70.402	532.74	0.13474	6.3707e-05	0.088663	0.0029877	47.478	0.021062	1.7754	2.4482	137.05	25.029	49.267	182.29	15.913	8.0783e-06	0.012288
105.90	1.1459	651.41	0.0015351	-1.7034	-1.6541	98.280	27.174	70.499	531.71	0.13783	6.3554e-05	0.088507	0.0029732	47.729	0.020952	1.7751	2.4476	137.01	25.046	49.394	182.27	15.892	8.0879e-06	0.012314
105.98	1.1516	650.86	0.0015364	-1.6981	-1.6486	98.330	27.170	70.597	530.68	0.14092	6.3403e-05	0.088352	0.0029588	47.981	0.020842	1.7748	2.4471	136.98	25.063	49.522	182.25	15.871	8.0975e-06	0.012339
106.05	1.1572	650.32	0.0015377	-1.6929	-1.6431	98.380	27.167	70.695	529.66	0.14402	6.3252e-05	0.088197	0.0029444	48.232	0.020733	1.7745	2.4466	136.94	25.079	49.650	182.23	15.850	8.1072e-06	0.012364
106.13	1.1628	649.78	0.0015390	-1.6877	-1.6376	98.429	27.164	70.794	528.63	0.14713	6.3102e-05	0.088042	0.0029301	48.485	0.020625	1.7742	2.4461	136.91	25.096	49.779	182.20	15.830	8.1168e-06	0.012390
106.21	1.1685	649.23	0.0015403	-1.6825	-1.6321	98.478	27.161	70.893	527.61	0.15025	6.2953e-05	0.087889	0.0029159	48.737	0.020518	1.7739	2.4455	136.87	25.113	49.909	182.18	15.809	8.1264e-06	0.012415
106.29	1.1741	648.69	0.0015416	-1.6773	-1.6266	98.528	27.158	70.992	526.59	0.15338	6.2805e-05	0.087735	0.0029017	48.990	0.020412	1.7736	2.4450	136.83	25.129	50.039	182.16	15.788	8.1359e-06	0.012441
106.37	1.1798	648.15	0.0015429	-1.6722	-1.6212	98.577	27.155	71.092	525.57	0.15651	6.2657e-05	0.087582	0.0028876	49.243	0.020307	1.7733	2.4444	136.80	25.146	50.170	182.13	15.768	8.1455e-06	0.012466
106.44	1.1854	647.61	0.0015441	-1.6670	-1.6157	98.625	27.152	71.193	524.56	0.15966	6.2510e-05	0.087430	0.0028736	49.496	0.020203	1.7729	2.4438	136.76	25.163	50.301	182.11	15.747	8.1551e-06	0.012492
106.52	1.1910	647.07	0.0015454	-1.6619	-1.6103	98.674	27.149	71.293	523.54	0.16282	6.2364e-05	0.087278	0.0028596	49.750	0.020100	1.7726	2.4432	136.73	25.179	50.433	182.08	15.727	8.1647e-06	0.012517
106.60	1.1967	646.53	0.0015467	-1.6567	-1.6049	98.723	27.146	71.395	522.53	0.16599	6.2219e-05	0.087127	0.0028457	50.004	0.019998	1.7722	2.4426	136.69	25.196	50.566	182.06	15.706	8.1742e-06	0.012543
106.68	1.2023	645.99	0.0015480	-1.6516	-1.5995	98.771	27.144	71.497	521.53	0.16917	6.2074e-05	0.086976	0.0028318	50.259	0.019897	1.7719	2.4420	136.66	25.213	50.699	182.04	15.686	8.1838e-06	0.012569
106.75	1.2079	645.46	0.0015493	-1.6465	-1.5941	98.819	27.141	71.599	520.52	0.17236	6.1930e-05	0.086826	0.0028180	50.514	0.019797	1.7715	2.4414	136.62	25.229	50.833	182.01	15.666	8.1933e-06	0.012594
106.83	1.2136	644.92	0.0015506	-1.6414	-1.5887	98.868	27.138	71.702	519.51	0.17556	6.1787e-05	0.086676	0.0028042	50.769	0.019697	1.7712	2.4408	136.59	25.246	50.968	181.99	15.646	8.2029e-06	0.012620
106.90	1.2192	644.38	0.0015519	-1.6363	-1.5833	98.916	27.136	71.805	518.51	0.17877	6.1645e-05	0.086527	0.0027906	51.025	0.019598	1.7708	2.4402	136.55	25.263	51.103	181.96	15.626	8.2124e-06	0.012646
106.98	1.2249	643.85	0.0015532	-1.6312	-1.5779	98.963	27.133	71.908	517.51	0.18199	6.1503e-05	0.086378	0.0027769	51.281	0.019501	1.7704	2.4395	136.52	25.279	51.239	181.94	15.606	8.2219e-06	0.012672
107.05	1.2305	643.31	0.0015545	-1.6262	-1.5726	99.011	27.131	72.013	516.51	0.18522	6.1362e-05	0.086230	0.0027634	51.537	0.019404	1.7701	2.4389	136.48	25.296	51.375	181.91	15.586	8.2314e-06	0.012698
107.13	1.2361	642.78	0.0015557	-1.6211	-1.5673	99.059	27.129	72.117	515.52	0.18846	6.1221e-05	0.086082	0.0027499	51.794	0.019307	1.7697	2.4382	136.45	25.313	51.512	181.89	15.566	8.2410e-06	0.012724
107.20	1.2418	642.24	0.0015570	-1.6161	-1.5619	99.106	27.126	72.223	514.52	0.19171	6.1081e-05	0.085935	0.0027364	52.051	0.019212	1.7693	2.4376	136.41	25.330	51.650	181.86	15.547	8.2505e-06	0.012750
107.28	1.2474	641.71	0.0015583	-1.6111	-1.5566	99.153	27.124	72.328	513.53	0.19498	6.0942e-05	0.085788	0.0027230	52.308	0.019118	1.7689	2.4369	136.38	25.346	51.788	181.84	15.527	8.2600e-06	0.012776
107.35	1.2531	641.18	0.0015596	-1.6061	-1.5513	99.200	27.122	72.434	512.54	0.19825	6.0804e-05	0.085642	0.0027097	52.566	0.019024	1.7685	2.4362	136.34	25.363	51.928	181.81	15.507	8.2695e-06	0.012802
107.43	1.2587	640.65	0.0015609	-1.6011	-1.5460	99.247	27.120	72.541	511.55	0.20153	6.0666e-05	0.085496	0.0026964	52.824	0.018931	1.7680	2.4355	136.31	25.380	52.068	181.79	15.488	8.2790e-06	0.012829
107.50	1.2643	640.12	0.0015622	-1.5961	-1.5407	99.294	27.118	72.648	510.56	0.20483	6.0529e-05	0.085351	0.0026832	53.082	0.018839	1.7676	2.4349	136.28	25.396	52.208	181.76	15.468	8.2885e-06	0.012855
107.58	1.2700	639.58	0.0015635	-1.5911	-1.5355	99.341	27.116	72.756	509.58	0.20813	6.0392e-05	0.085206	0.0026700	53.341	0.018747	1.7672	2.4341	136.24	25.413	52.349	181.74	15.449	8.2979e-06	0.012881
107.65	1.2756	639.05	0.0015648	-1.5861	-1.5302	99.388	27.114	72.864	508.60	0.21145	6.0256e-05	0.085061	0.0026569	53.600	0.018657	1.7668	2.4334	136.21	25.430	52.491	181.71	15.430	8.3074e-06	0.012908
107.72	1.2812	638.53	0.0015661	-1.5812	-1.5250	99.434	27.112	72.973	507.62	0.21478	6.0121e-05	0.084917	0.0026438	53.860	0.018567	1.7663	2.4327	136.17	25.447	52.634	181.68	15.411	8.3169e-06	0.012934
107.79	1.2869	638.00	0.0015674	-1.5762	-1.5197	99.480	27.110	73.082	506.64	0.21812	5.9986e-05	0.084774	0.0026308	54.120	0.018477	1.7659	2.4320	136.14	25.463	52.778	181.66	15.391	8.3264e-06	0.012961
107.87	1.2925	637.47	0.0015687	-1.5713	-1.5145	99.527	27.108	73.192	505.66	0.22146	5.9852e-05	0.084630	0.0026178	54.380	0.018389	1.7654	2.4312	136.11	25.480	52.922	181.63	15.372	8.3358e-06	0.012987
107.94	1.2982	636.94	0.0015700	-1.5664	-1.5093	99.573	27.107	73.302	504.68	0.22483	5.9718e-05	0.084488	0.0026049	54.641	0.018301	1.7649	2.4305	136.07	25.497	53.067	181.61	15.353	8.3453e-06	0.013014
108.01	1.3038	636.41	0.0015713	-1.5614	-1.5041	99.619	27.105	73.413	503.71	0.22820	5.9585e-05	0.084346	0.0025921	54.902	0.018214	1.7645	2.4297	136.04	25.514	53.212	181.58	15.334	8.3548e-06	0.013040
108.08	1.3094	635.89	0.0015726	-1.5565	-1.4989	99.664	27.103	73.525	502.74	0.23158	5.9453e-05	0.084204	0.0025793	55.164	0.018128	1.7640	2.4290	136.00	25.531	53.359	181.55	15.315	8.3642e-06	0.013067
108.16	1.3151	635.36	0.0015739	-1.5516	-1.4937	99.710	27.102	73.637	501.77	0.23498	5.9321e-05	0.084063	0.0025665	55.426	0.018042	1.7635	2.4282	135.97	25.547	53.506	181.52	15.297	8.3737e-06	0.013094
108.23	1.3207	634.83	0.0015752	-1.5468	-1.4885	99.756	27.100	73.749	500.80	0.23838	5.9190e-05	0.083922	0.0025539	55.688	0.017957	1.7630	2.4274	135.94	25.564	53.654	181.50	15.278	8.3831e-06	0.013121
108.30	1.3264	634.31	0.0015765	-1.5419	-1.4833	99.801	27.099	73.862	499.83	0.24180	5.9060e-05	0.083781	0.0025412	55.951	0.017873	1.7625	2.4266	135.90	25.581	53.803	181.47	15.259	8.3926e-06	0.013148
108.37	1.3320	633.78	0.0015778	-1.5370	-1.4782	99.847	27.097	73.976	498.87	0.24523	5.8929e-05	0.083641	0.0025286	56.214	0.017789	1.7620	2.4258	135.87	25.598	53.953	181.44	15.240	8.4020e-06	0.013175
108.44	1.3376	633.26	0.0015791	-1.5322	-1.4730	99.892	27.096	74.090	497.91	0.24867	5.8800e-05	0.083502	0.0025161	56.477	0.017706	1.7615	2.4250	135.84	25.615	54.103	181.42	15.222	8.4115e-06	0.013202
108.51	1.3433	632.74	0.0015804	-1.5273	-1.4679	99.937	27.095	74.205	496.94	0.25213	5.8671e-05	0.083362	0.0025036	56.741	0.017624	1.7610	2.4242	135.80	25.632	54.254	181.39	15.203	8.4209e-06	0.013229
108.58	1.3489	632.21	0.0015817	-1.5225	-1.4627	99.982	27.094	74.320	495.98	0.25559	5.8543e-05	0.083224	0.0024911	57.005	0.017542	1.7605	2.4234	135.77	25.649	54.406	181.36	15.185	8.4304e-06	0.013256
108.65	1.3546	631.69	0.0015831	-1.5177	-1.4576	100.03	27.093	74.436	495.03	0.25907	5.8415e-05	0.083085	0.0024788	57.270	0.017461	1.7600	2.4226	135.74	25.666	54.559	181.33	15.166	8.4398e-06	0.013283
108.72	1.3602	631.17	0.0015844	-1.5129	-1.4525	100.07	27.092	74.552	494.07	0.26256	5.8287e-05	0.082947	0.0024664	57.535	0.017381	1.7595	2.4217	135.71	25.683	54.713	181.31	15.148	8.4492e-06	0.013310
108.79	1.3658	630.65	0.0015857	-1.5081	-1.4474	100.12	27.090	74.670	493.12	0.26606	5.8160e-05	0.082810	0.0024541	57.801	0.017301	1.7589	2.4209	135.67	25.700	54.867	181.28	15.130	8.4587e-06	0.013338
108.86	1.3715	630.12	0.0015870	-1.5033	-1.4423	100.16	27.090	74.787	492.16	0.26957	5.8034e-05	0.082673	0.0024419	58.067	0.017222	1.7584	2.4200	135.64	25.717	55.023	181.25	15.111	8.4681e-06	0.013365
108.93	1.3771	629.60	0.0015883	-1.4985	-1.4372	100.21	27.089	74.905	491.21	0.27310	5.7908e-05	0.082536	0.0024297	58.333	0.017143	1.7578	2.4192	135.61	25.734	55.179	181.22	15.093	8.4775e-06	0.013392
109.00	1.3827	629.08	0.0015896	-1.4937	-1.4321	100.25	27.088	75.024	490.26	0.27664	5.7783e-05	0.082400	0.0024175	58.600	0.017065	1.7573	2.4183	135.57	25.751	55.336	181.19	15.075	8.4870e-06	0.013420
109.07	1.3884	628.56	0.0015909	-1.4889	-1.4271	100.29	27.087	75.144	489.31	0.28019	5.7658e-05	0.082264	0.0024054	58.867	0.016987	1.7567	2.4174	135.54	25.768	55.494	181.16	15.057	8.4964e-06	0.013448
109.14	1.3940	628.04	0.0015922	-1.4842	-1.4220	100.34	27.086	75.264	488.37	0.28375	5.7534e-05	0.082128	0.0023934	59.135	0.016911	1.7561	2.4165	135.51	25.785	55.653	181.14	15.039	8.5058e-06	0.013475
109.21	1.3997	627.52	0.0015936	-1.4794	-1.4169	100.38	27.086	75.385	487.42	0.28732	5.7410e-05	0.081993	0.0023814	59.403	0.016834	1.7556	2.4156	135.48	25.802	55.813	181.11	15.021	8.5153e-06	0.013503
109.28	1.4053	627.00	0.0015949	-1.4747	-1.4119	100.43	27.085	75.506	486.48	0.29091	5.7287e-05	0.081859	0.0023694	59.671	0.016759	1.7550	2.4147	135.44	25.819	55.973	181.08	15.003	8.5247e-06	0.013531
109.35	1.4109	626.48	0.0015962	-1.4699	-1.4069	100.47	27.084	75.628	485.53	0.29451	5.7164e-05	0.081724	0.0023575	59.940	0.016683	1.7544	2.4138	135.41	25.837	56.135	181.05	14.985	8.5341e-06	0.013559
109.41	1.4166	625.97	0.0015975	-1.4652	-1.4018	100.51	27.084	75.751	484.59	0.29813	5.7042e-05	0.081590	0.0023456	60.209	0.016609	1.7538	2.4129	135.38	25.854	56.298	181.02	14.967	8.5436e-06	0.013587
109.48	1.4222	625.45	0.0015989	-1.4605	-1.3968	100.56	27.083	75.874	483.65	0.30175	5.6920e-05	0.081457	0.0023338	60.479	0.016535	1.7532	2.4120	135.35	25.871	56.461	180.99	14.949	8.5530e-06	0.013615
109.55	1.4279	624.93	0.0016002	-1.4558	-1.3918	100.60	27.083	75.998	482.72	0.30539	5.6798e-05	0.081324	0.0023220	60.749	0.016461	1.7526	2.4110	135.31	25.889	56.626	180.96	14.931	8.5624e-06	0.013643
109.62	1.4335	624.41	0.0016015	-1.4511	-1.3868	100.64	27.083	76.122	481.78	0.30904	5.6677e-05	0.081191	0.0023103	61.020	0.016388	1.7520	2.4101	135.28	25.906	56.791	180.93	14.913	8.5719e-06	0.013671
109.68	1.4391	623.90	0.0016028	-1.4464	-1.3818	100.69	27.082	76.247	480.84	0.31271	5.6557e-05	0.081059	0.0022986	61.291	0.016316	1.7514	2.4091	135.25	25.923	56.958	180.90	14.895	8.5813e-06	0.013699
109.75	1.4448	623.38	0.0016042	-1.4417	-1.3768	100.73	27.082	76.373	479.91	0.31639	5.6437e-05	0.080927	0.0022869	61.562	0.016244	1.7508	2.4082	135.22	25.941	57.125	180.87	14.878	8.5908e-06	0.013727
109.82	1.4504	622.86	0.0016055	-1.4371	-1.3718	100.77	27.082	76.500	478.98	0.32008	5.6317e-05	0.080795	0.0022753	61.834	0.016172	1.7501	2.4072	135.18	25.958	57.293	180.84	14.860	8.6002e-06	0.013756
109.88	1.4561	622.35	0.0016068	-1.4324	-1.3668	100.82	27.082	76.627	478.05	0.32378	5.6198e-05	0.080664	0.0022638	62.106	0.016101	1.7495	2.4063	135.15	25.976	57.463	180.81	14.842	8.6096e-06	0.013784
109.95	1.4617	621.83	0.0016082	-1.4277	-1.3619	100.86	27.082	76.755	477.12	0.32750	5.6080e-05	0.080533	0.0022523	62.379	0.016031	1.7488	2.4053	135.12	25.993	57.633	180.78	14.825	8.6191e-06	0.013813
110.02	1.4673	621.31	0.0016095	-1.4231	-1.3569	100.90	27.082	76.883	476.19	0.33124	5.5961e-05	0.080402	0.0022408	62.653	0.015961	1.7482	2.4043	135.09	26.011	57.805	180.75	14.807	8.6285e-06	0.013841
110.08	1.4730	620.80	0.0016108	-1.4184	-1.3520	100.94	27.082	77.013	475.26	0.33498	5.5844e-05	0.080272	0.0022294	62.926	0.015892	1.7475	2.4033	135.06	26.029	57.977	180.72	14.790	8.6380e-06	0.013870
110.15	1.4786	620.28	0.0016122	-1.4138	-1.3470	100.99	27.082	77.143	474.34	0.33874	5.5726e-05	0.080142	0.0022180	63.200	0.015823	1.7469	2.4023	135.02	26.046	58.150	180.69	14.772	8.6474e-06	0.013899
110.22	1.4842	619.77	0.0016135	-1.4092	-1.3421	101.03	27.082	77.273	473.42	0.34251	5.5609e-05	0.080013	0.0022067	63.475	0.015754	1.7462	2.4013	134.99	26.064	58.325	180.66	14.755	8.6569e-06	0.013928
110.28	1.4899	619.26	0.0016148	-1.4046	-1.3372	101.07	27.082	77.405	472.49	0.34630	5.5493e-05	0.079884	0.0021954	63.750	0.015686	1.7455	2.4002	134.96	26.082	58.501	180.63	14.737	8.6663e-06	0.013957
110.35	1.4955	618.74	0.0016162	-1.4000	-1.3322	101.11	27.083	77.537	471.57	0.35010	5.5376e-05	0.079755	0.0021841	64.026	0.015619	1.7449	2.3992	134.93	26.100	58.677	180.60	14.720	8.6758e-06	0.013986
110.41	1.5012	618.23	0.0016175	-1.3953	-1.3273	101.16	27.083	77.669	470.65	0.35392	5.5261e-05	0.079626	0.0021729	64.302	0.015552	1.7442	2.3982	134.90	26.118	58.855	180.57	14.703	8.6852e-06	0.014015
110.48	1.5068	617.71	0.0016189	-1.3908	-1.3224	101.20	27.083	77.803	469.73	0.35775	5.5145e-05	0.079498	0.0021617	64.578	0.015485	1.7435	2.3971	134.87	26.136	59.034	180.54	14.685	8.6947e-06	0.014044
110.54	1.5124	617.20	0.0016202	-1.3862	-1.3175	101.24	27.084	77.937	468.82	0.36159	5.5031e-05	0.079371	0.0021506	64.855	0.015419	1.7428	2.3961	134.83	26.154	59.214	180.51	14.668	8.7042e-06	0.014073
110.61	1.5181	616.69	0.0016216	-1.3816	-1.3126	101.28	27.084	78.072	467.90	0.36545	5.4916e-05	0.079243	0.0021395	65.133	0.015353	1.7421	2.3950	134.80	26.172	59.395	180.47	14.651	8.7136e-06	0.014103
110.67	1.5237	616.17	0.0016229	-1.3770	-1.3077	101.32	27.085	78.208	466.99	0.36932	5.4802e-05	0.079116	0.0021284	65.411	0.015288	1.7414	2.3940	134.77	26.190	59.577	180.44	14.634	8.7231e-06	0.014132
110.74	1.5294	615.66	0.0016243	-1.3724	-1.3029	101.37	27.086	78.344	466.07	0.37321	5.4688e-05	0.078990	0.0021174	65.689	0.015223	1.7407	2.3929	134.74	26.208	59.761	180.41	14.616	8.7326e-06	0.014161
110.80	1.5350	615.15	0.0016256	-1.3679	-1.2980	101.41	27.086	78.482	465.16	0.37711	5.4575e-05	0.078863	0.0021065	65.968	0.015159	1.7400	2.3918	134.71	26.226	59.945	180.38	14.599	8.7421e-06	0.014191
110.86	1.5406	614.64	0.0016270	-1.3633	-1.2931	101.45	27.087	78.620	464.25	0.38102	5.4462e-05	0.078737	0.0020955	66.247	0.015095	1.7392	2.3907	134.68	26.245	60.131	180.35	14.582	8.7516e-06	0.014221
110.93	1.5463	614.12	0.0016283	-1.3588	-1.2882	101.49	27.088	78.758	463.34	0.38495	5.4349e-05	0.078612	0.0020847	66.527	0.015031	1.7385	2.3896	134.65	26.263	60.318	180.32	14.565	8.7610e-06	0.014250
110.99	1.5519	613.61	0.0016297	-1.3542	-1.2834	101.53	27.089	78.898	462.43	0.38890	5.4237e-05	0.078486	0.0020738	66.808	0.014968	1.7378	2.3885	134.61	26.281	60.506	180.28	14.548	8.7705e-06	0.014280
111.06	1.5576	613.10	0.0016311	-1.3497	-1.2785	101.57	27.090	79.038	461.52	0.39286	5.4125e-05	0.078361	0.0020630	67.088	0.014906	1.7370	2.3874	134.58	26.300	60.696	180.25	14.531	8.7800e-06	0.014310
111.12	1.5632	612.59	0.0016324	-1.3452	-1.2737	101.61	27.091	79.179	460.62	0.39684	5.4014e-05	0.078237	0.0020522	67.370	0.014843	1.7363	2.3863	134.55	26.318	60.886	180.22	14.514	8.7895e-06	0.014340
111.18	1.5688	612.08	0.0016338	-1.3407	-1.2689	101.66	27.092	79.321	459.71	0.40083	5.3903e-05	0.078112	0.0020415	67.652	0.014782	1.7355	2.3851	134.52	26.337	61.078	180.19	14.497	8.7990e-06	0.014370
111.25	1.5745	611.57	0.0016351	-1.3362	-1.2640	101.70	27.093	79.464	458.81	0.40483	5.3792e-05	0.077988	0.0020308	67.934	0.014720	1.7347	2.3840	134.49	26.356	61.271	180.15	14.480	8.8086e-06	0.014401
111.31	1.5801	611.05	0.0016365	-1.3317	-1.2592	101.74	27.094	79.608	457.90	0.40885	5.3682e-05	0.077865	0.0020202	68.217	0.014659	1.7340	2.3829	134.46	26.374	61.465	180.12	14.463	8.8181e-06	0.014431
111.37	1.5857	610.54	0.0016379	-1.3272	-1.2544	101.78	27.095	79.752	457.00	0.41289	5.3572e-05	0.077741	0.0020095	68.500	0.014599	1.7332	2.3817	134.43	26.393	61.661	180.09	14.446	8.8276e-06	0.014461
111.43	1.5914	610.03	0.0016393	-1.3227	-1.2496	101.82	27.096	79.897	456.10	0.41694	5.3462e-05	0.077618	0.0019990	68.784	0.014538	1.7324	2.3805	134.40	26.412	61.858	180.05	14.429	8.8371e-06	0.014492
111.50	1.5970	609.52	0.0016406	-1.3182	-1.2448	101.86	27.098	80.043	455.20	0.42101	5.3353e-05	0.077496	0.0019884	69.068	0.014478	1.7316	2.3794	134.37	26.431	62.056	180.02	14.412	8.8467e-06	0.014522
111.56	1.6027	609.01	0.0016420	-1.3137	-1.2400	101.90	27.099	80.190	454.30	0.42509	5.3244e-05	0.077373	0.0019779	69.353	0.014419	1.7308	2.3782	134.33	26.450	62.255	179.99	14.395	8.8562e-06	0.014553
111.62	1.6083	608.50	0.0016434	-1.3092	-1.2352	101.94	27.100	80.338	453.41	0.42919	5.3135e-05	0.077251	0.0019675	69.639	0.014360	1.7301	2.3770	134.30	26.469	62.456	179.95	14.378	8.8658e-06	0.014584
111.68	1.6139	607.99	0.0016448	-1.3048	-1.2304	101.98	27.102	80.487	452.51	0.43331	5.3027e-05	0.077129	0.0019570	69.925	0.014301	1.7292	2.3758	134.27	26.488	62.658	179.92	14.361	8.8753e-06	0.014615
111.75	1.6196	607.48	0.0016461	-1.3003	-1.2256	102.02	27.103	80.636	451.62	0.43744	5.2919e-05	0.077008	0.0019467	70.211	0.014243	1.7284	2.3746	134.24	26.507	62.861	179.89	14.344	8.8849e-06	0.014646
111.81	1.6252	606.97	0.0016475	-1.2958	-1.2208	102.06	27.105	80.787	450.72	0.44159	5.2811e-05	0.076887	0.0019363	70.498	0.014185	1.7276	2.3734	134.21	26.526	63.066	179.85	14.328	8.8944e-06	0.014677
111.87	1.6309	606.46	0.0016489	-1.2914	-1.2161	102.10	27.107	80.938	449.83	0.44575	5.2704e-05	0.076766	0.0019260	70.786	0.014127	1.7268	2.3722	134.18	26.546	63.273	179.82	14.311	8.9040e-06	0.014708
111.93	1.6365	605.95	0.0016503	-1.2869	-1.2113	102.14	27.108	81.090	448.94	0.44993	5.2597e-05	0.076645	0.0019157	71.074	0.014070	1.7260	2.3710	134.15	26.565	63.480	179.79	14.294	8.9136e-06	0.014739
111.99	1.6421	605.44	0.0016517	-1.2825	-1.2065	102.18	27.110	81.243	448.05	0.45413	5.2490e-05	0.076525	0.0019055	71.362	0.014013	1.7251	2.3698	134.12	26.585	63.689	179.75	14.277	8.9232e-06	0.014771
112.05	1.6478	604.93	0.0016531	-1.2781	-1.2018	102.22	27.112	81.397	447.16	0.45834	5.2384e-05	0.076405	0.0018953	71.652	0.013956	1.7243	2.3685	134.09	26.604	63.900	179.72	14.261	8.9328e-06	0.014802
112.11	1.6534	604.42	0.0016545	-1.2736	-1.1970	102.26	27.114	81.552	446.27	0.46258	5.2278e-05	0.076285	0.0018851	71.941	0.013900	1.7235	2.3673	134.06	26.624	64.111	179.68	14.244	8.9424e-06	0.014834
112.17	1.6590	603.91	0.0016559	-1.2692	-1.1923	102.30	27.116	81.708	445.38	0.46682	5.2172e-05	0.076166	0.0018750	72.232	0.013844	1.7226	2.3660	134.03	26.644	64.325	179.65	14.227	8.9520e-06	0.014865
112.23	1.6647	603.40	0.0016573	-1.2648	-1.1875	102.34	27.118	81.865	444.49	0.47109	5.2067e-05	0.076047	0.0018649	72.522	0.013789	1.7217	2.3648	134.00	26.663	64.540	179.61	14.210	8.9616e-06	0.014897
112.29	1.6703	602.89	0.0016587	-1.2604	-1.1828	102.38	27.120	82.022	443.61	0.47537	5.1962e-05	0.075928	0.0018548	72.814	0.013734	1.7209	2.3635	133.96	26.683	64.756	179.58	14.194	8.9712e-06	0.014929
112.36	1.6760	602.38	0.0016601	-1.2560	-1.1781	102.42	27.122	82.181	442.72	0.47967	5.1857e-05	0.075810	0.0018448	73.106	0.013679	1.7200	2.3622	133.93	26.703	64.974	179.54	14.177	8.9809e-06	0.014961
112.42	1.6816	601.87	0.0016615	-1.2516	-1.1733	102.46	27.124	82.341	441.84	0.48398	5.1753e-05	0.075692	0.0018348	73.398	0.013624	1.7191	2.3609	133.90	26.723	65.193	179.51	14.160	8.9905e-06	0.014993
112.48	1.6872	601.36	0.0016629	-1.2472	-1.1686	102.50	27.127	82.501	440.96	0.48831	5.1648e-05	0.075574	0.0018248	73.691	0.013570	1.7182	2.3596	133.87	26.743	65.414	179.47	14.144	9.0002e-06	0.015026
112.54	1.6929	600.85	0.0016643	-1.2428	-1.1639	102.54	27.129	82.663	440.08	0.49266	5.1545e-05	0.075456	0.0018149	73.985	0.013516	1.7174	2.3584	133.84	26.763	65.636	179.44	14.127	9.0098e-06	0.015058
112.59	1.6985	600.34	0.0016657	-1.2384	-1.1592	102.58	27.131	82.826	439.19	0.49703	5.1441e-05	0.075339	0.0018050	74.279	0.013463	1.7165	2.3570	133.81	26.784	65.860	179.40	14.110	9.0195e-06	0.015090
112.65	1.7042	599.83	0.0016671	-1.2341	-1.1545	102.62	27.134	82.989	438.31	0.50142	5.1338e-05	0.075222	0.0017952	74.574	0.013410	1.7156	2.3557	133.78	26.804	66.085	179.36	14.094	9.0292e-06	0.015123
112.71	1.7098	599.32	0.0016686	-1.2297	-1.1498	102.66	27.136	83.154	437.44	0.50582	5.1235e-05	0.075105	0.0017854	74.869	0.013357	1.7147	2.3544	133.75	26.824	66.313	179.33	14.077	9.0389e-06	0.015156
112.77	1.7154	598.81	0.0016700	-1.2253	-1.1451	102.70	27.139	83.319	436.56	0.51024	5.1132e-05	0.074989	0.0017756	75.165	0.013304	1.7137	2.3531	133.72	26.845	66.541	179.29	14.060	9.0486e-06	0.015188
112.83	1.7211	598.30	0.0016714	-1.2210	-1.1404	102.74	27.141	83.486	435.68	0.51468	5.1029e-05	0.074873	0.0017658	75.461	0.013252	1.7128	2.3517	133.69	26.865	66.772	179.26	14.044	9.0583e-06	0.015221
112.89	1.7267	597.79	0.0016728	-1.2166	-1.1357	102.78	27.144	83.654	434.80	0.51914	5.0927e-05	0.074757	0.0017561	75.758	0.013200	1.7119	2.3504	133.66	26.886	67.004	179.22	14.027	9.0680e-06	0.015254
112.95	1.7324	597.28	0.0016742	-1.2122	-1.1310	102.82	27.147	83.823	433.93	0.52362	5.0825e-05	0.074642	0.0017464	76.056	0.013148	1.7110	2.3490	133.63	26.907	67.237	179.18	14.010	9.0777e-06	0.015287
113.01	1.7380	596.77	0.0016757	-1.2079	-1.1263	102.86	27.150	83.993	433.05	0.52811	5.0724e-05	0.074526	0.0017368	76.354	0.013097	1.7100	2.3477	133.60	26.928	67.472	179.15	13.994	9.0875e-06	0.015321
113.07	1.7436	596.26	0.0016771	-1.2036	-1.1216	102.90	27.152	84.164	432.18	0.53263	5.0622e-05	0.074411	0.0017272	76.653	0.013046	1.7091	2.3463	133.57	26.949	67.709	179.11	13.977	9.0972e-06	0.015354
113.13	1.7493	595.75	0.0016785	-1.1992	-1.1170	102.94	27.155	84.336	431.31	0.53716	5.0521e-05	0.074296	0.0017176	76.953	0.012995	1.7081	2.3449	133.54	26.970	67.948	179.07	13.961	9.1070e-06	0.015388
113.18	1.7549	595.24	0.0016800	-1.1949	-1.1123	102.97	27.158	84.509	430.44	0.54171	5.0420e-05	0.074182	0.0017080	77.253	0.012945	1.7072	2.3436	133.51	26.991	68.189	179.03	13.944	9.1168e-06	0.015421
113.24	1.7605	594.73	0.0016814	-1.1906	-1.1076	103.01	27.161	84.683	429.56	0.54628	5.0320e-05	0.074068	0.0016985	77.553	0.012894	1.7062	2.3422	133.48	27.012	68.431	179.00	13.928	9.1266e-06	0.015455
113.30	1.7662	594.22	0.0016829	-1.1862	-1.1030	103.05	27.164	84.858	428.69	0.55087	5.0219e-05	0.073954	0.0016890	77.855	0.012844	1.7053	2.3408	133.45	27.033	68.675	178.96	13.911	9.1363e-06	0.015489
113.36	1.7718	593.71	0.0016843	-1.1819	-1.0983	103.09	27.168	85.035	427.82	0.55548	5.0119e-05	0.073840	0.0016796	78.156	0.012795	1.7043	2.3394	133.42	27.055	68.921	178.92	13.894	9.1462e-06	0.015523
113.42	1.7775	593.20	0.0016858	-1.1776	-1.0937	103.13	27.171	85.213	426.96	0.56011	5.0020e-05	0.073727	0.0016701	78.459	0.012746	1.7033	2.3379	133.39	27.076	69.168	178.88	13.878	9.1560e-06	0.015557
113.47	1.7831	592.69	0.0016872	-1.1733	-1.0890	103.17	27.174	85.391	426.09	0.56475	4.9920e-05	0.073614	0.0016607	78.762	0.012696	1.7023	2.3365	133.36	27.098	69.417	178.85	13.861	9.1658e-06	0.015591
113.53	1.7887	592.18	0.0016887	-1.1690	-1.0844	103.21	27.178	85.571	425.22	0.56942	4.9821e-05	0.073501	0.0016514	79.066	0.012648	1.7013	2.3351	133.33	27.119	69.669	178.81	13.845	9.1756e-06	0.015626
113.59	1.7944	591.67	0.0016901	-1.1647	-1.0797	103.25	27.181	85.752	424.35	0.57411	4.9722e-05	0.073388	0.0016421	79.370	0.012599	1.7003	2.3336	133.30	27.141	69.922	178.77	13.828	9.1855e-06	0.015660
113.65	1.8000	591.16	0.0016916	-1.1604	-1.0751	103.28	27.184	85.935	423.49	0.57882	4.9623e-05	0.073276	0.0016328	79.675	0.012551	1.6993	2.3322	133.27	27.163	70.177	178.73	13.812	9.1954e-06	0.015695
113.70	1.8057	590.65	0.0016930	-1.1561	-1.0705	103.32	27.188	86.118	422.62	0.58354	4.9524e-05	0.073164	0.0016235	79.981	0.012503	1.6983	2.3307	133.24	27.185	70.434	178.69	13.795	9.2052e-06	0.015730
113.76	1.8113	590.14	0.0016945	-1.1518	-1.0658	103.36	27.192	86.303	421.76	0.58829	4.9426e-05	0.073052	0.0016143	80.287	0.012455	1.6973	2.3293	133.20	27.207	70.692	178.65	13.779	9.2151e-06	0.015764
113.82	1.8169	589.63	0.0016960	-1.1475	-1.0612	103.40	27.195	86.489	420.90	0.59306	4.9328e-05	0.072941	0.0016051	80.594	0.012408	1.6963	2.3278	133.17	27.229	70.953	178.61	13.762	9.2250e-06	0.015799
113.87	1.8226	589.12	0.0016975	-1.1432	-1.0566	103.44	27.199	86.677	420.03	0.59785	4.9230e-05	0.072830	0.0015959	80.902	0.012361	1.6952	2.3263	133.14	27.251	71.216	178.57	13.746	9.2350e-06	0.015835
113.93	1.8282	588.61	0.0016989	-1.1390	-1.0520	103.48	27.203	86.865	419.17	0.60266	4.9132e-05	0.072719	0.0015868	81.210	0.012314	1.6942	2.3249	133.11	27.273	71.481	178.54	13.729	9.2449e-06	0.015870
113.99	1.8339	588.10	0.0017004	-1.1347	-1.0473	103.51	27.207	87.055	418.31	0.60749	4.9035e-05	0.072608	0.0015777	81.519	0.012267	1.6932	2.3234	133.08	27.295	71.747	178.50	13.712	9.2548e-06	0.015905
114.04	1.8395	587.58	0.0017019	-1.1304	-1.0427	103.55	27.211	87.246	417.45	0.61234	4.8938e-05	0.072497	0.0015686	81.829	0.012221	1.6921	2.3219	133.05	27.318	72.016	178.46	13.696	9.2648e-06	0.015941
114.10	1.8451	587.07	0.0017034	-1.1262	-1.0381	103.59	27.215	87.438	416.59	0.61721	4.8841e-05	0.072387	0.0015595	82.139	0.012174	1.6911	2.3203	133.02	27.340	72.287	178.42	13.679	9.2748e-06	0.015977
114.16	1.8508	586.56	0.0017049	-1.1219	-1.0335	103.63	27.219	87.632	415.73	0.62210	4.8744e-05	0.072277	0.0015505	82.450	0.012129	1.6900	2.3188	132.99	27.363	72.560	178.38	13.663	9.2847e-06	0.016013
114.21	1.8564	586.05	0.0017063	-1.1176	-1.0289	103.67	27.223	87.827	414.88	0.62702	4.8648e-05	0.072167	0.0015415	82.762	0.012083	1.6889	2.3173	132.96	27.386	72.834	178.34	13.646	9.2947e-06	0.016049
114.27	1.8620	585.54	0.0017078	-1.1134	-1.0243	103.70	27.227	88.024	414.02	0.63195	4.8551e-05	0.072058	0.0015326	83.074	0.012037	1.6879	2.3158	132.93	27.409	73.112	178.30	13.630	9.3048e-06	0.016085
114.32	1.8677	585.02	0.0017093	-1.1091	-1.0197	103.74	27.231	88.221	413.16	0.63691	4.8455e-05	0.071949	0.0015237	83.387	0.011992	1.6868	2.3142	132.90	27.432	73.391	178.26	13.613	9.3148e-06	0.016121
114.38	1.8733	584.51	0.0017108	-1.1049	-1.0151	103.78	27.236	88.420	412.30	0.64189	4.8359e-05	0.071840	0.0015148	83.701	0.011947	1.6857	2.3127	132.87	27.455	73.672	178.22	13.597	9.3248e-06	0.016158
114.44	1.8790	584.00	0.0017123	-1.1006	-1.0105	103.82	27.240	88.621	411.45	0.64689	4.8264e-05	0.071731	0.0015059	84.015	0.011903	1.6846	2.3111	132.84	27.478	73.956	178.18	13.580	9.3349e-06	0.016194
114.49	1.8846	583.49	0.0017138	-1.0964	-1.0059	103.85	27.245	88.823	410.59	0.65192	4.8168e-05	0.071623	0.0014971	84.330	0.011858	1.6835	2.3096	132.81	27.501	74.241	178.14	13.564	9.3450e-06	0.016231
114.55	1.8902	582.97	0.0017153	-1.0922	-1.0013	103.89	27.249	89.026	409.74	0.65696	4.8073e-05	0.071515	0.0014883	84.646	0.011814	1.6824	2.3080	132.78	27.524	74.530	178.09	13.547	9.3551e-06	0.016268
114.60	1.8959	582.46	0.0017169	-1.0879	-0.99675	103.93	27.254	89.231	408.89	0.66203	4.7978e-05	0.071407	0.0014795	84.962	0.011770	1.6813	2.3064	132.75	27.548	74.820	178.05	13.530	9.3652e-06	0.016305
114.66	1.9015	581.95	0.0017184	-1.0837	-0.99217	103.97	27.258	89.437	408.03	0.66713	4.7883e-05	0.071299	0.0014707	85.279	0.011726	1.6802	2.3048	132.72	27.571	75.112	178.01	13.514	9.3753e-06	0.016342
114.71	1.9072	581.43	0.0017199	-1.0795	-0.98759	104.01	27.263	89.645	407.18	0.67224	4.7789e-05	0.071191	0.0014620	85.597	0.011683	1.6791	2.3032	132.69	27.595	75.407	177.97	13.497	9.3854e-06	0.016379
114.77	1.9128	580.92	0.0017214	-1.0753	-0.98301	104.04	27.268	89.854	406.33	0.67738	4.7694e-05	0.071084	0.0014533	85.916	0.011639	1.6779	2.3016	132.66	27.618	75.705	177.93	13.481	9.3956e-06	0.016417
114.82	1.9184	580.40	0.0017229	-1.0710	-0.97844	104.08	27.273	90.065	405.48	0.68254	4.7600e-05	0.070977	0.0014447	86.235	0.011596	1.6768	2.3000	132.63	27.642	76.004	177.89	13.464	9.4058e-06	0.016455
114.87	1.9241	579.89	0.0017245	-1.0668	-0.97386	104.12	27.278	90.277	404.63	0.68773	4.7506e-05	0.070870	0.0014360	86.555	0.011553	1.6756	2.2984	132.60	27.666	76.306	177.85	13.448	9.4160e-06	0.016492
114.93	1.9297	579.37	0.0017260	-1.0626	-0.96929	104.16	27.283	90.491	403.78	0.69293	4.7412e-05	0.070764	0.0014274	86.876	0.011511	1.6745	2.2967	132.57	27.690	76.611	177.80	13.431	9.4262e-06	0.016530
114.98	1.9354	578.86	0.0017275	-1.0584	-0.96473	104.19	27.288	90.706	402.93	0.69817	4.7318e-05	0.070658	0.0014189	87.198	0.011468	1.6733	2.2951	132.54	27.714	76.917	177.76	13.414	9.4364e-06	0.016569
115.04	1.9410	578.34	0.0017291	-1.0542	-0.96016	104.23	27.293	90.923	402.08	0.70342	4.7225e-05	0.070552	0.0014103	87.520	0.011426	1.6722	2.2934	132.51	27.738	77.227	177.72	13.398	9.4466e-06	0.016607
115.09	1.9466	577.83	0.0017306	-1.0500	-0.95560	104.27	27.298	91.141	401.23	0.70870	4.7132e-05	0.070446	0.0014018	87.843	0.011384	1.6710	2.2918	132.48	27.762	77.539	177.68	13.381	9.4569e-06	0.016645
115.15	1.9523	577.31	0.0017322	-1.0458	-0.95104	104.30	27.304	91.362	400.38	0.71401	4.7039e-05	0.070340	0.0013933	88.167	0.011342	1.6698	2.2901	132.45	27.787	77.853	177.63	13.365	9.4672e-06	0.016684
115.20	1.9579	576.80	0.0017337	-1.0416	-0.94648	104.34	27.309	91.583	399.54	0.71934	4.6946e-05	0.070235	0.0013848	88.491	0.011301	1.6686	2.2885	132.42	27.811	78.170	177.59	13.348	9.4775e-06	0.016723
115.25	1.9635	576.28	0.0017353	-1.0374	-0.94193	104.38	27.315	91.807	398.69	0.72469	4.6853e-05	0.070130	0.0013764	88.817	0.011259	1.6675	2.2868	132.39	27.836	78.490	177.55	13.331	9.4878e-06	0.016762
115.31	1.9692	575.76	0.0017368	-1.0332	-0.93737	104.42	27.320	92.032	397.84	0.73007	4.6760e-05	0.070025	0.0013680	89.143	0.011218	1.6663	2.2851	132.36	27.861	78.812	177.50	13.315	9.4981e-06	0.016801
115.36	1.9748	575.24	0.0017384	-1.0290	-0.93282	104.45	27.326	92.258	397.00	0.73548	4.6668e-05	0.069921	0.0013596	89.470	0.011177	1.6651	2.2834	132.33	27.885	79.137	177.46	13.298	9.5085e-06	0.016840
115.41	1.9805	574.73	0.0017400	-1.0248	-0.92827	104.49	27.332	92.487	396.15	0.74091	4.6576e-05	0.069816	0.0013513	89.797	0.011136	1.6638	2.2817	132.30	27.910	79.464	177.42	13.282	9.5188e-06	0.016880
115.47	1.9861	574.21	0.0017415	-1.0206	-0.92372	104.53	27.337	92.717	395.31	0.74636	4.6484e-05	0.069712	0.0013429	90.126	0.011096	1.6626	2.2800	132.27	27.935	79.795	177.37	13.265	9.5292e-06	0.016920
115.52	1.9917	573.69	0.0017431	-1.0164	-0.91917	104.56	27.343	92.949	394.46	0.75184	4.6392e-05	0.069608	0.0013346	90.455	0.011055	1.6614	2.2782	132.24	27.960	80.128	177.33	13.248	9.5397e-06	0.016959
115.57	1.9974	573.17	0.0017447	-1.0123	-0.91463	104.60	27.349	93.183	393.62	0.75735	4.6300e-05	0.069505	0.0013264	90.785	0.011015	1.6602	2.2765	132.21	27.985	80.463	177.29	13.232	9.5501e-06	0.017000
115.63	2.0030	572.65	0.0017463	-1.0081	-0.91009	104.64	27.355	93.418	392.78	0.76288	4.6209e-05	0.069401	0.0013181	91.116	0.010975	1.6589	2.2748	132.18	28.011	80.802	177.24	13.215	9.5605e-06	0.017040
115.68	2.0087	572.13	0.0017478	-1.0039	-0.90555	104.67	27.361	93.655	391.93	0.76844	4.6117e-05	0.069298	0.0013099	91.447	0.010935	1.6577	2.2730	132.15	28.036	81.144	177.20	13.198	9.5710e-06	0.017080
115.73	2.0143	571.61	0.0017494	-0.99972	-0.90101	104.71	27.367	93.894	391.09	0.77403	4.6026e-05	0.069195	0.0013017	91.780	0.010896	1.6565	2.2713	132.12	28.062	81.488	177.15	13.182	9.5815e-06	0.017121
115.79	2.0199	571.09	0.0017510	-0.99555	-0.89647	104.75	27.373	94.135	390.25	0.77964	4.5935e-05	0.069092	0.0012936	92.113	0.010856	1.6552	2.2695	132.09	28.087	81.835	177.11	13.165	9.5920e-06	0.017162
115.84	2.0256	570.57	0.0017526	-0.99138	-0.89193	104.79	27.380	94.378	389.41	0.78528	4.5844e-05	0.068990	0.0012854	92.447	0.010817	1.6539	2.2677	132.06	28.113	82.186	177.07	13.148	9.6025e-06	0.017203
115.89	2.0312	570.05	0.0017542	-0.98721	-0.88739	104.82	27.386	94.623	388.56	0.79095	4.5754e-05	0.068887	0.0012773	92.782	0.010778	1.6527	2.2659	132.03	28.139	82.539	177.02	13.131	9.6131e-06	0.017244
115.94	2.0368	569.53	0.0017558	-0.98305	-0.88286	104.86	27.393	94.870	387.72	0.79664	4.5663e-05	0.068785	0.0012693	93.118	0.010739	1.6514	2.2641	132.00	28.165	82.895	176.98	13.115	9.6237e-06	0.017285
115.99	2.0425	569.01	0.0017574	-0.97888	-0.87833	104.90	27.399	95.118	386.88	0.80236	4.5573e-05	0.068684	0.0012612	93.454	0.010700	1.6501	2.2623	131.97	28.191	83.255	176.93	13.098	9.6343e-06	0.017327
116.05	2.0481	568.49	0.0017591	-0.97472	-0.87380	104.93	27.406	95.369	386.04	0.80811	4.5482e-05	0.068582	0.0012532	93.792	0.010662	1.6488	2.2605	131.94	28.217	83.617	176.89	13.081	9.6449e-06	0.017368
116.10	2.0538	567.97	0.0017607	-0.97056	-0.86926	104.97	27.412	95.622	385.20	0.81389	4.5392e-05	0.068481	0.0012452	94.130	0.010624	1.6475	2.2587	131.91	28.243	83.983	176.84	13.065	9.6556e-06	0.017410
116.15	2.0594	567.44	0.0017623	-0.96640	-0.86474	105.01	27.419	95.876	384.36	0.81970	4.5302e-05	0.068379	0.0012372	94.469	0.010585	1.6462	2.2569	131.88	28.269	84.352	176.79	13.048	9.6662e-06	0.017453
116.20	2.0650	566.92	0.0017639	-0.96225	-0.86021	105.04	27.426	96.133	383.53	0.82553	4.5212e-05	0.068279	0.0012293	94.809	0.010547	1.6449	2.2551	131.85	28.296	84.724	176.75	13.031	9.6769e-06	0.017495
116.25	2.0707	566.39	0.0017656	-0.95809	-0.85568	105.08	27.433	96.392	382.69	0.83140	4.5123e-05	0.068178	0.0012213	95.150	0.010510	1.6436	2.2532	131.82	28.322	85.100	176.70	13.014	9.6876e-06	0.017537
116.31	2.0763	565.87	0.0017672	-0.95394	-0.85115	105.11	27.440	96.652	381.85	0.83729	4.5033e-05	0.068077	0.0012134	95.492	0.010472	1.6422	2.2514	131.79	28.349	85.478	176.66	12.997	9.6984e-06	0.017580
116.36	2.0820	565.35	0.0017688	-0.94979	-0.84663	105.15	27.447	96.916	381.01	0.84321	4.4944e-05	0.067977	0.0012056	95.835	0.010435	1.6409	2.2495	131.76	28.376	85.860	176.61	12.981	9.7091e-06	0.017623
116.41	2.0876	564.82	0.0017705	-0.94564	-0.84210	105.19	27.454	97.181	380.17	0.84917	4.4855e-05	0.067877	0.0011977	96.178	0.010397	1.6396	2.2476	131.73	28.402	86.246	176.56	12.964	9.7199e-06	0.017666
116.46	2.0932	564.29	0.0017721	-0.94150	-0.83758	105.22	27.462	97.448	379.34	0.85515	4.4765e-05	0.067777	0.0011899	96.523	0.010360	1.6382	2.2457	131.70	28.429	86.635	176.52	12.947	9.7307e-06	0.017710
116.51	2.0989	563.77	0.0017738	-0.93735	-0.83306	105.26	27.469	97.718	378.50	0.86116	4.4677e-05	0.067678	0.0011821	96.868	0.010323	1.6369	2.2438	131.67	28.456	87.027	176.47	12.930	9.7416e-06	0.017753
116.56	2.1045	563.24	0.0017754	-0.93321	-0.82853	105.30	27.477	97.989	377.66	0.86720	4.4588e-05	0.067578	0.0011743	97.214	0.010287	1.6355	2.2420	131.64	28.484	87.423	176.42	12.913	9.7524e-06	0.017797
116.61	2.1102	562.71	0.0017771	-0.92906	-0.82401	105.33	27.484	98.264	376.82	0.87327	4.4499e-05	0.067479	0.0011666	97.561	0.010250	1.6341	2.2400	131.61	28.511	87.823	176.38	12.896	9.7633e-06	0.017841
116.66	2.1158	562.19	0.0017788	-0.92492	-0.81949	105.37	27.492	98.540	375.99	0.87938	4.4410e-05	0.067380	0.0011589	97.909	0.010214	1.6328	2.2381	131.58	28.538	88.226	176.33	12.879	9.7742e-06	0.017886
116.71	2.1214	561.66	0.0017804	-0.92078	-0.81497	105.41	27.499	98.819	375.15	0.88551	4.4322e-05	0.067282	0.0011512	98.259	0.010177	1.6314	2.2362	131.55	28.566	88.633	176.28	12.863	9.7852e-06	0.017930
116.77	2.1271	561.13	0.0017821	-0.91664	-0.81045	105.44	27.507	99.100	374.32	0.89168	4.4234e-05	0.067183	0.0011435	98.608	0.010141	1.6300	2.2343	131.52	28.593	89.044	176.24	12.846	9.7961e-06	0.017975
116.82	2.1327	560.60	0.0017838	-0.91250	-0.80593	105.48	27.515	99.383	373.48	0.89788	4.4145e-05	0.067085	0.0011359	98.959	0.010105	1.6286	2.2323	131.49	28.621	89.458	176.19	12.829	9.8071e-06	0.018020
116.87	2.1383	560.07	0.0017855	-0.90837	-0.80141	105.52	27.523	99.669	372.64	0.90411	4.4057e-05	0.066987	0.0011283	99.311	0.010069	1.6272	2.2304	131.46	28.649	89.876	176.14	12.812	9.8181e-06	0.018065
116.92	2.1440	559.54	0.0017872	-0.90423	-0.79689	105.55	27.531	99.958	371.81	0.91037	4.3969e-05	0.066889	0.0011207	99.664	0.010034	1.6258	2.2284	131.43	28.677	90.299	176.09	12.795	9.8292e-06	0.018110
116.97	2.1496	559.01	0.0017889	-0.90010	-0.79237	105.59	27.539	100.25	370.97	0.91666	4.3881e-05	0.066791	0.0011131	100.02	0.0099982	1.6243	2.2264	131.40	28.705	90.725	176.04	12.778	9.8402e-06	0.018156
117.02	2.1553	558.48	0.0017906	-0.89596	-0.78786	105.62	27.548	100.54	370.14	0.92299	4.3794e-05	0.066694	0.0011056	100.37	0.0099629	1.6229	2.2244	131.37	28.733	91.155	176.00	12.761	9.8513e-06	0.018202
117.07	2.1609	557.95	0.0017923	-0.89183	-0.78334	105.66	27.556	100.84	369.30	0.92935	4.3706e-05	0.066597	0.0010980	100.73	0.0099277	1.6215	2.2224	131.34	28.761	91.589	175.95	12.744	9.8625e-06	0.018248
117.12	2.1665	557.41	0.0017940	-0.88770	-0.77882	105.70	27.565	101.14	368.47	0.93574	4.3619e-05	0.066500	0.0010906	101.09	0.0098927	1.6200	2.2204	131.31	28.790	92.027	175.90	12.727	9.8736e-06	0.018294
117.17	2.1722	556.88	0.0017957	-0.88357	-0.77430	105.73	27.573	101.44	367.64	0.94217	4.3531e-05	0.066403	0.0010831	101.44	0.0098578	1.6186	2.2184	131.27	28.818	92.470	175.85	12.710	9.8848e-06	0.018341
117.22	2.1778	556.34	0.0017974	-0.87944	-0.76978	105.77	27.582	101.74	366.80	0.94863	4.3444e-05	0.066307	0.0010756	101.80	0.0098230	1.6171	2.2164	131.24	28.847	92.916	175.80	12.693	9.8960e-06	0.018388
117.27	2.1835	555.81	0.0017992	-0.87531	-0.76526	105.80	27.590	102.05	365.97	0.95513	4.3357e-05	0.066210	0.0010682	102.16	0.0097884	1.6157	2.2144	131.21	28.876	93.367	175.75	12.676	9.9073e-06	0.018435
117.32	2.1891	555.27	0.0018009	-0.87118	-0.76074	105.84	27.599	102.36	365.13	0.96166	4.3270e-05	0.066114	0.0010608	102.52	0.0097540	1.6142	2.2123	131.18	28.905	93.822	175.70	12.659	9.9185e-06	0.018482
117.37	2.1947	554.74	0.0018026	-0.86705	-0.75622	105.88	27.608	102.67	364.30	0.96822	4.3183e-05	0.066018	0.0010535	102.88	0.0097197	1.6127	2.2103	131.15	28.934	94.282	175.65	12.641	9.9298e-06	0.018530
117.42	2.2004	554.20	0.0018044	-0.86293	-0.75170	105.91	27.617	102.98	363.47	0.97482	4.3096e-05	0.065923	0.0010461	103.25	0.0096856	1.6112	2.2082	131.12	28.963	94.746	175.60	12.624	9.9412e-06	0.018578
117.47	2.2060	553.67	0.0018061	-0.85880	-0.74718	105.95	27.627	103.30	362.63	0.98146	4.3009e-05	0.065827	0.0010388	103.61	0.0096515	1.6097	2.2062	131.09	28.992	95.215	175.55	12.607	9.9525e-06	0.018626
117.51	2.2117	553.13	0.0018079	-0.85467	-0.74266	105.98	27.636	103.62	361.80	0.98813	4.2922e-05	0.065732	0.0010315	103.98	0.0096177	1.6082	2.2041	131.06	29.021	95.688	175.50	12.590	9.9639e-06	0.018674
117.56	2.2173	552.59	0.0018097	-0.85055	-0.73814	106.02	27.645	103.95	360.96	0.99484	4.2836e-05	0.065637	0.0010242	104.34	0.0095839	1.6067	2.2020	131.03	29.051	96.166	175.45	12.573	9.9753e-06	0.018723
117.61	2.2229	552.05	0.0018114	-0.84642	-0.73362	106.06	27.655	104.27	360.13	1.0016	4.2749e-05	0.065542	0.0010170	104.71	0.0095503	1.6052	2.1999	131.00	29.080	96.649	175.40	12.556	9.9868e-06	0.018772
117.66	2.2286	551.51	0.0018132	-0.84230	-0.72910	106.09	27.664	104.60	359.30	1.0084	4.2663e-05	0.065448	0.0010097	105.08	0.0095169	1.6036	2.1978	130.97	29.110	97.136	175.35	12.538	9.9983e-06	0.018821
117.71	2.2342	550.97	0.0018150	-0.83817	-0.72458	106.13	27.674	104.94	358.46	1.0152	4.2577e-05	0.065353	0.0010025	105.45	0.0094836	1.6021	2.1957	130.94	29.140	97.629	175.30	12.521	1.0010e-05	0.018871
117.76	2.2398	550.43	0.0018168	-0.83405	-0.72005	106.16	27.684	105.27	357.63	1.0220	4.2491e-05	0.065259	0.00099535	105.82	0.0094504	1.6006	2.1935	130.91	29.170	98.126	175.25	12.504	1.0021e-05	0.018921
117.81	2.2455	549.89	0.0018186	-0.82992	-0.71553	106.20	27.694	105.61	356.80	1.0289	4.2404e-05	0.065165	0.00098820	106.19	0.0094173	1.5990	2.1914	130.88	29.200	98.629	175.20	12.487	1.0033e-05	0.018971
117.86	2.2511	549.34	0.0018204	-0.82580	-0.71100	106.24	27.704	105.95	355.96	1.0359	4.2318e-05	0.065072	0.00098107	106.56	0.0093844	1.5974	2.1892	130.85	29.230	99.136	175.15	12.469	1.0045e-05	0.019021
117.90	2.2568	548.80	0.0018222	-0.82167	-0.70648	106.27	27.714	106.30	355.13	1.0428	4.2233e-05	0.064978	0.00097396	106.93	0.0093516	1.5959	2.1871	130.81	29.260	99.649	175.10	12.452	1.0056e-05	0.019072
117.95	2.2624	548.25	0.0018240	-0.81755	-0.70195	106.31	27.724	106.65	354.29	1.0498	4.2147e-05	0.064885	0.00096687	107.31	0.0093189	1.5943	2.1849	130.78	29.291	100.17	175.05	12.435	1.0068e-05	0.019123
118.00	2.2680	547.71	0.0018258	-0.81342	-0.69742	106.34	27.734	107.00	353.46	1.0569	4.2061e-05	0.064792	0.00095981	107.68	0.0092864	1.5927	2.1827	130.75	29.321	100.69	175.00	12.417	1.0080e-05	0.019174
118.05	2.2737	547.16	0.0018276	-0.80930	-0.69289	106.38	27.745	107.36	352.63	1.0640	4.1975e-05	0.064699	0.00095277	108.06	0.0092540	1.5911	2.1805	130.72	29.352	101.22	174.95	12.400	1.0091e-05	0.019225
118.10	2.2793	546.62	0.0018294	-0.80517	-0.68836	106.42	27.755	107.72	351.79	1.0711	4.1890e-05	0.064607	0.00094576	108.44	0.0092217	1.5895	2.1783	130.69	29.383	101.75	174.89	12.382	1.0103e-05	0.019277
118.15	2.2850	546.07	0.0018313	-0.80105	-0.68383	106.45	27.766	108.08	350.96	1.0783	4.1804e-05	0.064514	0.00093876	108.82	0.0091896	1.5879	2.1761	130.66	29.414	102.29	174.84	12.365	1.0115e-05	0.019329
118.19	2.2906	545.52	0.0018331	-0.79692	-0.67930	106.49	27.777	108.45	350.12	1.0855	4.1719e-05	0.064422	0.00093180	109.20	0.0091576	1.5863	2.1739	130.63	29.445	102.84	174.79	12.347	1.0127e-05	0.019382
118.24	2.2962	544.97	0.0018350	-0.79280	-0.67476	106.52	27.788	108.82	349.29	1.0927	4.1633e-05	0.064330	0.00092485	109.58	0.0091257	1.5846	2.1716	130.60	29.476	103.39	174.74	12.330	1.0139e-05	0.019435
118.29	2.3019	544.42	0.0018368	-0.78867	-0.67023	106.56	27.799	109.19	348.46	1.1000	4.1548e-05	0.064238	0.00091793	109.96	0.0090939	1.5830	2.1694	130.57	29.507	103.95	174.68	12.312	1.0151e-05	0.019488
118.34	2.3075	543.87	0.0018387	-0.78454	-0.66569	106.60	27.810	109.57	347.62	1.1074	4.1463e-05	0.064147	0.00091103	110.35	0.0090622	1.5813	2.1671	130.53	29.539	104.51	174.63	12.295	1.0163e-05	0.019541
118.39	2.3132	543.32	0.0018405	-0.78042	-0.66115	106.63	27.821	109.95	346.79	1.1148	4.1378e-05	0.064056	0.00090415	110.73	0.0090307	1.5797	2.1649	130.50	29.570	105.08	174.58	12.277	1.0175e-05	0.019595
118.43	2.3188	542.77	0.0018424	-0.77629	-0.65661	106.67	27.833	110.33	345.95	1.1222	4.1293e-05	0.063965	0.00089729	111.12	0.0089993	1.5780	2.1626	130.47	29.602	105.65	174.53	12.260	1.0187e-05	0.019649
118.48	2.3244	542.21	0.0018443	-0.77216	-0.65207	106.70	27.844	110.72	345.12	1.1296	4.1208e-05	0.063874	0.00089046	111.51	0.0089680	1.5763	2.1603	130.44	29.634	106.23	174.47	12.242	1.0199e-05	0.019703
118.53	2.3301	541.66	0.0018462	-0.76803	-0.64752	106.74	27.856	111.11	344.28	1.1371	4.1123e-05	0.063783	0.00088365	111.90	0.0089368	1.5747	2.1580	130.41	29.666	106.82	174.42	12.224	1.0211e-05	0.019758
118.57	2.3357	541.10	0.0018481	-0.76390	-0.64298	106.78	27.868	111.51	343.45	1.1447	4.1038e-05	0.063693	0.00087687	112.29	0.0089057	1.5730	2.1557	130.38	29.698	107.42	174.37	12.207	1.0223e-05	0.019813
118.62	2.3413	540.55	0.0018500	-0.75977	-0.63843	106.81	27.880	111.91	342.61	1.1523	4.0953e-05	0.063603	0.00087010	112.68	0.0088748	1.5713	2.1533	130.35	29.731	108.02	174.31	12.189	1.0235e-05	0.019868
118.67	2.3470	539.99	0.0018519	-0.75563	-0.63388	106.85	27.892	112.32	341.77	1.1599	4.0868e-05	0.063513	0.00086336	113.07	0.0088439	1.5695	2.1510	130.32	29.763	108.62	174.26	12.171	1.0248e-05	0.019924
118.72	2.3526	539.43	0.0018538	-0.75150	-0.62932	106.88	27.904	112.73	340.94	1.1676	4.0783e-05	0.063423	0.00085664	113.47	0.0088132	1.5678	2.1487	130.28	29.796	109.24	174.20	12.154	1.0260e-05	0.019980
118.76	2.3583	538.87	0.0018557	-0.74736	-0.62477	106.92	27.916	113.14	340.10	1.1754	4.0699e-05	0.063334	0.00084995	113.86	0.0087826	1.5661	2.1463	130.25	29.828	109.86	174.15	12.136	1.0272e-05	0.020037
118.81	2.3639	538.31	0.0018577	-0.74323	-0.62021	106.96	27.929	113.56	339.26	1.1831	4.0614e-05	0.063244	0.00084327	114.26	0.0087521	1.5644	2.1439	130.22	29.861	110.49	174.10	12.118	1.0285e-05	0.020093
118.86	2.3695	537.75	0.0018596	-0.73909	-0.61565	106.99	27.942	113.98	338.43	1.1910	4.0529e-05	0.063155	0.00083662	114.66	0.0087217	1.5626	2.1415	130.19	29.894	111.12	174.04	12.100	1.0297e-05	0.020151
118.90	2.3752	537.19	0.0018615	-0.73495	-0.61109	107.03	27.954	114.41	337.59	1.1989	4.0445e-05	0.063066	0.00082999	115.06	0.0086914	1.5609	2.1391	130.16	29.927	111.76	173.99	12.082	1.0310e-05	0.020208
118.95	2.3808	536.63	0.0018635	-0.73081	-0.60653	107.06	27.967	114.84	336.75	1.2068	4.0360e-05	0.062978	0.00082339	115.46	0.0086612	1.5591	2.1367	130.13	29.961	112.41	173.93	12.064	1.0322e-05	0.020266
119.00	2.3865	536.06	0.0018655	-0.72667	-0.60196	107.10	27.980	115.28	335.91	1.2147	4.0276e-05	0.062890	0.00081680	115.86	0.0086311	1.5573	2.1343	130.09	29.994	113.07	173.88	12.046	1.0335e-05	0.020324
119.04	2.3921	535.50	0.0018674	-0.72253	-0.59739	107.13	27.994	115.72	335.07	1.2228	4.0192e-05	0.062801	0.00081024	116.26	0.0086012	1.5555	2.1319	130.06	30.028	113.74	173.82	12.029	1.0347e-05	0.020383
119.09	2.3977	534.93	0.0018694	-0.71838	-0.59282	107.17	28.007	116.17	334.23	1.2308	4.0107e-05	0.062714	0.00080370	116.67	0.0085713	1.5537	2.1294	130.03	30.062	114.41	173.76	12.011	1.0360e-05	0.020442
119.14	2.4034	534.37	0.0018714	-0.71424	-0.58824	107.21	28.020	116.62	333.39	1.2390	4.0023e-05	0.062626	0.00079718	117.07	0.0085416	1.5519	2.1270	130.00	30.096	115.09	173.71	11.993	1.0373e-05	0.020502
119.18	2.4090	533.80	0.0018734	-0.71009	-0.58366	107.24	28.034	117.08	332.55	1.2471	3.9939e-05	0.062539	0.00079068	117.48	0.0085119	1.5501	2.1245	129.97	30.130	115.78	173.65	11.974	1.0385e-05	0.020562
119.23	2.4146	533.23	0.0018754	-0.70594	-0.57908	107.28	28.048	117.54	331.71	1.2554	3.9855e-05	0.062451	0.00078421	117.89	0.0084824	1.5483	2.1220	129.93	30.164	116.47	173.60	11.956	1.0398e-05	0.020622
119.27	2.4203	532.66	0.0018774	-0.70179	-0.57450	107.31	28.062	118.00	330.87	1.2636	3.9770e-05	0.062364	0.00077776	118.30	0.0084529	1.5464	2.1195	129.90	30.198	117.18	173.54	11.938	1.0411e-05	0.020682
119.32	2.4259	532.09	0.0018794	-0.69763	-0.56991	107.35	28.076	118.48	330.03	1.2720	3.9686e-05	0.062278	0.00077133	118.71	0.0084236	1.5446	2.1170	129.87	30.233	117.89	173.48	11.920	1.0424e-05	0.020744
119.37	2.4316	531.51	0.0018814	-0.69348	-0.56532	107.39	28.090	118.95	329.19	1.2803	3.9602e-05	0.062191	0.00076492	119.13	0.0083943	1.5427	2.1145	129.84	30.268	118.61	173.43	11.902	1.0437e-05	0.020805
119.41	2.4372	530.94	0.0018835	-0.68932	-0.56073	107.42	28.105	119.44	328.35	1.2888	3.9518e-05	0.062105	0.00075853	119.54	0.0083652	1.5409	2.1120	129.80	30.303	119.34	173.37	11.884	1.0450e-05	0.020867
119.46	2.4428	530.36	0.0018855	-0.68516	-0.55613	107.46	28.120	119.93	327.50	1.2973	3.9434e-05	0.062019	0.00075216	119.96	0.0083361	1.5390	2.1094	129.77	30.338	120.08	173.31	11.865	1.0463e-05	0.020929
119.50	2.4485	529.79	0.0018875	-0.68100	-0.55153	107.49	28.134	120.42	326.66	1.3058	3.9350e-05	0.061933	0.00074582	120.38	0.0083072	1.5371	2.1069	129.74	30.373	120.83	173.26	11.847	1.0476e-05	0.020992
119.55	2.4541	529.21	0.0018896	-0.67683	-0.54693	107.53	28.149	120.92	325.82	1.3144	3.9266e-05	0.061848	0.00073950	120.80	0.0082783	1.5352	2.1043	129.71	30.408	121.59	173.20	11.829	1.0489e-05	0.021056
119.59	2.4598	528.63	0.0018917	-0.67267	-0.54232	107.57	28.165	121.43	324.97	1.3231	3.9182e-05	0.061763	0.00073320	121.22	0.0082495	1.5333	2.1017	129.67	30.444	122.36	173.14	11.810	1.0502e-05	0.021119
119.64	2.4654	528.05	0.0018938	-0.66850	-0.53771	107.60	28.180	121.94	324.13	1.3318	3.9098e-05	0.061678	0.00072692	121.64	0.0082208	1.5314	2.0991	129.64	30.480	123.13	173.08	11.792	1.0515e-05	0.021183
119.68	2.4710	527.47	0.0018958	-0.66432	-0.53309	107.64	28.195	122.46	323.28	1.3405	3.9014e-05	0.061593	0.00072066	122.07	0.0081923	1.5294	2.0965	129.61	30.516	123.92	173.02	11.773	1.0529e-05	0.021248
119.73	2.4767	526.89	0.0018979	-0.66015	-0.52847	107.67	28.211	122.98	322.43	1.3494	3.8930e-05	0.061509	0.00071443	122.49	0.0081638	1.5275	2.0939	129.58	30.552	124.72	172.97	11.755	1.0542e-05	0.021313
119.77	2.4823	526.30	0.0019000	-0.65597	-0.52385	107.71	28.227	123.51	321.59	1.3582	3.8846e-05	0.061424	0.00070821	122.92	0.0081354	1.5255	2.0913	129.54	30.588	125.52	172.91	11.736	1.0555e-05	0.021379
119.82	2.4880	525.72	0.0019022	-0.65179	-0.51922	107.75	28.243	124.05	320.74	1.3672	3.8762e-05	0.061340	0.00070202	123.35	0.0081071	1.5236	2.0886	129.51	30.625	126.34	172.85	11.718	1.0569e-05	0.021445
119.86	2.4936	525.13	0.0019043	-0.64761	-0.51459	107.78	28.259	124.59	319.89	1.3762	3.8678e-05	0.061257	0.00069585	123.78	0.0080788	1.5216	2.0860	129.48	30.662	127.17	172.79	11.699	1.0582e-05	0.021511
119.91	2.4992	524.54	0.0019064	-0.64342	-0.50995	107.82	28.276	125.14	319.04	1.3853	3.8594e-05	0.061173	0.00068970	124.21	0.0080507	1.5196	2.0833	129.45	30.698	128.01	172.73	11.681	1.0596e-05	0.021578
119.95	2.5049	523.96	0.0019086	-0.63923	-0.50531	107.86	28.292	125.70	318.19	1.3944	3.8510e-05	0.061090	0.00068357	124.65	0.0080227	1.5176	2.0806	129.41	30.736	128.86	172.67	11.662	1.0610e-05	0.021646
120.00	2.5105	523.37	0.0019107	-0.63504	-0.50066	107.89	28.309	126.27	317.34	1.4036	3.8427e-05	0.061007	0.00067746	125.08	0.0079947	1.5156	2.0779	129.38	30.773	129.72	172.61	11.643	1.0623e-05	0.021714
120.04	2.5161	522.77	0.0019129	-0.63084	-0.49601	107.93	28.326	126.84	316.49	1.4128	3.8343e-05	0.060925	0.00067138	125.52	0.0079668	1.5136	2.0751	129.35	30.810	130.59	172.55	11.624	1.0637e-05	0.021783
120.09	2.5218	522.18	0.0019150	-0.62664	-0.49136	107.96	28.344	127.42	315.64	1.4221	3.8259e-05	0.060842	0.00066531	125.96	0.0079390	1.5116	2.0724	129.31	30.848	131.47	172.49	11.606	1.0651e-05	0.021852
120.13	2.5274	521.59	0.0019172	-0.62244	-0.48670	108.00	28.361	128.00	314.78	1.4315	3.8175e-05	0.060760	0.00065927	126.40	0.0079113	1.5095	2.0697	129.28	30.886	132.37	172.43	11.587	1.0665e-05	0.021921
120.18	2.5331	520.99	0.0019194	-0.61823	-0.48203	108.04	28.379	128.60	313.93	1.4409	3.8091e-05	0.060678	0.00065325	126.84	0.0078837	1.5075	2.0669	129.25	30.924	133.27	172.37	11.568	1.0679e-05	0.021992
120.22	2.5387	520.39	0.0019216	-0.61402	-0.47736	108.07	28.397	129.20	313.07	1.4504	3.8007e-05	0.060597	0.00064725	127.29	0.0078562	1.5054	2.0641	129.21	30.962	134.19	172.31	11.549	1.0693e-05	0.022062
120.27	2.5443	519.79	0.0019238	-0.60981	-0.47269	108.11	28.415	129.81	312.22	1.4600	3.7923e-05	0.060516	0.00064127	127.73	0.0078287	1.5033	2.0613	129.18	31.001	135.13	172.25	11.530	1.0707e-05	0.022134
120.31	2.5500	519.19	0.0019261	-0.60559	-0.46801	108.15	28.433	130.43	311.36	1.4697	3.7839e-05	0.060435	0.00063531	128.18	0.0078013	1.5012	2.0585	129.15	31.040	136.07	172.18	11.511	1.0721e-05	0.022205
120.35	2.5556	518.59	0.0019283	-0.60137	-0.46332	108.18	28.452	131.05	310.50	1.4794	3.7755e-05	0.060354	0.00062937	128.63	0.0077740	1.4991	2.0557	129.11	31.079	137.03	172.12	11.492	1.0735e-05	0.022278
120.40	2.5613	517.99	0.0019306	-0.59715	-0.45863	108.22	28.470	131.69	309.65	1.4892	3.7671e-05	0.060274	0.00062345	129.09	0.0077468	1.4970	2.0528	129.08	31.118	138.00	172.06	11.473	1.0749e-05	0.022351
120.44	2.5669	517.38	0.0019328	-0.59292	-0.45393	108.25	28.489	132.33	308.79	1.4990	3.7587e-05	0.060193	0.00061756	129.54	0.0077197	1.4949	2.0500	129.04	31.157	138.99	172.00	11.453	1.0764e-05	0.022424
120.49	2.5725	516.77	0.0019351	-0.58868	-0.44923	108.29	28.509	132.98	307.93	1.5089	3.7503e-05	0.060114	0.00061168	130.00	0.0076926	1.4927	2.0471	129.01	31.197	139.98	171.93	11.434	1.0778e-05	0.022499
120.53	2.5782	516.16	0.0019374	-0.58444	-0.44452	108.33	28.528	133.64	307.07	1.5189	3.7419e-05	0.060034	0.00060583	130.45	0.0076656	1.4906	2.0442	128.98	31.237	141.00	171.87	11.415	1.0792e-05	0.022573
120.57	2.5838	515.55	0.0019397	-0.58020	-0.43981	108.36	28.548	134.31	306.20	1.5290	3.7335e-05	0.059955	0.00060000	130.91	0.0076387	1.4884	2.0413	128.94	31.277	142.03	171.81	11.395	1.0807e-05	0.022649
120.62	2.5895	514.94	0.0019420	-0.57595	-0.43509	108.40	28.568	134.99	305.34	1.5391	3.7251e-05	0.059876	0.00059419	131.37	0.0076118	1.4862	2.0384	128.91	31.317	143.07	171.75	11.376	1.0821e-05	0.022725
120.66	2.5951	514.33	0.0019443	-0.57170	-0.43036	108.44	28.588	135.68	304.47	1.5493	3.7167e-05	0.059798	0.00058840	131.84	0.0075851	1.4840	2.0355	128.87	31.358	144.13	171.68	11.357	1.0836e-05	0.022802
120.71	2.6007	513.71	0.0019466	-0.56745	-0.42562	108.47	28.609	136.38	303.61	1.5596	3.7083e-05	0.059720	0.00058263	132.30	0.0075584	1.4818	2.0325	128.84	31.398	145.20	171.62	11.337	1.0851e-05	0.022879
120.75	2.6064	513.10	0.0019490	-0.56318	-0.42088	108.51	28.629	137.08	302.74	1.5700	3.6999e-05	0.059642	0.00057688	132.77	0.0075317	1.4796	2.0295	128.80	31.440	146.29	171.55	11.317	1.0866e-05	0.022957
120.79	2.6120	512.48	0.0019513	-0.55892	-0.41614	108.55	28.650	137.80	301.87	1.5804	3.6915e-05	0.059564	0.00057115	133.24	0.0075052	1.4774	2.0265	128.77	31.481	147.39	171.49	11.298	1.0880e-05	0.023036
120.84	2.6176	511.86	0.0019537	-0.55464	-0.41138	108.58	28.672	138.53	301.01	1.5909	3.6831e-05	0.059487	0.00056544	133.71	0.0074787	1.4751	2.0235	128.74	31.522	148.52	171.42	11.278	1.0895e-05	0.023115
120.88	2.6233	511.23	0.0019560	-0.55037	-0.40662	108.62	28.693	139.27	300.13	1.6015	3.6746e-05	0.059410	0.00055976	134.19	0.0074523	1.4729	2.0205	128.70	31.564	149.65	171.36	11.258	1.0910e-05	0.023195
120.92	2.6289	510.61	0.0019584	-0.54609	-0.40186	108.66	28.715	140.02	299.26	1.6122	3.6662e-05	0.059333	0.00055409	134.66	0.0074259	1.4706	2.0175	128.67	31.606	150.81	171.29	11.239	1.0925e-05	0.023276
120.97	2.6346	509.98	0.0019608	-0.54180	-0.39708	108.70	28.737	140.78	298.39	1.6229	3.6578e-05	0.059257	0.00054844	135.14	0.0073996	1.4683	2.0144	128.63	31.649	151.98	171.23	11.219	1.0941e-05	0.023357
121.01	2.6402	509.36	0.0019633	-0.53750	-0.39230	108.73	28.760	141.55	297.52	1.6338	3.6493e-05	0.059181	0.00054282	135.62	0.0073734	1.4660	2.0114	128.60	31.691	153.18	171.16	11.199	1.0956e-05	0.023440
121.05	2.6458	508.73	0.0019657	-0.53320	-0.38751	108.77	28.782	142.34	296.64	1.6447	3.6409e-05	0.059106	0.00053722	136.10	0.0073473	1.4637	2.0083	128.56	31.734	154.39	171.09	11.179	1.0971e-05	0.023522
121.09	2.6515	508.09	0.0019681	-0.52890	-0.38271	108.81	28.805	143.13	295.76	1.6557	3.6324e-05	0.059031	0.00053164	136.59	0.0073212	1.4614	2.0052	128.53	31.777	155.62	171.03	11.159	1.0987e-05	0.023606
121.14	2.6571	507.46	0.0019706	-0.52459	-0.37791	108.84	28.829	143.94	294.89	1.6668	3.6240e-05	0.058956	0.00052607	137.08	0.0072952	1.4590	2.0020	128.49	31.821	156.87	170.96	11.139	1.1002e-05	0.023691
121.18	2.6628	506.82	0.0019731	-0.52027	-0.37309	108.88	28.852	144.76	294.01	1.6780	3.6155e-05	0.058882	0.00052053	137.57	0.0072692	1.4566	1.9989	128.45	31.865	158.13	170.89	11.119	1.1018e-05	0.023776
121.22	2.6684	506.19	0.0019756	-0.51595	-0.36827	108.92	28.876	145.60	293.13	1.6893	3.6070e-05	0.058808	0.00051501	138.06	0.0072433	1.4543	1.9957	128.42	31.909	159.42	170.82	11.098	1.1033e-05	0.023862
121.27	2.6740	505.55	0.0019781	-0.51162	-0.36344	108.96	28.900	146.44	292.24	1.7006	3.5986e-05	0.058734	0.00050951	138.55	0.0072174	1.4519	1.9925	128.38	31.953	160.73	170.76	11.078	1.1049e-05	0.023949
121.31	2.6797	504.90	0.0019806	-0.50728	-0.35860	108.99	28.925	147.30	291.36	1.7121	3.5901e-05	0.058661	0.00050403	139.05	0.0071917	1.4495	1.9893	128.35	31.998	162.06	170.69	11.058	1.1065e-05	0.024036
121.35	2.6853	504.26	0.0019831	-0.50293	-0.35376	109.03	28.950	148.18	290.48	1.7236	3.5816e-05	0.058588	0.00049858	139.55	0.0071659	1.4470	1.9861	128.31	32.043	163.42	170.62	11.037	1.1081e-05	0.024125
121.39	2.6909	503.61	0.0019857	-0.49858	-0.34890	109.07	28.975	149.06	289.59	1.7352	3.5731e-05	0.058516	0.00049314	140.05	0.0071403	1.4446	1.9829	128.28	32.088	164.79	170.55	11.017	1.1097e-05	0.024214
121.43	2.6966	502.96	0.0019882	-0.49423	-0.34403	109.10	29.001	149.96	288.70	1.7470	3.5646e-05	0.058444	0.00048772	140.55	0.0071147	1.4422	1.9796	128.24	32.134	166.19	170.48	10.996	1.1113e-05	0.024304
121.48	2.7022	502.31	0.0019908	-0.48986	-0.33916	109.14	29.027	150.88	287.81	1.7588	3.5561e-05	0.058372	0.00048233	141.06	0.0070891	1.4397	1.9763	128.20	32.180	167.61	170.41	10.976	1.1129e-05	0.024396
121.52	2.7079	501.66	0.0019934	-0.48549	-0.33428	109.18	29.053	151.81	286.92	1.7707	3.5476e-05	0.058301	0.00047695	141.57	0.0070636	1.4372	1.9730	128.17	32.226	169.06	170.34	10.955	1.1146e-05	0.024488
121.56	2.7135	501.00	0.0019960	-0.48111	-0.32939	109.22	29.080	152.76	286.03	1.7827	3.5390e-05	0.058231	0.00047160	142.08	0.0070382	1.4347	1.9697	128.13	32.272	170.53	170.27	10.934	1.1162e-05	0.024581
121.60	2.7191	500.35	0.0019986	-0.47672	-0.32448	109.26	29.107	153.72	285.13	1.7948	3.5305e-05	0.058160	0.00046626	142.60	0.0070128	1.4322	1.9664	128.09	32.319	172.03	170.20	10.913	1.1178e-05	0.024674
121.65	2.7248	499.69	0.0020013	-0.47233	-0.31957	109.29	29.134	154.70	284.23	1.8071	3.5220e-05	0.058091	0.00046095	143.11	0.0069875	1.4296	1.9630	128.06	32.367	173.55	170.12	10.892	1.1195e-05	0.024769
121.69	2.7304	499.02	0.0020039	-0.46792	-0.31465	109.33	29.162	155.70	283.34	1.8194	3.5134e-05	0.058021	0.00045566	143.63	0.0069622	1.4271	1.9596	128.02	32.414	175.10	170.05	10.871	1.1212e-05	0.024865
121.73	2.7361	498.36	0.0020066	-0.46351	-0.30972	109.37	29.190	156.71	282.44	1.8318	3.5048e-05	0.057953	0.00045038	144.16	0.0069369	1.4245	1.9562	127.98	32.462	176.67	169.98	10.850	1.1228e-05	0.024962
121.77	2.7417	497.69	0.0020093	-0.45909	-0.30477	109.41	29.219	157.74	281.53	1.8443	3.4963e-05	0.057884	0.00044513	144.68	0.0069118	1.4219	1.9528	127.95	32.511	178.28	169.91	10.829	1.1245e-05	0.025059
121.81	2.7473	497.02	0.0020120	-0.45467	-0.29982	109.44	29.248	158.79	280.63	1.8570	3.4877e-05	0.057816	0.00043990	145.21	0.0068866	1.4193	1.9493	127.91	32.560	179.91	169.83	10.808	1.1262e-05	0.025158
121.85	2.7530	496.35	0.0020147	-0.45023	-0.29485	109.48	29.277	159.86	279.72	1.8697	3.4791e-05	0.057749	0.00043469	145.74	0.0068615	1.4167	1.9458	127.87	32.609	181.57	169.76	10.787	1.1279e-05	0.025258
121.90	2.7586	495.67	0.0020175	-0.44578	-0.28988	109.52	29.307	160.95	278.82	1.8826	3.4705e-05	0.057682	0.00042950	146.27	0.0068365	1.4140	1.9424	127.83	32.658	183.27	169.68	10.765	1.1297e-05	0.025359
121.94	2.7643	494.99	0.0020202	-0.44133	-0.28489	109.56	29.337	162.05	277.91	1.8956	3.4618e-05	0.057616	0.00042434	146.81	0.0068115	1.4114	1.9388	127.80	32.708	184.99	169.61	10.744	1.1314e-05	0.025461
121.98	2.7699	494.31	0.0020230	-0.43686	-0.27989	109.60	29.368	163.18	277.00	1.9087	3.4532e-05	0.057550	0.00041919	147.35	0.0067866	1.4087	1.9353	127.76	32.758	186.75	169.53	10.722	1.1331e-05	0.025564
122.02	2.7755	493.63	0.0020258	-0.43239	-0.27488	109.64	29.399	164.33	276.08	1.9219	3.4446e-05	0.057485	0.00041406	147.89	0.0067617	1.4060	1.9317	127.72	32.809	188.54	169.46	10.701	1.1349e-05	0.025668
122.06	2.7812	492.94	0.0020286	-0.42791	-0.26986	109.67	29.431	165.49	275.17	1.9352	3.4359e-05	0.057421	0.00040896	148.44	0.0067368	1.4033	1.9281	127.68	32.860	190.36	169.38	10.679	1.1367e-05	0.025774
122.10	2.7868	492.25	0.0020315	-0.42341	-0.26482	109.71	29.463	166.69	274.25	1.9486	3.4272e-05	0.057357	0.00040387	148.99	0.0067120	1.4005	1.9245	127.64	32.912	192.22	169.30	10.657	1.1384e-05	0.025880
122.14	2.7924	491.56	0.0020343	-0.41891	-0.25977	109.75	29.495	167.90	273.33	1.9622	3.4185e-05	0.057293	0.00039881	149.54	0.0066872	1.3978	1.9209	127.61	32.964	194.12	169.23	10.635	1.1402e-05	0.025988
122.19	2.7981	490.86	0.0020372	-0.41440	-0.25471	109.79	29.528	169.13	272.41	1.9759	3.4098e-05	0.057230	0.00039376	150.09	0.0066624	1.3950	1.9172	127.57	33.017	196.05	169.15	10.613	1.1420e-05	0.026097
122.23	2.8037	490.17	0.0020401	-0.40987	-0.24964	109.83	29.562	170.39	271.48	1.9897	3.4011e-05	0.057168	0.00038874	150.65	0.0066377	1.3922	1.9135	127.53	33.069	198.02	169.07	10.591	1.1438e-05	0.026207
122.27	2.8094	489.46	0.0020431	-0.40534	-0.24455	109.87	29.596	171.68	270.56	2.0036	3.3924e-05	0.057107	0.00038374	151.22	0.0066131	1.3894	1.9098	127.49	33.123	200.03	168.99	10.569	1.1457e-05	0.026319
122.31	2.8150	488.76	0.0020460	-0.40079	-0.23945	109.91	29.630	172.99	269.63	2.0177	3.3837e-05	0.057046	0.00037875	151.78	0.0065885	1.3865	1.9061	127.45	33.177	202.08	168.91	10.547	1.1475e-05	0.026432
122.35	2.8206	488.05	0.0020490	-0.39624	-0.23434	109.95	29.666	174.33	268.70	2.0319	3.3749e-05	0.056986	0.00037379	152.35	0.0065639	1.3837	1.9023	127.41	33.231	204.17	168.83	10.524	1.1494e-05	0.026546
122.39	2.8263	487.34	0.0020520	-0.39167	-0.22921	109.99	29.701	175.69	267.77	2.0462	3.3661e-05	0.056926	0.00036885	152.92	0.0065393	1.3808	1.8985	127.37	33.286	206.30	168.75	10.502	1.1512e-05	0.026662
122.43	2.8319	486.63	0.0020550	-0.38709	-0.22406	110.03	29.737	177.08	266.83	2.0607	3.3573e-05	0.056867	0.00036394	153.50	0.0065148	1.3779	1.8947	127.33	33.341	208.48	168.67	10.479	1.1531e-05	0.026779
122.47	2.8376	485.91	0.0020580	-0.38249	-0.21890	110.07	29.774	178.50	265.89	2.0753	3.3485e-05	0.056809	0.00035904	154.08	0.0064903	1.3750	1.8909	127.29	33.397	210.70	168.58	10.456	1.1550e-05	0.026897
122.51	2.8432	485.19	0.0020611	-0.37789	-0.21373	110.10	29.812	179.95	264.95	2.0900	3.3397e-05	0.056752	0.00035416	154.66	0.0064658	1.3720	1.8870	127.25	33.454	212.97	168.50	10.434	1.1569e-05	0.027017
122.55	2.8488	484.46	0.0020641	-0.37327	-0.20854	110.14	29.850	181.43	264.01	2.1049	3.3309e-05	0.056695	0.00034931	155.25	0.0064414	1.3690	1.8831	127.21	33.511	215.29	168.42	10.411	1.1588e-05	0.027139
122.59	2.8545	483.74	0.0020672	-0.36864	-0.20334	110.18	29.888	182.94	263.06	2.1199	3.3220e-05	0.056639	0.00034447	155.84	0.0064170	1.3660	1.8792	127.17	33.568	217.66	168.33	10.388	1.1608e-05	0.027262
122.63	2.8601	483.00	0.0020704	-0.36400	-0.19812	110.22	29.927	184.48	262.11	2.1351	3.3131e-05	0.056584	0.00033966	156.43	0.0063926	1.3630	1.8752	127.13	33.626	220.08	168.25	10.365	1.1627e-05	0.027386
122.67	2.8658	482.27	0.0020735	-0.35934	-0.19288	110.26	29.967	186.06	261.16	2.1505	3.3042e-05	0.056530	0.00033486	157.03	0.0063683	1.3600	1.8712	127.09	33.685	222.56	168.16	10.341	1.1647e-05	0.027512
122.71	2.8714	481.53	0.0020767	-0.35467	-0.18762	110.30	30.008	187.67	260.21	2.1659	3.2953e-05	0.056476	0.00033009	157.63	0.0063440	1.3569	1.8672	127.05	33.744	225.09	168.07	10.318	1.1667e-05	0.027640
122.75	2.8770	480.79	0.0020799	-0.34999	-0.18235	110.34	30.049	189.32	259.25	2.1816	3.2864e-05	0.056423	0.00032534	158.24	0.0063197	1.3538	1.8631	127.01	33.804	227.67	167.99	10.295	1.1687e-05	0.027770
122.79	2.8827	480.04	0.0020832	-0.34529	-0.17706	110.39	30.091	191.00	258.29	2.1974	3.2774e-05	0.056372	0.00032061	158.85	0.0062954	1.3507	1.8591	126.97	33.864	230.32	167.90	10.271	1.1707e-05	0.027901
122.83	2.8883	479.29	0.0020864	-0.34057	-0.17176	110.43	30.133	192.72	257.33	2.2133	3.2684e-05	0.056321	0.00031590	159.46	0.0062711	1.3475	1.8549	126.92	33.925	233.02	167.81	10.247	1.1727e-05	0.028034
122.87	2.8939	478.54	0.0020897	-0.33584	-0.16643	110.47	30.176	194.49	256.36	2.2295	3.2594e-05	0.056271	0.00031122	160.08	0.0062469	1.3444	1.8508	126.88	33.987	235.79	167.72	10.224	1.1748e-05	0.028169
122.91	2.8996	477.78	0.0020930	-0.33110	-0.16109	110.51	30.220	196.29	255.39	2.2458	3.2504e-05	0.056222	0.00030655	160.70	0.0062227	1.3412	1.8466	126.84	34.049	238.63	167.63	10.200	1.1768e-05	0.028305
122.95	2.9052	477.01	0.0020964	-0.32634	-0.15572	110.55	30.265	198.14	254.42	2.2622	3.2413e-05	0.056174	0.00030191	161.33	0.0061985	1.3379	1.8424	126.80	34.112	241.53	167.54	10.176	1.1789e-05	0.028444
122.99	2.9109	476.25	0.0020998	-0.32156	-0.15034	110.59	30.311	200.03	253.45	2.2789	3.2322e-05	0.056127	0.00029728	161.96	0.0061743	1.3347	1.8382	126.76	34.176	244.50	167.45	10.151	1.1810e-05	0.028585
123.03	2.9165	475.48	0.0021032	-0.31677	-0.14494	110.63	30.357	201.96	252.47	2.2957	3.2231e-05	0.056081	0.00029268	162.60	0.0061502	1.3314	1.8339	126.71	34.240	247.54	167.35	10.127	1.1831e-05	0.028727
123.07	2.9221	474.70	0.0021066	-0.31196	-0.13952	110.67	30.404	203.94	251.49	2.3127	3.2140e-05	0.056036	0.00028810	163.24	0.0061260	1.3281	1.8296	126.67	34.306	250.66	167.26	10.103	1.1852e-05	0.028872
123.11	2.9278	473.92	0.0021101	-0.30713	-0.13407	110.71	30.452	205.98	250.50	2.3299	3.2049e-05	0.055992	0.00028354	163.88	0.0061019	1.3248	1.8252	126.63	34.372	253.86	167.16	10.078	1.1874e-05	0.029019
123.15	2.9334	473.13	0.0021136	-0.30229	-0.12861	110.75	30.501	208.06	249.51	2.3472	3.1957e-05	0.055949	0.00027901	164.54	0.0060777	1.3214	1.8208	126.58	34.438	257.14	167.07	10.053	1.1896e-05	0.029168
123.19	2.9391	472.34	0.0021171	-0.29743	-0.12312	110.80	30.550	210.19	248.52	2.3648	3.1865e-05	0.055908	0.00027449	165.19	0.0060536	1.3180	1.8164	126.54	34.506	260.50	166.97	10.028	1.1918e-05	0.029320
123.23	2.9447	471.55	0.0021207	-0.29254	-0.11761	110.84	30.601	212.38	247.53	2.3825	3.1772e-05	0.055867	0.00027000	165.85	0.0060295	1.3146	1.8119	126.50	34.574	263.95	166.87	10.003	1.1940e-05	0.029473
123.27	2.9503	470.75	0.0021243	-0.28764	-0.11207	110.88	30.652	214.63	246.53	2.4005	3.1680e-05	0.055828	0.00026553	166.52	0.0060054	1.3111	1.8074	126.45	34.643	267.49	166.77	9.9783	1.1962e-05	0.029629
123.31	2.9560	469.94	0.0021279	-0.28272	-0.10652	110.92	30.705	216.94	245.52	2.4186	3.1587e-05	0.055790	0.00026108	167.19	0.0059813	1.3076	1.8029	126.41	34.713	271.12	166.67	9.9530	1.1985e-05	0.029788
123.35	2.9616	469.13	0.0021316	-0.27778	-0.10094	110.97	30.758	219.31	244.52	2.4370	3.1493e-05	0.055753	0.00025665	167.86	0.0059572	1.3041	1.7983	126.36	34.784	274.85	166.57	9.9275	1.2007e-05	0.029949
123.39	2.9673	468.32	0.0021353	-0.27282	-0.095330	111.01	30.812	221.74	243.51	2.4556	3.1400e-05	0.055718	0.00025224	168.55	0.0059331	1.3005	1.7937	126.32	34.855	278.68	166.47	9.9019	1.2030e-05	0.030112
123.43	2.9729	467.50	0.0021391	-0.26784	-0.089699	111.05	30.868	224.24	242.49	2.4744	3.1306e-05	0.055684	0.00024786	169.23	0.0059090	1.2969	1.7891	126.27	34.928	282.62	166.37	9.8761	1.2054e-05	0.030279
123.47	2.9785	466.67	0.0021428	-0.26284	-0.084041	111.09	30.924	226.81	241.48	2.4934	3.1211e-05	0.055651	0.00024350	169.93	0.0058849	1.2933	1.7843	126.23	35.001	286.67	166.26	9.8502	1.2077e-05	0.030448
123.51	2.9842	465.84	0.0021467	-0.25781	-0.078357	111.14	30.982	229.45	240.45	2.5126	3.1117e-05	0.055620	0.00023916	170.63	0.0058608	1.2897	1.7796	126.18	35.076	290.83	166.16	9.8241	1.2101e-05	0.030620
123.55	2.9898	465.00	0.0021505	-0.25276	-0.072646	111.18	31.040	232.17	239.43	2.5320	3.1022e-05	0.055591	0.00023484	171.33	0.0058366	1.2860	1.7748	126.13	35.151	295.11	166.05	9.7978	1.2125e-05	0.030795
123.58	2.9954	464.16	0.0021544	-0.24769	-0.066906	111.22	31.100	234.96	238.40	2.5517	3.0926e-05	0.055563	0.00023055	172.04	0.0058125	1.2822	1.7700	126.09	35.228	299.52	165.94	9.7713	1.2149e-05	0.030973
123.62	3.0011	463.31	0.0021584	-0.24260	-0.061138	111.27	31.161	237.84	237.36	2.5717	3.0831e-05	0.055536	0.00022628	172.76	0.0057884	1.2785	1.7651	126.04	35.305	304.06	165.83	9.7447	1.2173e-05	0.031154
123.66	3.0067	462.45	0.0021624	-0.23748	-0.055340	111.31	31.223	240.81	236.32	2.5919	3.0735e-05	0.055511	0.00022203	173.48	0.0057642	1.2747	1.7602	125.99	35.384	308.73	165.72	9.7179	1.2198e-05	0.031338
123.70	3.0124	461.59	0.0021664	-0.23233	-0.049512	111.36	31.287	243.87	235.28	2.6123	3.0638e-05	0.055488	0.00021780	174.21	0.0057401	1.2708	1.7552	125.95	35.464	313.55	165.60	9.6909	1.2223e-05	0.031526
123.74	3.0180	460.72	0.0021705	-0.22716	-0.043652	111.40	31.351	247.02	234.23	2.6330	3.0541e-05	0.055467	0.00021359	174.95	0.0057159	1.2669	1.7502	125.90	35.544	318.51	165.49	9.6637	1.2248e-05	0.031717
123.78	3.0236	459.84	0.0021747	-0.22196	-0.037761	111.45	31.417	250.26	233.18	2.6539	3.0444e-05	0.055447	0.00020941	175.69	0.0056917	1.2630	1.7451	125.85	35.627	323.63	165.37	9.6364	1.2273e-05	0.031912
123.82	3.0293	458.96	0.0021788	-0.21673	-0.031836	111.49	31.485	253.62	232.12	2.6751	3.0346e-05	0.055429	0.00020525	176.45	0.0056675	1.2590	1.7400	125.80	35.710	328.92	165.26	9.6088	1.2299e-05	0.032110
123.86	3.0349	458.07	0.0021831	-0.21148	-0.025878	111.54	31.553	257.08	231.05	2.6966	3.0248e-05	0.055413	0.00020112	177.20	0.0056432	1.2550	1.7348	125.75	35.794	334.37	165.14	9.5810	1.2325e-05	0.032313
123.89	3.0406	457.17	0.0021874	-0.20620	-0.019885	111.58	31.624	260.65	229.99	2.7184	3.0149e-05	0.055400	0.00019701	177.97	0.0056189	1.2509	1.7295	125.70	35.880	340.01	165.02	9.5531	1.2352e-05	0.032519
123.93	3.0462	456.27	0.0021917	-0.20088	-0.013856	111.63	31.695	264.35	228.91	2.7405	3.0050e-05	0.055388	0.00019292	178.74	0.0055946	1.2468	1.7242	125.65	35.967	345.83	164.89	9.5249	1.2378e-05	0.032729
123.97	3.0518	455.35	0.0021961	-0.19554	-0.0077908	111.67	31.769	268.17	227.83	2.7628	2.9950e-05	0.055378	0.00018885	179.52	0.0055703	1.2427	1.7189	125.60	36.056	351.85	164.77	9.4965	1.2405e-05	0.032944
124.01	3.0575	454.43	0.0022005	-0.19016	-0.0016873	111.72	31.844	272.12	226.75	2.7855	2.9850e-05	0.055371	0.00018481	180.31	0.0055459	1.2385	1.7135	125.55	36.146	358.08	164.64	9.4679	1.2433e-05	0.033163
124.05	3.0631	453.51	0.0022050	-0.18476	0.0044553	111.77	31.920	276.21	225.66	2.8084	2.9749e-05	0.055366	0.00018079	181.11	0.0055215	1.2342	1.7080	125.50	36.237	364.52	164.51	9.4390	1.2460e-05	0.033387
124.09	3.0687	452.57	0.0022096	-0.17931	0.010638	111.81	31.998	280.45	224.57	2.8317	2.9648e-05	0.055363	0.00017680	181.91	0.0054971	1.2299	1.7025	125.45	36.330	371.20	164.38	9.4099	1.2489e-05	0.033616
124.12	3.0744	451.62	0.0022142	-0.17384	0.016862	111.86	32.079	284.85	223.46	2.8553	2.9546e-05	0.055363	0.00017283	182.73	0.0054726	1.2256	1.6969	125.40	36.424	378.11	164.25	9.3806	1.2517e-05	0.033849
124.16	3.0800	450.67	0.0022189	-0.16832	0.023129	111.91	32.160	289.40	222.36	2.8793	2.9444e-05	0.055365	0.00016888	183.55	0.0054480	1.2212	1.6913	125.35	36.520	385.29	164.11	9.3510	1.2546e-05	0.034088
124.20	3.0857	449.71	0.0022237	-0.16277	0.029440	111.96	32.244	294.13	221.24	2.9035	2.9341e-05	0.055370	0.00016496	184.38	0.0054235	1.2167	1.6855	125.29	36.618	392.73	163.98	9.3212	1.2575e-05	0.034333
124.24	3.0913	448.73	0.0022285	-0.15719	0.035797	112.01	32.330	299.04	220.12	2.9282	2.9238e-05	0.055378	0.00016106	185.23	0.0053988	1.2122	1.6797	125.24	36.718	400.46	163.84	9.2911	1.2604e-05	0.034582
124.27	3.0969	447.75	0.0022334	-0.15156	0.042201	112.05	32.418	304.15	219.00	2.9532	2.9133e-05	0.055389	0.00015719	186.08	0.0053741	1.2076	1.6739	125.18	36.819	408.49	163.70	9.2608	1.2634e-05	0.034838
124.31	3.1026	446.76	0.0022383	-0.14589	0.048653	112.10	32.508	309.46	217.87	2.9785	2.9028e-05	0.055403	0.00015334	186.94	0.0053493	1.2030	1.6680	125.13	36.922	416.84	163.55	9.2302	1.2665e-05	0.035100
124.35	3.1082	445.76	0.0022434	-0.14018	0.055156	112.15	32.600	314.98	216.73	3.0043	2.8923e-05	0.055419	0.00014952	187.81	0.0053245	1.1983	1.6619	125.07	37.027	425.53	163.40	9.1993	1.2696e-05	0.035369
124.39	3.1139	444.74	0.0022485	-0.13443	0.061710	112.20	32.694	320.74	215.58	3.0304	2.8817e-05	0.055440	0.00014572	188.69	0.0052996	1.1936	1.6559	125.02	37.134	434.58	163.25	9.1681	1.2727e-05	0.035644
124.43	3.1195	443.72	0.0022537	-0.12863	0.068318	112.25	32.791	326.74	214.43	3.0570	2.8710e-05	0.055463	0.00014195	189.59	0.0052746	1.1888	1.6497	124.96	37.243	444.01	163.10	9.1367	1.2759e-05	0.035926
124.46	3.1251	442.68	0.0022590	-0.12278	0.074982	112.30	32.890	333.01	213.27	3.0839	2.8602e-05	0.055491	0.00013821	190.49	0.0052496	1.1839	1.6434	124.91	37.355	453.84	162.95	9.1049	1.2791e-05	0.036215
124.50	3.1308	441.63	0.0022643	-0.11689	0.081704	112.36	32.992	339.55	212.10	3.1113	2.8494e-05	0.055522	0.00013449	191.41	0.0052244	1.1789	1.6371	124.85	37.468	464.11	162.79	9.0728	1.2824e-05	0.036513
124.54	3.1364	440.57	0.0022698	-0.11094	0.088485	112.41	33.096	346.39	210.92	3.1392	2.8384e-05	0.055557	0.00013079	192.34	0.0051992	1.1739	1.6307	124.79	37.584	474.84	162.62	9.0404	1.2857e-05	0.036818
124.58	3.1421	439.50	0.0022753	-0.10494	0.095329	112.46	33.203	353.55	209.74	3.1675	2.8274e-05	0.055596	0.00012712	193.28	0.0051739	1.1688	1.6242	124.73	37.703	486.07	162.46	9.0076	1.2891e-05	0.037132
124.61	3.1477	438.41	0.0022809	-0.098892	0.10224	112.51	33.313	361.05	208.55	3.1962	2.8163e-05	0.055639	0.00012348	194.23	0.0051484	1.1636	1.6176	124.67	37.824	497.82	162.29	8.9745	1.2925e-05	0.037455
124.65	3.1533	437.31	0.0022867	-0.092784	0.10921	112.56	33.427	368.91	207.35	3.2255	2.8051e-05	0.055688	0.00011987	195.20	0.0051229	1.1584	1.6109	124.61	37.947	510.13	162.12	8.9410	1.2960e-05	0.037787
124.69	3.1590	436.20	0.0022925	-0.086617	0.11626	112.62	33.543	377.17	206.14	3.2552	2.7938e-05	0.055741	0.00011628	196.18	0.0050973	1.1530	1.6041	124.55	38.074	523.06	161.94	8.9072	1.2995e-05	0.038130
124.72	3.1646	435.07	0.0022985	-0.080389	0.12337	112.67	33.662	385.84	204.92	3.2855	2.7824e-05	0.055799	0.00011272	197.18	0.0050715	1.1476	1.5972	124.49	38.203	536.63	161.76	8.8730	1.3032e-05	0.038483
124.76	3.1702	433.93	0.0023045	-0.074097	0.13057	112.73	33.785	394.98	203.69	3.3163	2.7710e-05	0.055863	0.00010919	198.19	0.0050456	1.1421	1.5902	124.43	38.335	550.91	161.57	8.8384	1.3068e-05	0.038847
124.80	3.1759	432.77	0.0023107	-0.067738	0.13784	112.78	33.912	404.60	202.46	3.3476	2.7594e-05	0.055932	0.00010568	199.22	0.0050196	1.1365	1.5831	124.36	38.471	565.94	161.39	8.8034	1.3106e-05	0.039223
124.83	3.1815	431.59	0.0023170	-0.061310	0.14519	112.84	34.042	414.76	201.21	3.3796	2.7477e-05	0.056008	0.00010221	200.27	0.0049934	1.1308	1.5758	124.30	38.609	581.79	161.19	8.7680	1.3144e-05	0.039611
124.87	3.1872	430.40	0.0023234	-0.054809	0.15263	112.90	34.177	425.50	199.95	3.4121	2.7358e-05	0.056090	9.8760e-05	201.33	0.0049671	1.1250	1.5685	124.23	38.752	598.52	160.99	8.7321	1.3183e-05	0.040013
124.91	3.1928	429.19	0.0023300	-0.048233	0.16016	112.95	34.315	436.86	198.69	3.4452	2.7239e-05	0.056179	9.5342e-05	202.41	0.0049406	1.1191	1.5610	124.17	38.897	616.22	160.79	8.6958	1.3223e-05	0.040429
124.95	3.1984	427.96	0.0023367	-0.041576	0.16779	113.01	34.458	448.91	197.41	3.4790	2.7118e-05	0.056275	9.1953e-05	203.50	0.0049139	1.1131	1.5533	124.10	39.047	634.96	160.58	8.6589	1.3264e-05	0.040860
124.98	3.2041	426.71	0.0023435	-0.034837	0.17551	113.07	34.606	461.70	196.12	3.5135	2.6996e-05	0.056380	8.8595e-05	204.62	0.0048870	1.1069	1.5456	124.03	39.201	654.84	160.36	8.6216	1.3305e-05	0.041308
125.02	3.2097	425.43	0.0023505	-0.028009	0.18334	113.13	34.758	475.31	194.82	3.5486	2.6873e-05	0.056493	8.5267e-05	205.76	0.0048600	1.1007	1.5377	123.96	39.359	675.97	160.14	8.5838	1.3348e-05	0.041773
125.06	3.2154	424.14	0.0023577	-0.021089	0.19128	113.19	34.915	489.81	193.50	3.5845	2.6748e-05	0.056615	8.1969e-05	206.92	0.0048327	1.0943	1.5296	123.89	39.521	698.46	159.91	8.5455	1.3391e-05	0.042256
125.09	3.2210	422.82	0.0023651	-0.014072	0.19933	113.25	35.078	505.31	192.18	3.6211	2.6621e-05	0.056748	7.8703e-05	208.10	0.0048053	1.0878	1.5214	123.82	39.689	722.45	159.68	8.5065	1.3435e-05	0.042759
125.13	3.2266	421.48	0.0023726	-0.0069515	0.20750	113.31	35.247	521.89	190.84	3.6585	2.6493e-05	0.056891	7.5469e-05	209.31	0.0047776	1.0812	1.5130	123.75	39.861	748.09	159.44	8.4670	1.3481e-05	0.043284
125.16	3.2323	420.12	0.0023803	0.00027699	0.21581	113.38	35.422	539.68	189.49	3.6968	2.6363e-05	0.057046	7.2267e-05	210.54	0.0047496	1.0744	1.5044	123.67	40.038	775.56	159.19	8.4269	1.3527e-05	0.043832
125.20	3.2379	418.72	0.0023882	0.0076204	0.22424	113.44	35.603	558.82	188.12	3.7359	2.6232e-05	0.057214	6.9098e-05	211.80	0.0047214	1.0674	1.4957	123.60	40.221	805.05	158.93	8.3861	1.3575e-05	0.044405
125.24	3.2436	417.30	0.0023964	0.015086	0.23283	113.51	35.791	579.45	186.74	3.7758	2.6098e-05	0.057396	6.5963e-05	213.09	0.0046928	1.0603	1.4867	123.52	40.410	836.81	158.67	8.3446	1.3624e-05	0.045005
125.27	3.2492	415.85	0.0024047	0.022681	0.24156	113.57	35.986	601.77	185.34	3.8168	2.5963e-05	0.057594	6.2862e-05	214.41	0.0046640	1.0530	1.4776	123.44	40.606	871.08	158.39	8.3025	1.3674e-05	0.045635
125.31	3.2548	414.36	0.0024134	0.030414	0.25046	113.64	36.189	625.98	183.93	3.8587	2.5825e-05	0.057808	5.9796e-05	215.76	0.0046348	1.0456	1.4682	123.36	40.808	908.20	158.11	8.2595	1.3726e-05	0.046298
125.35	3.2605	412.84	0.0024222	0.038294	0.25954	113.71	36.401	652.32	182.50	3.9017	2.5685e-05	0.058042	5.6766e-05	217.14	0.0046053	1.0379	1.4585	123.28	41.017	948.50	157.81	8.2158	1.3780e-05	0.046997
125.38	3.2661	411.28	0.0024314	0.046333	0.26880	113.78	36.621	681.10	181.05	3.9458	2.5542e-05	0.058297	5.3772e-05	218.56	0.0045754	1.0300	1.4487	123.19	41.234	992.43	157.50	8.1712	1.3835e-05	0.047735
125.42	3.2717	409.69	0.0024409	0.054542	0.27826	113.85	36.851	712.66	179.58	3.9910	2.5397e-05	0.058575	5.0817e-05	220.02	0.0045451	1.0219	1.4385	123.11	41.459	1040.5	157.18	8.1257	1.3892e-05	0.048516
125.45	3.2774	408.05	0.0024507	0.062933	0.28793	113.93	37.092	747.42	178.09	4.0375	2.5249e-05	0.058880	4.7899e-05	221.52	0.0045143	1.0136	1.4281	123.02	41.694	1093.3	156.85	8.0792	1.3950e-05	0.049346
125.49	3.2830	406.36	0.0024609	0.071523	0.29785	114.00	37.344	785.87	176.58	4.0853	2.5097e-05	0.059215	4.5021e-05	223.07	0.0044830	1.0050	1.4173	122.92	41.938	1151.5	156.51	8.0317	1.4011e-05	0.050231
125.52	3.2887	404.63	0.0024714	0.080327	0.30801	114.08	37.608	828.64	175.05	4.1345	2.4943e-05	0.059585	4.2184e-05	224.66	0.0044511	0.99616	1.4062	122.83	42.192	1216.1	156.14	7.9831	1.4074e-05	0.051176
125.56	3.2943	402.84	0.0024824	0.089366	0.31845	114.16	37.885	876.48	173.49	4.1852	2.4784e-05	0.059994	3.9389e-05	226.31	0.0044187	0.98698	1.3948	122.73	42.457	1288.1	155.76	7.9333	1.4140e-05	0.052190
125.60	3.2999	400.99	0.0024939	0.098662	0.32920	114.24	38.177	930.32	171.91	4.2375	2.4622e-05	0.060448	3.6637e-05	228.02	0.0043856	0.97747	1.3829	122.63	42.735	1368.9	155.37	7.8822	1.4208e-05	0.053282
125.63	3.3056	399.07	0.0025058	0.10824	0.34028	114.33	38.485	991.36	170.30	4.2915	2.4455e-05	0.060955	3.3931e-05	229.79	0.0043518	0.96760	1.3706	122.53	43.027	1460.1	154.95	7.8297	1.4280e-05	0.054464
125.67	3.3112	397.08	0.0025184	0.11813	0.35173	114.42	38.810	1061.1	168.66	4.3474	2.4284e-05	0.061524	3.1271e-05	231.63	0.0043172	0.95733	1.3578	122.42	43.333	1563.9	154.51	7.7756	1.4354e-05	0.055750
125.70	3.3169	395.01	0.0025315	0.12837	0.36360	114.51	39.156	1141.5	166.99	4.4054	2.4107e-05	0.062168	2.8659e-05	233.55	0.0042816	0.94660	1.3444	122.31	43.656	1683.1	154.04	7.7199	1.4433e-05	0.057158
125.74	3.3225	392.86	0.0025455	0.13901	0.37592	114.60	39.523	1235.2	165.29	4.4656	2.3924e-05	0.062900	2.6099e-05	235.57	0.0042451	0.93538	1.3305	122.20	43.997	1821.2	153.55	7.6623	1.4515e-05	0.058710
125.77	3.3281	390.60	0.0025602	0.15009	0.38878	114.70	39.916	1345.7	163.54	4.5282	2.3734e-05	0.063741	2.3591e-05	237.68	0.0042074	0.92358	1.3158	122.07	44.359	1983.2	153.02	7.6026	1.4603e-05	0.060434
125.81	3.3338	388.22	0.0025759	0.16168	0.40224	114.81	40.337	1477.8	161.75	4.5936	2.3537e-05	0.064717	2.1140e-05	239.90	0.0041683	0.91114	1.3004	121.95	44.744	2175.8	152.45	7.5405	1.4696e-05	0.062367
125.84	3.3394	385.71	0.0025926	0.17386	0.41640	114.92	40.790	1638.4	159.92	4.6620	2.3330e-05	0.065863	1.8748e-05	242.27	0.0041277	0.89796	1.2841	121.81	45.155	2408.4	151.85	7.4758	1.4795e-05	0.064559
125.88	3.3451	383.04	0.0026107	0.18674	0.43138	115.03	41.282	1837.5	158.03	4.7340	2.3113e-05	0.067228	1.6420e-05	244.78	0.0040853	0.88390	1.2667	121.67	45.597	2694.7	151.19	7.4079	1.4902e-05	0.067079
125.91	3.3507	380.17	0.0026304	0.20045	0.44735	115.15	41.819	2090.6	156.08	4.8099	2.2884e-05	0.068883	1.4159e-05	247.49	0.0040406	0.86879	1.2481	121.51	46.074	3055.6	150.48	7.3365	1.5018e-05	0.070023
125.95	3.3563	377.08	0.0026519	0.21519	0.46453	115.29	42.411	2422.2	154.06	4.8906	2.2639e-05	0.070937	1.1972e-05	250.42	0.0039933	0.85241	1.2279	121.35	46.593	3523.9	149.69	7.2606	1.5146e-05	0.073535
125.98	3.3620	373.70	0.0026760	0.23122	0.48325	115.43	43.070	2874.2	151.96	4.9770	2.2375e-05	0.073561	9.8651e-06	253.64	0.0039426	0.83444	1.2058	121.17	47.163	4155.4	148.82	7.1794	1.5287e-05	0.077841
126.02	3.3676	369.94	0.0027032	0.24894	0.50396	115.59	43.815	3523.9	149.75	5.0704	2.2086e-05	0.077046	7.8484e-06	257.23	0.0038875	0.81440	1.1811	120.97	47.797	5051.7	147.83	7.0913	1.5447e-05	0.083314
126.05	3.3732	365.65	0.0027348	0.26899	0.52742	115.78	44.676	4531.1	147.41	5.1731	2.1763e-05	0.081939	5.9339e-06	261.35	0.0038263	0.79153	1.1531	120.74	48.513	6419.8	146.69	6.9942	1.5633e-05	0.090643
126.09	3.3789	360.60	0.0027731	0.29251	0.55500	115.99	45.701	6282.8	144.90	5.2888	2.1391e-05	0.089415	4.1393e-06	266.22	0.0037563	0.76450	1.1200	120.47	49.339	8754.3	145.33	6.8839	1.5858e-05	0.10127
126.12	3.3845	354.26	0.0028228	0.32187	0.58950	116.26	46.986	10004.	142.15	5.4248	2.0935e-05	0.10263	2.4929e-06	272.38	0.0036713	0.73053	1.0786	120.14	50.330	13589.	143.63	6.7525	1.6149e-05	0.11896
126.16	3.3902	345.16	0.0028972	0.36395	0.63909	116.65	undefined	undefined	undefined	5.6014	2.0305e-05	undefined	1.0487e-06	281.31	0.0035548	0.68176	1.0194	119.67	undefined	undefined	undefined	6.5779	1.6585e-05	undefined
126.19	3.3958	313.30	0.0031918	0.51527	0.81891	118.07	undefined	undefined	undefined	6.0831	1.8304e-05	undefined	0.0000	313.30	0.0031918	0.51527	0.81891	118.07	undefined	undefined	undefined	6.0831	1.8304e-05	undefined
