Temperature (K)	Pressure (MPa)	Density (l, kg/m3)	Volume (l, m3/kg)	Internal Energy (l, kJ/mol)	Enthalpy (l, kJ/mol)	Entropy (l, J/mol*K)	Cv (l, J/mol*K)	Cp (l, J/mol*K)	Sound Spd. (l, m/s)	Joule-Thomson (l, K/MPa)	Viscosity (l, Pa*s)	Therm. Cond. (l, W/m*K)	Surf. Tension (l, N/m)	Density (v, kg/m3)	Volume (v, m3/kg)	Internal Energy (v, kJ/mol)	Enthalpy (v, kJ/mol)	Entropy (v, J/mol*K)	Cv (v, J/mol*K)	Cp (v, J/mol*K)	Sound Spd. (v, m/s)	Joule-Thomson (v, K/MPa)	Viscosity (v, Pa*s)	Therm. Cond. (v, W/m*K)
216.37	2.0746e-06	763.31	0.0013101	-47.528	-47.528	-156.91	178.21	226.65	1529.6	-0.51281	0.0022520	0.15301	0.029731	0.00013173	7591.3	-2.1179	-0.31892	61.270	144.07	152.38	129.06	192.26	4.2034e-06	0.0061594
313.09	0.0041414	686.30	0.0014571	-24.085	-24.084	-67.741	210.02	260.80	1109.6	-0.39907	0.00043036	0.12002	0.019695	0.18273	5.4725	13.843	16.432	61.663	188.21	196.79	153.51	67.743	6.0007e-06	0.012101
327.75	0.0082807	674.17	0.0014833	-20.216	-20.214	-55.665	216.03	267.31	1050.2	-0.37633	0.00036932	0.11569	0.018307	0.35036	2.8542	16.620	19.319	64.956	195.63	204.40	156.40	58.088	6.2664e-06	0.013288
337.14	0.012420	666.28	0.0015009	-17.686	-17.684	-48.057	220.00	271.63	1012.7	-0.36081	0.00033707	0.11300	0.017433	0.51255	1.9510	18.446	21.214	67.322	200.47	209.40	158.08	52.756	6.4351e-06	0.014088
344.21	0.016559	660.27	0.0015145	-15.754	-15.751	-42.384	223.03	274.95	984.73	-0.34858	0.00031554	0.11100	0.016782	0.67133	1.4896	19.847	22.664	69.220	204.16	213.24	159.24	49.138	6.5615e-06	0.014710
349.95	0.020699	655.34	0.0015259	-14.168	-14.164	-37.814	225.52	277.70	962.18	-0.33826	0.00029956	0.10940	0.016258	0.82766	1.2082	20.999	23.855	70.828	207.19	216.41	160.11	46.436	6.6637e-06	0.015229
354.82	0.024838	651.12	0.0015358	-12.810	-12.806	-33.961	227.64	280.05	943.18	-0.32922	0.00028694	0.10806	0.015816	0.98212	1.0182	21.986	24.875	72.235	209.76	219.12	160.80	44.300	6.7501e-06	0.015678
359.07	0.028977	647.41	0.0015446	-11.616	-11.611	-30.617	229.51	282.12	926.69	-0.32110	0.00027655	0.10690	0.015433	1.1351	0.88101	22.855	25.771	73.492	212.02	221.51	161.36	42.547	6.8253e-06	0.016076
362.85	0.033117	644.09	0.0015526	-10.547	-10.541	-27.653	231.17	283.98	912.06	-0.31368	0.00026776	0.10587	0.015094	1.2868	0.77715	23.634	26.574	74.634	214.05	223.65	161.82	41.069	6.8922e-06	0.016436
366.27	0.037256	641.07	0.0015599	-9.5737	-9.5670	-24.984	232.69	285.68	898.89	-0.30681	0.00026016	0.10496	0.014789	1.4374	0.69570	24.343	27.304	75.683	215.88	225.60	162.21	39.798	6.9525e-06	0.016766
369.39	0.041395	638.29	0.0015667	-8.6793	-8.6719	-22.553	234.07	287.24	886.89	-0.30037	0.00025348	0.10413	0.014511	1.5871	0.63007	24.995	27.975	76.656	217.56	227.40	162.54	38.686	7.0076e-06	0.017072
372.27	0.045535	635.71	0.0015730	-7.8498	-7.8416	-20.316	235.36	288.69	875.86	-0.29431	0.00024752	0.10336	0.014256	1.7361	0.57601	25.600	28.596	77.565	219.11	229.07	162.82	37.703	7.0584e-06	0.017357
374.95	0.049674	633.30	0.0015790	-7.0750	-7.0660	-18.242	236.55	290.04	865.62	-0.28855	0.00024216	0.10266	0.014019	1.8843	0.53069	26.166	29.177	78.419	220.56	230.63	163.07	36.823	7.1057e-06	0.017625
377.46	0.053813	631.03	0.0015847	-6.3470	-6.3372	-16.307	237.67	291.31	856.07	-0.28305	0.00023728	0.10200	0.013799	2.0320	0.49213	26.697	29.722	79.225	221.92	232.10	163.28	36.030	7.1499e-06	0.017878
379.81	0.057952	628.88	0.0015901	-5.6594	-5.6489	-14.491	238.73	292.52	847.10	-0.27778	0.00023282	0.10139	0.013592	2.1791	0.45891	27.198	30.236	79.990	223.20	233.48	163.46	35.309	7.1915e-06	0.018119
382.04	0.062092	626.85	0.0015953	-5.0074	-4.9961	-12.779	239.72	293.66	838.65	-0.27271	0.00022871	0.10081	0.013397	2.3257	0.42998	27.674	30.723	80.718	224.41	234.80	163.62	34.650	7.2308e-06	0.018348
384.15	0.066231	624.91	0.0016002	-4.3868	-4.3747	-11.159	240.67	294.75	830.65	-0.26781	0.00022490	0.10026	0.013212	2.4719	0.40455	28.126	31.187	81.413	225.55	236.05	163.76	34.044	7.2681e-06	0.018566
386.16	0.070370	623.06	0.0016050	-3.7941	-3.7812	-9.6198	241.57	295.79	823.05	-0.26307	0.00022135	0.099747	0.013037	2.6177	0.38202	28.559	31.629	82.079	226.65	237.25	163.88	33.484	7.3037e-06	0.018776
388.08	0.074510	621.28	0.0016096	-3.2265	-3.2128	-8.1534	242.43	296.78	815.80	-0.25847	0.00021803	0.099255	0.012871	2.7631	0.36191	28.972	32.053	82.719	227.69	238.40	163.99	32.964	7.3377e-06	0.018978
389.91	0.078649	619.57	0.0016140	-2.6815	-2.6670	-6.7524	243.26	297.74	808.88	-0.25399	0.00021491	0.098786	0.012712	2.9083	0.34385	29.370	32.459	83.334	228.70	239.51	164.07	32.481	7.3702e-06	0.019173
391.67	0.082788	617.93	0.0016183	-2.1572	-2.1418	-5.4105	244.05	298.66	802.25	-0.24963	0.00021198	0.098338	0.012559	3.0531	0.32754	29.752	32.849	83.927	229.66	240.57	164.15	32.028	7.4015e-06	0.019361
393.36	0.086928	616.34	0.0016225	-1.6516	-1.6355	-4.1224	244.82	299.55	795.88	-0.24537	0.00020920	0.097908	0.012413	3.1977	0.31273	30.120	33.225	84.500	230.58	241.59	164.21	31.604	7.4317e-06	0.019543
394.99	0.091067	614.80	0.0016265	-1.1633	-1.1463	-2.8835	245.55	300.41	789.75	-0.24120	0.00020658	0.097496	0.012272	3.3420	0.29922	30.476	33.588	85.054	231.47	242.58	164.27	31.206	7.4608e-06	0.019719
396.57	0.095206	613.31	0.0016305	-0.69079	-0.67306	-1.6896	246.26	301.24	783.85	-0.23712	0.00020408	0.097099	0.012137	3.4861	0.28685	30.820	33.939	85.590	232.34	243.54	164.31	30.831	7.4889e-06	0.019890
398.08	0.099346	611.87	0.0016343	-0.23299	-0.21444	-0.53728	246.94	302.05	778.15	-0.23311	0.00020170	0.096717	0.012007	3.6301	0.27548	31.153	34.279	86.111	233.17	244.48	164.35	30.476	7.5161e-06	0.020057
399.56	0.10348	610.47	0.0016381	0.21121	0.23058	0.57662	247.61	302.83	772.64	-0.22918	0.00019943	0.096348	0.011881	3.7738	0.26498	31.476	34.608	86.617	233.97	245.38	164.37	30.140	7.5425e-06	0.020219
400.98	0.10762	609.11	0.0016418	0.64277	0.66295	1.6549	248.25	303.60	767.30	-0.22531	0.00019727	0.095991	0.011759	3.9174	0.25527	31.790	34.928	87.109	234.76	246.26	164.39	29.822	7.5682e-06	0.020377
402.36	0.11176	607.78	0.0016453	1.0625	1.0835	2.7000	248.88	304.34	762.12	-0.22151	0.00019519	0.095646	0.011640	4.0608	0.24625	32.095	35.239	87.587	235.52	247.11	164.40	29.520	7.5932e-06	0.020531
403.71	0.11590	606.48	0.0016489	1.4712	1.4931	3.7142	249.48	305.06	757.10	-0.21776	0.00019320	0.095311	0.011526	4.2041	0.23786	32.392	35.541	88.054	236.25	247.95	164.41	29.232	7.6175e-06	0.020681
405.01	0.12004	605.22	0.0016523	1.8696	1.8922	4.6995	250.07	305.76	752.22	-0.21406	0.00019129	0.094986	0.011414	4.3473	0.23003	32.682	35.836	88.508	236.97	248.76	164.41	28.957	7.6412e-06	0.020828
406.28	0.12418	603.98	0.0016557	2.2582	2.2817	5.6577	250.65	306.45	747.47	-0.21042	0.00018945	0.094671	0.011306	4.4904	0.22270	32.964	36.123	88.952	237.67	249.55	164.40	28.695	7.6643e-06	0.020972
407.52	0.12832	602.78	0.0016590	2.6377	2.6620	6.5904	251.21	307.12	742.85	-0.20682	0.00018767	0.094365	0.011201	4.6334	0.21582	33.239	36.403	89.386	238.35	250.33	164.39	28.445	7.6869e-06	0.021113
408.73	0.13246	601.60	0.0016622	3.0085	3.0337	7.4991	251.75	307.78	738.34	-0.20326	0.00018596	0.094067	0.011098	4.7763	0.20937	33.509	36.676	89.809	239.02	251.09	164.37	28.206	7.7090e-06	0.021251
409.91	0.13660	600.44	0.0016654	3.3711	3.3971	8.3851	252.29	308.43	733.95	-0.19975	0.00018431	0.093776	0.010999	4.9192	0.20329	33.772	36.944	90.224	239.66	251.83	164.35	27.976	7.7307e-06	0.021386
411.06	0.14074	599.31	0.0016686	3.7260	3.7529	9.2498	252.81	309.06	729.66	-0.19627	0.00018272	0.093493	0.010901	5.0619	0.19755	34.029	37.205	90.630	240.30	252.56	164.33	27.756	7.7519e-06	0.021519
412.19	0.14488	598.20	0.0016717	4.0736	4.1012	10.094	253.32	309.67	725.47	-0.19283	0.00018117	0.093217	0.010806	5.2047	0.19214	34.281	37.461	91.027	240.92	253.27	164.30	27.544	7.7727e-06	0.021649
413.29	0.14902	597.11	0.0016747	4.4141	4.4426	10.919	253.81	310.28	721.37	-0.18942	0.00017967	0.092948	0.010713	5.3473	0.18701	34.528	37.711	91.416	241.52	253.97	164.26	27.341	7.7931e-06	0.021777
414.36	0.15316	596.04	0.0016777	4.7480	4.7774	11.727	254.30	310.87	717.36	-0.18604	0.00017822	0.092684	0.010622	5.4900	0.18215	34.769	37.956	91.798	242.12	254.66	164.23	27.146	7.8131e-06	0.021903
415.42	0.15730	594.99	0.0016807	5.0756	5.1058	12.516	254.78	311.46	713.44	-0.18270	0.00017682	0.092427	0.010533	5.6326	0.17754	35.007	38.197	92.173	242.70	255.34	164.19	26.957	7.8328e-06	0.022027
416.45	0.16144	593.95	0.0016836	5.3971	5.4282	13.289	255.24	312.03	709.60	-0.17938	0.00017545	0.092175	0.010447	5.7751	0.17316	35.239	38.432	92.540	243.27	256.00	164.14	26.776	7.8521e-06	0.022149
417.46	0.16557	592.94	0.0016865	5.7129	5.7448	14.047	255.70	312.60	705.83	-0.17608	0.00017412	0.091929	0.010361	5.9177	0.16898	35.468	38.664	92.901	243.82	256.65	164.10	26.601	7.8711e-06	0.022269
418.46	0.16971	591.94	0.0016894	6.0231	6.0559	14.789	256.15	313.15	702.14	-0.17281	0.00017283	0.091688	0.010278	6.0603	0.16501	35.692	38.891	93.255	244.37	257.29	164.05	26.432	7.8899e-06	0.022387
419.43	0.17385	590.95	0.0016922	6.3281	6.3617	15.517	256.59	313.70	698.52	-0.16957	0.00017157	0.091452	0.010196	6.2028	0.16122	35.912	39.114	93.604	244.91	257.92	164.00	26.269	7.9083e-06	0.022503
420.39	0.17799	589.98	0.0016950	6.6280	6.6624	16.231	257.03	314.23	694.97	-0.16634	0.00017034	0.091220	0.010116	6.3454	0.15760	36.129	39.333	93.946	245.44	258.54	163.94	26.111	7.9265e-06	0.022618
421.33	0.18213	589.03	0.0016977	6.9230	6.9583	16.933	257.45	314.76	691.48	-0.16314	0.00016915	0.090993	0.010038	6.4879	0.15413	36.342	39.548	94.283	245.96	259.16	163.88	25.959	7.9444e-06	0.022731
422.25	0.18627	588.09	0.0017004	7.2133	7.2495	17.621	257.87	315.28	688.05	-0.15995	0.00016799	0.090771	0.0099605	6.6305	0.15082	36.551	39.760	94.615	246.46	259.76	163.82	25.811	7.9621e-06	0.022843
423.16	0.19041	587.16	0.0017031	7.4992	7.5362	18.297	258.28	315.80	684.68	-0.15679	0.00016685	0.090552	0.0098847	6.7731	0.14764	36.757	39.969	94.941	246.97	260.35	163.76	25.668	7.9795e-06	0.022953
424.06	0.19455	586.25	0.0017058	7.7807	7.8186	18.962	258.68	316.30	681.37	-0.15364	0.00016574	0.090337	0.0098103	6.9157	0.14460	36.960	40.174	95.262	247.46	260.94	163.70	25.530	7.9967e-06	0.023061
424.93	0.19869	585.35	0.0017084	8.0581	8.0969	19.616	259.08	316.80	678.11	-0.15051	0.00016466	0.090127	0.0097372	7.0583	0.14168	37.160	40.376	95.578	247.94	261.52	163.63	25.396	8.0137e-06	0.023168
425.80	0.20283	584.46	0.0017110	8.3315	8.3711	20.259	259.47	317.30	674.90	-0.14739	0.00016360	0.089919	0.0096653	7.2010	0.13887	37.357	40.575	95.890	248.42	262.09	163.56	25.266	8.0304e-06	0.023274
426.65	0.20697	583.58	0.0017136	8.6009	8.6415	20.891	259.86	317.78	671.75	-0.14429	0.00016256	0.089716	0.0095946	7.3437	0.13617	37.551	40.770	96.197	248.89	262.65	163.49	25.139	8.0470e-06	0.023379
427.49	0.21111	582.71	0.0017161	8.8667	8.9081	21.513	260.23	318.26	668.64	-0.14120	0.00016155	0.089516	0.0095251	7.4864	0.13358	37.742	40.963	96.499	249.35	263.21	163.42	25.017	8.0634e-06	0.023482
428.31	0.21525	581.85	0.0017186	9.1289	9.1711	22.126	260.61	318.74	665.58	-0.13812	0.00016056	0.089319	0.0094566	7.6292	0.13108	37.931	41.154	96.797	249.81	263.76	163.35	24.898	8.0796e-06	0.023585
429.12	0.21939	581.01	0.0017211	9.3875	9.4307	22.730	260.98	319.21	662.57	-0.13506	0.00015959	0.089125	0.0093893	7.7720	0.12867	38.117	41.341	97.092	250.26	264.30	163.27	24.782	8.0957e-06	0.023686
429.93	0.22352	580.17	0.0017236	9.6428	9.6868	23.324	261.34	319.67	659.60	-0.13201	0.00015864	0.088934	0.0093230	7.9149	0.12634	38.300	41.526	97.382	250.70	264.83	163.20	24.670	8.1115e-06	0.023786
430.72	0.22766	579.34	0.0017261	9.8948	9.9397	23.910	261.69	320.13	656.67	-0.12897	0.00015771	0.088746	0.0092576	8.0578	0.12410	38.481	41.709	97.668	251.13	265.36	163.12	24.560	8.1272e-06	0.023885
431.50	0.23180	578.53	0.0017285	10.144	10.189	24.487	262.05	320.58	653.78	-0.12594	0.00015679	0.088561	0.0091933	8.2008	0.12194	38.660	41.889	97.951	251.56	265.89	163.04	24.454	8.1428e-06	0.023982
432.26	0.23594	577.72	0.0017310	10.390	10.436	25.057	262.39	321.03	650.93	-0.12292	0.00015590	0.088379	0.0091299	8.3439	0.11985	38.836	42.066	98.230	251.99	266.41	162.95	24.350	8.1582e-06	0.024079
433.02	0.24008	576.92	0.0017334	10.632	10.680	25.618	262.74	321.47	648.12	-0.11990	0.00015502	0.088200	0.0090674	8.4870	0.11783	39.010	42.242	98.505	252.41	266.92	162.87	24.250	8.1735e-06	0.024175
433.77	0.24422	576.12	0.0017357	10.872	10.921	26.172	263.07	321.91	645.35	-0.11690	0.00015416	0.088023	0.0090057	8.6302	0.11587	39.182	42.415	98.777	252.82	267.43	162.79	24.151	8.1886e-06	0.024270
434.51	0.24836	575.34	0.0017381	11.109	11.159	26.718	263.41	322.34	642.61	-0.11390	0.00015331	0.087848	0.0089450	8.7734	0.11398	39.352	42.586	99.046	253.23	267.93	162.70	24.056	8.2036e-06	0.024364
435.24	0.25250	574.56	0.0017404	11.344	11.394	27.258	263.74	322.77	639.91	-0.11092	0.00015248	0.087676	0.0088850	8.9168	0.11215	39.520	42.755	99.311	253.63	268.43	162.61	23.963	8.2184e-06	0.024457
435.96	0.25664	573.80	0.0017428	11.576	11.627	27.790	264.06	323.20	637.24	-0.10793	0.00015167	0.087507	0.0088259	9.0602	0.11037	39.686	42.921	99.574	254.03	268.92	162.53	23.872	8.2332e-06	0.024549
436.67	0.26078	573.04	0.0017451	11.805	11.857	28.316	264.38	323.62	634.60	-0.10496	0.00015087	0.087339	0.0087675	9.2037	0.10865	39.850	43.086	99.833	254.42	269.41	162.44	23.784	8.2478e-06	0.024641
437.37	0.26492	572.28	0.0017474	12.032	12.085	28.835	264.70	324.04	632.00	-0.10199	0.00015008	0.087174	0.0087099	9.3472	0.10698	40.012	43.249	100.09	254.81	269.89	162.35	23.697	8.2623e-06	0.024731
438.07	0.26906	571.54	0.0017497	12.256	12.310	29.347	265.01	324.45	629.43	-0.099026	0.00014931	0.087011	0.0086530	9.4909	0.10536	40.172	43.410	100.34	255.19	270.37	162.26	23.613	8.2767e-06	0.024821
438.75	0.27320	570.80	0.0017519	12.478	12.533	29.854	265.32	324.86	626.88	-0.096067	0.00014854	0.086850	0.0085969	9.6346	0.10379	40.330	43.570	100.59	255.57	270.84	162.16	23.531	8.2910e-06	0.024910
439.43	0.27734	570.06	0.0017542	12.698	12.753	30.354	265.63	325.26	624.37	-0.093113	0.00014779	0.086691	0.0085414	9.7785	0.10227	40.487	43.727	100.84	255.95	271.31	162.07	23.451	8.3051e-06	0.024998
440.10	0.28148	569.34	0.0017564	12.915	12.972	30.849	265.93	325.67	621.88	-0.090163	0.00014706	0.086534	0.0084866	9.9224	0.10078	40.642	43.883	101.09	256.32	271.78	161.97	23.373	8.3192e-06	0.025085
440.76	0.28561	568.62	0.0017586	13.130	13.188	31.337	266.23	326.06	619.43	-0.087217	0.00014633	0.086379	0.0084325	10.066	0.099340	40.796	44.037	101.33	256.68	272.24	161.88	23.296	8.3332e-06	0.025172
441.42	0.28975	567.90	0.0017609	13.343	13.402	31.821	266.53	326.46	617.00	-0.084275	0.00014562	0.086226	0.0083790	10.211	0.097938	40.948	44.189	101.57	257.05	272.70	161.78	23.222	8.3471e-06	0.025258
442.07	0.29389	567.20	0.0017631	13.554	13.614	32.299	266.82	326.85	614.59	-0.081336	0.00014492	0.086075	0.0083262	10.355	0.096574	41.098	44.340	101.80	257.40	273.16	161.68	23.149	8.3609e-06	0.025344
442.71	0.29803	566.49	0.0017652	13.763	13.824	32.771	267.11	327.24	612.21	-0.078399	0.00014422	0.085925	0.0082739	10.499	0.095247	41.247	44.489	102.04	257.76	273.61	161.59	23.077	8.3746e-06	0.025428
443.34	0.30217	565.80	0.0017674	13.970	14.031	33.239	267.40	327.63	609.86	-0.075466	0.00014354	0.085777	0.0082223	10.643	0.093954	41.394	44.637	102.27	258.11	274.06	161.49	23.008	8.3882e-06	0.025512
443.97	0.30631	565.11	0.0017696	14.176	14.237	33.701	267.68	328.01	607.53	-0.072534	0.00014287	0.085631	0.0081712	10.788	0.092696	41.540	44.783	102.50	258.46	274.50	161.39	22.940	8.4018e-06	0.025596
444.59	0.31045	564.42	0.0017717	14.379	14.442	34.159	267.96	328.39	605.22	-0.069604	0.00014221	0.085487	0.0081207	10.933	0.091469	41.684	44.928	102.73	258.80	274.94	161.28	22.873	8.4153e-06	0.025679
445.21	0.31459	563.74	0.0017739	14.580	14.644	34.612	268.24	328.77	602.94	-0.066676	0.00014156	0.085344	0.0080707	11.077	0.090274	41.827	45.071	102.96	259.14	275.38	161.18	22.808	8.4287e-06	0.025761
445.82	0.31873	563.07	0.0017760	14.780	14.844	35.060	268.51	329.14	600.67	-0.063749	0.00014091	0.085202	0.0080213	11.222	0.089109	41.969	45.213	103.18	259.48	275.82	161.08	22.745	8.4420e-06	0.025842
446.42	0.32287	562.40	0.0017781	14.978	15.043	35.503	268.79	329.51	598.44	-0.060823	0.00014028	0.085063	0.0079725	11.367	0.087973	42.109	45.354	103.40	259.81	276.25	160.98	22.683	8.4552e-06	0.025923
447.02	0.32701	561.73	0.0017802	15.174	15.240	35.943	269.06	329.88	596.22	-0.057898	0.00013965	0.084924	0.0079241	11.512	0.086864	42.248	45.493	103.62	260.14	276.68	160.87	22.622	8.4684e-06	0.026004
447.61	0.33115	561.07	0.0017823	15.368	15.436	36.377	269.32	330.25	594.02	-0.054973	0.00013904	0.084787	0.0078762	11.657	0.085782	42.386	45.631	103.84	260.47	277.10	160.77	22.562	8.4815e-06	0.026084
448.20	0.33529	560.42	0.0017844	15.561	15.629	36.808	269.59	330.61	591.84	-0.052049	0.00013843	0.084652	0.0078289	11.803	0.084726	42.522	45.767	104.05	260.79	277.53	160.66	22.504	8.4946e-06	0.026163
448.78	0.33943	559.77	0.0017865	15.752	15.821	37.234	269.85	330.97	589.69	-0.049124	0.00013783	0.084518	0.0077820	11.948	0.083694	42.658	45.903	104.26	261.11	277.95	160.56	22.447	8.5075e-06	0.026242
449.35	0.34357	559.12	0.0017885	15.942	16.012	37.657	270.11	331.33	587.55	-0.046199	0.00013724	0.084385	0.0077355	12.094	0.082687	42.792	46.037	104.48	261.43	278.37	160.45	22.392	8.5205e-06	0.026320
449.92	0.34770	558.48	0.0017906	16.130	16.201	38.075	270.36	331.69	585.43	-0.043273	0.00013665	0.084254	0.0076896	12.239	0.081703	42.925	46.170	104.68	261.75	278.78	160.34	22.337	8.5333e-06	0.026398
450.49	0.35184	557.84	0.0017926	16.316	16.388	38.490	270.62	332.04	583.33	-0.040347	0.00013607	0.084124	0.0076441	12.385	0.080741	43.057	46.302	104.89	262.06	279.19	160.23	22.284	8.5461e-06	0.026476
451.05	0.35598	557.21	0.0017947	16.501	16.574	38.900	270.87	332.39	581.25	-0.037419	0.00013550	0.083995	0.0075990	12.531	0.079800	43.187	46.432	105.10	262.37	279.60	160.12	22.231	8.5589e-06	0.026553
451.60	0.36012	556.58	0.0017967	16.685	16.759	39.307	271.12	332.74	579.19	-0.034491	0.00013494	0.083868	0.0075544	12.677	0.078881	43.317	46.562	105.30	262.68	280.01	160.01	22.180	8.5716e-06	0.026629
452.15	0.36426	555.95	0.0017987	16.867	16.942	39.711	271.37	333.09	577.15	-0.031561	0.00013438	0.083741	0.0075102	12.824	0.077982	43.445	46.690	105.50	262.98	280.42	159.90	22.130	8.5842e-06	0.026705
452.70	0.36840	555.33	0.0018007	17.048	17.124	40.110	271.62	333.44	575.12	-0.028629	0.00013383	0.083616	0.0074664	12.970	0.077102	43.573	46.817	105.70	263.28	280.82	159.79	22.081	8.5968e-06	0.026780
453.24	0.37254	554.71	0.0018027	17.227	17.304	40.507	271.86	333.78	573.11	-0.025695	0.00013329	0.083492	0.0074230	13.116	0.076241	43.699	46.944	105.90	263.58	281.22	159.68	22.033	8.6094e-06	0.026856
453.77	0.37668	554.10	0.0018047	17.405	17.483	40.900	272.10	334.12	571.11	-0.022759	0.00013275	0.083369	0.0073800	13.263	0.075398	43.825	47.069	106.10	263.88	281.62	159.57	21.986	8.6219e-06	0.026930
454.30	0.38082	553.49	0.0018067	17.582	17.661	41.289	272.34	334.46	569.13	-0.019821	0.00013222	0.083248	0.0073374	13.410	0.074573	43.949	47.193	106.29	264.17	282.02	159.46	21.940	8.6343e-06	0.027004
454.83	0.38496	552.88	0.0018087	17.758	17.837	41.675	272.58	334.80	567.17	-0.016880	0.00013170	0.083127	0.0072952	13.557	0.073765	44.073	47.316	106.49	264.46	282.41	159.34	21.894	8.6467e-06	0.027078
455.35	0.38910	552.28	0.0018107	17.932	18.012	42.058	272.81	335.14	565.22	-0.013937	0.00013118	0.083008	0.0072534	13.704	0.072973	44.195	47.438	106.68	264.75	282.81	159.23	21.850	8.6591e-06	0.027152
455.87	0.39324	551.68	0.0018127	18.105	18.186	42.438	273.05	335.47	563.29	-0.010990	0.00013067	0.082889	0.0072119	13.851	0.072198	44.317	47.560	106.87	265.04	283.20	159.12	21.807	8.6714e-06	0.027225
456.39	0.39738	551.08	0.0018146	18.276	18.359	42.815	273.28	335.81	561.37	-0.0080408	0.00013016	0.082772	0.0071708	13.998	0.071438	44.437	47.680	107.06	265.32	283.59	159.00	21.764	8.6837e-06	0.027297
456.90	0.40152	550.49	0.0018166	18.447	18.530	43.188	273.51	336.14	559.47	-0.0050880	0.00012966	0.082655	0.0071301	14.146	0.070693	44.557	47.799	107.25	265.61	283.97	158.89	21.723	8.6960e-06	0.027369
457.40	0.40565	549.90	0.0018185	18.616	18.701	43.559	273.74	336.47	557.58	-0.0021318	0.00012917	0.082540	0.0070897	14.293	0.069963	44.676	47.917	107.43	265.89	284.36	158.77	21.682	8.7082e-06	0.027441
457.91	0.40979	549.31	0.0018205	18.785	18.870	43.927	273.96	336.80	555.71	0.00082806	0.00012868	0.082426	0.0070496	14.441	0.069247	44.793	48.035	107.62	266.17	284.74	158.65	21.642	8.7204e-06	0.027513
458.40	0.41393	548.73	0.0018224	18.952	19.038	44.292	274.19	337.12	553.85	0.0037918	0.00012819	0.082312	0.0070099	14.589	0.068545	44.910	48.152	107.80	266.44	285.13	158.54	21.603	8.7325e-06	0.027584
458.90	0.41807	548.15	0.0018243	19.118	19.205	44.654	274.41	337.45	552.00	0.0067594	0.00012772	0.082200	0.0069705	14.737	0.067856	45.027	48.267	107.98	266.72	285.51	158.42	21.564	8.7446e-06	0.027655
459.39	0.42221	547.57	0.0018262	19.282	19.370	45.013	274.63	337.77	550.17	0.0097313	0.00012724	0.082088	0.0069314	14.885	0.067181	45.142	48.382	108.17	266.99	285.88	158.30	21.527	8.7567e-06	0.027725
459.88	0.42635	547.00	0.0018282	19.446	19.535	45.369	274.85	338.09	548.34	0.012707	0.00012677	0.081977	0.0068927	15.034	0.066518	45.257	48.496	108.34	267.26	286.26	158.18	21.490	8.7687e-06	0.027795
460.36	0.43049	546.43	0.0018301	19.609	19.699	45.723	275.07	338.41	546.54	0.015688	0.00012631	0.081868	0.0068543	15.182	0.065867	45.370	48.609	108.52	267.53	286.64	158.07	21.454	8.7807e-06	0.027865
460.84	0.43463	545.86	0.0018320	19.771	19.861	46.074	275.29	338.73	544.74	0.018674	0.00012585	0.081759	0.0068161	15.331	0.065228	45.483	48.722	108.70	267.79	287.01	157.95	21.418	8.7927e-06	0.027934
461.32	0.43877	545.29	0.0018339	19.931	20.023	46.423	275.50	339.05	542.96	0.021664	0.00012539	0.081651	0.0067783	15.480	0.064601	45.595	48.833	108.87	268.06	287.38	157.83	21.383	8.8046e-06	0.028003
461.79	0.44291	544.73	0.0018358	20.091	20.184	46.769	275.72	339.37	541.19	0.024659	0.00012494	0.081544	0.0067408	15.629	0.063985	45.707	48.944	109.05	268.32	287.75	157.71	21.349	8.8166e-06	0.028072
462.26	0.44705	544.17	0.0018377	20.249	20.343	47.113	275.93	339.68	539.43	0.027659	0.00012450	0.081437	0.0067036	15.778	0.063380	45.817	49.054	109.22	268.58	288.12	157.59	21.316	8.8284e-06	0.028141
462.73	0.45119	543.61	0.0018395	20.407	20.502	47.454	276.14	340.00	537.68	0.030665	0.00012405	0.081332	0.0066666	15.927	0.062786	45.927	49.163	109.39	268.84	288.49	157.47	21.283	8.8403e-06	0.028209
463.19	0.45533	543.06	0.0018414	20.564	20.660	47.792	276.35	340.31	535.95	0.033676	0.00012362	0.081227	0.0066300	16.077	0.062202	46.036	49.271	109.56	269.10	288.86	157.35	21.251	8.8522e-06	0.028277
463.65	0.45947	542.51	0.0018433	20.720	20.816	48.129	276.55	340.62	534.22	0.036692	0.00012318	0.081123	0.0065936	16.226	0.061628	46.145	49.379	109.73	269.35	289.22	157.22	21.220	8.8640e-06	0.028344
464.11	0.46361	541.96	0.0018452	20.874	20.972	48.463	276.76	340.93	532.51	0.039715	0.00012275	0.081020	0.0065575	16.376	0.061064	46.252	49.486	109.90	269.61	289.59	157.10	21.189	8.8758e-06	0.028411
464.57	0.46774	541.41	0.0018470	21.028	21.127	48.794	276.96	341.24	530.81	0.042743	0.00012233	0.080918	0.0065217	16.526	0.060510	46.359	49.592	110.07	269.86	289.95	156.98	21.159	8.8875e-06	0.028478
465.02	0.47188	540.86	0.0018489	21.181	21.281	49.124	277.17	341.55	529.12	0.045777	0.00012191	0.080816	0.0064861	16.676	0.059965	46.465	49.698	110.23	270.11	290.31	156.86	21.129	8.8993e-06	0.028545
465.46	0.47602	540.32	0.0018507	21.333	21.434	49.451	277.37	341.85	527.44	0.048818	0.00012149	0.080715	0.0064508	16.827	0.059430	46.571	49.803	110.40	270.36	290.67	156.74	21.100	8.9110e-06	0.028611
465.91	0.48016	539.78	0.0018526	21.485	21.586	49.776	277.57	342.16	525.76	0.051865	0.00012108	0.080615	0.0064158	16.977	0.058903	46.676	49.907	110.56	270.61	291.03	156.61	21.072	8.9227e-06	0.028678
466.35	0.48430	539.24	0.0018544	21.635	21.737	50.098	277.77	342.46	524.11	0.054918	0.00012067	0.080516	0.0063810	17.128	0.058384	46.780	50.010	110.72	270.85	291.39	156.49	21.044	8.9344e-06	0.028744
466.79	0.48844	538.71	0.0018563	21.784	21.888	50.419	277.97	342.77	522.46	0.057978	0.00012026	0.080417	0.0063465	17.279	0.057875	46.884	50.113	110.88	271.10	291.75	156.36	21.017	8.9461e-06	0.028809
467.23	0.49258	538.18	0.0018581	21.933	22.038	50.738	278.16	343.07	520.82	0.061045	0.00011986	0.080319	0.0063122	17.430	0.057373	46.987	50.215	111.05	271.34	292.11	156.24	20.990	8.9577e-06	0.028875
467.66	0.49672	537.65	0.0018600	22.081	22.186	51.054	278.36	343.37	519.19	0.064119	0.00011946	0.080221	0.0062781	17.581	0.056880	47.089	50.316	111.20	271.58	292.46	156.12	20.964	8.9694e-06	0.028940
468.09	0.50086	537.12	0.0018618	22.228	22.334	51.369	278.55	343.67	517.57	0.067199	0.00011907	0.080125	0.0062443	17.732	0.056394	47.191	50.417	111.36	271.82	292.82	155.99	20.938	8.9810e-06	0.029005
468.52	0.50500	536.59	0.0018636	22.374	22.482	51.681	278.75	343.97	515.95	0.070287	0.00011867	0.080029	0.0062107	17.884	0.055916	47.292	50.517	111.52	272.06	293.17	155.86	20.913	8.9926e-06	0.029069
468.95	0.50914	536.07	0.0018654	22.520	22.628	51.992	278.94	344.27	514.35	0.073382	0.00011829	0.079934	0.0061774	18.036	0.055446	47.392	50.617	111.68	272.29	293.52	155.74	20.888	9.0042e-06	0.029134
469.37	0.51328	535.54	0.0018673	22.664	22.774	52.300	279.13	344.57	512.76	0.076485	0.00011790	0.079839	0.0061443	18.188	0.054983	47.492	50.716	111.83	272.53	293.87	155.61	20.864	9.0157e-06	0.029198
469.79	0.51742	535.02	0.0018691	22.808	22.919	52.607	279.32	344.86	511.18	0.079595	0.00011752	0.079745	0.0061114	18.340	0.054527	47.591	50.814	111.99	272.76	294.22	155.49	20.840	9.0273e-06	0.029262
470.21	0.52156	534.50	0.0018709	22.951	23.063	52.912	279.51	345.16	509.60	0.082713	0.00011714	0.079651	0.0060787	18.492	0.054078	47.690	50.912	112.14	273.00	294.57	155.36	20.817	9.0388e-06	0.029325
470.62	0.52569	533.99	0.0018727	23.094	23.206	53.214	279.70	345.45	508.04	0.085839	0.00011677	0.079559	0.0060463	18.644	0.053635	47.788	51.009	112.29	273.23	294.92	155.23	20.794	9.0504e-06	0.029389
471.04	0.52983	533.47	0.0018745	23.235	23.349	53.515	279.88	345.75	506.48	0.088972	0.00011639	0.079466	0.0060141	18.797	0.053200	47.886	51.105	112.44	273.46	295.27	155.11	20.772	9.0619e-06	0.029452
471.45	0.53397	532.96	0.0018763	23.376	23.491	53.815	280.07	346.04	504.93	0.092114	0.00011602	0.079375	0.0059821	18.950	0.052771	47.982	51.201	112.59	273.68	295.62	154.98	20.750	9.0734e-06	0.029515
471.86	0.53811	532.45	0.0018781	23.516	23.632	54.112	280.25	346.33	503.39	0.095264	0.00011566	0.079284	0.0059503	19.103	0.052348	48.079	51.297	112.74	273.91	295.96	154.85	20.729	9.0849e-06	0.029578
472.26	0.54225	531.94	0.0018799	23.656	23.772	54.408	280.43	346.63	501.86	0.098423	0.00011529	0.079193	0.0059187	19.256	0.051931	48.175	51.391	112.89	274.14	296.31	154.72	20.708	9.0964e-06	0.029640
472.67	0.54639	531.43	0.0018817	23.795	23.912	54.702	280.62	346.92	500.34	0.10159	0.00011493	0.079104	0.0058873	19.410	0.051521	48.270	51.486	113.04	274.36	296.65	154.59	20.688	9.1078e-06	0.029703
473.07	0.55053	530.93	0.0018835	23.933	24.051	54.994	280.80	347.21	498.82	0.10477	0.00011458	0.079014	0.0058561	19.563	0.051116	48.365	51.579	113.18	274.59	297.00	154.46	20.668	9.1193e-06	0.029765
473.47	0.55467	530.43	0.0018853	24.070	24.190	55.285	280.98	347.50	497.32	0.10795	0.00011422	0.078926	0.0058252	19.717	0.050717	48.459	51.672	113.33	274.81	297.34	154.34	20.648	9.1308e-06	0.029827
473.86	0.55881	529.92	0.0018871	24.207	24.327	55.574	281.16	347.79	495.82	0.11114	0.00011387	0.078837	0.0057944	19.871	0.050324	48.553	51.765	113.48	275.03	297.68	154.21	20.629	9.1422e-06	0.029889
474.26	0.56295	529.42	0.0018888	24.343	24.464	55.861	281.33	348.07	494.33	0.11435	0.00011352	0.078750	0.0057638	20.025	0.049937	48.646	51.857	113.62	275.25	298.03	154.08	20.610	9.1536e-06	0.029950
474.65	0.56709	528.93	0.0018906	24.478	24.601	56.146	281.51	348.36	492.84	0.11756	0.00011317	0.078663	0.0057334	20.180	0.049555	48.739	51.949	113.76	275.47	298.37	153.95	20.592	9.1651e-06	0.030012
475.04	0.57123	528.43	0.0018924	24.613	24.737	56.431	281.69	348.65	491.37	0.12078	0.00011283	0.078576	0.0057032	20.334	0.049178	48.831	52.040	113.91	275.69	298.71	153.82	20.574	9.1765e-06	0.030073
475.43	0.57537	527.93	0.0018942	24.747	24.872	56.713	281.86	348.94	489.90	0.12401	0.00011249	0.078490	0.0056732	20.489	0.048806	48.922	52.130	114.05	275.90	299.05	153.69	20.556	9.1879e-06	0.030134
475.81	0.57951	527.44	0.0018959	24.881	25.006	56.994	282.04	349.22	488.43	0.12725	0.00011215	0.078405	0.0056434	20.644	0.048440	49.014	52.220	114.19	276.12	299.39	153.55	20.539	9.1993e-06	0.030195
476.20	0.58365	526.95	0.0018977	25.014	25.140	57.273	282.21	349.51	486.98	0.13050	0.00011181	0.078320	0.0056137	20.799	0.048079	49.104	52.310	114.33	276.33	299.73	153.42	20.522	9.2107e-06	0.030256
476.58	0.58778	526.46	0.0018995	25.146	25.273	57.551	282.38	349.79	485.53	0.13376	0.00011148	0.078235	0.0055842	20.955	0.047722	49.194	52.399	114.47	276.54	300.07	153.29	20.506	9.2221e-06	0.030316
476.96	0.59192	525.97	0.0019012	25.277	25.406	57.827	282.55	350.07	484.09	0.13703	0.00011115	0.078151	0.0055550	21.110	0.047370	49.284	52.487	114.61	276.76	300.41	153.16	20.490	9.2335e-06	0.030376
477.34	0.59606	525.48	0.0019030	25.408	25.538	58.102	282.72	350.36	482.66	0.14030	0.00011082	0.078068	0.0055258	21.266	0.047023	49.373	52.575	114.74	276.97	300.74	153.03	20.474	9.2449e-06	0.030437
477.71	0.60020	525.00	0.0019048	25.539	25.669	58.376	282.89	350.64	481.23	0.14359	0.00011049	0.077985	0.0054969	21.422	0.046681	49.462	52.663	114.88	277.18	301.08	152.90	20.459	9.2563e-06	0.030497
478.09	0.60434	524.51	0.0019065	25.669	25.800	58.648	283.06	350.92	479.81	0.14689	0.00011017	0.077902	0.0054681	21.578	0.046343	49.551	52.750	115.02	277.39	301.42	152.76	20.444	9.2677e-06	0.030556
478.46	0.60848	524.03	0.0019083	25.798	25.931	58.918	283.23	351.20	478.40	0.15020	0.00010985	0.077820	0.0054396	21.735	0.046009	49.638	52.836	115.15	277.59	301.75	152.63	20.429	9.2791e-06	0.030616
478.83	0.61262	523.55	0.0019100	25.927	26.060	59.187	283.40	351.49	476.99	0.15352	0.00010953	0.077739	0.0054111	21.891	0.045680	49.726	52.923	115.29	277.80	302.09	152.50	20.415	9.2905e-06	0.030676
479.19	0.61676	523.07	0.0019118	26.055	26.190	59.455	283.56	351.77	475.59	0.15686	0.00010921	0.077658	0.0053829	22.048	0.045355	49.813	53.008	115.42	278.01	302.42	152.37	20.401	9.3019e-06	0.030735
479.56	0.62090	522.59	0.0019135	26.182	26.318	59.722	283.73	352.05	474.20	0.16020	0.00010890	0.077577	0.0053548	22.205	0.045034	49.899	53.093	115.55	278.21	302.76	152.23	20.388	9.3133e-06	0.030794
479.93	0.62504	522.11	0.0019153	26.309	26.446	59.987	283.89	352.33	472.81	0.16355	0.00010858	0.077497	0.0053269	22.363	0.044717	49.986	53.178	115.69	278.41	303.09	152.10	20.375	9.3246e-06	0.030853
480.29	0.62918	521.64	0.0019170	26.436	26.574	60.250	284.06	352.61	471.43	0.16691	0.00010827	0.077417	0.0052991	22.520	0.044405	50.071	53.263	115.82	278.62	303.43	151.96	20.362	9.3360e-06	0.030912
480.65	0.63332	521.16	0.0019188	26.562	26.701	60.513	284.22	352.88	470.06	0.17029	0.00010796	0.077338	0.0052715	22.678	0.044096	50.156	53.346	115.95	278.82	303.76	151.83	20.349	9.3474e-06	0.030971
481.01	0.63746	520.69	0.0019205	26.687	26.827	60.774	284.38	353.16	468.69	0.17368	0.00010766	0.077259	0.0052440	22.836	0.043791	50.241	53.430	116.08	279.02	304.10	151.70	20.337	9.3588e-06	0.031029
481.36	0.64160	520.22	0.0019223	26.812	26.953	61.033	284.54	353.44	467.33	0.17707	0.00010735	0.077180	0.0052167	22.994	0.043490	50.326	53.513	116.21	279.22	304.43	151.56	20.325	9.3701e-06	0.031088
481.72	0.64573	519.75	0.0019240	26.936	27.078	61.292	284.70	353.72	465.97	0.18048	0.00010705	0.077102	0.0051896	23.152	0.043192	50.410	53.596	116.34	279.42	304.76	151.43	20.313	9.3815e-06	0.031146
482.07	0.64987	519.28	0.0019257	27.060	27.203	61.549	284.86	354.00	464.62	0.18391	0.00010675	0.077025	0.0051626	23.311	0.042898	50.493	53.678	116.47	279.62	305.10	151.29	20.302	9.3929e-06	0.031204
482.42	0.65401	518.81	0.0019275	27.184	27.328	61.805	285.02	354.27	463.28	0.18734	0.00010645	0.076948	0.0051358	23.470	0.042608	50.576	53.760	116.59	279.82	305.43	151.16	20.291	9.4043e-06	0.031262
482.78	0.65815	518.34	0.0019292	27.306	27.451	62.060	285.18	354.55	461.94	0.19078	0.00010616	0.076871	0.0051091	23.629	0.042321	50.659	53.841	116.72	280.01	305.76	151.02	20.281	9.4157e-06	0.031320
483.12	0.66229	517.88	0.0019310	27.429	27.575	62.313	285.34	354.83	460.61	0.19424	0.00010586	0.076794	0.0050825	23.788	0.042038	50.742	53.922	116.85	280.21	306.09	150.88	20.270	9.4271e-06	0.031378
483.47	0.66643	517.41	0.0019327	27.551	27.698	62.566	285.50	355.10	459.28	0.19771	0.00010557	0.076718	0.0050561	23.948	0.041758	50.824	54.002	116.97	280.40	306.43	150.75	20.260	9.4385e-06	0.031436
483.82	0.67057	516.95	0.0019344	27.672	27.820	62.817	285.65	355.38	457.96	0.20119	0.00010528	0.076643	0.0050299	24.107	0.041481	50.905	54.083	117.10	280.60	306.76	150.61	20.250	9.4498e-06	0.031493
484.16	0.67471	516.49	0.0019361	27.793	27.942	63.067	285.81	355.65	456.64	0.20469	0.00010499	0.076568	0.0050038	24.267	0.041208	50.986	54.162	117.22	280.79	307.09	150.48	20.241	9.4612e-06	0.031551
484.50	0.67885	516.03	0.0019379	27.913	28.063	63.315	285.96	355.93	455.33	0.20819	0.00010470	0.076493	0.0049778	24.427	0.040938	51.067	54.242	117.35	280.98	307.42	150.34	20.232	9.4726e-06	0.031608
484.84	0.68299	515.57	0.0019396	28.033	28.184	63.563	286.12	356.20	454.02	0.21171	0.00010442	0.076418	0.0049520	24.588	0.040671	51.148	54.321	117.47	281.17	307.75	150.20	20.223	9.4840e-06	0.031665
485.18	0.68713	515.11	0.0019413	28.152	28.305	63.810	286.27	356.48	452.72	0.21524	0.00010413	0.076344	0.0049263	24.748	0.040407	51.228	54.399	117.59	281.36	308.09	150.06	20.214	9.4955e-06	0.031722
485.52	0.69127	514.65	0.0019431	28.271	28.425	64.055	286.42	356.75	451.43	0.21879	0.00010385	0.076271	0.0049007	24.909	0.040146	51.308	54.478	117.71	281.55	308.42	149.93	20.206	9.5069e-06	0.031779
485.85	0.69541	514.20	0.0019448	28.390	28.544	64.299	286.58	357.03	450.14	0.22235	0.00010357	0.076198	0.0048753	25.070	0.039888	51.387	54.555	117.84	281.74	308.75	149.79	20.198	9.5183e-06	0.031836
486.19	0.69955	513.74	0.0019465	28.508	28.663	64.542	286.73	357.30	448.85	0.22592	0.00010329	0.076125	0.0048500	25.232	0.039633	51.466	54.633	117.96	281.93	309.08	149.65	20.190	9.5297e-06	0.031892
486.52	0.70369	513.29	0.0019482	28.625	28.782	64.784	286.88	357.57	447.57	0.22951	0.00010302	0.076052	0.0048249	25.393	0.039381	51.544	54.710	118.08	282.12	309.41	149.51	20.182	9.5411e-06	0.031949
486.85	0.70782	512.83	0.0019500	28.742	28.900	65.025	287.03	357.85	446.30	0.23310	0.00010274	0.075980	0.0047999	25.555	0.039131	51.623	54.787	118.20	282.30	309.74	149.38	20.175	9.5526e-06	0.032005
487.18	0.71196	512.38	0.0019517	28.859	29.018	65.265	287.18	358.12	445.03	0.23672	0.00010247	0.075908	0.0047750	25.717	0.038885	51.701	54.863	118.32	282.49	310.07	149.24	20.168	9.5640e-06	0.032062
487.51	0.71610	511.93	0.0019534	28.975	29.135	65.504	287.33	358.39	443.76	0.24034	0.00010220	0.075837	0.0047502	25.879	0.038641	51.778	54.939	118.43	282.67	310.40	149.10	20.161	9.5755e-06	0.032118
487.84	0.72024	511.48	0.0019551	29.091	29.252	65.742	287.48	358.67	442.50	0.24398	0.00010193	0.075766	0.0047256	26.042	0.038400	51.855	55.015	118.55	282.86	310.73	148.96	20.155	9.5869e-06	0.032174
488.16	0.72438	511.03	0.0019568	29.207	29.369	65.979	287.62	358.94	441.25	0.24764	0.00010166	0.075695	0.0047011	26.205	0.038161	51.932	55.090	118.67	283.04	311.07	148.82	20.149	9.5984e-06	0.032230
488.49	0.72852	510.58	0.0019586	29.322	29.485	66.214	287.77	359.21	440.00	0.25131	0.00010139	0.075624	0.0046767	26.368	0.037925	52.009	55.165	118.79	283.22	311.40	148.68	20.143	9.6098e-06	0.032286
488.81	0.73266	510.13	0.0019603	29.436	29.600	66.449	287.92	359.49	438.75	0.25499	0.00010113	0.075554	0.0046524	26.531	0.037692	52.085	55.240	118.90	283.41	311.73	148.54	20.137	9.6213e-06	0.032342
489.13	0.73680	509.69	0.0019620	29.550	29.715	66.683	288.06	359.76	437.51	0.25869	0.00010086	0.075485	0.0046283	26.694	0.037461	52.161	55.314	119.02	283.59	312.06	148.40	20.131	9.6328e-06	0.032398
489.45	0.74094	509.24	0.0019637	29.664	29.830	66.915	288.21	360.03	436.27	0.26240	0.00010060	0.075415	0.0046043	26.858	0.037233	52.236	55.388	119.13	283.77	312.39	148.26	20.126	9.6443e-06	0.032453
489.77	0.74508	508.80	0.0019654	29.777	29.945	67.147	288.35	360.30	435.04	0.26612	0.00010034	0.075346	0.0045804	27.022	0.037007	52.312	55.461	119.25	283.95	312.72	148.12	20.121	9.6558e-06	0.032509
490.09	0.74922	508.35	0.0019671	29.890	30.059	67.378	288.50	360.57	433.81	0.26987	0.00010008	0.075277	0.0045566	27.186	0.036783	52.387	55.534	119.36	284.13	313.05	147.98	20.116	9.6673e-06	0.032564
490.40	0.75336	507.91	0.0019688	30.003	30.172	67.608	288.64	360.85	432.59	0.27362	9.9821e-05	0.075209	0.0045330	27.351	0.036562	52.461	55.607	119.47	284.31	313.38	147.84	20.112	9.6788e-06	0.032620
490.72	0.75750	507.47	0.0019706	30.115	30.285	67.837	288.79	361.12	431.37	0.27739	9.9565e-05	0.075141	0.0045094	27.516	0.036343	52.535	55.680	119.59	284.48	313.72	147.70	20.108	9.6904e-06	0.032675
491.03	0.76164	507.03	0.0019723	30.227	30.398	68.064	288.93	361.39	430.16	0.28118	9.9310e-05	0.075073	0.0044860	27.681	0.036126	52.609	55.752	119.70	284.66	314.05	147.56	20.104	9.7019e-06	0.032730
491.34	0.76578	506.59	0.0019740	30.338	30.511	68.291	289.07	361.66	428.95	0.28498	9.9056e-05	0.075006	0.0044627	27.846	0.035912	52.683	55.824	119.81	284.84	314.38	147.42	20.100	9.7135e-06	0.032785
491.66	0.76991	506.15	0.0019757	30.449	30.623	68.517	289.21	361.93	427.74	0.28880	9.8804e-05	0.074938	0.0044395	28.011	0.035700	52.756	55.896	119.92	285.01	314.71	147.28	20.096	9.7250e-06	0.032840
491.97	0.77405	505.71	0.0019774	30.559	30.734	68.743	289.35	362.20	426.54	0.29264	9.8553e-05	0.074871	0.0044164	28.177	0.035490	52.829	55.967	120.03	285.19	315.04	147.13	20.093	9.7366e-06	0.032895
492.27	0.77819	505.27	0.0019791	30.670	30.846	68.967	289.49	362.48	425.34	0.29649	9.8303e-05	0.074805	0.0043935	28.343	0.035282	52.902	56.038	120.14	285.36	315.38	146.99	20.090	9.7482e-06	0.032950
492.58	0.78233	504.84	0.0019808	30.779	30.956	69.190	289.63	362.75	424.15	0.30035	9.8055e-05	0.074739	0.0043706	28.509	0.035076	52.974	56.109	120.25	285.54	315.71	146.85	20.087	9.7598e-06	0.033005
492.89	0.78647	504.40	0.0019826	30.889	31.067	69.413	289.77	363.02	422.96	0.30423	9.7809e-05	0.074673	0.0043479	28.676	0.034872	53.046	56.179	120.36	285.71	316.04	146.71	20.084	9.7714e-06	0.033059
493.19	0.79061	503.96	0.0019843	30.998	31.177	69.634	289.91	363.29	421.78	0.30813	9.7563e-05	0.074607	0.0043252	28.843	0.034671	53.118	56.249	120.47	285.88	316.38	146.57	20.082	9.7830e-06	0.033114
493.49	0.79475	503.53	0.0019860	31.107	31.287	69.855	290.05	363.56	420.60	0.31205	9.7319e-05	0.074542	0.0043027	29.010	0.034471	53.189	56.319	120.58	286.06	316.71	146.42	20.080	9.7946e-06	0.033169
493.80	0.79889	503.10	0.0019877	31.215	31.396	70.075	290.19	363.83	419.42	0.31598	9.7076e-05	0.074477	0.0042803	29.177	0.034273	53.261	56.388	120.69	286.23	317.04	146.28	20.078	9.8063e-06	0.033223
494.10	0.80303	502.66	0.0019894	31.323	31.505	70.293	290.33	364.10	418.25	0.31993	9.6834e-05	0.074412	0.0042580	29.345	0.034078	53.331	56.457	120.79	286.40	317.38	146.14	20.076	9.8179e-06	0.033277
494.40	0.80717	502.23	0.0019911	31.431	31.614	70.512	290.46	364.38	417.08	0.32389	9.6594e-05	0.074347	0.0042358	29.513	0.033884	53.402	56.526	120.90	286.57	317.71	146.00	20.074	9.8296e-06	0.033332
494.70	0.81131	501.80	0.0019928	31.538	31.723	70.729	290.60	364.65	415.91	0.32787	9.6355e-05	0.074283	0.0042137	29.681	0.033692	53.472	56.595	121.01	286.74	318.05	145.85	20.073	9.8413e-06	0.033386
494.99	0.81545	501.37	0.0019945	31.645	31.831	70.945	290.73	364.92	414.75	0.33187	9.6117e-05	0.074219	0.0041917	29.849	0.033502	53.542	56.663	121.11	286.91	318.38	145.71	20.072	9.8529e-06	0.033440
495.29	0.81959	500.94	0.0019963	31.751	31.938	71.161	290.87	365.19	413.59	0.33589	9.5880e-05	0.074156	0.0041698	30.018	0.033313	53.612	56.731	121.22	287.08	318.72	145.56	20.071	9.8647e-06	0.033494
495.59	0.82373	500.51	0.0019980	31.858	32.046	71.376	291.00	365.46	412.44	0.33993	9.5645e-05	0.074092	0.0041480	30.187	0.033127	53.682	56.799	121.32	287.25	319.05	145.42	20.070	9.8764e-06	0.033548
495.88	0.82786	500.08	0.0019997	31.964	32.153	71.590	291.14	365.73	411.29	0.34398	9.5410e-05	0.074029	0.0041263	30.356	0.032942	53.751	56.866	121.43	287.41	319.39	145.28	20.070	9.8881e-06	0.033602
496.17	0.83200	499.65	0.0020014	32.069	32.259	71.803	291.27	366.01	410.14	0.34805	9.5177e-05	0.073966	0.0041047	30.526	0.032759	53.820	56.933	121.53	287.58	319.72	145.13	20.070	9.8999e-06	0.033656
496.46	0.83614	499.22	0.0020031	32.174	32.366	72.015	291.41	366.28	409.00	0.35214	9.4945e-05	0.073904	0.0040832	30.695	0.032578	53.888	57.000	121.63	287.75	320.06	144.99	20.070	9.9116e-06	0.033710
496.76	0.84028	498.80	0.0020048	32.279	32.472	72.227	291.54	366.55	407.86	0.35624	9.4714e-05	0.073842	0.0040618	30.865	0.032399	53.957	57.066	121.74	287.91	320.40	144.84	20.070	9.9234e-06	0.033764
497.04	0.84442	498.37	0.0020065	32.384	32.577	72.437	291.67	366.82	406.72	0.36037	9.4485e-05	0.073780	0.0040405	31.036	0.032221	54.025	57.133	121.84	288.08	320.74	144.70	20.070	9.9352e-06	0.033818
497.33	0.84856	497.95	0.0020082	32.488	32.683	72.647	291.80	367.10	405.59	0.36451	9.4256e-05	0.073718	0.0040193	31.206	0.032045	54.092	57.199	121.94	288.24	321.07	144.55	20.071	9.9470e-06	0.033871
497.62	0.85270	497.52	0.0020100	32.592	32.788	72.857	291.94	367.37	404.46	0.36867	9.4029e-05	0.073656	0.0039982	31.377	0.031870	54.160	57.264	122.04	288.41	321.41	144.41	20.071	9.9588e-06	0.033925
497.91	0.85684	497.10	0.0020117	32.696	32.893	73.065	292.07	367.64	403.34	0.37285	9.3802e-05	0.073595	0.0039772	31.548	0.031697	54.227	57.330	122.14	288.57	321.75	144.26	20.072	9.9707e-06	0.033978
498.19	0.86098	496.67	0.0020134	32.799	32.997	73.273	292.20	367.91	402.21	0.37705	9.3577e-05	0.073534	0.0039563	31.720	0.031526	54.294	57.395	122.25	288.73	322.09	144.12	20.073	9.9825e-06	0.034032
498.48	0.86512	496.25	0.0020151	32.902	33.101	73.480	292.33	368.19	401.10	0.38127	9.3353e-05	0.073473	0.0039355	31.892	0.031356	54.361	57.460	122.35	288.90	322.43	143.97	20.075	9.9944e-06	0.034085
498.76	0.86926	495.83	0.0020168	33.005	33.205	73.686	292.46	368.46	399.98	0.38551	9.3130e-05	0.073413	0.0039148	32.064	0.031188	54.428	57.524	122.45	289.06	322.77	143.83	20.076	1.0006e-05	0.034139
499.04	0.87340	495.41	0.0020185	33.107	33.308	73.892	292.59	368.73	398.87	0.38977	9.2908e-05	0.073353	0.0038941	32.236	0.031021	54.494	57.589	122.55	289.22	323.11	143.68	20.078	1.0018e-05	0.034192
499.32	0.87754	494.99	0.0020203	33.209	33.412	74.097	292.72	369.01	397.76	0.39405	9.2687e-05	0.073293	0.0038736	32.409	0.030856	54.560	57.653	122.64	289.38	323.45	143.53	20.080	1.0030e-05	0.034245
499.60	0.88168	494.57	0.0020220	33.311	33.514	74.301	292.85	369.28	396.65	0.39835	9.2467e-05	0.073233	0.0038532	32.582	0.030692	54.625	57.717	122.74	289.54	323.80	143.39	20.082	1.0042e-05	0.034299
499.88	0.88582	494.15	0.0020237	33.412	33.617	74.504	292.97	369.56	395.55	0.40266	9.2248e-05	0.073174	0.0038328	32.755	0.030530	54.691	57.780	122.84	289.70	324.14	143.24	20.084	1.0054e-05	0.034352
500.16	0.88995	493.73	0.0020254	33.513	33.719	74.707	293.10	369.83	394.45	0.40700	9.2030e-05	0.073114	0.0038125	32.928	0.030369	54.756	57.843	122.94	289.86	324.48	143.09	20.087	1.0066e-05	0.034405
500.44	0.89409	493.31	0.0020271	33.614	33.821	74.909	293.23	370.11	393.36	0.41136	9.1813e-05	0.073055	0.0037924	33.102	0.030210	54.821	57.906	123.04	290.02	324.83	142.95	20.089	1.0078e-05	0.034458
500.72	0.89823	492.89	0.0020289	33.715	33.923	75.110	293.36	370.38	392.27	0.41574	9.1597e-05	0.072997	0.0037723	33.276	0.030052	54.886	57.969	123.13	290.18	325.17	142.80	20.092	1.0090e-05	0.034511
500.99	0.90237	492.47	0.0020306	33.815	34.024	75.310	293.48	370.66	391.18	0.42014	9.1382e-05	0.072938	0.0037523	33.450	0.029895	54.950	58.032	123.23	290.34	325.51	142.65	20.095	1.0102e-05	0.034564
501.27	0.90651	492.05	0.0020323	33.915	34.126	75.510	293.61	370.93	390.09	0.42456	9.1168e-05	0.072880	0.0037324	33.625	0.029740	55.015	58.094	123.33	290.49	325.86	142.50	20.098	1.0114e-05	0.034617
501.54	0.91065	491.64	0.0020340	34.015	34.226	75.709	293.74	371.21	389.01	0.42900	9.0955e-05	0.072822	0.0037125	33.800	0.029586	55.079	58.156	123.42	290.65	326.21	142.36	20.102	1.0126e-05	0.034670
501.81	0.91479	491.22	0.0020357	34.114	34.327	75.908	293.86	371.48	387.93	0.43347	9.0743e-05	0.072764	0.0036928	33.975	0.029433	55.142	58.218	123.52	290.81	326.55	142.21	20.105	1.0138e-05	0.034723
502.08	0.91893	490.80	0.0020375	34.213	34.427	76.106	293.99	371.76	386.85	0.43795	9.0532e-05	0.072706	0.0036732	34.151	0.029282	55.206	58.280	123.61	290.97	326.90	142.06	20.109	1.0150e-05	0.034776
502.35	0.92307	490.39	0.0020392	34.312	34.527	76.303	294.11	372.03	385.77	0.44246	9.0322e-05	0.072649	0.0036536	34.327	0.029132	55.269	58.341	123.71	291.12	327.25	141.91	20.113	1.0162e-05	0.034829
502.62	0.92721	489.97	0.0020409	34.411	34.627	76.499	294.24	372.31	384.70	0.44699	9.0113e-05	0.072592	0.0036341	34.503	0.028983	55.332	58.402	123.80	291.28	327.60	141.76	20.117	1.0175e-05	0.034882
502.89	0.93135	489.56	0.0020426	34.509	34.726	76.695	294.36	372.59	383.64	0.45154	8.9905e-05	0.072535	0.0036147	34.680	0.028835	55.395	58.463	123.90	291.43	327.95	141.62	20.122	1.0187e-05	0.034934
503.16	0.93549	489.15	0.0020444	34.607	34.825	76.891	294.48	372.87	382.57	0.45611	8.9697e-05	0.072478	0.0035954	34.856	0.028689	55.458	58.523	123.99	291.59	328.30	141.47	20.126	1.0199e-05	0.034987
503.43	0.93963	488.73	0.0020461	34.705	34.924	77.085	294.61	373.14	381.51	0.46071	8.9491e-05	0.072422	0.0035761	35.034	0.028544	55.520	58.584	124.08	291.74	328.65	141.32	20.131	1.0211e-05	0.035040
503.69	0.94377	488.32	0.0020478	34.802	35.023	77.279	294.73	373.42	380.45	0.46532	8.9285e-05	0.072366	0.0035570	35.211	0.028400	55.582	58.644	124.17	291.89	329.00	141.17	20.136	1.0223e-05	0.035092
503.96	0.94790	487.91	0.0020496	34.899	35.121	77.472	294.85	373.70	379.39	0.46996	8.9081e-05	0.072310	0.0035379	35.389	0.028258	55.644	58.704	124.27	292.05	329.35	141.02	20.141	1.0236e-05	0.035145
504.22	0.95204	487.50	0.0020513	34.996	35.219	77.665	294.98	373.98	378.34	0.47463	8.8877e-05	0.072254	0.0035189	35.567	0.028116	55.706	58.763	124.36	292.20	329.71	140.87	20.146	1.0248e-05	0.035198
504.49	0.95618	487.08	0.0020530	35.093	35.317	77.857	295.10	374.26	377.29	0.47932	8.8674e-05	0.072198	0.0035000	35.745	0.027976	55.767	58.823	124.45	292.35	330.06	140.72	20.151	1.0260e-05	0.035250
504.75	0.96032	486.67	0.0020548	35.190	35.415	78.049	295.22	374.54	376.24	0.48403	8.8472e-05	0.072143	0.0034812	35.924	0.027837	55.828	58.882	124.54	292.51	330.42	140.57	20.157	1.0272e-05	0.035303
505.01	0.96446	486.26	0.0020565	35.286	35.512	78.239	295.34	374.82	375.19	0.48876	8.8271e-05	0.072088	0.0034624	36.103	0.027698	55.889	58.941	124.63	292.66	330.77	140.42	20.163	1.0285e-05	0.035355
505.27	0.96860	485.85	0.0020582	35.382	35.609	78.430	295.46	375.10	374.15	0.49352	8.8070e-05	0.072033	0.0034438	36.282	0.027562	55.950	59.000	124.72	292.81	331.13	140.27	20.169	1.0297e-05	0.035408
505.53	0.97274	485.44	0.0020600	35.477	35.706	78.619	295.58	375.38	373.11	0.49830	8.7871e-05	0.071978	0.0034252	36.462	0.027426	56.011	59.058	124.81	292.96	331.48	140.12	20.175	1.0309e-05	0.035460
505.79	0.97688	485.03	0.0020617	35.573	35.803	78.808	295.70	375.66	372.07	0.50311	8.7672e-05	0.071923	0.0034067	36.642	0.027291	56.071	59.116	124.90	293.11	331.84	139.97	20.181	1.0322e-05	0.035513
506.05	0.98102	484.62	0.0020635	35.668	35.899	78.997	295.82	375.94	371.03	0.50794	8.7474e-05	0.071869	0.0033882	36.822	0.027157	56.131	59.174	124.99	293.26	332.20	139.82	20.187	1.0334e-05	0.035565
506.31	0.98516	484.21	0.0020652	35.763	35.995	79.185	295.94	376.23	370.00	0.51280	8.7277e-05	0.071815	0.0033699	37.003	0.027025	56.191	59.232	125.08	293.41	332.56	139.67	20.194	1.0347e-05	0.035618
506.56	0.98930	483.81	0.0020669	35.857	36.091	79.372	296.06	376.51	368.97	0.51768	8.7081e-05	0.071761	0.0033516	37.184	0.026893	56.251	59.290	125.17	293.56	332.92	139.52	20.201	1.0359e-05	0.035670
506.82	0.99344	483.40	0.0020687	35.952	36.186	79.559	296.18	376.79	367.94	0.52259	8.6885e-05	0.071707	0.0033334	37.365	0.026763	56.310	59.347	125.26	293.71	333.29	139.36	20.208	1.0372e-05	0.035723
507.08	0.99758	482.99	0.0020704	36.046	36.282	79.745	296.30	377.08	366.92	0.52752	8.6690e-05	0.071654	0.0033152	37.547	0.026633	56.369	59.404	125.34	293.86	333.65	139.21	20.215	1.0384e-05	0.035775
507.33	1.0017	482.58	0.0020722	36.140	36.377	79.930	296.42	377.36	365.90	0.53248	8.6497e-05	0.071601	0.0032972	37.729	0.026505	56.429	59.461	125.43	294.00	334.01	139.06	20.222	1.0397e-05	0.035827
507.58	1.0059	482.18	0.0020739	36.233	36.472	80.115	296.53	377.64	364.88	0.53746	8.6303e-05	0.071548	0.0032792	37.912	0.026377	56.487	59.518	125.52	294.15	334.38	138.91	20.230	1.0409e-05	0.035880
507.84	1.0100	481.77	0.0020757	36.327	36.566	80.300	296.65	377.93	363.86	0.54247	8.6111e-05	0.071495	0.0032613	38.094	0.026251	56.546	59.575	125.61	294.30	334.74	138.76	20.237	1.0422e-05	0.035932
508.09	1.0141	481.36	0.0020774	36.420	36.661	80.484	296.77	378.21	362.85	0.54751	8.5919e-05	0.071442	0.0032434	38.277	0.026125	56.604	59.631	125.69	294.45	335.11	138.60	20.245	1.0434e-05	0.035984
508.34	1.0183	480.96	0.0020792	36.513	36.755	80.667	296.89	378.50	361.83	0.55257	8.5729e-05	0.071389	0.0032257	38.461	0.026001	56.663	59.687	125.78	294.59	335.48	138.45	20.253	1.0447e-05	0.036037
508.59	1.0224	480.55	0.0020809	36.606	36.849	80.850	297.00	378.79	360.82	0.55766	8.5538e-05	0.071337	0.0032080	38.644	0.025877	56.721	59.743	125.86	294.74	335.85	138.30	20.261	1.0460e-05	0.036089
508.84	1.0266	480.15	0.0020827	36.698	36.943	81.032	297.12	379.07	359.82	0.56277	8.5349e-05	0.071285	0.0031903	38.828	0.025754	56.779	59.799	125.95	294.88	336.22	138.15	20.269	1.0472e-05	0.036141
509.09	1.0307	479.74	0.0020845	36.791	37.036	81.214	297.24	379.36	358.81	0.56792	8.5160e-05	0.071233	0.0031728	39.013	0.025633	56.836	59.854	126.04	295.03	336.59	137.99	20.278	1.0485e-05	0.036194
509.34	1.0348	479.34	0.0020862	36.883	37.129	81.395	297.35	379.65	357.81	0.57309	8.4973e-05	0.071181	0.0031553	39.198	0.025512	56.894	59.909	126.12	295.18	336.96	137.84	20.287	1.0498e-05	0.036246
509.58	1.0390	478.93	0.0020880	36.974	37.222	81.575	297.47	379.94	356.81	0.57829	8.4785e-05	0.071130	0.0031379	39.383	0.025392	56.951	59.964	126.20	295.32	337.33	137.69	20.295	1.0511e-05	0.036298
509.83	1.0431	478.53	0.0020897	37.066	37.315	81.756	297.58	380.23	355.81	0.58352	8.4599e-05	0.071078	0.0031206	39.568	0.025273	57.008	60.019	126.29	295.46	337.71	137.53	20.304	1.0523e-05	0.036350
510.08	1.0472	478.12	0.0020915	37.157	37.408	81.935	297.70	380.52	354.81	0.58877	8.4413e-05	0.071027	0.0031033	39.754	0.025155	57.065	60.074	126.37	295.61	338.08	137.38	20.314	1.0536e-05	0.036403
510.32	1.0514	477.72	0.0020933	37.249	37.500	82.114	297.81	380.81	353.82	0.59406	8.4228e-05	0.070976	0.0030861	39.940	0.025038	57.121	60.128	126.46	295.75	338.46	137.23	20.323	1.0549e-05	0.036455
510.56	1.0555	477.32	0.0020950	37.339	37.592	82.293	297.93	381.10	352.83	0.59937	8.4044e-05	0.070926	0.0030689	40.127	0.024921	57.178	60.182	126.54	295.90	338.83	137.07	20.332	1.0562e-05	0.036507
510.81	1.0597	476.91	0.0020968	37.430	37.684	82.471	298.04	381.39	351.84	0.60471	8.3860e-05	0.070875	0.0030519	40.313	0.024806	57.234	60.237	126.62	296.04	339.21	136.92	20.342	1.0575e-05	0.036560
511.05	1.0638	476.51	0.0020986	37.521	37.776	82.648	298.16	381.69	350.85	0.61008	8.3677e-05	0.070825	0.0030349	40.501	0.024691	57.290	60.290	126.70	296.18	339.59	136.76	20.352	1.0588e-05	0.036612
511.29	1.0679	476.11	0.0021004	37.611	37.867	82.825	298.27	381.98	349.87	0.61548	8.3495e-05	0.070774	0.0030180	40.688	0.024577	57.346	60.344	126.79	296.32	339.97	136.61	20.362	1.0601e-05	0.036664
511.53	1.0721	475.71	0.0021021	37.701	37.958	83.002	298.38	382.27	348.89	0.62091	8.3313e-05	0.070724	0.0030011	40.876	0.024464	57.401	60.397	126.87	296.47	340.36	136.45	20.372	1.0614e-05	0.036716
511.78	1.0762	475.30	0.0021039	37.791	38.049	83.178	298.50	382.57	347.91	0.62638	8.3132e-05	0.070674	0.0029843	41.065	0.024352	57.457	60.451	126.95	296.61	340.74	136.30	20.382	1.0627e-05	0.036769
512.02	1.0804	474.90	0.0021057	37.880	38.140	83.353	298.61	382.86	346.93	0.63187	8.2952e-05	0.070625	0.0029676	41.253	0.024240	57.512	60.504	127.03	296.75	341.13	136.14	20.393	1.0640e-05	0.036821
512.25	1.0845	474.50	0.0021075	37.970	38.231	83.528	298.72	383.16	345.95	0.63739	8.2772e-05	0.070575	0.0029509	41.442	0.024130	57.567	60.557	127.11	296.89	341.51	135.99	20.403	1.0653e-05	0.036873
512.49	1.0886	474.10	0.0021093	38.059	38.321	83.703	298.83	383.46	344.98	0.64294	8.2593e-05	0.070526	0.0029343	41.632	0.024020	57.622	60.609	127.19	297.03	341.90	135.83	20.414	1.0666e-05	0.036926
512.73	1.0928	473.70	0.0021110	38.148	38.412	83.877	298.95	383.75	344.01	0.64853	8.2415e-05	0.070477	0.0029178	41.822	0.023911	57.677	60.662	127.27	297.17	342.29	135.68	20.425	1.0679e-05	0.036978
512.97	1.0969	473.30	0.0021128	38.237	38.502	84.051	299.06	384.05	343.04	0.65414	8.2237e-05	0.070428	0.0029013	42.012	0.023803	57.731	60.714	127.35	297.31	342.68	135.52	20.436	1.0692e-05	0.037030
513.20	1.1011	472.90	0.0021146	38.325	38.591	84.224	299.17	384.35	342.07	0.65979	8.2060e-05	0.070379	0.0028849	42.203	0.023695	57.786	60.766	127.43	297.45	343.07	135.37	20.447	1.0705e-05	0.037083
513.44	1.1052	472.50	0.0021164	38.414	38.681	84.396	299.28	384.65	341.10	0.66547	8.1883e-05	0.070330	0.0028686	42.394	0.023588	57.840	60.818	127.51	297.59	343.46	135.21	20.459	1.0719e-05	0.037135
513.68	1.1093	472.10	0.0021182	38.502	38.770	84.568	299.39	384.95	340.14	0.67118	8.1707e-05	0.070282	0.0028523	42.585	0.023482	57.894	60.870	127.59	297.73	343.86	135.05	20.470	1.0732e-05	0.037187
513.91	1.1135	471.70	0.0021200	38.590	38.860	84.740	299.50	385.25	339.18	0.67693	8.1532e-05	0.070233	0.0028361	42.777	0.023377	57.948	60.921	127.67	297.87	344.25	134.90	20.482	1.0745e-05	0.037240
514.14	1.1176	471.30	0.0021218	38.678	38.949	84.911	299.61	385.56	338.22	0.68271	8.1358e-05	0.070185	0.0028200	42.969	0.023273	58.001	60.972	127.75	298.01	344.65	134.74	20.494	1.0758e-05	0.037292
514.38	1.1218	470.90	0.0021236	38.765	39.038	85.082	299.72	385.86	337.26	0.68852	8.1184e-05	0.070137	0.0028039	43.161	0.023169	58.055	61.024	127.83	298.15	345.05	134.58	20.506	1.0772e-05	0.037344
514.61	1.1259	470.50	0.0021254	38.853	39.126	85.253	299.84	386.16	336.31	0.69436	8.1010e-05	0.070089	0.0027879	43.354	0.023066	58.108	61.074	127.90	298.28	345.45	134.43	20.518	1.0785e-05	0.037397
514.84	1.1300	470.10	0.0021272	38.940	39.215	85.422	299.95	386.47	335.35	0.70024	8.0837e-05	0.070042	0.0027719	43.548	0.022963	58.161	61.125	127.98	298.42	345.85	134.27	20.531	1.0798e-05	0.037449
515.07	1.1342	469.70	0.0021290	39.027	39.303	85.592	300.05	386.77	334.40	0.70616	8.0665e-05	0.069994	0.0027560	43.741	0.022862	58.214	61.176	128.06	298.56	346.25	134.11	20.543	1.0812e-05	0.037502
515.30	1.1383	469.30	0.0021308	39.114	39.391	85.761	300.16	387.08	333.45	0.71210	8.0493e-05	0.069947	0.0027402	43.935	0.022761	58.267	61.226	128.13	298.70	346.66	133.95	20.556	1.0825e-05	0.037554
515.53	1.1425	468.90	0.0021327	39.200	39.479	85.929	300.27	387.39	332.50	0.71809	8.0322e-05	0.069900	0.0027244	44.130	0.022660	58.319	61.276	128.21	298.83	347.06	133.80	20.569	1.0839e-05	0.037607
515.76	1.1466	468.50	0.0021345	39.287	39.566	86.097	300.38	387.69	331.56	0.72410	8.0152e-05	0.069853	0.0027087	44.325	0.022561	58.372	61.326	128.29	298.97	347.47	133.64	20.582	1.0852e-05	0.037659
515.99	1.1507	468.10	0.0021363	39.373	39.654	86.265	300.49	388.00	330.61	0.73016	7.9982e-05	0.069806	0.0026931	44.520	0.022462	58.424	61.376	128.36	299.11	347.88	133.48	20.595	1.0866e-05	0.037712
516.22	1.1549	467.70	0.0021381	39.459	39.741	86.432	300.60	388.31	329.67	0.73625	7.9813e-05	0.069760	0.0026775	44.716	0.022363	58.476	61.426	128.44	299.24	348.29	133.32	20.609	1.0879e-05	0.037764
516.45	1.1590	467.31	0.0021399	39.545	39.828	86.599	300.71	388.62	328.73	0.74237	7.9644e-05	0.069713	0.0026619	44.912	0.022266	58.528	61.475	128.51	299.38	348.70	133.16	20.622	1.0893e-05	0.037817
516.67	1.1631	466.91	0.0021418	39.631	39.915	86.765	300.82	388.93	327.79	0.74854	7.9475e-05	0.069667	0.0026465	45.108	0.022169	58.579	61.525	128.59	299.51	349.12	133.00	20.636	1.0907e-05	0.037869
516.90	1.1673	466.51	0.0021436	39.716	40.002	86.931	300.92	389.25	326.85	0.75474	7.9308e-05	0.069621	0.0026311	45.305	0.022072	58.631	61.574	128.66	299.65	349.53	132.85	20.650	1.0920e-05	0.037922
517.12	1.1714	466.11	0.0021454	39.802	40.089	87.097	301.03	389.56	325.92	0.76097	7.9141e-05	0.069575	0.0026157	45.503	0.021977	58.682	61.623	128.74	299.78	349.95	132.69	20.664	1.0934e-05	0.037975
517.35	1.1756	465.71	0.0021472	39.887	40.175	87.262	301.14	389.88	324.99	0.76725	7.8974e-05	0.069529	0.0026004	45.701	0.021882	58.733	61.672	128.81	299.92	350.37	132.53	20.678	1.0948e-05	0.038027
517.57	1.1797	465.31	0.0021491	39.972	40.261	87.427	301.25	390.19	324.05	0.77356	7.8808e-05	0.069483	0.0025852	45.899	0.021787	58.784	61.720	128.89	300.05	350.79	132.37	20.692	1.0962e-05	0.038080
517.80	1.1838	464.92	0.0021509	40.056	40.347	87.591	301.35	390.51	323.13	0.77991	7.8642e-05	0.069438	0.0025700	46.097	0.021693	58.835	61.769	128.96	300.19	351.21	132.21	20.707	1.0975e-05	0.038133
518.02	1.1880	464.52	0.0021528	40.141	40.433	87.755	301.46	390.83	322.20	0.78630	7.8477e-05	0.069393	0.0025549	46.296	0.021600	58.886	61.817	129.03	300.32	351.64	132.05	20.722	1.0989e-05	0.038186
518.24	1.1921	464.12	0.0021546	40.226	40.519	87.918	301.57	391.14	321.27	0.79273	7.8313e-05	0.069347	0.0025398	46.496	0.021507	58.936	61.865	129.11	300.45	352.06	131.89	20.737	1.1003e-05	0.038238
518.46	1.1963	463.72	0.0021565	40.310	40.604	88.081	301.67	391.46	320.35	0.79920	7.8149e-05	0.069302	0.0025248	46.696	0.021415	58.987	61.913	129.18	300.59	352.49	131.73	20.752	1.1017e-05	0.038291
518.69	1.2004	463.33	0.0021583	40.394	40.690	88.244	301.78	391.78	319.42	0.80571	7.7985e-05	0.069257	0.0025099	46.896	0.021324	59.037	61.961	129.25	300.72	352.92	131.57	20.767	1.1031e-05	0.038344
518.91	1.2045	462.93	0.0021602	40.478	40.775	88.406	301.89	392.11	318.50	0.81225	7.7823e-05	0.069213	0.0024950	47.097	0.021233	59.087	62.008	129.33	300.85	353.35	131.41	20.782	1.1045e-05	0.038397
519.13	1.2087	462.53	0.0021620	40.561	40.860	88.568	301.99	392.43	317.58	0.81884	7.7660e-05	0.069168	0.0024802	47.298	0.021143	59.137	62.056	129.40	300.98	353.79	131.25	20.798	1.1059e-05	0.038450
519.35	1.2128	462.13	0.0021639	40.645	40.945	88.729	302.10	392.75	316.67	0.82547	7.7498e-05	0.069124	0.0024654	47.500	0.021053	59.186	62.103	129.47	301.12	354.22	131.09	20.813	1.1073e-05	0.038503
519.57	1.2170	461.74	0.0021657	40.728	41.030	88.890	302.20	393.08	315.75	0.83214	7.7337e-05	0.069080	0.0024507	47.702	0.020964	59.236	62.150	129.54	301.25	354.66	130.92	20.829	1.1087e-05	0.038556
519.78	1.2211	461.34	0.0021676	40.812	41.114	89.051	302.31	393.40	314.84	0.83886	7.7176e-05	0.069035	0.0024360	47.904	0.020875	59.285	62.197	129.61	301.38	355.10	130.76	20.845	1.1101e-05	0.038609
520.00	1.2252	460.94	0.0021695	40.895	41.198	89.211	302.41	393.73	313.92	0.84561	7.7015e-05	0.068992	0.0024214	48.107	0.020787	59.334	62.244	129.68	301.51	355.54	130.60	20.861	1.1116e-05	0.038662
520.22	1.2294	460.55	0.0021713	40.978	41.283	89.371	302.52	394.06	313.01	0.85241	7.6855e-05	0.068948	0.0024068	48.311	0.020699	59.383	62.290	129.75	301.64	355.99	130.44	20.878	1.1130e-05	0.038715
520.44	1.2335	460.15	0.0021732	41.060	41.367	89.531	302.62	394.39	312.10	0.85925	7.6696e-05	0.068904	0.0023924	48.514	0.020612	59.432	62.336	129.82	301.77	356.43	130.28	20.894	1.1144e-05	0.038769
520.65	1.2377	459.75	0.0021751	41.143	41.450	89.690	302.73	394.72	311.19	0.86614	7.6537e-05	0.068861	0.0023779	48.719	0.020526	59.481	62.383	129.89	301.90	356.88	130.12	20.911	1.1158e-05	0.038822
520.87	1.2418	459.35	0.0021770	41.225	41.534	89.848	302.83	395.05	310.29	0.87307	7.6378e-05	0.068817	0.0023635	48.924	0.020440	59.529	62.429	129.96	302.03	357.33	129.95	20.928	1.1173e-05	0.038875
521.08	1.2459	458.96	0.0021789	41.308	41.618	90.007	302.94	395.39	309.38	0.88004	7.6220e-05	0.068774	0.0023492	49.129	0.020355	59.578	62.475	130.03	302.16	357.78	129.79	20.945	1.1187e-05	0.038929
521.30	1.2501	458.56	0.0021807	41.390	41.701	90.165	303.04	395.72	308.48	0.88706	7.6063e-05	0.068731	0.0023349	49.334	0.020270	59.626	62.520	130.10	302.29	358.24	129.63	20.962	1.1201e-05	0.038982
521.51	1.2542	458.16	0.0021826	41.472	41.784	90.322	303.14	396.06	307.58	0.89412	7.5906e-05	0.068688	0.0023207	49.541	0.020185	59.674	62.566	130.17	302.42	358.69	129.47	20.979	1.1216e-05	0.039035
521.72	1.2584	457.77	0.0021845	41.553	41.867	90.480	303.25	396.39	306.68	0.90123	7.5749e-05	0.068646	0.0023065	49.747	0.020102	59.722	62.611	130.24	302.55	359.15	129.30	20.997	1.1230e-05	0.039089
521.94	1.2625	457.37	0.0021864	41.635	41.950	90.637	303.35	396.73	305.78	0.90839	7.5593e-05	0.068603	0.0022924	49.954	0.020018	59.770	62.656	130.31	302.68	359.61	129.14	21.015	1.1245e-05	0.039142
522.15	1.2666	456.97	0.0021883	41.716	42.033	90.793	303.46	397.07	304.88	0.91559	7.5437e-05	0.068561	0.0022783	50.162	0.019935	59.817	62.702	130.38	302.81	360.08	128.98	21.032	1.1259e-05	0.039196
522.36	1.2708	456.57	0.0021902	41.798	42.116	90.949	303.56	397.41	303.98	0.92284	7.5282e-05	0.068518	0.0022643	50.370	0.019853	59.865	62.746	130.44	302.94	360.54	128.81	21.051	1.1274e-05	0.039250
522.57	1.2749	456.18	0.0021921	41.879	42.198	91.105	303.66	397.76	303.09	0.93014	7.5127e-05	0.068476	0.0022503	50.578	0.019771	59.912	62.791	130.51	303.07	361.01	128.65	21.069	1.1289e-05	0.039303
522.78	1.2790	455.78	0.0021940	41.960	42.280	91.260	303.76	398.10	302.20	0.93748	7.4972e-05	0.068434	0.0022364	50.787	0.019690	59.959	62.836	130.58	303.20	361.48	128.49	21.087	1.1303e-05	0.039357
522.99	1.2832	455.38	0.0021960	42.041	42.362	91.416	303.87	398.45	301.30	0.94487	7.4818e-05	0.068392	0.0022226	50.997	0.019609	60.006	62.880	130.65	303.33	361.96	128.32	21.106	1.1318e-05	0.039411
523.20	1.2873	454.99	0.0021979	42.121	42.444	91.570	303.97	398.79	300.41	0.95232	7.4665e-05	0.068351	0.0022088	51.207	0.019529	60.053	62.924	130.71	303.45	362.43	128.16	21.124	1.1333e-05	0.039465
523.41	1.2915	454.59	0.0021998	42.202	42.526	91.725	304.07	399.14	299.53	0.95981	7.4512e-05	0.068309	0.0021950	51.417	0.019449	60.099	62.969	130.78	303.58	362.91	127.99	21.143	1.1348e-05	0.039519
523.62	1.2956	454.19	0.0022017	42.282	42.608	91.879	304.17	399.49	298.64	0.96735	7.4359e-05	0.068268	0.0021813	51.628	0.019369	60.146	63.012	130.85	303.71	363.39	127.83	21.162	1.1363e-05	0.039573
523.83	1.2997	453.79	0.0022036	42.362	42.689	92.032	304.28	399.84	297.75	0.97495	7.4207e-05	0.068226	0.0021677	51.840	0.019290	60.192	63.056	130.91	303.84	363.87	127.66	21.182	1.1377e-05	0.039627
524.04	1.3039	453.40	0.0022056	42.442	42.771	92.186	304.38	400.19	296.87	0.98259	7.4055e-05	0.068185	0.0021541	52.052	0.019212	60.238	63.100	130.98	303.96	364.36	127.50	21.201	1.1392e-05	0.039681
524.24	1.3080	453.00	0.0022075	42.522	42.852	92.339	304.48	400.55	295.98	0.99029	7.3904e-05	0.068144	0.0021405	52.264	0.019134	60.285	63.143	131.04	304.09	364.85	127.33	21.220	1.1407e-05	0.039735
524.45	1.3122	452.60	0.0022094	42.602	42.933	92.492	304.58	400.90	295.10	0.99803	7.3753e-05	0.068103	0.0021270	52.477	0.019056	60.330	63.187	131.11	304.22	365.34	127.17	21.240	1.1422e-05	0.039790
524.65	1.3163	452.20	0.0022114	42.682	43.014	92.644	304.68	401.26	294.22	1.0058	7.3602e-05	0.068063	0.0021136	52.690	0.018979	60.376	63.230	131.18	304.34	365.83	127.00	21.260	1.1437e-05	0.039844
524.86	1.3204	451.81	0.0022133	42.761	43.095	92.796	304.78	401.62	293.34	1.0137	7.3452e-05	0.068022	0.0021002	52.904	0.018902	60.422	63.273	131.24	304.47	366.33	126.83	21.280	1.1453e-05	0.039898
525.07	1.3246	451.41	0.0022153	42.840	43.176	92.948	304.89	401.98	292.47	1.0216	7.3302e-05	0.067982	0.0020868	53.119	0.018826	60.467	63.316	131.30	304.60	366.83	126.67	21.301	1.1468e-05	0.039953
525.27	1.3287	451.01	0.0022172	42.920	43.256	93.099	304.99	402.34	291.59	1.0296	7.3152e-05	0.067942	0.0020735	53.334	0.018750	60.513	63.358	131.37	304.72	367.33	126.50	21.321	1.1483e-05	0.040007
525.47	1.3329	450.61	0.0022192	42.999	43.337	93.250	305.09	402.70	290.71	1.0376	7.3003e-05	0.067902	0.0020603	53.549	0.018674	60.558	63.401	131.43	304.85	367.83	126.34	21.342	1.1498e-05	0.040062
525.68	1.3370	450.21	0.0022212	43.078	43.417	93.401	305.19	403.07	289.84	1.0456	7.2855e-05	0.067862	0.0020471	53.765	0.018599	60.603	63.443	131.50	304.98	368.34	126.17	21.362	1.1513e-05	0.040117
525.88	1.3411	449.82	0.0022231	43.156	43.497	93.551	305.29	403.44	288.97	1.0538	7.2707e-05	0.067822	0.0020340	53.982	0.018525	60.648	63.486	131.56	305.10	368.85	126.00	21.383	1.1529e-05	0.040171
526.08	1.3453	449.42	0.0022251	43.235	43.577	93.701	305.39	403.80	288.10	1.0620	7.2559e-05	0.067782	0.0020209	54.199	0.018451	60.692	63.528	131.62	305.23	369.36	125.83	21.404	1.1544e-05	0.040226
526.28	1.3494	449.02	0.0022271	43.314	43.657	93.851	305.49	404.17	287.23	1.0702	7.2411e-05	0.067743	0.0020078	54.416	0.018377	60.737	63.570	131.69	305.35	369.88	125.67	21.426	1.1560e-05	0.040281
526.49	1.3536	448.62	0.0022291	43.392	43.737	94.000	305.59	404.55	286.36	1.0785	7.2264e-05	0.067703	0.0019948	54.634	0.018303	60.781	63.611	131.75	305.48	370.40	125.50	21.447	1.1575e-05	0.040336
526.69	1.3577	448.22	0.0022310	43.470	43.816	94.149	305.69	404.92	285.49	1.0869	7.2118e-05	0.067664	0.0019819	54.853	0.018231	60.826	63.653	131.81	305.60	370.92	125.33	21.469	1.1591e-05	0.040391
526.89	1.3618	447.82	0.0022330	43.548	43.896	94.298	305.79	405.30	284.62	1.0953	7.1971e-05	0.067625	0.0019689	55.072	0.018158	60.870	63.694	131.88	305.73	371.45	125.16	21.491	1.1606e-05	0.040446
527.09	1.3660	447.42	0.0022350	43.626	43.975	94.447	305.89	405.67	283.76	1.1038	7.1825e-05	0.067586	0.0019561	55.292	0.018086	60.914	63.736	131.94	305.85	371.98	125.00	21.513	1.1622e-05	0.040502
527.29	1.3701	447.02	0.0022370	43.704	44.054	94.595	305.99	406.05	282.89	1.1123	7.1680e-05	0.067547	0.0019433	55.512	0.018014	60.958	63.777	132.00	305.98	372.51	124.83	21.535	1.1638e-05	0.040557
527.49	1.3743	446.62	0.0022390	43.782	44.133	94.743	306.09	406.43	282.03	1.1209	7.1534e-05	0.067508	0.0019305	55.733	0.017943	61.001	63.818	132.06	306.10	373.04	124.66	21.557	1.1653e-05	0.040612
527.69	1.3784	446.23	0.0022410	43.859	44.212	94.890	306.19	406.81	281.17	1.1296	7.1390e-05	0.067470	0.0019178	55.955	0.017872	61.045	63.859	132.12	306.23	373.58	124.49	21.580	1.1669e-05	0.040668
527.88	1.3825	445.83	0.0022430	43.937	44.291	95.038	306.29	407.20	280.31	1.1383	7.1245e-05	0.067431	0.0019051	56.176	0.017801	61.088	63.899	132.18	306.35	374.12	124.32	21.603	1.1685e-05	0.040724
528.08	1.3867	445.43	0.0022450	44.014	44.369	95.185	306.39	407.59	279.45	1.1471	7.1101e-05	0.067393	0.0018925	56.399	0.017731	61.131	63.940	132.24	306.47	374.67	124.15	21.625	1.1701e-05	0.040779
528.28	1.3908	445.03	0.0022471	44.091	44.448	95.331	306.49	407.97	278.59	1.1559	7.0957e-05	0.067355	0.0018800	56.622	0.017661	61.175	63.980	132.30	306.60	375.22	123.98	21.649	1.1717e-05	0.040835
528.48	1.3950	444.63	0.0022491	44.168	44.526	95.478	306.58	408.36	277.73	1.1648	7.0814e-05	0.067317	0.0018674	56.846	0.017591	61.218	64.021	132.37	306.72	375.77	123.81	21.672	1.1733e-05	0.040891
528.67	1.3991	444.23	0.0022511	44.245	44.605	95.624	306.68	408.76	276.88	1.1738	7.0671e-05	0.067279	0.0018550	57.070	0.017522	61.260	64.061	132.43	306.84	376.32	123.64	21.695	1.1749e-05	0.040947
528.87	1.4032	443.82	0.0022531	44.322	44.683	95.770	306.78	409.15	276.02	1.1829	7.0528e-05	0.067241	0.0018425	57.295	0.017454	61.303	64.101	132.49	306.97	376.88	123.47	21.719	1.1765e-05	0.041003
529.06	1.4074	443.42	0.0022552	44.398	44.761	95.915	306.88	409.55	275.17	1.1920	7.0385e-05	0.067204	0.0018301	57.520	0.017385	61.346	64.141	132.55	307.09	377.45	123.30	21.743	1.1781e-05	0.041059
529.26	1.4115	443.02	0.0022572	44.475	44.839	96.060	306.98	409.95	274.31	1.2012	7.0243e-05	0.067166	0.0018178	57.746	0.017317	61.388	64.180	132.60	307.21	378.01	123.13	21.767	1.1797e-05	0.041115
529.45	1.4156	442.62	0.0022593	44.551	44.917	96.205	307.08	410.35	273.46	1.2104	7.0102e-05	0.067129	0.0018055	57.973	0.017250	61.430	64.220	132.66	307.34	378.58	122.96	21.791	1.1813e-05	0.041172
529.65	1.4198	442.22	0.0022613	44.627	44.994	96.350	307.18	410.75	272.61	1.2197	6.9960e-05	0.067092	0.0017933	58.200	0.017182	61.473	64.259	132.72	307.46	379.16	122.79	21.815	1.1829e-05	0.041228
529.84	1.4239	441.82	0.0022634	44.704	45.072	96.494	307.27	411.16	271.76	1.2291	6.9819e-05	0.067055	0.0017811	58.427	0.017115	61.515	64.298	132.78	307.58	379.73	122.62	21.840	1.1846e-05	0.041285
530.04	1.4281	441.42	0.0022654	44.780	45.149	96.638	307.37	411.56	270.91	1.2386	6.9678e-05	0.067018	0.0017689	58.656	0.017049	61.556	64.337	132.84	307.71	380.31	122.45	21.865	1.1862e-05	0.041341
530.23	1.4322	441.01	0.0022675	44.855	45.226	96.782	307.47	411.97	270.07	1.2481	6.9538e-05	0.066981	0.0017568	58.885	0.016982	61.598	64.376	132.90	307.83	380.90	122.28	21.889	1.1879e-05	0.041398
530.42	1.4363	440.61	0.0022696	44.931	45.304	96.926	307.57	412.38	269.22	1.2577	6.9398e-05	0.066945	0.0017447	59.114	0.016916	61.640	64.415	132.96	307.95	381.49	122.11	21.915	1.1895e-05	0.041455
530.61	1.4405	440.21	0.0022716	45.007	45.381	97.069	307.67	412.80	268.37	1.2674	6.9258e-05	0.066908	0.0017327	59.344	0.016851	61.681	64.454	133.01	308.07	382.08	121.93	21.940	1.1912e-05	0.041512
530.80	1.4446	439.81	0.0022737	45.082	45.458	97.212	307.76	413.21	267.53	1.2771	6.9119e-05	0.066872	0.0017207	59.575	0.016786	61.722	64.492	133.07	308.20	382.68	121.76	21.965	1.1928e-05	0.041569
531.00	1.4488	439.40	0.0022758	45.158	45.534	97.354	307.86	413.63	266.69	1.2869	6.8980e-05	0.066836	0.0017088	59.806	0.016721	61.764	64.531	133.13	308.32	383.28	121.59	21.991	1.1945e-05	0.041626
531.19	1.4529	439.00	0.0022779	45.233	45.611	97.497	307.96	414.05	265.84	1.2968	6.8841e-05	0.066800	0.0016969	60.038	0.016656	61.805	64.569	133.19	308.44	383.89	121.42	22.017	1.1962e-05	0.041683
531.38	1.4570	438.60	0.0022800	45.308	45.688	97.639	308.06	414.48	265.00	1.3068	6.8702e-05	0.066764	0.0016851	60.271	0.016592	61.846	64.607	133.24	308.56	384.50	121.25	22.043	1.1978e-05	0.041741
531.57	1.4612	438.19	0.0022821	45.383	45.764	97.781	308.15	414.90	264.16	1.3169	6.8564e-05	0.066728	0.0016733	60.504	0.016528	61.886	64.645	133.30	308.69	385.11	121.07	22.069	1.1995e-05	0.041798
531.76	1.4653	437.79	0.0022842	45.458	45.841	97.922	308.25	415.33	263.32	1.3270	6.8426e-05	0.066692	0.0016616	60.738	0.016464	61.927	64.683	133.36	308.81	385.73	120.90	22.095	1.2012e-05	0.041856
531.94	1.4695	437.38	0.0022863	45.533	45.917	98.064	308.35	415.76	262.48	1.3372	6.8288e-05	0.066657	0.0016499	60.972	0.016401	61.967	64.720	133.41	308.93	386.35	120.73	22.122	1.2029e-05	0.041914
532.13	1.4736	436.98	0.0022884	45.608	45.993	98.205	308.44	416.19	261.65	1.3475	6.8151e-05	0.066622	0.0016382	61.208	0.016338	62.008	64.758	133.47	309.05	386.98	120.55	22.149	1.2046e-05	0.041972
532.32	1.4777	436.57	0.0022906	45.682	46.069	98.346	308.54	416.63	260.81	1.3579	6.8014e-05	0.066586	0.0016266	61.443	0.016275	62.048	64.795	133.52	309.17	387.61	120.38	22.176	1.2063e-05	0.042030
532.51	1.4819	436.17	0.0022927	45.757	46.145	98.486	308.64	417.07	259.97	1.3683	6.7877e-05	0.066551	0.0016150	61.680	0.016213	62.088	64.832	133.58	309.30	388.25	120.20	22.203	1.2080e-05	0.042088
532.70	1.4860	435.76	0.0022948	45.831	46.221	98.626	308.74	417.51	259.14	1.3788	6.7741e-05	0.066516	0.0016035	61.917	0.016151	62.128	64.869	133.63	309.42	388.89	120.03	22.230	1.2097e-05	0.042146
532.88	1.4902	435.36	0.0022970	45.905	46.296	98.766	308.83	417.95	258.31	1.3895	6.7605e-05	0.066482	0.0015920	62.155	0.016089	62.168	64.906	133.69	309.54	389.53	119.86	22.258	1.2115e-05	0.042204
533.07	1.4943	434.95	0.0022991	45.980	46.372	98.906	308.93	418.40	257.47	1.4002	6.7469e-05	0.066447	0.0015805	62.393	0.016027	62.207	64.943	133.74	309.66	390.19	119.68	22.286	1.2132e-05	0.042263
533.26	1.4984	434.54	0.0023013	46.054	46.447	99.046	309.03	418.85	256.64	1.4109	6.7333e-05	0.066412	0.0015691	62.632	0.015966	62.247	64.980	133.80	309.78	390.84	119.51	22.314	1.2149e-05	0.042322
533.44	1.5026	434.14	0.0023034	46.127	46.523	99.185	309.12	419.30	255.81	1.4218	6.7198e-05	0.066378	0.0015578	62.872	0.015905	62.286	65.016	133.85	309.90	391.50	119.33	22.342	1.2167e-05	0.042380
533.63	1.5067	433.73	0.0023056	46.201	46.598	99.324	309.22	419.76	254.98	1.4328	6.7063e-05	0.066344	0.0015465	63.112	0.015845	62.326	65.053	133.91	310.02	392.17	119.16	22.370	1.2184e-05	0.042439
533.81	1.5109	433.32	0.0023078	46.275	46.673	99.463	309.32	420.22	254.15	1.4438	6.6928e-05	0.066310	0.0015352	63.353	0.015784	62.365	65.089	133.96	310.15	392.84	118.98	22.398	1.2202e-05	0.042498
534.00	1.5150	432.91	0.0023099	46.349	46.748	99.601	309.41	420.68	253.32	1.4550	6.6793e-05	0.066276	0.0015240	63.595	0.015724	62.404	65.125	134.01	310.27	393.51	118.80	22.427	1.2219e-05	0.042557
534.18	1.5191	432.50	0.0023121	46.422	46.823	99.740	309.51	421.14	252.49	1.4662	6.6659e-05	0.066242	0.0015128	63.838	0.015665	62.443	65.161	134.07	310.39	394.19	118.63	22.456	1.2237e-05	0.042617
534.36	1.5233	432.09	0.0023143	46.495	46.898	99.878	309.60	421.61	251.66	1.4775	6.6525e-05	0.066208	0.0015016	64.081	0.015605	62.481	65.197	134.12	310.51	394.88	118.45	22.485	1.2255e-05	0.042676
534.55	1.5274	431.69	0.0023165	46.569	46.973	100.02	309.70	422.08	250.84	1.4889	6.6392e-05	0.066175	0.0014905	64.325	0.015546	62.520	65.232	134.17	310.63	395.57	118.28	22.515	1.2273e-05	0.042736
534.73	1.5315	431.28	0.0023187	46.642	47.047	100.15	309.80	422.55	250.01	1.5004	6.6258e-05	0.066142	0.0014795	64.569	0.015487	62.558	65.268	134.23	310.75	396.27	118.10	22.544	1.2291e-05	0.042796
534.91	1.5357	430.87	0.0023209	46.715	47.122	100.29	309.89	423.02	249.19	1.5120	6.6125e-05	0.066108	0.0014685	64.815	0.015429	62.597	65.303	134.28	310.87	396.97	117.92	22.574	1.2309e-05	0.042855
535.10	1.5398	430.46	0.0023231	46.788	47.196	100.43	309.99	423.50	248.36	1.5237	6.5992e-05	0.066075	0.0014575	65.061	0.015370	62.635	65.338	134.33	310.99	397.67	117.75	22.604	1.2327e-05	0.042915
535.28	1.5440	430.04	0.0023253	46.861	47.271	100.56	310.09	423.99	247.54	1.5355	6.5859e-05	0.066042	0.0014466	65.307	0.015312	62.673	65.373	134.38	311.11	398.39	117.57	22.634	1.2345e-05	0.042976
535.46	1.5481	429.63	0.0023276	46.933	47.345	100.70	310.18	424.47	246.72	1.5474	6.5727e-05	0.066010	0.0014357	65.555	0.015254	62.711	65.408	134.44	311.24	399.11	117.39	22.664	1.2363e-05	0.043036
535.64	1.5522	429.22	0.0023298	47.006	47.419	100.84	310.28	424.96	245.90	1.5594	6.5595e-05	0.065977	0.0014248	65.803	0.015197	62.749	65.443	134.49	311.36	399.83	117.21	22.695	1.2381e-05	0.043097
535.82	1.5564	428.81	0.0023320	47.079	47.493	100.97	310.37	425.45	245.08	1.5715	6.5463e-05	0.065944	0.0014140	66.052	0.015140	62.786	65.478	134.54	311.48	400.56	117.03	22.725	1.2399e-05	0.043157
536.00	1.5605	428.40	0.0023343	47.151	47.567	101.11	310.47	425.95	244.26	1.5837	6.5331e-05	0.065912	0.0014033	66.302	0.015083	62.824	65.512	134.59	311.60	401.30	116.86	22.756	1.2418e-05	0.043218
536.18	1.5647	427.98	0.0023365	47.223	47.641	101.25	310.57	426.45	243.44	1.5960	6.5200e-05	0.065880	0.0013925	66.552	0.015026	62.861	65.547	134.64	311.72	402.04	116.68	22.787	1.2436e-05	0.043279
536.36	1.5688	427.57	0.0023388	47.296	47.715	101.38	310.66	426.95	242.62	1.6084	6.5068e-05	0.065848	0.0013819	66.803	0.014969	62.898	65.581	134.69	311.84	402.79	116.50	22.819	1.2454e-05	0.043340
536.54	1.5729	427.16	0.0023411	47.368	47.788	101.52	310.76	427.46	241.80	1.6210	6.4937e-05	0.065816	0.0013712	67.055	0.014913	62.936	65.615	134.74	311.96	403.54	116.32	22.850	1.2473e-05	0.043401
536.72	1.5771	426.74	0.0023433	47.440	47.862	101.65	310.85	427.97	240.98	1.6336	6.4807e-05	0.065784	0.0013606	67.308	0.014857	62.973	65.649	134.79	312.08	404.30	116.14	22.882	1.2492e-05	0.043463
536.90	1.5812	426.33	0.0023456	47.512	47.935	101.79	310.95	428.48	240.17	1.6463	6.4676e-05	0.065753	0.0013501	67.562	0.014801	63.009	65.683	134.84	312.20	405.07	115.96	22.914	1.2510e-05	0.043524
537.07	1.5854	425.91	0.0023479	47.584	48.009	101.92	311.05	429.00	239.35	1.6592	6.4546e-05	0.065721	0.0013396	67.816	0.014746	63.046	65.717	134.89	312.32	405.85	115.78	22.946	1.2529e-05	0.043586
537.25	1.5895	425.50	0.0023502	47.655	48.082	102.05	311.14	429.52	238.54	1.6721	6.4416e-05	0.065690	0.0013291	68.071	0.014691	63.083	65.750	134.94	312.44	406.63	115.60	22.978	1.2548e-05	0.043648
537.43	1.5936	425.08	0.0023525	47.727	48.155	102.19	311.24	430.04	237.72	1.6852	6.4286e-05	0.065659	0.0013186	68.327	0.014636	63.119	65.783	134.99	312.56	407.41	115.42	23.011	1.2567e-05	0.043710
537.61	1.5978	424.66	0.0023548	47.799	48.228	102.32	311.33	430.57	236.91	1.6984	6.4156e-05	0.065628	0.0013082	68.583	0.014581	63.156	65.817	135.04	312.68	408.21	115.24	23.044	1.2586e-05	0.043773
537.78	1.6019	424.25	0.0023571	47.870	48.301	102.46	311.43	431.10	236.10	1.7117	6.4027e-05	0.065597	0.0012979	68.841	0.014526	63.192	65.850	135.09	312.80	409.01	115.06	23.077	1.2605e-05	0.043835
537.96	1.6061	423.83	0.0023594	47.941	48.374	102.59	311.52	431.64	235.28	1.7251	6.3898e-05	0.065566	0.0012876	69.099	0.014472	63.228	65.883	135.14	312.93	409.81	114.88	23.110	1.2624e-05	0.043898
538.13	1.6102	423.41	0.0023618	48.013	48.447	102.72	311.62	432.18	234.47	1.7386	6.3769e-05	0.065536	0.0012773	69.358	0.014418	63.264	65.916	135.18	313.05	410.63	114.70	23.143	1.2643e-05	0.043961
538.31	1.6143	422.99	0.0023641	48.084	48.520	102.86	311.72	432.72	233.66	1.7523	6.3640e-05	0.065505	0.0012671	69.618	0.014364	63.300	65.948	135.23	313.17	411.45	114.52	23.177	1.2663e-05	0.044024
538.48	1.6185	422.57	0.0023665	48.155	48.593	102.99	311.81	433.27	232.85	1.7660	6.3512e-05	0.065475	0.0012569	69.879	0.014310	63.335	65.981	135.28	313.29	412.28	114.34	23.211	1.2682e-05	0.044087
538.66	1.6226	422.15	0.0023688	48.226	48.665	103.12	311.91	433.83	232.04	1.7799	6.3383e-05	0.065445	0.0012467	70.140	0.014257	63.371	66.013	135.33	313.41	413.12	114.15	23.245	1.2701e-05	0.044150
538.83	1.6268	421.73	0.0023712	48.297	48.738	103.25	312.00	434.38	231.23	1.7940	6.3255e-05	0.065415	0.0012366	70.403	0.014204	63.406	66.046	135.38	313.53	413.96	113.97	23.279	1.2721e-05	0.044214
539.01	1.6309	421.31	0.0023735	48.368	48.810	103.39	312.10	434.95	230.42	1.8081	6.3127e-05	0.065385	0.0012266	70.666	0.014151	63.442	66.078	135.42	313.65	414.81	113.79	23.314	1.2741e-05	0.044278
539.18	1.6350	420.89	0.0023759	48.439	48.882	103.52	312.20	435.51	229.62	1.8224	6.3000e-05	0.065355	0.0012165	70.930	0.014098	63.477	66.110	135.47	313.77	415.67	113.61	23.349	1.2760e-05	0.044342
539.35	1.6392	420.47	0.0023783	48.509	48.955	103.65	312.29	436.08	228.81	1.8368	6.2872e-05	0.065326	0.0012065	71.195	0.014046	63.512	66.142	135.52	313.89	416.54	113.42	23.384	1.2780e-05	0.044406
539.53	1.6433	420.04	0.0023807	48.580	49.027	103.78	312.39	436.66	228.00	1.8514	6.2745e-05	0.065297	0.0011966	71.461	0.013994	63.547	66.173	135.56	314.01	417.41	113.24	23.419	1.2800e-05	0.044471
539.70	1.6474	419.62	0.0023831	48.650	49.099	103.91	312.48	437.24	227.20	1.8661	6.2618e-05	0.065268	0.0011867	71.728	0.013942	63.581	66.205	135.61	314.13	418.30	113.06	23.454	1.2820e-05	0.044535
539.87	1.6516	419.20	0.0023855	48.721	49.171	104.04	312.58	437.82	226.39	1.8809	6.2491e-05	0.065239	0.0011768	71.995	0.013890	63.616	66.236	135.66	314.25	419.19	112.87	23.490	1.2840e-05	0.044600
540.04	1.6557	418.77	0.0023879	48.791	49.243	104.18	312.68	438.41	225.59	1.8958	6.2364e-05	0.065210	0.0011670	72.264	0.013838	63.650	66.268	135.70	314.37	420.09	112.69	23.526	1.2860e-05	0.044665
540.22	1.6599	418.35	0.0023904	48.861	49.314	104.31	312.77	439.01	224.78	1.9109	6.2238e-05	0.065181	0.0011572	72.533	0.013787	63.685	66.299	135.75	314.49	421.00	112.50	23.562	1.2880e-05	0.044730
540.39	1.6640	417.92	0.0023928	48.931	49.386	104.44	312.87	439.61	223.98	1.9262	6.2111e-05	0.065153	0.0011474	72.803	0.013736	63.719	66.330	135.79	314.61	421.91	112.32	23.598	1.2900e-05	0.044796
540.56	1.6681	417.49	0.0023952	49.001	49.458	104.57	312.96	440.21	223.17	1.9416	6.1985e-05	0.065124	0.0011377	73.075	0.013685	63.753	66.361	135.84	314.73	422.84	112.14	23.634	1.2921e-05	0.044861
540.73	1.6723	417.07	0.0023977	49.071	49.529	104.70	313.06	440.82	222.37	1.9571	6.1859e-05	0.065096	0.0011280	73.347	0.013634	63.787	66.392	135.88	314.85	423.77	111.95	23.671	1.2941e-05	0.044927
540.90	1.6764	416.64	0.0024002	49.141	49.601	104.83	313.16	441.44	221.57	1.9728	6.1733e-05	0.065068	0.0011184	73.620	0.013583	63.821	66.422	135.93	314.97	424.72	111.77	23.708	1.2962e-05	0.044993
541.07	1.6806	416.21	0.0024026	49.211	49.672	104.96	313.25	442.06	220.77	1.9886	6.1608e-05	0.065040	0.0011088	73.894	0.013533	63.855	66.453	135.97	315.09	425.67	111.58	23.745	1.2982e-05	0.045060
541.24	1.6847	415.78	0.0024051	49.281	49.744	105.09	313.35	442.68	219.97	2.0046	6.1482e-05	0.065013	0.0010992	74.169	0.013483	63.888	66.483	136.02	315.22	426.63	111.39	23.783	1.3003e-05	0.045126
541.41	1.6888	415.35	0.0024076	49.350	49.815	105.22	313.44	443.31	219.17	2.0207	6.1357e-05	0.064985	0.0010897	74.444	0.013433	63.922	66.513	136.06	315.34	427.60	111.21	23.821	1.3024e-05	0.045193
541.58	1.6930	414.92	0.0024101	49.420	49.886	105.35	313.54	443.95	218.37	2.0370	6.1232e-05	0.064958	0.0010802	74.721	0.013383	63.955	66.543	136.10	315.46	428.58	111.02	23.859	1.3045e-05	0.045260
541.74	1.6971	414.49	0.0024126	49.489	49.957	105.48	313.64	444.59	217.57	2.0534	6.1107e-05	0.064931	0.0010708	74.999	0.013334	63.988	66.573	136.15	315.58	429.57	110.84	23.897	1.3066e-05	0.045327
541.91	1.7013	414.06	0.0024151	49.559	50.028	105.60	313.73	445.24	216.77	2.0700	6.0982e-05	0.064904	0.0010614	75.278	0.013284	64.021	66.603	136.19	315.70	430.57	110.65	23.935	1.3087e-05	0.045395
542.08	1.7054	413.63	0.0024176	49.628	50.099	105.73	313.83	445.89	215.97	2.0868	6.0857e-05	0.064877	0.0010520	75.558	0.013235	64.054	66.632	136.23	315.82	431.58	110.46	23.974	1.3108e-05	0.045463
542.25	1.7095	413.19	0.0024202	49.697	50.170	105.86	313.93	446.55	215.17	2.1037	6.0733e-05	0.064850	0.0010427	75.838	0.013186	64.087	66.662	136.28	315.94	432.60	110.27	24.013	1.3129e-05	0.045531
542.42	1.7137	412.76	0.0024227	49.767	50.241	105.99	314.02	447.22	214.37	2.1208	6.0608e-05	0.064824	0.0010334	76.120	0.013137	64.120	66.691	136.32	316.06	433.63	110.09	24.052	1.3151e-05	0.045599
542.58	1.7178	412.32	0.0024253	49.836	50.312	106.12	314.12	447.89	213.58	2.1381	6.0484e-05	0.064797	0.0010242	76.403	0.013089	64.152	66.720	136.36	316.18	434.68	109.90	24.091	1.3172e-05	0.045668
542.75	1.7220	411.89	0.0024278	49.905	50.382	106.25	314.22	448.57	212.78	2.1555	6.0360e-05	0.064771	0.0010149	76.687	0.013040	64.185	66.749	136.40	316.30	435.73	109.71	24.131	1.3194e-05	0.045736
542.91	1.7261	411.45	0.0024304	49.974	50.453	106.37	314.31	449.26	211.98	2.1732	6.0236e-05	0.064745	0.0010058	76.971	0.012992	64.217	66.778	136.45	316.42	436.79	109.52	24.171	1.3216e-05	0.045805
543.08	1.7302	411.01	0.0024330	50.042	50.523	106.50	314.41	449.95	211.19	2.1909	6.0113e-05	0.064720	0.00099664	77.257	0.012944	64.249	66.807	136.49	316.54	437.87	109.33	24.211	1.3237e-05	0.045875
543.25	1.7344	410.58	0.0024356	50.111	50.594	106.63	314.51	450.64	210.39	2.2089	5.9989e-05	0.064694	0.00098754	77.544	0.012896	64.281	66.836	136.53	316.66	438.95	109.14	24.251	1.3259e-05	0.045944
543.41	1.7385	410.14	0.0024382	50.180	50.664	106.76	314.61	451.35	209.60	2.2271	5.9866e-05	0.064669	0.00097848	77.832	0.012848	64.313	66.864	136.57	316.78	440.05	108.96	24.292	1.3281e-05	0.046014
543.58	1.7427	409.70	0.0024408	50.249	50.735	106.89	314.70	452.06	208.80	2.2454	5.9742e-05	0.064644	0.00096946	78.121	0.012801	64.344	66.893	136.61	316.90	441.16	108.77	24.332	1.3303e-05	0.046084
543.74	1.7468	409.26	0.0024435	50.317	50.805	107.01	314.80	452.78	208.01	2.2640	5.9619e-05	0.064619	0.00096048	78.411	0.012753	64.376	66.921	136.65	317.03	442.28	108.58	24.374	1.3325e-05	0.046154
543.91	1.7509	408.82	0.0024461	50.386	50.875	107.14	314.90	453.50	207.21	2.2827	5.9496e-05	0.064594	0.00095154	78.702	0.012706	64.408	66.949	136.69	317.15	443.41	108.39	24.415	1.3348e-05	0.046225
544.07	1.7551	408.37	0.0024487	50.454	50.945	107.27	314.99	454.24	206.42	2.3016	5.9373e-05	0.064569	0.00094264	78.994	0.012659	64.439	66.977	136.73	317.27	444.55	108.20	24.456	1.3370e-05	0.046296
544.23	1.7592	407.93	0.0024514	50.523	51.015	107.39	315.09	454.98	205.63	2.3207	5.9251e-05	0.064545	0.00093377	79.288	0.012612	64.470	67.004	136.77	317.39	445.71	108.01	24.498	1.3393e-05	0.046367
544.40	1.7633	407.49	0.0024541	50.591	51.085	107.52	315.19	455.72	204.84	2.3400	5.9128e-05	0.064521	0.00092494	79.582	0.012566	64.501	67.032	136.81	317.51	446.88	107.81	24.540	1.3415e-05	0.046439
544.56	1.7675	407.04	0.0024567	50.659	51.155	107.65	315.29	456.48	204.04	2.3595	5.9005e-05	0.064497	0.00091615	79.878	0.012519	64.532	67.060	136.85	317.63	448.07	107.62	24.583	1.3438e-05	0.046511
544.72	1.7716	406.60	0.0024594	50.727	51.225	107.77	315.39	457.24	203.25	2.3792	5.8883e-05	0.064473	0.00090740	80.175	0.012473	64.563	67.087	136.89	317.75	449.26	107.43	24.625	1.3461e-05	0.046583
544.88	1.7758	406.15	0.0024621	50.795	51.295	107.90	315.48	458.01	202.46	2.3992	5.8761e-05	0.064449	0.00089868	80.473	0.012427	64.593	67.114	136.93	317.87	450.47	107.24	24.668	1.3484e-05	0.046655
545.05	1.7799	405.70	0.0024649	50.863	51.365	108.02	315.58	458.79	201.67	2.4193	5.8639e-05	0.064426	0.00089000	80.772	0.012381	64.624	67.141	136.97	317.99	451.70	107.05	24.712	1.3507e-05	0.046728
545.21	1.7840	405.25	0.0024676	50.931	51.434	108.15	315.68	459.58	200.88	2.4397	5.8517e-05	0.064403	0.00088136	81.072	0.012335	64.654	67.168	137.01	318.11	452.93	106.86	24.755	1.3530e-05	0.046801
545.37	1.7882	404.81	0.0024703	50.999	51.504	108.27	315.78	460.37	200.09	2.4603	5.8395e-05	0.064380	0.00087276	81.373	0.012289	64.685	67.195	137.05	318.23	454.18	106.66	24.799	1.3553e-05	0.046874
545.53	1.7923	404.35	0.0024731	51.067	51.573	108.40	315.88	461.18	199.30	2.4811	5.8273e-05	0.064357	0.00086420	81.676	0.012244	64.715	67.221	137.08	318.36	455.45	106.47	24.843	1.3576e-05	0.046948
545.69	1.7965	403.90	0.0024758	51.135	51.643	108.53	315.98	461.99	198.51	2.5021	5.8151e-05	0.064334	0.00085567	81.980	0.012198	64.745	67.248	137.12	318.48	456.73	106.28	24.887	1.3600e-05	0.047022
545.85	1.8006	403.45	0.0024786	51.203	51.712	108.65	316.07	462.81	197.72	2.5233	5.8030e-05	0.064312	0.00084718	82.285	0.012153	64.774	67.274	137.16	318.60	458.03	106.08	24.931	1.3624e-05	0.047096
546.01	1.8047	403.00	0.0024814	51.270	51.782	108.78	316.17	463.64	196.93	2.5448	5.7908e-05	0.064290	0.00083873	82.591	0.012108	64.804	67.300	137.20	318.72	459.34	105.89	24.976	1.3647e-05	0.047171
546.17	1.8089	402.54	0.0024842	51.338	51.851	108.90	316.27	464.48	196.14	2.5665	5.7787e-05	0.064268	0.00083032	82.898	0.012063	64.834	67.326	137.23	318.84	460.67	105.69	25.021	1.3671e-05	0.047246
546.33	1.8130	402.09	0.0024870	51.405	51.920	109.02	316.37	465.33	195.36	2.5885	5.7665e-05	0.064246	0.00082194	83.207	0.012018	64.863	67.352	137.27	318.96	462.01	105.50	25.067	1.3695e-05	0.047321
546.49	1.8172	401.63	0.0024898	51.473	51.990	109.15	316.47	466.18	194.57	2.6107	5.7544e-05	0.064225	0.00081360	83.517	0.011974	64.892	67.378	137.31	319.08	463.37	105.30	25.112	1.3719e-05	0.047397
546.65	1.8213	401.18	0.0024927	51.540	52.059	109.27	316.57	467.05	193.78	2.6332	5.7423e-05	0.064204	0.00080530	83.829	0.011929	64.922	67.403	137.34	319.20	464.74	105.11	25.158	1.3744e-05	0.047473
546.81	1.8254	400.72	0.0024955	51.608	52.128	109.40	316.67	467.93	192.99	2.6559	5.7302e-05	0.064183	0.00079704	84.141	0.011885	64.951	67.429	137.38	319.33	466.13	104.91	25.204	1.3768e-05	0.047549
546.97	1.8296	400.26	0.0024984	51.675	52.197	109.52	316.77	468.82	192.21	2.6789	5.7181e-05	0.064162	0.00078881	84.455	0.011841	64.979	67.454	137.42	319.45	467.54	104.72	25.251	1.3792e-05	0.047626
547.13	1.8337	399.80	0.0025013	51.742	52.266	109.65	316.87	469.71	191.42	2.7021	5.7060e-05	0.064141	0.00078062	84.770	0.011797	65.008	67.479	137.45	319.57	468.97	104.52	25.297	1.3817e-05	0.047703
547.28	1.8379	399.34	0.0025042	51.809	52.335	109.77	316.97	470.62	190.63	2.7256	5.6939e-05	0.064121	0.00077247	85.087	0.011753	65.037	67.504	137.49	319.69	470.41	104.33	25.344	1.3842e-05	0.047780
547.44	1.8420	398.87	0.0025071	51.876	52.404	109.89	317.07	471.54	189.85	2.7493	5.6819e-05	0.064101	0.00076435	85.405	0.011709	65.065	67.529	137.52	319.81	471.87	104.13	25.392	1.3867e-05	0.047858
547.60	1.8461	398.41	0.0025100	51.943	52.473	110.02	317.17	472.47	189.06	2.7734	5.6698e-05	0.064081	0.00075628	85.724	0.011665	65.093	67.553	137.56	319.93	473.35	103.93	25.439	1.3892e-05	0.047937
547.76	1.8503	397.94	0.0025129	52.010	52.542	110.14	317.27	473.41	188.27	2.7977	5.6578e-05	0.064062	0.00074824	86.045	0.011622	65.122	67.578	137.59	320.05	474.85	103.74	25.487	1.3917e-05	0.048015
547.91	1.8544	397.48	0.0025159	52.077	52.610	110.26	317.37	474.36	187.49	2.8223	5.6457e-05	0.064042	0.00074023	86.367	0.011579	65.150	67.602	137.63	320.18	476.37	103.54	25.535	1.3942e-05	0.048094
548.07	1.8586	397.01	0.0025188	52.144	52.679	110.39	317.47	475.33	186.70	2.8472	5.6337e-05	0.064023	0.00073227	86.690	0.011535	65.177	67.626	137.66	320.30	477.91	103.34	25.584	1.3968e-05	0.048174
548.23	1.8627	396.54	0.0025218	52.211	52.748	110.51	317.57	476.30	185.92	2.8724	5.6216e-05	0.064005	0.00072434	87.015	0.011492	65.205	67.650	137.69	320.42	479.47	103.14	25.632	1.3993e-05	0.048253
548.38	1.8668	396.07	0.0025248	52.278	52.816	110.63	317.67	477.29	185.13	2.8978	5.6096e-05	0.063986	0.00071645	87.342	0.011449	65.233	67.674	137.73	320.54	481.05	102.94	25.681	1.4019e-05	0.048334
548.54	1.8710	395.60	0.0025278	52.345	52.885	110.76	317.77	478.29	184.35	2.9236	5.5976e-05	0.063968	0.00070859	87.669	0.011406	65.260	67.698	137.76	320.66	482.65	102.74	25.731	1.4045e-05	0.048414
548.69	1.8751	395.13	0.0025308	52.411	52.954	110.88	317.88	479.30	183.56	2.9497	5.5856e-05	0.063950	0.00070078	87.999	0.011364	65.288	67.722	137.79	320.79	484.27	102.54	25.780	1.4071e-05	0.048495
548.85	1.8793	394.65	0.0025339	52.478	53.022	111.00	317.98	480.33	182.78	2.9761	5.5736e-05	0.063932	0.00069300	88.329	0.011321	65.315	67.745	137.83	320.91	485.91	102.34	25.830	1.4097e-05	0.048577
549.00	1.8834	394.18	0.0025369	52.545	53.090	111.12	318.08	481.37	182.00	3.0029	5.5616e-05	0.063915	0.00068526	88.662	0.011279	65.342	67.768	137.86	321.03	487.58	102.14	25.881	1.4123e-05	0.048659
549.16	1.8875	393.70	0.0025400	52.611	53.159	111.25	318.18	482.42	181.21	3.0299	5.5495e-05	0.063898	0.00067755	88.996	0.011237	65.369	67.791	137.89	321.15	489.26	101.94	25.931	1.4150e-05	0.048741
549.31	1.8917	393.23	0.0025431	52.678	53.227	111.37	318.28	483.49	180.43	3.0573	5.5376e-05	0.063881	0.00066988	89.331	0.011194	65.395	67.814	137.92	321.27	490.97	101.74	25.982	1.4176e-05	0.048824
549.47	1.8958	392.75	0.0025462	52.744	53.296	111.49	318.39	484.57	179.65	3.0850	5.5256e-05	0.063864	0.00066225	89.668	0.011152	65.422	67.837	137.96	321.40	492.71	101.54	26.033	1.4203e-05	0.048907
549.62	1.8999	392.27	0.0025493	52.811	53.364	111.61	318.49	485.66	178.86	3.1131	5.5136e-05	0.063848	0.00065466	90.006	0.011110	65.448	67.859	137.99	321.52	494.47	101.34	26.085	1.4230e-05	0.048991
549.77	1.9041	391.78	0.0025524	52.877	53.432	111.74	318.59	486.77	178.08	3.1415	5.5016e-05	0.063832	0.00064710	90.346	0.011069	65.474	67.882	138.02	321.64	496.25	101.14	26.136	1.4257e-05	0.049075
549.93	1.9082	391.30	0.0025556	52.943	53.500	111.86	318.70	487.89	177.30	3.1702	5.4896e-05	0.063816	0.00063958	90.688	0.011027	65.501	67.904	138.05	321.76	498.06	100.94	26.188	1.4284e-05	0.049160
550.08	1.9124	390.82	0.0025587	53.010	53.569	111.98	318.80	489.03	176.51	3.1994	5.4776e-05	0.063801	0.00063210	91.031	0.010985	65.527	67.926	138.08	321.89	499.89	100.74	26.241	1.4312e-05	0.049245
550.23	1.9165	390.33	0.0025619	53.076	53.637	112.10	318.90	490.19	175.73	3.2289	5.4656e-05	0.063786	0.00062465	91.376	0.010944	65.552	67.948	138.11	322.01	501.75	100.53	26.294	1.4339e-05	0.049330
550.38	1.9206	389.84	0.0025651	53.142	53.705	112.22	319.01	491.36	174.95	3.2587	5.4537e-05	0.063771	0.00061725	91.723	0.010902	65.578	67.970	138.14	322.13	503.64	100.33	26.347	1.4367e-05	0.049416
550.53	1.9248	389.35	0.0025684	53.208	53.773	112.34	319.11	492.55	174.17	3.2890	5.4417e-05	0.063757	0.00060987	92.071	0.010861	65.604	67.992	138.17	322.25	505.55	100.13	26.400	1.4395e-05	0.049503
550.69	1.9289	388.86	0.0025716	53.274	53.841	112.47	319.21	493.75	173.38	3.3196	5.4297e-05	0.063742	0.00060254	92.421	0.010820	65.629	68.013	138.20	322.38	507.50	99.922	26.454	1.4423e-05	0.049590
550.84	1.9331	388.37	0.0025749	53.341	53.909	112.59	319.32	494.97	172.60	3.3507	5.4177e-05	0.063729	0.00059524	92.773	0.010779	65.654	68.034	138.23	322.50	509.47	99.718	26.508	1.4451e-05	0.049678
550.99	1.9372	387.88	0.0025781	53.407	53.977	112.71	319.42	496.21	171.82	3.3821	5.4058e-05	0.063715	0.00058798	93.127	0.010738	65.679	68.055	138.26	322.62	511.47	99.513	26.562	1.4480e-05	0.049766
551.14	1.9413	387.38	0.0025814	53.473	54.045	112.83	319.53	497.47	171.04	3.4140	5.3938e-05	0.063702	0.00058076	93.482	0.010697	65.704	68.076	138.29	322.75	513.50	99.309	26.617	1.4508e-05	0.049855
551.29	1.9455	386.89	0.0025847	53.539	54.113	112.95	319.63	498.74	170.25	3.4462	5.3818e-05	0.063690	0.00057358	93.839	0.010657	65.729	68.097	138.32	322.87	515.57	99.103	26.672	1.4537e-05	0.049944
551.44	1.9496	386.39	0.0025881	53.605	54.181	113.07	319.74	500.04	169.47	3.4790	5.3698e-05	0.063677	0.00056643	94.198	0.010616	65.753	68.118	138.34	322.99	517.66	98.898	26.727	1.4566e-05	0.050034
551.59	1.9538	385.89	0.0025914	53.670	54.249	113.19	319.84	501.35	168.69	3.5121	5.3579e-05	0.063665	0.00055932	94.559	0.010575	65.778	68.138	138.37	323.12	519.79	98.692	26.782	1.4595e-05	0.050124
551.74	1.9579	385.39	0.0025948	53.736	54.317	113.31	319.95	502.69	167.91	3.5457	5.3459e-05	0.063654	0.00055225	94.922	0.010535	65.802	68.158	138.40	323.24	521.95	98.485	26.838	1.4624e-05	0.050215
551.89	1.9620	384.88	0.0025982	53.802	54.384	113.43	320.06	504.04	167.13	3.5797	5.3339e-05	0.063642	0.00054521	95.286	0.010495	65.826	68.178	138.43	323.36	524.14	98.279	26.895	1.4654e-05	0.050307
552.04	1.9662	384.38	0.0026016	53.868	54.452	113.55	320.16	505.42	166.35	3.6142	5.3219e-05	0.063631	0.00053821	95.653	0.010454	65.850	68.198	138.45	323.49	526.37	98.072	26.951	1.4684e-05	0.050399
552.19	1.9703	383.87	0.0026050	53.934	54.520	113.67	320.27	506.81	165.56	3.6492	5.3099e-05	0.063621	0.00053125	96.021	0.010414	65.874	68.218	138.48	323.61	528.64	97.864	27.008	1.4713e-05	0.050492
552.34	1.9745	383.36	0.0026085	54.000	54.588	113.79	320.37	508.23	164.78	3.6846	5.2980e-05	0.063611	0.00052432	96.392	0.010374	65.897	68.237	138.51	323.73	530.94	97.656	27.065	1.4744e-05	0.050585
552.49	1.9786	382.85	0.0026120	54.065	54.656	113.92	320.48	509.67	164.00	3.7206	5.2860e-05	0.063601	0.00051744	96.764	0.010334	65.921	68.257	138.53	323.86	533.28	97.448	27.123	1.4774e-05	0.050679
552.63	1.9827	382.34	0.0026155	54.131	54.723	114.04	320.59	511.13	163.22	3.7570	5.2740e-05	0.063592	0.00051059	97.139	0.010295	65.944	68.276	138.56	323.98	535.65	97.239	27.181	1.4804e-05	0.050774
552.78	1.9869	381.83	0.0026190	54.197	54.791	114.16	320.70	512.62	162.44	3.7940	5.2620e-05	0.063583	0.00050378	97.515	0.010255	65.967	68.295	138.58	324.11	538.07	97.030	27.239	1.4835e-05	0.050869
552.93	1.9910	381.31	0.0026225	54.262	54.859	114.28	320.81	514.13	161.66	3.8314	5.2500e-05	0.063575	0.00049700	97.894	0.010215	65.990	68.313	138.61	324.23	540.53	96.821	27.298	1.4866e-05	0.050965
553.08	1.9952	380.79	0.0026261	54.328	54.926	114.40	320.91	515.67	160.87	3.8694	5.2380e-05	0.063567	0.00049026	98.275	0.010176	66.013	68.332	138.63	324.36	543.03	96.611	27.357	1.4897e-05	0.051061
553.22	1.9993	380.27	0.0026297	54.394	54.994	114.52	321.02	517.23	160.09	3.9080	5.2260e-05	0.063559	0.00048356	98.658	0.010136	66.035	68.350	138.66	324.48	545.57	96.401	27.416	1.4929e-05	0.051159
553.37	2.0034	379.75	0.0026333	54.459	55.062	114.64	321.13	518.82	159.31	3.9471	5.2139e-05	0.063552	0.00047690	99.043	0.010097	66.058	68.369	138.68	324.61	548.16	96.190	27.476	1.4960e-05	0.051257
553.52	2.0076	379.23	0.0026369	54.525	55.129	114.76	321.24	520.43	158.53	3.9867	5.2019e-05	0.063546	0.00047028	99.430	0.010057	66.080	68.387	138.71	324.73	550.79	95.979	27.536	1.4992e-05	0.051355
553.66	2.0117	378.70	0.0026406	54.590	55.197	114.88	321.35	522.08	157.75	4.0270	5.1899e-05	0.063539	0.00046369	99.820	0.010018	66.102	68.404	138.73	324.86	553.46	95.768	27.596	1.5024e-05	0.051455
553.81	2.0158	378.17	0.0026443	54.656	55.265	115.00	321.46	523.75	156.96	4.0678	5.1778e-05	0.063534	0.00045714	100.21	0.0099789	66.124	68.422	138.75	324.98	556.19	95.556	27.657	1.5056e-05	0.051555
553.96	2.0200	377.64	0.0026480	54.721	55.332	115.12	321.57	525.45	156.18	4.1092	5.1658e-05	0.063529	0.00045063	100.61	0.0099398	66.146	68.439	138.78	325.11	558.96	95.344	27.718	1.5089e-05	0.051656
554.10	2.0241	377.11	0.0026517	54.787	55.400	115.24	321.68	527.18	155.40	4.1513	5.1537e-05	0.063524	0.00044416	101.00	0.0099008	66.167	68.457	138.80	325.23	561.78	95.131	27.779	1.5121e-05	0.051757
554.25	2.0283	376.58	0.0026555	54.852	55.468	115.36	321.79	528.94	154.62	4.1939	5.1417e-05	0.063520	0.00043772	101.40	0.0098618	66.189	68.474	138.82	325.36	564.65	94.918	27.841	1.5154e-05	0.051860
554.39	2.0324	376.04	0.0026593	54.918	55.535	115.48	321.90	530.74	153.83	4.2372	5.1296e-05	0.063516	0.00043132	101.80	0.0098230	66.210	68.490	138.84	325.48	567.58	94.704	27.903	1.5188e-05	0.051963
554.54	2.0365	375.50	0.0026631	54.983	55.603	115.60	322.01	532.56	153.05	4.2812	5.1175e-05	0.063513	0.00042496	102.21	0.0097842	66.231	68.507	138.87	325.61	570.56	94.490	27.966	1.5221e-05	0.052067
554.68	2.0407	374.96	0.0026670	55.049	55.671	115.71	322.12	534.42	152.27	4.3258	5.1054e-05	0.063511	0.00041864	102.61	0.0097454	66.252	68.523	138.89	325.74	573.60	94.276	28.029	1.5255e-05	0.052172
554.83	2.0448	374.42	0.0026708	55.114	55.738	115.83	322.24	536.32	151.49	4.3712	5.0933e-05	0.063509	0.00041236	103.02	0.0097068	66.272	68.540	138.91	325.86	576.69	94.061	28.092	1.5289e-05	0.052278
554.97	2.0490	373.87	0.0026747	55.180	55.806	115.95	322.35	538.25	150.70	4.4172	5.0812e-05	0.063507	0.00040611	103.43	0.0096682	66.293	68.556	138.93	325.99	579.85	93.846	28.155	1.5323e-05	0.052384
555.11	2.0531	373.32	0.0026787	55.245	55.873	116.07	322.46	540.22	149.92	4.4639	5.0691e-05	0.063507	0.00039990	103.85	0.0096296	66.313	68.571	138.95	326.12	583.06	93.631	28.219	1.5358e-05	0.052492
555.26	2.0572	372.77	0.0026826	55.311	55.941	116.19	322.58	542.22	149.14	4.5114	5.0569e-05	0.063507	0.00039373	104.26	0.0095911	66.333	68.587	138.97	326.24	586.34	93.414	28.283	1.5392e-05	0.052600
555.40	2.0614	372.22	0.0026866	55.376	56.009	116.31	322.69	544.27	148.35	4.5596	5.0448e-05	0.063507	0.00038760	104.68	0.0095527	66.353	68.602	138.99	326.37	589.68	93.198	28.348	1.5427e-05	0.052709
555.54	2.0655	371.66	0.0026906	55.442	56.076	116.43	322.80	546.35	147.57	4.6086	5.0326e-05	0.063508	0.00038151	105.10	0.0095144	66.373	68.617	139.01	326.50	593.09	92.981	28.413	1.5463e-05	0.052819
555.69	2.0697	371.10	0.0026947	55.507	56.144	116.55	322.92	548.48	146.79	4.6583	5.0204e-05	0.063510	0.00037545	105.53	0.0094761	66.392	68.632	139.03	326.62	596.57	92.764	28.478	1.5498e-05	0.052930
555.83	2.0738	370.54	0.0026987	55.572	56.212	116.67	323.03	550.65	146.00	4.7089	5.0082e-05	0.063512	0.00036943	105.96	0.0094378	66.411	68.647	139.04	326.75	600.11	92.546	28.544	1.5534e-05	0.053042
555.97	2.0779	369.98	0.0027029	55.638	56.279	116.79	323.15	552.86	145.22	4.7603	4.9960e-05	0.063516	0.00036346	106.39	0.0093996	66.430	68.661	139.06	326.88	603.73	92.327	28.609	1.5570e-05	0.053156
556.11	2.0821	369.41	0.0027070	55.703	56.347	116.91	323.26	555.12	144.43	4.8125	4.9838e-05	0.063519	0.00035752	106.82	0.0093615	66.449	68.676	139.08	327.01	607.43	92.109	28.676	1.5607e-05	0.053270
556.25	2.0862	368.84	0.0027112	55.769	56.415	117.03	323.38	557.43	143.65	4.8656	4.9715e-05	0.063524	0.00035162	107.26	0.0093234	66.468	68.690	139.10	327.14	611.20	91.889	28.742	1.5644e-05	0.053385
556.40	2.0904	368.27	0.0027154	55.834	56.483	117.15	323.50	559.78	142.86	4.9195	4.9593e-05	0.063529	0.00034575	107.70	0.0092853	66.486	68.703	139.11	327.27	615.06	91.670	28.809	1.5681e-05	0.053501
556.54	2.0945	367.69	0.0027197	55.900	56.550	117.27	323.61	562.19	142.08	4.9744	4.9470e-05	0.063535	0.00033993	108.14	0.0092473	66.505	68.717	139.13	327.39	619.00	91.450	28.877	1.5718e-05	0.053618
556.68	2.0986	367.12	0.0027239	55.965	56.618	117.39	323.73	564.65	141.29	5.0302	4.9347e-05	0.063542	0.00033415	108.58	0.0092094	66.523	68.730	139.15	327.52	623.02	91.229	28.945	1.5756e-05	0.053737
556.82	2.1028	366.53	0.0027283	56.031	56.686	117.51	323.85	567.16	140.50	5.0869	4.9223e-05	0.063550	0.00032840	109.03	0.0091715	66.540	68.743	139.16	327.65	627.13	91.008	29.013	1.5794e-05	0.053856
556.96	2.1069	365.95	0.0027326	56.096	56.754	117.63	323.97	569.73	139.72	5.1446	4.9100e-05	0.063558	0.00032269	109.49	0.0091336	66.558	68.756	139.18	327.78	631.33	90.786	29.081	1.5833e-05	0.053977
557.10	2.1111	365.36	0.0027370	56.162	56.822	117.75	324.09	572.35	138.93	5.2033	4.8976e-05	0.063567	0.00031703	109.94	0.0090957	66.575	68.769	139.19	327.91	635.63	90.564	29.150	1.5871e-05	0.054099
557.24	2.1152	364.77	0.0027414	56.227	56.890	117.87	324.20	575.04	138.14	5.2630	4.8852e-05	0.063578	0.00031140	110.40	0.0090579	66.592	68.781	139.21	328.04	640.02	90.342	29.219	1.5910e-05	0.054222
557.38	2.1193	364.18	0.0027459	56.293	56.958	117.99	324.32	577.79	137.36	5.3237	4.8728e-05	0.063589	0.00030581	110.86	0.0090202	66.609	68.793	139.22	328.17	644.52	90.119	29.288	1.5950e-05	0.054346
557.52	2.1235	363.58	0.0027504	56.359	57.026	118.11	324.44	580.60	136.57	5.3855	4.8604e-05	0.063601	0.00030026	111.33	0.0089824	66.626	68.805	139.23	328.30	649.12	89.895	29.358	1.5990e-05	0.054472
557.66	2.1276	362.98	0.0027550	56.424	57.094	118.23	324.57	583.48	135.78	5.4484	4.8479e-05	0.063614	0.00029475	111.80	0.0089447	66.642	68.816	139.25	328.43	653.82	89.671	29.428	1.6030e-05	0.054599
557.80	2.1317	362.38	0.0027596	56.490	57.162	118.35	324.69	586.42	134.99	5.5125	4.8354e-05	0.063628	0.00028928	112.27	0.0089070	66.659	68.828	139.26	328.57	658.64	89.447	29.498	1.6070e-05	0.054727
557.94	2.1359	361.77	0.0027642	56.556	57.230	118.47	324.81	589.44	134.20	5.5776	4.8229e-05	0.063642	0.00028386	112.75	0.0088693	66.675	68.839	139.27	328.70	663.58	89.222	29.569	1.6111e-05	0.054857
558.08	2.1400	361.16	0.0027689	56.621	57.298	118.59	324.93	592.53	133.41	5.6440	4.8103e-05	0.063658	0.00027847	113.23	0.0088317	66.690	68.849	139.28	328.83	668.64	88.996	29.640	1.6153e-05	0.054988
558.21	2.1442	360.54	0.0027736	56.687	57.366	118.70	325.05	595.70	132.62	5.7116	4.7978e-05	0.063675	0.00027312	113.71	0.0087941	66.706	68.860	139.29	328.96	673.82	88.770	29.711	1.6194e-05	0.055120
558.35	2.1483	359.92	0.0027784	56.753	57.435	118.82	325.18	598.95	131.83	5.7804	4.7851e-05	0.063693	0.00026781	114.20	0.0087565	66.721	68.870	139.30	329.09	679.13	88.544	29.783	1.6237e-05	0.055254
558.49	2.1524	359.30	0.0027832	56.819	57.503	118.95	325.30	602.28	131.04	5.8505	4.7725e-05	0.063713	0.00026254	114.69	0.0087188	66.736	68.880	139.32	329.23	684.58	88.316	29.855	1.6279e-05	0.055390
558.63	2.1566	358.67	0.0027881	56.885	57.572	119.07	325.43	605.70	130.25	5.9220	4.7598e-05	0.063733	0.00025731	115.19	0.0086813	66.751	68.889	139.32	329.36	690.17	88.089	29.927	1.6322e-05	0.055527
558.77	2.1607	358.04	0.0027930	56.951	57.640	119.19	325.55	609.21	129.46	5.9947	4.7471e-05	0.063755	0.00025212	115.69	0.0086437	66.765	68.899	139.33	329.49	695.90	87.861	30.000	1.6366e-05	0.055665
558.90	2.1649	357.41	0.0027979	57.017	57.709	119.31	325.68	612.81	128.67	6.0689	4.7344e-05	0.063778	0.00024698	116.20	0.0086061	66.779	68.907	139.34	329.63	701.78	87.632	30.073	1.6410e-05	0.055806
559.04	2.1690	356.77	0.0028029	57.083	57.777	119.43	325.81	616.51	127.87	6.1445	4.7216e-05	0.063802	0.00024187	116.71	0.0085685	66.793	68.916	139.35	329.76	707.83	87.403	30.146	1.6454e-05	0.055948
559.18	2.1731	356.12	0.0028080	57.149	57.846	119.55	325.93	620.32	127.08	6.2215	4.7088e-05	0.063827	0.00023680	117.22	0.0085309	66.807	68.925	139.36	329.90	714.03	87.173	30.220	1.6499e-05	0.056092
559.31	2.1773	355.48	0.0028131	57.215	57.915	119.67	326.06	624.22	126.28	6.3001	4.6959e-05	0.063854	0.00023178	117.74	0.0084934	66.820	68.933	139.37	330.03	720.41	86.943	30.293	1.6544e-05	0.056237
559.45	2.1814	354.82	0.0028183	57.281	57.984	119.79	326.19	628.24	125.49	6.3802	4.6830e-05	0.063882	0.00022680	118.26	0.0084558	66.833	68.940	139.37	330.17	726.96	86.712	30.367	1.6590e-05	0.056385
559.58	2.1856	354.17	0.0028235	57.348	58.053	119.91	326.32	632.37	124.69	6.4619	4.6701e-05	0.063912	0.00022186	118.79	0.0084182	66.846	68.948	139.38	330.30	733.70	86.480	30.441	1.6636e-05	0.056534
559.72	2.1897	353.51	0.0028288	57.414	58.122	120.03	326.45	636.63	123.90	6.5453	4.6571e-05	0.063943	0.00021696	119.32	0.0083806	66.859	68.955	139.38	330.44	740.64	86.248	30.516	1.6683e-05	0.056686
559.86	2.1938	352.84	0.0028342	57.481	58.191	120.15	326.58	641.01	123.10	6.6303	4.6440e-05	0.063976	0.00021210	119.86	0.0083429	66.871	68.961	139.39	330.58	747.77	86.016	30.591	1.6730e-05	0.056839
559.99	2.1980	352.17	0.0028396	57.547	58.260	120.27	326.71	645.52	122.31	6.7171	4.6310e-05	0.064010	0.00020728	120.41	0.0083053	66.883	68.968	139.39	330.71	755.12	85.782	30.666	1.6778e-05	0.056995
560.13	2.2021	351.49	0.0028450	57.614	58.329	120.39	326.85	650.17	121.51	6.8056	4.6178e-05	0.064046	0.00020251	120.95	0.0082676	66.894	68.974	139.40	330.85	762.68	85.549	30.741	1.6827e-05	0.057153
560.26	2.2063	350.81	0.0028506	57.680	58.399	120.52	326.98	654.96	120.71	6.8960	4.6047e-05	0.064084	0.00019778	121.51	0.0082299	66.905	68.980	139.40	330.99	770.48	85.314	30.816	1.6876e-05	0.057313
560.40	2.2104	350.12	0.0028562	57.747	58.468	120.64	327.11	659.91	119.91	6.9883	4.5914e-05	0.064124	0.00019309	122.07	0.0081922	66.916	68.985	139.40	331.13	778.52	85.079	30.892	1.6925e-05	0.057475
560.53	2.2145	349.43	0.0028618	57.814	58.538	120.76	327.25	665.01	119.11	7.0826	4.5781e-05	0.064165	0.00018845	122.63	0.0081544	66.927	68.990	139.41	331.27	786.81	84.844	30.967	1.6975e-05	0.057640
560.66	2.2187	348.73	0.0028676	57.881	58.608	120.88	327.38	670.28	118.31	7.1788	4.5648e-05	0.064209	0.00018385	123.20	0.0081166	66.937	68.994	139.41	331.41	795.36	84.608	31.043	1.7026e-05	0.057807
560.80	2.2228	348.02	0.0028734	57.948	58.678	121.00	327.52	675.72	117.51	7.2772	4.5514e-05	0.064254	0.00017929	123.78	0.0080787	66.947	68.999	139.41	331.55	804.19	84.371	31.119	1.7078e-05	0.057976
560.93	2.2270	347.31	0.0028793	58.016	58.748	121.13	327.66	681.35	116.71	7.3776	4.5379e-05	0.064302	0.00017477	124.37	0.0080408	66.957	69.002	139.41	331.69	813.32	84.134	31.195	1.7130e-05	0.058149
561.06	2.2311	346.59	0.0028852	58.083	58.818	121.25	327.80	687.17	115.90	7.4803	4.5244e-05	0.064351	0.00017030	124.96	0.0080029	66.966	69.006	139.41	331.83	822.75	83.895	31.271	1.7183e-05	0.058324
561.20	2.2352	345.87	0.0028913	58.150	58.889	121.37	327.94	693.19	115.10	7.5853	4.5108e-05	0.064403	0.00016587	125.55	0.0079648	66.975	69.009	139.40	331.97	832.50	83.657	31.348	1.7236e-05	0.058502
561.33	2.2394	345.14	0.0028974	58.218	58.959	121.49	328.08	699.43	114.30	7.6926	4.4972e-05	0.064458	0.00016149	126.15	0.0079268	66.983	69.011	139.40	332.12	842.59	83.417	31.424	1.7290e-05	0.058683
561.46	2.2435	344.40	0.0029036	58.286	59.030	121.62	328.22	705.89	113.49	7.8024	4.4835e-05	0.064514	0.00015715	126.77	0.0078886	66.992	69.013	139.40	332.26	853.03	83.178	31.501	1.7345e-05	0.058867
561.60	2.2476	343.66	0.0029099	58.354	59.101	121.74	328.36	712.59	112.68	7.9147	4.4697e-05	0.064574	0.00015285	127.38	0.0078504	66.999	69.015	139.40	332.40	863.85	82.937	31.577	1.7401e-05	0.059055
561.73	2.2518	342.91	0.0029162	58.422	59.172	121.87	328.51	719.54	111.88	8.0295	4.4558e-05	0.064635	0.00014860	128.01	0.0078121	67.007	69.016	139.39	332.55	875.07	82.696	31.653	1.7457e-05	0.059245
561.86	2.2559	342.15	0.0029227	58.490	59.243	121.99	328.65	726.76	111.07	8.1471	4.4419e-05	0.064700	0.00014440	128.64	0.0077737	67.013	69.017	139.39	332.70	886.70	82.454	31.730	1.7515e-05	0.059439
561.99	2.2601	341.38	0.0029293	58.558	59.314	122.12	328.80	734.26	110.26	8.2674	4.4278e-05	0.064767	0.00014024	129.28	0.0077352	67.020	69.017	139.38	332.84	898.78	82.211	31.806	1.7573e-05	0.059637
562.12	2.2642	340.61	0.0029359	58.627	59.386	122.24	328.95	742.06	109.45	8.3905	4.4137e-05	0.064838	0.00013613	129.93	0.0076966	67.026	69.017	139.37	332.99	911.32	81.968	31.883	1.7632e-05	0.059839
562.25	2.2683	339.83	0.0029427	58.695	59.458	122.37	329.10	750.18	108.64	8.5167	4.3995e-05	0.064911	0.00013206	130.58	0.0076580	67.032	69.016	139.36	333.14	924.36	81.724	31.959	1.7691e-05	0.060044
562.39	2.2725	339.04	0.0029495	58.764	59.530	122.49	329.25	758.63	107.83	8.6459	4.3852e-05	0.064988	0.00012804	131.25	0.0076192	67.037	69.014	139.36	333.28	937.92	81.479	32.035	1.7752e-05	0.060254
562.52	2.2766	338.24	0.0029565	58.833	59.602	122.62	329.40	767.44	107.02	8.7782	4.3709e-05	0.065068	0.00012407	131.92	0.0075802	67.041	69.013	139.35	333.43	952.04	81.233	32.110	1.7814e-05	0.060468
562.65	2.2808	337.43	0.0029636	58.903	59.675	122.74	329.55	776.63	106.20	8.9139	4.3564e-05	0.065152	0.00012014	132.60	0.0075412	67.046	69.010	139.34	333.58	966.75	80.987	32.186	1.7876e-05	0.060686
562.78	2.2849	336.61	0.0029708	58.972	59.747	122.87	329.71	786.23	105.39	9.0530	4.3418e-05	0.065239	0.00011626	133.30	0.0075020	67.049	69.007	139.32	333.74	982.09	80.740	32.261	1.7940e-05	0.060909
562.91	2.2890	335.78	0.0029781	59.042	59.820	123.00	329.86	796.26	104.58	9.1956	4.3271e-05	0.065330	0.00011243	134.00	0.0074627	67.052	69.004	139.31	333.89	998.09	80.492	32.336	1.8005e-05	0.061137
563.04	2.2932	334.94	0.0029856	59.112	59.894	123.13	330.02	806.75	103.76	9.3418	4.3123e-05	0.065425	0.00010864	134.71	0.0074232	67.055	69.000	139.30	334.04	1014.8	80.244	32.411	1.8071e-05	0.061370
563.17	2.2973	334.10	0.0029932	59.182	59.967	123.25	330.18	817.74	102.94	9.4919	4.2974e-05	0.065525	0.00010491	135.44	0.0073836	67.057	68.995	139.28	334.20	1032.3	79.994	32.485	1.8138e-05	0.061609
563.30	2.3015	333.24	0.0030009	59.252	60.041	123.38	330.34	829.27	102.12	9.6459	4.2823e-05	0.065629	0.00010122	136.17	0.0073438	67.059	68.989	139.27	334.35	1050.6	79.744	32.559	1.8206e-05	0.061853
563.43	2.3056	332.37	0.0030087	59.323	60.116	123.51	330.51	841.36	101.30	9.8040	4.2672e-05	0.065737	9.7585e-05	136.92	0.0073038	67.060	68.983	139.25	334.51	1069.8	79.493	32.632	1.8275e-05	0.062104
563.55	2.3097	331.48	0.0030167	59.394	60.190	123.64	330.67	854.07	100.48	9.9663	4.2519e-05	0.065851	9.3998e-05	137.67	0.0072636	67.060	68.976	139.23	334.67	1089.9	79.242	32.704	1.8346e-05	0.062361
563.68	2.3139	330.59	0.0030249	59.466	60.265	123.77	330.84	867.44	99.662	10.133	4.2364e-05	0.065969	9.0461e-05	138.44	0.0072232	67.060	68.969	139.21	334.82	1111.1	78.989	32.776	1.8418e-05	0.062624
563.81	2.3180	329.68	0.0030332	59.537	60.340	123.90	331.01	881.52	98.839	10.304	4.2208e-05	0.066093	8.6975e-05	139.23	0.0071826	67.059	68.961	139.19	334.98	1133.3	78.736	32.847	1.8491e-05	0.062895
563.94	2.3222	328.76	0.0030417	59.609	60.416	124.03	331.18	896.38	98.015	10.480	4.2051e-05	0.066223	8.3540e-05	140.02	0.0071417	67.057	68.951	139.17	335.15	1156.7	78.481	32.917	1.8566e-05	0.063173
564.07	2.3263	327.83	0.0030504	59.682	60.492	124.17	331.35	912.08	97.190	10.662	4.1892e-05	0.066358	8.0156e-05	140.83	0.0071006	67.055	68.942	139.15	335.31	1181.3	78.226	32.986	1.8642e-05	0.063459
564.20	2.3304	326.88	0.0030592	59.755	60.569	124.30	331.53	928.68	96.364	10.848	4.1731e-05	0.066500	7.6825e-05	141.66	0.0070593	67.052	68.931	139.12	335.47	1207.4	77.970	33.055	1.8720e-05	0.063754
564.32	2.3346	325.91	0.0030683	59.828	60.646	124.43	331.70	946.28	95.537	11.039	4.1569e-05	0.066649	7.3547e-05	142.50	0.0070176	67.048	68.919	139.10	335.64	1234.9	77.713	33.122	1.8800e-05	0.064058
564.45	2.3387	324.93	0.0030776	59.901	60.724	124.57	331.88	964.96	94.709	11.237	4.1404e-05	0.066805	7.0322e-05	143.35	0.0069757	67.043	68.907	139.07	335.80	1264.1	77.455	33.187	1.8881e-05	0.064371
564.58	2.3429	323.94	0.0030870	59.975	60.802	124.70	332.07	984.82	93.879	11.440	4.1238e-05	0.066968	6.7150e-05	144.23	0.0069334	67.038	68.893	139.04	335.97	1295.0	77.196	33.252	1.8964e-05	0.064695
564.70	2.3470	322.92	0.0030967	60.050	60.880	124.84	332.25	1006.0	93.049	11.649	4.1070e-05	0.067140	6.4034e-05	145.12	0.0068909	67.032	68.879	139.01	336.14	1327.8	76.936	33.315	1.9049e-05	0.065029
564.83	2.3511	321.89	0.0031067	60.125	60.959	124.98	332.44	1028.6	92.217	11.864	4.0899e-05	0.067320	6.0972e-05	146.03	0.0068479	67.024	68.864	138.97	336.32	1362.8	76.675	33.376	1.9137e-05	0.065376
564.96	2.3553	320.83	0.0031169	60.201	61.039	125.12	332.63	1052.7	91.384	12.087	4.0726e-05	0.067509	5.7967e-05	146.96	0.0068046	67.016	68.847	138.94	336.49	1400.1	76.413	33.435	1.9226e-05	0.065736
565.08	2.3594	319.76	0.0031273	60.277	61.120	125.26	332.83	1078.6	90.550	12.316	4.0550e-05	0.067708	5.5018e-05	147.91	0.0067608	67.007	68.829	138.90	336.67	1440.0	76.150	33.493	1.9318e-05	0.066109
565.21	2.3635	318.66	0.0031381	60.354	61.201	125.40	333.03	1106.4	89.715	12.552	4.0372e-05	0.067918	5.2126e-05	148.88	0.0067166	66.997	68.810	138.86	336.84	1482.8	75.885	33.548	1.9412e-05	0.066497
565.33	2.3677	317.54	0.0031492	60.431	61.283	125.54	333.23	1136.4	88.879	12.796	4.0191e-05	0.068140	4.9292e-05	149.88	0.0066720	66.986	68.790	138.82	337.02	1528.7	75.620	33.601	1.9508e-05	0.066901
565.46	2.3718	316.40	0.0031606	60.509	61.366	125.68	333.44	1168.8	88.042	13.048	4.0008e-05	0.068373	4.6518e-05	150.90	0.0066268	66.973	68.769	138.78	337.21	1578.1	75.353	33.651	1.9608e-05	0.067323
565.58	2.3760	315.23	0.0031723	60.588	61.449	125.83	333.65	1203.9	87.204	13.309	3.9821e-05	0.068620	4.3803e-05	151.95	0.0065811	66.959	68.746	138.73	337.39	1631.4	75.085	33.698	1.9710e-05	0.067763
565.71	2.3801	314.03	0.0031844	60.668	61.534	125.98	333.86	1242.0	86.364	13.578	3.9630e-05	0.068882	4.1149e-05	153.03	0.0065348	66.944	68.721	138.68	337.58	1689.2	74.816	33.742	1.9815e-05	0.068225
565.83	2.3842	312.80	0.0031969	60.749	61.619	126.13	334.08	1283.6	85.524	13.857	3.9436e-05	0.069160	3.8557e-05	154.13	0.0064879	66.928	68.695	138.63	337.77	1752.0	74.545	33.783	1.9924e-05	0.068710
565.96	2.3884	311.54	0.0032099	60.830	61.706	126.28	334.31	1329.2	84.683	14.145	3.9238e-05	0.069456	3.6028e-05	155.27	0.0064403	66.910	68.667	138.58	337.96	1820.5	74.273	33.819	2.0036e-05	0.069221
566.08	2.3925	310.24	0.0032233	60.913	61.794	126.43	334.54	1379.2	83.841	14.443	3.9036e-05	0.069772	3.3563e-05	156.45	0.0063919	66.891	68.637	138.52	338.16	1895.4	73.999	33.852	2.0152e-05	0.069759
566.21	2.3967	308.91	0.0032372	60.997	61.883	126.58	334.77	1434.4	82.998	14.753	3.8829e-05	0.070109	3.1162e-05	157.66	0.0063428	66.869	68.606	138.46	338.36	1977.7	73.724	33.880	2.0273e-05	0.070329
566.33	2.4008	307.53	0.0032517	61.082	61.974	126.74	335.01	1495.7	82.155	15.073	3.8617e-05	0.070472	2.8829e-05	158.91	0.0062928	66.846	68.572	138.39	338.56	2068.6	73.447	33.902	2.0398e-05	0.070934
566.45	2.4049	306.11	0.0032668	61.168	62.066	126.90	335.26	1564.1	81.310	15.406	3.8399e-05	0.070862	2.6563e-05	160.21	0.0062418	66.821	68.536	138.32	338.77	2169.4	73.168	33.919	2.0527e-05	0.071578
566.58	2.4091	304.65	0.0032825	61.256	62.159	127.06	335.52	1640.7	80.466	15.751	3.8176e-05	0.071283	2.4367e-05	161.56	0.0061897	66.794	68.497	138.25	338.98	2281.9	72.888	33.929	2.0663e-05	0.072268
566.70	2.4132	303.12	0.0032990	61.346	62.255	127.23	335.78	1727.3	79.621	16.110	3.7946e-05	0.071741	2.2241e-05	162.96	0.0061366	66.764	68.455	138.17	339.20	2408.2	72.605	33.933	2.0804e-05	0.073008
566.82	2.4174	301.54	0.0033163	61.437	62.353	127.40	336.06	1825.7	78.775	16.484	3.7708e-05	0.072242	2.0188e-05	164.42	0.0060821	66.731	68.411	138.09	339.42	2551.0	72.320	33.928	2.0952e-05	0.073808
566.94	2.4215	299.90	0.0033345	61.530	62.453	127.57	336.34	1938.6	77.930	16.873	3.7463e-05	0.072791	1.8210e-05	165.94	0.0060262	66.696	68.363	138.00	339.65	2713.6	72.032	33.914	2.1107e-05	0.074675
567.07	2.4256	298.18	0.0033537	61.626	62.555	127.75	336.63	2069.2	77.085	17.278	3.7208e-05	0.073399	1.6308e-05	167.54	0.0059687	66.658	68.311	137.90	339.88	2900.5	71.742	33.890	2.1270e-05	0.075623
567.19	2.4298	296.37	0.0033741	61.724	62.661	127.93	336.94	2221.9	76.241	17.701	3.6944e-05	0.074077	1.4485e-05	169.22	0.0059094	66.616	68.256	137.80	340.12	3117.4	71.449	33.855	2.1443e-05	0.076665
567.31	2.4339	294.48	0.0033959	61.826	62.770	128.12	337.26	2402.8	75.398	18.143	3.6667e-05	0.074839	1.2743e-05	171.00	0.0058480	66.569	68.195	137.69	340.37	3372.2	71.152	33.806	2.1626e-05	0.077821
567.43	2.4381	292.47	0.0034191	61.931	62.883	128.32	337.59	2620.0	74.556	18.606	3.6377e-05	0.075707	1.1085e-05	172.88	0.0057843	66.518	68.129	137.57	340.63	3675.4	70.852	33.742	2.1822e-05	0.079115
567.55	2.4422	290.34	0.0034442	62.040	63.000	128.52	337.94	2885.3	73.717	19.092	3.6072e-05	0.076706	9.5153e-06	174.89	0.0057178	66.462	68.057	137.43	340.89	4042.3	70.547	33.660	2.2032e-05	0.080582
567.67	2.4463	288.06	0.0034715	62.153	63.123	128.74	338.31	3215.9	72.880	19.603	3.5748e-05	0.077876	8.0361e-06	177.05	0.0056481	66.400	67.978	137.29	341.17	4494.6	70.237	33.558	2.2258e-05	0.082266
567.79	2.4505	285.61	0.0035013	62.273	63.253	128.96	338.71	3638.2	72.047	20.142	3.5402e-05	0.079271	6.6520e-06	179.39	0.0055745	66.330	67.890	137.13	341.46	5065.6	69.921	33.430	2.2505e-05	0.084233
567.91	2.4546	282.93	0.0035344	62.400	63.391	129.20	339.13	4194.6	71.219	20.713	3.5028e-05	0.080974	5.3678e-06	181.94	0.0054963	66.250	67.791	136.95	341.76	5808.0	69.597	33.271	2.2777e-05	0.086580
568.03	2.4588	279.98	0.0035716	62.536	63.539	129.46	339.59	4957.4	70.398	21.322	3.4621e-05	0.083116	4.1893e-06	184.77	0.0054121	66.160	67.680	136.75	342.08	6810.5	69.264	33.074	2.3080e-05	0.089457
568.15	2.4629	276.68	0.0036143	62.684	63.701	129.74	340.09	6060.0	69.588	21.975	3.4169e-05	0.085920	3.1237e-06	187.96	0.0053204	66.054	67.551	136.52	342.43	8234.8	68.918	32.828	2.3425e-05	0.093115
568.27	2.4670	272.88	0.0036646	62.849	63.881	130.06	340.64	7777.1	68.791	22.686	3.3657e-05	0.089799	2.1799e-06	191.63	0.0052184	65.929	67.400	136.25	342.79	10408.	68.555	32.516	2.3826e-05	0.098010
568.39	2.4712	268.37	0.0037262	63.038	64.090	130.42	341.26	10770.	68.017	23.474	3.3056e-05	0.095629	1.3698e-06	196.02	0.0051015	65.775	67.215	135.92	343.19	14103.	68.168	32.111	2.4309e-05	0.10509
568.51	2.4753	262.69	0.0038068	63.268	64.345	130.87	undefined	undefined	undefined	24.383	3.2311e-05	undefined	7.1065e-07	201.58	0.0049608	65.574	66.977	135.50	undefined	undefined	undefined	31.556	2.4930e-05	undefined
568.62	2.4795	254.64	0.0039271	63.583	64.695	131.48	undefined	undefined	undefined	25.528	3.1276e-05	undefined	2.3060e-07	209.50	0.0047732	65.281	66.633	134.89	undefined	undefined	undefined	30.714	2.5829e-05	undefined
568.74	2.4836	232.00	0.0043104	64.436	65.659	133.17	undefined	undefined	undefined	28.224	2.8473e-05	undefined	0.0000	232.00	0.0043104	64.436	65.659	133.17	undefined	undefined	undefined	28.224	2.8473e-05	undefined
