Temperature (K)	Pressure (MPa)	Density (l, kg/m3)	Volume (l, m3/kg)	Internal Energy (l, kJ/mol)	Enthalpy (l, kJ/mol)	Entropy (l, J/mol*K)	Cv (l, J/mol*K)	Cp (l, J/mol*K)	Sound Spd. (l, m/s)	Joule-Thomson (l, K/MPa)	Viscosity (l, Pa*s)	Therm. Cond. (l, W/m*K)	Surf. Tension (l, N/m)	Density (v, kg/m3)	Volume (v, m3/kg)	Internal Energy (v, kJ/mol)	Enthalpy (v, kJ/mol)	Entropy (v, J/mol*K)	Cv (v, J/mol*K)	Cp (v, J/mol*K)	Sound Spd. (v, m/s)	Joule-Thomson (v, K/MPa)	Viscosity (v, Pa*s)	Therm. Cond. (v, W/m*K)
54.361	0.00014628	1306.1	0.00076565	-6.1954	-6.1954	66.946	38.252	53.541	1123.4	-0.37992	0.00077362	0.20193	0.022601	0.010358	96.541	1.1195	1.5714	209.82	21.241	29.631	140.32	507.90	4.0962e-06	0.0044205
71.760	0.0085510	1228.9	0.00081375	-5.2628	-5.2626	81.828	32.244	53.701	1052.9	-0.35452	0.00034738	0.17723	0.017893	0.46099	2.1692	1.4748	2.0683	183.99	22.580	31.342	159.94	72.132	5.4959e-06	0.0061721
75.995	0.016956	1209.3	0.00082695	-5.0355	-5.0350	84.907	31.598	53.729	1019.6	-0.34809	0.00029815	0.17120	0.016779	0.86613	1.1546	1.5594	2.1858	179.92	22.472	31.314	164.35	48.194	5.8321e-06	0.0066081
78.753	0.025361	1196.3	0.00083588	-4.8873	-4.8866	86.822	31.203	53.777	997.48	-0.34308	0.00027188	0.16727	0.016060	1.2539	0.79754	1.6135	2.2608	177.58	22.320	31.224	167.13	38.925	6.0501e-06	0.0068961
80.851	0.033765	1186.4	0.00084286	-4.7745	-4.7736	88.236	30.913	53.834	980.55	-0.33874	0.00025433	0.16427	0.015517	1.6306	0.61329	1.6541	2.3167	175.93	22.181	31.144	169.19	33.999	6.2157e-06	0.0071181
82.567	0.042170	1178.3	0.00084871	-4.6821	-4.6810	89.367	30.683	53.897	966.66	-0.33480	0.00024130	0.16182	0.015076	1.9993	0.50018	1.6867	2.3616	174.66	22.062	31.082	170.82	30.951	6.3509e-06	0.0073016
84.031	0.050575	1171.2	0.00085379	-4.6033	-4.6019	90.313	30.490	53.962	954.76	-0.33114	0.00023104	0.15972	0.014702	2.3618	0.42341	1.7141	2.3993	173.63	21.960	31.039	172.18	28.882	6.4660e-06	0.0074597
85.314	0.058980	1165.1	0.00085833	-4.5341	-4.5325	91.130	30.325	54.030	944.31	-0.32770	0.00022261	0.15787	0.014375	2.7193	0.36774	1.7377	2.4318	172.76	21.875	31.013	173.34	27.386	6.5669e-06	0.0075997
86.460	0.067384	1159.5	0.00086245	-4.4722	-4.4704	91.851	30.180	54.098	934.95	-0.32442	0.00021548	0.15623	0.014084	3.0726	0.32546	1.7586	2.4603	172.01	21.804	31.002	174.35	26.254	6.6571e-06	0.0077261
87.500	0.075789	1154.4	0.00086624	-4.4160	-4.4139	92.497	30.050	54.167	926.44	-0.32128	0.00020934	0.15473	0.013821	3.4223	0.29221	1.7772	2.4858	171.35	21.744	31.002	175.24	25.366	6.7388e-06	0.0078416
88.453	0.084194	1149.7	0.00086976	-4.3644	-4.3621	93.083	29.932	54.236	918.62	-0.31825	0.00020394	0.15335	0.013581	3.7688	0.26533	1.7940	2.5089	170.76	21.694	31.013	176.05	24.649	6.8138e-06	0.0079486
89.335	0.092599	1145.4	0.00087306	-4.3167	-4.3141	93.621	29.825	54.306	911.37	-0.31531	0.00019914	0.15208	0.013359	4.1127	0.24315	1.8094	2.5299	170.23	21.652	31.032	176.77	24.057	6.8832e-06	0.0080484
90.157	0.10100	1141.3	0.00087618	-4.2721	-4.2693	94.118	29.726	54.375	904.60	-0.31246	0.00019483	0.15089	0.013153	4.4541	0.22451	1.8236	2.5492	169.75	21.618	31.059	177.43	23.557	6.9479e-06	0.0081421
90.928	0.10941	1137.5	0.00087913	-4.2303	-4.2272	94.580	29.635	54.444	898.23	-0.30968	0.00019092	0.14978	0.012961	4.7933	0.20862	1.8367	2.5671	169.30	21.590	31.093	178.03	23.129	7.0086e-06	0.0082307
91.655	0.11781	1133.9	0.00088195	-4.1908	-4.1875	95.012	29.550	54.513	892.23	-0.30696	0.00018734	0.14872	0.012780	5.1306	0.19491	1.8489	2.5837	168.89	21.567	31.133	178.59	22.757	7.0659e-06	0.0083149
92.343	0.12622	1130.4	0.00088464	-4.1534	-4.1498	95.419	29.470	54.582	886.53	-0.30430	0.00018404	0.14773	0.012609	5.4661	0.18295	1.8603	2.5992	168.51	21.549	31.178	179.11	22.429	7.1201e-06	0.0083952
92.996	0.13462	1127.1	0.00088722	-4.1178	-4.1140	95.803	29.395	54.650	881.10	-0.30169	0.00018100	0.14678	0.012447	5.8000	0.17241	1.8710	2.6137	168.15	21.536	31.227	179.59	22.137	7.1717e-06	0.0084720
93.619	0.14303	1124.0	0.00088971	-4.0838	-4.0798	96.167	29.324	54.718	875.92	-0.29912	0.00017816	0.14587	0.012293	6.1324	0.16307	1.8811	2.6274	167.81	21.526	31.280	180.04	21.874	7.2209e-06	0.0085458
94.215	0.15143	1120.9	0.00089211	-4.0513	-4.0470	96.513	29.257	54.786	870.96	-0.29660	0.00017552	0.14501	0.012146	6.4634	0.15472	1.8907	2.6404	167.49	21.519	31.337	180.45	21.636	7.2679e-06	0.0086169
94.786	0.15984	1118.0	0.00089444	-4.0202	-4.0156	96.843	29.193	54.854	866.19	-0.29411	0.00017303	0.14418	0.012005	6.7932	0.14721	1.8997	2.6526	167.19	21.515	31.396	180.85	21.418	7.3131e-06	0.0086855
95.334	0.16824	1115.2	0.00089669	-3.9902	-3.9853	97.159	29.132	54.922	861.60	-0.29166	0.00017070	0.14338	0.011871	7.1218	0.14041	1.9083	2.6642	166.91	21.514	31.459	181.22	21.217	7.3565e-06	0.0087518
95.862	0.17665	1112.5	0.00089887	-3.9613	-3.9562	97.461	29.074	54.989	857.18	-0.28923	0.00016849	0.14261	0.011741	7.4494	0.13424	1.9165	2.6752	166.64	21.516	31.524	181.57	21.031	7.3984e-06	0.0088161
96.371	0.18505	1109.9	0.00090100	-3.9334	-3.9280	97.752	29.018	55.056	852.90	-0.28684	0.00016641	0.14187	0.011616	7.7759	0.12860	1.9242	2.6858	166.38	21.519	31.591	181.90	20.858	7.4388e-06	0.0088785
96.863	0.19346	1107.3	0.00090307	-3.9064	-3.9008	98.031	28.965	55.123	848.76	-0.28447	0.00016443	0.14115	0.011496	8.1015	0.12343	1.9317	2.6958	166.13	21.524	31.660	182.21	20.695	7.4779e-06	0.0089393
97.340	0.20186	1104.9	0.00090509	-3.8803	-3.8744	98.301	28.914	55.190	844.75	-0.28213	0.00016254	0.14046	0.011380	8.4263	0.11868	1.9388	2.7054	165.90	21.531	31.731	182.51	20.543	7.5157e-06	0.0089984
97.801	0.21027	1102.5	0.00090707	-3.8549	-3.8488	98.561	28.865	55.256	840.85	-0.27981	0.00016074	0.13978	0.011268	8.7502	0.11428	1.9457	2.7146	165.67	21.540	31.804	182.79	20.399	7.5524e-06	0.0090561
98.249	0.21867	1100.1	0.00090899	-3.8303	-3.8239	98.812	28.817	55.322	837.07	-0.27751	0.00015903	0.13913	0.011159	9.0734	0.11021	1.9522	2.7234	165.45	21.550	31.878	183.06	20.262	7.5881e-06	0.0091124
98.684	0.22707	1097.8	0.00091088	-3.8063	-3.7997	99.055	28.772	55.388	833.38	-0.27523	0.00015739	0.13849	0.011054	9.3959	0.10643	1.9585	2.7319	165.24	21.561	31.954	183.31	20.132	7.6228e-06	0.0091674
99.106	0.23548	1095.6	0.00091273	-3.7830	-3.7761	99.291	28.728	55.454	829.80	-0.27296	0.00015581	0.13787	0.010951	9.7177	0.10291	1.9646	2.7400	165.04	21.574	32.031	183.56	20.008	7.6566e-06	0.0092213
99.518	0.24388	1093.4	0.00091455	-3.7603	-3.7532	99.520	28.685	55.520	826.30	-0.27072	0.00015430	0.13727	0.010852	10.039	0.099613	1.9704	2.7478	164.84	21.588	32.109	183.79	19.889	7.6895e-06	0.0092740
99.919	0.25229	1091.3	0.00091633	-3.7382	-3.7308	99.742	28.644	55.585	822.88	-0.26849	0.00015285	0.13668	0.010755	10.359	0.096530	1.9761	2.7554	164.66	21.602	32.188	184.01	19.776	7.7216e-06	0.0093258
100.31	0.26069	1089.2	0.00091807	-3.7165	-3.7089	99.958	28.604	55.651	819.54	-0.26627	0.00015145	0.13611	0.010661	10.680	0.093637	1.9815	2.7626	164.47	21.617	32.268	184.22	19.667	7.7530e-06	0.0093765
100.69	0.26910	1087.2	0.00091979	-3.6954	-3.6875	100.17	28.565	55.716	816.28	-0.26407	0.00015010	0.13555	0.010569	10.999	0.090917	1.9868	2.7696	164.30	21.634	32.349	184.43	19.561	7.7836e-06	0.0094263
101.07	0.27750	1085.2	0.00092148	-3.6747	-3.6666	100.37	28.528	55.781	813.09	-0.26189	0.00014879	0.13500	0.010479	11.318	0.088354	1.9918	2.7764	164.12	21.651	32.431	184.62	19.460	7.8136e-06	0.0094753
101.43	0.28591	1083.3	0.00092314	-3.6545	-3.6461	100.57	28.491	55.846	809.96	-0.25971	0.00014754	0.13447	0.010392	11.637	0.085935	1.9968	2.7830	163.96	21.668	32.513	184.81	19.362	7.8430e-06	0.0095234
101.79	0.29431	1081.3	0.00092478	-3.6347	-3.6260	100.77	28.456	55.911	806.89	-0.25755	0.00014632	0.13395	0.010307	11.955	0.083648	2.0015	2.7893	163.80	21.687	32.597	184.99	19.267	7.8717e-06	0.0095708
102.14	0.30272	1079.5	0.00092639	-3.6153	-3.6064	100.96	28.421	55.976	803.89	-0.25540	0.00014514	0.13344	0.010223	12.273	0.081482	2.0061	2.7954	163.64	21.705	32.680	185.16	19.175	7.8999e-06	0.0096174
102.48	0.31112	1077.6	0.00092798	-3.5963	-3.5871	101.14	28.388	56.041	800.94	-0.25325	0.00014400	0.13294	0.010142	12.590	0.079428	2.0106	2.8013	163.48	21.725	32.765	185.33	19.085	7.9275e-06	0.0096633
102.81	0.31953	1075.8	0.00092955	-3.5777	-3.5682	101.33	28.355	56.105	798.05	-0.25112	0.00014289	0.13245	0.010062	12.907	0.077476	2.0149	2.8071	163.33	21.745	32.850	185.48	18.998	7.9546e-06	0.0097086
103.14	0.32793	1074.0	0.00093110	-3.5594	-3.5496	101.50	28.323	56.170	795.21	-0.24900	0.00014181	0.13197	0.0099834	13.224	0.075621	2.0192	2.8127	163.19	21.765	32.936	185.64	18.914	7.9813e-06	0.0097533
103.47	0.33634	1072.2	0.00093262	-3.5414	-3.5313	101.68	28.292	56.234	792.41	-0.24688	0.00014077	0.13149	0.0099068	13.540	0.073854	2.0232	2.8181	163.05	21.786	33.022	185.78	18.831	8.0074e-06	0.0097973
103.78	0.34474	1070.5	0.00093413	-3.5237	-3.5134	101.85	28.261	56.299	789.67	-0.24478	0.00013975	0.13103	0.0098317	13.856	0.072169	2.0272	2.8233	162.91	21.807	33.108	185.93	18.751	8.0331e-06	0.0098408
104.09	0.35315	1068.8	0.00093562	-3.5063	-3.4958	102.02	28.232	56.363	786.97	-0.24268	0.00013876	0.13058	0.0097580	14.172	0.070560	2.0311	2.8284	162.77	21.828	33.195	186.06	18.673	8.0584e-06	0.0098837
104.40	0.36155	1067.1	0.00093709	-3.4893	-3.4784	102.18	28.203	56.427	784.31	-0.24058	0.00013780	0.13013	0.0096857	14.488	0.069023	2.0348	2.8334	162.64	21.850	33.283	186.19	18.596	8.0833e-06	0.0099261
104.70	0.36996	1065.5	0.00093855	-3.4725	-3.4614	102.34	28.175	56.492	781.69	-0.23850	0.00013686	0.12969	0.0096147	14.803	0.067553	2.0385	2.8382	162.51	21.872	33.371	186.32	18.521	8.1078e-06	0.0099680
104.99	0.37836	1063.8	0.00093999	-3.4559	-3.4446	102.50	28.147	56.556	779.11	-0.23642	0.00013595	0.12926	0.0095451	15.118	0.066145	2.0420	2.8429	162.38	21.894	33.459	186.44	18.448	8.1319e-06	0.010009
105.28	0.38677	1062.2	0.00094141	-3.4397	-3.4280	102.65	28.120	56.620	776.58	-0.23434	0.00013506	0.12883	0.0094766	15.433	0.064795	2.0455	2.8474	162.26	21.917	33.547	186.56	18.376	8.1557e-06	0.010050
105.57	0.39517	1060.6	0.00094282	-3.4236	-3.4117	102.81	28.094	56.684	774.07	-0.23227	0.00013419	0.12841	0.0094094	15.748	0.063500	2.0489	2.8518	162.14	21.939	33.636	186.67	18.306	8.1791e-06	0.010091
105.85	0.40357	1059.1	0.00094422	-3.4078	-3.3956	102.96	28.068	56.748	771.61	-0.23021	0.00013334	0.12800	0.0093432	16.063	0.062256	2.0522	2.8561	162.02	21.962	33.726	186.78	18.237	8.2022e-06	0.010131
106.13	0.41198	1057.5	0.00094560	-3.3923	-3.3798	103.10	28.042	56.812	769.17	-0.22815	0.00013251	0.12760	0.0092782	16.377	0.061061	2.0554	2.8603	161.90	21.985	33.815	186.89	18.170	8.2249e-06	0.010171
106.40	0.42038	1056.0	0.00094697	-3.3769	-3.3642	103.25	28.017	56.876	766.77	-0.22610	0.00013169	0.12720	0.0092142	16.691	0.059911	2.0585	2.8644	161.79	22.009	33.905	186.99	18.103	8.2474e-06	0.010210
106.67	0.42879	1054.5	0.00094832	-3.3618	-3.3488	103.39	27.993	56.941	764.40	-0.22405	0.00013090	0.12680	0.0091513	17.006	0.058804	2.0615	2.8684	161.67	22.032	33.995	187.09	18.038	8.2695e-06	0.010249
106.94	0.43719	1053.0	0.00094967	-3.3468	-3.3336	103.53	27.969	57.005	762.07	-0.22200	0.00013012	0.12641	0.0090893	17.320	0.057738	2.0645	2.8722	161.56	22.056	34.085	187.18	17.974	8.2914e-06	0.010287
107.20	0.44560	1051.5	0.00095100	-3.3321	-3.3185	103.67	27.946	57.069	759.76	-0.21996	0.00012936	0.12603	0.0090282	17.633	0.056710	2.0674	2.8760	161.45	22.079	34.176	187.28	17.912	8.3130e-06	0.010326
107.45	0.45400	1050.1	0.00095232	-3.3176	-3.3037	103.80	27.923	57.133	757.48	-0.21792	0.00012862	0.12565	0.0089681	17.947	0.055719	2.0702	2.8797	161.35	22.103	34.266	187.36	17.850	8.3343e-06	0.010363
107.71	0.46241	1048.6	0.00095363	-3.3032	-3.2891	103.94	27.900	57.197	755.22	-0.21588	0.00012789	0.12528	0.0089089	18.261	0.054762	2.0730	2.8833	161.24	22.127	34.357	187.45	17.789	8.3554e-06	0.010401
107.96	0.47081	1047.2	0.00095493	-3.2890	-3.2746	104.07	27.878	57.261	753.00	-0.21385	0.00012717	0.12491	0.0088505	18.575	0.053837	2.0757	2.8868	161.14	22.151	34.449	187.53	17.730	8.3762e-06	0.010438
108.21	0.47922	1045.8	0.00095621	-3.2750	-3.2603	104.20	27.857	57.325	750.80	-0.21182	0.00012647	0.12455	0.0087930	18.888	0.052943	2.0783	2.8902	161.04	22.175	34.540	187.61	17.671	8.3968e-06	0.010475
108.45	0.48762	1044.4	0.00095749	-3.2612	-3.2462	104.33	27.835	57.389	748.62	-0.20979	0.00012578	0.12419	0.0087362	19.202	0.052079	2.0809	2.8935	160.94	22.199	34.632	187.69	17.613	8.4171e-06	0.010512
108.69	0.49603	1043.0	0.00095876	-3.2475	-3.2323	104.45	27.815	57.454	746.47	-0.20777	0.00012511	0.12383	0.0086803	19.515	0.051242	2.0834	2.8968	160.84	22.224	34.724	187.76	17.556	8.4372e-06	0.010548
108.93	0.50443	1041.6	0.00096002	-3.2340	-3.2185	104.58	27.794	57.518	744.34	-0.20575	0.00012444	0.12348	0.0086251	19.828	0.050433	2.0859	2.8999	160.74	22.248	34.816	187.84	17.500	8.4571e-06	0.010584
109.17	0.51284	1040.3	0.00096127	-3.2206	-3.2048	104.70	27.774	57.582	742.24	-0.20372	0.00012379	0.12314	0.0085706	20.142	0.049648	2.0883	2.9030	160.65	22.272	34.908	187.91	17.445	8.4768e-06	0.010620
109.40	0.52124	1038.9	0.00096251	-3.2074	-3.1913	104.82	27.754	57.646	740.15	-0.20171	0.00012315	0.12280	0.0085169	20.455	0.048887	2.0906	2.9060	160.56	22.297	35.000	187.97	17.390	8.4963e-06	0.010656
109.63	0.52965	1037.6	0.00096374	-3.1943	-3.1779	104.94	27.735	57.711	738.09	-0.19969	0.00012253	0.12246	0.0084638	20.769	0.048150	2.0929	2.9090	160.46	22.321	35.093	188.04	17.337	8.5156e-06	0.010691
109.86	0.53805	1036.3	0.00096497	-3.1813	-3.1647	105.06	27.716	57.775	736.05	-0.19767	0.00012191	0.12213	0.0084114	21.082	0.047434	2.0952	2.9118	160.37	22.346	35.186	188.10	17.284	8.5347e-06	0.010726
110.08	0.54646	1035.0	0.00096618	-3.1685	-3.1516	105.18	27.697	57.840	734.03	-0.19566	0.00012130	0.12180	0.0083597	21.395	0.046740	2.0974	2.9146	160.28	22.370	35.279	188.16	17.232	8.5536e-06	0.010761
110.30	0.55486	1033.7	0.00096739	-3.1559	-3.1387	105.29	27.678	57.904	732.03	-0.19364	0.00012071	0.12147	0.0083086	21.708	0.046065	2.0995	2.9174	160.19	22.395	35.372	188.22	17.180	8.5723e-06	0.010796
110.52	0.56326	1032.4	0.00096859	-3.1433	-3.1259	105.40	27.660	57.969	730.05	-0.19163	0.00012012	0.12115	0.0082581	22.022	0.045410	2.1016	2.9201	160.11	22.419	35.465	188.28	17.129	8.5909e-06	0.010830
110.74	0.57167	1031.2	0.00096979	-3.1309	-3.1132	105.52	27.642	58.033	728.09	-0.18961	0.00011954	0.12083	0.0082083	22.335	0.044772	2.1037	2.9227	160.02	22.444	35.559	188.33	17.079	8.6092e-06	0.010864
110.96	0.58007	1029.9	0.00097097	-3.1186	-3.1006	105.63	27.624	58.098	726.14	-0.18760	0.00011897	0.12051	0.0081590	22.649	0.044153	2.1057	2.9252	159.94	22.468	35.653	188.38	17.030	8.6275e-06	0.010898
111.17	0.58848	1028.6	0.00097215	-3.1065	-3.0881	105.74	27.607	58.163	724.22	-0.18559	0.00011842	0.12020	0.0081103	22.962	0.043550	2.1076	2.9277	159.85	22.493	35.746	188.43	16.981	8.6455e-06	0.010932
111.38	0.59688	1027.4	0.00097333	-3.0944	-3.0758	105.85	27.590	58.228	722.31	-0.18358	0.00011787	0.11989	0.0080621	23.275	0.042964	2.1096	2.9301	159.77	22.517	35.840	188.48	16.932	8.6634e-06	0.010966
111.59	0.60529	1026.2	0.00097449	-3.0824	-3.0636	105.95	27.573	58.292	720.42	-0.18157	0.00011732	0.11958	0.0080145	23.589	0.042393	2.1114	2.9325	159.69	22.542	35.935	188.53	16.885	8.6811e-06	0.010999
111.79	0.61369	1025.0	0.00097565	-3.0706	-3.0515	106.06	27.557	58.357	718.54	-0.17956	0.00011679	0.11928	0.0079674	23.902	0.041837	2.1133	2.9348	159.61	22.567	36.029	188.58	16.838	8.6987e-06	0.011033
112.00	0.62210	1023.7	0.00097681	-3.0589	-3.0394	106.17	27.540	58.422	716.68	-0.17755	0.00011626	0.11898	0.0079209	24.216	0.041295	2.1151	2.9371	159.53	22.591	36.123	188.62	16.791	8.7161e-06	0.011066
112.20	0.63050	1022.5	0.00097796	-3.0473	-3.0275	106.27	27.524	58.488	714.84	-0.17553	0.00011575	0.11868	0.0078748	24.530	0.040767	2.1168	2.9393	159.45	22.616	36.218	188.66	16.745	8.7334e-06	0.011099
112.40	0.63891	1021.3	0.00097910	-3.0358	-3.0157	106.37	27.508	58.553	713.01	-0.17352	0.00011523	0.11839	0.0078293	24.844	0.040252	2.1186	2.9415	159.37	22.640	36.313	188.70	16.700	8.7506e-06	0.011131
112.60	0.64731	1020.2	0.00098024	-3.0243	-3.0040	106.47	27.493	58.618	711.19	-0.17151	0.00011473	0.11810	0.0077842	25.157	0.039750	2.1203	2.9436	159.30	22.665	36.408	188.74	16.655	8.7676e-06	0.011164
112.79	0.65572	1019.0	0.00098137	-3.0130	-2.9924	106.57	27.478	58.684	709.40	-0.16950	0.00011423	0.11781	0.0077396	25.471	0.039260	2.1219	2.9457	159.22	22.689	36.503	188.78	16.611	8.7845e-06	0.011196
112.99	0.66412	1017.8	0.00098249	-3.0018	-2.9809	106.67	27.462	58.749	707.61	-0.16748	0.00011374	0.11752	0.0076955	25.785	0.038782	2.1235	2.9477	159.14	22.714	36.599	188.82	16.567	8.8012e-06	0.011229
113.18	0.67253	1016.7	0.00098361	-2.9907	-2.9695	106.77	27.447	58.815	705.84	-0.16547	0.00011326	0.11724	0.0076518	26.099	0.038315	2.1251	2.9497	159.07	22.738	36.694	188.85	16.523	8.8179e-06	0.011261
113.37	0.68093	1015.5	0.00098473	-2.9796	-2.9582	106.87	27.433	58.881	704.08	-0.16346	0.00011279	0.11696	0.0076085	26.414	0.037859	2.1267	2.9516	159.00	22.763	36.790	188.89	16.480	8.8344e-06	0.011293
113.56	0.68934	1014.4	0.00098584	-2.9687	-2.9469	106.97	27.418	58.946	702.34	-0.16144	0.00011232	0.11668	0.0075657	26.728	0.037414	2.1282	2.9535	158.92	22.787	36.886	188.92	16.438	8.8508e-06	0.011325
113.75	0.69774	1013.2	0.00098694	-2.9578	-2.9358	107.06	27.404	59.012	700.61	-0.15942	0.00011185	0.11641	0.0075233	27.042	0.036979	2.1297	2.9553	158.85	22.811	36.982	188.95	16.396	8.8670e-06	0.011356
113.94	0.70615	1012.1	0.00098804	-2.9470	-2.9247	107.16	27.390	59.078	698.89	-0.15741	0.00011139	0.11613	0.0074813	27.357	0.036554	2.1311	2.9571	158.78	22.836	37.078	188.98	16.354	8.8832e-06	0.011388
114.12	0.71455	1011.0	0.00098914	-2.9363	-2.9137	107.25	27.376	59.144	697.18	-0.15539	0.00011094	0.11586	0.0074398	27.671	0.036138	2.1326	2.9589	158.71	22.860	37.174	189.01	16.313	8.8992e-06	0.011419
114.30	0.72296	1009.9	0.00099023	-2.9257	-2.9028	107.34	27.362	59.211	695.49	-0.15337	0.00011049	0.11559	0.0073986	27.986	0.035732	2.1340	2.9606	158.64	22.884	37.271	189.03	16.273	8.9152e-06	0.011451
114.49	0.73136	1008.8	0.00099132	-2.9152	-2.8920	107.44	27.349	59.277	693.81	-0.15134	0.00011005	0.11533	0.0073578	28.301	0.035334	2.1353	2.9622	158.57	22.909	37.368	189.06	16.232	8.9310e-06	0.011482
114.67	0.73976	1007.7	0.00099240	-2.9047	-2.8813	107.53	27.336	59.344	692.14	-0.14932	0.00010962	0.11506	0.0073174	28.616	0.034946	2.1367	2.9639	158.50	22.933	37.465	189.09	16.192	8.9467e-06	0.011513
114.84	0.74817	1006.6	0.00099348	-2.8944	-2.8706	107.62	27.322	59.410	690.48	-0.14729	0.00010919	0.11480	0.0072773	28.931	0.034565	2.1380	2.9655	158.44	22.957	37.562	189.11	16.153	8.9623e-06	0.011544
115.02	0.75657	1005.5	0.00099455	-2.8841	-2.8600	107.71	27.310	59.477	688.83	-0.14527	0.00010876	0.11454	0.0072376	29.246	0.034192	2.1392	2.9670	158.37	22.981	37.659	189.13	16.114	8.9779e-06	0.011575
115.20	0.76498	1004.4	0.00099562	-2.8739	-2.8495	107.80	27.297	59.544	687.20	-0.14324	0.00010834	0.11428	0.0071983	29.562	0.033827	2.1405	2.9685	158.30	23.005	37.756	189.15	16.075	8.9933e-06	0.011606
115.37	0.77338	1003.3	0.00099669	-2.8637	-2.8390	107.89	27.284	59.611	685.57	-0.14121	0.00010793	0.11403	0.0071594	29.877	0.033470	2.1417	2.9700	158.24	23.030	37.854	189.17	16.037	9.0086e-06	0.011636
115.54	0.78179	1002.3	0.00099775	-2.8536	-2.8287	107.97	27.272	59.678	683.96	-0.13918	0.00010752	0.11377	0.0071207	30.193	0.033120	2.1429	2.9715	158.17	23.054	37.952	189.19	15.999	9.0238e-06	0.011667
115.71	0.79019	1001.2	0.00099881	-2.8436	-2.8184	108.06	27.259	59.745	682.35	-0.13714	0.00010711	0.11352	0.0070824	30.509	0.032777	2.1441	2.9729	158.11	23.078	38.050	189.21	15.961	9.0390e-06	0.011698
115.88	0.79860	1000.1	0.00099986	-2.8337	-2.8081	108.15	27.247	59.813	680.76	-0.13511	0.00010671	0.11327	0.0070445	30.825	0.032441	2.1452	2.9743	158.04	23.102	38.148	189.23	15.924	9.0540e-06	0.011728
116.05	0.80700	999.09	0.0010009	-2.8238	-2.7979	108.23	27.235	59.880	679.17	-0.13307	0.00010631	0.11302	0.0070069	31.141	0.032112	2.1464	2.9756	157.98	23.126	38.246	189.25	15.887	9.0690e-06	0.011758
116.22	0.81541	998.04	0.0010020	-2.8140	-2.7878	108.32	27.224	59.948	677.60	-0.13103	0.00010592	0.11278	0.0069696	31.458	0.031789	2.1475	2.9769	157.92	23.150	38.345	189.26	15.851	9.0839e-06	0.011788
116.39	0.82381	997.00	0.0010030	-2.8042	-2.7778	108.40	27.212	60.016	676.04	-0.12898	0.00010553	0.11253	0.0069326	31.774	0.031472	2.1485	2.9782	157.86	23.173	38.444	189.28	15.815	9.0987e-06	0.011819
116.55	0.83222	995.97	0.0010040	-2.7946	-2.7678	108.48	27.201	60.084	674.48	-0.12694	0.00010515	0.11229	0.0068959	32.091	0.031161	2.1496	2.9794	157.79	23.197	38.543	189.29	15.779	9.1134e-06	0.011849
116.72	0.84062	994.94	0.0010051	-2.7849	-2.7579	108.57	27.189	60.152	672.94	-0.12489	0.00010477	0.11205	0.0068595	32.408	0.030857	2.1506	2.9806	157.73	23.221	38.642	189.31	15.743	9.1280e-06	0.011878
116.88	0.84903	993.92	0.0010061	-2.7754	-2.7480	108.65	27.178	60.220	671.40	-0.12284	0.00010439	0.11181	0.0068234	32.725	0.030558	2.1516	2.9818	157.67	23.245	38.741	189.32	15.708	9.1426e-06	0.011908
117.04	0.85743	992.90	0.0010071	-2.7659	-2.7383	108.73	27.167	60.289	669.87	-0.12079	0.00010402	0.11157	0.0067876	33.042	0.030264	2.1526	2.9830	157.61	23.269	38.841	189.33	15.673	9.1571e-06	0.011938
117.20	0.86584	991.89	0.0010082	-2.7565	-2.7285	108.81	27.156	60.358	668.35	-0.11873	0.00010365	0.11134	0.0067521	33.360	0.029976	2.1536	2.9841	157.55	23.292	38.941	189.34	15.639	9.1715e-06	0.011968
117.36	0.87424	990.88	0.0010092	-2.7471	-2.7188	108.89	27.145	60.426	666.84	-0.11667	0.00010329	0.11110	0.0067169	33.677	0.029694	2.1545	2.9852	157.49	23.316	39.041	189.35	15.604	9.1858e-06	0.011997
117.52	0.88265	989.88	0.0010102	-2.7377	-2.7092	108.97	27.135	60.495	665.34	-0.11461	0.00010293	0.11087	0.0066819	33.995	0.029416	2.1554	2.9862	157.44	23.340	39.141	189.36	15.570	9.2000e-06	0.012027
117.68	0.89105	988.88	0.0010112	-2.7285	-2.6997	109.05	27.124	60.564	663.85	-0.11255	0.00010257	0.11064	0.0066472	34.313	0.029143	2.1563	2.9873	157.38	23.363	39.241	189.37	15.537	9.2142e-06	0.012056
117.83	0.89946	987.89	0.0010123	-2.7193	-2.6901	109.13	27.114	60.634	662.36	-0.11048	0.00010222	0.11041	0.0066128	34.632	0.028875	2.1572	2.9883	157.32	23.387	39.342	189.38	15.503	9.2283e-06	0.012086
117.99	0.90786	986.90	0.0010133	-2.7101	-2.6807	109.21	27.104	60.703	660.89	-0.10841	0.00010187	0.11018	0.0065787	34.950	0.028612	2.1581	2.9893	157.26	23.410	39.443	189.38	15.470	9.2424e-06	0.012115
118.14	0.91626	985.91	0.0010143	-2.7010	-2.6713	109.28	27.094	60.773	659.42	-0.10634	0.00010153	0.10996	0.0065448	35.269	0.028354	2.1589	2.9902	157.21	23.434	39.544	189.39	15.437	9.2563e-06	0.012144
118.29	0.92467	984.93	0.0010153	-2.6920	-2.6619	109.36	27.084	60.842	657.96	-0.10426	0.00010118	0.10973	0.0065112	35.588	0.028100	2.1597	2.9911	157.15	23.457	39.645	189.39	15.405	9.2702e-06	0.012174
118.45	0.93307	983.96	0.0010163	-2.6830	-2.6526	109.44	27.074	60.912	656.50	-0.10218	0.00010084	0.10951	0.0064778	35.907	0.027850	2.1605	2.9920	157.09	23.480	39.747	189.40	15.372	9.2841e-06	0.012203
118.60	0.94148	982.99	0.0010173	-2.6740	-2.6434	109.51	27.064	60.982	655.06	-0.10010	0.00010051	0.10929	0.0064446	36.226	0.027604	2.1613	2.9929	157.04	23.504	39.849	189.40	15.340	9.2979e-06	0.012232
118.75	0.94988	982.02	0.0010183	-2.6651	-2.6342	109.59	27.054	61.053	653.62	-0.098011	0.00010017	0.10907	0.0064118	36.546	0.027363	2.1620	2.9937	156.98	23.527	39.951	189.41	15.308	9.3116e-06	0.012261
118.90	0.95829	981.06	0.0010193	-2.6563	-2.6250	109.66	27.045	61.123	652.19	-0.095922	9.9843e-05	0.10885	0.0063791	36.865	0.027126	2.1628	2.9946	156.93	23.550	40.053	189.41	15.277	9.3252e-06	0.012290
119.04	0.96669	980.10	0.0010203	-2.6475	-2.6159	109.74	27.036	61.194	650.76	-0.093829	9.9516e-05	0.10863	0.0063467	37.186	0.026892	2.1635	2.9954	156.87	23.574	40.155	189.41	15.246	9.3388e-06	0.012319
119.19	0.97510	979.14	0.0010213	-2.6387	-2.6069	109.81	27.026	61.265	649.35	-0.091733	9.9192e-05	0.10842	0.0063145	37.506	0.026663	2.1642	2.9961	156.82	23.597	40.258	189.41	15.215	9.3524e-06	0.012348
119.34	0.98350	978.19	0.0010223	-2.6300	-2.5978	109.88	27.017	61.336	647.94	-0.089633	9.8871e-05	0.10820	0.0062826	37.826	0.026437	2.1649	2.9969	156.77	23.620	40.361	189.41	15.184	9.3658e-06	0.012377
119.48	0.99191	977.24	0.0010233	-2.6214	-2.5889	109.96	27.008	61.407	646.53	-0.087530	9.8553e-05	0.10799	0.0062509	38.147	0.026214	2.1656	2.9976	156.71	23.643	40.464	189.41	15.153	9.3793e-06	0.012405
119.63	1.0003	976.30	0.0010243	-2.6127	-2.5800	110.03	26.999	61.479	645.14	-0.085423	9.8238e-05	0.10778	0.0062194	38.468	0.025996	2.1662	2.9983	156.66	23.666	40.568	189.41	15.123	9.3926e-06	0.012434
119.77	1.0087	975.36	0.0010253	-2.6042	-2.5711	110.10	26.990	61.550	643.75	-0.083312	9.7925e-05	0.10757	0.0061881	38.789	0.025780	2.1668	2.9990	156.61	23.689	40.671	189.41	15.093	9.4059e-06	0.012463
119.91	1.0171	974.43	0.0010262	-2.5956	-2.5622	110.17	26.982	61.622	642.37	-0.081198	9.7615e-05	0.10736	0.0061570	39.111	0.025568	2.1675	2.9996	156.55	23.712	40.775	189.41	15.063	9.4192e-06	0.012491
120.05	1.0255	973.49	0.0010272	-2.5872	-2.5535	110.24	26.973	61.694	640.99	-0.079080	9.7308e-05	0.10715	0.0061261	39.432	0.025360	2.1681	3.0003	156.50	23.735	40.879	189.41	15.033	9.4324e-06	0.012520
120.20	1.0339	972.57	0.0010282	-2.5787	-2.5447	110.31	26.965	61.766	639.62	-0.076958	9.7003e-05	0.10694	0.0060955	39.754	0.025154	2.1686	3.0009	156.45	23.758	40.984	189.40	15.004	9.4455e-06	0.012549
120.34	1.0423	971.64	0.0010292	-2.5703	-2.5360	110.38	26.956	61.839	638.26	-0.074832	9.6701e-05	0.10674	0.0060651	40.077	0.024952	2.1692	3.0014	156.40	23.781	41.089	189.40	14.975	9.4586e-06	0.012577
120.48	1.0507	970.72	0.0010302	-2.5620	-2.5273	110.45	26.948	61.911	636.90	-0.072702	9.6402e-05	0.10653	0.0060348	40.399	0.024753	2.1697	3.0020	156.35	23.804	41.194	189.40	14.946	9.4717e-06	0.012606
120.61	1.0591	969.80	0.0010311	-2.5537	-2.5187	110.52	26.940	61.984	635.55	-0.070568	9.6105e-05	0.10633	0.0060048	40.722	0.024557	2.1703	3.0025	156.30	23.826	41.299	189.39	14.917	9.4847e-06	0.012634
120.75	1.0676	968.89	0.0010321	-2.5454	-2.5101	110.59	26.932	62.057	634.20	-0.068430	9.5811e-05	0.10613	0.0059750	41.045	0.024364	2.1708	3.0031	156.25	23.849	41.405	189.39	14.888	9.4976e-06	0.012662
120.89	1.0760	967.98	0.0010331	-2.5372	-2.5016	110.66	26.924	62.130	632.86	-0.066288	9.5519e-05	0.10593	0.0059453	41.368	0.024173	2.1713	3.0036	156.20	23.872	41.510	189.38	14.860	9.5105e-06	0.012691
121.03	1.0844	967.07	0.0010341	-2.5290	-2.4931	110.73	26.916	62.204	631.53	-0.064142	9.5229e-05	0.10573	0.0059159	41.692	0.023986	2.1718	3.0040	156.15	23.894	41.617	189.38	14.832	9.5234e-06	0.012719
121.16	1.0928	966.16	0.0010350	-2.5208	-2.4846	110.80	26.908	62.278	630.20	-0.061991	9.4942e-05	0.10553	0.0058866	42.016	0.023801	2.1723	3.0045	156.10	23.917	41.723	189.37	14.804	9.5362e-06	0.012747
121.30	1.1012	965.26	0.0010360	-2.5127	-2.4762	110.86	26.901	62.352	628.88	-0.059836	9.4657e-05	0.10533	0.0058576	42.340	0.023618	2.1727	3.0049	156.05	23.940	41.830	189.36	14.776	9.5490e-06	0.012776
121.43	1.1096	964.36	0.0010370	-2.5046	-2.4678	110.93	26.893	62.426	627.56	-0.057677	9.4374e-05	0.10513	0.0058287	42.664	0.023439	2.1732	3.0054	156.00	23.962	41.937	189.35	14.748	9.5617e-06	0.012804
121.56	1.1180	963.47	0.0010379	-2.4966	-2.4594	111.00	26.885	62.500	626.25	-0.055514	9.4093e-05	0.10494	0.0058000	42.989	0.023262	2.1736	3.0058	155.95	23.985	42.044	189.35	14.721	9.5744e-06	0.012832
121.70	1.1264	962.58	0.0010389	-2.4886	-2.4511	111.06	26.878	62.575	624.95	-0.053346	9.3815e-05	0.10475	0.0057715	43.314	0.023087	2.1740	3.0061	155.91	24.007	42.151	189.34	14.694	9.5870e-06	0.012860
121.83	1.1348	961.69	0.0010398	-2.4806	-2.4428	111.13	26.871	62.650	623.65	-0.051173	9.3539e-05	0.10455	0.0057431	43.639	0.022915	2.1744	3.0065	155.86	24.030	42.259	189.33	14.667	9.5996e-06	0.012888
121.96	1.1432	960.80	0.0010408	-2.4726	-2.4346	111.19	26.864	62.725	622.35	-0.048996	9.3265e-05	0.10436	0.0057150	43.965	0.022746	2.1748	3.0068	155.81	24.052	42.368	189.32	14.640	9.6122e-06	0.012917
122.09	1.1516	959.92	0.0010418	-2.4647	-2.4264	111.26	26.856	62.800	621.06	-0.046815	9.2993e-05	0.10417	0.0056870	44.291	0.022578	2.1751	3.0071	155.76	24.075	42.476	189.31	14.613	9.6247e-06	0.012945
122.22	1.1600	959.04	0.0010427	-2.4569	-2.4182	111.32	26.849	62.875	619.78	-0.044628	9.2723e-05	0.10398	0.0056592	44.617	0.022413	2.1755	3.0074	155.72	24.097	42.585	189.30	14.587	9.6372e-06	0.012973
122.35	1.1684	958.16	0.0010437	-2.4491	-2.4100	111.39	26.842	62.951	618.50	-0.042438	9.2455e-05	0.10379	0.0056315	44.943	0.022250	2.1758	3.0077	155.67	24.119	42.694	189.29	14.561	9.6496e-06	0.013001
122.48	1.1768	957.28	0.0010446	-2.4413	-2.4019	111.45	26.836	63.027	617.22	-0.040242	9.2189e-05	0.10360	0.0056040	45.270	0.022090	2.1762	3.0080	155.62	24.142	42.803	189.28	14.535	9.6620e-06	0.013029
122.60	1.1852	956.41	0.0010456	-2.4335	-2.3938	111.51	26.829	63.103	615.95	-0.038041	9.1926e-05	0.10341	0.0055767	45.597	0.021931	2.1765	3.0082	155.58	24.164	42.913	189.27	14.509	9.6743e-06	0.013057
122.73	1.1936	955.54	0.0010465	-2.4258	-2.3858	111.58	26.822	63.180	614.69	-0.035836	9.1664e-05	0.10323	0.0055496	45.924	0.021775	2.1768	3.0085	155.53	24.186	43.023	189.25	14.483	9.6867e-06	0.013085
122.86	1.2020	954.68	0.0010475	-2.4181	-2.3778	111.64	26.816	63.257	613.43	-0.033626	9.1404e-05	0.10304	0.0055226	46.252	0.021621	2.1771	3.0087	155.48	24.208	43.133	189.24	14.457	9.6989e-06	0.013113
122.98	1.2104	953.81	0.0010484	-2.4104	-2.3698	111.70	26.809	63.334	612.17	-0.031411	9.1145e-05	0.10286	0.0054957	46.580	0.021468	2.1774	3.0089	155.44	24.231	43.244	189.23	14.432	9.7112e-06	0.013141
123.11	1.2188	952.95	0.0010494	-2.4028	-2.3618	111.77	26.803	63.411	610.92	-0.029191	9.0889e-05	0.10268	0.0054691	46.908	0.021318	2.1776	3.0091	155.39	24.253	43.355	189.21	14.407	9.7234e-06	0.013169
123.23	1.2272	952.09	0.0010503	-2.3952	-2.3539	111.83	26.796	63.488	609.68	-0.026966	9.0635e-05	0.10249	0.0054425	47.237	0.021170	2.1779	3.0092	155.35	24.275	43.467	189.20	14.381	9.7356e-06	0.013197
123.36	1.2356	951.23	0.0010513	-2.3876	-2.3460	111.89	26.790	63.566	608.44	-0.024735	9.0382e-05	0.10231	0.0054162	47.566	0.021023	2.1781	3.0094	155.30	24.297	43.578	189.19	14.356	9.7477e-06	0.013225
123.48	1.2441	950.38	0.0010522	-2.3800	-2.3382	111.95	26.784	63.644	607.20	-0.022500	9.0131e-05	0.10213	0.0053899	47.895	0.020879	2.1783	3.0095	155.26	24.319	43.690	189.17	14.332	9.7599e-06	0.013253
123.60	1.2525	949.53	0.0010532	-2.3725	-2.3303	112.01	26.778	63.722	605.97	-0.020260	8.9882e-05	0.10195	0.0053639	48.225	0.020736	2.1785	3.0096	155.21	24.341	43.803	189.16	14.307	9.7719e-06	0.013281
123.73	1.2609	948.68	0.0010541	-2.3650	-2.3225	112.07	26.772	63.801	604.74	-0.018014	8.9634e-05	0.10177	0.0053380	48.555	0.020595	2.1787	3.0097	155.17	24.363	43.916	189.14	14.282	9.7840e-06	0.013308
123.85	1.2693	947.83	0.0010550	-2.3576	-2.3147	112.13	26.766	63.880	603.52	-0.015763	8.9389e-05	0.10160	0.0053122	48.885	0.020456	2.1789	3.0098	155.13	24.385	44.029	189.13	14.258	9.7960e-06	0.013336
123.97	1.2777	946.98	0.0010560	-2.3502	-2.3070	112.19	26.760	63.959	602.30	-0.013506	8.9145e-05	0.10142	0.0052866	49.215	0.020319	2.1791	3.0098	155.08	24.407	44.142	189.11	14.234	9.8080e-06	0.013364
124.09	1.2861	946.14	0.0010569	-2.3428	-2.2993	112.25	26.754	64.038	601.08	-0.011245	8.8902e-05	0.10124	0.0052611	49.546	0.020183	2.1793	3.0099	155.04	24.429	44.256	189.09	14.210	9.8199e-06	0.013392
124.21	1.2945	945.30	0.0010579	-2.3354	-2.2916	112.31	26.748	64.118	599.87	-0.0089776	8.8661e-05	0.10107	0.0052357	49.878	0.020049	2.1794	3.0099	155.00	24.451	44.370	189.08	14.186	9.8319e-06	0.013420
124.33	1.3029	944.46	0.0010588	-2.3281	-2.2839	112.37	26.743	64.198	598.67	-0.0067050	8.8422e-05	0.10089	0.0052105	50.209	0.019917	2.1796	3.0099	154.95	24.473	44.485	189.06	14.162	9.8438e-06	0.013448
124.45	1.3113	943.63	0.0010597	-2.3207	-2.2763	112.43	26.737	64.278	597.46	-0.0044268	8.8185e-05	0.10072	0.0051855	50.541	0.019786	2.1797	3.0099	154.91	24.494	44.600	189.04	14.138	9.8556e-06	0.013476
124.57	1.3197	942.79	0.0010607	-2.3135	-2.2687	112.49	26.731	64.358	596.27	-0.0021431	8.7949e-05	0.10055	0.0051606	50.873	0.019657	2.1798	3.0099	154.87	24.516	44.715	189.03	14.115	9.8675e-06	0.013503
124.68	1.3281	941.96	0.0010616	-2.3062	-2.2611	112.55	26.726	64.439	595.07	0.00014619	8.7714e-05	0.10037	0.0051358	51.206	0.019529	2.1799	3.0098	154.82	24.538	44.831	189.01	14.092	9.8793e-06	0.013531
124.80	1.3365	941.13	0.0010625	-2.2990	-2.2535	112.61	26.721	64.520	593.88	0.0024412	8.7481e-05	0.10020	0.0051111	51.539	0.019403	2.1800	3.0098	154.78	24.560	44.947	188.99	14.068	9.8911e-06	0.013559
124.92	1.3449	940.31	0.0010635	-2.2918	-2.2460	112.67	26.715	64.601	592.70	0.0047419	8.7250e-05	0.10003	0.0050866	51.872	0.019278	2.1801	3.0097	154.74	24.581	45.063	188.97	14.045	9.9028e-06	0.013587
125.03	1.3533	939.48	0.0010644	-2.2846	-2.2385	112.72	26.710	64.683	591.51	0.0070483	8.7020e-05	0.099863	0.0050622	52.206	0.019155	2.1802	3.0096	154.70	24.603	45.180	188.95	14.022	9.9146e-06	0.013615
125.15	1.3617	938.66	0.0010654	-2.2774	-2.2310	112.78	26.705	64.765	590.33	0.0093606	8.6791e-05	0.099694	0.0050379	52.540	0.019033	2.1802	3.0095	154.66	24.625	45.297	188.93	13.999	9.9263e-06	0.013643
125.26	1.3701	937.84	0.0010663	-2.2703	-2.2236	112.84	26.700	64.847	589.16	0.011679	8.6564e-05	0.099526	0.0050138	52.875	0.018913	2.1803	3.0094	154.61	24.646	45.415	188.91	13.977	9.9380e-06	0.013671
125.38	1.3785	937.02	0.0010672	-2.2632	-2.2161	112.90	26.695	64.929	587.99	0.014003	8.6339e-05	0.099359	0.0049898	53.209	0.018794	2.1803	3.0093	154.57	24.668	45.533	188.89	13.954	9.9496e-06	0.013698
125.49	1.3869	936.20	0.0010682	-2.2561	-2.2087	112.95	26.690	65.012	586.82	0.016333	8.6114e-05	0.099193	0.0049659	53.545	0.018676	2.1803	3.0092	154.53	24.690	45.651	188.87	13.932	9.9612e-06	0.013726
125.61	1.3953	935.38	0.0010691	-2.2491	-2.2013	113.01	26.685	65.095	585.66	0.018669	8.5891e-05	0.099027	0.0049422	53.880	0.018560	2.1803	3.0090	154.49	24.711	45.770	188.85	13.909	9.9728e-06	0.013754
125.72	1.4037	934.57	0.0010700	-2.2420	-2.1940	113.06	26.680	65.179	584.50	0.021011	8.5670e-05	0.098862	0.0049185	54.216	0.018445	2.1804	3.0089	154.45	24.733	45.890	188.83	13.887	9.9844e-06	0.013782
125.83	1.4121	933.76	0.0010709	-2.2350	-2.1866	113.12	26.676	65.262	583.34	0.023359	8.5450e-05	0.098697	0.0048950	54.552	0.018331	2.1803	3.0087	154.41	24.754	46.009	188.81	13.865	9.9960e-06	0.013810
125.94	1.4206	932.95	0.0010719	-2.2280	-2.1793	113.18	26.671	65.346	582.19	0.025713	8.5231e-05	0.098534	0.0048716	54.889	0.018219	2.1803	3.0085	154.37	24.776	46.129	188.79	13.843	1.0008e-05	0.013838
126.06	1.4290	932.14	0.0010728	-2.2211	-2.1720	113.23	26.666	65.431	581.04	0.028074	8.5013e-05	0.098371	0.0048483	55.226	0.018107	2.1803	3.0083	154.33	24.797	46.250	188.77	13.821	1.0019e-05	0.013866
126.17	1.4374	931.33	0.0010737	-2.2142	-2.1648	113.29	26.662	65.515	579.89	0.030440	8.4797e-05	0.098208	0.0048252	55.563	0.017998	2.1803	3.0080	154.29	24.819	46.371	188.74	13.799	1.0031e-05	0.013893
126.28	1.4458	930.53	0.0010747	-2.2072	-2.1575	113.34	26.657	65.600	578.75	0.032813	8.4582e-05	0.098047	0.0048022	55.901	0.017889	2.1802	3.0078	154.25	24.840	46.492	188.72	13.778	1.0042e-05	0.013921
126.39	1.4542	929.72	0.0010756	-2.2003	-2.1503	113.40	26.653	65.686	577.61	0.035193	8.4369e-05	0.097886	0.0047792	56.239	0.017781	2.1802	3.0076	154.21	24.862	46.614	188.70	13.756	1.0053e-05	0.013949
126.50	1.4626	928.92	0.0010765	-2.1935	-2.1431	113.45	26.649	65.771	576.47	0.037578	8.4156e-05	0.097726	0.0047564	56.578	0.017675	2.1801	3.0073	154.17	24.883	46.737	188.68	13.735	1.0065e-05	0.013977
126.61	1.4710	928.12	0.0010774	-2.1866	-2.1359	113.51	26.644	65.857	575.34	0.039970	8.3945e-05	0.097567	0.0047337	56.917	0.017570	2.1800	3.0070	154.13	24.905	46.859	188.65	13.713	1.0076e-05	0.014005
126.72	1.4794	927.33	0.0010784	-2.1798	-2.1288	113.56	26.640	65.943	574.21	0.042369	8.3735e-05	0.097408	0.0047112	57.256	0.017465	2.1799	3.0067	154.09	24.926	46.983	188.63	13.692	1.0088e-05	0.014033
126.83	1.4878	926.53	0.0010793	-2.1730	-2.1216	113.61	26.636	66.030	573.08	0.044774	8.3527e-05	0.097250	0.0046887	57.596	0.017362	2.1798	3.0064	154.05	24.947	47.106	188.61	13.671	1.0099e-05	0.014061
126.93	1.4962	925.73	0.0010802	-2.1662	-2.1145	113.67	26.632	66.117	571.96	0.047186	8.3319e-05	0.097092	0.0046663	57.936	0.017260	2.1797	3.0061	154.01	24.969	47.230	188.58	13.650	1.0110e-05	0.014089
127.04	1.5046	924.94	0.0010812	-2.1595	-2.1074	113.72	26.628	66.204	570.84	0.049605	8.3113e-05	0.096935	0.0046441	58.276	0.017160	2.1796	3.0058	153.97	24.990	47.355	188.56	13.629	1.0122e-05	0.014117
127.15	1.5130	924.15	0.0010821	-2.1527	-2.1003	113.78	26.624	66.292	569.72	0.052030	8.2908e-05	0.096779	0.0046219	58.617	0.017060	2.1795	3.0054	153.93	25.011	47.480	188.53	13.608	1.0133e-05	0.014145
127.26	1.5214	923.36	0.0010830	-2.1460	-2.0933	113.83	26.620	66.380	568.61	0.054462	8.2704e-05	0.096624	0.0045999	58.959	0.016961	2.1794	3.0051	153.89	25.033	47.606	188.51	13.588	1.0144e-05	0.014173
127.36	1.5298	922.57	0.0010839	-2.1393	-2.0862	113.88	26.616	66.468	567.50	0.056900	8.2501e-05	0.096469	0.0045780	59.300	0.016863	2.1792	3.0047	153.85	25.054	47.732	188.48	13.567	1.0156e-05	0.014201
127.47	1.5382	921.78	0.0010849	-2.1326	-2.0792	113.93	26.612	66.557	566.39	0.059346	8.2299e-05	0.096314	0.0045562	59.643	0.016767	2.1791	3.0043	153.82	25.075	47.858	188.46	13.547	1.0167e-05	0.014229
127.57	1.5466	921.00	0.0010858	-2.1260	-2.0722	113.99	26.609	66.646	565.29	0.061798	8.2098e-05	0.096161	0.0045344	59.985	0.016671	2.1789	3.0039	153.78	25.096	47.985	188.43	13.526	1.0178e-05	0.014257
127.68	1.5550	920.21	0.0010867	-2.1193	-2.0653	114.04	26.605	66.735	564.19	0.064257	8.1899e-05	0.096008	0.0045128	60.328	0.016576	2.1787	3.0035	153.74	25.118	48.113	188.41	13.506	1.0189e-05	0.014285
127.78	1.5634	919.43	0.0010876	-2.1127	-2.0583	114.09	26.601	66.825	563.09	0.066724	8.1701e-05	0.095855	0.0044913	60.672	0.016482	2.1785	3.0031	153.70	25.139	48.241	188.38	13.486	1.0201e-05	0.014313
127.89	1.5718	918.65	0.0010886	-2.1061	-2.0514	114.14	26.598	66.915	561.99	0.069197	8.1503e-05	0.095704	0.0044699	61.016	0.016389	2.1783	3.0027	153.66	25.160	48.369	188.35	13.466	1.0212e-05	0.014341
127.99	1.5802	917.87	0.0010895	-2.0995	-2.0444	114.20	26.594	67.006	560.90	0.071677	8.1307e-05	0.095552	0.0044486	61.360	0.016297	2.1781	3.0022	153.63	25.181	48.498	188.33	13.446	1.0223e-05	0.014369
128.10	1.5886	917.09	0.0010904	-2.0930	-2.0375	114.25	26.591	67.096	559.81	0.074165	8.1112e-05	0.095402	0.0044274	61.705	0.016206	2.1779	3.0018	153.59	25.202	48.628	188.30	13.426	1.0234e-05	0.014397
128.20	1.5970	916.32	0.0010913	-2.0864	-2.0307	114.30	26.587	67.188	558.72	0.076660	8.0917e-05	0.095252	0.0044063	62.050	0.016116	2.1777	3.0013	153.55	25.224	48.758	188.27	13.406	1.0245e-05	0.014426
128.30	1.6055	915.54	0.0010923	-2.0799	-2.0238	114.35	26.584	67.279	557.64	0.079162	8.0724e-05	0.095102	0.0043853	62.395	0.016027	2.1775	3.0008	153.51	25.245	48.888	188.25	13.386	1.0257e-05	0.014454
128.40	1.6139	914.77	0.0010932	-2.0734	-2.0170	114.40	26.581	67.371	556.55	0.081671	8.0532e-05	0.094953	0.0043644	62.741	0.015938	2.1772	3.0003	153.48	25.266	49.019	188.22	13.367	1.0268e-05	0.014482
128.51	1.6223	913.99	0.0010941	-2.0669	-2.0101	114.45	26.578	67.463	555.47	0.084188	8.0341e-05	0.094805	0.0043435	63.088	0.015851	2.1770	2.9998	153.44	25.287	49.151	188.19	13.347	1.0279e-05	0.014510
128.61	1.6307	913.22	0.0010950	-2.0604	-2.0033	114.50	26.575	67.556	554.40	0.086712	8.0151e-05	0.094657	0.0043228	63.434	0.015764	2.1767	2.9993	153.40	25.308	49.283	188.16	13.328	1.0290e-05	0.014539
128.71	1.6391	912.45	0.0010959	-2.0540	-1.9965	114.55	26.571	67.649	553.32	0.089243	7.9961e-05	0.094510	0.0043022	63.782	0.015678	2.1765	2.9988	153.36	25.329	49.416	188.14	13.308	1.0301e-05	0.014567
128.81	1.6475	911.68	0.0010969	-2.0476	-1.9897	114.60	26.568	67.743	552.25	0.091782	7.9773e-05	0.094364	0.0042816	64.130	0.015593	2.1762	2.9982	153.33	25.350	49.549	188.11	13.289	1.0312e-05	0.014595
128.91	1.6559	910.91	0.0010978	-2.0411	-1.9830	114.65	26.566	67.837	551.18	0.094329	7.9586e-05	0.094218	0.0042612	64.478	0.015509	2.1759	2.9977	153.29	25.371	49.683	188.08	13.270	1.0323e-05	0.014623
129.01	1.6643	910.15	0.0010987	-2.0347	-1.9762	114.70	26.563	67.931	550.12	0.096883	7.9400e-05	0.094072	0.0042408	64.826	0.015426	2.1756	2.9971	153.25	25.392	49.817	188.05	13.251	1.0334e-05	0.014652
129.11	1.6727	909.38	0.0010996	-2.0284	-1.9695	114.75	26.560	68.026	549.05	0.099445	7.9214e-05	0.093927	0.0042206	65.176	0.015343	2.1753	2.9966	153.22	25.413	49.952	188.02	13.232	1.0345e-05	0.014680
129.21	1.6811	908.62	0.0011006	-2.0220	-1.9628	114.80	26.557	68.121	547.99	0.10201	7.9030e-05	0.093783	0.0042004	65.525	0.015261	2.1750	2.9960	153.18	25.434	50.087	187.99	13.213	1.0356e-05	0.014709
129.31	1.6895	907.85	0.0011015	-2.0157	-1.9561	114.85	26.554	68.216	546.94	0.10459	7.8846e-05	0.093639	0.0041803	65.875	0.015180	2.1747	2.9954	153.14	25.456	50.223	187.96	13.194	1.0367e-05	0.014737
129.41	1.6979	907.09	0.0011024	-2.0093	-1.9494	114.90	26.552	68.312	545.88	0.10718	7.8664e-05	0.093496	0.0041603	66.226	0.015100	2.1744	2.9948	153.11	25.477	50.360	187.93	13.175	1.0378e-05	0.014766
129.50	1.7063	906.33	0.0011034	-2.0030	-1.9428	114.95	26.549	68.409	544.83	0.10977	7.8482e-05	0.093353	0.0041404	66.577	0.015020	2.1740	2.9941	153.07	25.498	50.497	187.90	13.156	1.0389e-05	0.014794
129.60	1.7147	905.57	0.0011043	-1.9967	-1.9361	115.00	26.546	68.505	543.77	0.11237	7.8301e-05	0.093211	0.0041206	66.928	0.014941	2.1737	2.9935	153.04	25.519	50.635	187.87	13.138	1.0400e-05	0.014823
129.70	1.7231	904.81	0.0011052	-1.9904	-1.9295	115.05	26.544	68.603	542.73	0.11498	7.8121e-05	0.093069	0.0041009	67.280	0.014863	2.1733	2.9929	153.00	25.540	50.773	187.84	13.119	1.0411e-05	0.014851
129.80	1.7315	904.05	0.0011061	-1.9842	-1.9229	115.10	26.541	68.700	541.68	0.11760	7.7942e-05	0.092927	0.0040813	67.632	0.014786	2.1730	2.9922	152.96	25.561	50.912	187.81	13.101	1.0422e-05	0.014880
129.89	1.7399	903.30	0.0011071	-1.9779	-1.9163	115.15	26.539	68.798	540.64	0.12022	7.7764e-05	0.092787	0.0040617	67.985	0.014709	2.1726	2.9915	152.93	25.582	51.052	187.78	13.082	1.0433e-05	0.014908
129.99	1.7483	902.54	0.0011080	-1.9717	-1.9097	115.19	26.537	68.897	539.59	0.12286	7.7586e-05	0.092646	0.0040422	68.338	0.014633	2.1722	2.9909	152.89	25.603	51.192	187.75	13.064	1.0444e-05	0.014937
130.09	1.7567	901.79	0.0011089	-1.9655	-1.9031	115.24	26.534	68.996	538.55	0.12550	7.7410e-05	0.092507	0.0040228	68.692	0.014558	2.1718	2.9902	152.86	25.624	51.333	187.72	13.045	1.0455e-05	0.014966
130.18	1.7651	901.04	0.0011098	-1.9593	-1.8966	115.29	26.532	69.095	537.52	0.12815	7.7234e-05	0.092367	0.0040035	69.046	0.014483	2.1714	2.9895	152.82	25.645	51.474	187.69	13.027	1.0466e-05	0.014995
130.28	1.7735	900.28	0.0011108	-1.9531	-1.8900	115.34	26.530	69.195	536.48	0.13080	7.7059e-05	0.092229	0.0039843	69.401	0.014409	2.1710	2.9888	152.79	25.665	51.616	187.66	13.009	1.0477e-05	0.015023
130.37	1.7820	899.53	0.0011117	-1.9469	-1.8835	115.39	26.528	69.295	535.45	0.13347	7.6885e-05	0.092090	0.0039652	69.757	0.014336	2.1706	2.9881	152.75	25.686	51.759	187.63	12.991	1.0488e-05	0.015052
130.47	1.7904	898.78	0.0011126	-1.9407	-1.8770	115.43	26.525	69.396	534.42	0.13615	7.6712e-05	0.091953	0.0039461	70.112	0.014263	2.1702	2.9873	152.72	25.707	51.902	187.60	12.973	1.0499e-05	0.015081
130.56	1.7988	898.03	0.0011135	-1.9346	-1.8705	115.48	26.523	69.497	533.39	0.13883	7.6540e-05	0.091815	0.0039271	70.468	0.014191	2.1698	2.9866	152.68	25.728	52.046	187.56	12.955	1.0510e-05	0.015110
130.66	1.8072	897.28	0.0011145	-1.9285	-1.8640	115.53	26.521	69.599	532.37	0.14152	7.6368e-05	0.091679	0.0039082	70.825	0.014119	2.1694	2.9858	152.65	25.749	52.191	187.53	12.937	1.0521e-05	0.015139
130.75	1.8156	896.54	0.0011154	-1.9224	-1.8576	115.58	26.519	69.701	531.34	0.14422	7.6197e-05	0.091542	0.0038894	71.182	0.014048	2.1689	2.9851	152.61	25.770	52.336	187.50	12.920	1.0532e-05	0.015168
130.85	1.8240	895.79	0.0011163	-1.9163	-1.8511	115.62	26.518	69.803	530.32	0.14693	7.6027e-05	0.091406	0.0038707	71.540	0.013978	2.1685	2.9843	152.58	25.791	52.482	187.47	12.902	1.0543e-05	0.015197
130.94	1.8324	895.04	0.0011173	-1.9102	-1.8447	115.67	26.516	69.906	529.30	0.14965	7.5858e-05	0.091271	0.0038520	71.898	0.013909	2.1680	2.9835	152.54	25.812	52.628	187.44	12.884	1.0553e-05	0.015226
131.03	1.8408	894.30	0.0011182	-1.9041	-1.8382	115.72	26.514	70.010	528.28	0.15238	7.5689e-05	0.091136	0.0038334	72.257	0.013839	2.1675	2.9827	152.51	25.833	52.776	187.40	12.867	1.0564e-05	0.015255
131.13	1.8492	893.55	0.0011191	-1.8980	-1.8318	115.76	26.512	70.114	527.27	0.15511	7.5522e-05	0.091001	0.0038149	72.616	0.013771	2.1671	2.9819	152.47	25.854	52.924	187.37	12.849	1.0575e-05	0.015284
131.22	1.8576	892.81	0.0011201	-1.8920	-1.8254	115.81	26.511	70.218	526.25	0.15786	7.5355e-05	0.090867	0.0037965	72.976	0.013703	2.1666	2.9811	152.44	25.875	53.072	187.34	12.832	1.0586e-05	0.015313
131.31	1.8660	892.07	0.0011210	-1.8860	-1.8190	115.86	26.509	70.323	525.24	0.16061	7.5188e-05	0.090734	0.0037781	73.337	0.013636	2.1661	2.9803	152.41	25.896	53.222	187.30	12.814	1.0597e-05	0.015343
131.40	1.8744	891.33	0.0011219	-1.8799	-1.8127	115.90	26.507	70.429	524.23	0.16337	7.5023e-05	0.090601	0.0037599	73.697	0.013569	2.1656	2.9794	152.37	25.917	53.372	187.27	12.797	1.0608e-05	0.015372
131.49	1.8828	890.59	0.0011229	-1.8739	-1.8063	115.95	26.506	70.535	523.23	0.16614	7.4858e-05	0.090468	0.0037417	74.059	0.013503	2.1651	2.9786	152.34	25.938	53.522	187.24	12.780	1.0619e-05	0.015401
131.59	1.8912	889.85	0.0011238	-1.8679	-1.7999	115.99	26.504	70.641	522.22	0.16892	7.4694e-05	0.090336	0.0037235	74.421	0.013437	2.1646	2.9777	152.30	25.959	53.674	187.20	12.762	1.0630e-05	0.015431
131.68	1.8996	889.11	0.0011247	-1.8620	-1.7936	116.04	26.503	70.748	521.22	0.17171	7.4530e-05	0.090204	0.0037055	74.783	0.013372	2.1640	2.9769	152.27	25.980	53.826	187.17	12.745	1.0640e-05	0.015460
131.77	1.9080	888.37	0.0011257	-1.8560	-1.7873	116.09	26.502	70.855	520.22	0.17451	7.4368e-05	0.090072	0.0036875	75.146	0.013307	2.1635	2.9760	152.23	26.001	53.979	187.13	12.728	1.0651e-05	0.015489
131.86	1.9164	887.63	0.0011266	-1.8501	-1.7810	116.13	26.500	70.963	519.22	0.17732	7.4206e-05	0.089941	0.0036696	75.509	0.013243	2.1630	2.9751	152.20	26.021	54.133	187.10	12.711	1.0662e-05	0.015519
131.95	1.9248	886.90	0.0011275	-1.8441	-1.7747	116.18	26.499	71.072	518.22	0.18014	7.4044e-05	0.089811	0.0036518	75.873	0.013180	2.1624	2.9742	152.17	26.042	54.287	187.07	12.694	1.0673e-05	0.015548
132.04	1.9332	886.16	0.0011285	-1.8382	-1.7684	116.22	26.498	71.181	517.22	0.18297	7.3884e-05	0.089681	0.0036340	76.238	0.013117	2.1619	2.9733	152.13	26.063	54.442	187.03	12.677	1.0684e-05	0.015578
132.13	1.9416	885.43	0.0011294	-1.8323	-1.7621	116.27	26.496	71.290	516.23	0.18580	7.3724e-05	0.089551	0.0036163	76.603	0.013054	2.1613	2.9724	152.10	26.084	54.598	187.00	12.660	1.0695e-05	0.015608
132.22	1.9500	884.69	0.0011303	-1.8264	-1.7558	116.31	26.495	71.400	515.24	0.18865	7.3565e-05	0.089422	0.0035987	76.968	0.012992	2.1607	2.9715	152.07	26.105	54.755	186.96	12.644	1.0706e-05	0.015637
132.31	1.9585	883.96	0.0011313	-1.8205	-1.7496	116.36	26.494	71.511	514.25	0.19151	7.3406e-05	0.089293	0.0035811	77.335	0.012931	2.1602	2.9705	152.03	26.126	54.912	186.93	12.627	1.0716e-05	0.015667
132.40	1.9669	883.22	0.0011322	-1.8146	-1.7434	116.40	26.493	71.622	513.26	0.19437	7.3248e-05	0.089165	0.0035636	77.701	0.012870	2.1596	2.9696	152.00	26.147	55.070	186.89	12.610	1.0727e-05	0.015697
132.48	1.9753	882.49	0.0011332	-1.8087	-1.7371	116.45	26.492	71.734	512.27	0.19725	7.3091e-05	0.089037	0.0035462	78.069	0.012809	2.1590	2.9686	151.97	26.168	55.229	186.86	12.593	1.0738e-05	0.015727
132.57	1.9837	881.76	0.0011341	-1.8029	-1.7309	116.49	26.491	71.846	511.29	0.20013	7.2934e-05	0.088909	0.0035289	78.437	0.012749	2.1584	2.9676	151.93	26.189	55.389	186.82	12.577	1.0749e-05	0.015757
132.66	1.9921	881.03	0.0011350	-1.7971	-1.7247	116.54	26.490	71.959	510.30	0.20303	7.2778e-05	0.088782	0.0035116	78.805	0.012690	2.1578	2.9667	151.90	26.210	55.550	186.78	12.560	1.0760e-05	0.015787
132.75	2.0005	880.30	0.0011360	-1.7912	-1.7185	116.58	26.490	72.072	509.32	0.20593	7.2623e-05	0.088655	0.0034944	79.174	0.012630	2.1572	2.9657	151.87	26.231	55.711	186.75	12.544	1.0771e-05	0.015817
132.84	2.0089	879.57	0.0011369	-1.7854	-1.7123	116.63	26.489	72.186	508.34	0.20885	7.2468e-05	0.088528	0.0034772	79.543	0.012572	2.1565	2.9647	151.83	26.252	55.873	186.71	12.527	1.0781e-05	0.015847
132.92	2.0173	878.84	0.0011379	-1.7796	-1.7061	116.67	26.488	72.301	507.37	0.21178	7.2314e-05	0.088402	0.0034602	79.913	0.012514	2.1559	2.9637	151.80	26.273	56.036	186.68	12.511	1.0792e-05	0.015877
133.01	2.0257	878.11	0.0011388	-1.7738	-1.7000	116.71	26.487	72.416	506.39	0.21471	7.2160e-05	0.088277	0.0034432	80.284	0.012456	2.1553	2.9627	151.77	26.294	56.200	186.64	12.495	1.0803e-05	0.015907
133.10	2.0341	877.38	0.0011398	-1.7680	-1.6938	116.76	26.487	72.531	505.42	0.21766	7.2007e-05	0.088151	0.0034262	80.655	0.012398	2.1546	2.9616	151.74	26.315	56.365	186.60	12.478	1.0814e-05	0.015937
133.18	2.0425	876.66	0.0011407	-1.7622	-1.6877	116.80	26.486	72.648	504.44	0.22061	7.1855e-05	0.088027	0.0034093	81.027	0.012342	2.1540	2.9606	151.70	26.336	56.530	186.57	12.462	1.0825e-05	0.015968
133.27	2.0509	875.93	0.0011416	-1.7565	-1.6816	116.84	26.486	72.765	503.47	0.22358	7.1703e-05	0.087902	0.0033925	81.400	0.012285	2.1533	2.9595	151.67	26.357	56.696	186.53	12.446	1.0836e-05	0.015998
133.35	2.0593	875.20	0.0011426	-1.7507	-1.6754	116.89	26.485	72.882	502.50	0.22656	7.1552e-05	0.087778	0.0033758	81.773	0.012229	2.1526	2.9585	151.64	26.378	56.864	186.49	12.430	1.0847e-05	0.016028
133.44	2.0677	874.48	0.0011435	-1.7450	-1.6693	116.93	26.485	73.000	501.53	0.22954	7.1402e-05	0.087654	0.0033591	82.146	0.012173	2.1520	2.9574	151.60	26.399	57.032	186.46	12.414	1.0857e-05	0.016059
133.53	2.0761	873.75	0.0011445	-1.7393	-1.6632	116.98	26.484	73.119	500.57	0.23254	7.1252e-05	0.087531	0.0033425	82.520	0.012118	2.1513	2.9563	151.57	26.420	57.201	186.42	12.398	1.0868e-05	0.016089
133.61	2.0845	873.03	0.0011454	-1.7335	-1.6571	117.02	26.484	73.238	499.60	0.23555	7.1102e-05	0.087408	0.0033259	82.895	0.012063	2.1506	2.9553	151.54	26.441	57.371	186.38	12.382	1.0879e-05	0.016120
133.70	2.0929	872.30	0.0011464	-1.7278	-1.6511	117.06	26.484	73.358	498.64	0.23857	7.0954e-05	0.087285	0.0033094	83.271	0.012009	2.1499	2.9542	151.51	26.462	57.541	186.34	12.366	1.0890e-05	0.016151
133.78	2.1013	871.58	0.0011473	-1.7221	-1.6450	117.10	26.483	73.478	497.68	0.24160	7.0805e-05	0.087163	0.0032930	83.647	0.011955	2.1492	2.9531	151.47	26.483	57.713	186.31	12.350	1.0901e-05	0.016181
133.87	2.1097	870.86	0.0011483	-1.7165	-1.6389	117.15	26.483	73.599	496.72	0.24464	7.0658e-05	0.087041	0.0032766	84.023	0.011901	2.1485	2.9519	151.44	26.504	57.885	186.27	12.334	1.0912e-05	0.016212
133.95	2.1181	870.14	0.0011492	-1.7108	-1.6329	117.19	26.483	73.721	495.76	0.24770	7.0511e-05	0.086920	0.0032603	84.400	0.011848	2.1478	2.9508	151.41	26.525	58.059	186.23	12.318	1.0923e-05	0.016243
134.03	2.1265	869.41	0.0011502	-1.7051	-1.6268	117.23	26.483	73.843	494.80	0.25076	7.0364e-05	0.086798	0.0032441	84.778	0.011795	2.1470	2.9497	151.38	26.546	58.233	186.19	12.302	1.0933e-05	0.016274
134.12	2.1350	868.69	0.0011512	-1.6995	-1.6208	117.28	26.483	73.967	493.84	0.25383	7.0218e-05	0.086678	0.0032279	85.157	0.011743	2.1463	2.9485	151.35	26.567	58.409	186.15	12.286	1.0944e-05	0.016305
134.20	2.1434	867.97	0.0011521	-1.6938	-1.6148	117.32	26.483	74.090	492.89	0.25692	7.0073e-05	0.086557	0.0032117	85.536	0.011691	2.1456	2.9474	151.31	26.588	58.585	186.12	12.271	1.0955e-05	0.016336
134.28	2.1518	867.25	0.0011531	-1.6882	-1.6088	117.36	26.483	74.215	491.94	0.26002	6.9928e-05	0.086437	0.0031957	85.915	0.011639	2.1448	2.9462	151.28	26.609	58.762	186.08	12.255	1.0966e-05	0.016367
134.37	2.1602	866.53	0.0011540	-1.6825	-1.6028	117.40	26.483	74.340	490.99	0.26312	6.9783e-05	0.086317	0.0031797	86.296	0.011588	2.1441	2.9451	151.25	26.631	58.940	186.04	12.239	1.0977e-05	0.016398
134.45	2.1686	865.81	0.0011550	-1.6769	-1.5968	117.45	26.483	74.465	490.04	0.26624	6.9640e-05	0.086198	0.0031637	86.677	0.011537	2.1433	2.9439	151.22	26.652	59.120	186.00	12.224	1.0988e-05	0.016429
134.53	2.1770	865.09	0.0011559	-1.6713	-1.5908	117.49	26.483	74.592	489.09	0.26937	6.9496e-05	0.086079	0.0031478	87.058	0.011487	2.1425	2.9427	151.19	26.673	59.300	185.96	12.208	1.0999e-05	0.016461
134.61	2.1854	864.37	0.0011569	-1.6657	-1.5848	117.53	26.484	74.719	488.14	0.27252	6.9354e-05	0.085960	0.0031320	87.440	0.011436	2.1417	2.9415	151.15	26.694	59.481	185.92	12.193	1.1010e-05	0.016492
134.70	2.1938	863.65	0.0011579	-1.6601	-1.5789	117.57	26.484	74.846	487.19	0.27567	6.9211e-05	0.085842	0.0031162	87.823	0.011386	2.1410	2.9403	151.12	26.715	59.663	185.88	12.177	1.1021e-05	0.016524
134.78	2.2022	862.94	0.0011588	-1.6546	-1.5729	117.61	26.484	74.975	486.25	0.27884	6.9069e-05	0.085724	0.0031005	88.207	0.011337	2.1402	2.9391	151.09	26.736	59.846	185.84	12.162	1.1031e-05	0.016555
134.86	2.2106	862.22	0.0011598	-1.6490	-1.5669	117.66	26.485	75.104	485.31	0.28201	6.8928e-05	0.085606	0.0030849	88.591	0.011288	2.1394	2.9378	151.06	26.758	60.030	185.81	12.147	1.1042e-05	0.016587
134.94	2.2190	861.50	0.0011608	-1.6434	-1.5610	117.70	26.485	75.234	484.37	0.28520	6.8787e-05	0.085489	0.0030693	88.976	0.011239	2.1386	2.9366	151.03	26.779	60.216	185.77	12.131	1.1053e-05	0.016618
135.02	2.2274	860.78	0.0011617	-1.6379	-1.5551	117.74	26.486	75.364	483.42	0.28841	6.8647e-05	0.085372	0.0030537	89.361	0.011191	2.1377	2.9353	151.00	26.800	60.402	185.73	12.116	1.1064e-05	0.016650
135.10	2.2358	860.07	0.0011627	-1.6323	-1.5491	117.78	26.486	75.496	482.49	0.29162	6.8507e-05	0.085255	0.0030383	89.747	0.011142	2.1369	2.9341	150.96	26.821	60.589	185.69	12.101	1.1075e-05	0.016682
135.18	2.2442	859.35	0.0011637	-1.6268	-1.5432	117.82	26.487	75.628	481.55	0.29484	6.8368e-05	0.085138	0.0030228	90.134	0.011095	2.1361	2.9328	150.93	26.842	60.778	185.65	12.085	1.1086e-05	0.016714
135.27	2.2526	858.63	0.0011646	-1.6213	-1.5373	117.86	26.487	75.760	480.61	0.29808	6.8229e-05	0.085022	0.0030075	90.522	0.011047	2.1353	2.9315	150.90	26.864	60.967	185.61	12.070	1.1097e-05	0.016746
135.35	2.2610	857.92	0.0011656	-1.6157	-1.5314	117.90	26.488	75.894	479.68	0.30133	6.8091e-05	0.084907	0.0029921	90.910	0.011000	2.1344	2.9303	150.87	26.885	61.158	185.57	12.055	1.1108e-05	0.016778
135.43	2.2694	857.20	0.0011666	-1.6102	-1.5255	117.95	26.489	76.028	478.74	0.30460	6.7953e-05	0.084791	0.0029769	91.298	0.010953	2.1336	2.9290	150.84	26.906	61.349	185.53	12.040	1.1119e-05	0.016810
135.51	2.2778	856.49	0.0011676	-1.6047	-1.5196	117.99	26.490	76.163	477.81	0.30787	6.7816e-05	0.084676	0.0029617	91.688	0.010907	2.1327	2.9277	150.81	26.928	61.542	185.49	12.025	1.1130e-05	0.016842
135.59	2.2862	855.77	0.0011685	-1.5992	-1.5138	118.03	26.490	76.299	476.88	0.31116	6.7679e-05	0.084561	0.0029465	92.078	0.010860	2.1318	2.9263	150.78	26.949	61.736	185.45	12.010	1.1141e-05	0.016874
135.66	2.2946	855.06	0.0011695	-1.5938	-1.5079	118.07	26.491	76.435	475.95	0.31446	6.7542e-05	0.084447	0.0029314	92.469	0.010814	2.1310	2.9250	150.74	26.970	61.931	185.40	11.995	1.1152e-05	0.016907
135.74	2.3030	854.34	0.0011705	-1.5883	-1.5020	118.11	26.492	76.572	475.02	0.31777	6.7406e-05	0.084333	0.0029164	92.860	0.010769	2.1301	2.9237	150.71	26.992	62.127	185.36	11.980	1.1163e-05	0.016939
135.82	2.3115	853.63	0.0011715	-1.5828	-1.4962	118.15	26.493	76.710	474.09	0.32110	6.7271e-05	0.084219	0.0029014	93.253	0.010724	2.1292	2.9224	150.68	27.013	62.324	185.32	11.965	1.1174e-05	0.016972
135.90	2.3199	852.91	0.0011725	-1.5774	-1.4903	118.19	26.494	76.849	473.16	0.32443	6.7136e-05	0.084105	0.0028865	93.646	0.010679	2.1283	2.9210	150.65	27.035	62.522	185.28	11.950	1.1185e-05	0.017004
135.98	2.3283	852.20	0.0011734	-1.5719	-1.4845	118.23	26.495	76.989	472.24	0.32779	6.7001e-05	0.083992	0.0028716	94.039	0.010634	2.1274	2.9196	150.62	27.056	62.722	185.24	11.935	1.1196e-05	0.017037
136.06	2.3367	851.49	0.0011744	-1.5665	-1.4787	118.27	26.496	77.129	471.31	0.33115	6.6867e-05	0.083879	0.0028567	94.434	0.010589	2.1265	2.9183	150.59	27.077	62.923	185.20	11.920	1.1207e-05	0.017070
136.14	2.3451	850.77	0.0011754	-1.5610	-1.4728	118.31	26.498	77.271	470.39	0.33453	6.6733e-05	0.083766	0.0028420	94.829	0.010545	2.1256	2.9169	150.56	27.099	63.125	185.16	11.905	1.1218e-05	0.017103
136.22	2.3535	850.06	0.0011764	-1.5556	-1.4670	118.35	26.499	77.413	469.47	0.33792	6.6600e-05	0.083654	0.0028272	95.224	0.010502	2.1247	2.9155	150.53	27.120	63.328	185.12	11.890	1.1229e-05	0.017136
136.29	2.3619	849.35	0.0011774	-1.5502	-1.4612	118.39	26.500	77.556	468.55	0.34132	6.6467e-05	0.083542	0.0028126	95.621	0.010458	2.1237	2.9141	150.50	27.142	63.532	185.08	11.875	1.1240e-05	0.017169
136.37	2.3703	848.63	0.0011784	-1.5448	-1.4554	118.43	26.501	77.699	467.63	0.34474	6.6334e-05	0.083430	0.0027979	96.018	0.010415	2.1228	2.9127	150.47	27.163	63.738	185.03	11.861	1.1251e-05	0.017202
136.45	2.3787	847.92	0.0011794	-1.5394	-1.4496	118.47	26.503	77.844	466.71	0.34817	6.6202e-05	0.083319	0.0027834	96.416	0.010372	2.1218	2.9113	150.43	27.185	63.945	184.99	11.846	1.1263e-05	0.017235
136.53	2.3871	847.21	0.0011803	-1.5340	-1.4438	118.51	26.504	77.990	465.79	0.35162	6.6071e-05	0.083208	0.0027688	96.815	0.010329	2.1209	2.9099	150.40	27.207	64.153	184.95	11.831	1.1274e-05	0.017268
136.60	2.3955	846.50	0.0011813	-1.5286	-1.4380	118.55	26.506	78.136	464.88	0.35507	6.5940e-05	0.083097	0.0027544	97.214	0.010287	2.1199	2.9084	150.37	27.228	64.362	184.91	11.817	1.1285e-05	0.017302
136.68	2.4039	845.78	0.0011823	-1.5232	-1.4322	118.59	26.507	78.283	463.96	0.35855	6.5809e-05	0.082986	0.0027400	97.614	0.010244	2.1190	2.9070	150.34	27.250	64.573	184.87	11.802	1.1296e-05	0.017335
136.76	2.4123	845.07	0.0011833	-1.5178	-1.4265	118.63	26.509	78.431	463.05	0.36203	6.5678e-05	0.082876	0.0027256	98.015	0.010203	2.1180	2.9055	150.31	27.271	64.785	184.82	11.787	1.1307e-05	0.017369
136.83	2.4207	844.36	0.0011843	-1.5125	-1.4207	118.67	26.510	78.580	462.13	0.36553	6.5548e-05	0.082766	0.0027113	98.417	0.010161	2.1170	2.9041	150.28	27.293	64.998	184.78	11.773	1.1318e-05	0.017403
136.91	2.4291	843.65	0.0011853	-1.5071	-1.4150	118.71	26.512	78.730	461.22	0.36905	6.5419e-05	0.082656	0.0026970	98.819	0.010120	2.1160	2.9026	150.25	27.315	65.213	184.74	11.758	1.1329e-05	0.017436
136.99	2.4375	842.94	0.0011863	-1.5017	-1.4092	118.75	26.514	78.881	460.31	0.37257	6.5290e-05	0.082547	0.0026828	99.222	0.010078	2.1150	2.9011	150.22	27.337	65.429	184.70	11.744	1.1341e-05	0.017470
137.06	2.4459	842.22	0.0011873	-1.4964	-1.4035	118.79	26.516	79.032	459.40	0.37612	6.5161e-05	0.082438	0.0026686	99.626	0.010038	2.1140	2.8996	150.19	27.358	65.646	184.65	11.729	1.1352e-05	0.017504
137.14	2.4543	841.51	0.0011883	-1.4910	-1.3977	118.83	26.517	79.185	458.49	0.37967	6.5033e-05	0.082329	0.0026545	100.03	0.0099969	2.1130	2.8981	150.16	27.380	65.865	184.61	11.715	1.1363e-05	0.017538
137.21	2.4627	840.80	0.0011893	-1.4857	-1.3920	118.87	26.519	79.338	457.58	0.38324	6.4905e-05	0.082220	0.0026404	100.44	0.0099566	2.1120	2.8966	150.13	27.402	66.085	184.57	11.700	1.1374e-05	0.017572
137.29	2.4711	840.09	0.0011903	-1.4804	-1.3863	118.91	26.521	79.493	456.67	0.38683	6.4777e-05	0.082112	0.0026264	100.84	0.0099165	2.1110	2.8951	150.10	27.424	66.306	184.52	11.686	1.1386e-05	0.017606
137.36	2.4795	839.38	0.0011914	-1.4751	-1.3805	118.95	26.523	79.648	455.77	0.39043	6.4650e-05	0.082004	0.0026124	101.25	0.0098766	2.1099	2.8936	150.07	27.446	66.529	184.48	11.671	1.1397e-05	0.017641
137.44	2.4880	838.67	0.0011924	-1.4698	-1.3748	118.99	26.525	79.805	454.86	0.39404	6.4523e-05	0.081896	0.0025985	101.66	0.0098370	2.1089	2.8920	150.04	27.467	66.754	184.44	11.657	1.1408e-05	0.017675
137.51	2.4964	837.96	0.0011934	-1.4644	-1.3691	119.03	26.527	79.962	453.96	0.39767	6.4397e-05	0.081789	0.0025846	102.07	0.0097976	2.1079	2.8905	150.01	27.489	66.979	184.39	11.642	1.1419e-05	0.017710
137.59	2.5048	837.24	0.0011944	-1.4591	-1.3634	119.07	26.529	80.120	453.05	0.40132	6.4271e-05	0.081681	0.0025708	102.47	0.0097585	2.1068	2.8889	149.98	27.511	67.206	184.35	11.628	1.1431e-05	0.017744
137.66	2.5132	836.53	0.0011954	-1.4538	-1.3577	119.11	26.532	80.280	452.15	0.40498	6.4145e-05	0.081574	0.0025570	102.88	0.0097196	2.1057	2.8874	149.94	27.533	67.435	184.31	11.614	1.1442e-05	0.017779
137.74	2.5216	835.82	0.0011964	-1.4486	-1.3520	119.15	26.534	80.440	451.25	0.40865	6.4019e-05	0.081468	0.0025432	103.30	0.0096809	2.1047	2.8858	149.91	27.555	67.665	184.26	11.599	1.1453e-05	0.017814
137.81	2.5300	835.11	0.0011974	-1.4433	-1.3463	119.19	26.536	80.601	450.35	0.41235	6.3894e-05	0.081361	0.0025296	103.71	0.0096425	2.1036	2.8842	149.88	27.577	67.897	184.22	11.585	1.1465e-05	0.017849
137.88	2.5384	834.40	0.0011985	-1.4380	-1.3407	119.22	26.539	80.764	449.45	0.41605	6.3770e-05	0.081255	0.0025159	104.12	0.0096043	2.1025	2.8826	149.85	27.599	68.130	184.18	11.571	1.1476e-05	0.017884
137.96	2.5468	833.69	0.0011995	-1.4327	-1.3350	119.26	26.541	80.927	448.55	0.41977	6.3646e-05	0.081149	0.0025023	104.53	0.0095663	2.1014	2.8810	149.82	27.621	68.365	184.13	11.557	1.1488e-05	0.017919
138.03	2.5552	832.98	0.0012005	-1.4275	-1.3293	119.30	26.543	81.091	447.65	0.42351	6.3522e-05	0.081044	0.0024888	104.95	0.0095286	2.1003	2.8794	149.79	27.643	68.601	184.09	11.542	1.1499e-05	0.017954
138.10	2.5636	832.26	0.0012015	-1.4222	-1.3236	119.34	26.546	81.257	446.75	0.42726	6.3398e-05	0.080938	0.0024752	105.36	0.0094910	2.0992	2.8778	149.76	27.666	68.839	184.04	11.528	1.1510e-05	0.017990
138.18	2.5720	831.55	0.0012026	-1.4170	-1.3180	119.38	26.548	81.423	445.86	0.43103	6.3275e-05	0.080833	0.0024618	105.78	0.0094537	2.0981	2.8762	149.73	27.688	69.078	184.00	11.514	1.1522e-05	0.018025
138.25	2.5804	830.84	0.0012036	-1.4117	-1.3123	119.42	26.551	81.591	444.96	0.43482	6.3152e-05	0.080728	0.0024484	106.20	0.0094166	2.0970	2.8745	149.70	27.710	69.319	183.95	11.500	1.1533e-05	0.018061
138.32	2.5888	830.13	0.0012046	-1.4065	-1.3067	119.46	26.554	81.759	444.07	0.43862	6.3030e-05	0.080623	0.0024350	106.61	0.0093798	2.0959	2.8729	149.67	27.732	69.561	183.91	11.486	1.1545e-05	0.018097
138.40	2.5972	829.42	0.0012057	-1.4012	-1.3010	119.49	26.556	81.929	443.17	0.44243	6.2907e-05	0.080519	0.0024217	107.03	0.0093431	2.0947	2.8712	149.64	27.755	69.806	183.86	11.471	1.1556e-05	0.018132
138.47	2.6056	828.71	0.0012067	-1.3960	-1.2954	119.53	26.559	82.100	442.28	0.44627	6.2786e-05	0.080415	0.0024084	107.45	0.0093066	2.0936	2.8695	149.61	27.777	70.052	183.82	11.457	1.1568e-05	0.018168
138.54	2.6140	827.99	0.0012077	-1.3908	-1.2898	119.57	26.562	82.272	441.39	0.45011	6.2664e-05	0.080311	0.0023951	107.87	0.0092704	2.0924	2.8679	149.58	27.799	70.299	183.77	11.443	1.1579e-05	0.018204
138.61	2.6224	827.28	0.0012088	-1.3856	-1.2841	119.61	26.565	82.445	440.50	0.45398	6.2543e-05	0.080207	0.0023819	108.29	0.0092344	2.0913	2.8662	149.55	27.822	70.548	183.73	11.429	1.1591e-05	0.018241
138.69	2.6308	826.57	0.0012098	-1.3803	-1.2785	119.65	26.568	82.619	439.61	0.45786	6.2422e-05	0.080104	0.0023688	108.71	0.0091985	2.0901	2.8645	149.52	27.844	70.799	183.68	11.415	1.1602e-05	0.018277
138.76	2.6392	825.86	0.0012109	-1.3751	-1.2729	119.69	26.571	82.795	438.71	0.46176	6.2302e-05	0.080001	0.0023557	109.14	0.0091629	2.0890	2.8628	149.49	27.866	71.052	183.64	11.401	1.1614e-05	0.018313
138.83	2.6476	825.15	0.0012119	-1.3699	-1.2673	119.72	26.574	82.971	437.83	0.46568	6.2181e-05	0.079898	0.0023426	109.56	0.0091275	2.0878	2.8611	149.46	27.889	71.306	183.59	11.387	1.1626e-05	0.018350
138.90	2.6560	824.43	0.0012130	-1.3647	-1.2616	119.76	26.577	83.149	436.94	0.46961	6.2062e-05	0.079795	0.0023296	109.98	0.0090923	2.0866	2.8593	149.43	27.911	71.562	183.55	11.373	1.1637e-05	0.018386
138.97	2.6645	823.72	0.0012140	-1.3595	-1.2560	119.80	26.580	83.328	436.05	0.47356	6.1942e-05	0.079693	0.0023166	110.41	0.0090572	2.0854	2.8576	149.40	27.934	71.820	183.50	11.359	1.1649e-05	0.018423
139.04	2.6729	823.01	0.0012151	-1.3544	-1.2504	119.84	26.584	83.508	435.16	0.47753	6.1823e-05	0.079591	0.0023037	110.84	0.0090224	2.0842	2.8559	149.37	27.956	72.080	183.46	11.345	1.1661e-05	0.018460
139.11	2.6813	822.29	0.0012161	-1.3492	-1.2448	119.88	26.587	83.689	434.28	0.48151	6.1704e-05	0.079489	0.0022908	111.26	0.0089878	2.0830	2.8541	149.34	27.979	72.342	183.41	11.331	1.1672e-05	0.018497
139.18	2.6897	821.58	0.0012172	-1.3440	-1.2392	119.91	26.590	83.872	433.39	0.48552	6.1585e-05	0.079387	0.0022780	111.69	0.0089533	2.0818	2.8524	149.31	28.002	72.605	183.37	11.317	1.1684e-05	0.018534
139.26	2.6981	820.87	0.0012182	-1.3388	-1.2336	119.95	26.594	84.056	432.50	0.48954	6.1467e-05	0.079286	0.0022651	112.12	0.0089191	2.0806	2.8506	149.28	28.024	72.870	183.32	11.303	1.1696e-05	0.018572
139.33	2.7065	820.15	0.0012193	-1.3337	-1.2281	119.99	26.597	84.241	431.62	0.49357	6.1349e-05	0.079184	0.0022524	112.55	0.0088850	2.0793	2.8488	149.25	28.047	73.138	183.27	11.289	1.1708e-05	0.018609
139.40	2.7149	819.44	0.0012203	-1.3285	-1.2225	120.03	26.601	84.427	430.74	0.49763	6.1231e-05	0.079083	0.0022397	112.98	0.0088511	2.0781	2.8470	149.22	28.070	73.407	183.23	11.275	1.1719e-05	0.018646
139.47	2.7233	818.73	0.0012214	-1.3233	-1.2169	120.07	26.604	84.615	429.85	0.50170	6.1114e-05	0.078983	0.0022270	113.41	0.0088175	2.0768	2.8452	149.19	28.093	73.678	183.18	11.261	1.1731e-05	0.018684
139.54	2.7317	818.01	0.0012225	-1.3182	-1.2113	120.10	26.608	84.804	428.97	0.50579	6.0997e-05	0.078882	0.0022143	113.84	0.0087839	2.0756	2.8434	149.16	28.116	73.951	183.13	11.247	1.1743e-05	0.018722
139.61	2.7401	817.30	0.0012235	-1.3130	-1.2057	120.14	26.612	84.994	428.09	0.50990	6.0880e-05	0.078782	0.0022017	114.28	0.0087506	2.0743	2.8416	149.13	28.139	74.226	183.09	11.233	1.1755e-05	0.018760
139.68	2.7485	816.58	0.0012246	-1.3079	-1.2002	120.18	26.615	85.185	427.21	0.51403	6.0764e-05	0.078682	0.0021892	114.71	0.0087175	2.0731	2.8397	149.10	28.162	74.502	183.04	11.220	1.1767e-05	0.018798
139.75	2.7569	815.87	0.0012257	-1.3027	-1.1946	120.22	26.619	85.378	426.33	0.51818	6.0647e-05	0.078582	0.0021767	115.15	0.0086845	2.0718	2.8379	149.07	28.184	74.781	182.99	11.206	1.1779e-05	0.018836
139.82	2.7653	815.15	0.0012268	-1.2976	-1.1890	120.25	26.623	85.573	425.45	0.52235	6.0532e-05	0.078482	0.0021642	115.58	0.0086517	2.0705	2.8361	149.04	28.208	75.062	182.95	11.192	1.1791e-05	0.018874
139.88	2.7737	814.43	0.0012278	-1.2925	-1.1835	120.29	26.627	85.768	424.57	0.52653	6.0416e-05	0.078383	0.0021518	116.02	0.0086191	2.0692	2.8342	149.01	28.231	75.345	182.90	11.178	1.1803e-05	0.018913
139.95	2.7821	813.72	0.0012289	-1.2873	-1.1779	120.33	26.631	85.965	423.69	0.53073	6.0301e-05	0.078284	0.0021394	116.46	0.0085867	2.0679	2.8323	148.98	28.254	75.631	182.85	11.164	1.1815e-05	0.018951
140.02	2.7905	813.00	0.0012300	-1.2822	-1.1724	120.36	26.635	86.163	422.81	0.53496	6.0185e-05	0.078185	0.0021270	116.90	0.0085544	2.0666	2.8305	148.95	28.277	75.918	182.81	11.150	1.1827e-05	0.018990
140.09	2.7989	812.29	0.0012311	-1.2771	-1.1668	120.40	26.639	86.363	421.93	0.53920	6.0071e-05	0.078086	0.0021147	117.34	0.0085223	2.0653	2.8286	148.92	28.300	76.207	182.76	11.137	1.1839e-05	0.019029
140.16	2.8073	811.57	0.0012322	-1.2720	-1.1613	120.44	26.643	86.564	421.06	0.54346	5.9956e-05	0.077987	0.0021024	117.78	0.0084904	2.0640	2.8267	148.89	28.323	76.499	182.71	11.123	1.1851e-05	0.019068
140.23	2.8157	810.85	0.0012333	-1.2669	-1.1557	120.48	26.648	86.767	420.18	0.54774	5.9842e-05	0.077889	0.0020902	118.22	0.0084586	2.0626	2.8248	148.86	28.347	76.793	182.66	11.109	1.1863e-05	0.019107
140.30	2.8241	810.13	0.0012344	-1.2618	-1.1502	120.51	26.652	86.971	419.31	0.55204	5.9728e-05	0.077791	0.0020780	118.67	0.0084270	2.0613	2.8228	148.83	28.370	77.088	182.62	11.095	1.1875e-05	0.019146
140.37	2.8325	809.42	0.0012355	-1.2567	-1.1447	120.55	26.656	87.177	418.43	0.55636	5.9614e-05	0.077693	0.0020659	119.11	0.0083956	2.0600	2.8209	148.80	28.393	77.387	182.57	11.081	1.1887e-05	0.019186
140.43	2.8410	808.70	0.0012366	-1.2516	-1.1391	120.59	26.661	87.384	417.55	0.56070	5.9501e-05	0.077595	0.0020537	119.56	0.0083643	2.0586	2.8190	148.77	28.417	77.687	182.52	11.068	1.1899e-05	0.019225
140.50	2.8494	807.98	0.0012377	-1.2465	-1.1336	120.62	26.665	87.592	416.68	0.56506	5.9388e-05	0.077498	0.0020417	120.00	0.0083332	2.0572	2.8170	148.74	28.440	77.990	182.47	11.054	1.1912e-05	0.019265
140.57	2.8578	807.26	0.0012388	-1.2414	-1.1281	120.66	26.670	87.803	415.81	0.56944	5.9275e-05	0.077401	0.0020296	120.45	0.0083022	2.0559	2.8151	148.71	28.464	78.295	182.42	11.040	1.1924e-05	0.019305
140.64	2.8662	806.54	0.0012399	-1.2363	-1.1226	120.70	26.674	88.014	414.93	0.57384	5.9162e-05	0.077304	0.0020176	120.90	0.0082714	2.0545	2.8131	148.68	28.487	78.602	182.38	11.026	1.1936e-05	0.019345
140.70	2.8746	805.82	0.0012410	-1.2312	-1.1170	120.74	26.679	88.227	414.06	0.57826	5.9050e-05	0.077207	0.0020057	121.35	0.0082408	2.0531	2.8111	148.65	28.511	78.912	182.33	11.013	1.1948e-05	0.019385
140.77	2.8830	805.10	0.0012421	-1.2261	-1.1115	120.77	26.684	88.442	413.19	0.58270	5.8937e-05	0.077110	0.0019938	121.80	0.0082103	2.0517	2.8091	148.62	28.535	79.224	182.28	10.999	1.1961e-05	0.019425
140.84	2.8914	804.38	0.0012432	-1.2210	-1.1060	120.81	26.689	88.659	412.32	0.58717	5.8825e-05	0.077014	0.0019819	122.25	0.0081800	2.0503	2.8071	148.59	28.558	79.539	182.23	10.985	1.1973e-05	0.019466
140.91	2.8998	803.66	0.0012443	-1.2159	-1.1005	120.85	26.694	88.877	411.45	0.59165	5.8714e-05	0.076918	0.0019700	122.70	0.0081498	2.0489	2.8051	148.56	28.582	79.856	182.18	10.971	1.1985e-05	0.019507
140.97	2.9082	802.93	0.0012454	-1.2109	-1.0950	120.88	26.699	89.096	410.57	0.59616	5.8602e-05	0.076822	0.0019582	123.16	0.0081198	2.0475	2.8031	148.53	28.606	80.176	182.13	10.958	1.1998e-05	0.019547
141.04	2.9166	802.21	0.0012466	-1.2058	-1.0895	120.92	26.704	89.318	409.70	0.60068	5.8491e-05	0.076726	0.0019465	123.61	0.0080899	2.0461	2.8011	148.50	28.630	80.498	182.09	10.944	1.2010e-05	0.019588
141.11	2.9250	801.49	0.0012477	-1.2007	-1.0840	120.96	26.709	89.540	408.83	0.60523	5.8380e-05	0.076630	0.0019347	124.07	0.0080602	2.0446	2.7990	148.47	28.654	80.823	182.04	10.930	1.2023e-05	0.019630
141.17	2.9334	800.77	0.0012488	-1.1957	-1.0785	120.99	26.714	89.765	407.96	0.60980	5.8270e-05	0.076535	0.0019230	124.52	0.0080306	2.0432	2.7970	148.44	28.678	81.150	181.99	10.917	1.2035e-05	0.019671
141.24	2.9418	800.04	0.0012499	-1.1906	-1.0730	121.03	26.719	89.992	407.10	0.61439	5.8159e-05	0.076440	0.0019114	124.98	0.0080012	2.0417	2.7949	148.41	28.702	81.480	181.94	10.903	1.2048e-05	0.019712
141.31	2.9502	799.32	0.0012511	-1.1856	-1.0675	121.07	26.725	90.220	406.23	0.61900	5.8049e-05	0.076345	0.0018998	125.44	0.0079719	2.0403	2.7929	148.38	28.726	81.813	181.89	10.889	1.2061e-05	0.019754
141.37	2.9586	798.59	0.0012522	-1.1805	-1.0620	121.10	26.730	90.450	405.36	0.62364	5.7939e-05	0.076250	0.0018882	125.90	0.0079428	2.0388	2.7908	148.35	28.750	82.148	181.84	10.875	1.2073e-05	0.019796
141.44	2.9670	797.87	0.0012533	-1.1754	-1.0565	121.14	26.735	90.681	404.49	0.62830	5.7829e-05	0.076155	0.0018766	126.36	0.0079138	2.0374	2.7887	148.32	28.774	82.486	181.79	10.862	1.2086e-05	0.019838
141.50	2.9754	797.14	0.0012545	-1.1704	-1.0510	121.18	26.741	90.915	403.62	0.63298	5.7720e-05	0.076061	0.0018651	126.82	0.0078849	2.0359	2.7866	148.30	28.799	82.827	181.74	10.848	1.2098e-05	0.019880
141.57	2.9838	796.42	0.0012556	-1.1654	-1.0455	121.21	26.747	91.150	402.76	0.63768	5.7610e-05	0.075967	0.0018537	127.29	0.0078562	2.0344	2.7845	148.27	28.823	83.170	181.69	10.834	1.2111e-05	0.019922
141.63	2.9922	795.69	0.0012568	-1.1603	-1.0400	121.25	26.752	91.387	401.89	0.64241	5.7501e-05	0.075873	0.0018422	127.75	0.0078276	2.0329	2.7824	148.24	28.847	83.517	181.64	10.821	1.2124e-05	0.019965
141.70	3.0006	794.96	0.0012579	-1.1553	-1.0345	121.28	26.758	91.626	401.02	0.64716	5.7392e-05	0.075779	0.0018308	128.22	0.0077992	2.0314	2.7802	148.21	28.872	83.866	181.59	10.807	1.2137e-05	0.020007
141.77	3.0090	794.23	0.0012591	-1.1502	-1.0290	121.32	26.764	91.867	400.16	0.65193	5.7284e-05	0.075686	0.0018195	128.69	0.0077709	2.0299	2.7781	148.18	28.896	84.218	181.54	10.793	1.2150e-05	0.020050
141.83	3.0175	793.51	0.0012602	-1.1452	-1.0235	121.36	26.770	92.110	399.29	0.65673	5.7175e-05	0.075592	0.0018082	129.15	0.0077427	2.0283	2.7759	148.15	28.921	84.573	181.49	10.780	1.2162e-05	0.020093
141.90	3.0259	792.78	0.0012614	-1.1402	-1.0180	121.39	26.776	92.354	398.42	0.66155	5.7067e-05	0.075499	0.0017969	129.62	0.0077147	2.0268	2.7738	148.12	28.945	84.931	181.44	10.766	1.2175e-05	0.020136
141.96	3.0343	792.05	0.0012626	-1.1351	-1.0125	121.43	26.782	92.601	397.56	0.66639	5.6959e-05	0.075406	0.0017856	130.09	0.0076868	2.0253	2.7716	148.09	28.970	85.292	181.39	10.752	1.2188e-05	0.020180
142.02	3.0427	791.32	0.0012637	-1.1301	-1.0071	121.47	26.788	92.849	396.69	0.67126	5.6852e-05	0.075313	0.0017744	130.57	0.0076590	2.0237	2.7694	148.06	28.995	85.656	181.34	10.738	1.2201e-05	0.020223
142.09	3.0511	790.59	0.0012649	-1.1251	-1.0016	121.50	26.794	93.100	395.83	0.67615	5.6744e-05	0.075221	0.0017632	131.04	0.0076313	2.0222	2.7672	148.03	29.020	86.023	181.29	10.725	1.2214e-05	0.020267
142.15	3.0595	789.85	0.0012661	-1.1200	-0.99610	121.54	26.800	93.353	394.97	0.68106	5.6637e-05	0.075128	0.0017521	131.51	0.0076038	2.0206	2.7650	148.00	29.044	86.394	181.24	10.711	1.2227e-05	0.020311
142.22	3.0679	789.12	0.0012672	-1.1150	-0.99062	121.57	26.807	93.607	394.10	0.68601	5.6529e-05	0.075036	0.0017410	131.99	0.0075764	2.0190	2.7628	147.97	29.069	86.767	181.19	10.697	1.2240e-05	0.020355
142.28	3.0763	788.39	0.0012684	-1.1100	-0.98514	121.61	26.813	93.864	393.24	0.69097	5.6423e-05	0.074944	0.0017299	132.46	0.0075492	2.0174	2.7606	147.94	29.094	87.144	181.14	10.684	1.2253e-05	0.020399
142.35	3.0847	787.65	0.0012696	-1.1050	-0.97966	121.65	26.820	94.123	392.38	0.69596	5.6316e-05	0.074852	0.0017189	132.94	0.0075220	2.0159	2.7583	147.91	29.119	87.524	181.09	10.670	1.2267e-05	0.020444
142.41	3.0931	786.92	0.0012708	-1.1000	-0.97419	121.68	26.826	94.384	391.51	0.70098	5.6209e-05	0.074760	0.0017079	133.42	0.0074950	2.0143	2.7561	147.88	29.145	87.907	181.04	10.656	1.2280e-05	0.020488
142.47	3.1015	786.18	0.0012720	-1.0949	-0.96871	121.72	26.833	94.647	390.65	0.70602	5.6103e-05	0.074669	0.0016969	133.90	0.0074681	2.0126	2.7538	147.85	29.170	88.294	180.99	10.643	1.2293e-05	0.020533
142.54	3.1099	785.45	0.0012732	-1.0899	-0.96324	121.75	26.840	94.913	389.79	0.71108	5.5997e-05	0.074578	0.0016860	134.38	0.0074414	2.0110	2.7515	147.82	29.195	88.684	180.93	10.629	1.2306e-05	0.020578
142.60	3.1183	784.71	0.0012744	-1.0849	-0.95776	121.79	26.846	95.180	388.92	0.71618	5.5891e-05	0.074487	0.0016751	134.87	0.0074147	2.0094	2.7493	147.79	29.220	89.077	180.88	10.615	1.2320e-05	0.020624
142.67	3.1267	783.98	0.0012756	-1.0799	-0.95229	121.83	26.853	95.450	388.06	0.72129	5.5785e-05	0.074396	0.0016642	135.35	0.0073882	2.0078	2.7470	147.76	29.246	89.474	180.83	10.601	1.2333e-05	0.020669
142.73	3.1351	783.24	0.0012768	-1.0749	-0.94682	121.86	26.860	95.722	387.20	0.72644	5.5680e-05	0.074305	0.0016534	135.84	0.0073618	2.0061	2.7447	147.73	29.271	89.875	180.78	10.588	1.2347e-05	0.020715
142.79	3.1435	782.50	0.0012780	-1.0699	-0.94134	121.90	26.868	95.997	386.34	0.73161	5.5574e-05	0.074214	0.0016426	136.32	0.0073355	2.0045	2.7423	147.70	29.297	90.279	180.73	10.574	1.2360e-05	0.020761
142.85	3.1519	781.76	0.0012792	-1.0649	-0.93587	121.93	26.875	96.273	385.48	0.73681	5.5469e-05	0.074124	0.0016318	136.81	0.0073093	2.0028	2.7400	147.67	29.322	90.687	180.68	10.560	1.2373e-05	0.020807
142.92	3.1603	781.02	0.0012804	-1.0599	-0.93040	121.97	26.882	96.553	384.61	0.74203	5.5364e-05	0.074034	0.0016211	137.30	0.0072833	2.0011	2.7377	147.64	29.348	91.098	180.63	10.547	1.2387e-05	0.020853
142.98	3.1687	780.28	0.0012816	-1.0549	-0.92493	122.01	26.889	96.834	383.75	0.74728	5.5259e-05	0.073944	0.0016104	137.79	0.0072573	1.9995	2.7353	147.61	29.374	91.513	180.57	10.533	1.2401e-05	0.020900
143.04	3.1771	779.54	0.0012828	-1.0499	-0.91946	122.04	26.897	97.118	382.89	0.75256	5.5154e-05	0.073854	0.0015997	138.28	0.0072315	1.9978	2.7330	147.58	29.400	91.932	180.52	10.519	1.2414e-05	0.020946
143.11	3.1855	778.79	0.0012840	-1.0449	-0.91399	122.08	26.904	97.404	382.03	0.75787	5.5050e-05	0.073764	0.0015891	138.78	0.0072058	1.9961	2.7306	147.55	29.425	92.355	180.47	10.505	1.2428e-05	0.020993
143.17	3.1940	778.05	0.0012853	-1.0399	-0.90852	122.11	26.912	97.693	381.17	0.76320	5.4946e-05	0.073675	0.0015785	139.27	0.0071802	1.9944	2.7282	147.52	29.451	92.781	180.42	10.492	1.2442e-05	0.021041
143.23	3.2024	777.30	0.0012865	-1.0349	-0.90305	122.15	26.920	97.985	380.31	0.76856	5.4842e-05	0.073586	0.0015679	139.77	0.0071547	1.9927	2.7258	147.49	29.477	93.212	180.36	10.478	1.2455e-05	0.021088
143.29	3.2108	776.56	0.0012877	-1.0299	-0.89758	122.19	26.927	98.279	379.45	0.77395	5.4738e-05	0.073496	0.0015574	140.27	0.0071293	1.9909	2.7234	147.45	29.504	93.646	180.31	10.464	1.2469e-05	0.021136
143.36	3.2192	775.81	0.0012890	-1.0249	-0.89211	122.22	26.935	98.575	378.59	0.77937	5.4634e-05	0.073408	0.0015469	140.76	0.0071040	1.9892	2.7210	147.42	29.530	94.085	180.26	10.450	1.2483e-05	0.021184
143.42	3.2276	775.07	0.0012902	-1.0199	-0.88663	122.26	26.943	98.874	377.73	0.78482	5.4530e-05	0.073319	0.0015365	141.27	0.0070789	1.9875	2.7186	147.39	29.556	94.528	180.21	10.437	1.2497e-05	0.021232
143.48	3.2360	774.32	0.0012915	-1.0149	-0.88116	122.29	26.951	99.176	376.87	0.79030	5.4427e-05	0.073230	0.0015260	141.77	0.0070538	1.9857	2.7161	147.36	29.582	94.975	180.15	10.423	1.2511e-05	0.021280
143.54	3.2444	773.57	0.0012927	-1.0099	-0.87569	122.33	26.960	99.481	376.01	0.79580	5.4324e-05	0.073142	0.0015157	142.27	0.0070289	1.9839	2.7137	147.33	29.609	95.426	180.10	10.409	1.2525e-05	0.021329
143.60	3.2528	772.82	0.0012940	-1.0049	-0.87022	122.36	26.968	99.788	375.15	0.80134	5.4220e-05	0.073054	0.0015053	142.77	0.0070040	1.9822	2.7112	147.30	29.635	95.881	180.05	10.395	1.2539e-05	0.021377
143.66	3.2612	772.07	0.0012952	-0.99991	-0.86475	122.40	26.976	100.10	374.29	0.80690	5.4117e-05	0.072966	0.0014950	143.28	0.0069793	1.9804	2.7087	147.27	29.662	96.341	179.99	10.381	1.2553e-05	0.021426
143.73	3.2696	771.32	0.0012965	-0.99492	-0.85927	122.44	26.985	100.41	373.43	0.81250	5.4015e-05	0.072878	0.0014847	143.79	0.0069547	1.9786	2.7062	147.24	29.689	96.805	179.94	10.367	1.2567e-05	0.021476
143.79	3.2780	770.56	0.0012978	-0.98992	-0.85380	122.47	26.993	100.73	372.57	0.81812	5.3912e-05	0.072790	0.0014744	144.30	0.0069301	1.9768	2.7037	147.21	29.715	97.274	179.89	10.354	1.2582e-05	0.021525
143.85	3.2864	769.81	0.0012990	-0.98493	-0.84832	122.51	27.002	101.05	371.71	0.82378	5.3809e-05	0.072702	0.0014642	144.81	0.0069057	1.9750	2.7012	147.18	29.742	97.747	179.83	10.340	1.2596e-05	0.021575
143.91	3.2948	769.05	0.0013003	-0.97994	-0.84285	122.54	27.011	101.37	370.85	0.82947	5.3707e-05	0.072615	0.0014540	145.32	0.0068814	1.9732	2.6987	147.15	29.769	98.225	179.78	10.326	1.2610e-05	0.021625
143.97	3.3032	768.30	0.0013016	-0.97495	-0.83737	122.58	27.020	101.69	369.99	0.83518	5.3605e-05	0.072528	0.0014438	145.83	0.0068571	1.9713	2.6961	147.12	29.796	98.707	179.73	10.312	1.2625e-05	0.021675
144.03	3.3116	767.54	0.0013029	-0.96996	-0.83190	122.61	27.029	102.02	369.13	0.84093	5.3503e-05	0.072441	0.0014337	146.35	0.0068330	1.9695	2.6936	147.09	29.823	99.195	179.67	10.298	1.2639e-05	0.021726
144.09	3.3200	766.78	0.0013041	-0.96497	-0.82642	122.65	27.038	102.35	368.27	0.84671	5.3401e-05	0.072354	0.0014236	146.87	0.0068090	1.9676	2.6910	147.06	29.851	99.687	179.62	10.284	1.2654e-05	0.021776
144.15	3.3284	766.03	0.0013054	-0.95997	-0.82094	122.68	27.047	102.68	367.41	0.85253	5.3299e-05	0.072267	0.0014135	147.38	0.0067850	1.9658	2.6884	147.03	29.878	100.18	179.56	10.270	1.2668e-05	0.021828
144.21	3.3368	765.27	0.0013067	-0.95498	-0.81546	122.72	27.056	103.02	366.55	0.85837	5.3198e-05	0.072181	0.0014035	147.90	0.0067612	1.9639	2.6858	147.00	29.905	100.69	179.51	10.256	1.2683e-05	0.021879
144.27	3.3452	764.50	0.0013080	-0.94999	-0.80997	122.76	27.065	103.36	365.69	0.86425	5.3096e-05	0.072095	0.0013935	148.42	0.0067375	1.9620	2.6832	146.97	29.933	101.19	179.45	10.243	1.2697e-05	0.021930
144.33	3.3536	763.74	0.0013093	-0.94500	-0.80449	122.79	27.075	103.70	364.83	0.87016	5.2995e-05	0.072008	0.0013835	148.95	0.0067138	1.9602	2.6806	146.94	29.960	101.70	179.40	10.229	1.2712e-05	0.021982
144.39	3.3620	762.98	0.0013107	-0.94001	-0.79901	122.83	27.085	104.05	363.97	0.87610	5.2894e-05	0.071923	0.0013736	149.47	0.0066903	1.9583	2.6780	146.91	29.988	102.22	179.34	10.215	1.2727e-05	0.022034
144.45	3.3705	762.21	0.0013120	-0.93502	-0.79352	122.86	27.094	104.40	363.11	0.88208	5.2793e-05	0.071837	0.0013637	150.00	0.0066668	1.9563	2.6754	146.88	30.016	102.74	179.29	10.201	1.2742e-05	0.022087
144.51	3.3789	761.45	0.0013133	-0.93002	-0.78803	122.90	27.104	104.75	362.25	0.88808	5.2692e-05	0.071751	0.0013538	150.52	0.0066434	1.9544	2.6727	146.85	30.044	103.27	179.23	10.187	1.2757e-05	0.022139
144.57	3.3873	760.68	0.0013146	-0.92503	-0.78254	122.93	27.114	105.11	361.39	0.89413	5.2591e-05	0.071666	0.0013440	151.05	0.0066202	1.9525	2.6700	146.81	30.072	103.81	179.18	10.173	1.2772e-05	0.022192
144.63	3.3957	759.91	0.0013159	-0.92004	-0.77705	122.97	27.124	105.47	360.53	0.90021	5.2490e-05	0.071580	0.0013341	151.58	0.0065970	1.9506	2.6674	146.78	30.100	104.35	179.12	10.159	1.2787e-05	0.022246
144.69	3.4041	759.15	0.0013173	-0.91504	-0.77156	123.00	27.134	105.83	359.67	0.90632	5.2390e-05	0.071495	0.0013244	152.12	0.0065739	1.9486	2.6647	146.75	30.128	104.89	179.07	10.145	1.2802e-05	0.022299
144.75	3.4125	758.37	0.0013186	-0.91005	-0.76606	123.04	27.145	106.20	358.81	0.91247	5.2289e-05	0.071410	0.0013146	152.65	0.0065509	1.9466	2.6620	146.72	30.156	105.44	179.01	10.131	1.2817e-05	0.022353
144.81	3.4209	757.60	0.0013200	-0.90505	-0.76057	123.08	27.155	106.57	357.95	0.91865	5.2189e-05	0.071326	0.0013049	153.19	0.0065279	1.9447	2.6592	146.69	30.184	106.00	178.96	10.117	1.2832e-05	0.022407
144.87	3.4293	756.83	0.0013213	-0.90006	-0.75507	123.11	27.165	106.95	357.09	0.92487	5.2089e-05	0.071241	0.0012952	153.73	0.0065051	1.9427	2.6565	146.66	30.213	106.56	178.90	10.102	1.2847e-05	0.022461
144.93	3.4377	756.06	0.0013227	-0.89506	-0.74957	123.15	27.176	107.33	356.23	0.93112	5.1989e-05	0.071157	0.0012855	154.26	0.0064824	1.9407	2.6538	146.63	30.241	107.13	178.85	10.088	1.2863e-05	0.022516
144.99	3.4461	755.28	0.0013240	-0.89006	-0.74406	123.18	27.187	107.71	355.37	0.93741	5.1889e-05	0.071072	0.0012759	154.81	0.0064597	1.9387	2.6510	146.60	30.270	107.70	178.79	10.074	1.2878e-05	0.022571
145.05	3.4545	754.51	0.0013254	-0.88506	-0.73856	123.22	27.198	108.10	354.51	0.94374	5.1789e-05	0.070988	0.0012663	155.35	0.0064371	1.9367	2.6482	146.57	30.299	108.28	178.73	10.060	1.2893e-05	0.022626
145.11	3.4629	753.73	0.0013267	-0.88006	-0.73305	123.25	27.209	108.49	353.65	0.95010	5.1689e-05	0.070904	0.0012568	155.89	0.0064147	1.9346	2.6454	146.54	30.328	108.87	178.68	10.046	1.2909e-05	0.022682
145.16	3.4713	752.95	0.0013281	-0.87506	-0.72754	123.29	27.220	108.88	352.79	0.95650	5.1590e-05	0.070821	0.0012472	156.44	0.0063923	1.9326	2.6426	146.50	30.357	109.46	178.62	10.032	1.2924e-05	0.022738
145.22	3.4797	752.17	0.0013295	-0.87006	-0.72202	123.32	27.231	109.28	351.92	0.96294	5.1490e-05	0.070737	0.0012377	156.99	0.0063699	1.9306	2.6398	146.47	30.386	110.06	178.56	10.018	1.2940e-05	0.022794
145.28	3.4881	751.39	0.0013309	-0.86505	-0.71651	123.36	27.243	109.68	351.06	0.96942	5.1391e-05	0.070654	0.0012283	157.54	0.0063477	1.9285	2.6370	146.44	30.415	110.67	178.51	10.003	1.2956e-05	0.022851
145.34	3.4965	750.60	0.0013323	-0.86005	-0.71099	123.39	27.254	110.09	350.20	0.97593	5.1291e-05	0.070570	0.0012188	158.09	0.0063255	1.9264	2.6342	146.41	30.444	111.28	178.45	9.9891	1.2972e-05	0.022907
145.40	3.5049	749.82	0.0013337	-0.85504	-0.70547	123.43	27.266	110.50	349.34	0.98248	5.1192e-05	0.070487	0.0012094	158.64	0.0063035	1.9243	2.6313	146.38	30.474	111.90	178.39	9.9749	1.2988e-05	0.022965
145.46	3.5133	749.03	0.0013351	-0.85003	-0.69994	123.47	27.278	110.91	348.48	0.98908	5.1093e-05	0.070404	0.0012000	159.20	0.0062815	1.9223	2.6284	146.35	30.503	112.52	178.34	9.9606	1.3003e-05	0.023022
145.51	3.5217	748.24	0.0013365	-0.84502	-0.69442	123.50	27.289	111.33	347.61	0.99571	5.0994e-05	0.070322	0.0011907	159.76	0.0062596	1.9201	2.6255	146.32	30.533	113.16	178.28	9.9463	1.3019e-05	0.023080
145.57	3.5301	747.46	0.0013379	-0.84001	-0.68888	123.54	27.301	111.76	346.75	1.0024	5.0895e-05	0.070239	0.0011813	160.31	0.0062377	1.9180	2.6226	146.29	30.562	113.80	178.22	9.9320	1.3036e-05	0.023138
145.63	3.5385	746.67	0.0013393	-0.83500	-0.68335	123.57	27.314	112.19	345.89	1.0091	5.0797e-05	0.070157	0.0011721	160.88	0.0062160	1.9159	2.6197	146.25	30.592	114.45	178.16	9.9177	1.3052e-05	0.023197
145.69	3.5470	745.87	0.0013407	-0.82998	-0.67781	123.61	27.326	112.62	345.02	1.0158	5.0698e-05	0.070075	0.0011628	161.44	0.0061943	1.9138	2.6168	146.22	30.622	115.10	178.11	9.9033	1.3068e-05	0.023256
145.75	3.5554	745.08	0.0013421	-0.82496	-0.67227	123.64	27.338	113.06	344.16	1.0226	5.0599e-05	0.069993	0.0011536	162.00	0.0061727	1.9116	2.6139	146.19	30.652	115.77	178.05	9.8890	1.3084e-05	0.023315
145.80	3.5638	744.29	0.0013436	-0.81994	-0.66673	123.68	27.351	113.50	343.30	1.0295	5.0501e-05	0.069911	0.0011444	162.57	0.0061511	1.9094	2.6109	146.16	30.683	116.44	177.99	9.8746	1.3101e-05	0.023375
145.86	3.5722	743.49	0.0013450	-0.81492	-0.66118	123.71	27.364	113.95	342.43	1.0364	5.0402e-05	0.069829	0.0011352	163.14	0.0061297	1.9073	2.6079	146.13	30.713	117.11	177.93	9.8601	1.3117e-05	0.023435
145.92	3.5806	742.69	0.0013465	-0.80990	-0.65563	123.75	27.377	114.40	341.57	1.0433	5.0304e-05	0.069748	0.0011260	163.71	0.0061083	1.9051	2.6049	146.10	30.744	117.80	177.87	9.8457	1.3134e-05	0.023495
145.98	3.5890	741.89	0.0013479	-0.80487	-0.65007	123.79	27.390	114.86	340.70	1.0502	5.0206e-05	0.069666	0.0011169	164.28	0.0060870	1.9029	2.6019	146.06	30.774	118.50	177.82	9.8312	1.3150e-05	0.023556
146.03	3.5974	741.09	0.0013494	-0.79984	-0.64451	123.82	27.403	115.32	339.84	1.0572	5.0108e-05	0.069585	0.0011079	164.86	0.0060658	1.9007	2.5989	146.03	30.805	119.20	177.76	9.8167	1.3167e-05	0.023617
146.09	3.6058	740.29	0.0013508	-0.79481	-0.63895	123.86	27.416	115.79	338.97	1.0643	5.0010e-05	0.069504	0.0010988	165.44	0.0060446	1.8984	2.5959	146.00	30.836	119.91	177.70	9.8022	1.3184e-05	0.023678
146.15	3.6142	739.48	0.0013523	-0.78977	-0.63338	123.89	27.430	116.26	338.11	1.0714	4.9911e-05	0.069423	0.0010898	166.02	0.0060235	1.8962	2.5928	145.97	30.867	120.63	177.64	9.7876	1.3201e-05	0.023740
146.20	3.6226	738.68	0.0013538	-0.78474	-0.62781	123.93	27.444	116.74	337.24	1.0785	4.9814e-05	0.069343	0.0010808	166.60	0.0060025	1.8940	2.5898	145.94	30.898	121.36	177.58	9.7730	1.3218e-05	0.023802
146.26	3.6310	737.87	0.0013553	-0.77970	-0.62223	123.96	27.457	117.23	336.37	1.0857	4.9716e-05	0.069262	0.0010718	167.18	0.0059816	1.8917	2.5867	145.90	30.929	122.09	177.52	9.7584	1.3235e-05	0.023865
146.32	3.6394	737.06	0.0013567	-0.77466	-0.61665	124.00	27.471	117.72	335.51	1.0929	4.9618e-05	0.069182	0.0010629	167.77	0.0059607	1.8894	2.5836	145.87	30.961	122.84	177.46	9.7438	1.3252e-05	0.023928
146.37	3.6478	736.25	0.0013582	-0.76961	-0.61107	124.04	27.485	118.21	334.64	1.1002	4.9520e-05	0.069102	0.0010540	168.35	0.0059399	1.8871	2.5805	145.84	30.992	123.60	177.40	9.7291	1.3269e-05	0.023991
146.43	3.6562	735.44	0.0013597	-0.76456	-0.60548	124.07	27.500	118.72	333.77	1.1075	4.9422e-05	0.069022	0.0010451	168.94	0.0059191	1.8848	2.5773	145.81	31.024	124.36	177.34	9.7144	1.3286e-05	0.024055
146.49	3.6646	734.62	0.0013612	-0.75951	-0.59988	124.11	27.514	119.22	332.90	1.1149	4.9325e-05	0.068942	0.0010363	169.54	0.0058985	1.8825	2.5742	145.77	31.056	125.14	177.28	9.6997	1.3304e-05	0.024120
146.54	3.6730	733.80	0.0013628	-0.75445	-0.59428	124.14	27.529	119.74	332.03	1.1223	4.9227e-05	0.068863	0.0010274	170.13	0.0058778	1.8802	2.5710	145.74	31.088	125.92	177.22	9.6850	1.3321e-05	0.024184
146.60	3.6814	732.99	0.0013643	-0.74939	-0.58868	124.18	27.544	120.26	331.16	1.1298	4.9130e-05	0.068783	0.0010187	170.73	0.0058573	1.8778	2.5678	145.71	31.120	126.71	177.16	9.6702	1.3339e-05	0.024249
146.66	3.6898	732.17	0.0013658	-0.74433	-0.58307	124.21	27.559	120.78	330.29	1.1373	4.9032e-05	0.068704	0.0010099	171.33	0.0058368	1.8755	2.5647	145.68	31.152	127.52	177.10	9.6554	1.3356e-05	0.024315
146.71	3.6982	731.34	0.0013673	-0.73927	-0.57746	124.25	27.574	121.31	329.42	1.1448	4.8935e-05	0.068625	0.0010012	171.93	0.0058164	1.8731	2.5614	145.64	31.184	128.33	177.04	9.6406	1.3374e-05	0.024381
146.77	3.7066	730.52	0.0013689	-0.73420	-0.57184	124.29	27.589	121.85	328.55	1.1525	4.8838e-05	0.068546	0.00099246	172.53	0.0057961	1.8707	2.5582	145.61	31.217	129.16	176.98	9.6257	1.3392e-05	0.024447
146.82	3.7150	729.69	0.0013704	-0.72912	-0.56621	124.32	27.605	122.40	327.68	1.1601	4.8740e-05	0.068468	0.00098379	173.14	0.0057758	1.8684	2.5550	145.58	31.249	129.99	176.92	9.6108	1.3410e-05	0.024514
146.88	3.7235	728.87	0.0013720	-0.72405	-0.56058	124.36	27.620	122.95	326.81	1.1678	4.8643e-05	0.068389	0.00097515	173.74	0.0057556	1.8659	2.5517	145.55	31.282	130.84	176.86	9.5958	1.3428e-05	0.024581
146.93	3.7319	728.04	0.0013736	-0.71897	-0.55494	124.39	27.636	123.51	325.94	1.1756	4.8546e-05	0.068311	0.00096653	174.36	0.0057354	1.8635	2.5484	145.51	31.315	131.69	176.80	9.5809	1.3446e-05	0.024649
146.99	3.7403	727.20	0.0013751	-0.71388	-0.54930	124.43	27.652	124.08	325.06	1.1834	4.8449e-05	0.068233	0.00095795	174.97	0.0057153	1.8611	2.5451	145.48	31.348	132.56	176.73	9.5659	1.3464e-05	0.024718
147.05	3.7487	726.37	0.0013767	-0.70879	-0.54365	124.46	27.669	124.65	324.19	1.1913	4.8352e-05	0.068155	0.00094939	175.58	0.0056953	1.8586	2.5418	145.45	31.382	133.44	176.67	9.5508	1.3483e-05	0.024786
147.10	3.7571	725.53	0.0013783	-0.70370	-0.53800	124.50	27.685	125.23	323.32	1.1992	4.8255e-05	0.068078	0.00094086	176.20	0.0056753	1.8562	2.5385	145.41	31.415	134.33	176.61	9.5358	1.3501e-05	0.024855
147.16	3.7655	724.70	0.0013799	-0.69860	-0.53234	124.54	27.702	125.82	322.44	1.2072	4.8158e-05	0.068000	0.00093236	176.82	0.0056554	1.8537	2.5351	145.38	31.449	135.24	176.55	9.5207	1.3520e-05	0.024925
147.21	3.7739	723.86	0.0013815	-0.69350	-0.52667	124.57	27.718	126.41	321.56	1.2152	4.8061e-05	0.067923	0.00092389	177.44	0.0056356	1.8512	2.5317	145.35	31.483	136.15	176.49	9.5055	1.3538e-05	0.024995
147.27	3.7823	723.01	0.0013831	-0.68839	-0.52100	124.61	27.735	127.02	320.69	1.2233	4.7964e-05	0.067846	0.00091545	178.07	0.0056158	1.8487	2.5284	145.32	31.517	137.08	176.42	9.4904	1.3557e-05	0.025066
147.32	3.7907	722.17	0.0013847	-0.68328	-0.51532	124.64	27.753	127.63	319.81	1.2314	4.7867e-05	0.067769	0.00090704	178.70	0.0055960	1.8462	2.5249	145.28	31.551	138.02	176.36	9.4751	1.3576e-05	0.025137
147.38	3.7991	721.32	0.0013863	-0.67816	-0.50963	124.68	27.770	128.25	318.93	1.2396	4.7770e-05	0.067692	0.00089865	179.33	0.0055763	1.8436	2.5215	145.25	31.585	138.98	176.30	9.4599	1.3595e-05	0.025209
147.43	3.8075	720.48	0.0013880	-0.67304	-0.50393	124.72	27.788	128.87	318.06	1.2478	4.7673e-05	0.067616	0.00089029	179.96	0.0055567	1.8411	2.5181	145.21	31.620	139.95	176.23	9.4446	1.3614e-05	0.025281
147.48	3.8159	719.62	0.0013896	-0.66791	-0.49823	124.75	27.806	129.51	317.18	1.2562	4.7576e-05	0.067540	0.00088197	180.60	0.0055371	1.8385	2.5146	145.18	31.654	140.93	176.17	9.4293	1.3633e-05	0.025354
147.54	3.8243	718.77	0.0013913	-0.66278	-0.49253	124.79	27.824	130.15	316.30	1.2645	4.7479e-05	0.067464	0.00087367	181.24	0.0055176	1.8359	2.5111	145.15	31.689	141.92	176.11	9.4139	1.3652e-05	0.025427
147.59	3.8327	717.92	0.0013929	-0.65764	-0.48681	124.83	27.842	130.80	315.42	1.2729	4.7383e-05	0.067388	0.00086540	181.88	0.0054982	1.8333	2.5076	145.11	31.724	142.93	176.04	9.3985	1.3672e-05	0.025501
147.65	3.8411	717.06	0.0013946	-0.65250	-0.48109	124.86	27.860	131.47	314.53	1.2814	4.7286e-05	0.067312	0.00085715	182.52	0.0054788	1.8307	2.5041	145.08	31.759	143.95	175.98	9.3831	1.3691e-05	0.025576
147.70	3.8495	716.20	0.0013963	-0.64735	-0.47536	124.90	27.879	132.14	313.65	1.2900	4.7189e-05	0.067237	0.00084894	183.17	0.0054594	1.8281	2.5006	145.05	31.795	144.99	175.91	9.3676	1.3711e-05	0.025651
147.76	3.8579	715.34	0.0013979	-0.64220	-0.46962	124.93	27.898	132.82	312.77	1.2986	4.7092e-05	0.067162	0.00084075	183.82	0.0054401	1.8254	2.4970	145.01	31.830	146.05	175.85	9.3520	1.3731e-05	0.025726
147.81	3.8663	714.47	0.0013996	-0.63704	-0.46387	124.97	27.917	133.51	311.89	1.3073	4.6995e-05	0.067087	0.00083260	184.47	0.0054209	1.8228	2.4934	144.98	31.866	147.11	175.79	9.3365	1.3751e-05	0.025802
147.86	3.8747	713.60	0.0014013	-0.63187	-0.45812	125.01	27.937	134.21	311.00	1.3160	4.6899e-05	0.067012	0.00082447	185.13	0.0054017	1.8201	2.4898	144.94	31.902	148.20	175.72	9.3209	1.3771e-05	0.025879
147.92	3.8831	712.73	0.0014031	-0.62670	-0.45236	125.04	27.956	134.91	310.12	1.3248	4.6802e-05	0.066937	0.00081637	185.79	0.0053825	1.8174	2.4862	144.91	31.938	149.30	175.66	9.3052	1.3791e-05	0.025956
147.97	3.8915	711.86	0.0014048	-0.62152	-0.44659	125.08	27.976	135.63	309.23	1.3336	4.6705e-05	0.066863	0.00080829	186.45	0.0053634	1.8147	2.4826	144.87	31.974	150.41	175.59	9.2895	1.3811e-05	0.026034
148.03	3.9000	710.99	0.0014065	-0.61633	-0.44081	125.12	27.996	136.36	308.34	1.3426	4.6608e-05	0.066789	0.00080025	187.11	0.0053444	1.8119	2.4789	144.84	32.011	151.55	175.52	9.2737	1.3832e-05	0.026113
148.08	3.9084	710.11	0.0014082	-0.61114	-0.43502	125.15	28.017	137.10	307.45	1.3515	4.6511e-05	0.066715	0.00079223	187.78	0.0053254	1.8092	2.4752	144.81	32.048	152.70	175.46	9.2580	1.3852e-05	0.026192
148.13	3.9168	709.23	0.0014100	-0.60594	-0.42923	125.19	28.037	137.86	306.56	1.3606	4.6415e-05	0.066642	0.00078424	188.45	0.0053065	1.8064	2.4715	144.77	32.084	153.87	175.39	9.2421	1.3873e-05	0.026272
148.19	3.9252	708.34	0.0014117	-0.60074	-0.42342	125.23	28.058	138.62	305.67	1.3697	4.6318e-05	0.066568	0.00077628	189.12	0.0052876	1.8036	2.4678	144.74	32.122	155.05	175.33	9.2262	1.3894e-05	0.026352
148.24	3.9336	707.46	0.0014135	-0.59552	-0.41761	125.26	28.079	139.39	304.78	1.3789	4.6221e-05	0.066495	0.00076835	189.80	0.0052687	1.8008	2.4640	144.70	32.159	156.26	175.26	9.2103	1.3914e-05	0.026433
148.29	3.9420	706.57	0.0014153	-0.59030	-0.41178	125.30	28.101	140.18	303.89	1.3882	4.6124e-05	0.066422	0.00076045	190.48	0.0052499	1.7980	2.4602	144.67	32.197	157.48	175.19	9.1943	1.3936e-05	0.026515
148.35	3.9504	705.68	0.0014171	-0.58508	-0.40595	125.34	28.122	140.97	303.00	1.3975	4.6027e-05	0.066350	0.00075257	191.16	0.0052311	1.7952	2.4564	144.63	32.234	158.72	175.13	9.1783	1.3957e-05	0.026598
148.40	3.9588	704.78	0.0014189	-0.57984	-0.40010	125.37	28.144	141.78	302.10	1.4069	4.5930e-05	0.066277	0.00074473	191.85	0.0052124	1.7923	2.4526	144.60	32.272	159.98	175.06	9.1622	1.3978e-05	0.026681
148.45	3.9672	703.89	0.0014207	-0.57460	-0.39425	125.41	28.166	142.60	301.21	1.4164	4.5833e-05	0.066205	0.00073691	192.54	0.0051938	1.7895	2.4488	144.56	32.311	161.27	174.99	9.1461	1.4000e-05	0.026764
148.51	3.9756	702.99	0.0014225	-0.56935	-0.38839	125.45	28.189	143.44	300.31	1.4259	4.5736e-05	0.066133	0.00072911	193.23	0.0051751	1.7866	2.4449	144.53	32.349	162.57	174.92	9.1299	1.4021e-05	0.026849
148.56	3.9840	702.08	0.0014243	-0.56409	-0.38251	125.48	28.212	144.28	299.41	1.4356	4.5639e-05	0.066062	0.00072135	193.93	0.0051566	1.7837	2.4410	144.49	32.388	163.89	174.86	9.1136	1.4043e-05	0.026934
148.61	3.9924	701.18	0.0014262	-0.55883	-0.37663	125.52	28.235	145.14	298.52	1.4453	4.5542e-05	0.065991	0.00071362	194.63	0.0051380	1.7807	2.4371	144.45	32.427	165.24	174.79	9.0974	1.4065e-05	0.027020
148.66	4.0008	700.27	0.0014280	-0.55355	-0.37073	125.56	28.258	146.02	297.62	1.4550	4.5445e-05	0.065919	0.00070591	195.33	0.0051195	1.7778	2.4332	144.42	32.466	166.61	174.72	9.0810	1.4087e-05	0.027107
148.72	4.0092	699.36	0.0014299	-0.54827	-0.36483	125.59	28.281	146.91	296.72	1.4649	4.5348e-05	0.065849	0.00069823	196.04	0.0051011	1.7748	2.4292	144.38	32.505	168.00	174.65	9.0646	1.4109e-05	0.027195
148.77	4.0176	698.44	0.0014318	-0.54298	-0.35891	125.63	28.305	147.81	295.81	1.4748	4.5251e-05	0.065778	0.00069058	196.75	0.0050826	1.7718	2.4253	144.35	32.545	169.41	174.58	9.0482	1.4132e-05	0.027283
148.82	4.0260	697.52	0.0014336	-0.53768	-0.35298	125.67	28.330	148.73	294.91	1.4848	4.5153e-05	0.065708	0.00068296	197.46	0.0050643	1.7688	2.4212	144.31	32.585	170.85	174.51	9.0317	1.4154e-05	0.027372
148.87	4.0344	696.60	0.0014355	-0.53237	-0.34704	125.71	28.354	149.66	294.00	1.4949	4.5056e-05	0.065638	0.00067536	198.18	0.0050459	1.7658	2.4172	144.27	32.625	172.31	174.44	9.0151	1.4177e-05	0.027462
148.93	4.0428	695.68	0.0014374	-0.52705	-0.34109	125.74	28.379	150.61	293.10	1.5051	4.4959e-05	0.065568	0.00066779	198.90	0.0050276	1.7628	2.4132	144.24	32.665	173.80	174.37	8.9985	1.4200e-05	0.027553
148.98	4.0512	694.75	0.0014394	-0.52172	-0.33513	125.78	28.404	151.57	292.19	1.5153	4.4861e-05	0.065499	0.00066025	199.63	0.0050094	1.7597	2.4091	144.20	32.706	175.31	174.30	8.9818	1.4223e-05	0.027644
149.03	4.0596	693.82	0.0014413	-0.51638	-0.32915	125.82	28.430	152.55	291.28	1.5257	4.4764e-05	0.065430	0.00065274	200.35	0.0049911	1.7566	2.4050	144.16	32.747	176.85	174.23	8.9650	1.4246e-05	0.027737
149.08	4.0680	692.88	0.0014432	-0.51103	-0.32316	125.86	28.456	153.55	290.37	1.5361	4.4666e-05	0.065361	0.00064526	201.09	0.0049730	1.7535	2.4008	144.13	32.788	178.42	174.16	8.9482	1.4269e-05	0.027830
149.13	4.0765	691.94	0.0014452	-0.50568	-0.31716	125.89	28.482	154.56	289.46	1.5466	4.4568e-05	0.065293	0.00063781	201.82	0.0049548	1.7504	2.3967	144.09	32.829	180.01	174.09	8.9314	1.4293e-05	0.027924
149.19	4.0849	691.00	0.0014472	-0.50031	-0.31115	125.93	28.508	155.59	288.55	1.5572	4.4471e-05	0.065225	0.00063038	202.57	0.0049367	1.7472	2.3925	144.05	32.871	181.63	174.02	8.9144	1.4317e-05	0.028019
149.24	4.0933	690.06	0.0014492	-0.49493	-0.30512	125.97	28.535	156.64	287.63	1.5679	4.4373e-05	0.065157	0.00062298	203.31	0.0049186	1.7440	2.3883	144.02	32.913	183.28	173.94	8.8975	1.4341e-05	0.028115
149.29	4.1017	689.11	0.0014512	-0.48954	-0.29908	126.01	28.562	157.71	286.72	1.5787	4.4275e-05	0.065090	0.00061561	204.06	0.0049006	1.7408	2.3840	143.98	32.955	184.97	173.87	8.8804	1.4365e-05	0.028212
149.34	4.1101	688.15	0.0014532	-0.48414	-0.29302	126.05	28.590	158.80	285.80	1.5895	4.4177e-05	0.065023	0.00060827	204.81	0.0048825	1.7376	2.3797	143.94	32.998	186.68	173.80	8.8633	1.4389e-05	0.028310
149.39	4.1185	687.20	0.0014552	-0.47873	-0.28695	126.08	28.618	159.91	284.88	1.6005	4.4079e-05	0.064956	0.00060095	205.57	0.0048646	1.7344	2.3754	143.90	33.040	188.42	173.73	8.8461	1.4414e-05	0.028408
149.44	4.1269	686.24	0.0014572	-0.47330	-0.28087	126.12	28.646	161.04	283.96	1.6116	4.3980e-05	0.064890	0.00059366	206.33	0.0048466	1.7311	2.3711	143.87	33.083	190.20	173.65	8.8288	1.4438e-05	0.028508
149.50	4.1353	685.27	0.0014593	-0.46787	-0.27477	126.16	28.675	162.18	283.04	1.6227	4.3882e-05	0.064824	0.00058641	207.10	0.0048287	1.7278	2.3668	143.83	33.127	192.01	173.58	8.8115	1.4463e-05	0.028609
149.55	4.1437	684.30	0.0014613	-0.46242	-0.26866	126.20	28.704	163.35	282.11	1.6340	4.3784e-05	0.064758	0.00057918	207.87	0.0048108	1.7245	2.3624	143.79	33.171	193.86	173.50	8.7941	1.4488e-05	0.028711
149.60	4.1521	683.33	0.0014634	-0.45696	-0.26253	126.24	28.733	164.55	281.19	1.6453	4.3685e-05	0.064693	0.00057197	208.64	0.0047929	1.7212	2.3580	143.75	33.215	195.74	173.43	8.7766	1.4514e-05	0.028813
149.65	4.1605	682.35	0.0014655	-0.45149	-0.25639	126.27	28.763	165.76	280.26	1.6568	4.3586e-05	0.064628	0.00056480	209.42	0.0047751	1.7178	2.3535	143.71	33.259	197.66	173.35	8.7591	1.4539e-05	0.028917
149.70	4.1689	681.37	0.0014676	-0.44601	-0.25023	126.31	28.794	167.00	279.33	1.6683	4.3488e-05	0.064563	0.00055765	210.20	0.0047573	1.7144	2.3490	143.68	33.304	199.61	173.28	8.7415	1.4565e-05	0.029022
149.75	4.1773	680.39	0.0014698	-0.44051	-0.24405	126.35	28.824	168.26	278.40	1.6800	4.3389e-05	0.064499	0.00055054	210.99	0.0047395	1.7110	2.3445	143.64	33.349	201.61	173.20	8.7238	1.4591e-05	0.029128
149.80	4.1857	679.40	0.0014719	-0.43500	-0.23786	126.39	28.855	169.55	277.47	1.6918	4.3289e-05	0.064435	0.00054345	211.79	0.0047218	1.7076	2.3400	143.60	33.394	203.64	173.13	8.7060	1.4617e-05	0.029236
149.85	4.1941	678.40	0.0014740	-0.42948	-0.23165	126.43	28.887	170.86	276.53	1.7036	4.3190e-05	0.064372	0.00053639	212.58	0.0047040	1.7041	2.3354	143.56	33.439	205.71	173.05	8.6882	1.4643e-05	0.029344
149.90	4.2025	677.41	0.0014762	-0.42394	-0.22542	126.47	28.919	172.20	275.60	1.7156	4.3091e-05	0.064309	0.00052935	213.39	0.0046863	1.7006	2.3308	143.52	33.485	207.83	172.97	8.6703	1.4670e-05	0.029454
149.95	4.2109	676.40	0.0014784	-0.41839	-0.21918	126.51	28.951	173.57	274.66	1.7277	4.2991e-05	0.064247	0.00052235	214.19	0.0046687	1.6971	2.3262	143.48	33.532	209.99	172.90	8.6523	1.4696e-05	0.029564
150.00	4.2193	675.39	0.0014806	-0.41282	-0.21292	126.55	28.984	174.96	273.72	1.7399	4.2891e-05	0.064185	0.00051537	215.01	0.0046510	1.6935	2.3215	143.44	33.578	212.20	172.82	8.6342	1.4724e-05	0.029676
150.05	4.2277	674.38	0.0014828	-0.40724	-0.20664	126.59	29.018	176.38	272.77	1.7522	4.2792e-05	0.064123	0.00050843	215.83	0.0046334	1.6900	2.3168	143.40	33.625	214.45	172.74	8.6160	1.4751e-05	0.029790
150.11	4.2361	673.36	0.0014851	-0.40164	-0.20034	126.62	29.052	177.84	271.83	1.7647	4.2692e-05	0.064062	0.00050151	216.65	0.0046158	1.6864	2.3120	143.36	33.673	216.75	172.66	8.5978	1.4778e-05	0.029904
150.16	4.2445	672.34	0.0014873	-0.39603	-0.19402	126.66	29.086	179.32	270.88	1.7772	4.2591e-05	0.064001	0.00049462	217.48	0.0045982	1.6827	2.3073	143.32	33.721	219.10	172.58	8.5795	1.4806e-05	0.030020
150.21	4.2530	671.32	0.0014896	-0.39040	-0.18768	126.70	29.121	180.84	269.93	1.7899	4.2491e-05	0.063941	0.00048775	218.31	0.0045806	1.6791	2.3024	143.28	33.769	221.50	172.50	8.5611	1.4834e-05	0.030137
150.26	4.2614	670.28	0.0014919	-0.38476	-0.18132	126.74	29.156	182.38	268.98	1.8027	4.2390e-05	0.063882	0.00048092	219.15	0.0045631	1.6754	2.2976	143.24	33.817	223.95	172.42	8.5426	1.4862e-05	0.030256
150.31	4.2698	669.25	0.0014942	-0.37910	-0.17495	126.78	29.192	183.97	268.03	1.8157	4.2289e-05	0.063822	0.00047412	220.00	0.0045455	1.6717	2.2927	143.20	33.866	226.46	172.34	8.5240	1.4891e-05	0.030376
150.36	4.2782	668.20	0.0014966	-0.37342	-0.16855	126.82	29.228	185.58	267.07	1.8287	4.2188e-05	0.063764	0.00046734	220.85	0.0045280	1.6679	2.2878	143.16	33.915	229.02	172.26	8.5053	1.4920e-05	0.030497
150.41	4.2866	667.16	0.0014989	-0.36772	-0.16213	126.86	29.265	187.24	266.11	1.8419	4.2087e-05	0.063706	0.00046059	221.70	0.0045105	1.6641	2.2828	143.12	33.965	231.64	172.18	8.4865	1.4949e-05	0.030620
150.46	4.2950	666.10	0.0015013	-0.36201	-0.15569	126.90	29.303	188.93	265.15	1.8552	4.1986e-05	0.063648	0.00045387	222.57	0.0044930	1.6603	2.2778	143.08	34.015	234.32	172.10	8.4676	1.4978e-05	0.030744
150.51	4.3034	665.04	0.0015037	-0.35628	-0.14922	126.94	29.341	190.66	264.19	1.8687	4.1884e-05	0.063591	0.00044719	223.44	0.0044756	1.6565	2.2728	143.04	34.066	237.07	172.01	8.4487	1.5008e-05	0.030870
150.55	4.3118	663.98	0.0015061	-0.35053	-0.14274	126.98	29.379	192.43	263.23	1.8823	4.1782e-05	0.063534	0.00044052	224.31	0.0044581	1.6526	2.2677	142.99	34.117	239.87	171.93	8.4296	1.5038e-05	0.030998
150.60	4.3202	662.91	0.0015085	-0.34476	-0.13623	127.02	29.419	194.24	262.26	1.8960	4.1680e-05	0.063478	0.00043389	225.19	0.0044407	1.6487	2.2626	142.95	34.168	242.75	171.85	8.4104	1.5068e-05	0.031127
150.65	4.3286	661.83	0.0015110	-0.33898	-0.12969	127.07	29.458	196.10	261.29	1.9099	4.1577e-05	0.063423	0.00042729	226.08	0.0044232	1.6448	2.2574	142.91	34.220	245.69	171.76	8.3912	1.5098e-05	0.031258
150.70	4.3370	660.75	0.0015134	-0.33317	-0.12313	127.11	29.499	198.00	260.31	1.9239	4.1475e-05	0.063368	0.00042072	226.97	0.0044058	1.6408	2.2522	142.87	34.272	248.70	171.68	8.3718	1.5129e-05	0.031390
150.75	4.3454	659.66	0.0015159	-0.32734	-0.11655	127.15	29.540	199.95	259.34	1.9381	4.1372e-05	0.063314	0.00041417	227.87	0.0043884	1.6368	2.2470	142.83	34.325	251.79	171.59	8.3523	1.5160e-05	0.031525
150.80	4.3538	658.56	0.0015185	-0.32149	-0.10994	127.19	29.582	201.95	258.36	1.9524	4.1268e-05	0.063261	0.00040766	228.78	0.0043710	1.6327	2.2417	142.78	34.378	254.96	171.51	8.3327	1.5192e-05	0.031661
150.85	4.3622	657.46	0.0015210	-0.31562	-0.10331	127.23	29.624	203.99	257.38	1.9669	4.1165e-05	0.063208	0.00040117	229.70	0.0043536	1.6286	2.2363	142.74	34.432	258.20	171.42	8.3130	1.5223e-05	0.031799
150.90	4.3706	656.35	0.0015236	-0.30973	-0.096649	127.27	29.667	206.09	256.39	1.9816	4.1061e-05	0.063156	0.00039472	230.62	0.0043362	1.6245	2.2310	142.70	34.486	261.53	171.33	8.2932	1.5256e-05	0.031939
150.95	4.3790	655.24	0.0015262	-0.30381	-0.089961	127.31	29.711	208.25	255.40	1.9964	4.0957e-05	0.063104	0.00038829	231.55	0.0043188	1.6204	2.2255	142.65	34.541	264.94	171.24	8.2733	1.5288e-05	0.032080
151.00	4.3874	654.11	0.0015288	-0.29787	-0.083244	127.35	29.755	210.46	254.41	2.0113	4.0852e-05	0.063054	0.00038189	232.48	0.0043014	1.6162	2.2201	142.61	34.596	268.44	171.15	8.2533	1.5321e-05	0.032224
151.05	4.3958	652.99	0.0015314	-0.29191	-0.076500	127.40	29.800	212.73	253.42	2.0265	4.0748e-05	0.063004	0.00037552	233.42	0.0042840	1.6119	2.2145	142.56	34.652	272.03	171.07	8.2331	1.5354e-05	0.032370
151.10	4.4042	651.85	0.0015341	-0.28593	-0.069725	127.44	29.846	215.06	252.42	2.0418	4.0642e-05	0.062954	0.00036919	234.37	0.0042667	1.6077	2.2090	142.52	34.708	275.72	170.98	8.2129	1.5387e-05	0.032518
151.14	4.4126	650.70	0.0015368	-0.27992	-0.062921	127.48	29.892	217.45	251.42	2.0572	4.0537e-05	0.062906	0.00036288	235.33	0.0042493	1.6034	2.2033	142.47	34.765	279.51	170.88	8.1925	1.5421e-05	0.032668
151.19	4.4210	649.55	0.0015395	-0.27388	-0.056086	127.52	29.940	219.91	250.42	2.0729	4.0431e-05	0.062858	0.00035660	236.30	0.0042319	1.5990	2.1977	142.43	34.822	283.40	170.79	8.1719	1.5456e-05	0.032820
151.24	4.4295	648.39	0.0015423	-0.26782	-0.049219	127.57	29.988	222.44	249.41	2.0887	4.0325e-05	0.062811	0.00035035	237.27	0.0042145	1.5946	2.1919	142.38	34.880	287.41	170.70	8.1513	1.5490e-05	0.032975
151.29	4.4379	647.23	0.0015451	-0.26173	-0.042319	127.61	30.037	225.04	248.40	2.1048	4.0218e-05	0.062765	0.00034414	238.26	0.0041971	1.5902	2.1862	142.34	34.938	291.52	170.61	8.1305	1.5525e-05	0.033132
151.34	4.4463	646.05	0.0015479	-0.25561	-0.035386	127.65	30.087	227.72	247.39	2.1210	4.0111e-05	0.062720	0.00033795	239.25	0.0041797	1.5857	2.1803	142.29	34.997	295.75	170.51	8.1096	1.5561e-05	0.033292
151.39	4.4547	644.87	0.0015507	-0.24946	-0.028419	127.69	30.137	230.48	246.37	2.1374	4.0004e-05	0.062676	0.00033179	240.25	0.0041623	1.5811	2.1745	142.25	35.057	300.11	170.42	8.0886	1.5597e-05	0.033454
151.43	4.4631	643.68	0.0015536	-0.24329	-0.021417	127.74	30.189	233.32	245.35	2.1540	3.9896e-05	0.062632	0.00032567	241.26	0.0041449	1.5766	2.1685	142.20	35.117	304.59	170.32	8.0674	1.5633e-05	0.033618
151.48	4.4715	642.47	0.0015565	-0.23708	-0.014378	127.78	30.241	236.25	244.33	2.1708	3.9787e-05	0.062590	0.00031957	242.28	0.0041275	1.5719	2.1625	142.15	35.178	309.21	170.23	8.0460	1.5670e-05	0.033786
151.53	4.4799	641.26	0.0015594	-0.23085	-0.0073025	127.83	30.295	239.26	243.30	2.1879	3.9679e-05	0.062549	0.00031351	243.30	0.0041101	1.5673	2.1564	142.11	35.240	313.96	170.13	8.0246	1.5707e-05	0.033956
151.58	4.4883	640.04	0.0015624	-0.22458	-0.00018866	127.87	30.349	242.37	242.26	2.2051	3.9569e-05	0.062508	0.00030747	244.34	0.0040926	1.5625	2.1503	142.06	35.302	318.87	170.03	8.0029	1.5745e-05	0.034129
151.63	4.4967	638.82	0.0015654	-0.21828	0.0069644	127.91	30.404	245.59	241.23	2.2226	3.9460e-05	0.062469	0.00030147	245.39	0.0040752	1.5578	2.1441	142.01	35.365	323.92	169.93	7.9812	1.5783e-05	0.034304
151.67	4.5051	637.58	0.0015684	-0.21194	0.014158	127.96	30.460	248.90	240.19	2.2403	3.9349e-05	0.062430	0.00029550	246.45	0.0040577	1.5529	2.1379	141.96	35.428	329.14	169.83	7.9592	1.5821e-05	0.034483
151.72	4.5135	636.33	0.0015715	-0.20558	0.021393	128.00	30.518	252.33	239.14	2.2582	3.9238e-05	0.062393	0.00028956	247.51	0.0040402	1.5481	2.1316	141.91	35.492	334.52	169.73	7.9371	1.5860e-05	0.034665
151.77	4.5219	635.07	0.0015746	-0.19917	0.028671	128.05	30.576	255.87	238.09	2.2763	3.9127e-05	0.062357	0.00028365	248.59	0.0040227	1.5431	2.1252	141.86	35.557	340.09	169.63	7.9149	1.5900e-05	0.034851
151.82	4.5303	633.80	0.0015778	-0.19273	0.035993	128.09	30.635	259.53	237.04	2.2947	3.9015e-05	0.062322	0.00027778	249.68	0.0040051	1.5381	2.1187	141.81	35.623	345.83	169.52	7.8925	1.5940e-05	0.035039
151.87	4.5387	632.52	0.0015810	-0.18625	0.043360	128.14	30.696	263.32	235.98	2.3133	3.8903e-05	0.062289	0.00027194	250.78	0.0039876	1.5331	2.1122	141.76	35.690	351.77	169.42	7.8699	1.5981e-05	0.035232
151.91	4.5471	631.23	0.0015842	-0.17973	0.050774	128.19	30.758	267.24	234.92	2.3322	3.8790e-05	0.062256	0.00026612	251.89	0.0039700	1.5280	2.1056	141.71	35.757	357.91	169.31	7.8471	1.6022e-05	0.035428
151.96	4.5555	629.93	0.0015875	-0.17317	0.058237	128.23	30.821	271.30	233.85	2.3514	3.8676e-05	0.062225	0.00026034	253.01	0.0039524	1.5228	2.0990	141.66	35.825	364.27	169.21	7.8242	1.6064e-05	0.035627
152.01	4.5639	628.61	0.0015908	-0.16657	0.065749	128.28	30.885	275.52	232.78	2.3708	3.8561e-05	0.062196	0.00025460	254.15	0.0039347	1.5176	2.0922	141.61	35.894	370.86	169.10	7.8011	1.6107e-05	0.035831
152.05	4.5723	627.28	0.0015942	-0.15993	0.073313	128.33	30.950	279.89	231.70	2.3905	3.8446e-05	0.062167	0.00024888	255.30	0.0039170	1.5123	2.0854	141.56	35.963	377.68	168.99	7.7777	1.6150e-05	0.036038
152.10	4.5807	625.94	0.0015976	-0.15324	0.080930	128.37	31.017	284.43	230.62	2.4105	3.8330e-05	0.062141	0.00024320	256.46	0.0038993	1.5070	2.0785	141.51	36.034	384.75	168.88	7.7542	1.6193e-05	0.036250
152.15	4.5891	624.59	0.0016010	-0.14651	0.088602	128.42	31.085	289.14	229.53	2.4307	3.8214e-05	0.062116	0.00023756	257.63	0.0038815	1.5015	2.0715	141.45	36.105	392.09	168.77	7.7305	1.6238e-05	0.036467
152.20	4.5975	623.22	0.0016046	-0.13973	0.096330	128.47	31.154	294.04	228.44	2.4513	3.8097e-05	0.062092	0.00023194	258.82	0.0038637	1.4960	2.0645	141.40	36.178	399.71	168.66	7.7066	1.6283e-05	0.036687
152.24	4.6060	621.84	0.0016081	-0.13290	0.10412	128.52	31.225	299.14	227.34	2.4722	3.7979e-05	0.062071	0.00022636	260.02	0.0038459	1.4905	2.0573	141.35	36.251	407.63	168.54	7.6825	1.6328e-05	0.036913
152.29	4.6144	620.45	0.0016117	-0.12601	0.11197	128.57	31.298	304.46	226.23	2.4934	3.7860e-05	0.062051	0.00022081	261.23	0.0038280	1.4848	2.0501	141.29	36.325	415.85	168.43	7.6581	1.6375e-05	0.037144
152.34	4.6228	619.04	0.0016154	-0.11908	0.11988	128.62	31.371	309.99	225.12	2.5149	3.7740e-05	0.062033	0.00021530	262.46	0.0038101	1.4791	2.0427	141.24	36.401	424.42	168.31	7.6336	1.6422e-05	0.037380
152.38	4.6312	617.62	0.0016191	-0.11209	0.12785	128.66	31.447	315.77	224.01	2.5367	3.7619e-05	0.062017	0.00020982	263.71	0.0037921	1.4733	2.0353	141.18	36.477	433.33	168.19	7.6088	1.6470e-05	0.037621
152.43	4.6396	616.17	0.0016229	-0.10504	0.13590	128.71	31.524	321.80	222.88	2.5589	3.7498e-05	0.062003	0.00020438	264.97	0.0037740	1.4675	2.0278	141.13	36.554	442.63	168.07	7.5838	1.6519e-05	0.037868
152.48	4.6480	614.72	0.0016268	-0.097937	0.14401	128.77	31.603	328.10	221.75	2.5814	3.7375e-05	0.061991	0.00019897	266.25	0.0037559	1.4615	2.0201	141.07	36.632	452.32	167.95	7.5585	1.6568e-05	0.038121
152.52	4.6564	613.24	0.0016307	-0.090770	0.15220	128.82	31.684	334.69	220.62	2.6043	3.7252e-05	0.061981	0.00019360	267.54	0.0037377	1.4555	2.0124	141.01	36.712	462.43	167.82	7.5330	1.6618e-05	0.038380
152.57	4.6648	611.75	0.0016347	-0.083539	0.16046	128.87	31.766	341.60	219.48	2.6276	3.7127e-05	0.061974	0.00018826	268.86	0.0037195	1.4493	2.0045	140.95	36.793	473.01	167.70	7.5072	1.6670e-05	0.038645
152.62	4.6732	610.24	0.0016387	-0.076242	0.16880	128.92	31.850	348.83	218.33	2.6513	3.7001e-05	0.061970	0.00018296	270.19	0.0037011	1.4431	1.9966	140.90	36.874	484.06	167.57	7.4811	1.6722e-05	0.038918
152.66	4.6816	608.71	0.0016428	-0.068875	0.17723	128.97	31.937	356.43	217.17	2.6754	3.6875e-05	0.061968	0.00017770	271.54	0.0036827	1.4368	1.9885	140.84	36.958	495.64	167.44	7.4548	1.6775e-05	0.039198
152.71	4.6900	607.16	0.0016470	-0.061437	0.18574	129.02	32.025	364.41	216.01	2.6998	3.6747e-05	0.061970	0.00017247	272.91	0.0036643	1.4304	1.9803	140.78	37.042	507.77	167.31	7.4282	1.6829e-05	0.039485
152.75	4.6984	605.59	0.0016513	-0.053922	0.19434	129.08	32.116	372.81	214.84	2.7248	3.6617e-05	0.061974	0.00016728	274.30	0.0036457	1.4239	1.9720	140.71	37.127	520.50	167.17	7.4013	1.6884e-05	0.039780
152.80	4.7068	604.00	0.0016556	-0.046329	0.20303	129.13	32.209	381.66	213.66	2.7501	3.6487e-05	0.061982	0.00016213	275.71	0.0036270	1.4173	1.9635	140.65	37.214	533.88	167.04	7.3741	1.6940e-05	0.040084
152.85	4.7152	602.38	0.0016601	-0.038654	0.21182	129.19	32.304	390.99	212.47	2.7760	3.6355e-05	0.061993	0.00015702	277.14	0.0036083	1.4105	1.9549	140.59	37.303	547.94	166.90	7.3465	1.6998e-05	0.040397
152.89	4.7236	600.74	0.0016646	-0.030892	0.22071	129.24	32.402	400.85	211.28	2.8023	3.6221e-05	0.062008	0.00015194	278.60	0.0035894	1.4037	1.9462	140.53	37.393	562.75	166.76	7.3187	1.7056e-05	0.040719
152.94	4.7320	599.08	0.0016692	-0.023040	0.22971	129.30	32.502	411.28	210.08	2.8291	3.6087e-05	0.062027	0.00014691	280.08	0.0035704	1.3967	1.9373	140.46	37.484	578.37	166.61	7.2905	1.7116e-05	0.041051
152.98	4.7404	597.39	0.0016740	-0.015094	0.23883	129.35	32.605	422.33	208.86	2.8564	3.5950e-05	0.062050	0.00014191	281.58	0.0035514	1.3896	1.9283	140.40	37.577	594.86	166.47	7.2619	1.7177e-05	0.041394
153.03	4.7488	595.67	0.0016788	-0.0070472	0.24806	129.41	32.710	434.07	207.64	2.8842	3.5812e-05	0.062079	0.00013695	283.11	0.0035321	1.3824	1.9191	140.33	37.672	612.31	166.32	7.2330	1.7239e-05	0.041748
153.08	4.7572	593.92	0.0016837	0.0011041	0.25741	129.47	32.819	446.55	206.41	2.9126	3.5672e-05	0.062112	0.00013204	284.67	0.0035128	1.3750	1.9098	140.26	37.768	630.79	166.17	7.2036	1.7303e-05	0.042114
153.12	4.7656	592.15	0.0016888	0.0093659	0.26690	129.53	32.931	459.84	205.17	2.9416	3.5530e-05	0.062151	0.00012716	286.26	0.0034933	1.3675	1.9002	140.20	37.866	650.39	166.01	7.1739	1.7368e-05	0.042493
153.17	4.7740	590.34	0.0016939	0.017744	0.27652	129.59	33.046	474.04	203.92	2.9712	3.5386e-05	0.062195	0.00012233	287.88	0.0034737	1.3599	1.8905	140.13	37.966	671.23	165.85	7.1438	1.7435e-05	0.042886
153.21	4.7825	588.49	0.0016993	0.026246	0.28629	129.65	33.164	489.22	202.66	3.0014	3.5241e-05	0.062247	0.00011754	289.53	0.0034539	1.3520	1.8806	140.06	38.067	693.42	165.69	7.1132	1.7503e-05	0.043293
153.26	4.7909	586.62	0.0017047	0.034878	0.29621	129.71	33.286	505.50	201.39	3.0323	3.5093e-05	0.062305	0.00011279	291.21	0.0034339	1.3441	1.8705	139.98	38.171	717.11	165.53	7.0821	1.7573e-05	0.043716
153.30	4.7993	584.70	0.0017103	0.043649	0.30630	129.77	33.412	523.00	200.11	3.0639	3.4942e-05	0.062371	0.00010809	292.93	0.0034138	1.3359	1.8602	139.91	38.277	742.43	165.36	7.0506	1.7645e-05	0.044157
153.35	4.8077	582.75	0.0017160	0.052566	0.31656	129.84	33.542	541.86	198.81	3.0962	3.4789e-05	0.062446	0.00010343	294.69	0.0033934	1.3276	1.8496	139.83	38.385	769.58	165.18	7.0185	1.7719e-05	0.044616
153.39	4.8161	580.75	0.0017219	0.061641	0.32700	129.90	33.676	562.24	197.51	3.1292	3.4634e-05	0.062531	9.8821e-05	296.48	0.0033729	1.3190	1.8388	139.76	38.495	798.74	165.01	6.9859	1.7794e-05	0.045095
153.44	4.8245	578.71	0.0017280	0.070882	0.33765	129.97	33.814	584.33	196.19	3.1631	3.4476e-05	0.062626	9.4256e-05	298.32	0.0033521	1.3103	1.8278	139.68	38.608	830.16	164.82	6.9527	1.7872e-05	0.045595
153.48	4.8329	576.62	0.0017343	0.080303	0.34850	130.04	33.958	608.35	194.85	3.1978	3.4314e-05	0.062733	8.9739e-05	300.20	0.0033311	1.3013	1.8165	139.60	38.723	864.11	164.64	6.9190	1.7953e-05	0.046119
153.53	4.8413	574.47	0.0017407	0.089916	0.35958	130.11	34.107	634.55	193.51	3.2333	3.4149e-05	0.062853	8.5270e-05	302.13	0.0033098	1.2921	1.8049	139.52	38.841	900.89	164.44	6.8845	1.8035e-05	0.046670
153.57	4.8497	572.27	0.0017474	0.099736	0.37091	130.18	34.261	663.25	192.14	3.2698	3.3981e-05	0.062988	8.0852e-05	304.11	0.0032882	1.2827	1.7930	139.44	38.962	940.89	164.25	6.8495	1.8121e-05	0.047248
153.62	4.8581	570.02	0.0017543	0.10978	0.38250	130.25	34.421	694.82	190.77	3.3073	3.3809e-05	0.063140	7.6485e-05	306.15	0.0032664	1.2730	1.7807	139.35	39.085	984.53	164.04	6.8136	1.8209e-05	0.047858
153.66	4.8665	567.69	0.0017615	0.12006	0.39437	130.32	34.587	729.68	189.37	3.3458	3.3633e-05	0.063311	7.2170e-05	308.24	0.0032442	1.2630	1.7682	139.26	39.212	1032.3	163.83	6.7771	1.8300e-05	0.048502
153.71	4.8749	565.30	0.0017690	0.13061	0.40656	130.40	34.760	768.38	187.96	3.3855	3.3453e-05	0.063504	6.7909e-05	310.40	0.0032217	1.2527	1.7552	139.17	39.342	1084.9	163.62	6.7396	1.8395e-05	0.049186
153.75	4.8833	562.83	0.0017767	0.14145	0.41908	130.48	34.941	811.57	186.53	3.4263	3.3268e-05	0.063721	6.3704e-05	312.63	0.0031987	1.2420	1.7419	139.08	39.476	1143.1	163.39	6.7013	1.8493e-05	0.049912
153.79	4.8917	560.27	0.0017848	0.15260	0.43198	130.56	35.130	860.06	185.08	3.4685	3.3077e-05	0.063968	5.9557e-05	314.92	0.0031754	1.2310	1.7281	138.99	39.613	1207.7	163.16	6.6621	1.8595e-05	0.050687
153.84	4.9001	557.63	0.0017933	0.16410	0.44528	130.64	35.327	914.84	183.62	3.5120	3.2880e-05	0.064248	5.5468e-05	317.31	0.0031515	1.2196	1.7138	138.89	39.754	1279.9	162.92	6.6217	1.8701e-05	0.051518
153.88	4.9085	554.88	0.0018022	0.17598	0.45904	130.73	35.534	977.20	182.13	3.5570	3.2677e-05	0.064568	5.1441e-05	319.78	0.0031272	1.2078	1.6990	138.79	39.900	1361.1	162.67	6.5803	1.8812e-05	0.052411
153.93	4.9169	552.02	0.0018115	0.18829	0.47331	130.82	35.752	1048.8	180.61	3.6036	3.2467e-05	0.064935	4.7478e-05	322.35	0.0031023	1.1955	1.6836	138.68	40.051	1453.2	162.41	6.5376	1.8928e-05	0.053377
153.97	4.9253	549.03	0.0018214	0.20108	0.48814	130.91	35.981	1131.7	179.07	3.6519	3.2249e-05	0.065358	4.3582e-05	325.02	0.0030767	1.1827	1.6676	138.57	40.206	1558.3	162.13	6.4935	1.9050e-05	0.054428
154.02	4.9337	545.90	0.0018318	0.21442	0.50362	131.01	36.223	1228.8	177.51	3.7022	3.2021e-05	0.065850	3.9755e-05	327.82	0.0030504	1.1693	1.6508	138.46	40.367	1679.6	161.85	6.4479	1.9178e-05	0.055577
154.06	4.9421	542.60	0.0018430	0.22838	0.51983	131.11	36.480	1343.9	175.92	3.7547	3.1784e-05	0.066426	3.6001e-05	330.76	0.0030233	1.1552	1.6333	138.34	40.534	1820.9	161.54	6.4005	1.9314e-05	0.056844
154.10	4.9505	539.12	0.0018549	0.24306	0.53689	131.22	36.754	1482.2	174.29	3.8095	3.1534e-05	0.067107	3.2324e-05	333.86	0.0029953	1.1404	1.6148	138.21	40.707	1987.7	161.23	6.3513	1.9458e-05	0.058253
154.15	4.9590	535.41	0.0018677	0.25858	0.55495	131.33	37.047	1651.3	172.63	3.8671	3.1270e-05	0.067921	2.8728e-05	337.13	0.0029662	1.1247	1.5953	138.08	40.888	2187.5	160.89	6.2998	1.9611e-05	0.059837
154.19	4.9674	531.45	0.0018816	0.27509	0.57418	131.45	37.361	1862.2	170.93	3.9277	3.0990e-05	0.068909	2.5220e-05	340.62	0.0029358	1.1080	1.5746	137.94	41.076	2431.1	160.53	6.2458	1.9776e-05	0.061638
154.23	4.9758	527.18	0.0018969	0.29281	0.59483	131.58	37.701	2131.6	169.19	3.9920	3.0690e-05	0.070127	2.1804e-05	344.36	0.0029040	1.0901	1.5525	137.79	41.274	2734.6	160.15	6.1889	1.9954e-05	0.063718
154.28	4.9842	522.52	0.0019138	0.31201	0.61724	131.73	38.072	2486.3	167.40	4.0604	3.0367e-05	0.071661	1.8490e-05	348.39	0.0028703	1.0708	1.5286	137.63	41.482	3122.8	159.73	6.1283	2.0149e-05	0.066166
154.32	4.9926	517.39	0.0019328	0.33309	0.64186	131.88	38.480	2971.2	165.56	4.1340	3.0013e-05	0.073647	1.5288e-05	352.80	0.0028344	1.0498	1.5026	137.46	41.701	3636.5	159.28	6.0634	2.0363e-05	0.069116
154.37	5.0010	511.63	0.0019545	0.35662	0.66940	132.06	38.934	3667.6	163.66	4.2141	2.9620e-05	0.076309	1.2209e-05	357.69	0.0027957	1.0265	1.4739	137.27	41.934	4347.6	158.79	5.9931	2.0603e-05	0.072787
154.41	5.0094	505.02	0.0019801	0.38351	0.70091	132.26	39.446	4737.6	161.70	4.3026	2.9174e-05	0.080053	9.2725e-06	363.20	0.0027533	1.0004	1.4417	137.06	42.182	5394.7	158.23	5.9156	2.0878e-05	0.077562
154.45	5.0178	497.19	0.0020113	0.41528	0.73822	132.50	40.037	6548.5	159.66	4.4027	2.8653e-05	0.085695	6.5027e-06	369.60	0.0027056	0.97010	1.4045	136.81	42.449	7083.9	157.60	5.8281	2.1201e-05	0.084191
154.50	5.0262	487.44	0.0020515	0.45481	0.78476	132.79	40.736	10117.	157.56	4.5204	2.8015e-05	0.095160	3.9408e-06	377.36	0.0026500	0.93358	1.3598	136.52	42.739	10246.	156.85	5.7256	2.1599e-05	0.094428
154.54	5.0346	474.23	0.0021087	0.50862	0.84833	133.20	undefined	undefined	undefined	4.6693	2.7169e-05	undefined	1.6664e-06	387.59	0.0025801	0.88589	1.3015	136.13	undefined	undefined	undefined	5.5966	2.2135e-05	undefined
154.58	5.0428	436.14	0.0022928	0.66752	1.0375	134.42	undefined	undefined	undefined	0.0000	2.4845e-05	undefined	0.0000	436.14	0.0022928	0.66752	1.0375	134.42	undefined	undefined	undefined	0.0000	2.4845e-05	undefined
