Temperature (K)	Pressure (MPa)	Density (l, kg/m3)	Volume (l, m3/kg)	Internal Energy (l, kJ/mol)	Enthalpy (l, kJ/mol)	Entropy (l, J/mol*K)	Cv (l, J/mol*K)	Cp (l, J/mol*K)	Sound Spd. (l, m/s)	Joule-Thomson (l, K/MPa)	Viscosity (l, Pa*s)	Therm. Cond. (l, W/m*K)	Surf. Tension (l, N/m)	Density (v, kg/m3)	Volume (v, m3/kg)	Internal Energy (v, kJ/mol)	Enthalpy (v, kJ/mol)	Entropy (v, J/mol*K)	Cv (v, J/mol*K)	Cp (v, J/mol*K)	Sound Spd. (v, m/s)	Joule-Thomson (v, K/MPa)	Viscosity (v, Pa*s)	Therm. Cond. (v, W/m*K)
143.47	7.8028e-08	763.65	0.0013095	-25.010	-25.010	-114.45	105.52	141.80	1787.9	-0.55023	0.0035464	0.16406	0.033269	4.7194e-06	2.1189e+05	8.2484	9.4412	125.68	76.087	84.402	135.43	156.97	3.2370e-06	0.0037269
244.75	0.0056126	672.07	0.0014879	-10.374	-10.373	-37.497	112.65	152.03	1269.3	-0.46997	0.00037773	0.13241	0.021465	0.20002	4.9995	16.801	18.825	81.801	96.137	104.65	174.32	59.643	5.5003e-06	0.0098736
257.22	0.011225	660.54	0.0015139	-8.4602	-8.4590	-29.872	115.15	155.08	1206.6	-0.44875	0.00032864	0.12756	0.020042	0.38204	2.6175	18.000	20.120	81.235	99.718	108.38	177.91	52.206	5.7866e-06	0.010846
265.23	0.016838	653.04	0.0015313	-7.2090	-7.2071	-25.081	116.89	157.20	1166.6	-0.43382	0.00030203	0.12444	0.019133	0.55750	1.7937	18.789	20.968	81.145	102.12	110.92	180.02	47.991	5.9706e-06	0.011503
271.29	0.022450	647.31	0.0015449	-6.2524	-6.2499	-21.515	118.26	158.89	1136.5	-0.42184	0.00028400	0.12210	0.018450	0.72885	1.3720	19.394	21.616	81.202	103.99	112.91	181.50	45.081	6.1096e-06	0.012016
276.21	0.028063	642.61	0.0015561	-5.4667	-5.4635	-18.645	119.40	160.31	1112.2	-0.41164	0.00027048	0.12021	0.017896	0.89722	1.1145	19.892	22.148	81.321	105.54	114.58	182.63	42.879	6.2226e-06	0.012445
280.39	0.033675	638.59	0.0015659	-4.7938	-4.7900	-16.227	120.40	161.54	1091.5	-0.40262	0.00025971	0.11861	0.017427	1.0633	0.94046	20.318	22.603	81.468	106.88	116.03	183.53	41.120	6.3184e-06	0.012818
284.05	0.039288	635.05	0.0015747	-4.2018	-4.1973	-14.129	121.29	162.65	1073.6	-0.39448	0.00025079	0.11721	0.017018	1.2275	0.81464	20.694	23.003	81.631	108.06	117.32	184.26	39.662	6.4022e-06	0.013149
287.31	0.044900	631.88	0.0015826	-3.6708	-3.6656	-12.271	122.09	163.65	1057.6	-0.38699	0.00024321	0.11598	0.016655	1.3902	0.71931	21.031	23.361	81.800	109.13	118.48	184.88	38.424	6.4767e-06	0.013450
290.25	0.050513	628.99	0.0015898	-3.1876	-3.1818	-10.597	122.83	164.58	1043.2	-0.38004	0.00023662	0.11487	0.016328	1.5516	0.64449	21.338	23.687	81.972	110.10	119.56	185.41	37.352	6.5442e-06	0.013726
292.95	0.056125	626.34	0.0015966	-2.7432	-2.7367	-9.0730	123.51	165.44	1030.0	-0.37351	0.00023081	0.11386	0.016029	1.7119	0.58415	21.620	23.985	82.145	111.00	120.55	185.87	36.409	6.6058e-06	0.013982
295.44	0.061738	623.87	0.0016029	-2.3307	-2.3236	-7.6709	124.15	166.24	1017.9	-0.36734	0.00022562	0.11293	0.015753	1.8712	0.53443	21.882	24.262	82.317	111.84	121.48	186.27	35.571	6.6628e-06	0.014221
297.75	0.067350	621.56	0.0016088	-1.9452	-1.9374	-6.3710	124.74	167.00	1006.6	-0.36147	0.00022093	0.11207	0.015498	2.0296	0.49272	22.126	24.520	82.488	112.62	122.36	186.62	34.819	6.7157e-06	0.014447
299.92	0.072963	619.39	0.0016145	-1.5828	-1.5743	-5.1581	125.30	167.71	996.12	-0.35585	0.00021665	0.11127	0.015259	2.1872	0.45721	22.356	24.763	82.656	113.35	123.18	186.93	34.137	6.7653e-06	0.014660
301.96	0.078575	617.34	0.0016198	-1.2403	-1.2311	-4.0200	125.84	168.39	986.22	-0.35047	0.00021274	0.11053	0.015034	2.3441	0.42660	22.573	24.991	82.821	114.05	123.97	187.20	33.516	6.8119e-06	0.014862
303.89	0.084188	615.39	0.0016250	-0.91533	-0.90546	-2.9472	126.34	169.04	976.88	-0.34528	0.00020912	0.10982	0.014823	2.5005	0.39993	22.779	25.208	82.984	114.71	124.72	187.45	32.947	6.8560e-06	0.015056
305.72	0.089800	613.54	0.0016299	-0.60584	-0.59528	-1.9317	126.83	169.67	968.03	-0.34026	0.00020576	0.10916	0.014622	2.6562	0.37647	22.975	25.414	83.144	115.33	125.44	187.67	32.422	6.8978e-06	0.015241
307.46	0.095413	611.76	0.0016346	-0.31013	-0.29888	-0.96707	127.29	170.27	959.61	-0.33540	0.00020263	0.10853	0.014432	2.8115	0.35569	23.162	25.610	83.302	115.93	126.12	187.86	31.936	6.9376e-06	0.015419
309.12	0.10103	610.06	0.0016392	-0.026801	-0.014854	-0.047930	127.73	170.84	951.58	-0.33067	0.00019970	0.10793	0.014250	2.9663	0.33712	23.341	25.798	83.456	116.51	126.79	188.03	31.484	6.9756e-06	0.015590
310.72	0.10664	608.42	0.0016436	0.24535	0.25800	0.83032	128.16	171.40	943.90	-0.32608	0.00019695	0.10736	0.014077	3.1206	0.32045	23.513	25.978	83.608	117.06	127.42	188.19	31.062	7.0120e-06	0.015756
312.24	0.11225	606.85	0.0016479	0.50735	0.52070	1.6716	128.57	171.94	936.54	-0.32159	0.00019435	0.10682	0.013910	3.2746	0.30538	23.678	26.151	83.757	117.59	128.04	188.33	30.667	7.0469e-06	0.015915
313.71	0.11786	605.32	0.0016520	0.76009	0.77414	2.4792	128.97	172.46	929.46	-0.31721	0.00019189	0.10629	0.013751	3.4282	0.29170	23.838	26.318	83.904	118.10	128.64	188.45	30.297	7.0805e-06	0.016070
315.13	0.12348	603.85	0.0016560	1.0043	1.0191	3.2561	129.35	172.96	922.65	-0.31293	0.00018956	0.10579	0.013597	3.5815	0.27921	23.991	26.479	84.048	118.60	129.22	188.56	29.948	7.1129e-06	0.016221
316.50	0.12909	602.42	0.0016600	1.2407	1.2562	4.0048	129.73	173.46	916.07	-0.30873	0.00018735	0.10531	0.013449	3.7345	0.26778	24.140	26.634	84.189	119.08	129.78	188.66	29.619	7.1441e-06	0.016367
317.82	0.13470	601.04	0.0016638	1.4699	1.4861	4.7275	130.09	173.94	909.72	-0.30461	0.00018524	0.10485	0.013306	3.8872	0.25726	24.285	26.785	84.328	119.54	130.33	188.75	29.308	7.1744e-06	0.016509
319.10	0.14031	599.69	0.0016675	1.6924	1.7093	5.4262	130.44	174.40	903.58	-0.30057	0.00018323	0.10440	0.013168	4.0396	0.24755	24.424	26.930	84.465	119.99	130.86	188.83	29.013	7.2036e-06	0.016648
320.34	0.14593	598.38	0.0016712	1.9086	1.9262	6.1026	130.78	174.86	897.63	-0.29659	0.00018130	0.10397	0.013034	4.1918	0.23856	24.560	27.072	84.600	120.43	131.38	188.89	28.732	7.2320e-06	0.016783
321.54	0.15154	597.11	0.0016747	2.1190	2.1373	6.7583	131.11	175.30	891.85	-0.29268	0.00017945	0.10355	0.012905	4.3438	0.23021	24.692	27.209	84.732	120.86	131.89	188.95	28.466	7.2596e-06	0.016915
322.71	0.15715	595.87	0.0016782	2.3240	2.3430	7.3947	131.43	175.74	886.24	-0.28882	0.00017768	0.10315	0.012779	4.4956	0.22244	24.821	27.343	84.862	121.27	132.39	189.00	28.212	7.2863e-06	0.017044
323.85	0.16276	594.65	0.0016817	2.5238	2.5436	8.0131	131.75	176.16	880.79	-0.28502	0.00017598	0.10276	0.012657	4.6473	0.21518	24.946	27.473	84.991	121.68	132.88	189.04	27.969	7.3124e-06	0.017170
324.96	0.16838	593.47	0.0016850	2.7189	2.7394	8.6144	132.06	176.58	875.48	-0.28128	0.00017434	0.10238	0.012538	4.7987	0.20839	25.068	27.600	85.117	122.07	133.35	189.08	27.738	7.3378e-06	0.017294
326.04	0.17399	592.31	0.0016883	2.9094	2.9306	9.1999	132.36	176.99	870.31	-0.27758	0.00017276	0.10201	0.012422	4.9500	0.20202	25.187	27.723	85.242	122.46	133.82	189.11	27.516	7.3625e-06	0.017415
327.09	0.17960	591.17	0.0016916	3.0957	3.1176	9.7704	132.65	177.39	865.27	-0.27392	0.00017124	0.10165	0.012309	5.1011	0.19603	25.304	27.844	85.364	122.84	134.28	189.13	27.303	7.3867e-06	0.017534
328.12	0.18521	590.06	0.0016947	3.2779	3.3006	10.327	132.94	177.78	860.34	-0.27031	0.00016977	0.10130	0.012200	5.2522	0.19040	25.418	27.962	85.485	123.20	134.73	189.15	27.100	7.4102e-06	0.017651
329.13	0.19083	588.97	0.0016979	3.4563	3.4797	10.870	133.22	178.16	855.54	-0.26674	0.00016834	0.10096	0.012092	5.4031	0.18508	25.529	28.077	85.604	123.57	135.17	189.16	26.904	7.4333e-06	0.017766
330.11	0.19644	587.91	0.0017010	3.6311	3.6552	11.400	133.50	178.54	850.84	-0.26320	0.00016697	0.10063	0.011988	5.5538	0.18006	25.638	28.190	85.722	123.92	135.61	189.16	26.715	7.4558e-06	0.017878
331.07	0.20205	586.86	0.0017040	3.8024	3.8273	11.919	133.77	178.92	846.25	-0.25970	0.00016563	0.10031	0.011886	5.7045	0.17530	25.744	28.300	85.838	124.27	136.04	189.17	26.534	7.4779e-06	0.017989
332.01	0.20766	585.83	0.0017070	3.9705	3.9961	12.426	134.03	179.28	841.75	-0.25623	0.00016434	0.099995	0.011786	5.8551	0.17079	25.849	28.408	85.952	124.61	136.46	189.16	26.360	7.4995e-06	0.018098
332.94	0.21328	584.82	0.0017099	4.1354	4.1618	12.922	134.29	179.64	837.35	-0.25280	0.00016308	0.099688	0.011688	6.0056	0.16651	25.951	28.514	86.065	124.94	136.87	189.15	26.191	7.5207e-06	0.018206
333.84	0.21889	583.83	0.0017128	4.2974	4.3244	13.408	134.55	180.00	833.03	-0.24939	0.00016186	0.099388	0.011592	6.1561	0.16244	26.052	28.617	86.176	125.27	137.28	189.14	26.029	7.5414e-06	0.018311
334.72	0.22450	582.85	0.0017157	4.4565	4.4843	13.884	134.80	180.35	828.80	-0.24601	0.00016068	0.099095	0.011498	6.3064	0.15857	26.151	28.719	86.286	125.59	137.69	189.13	25.872	7.5618e-06	0.018416
335.59	0.23011	581.89	0.0017185	4.6129	4.6414	14.351	135.04	180.69	824.65	-0.24266	0.00015952	0.098808	0.011407	6.4568	0.15488	26.248	28.819	86.395	125.91	138.09	189.11	25.720	7.5818e-06	0.018518
336.45	0.23573	580.94	0.0017213	4.7666	4.7959	14.808	135.29	181.04	820.58	-0.23933	0.00015840	0.098528	0.011317	6.6070	0.15135	26.343	28.917	86.502	126.22	138.48	189.08	25.573	7.6014e-06	0.018620
337.28	0.24134	580.01	0.0017241	4.9179	4.9479	15.258	135.52	181.37	816.58	-0.23603	0.00015731	0.098254	0.011228	6.7573	0.14799	26.437	29.013	86.608	126.53	138.87	189.06	25.431	7.6207e-06	0.018719
338.11	0.24695	579.09	0.0017268	5.0668	5.0975	15.698	135.76	181.70	812.66	-0.23275	0.00015624	0.097985	0.011142	6.9075	0.14477	26.529	29.108	86.713	126.83	139.25	189.03	25.293	7.6396e-06	0.018818
338.92	0.25256	578.19	0.0017295	5.2133	5.2448	16.132	135.99	182.03	808.80	-0.22949	0.00015520	0.097722	0.011057	7.0576	0.14169	26.619	29.201	86.816	127.13	139.63	188.99	25.160	7.6583e-06	0.018915
339.71	0.25818	577.29	0.0017322	5.3577	5.3899	16.557	136.22	182.35	805.00	-0.22625	0.00015419	0.097464	0.010973	7.2077	0.13874	26.708	29.292	86.919	127.42	140.00	188.96	25.030	7.6766e-06	0.019012
340.49	0.26379	576.41	0.0017349	5.4999	5.5329	16.975	136.44	182.67	801.27	-0.22302	0.00015319	0.097211	0.010891	7.3579	0.13591	26.796	29.382	87.020	127.71	140.37	188.92	24.904	7.6947e-06	0.019107
341.26	0.26940	575.54	0.0017375	5.6400	5.6738	17.387	136.66	182.99	797.60	-0.21982	0.00015223	0.096962	0.010810	7.5080	0.13319	26.882	29.471	87.120	128.00	140.74	188.88	24.782	7.7125e-06	0.019201
342.02	0.27501	574.69	0.0017401	5.7782	5.8127	17.791	136.88	183.30	793.99	-0.21664	0.00015128	0.096719	0.010731	7.6580	0.13058	26.967	29.558	87.219	128.28	141.10	188.83	24.664	7.7300e-06	0.019293
342.76	0.28063	573.84	0.0017426	5.9145	5.9498	18.189	137.09	183.61	790.43	-0.21347	0.00015036	0.096480	0.010653	7.8081	0.12807	27.051	29.644	87.316	128.56	141.46	188.79	24.548	7.7472e-06	0.019385
343.50	0.28624	573.01	0.0017452	6.0489	6.0849	18.581	137.30	183.91	786.93	-0.21031	0.00014945	0.096245	0.010576	7.9582	0.12566	27.134	29.729	87.413	128.83	141.82	188.74	24.436	7.7642e-06	0.019476
344.22	0.29185	572.18	0.0017477	6.1815	6.2183	18.967	137.51	184.22	783.47	-0.20717	0.00014856	0.096015	0.010501	8.1083	0.12333	27.215	29.812	87.509	129.10	142.17	188.69	24.327	7.7810e-06	0.019566
344.94	0.29746	571.37	0.0017502	6.3125	6.3500	19.347	137.72	184.51	780.07	-0.20405	0.00014770	0.095788	0.010427	8.2584	0.12109	27.295	29.894	87.604	129.37	142.52	188.63	24.221	7.7975e-06	0.019655
345.64	0.30308	570.56	0.0017527	6.4417	6.4801	19.722	137.92	184.81	776.72	-0.20093	0.00014685	0.095565	0.010353	8.4086	0.11893	27.374	29.975	87.697	129.63	142.86	188.58	24.118	7.8138e-06	0.019743
346.33	0.30869	569.76	0.0017551	6.5694	6.6085	20.091	138.12	185.10	773.41	-0.19783	0.00014602	0.095346	0.010281	8.5587	0.11684	27.453	30.055	87.790	129.89	143.20	188.52	24.017	7.8299e-06	0.019830
347.02	0.31430	568.97	0.0017575	6.6955	6.7353	20.455	138.32	185.39	770.15	-0.19474	0.00014520	0.095131	0.010210	8.7089	0.11483	27.530	30.134	87.882	130.15	143.54	188.46	23.919	7.8458e-06	0.019916
347.69	0.31991	568.20	0.0017600	6.8200	6.8607	20.814	138.51	185.68	766.93	-0.19167	0.00014440	0.094919	0.010140	8.8591	0.11288	27.606	30.211	87.973	130.40	143.88	188.40	23.823	7.8615e-06	0.020002
348.36	0.32553	567.42	0.0017623	6.9431	6.9845	21.168	138.71	185.96	763.75	-0.18860	0.00014361	0.094711	0.010071	9.0093	0.11100	27.681	30.288	88.063	130.65	144.21	188.34	23.730	7.8769e-06	0.020086
349.01	0.33114	566.66	0.0017647	7.0648	7.1070	21.517	138.90	186.25	760.62	-0.18554	0.00014284	0.094506	0.010003	9.1595	0.10918	27.755	30.364	88.152	130.90	144.54	188.27	23.639	7.8922e-06	0.020170
349.66	0.33675	565.91	0.0017671	7.1851	7.2281	21.861	139.09	186.53	757.52	-0.18249	0.00014209	0.094304	0.0099364	9.3098	0.10741	27.829	30.438	88.240	131.15	144.87	188.21	23.550	7.9074e-06	0.020254
350.30	0.34236	565.16	0.0017694	7.3041	7.3478	22.201	139.27	186.80	754.47	-0.17946	0.00014134	0.094105	0.0098702	9.4602	0.10571	27.901	30.512	88.328	131.39	145.20	188.14	23.463	7.9223e-06	0.020336
350.93	0.34798	564.42	0.0017717	7.4218	7.4663	22.537	139.46	187.08	751.45	-0.17643	0.00014061	0.093910	0.0098050	9.6105	0.10405	27.972	30.585	88.414	131.63	145.52	188.07	23.378	7.9371e-06	0.020418
351.56	0.35359	563.68	0.0017740	7.5382	7.5834	22.869	139.64	187.35	748.46	-0.17340	0.00013990	0.093717	0.0097405	9.7610	0.10245	28.043	30.657	88.500	131.87	145.84	188.00	23.295	7.9517e-06	0.020499
352.18	0.35920	562.96	0.0017763	7.6533	7.6994	23.196	139.82	187.62	745.52	-0.17039	0.00013919	0.093527	0.0096770	9.9115	0.10089	28.113	30.728	88.585	132.10	146.16	187.92	23.214	7.9661e-06	0.020580
352.79	0.36481	562.24	0.0017786	7.7673	7.8141	23.520	140.00	187.89	742.60	-0.16738	0.00013850	0.093339	0.0096142	10.062	0.099384	28.182	30.798	88.669	132.33	146.47	187.85	23.135	7.9804e-06	0.020659
353.39	0.37043	561.53	0.0017809	7.8801	7.9277	23.839	140.18	188.16	739.72	-0.16438	0.00013782	0.093155	0.0095522	10.213	0.097918	28.251	30.868	88.753	132.56	146.79	187.77	23.058	7.9945e-06	0.020739
353.99	0.37604	560.82	0.0017831	7.9918	8.0402	24.155	140.35	188.42	736.87	-0.16139	0.00013715	0.092973	0.0094910	10.363	0.096495	28.318	30.936	88.836	132.79	147.10	187.70	22.982	8.0085e-06	0.020817
354.58	0.38165	560.12	0.0017853	8.1024	8.1515	24.467	140.52	188.68	734.06	-0.15840	0.00013649	0.092793	0.0094306	10.514	0.095112	28.385	31.004	88.918	133.02	147.41	187.62	22.908	8.0223e-06	0.020895
355.16	0.38726	559.42	0.0017876	8.2118	8.2618	24.776	140.69	188.94	731.27	-0.15541	0.00013584	0.092616	0.0093709	10.665	0.093767	28.451	31.071	88.999	133.24	147.72	187.54	22.836	8.0360e-06	0.020973
355.74	0.39288	558.74	0.0017898	8.3203	8.3710	25.081	140.86	189.20	728.51	-0.15243	0.00013520	0.092442	0.0093118	10.816	0.092459	28.517	31.138	89.080	133.46	148.02	187.46	22.765	8.0496e-06	0.021050
356.31	0.39849	558.05	0.0017919	8.4277	8.4792	25.383	141.03	189.46	725.79	-0.14946	0.00013457	0.092269	0.0092535	10.967	0.091187	28.582	31.203	89.160	133.68	148.33	187.38	22.696	8.0630e-06	0.021126
356.87	0.40410	557.38	0.0017941	8.5341	8.5864	25.682	141.20	189.72	723.09	-0.14649	0.00013395	0.092099	0.0091959	11.117	0.089948	28.646	31.268	89.239	133.90	148.63	187.29	22.628	8.0763e-06	0.021202
357.43	0.40971	556.70	0.0017963	8.6395	8.6926	25.977	141.36	189.97	720.42	-0.14353	0.00013334	0.091931	0.0091389	11.269	0.088742	28.709	31.332	89.318	134.12	148.93	187.21	22.561	8.0895e-06	0.021278
357.98	0.41533	556.04	0.0017984	8.7440	8.7979	26.269	141.53	190.22	717.77	-0.14056	0.00013274	0.091766	0.0090825	11.420	0.087568	28.772	31.396	89.396	134.33	149.23	187.12	22.496	8.1025e-06	0.021352
358.53	0.42094	555.38	0.0018006	8.8476	8.9023	26.559	141.69	190.47	715.15	-0.13760	0.00013215	0.091602	0.0090268	11.571	0.086423	28.834	31.459	89.473	134.54	149.52	187.04	22.433	8.1155e-06	0.021427
359.07	0.42655	554.72	0.0018027	8.9502	9.0057	26.845	141.85	190.72	712.56	-0.13465	0.00013156	0.091441	0.0089717	11.722	0.085308	28.896	31.521	89.550	134.75	149.82	186.95	22.370	8.1283e-06	0.021501
359.61	0.43216	554.07	0.0018048	9.0520	9.1082	27.128	142.01	190.97	709.99	-0.13170	0.00013099	0.091281	0.0089172	11.874	0.084220	28.957	31.583	89.626	134.96	150.11	186.86	22.309	8.1410e-06	0.021574
360.14	0.43778	553.42	0.0018069	9.1529	9.2099	27.409	142.16	191.21	707.45	-0.12875	0.00013042	0.091124	0.0088633	12.025	0.083159	29.017	31.644	89.701	135.17	150.41	186.77	22.249	8.1536e-06	0.021647
360.67	0.44339	552.78	0.0018090	9.2529	9.3108	27.687	142.32	191.46	704.93	-0.12580	0.00012986	0.090968	0.0088099	12.177	0.082124	29.077	31.704	89.776	135.37	150.70	186.68	22.190	8.1661e-06	0.021720
361.19	0.44900	552.14	0.0018111	9.3521	9.4108	27.962	142.48	191.70	702.44	-0.12285	0.00012931	0.090814	0.0087571	12.328	0.081114	29.137	31.764	89.850	135.57	150.99	186.59	22.132	8.1785e-06	0.021792
361.70	0.45461	551.51	0.0018132	9.4505	9.5100	28.234	142.63	191.94	699.96	-0.11991	0.00012876	0.090662	0.0087049	12.480	0.080127	29.195	31.824	89.924	135.78	151.27	186.49	22.076	8.1907e-06	0.021864
362.22	0.46023	550.88	0.0018153	9.5481	9.6084	28.504	142.78	192.18	697.51	-0.11696	0.00012822	0.090512	0.0086532	12.632	0.079164	29.254	31.882	89.997	135.98	151.56	186.40	22.020	8.2029e-06	0.021935
362.72	0.46584	550.26	0.0018173	9.6449	9.7060	28.771	142.93	192.42	695.08	-0.11402	0.00012769	0.090364	0.0086020	12.784	0.078223	29.311	31.941	90.070	136.17	151.85	186.31	21.966	8.2150e-06	0.022006
363.23	0.47145	549.64	0.0018194	9.7410	9.8029	29.036	143.08	192.66	692.68	-0.11108	0.00012717	0.090217	0.0085513	12.936	0.077304	29.369	31.998	90.142	136.37	152.13	186.21	21.912	8.2270e-06	0.022077
363.72	0.47706	549.02	0.0018214	9.8363	9.8990	29.299	143.23	192.90	690.29	-0.10814	0.00012665	0.090072	0.0085011	13.088	0.076405	29.425	32.055	90.214	136.56	152.41	186.11	21.860	8.2389e-06	0.022147
364.22	0.48268	548.41	0.0018234	9.9309	9.9944	29.559	143.38	193.13	687.92	-0.10520	0.00012614	0.089929	0.0084514	13.240	0.075526	29.482	32.112	90.285	136.76	152.69	186.02	21.808	8.2507e-06	0.022217
364.71	0.48829	547.80	0.0018255	10.025	10.089	29.816	143.52	193.37	685.58	-0.10226	0.00012564	0.089787	0.0084022	13.393	0.074667	29.538	32.168	90.355	136.95	152.97	185.92	21.758	8.2624e-06	0.022286
365.19	0.49390	547.20	0.0018275	10.118	10.183	30.072	143.67	193.60	683.25	-0.099320	0.00012514	0.089647	0.0083535	13.545	0.073826	29.593	32.224	90.425	137.14	153.25	185.82	21.708	8.2740e-06	0.022356
365.67	0.49951	546.60	0.0018295	10.210	10.276	30.325	143.81	193.83	680.94	-0.096380	0.00012464	0.089508	0.0083052	13.698	0.073004	29.648	32.279	90.495	137.33	153.53	185.72	21.659	8.2856e-06	0.022424
366.15	0.50513	546.00	0.0018315	10.302	10.369	30.576	143.95	194.07	678.65	-0.093439	0.00012416	0.089371	0.0082574	13.851	0.072199	29.702	32.333	90.564	137.52	153.81	185.62	21.612	8.2970e-06	0.022493
366.62	0.51074	545.41	0.0018335	10.393	10.461	30.825	144.10	194.30	676.38	-0.090497	0.00012368	0.089235	0.0082100	14.003	0.071411	29.756	32.388	90.632	137.70	154.08	185.52	21.565	8.3084e-06	0.022561
367.09	0.51635	544.82	0.0018355	10.484	10.552	31.072	144.24	194.53	674.13	-0.087555	0.00012320	0.089101	0.0081631	14.156	0.070640	29.810	32.441	90.700	137.89	154.36	185.42	21.519	8.3197e-06	0.022629
367.56	0.52196	544.23	0.0018374	10.574	10.643	31.317	144.38	194.75	671.89	-0.084612	0.00012273	0.088968	0.0081166	14.309	0.069884	29.863	32.495	90.768	138.07	154.63	185.32	21.473	8.3309e-06	0.022696
368.02	0.52758	543.65	0.0018394	10.663	10.733	31.560	144.52	194.98	669.68	-0.081667	0.00012227	0.088836	0.0080705	14.462	0.069144	29.915	32.547	90.835	138.25	154.90	185.21	21.429	8.3421e-06	0.022764
368.48	0.53319	543.07	0.0018414	10.752	10.822	31.800	144.65	195.21	667.48	-0.078721	0.00012181	0.088706	0.0080248	14.616	0.068419	29.968	32.600	90.901	138.44	155.17	185.11	21.385	8.3531e-06	0.022831
368.93	0.53880	542.50	0.0018433	10.840	10.911	32.039	144.79	195.43	665.29	-0.075773	0.00012135	0.088577	0.0079795	14.769	0.067709	30.020	32.652	90.967	138.62	155.44	185.00	21.343	8.3641e-06	0.022897
369.38	0.54441	541.92	0.0018453	10.927	10.999	32.276	144.93	195.66	663.12	-0.072824	0.00012090	0.088450	0.0079346	14.923	0.067012	30.071	32.703	91.033	138.79	155.71	184.90	21.300	8.3751e-06	0.022964
369.83	0.55003	541.35	0.0018472	11.014	11.087	32.512	145.06	195.88	660.97	-0.069872	0.00012046	0.088324	0.0078901	15.076	0.066329	30.122	32.754	91.098	138.97	155.98	184.79	21.259	8.3859e-06	0.023030
370.27	0.55564	540.79	0.0018492	11.100	11.174	32.745	145.19	196.10	658.84	-0.066919	0.00012002	0.088199	0.0078460	15.230	0.065659	30.173	32.805	91.163	139.15	156.25	184.69	21.218	8.3967e-06	0.023095
370.71	0.56125	540.22	0.0018511	11.186	11.261	32.976	145.33	196.33	656.72	-0.063962	0.00011958	0.088075	0.0078022	15.384	0.065002	30.223	32.855	91.228	139.32	156.52	184.58	21.178	8.4074e-06	0.023161
371.15	0.56686	539.66	0.0018530	11.271	11.347	33.206	145.46	196.55	654.61	-0.061004	0.00011915	0.087952	0.0077588	15.538	0.064358	30.273	32.905	91.292	139.50	156.78	184.47	21.139	8.4181e-06	0.023226
371.59	0.57248	539.11	0.0018549	11.356	11.432	33.434	145.59	196.77	652.52	-0.058042	0.00011873	0.087831	0.0077158	15.692	0.063726	30.323	32.955	91.355	139.67	157.05	184.36	21.101	8.4287e-06	0.023291
372.02	0.57809	538.55	0.0018568	11.440	11.517	33.661	145.72	196.99	650.45	-0.055078	0.00011831	0.087711	0.0076731	15.847	0.063105	30.372	33.004	91.418	139.84	157.31	184.26	21.063	8.4392e-06	0.023356
372.44	0.58370	538.00	0.0018587	11.523	11.601	33.885	145.85	197.21	648.38	-0.052111	0.00011789	0.087592	0.0076308	16.001	0.062496	30.421	33.053	91.481	140.01	157.58	184.15	21.025	8.4497e-06	0.023421
372.87	0.58931	537.45	0.0018606	11.606	11.685	34.108	145.98	197.42	646.34	-0.049140	0.00011748	0.087474	0.0075889	16.156	0.061898	30.469	33.101	91.543	140.18	157.84	184.04	20.989	8.4601e-06	0.023485
373.29	0.59493	536.90	0.0018625	11.689	11.769	34.330	146.11	197.64	644.30	-0.046166	0.00011707	0.087357	0.0075472	16.310	0.061311	30.517	33.149	91.605	140.35	158.10	183.93	20.953	8.4704e-06	0.023549
373.71	0.60054	536.36	0.0018644	11.771	11.852	34.550	146.24	197.86	642.28	-0.043189	0.00011666	0.087242	0.0075059	16.465	0.060734	30.565	33.197	91.667	140.52	158.36	183.81	20.917	8.4807e-06	0.023613
374.13	0.60615	535.82	0.0018663	11.852	11.934	34.768	146.36	198.07	640.28	-0.040208	0.00011626	0.087127	0.0074650	16.620	0.060168	30.613	33.244	91.728	140.68	158.62	183.70	20.882	8.4910e-06	0.023676
374.54	0.61176	535.28	0.0018682	11.933	12.016	34.985	146.49	198.29	638.29	-0.037223	0.00011586	0.087014	0.0074243	16.775	0.059612	30.660	33.291	91.788	140.85	158.88	183.59	20.848	8.5011e-06	0.023740
374.95	0.61738	534.74	0.0018701	12.014	12.097	35.200	146.61	198.50	636.31	-0.034234	0.00011547	0.086901	0.0073840	16.931	0.059065	30.707	33.338	91.849	141.01	159.14	183.48	20.815	8.5113e-06	0.023803
375.36	0.62299	534.21	0.0018719	12.094	12.178	35.414	146.74	198.72	634.34	-0.031241	0.00011508	0.086790	0.0073439	17.086	0.058528	30.753	33.384	91.909	141.18	159.40	183.36	20.781	8.5213e-06	0.023866
375.76	0.62860	533.68	0.0018738	12.174	12.259	35.626	146.86	198.93	632.38	-0.028244	0.00011469	0.086679	0.0073042	17.241	0.058000	30.800	33.430	91.968	141.34	159.66	183.25	20.749	8.5313e-06	0.023929
376.16	0.63421	533.15	0.0018756	12.253	12.339	35.837	146.98	199.15	630.44	-0.025243	0.00011431	0.086570	0.0072648	17.397	0.057480	30.845	33.476	92.028	141.50	159.92	183.14	20.717	8.5413e-06	0.023991
376.56	0.63983	532.62	0.0018775	12.332	12.418	36.047	147.11	199.36	628.51	-0.022236	0.00011393	0.086461	0.0072257	17.553	0.056970	30.891	33.521	92.086	141.66	160.18	183.02	20.685	8.5512e-06	0.024054
376.96	0.64544	532.10	0.0018793	12.410	12.498	36.255	147.23	199.57	626.59	-0.019225	0.00011356	0.086353	0.0071869	17.709	0.056468	30.936	33.566	92.145	141.82	160.43	182.91	20.654	8.5611e-06	0.024116
377.35	0.65105	531.58	0.0018812	12.488	12.576	36.461	147.35	199.78	624.69	-0.016210	0.00011319	0.086247	0.0071483	17.865	0.055975	30.981	33.611	92.203	141.98	160.69	182.79	20.624	8.5709e-06	0.024178
377.75	0.65666	531.06	0.0018830	12.565	12.655	36.667	147.47	199.99	622.79	-0.013189	0.00011282	0.086141	0.0071101	18.022	0.055489	31.026	33.655	92.261	142.14	160.94	182.67	20.594	8.5807e-06	0.024240
378.13	0.66228	530.54	0.0018849	12.642	12.733	36.871	147.59	200.20	620.91	-0.010163	0.00011245	0.086036	0.0070721	18.178	0.055011	31.071	33.699	92.318	142.29	161.20	182.56	20.565	8.5904e-06	0.024301
378.52	0.66789	530.02	0.0018867	12.719	12.810	37.074	147.70	200.41	619.04	-0.0071322	0.00011209	0.085932	0.0070344	18.335	0.054542	31.115	33.743	92.375	142.45	161.45	182.44	20.536	8.6000e-06	0.024363
378.91	0.67350	529.51	0.0018885	12.795	12.887	37.275	147.82	200.62	617.17	-0.0040957	0.00011173	0.085829	0.0069969	18.491	0.054079	31.159	33.786	92.432	142.60	161.71	182.32	20.507	8.6097e-06	0.024424
379.29	0.67911	529.00	0.0018904	12.871	12.964	37.475	147.94	200.83	615.32	-0.0010537	0.00011138	0.085727	0.0069598	18.648	0.053624	31.202	33.830	92.489	142.76	161.96	182.21	20.479	8.6193e-06	0.024485
379.67	0.68473	528.49	0.0018922	12.947	13.040	37.674	148.06	201.04	613.48	0.0019939	0.00011102	0.085626	0.0069229	18.805	0.053176	31.246	33.873	92.545	142.91	162.21	182.09	20.452	8.6288e-06	0.024546
380.04	0.69034	527.98	0.0018940	13.022	13.116	37.872	148.17	201.25	611.66	0.0050474	0.00011067	0.085525	0.0068862	18.963	0.052735	31.289	33.915	92.601	143.06	162.47	181.97	20.425	8.6383e-06	0.024607
380.42	0.69595	527.48	0.0018958	13.096	13.191	38.069	148.29	201.45	609.84	0.0081067	0.00011033	0.085426	0.0068499	19.120	0.052301	31.331	33.958	92.656	143.22	162.72	181.85	20.398	8.6478e-06	0.024668
380.79	0.70156	526.98	0.0018976	13.171	13.267	38.264	148.40	201.66	608.03	0.011172	0.00010998	0.085327	0.0068137	19.278	0.051873	31.374	34.000	92.711	143.37	162.97	181.73	20.372	8.6572e-06	0.024728
381.16	0.70718	526.47	0.0018994	13.244	13.341	38.458	148.52	201.87	606.23	0.014244	0.00010964	0.085229	0.0067778	19.436	0.051452	31.416	34.041	92.766	143.52	163.22	181.61	20.346	8.6665e-06	0.024788
381.53	0.71279	525.98	0.0019012	13.318	13.416	38.651	148.63	202.07	604.44	0.017322	0.00010930	0.085132	0.0067422	19.593	0.051037	31.458	34.083	92.820	143.67	163.47	181.49	20.321	8.6759e-06	0.024849
381.90	0.71840	525.48	0.0019030	13.391	13.490	38.843	148.74	202.28	602.66	0.020406	0.00010897	0.085035	0.0067068	19.752	0.050629	31.500	34.124	92.875	143.81	163.72	181.37	20.296	8.6852e-06	0.024909
382.26	0.72401	524.98	0.0019048	13.464	13.563	39.034	148.86	202.49	600.89	0.023497	0.00010863	0.084939	0.0066716	19.910	0.050227	31.542	34.165	92.929	143.96	163.97	181.25	20.271	8.6944e-06	0.024969
382.62	0.72963	524.49	0.0019066	13.536	13.637	39.224	148.97	202.69	599.13	0.026594	0.00010830	0.084844	0.0066367	20.068	0.049830	31.583	34.206	92.982	144.11	164.22	181.12	20.247	8.7036e-06	0.025028
382.98	0.73524	524.00	0.0019084	13.608	13.710	39.412	149.08	202.90	597.38	0.029699	0.00010797	0.084750	0.0066020	20.227	0.049439	31.624	34.246	93.035	144.26	164.47	181.00	20.224	8.7128e-06	0.025088
383.34	0.74085	523.51	0.0019102	13.680	13.782	39.600	149.19	203.10	595.64	0.032810	0.00010765	0.084657	0.0065676	20.386	0.049054	31.665	34.287	93.088	144.40	164.72	180.88	20.200	8.7220e-06	0.025148
383.70	0.74646	523.02	0.0019120	13.752	13.855	39.786	149.30	203.31	593.91	0.035928	0.00010733	0.084564	0.0065333	20.545	0.048675	31.705	34.327	93.141	144.55	164.97	180.76	20.177	8.7311e-06	0.025207
384.05	0.75208	522.53	0.0019138	13.823	13.927	39.972	149.41	203.51	592.19	0.039054	0.00010701	0.084472	0.0064993	20.704	0.048301	31.746	34.366	93.193	144.69	165.22	180.63	20.155	8.7402e-06	0.025266
384.40	0.75769	522.05	0.0019155	13.893	13.998	40.156	149.52	203.71	590.48	0.042187	0.00010669	0.084381	0.0064655	20.863	0.047932	31.786	34.406	93.246	144.83	165.47	180.51	20.133	8.7492e-06	0.025325
384.75	0.76330	521.56	0.0019173	13.964	14.069	40.339	149.63	203.92	588.77	0.045327	0.00010637	0.084290	0.0064320	21.022	0.047568	31.826	34.445	93.297	144.98	165.71	180.39	20.111	8.7582e-06	0.025384
385.10	0.76891	521.08	0.0019191	14.034	14.140	40.522	149.74	204.12	587.07	0.048475	0.00010606	0.084200	0.0063986	21.182	0.047210	31.865	34.484	93.349	145.12	165.96	180.26	20.090	8.7672e-06	0.025443
385.45	0.77453	520.60	0.0019209	14.104	14.211	40.703	149.85	204.32	585.39	0.051630	0.00010575	0.084111	0.0063655	21.342	0.046856	31.905	34.523	93.400	145.26	166.21	180.14	20.068	8.7761e-06	0.025502
385.79	0.78014	520.12	0.0019226	14.173	14.281	40.883	149.95	204.52	583.71	0.054793	0.00010544	0.084023	0.0063325	21.502	0.046507	31.944	34.562	93.451	145.40	166.46	180.01	20.048	8.7850e-06	0.025561
386.13	0.78575	519.64	0.0019244	14.242	14.351	41.063	150.06	204.73	582.04	0.057964	0.00010514	0.083935	0.0062998	21.662	0.046163	31.983	34.600	93.502	145.54	166.71	179.89	20.027	8.7939e-06	0.025619
386.48	0.79136	519.17	0.0019262	14.311	14.421	41.241	150.17	204.93	580.37	0.061144	0.00010483	0.083848	0.0062673	21.823	0.045824	32.022	34.638	93.552	145.68	166.95	179.76	20.007	8.8028e-06	0.025677
386.81	0.79698	518.69	0.0019279	14.380	14.491	41.419	150.27	205.13	578.72	0.064331	0.00010453	0.083761	0.0062350	21.983	0.045489	32.060	34.676	93.602	145.82	167.20	179.64	19.988	8.8116e-06	0.025736
387.15	0.80259	518.22	0.0019297	14.448	14.560	41.595	150.38	205.33	577.07	0.067526	0.00010423	0.083675	0.0062028	22.144	0.045159	32.099	34.714	93.652	145.96	167.45	179.51	19.968	8.8204e-06	0.025794
387.49	0.80820	517.75	0.0019314	14.516	14.628	41.771	150.48	205.53	575.43	0.070730	0.00010393	0.083590	0.0061709	22.305	0.044833	32.137	34.751	93.702	146.09	167.69	179.38	19.949	8.8291e-06	0.025852
387.82	0.81381	517.28	0.0019332	14.584	14.697	41.946	150.59	205.74	573.80	0.073943	0.00010364	0.083505	0.0061392	22.466	0.044512	32.175	34.788	93.751	146.23	167.94	179.25	19.931	8.8379e-06	0.025910
388.15	0.81943	516.81	0.0019349	14.651	14.765	42.120	150.69	205.94	572.18	0.077164	0.00010334	0.083421	0.0061076	22.627	0.044195	32.212	34.825	93.800	146.37	168.19	179.13	19.912	8.8466e-06	0.025968
388.48	0.82504	516.34	0.0019367	14.718	14.833	42.293	150.80	206.14	570.56	0.080394	0.00010305	0.083337	0.0060763	22.789	0.043881	32.250	34.862	93.849	146.50	168.43	179.00	19.894	8.8552e-06	0.026026
388.81	0.83065	515.88	0.0019384	14.785	14.901	42.465	150.90	206.34	568.95	0.083633	0.00010276	0.083254	0.0060451	22.950	0.043572	32.287	34.899	93.898	146.64	168.68	178.87	19.876	8.8639e-06	0.026084
389.14	0.83626	515.41	0.0019402	14.851	14.968	42.636	151.00	206.54	567.35	0.086880	0.00010248	0.083172	0.0060142	23.112	0.043267	32.324	34.935	93.946	146.77	168.92	178.74	19.859	8.8725e-06	0.026141
389.46	0.84188	514.95	0.0019419	14.917	15.035	42.807	151.10	206.74	565.76	0.090137	0.00010219	0.083090	0.0059834	23.274	0.042966	32.361	34.971	93.994	146.90	169.17	178.61	19.842	8.8811e-06	0.026199
389.79	0.84749	514.49	0.0019437	14.983	15.102	42.976	151.21	206.94	564.17	0.093403	0.00010191	0.083009	0.0059528	23.437	0.042668	32.398	35.007	94.042	147.04	169.41	178.49	19.825	8.8897e-06	0.026256
390.11	0.85310	514.03	0.0019454	15.049	15.169	43.145	151.31	207.14	562.59	0.096678	0.00010162	0.082929	0.0059223	23.599	0.042374	32.435	35.043	94.089	147.17	169.66	178.36	19.809	8.8982e-06	0.026314
390.43	0.85871	513.57	0.0019471	15.115	15.235	43.313	151.41	207.34	561.02	0.099963	0.00010134	0.082849	0.0058921	23.762	0.042084	32.471	35.078	94.137	147.30	169.91	178.23	19.792	8.9067e-06	0.026371
390.75	0.86433	513.11	0.0019489	15.180	15.301	43.480	151.51	207.54	559.46	0.10326	0.00010107	0.082769	0.0058620	23.925	0.041798	32.507	35.114	94.184	147.43	170.15	178.10	19.776	8.9152e-06	0.026428
391.07	0.86994	512.66	0.0019506	15.245	15.367	43.646	151.61	207.74	557.90	0.10656	0.00010079	0.082690	0.0058321	24.088	0.041515	32.543	35.149	94.230	147.56	170.40	177.97	19.761	8.9237e-06	0.026486
391.38	0.87555	512.20	0.0019524	15.309	15.433	43.812	151.71	207.94	556.35	0.10988	0.00010052	0.082612	0.0058024	24.251	0.041235	32.579	35.184	94.277	147.70	170.64	177.84	19.745	8.9321e-06	0.026543
391.70	0.88116	511.75	0.0019541	15.374	15.498	43.976	151.81	208.14	554.80	0.11320	0.00010024	0.082534	0.0057728	24.415	0.040959	32.615	35.219	94.323	147.83	170.89	177.70	19.730	8.9406e-06	0.026600
392.01	0.88678	511.30	0.0019558	15.438	15.563	44.140	151.91	208.34	553.26	0.11653	9.9973e-05	0.082457	0.0057434	24.578	0.040686	32.650	35.253	94.369	147.95	171.13	177.57	19.715	8.9490e-06	0.026657
392.32	0.89239	510.84	0.0019575	15.502	15.628	44.304	152.01	208.54	551.73	0.11988	9.9703e-05	0.082380	0.0057142	24.742	0.040417	32.685	35.288	94.415	148.08	171.38	177.44	19.701	8.9573e-06	0.026714
392.63	0.89800	510.39	0.0019593	15.565	15.692	44.466	152.11	208.74	550.21	0.12323	9.9436e-05	0.082304	0.0056851	24.906	0.040150	32.721	35.322	94.461	148.21	171.63	177.31	19.686	8.9657e-06	0.026770
392.94	0.90361	509.94	0.0019610	15.629	15.757	44.628	152.20	208.94	548.69	0.12660	9.9170e-05	0.082228	0.0056562	25.071	0.039887	32.755	35.356	94.506	148.34	171.87	177.18	19.672	8.9740e-06	0.026827
393.25	0.90923	509.50	0.0019627	15.692	15.821	44.789	152.30	209.13	547.18	0.12997	9.8906e-05	0.082153	0.0056275	25.235	0.039627	32.790	35.390	94.551	148.47	172.12	177.05	19.659	8.9824e-06	0.026884
393.55	0.91484	509.05	0.0019644	15.755	15.884	44.949	152.40	209.33	545.67	0.13336	9.8643e-05	0.082078	0.0055989	25.400	0.039370	32.825	35.423	94.596	148.59	172.36	176.91	19.645	8.9907e-06	0.026941
393.86	0.92045	508.60	0.0019662	15.817	15.948	45.108	152.49	209.53	544.17	0.13675	9.8382e-05	0.082004	0.0055705	25.565	0.039116	32.859	35.457	94.641	148.72	172.61	176.78	19.632	8.9989e-06	0.026997
394.16	0.92606	508.16	0.0019679	15.880	16.011	45.267	152.59	209.73	542.68	0.14016	9.8122e-05	0.081930	0.0055422	25.730	0.038865	32.893	35.490	94.686	148.84	172.85	176.65	19.619	9.0072e-06	0.027054
394.46	0.93168	507.71	0.0019696	15.942	16.075	45.425	152.69	209.93	541.19	0.14358	9.7864e-05	0.081857	0.0055141	25.895	0.038617	32.928	35.523	94.730	148.97	173.10	176.51	19.606	9.0154e-06	0.027110
394.76	0.93729	507.27	0.0019713	16.004	16.137	45.583	152.78	210.13	539.71	0.14701	9.7608e-05	0.081784	0.0054861	26.061	0.038371	32.961	35.556	94.774	149.09	173.35	176.38	19.594	9.0236e-06	0.027167
395.06	0.94290	506.83	0.0019730	16.066	16.200	45.739	152.88	210.33	538.23	0.15045	9.7353e-05	0.081712	0.0054583	26.227	0.038129	32.995	35.589	94.818	149.22	173.59	176.25	19.581	9.0319e-06	0.027223
395.36	0.94851	506.39	0.0019748	16.127	16.263	45.895	152.97	210.53	536.76	0.15390	9.7100e-05	0.081640	0.0054306	26.393	0.037889	33.029	35.622	94.861	149.34	173.84	176.11	19.569	9.0400e-06	0.027279
395.66	0.95413	505.95	0.0019765	16.189	16.325	46.051	153.07	210.73	535.29	0.15736	9.6848e-05	0.081568	0.0054031	26.559	0.037652	33.062	35.654	94.905	149.47	174.08	175.98	19.557	9.0482e-06	0.027336
395.95	0.95974	505.51	0.0019782	16.250	16.387	46.205	153.16	210.93	533.84	0.16084	9.6597e-05	0.081498	0.0053758	26.726	0.037417	33.096	35.686	94.948	149.59	174.33	175.84	19.546	9.0563e-06	0.027392
396.24	0.96535	505.07	0.0019799	16.311	16.449	46.359	153.26	211.13	532.38	0.16433	9.6348e-05	0.081427	0.0053485	26.892	0.037185	33.129	35.719	94.991	149.71	174.58	175.71	19.535	9.0645e-06	0.027448
396.54	0.97096	504.64	0.0019816	16.371	16.510	46.513	153.35	211.32	530.94	0.16782	9.6100e-05	0.081357	0.0053215	27.059	0.036956	33.162	35.751	95.033	149.83	174.82	175.57	19.523	9.0726e-06	0.027504
396.83	0.97658	504.20	0.0019833	16.432	16.572	46.665	153.44	211.52	529.49	0.17134	9.5854e-05	0.081287	0.0052945	27.226	0.036729	33.194	35.782	95.076	149.95	175.07	175.44	19.513	9.0807e-06	0.027560
397.12	0.98219	503.77	0.0019850	16.492	16.633	46.817	153.54	211.72	528.06	0.17486	9.5609e-05	0.081218	0.0052677	27.394	0.036505	33.227	35.814	95.118	150.08	175.32	175.30	19.502	9.0888e-06	0.027616
397.41	0.98780	503.33	0.0019868	16.552	16.694	46.969	153.63	211.92	526.63	0.17839	9.5366e-05	0.081150	0.0052411	27.561	0.036283	33.260	35.845	95.160	150.20	175.56	175.17	19.492	9.0968e-06	0.027672
397.69	0.99341	502.90	0.0019885	16.612	16.754	47.120	153.72	212.12	525.20	0.18194	9.5124e-05	0.081081	0.0052145	27.729	0.036063	33.292	35.877	95.202	150.32	175.81	175.03	19.481	9.1049e-06	0.027728
397.98	0.99903	502.47	0.0019902	16.672	16.815	47.270	153.81	212.32	523.78	0.18550	9.4883e-05	0.081013	0.0051882	27.897	0.035846	33.324	35.908	95.244	150.44	176.06	174.89	19.471	9.1129e-06	0.027784
398.27	1.0046	502.04	0.0019919	16.731	16.875	47.419	153.91	212.52	522.37	0.18907	9.4643e-05	0.080946	0.0051619	28.065	0.035631	33.356	35.939	95.286	150.56	176.31	174.76	19.462	9.1209e-06	0.027840
398.55	1.0103	501.61	0.0019936	16.790	16.936	47.568	154.00	212.72	520.96	0.19266	9.4405e-05	0.080879	0.0051358	28.234	0.035418	33.388	35.970	95.327	150.67	176.56	174.62	19.452	9.1289e-06	0.027896
398.83	1.0159	501.18	0.0019953	16.849	16.995	47.717	154.09	212.92	519.55	0.19626	9.4168e-05	0.080812	0.0051098	28.403	0.035208	33.420	36.000	95.368	150.79	176.80	174.48	19.443	9.1369e-06	0.027952
399.11	1.0215	500.75	0.0019970	16.908	17.055	47.864	154.18	213.12	518.15	0.19987	9.3932e-05	0.080746	0.0050840	28.572	0.035000	33.451	36.031	95.409	150.91	177.05	174.34	19.434	9.1449e-06	0.028008
399.40	1.0271	500.32	0.0019987	16.967	17.115	48.012	154.27	213.32	516.76	0.20349	9.3698e-05	0.080680	0.0050582	28.741	0.034794	33.483	36.061	95.450	151.03	177.30	174.21	19.425	9.1529e-06	0.028064
399.67	1.0327	499.89	0.0020004	17.025	17.174	48.158	154.36	213.52	515.37	0.20713	9.3465e-05	0.080615	0.0050327	28.910	0.034590	33.514	36.092	95.490	151.15	177.55	174.07	19.416	9.1608e-06	0.028119
399.95	1.0383	499.47	0.0020021	17.083	17.233	48.304	154.45	213.72	513.98	0.21078	9.3233e-05	0.080550	0.0050072	29.080	0.034388	33.546	36.122	95.530	151.26	177.80	173.93	19.407	9.1688e-06	0.028175
400.23	1.0439	499.04	0.0020038	17.141	17.292	48.450	154.54	213.92	512.60	0.21444	9.3002e-05	0.080485	0.0049819	29.250	0.034188	33.577	36.152	95.570	151.38	178.05	173.79	19.399	9.1767e-06	0.028231
400.51	1.0495	498.62	0.0020055	17.199	17.351	48.595	154.63	214.12	511.23	0.21812	9.2772e-05	0.080421	0.0049567	29.420	0.033990	33.607	36.181	95.610	151.50	178.30	173.65	19.391	9.1846e-06	0.028287
400.78	1.0552	498.20	0.0020072	17.257	17.410	48.739	154.72	214.32	509.86	0.22181	9.2544e-05	0.080357	0.0049316	29.591	0.033795	33.638	36.211	95.650	151.61	178.55	173.51	19.383	9.1925e-06	0.028342
401.05	1.0608	497.77	0.0020089	17.315	17.468	48.883	154.81	214.52	508.49	0.22551	9.2316e-05	0.080294	0.0049066	29.761	0.033601	33.669	36.240	95.690	151.73	178.80	173.37	19.375	9.2004e-06	0.028398
401.33	1.0664	497.35	0.0020107	17.372	17.527	49.026	154.90	214.72	507.13	0.22923	9.2090e-05	0.080231	0.0048818	29.932	0.033409	33.699	36.270	95.729	151.84	179.05	173.23	19.368	9.2083e-06	0.028454
401.60	1.0720	496.93	0.0020124	17.429	17.585	49.169	154.99	214.92	505.77	0.23297	9.1865e-05	0.080168	0.0048571	30.103	0.033219	33.730	36.299	95.768	151.96	179.30	173.09	19.361	9.2161e-06	0.028509
401.87	1.0776	496.51	0.0020141	17.486	17.643	49.311	155.07	215.13	504.42	0.23671	9.1641e-05	0.080105	0.0048325	30.275	0.033031	33.760	36.328	95.807	152.07	179.55	172.95	19.353	9.2240e-06	0.028565
402.14	1.0832	496.09	0.0020158	17.543	17.700	49.452	155.16	215.33	503.07	0.24048	9.1419e-05	0.080043	0.0048080	30.446	0.032845	33.790	36.357	95.846	152.18	179.80	172.81	19.347	9.2319e-06	0.028621
402.41	1.0888	495.67	0.0020175	17.599	17.758	49.593	155.25	215.53	501.73	0.24425	9.1197e-05	0.079982	0.0047836	30.618	0.032660	33.820	36.386	95.884	152.30	180.06	172.67	19.340	9.2397e-06	0.028676
402.68	1.0944	495.25	0.0020192	17.656	17.815	49.734	155.34	215.73	500.39	0.24804	9.0976e-05	0.079921	0.0047594	30.790	0.032478	33.850	36.414	95.923	152.41	180.31	172.53	19.333	9.2475e-06	0.028732
402.94	1.1001	494.83	0.0020209	17.712	17.872	49.874	155.42	215.93	499.06	0.25185	9.0757e-05	0.079860	0.0047353	30.963	0.032297	33.880	36.443	95.961	152.52	180.56	172.39	19.327	9.2553e-06	0.028788
403.21	1.1057	494.42	0.0020226	17.768	17.930	50.013	155.51	216.13	497.73	0.25567	9.0538e-05	0.079799	0.0047112	31.135	0.032118	33.909	36.471	95.999	152.63	180.82	172.25	19.321	9.2631e-06	0.028843
403.47	1.1113	494.00	0.0020243	17.824	17.986	50.152	155.60	216.34	496.40	0.25951	9.0321e-05	0.079739	0.0046873	31.308	0.031941	33.939	36.500	96.037	152.75	181.07	172.11	19.315	9.2709e-06	0.028899
403.74	1.1169	493.59	0.0020260	17.880	18.043	50.291	155.68	216.54	495.08	0.26336	9.0105e-05	0.079679	0.0046636	31.481	0.031765	33.968	36.528	96.075	152.86	181.32	171.97	19.309	9.2787e-06	0.028954
404.00	1.1225	493.17	0.0020277	17.935	18.100	50.429	155.77	216.74	493.77	0.26722	8.9889e-05	0.079620	0.0046399	31.655	0.031591	33.997	36.556	96.112	152.97	181.58	171.83	19.303	9.2865e-06	0.029010
404.26	1.1281	492.76	0.0020294	17.991	18.156	50.566	155.85	216.95	492.45	0.27111	8.9675e-05	0.079560	0.0046163	31.828	0.031418	34.026	36.584	96.150	153.08	181.83	171.68	19.298	9.2943e-06	0.029065
404.52	1.1337	492.34	0.0020311	18.046	18.212	50.703	155.94	217.15	491.15	0.27500	8.9462e-05	0.079502	0.0045929	32.002	0.031248	34.055	36.611	96.187	153.19	182.09	171.54	19.292	9.3021e-06	0.029121
404.78	1.1393	491.93	0.0020328	18.101	18.268	50.840	156.03	217.35	489.84	0.27892	8.9249e-05	0.079443	0.0045695	32.177	0.031079	34.084	36.639	96.224	153.30	182.34	171.40	19.287	9.3098e-06	0.029177
405.04	1.1450	491.52	0.0020345	18.156	18.324	50.976	156.11	217.56	488.54	0.28284	8.9038e-05	0.079385	0.0045463	32.351	0.030911	34.113	36.666	96.261	153.41	182.60	171.26	19.282	9.3176e-06	0.029232
405.30	1.1506	491.11	0.0020362	18.211	18.380	51.112	156.20	217.76	487.25	0.28679	8.8827e-05	0.079327	0.0045232	32.526	0.030745	34.141	36.694	96.297	153.52	182.86	171.11	19.278	9.3253e-06	0.029288
405.55	1.1562	490.70	0.0020379	18.266	18.436	51.247	156.28	217.96	485.95	0.29075	8.8618e-05	0.079269	0.0045002	32.701	0.030580	34.170	36.721	96.334	153.63	183.11	170.97	19.273	9.3330e-06	0.029344
405.81	1.1618	490.29	0.0020396	18.320	18.491	51.381	156.36	218.17	484.67	0.29473	8.8409e-05	0.079212	0.0044773	32.876	0.030417	34.198	36.748	96.370	153.74	183.37	170.83	19.269	9.3408e-06	0.029399
406.06	1.1674	489.88	0.0020413	18.374	18.546	51.515	156.45	218.37	483.38	0.29872	8.8202e-05	0.079155	0.0044544	33.051	0.030256	34.226	36.775	96.406	153.85	183.63	170.68	19.264	9.3485e-06	0.029455
406.32	1.1730	489.47	0.0020430	18.429	18.601	51.649	156.53	218.58	482.10	0.30273	8.7995e-05	0.079099	0.0044317	33.227	0.030096	34.255	36.802	96.442	153.96	183.89	170.54	19.260	9.3562e-06	0.029510
406.57	1.1786	489.06	0.0020447	18.483	18.656	51.782	156.62	218.78	480.82	0.30676	8.7790e-05	0.079043	0.0044091	33.403	0.029937	34.283	36.828	96.478	154.06	184.15	170.40	19.256	9.3639e-06	0.029566
406.82	1.1842	488.65	0.0020465	18.536	18.711	51.915	156.70	218.99	479.55	0.31081	8.7585e-05	0.078987	0.0043867	33.580	0.029780	34.310	36.855	96.513	154.17	184.41	170.25	19.252	9.3716e-06	0.029622
407.08	1.1899	488.24	0.0020482	18.590	18.766	52.048	156.78	219.20	478.28	0.31487	8.7381e-05	0.078931	0.0043643	33.756	0.029624	34.338	36.881	96.549	154.28	184.67	170.11	19.249	9.3793e-06	0.029677
407.33	1.1955	487.84	0.0020499	18.644	18.821	52.179	156.87	219.40	477.02	0.31895	8.7178e-05	0.078876	0.0043420	33.933	0.029470	34.366	36.908	96.584	154.39	184.93	169.96	19.245	9.3870e-06	0.029733
407.58	1.2011	487.43	0.0020516	18.697	18.875	52.311	156.95	219.61	475.76	0.32304	8.6976e-05	0.078821	0.0043198	34.110	0.029317	34.393	36.934	96.619	154.49	185.19	169.82	19.242	9.3947e-06	0.029789
407.82	1.2067	487.02	0.0020533	18.750	18.929	52.442	157.03	219.82	474.50	0.32716	8.6774e-05	0.078766	0.0042977	34.288	0.029165	34.421	36.960	96.654	154.60	185.45	169.67	19.239	9.4024e-06	0.029845
408.07	1.2123	486.62	0.0020550	18.804	18.983	52.573	157.11	220.02	473.24	0.33129	8.6574e-05	0.078712	0.0042757	34.466	0.029015	34.448	36.986	96.689	154.71	185.71	169.53	19.236	9.4101e-06	0.029900
408.32	1.2179	486.21	0.0020567	18.857	19.037	52.703	157.20	220.23	471.99	0.33544	8.6374e-05	0.078657	0.0042538	34.644	0.028865	34.475	37.012	96.723	154.81	185.97	169.38	19.233	9.4178e-06	0.029956
408.56	1.2235	485.81	0.0020584	18.909	19.091	52.832	157.28	220.44	470.75	0.33961	8.6175e-05	0.078604	0.0042320	34.822	0.028718	34.502	37.037	96.758	154.92	186.24	169.24	19.230	9.4254e-06	0.030012
408.81	1.2291	485.41	0.0020601	18.962	19.145	52.962	157.36	220.65	469.50	0.34379	8.5978e-05	0.078550	0.0042103	35.000	0.028571	34.529	37.063	96.792	155.02	186.50	169.09	19.228	9.4331e-06	0.030068
409.05	1.2348	485.00	0.0020618	19.015	19.198	53.091	157.44	220.86	468.26	0.34799	8.5780e-05	0.078497	0.0041887	35.179	0.028426	34.556	37.089	96.826	155.13	186.77	168.94	19.226	9.4408e-06	0.030124
409.30	1.2404	484.60	0.0020636	19.067	19.252	53.219	157.52	221.07	467.03	0.35222	8.5584e-05	0.078444	0.0041672	35.358	0.028282	34.583	37.114	96.860	155.23	187.03	168.80	19.223	9.4484e-06	0.030179
409.54	1.2460	484.20	0.0020653	19.119	19.305	53.347	157.60	221.28	465.79	0.35646	8.5389e-05	0.078391	0.0041457	35.538	0.028139	34.610	37.139	96.894	155.34	187.30	168.65	19.221	9.4561e-06	0.030235
409.78	1.2516	483.79	0.0020670	19.171	19.358	53.475	157.68	221.49	464.56	0.36072	8.5194e-05	0.078339	0.0041244	35.718	0.027997	34.636	37.164	96.928	155.44	187.56	168.50	19.219	9.4637e-06	0.030291
410.02	1.2572	483.39	0.0020687	19.224	19.411	53.602	157.77	221.70	463.34	0.36500	8.5000e-05	0.078287	0.0041032	35.898	0.027857	34.663	37.189	96.961	155.54	187.83	168.36	19.218	9.4714e-06	0.030347
410.27	1.2628	482.99	0.0020704	19.275	19.464	53.729	157.85	221.91	462.11	0.36929	8.4807e-05	0.078235	0.0040821	36.078	0.027718	34.689	37.214	96.995	155.65	188.10	168.21	19.216	9.4790e-06	0.030403
410.50	1.2684	482.59	0.0020721	19.327	19.517	53.856	157.93	222.12	460.90	0.37361	8.4615e-05	0.078183	0.0040610	36.258	0.027580	34.715	37.239	97.028	155.75	188.37	168.06	19.215	9.4867e-06	0.030459
410.74	1.2740	482.19	0.0020739	19.379	19.569	53.982	158.01	222.33	459.68	0.37795	8.4423e-05	0.078132	0.0040401	36.439	0.027443	34.741	37.264	97.061	155.85	188.64	167.91	19.213	9.4943e-06	0.030515
410.98	1.2797	481.79	0.0020756	19.430	19.622	54.107	158.09	222.54	458.47	0.38231	8.4232e-05	0.078081	0.0040192	36.621	0.027307	34.767	37.288	97.094	155.96	188.91	167.77	19.212	9.5020e-06	0.030571
411.22	1.2853	481.39	0.0020773	19.482	19.674	54.233	158.17	222.76	457.26	0.38668	8.4042e-05	0.078030	0.0039984	36.802	0.027172	34.793	37.313	97.126	156.06	189.18	167.62	19.211	9.5096e-06	0.030627
411.46	1.2909	480.99	0.0020790	19.533	19.726	54.358	158.25	222.97	456.05	0.39108	8.3853e-05	0.077980	0.0039777	36.984	0.027039	34.819	37.337	97.159	156.16	189.45	167.47	19.210	9.5173e-06	0.030684
411.69	1.2965	480.60	0.0020807	19.584	19.779	54.482	158.33	223.18	454.85	0.39549	8.3664e-05	0.077929	0.0039571	37.166	0.026906	34.845	37.362	97.191	156.26	189.72	167.32	19.210	9.5249e-06	0.030740
411.93	1.3021	480.20	0.0020825	19.635	19.831	54.606	158.40	223.40	453.65	0.39993	8.3476e-05	0.077880	0.0039366	37.348	0.026775	34.870	37.386	97.223	156.37	189.99	167.17	19.209	9.5325e-06	0.030796
412.16	1.3077	479.80	0.0020842	19.686	19.882	54.730	158.48	223.61	452.45	0.40439	8.3289e-05	0.077830	0.0039162	37.531	0.026645	34.896	37.410	97.256	156.47	190.27	167.02	19.209	9.5402e-06	0.030852
412.39	1.3133	479.40	0.0020859	19.736	19.934	54.853	158.56	223.83	451.25	0.40887	8.3103e-05	0.077780	0.0038958	37.714	0.026515	34.921	37.434	97.287	156.57	190.54	166.88	19.208	9.5478e-06	0.030909
412.63	1.3189	479.01	0.0020877	19.787	19.986	54.976	158.64	224.04	450.06	0.41337	8.2917e-05	0.077731	0.0038756	37.897	0.026387	34.946	37.457	97.319	156.67	190.82	166.73	19.208	9.5555e-06	0.030965
412.86	1.3246	478.61	0.0020894	19.838	20.037	55.099	158.72	224.26	448.88	0.41789	8.2732e-05	0.077682	0.0038554	38.081	0.026260	34.972	37.481	97.351	156.77	191.09	166.58	19.208	9.5631e-06	0.031021
413.09	1.3302	478.21	0.0020911	19.888	20.089	55.221	158.80	224.47	447.69	0.42243	8.2548e-05	0.077634	0.0038353	38.265	0.026134	34.997	37.505	97.382	156.87	191.37	166.43	19.208	9.5707e-06	0.031078
413.32	1.3358	477.82	0.0020928	19.938	20.140	55.343	158.88	224.69	446.51	0.42699	8.2364e-05	0.077585	0.0038154	38.449	0.026008	35.022	37.528	97.414	156.97	191.65	166.28	19.209	9.5784e-06	0.031134
413.55	1.3414	477.42	0.0020946	19.988	20.191	55.465	158.95	224.91	445.33	0.43158	8.2181e-05	0.077537	0.0037954	38.634	0.025884	35.047	37.552	97.445	157.07	191.93	166.13	19.209	9.5860e-06	0.031191
413.78	1.3470	477.03	0.0020963	20.038	20.242	55.586	159.03	225.13	444.15	0.43618	8.1999e-05	0.077489	0.0037756	38.819	0.025761	35.071	37.575	97.476	157.17	192.20	165.98	19.209	9.5936e-06	0.031247
414.01	1.3526	476.63	0.0020980	20.088	20.293	55.707	159.11	225.35	442.98	0.44081	8.1817e-05	0.077441	0.0037559	39.004	0.025638	35.096	37.598	97.507	157.27	192.48	165.83	19.210	9.6013e-06	0.031304
414.24	1.3582	476.24	0.0020998	20.138	20.344	55.828	159.19	225.56	441.81	0.44546	8.1636e-05	0.077394	0.0037362	39.189	0.025517	35.121	37.621	97.538	157.37	192.76	165.68	19.211	9.6089e-06	0.031361
414.46	1.3638	475.85	0.0021015	20.187	20.394	55.948	159.27	225.78	440.64	0.45013	8.1456e-05	0.077347	0.0037166	39.375	0.025397	35.145	37.644	97.568	157.47	193.05	165.52	19.212	9.6166e-06	0.031417
414.69	1.3695	475.45	0.0021033	20.237	20.445	56.068	159.34	226.00	439.48	0.45483	8.1276e-05	0.077300	0.0036971	39.562	0.025277	35.170	37.667	97.599	157.57	193.33	165.37	19.213	9.6242e-06	0.031474
414.91	1.3751	475.06	0.0021050	20.286	20.495	56.187	159.42	226.22	438.32	0.45955	8.1097e-05	0.077253	0.0036777	39.748	0.025158	35.194	37.690	97.629	157.67	193.61	165.22	19.214	9.6319e-06	0.031531
415.14	1.3807	474.67	0.0021067	20.336	20.546	56.307	159.50	226.45	437.16	0.46429	8.0919e-05	0.077207	0.0036583	39.935	0.025041	35.218	37.713	97.659	157.76	193.90	165.07	19.215	9.6395e-06	0.031588
415.36	1.3863	474.27	0.0021085	20.385	20.596	56.425	159.57	226.67	436.00	0.46905	8.0741e-05	0.077160	0.0036391	40.122	0.024924	35.242	37.735	97.689	157.86	194.18	164.92	19.217	9.6472e-06	0.031645
415.59	1.3919	473.88	0.0021102	20.434	20.646	56.544	159.65	226.89	434.85	0.47384	8.0564e-05	0.077114	0.0036199	40.310	0.024808	35.266	37.758	97.719	157.96	194.47	164.77	19.219	9.6548e-06	0.031702
415.81	1.3975	473.49	0.0021120	20.483	20.696	56.662	159.73	227.11	433.70	0.47865	8.0387e-05	0.077069	0.0036008	40.497	0.024693	35.290	37.780	97.749	158.06	194.76	164.61	19.220	9.6625e-06	0.031759
416.03	1.4031	473.10	0.0021137	20.532	20.746	56.780	159.80	227.34	432.55	0.48349	8.0211e-05	0.077023	0.0035817	40.685	0.024579	35.314	37.802	97.778	158.16	195.04	164.46	19.222	9.6701e-06	0.031816
416.25	1.4087	472.71	0.0021155	20.580	20.795	56.898	159.88	227.56	431.41	0.48835	8.0036e-05	0.076978	0.0035628	40.874	0.024465	35.338	37.825	97.808	158.25	195.33	164.31	19.224	9.6778e-06	0.031873
416.47	1.4144	472.32	0.0021172	20.629	20.845	57.015	159.96	227.79	430.26	0.49323	7.9861e-05	0.076933	0.0035439	41.063	0.024353	35.362	37.847	97.837	158.35	195.62	164.16	19.226	9.6855e-06	0.031930
416.70	1.4200	471.93	0.0021190	20.678	20.895	57.132	160.03	228.01	429.12	0.49814	7.9687e-05	0.076888	0.0035251	41.252	0.024241	35.385	37.869	97.866	158.45	195.91	164.00	19.228	9.6931e-06	0.031988
416.91	1.4256	471.54	0.0021207	20.726	20.944	57.248	160.11	228.24	427.99	0.50307	7.9514e-05	0.076843	0.0035064	41.441	0.024130	35.409	37.891	97.895	158.54	196.20	163.85	19.231	9.7008e-06	0.032045
417.13	1.4312	471.14	0.0021225	20.774	20.994	57.365	160.18	228.46	426.85	0.50803	7.9341e-05	0.076799	0.0034877	41.631	0.024020	35.432	37.912	97.924	158.64	196.50	163.70	19.233	9.7085e-06	0.032103
417.35	1.4368	470.75	0.0021242	20.823	21.043	57.480	160.26	228.69	425.72	0.51301	7.9168e-05	0.076755	0.0034692	41.822	0.023911	35.455	37.934	97.953	158.74	196.79	163.54	19.236	9.7162e-06	0.032160
417.57	1.4424	470.37	0.0021260	20.871	21.092	57.596	160.33	228.92	424.59	0.51802	7.8996e-05	0.076711	0.0034507	42.012	0.023803	35.479	37.956	97.982	158.83	197.09	163.39	19.239	9.7239e-06	0.032218
417.79	1.4480	469.98	0.0021278	20.919	21.141	57.711	160.41	229.15	423.46	0.52305	7.8825e-05	0.076667	0.0034322	42.203	0.023695	35.502	37.977	98.010	158.93	197.38	163.24	19.242	9.7316e-06	0.032275
418.00	1.4536	469.59	0.0021295	20.967	21.190	57.827	160.48	229.38	422.34	0.52811	7.8654e-05	0.076623	0.0034139	42.394	0.023588	35.525	37.999	98.038	159.02	197.68	163.08	19.245	9.7393e-06	0.032333
418.22	1.4593	469.20	0.0021313	21.014	21.239	57.941	160.56	229.61	421.22	0.53320	7.8484e-05	0.076580	0.0033956	42.586	0.023482	35.548	38.020	98.067	159.12	197.98	162.93	19.248	9.7470e-06	0.032391
418.43	1.4649	468.81	0.0021331	21.062	21.287	58.056	160.63	229.84	420.10	0.53831	7.8315e-05	0.076537	0.0033774	42.778	0.023377	35.570	38.041	98.095	159.21	198.28	162.77	19.251	9.7547e-06	0.032449
418.65	1.4705	468.42	0.0021348	21.110	21.336	58.170	160.71	230.07	418.98	0.54345	7.8146e-05	0.076494	0.0033593	42.970	0.023272	35.593	38.062	98.123	159.31	198.58	162.62	19.254	9.7624e-06	0.032507
418.86	1.4761	468.03	0.0021366	21.157	21.385	58.284	160.78	230.30	417.86	0.54861	7.7977e-05	0.076451	0.0033412	43.163	0.023168	35.616	38.083	98.150	159.40	198.88	162.46	19.258	9.7701e-06	0.032565
419.08	1.4817	467.64	0.0021384	21.204	21.433	58.397	160.86	230.54	416.75	0.55380	7.7809e-05	0.076409	0.0033232	43.356	0.023065	35.638	38.104	98.178	159.50	199.18	162.31	19.261	9.7778e-06	0.032623
419.29	1.4873	467.26	0.0021402	21.252	21.481	58.511	160.93	230.77	415.64	0.55902	7.7642e-05	0.076366	0.0033053	43.549	0.022963	35.661	38.125	98.205	159.59	199.48	162.15	19.265	9.7856e-06	0.032681
419.50	1.4929	466.87	0.0021419	21.299	21.530	58.623	161.00	231.01	414.53	0.56427	7.7475e-05	0.076324	0.0032874	43.743	0.022861	35.683	38.146	98.233	159.69	199.79	162.00	19.269	9.7933e-06	0.032739
419.71	1.4985	466.48	0.0021437	21.346	21.578	58.736	161.08	231.24	413.43	0.56954	7.7308e-05	0.076283	0.0032697	43.937	0.022760	35.706	38.166	98.260	159.78	200.10	161.84	19.273	9.8010e-06	0.032798
419.92	1.5042	466.09	0.0021455	21.393	21.626	58.849	161.15	231.48	412.33	0.57484	7.7142e-05	0.076241	0.0032520	44.132	0.022660	35.728	38.187	98.287	159.88	200.40	161.69	19.277	9.8088e-06	0.032856
420.13	1.5098	465.71	0.0021473	21.440	21.674	58.961	161.23	231.71	411.22	0.58017	7.6977e-05	0.076199	0.0032343	44.326	0.022560	35.750	38.208	98.314	159.97	200.71	161.53	19.281	9.8166e-06	0.032915
420.34	1.5154	465.32	0.0021491	21.487	21.722	59.073	161.30	231.95	410.13	0.58553	7.6812e-05	0.076158	0.0032167	44.522	0.022461	35.772	38.228	98.341	160.06	201.02	161.37	19.286	9.8243e-06	0.032973
420.55	1.5210	464.93	0.0021509	21.533	21.769	59.184	161.37	232.19	409.03	0.59092	7.6648e-05	0.076117	0.0031992	44.717	0.022363	35.794	38.248	98.368	160.16	201.33	161.22	19.290	9.8321e-06	0.033032
420.76	1.5266	464.54	0.0021526	21.580	21.817	59.295	161.45	232.43	407.94	0.59633	7.6484e-05	0.076076	0.0031818	44.913	0.022265	35.816	38.268	98.394	160.25	201.64	161.06	19.295	9.8399e-06	0.033091
420.97	1.5322	464.16	0.0021544	21.627	21.865	59.406	161.52	232.67	406.84	0.60178	7.6320e-05	0.076036	0.0031644	45.110	0.022168	35.838	38.289	98.421	160.34	201.96	160.90	19.300	9.8477e-06	0.033150
421.18	1.5378	463.77	0.0021562	21.673	21.912	59.517	161.59	232.91	405.76	0.60725	7.6158e-05	0.075995	0.0031471	45.306	0.022072	35.860	38.309	98.447	160.44	202.27	160.75	19.304	9.8555e-06	0.033209
421.38	1.5434	463.39	0.0021580	21.719	21.960	59.628	161.66	233.15	404.67	0.61276	7.5995e-05	0.075955	0.0031299	45.503	0.021976	35.881	38.329	98.473	160.53	202.59	160.59	19.309	9.8633e-06	0.033268
421.59	1.5491	463.00	0.0021598	21.766	22.007	59.738	161.74	233.40	403.58	0.61829	7.5833e-05	0.075915	0.0031127	45.701	0.021881	35.903	38.348	98.499	160.62	202.91	160.43	19.314	9.8711e-06	0.033327
421.80	1.5547	462.61	0.0021616	21.812	22.054	59.848	161.81	233.64	402.50	0.62385	7.5672e-05	0.075875	0.0030956	45.899	0.021787	35.924	38.368	98.525	160.71	203.22	160.27	19.320	9.8789e-06	0.033386
422.00	1.5603	462.23	0.0021634	21.858	22.101	59.957	161.88	233.88	401.42	0.62945	7.5511e-05	0.075836	0.0030786	46.097	0.021693	35.946	38.388	98.551	160.81	203.54	160.12	19.325	9.8867e-06	0.033445
422.20	1.5659	461.84	0.0021652	21.904	22.148	60.067	161.96	234.13	400.34	0.63507	7.5350e-05	0.075796	0.0030616	46.296	0.021600	35.967	38.407	98.577	160.90	203.87	159.96	19.330	9.8946e-06	0.033505
422.41	1.5715	461.46	0.0021671	21.950	22.195	60.176	162.03	234.37	399.26	0.64073	7.5190e-05	0.075757	0.0030447	46.495	0.021508	35.988	38.427	98.602	160.99	204.19	159.80	19.336	9.9024e-06	0.033564
422.61	1.5771	461.07	0.0021689	21.995	22.242	60.285	162.10	234.62	398.19	0.64642	7.5030e-05	0.075718	0.0030279	46.694	0.021416	36.009	38.446	98.627	161.08	204.51	159.64	19.341	9.9103e-06	0.033624
422.82	1.5827	460.68	0.0021707	22.041	22.289	60.393	162.17	234.87	397.12	0.65214	7.4871e-05	0.075679	0.0030111	46.894	0.021325	36.031	38.466	98.653	161.17	204.84	159.48	19.347	9.9181e-06	0.033684
423.02	1.5883	460.30	0.0021725	22.087	22.336	60.502	162.24	235.12	396.05	0.65789	7.4712e-05	0.075640	0.0029944	47.094	0.021234	36.052	38.485	98.678	161.26	205.16	159.32	19.353	9.9260e-06	0.033743
423.22	1.5940	459.91	0.0021743	22.132	22.382	60.610	162.32	235.37	394.98	0.66367	7.4554e-05	0.075602	0.0029777	47.295	0.021144	36.072	38.504	98.703	161.36	205.49	159.16	19.359	9.9339e-06	0.033803
423.42	1.5996	459.53	0.0021761	22.178	22.429	60.718	162.39	235.62	393.91	0.66949	7.4396e-05	0.075563	0.0029612	47.496	0.021054	36.093	38.523	98.728	161.45	205.82	159.00	19.365	9.9418e-06	0.033863
423.62	1.6052	459.14	0.0021780	22.223	22.475	60.825	162.46	235.87	392.85	0.67534	7.4239e-05	0.075525	0.0029446	47.697	0.020965	36.114	38.542	98.752	161.54	206.15	158.85	19.371	9.9497e-06	0.033923
423.82	1.6108	458.76	0.0021798	22.268	22.522	60.933	162.53	236.12	391.79	0.68122	7.4082e-05	0.075487	0.0029282	47.899	0.020877	36.135	38.561	98.777	161.63	206.49	158.69	19.378	9.9576e-06	0.033984
424.02	1.6164	458.37	0.0021816	22.314	22.568	61.040	162.60	236.38	390.73	0.68714	7.3925e-05	0.075449	0.0029118	48.102	0.020789	36.155	38.580	98.801	161.72	206.82	158.53	19.384	9.9656e-06	0.034044
424.22	1.6220	457.99	0.0021835	22.359	22.614	61.147	162.67	236.63	389.67	0.69308	7.3769e-05	0.075412	0.0028954	48.304	0.020702	36.176	38.599	98.826	161.81	207.16	158.37	19.391	9.9735e-06	0.034105
424.42	1.6276	457.60	0.0021853	22.404	22.660	61.253	162.75	236.89	388.61	0.69907	7.3613e-05	0.075374	0.0028792	48.507	0.020615	36.196	38.617	98.850	161.90	207.49	158.21	19.397	9.9815e-06	0.034165
424.62	1.6332	457.22	0.0021871	22.449	22.706	61.360	162.82	237.15	387.56	0.70508	7.3458e-05	0.075337	0.0028630	48.711	0.020529	36.217	38.636	98.874	161.99	207.83	158.04	19.404	9.9894e-06	0.034226
424.82	1.6389	456.84	0.0021890	22.494	22.752	61.466	162.89	237.40	386.50	0.71114	7.3303e-05	0.075300	0.0028468	48.915	0.020444	36.237	38.654	98.898	162.08	208.17	157.88	19.411	9.9974e-06	0.034287
425.01	1.6445	456.45	0.0021908	22.538	22.798	61.572	162.96	237.66	385.45	0.71722	7.3149e-05	0.075263	0.0028307	49.119	0.020359	36.257	38.673	98.922	162.17	208.52	157.72	19.418	1.0005e-05	0.034348
425.21	1.6501	456.07	0.0021927	22.583	22.844	61.678	163.03	237.92	384.40	0.72335	7.2995e-05	0.075227	0.0028147	49.324	0.020274	36.277	38.691	98.946	162.26	208.86	157.56	19.425	1.0013e-05	0.034409
425.41	1.6557	455.68	0.0021945	22.628	22.890	61.783	163.10	238.18	383.36	0.72950	7.2841e-05	0.075190	0.0027987	49.529	0.020190	36.297	38.709	98.969	162.35	209.21	157.40	19.432	1.0021e-05	0.034470
425.60	1.6613	455.30	0.0021964	22.672	22.936	61.888	163.17	238.45	382.31	0.73570	7.2688e-05	0.075154	0.0027828	49.735	0.020107	36.317	38.727	98.993	162.44	209.55	157.24	19.440	1.0029e-05	0.034531
425.80	1.6669	454.91	0.0021982	22.717	22.981	61.993	163.24	238.71	381.27	0.74193	7.2535e-05	0.075118	0.0027669	49.941	0.020024	36.337	38.745	99.016	162.53	209.90	157.08	19.447	1.0038e-05	0.034592
425.99	1.6725	454.53	0.0022001	22.761	23.027	62.098	163.31	238.98	380.23	0.74820	7.2382e-05	0.075082	0.0027512	50.148	0.019941	36.357	38.763	99.039	162.62	210.25	156.92	19.455	1.0046e-05	0.034654
426.19	1.6781	454.14	0.0022019	22.805	23.072	62.203	163.38	239.24	379.19	0.75450	7.2230e-05	0.075046	0.0027354	50.354	0.019859	36.377	38.781	99.062	162.70	210.60	156.75	19.462	1.0054e-05	0.034715
426.38	1.6838	453.76	0.0022038	22.850	23.117	62.307	163.45	239.51	378.15	0.76084	7.2078e-05	0.075010	0.0027197	50.562	0.019778	36.396	38.799	99.085	162.79	210.96	156.59	19.470	1.0062e-05	0.034777
426.57	1.6894	453.38	0.0022057	22.894	23.163	62.411	163.52	239.78	377.11	0.76722	7.1927e-05	0.074975	0.0027041	50.770	0.019697	36.416	38.817	99.108	162.88	211.31	156.43	19.478	1.0070e-05	0.034839
426.77	1.6950	452.99	0.0022076	22.938	23.208	62.515	163.59	240.04	376.08	0.77364	7.1776e-05	0.074939	0.0026886	50.978	0.019616	36.435	38.834	99.131	162.97	211.67	156.27	19.486	1.0078e-05	0.034901
426.96	1.7006	452.61	0.0022094	22.982	23.253	62.618	163.66	240.32	375.05	0.78009	7.1625e-05	0.074904	0.0026731	51.187	0.019536	36.455	38.852	99.153	163.06	212.03	156.10	19.494	1.0086e-05	0.034963
427.15	1.7062	452.22	0.0022113	23.026	23.298	62.722	163.73	240.59	374.02	0.78659	7.1475e-05	0.074869	0.0026576	51.396	0.019457	36.474	38.869	99.176	163.15	212.39	155.94	19.503	1.0094e-05	0.035026
427.34	1.7118	451.84	0.0022132	23.070	23.343	62.825	163.80	240.86	372.99	0.79312	7.1325e-05	0.074834	0.0026422	51.606	0.019378	36.494	38.887	99.198	163.24	212.76	155.78	19.511	1.0102e-05	0.035088
427.53	1.7174	451.45	0.0022151	23.114	23.388	62.928	163.87	241.13	371.96	0.79969	7.1176e-05	0.074800	0.0026269	51.816	0.019299	36.513	38.904	99.220	163.32	213.12	155.61	19.519	1.0111e-05	0.035151
427.72	1.7230	451.07	0.0022170	23.157	23.433	63.031	163.94	241.41	370.93	0.80630	7.1026e-05	0.074765	0.0026116	52.026	0.019221	36.532	38.921	99.242	163.41	213.49	155.45	19.528	1.0119e-05	0.035213
427.91	1.7287	450.68	0.0022188	23.201	23.478	63.133	164.01	241.69	369.91	0.81296	7.0878e-05	0.074731	0.0025964	52.237	0.019143	36.551	38.938	99.264	163.50	213.86	155.29	19.537	1.0127e-05	0.035276
428.10	1.7343	450.30	0.0022207	23.244	23.522	63.236	164.08	241.96	368.89	0.81965	7.0729e-05	0.074697	0.0025813	52.449	0.019066	36.570	38.956	99.286	163.59	214.23	155.12	19.545	1.0135e-05	0.035339
428.29	1.7399	449.91	0.0022226	23.288	23.567	63.338	164.15	242.24	367.87	0.82638	7.0581e-05	0.074663	0.0025662	52.661	0.018990	36.589	38.973	99.308	163.67	214.60	154.96	19.554	1.0143e-05	0.035402
428.48	1.7455	449.53	0.0022245	23.331	23.612	63.440	164.22	242.52	366.85	0.83316	7.0433e-05	0.074629	0.0025511	52.873	0.018913	36.608	38.989	99.329	163.76	214.97	154.79	19.563	1.0152e-05	0.035465
428.67	1.7511	449.15	0.0022264	23.375	23.656	63.542	164.29	242.80	365.83	0.83998	7.0286e-05	0.074596	0.0025361	53.086	0.018837	36.626	39.006	99.351	163.85	215.35	154.63	19.572	1.0160e-05	0.035529
428.86	1.7567	448.76	0.0022284	23.418	23.700	63.643	164.36	243.09	364.81	0.84684	7.0139e-05	0.074562	0.0025212	53.299	0.018762	36.645	39.023	99.372	163.94	215.73	154.46	19.582	1.0168e-05	0.035592
429.04	1.7623	448.38	0.0022303	23.461	23.745	63.744	164.43	243.37	363.80	0.85374	6.9992e-05	0.074529	0.0025063	53.513	0.018687	36.664	39.040	99.393	164.02	216.11	154.30	19.591	1.0176e-05	0.035656
429.23	1.7679	447.99	0.0022322	23.504	23.789	63.845	164.50	243.66	362.79	0.86069	6.9845e-05	0.074496	0.0024915	53.727	0.018612	36.682	39.056	99.414	164.11	216.49	154.13	19.600	1.0185e-05	0.035720
429.42	1.7736	447.61	0.0022341	23.547	23.833	63.946	164.57	243.95	361.77	0.86768	6.9699e-05	0.074463	0.0024767	53.942	0.018538	36.701	39.073	99.435	164.20	216.88	153.97	19.610	1.0193e-05	0.035784
429.60	1.7792	447.22	0.0022360	23.590	23.878	64.047	164.64	244.23	360.76	0.87471	6.9554e-05	0.074430	0.0024620	54.157	0.018465	36.719	39.089	99.456	164.28	217.26	153.80	19.620	1.0201e-05	0.035848
429.79	1.7848	446.84	0.0022380	23.633	23.922	64.148	164.71	244.52	359.76	0.88179	6.9408e-05	0.074397	0.0024473	54.373	0.018391	36.737	39.106	99.477	164.37	217.65	153.63	19.629	1.0210e-05	0.035912
429.97	1.7904	446.45	0.0022399	23.676	23.966	64.248	164.78	244.82	358.75	0.88891	6.9263e-05	0.074365	0.0024327	54.589	0.018319	36.756	39.122	99.497	164.46	218.04	153.47	19.639	1.0218e-05	0.035976
430.16	1.7960	446.07	0.0022418	23.719	24.010	64.348	164.84	245.11	357.75	0.89608	6.9118e-05	0.074333	0.0024181	54.806	0.018246	36.774	39.138	99.518	164.54	218.44	153.30	19.649	1.0227e-05	0.036041
430.34	1.8016	445.68	0.0022438	23.762	24.054	64.448	164.91	245.40	356.74	0.90329	6.8974e-05	0.074300	0.0024036	55.024	0.018174	36.792	39.154	99.538	164.63	218.83	153.14	19.659	1.0235e-05	0.036106
430.52	1.8072	445.29	0.0022457	23.805	24.097	64.548	164.98	245.70	355.74	0.91055	6.8830e-05	0.074268	0.0023892	55.241	0.018102	36.810	39.170	99.558	164.72	219.23	152.97	19.669	1.0243e-05	0.036171
430.71	1.8128	444.91	0.0022477	23.847	24.141	64.647	165.05	246.00	354.74	0.91785	6.8686e-05	0.074237	0.0023747	55.460	0.018031	36.828	39.186	99.578	164.80	219.63	152.80	19.680	1.0252e-05	0.036236
430.89	1.8185	444.52	0.0022496	23.890	24.185	64.747	165.12	246.30	353.74	0.92521	6.8542e-05	0.074205	0.0023604	55.678	0.017960	36.846	39.202	99.598	164.89	220.04	152.63	19.690	1.0260e-05	0.036301
431.07	1.8241	444.14	0.0022516	23.932	24.228	64.846	165.19	246.60	352.74	0.93261	6.8399e-05	0.074173	0.0023461	55.898	0.017890	36.864	39.218	99.618	164.97	220.44	152.47	19.701	1.0269e-05	0.036366
431.25	1.8297	443.75	0.0022535	23.975	24.272	64.945	165.26	246.90	351.75	0.94006	6.8256e-05	0.074142	0.0023319	56.117	0.017820	36.881	39.234	99.638	165.06	220.85	152.30	19.711	1.0277e-05	0.036432
431.44	1.8353	443.37	0.0022555	24.017	24.316	65.044	165.32	247.20	350.75	0.94755	6.8113e-05	0.074111	0.0023177	56.338	0.017750	36.899	39.249	99.658	165.14	221.26	152.13	19.722	1.0286e-05	0.036497
431.62	1.8409	442.98	0.0022574	24.059	24.359	65.142	165.39	247.51	349.76	0.95510	6.7971e-05	0.074080	0.0023035	56.559	0.017681	36.917	39.265	99.677	165.23	221.67	151.96	19.733	1.0295e-05	0.036563
431.80	1.8465	442.59	0.0022594	24.101	24.402	65.241	165.46	247.82	348.77	0.96269	6.7829e-05	0.074049	0.0022894	56.780	0.017612	36.934	39.280	99.696	165.31	222.09	151.79	19.744	1.0303e-05	0.036629
431.98	1.8521	442.21	0.0022614	24.144	24.446	65.339	165.53	248.13	347.77	0.97034	6.7687e-05	0.074018	0.0022754	57.002	0.017543	36.952	39.296	99.716	165.40	222.50	151.63	19.755	1.0312e-05	0.036696
432.16	1.8577	441.82	0.0022634	24.186	24.489	65.437	165.60	248.44	346.79	0.97803	6.7545e-05	0.073987	0.0022614	57.224	0.017475	36.969	39.311	99.735	165.49	222.92	151.46	19.766	1.0320e-05	0.036762
432.34	1.8634	441.43	0.0022654	24.228	24.532	65.535	165.67	248.75	345.80	0.98578	6.7404e-05	0.073957	0.0022475	57.447	0.017407	36.986	39.326	99.754	165.57	223.35	151.29	19.777	1.0329e-05	0.036829
432.52	1.8690	441.05	0.0022673	24.270	24.575	65.632	165.73	249.06	344.81	0.99358	6.7263e-05	0.073927	0.0022336	57.671	0.017340	37.003	39.342	99.773	165.66	223.77	151.12	19.789	1.0338e-05	0.036895
432.69	1.8746	440.66	0.0022693	24.312	24.619	65.730	165.80	249.38	343.83	1.0014	6.7122e-05	0.073897	0.0022197	57.895	0.017273	37.021	39.357	99.791	165.74	224.20	150.95	19.800	1.0346e-05	0.036962
432.87	1.8802	440.27	0.0022713	24.354	24.662	65.827	165.87	249.69	342.84	1.0093	6.6982e-05	0.073867	0.0022059	58.119	0.017206	37.038	39.372	99.810	165.82	224.63	150.78	19.812	1.0355e-05	0.037029
433.05	1.8858	439.88	0.0022733	24.395	24.705	65.924	165.94	250.01	341.86	1.0173	6.6842e-05	0.073837	0.0021922	58.345	0.017140	37.055	39.387	99.828	165.91	225.06	150.61	19.824	1.0364e-05	0.037097
433.23	1.8914	439.50	0.0022753	24.437	24.748	66.021	166.01	250.34	340.88	1.0253	6.6702e-05	0.073807	0.0021785	58.570	0.017074	37.072	39.402	99.847	165.99	225.50	150.44	19.835	1.0373e-05	0.037164
433.40	1.8970	439.11	0.0022773	24.479	24.790	66.118	166.07	250.66	339.90	1.0334	6.6562e-05	0.073778	0.0021649	58.796	0.017008	37.089	39.416	99.865	166.08	225.94	150.27	19.847	1.0381e-05	0.037232
433.58	1.9026	438.72	0.0022794	24.520	24.833	66.215	166.14	250.98	338.92	1.0415	6.6423e-05	0.073748	0.0021513	59.023	0.016942	37.105	39.431	99.883	166.16	226.38	150.10	19.859	1.0390e-05	0.037300
433.76	1.9083	438.33	0.0022814	24.562	24.876	66.311	166.21	251.31	337.94	1.0497	6.6284e-05	0.073719	0.0021377	59.251	0.016877	37.122	39.446	99.901	166.25	226.82	149.93	19.871	1.0399e-05	0.037368
433.93	1.9139	437.94	0.0022834	24.603	24.919	66.408	166.28	251.64	336.97	1.0579	6.6145e-05	0.073690	0.0021242	59.479	0.016813	37.139	39.460	99.919	166.33	227.27	149.76	19.884	1.0408e-05	0.037436
434.11	1.9195	437.55	0.0022854	24.645	24.961	66.504	166.34	251.97	335.99	1.0662	6.6006e-05	0.073661	0.0021108	59.707	0.016748	37.155	39.475	99.937	166.42	227.72	149.59	19.896	1.0417e-05	0.037504
434.28	1.9251	437.16	0.0022875	24.686	25.004	66.600	166.41	252.30	335.02	1.0745	6.5868e-05	0.073632	0.0020974	59.936	0.016684	37.172	39.489	99.954	166.50	228.17	149.42	19.908	1.0426e-05	0.037573
434.46	1.9307	436.78	0.0022895	24.728	25.047	66.696	166.48	252.64	334.04	1.0829	6.5730e-05	0.073604	0.0020840	60.166	0.016621	37.188	39.504	99.972	166.58	228.63	149.24	19.921	1.0435e-05	0.037642
434.63	1.9363	436.39	0.0022916	24.769	25.089	66.791	166.55	252.97	333.07	1.0914	6.5592e-05	0.073575	0.0020707	60.396	0.016557	37.205	39.518	99.989	166.67	229.09	149.07	19.934	1.0444e-05	0.037711
434.81	1.9419	436.00	0.0022936	24.810	25.132	66.887	166.61	253.31	332.10	1.0999	6.5455e-05	0.073547	0.0020575	60.627	0.016494	37.221	39.532	100.01	166.75	229.55	148.90	19.946	1.0453e-05	0.037780
434.98	1.9475	435.61	0.0022957	24.851	25.174	66.982	166.68	253.65	331.13	1.1085	6.5317e-05	0.073519	0.0020443	60.858	0.016432	37.237	39.546	100.02	166.83	230.02	148.73	19.959	1.0462e-05	0.037850
435.15	1.9532	435.22	0.0022977	24.892	25.216	67.077	166.75	253.99	330.17	1.1171	6.5180e-05	0.073491	0.0020311	61.090	0.016369	37.254	39.560	100.04	166.92	230.48	148.56	19.972	1.0471e-05	0.037919
435.32	1.9588	434.83	0.0022998	24.934	25.259	67.172	166.82	254.34	329.20	1.1258	6.5043e-05	0.073463	0.0020180	61.323	0.016307	37.270	39.574	100.06	167.00	230.96	148.38	19.985	1.0480e-05	0.037989
435.50	1.9644	434.43	0.0023018	24.975	25.301	67.267	166.88	254.68	328.24	1.1346	6.4907e-05	0.073435	0.0020049	61.556	0.016245	37.286	39.588	100.07	167.09	231.43	148.21	19.999	1.0489e-05	0.038059
435.67	1.9700	434.04	0.0023039	25.015	25.343	67.362	166.95	255.03	327.27	1.1434	6.4770e-05	0.073408	0.0019919	61.790	0.016184	37.302	39.602	100.09	167.17	231.91	148.04	20.012	1.0498e-05	0.038129
435.84	1.9756	433.65	0.0023060	25.056	25.385	67.457	167.02	255.39	326.31	1.1523	6.4634e-05	0.073380	0.0019790	62.024	0.016123	37.318	39.616	100.11	167.25	232.39	147.86	20.025	1.0507e-05	0.038200
436.01	1.9812	433.26	0.0023081	25.097	25.427	67.551	167.09	255.74	325.35	1.1612	6.4498e-05	0.073353	0.0019660	62.259	0.016062	37.333	39.629	100.12	167.34	232.87	147.69	20.039	1.0516e-05	0.038271
436.18	1.9868	432.87	0.0023102	25.138	25.469	67.645	167.15	256.09	324.39	1.1702	6.4362e-05	0.073326	0.0019532	62.495	0.016001	37.349	39.643	100.14	167.42	233.36	147.52	20.052	1.0526e-05	0.038341
436.35	1.9924	432.48	0.0023123	25.179	25.511	67.739	167.22	256.45	323.43	1.1793	6.4227e-05	0.073299	0.0019403	62.731	0.015941	37.365	39.656	100.16	167.50	233.85	147.34	20.066	1.0535e-05	0.038413
436.52	1.9981	432.08	0.0023144	25.219	25.553	67.833	167.29	256.81	322.47	1.1884	6.4091e-05	0.073272	0.0019275	62.968	0.015881	37.381	39.670	100.17	167.58	234.35	147.17	20.080	1.0544e-05	0.038484
436.69	2.0037	431.69	0.0023165	25.260	25.595	67.927	167.35	257.18	321.51	1.1976	6.3956e-05	0.073245	0.0019148	63.206	0.015821	37.396	39.683	100.19	167.67	234.85	146.99	20.094	1.0553e-05	0.038556
436.86	2.0093	431.30	0.0023186	25.301	25.637	68.021	167.42	257.54	320.55	1.2069	6.3821e-05	0.073219	0.0019021	63.444	0.015762	37.412	39.697	100.20	167.75	235.35	146.82	20.108	1.0563e-05	0.038627
437.03	2.0149	430.90	0.0023207	25.341	25.679	68.114	167.49	257.91	319.60	1.2163	6.3687e-05	0.073193	0.0018895	63.683	0.015703	37.427	39.710	100.22	167.83	235.86	146.64	20.122	1.0572e-05	0.038699
437.20	2.0205	430.51	0.0023228	25.382	25.720	68.208	167.56	258.28	318.64	1.2257	6.3552e-05	0.073166	0.0018769	63.922	0.015644	37.442	39.723	100.24	167.92	236.37	146.47	20.136	1.0581e-05	0.038772
437.37	2.0261	430.12	0.0023249	25.422	25.762	68.301	167.62	258.65	317.69	1.2352	6.3418e-05	0.073140	0.0018643	64.162	0.015585	37.458	39.736	100.25	168.00	236.88	146.29	20.151	1.0591e-05	0.038844
437.54	2.0317	429.72	0.0023271	25.463	25.804	68.394	167.69	259.02	316.74	1.2447	6.3284e-05	0.073114	0.0018518	64.403	0.015527	37.473	39.749	100.27	168.08	237.40	146.12	20.165	1.0600e-05	0.038917
437.70	2.0373	429.33	0.0023292	25.503	25.845	68.487	167.76	259.40	315.79	1.2543	6.3150e-05	0.073089	0.0018393	64.645	0.015469	37.488	39.762	100.28	168.16	237.92	145.94	20.180	1.0610e-05	0.038990
437.87	2.0430	428.93	0.0023314	25.543	25.887	68.580	167.82	259.78	314.84	1.2640	6.3017e-05	0.073063	0.0018269	64.887	0.015411	37.503	39.775	100.30	168.25	238.44	145.77	20.195	1.0619e-05	0.039063
438.04	2.0486	428.54	0.0023335	25.584	25.928	68.672	167.89	260.16	313.89	1.2738	6.2883e-05	0.073038	0.0018145	65.129	0.015354	37.518	39.787	100.31	168.33	238.97	145.59	20.209	1.0629e-05	0.039137
438.20	2.0542	428.14	0.0023357	25.624	25.970	68.765	167.96	260.55	312.94	1.2836	6.2750e-05	0.073012	0.0018022	65.373	0.015297	37.533	39.800	100.33	168.41	239.50	145.41	20.224	1.0638e-05	0.039210
438.37	2.0598	427.75	0.0023378	25.664	26.011	68.857	168.02	260.94	311.99	1.2935	6.2617e-05	0.072987	0.0017899	65.617	0.015240	37.548	39.813	100.34	168.49	240.04	145.24	20.239	1.0648e-05	0.039284
438.54	2.0654	427.35	0.0023400	25.704	26.053	68.949	168.09	261.33	311.05	1.3035	6.2484e-05	0.072962	0.0017776	65.862	0.015183	37.563	39.825	100.35	168.58	240.58	145.06	20.254	1.0658e-05	0.039359
438.70	2.0710	426.95	0.0023422	25.744	26.094	69.041	168.16	261.72	310.10	1.3136	6.2351e-05	0.072937	0.0017654	66.107	0.015127	37.577	39.838	100.37	168.66	241.13	144.88	20.270	1.0667e-05	0.039433
438.87	2.0766	426.55	0.0023444	25.784	26.135	69.133	168.23	262.12	309.16	1.3237	6.2219e-05	0.072912	0.0017533	66.354	0.015071	37.592	39.850	100.38	168.74	241.68	144.71	20.285	1.0677e-05	0.039508
439.03	2.0822	426.16	0.0023466	25.824	26.177	69.225	168.29	262.52	308.21	1.3339	6.2086e-05	0.072888	0.0017412	66.600	0.015015	37.607	39.862	100.40	168.82	242.23	144.53	20.300	1.0687e-05	0.039583
439.20	2.0879	425.76	0.0023488	25.864	26.218	69.317	168.36	262.92	307.27	1.3442	6.1954e-05	0.072863	0.0017291	66.848	0.014959	37.621	39.875	100.41	168.90	242.79	144.35	20.316	1.0697e-05	0.039658
439.36	2.0935	425.36	0.0023510	25.904	26.259	69.408	168.43	263.32	306.33	1.3546	6.1822e-05	0.072839	0.0017171	67.096	0.014904	37.636	39.887	100.43	168.99	243.35	144.17	20.332	1.0706e-05	0.039734
439.52	2.0991	424.96	0.0023532	25.944	26.300	69.500	168.49	263.73	305.39	1.3651	6.1691e-05	0.072815	0.0017051	67.345	0.014849	37.650	39.899	100.44	169.07	243.92	143.99	20.347	1.0716e-05	0.039810
439.69	2.1047	424.56	0.0023554	25.984	26.341	69.591	168.56	264.14	304.45	1.3756	6.1559e-05	0.072791	0.0016931	67.595	0.014794	37.664	39.911	100.45	169.15	244.49	143.82	20.363	1.0726e-05	0.039886
439.85	2.1103	424.16	0.0023576	26.023	26.382	69.682	168.63	264.56	303.51	1.3862	6.1428e-05	0.072767	0.0016812	67.846	0.014739	37.679	39.923	100.47	169.23	245.06	143.64	20.379	1.0736e-05	0.039962
440.01	2.1159	423.76	0.0023598	26.063	26.423	69.773	168.69	264.97	302.57	1.3969	6.1296e-05	0.072744	0.0016694	68.097	0.014685	37.693	39.935	100.48	169.31	245.64	143.46	20.395	1.0746e-05	0.040039
440.17	2.1215	423.36	0.0023621	26.103	26.464	69.864	168.76	265.39	301.64	1.4077	6.1165e-05	0.072720	0.0016576	68.349	0.014631	37.707	39.946	100.49	169.39	246.23	143.28	20.412	1.0756e-05	0.040116
440.34	2.1271	422.96	0.0023643	26.142	26.505	69.955	168.83	265.82	300.70	1.4186	6.1034e-05	0.072697	0.0016458	68.601	0.014577	37.721	39.958	100.51	169.48	246.82	143.10	20.428	1.0766e-05	0.040193
440.50	2.1328	422.56	0.0023665	26.182	26.546	70.046	168.89	266.24	299.76	1.4295	6.0903e-05	0.072674	0.0016341	68.855	0.014523	37.735	39.970	100.52	169.56	247.41	142.92	20.444	1.0776e-05	0.040270
440.66	2.1384	422.16	0.0023688	26.221	26.587	70.136	168.96	266.67	298.83	1.4406	6.0773e-05	0.072650	0.0016224	69.109	0.014470	37.749	39.981	100.53	169.64	248.01	142.74	20.461	1.0786e-05	0.040348
440.82	2.1440	421.75	0.0023711	26.261	26.628	70.227	169.03	267.11	297.90	1.4517	6.0642e-05	0.072628	0.0016108	69.364	0.014417	37.763	39.993	100.55	169.72	248.62	142.56	20.477	1.0796e-05	0.040426
440.98	2.1496	421.35	0.0023733	26.300	26.669	70.317	169.09	267.54	296.96	1.4629	6.0512e-05	0.072605	0.0015992	69.620	0.014364	37.776	40.004	100.56	169.80	249.23	142.38	20.494	1.0807e-05	0.040504
441.14	2.1552	420.95	0.0023756	26.340	26.709	70.407	169.16	267.98	296.03	1.4742	6.0382e-05	0.072582	0.0015876	69.876	0.014311	37.790	40.015	100.57	169.88	249.84	142.20	20.511	1.0817e-05	0.040583
441.30	2.1608	420.54	0.0023779	26.379	26.750	70.497	169.23	268.43	295.10	1.4856	6.0252e-05	0.072560	0.0015761	70.133	0.014259	37.804	40.027	100.58	169.97	250.46	142.02	20.528	1.0827e-05	0.040662
441.46	2.1664	420.14	0.0023802	26.419	26.791	70.587	169.29	268.87	294.17	1.4971	6.0122e-05	0.072538	0.0015646	70.391	0.014206	37.817	40.038	100.59	170.05	251.09	141.83	20.545	1.0837e-05	0.040741
441.62	2.1720	419.73	0.0023825	26.458	26.831	70.677	169.36	269.32	293.24	1.5087	5.9992e-05	0.072515	0.0015532	70.650	0.014154	37.831	40.049	100.61	170.13	251.72	141.65	20.562	1.0848e-05	0.040821
441.78	2.1777	419.33	0.0023848	26.497	26.872	70.767	169.43	269.78	292.31	1.5204	5.9863e-05	0.072493	0.0015418	70.910	0.014102	37.844	40.060	100.62	170.21	252.36	141.47	20.580	1.0858e-05	0.040901
441.94	2.1833	418.92	0.0023871	26.536	26.912	70.856	169.50	270.24	291.38	1.5321	5.9733e-05	0.072472	0.0015304	71.170	0.014051	37.857	40.071	100.63	170.29	253.00	141.29	20.597	1.0869e-05	0.040981
442.10	2.1889	418.51	0.0023894	26.576	26.953	70.946	169.56	270.70	290.46	1.5440	5.9604e-05	0.072450	0.0015191	71.432	0.013999	37.871	40.082	100.64	170.37	253.64	141.11	20.614	1.0879e-05	0.041061
442.26	2.1945	418.11	0.0023917	26.615	26.993	71.035	169.63	271.16	289.53	1.5560	5.9475e-05	0.072428	0.0015078	71.694	0.013948	37.884	40.092	100.65	170.45	254.30	140.92	20.632	1.0890e-05	0.041142
442.41	2.2001	417.70	0.0023941	26.654	27.034	71.125	169.70	271.63	288.60	1.5680	5.9346e-05	0.072407	0.0014966	71.956	0.013897	37.897	40.103	100.67	170.53	254.96	140.74	20.650	1.0900e-05	0.041223
442.57	2.2057	417.29	0.0023964	26.693	27.074	71.214	169.76	272.10	287.68	1.5802	5.9217e-05	0.072386	0.0014854	72.220	0.013847	37.910	40.114	100.68	170.62	255.62	140.56	20.668	1.0911e-05	0.041305
442.73	2.2113	416.88	0.0023988	26.732	27.115	71.303	169.83	272.58	286.76	1.5925	5.9088e-05	0.072365	0.0014743	72.485	0.013796	37.923	40.124	100.69	170.70	256.29	140.38	20.686	1.0922e-05	0.041386
442.89	2.2169	416.47	0.0024011	26.771	27.155	71.392	169.90	273.06	285.83	1.6049	5.8959e-05	0.072344	0.0014632	72.750	0.013746	37.936	40.135	100.70	170.78	256.97	140.19	20.704	1.0932e-05	0.041468
443.04	2.2226	416.06	0.0024035	26.810	27.195	71.481	169.96	273.55	284.91	1.6173	5.8831e-05	0.072323	0.0014521	73.016	0.013696	37.949	40.145	100.71	170.86	257.65	140.01	20.722	1.0943e-05	0.041551
443.20	2.2282	415.65	0.0024059	26.849	27.236	71.569	170.03	274.04	283.99	1.6299	5.8702e-05	0.072303	0.0014411	73.283	0.013646	37.962	40.155	100.72	170.94	258.34	139.82	20.740	1.0954e-05	0.041634
443.35	2.2338	415.24	0.0024083	26.888	27.276	71.658	170.10	274.53	283.07	1.6426	5.8574e-05	0.072282	0.0014301	73.551	0.013596	37.974	40.166	100.73	171.02	259.04	139.64	20.758	1.0965e-05	0.041717
443.51	2.2394	414.83	0.0024106	26.927	27.316	71.746	170.16	275.03	282.14	1.6554	5.8446e-05	0.072262	0.0014192	73.820	0.013546	37.987	40.176	100.74	171.10	259.74	139.46	20.777	1.0976e-05	0.041800
443.66	2.2450	414.41	0.0024130	26.966	27.356	71.835	170.23	275.53	281.22	1.6683	5.8318e-05	0.072242	0.0014082	74.090	0.013497	38.000	40.186	100.75	171.18	260.45	139.27	20.795	1.0986e-05	0.041884
443.82	2.2506	414.00	0.0024155	27.004	27.397	71.923	170.30	276.03	280.30	1.6813	5.8190e-05	0.072222	0.0013974	74.361	0.013448	38.012	40.196	100.76	171.26	261.16	139.09	20.814	1.0997e-05	0.041968
443.97	2.2562	413.59	0.0024179	27.043	27.437	72.011	170.37	276.55	279.39	1.6944	5.8062e-05	0.072203	0.0013866	74.632	0.013399	38.025	40.206	100.77	171.34	261.88	138.90	20.833	1.1009e-05	0.042053
444.13	2.2618	413.17	0.0024203	27.082	27.477	72.100	170.43	277.06	278.47	1.7077	5.7934e-05	0.072183	0.0013758	74.905	0.013350	38.037	40.216	100.78	171.42	262.61	138.71	20.852	1.1020e-05	0.042138
444.28	2.2675	412.76	0.0024227	27.121	27.517	72.188	170.50	277.58	277.55	1.7211	5.7806e-05	0.072164	0.0013650	75.178	0.013302	38.049	40.225	100.79	171.51	263.35	138.53	20.871	1.1031e-05	0.042223
444.44	2.2731	412.34	0.0024252	27.159	27.557	72.276	170.57	278.11	276.63	1.7345	5.7679e-05	0.072144	0.0013543	75.452	0.013253	38.061	40.235	100.80	171.59	264.09	138.34	20.890	1.1042e-05	0.042309
444.59	2.2787	411.93	0.0024276	27.198	27.597	72.363	170.63	278.64	275.72	1.7481	5.7551e-05	0.072125	0.0013437	75.727	0.013205	38.074	40.245	100.81	171.67	264.84	138.16	20.909	1.1053e-05	0.042395
444.74	2.2843	411.51	0.0024301	27.236	27.637	72.451	170.70	279.17	274.80	1.7618	5.7424e-05	0.072106	0.0013330	76.003	0.013157	38.086	40.254	100.82	171.75	265.60	137.97	20.929	1.1065e-05	0.042481
444.90	2.2899	411.09	0.0024326	27.275	27.677	72.539	170.77	279.71	273.89	1.7757	5.7297e-05	0.072088	0.0013224	76.280	0.013110	38.098	40.263	100.83	171.83	266.36	137.78	20.948	1.1076e-05	0.042568
445.05	2.2955	410.67	0.0024350	27.314	27.717	72.626	170.84	280.25	272.97	1.7896	5.7170e-05	0.072069	0.0013119	76.558	0.013062	38.110	40.273	100.84	171.91	267.13	137.60	20.968	1.1087e-05	0.042655
445.20	2.3011	410.25	0.0024375	27.352	27.757	72.714	170.90	280.80	272.06	1.8037	5.7043e-05	0.072051	0.0013014	76.837	0.013015	38.121	40.282	100.85	171.99	267.91	137.41	20.987	1.1099e-05	0.042742
445.35	2.3067	409.83	0.0024400	27.391	27.797	72.801	170.97	281.36	271.14	1.8179	5.6916e-05	0.072033	0.0012909	77.117	0.012967	38.133	40.291	100.86	172.07	268.70	137.22	21.007	1.1110e-05	0.042830
445.51	2.3124	409.41	0.0024425	27.429	27.837	72.888	171.04	281.92	270.23	1.8322	5.6789e-05	0.072015	0.0012805	77.398	0.012920	38.145	40.300	100.87	172.15	269.50	137.03	21.027	1.1122e-05	0.042919
445.66	2.3180	408.99	0.0024450	27.468	27.876	72.976	171.11	282.48	269.32	1.8467	5.6662e-05	0.071997	0.0012701	77.680	0.012873	38.157	40.309	100.87	172.23	270.30	136.84	21.047	1.1133e-05	0.043007
445.81	2.3236	408.57	0.0024476	27.506	27.916	73.063	171.17	283.05	268.41	1.8613	5.6535e-05	0.071979	0.0012597	77.963	0.012827	38.168	40.318	100.88	172.31	271.11	136.66	21.067	1.1145e-05	0.043096
445.96	2.3292	408.14	0.0024501	27.544	27.956	73.150	171.24	283.63	267.49	1.8760	5.6409e-05	0.071962	0.0012494	78.247	0.012780	38.180	40.327	100.89	172.39	271.93	136.47	21.087	1.1157e-05	0.043186
446.11	2.3348	407.72	0.0024527	27.583	27.996	73.237	171.31	284.21	266.58	1.8909	5.6282e-05	0.071944	0.0012391	78.532	0.012734	38.191	40.336	100.90	172.47	272.76	136.28	21.108	1.1169e-05	0.043276
446.26	2.3404	407.30	0.0024552	27.621	28.036	73.324	171.38	284.80	265.67	1.9059	5.6155e-05	0.071927	0.0012289	78.818	0.012688	38.202	40.345	100.91	172.55	273.60	136.09	21.128	1.1181e-05	0.043366
446.41	2.3460	406.87	0.0024578	27.659	28.075	73.410	171.44	285.39	264.76	1.9210	5.6029e-05	0.071910	0.0012187	79.105	0.012641	38.214	40.353	100.91	172.63	274.44	135.90	21.149	1.1192e-05	0.043457
446.56	2.3516	406.44	0.0024604	27.698	28.115	73.497	171.51	285.99	263.85	1.9363	5.5903e-05	0.071894	0.0012085	79.393	0.012596	38.225	40.362	100.92	172.72	275.30	135.71	21.169	1.1204e-05	0.043548
446.71	2.3573	406.02	0.0024630	27.736	28.155	73.584	171.58	286.60	262.95	1.9517	5.5776e-05	0.071877	0.0011984	79.682	0.012550	38.236	40.370	100.93	172.80	276.16	135.52	21.190	1.1216e-05	0.043640
446.86	2.3629	405.59	0.0024656	27.774	28.194	73.670	171.65	287.21	262.04	1.9673	5.5650e-05	0.071861	0.0011883	79.972	0.012504	38.247	40.379	100.94	172.88	277.04	135.33	21.211	1.1229e-05	0.043732
447.01	2.3685	405.16	0.0024682	27.812	28.234	73.757	171.71	287.83	261.13	1.9830	5.5524e-05	0.071844	0.0011783	80.263	0.012459	38.258	40.387	100.94	172.96	277.92	135.14	21.232	1.1241e-05	0.043825
447.16	2.3741	404.73	0.0024708	27.850	28.274	73.843	171.78	288.45	260.22	1.9989	5.5398e-05	0.071829	0.0011683	80.555	0.012414	38.269	40.395	100.95	173.04	278.81	134.95	21.253	1.1253e-05	0.043918
447.31	2.3797	404.30	0.0024734	27.888	28.313	73.929	171.85	289.08	259.31	2.0149	5.5272e-05	0.071813	0.0011583	80.849	0.012369	38.280	40.403	100.96	173.12	279.71	134.76	21.274	1.1265e-05	0.044011
447.45	2.3853	403.87	0.0024761	27.927	28.353	74.016	171.92	289.72	258.41	2.0310	5.5146e-05	0.071797	0.0011484	81.143	0.012324	38.290	40.411	100.96	173.20	280.62	134.56	21.296	1.1278e-05	0.044105
447.60	2.3909	403.44	0.0024787	27.965	28.392	74.102	171.99	290.36	257.50	2.0474	5.5020e-05	0.071782	0.0011385	81.439	0.012279	38.301	40.419	100.97	173.28	281.55	134.37	21.317	1.1290e-05	0.044200
447.75	2.3965	403.00	0.0024814	28.003	28.432	74.188	172.06	291.01	256.60	2.0638	5.4894e-05	0.071767	0.0011286	81.735	0.012235	38.312	40.427	100.98	173.36	282.48	134.18	21.338	1.1303e-05	0.044294
447.90	2.4022	402.57	0.0024840	28.041	28.471	74.274	172.12	291.67	255.69	2.0805	5.4768e-05	0.071752	0.0011188	82.033	0.012190	38.322	40.435	100.98	173.44	283.42	133.99	21.360	1.1315e-05	0.044390
448.04	2.4078	402.13	0.0024867	28.079	28.511	74.360	172.19	292.33	254.78	2.0973	5.4642e-05	0.071737	0.0011090	82.332	0.012146	38.333	40.443	100.99	173.52	284.37	133.79	21.382	1.1328e-05	0.044486
448.19	2.4134	401.70	0.0024894	28.117	28.550	74.446	172.26	293.00	253.88	2.1142	5.4516e-05	0.071722	0.0010993	82.632	0.012102	38.343	40.450	101.00	173.60	285.34	133.60	21.404	1.1340e-05	0.044582
448.34	2.4190	401.26	0.0024921	28.155	28.590	74.531	172.33	293.68	252.98	2.1313	5.4390e-05	0.071708	0.0010896	82.934	0.012058	38.353	40.458	101.00	173.68	286.31	133.41	21.426	1.1353e-05	0.044679
448.48	2.4246	400.82	0.0024949	28.193	28.629	74.617	172.40	294.37	252.07	2.1486	5.4265e-05	0.071694	0.0010799	83.236	0.012014	38.363	40.465	101.01	173.76	287.30	133.21	21.448	1.1366e-05	0.044776
448.63	2.4302	400.38	0.0024976	28.231	28.669	74.703	172.47	295.06	251.17	2.1661	5.4139e-05	0.071680	0.0010703	83.540	0.011970	38.374	40.472	101.01	173.84	288.29	133.02	21.470	1.1379e-05	0.044874
448.77	2.4358	399.94	0.0025003	28.269	28.708	74.788	172.53	295.77	250.27	2.1837	5.4013e-05	0.071666	0.0010607	83.845	0.011927	38.384	40.480	101.02	173.93	289.30	132.83	21.492	1.1392e-05	0.044972
448.92	2.4414	399.50	0.0025031	28.307	28.748	74.874	172.60	296.48	249.36	2.2016	5.3888e-05	0.071652	0.0010511	84.151	0.011883	38.394	40.487	101.02	174.01	290.32	132.63	21.515	1.1405e-05	0.045071
449.06	2.4471	399.06	0.0025059	28.345	28.787	74.959	172.67	297.19	248.46	2.2195	5.3762e-05	0.071639	0.0010416	84.458	0.011840	38.403	40.494	101.03	174.09	291.36	132.44	21.537	1.1418e-05	0.045171
449.21	2.4527	398.62	0.0025087	28.382	28.826	75.045	172.74	297.92	247.56	2.2377	5.3636e-05	0.071626	0.0010321	84.767	0.011797	38.413	40.501	101.03	174.17	292.40	132.24	21.560	1.1431e-05	0.045271
449.35	2.4583	398.17	0.0025115	28.420	28.866	75.130	172.81	298.65	246.66	2.2561	5.3511e-05	0.071613	0.0010226	85.077	0.011754	38.423	40.508	101.04	174.25	293.46	132.05	21.582	1.1445e-05	0.045371
449.50	2.4639	397.73	0.0025143	28.458	28.905	75.215	172.88	299.40	245.75	2.2746	5.3385e-05	0.071601	0.0010132	85.388	0.011711	38.433	40.515	101.04	174.33	294.53	131.85	21.605	1.1458e-05	0.045472
449.64	2.4695	397.28	0.0025171	28.496	28.944	75.301	172.95	300.15	244.85	2.2933	5.3260e-05	0.071588	0.0010039	85.700	0.011669	38.442	40.521	101.05	174.41	295.61	131.65	21.628	1.1471e-05	0.045574
449.79	2.4751	396.84	0.0025199	28.534	28.984	75.386	173.02	300.91	243.95	2.3123	5.3134e-05	0.071576	0.00099452	86.014	0.011626	38.452	40.528	101.05	174.49	296.71	131.46	21.651	1.1485e-05	0.045676
449.93	2.4807	396.39	0.0025228	28.572	29.023	75.471	173.09	301.68	243.05	2.3314	5.3009e-05	0.071564	0.00098522	86.329	0.011584	38.461	40.534	101.06	174.57	297.82	131.26	21.674	1.1498e-05	0.045778
450.07	2.4863	395.94	0.0025256	28.609	29.062	75.556	173.16	302.46	242.15	2.3507	5.2883e-05	0.071552	0.00097595	86.645	0.011541	38.470	40.541	101.06	174.65	298.95	131.06	21.697	1.1512e-05	0.045882
450.22	2.4920	395.49	0.0025285	28.647	29.102	75.641	173.23	303.24	241.25	2.3702	5.2757e-05	0.071541	0.00096673	86.963	0.011499	38.480	40.547	101.06	174.73	300.08	130.87	21.721	1.1526e-05	0.045985
450.36	2.4976	395.04	0.0025314	28.685	29.141	75.726	173.30	304.04	240.35	2.3899	5.2632e-05	0.071530	0.00095754	87.282	0.011457	38.489	40.553	101.07	174.82	301.24	130.67	21.744	1.1540e-05	0.046090
450.50	2.5032	394.58	0.0025343	28.723	29.180	75.811	173.37	304.85	239.45	2.4099	5.2506e-05	0.071519	0.00094838	87.602	0.011415	38.498	40.560	101.07	174.90	302.40	130.47	21.768	1.1554e-05	0.046195
450.64	2.5088	394.13	0.0025372	28.760	29.219	75.896	173.44	305.67	238.55	2.4300	5.2381e-05	0.071508	0.00093926	87.924	0.011373	38.507	40.566	101.07	174.98	303.58	130.27	21.791	1.1568e-05	0.046301
450.79	2.5144	393.67	0.0025402	28.798	29.259	75.981	173.51	306.49	237.65	2.4504	5.2255e-05	0.071498	0.00093018	88.247	0.011332	38.516	40.572	101.08	175.06	304.78	130.08	21.815	1.1582e-05	0.046407
450.93	2.5200	393.22	0.0025431	28.836	29.298	76.066	173.58	307.33	236.75	2.4709	5.2130e-05	0.071487	0.00092114	88.572	0.011290	38.525	40.577	101.08	175.14	305.99	129.88	21.839	1.1596e-05	0.046514
451.07	2.5256	392.76	0.0025461	28.873	29.337	76.150	173.65	308.18	235.85	2.4917	5.2004e-05	0.071478	0.00091213	88.898	0.011249	38.533	40.583	101.08	175.22	307.22	129.68	21.863	1.1610e-05	0.046621
451.21	2.5312	392.30	0.0025491	28.911	29.377	76.235	173.72	309.04	234.95	2.5127	5.1878e-05	0.071468	0.00090316	89.226	0.011208	38.542	40.589	101.08	175.30	308.47	129.48	21.887	1.1625e-05	0.046729
451.35	2.5369	391.84	0.0025521	28.949	29.416	76.320	173.79	309.91	234.06	2.5340	5.1753e-05	0.071458	0.00089422	89.555	0.011166	38.551	40.595	101.09	175.38	309.73	129.28	21.911	1.1639e-05	0.046838
451.49	2.5425	391.38	0.0025551	28.986	29.455	76.404	173.86	310.79	233.16	2.5554	5.1627e-05	0.071449	0.00088532	89.885	0.011125	38.559	40.600	101.09	175.47	311.01	129.08	21.935	1.1654e-05	0.046948
451.63	2.5481	390.91	0.0025581	29.024	29.494	76.489	173.93	311.68	232.26	2.5771	5.1501e-05	0.071441	0.00087646	90.217	0.011084	38.568	40.605	101.09	175.55	312.30	128.88	21.960	1.1668e-05	0.047058
451.77	2.5537	390.45	0.0025611	29.062	29.533	76.574	174.00	312.59	231.36	2.5991	5.1375e-05	0.071432	0.00086763	90.551	0.011044	38.576	40.611	101.09	175.63	313.62	128.68	21.984	1.1683e-05	0.047168
451.91	2.5593	389.98	0.0025642	29.099	29.573	76.658	174.07	313.50	230.46	2.6213	5.1250e-05	0.071424	0.00085884	90.886	0.011003	38.584	40.616	101.09	175.71	314.95	128.48	22.009	1.1698e-05	0.047280
452.05	2.5649	389.52	0.0025673	29.137	29.612	76.743	174.14	314.43	229.56	2.6437	5.1124e-05	0.071416	0.00085008	91.222	0.010962	38.592	40.621	101.10	175.79	316.30	128.28	22.033	1.1713e-05	0.047392
452.19	2.5705	389.05	0.0025704	29.174	29.651	76.827	174.21	315.37	228.67	2.6664	5.0998e-05	0.071408	0.00084136	91.560	0.010922	38.600	40.626	101.10	175.87	317.66	128.07	22.058	1.1728e-05	0.047505
452.33	2.5761	388.58	0.0025735	29.212	29.690	76.911	174.28	316.33	227.77	2.6893	5.0872e-05	0.071401	0.00083268	91.900	0.010881	38.608	40.631	101.10	175.95	319.05	127.87	22.083	1.1743e-05	0.047619
452.47	2.5818	388.11	0.0025766	29.250	29.730	76.996	174.36	317.30	226.87	2.7125	5.0746e-05	0.071394	0.00082403	92.241	0.010841	38.616	40.636	101.10	176.04	320.46	127.67	22.108	1.1758e-05	0.047733
452.61	2.5874	387.63	0.0025797	29.287	29.769	77.080	174.43	318.28	225.97	2.7360	5.0620e-05	0.071387	0.00081542	92.584	0.010801	38.624	40.640	101.10	176.12	321.89	127.47	22.133	1.1774e-05	0.047848
452.75	2.5930	387.16	0.0025829	29.325	29.808	77.165	174.50	319.27	225.08	2.7597	5.0494e-05	0.071380	0.00080685	92.929	0.010761	38.632	40.645	101.10	176.20	323.33	127.26	22.158	1.1789e-05	0.047964
452.88	2.5986	386.68	0.0025861	29.362	29.847	77.249	174.57	320.28	224.18	2.7837	5.0367e-05	0.071374	0.00079831	93.275	0.010721	38.639	40.649	101.10	176.28	324.80	127.06	22.183	1.1805e-05	0.048080
453.02	2.6042	386.21	0.0025893	29.400	29.887	77.333	174.64	321.30	223.28	2.8080	5.0241e-05	0.071369	0.00078980	93.623	0.010681	38.647	40.654	101.10	176.36	326.29	126.86	22.208	1.1820e-05	0.048197
453.16	2.6098	385.73	0.0025925	29.438	29.926	77.417	174.72	322.34	222.38	2.8326	5.0115e-05	0.071363	0.00078133	93.973	0.010641	38.654	40.658	101.10	176.45	327.80	126.65	22.234	1.1836e-05	0.048315
453.30	2.6154	385.25	0.0025957	29.475	29.965	77.502	174.79	323.39	221.49	2.8574	4.9988e-05	0.071358	0.00077290	94.324	0.010602	38.662	40.662	101.10	176.53	329.34	126.45	22.259	1.1852e-05	0.048434
453.44	2.6210	384.77	0.0025990	29.513	30.004	77.586	174.86	324.46	220.59	2.8825	4.9862e-05	0.071353	0.00076451	94.677	0.010562	38.669	40.666	101.10	176.61	330.89	126.24	22.285	1.1868e-05	0.048554
453.57	2.6267	384.28	0.0026023	29.550	30.043	77.670	174.93	325.55	219.69	2.9080	4.9735e-05	0.071349	0.00075615	95.032	0.010523	38.676	40.670	101.10	176.69	332.47	126.04	22.311	1.1884e-05	0.048674
453.71	2.6323	383.80	0.0026055	29.588	30.083	77.754	175.01	326.65	218.79	2.9337	4.9609e-05	0.071345	0.00074782	95.389	0.010483	38.683	40.674	101.10	176.78	334.08	125.83	22.336	1.1900e-05	0.048796
453.85	2.6379	383.31	0.0026088	29.625	30.122	77.839	175.08	327.76	217.90	2.9597	4.9482e-05	0.071341	0.00073953	95.748	0.010444	38.690	40.678	101.10	176.86	335.71	125.63	22.362	1.1917e-05	0.048918
453.98	2.6435	382.82	0.0026122	29.663	30.161	77.923	175.15	328.90	217.00	2.9861	4.9355e-05	0.071338	0.00073128	96.108	0.010405	38.697	40.681	101.10	176.94	337.36	125.42	22.388	1.1933e-05	0.049041
454.12	2.6491	382.33	0.0026155	29.701	30.201	78.007	175.23	330.05	216.10	3.0127	4.9228e-05	0.071335	0.00072306	96.471	0.010366	38.704	40.685	101.09	177.02	339.04	125.22	22.414	1.1950e-05	0.049165
454.25	2.6547	381.84	0.0026189	29.738	30.240	78.091	175.30	331.21	215.20	3.0397	4.9101e-05	0.071332	0.00071488	96.835	0.010327	38.710	40.688	101.09	177.11	340.75	125.01	22.440	1.1967e-05	0.049289
454.39	2.6603	381.35	0.0026223	29.776	30.279	78.175	175.37	332.40	214.31	3.0671	4.8974e-05	0.071330	0.00070673	97.201	0.010288	38.717	40.691	101.09	177.19	342.48	124.80	22.466	1.1983e-05	0.049415
454.52	2.6659	380.85	0.0026257	29.813	30.318	78.259	175.45	333.61	213.41	3.0947	4.8847e-05	0.071328	0.00069862	97.569	0.010249	38.723	40.695	101.09	177.27	344.24	124.59	22.492	1.2000e-05	0.049541
454.66	2.6716	380.35	0.0026291	29.851	30.358	78.344	175.52	334.83	212.51	3.1227	4.8719e-05	0.071327	0.00069055	97.939	0.010210	38.730	40.698	101.09	177.36	346.03	124.39	22.519	1.2017e-05	0.049669
454.79	2.6772	379.85	0.0026326	29.889	30.397	78.428	175.60	336.07	211.61	3.1510	4.8592e-05	0.071326	0.00068251	98.311	0.010172	38.736	40.700	101.08	177.44	347.85	124.18	22.545	1.2035e-05	0.049797
454.93	2.6828	379.35	0.0026361	29.926	30.436	78.512	175.67	337.34	210.71	3.1797	4.8464e-05	0.071326	0.00067450	98.686	0.010133	38.742	40.703	101.08	177.52	349.70	123.97	22.572	1.2052e-05	0.049926
455.06	2.6884	378.85	0.0026396	29.964	30.476	78.596	175.74	338.62	209.82	3.2088	4.8336e-05	0.071326	0.00066654	99.062	0.010095	38.748	40.706	101.08	177.61	351.58	123.76	22.598	1.2070e-05	0.050057
455.20	2.6940	378.34	0.0026431	30.001	30.515	78.680	175.82	339.93	208.92	3.2382	4.8208e-05	0.071326	0.00065860	99.440	0.010056	38.754	40.709	101.07	177.69	353.49	123.55	22.625	1.2087e-05	0.050188
455.33	2.6996	377.84	0.0026466	30.039	30.555	78.764	175.89	341.25	208.02	3.2680	4.8080e-05	0.071327	0.00065071	99.820	0.010018	38.760	40.711	101.07	177.77	355.43	123.34	22.651	1.2105e-05	0.050320
455.47	2.7052	377.33	0.0026502	30.077	30.594	78.849	175.97	342.60	207.12	3.2981	4.7952e-05	0.071328	0.00064284	100.20	0.0099797	38.765	40.713	101.07	177.86	357.41	123.13	22.678	1.2123e-05	0.050453
455.60	2.7108	376.82	0.0026538	30.114	30.633	78.933	176.05	343.98	206.22	3.3287	4.7824e-05	0.071330	0.00063502	100.59	0.0099416	38.771	40.715	101.06	177.94	359.42	122.92	22.705	1.2141e-05	0.050588
455.73	2.7165	376.30	0.0026574	30.152	30.673	79.017	176.12	345.37	205.32	3.3597	4.7695e-05	0.071332	0.00062723	100.97	0.0099035	38.777	40.718	101.06	178.02	361.46	122.71	22.732	1.2159e-05	0.050723
455.87	2.7221	375.79	0.0026611	30.190	30.712	79.101	176.20	346.79	204.42	3.3910	4.7566e-05	0.071335	0.00061948	101.36	0.0098654	38.782	40.719	101.05	178.11	363.54	122.50	22.759	1.2178e-05	0.050859
456.00	2.7277	375.27	0.0026647	30.227	30.752	79.186	176.27	348.24	203.52	3.4228	4.7438e-05	0.071338	0.00061176	101.76	0.0098275	38.787	40.721	101.05	178.19	365.66	122.29	22.786	1.2196e-05	0.050997
456.13	2.7333	374.75	0.0026684	30.265	30.791	79.270	176.35	349.71	202.62	3.4549	4.7309e-05	0.071342	0.00060407	102.15	0.0097896	38.792	40.723	101.04	178.28	367.81	122.08	22.813	1.2215e-05	0.051136
456.26	2.7389	374.23	0.0026721	30.303	30.831	79.354	176.43	351.20	201.72	3.4875	4.7179e-05	0.071346	0.00059643	102.55	0.0097518	38.797	40.725	101.04	178.36	370.00	121.86	22.840	1.2234e-05	0.051275
456.40	2.7445	373.71	0.0026759	30.341	30.871	79.439	176.50	352.72	200.82	3.5206	4.7050e-05	0.071351	0.00058882	102.94	0.0097140	38.802	40.726	101.03	178.45	372.24	121.65	22.867	1.2253e-05	0.051416
456.53	2.7501	373.18	0.0026797	30.378	30.910	79.523	176.58	354.28	199.92	3.5540	4.6920e-05	0.071357	0.00058124	103.35	0.0096763	38.807	40.727	101.03	178.53	374.51	121.44	22.894	1.2272e-05	0.051558
456.66	2.7557	372.65	0.0026835	30.416	30.950	79.607	176.66	355.85	199.02	3.5880	4.6791e-05	0.071363	0.00057370	103.75	0.0096387	38.812	40.728	101.02	178.61	376.83	121.23	22.921	1.2291e-05	0.051701
456.79	2.7614	372.12	0.0026873	30.454	30.989	79.692	176.73	357.46	198.12	3.6224	4.6661e-05	0.071369	0.00056620	104.15	0.0096011	38.817	40.729	101.01	178.70	379.19	121.01	22.949	1.2311e-05	0.051846
456.92	2.7670	371.59	0.0026912	30.492	31.029	79.776	176.81	359.10	197.22	3.6572	4.6530e-05	0.071377	0.00055873	104.56	0.0095636	38.821	40.730	101.01	178.78	381.59	120.80	22.976	1.2331e-05	0.051991
457.05	2.7726	371.05	0.0026950	30.530	31.069	79.861	176.89	360.77	196.32	3.6925	4.6400e-05	0.071384	0.00055129	104.97	0.0095262	38.825	40.731	101.00	178.87	384.04	120.58	23.003	1.2351e-05	0.052138
457.18	2.7782	370.51	0.0026990	30.568	31.109	79.945	176.97	362.47	195.42	3.7284	4.6269e-05	0.071393	0.00054390	105.39	0.0094888	38.830	40.732	100.99	178.96	386.54	120.37	23.031	1.2371e-05	0.052287
457.31	2.7838	369.97	0.0027029	30.605	31.148	80.030	177.05	364.21	194.52	3.7647	4.6138e-05	0.071402	0.00053654	105.80	0.0094514	38.834	40.732	100.99	179.04	389.08	120.15	23.058	1.2391e-05	0.052436
457.44	2.7894	369.43	0.0027069	30.643	31.188	80.115	177.13	365.98	193.61	3.8015	4.6007e-05	0.071412	0.00052921	106.22	0.0094141	38.838	40.732	100.98	179.13	391.68	119.94	23.085	1.2411e-05	0.052587
457.57	2.7950	368.88	0.0027109	30.681	31.228	80.199	177.21	367.78	192.71	3.8388	4.5876e-05	0.071422	0.00052192	106.65	0.0093769	38.842	40.733	100.97	179.21	394.32	119.72	23.113	1.2432e-05	0.052739
457.70	2.8006	368.34	0.0027149	30.719	31.268	80.284	177.29	369.62	191.81	3.8767	4.5744e-05	0.071433	0.00051467	107.07	0.0093397	38.845	40.733	100.96	179.30	397.02	119.51	23.140	1.2453e-05	0.052893
457.83	2.8063	367.78	0.0027190	30.757	31.308	80.369	177.37	371.50	190.90	3.9151	4.5612e-05	0.071445	0.00050745	107.50	0.0093025	38.849	40.732	100.95	179.39	399.78	119.29	23.168	1.2474e-05	0.053048
457.96	2.8119	367.23	0.0027231	30.795	31.348	80.454	177.45	373.41	190.00	3.9541	4.5480e-05	0.071458	0.00050027	107.93	0.0092654	38.852	40.732	100.95	179.47	402.59	119.07	23.195	1.2495e-05	0.053204
458.09	2.8175	366.67	0.0027272	30.833	31.388	80.539	177.53	375.36	189.10	3.9936	4.5348e-05	0.071471	0.00049313	108.36	0.0092284	38.856	40.732	100.94	179.56	405.46	118.85	23.223	1.2516e-05	0.053362
458.22	2.8231	366.11	0.0027314	30.871	31.428	80.624	177.61	377.36	188.19	4.0337	4.5215e-05	0.071485	0.00048602	108.80	0.0091914	38.859	40.731	100.93	179.64	408.39	118.64	23.250	1.2538e-05	0.053521
458.35	2.8287	365.55	0.0027356	30.910	31.468	80.709	177.69	379.40	187.29	4.0744	4.5082e-05	0.071500	0.00047894	109.24	0.0091544	38.862	40.730	100.92	179.73	411.38	118.42	23.278	1.2560e-05	0.053682
458.48	2.8343	364.98	0.0027398	30.948	31.508	80.794	177.77	381.48	186.38	4.1157	4.4949e-05	0.071516	0.00047191	109.68	0.0091175	38.865	40.729	100.91	179.82	414.43	118.20	23.305	1.2582e-05	0.053845
458.61	2.8399	364.42	0.0027441	30.986	31.548	80.879	177.85	383.61	185.47	4.1576	4.4815e-05	0.071533	0.00046491	110.13	0.0090805	38.868	40.728	100.90	179.91	417.55	117.98	23.333	1.2604e-05	0.054009
458.73	2.8455	363.84	0.0027484	31.024	31.589	80.964	177.93	385.78	184.57	4.2001	4.4681e-05	0.071550	0.00045794	110.57	0.0090437	38.870	40.727	100.89	179.99	420.74	117.76	23.360	1.2627e-05	0.054175
458.86	2.8512	363.27	0.0027528	31.063	31.629	81.050	178.02	388.00	183.66	4.2432	4.4547e-05	0.071569	0.00045102	111.03	0.0090068	38.873	40.726	100.87	180.08	424.00	117.54	23.387	1.2649e-05	0.054342
458.99	2.8568	362.69	0.0027572	31.101	31.669	81.135	178.10	390.27	182.75	4.2870	4.4412e-05	0.071588	0.00044412	111.48	0.0089700	38.875	40.724	100.86	180.17	427.34	117.32	23.415	1.2672e-05	0.054511
459.12	2.8624	362.11	0.0027616	31.139	31.710	81.221	178.18	392.59	181.85	4.3315	4.4277e-05	0.071608	0.00043727	111.94	0.0089332	38.878	40.722	100.85	180.26	430.75	117.10	23.442	1.2696e-05	0.054682
459.24	2.8680	361.52	0.0027661	31.178	31.750	81.307	178.26	394.97	180.94	4.3767	4.4142e-05	0.071630	0.00043045	112.40	0.0088965	38.880	40.720	100.84	180.35	434.23	116.88	23.470	1.2719e-05	0.054855
459.37	2.8736	360.93	0.0027706	31.216	31.791	81.392	178.35	397.40	180.03	4.4225	4.4006e-05	0.071652	0.00042367	112.87	0.0088597	38.882	40.718	100.83	180.44	437.80	116.66	23.497	1.2743e-05	0.055029
459.50	2.8792	360.34	0.0027751	31.255	31.831	81.478	178.43	399.89	179.12	4.4691	4.3870e-05	0.071675	0.00041693	113.34	0.0088230	38.883	40.716	100.81	180.52	441.45	116.43	23.524	1.2767e-05	0.055206
459.62	2.8848	359.75	0.0027797	31.293	31.872	81.564	178.52	402.44	178.21	4.5164	4.3734e-05	0.071700	0.00041022	113.81	0.0087863	38.885	40.714	100.80	180.61	445.19	116.21	23.551	1.2791e-05	0.055384
459.75	2.8904	359.15	0.0027844	31.332	31.912	81.650	178.60	405.05	177.30	4.5645	4.3597e-05	0.071725	0.00040355	114.29	0.0087497	38.886	40.711	100.79	180.70	449.02	115.99	23.578	1.2815e-05	0.055564
459.88	2.8961	358.54	0.0027891	31.371	31.953	81.737	178.69	407.72	176.38	4.6133	4.3460e-05	0.071752	0.00039691	114.77	0.0087130	38.888	40.708	100.77	180.79	452.94	115.76	23.605	1.2840e-05	0.055746
460.00	2.9017	357.94	0.0027938	31.409	31.994	81.823	178.77	410.46	175.47	4.6629	4.3322e-05	0.071780	0.00039031	115.26	0.0086763	38.889	40.705	100.76	180.88	456.95	115.54	23.632	1.2865e-05	0.055931
460.13	2.9073	357.33	0.0027986	31.448	32.035	81.910	178.86	413.27	174.56	4.7133	4.3184e-05	0.071809	0.00038375	115.75	0.0086397	38.890	40.702	100.75	180.97	461.07	115.32	23.659	1.2891e-05	0.056117
460.25	2.9129	356.71	0.0028034	31.487	32.076	81.996	178.95	416.15	173.65	4.7645	4.3045e-05	0.071839	0.00037723	116.24	0.0086030	38.890	40.698	100.73	181.06	465.29	115.09	23.686	1.2916e-05	0.056306
460.38	2.9185	356.09	0.0028083	31.526	32.117	82.083	179.03	419.11	172.73	4.8166	4.2906e-05	0.071871	0.00037075	116.74	0.0085664	38.891	40.695	100.71	181.15	469.62	114.87	23.712	1.2942e-05	0.056497
460.50	2.9241	355.47	0.0028132	31.565	32.158	82.170	179.12	422.14	171.82	4.8695	4.2767e-05	0.071904	0.00036430	117.24	0.0085298	38.891	40.691	100.70	181.24	474.06	114.64	23.739	1.2968e-05	0.056690
460.63	2.9297	354.84	0.0028181	31.604	32.200	82.257	179.21	425.25	170.90	4.9233	4.2627e-05	0.071938	0.00035789	117.74	0.0084931	38.892	40.687	100.68	181.34	478.62	114.41	23.765	1.2995e-05	0.056885
460.75	2.9353	354.21	0.0028232	31.643	32.241	82.344	179.30	428.45	169.99	4.9780	4.2486e-05	0.071974	0.00035151	118.25	0.0084565	38.892	40.683	100.67	181.43	483.30	114.19	23.791	1.3022e-05	0.057083
460.88	2.9410	353.58	0.0028282	31.682	32.282	82.432	179.39	431.73	169.07	5.0336	4.2345e-05	0.072011	0.00034518	118.77	0.0084198	38.892	40.678	100.65	181.52	488.11	113.96	23.817	1.3049e-05	0.057284
461.00	2.9466	352.94	0.0028334	31.721	32.324	82.519	179.48	435.11	168.15	5.0902	4.2204e-05	0.072050	0.00033888	119.29	0.0083832	38.891	40.674	100.63	181.61	493.04	113.73	23.843	1.3077e-05	0.057487
461.13	2.9522	352.29	0.0028386	31.761	32.365	82.607	179.57	438.58	167.23	5.1477	4.2062e-05	0.072090	0.00033262	119.81	0.0083465	38.891	40.669	100.61	181.70	498.12	113.51	23.869	1.3105e-05	0.057692
461.25	2.9578	351.64	0.0028438	31.800	32.407	82.695	179.66	442.14	166.31	5.2063	4.1919e-05	0.072132	0.00032640	120.34	0.0083098	38.890	40.663	100.59	181.80	503.33	113.28	23.894	1.3133e-05	0.057901
461.37	2.9634	350.98	0.0028491	31.840	32.449	82.783	179.75	445.82	165.39	5.2658	4.1776e-05	0.072176	0.00032022	120.87	0.0082731	38.889	40.658	100.58	181.89	508.70	113.05	23.920	1.3162e-05	0.058112
461.50	2.9690	350.32	0.0028545	31.879	32.491	82.871	179.84	449.60	164.47	5.3264	4.1632e-05	0.072222	0.00031407	121.41	0.0082363	38.888	40.652	100.56	181.98	514.22	112.82	23.945	1.3191e-05	0.058326
461.62	2.9746	349.66	0.0028599	31.919	32.533	82.960	179.93	453.49	163.55	5.3881	4.1488e-05	0.072269	0.00030796	121.96	0.0081996	38.887	40.647	100.54	182.08	519.90	112.59	23.970	1.3220e-05	0.058542
461.74	2.9802	348.99	0.0028654	31.959	32.575	83.049	180.03	457.50	162.63	5.4509	4.1343e-05	0.072318	0.00030190	122.51	0.0081628	38.885	40.640	100.52	182.17	525.75	112.36	23.994	1.3250e-05	0.058762
461.87	2.9859	348.31	0.0028710	31.999	32.617	83.138	180.12	461.64	161.70	5.5148	4.1197e-05	0.072369	0.00029587	123.06	0.0081259	38.884	40.634	100.50	182.27	531.78	112.13	24.019	1.3280e-05	0.058985
461.99	2.9915	347.63	0.0028766	32.039	32.660	83.227	180.21	465.90	160.78	5.5799	4.1050e-05	0.072423	0.00028988	123.62	0.0080890	38.882	40.628	100.47	182.36	538.00	111.90	24.043	1.3311e-05	0.059212
462.11	2.9971	346.94	0.0028823	32.079	32.702	83.316	180.31	470.30	159.85	5.6462	4.0903e-05	0.072478	0.00028393	124.19	0.0080521	38.879	40.621	100.45	182.46	544.40	111.67	24.067	1.3342e-05	0.059441
462.23	3.0027	346.25	0.0028881	32.119	32.745	83.406	180.40	474.84	158.93	5.7137	4.0756e-05	0.072536	0.00027801	124.76	0.0080152	38.877	40.613	100.43	182.55	551.02	111.43	24.090	1.3373e-05	0.059674
462.35	3.0083	345.55	0.0028939	32.159	32.787	83.496	180.50	479.53	158.00	5.7825	4.0607e-05	0.072596	0.00027214	125.34	0.0079782	38.874	40.606	100.41	182.65	557.84	111.20	24.113	1.3405e-05	0.059911
462.48	3.0139	344.85	0.0028998	32.200	32.830	83.586	180.60	484.38	157.07	5.8525	4.0458e-05	0.072658	0.00026631	125.93	0.0079411	38.872	40.598	100.38	182.75	564.89	110.97	24.136	1.3438e-05	0.060151
462.60	3.0195	344.14	0.0029058	32.240	32.873	83.676	180.69	489.39	156.14	5.9239	4.0308e-05	0.072723	0.00026052	126.52	0.0079040	38.868	40.590	100.36	182.84	572.17	110.74	24.159	1.3470e-05	0.060396
462.72	3.0251	343.42	0.0029119	32.281	32.917	83.767	180.79	494.57	155.21	5.9966	4.0157e-05	0.072790	0.00025476	127.12	0.0078668	38.865	40.582	100.33	182.94	579.70	110.50	24.181	1.3504e-05	0.060644
462.84	3.0308	342.69	0.0029181	32.322	32.960	83.858	180.89	499.94	154.28	6.0708	4.0005e-05	0.072860	0.00024905	127.72	0.0078295	38.861	40.573	100.31	183.04	587.48	110.27	24.202	1.3538e-05	0.060896
462.96	3.0364	341.96	0.0029243	32.363	33.003	83.950	180.99	505.50	153.35	6.1464	3.9852e-05	0.072932	0.00024338	128.33	0.0077922	38.857	40.564	100.28	183.14	595.54	110.03	24.223	1.3572e-05	0.061152
463.08	3.0420	341.22	0.0029306	32.404	33.047	84.041	181.09	511.26	152.42	6.2235	3.9699e-05	0.073008	0.00023775	128.95	0.0077548	38.853	40.555	100.25	183.24	603.89	109.80	24.244	1.3607e-05	0.061413
463.20	3.0476	340.48	0.0029371	32.445	33.091	84.134	181.19	517.24	151.48	6.3021	3.9544e-05	0.073087	0.00023215	129.58	0.0077173	38.849	40.546	100.23	183.34	612.54	109.56	24.265	1.3643e-05	0.061679
463.32	3.0532	339.72	0.0029436	32.486	33.135	84.226	181.29	523.44	150.55	6.3823	3.9389e-05	0.073168	0.00022660	130.21	0.0076797	38.844	40.536	100.20	183.44	621.50	109.33	24.284	1.3679e-05	0.061949
463.44	3.0588	338.96	0.0029502	32.528	33.179	84.319	181.40	529.88	149.61	6.4641	3.9233e-05	0.073253	0.00022110	130.86	0.0076420	38.839	40.525	100.17	183.54	630.81	109.09	24.304	1.3716e-05	0.062224
463.56	3.0644	338.19	0.0029569	32.570	33.223	84.412	181.50	536.57	148.67	6.5476	3.9075e-05	0.073342	0.00021563	131.51	0.0076042	38.834	40.515	100.14	183.64	640.47	108.85	24.322	1.3753e-05	0.062504
463.68	3.0700	337.41	0.0029637	32.612	33.268	84.505	181.60	543.54	147.73	6.6328	3.8917e-05	0.073434	0.00021020	132.16	0.0075663	38.828	40.504	100.11	183.74	650.51	108.61	24.340	1.3791e-05	0.062790
463.80	3.0757	336.62	0.0029707	32.654	33.313	84.599	181.71	550.78	146.79	6.7197	3.8757e-05	0.073529	0.00020482	132.83	0.0075283	38.822	40.492	100.08	183.84	660.95	108.38	24.358	1.3830e-05	0.063081
463.92	3.0813	335.83	0.0029777	32.696	33.358	84.694	181.82	558.33	145.85	6.8086	3.8596e-05	0.073629	0.00019948	133.51	0.0074902	38.816	40.481	100.05	183.94	671.81	108.14	24.374	1.3869e-05	0.063378
464.04	3.0869	335.02	0.0029849	32.738	33.403	84.789	181.92	566.21	144.91	6.8992	3.8434e-05	0.073733	0.00019418	134.19	0.0074519	38.809	40.469	100.01	184.05	683.12	107.90	24.390	1.3909e-05	0.063681
464.16	3.0925	334.21	0.0029921	32.781	33.448	84.884	182.03	574.42	143.97	6.9919	3.8271e-05	0.073840	0.00018893	134.89	0.0074135	38.802	40.456	99.981	184.15	694.91	107.66	24.406	1.3950e-05	0.063990
464.28	3.0981	333.38	0.0029995	32.824	33.494	84.980	182.14	583.00	143.02	7.0865	3.8107e-05	0.073953	0.00018372	135.59	0.0073749	38.794	40.443	99.947	184.26	707.21	107.42	24.420	1.3992e-05	0.064306
464.39	3.1037	332.55	0.0030071	32.867	33.540	85.076	182.25	591.97	142.08	7.1833	3.7941e-05	0.074070	0.00017855	136.31	0.0073362	38.787	40.430	99.912	184.36	720.05	107.18	24.434	1.4034e-05	0.064629
464.51	3.1093	331.70	0.0030147	32.910	33.586	85.173	182.36	601.36	141.13	7.2821	3.7774e-05	0.074191	0.00017342	137.04	0.0072974	38.779	40.416	99.875	184.47	733.47	106.94	24.447	1.4077e-05	0.064960
464.63	3.1149	330.85	0.0030225	32.954	33.633	85.271	182.48	611.19	140.18	7.3832	3.7605e-05	0.074318	0.00016834	137.77	0.0072583	38.770	40.401	99.838	184.58	747.51	106.69	24.459	1.4122e-05	0.065298
464.75	3.1206	329.98	0.0030305	32.997	33.680	85.369	182.59	621.50	139.23	7.4866	3.7435e-05	0.074451	0.00016331	138.52	0.0072191	38.761	40.386	99.800	184.68	762.22	106.45	24.469	1.4167e-05	0.065644
464.86	3.1262	329.10	0.0030386	33.041	33.727	85.467	182.70	632.33	138.28	7.5923	3.7263e-05	0.074588	0.00015832	139.28	0.0071797	38.752	40.371	99.760	184.79	777.63	106.21	24.479	1.4213e-05	0.065998
464.98	3.1318	328.21	0.0030468	33.086	33.774	85.567	182.82	643.71	137.33	7.7005	3.7090e-05	0.074732	0.00015337	140.06	0.0071400	38.742	40.355	99.720	184.90	793.80	105.97	24.488	1.4260e-05	0.066361
465.10	3.1374	327.30	0.0030553	33.130	33.822	85.667	182.94	655.69	136.37	7.8112	3.6915e-05	0.074882	0.00014848	140.84	0.0071002	38.732	40.339	99.679	185.01	810.80	105.72	24.495	1.4308e-05	0.066734
465.22	3.1430	326.38	0.0030639	33.175	33.870	85.767	183.06	668.31	135.42	7.9245	3.6738e-05	0.075039	0.00014362	141.64	0.0070601	38.721	40.322	99.636	185.12	828.67	105.48	24.502	1.4357e-05	0.067117
465.33	3.1486	325.45	0.0030727	33.220	33.918	85.869	183.18	681.63	134.46	8.0406	3.6559e-05	0.075203	0.00013882	142.45	0.0070198	38.710	40.304	99.592	185.24	847.50	105.23	24.507	1.4407e-05	0.067510
465.45	3.1542	324.50	0.0030816	33.266	33.967	85.971	183.30	695.70	133.51	8.1594	3.6378e-05	0.075374	0.00013406	143.28	0.0069792	38.698	40.286	99.547	185.35	867.36	104.99	24.510	1.4458e-05	0.067914
465.56	3.1598	323.54	0.0030908	33.312	34.016	86.074	183.42	710.60	132.55	8.2812	3.6196e-05	0.075553	0.00012935	144.13	0.0069383	38.686	40.267	99.500	185.46	888.34	104.74	24.512	1.4511e-05	0.068331
465.68	3.1655	322.56	0.0031002	33.358	34.066	86.178	183.55	726.38	131.59	8.4060	3.6011e-05	0.075740	0.00012469	144.99	0.0068972	38.673	40.248	99.453	185.58	910.53	104.50	24.513	1.4565e-05	0.068759
465.80	3.1711	321.57	0.0031098	33.405	34.116	86.283	183.68	743.14	130.62	8.5340	3.5824e-05	0.075936	0.00012008	145.86	0.0068557	38.659	40.228	99.403	185.69	934.04	104.25	24.512	1.4620e-05	0.069201
465.91	3.1767	320.55	0.0031196	33.452	34.167	86.389	183.80	760.97	129.66	8.6652	3.5634e-05	0.076142	0.00011551	146.76	0.0068139	38.645	40.207	99.353	185.81	958.99	104.00	24.509	1.4677e-05	0.069658
466.03	3.1823	319.52	0.0031297	33.499	34.218	86.495	183.93	779.97	128.69	8.7998	3.5442e-05	0.076357	0.00011100	147.67	0.0067718	38.630	40.185	99.300	185.93	985.52	103.75	24.504	1.4735e-05	0.070130
466.14	3.1879	318.47	0.0031400	33.547	34.269	86.603	184.07	800.25	127.73	8.9380	3.5248e-05	0.076583	0.00010654	148.61	0.0067292	38.615	40.163	99.246	186.05	1013.8	103.51	24.498	1.4795e-05	0.070618
466.26	3.1935	317.39	0.0031507	33.596	34.321	86.712	184.20	821.95	126.76	9.0798	3.5050e-05	0.076821	0.00010213	149.56	0.0066863	38.599	40.139	99.191	186.17	1043.9	103.26	24.489	1.4857e-05	0.071123
466.37	3.1991	316.30	0.0031616	33.644	34.374	86.823	184.34	845.23	125.79	9.2255	3.4850e-05	0.077072	9.7772e-05	150.53	0.0066430	38.582	40.115	99.133	186.29	1076.2	103.01	24.478	1.4920e-05	0.071648
466.49	3.2047	315.18	0.0031728	33.694	34.428	86.934	184.48	870.24	124.82	9.3751	3.4647e-05	0.077336	9.3468e-05	151.53	0.0065992	38.564	40.090	99.073	186.41	1110.7	102.76	24.464	1.4986e-05	0.072192
466.60	3.2104	314.04	0.0031843	33.744	34.482	87.047	184.62	897.19	123.85	9.5290	3.4440e-05	0.077614	8.9217e-05	152.56	0.0065549	38.546	40.064	99.012	186.54	1147.9	102.51	24.448	1.5053e-05	0.072759
466.71	3.2160	312.87	0.0031962	33.795	34.536	87.162	184.76	926.32	122.87	9.6872	3.4230e-05	0.077908	8.5021e-05	153.61	0.0065101	38.527	40.037	98.948	186.67	1187.9	102.26	24.429	1.5123e-05	0.073350
466.83	3.2216	311.67	0.0032085	33.846	34.592	87.278	184.90	957.88	121.90	9.8499	3.4016e-05	0.078220	8.0881e-05	154.68	0.0064648	38.506	40.009	98.882	186.79	1231.1	102.01	24.407	1.5194e-05	0.073967
466.94	3.2272	310.45	0.0032212	33.898	34.648	87.396	185.05	992.20	120.92	10.017	3.3798e-05	0.078550	7.6798e-05	155.79	0.0064189	38.485	39.980	98.814	186.92	1277.9	101.75	24.382	1.5269e-05	0.074613
467.06	3.2328	309.19	0.0032343	33.951	34.705	87.516	185.20	1029.6	119.94	10.190	3.3576e-05	0.078902	7.2772e-05	156.93	0.0063723	38.463	39.949	98.743	187.06	1328.8	101.50	24.354	1.5346e-05	0.075290
467.17	3.2384	307.90	0.0032479	34.005	34.763	87.637	185.36	1070.6	118.96	10.368	3.3349e-05	0.079276	6.8806e-05	158.10	0.0063250	38.439	39.917	98.669	187.19	1384.4	101.25	24.322	1.5426e-05	0.076001
467.28	3.2440	306.57	0.0032619	34.059	34.823	87.761	185.52	1115.6	117.98	10.551	3.3118e-05	0.079677	6.4899e-05	159.31	0.0062770	38.415	39.884	98.592	187.33	1445.1	100.99	24.285	1.5509e-05	0.076751
467.39	3.2496	305.20	0.0032766	34.115	34.883	87.887	185.68	1165.4	116.99	10.740	3.2881e-05	0.080105	6.1055e-05	160.56	0.0062282	38.389	39.849	98.512	187.46	1512.0	100.74	24.245	1.5595e-05	0.077542
467.51	3.2553	303.79	0.0032918	34.171	34.944	88.016	185.84	1220.5	116.01	10.936	3.2638e-05	0.080567	5.7273e-05	161.85	0.0061785	38.361	39.812	98.429	187.60	1585.8	100.49	24.200	1.5686e-05	0.078381
467.62	3.2609	302.33	0.0033076	34.229	35.007	88.147	186.01	1282.0	115.02	11.138	3.2390e-05	0.081064	5.3556e-05	163.19	0.0061279	38.332	39.774	98.341	187.74	1667.7	100.23	24.149	1.5780e-05	0.079273
467.73	3.2665	300.82	0.0033242	34.288	35.071	88.282	186.18	1351.0	114.04	11.346	3.2134e-05	0.081604	4.9905e-05	164.58	0.0060762	38.302	39.734	98.250	187.89	1759.1	99.976	24.094	1.5878e-05	0.080225
467.84	3.2721	299.26	0.0033416	34.348	35.137	88.419	186.36	1428.8	113.05	11.562	3.1872e-05	0.082191	4.6322e-05	166.02	0.0060234	38.270	39.692	98.154	188.04	1861.8	99.720	24.032	1.5982e-05	0.081245
467.95	3.2777	297.63	0.0033598	34.410	35.205	88.561	186.54	1517.3	112.06	11.786	3.1601e-05	0.082834	4.2810e-05	167.53	0.0059692	38.235	39.647	98.054	188.19	1977.9	99.463	23.963	1.6091e-05	0.082344
468.06	3.2833	295.94	0.0033791	34.474	35.274	88.707	186.73	1618.7	111.06	12.019	3.1321e-05	0.083542	3.9369e-05	169.10	0.0059137	38.199	39.600	97.948	188.34	2110.1	99.207	23.887	1.6206e-05	0.083532
468.18	3.2889	294.17	0.0033994	34.539	35.346	88.857	186.92	1735.9	110.07	12.260	3.1031e-05	0.084327	3.6004e-05	170.75	0.0058566	38.160	39.550	97.836	188.50	2261.9	98.949	23.802	1.6327e-05	0.084826
468.29	3.2945	292.32	0.0034209	34.607	35.420	89.012	187.12	1872.8	109.08	12.512	3.0730e-05	0.085204	3.2716e-05	172.48	0.0057978	38.119	39.497	97.718	188.66	2438.2	98.691	23.708	1.6457e-05	0.086245
468.40	3.3002	290.37	0.0034439	34.677	35.497	89.174	187.32	2034.7	108.08	12.774	3.0416e-05	0.086193	2.9509e-05	174.31	0.0057370	38.074	39.440	97.591	188.82	2645.1	98.433	23.604	1.6595e-05	0.087812
468.51	3.3058	288.31	0.0034685	34.750	35.577	89.342	187.53	2228.8	107.08	13.048	3.0088e-05	0.087320	2.6387e-05	176.25	0.0056738	38.026	39.379	97.457	188.99	2891.1	98.174	23.488	1.6743e-05	0.089560
468.62	3.3114	286.12	0.0034950	34.826	35.661	89.519	187.76	2465.2	106.09	13.335	2.9744e-05	0.088621	2.3353e-05	178.31	0.0056081	37.974	39.314	97.312	189.16	3188.3	97.915	23.358	1.6903e-05	0.091531
468.73	3.3170	283.78	0.0035238	34.907	35.750	89.704	187.99	2758.8	105.09	13.637	2.9380e-05	0.090144	2.0412e-05	180.53	0.0055393	37.917	39.243	97.157	189.34	3554.1	97.655	23.213	1.7076e-05	0.093782
468.84	3.3226	281.27	0.0035553	34.991	35.844	89.901	188.23	3132.4	104.09	13.956	2.8994e-05	0.091959	1.7570e-05	182.92	0.0054669	37.855	39.166	96.987	189.52	4014.7	97.395	23.049	1.7267e-05	0.096396
468.94	3.3282	278.54	0.0035901	35.082	35.944	90.112	188.48	3621.9	103.09	14.295	2.8580e-05	0.094173	1.4833e-05	185.53	0.0053901	37.787	39.081	96.801	189.71	4611.6	97.135	22.862	1.7477e-05	0.099493
469.05	3.3338	275.54	0.0036292	35.180	36.053	90.340	188.75	4288.2	102.09	14.657	2.8133e-05	0.096951	1.2210e-05	188.40	0.0053079	37.710	38.987	96.596	189.91	5413.8	96.875	22.649	1.7714e-05	0.10326
469.16	3.3394	272.21	0.0036737	35.286	36.172	90.591	189.03	5242.0	101.08	15.049	2.7642e-05	0.10057	9.7120e-06	191.62	0.0052188	37.623	38.880	96.364	190.11	6546.1	96.616	22.402	1.7983e-05	0.10800
469.27	3.3451	268.41	0.0037257	35.406	36.305	90.872	189.34	6708.1	100.08	15.479	2.7095e-05	0.10554	7.3519e-06	195.29	0.0051206	37.522	38.758	96.099	190.32	8258.4	96.358	22.109	1.8298e-05	0.11427
469.38	3.3507	263.95	0.0037885	35.543	36.459	91.196	189.67	9217.2	99.069	15.962	2.6468e-05	0.11294	5.1493e-06	199.62	0.0050096	37.402	38.613	95.785	190.54	11134.	96.103	21.755	1.8678e-05	0.12323
469.49	3.3563	258.47	0.0038690	35.708	36.645	91.590	190.04	14381.	98.053	16.529	2.5717e-05	0.12551	3.1343e-06	204.98	0.0048785	37.251	38.432	95.396	190.76	16916.	95.856	21.304	1.9164e-05	0.13778
469.59	3.3619	250.97	0.0039845	35.930	36.896	92.122	undefined	undefined	undefined	17.259	2.4729e-05	undefined	1.3612e-06	212.35	0.0047092	37.042	38.184	94.863	undefined	undefined	undefined	20.673	2.0296e-05	undefined
469.70	3.3675	231.60	0.0043178	36.490	37.539	93.487	undefined	undefined	undefined	19.003	undefined	undefined	0.0000	231.60	0.0043178	36.490	37.539	93.487	undefined	undefined	undefined	19.003	undefined	undefined
