Temperature (K)	Pressure (MPa)	Density (l, kg/m3)	Volume (l, m3/kg)	Internal Energy (l, kJ/mol)	Enthalpy (l, kJ/mol)	Entropy (l, J/mol*K)	Cv (l, J/mol*K)	Cp (l, J/mol*K)	Sound Spd. (l, m/s)	Joule-Thomson (l, K/MPa)	Viscosity (l, Pa*s)	Therm. Cond. (l, W/m*K)	Surf. Tension (l, N/m)	Density (v, kg/m3)	Volume (v, m3/kg)	Internal Energy (v, kJ/mol)	Enthalpy (v, kJ/mol)	Entropy (v, J/mol*K)	Cv (v, J/mol*K)	Cp (v, J/mol*K)	Sound Spd. (v, m/s)	Joule-Thomson (v, K/MPa)	Viscosity (v, Pa*s)	Therm. Cond. (v, W/m*K)
184.42	0.0070853	631.99	0.0015823	-0.011827	-0.011333	5.3833	60.023	91.792	1469.5	-0.52696	0.00035814	0.15747	0.021905	0.20483	4.8820	19.203	20.728	117.84	45.489	54.002	202.11	68.487	5.0396e-06	0.0077682
194.40	0.014171	621.42	0.0016092	0.91041	0.91141	10.253	60.590	93.022	1402.8	-0.50805	0.00030968	0.15131	0.020583	0.39005	2.5638	19.649	21.251	114.88	47.055	55.710	206.46	59.787	5.3093e-06	0.0085315
200.84	0.021256	614.51	0.0016273	1.5121	1.5136	13.298	61.026	93.899	1359.9	-0.49448	0.00028360	0.14735	0.019724	0.56812	1.7602	19.941	21.591	113.26	48.117	56.897	209.05	54.843	5.4822e-06	0.0090379
205.72	0.028341	609.23	0.0016414	1.9714	1.9735	15.558	61.394	94.609	1327.5	-0.48342	0.00026602	0.14437	0.019072	0.74167	1.3483	20.164	21.849	112.17	48.949	57.844	210.89	51.424	5.6126e-06	0.0094286
209.69	0.035427	604.89	0.0016532	2.3483	2.3509	17.372	61.715	95.220	1301.2	-0.47387	0.00025290	0.14195	0.018539	0.91197	1.0965	20.347	22.060	111.36	49.647	58.649	212.30	48.834	5.7184e-06	0.0097517
213.07	0.042512	601.17	0.0016634	2.6707	2.6738	18.898	62.005	95.763	1278.9	-0.46534	0.00024248	0.13990	0.018085	1.0797	0.92614	20.503	22.239	110.72	50.253	59.357	213.43	46.765	5.8082e-06	0.010030
216.02	0.049597	597.89	0.0016726	2.9542	2.9579	20.219	62.270	96.257	1259.4	-0.45755	0.00023389	0.13811	0.017688	1.2455	0.80290	20.640	22.396	110.20	50.794	59.995	214.38	45.053	5.8866e-06	0.010276
218.66	0.056683	594.95	0.0016808	3.2083	3.2125	21.389	62.515	96.711	1242.0	-0.45034	0.00022659	0.13653	0.017334	1.4095	0.70946	20.763	22.536	109.76	51.283	60.579	215.18	43.598	5.9564e-06	0.010498
221.05	0.063768	592.27	0.0016884	3.4395	3.4442	22.440	62.744	97.135	1226.3	-0.44358	0.00022027	0.13510	0.017013	1.5721	0.63609	20.874	22.663	109.38	51.733	61.120	215.87	42.339	6.0194e-06	0.010700
223.23	0.070853	589.80	0.0016955	3.6520	3.6573	23.397	62.960	97.534	1212.0	-0.43720	0.00021470	0.13380	0.016719	1.7334	0.57689	20.976	22.779	109.05	52.150	61.626	216.47	41.233	6.0771e-06	0.010888
225.25	0.077939	587.51	0.0017021	3.8491	3.8550	24.276	63.164	97.911	1198.7	-0.43113	0.00020973	0.13260	0.016448	1.8937	0.52808	21.071	22.886	108.76	52.539	62.102	217.01	40.249	6.1304e-06	0.011062
227.14	0.085024	585.36	0.0017083	4.0334	4.0398	25.091	63.359	98.270	1186.4	-0.42532	0.00020525	0.13149	0.016195	2.0529	0.48711	21.159	22.986	108.50	52.905	62.554	217.48	39.366	6.1799e-06	0.011225
228.90	0.092109	583.35	0.0017142	4.2065	4.2135	25.850	63.544	98.614	1174.8	-0.41974	0.00020118	0.13045	0.015959	2.2113	0.45222	21.242	23.079	108.27	53.251	62.984	217.91	38.566	6.2263e-06	0.011380
230.56	0.099195	581.44	0.0017199	4.3701	4.3776	26.562	63.722	98.944	1164.0	-0.41436	0.00019744	0.12947	0.015736	2.3689	0.42214	21.320	23.167	108.06	53.580	63.395	218.29	37.836	6.2700e-06	0.011526
232.12	0.10628	579.62	0.0017253	4.5253	4.5334	27.233	63.893	99.261	1153.7	-0.40915	0.00019400	0.12856	0.015526	2.5258	0.39592	21.394	23.249	107.86	53.893	63.790	218.63	37.166	6.3113e-06	0.011665
233.61	0.11337	577.89	0.0017304	4.6731	4.6817	27.868	64.058	99.568	1144.0	-0.40410	0.00019080	0.12769	0.015326	2.6820	0.37285	21.464	23.328	107.68	54.193	64.170	218.95	36.548	6.3504e-06	0.011798
235.03	0.12045	576.24	0.0017354	4.8143	4.8235	28.471	64.217	99.865	1134.7	-0.39919	0.00018783	0.12686	0.015136	2.8377	0.35240	21.531	23.403	107.52	54.480	64.537	219.23	35.976	6.3878e-06	0.011925
236.39	0.12754	574.65	0.0017402	4.9495	4.9593	29.045	64.371	100.15	1125.9	-0.39440	0.00018504	0.12608	0.014955	2.9929	0.33413	21.595	23.474	107.37	54.756	64.892	219.49	35.443	6.4234e-06	0.012048
237.69	0.13462	573.13	0.0017448	5.0794	5.0898	29.593	64.521	100.43	1117.4	-0.38973	0.00018242	0.12533	0.014782	3.1475	0.31771	21.656	23.542	107.23	55.023	65.236	219.73	34.945	6.4576e-06	0.012166
238.93	0.14171	571.66	0.0017493	5.2045	5.2154	30.118	64.666	100.71	1109.3	-0.38516	0.00017996	0.12461	0.014615	3.3017	0.30287	21.715	23.608	107.09	55.280	65.571	219.95	34.478	6.4904e-06	0.012280
240.13	0.14879	570.24	0.0017537	5.3251	5.3366	30.621	64.808	100.97	1101.4	-0.38068	0.00017763	0.12393	0.014455	3.4555	0.28940	21.772	23.671	106.97	55.529	65.896	220.14	34.040	6.5220e-06	0.012390
241.29	0.15588	568.86	0.0017579	5.4417	5.4538	31.106	64.945	101.23	1093.9	-0.37629	0.00017542	0.12327	0.014301	3.6089	0.27710	21.827	23.731	106.86	55.770	66.213	220.33	33.627	6.5524e-06	0.012497
242.40	0.16296	567.53	0.0017620	5.5545	5.5672	31.572	65.080	101.49	1086.6	-0.37198	0.00017332	0.12263	0.014153	3.7619	0.26582	21.879	23.790	106.75	56.004	66.523	220.49	33.236	6.5818e-06	0.012601
243.48	0.17005	566.24	0.0017660	5.6639	5.6772	32.023	65.211	101.73	1079.6	-0.36774	0.00017132	0.12202	0.014009	3.9146	0.25545	21.930	23.846	106.64	56.231	66.826	220.65	32.866	6.6103e-06	0.012702
244.53	0.17713	564.98	0.0017700	5.7701	5.7839	32.458	65.339	101.98	1072.7	-0.36357	0.00016941	0.12143	0.013870	4.0670	0.24588	21.980	23.900	106.55	56.453	67.122	220.79	32.516	6.6379e-06	0.012800
245.54	0.18422	563.76	0.0017738	5.8733	5.8877	32.879	65.465	102.22	1066.1	-0.35947	0.00016758	0.12086	0.013735	4.2191	0.23702	22.028	23.953	106.45	56.668	67.412	220.92	32.182	6.6647e-06	0.012896
246.53	0.19130	562.57	0.0017776	5.9738	5.9887	33.288	65.588	102.45	1059.7	-0.35542	0.00016583	0.12030	0.013605	4.3710	0.22878	22.075	24.004	106.37	56.879	67.696	221.03	31.864	6.6907e-06	0.012989
247.49	0.19839	561.41	0.0017812	6.0716	6.0872	33.684	65.708	102.68	1053.5	-0.35142	0.00016416	0.11977	0.013478	4.5226	0.22111	22.120	24.054	106.28	57.084	67.976	221.14	31.561	6.7161e-06	0.013081
248.42	0.20547	560.27	0.0017848	6.1670	6.1832	34.069	65.826	102.91	1047.4	-0.34748	0.00016254	0.11925	0.013354	4.6739	0.21395	22.164	24.102	106.20	57.285	68.250	221.24	31.272	6.7407e-06	0.013170
249.32	0.21256	559.17	0.0017884	6.2601	6.2769	34.443	65.943	103.13	1041.5	-0.34359	0.00016099	0.11874	0.013234	4.8251	0.20725	22.207	24.149	106.13	57.481	68.519	221.33	30.995	6.7648e-06	0.013257
250.21	0.21965	558.08	0.0017919	6.3511	6.3684	34.807	66.057	103.35	1035.7	-0.33974	0.00015950	0.11825	0.013117	4.9761	0.20096	22.249	24.195	106.05	57.673	68.785	221.41	30.729	6.7882e-06	0.013343
251.07	0.22673	557.02	0.0017953	6.4400	6.4579	35.162	66.169	103.57	1030.1	-0.33593	0.00015806	0.11777	0.013003	5.1268	0.19505	22.289	24.240	105.99	57.861	69.046	221.48	30.475	6.8112e-06	0.013427
251.91	0.23382	555.98	0.0017986	6.5270	6.5455	35.508	66.279	103.78	1024.6	-0.33216	0.00015666	0.11731	0.012892	5.2774	0.18949	22.329	24.283	105.92	58.046	69.303	221.55	30.230	6.8336e-06	0.013509
252.74	0.24090	554.96	0.0018019	6.6122	6.6313	35.846	66.387	104.00	1019.2	-0.32843	0.00015531	0.11685	0.012784	5.4279	0.18423	22.368	24.325	105.86	58.227	69.556	221.61	29.995	6.8555e-06	0.013590
253.54	0.24799	553.96	0.0018052	6.6956	6.7154	36.176	66.494	104.20	1013.9	-0.32473	0.00015401	0.11641	0.012678	5.5782	0.17927	22.406	24.367	105.79	58.404	69.806	221.66	29.769	6.8770e-06	0.013670
254.33	0.25507	552.98	0.0018084	6.7775	6.7978	36.498	66.599	104.41	1008.8	-0.32107	0.00015275	0.11598	0.012574	5.7284	0.17457	22.444	24.407	105.74	58.579	70.053	221.71	29.551	6.8980e-06	0.013748
255.10	0.26216	552.02	0.0018115	6.8577	6.8787	36.814	66.703	104.61	1003.7	-0.31743	0.00015152	0.11555	0.012473	5.8784	0.17011	22.480	24.447	105.68	58.750	70.297	221.75	29.341	6.9186e-06	0.013825
255.86	0.26924	551.07	0.0018146	6.9365	6.9581	37.122	66.805	104.81	998.81	-0.31383	0.00015033	0.11514	0.012373	6.0283	0.16588	22.516	24.485	105.63	58.918	70.538	221.78	29.138	6.9389e-06	0.013900
256.60	0.27633	550.14	0.0018177	7.0139	7.0360	37.424	66.905	105.01	993.97	-0.31026	0.00014918	0.11474	0.012276	6.1781	0.16186	22.551	24.523	105.57	59.084	70.775	221.82	28.942	6.9587e-06	0.013975
257.32	0.28341	549.23	0.0018207	7.0899	7.1126	37.720	67.005	105.21	989.22	-0.30671	0.00014806	0.11434	0.012181	6.3278	0.15803	22.585	24.560	105.52	59.247	71.011	221.84	28.752	6.9783e-06	0.014048
258.04	0.29050	548.33	0.0018237	7.1646	7.1880	38.010	67.103	105.40	984.56	-0.30318	0.00014696	0.11395	0.012087	6.4775	0.15438	22.619	24.596	105.47	59.408	71.243	221.86	28.569	6.9974e-06	0.014121
258.74	0.29758	547.44	0.0018267	7.2381	7.2620	38.295	67.199	105.59	979.98	-0.29969	0.00014590	0.11357	0.011996	6.6270	0.15090	22.652	24.632	105.43	59.566	71.473	221.88	28.392	7.0163e-06	0.014192
259.43	0.30467	546.57	0.0018296	7.3104	7.3349	38.574	67.295	105.78	975.48	-0.29621	0.00014487	0.11320	0.011906	6.7765	0.14757	22.684	24.667	105.38	59.722	71.701	221.89	28.220	7.0348e-06	0.014262
260.10	0.31175	545.71	0.0018325	7.3815	7.4067	38.848	67.389	105.97	971.06	-0.29275	0.00014386	0.11284	0.011818	6.9259	0.14439	22.716	24.701	105.34	59.875	71.927	221.90	28.053	7.0531e-06	0.014332
260.77	0.31884	544.86	0.0018353	7.4516	7.4774	39.117	67.483	106.16	966.72	-0.28932	0.00014287	0.11248	0.011731	7.0752	0.14134	22.747	24.735	105.30	60.027	72.150	221.90	27.892	7.0711e-06	0.014401
261.42	0.32593	544.03	0.0018381	7.5206	7.5470	39.382	67.575	106.34	962.44	-0.28590	0.00014191	0.11213	0.011646	7.2245	0.13842	22.778	24.768	105.26	60.176	72.372	221.91	27.735	7.0888e-06	0.014468
262.06	0.33301	543.20	0.0018409	7.5885	7.6156	39.641	67.666	106.53	958.24	-0.28250	0.00014097	0.11179	0.011562	7.3737	0.13562	22.808	24.800	105.22	60.324	72.591	221.90	27.583	7.1062e-06	0.014535
262.69	0.34010	542.39	0.0018437	7.6556	7.6832	39.897	67.756	106.71	954.10	-0.27912	0.00014006	0.11145	0.011480	7.5229	0.13293	22.838	24.832	105.18	60.469	72.809	221.90	27.435	7.1234e-06	0.014602
263.32	0.34718	541.58	0.0018464	7.7216	7.7499	40.148	67.846	106.89	950.02	-0.27576	0.00013916	0.11112	0.011399	7.6721	0.13034	22.868	24.863	105.14	60.613	73.025	221.89	27.291	7.1404e-06	0.014667
263.93	0.35427	540.79	0.0018491	7.7868	7.8157	40.396	67.934	107.07	946.01	-0.27241	0.00013829	0.11079	0.011319	7.8212	0.12786	22.896	24.894	105.10	60.755	73.239	221.88	27.151	7.1571e-06	0.014732
264.53	0.36135	540.01	0.0018518	7.8511	7.8806	40.639	68.021	107.25	942.05	-0.26908	0.00013743	0.11047	0.011241	7.9703	0.12547	22.925	24.924	105.07	60.895	73.452	221.86	27.015	7.1736e-06	0.014796
265.13	0.36844	539.23	0.0018545	7.9146	7.9447	40.879	68.108	107.42	938.15	-0.26576	0.00013659	0.11016	0.011164	8.1194	0.12316	22.953	24.954	105.03	61.034	73.663	221.84	26.882	7.1900e-06	0.014859
265.71	0.37552	538.47	0.0018571	7.9772	8.0080	41.115	68.193	107.60	934.30	-0.26245	0.00013577	0.10985	0.011088	8.2685	0.12094	22.980	24.983	105.00	61.171	73.872	221.82	26.753	7.2061e-06	0.014922
266.29	0.38261	537.71	0.0018597	8.0391	8.0704	41.348	68.278	107.77	930.51	-0.25916	0.00013496	0.10954	0.011013	8.4175	0.11880	23.007	25.012	104.97	61.306	74.080	221.80	26.627	7.2220e-06	0.014984
266.86	0.38969	536.96	0.0018623	8.1002	8.1322	41.577	68.362	107.95	926.77	-0.25588	0.00013418	0.10924	0.010939	8.5666	0.11673	23.034	25.040	104.94	61.440	74.287	221.77	26.505	7.2377e-06	0.015046
267.43	0.39678	536.23	0.0018649	8.1605	8.1931	41.803	68.445	108.12	923.08	-0.25261	0.00013340	0.10895	0.010867	8.7156	0.11474	23.060	25.068	104.90	61.573	74.492	221.75	26.385	7.2532e-06	0.015107
267.98	0.40386	535.49	0.0018674	8.2201	8.2534	42.026	68.527	108.29	919.44	-0.24935	0.00013265	0.10865	0.010795	8.8646	0.11281	23.086	25.095	104.87	61.704	74.697	221.71	26.269	7.2686e-06	0.015167
268.53	0.41095	534.77	0.0018700	8.2791	8.3130	42.246	68.609	108.46	915.84	-0.24611	0.00013190	0.10837	0.010724	9.0137	0.11094	23.112	25.123	104.84	61.833	74.899	221.68	26.155	7.2838e-06	0.015227
269.07	0.41803	534.05	0.0018725	8.3373	8.3719	42.463	68.690	108.63	912.29	-0.24287	0.00013117	0.10809	0.010655	9.1628	0.10914	23.137	25.149	104.82	61.962	75.101	221.65	26.044	7.2988e-06	0.015286
269.60	0.42512	533.35	0.0018750	8.3950	8.4301	42.677	68.770	108.79	908.78	-0.23964	0.00013046	0.10781	0.010586	9.3118	0.10739	23.162	25.176	104.79	62.089	75.302	221.61	25.935	7.3137e-06	0.015345
270.13	0.43221	532.64	0.0018774	8.4519	8.4877	42.889	68.850	108.96	905.32	-0.23642	0.00012975	0.10753	0.010518	9.4609	0.10570	23.187	25.201	104.76	62.215	75.501	221.57	25.829	7.3284e-06	0.015403
270.65	0.43929	531.95	0.0018799	8.5083	8.5447	43.097	68.929	109.13	901.89	-0.23321	0.00012906	0.10726	0.010451	9.6100	0.10406	23.211	25.227	104.73	62.340	75.699	221.53	25.726	7.3430e-06	0.015461
271.17	0.44638	531.26	0.0018823	8.5641	8.6011	43.303	69.007	109.29	898.51	-0.23001	0.00012838	0.10700	0.010385	9.7592	0.10247	23.235	25.252	104.71	62.464	75.897	221.49	25.624	7.3574e-06	0.015519
271.68	0.45346	530.58	0.0018847	8.6193	8.6570	43.507	69.084	109.46	895.16	-0.22681	0.00012772	0.10673	0.010320	9.9083	0.10093	23.259	25.277	104.68	62.586	76.093	221.44	25.525	7.3717e-06	0.015576
272.18	0.46055	529.90	0.0018871	8.6739	8.7122	43.708	69.161	109.62	891.86	-0.22362	0.00012706	0.10647	0.010256	10.058	0.099428	23.283	25.302	104.66	62.707	76.289	221.39	25.428	7.3858e-06	0.015632
272.68	0.46763	529.23	0.0018895	8.7280	8.7669	43.906	69.238	109.78	888.59	-0.22044	0.00012641	0.10622	0.010192	10.207	0.097974	23.306	25.326	104.63	62.828	76.483	221.34	25.333	7.3999e-06	0.015689
273.17	0.47472	528.57	0.0018919	8.7815	8.8211	44.103	69.313	109.94	885.35	-0.21726	0.00012578	0.10596	0.010129	10.356	0.096562	23.329	25.350	104.61	62.947	76.677	221.29	25.241	7.4138e-06	0.015744
273.65	0.48180	527.91	0.0018943	8.8345	8.8748	44.297	69.388	110.10	882.15	-0.21409	0.00012515	0.10571	0.010067	10.505	0.095190	23.351	25.374	104.59	63.065	76.870	221.24	25.150	7.4275e-06	0.015800
274.13	0.48889	527.26	0.0018966	8.8870	8.9279	44.489	69.463	110.26	878.99	-0.21093	0.00012454	0.10547	0.010006	10.655	0.093856	23.374	25.397	104.56	63.183	77.062	221.19	25.061	7.4412e-06	0.015855
274.61	0.49597	526.61	0.0018989	8.9390	8.9806	44.678	69.537	110.42	875.85	-0.20777	0.00012394	0.10522	0.0099451	10.804	0.092558	23.396	25.420	104.54	63.299	77.253	221.13	24.974	7.4547e-06	0.015909
275.08	0.50306	525.97	0.0019012	8.9906	9.0327	44.866	69.611	110.58	872.75	-0.20462	0.00012334	0.10498	0.0098851	10.954	0.091295	23.417	25.443	104.52	63.414	77.444	221.08	24.888	7.4682e-06	0.015964
275.55	0.51014	525.34	0.0019035	9.0416	9.0844	45.052	69.684	110.74	869.68	-0.20147	0.00012275	0.10475	0.0098259	11.103	0.090066	23.439	25.465	104.50	63.529	77.633	221.02	24.805	7.4815e-06	0.016017
276.01	0.51723	524.70	0.0019058	9.0922	9.1357	45.235	69.756	110.90	866.65	-0.19832	0.00012217	0.10451	0.0097673	11.253	0.088869	23.460	25.487	104.48	63.643	77.823	220.96	24.723	7.4947e-06	0.016071
276.46	0.52431	524.08	0.0019081	9.1423	9.1865	45.417	69.828	111.05	863.64	-0.19518	0.00012160	0.10428	0.0097093	11.402	0.087703	23.482	25.509	104.46	63.755	78.011	220.90	24.642	7.5078e-06	0.016124
276.92	0.53140	523.46	0.0019104	9.1921	9.2368	45.597	69.899	111.21	860.66	-0.19204	0.00012104	0.10405	0.0096520	11.552	0.086566	23.502	25.531	104.44	63.867	78.199	220.84	24.564	7.5208e-06	0.016177
277.36	0.53849	522.84	0.0019126	9.2413	9.2867	45.775	69.970	111.37	857.71	-0.18890	0.00012049	0.10382	0.0095953	11.702	0.085459	23.523	25.552	104.42	63.978	78.386	220.77	24.486	7.5337e-06	0.016230
277.81	0.54557	522.23	0.0019149	9.2902	9.3363	45.951	70.041	111.52	854.78	-0.18577	0.00011994	0.10360	0.0095391	11.851	0.084378	23.544	25.573	104.40	64.089	78.573	220.71	24.410	7.5465e-06	0.016282
278.25	0.55266	521.62	0.0019171	9.3386	9.3854	46.126	70.111	111.68	851.89	-0.18264	0.00011941	0.10338	0.0094836	12.001	0.083325	23.564	25.594	104.38	64.198	78.759	220.64	24.336	7.5593e-06	0.016334
278.68	0.55974	521.02	0.0019193	9.3867	9.4341	46.298	70.181	111.83	849.02	-0.17952	0.00011888	0.10316	0.0094287	12.151	0.082297	23.584	25.615	104.36	64.307	78.945	220.57	24.263	7.5719e-06	0.016386
279.11	0.56683	520.42	0.0019215	9.4344	9.4824	46.470	70.250	111.98	846.17	-0.17639	0.00011835	0.10294	0.0093743	12.301	0.081293	23.604	25.636	104.34	64.415	79.130	220.50	24.191	7.5845e-06	0.016437
279.54	0.57391	519.82	0.0019237	9.4816	9.5303	46.639	70.318	112.14	843.35	-0.17327	0.00011784	0.10273	0.0093205	12.451	0.080313	23.623	25.656	104.33	64.522	79.314	220.43	24.121	7.5969e-06	0.016489
279.96	0.58100	519.23	0.0019259	9.5285	9.5779	46.807	70.387	112.29	840.56	-0.17015	0.00011733	0.10252	0.0092672	12.601	0.079356	23.643	25.676	104.31	64.629	79.498	220.36	24.052	7.6093e-06	0.016540
280.38	0.58808	518.64	0.0019281	9.5751	9.6251	46.973	70.454	112.44	837.79	-0.16703	0.00011682	0.10231	0.0092144	12.752	0.078421	23.662	25.696	104.29	64.734	79.682	220.29	23.984	7.6216e-06	0.016590
280.79	0.59517	518.06	0.0019303	9.6213	9.6719	47.138	70.522	112.59	835.05	-0.16391	0.00011633	0.10210	0.0091621	12.902	0.077508	23.681	25.715	104.27	64.839	79.865	220.22	23.917	7.6338e-06	0.016641
281.20	0.60225	517.48	0.0019324	9.6671	9.7184	47.301	70.589	112.74	832.32	-0.16079	0.00011584	0.10189	0.0091104	13.052	0.076614	23.700	25.735	104.26	64.944	80.048	220.14	23.852	7.6460e-06	0.016691
281.61	0.60934	516.91	0.0019346	9.7126	9.7645	47.463	70.656	112.89	829.62	-0.15768	0.00011535	0.10169	0.0090591	13.203	0.075741	23.719	25.754	104.24	65.048	80.230	220.07	23.787	7.6581e-06	0.016741
282.02	0.61642	516.34	0.0019367	9.7577	9.8104	47.623	70.722	113.04	826.95	-0.15456	0.00011488	0.10149	0.0090084	13.353	0.074887	23.737	25.773	104.22	65.151	80.412	219.99	23.724	7.6701e-06	0.016791
282.42	0.62351	515.77	0.0019389	9.8025	9.8558	47.782	70.788	113.19	824.29	-0.15144	0.00011440	0.10129	0.0089581	13.504	0.074052	23.755	25.791	104.21	65.253	80.594	219.91	23.662	7.6820e-06	0.016840
282.82	0.63059	515.20	0.0019410	9.8470	9.9010	47.940	70.853	113.34	821.66	-0.14833	0.00011394	0.10109	0.0089082	13.655	0.073234	23.774	25.810	104.19	65.355	80.775	219.84	23.601	7.6939e-06	0.016889
283.21	0.63768	514.64	0.0019431	9.8912	9.9458	48.096	70.918	113.49	819.04	-0.14521	0.00011348	0.10090	0.0088589	13.806	0.072434	23.792	25.828	104.18	65.457	80.956	219.76	23.541	7.7057e-06	0.016938
283.60	0.64477	514.08	0.0019452	9.9351	9.9904	48.251	70.983	113.64	816.45	-0.14210	0.00011302	0.10070	0.0088099	13.957	0.071651	23.809	25.847	104.16	65.557	81.136	219.68	23.481	7.7174e-06	0.016987
283.99	0.65185	513.53	0.0019473	9.9786	10.035	48.405	71.047	113.79	813.88	-0.13898	0.00011257	0.10051	0.0087615	14.108	0.070884	23.827	25.865	104.15	65.658	81.317	219.60	23.423	7.7291e-06	0.017036
284.37	0.65894	512.98	0.0019494	10.022	10.079	48.558	71.111	113.94	811.33	-0.13586	0.00011213	0.10032	0.0087134	14.259	0.070132	23.845	25.882	104.13	65.757	81.496	219.51	23.366	7.7407e-06	0.017084
284.76	0.66602	512.43	0.0019515	10.065	10.122	48.709	71.175	114.09	808.79	-0.13274	0.00011169	0.10013	0.0086658	14.410	0.069396	23.862	25.900	104.12	65.856	81.676	219.43	23.310	7.7522e-06	0.017132
285.13	0.67311	511.89	0.0019536	10.108	10.166	48.859	71.238	114.23	806.28	-0.12963	0.00011125	0.099948	0.0086186	14.561	0.068675	23.879	25.918	104.10	65.955	81.856	219.35	23.254	7.7637e-06	0.017181
285.51	0.68019	511.34	0.0019556	10.150	10.209	49.008	71.301	114.38	803.78	-0.12650	0.00011082	0.099763	0.0085717	14.713	0.067968	23.896	25.935	104.09	66.053	82.035	219.26	23.200	7.7751e-06	0.017228
285.88	0.68728	510.80	0.0019577	10.192	10.251	49.155	71.364	114.53	801.30	-0.12338	0.00011040	0.099581	0.0085253	14.864	0.067275	23.913	25.952	104.07	66.150	82.214	219.18	23.146	7.7865e-06	0.017276
286.25	0.69436	510.27	0.0019598	10.234	10.294	49.302	71.426	114.67	798.85	-0.12026	0.00010998	0.099400	0.0084793	15.016	0.066596	23.930	25.969	104.06	66.247	82.393	219.09	23.093	7.7978e-06	0.017324
286.62	0.70145	509.74	0.0019618	10.275	10.336	49.447	71.488	114.82	796.40	-0.11713	0.00010956	0.099220	0.0084337	15.168	0.065930	23.947	25.986	104.05	66.343	82.571	219.01	23.041	7.8091e-06	0.017371
286.99	0.70853	509.20	0.0019638	10.317	10.378	49.591	71.550	114.97	793.98	-0.11401	0.00010915	0.099042	0.0083884	15.320	0.065276	23.963	26.002	104.03	66.439	82.749	218.92	22.990	7.8203e-06	0.017418
287.35	0.71562	508.68	0.0019659	10.358	10.420	49.735	71.611	115.11	791.57	-0.11088	0.00010874	0.098866	0.0083435	15.472	0.064635	23.979	26.019	104.02	66.535	82.928	218.83	22.940	7.8314e-06	0.017465
287.71	0.72270	508.15	0.0019679	10.399	10.461	49.877	71.672	115.26	789.18	-0.10775	0.00010834	0.098691	0.0082990	15.624	0.064006	23.996	26.035	104.01	66.629	83.106	218.74	22.890	7.8426e-06	0.017512
288.06	0.72979	507.63	0.0019699	10.439	10.503	50.018	71.733	115.40	786.81	-0.10461	0.00010794	0.098517	0.0082549	15.776	0.063388	24.012	26.052	104.00	66.724	83.283	218.65	22.841	7.8536e-06	0.017559
288.42	0.73687	507.11	0.0019720	10.480	10.544	50.158	71.794	115.55	784.45	-0.10148	0.00010754	0.098346	0.0082111	15.928	0.062782	24.028	26.068	103.98	66.818	83.461	218.56	22.793	7.8646e-06	0.017605
288.77	0.74396	506.59	0.0019740	10.520	10.584	50.297	71.854	115.69	782.10	-0.098339	0.00010715	0.098175	0.0081676	16.081	0.062187	24.043	26.084	103.97	66.911	83.639	218.47	22.746	7.8756e-06	0.017652
289.12	0.75105	506.08	0.0019760	10.559	10.625	50.435	71.914	115.84	779.78	-0.095197	0.00010677	0.098006	0.0081245	16.233	0.061602	24.059	26.099	103.96	67.005	83.816	218.38	22.699	7.8865e-06	0.017698
289.47	0.75813	505.57	0.0019780	10.599	10.665	50.572	71.974	115.98	777.46	-0.092052	0.00010638	0.097839	0.0080817	16.386	0.061028	24.075	26.115	103.95	67.097	83.993	218.28	22.653	7.8974e-06	0.017744
289.81	0.76522	505.06	0.0019800	10.638	10.705	50.708	72.033	116.13	775.17	-0.088904	0.00010601	0.097672	0.0080393	16.539	0.060464	24.090	26.130	103.93	67.189	84.171	218.19	22.607	7.9082e-06	0.017790
290.15	0.77230	504.55	0.0019820	10.678	10.745	50.843	72.092	116.27	772.89	-0.085753	0.00010563	0.097508	0.0079972	16.692	0.059910	24.105	26.146	103.92	67.281	84.348	218.10	22.563	7.9190e-06	0.017836
290.49	0.77939	504.04	0.0019840	10.716	10.785	50.978	72.151	116.41	770.62	-0.082599	0.00010526	0.097344	0.0079554	16.845	0.059366	24.121	26.161	103.91	67.373	84.525	218.00	22.519	7.9298e-06	0.017881
290.83	0.78647	503.54	0.0019859	10.755	10.824	51.111	72.209	116.56	768.37	-0.079441	0.00010489	0.097182	0.0079139	16.998	0.058831	24.136	26.176	103.90	67.464	84.702	217.91	22.475	7.9405e-06	0.017927
291.17	0.79356	503.04	0.0019879	10.794	10.863	51.244	72.268	116.70	766.13	-0.076279	0.00010453	0.097021	0.0078727	17.151	0.058305	24.151	26.191	103.89	67.554	84.879	217.81	22.432	7.9512e-06	0.017972
291.50	0.80064	502.54	0.0019899	10.832	10.902	51.375	72.326	116.84	763.90	-0.073113	0.00010416	0.096861	0.0078318	17.305	0.057788	24.166	26.206	103.88	67.644	85.055	217.71	22.390	7.9618e-06	0.018018
291.83	0.80773	502.05	0.0019918	10.870	10.941	51.506	72.384	116.99	761.69	-0.069944	0.00010381	0.096703	0.0077913	17.458	0.057280	24.180	26.220	103.86	67.734	85.232	217.62	22.348	7.9724e-06	0.018063
292.16	0.81481	501.55	0.0019938	10.908	10.979	51.636	72.441	117.13	759.49	-0.066770	0.00010345	0.096546	0.0077510	17.612	0.056780	24.195	26.235	103.85	67.824	85.409	217.52	22.307	7.9829e-06	0.018108
292.48	0.82190	501.06	0.0019958	10.945	11.018	51.765	72.498	117.27	757.31	-0.063592	0.00010310	0.096390	0.0077110	17.766	0.056288	24.209	26.249	103.84	67.913	85.586	217.42	22.267	7.9935e-06	0.018153
292.81	0.82898	500.57	0.0019977	10.983	11.056	51.893	72.555	117.42	755.13	-0.060409	0.00010275	0.096235	0.0076713	17.920	0.055804	24.224	26.264	103.83	68.001	85.763	217.32	22.227	8.0039e-06	0.018198
293.13	0.83607	500.08	0.0019997	11.020	11.094	52.021	72.612	117.56	752.97	-0.057222	0.00010241	0.096081	0.0076319	18.074	0.055329	24.238	26.278	103.82	68.090	85.939	217.22	22.187	8.0144e-06	0.018243
293.45	0.84315	499.60	0.0020016	11.057	11.132	52.147	72.669	117.70	750.83	-0.054031	0.00010206	0.095929	0.0075928	18.228	0.054860	24.252	26.292	103.81	68.178	86.116	217.12	22.149	8.0248e-06	0.018287
293.77	0.85024	499.11	0.0020035	11.094	11.169	52.273	72.725	117.85	748.69	-0.050835	0.00010173	0.095777	0.0075539	18.383	0.054400	24.266	26.306	103.80	68.265	86.293	217.02	22.110	8.0352e-06	0.018332
294.09	0.85733	498.63	0.0020055	11.131	11.207	52.398	72.781	117.99	746.57	-0.047633	0.00010139	0.095627	0.0075153	18.537	0.053946	24.280	26.320	103.79	68.352	86.470	216.92	22.072	8.0456e-06	0.018376
294.40	0.86441	498.15	0.0020074	11.167	11.244	52.523	72.837	118.13	744.46	-0.044427	0.00010106	0.095478	0.0074770	18.692	0.053500	24.294	26.334	103.78	68.439	86.646	216.82	22.035	8.0559e-06	0.018421
294.72	0.87150	497.67	0.0020093	11.204	11.281	52.646	72.893	118.27	742.36	-0.041216	0.00010073	0.095330	0.0074390	18.847	0.053060	24.308	26.347	103.77	68.526	86.823	216.72	21.998	8.0662e-06	0.018465
295.03	0.87858	497.20	0.0020113	11.240	11.318	52.769	72.948	118.42	740.28	-0.037999	0.00010040	0.095183	0.0074012	19.002	0.052627	24.322	26.361	103.76	68.612	87.000	216.62	21.962	8.0764e-06	0.018509
295.34	0.88567	496.72	0.0020132	11.276	11.354	52.891	73.003	118.56	738.20	-0.034777	0.00010007	0.095037	0.0073636	19.157	0.052201	24.335	26.374	103.75	68.698	87.177	216.51	21.926	8.0867e-06	0.018553
295.64	0.89275	496.25	0.0020151	11.312	11.391	53.012	73.058	118.70	736.14	-0.031550	9.9752e-05	0.094892	0.0073263	19.312	0.051782	24.349	26.387	103.74	68.784	87.354	216.41	21.891	8.0969e-06	0.018597
295.95	0.89984	495.78	0.0020170	11.347	11.427	53.133	73.113	118.84	734.09	-0.028317	9.9433e-05	0.094748	0.0072893	19.467	0.051368	24.362	26.401	103.73	68.869	87.531	216.31	21.856	8.1070e-06	0.018641
296.25	0.90692	495.31	0.0020189	11.383	11.463	53.253	73.168	118.98	732.04	-0.025078	9.9116e-05	0.094605	0.0072525	19.623	0.050961	24.376	26.414	103.72	68.954	87.709	216.20	21.821	8.1172e-06	0.018685
296.56	0.91401	494.85	0.0020208	11.418	11.499	53.372	73.222	119.13	730.01	-0.021833	9.8802e-05	0.094464	0.0072160	19.779	0.050560	24.389	26.427	103.71	69.038	87.886	216.10	21.787	8.1273e-06	0.018728
296.86	0.92109	494.38	0.0020227	11.453	11.535	53.491	73.276	119.27	727.99	-0.018582	9.8491e-05	0.094323	0.0071797	19.934	0.050164	24.402	26.439	103.70	69.123	88.063	215.99	21.754	8.1374e-06	0.018772
297.15	0.92818	493.92	0.0020246	11.488	11.571	53.609	73.330	119.41	725.98	-0.015326	9.8182e-05	0.094183	0.0071436	20.091	0.049775	24.415	26.452	103.69	69.207	88.241	215.89	21.720	8.1475e-06	0.018816
297.45	0.93526	493.45	0.0020265	11.523	11.606	53.726	73.384	119.55	723.99	-0.012063	9.7875e-05	0.094044	0.0071077	20.247	0.049391	24.428	26.465	103.68	69.291	88.418	215.78	21.688	8.1575e-06	0.018859
297.75	0.94235	492.99	0.0020284	11.557	11.642	53.843	73.438	119.70	722.00	-0.0087934	9.7571e-05	0.093906	0.0070721	20.403	0.049012	24.441	26.477	103.67	69.374	88.596	215.67	21.655	8.1676e-06	0.018902
298.04	0.94943	492.53	0.0020303	11.592	11.677	53.959	73.491	119.84	720.02	-0.0055177	9.7269e-05	0.093768	0.0070367	20.560	0.048639	24.454	26.490	103.66	69.457	88.774	215.57	21.623	8.1776e-06	0.018946
298.33	0.95652	492.08	0.0020322	11.626	11.712	54.074	73.544	119.98	718.05	-0.0022354	9.6970e-05	0.093632	0.0070016	20.716	0.048271	24.466	26.502	103.65	69.540	88.952	215.46	21.592	8.1875e-06	0.018989
298.62	0.96361	491.62	0.0020341	11.660	11.747	54.189	73.597	120.12	716.09	0.0010536	9.6672e-05	0.093497	0.0069666	20.873	0.047909	24.479	26.514	103.64	69.623	89.130	215.35	21.561	8.1975e-06	0.019032
298.91	0.97069	491.17	0.0020360	11.694	11.782	54.303	73.650	120.26	714.14	0.0043493	9.6378e-05	0.093362	0.0069319	21.030	0.047551	24.491	26.527	103.63	69.705	89.308	215.24	21.530	8.2074e-06	0.019075
299.20	0.97778	490.71	0.0020379	11.728	11.816	54.417	73.703	120.41	712.20	0.0076519	9.6085e-05	0.093229	0.0068974	21.187	0.047198	24.504	26.539	103.62	69.787	89.487	215.13	21.500	8.2173e-06	0.019118
299.49	0.98486	490.26	0.0020397	11.762	11.851	54.530	73.755	120.55	710.27	0.010962	9.5795e-05	0.093096	0.0068631	21.344	0.046851	24.516	26.551	103.61	69.869	89.665	215.02	21.470	8.2272e-06	0.019161
299.77	0.99195	489.81	0.0020416	11.796	11.885	54.642	73.808	120.69	708.35	0.014278	9.5506e-05	0.092964	0.0068290	21.502	0.046507	24.528	26.563	103.60	69.950	89.844	214.91	21.440	8.2371e-06	0.019204
300.05	0.99903	489.36	0.0020435	11.829	11.919	54.754	73.860	120.83	706.44	0.017602	9.5220e-05	0.092833	0.0067952	21.660	0.046169	24.541	26.574	103.60	70.032	90.023	214.80	21.411	8.2470e-06	0.019247
300.34	1.0061	488.91	0.0020453	11.862	11.953	54.865	73.912	120.97	704.54	0.020933	9.4936e-05	0.092703	0.0067615	21.817	0.045835	24.553	26.586	103.59	70.113	90.202	214.69	21.382	8.2568e-06	0.019290
300.62	1.0132	488.47	0.0020472	11.896	11.987	54.976	73.963	121.12	702.65	0.024272	9.4654e-05	0.092573	0.0067280	21.975	0.045505	24.565	26.598	103.58	70.193	90.381	214.58	21.353	8.2666e-06	0.019333
300.89	1.0203	488.02	0.0020491	11.929	12.021	55.086	74.015	121.26	700.76	0.027618	9.4374e-05	0.092445	0.0066947	22.134	0.045180	24.577	26.609	103.57	70.274	90.561	214.47	21.325	8.2764e-06	0.019375
301.17	1.0274	487.58	0.0020509	11.961	12.054	55.195	74.066	121.40	698.89	0.030972	9.4096e-05	0.092317	0.0066617	22.292	0.044859	24.588	26.621	103.56	70.354	90.741	214.36	21.297	8.2862e-06	0.019418
301.45	1.0345	487.14	0.0020528	11.994	12.088	55.304	74.118	121.54	697.02	0.034334	9.3820e-05	0.092190	0.0066288	22.450	0.044543	24.600	26.632	103.55	70.434	90.921	214.25	21.270	8.2959e-06	0.019460
301.72	1.0415	486.70	0.0020547	12.027	12.121	55.413	74.169	121.69	695.16	0.037703	9.3546e-05	0.092064	0.0065961	22.609	0.044230	24.612	26.643	103.54	70.514	91.101	214.13	21.242	8.3057e-06	0.019503
301.99	1.0486	486.26	0.0020565	12.059	12.154	55.521	74.220	121.83	693.31	0.041081	9.3274e-05	0.091938	0.0065636	22.768	0.043921	24.624	26.655	103.54	70.594	91.281	214.02	21.215	8.3154e-06	0.019545
302.27	1.0557	485.82	0.0020584	12.092	12.187	55.628	74.270	121.97	691.47	0.044467	9.3004e-05	0.091814	0.0065313	22.927	0.043617	24.635	26.666	103.53	70.673	91.462	213.91	21.189	8.3251e-06	0.019588
302.54	1.0628	485.38	0.0020602	12.124	12.220	55.735	74.321	122.11	689.64	0.047860	9.2736e-05	0.091690	0.0064992	23.086	0.043316	24.647	26.677	103.52	70.752	91.643	213.79	21.163	8.3348e-06	0.019630
302.81	1.0699	484.95	0.0020621	12.156	12.253	55.841	74.371	122.26	687.81	0.051262	9.2469e-05	0.091566	0.0064673	23.246	0.043019	24.658	26.688	103.51	70.831	91.824	213.68	21.137	8.3445e-06	0.019673
303.07	1.0770	484.51	0.0020639	12.188	12.286	55.947	74.422	122.40	686.00	0.054673	9.2205e-05	0.091444	0.0064355	23.405	0.042726	24.669	26.698	103.50	70.909	92.005	213.57	21.111	8.3542e-06	0.019715
303.34	1.0841	484.08	0.0020658	12.220	12.319	56.052	74.472	122.54	684.19	0.058092	9.1942e-05	0.091322	0.0064040	23.565	0.042436	24.681	26.709	103.49	70.988	92.187	213.45	21.086	8.3638e-06	0.019757
303.61	1.0911	483.65	0.0020676	12.252	12.351	56.157	74.522	122.69	682.39	0.061520	9.1681e-05	0.091201	0.0063726	23.725	0.042150	24.692	26.720	103.48	71.066	92.369	213.34	21.061	8.3735e-06	0.019799
303.87	1.0982	483.22	0.0020695	12.283	12.383	56.262	74.572	122.83	680.59	0.064956	9.1421e-05	0.091080	0.0063413	23.885	0.041867	24.703	26.731	103.48	71.144	92.551	213.22	21.036	8.3831e-06	0.019841
304.13	1.1053	482.79	0.0020713	12.315	12.416	56.366	74.621	122.97	678.81	0.068401	9.1164e-05	0.090961	0.0063103	24.045	0.041588	24.714	26.741	103.47	71.222	92.733	213.10	21.011	8.3927e-06	0.019884
304.39	1.1124	482.36	0.0020731	12.346	12.448	56.469	74.671	123.12	677.03	0.071856	9.0908e-05	0.090842	0.0062794	24.206	0.041313	24.725	26.752	103.46	71.299	92.916	212.99	20.987	8.4023e-06	0.019926
304.65	1.1195	481.93	0.0020750	12.377	12.480	56.572	74.720	123.26	675.26	0.075319	9.0653e-05	0.090723	0.0062487	24.366	0.041040	24.736	26.762	103.45	71.377	93.099	212.87	20.963	8.4119e-06	0.019968
304.91	1.1266	481.51	0.0020768	12.408	12.512	56.674	74.769	123.40	673.49	0.078791	9.0401e-05	0.090606	0.0062182	24.527	0.040771	24.747	26.772	103.44	71.454	93.283	212.75	20.940	8.4215e-06	0.020010
305.17	1.1337	481.08	0.0020786	12.440	12.543	56.776	74.819	123.55	671.74	0.082273	9.0150e-05	0.090489	0.0061878	24.688	0.040505	24.758	26.782	103.44	71.531	93.466	212.64	20.916	8.4310e-06	0.020052
305.43	1.1407	480.66	0.0020805	12.470	12.575	56.878	74.868	123.69	669.99	0.085764	8.9900e-05	0.090372	0.0061576	24.850	0.040242	24.768	26.793	103.43	71.607	93.650	212.52	20.893	8.4406e-06	0.020094
305.68	1.1478	480.23	0.0020823	12.501	12.607	56.979	74.916	123.83	668.25	0.089264	8.9653e-05	0.090257	0.0061276	25.011	0.039982	24.779	26.803	103.42	71.684	93.835	212.40	20.870	8.4501e-06	0.020136
305.94	1.1549	479.81	0.0020841	12.532	12.638	57.080	74.965	123.98	666.51	0.092774	8.9406e-05	0.090141	0.0060977	25.173	0.039726	24.790	26.813	103.41	71.760	94.019	212.28	20.848	8.4597e-06	0.020178
306.19	1.1620	479.39	0.0020860	12.563	12.669	57.180	75.014	124.12	664.78	0.096294	8.9162e-05	0.090027	0.0060680	25.335	0.039472	24.800	26.823	103.40	71.836	94.204	212.17	20.825	8.4692e-06	0.020219
306.44	1.1691	478.97	0.0020878	12.593	12.701	57.280	75.062	124.27	663.06	0.099824	8.8919e-05	0.089913	0.0060385	25.497	0.039221	24.811	26.833	103.40	71.912	94.389	212.05	20.803	8.4787e-06	0.020261
306.69	1.1762	478.55	0.0020896	12.623	12.732	57.379	75.110	124.41	661.35	0.10336	8.8677e-05	0.089800	0.0060091	25.659	0.038973	24.821	26.842	103.39	71.988	94.575	211.93	20.781	8.4882e-06	0.020303
306.94	1.1833	478.13	0.0020915	12.654	12.763	57.478	75.159	124.56	659.64	0.10691	8.8437e-05	0.089687	0.0059798	25.821	0.038728	24.831	26.852	103.38	72.064	94.761	211.81	20.760	8.4977e-06	0.020345
307.19	1.1903	477.72	0.0020933	12.684	12.794	57.577	75.207	124.70	657.94	0.11047	8.8198e-05	0.089575	0.0059507	25.984	0.038485	24.842	26.862	103.37	72.139	94.947	211.69	20.738	8.5072e-06	0.020387
307.44	1.1974	477.30	0.0020951	12.714	12.825	57.675	75.254	124.85	656.25	0.11404	8.7961e-05	0.089464	0.0059218	26.147	0.038246	24.852	26.871	103.36	72.214	95.134	211.57	20.717	8.5167e-06	0.020428
307.69	1.2045	476.89	0.0020969	12.744	12.855	57.773	75.302	124.99	654.56	0.11762	8.7725e-05	0.089353	0.0058930	26.310	0.038009	24.862	26.881	103.36	72.289	95.321	211.45	20.696	8.5261e-06	0.020470
307.93	1.2116	476.47	0.0020988	12.774	12.886	57.870	75.350	125.14	652.88	0.12121	8.7490e-05	0.089243	0.0058644	26.473	0.037774	24.872	26.890	103.35	72.364	95.509	211.33	20.676	8.5356e-06	0.020512
308.18	1.2187	476.06	0.0021006	12.803	12.916	57.967	75.397	125.28	651.20	0.12481	8.7257e-05	0.089133	0.0058359	26.636	0.037543	24.882	26.900	103.34	72.439	95.697	211.21	20.655	8.5451e-06	0.020554
308.42	1.2258	475.65	0.0021024	12.833	12.947	58.063	75.445	125.43	649.53	0.12843	8.7026e-05	0.089024	0.0058075	26.800	0.037313	24.892	26.909	103.33	72.513	95.885	211.09	20.635	8.5545e-06	0.020595
308.66	1.2328	475.23	0.0021042	12.863	12.977	58.160	75.492	125.58	647.87	0.13205	8.6795e-05	0.088915	0.0057793	26.964	0.037087	24.902	26.918	103.33	72.588	96.074	210.97	20.615	8.5639e-06	0.020637
308.90	1.2399	474.82	0.0021060	12.892	13.007	58.255	75.539	125.72	646.22	0.13568	8.6566e-05	0.088807	0.0057513	27.128	0.036862	24.912	26.927	103.32	72.662	96.263	210.84	20.596	8.5734e-06	0.020679
309.15	1.2470	474.41	0.0021079	12.922	13.037	58.351	75.586	125.87	644.57	0.13933	8.6339e-05	0.088700	0.0057234	27.292	0.036640	24.922	26.937	103.31	72.736	96.452	210.72	20.576	8.5828e-06	0.020720
309.38	1.2541	474.01	0.0021097	12.951	13.067	58.446	75.633	126.02	642.92	0.14298	8.6112e-05	0.088593	0.0056956	27.457	0.036421	24.931	26.946	103.30	72.809	96.642	210.60	20.557	8.5922e-06	0.020762
309.62	1.2612	473.60	0.0021115	12.980	13.097	58.540	75.680	126.16	641.28	0.14665	8.5887e-05	0.088487	0.0056679	27.621	0.036204	24.941	26.955	103.30	72.883	96.832	210.48	20.538	8.6017e-06	0.020803
309.86	1.2683	473.19	0.0021133	13.009	13.127	58.635	75.727	126.31	639.65	0.15033	8.5664e-05	0.088381	0.0056404	27.786	0.035989	24.951	26.963	103.29	72.957	97.023	210.36	20.519	8.6111e-06	0.020845
310.10	1.2754	472.78	0.0021151	13.038	13.157	58.728	75.774	126.46	638.03	0.15402	8.5441e-05	0.088276	0.0056131	27.952	0.035776	24.960	26.972	103.28	73.030	97.214	210.23	20.500	8.6205e-06	0.020887
310.33	1.2824	472.38	0.0021169	13.067	13.187	58.822	75.820	126.61	636.40	0.15772	8.5220e-05	0.088171	0.0055858	28.117	0.035566	24.970	26.981	103.27	73.103	97.406	210.11	20.482	8.6299e-06	0.020928
310.57	1.2895	471.97	0.0021188	13.096	13.216	58.915	75.866	126.75	634.79	0.16143	8.5000e-05	0.088067	0.0055588	28.282	0.035358	24.979	26.990	103.26	73.176	97.598	209.99	20.463	8.6393e-06	0.020970
310.80	1.2966	471.57	0.0021206	13.125	13.246	59.008	75.913	126.90	633.18	0.16515	8.4781e-05	0.087963	0.0055318	28.448	0.035152	24.989	26.999	103.26	73.249	97.791	209.86	20.445	8.6487e-06	0.021011
311.03	1.3037	471.17	0.0021224	13.153	13.275	59.100	75.959	127.05	631.58	0.16889	8.4563e-05	0.087860	0.0055050	28.614	0.034948	24.998	27.007	103.25	73.322	97.984	209.74	20.427	8.6581e-06	0.021053
311.27	1.3108	470.76	0.0021242	13.182	13.304	59.192	76.005	127.20	629.98	0.17264	8.4347e-05	0.087757	0.0054783	28.780	0.034746	25.007	27.016	103.24	73.394	98.177	209.61	20.410	8.6674e-06	0.021094
311.50	1.3179	470.36	0.0021260	13.210	13.334	59.284	76.051	127.35	628.39	0.17640	8.4132e-05	0.087655	0.0054517	28.947	0.034546	25.017	27.024	103.23	73.467	98.371	209.49	20.392	8.6768e-06	0.021136
311.73	1.3250	469.96	0.0021278	13.239	13.363	59.376	76.097	127.50	626.80	0.18017	8.3918e-05	0.087553	0.0054252	29.114	0.034348	25.026	27.033	103.23	73.539	98.566	209.36	20.375	8.6862e-06	0.021178
311.96	1.3320	469.56	0.0021297	13.267	13.392	59.467	76.143	127.65	625.22	0.18396	8.3705e-05	0.087451	0.0053989	29.280	0.034152	25.035	27.041	103.22	73.611	98.761	209.24	20.358	8.6956e-06	0.021219
312.18	1.3391	469.16	0.0021315	13.295	13.421	59.557	76.188	127.80	623.64	0.18775	8.3493e-05	0.087351	0.0053727	29.448	0.033959	25.044	27.049	103.21	73.683	98.956	209.11	20.341	8.7050e-06	0.021261
312.41	1.3462	468.76	0.0021333	13.323	13.450	59.648	76.234	127.95	622.07	0.19156	8.3282e-05	0.087250	0.0053467	29.615	0.033767	25.053	27.058	103.20	73.755	99.152	208.99	20.324	8.7143e-06	0.021302
312.64	1.3533	468.36	0.0021351	13.351	13.479	59.738	76.279	128.10	620.51	0.19539	8.3073e-05	0.087150	0.0053207	29.783	0.033577	25.062	27.066	103.20	73.827	99.349	208.86	20.307	8.7237e-06	0.021344
312.86	1.3604	467.97	0.0021369	13.379	13.507	59.828	76.325	128.25	618.95	0.19922	8.2864e-05	0.087051	0.0052949	29.950	0.033389	25.071	27.074	103.19	73.898	99.546	208.74	20.291	8.7331e-06	0.021385
313.09	1.3675	467.57	0.0021387	13.407	13.536	59.917	76.370	128.40	617.39	0.20307	8.2657e-05	0.086952	0.0052692	30.118	0.033202	25.080	27.082	103.18	73.970	99.743	208.61	20.275	8.7425e-06	0.021427
313.31	1.3746	467.17	0.0021405	13.435	13.565	60.006	76.415	128.55	615.84	0.20693	8.2450e-05	0.086854	0.0052436	30.287	0.033018	25.089	27.090	103.18	74.041	99.942	208.48	20.259	8.7518e-06	0.021468
313.54	1.3816	466.78	0.0021423	13.463	13.593	60.095	76.460	128.70	614.29	0.21081	8.2245e-05	0.086756	0.0052181	30.455	0.032835	25.097	27.098	103.17	74.112	100.14	208.36	20.243	8.7612e-06	0.021510
313.76	1.3887	466.38	0.0021442	13.490	13.622	60.183	76.505	128.85	612.75	0.21469	8.2041e-05	0.086658	0.0051928	30.624	0.032654	25.106	27.106	103.16	74.183	100.34	208.23	20.227	8.7706e-06	0.021552
313.98	1.3958	465.99	0.0021460	13.518	13.650	60.272	76.550	129.00	611.22	0.21859	8.1838e-05	0.086561	0.0051676	30.793	0.032475	25.115	27.114	103.15	74.254	100.54	208.10	20.212	8.7799e-06	0.021593
314.20	1.4029	465.60	0.0021478	13.545	13.678	60.359	76.595	129.16	609.69	0.22251	8.1635e-05	0.086464	0.0051425	30.962	0.032298	25.123	27.121	103.15	74.325	100.74	207.97	20.196	8.7893e-06	0.021635
314.42	1.4100	465.20	0.0021496	13.573	13.706	60.447	76.640	129.31	608.16	0.22644	8.1434e-05	0.086368	0.0051175	31.132	0.032122	25.132	27.129	103.14	74.396	100.94	207.85	20.181	8.7987e-06	0.021676
314.64	1.4171	464.81	0.0021514	13.600	13.734	60.534	76.684	129.46	606.64	0.23038	8.1234e-05	0.086272	0.0050926	31.301	0.031948	25.141	27.137	103.13	74.466	101.14	207.72	20.166	8.8080e-06	0.021718
314.86	1.4242	464.42	0.0021532	13.627	13.762	60.621	76.729	129.62	605.12	0.23433	8.1035e-05	0.086177	0.0050678	31.471	0.031775	25.149	27.144	103.12	74.536	101.34	207.59	20.151	8.8174e-06	0.021760
315.07	1.4312	464.03	0.0021550	13.654	13.790	60.708	76.773	129.77	603.61	0.23830	8.0837e-05	0.086082	0.0050431	31.641	0.031604	25.157	27.152	103.12	74.607	101.55	207.46	20.136	8.8268e-06	0.021801
315.29	1.4383	463.64	0.0021569	13.682	13.818	60.794	76.818	129.92	602.11	0.24229	8.0640e-05	0.085987	0.0050186	31.812	0.031435	25.166	27.160	103.11	74.677	101.75	207.33	20.122	8.8361e-06	0.021843
315.51	1.4454	463.25	0.0021587	13.709	13.846	60.880	76.862	130.08	600.60	0.24629	8.0443e-05	0.085893	0.0049942	31.983	0.031267	25.174	27.167	103.10	74.747	101.95	207.20	20.107	8.8455e-06	0.021885
315.72	1.4525	462.86	0.0021605	13.736	13.874	60.966	76.906	130.23	599.11	0.25030	8.0248e-05	0.085799	0.0049698	32.153	0.031101	25.182	27.174	103.09	74.817	102.16	207.07	20.093	8.8549e-06	0.021926
315.94	1.4596	462.47	0.0021623	13.762	13.902	61.052	76.950	130.39	597.61	0.25432	8.0054e-05	0.085706	0.0049456	32.325	0.030936	25.191	27.182	103.09	74.887	102.36	206.94	20.079	8.8643e-06	0.021968
316.15	1.4667	462.08	0.0021641	13.789	13.929	61.137	76.994	130.54	596.12	0.25837	7.9860e-05	0.085613	0.0049215	32.496	0.030773	25.199	27.189	103.08	74.956	102.57	206.81	20.065	8.8736e-06	0.022010
316.36	1.4737	461.70	0.0021659	13.816	13.957	61.222	77.038	130.70	594.64	0.26242	7.9668e-05	0.085520	0.0048975	32.668	0.030611	25.207	27.196	103.07	75.026	102.78	206.68	20.051	8.8830e-06	0.022051
316.57	1.4808	461.31	0.0021677	13.843	13.984	61.307	77.082	130.86	593.16	0.26649	7.9476e-05	0.085428	0.0048736	32.840	0.030451	25.215	27.204	103.06	75.095	102.98	206.55	20.037	8.8924e-06	0.022093
316.78	1.4879	460.92	0.0021696	13.869	14.012	61.391	77.126	131.01	591.68	0.27058	7.9286e-05	0.085336	0.0048498	33.012	0.030292	25.223	27.211	103.06	75.165	103.19	206.42	20.024	8.9018e-06	0.022135
317.00	1.4950	460.54	0.0021714	13.896	14.039	61.475	77.169	131.17	590.21	0.27468	7.9096e-05	0.085245	0.0048261	33.184	0.030135	25.231	27.218	103.05	75.234	103.40	206.29	20.010	8.9112e-06	0.022177
317.21	1.5021	460.15	0.0021732	13.922	14.066	61.559	77.213	131.33	588.75	0.27879	7.8907e-05	0.085154	0.0048025	33.357	0.029979	25.239	27.225	103.04	75.303	103.61	206.16	19.997	8.9205e-06	0.022218
317.41	1.5092	459.77	0.0021750	13.949	14.094	61.643	77.257	131.48	587.28	0.28293	7.8719e-05	0.085063	0.0047791	33.530	0.029824	25.247	27.232	103.03	75.372	103.82	206.03	19.984	8.9299e-06	0.022260
317.62	1.5163	459.38	0.0021768	13.975	14.121	61.726	77.300	131.64	585.82	0.28707	7.8532e-05	0.084973	0.0047557	33.703	0.029671	25.255	27.239	103.03	75.441	104.03	205.90	19.971	8.9393e-06	0.022302
317.83	1.5233	459.00	0.0021787	14.001	14.148	61.809	77.344	131.80	584.37	0.29123	7.8345e-05	0.084883	0.0047324	33.877	0.029519	25.263	27.246	103.02	75.510	104.24	205.77	19.958	8.9487e-06	0.022344
318.04	1.5304	458.61	0.0021805	14.028	14.175	61.892	77.387	131.96	582.92	0.29541	7.8160e-05	0.084794	0.0047092	34.050	0.029368	25.271	27.253	103.01	75.579	104.45	205.64	19.946	8.9581e-06	0.022386
318.24	1.5375	458.23	0.0021823	14.054	14.202	61.975	77.430	132.12	581.47	0.29961	7.7975e-05	0.084705	0.0046861	34.224	0.029219	25.278	27.259	103.00	75.647	104.66	205.51	19.933	8.9676e-06	0.022428
318.45	1.5446	457.85	0.0021841	14.080	14.229	62.057	77.473	132.28	580.03	0.30382	7.7791e-05	0.084616	0.0046631	34.399	0.029071	25.286	27.266	103.00	75.716	104.88	205.37	19.921	8.9770e-06	0.022470
318.65	1.5517	457.47	0.0021859	14.106	14.255	62.139	77.516	132.44	578.59	0.30804	7.7608e-05	0.084528	0.0046403	34.573	0.028924	25.294	27.273	102.99	75.784	105.09	205.24	19.908	8.9864e-06	0.022512
318.86	1.5588	457.09	0.0021878	14.132	14.282	62.221	77.559	132.60	577.16	0.31228	7.7426e-05	0.084439	0.0046175	34.748	0.028779	25.301	27.279	102.98	75.852	105.30	205.11	19.896	8.9958e-06	0.022554
319.06	1.5659	456.70	0.0021896	14.158	14.309	62.302	77.602	132.76	575.73	0.31654	7.7245e-05	0.084352	0.0045948	34.923	0.028634	25.309	27.286	102.98	75.921	105.52	204.98	19.884	9.0052e-06	0.022596
319.26	1.5729	456.32	0.0021914	14.184	14.336	62.384	77.645	132.92	574.30	0.32082	7.7064e-05	0.084264	0.0045722	35.098	0.028491	25.316	27.293	102.97	75.989	105.74	204.84	19.872	9.0147e-06	0.022638
319.47	1.5800	455.94	0.0021933	14.209	14.362	62.465	77.688	133.09	572.88	0.32511	7.6884e-05	0.084177	0.0045497	35.274	0.028350	25.324	27.299	102.96	76.057	105.95	204.71	19.860	9.0241e-06	0.022680
319.67	1.5871	455.56	0.0021951	14.235	14.389	62.546	77.731	133.25	571.46	0.32942	7.6705e-05	0.084091	0.0045273	35.450	0.028209	25.331	27.305	102.95	76.125	106.17	204.58	19.849	9.0336e-06	0.022722
319.87	1.5942	455.19	0.0021969	14.261	14.415	62.626	77.774	133.41	570.05	0.33375	7.6527e-05	0.084004	0.0045050	35.626	0.028069	25.339	27.312	102.95	76.192	106.39	204.44	19.837	9.0430e-06	0.022764
320.07	1.6013	454.81	0.0021987	14.286	14.441	62.707	77.816	133.57	568.63	0.33809	7.6350e-05	0.083918	0.0044827	35.802	0.027931	25.346	27.318	102.94	76.260	106.61	204.31	19.826	9.0525e-06	0.022807
320.27	1.6084	454.43	0.0022006	14.312	14.468	62.787	77.859	133.74	567.23	0.34245	7.6173e-05	0.083833	0.0044606	35.979	0.027794	25.353	27.325	102.93	76.328	106.83	204.17	19.814	9.0619e-06	0.022849
320.47	1.6155	454.05	0.0022024	14.337	14.494	62.867	77.901	133.90	565.82	0.34683	7.5997e-05	0.083747	0.0044386	36.156	0.027658	25.361	27.331	102.92	76.395	107.05	204.04	19.803	9.0714e-06	0.022891
320.67	1.6225	453.67	0.0022042	14.363	14.520	62.946	77.944	134.07	564.42	0.35122	7.5822e-05	0.083662	0.0044166	36.333	0.027523	25.368	27.337	102.92	76.463	107.27	203.91	19.792	9.0809e-06	0.022933
320.86	1.6296	453.30	0.0022061	14.388	14.547	63.026	77.986	134.23	563.03	0.35563	7.5647e-05	0.083578	0.0043948	36.511	0.027389	25.375	27.343	102.91	76.530	107.49	203.77	19.781	9.0903e-06	0.022976
321.06	1.6367	452.92	0.0022079	14.413	14.573	63.105	78.029	134.40	561.63	0.36006	7.5473e-05	0.083493	0.0043730	36.689	0.027256	25.382	27.349	102.90	76.597	107.71	203.64	19.771	9.0998e-06	0.023018
321.26	1.6438	452.54	0.0022097	14.439	14.599	63.184	78.071	134.56	560.24	0.36451	7.5300e-05	0.083409	0.0043513	36.867	0.027125	25.389	27.355	102.89	76.664	107.94	203.50	19.760	9.1093e-06	0.023061
321.45	1.6509	452.17	0.0022116	14.464	14.625	63.263	78.113	134.73	558.86	0.36898	7.5128e-05	0.083326	0.0043298	37.045	0.026994	25.396	27.361	102.88	76.731	108.16	203.37	19.749	9.1188e-06	0.023103
321.65	1.6580	451.79	0.0022134	14.489	14.651	63.341	78.155	134.90	557.48	0.37346	7.4956e-05	0.083242	0.0043083	37.224	0.026864	25.403	27.367	102.88	76.798	108.39	203.23	19.739	9.1284e-06	0.023145
321.84	1.6651	451.42	0.0022153	14.514	14.677	63.420	78.197	135.07	556.10	0.37797	7.4786e-05	0.083159	0.0042868	37.403	0.026736	25.410	27.373	102.87	76.865	108.62	203.09	19.728	9.1379e-06	0.023188
322.04	1.6721	451.04	0.0022171	14.539	14.702	63.498	78.239	135.24	554.72	0.38249	7.4615e-05	0.083077	0.0042655	37.582	0.026608	25.417	27.379	102.86	76.932	108.84	202.96	19.718	9.1474e-06	0.023231
322.23	1.6792	450.67	0.0022189	14.564	14.728	63.576	78.281	135.40	553.35	0.38703	7.4446e-05	0.082994	0.0042443	37.762	0.026482	25.424	27.385	102.85	76.999	109.07	202.82	19.708	9.1569e-06	0.023273
322.42	1.6863	450.29	0.0022208	14.589	14.754	63.653	78.323	135.57	551.98	0.39159	7.4277e-05	0.082912	0.0042231	37.942	0.026356	25.431	27.391	102.85	77.065	109.30	202.69	19.698	9.1665e-06	0.023316
322.61	1.6934	449.92	0.0022226	14.614	14.780	63.731	78.365	135.74	550.62	0.39617	7.4109e-05	0.082830	0.0042021	38.122	0.026232	25.438	27.397	102.84	77.132	109.53	202.55	19.688	9.1760e-06	0.023359
322.80	1.7005	449.54	0.0022245	14.638	14.805	63.808	78.407	135.91	549.25	0.40076	7.3941e-05	0.082749	0.0041811	38.302	0.026108	25.445	27.402	102.83	77.198	109.76	202.41	19.678	9.1856e-06	0.023401
323.00	1.7076	449.17	0.0022263	14.663	14.831	63.885	78.449	136.09	547.90	0.40538	7.3774e-05	0.082667	0.0041602	38.483	0.025985	25.451	27.408	102.82	77.265	109.99	202.28	19.669	9.1952e-06	0.023444
323.19	1.7147	448.80	0.0022282	14.688	14.856	63.962	78.491	136.26	546.54	0.41002	7.3608e-05	0.082586	0.0041393	38.664	0.025864	25.458	27.414	102.82	77.331	110.23	202.14	19.659	9.2048e-06	0.023487
323.38	1.7217	448.42	0.0022300	14.712	14.882	64.039	78.532	136.43	545.19	0.41467	7.3443e-05	0.082506	0.0041186	38.846	0.025743	25.465	27.419	102.81	77.397	110.46	202.00	19.650	9.2144e-06	0.023530
323.57	1.7288	448.05	0.0022319	14.737	14.907	64.115	78.574	136.60	543.84	0.41935	7.3278e-05	0.082425	0.0040980	39.027	0.025623	25.471	27.425	102.80	77.463	110.69	201.86	19.640	9.2240e-06	0.023573
323.75	1.7359	447.68	0.0022337	14.762	14.933	64.191	78.615	136.78	542.49	0.42404	7.3113e-05	0.082345	0.0040774	39.209	0.025504	25.478	27.430	102.79	77.529	110.93	201.73	19.631	9.2336e-06	0.023616
323.94	1.7430	447.31	0.0022356	14.786	14.958	64.267	78.657	136.95	541.15	0.42876	7.2950e-05	0.082265	0.0040569	39.392	0.025386	25.484	27.436	102.79	77.595	111.17	201.59	19.622	9.2432e-06	0.023659
324.13	1.7501	446.94	0.0022375	14.811	14.983	64.343	78.698	137.12	539.81	0.43350	7.2787e-05	0.082186	0.0040365	39.574	0.025269	25.491	27.441	102.78	77.661	111.40	201.45	19.613	9.2528e-06	0.023702
324.32	1.7572	446.57	0.0022393	14.835	15.008	64.419	78.740	137.30	538.48	0.43825	7.2624e-05	0.082107	0.0040161	39.757	0.025153	25.497	27.446	102.77	77.727	111.64	201.31	19.604	9.2625e-06	0.023745
324.50	1.7642	446.19	0.0022412	14.859	15.034	64.494	78.781	137.48	537.14	0.44303	7.2462e-05	0.082028	0.0039959	39.940	0.025037	25.504	27.452	102.76	77.792	111.88	201.17	19.595	9.2721e-06	0.023789
324.69	1.7713	445.82	0.0022430	14.884	15.059	64.569	78.822	137.65	535.81	0.44783	7.2301e-05	0.081949	0.0039757	40.124	0.024923	25.510	27.457	102.75	77.858	112.12	201.04	19.586	9.2818e-06	0.023832
324.87	1.7784	445.45	0.0022449	14.908	15.084	64.645	78.864	137.83	534.49	0.45265	7.2141e-05	0.081871	0.0039556	40.308	0.024809	25.517	27.462	102.75	77.923	112.36	200.90	19.578	9.2915e-06	0.023875
325.06	1.7855	445.08	0.0022468	14.932	15.109	64.719	78.905	138.01	533.16	0.45749	7.1981e-05	0.081792	0.0039356	40.492	0.024696	25.523	27.467	102.74	77.989	112.60	200.76	19.569	9.3011e-06	0.023919
325.24	1.7926	444.71	0.0022486	14.956	15.134	64.794	78.946	138.18	531.84	0.46235	7.1821e-05	0.081715	0.0039157	40.677	0.024584	25.529	27.472	102.73	78.054	112.85	200.62	19.561	9.3108e-06	0.023962
325.43	1.7997	444.34	0.0022505	14.980	15.159	64.869	78.987	138.36	530.52	0.46723	7.1663e-05	0.081637	0.0038958	40.861	0.024473	25.535	27.478	102.72	78.119	113.09	200.48	19.552	9.3206e-06	0.024006
325.61	1.8068	443.97	0.0022524	15.004	15.184	64.943	79.028	138.54	529.21	0.47214	7.1504e-05	0.081560	0.0038760	41.046	0.024363	25.542	27.483	102.71	78.184	113.34	200.34	19.544	9.3303e-06	0.024049
325.79	1.8138	443.61	0.0022543	15.028	15.209	65.017	79.069	138.72	527.90	0.47706	7.1347e-05	0.081483	0.0038563	41.232	0.024253	25.548	27.488	102.71	78.249	113.58	200.20	19.536	9.3400e-06	0.024093
325.97	1.8209	443.24	0.0022561	15.052	15.233	65.091	79.110	138.90	526.59	0.48201	7.1190e-05	0.081406	0.0038367	41.418	0.024144	25.554	27.493	102.70	78.314	113.83	200.06	19.528	9.3498e-06	0.024136
326.16	1.8280	442.87	0.0022580	15.076	15.258	65.165	79.151	139.09	525.28	0.48698	7.1033e-05	0.081329	0.0038171	41.604	0.024036	25.560	27.497	102.69	78.379	114.08	199.92	19.520	9.3595e-06	0.024180
326.34	1.8351	442.50	0.0022599	15.100	15.283	65.238	79.192	139.27	523.98	0.49197	7.0877e-05	0.081253	0.0037976	41.790	0.023929	25.566	27.502	102.68	78.444	114.33	199.78	19.512	9.3693e-06	0.024224
326.52	1.8422	442.13	0.0022618	15.124	15.307	65.312	79.233	139.45	522.68	0.49699	7.0722e-05	0.081177	0.0037782	41.977	0.023822	25.572	27.507	102.68	78.509	114.58	199.64	19.504	9.3791e-06	0.024268
326.70	1.8493	441.76	0.0022637	15.148	15.332	65.385	79.274	139.64	521.38	0.50203	7.0567e-05	0.081101	0.0037588	42.164	0.023717	25.578	27.512	102.67	78.573	114.83	199.50	19.497	9.3889e-06	0.024312
326.88	1.8564	441.40	0.0022655	15.171	15.357	65.458	79.315	139.82	520.08	0.50709	7.0412e-05	0.081025	0.0037396	42.352	0.023612	25.584	27.517	102.66	78.638	115.09	199.36	19.489	9.3987e-06	0.024356
327.06	1.8634	441.03	0.0022674	15.195	15.381	65.531	79.356	140.01	518.79	0.51217	7.0259e-05	0.080950	0.0037204	42.540	0.023508	25.590	27.522	102.65	78.702	115.34	199.22	19.482	9.4085e-06	0.024400
327.23	1.8705	440.66	0.0022693	15.219	15.406	65.604	79.397	140.19	517.50	0.51728	7.0105e-05	0.080875	0.0037013	42.728	0.023404	25.596	27.526	102.64	78.767	115.60	199.08	19.474	9.4183e-06	0.024444
327.41	1.8776	440.29	0.0022712	15.242	15.430	65.676	79.437	140.38	516.21	0.52241	6.9953e-05	0.080800	0.0036822	42.916	0.023301	25.602	27.531	102.63	78.831	115.85	198.94	19.467	9.4282e-06	0.024488
327.59	1.8847	439.93	0.0022731	15.266	15.455	65.749	79.478	140.56	514.93	0.52757	6.9801e-05	0.080726	0.0036632	43.105	0.023199	25.607	27.535	102.63	78.895	116.11	198.79	19.460	9.4381e-06	0.024533
327.77	1.8918	439.56	0.0022750	15.289	15.479	65.821	79.519	140.75	513.65	0.53275	6.9649e-05	0.080651	0.0036443	43.294	0.023098	25.613	27.540	102.62	78.959	116.37	198.65	19.453	9.4479e-06	0.024577
327.94	1.8989	439.19	0.0022769	15.313	15.503	65.893	79.559	140.94	512.37	0.53795	6.9498e-05	0.080577	0.0036255	43.484	0.022997	25.619	27.544	102.61	79.023	116.63	198.51	19.446	9.4578e-06	0.024621
328.12	1.9060	438.83	0.0022788	15.336	15.528	65.965	79.600	141.13	511.09	0.54318	6.9347e-05	0.080504	0.0036067	43.674	0.022897	25.625	27.549	102.60	79.087	116.89	198.37	19.439	9.4677e-06	0.024666
328.30	1.9130	438.46	0.0022807	15.359	15.552	66.037	79.640	141.32	509.82	0.54843	6.9197e-05	0.080430	0.0035880	43.864	0.022798	25.630	27.553	102.59	79.151	117.15	198.23	19.432	9.4777e-06	0.024710
328.47	1.9201	438.09	0.0022826	15.383	15.576	66.108	79.681	141.51	508.55	0.55371	6.9047e-05	0.080357	0.0035694	44.054	0.022699	25.636	27.558	102.59	79.215	117.42	198.09	19.425	9.4876e-06	0.024755
328.65	1.9272	437.73	0.0022845	15.406	15.600	66.180	79.721	141.71	507.28	0.55901	6.8898e-05	0.080283	0.0035508	44.245	0.022601	25.641	27.562	102.58	79.279	117.68	197.94	19.418	9.4976e-06	0.024800
328.82	1.9343	437.36	0.0022864	15.429	15.624	66.251	79.762	141.90	506.01	0.56434	6.8750e-05	0.080210	0.0035323	44.437	0.022504	25.647	27.566	102.57	79.342	117.95	197.80	19.412	9.5075e-06	0.024845
328.99	1.9414	437.00	0.0022884	15.453	15.648	66.322	79.802	142.09	504.75	0.56969	6.8602e-05	0.080138	0.0035139	44.628	0.022407	25.653	27.571	102.56	79.406	118.22	197.66	19.405	9.5175e-06	0.024890
329.17	1.9485	436.63	0.0022903	15.476	15.673	66.393	79.842	142.29	503.49	0.57507	6.8454e-05	0.080065	0.0034955	44.820	0.022311	25.658	27.575	102.55	79.469	118.48	197.51	19.399	9.5275e-06	0.024935
329.34	1.9556	436.26	0.0022922	15.499	15.697	66.464	79.883	142.48	502.23	0.58047	6.8307e-05	0.079993	0.0034773	45.013	0.022216	25.663	27.579	102.54	79.533	118.75	197.37	19.393	9.5375e-06	0.024980
329.51	1.9626	435.90	0.0022941	15.522	15.721	66.534	79.923	142.68	500.97	0.58590	6.8160e-05	0.079921	0.0034590	45.205	0.022121	25.669	27.583	102.54	79.596	119.03	197.23	19.386	9.5476e-06	0.025025
329.68	1.9697	435.53	0.0022960	15.545	15.744	66.605	79.963	142.87	499.72	0.59135	6.8014e-05	0.079849	0.0034409	45.399	0.022027	25.674	27.587	102.53	79.659	119.30	197.08	19.380	9.5576e-06	0.025070
329.85	1.9768	435.17	0.0022980	15.568	15.768	66.675	80.004	143.07	498.47	0.59684	6.7868e-05	0.079778	0.0034228	45.592	0.021934	25.680	27.591	102.52	79.722	119.57	196.94	19.374	9.5677e-06	0.025115
330.03	1.9839	434.80	0.0022999	15.591	15.792	66.745	80.044	143.27	497.22	0.60235	6.7723e-05	0.079706	0.0034048	45.786	0.021841	25.685	27.596	102.51	79.786	119.85	196.80	19.368	9.5778e-06	0.025161
330.20	1.9910	434.44	0.0023018	15.614	15.816	66.815	80.084	143.47	495.97	0.60788	6.7578e-05	0.079635	0.0033868	45.980	0.021749	25.690	27.600	102.50	79.849	120.13	196.65	19.362	9.5879e-06	0.025206
330.37	1.9981	434.07	0.0023038	15.637	15.840	66.885	80.124	143.67	494.73	0.61344	6.7434e-05	0.079564	0.0033689	46.175	0.021657	25.695	27.603	102.49	79.911	120.40	196.51	19.357	9.5980e-06	0.025252
330.54	2.0051	433.71	0.0023057	15.660	15.864	66.955	80.165	143.87	493.48	0.61903	6.7290e-05	0.079494	0.0033511	46.370	0.021566	25.701	27.607	102.48	79.974	120.68	196.37	19.351	9.6081e-06	0.025297
330.70	2.0122	433.34	0.0023076	15.683	15.887	67.024	80.205	144.07	492.24	0.62465	6.7146e-05	0.079423	0.0033333	46.565	0.021475	25.706	27.611	102.48	80.037	120.97	196.22	19.345	9.6183e-06	0.025343
330.87	2.0193	432.98	0.0023096	15.705	15.911	67.094	80.245	144.28	491.01	0.63030	6.7003e-05	0.079353	0.0033156	46.761	0.021385	25.711	27.615	102.47	80.100	121.25	196.08	19.340	9.6285e-06	0.025389
331.04	2.0264	432.62	0.0023115	15.728	15.935	67.163	80.285	144.48	489.77	0.63597	6.6860e-05	0.079283	0.0032980	46.957	0.021296	25.716	27.619	102.46	80.162	121.53	195.93	19.334	9.6387e-06	0.025435
331.21	2.0335	432.25	0.0023135	15.751	15.958	67.232	80.325	144.69	488.54	0.64167	6.6718e-05	0.079213	0.0032804	47.154	0.021207	25.721	27.623	102.45	80.225	121.82	195.79	19.329	9.6489e-06	0.025481
331.38	2.0406	431.89	0.0023154	15.773	15.982	67.301	80.365	144.89	487.31	0.64740	6.6577e-05	0.079143	0.0032629	47.350	0.021119	25.726	27.626	102.44	80.288	122.11	195.64	19.324	9.6591e-06	0.025527
331.54	2.0477	431.52	0.0023174	15.796	16.005	67.370	80.405	145.10	486.08	0.65316	6.6435e-05	0.079074	0.0032454	47.548	0.021031	25.731	27.630	102.43	80.350	122.39	195.50	19.318	9.6693e-06	0.025573
331.71	2.0547	431.16	0.0023193	15.819	16.029	67.439	80.445	145.31	484.85	0.65895	6.6294e-05	0.079004	0.0032280	47.745	0.020944	25.736	27.634	102.42	80.412	122.68	195.35	19.313	9.6796e-06	0.025619
331.88	2.0618	430.79	0.0023213	15.841	16.052	67.507	80.485	145.52	483.63	0.66477	6.6154e-05	0.078935	0.0032107	47.944	0.020858	25.741	27.637	102.41	80.475	122.98	195.21	19.308	9.6899e-06	0.025666
332.04	2.0689	430.43	0.0023233	15.864	16.076	67.576	80.525	145.72	482.41	0.67062	6.6014e-05	0.078867	0.0031934	48.142	0.020772	25.746	27.641	102.41	80.537	123.27	195.06	19.303	9.7002e-06	0.025712
332.21	2.0760	430.07	0.0023252	15.886	16.099	67.644	80.565	145.94	481.19	0.67649	6.5874e-05	0.078798	0.0031762	48.341	0.020686	25.751	27.644	102.40	80.599	123.57	194.91	19.298	9.7105e-06	0.025759
332.37	2.0831	429.70	0.0023272	15.909	16.123	67.712	80.605	146.15	479.97	0.68240	6.5735e-05	0.078729	0.0031591	48.540	0.020601	25.755	27.648	102.39	80.661	123.86	194.77	19.293	9.7209e-06	0.025806
332.54	2.0902	429.34	0.0023292	15.931	16.146	67.780	80.645	146.36	478.76	0.68834	6.5596e-05	0.078661	0.0031420	48.740	0.020517	25.760	27.651	102.38	80.723	124.16	194.62	19.289	9.7312e-06	0.025852
332.70	2.0973	428.97	0.0023311	15.954	16.169	67.848	80.685	146.57	477.54	0.69430	6.5458e-05	0.078593	0.0031250	48.940	0.020433	25.765	27.655	102.37	80.785	124.46	194.48	19.284	9.7416e-06	0.025899
332.86	2.1043	428.61	0.0023331	15.976	16.192	67.916	80.725	146.79	476.33	0.70030	6.5320e-05	0.078525	0.0031080	49.141	0.020350	25.770	27.658	102.36	80.847	124.76	194.33	19.279	9.7520e-06	0.025946
333.03	2.1114	428.25	0.0023351	15.998	16.216	67.983	80.765	147.00	475.12	0.70633	6.5182e-05	0.078458	0.0030911	49.342	0.020267	25.774	27.661	102.35	80.909	125.07	194.18	19.275	9.7624e-06	0.025993
333.19	2.1185	427.88	0.0023371	16.021	16.239	68.051	80.804	147.22	473.92	0.71239	6.5045e-05	0.078390	0.0030743	49.543	0.020185	25.779	27.665	102.34	80.971	125.37	194.04	19.270	9.7729e-06	0.026041
333.35	2.1256	427.52	0.0023391	16.043	16.262	68.118	80.844	147.44	472.71	0.71849	6.4908e-05	0.078323	0.0030575	49.745	0.020103	25.784	27.668	102.33	81.033	125.68	193.89	19.266	9.7833e-06	0.026088
333.51	2.1327	427.16	0.0023411	16.065	16.285	68.185	80.884	147.66	471.51	0.72461	6.4772e-05	0.078256	0.0030408	49.947	0.020021	25.788	27.671	102.32	81.095	125.99	193.74	19.262	9.7938e-06	0.026135
333.68	2.1398	426.79	0.0023431	16.087	16.308	68.252	80.924	147.88	470.31	0.73077	6.4636e-05	0.078189	0.0030241	50.150	0.019940	25.793	27.674	102.32	81.156	126.30	193.60	19.258	9.8043e-06	0.026183
333.84	2.1469	426.43	0.0023451	16.109	16.331	68.319	80.964	148.10	469.11	0.73696	6.4500e-05	0.078122	0.0030075	50.353	0.019860	25.797	27.677	102.31	81.218	126.61	193.45	19.253	9.8149e-06	0.026231
334.00	2.1539	426.06	0.0023471	16.132	16.355	68.386	81.004	148.32	467.91	0.74318	6.4365e-05	0.078055	0.0029910	50.556	0.019780	25.802	27.681	102.30	81.280	126.92	193.30	19.249	9.8254e-06	0.026278
334.16	2.1610	425.70	0.0023491	16.154	16.378	68.453	81.043	148.55	466.72	0.74943	6.4230e-05	0.077989	0.0029745	50.760	0.019701	25.806	27.684	102.29	81.341	127.24	193.16	19.245	9.8360e-06	0.026326
334.32	2.1681	425.34	0.0023511	16.176	16.401	68.520	81.083	148.77	465.52	0.75572	6.4095e-05	0.077923	0.0029580	50.964	0.019622	25.811	27.687	102.28	81.403	127.56	193.01	19.241	9.8466e-06	0.026374
334.48	2.1752	424.97	0.0023531	16.198	16.424	68.586	81.123	149.00	464.33	0.76204	6.3961e-05	0.077857	0.0029416	51.169	0.019543	25.815	27.690	102.27	81.464	127.88	192.86	19.237	9.8572e-06	0.026422
334.64	2.1823	424.61	0.0023551	16.220	16.446	68.652	81.163	149.23	463.14	0.76840	6.3827e-05	0.077791	0.0029253	51.374	0.019465	25.819	27.693	102.26	81.526	128.20	192.71	19.234	9.8679e-06	0.026471
334.80	2.1894	424.24	0.0023571	16.242	16.469	68.719	81.202	149.45	461.95	0.77479	6.3694e-05	0.077725	0.0029091	51.580	0.019387	25.824	27.695	102.25	81.587	128.53	192.56	19.230	9.8785e-06	0.026519
334.96	2.1965	423.88	0.0023592	16.264	16.492	68.785	81.242	149.68	460.77	0.78121	6.3561e-05	0.077660	0.0028928	51.786	0.019310	25.828	27.698	102.24	81.649	128.85	192.42	19.226	9.8892e-06	0.026567
335.11	2.2035	423.52	0.0023612	16.286	16.515	68.851	81.282	149.91	459.59	0.78767	6.3428e-05	0.077594	0.0028767	51.993	0.019233	25.832	27.701	102.23	81.710	129.18	192.27	19.223	9.8999e-06	0.026616
335.27	2.2106	423.15	0.0023632	16.308	16.538	68.917	81.322	150.15	458.40	0.79417	6.3296e-05	0.077529	0.0028606	52.200	0.019157	25.836	27.704	102.22	81.772	129.51	192.12	19.219	9.9107e-06	0.026665
335.43	2.2177	422.79	0.0023653	16.329	16.561	68.983	81.361	150.38	457.22	0.80070	6.3164e-05	0.077464	0.0028446	52.407	0.019081	25.841	27.707	102.21	81.833	129.84	191.97	19.215	9.9214e-06	0.026714
335.59	2.2248	422.42	0.0023673	16.351	16.583	69.048	81.401	150.61	456.04	0.80726	6.3032e-05	0.077400	0.0028286	52.615	0.019006	25.845	27.709	102.20	81.894	130.18	191.82	19.212	9.9322e-06	0.026763
335.74	2.2319	422.06	0.0023693	16.373	16.606	69.114	81.441	150.85	454.87	0.81386	6.2901e-05	0.077335	0.0028126	52.823	0.018931	25.849	27.712	102.19	81.956	130.51	191.67	19.209	9.9430e-06	0.026812
335.90	2.2390	421.69	0.0023714	16.395	16.629	69.179	81.480	151.09	453.69	0.82050	6.2770e-05	0.077270	0.0027968	53.032	0.018856	25.853	27.715	102.18	82.017	130.85	191.52	19.205	9.9539e-06	0.026861
336.05	2.2461	421.33	0.0023734	16.417	16.652	69.244	81.520	151.33	452.52	0.82718	6.2639e-05	0.077206	0.0027809	53.241	0.018782	25.857	27.717	102.17	82.078	131.19	191.38	19.202	9.9647e-06	0.026910
336.21	2.2531	420.97	0.0023755	16.438	16.674	69.310	81.560	151.57	451.35	0.83389	6.2508e-05	0.077142	0.0027652	53.451	0.018709	25.861	27.720	102.16	82.140	131.53	191.23	19.199	9.9756e-06	0.026960
336.36	2.2602	420.60	0.0023775	16.460	16.697	69.375	81.599	151.81	450.18	0.84064	6.2378e-05	0.077078	0.0027494	53.661	0.018635	25.865	27.722	102.15	82.201	131.88	191.08	19.196	9.9865e-06	0.027010
336.52	2.2673	420.24	0.0023796	16.482	16.720	69.440	81.639	152.05	449.01	0.84743	6.2249e-05	0.077014	0.0027338	53.872	0.018562	25.869	27.725	102.14	82.262	132.23	190.93	19.193	9.9975e-06	0.027059
336.67	2.2744	419.87	0.0023817	16.503	16.742	69.505	81.679	152.29	447.85	0.85425	6.2119e-05	0.076951	0.0027182	54.083	0.018490	25.873	27.727	102.13	82.324	132.58	190.78	19.190	1.0008e-05	0.027109
336.83	2.2815	419.51	0.0023837	16.525	16.765	69.569	81.719	152.54	446.68	0.86112	6.1990e-05	0.076887	0.0027026	54.295	0.018418	25.877	27.730	102.12	82.385	132.93	190.63	19.187	1.0019e-05	0.027159
336.98	2.2886	419.14	0.0023858	16.546	16.787	69.634	81.758	152.78	445.52	0.86802	6.1862e-05	0.076824	0.0026871	54.507	0.018346	25.881	27.732	102.11	82.447	133.28	190.48	19.184	1.0030e-05	0.027210
337.14	2.2956	418.78	0.0023879	16.568	16.810	69.699	81.798	153.03	444.36	0.87496	6.1733e-05	0.076761	0.0026717	54.720	0.018275	25.884	27.734	102.10	82.508	133.64	190.33	19.181	1.0041e-05	0.027260
337.29	2.3027	418.41	0.0023900	16.590	16.832	69.763	81.838	153.28	443.20	0.88194	6.1605e-05	0.076698	0.0026563	54.933	0.018204	25.888	27.737	102.09	82.569	134.00	190.18	19.178	1.0053e-05	0.027310
337.44	2.3098	418.05	0.0023921	16.611	16.855	69.827	81.877	153.53	442.04	0.88897	6.1477e-05	0.076635	0.0026409	55.146	0.018134	25.892	27.739	102.08	82.631	134.36	190.03	19.175	1.0064e-05	0.027361
337.59	2.3169	417.68	0.0023942	16.632	16.877	69.892	81.917	153.79	440.88	0.89603	6.1350e-05	0.076572	0.0026256	55.361	0.018063	25.896	27.741	102.07	82.692	134.73	189.88	19.173	1.0075e-05	0.027412
337.75	2.3240	417.32	0.0023963	16.654	16.899	69.956	81.957	154.04	439.73	0.90313	6.1223e-05	0.076510	0.0026104	55.575	0.017994	25.899	27.743	102.06	82.754	135.10	189.73	19.170	1.0086e-05	0.027463
337.90	2.3311	416.95	0.0023984	16.675	16.922	70.020	81.997	154.29	438.58	0.91027	6.1096e-05	0.076447	0.0025952	55.790	0.017924	25.903	27.745	102.05	82.815	135.47	189.58	19.168	1.0097e-05	0.027514
338.05	2.3382	416.58	0.0024005	16.697	16.944	70.084	82.036	154.55	437.42	0.91746	6.0969e-05	0.076385	0.0025801	56.006	0.017855	25.907	27.748	102.04	82.877	135.84	189.43	19.165	1.0108e-05	0.027565
338.20	2.3452	416.22	0.0024026	16.718	16.967	70.148	82.076	154.81	436.27	0.92469	6.0843e-05	0.076323	0.0025650	56.222	0.017787	25.910	27.750	102.03	82.939	136.21	189.27	19.162	1.0120e-05	0.027617
338.35	2.3523	415.85	0.0024047	16.739	16.989	70.211	82.116	155.07	435.13	0.93196	6.0717e-05	0.076261	0.0025499	56.439	0.017718	25.914	27.752	102.02	83.000	136.59	189.12	19.160	1.0131e-05	0.027668
338.50	2.3594	415.49	0.0024068	16.761	17.011	70.275	82.155	155.33	433.98	0.93927	6.0591e-05	0.076200	0.0025349	56.656	0.017650	25.917	27.754	102.01	83.062	136.97	188.97	19.158	1.0142e-05	0.027720
338.65	2.3665	415.12	0.0024089	16.782	17.033	70.339	82.195	155.59	432.83	0.94662	6.0466e-05	0.076138	0.0025200	56.873	0.017583	25.921	27.756	102.00	83.124	137.35	188.82	19.155	1.0153e-05	0.027772
338.80	2.3736	414.75	0.0024111	16.803	17.056	70.402	82.235	155.86	431.69	0.95402	6.0341e-05	0.076077	0.0025051	57.091	0.017516	25.924	27.757	101.99	83.185	137.74	188.67	19.153	1.0165e-05	0.027824
338.95	2.3807	414.39	0.0024132	16.825	17.078	70.465	82.275	156.13	430.55	0.96146	6.0216e-05	0.076015	0.0024903	57.310	0.017449	25.928	27.759	101.98	83.247	138.13	188.52	19.151	1.0176e-05	0.027876
339.10	2.3878	414.02	0.0024153	16.846	17.100	70.529	82.315	156.39	429.41	0.96895	6.0091e-05	0.075954	0.0024755	57.529	0.017382	25.931	27.761	101.97	83.309	138.52	188.37	19.148	1.0188e-05	0.027928
339.25	2.3948	413.65	0.0024175	16.867	17.122	70.592	82.354	156.66	428.27	0.97648	5.9967e-05	0.075893	0.0024608	57.749	0.017316	25.934	27.763	101.96	83.371	138.91	188.21	19.146	1.0199e-05	0.027981
339.39	2.4019	413.29	0.0024196	16.888	17.144	70.655	82.394	156.94	427.13	0.98405	5.9843e-05	0.075832	0.0024461	57.969	0.017250	25.938	27.765	101.95	83.433	139.31	188.06	19.144	1.0211e-05	0.028034
339.54	2.4090	412.92	0.0024218	16.909	17.167	70.718	82.434	157.21	425.99	0.99168	5.9719e-05	0.075772	0.0024314	58.190	0.017185	25.941	27.766	101.94	83.495	139.71	187.91	19.142	1.0222e-05	0.028086
339.69	2.4161	412.55	0.0024239	16.930	17.189	70.781	82.474	157.48	424.85	0.99934	5.9596e-05	0.075711	0.0024168	58.412	0.017120	25.944	27.768	101.92	83.558	140.12	187.76	19.140	1.0234e-05	0.028140
339.84	2.4232	412.18	0.0024261	16.952	17.211	70.843	82.514	157.76	423.72	1.0071	5.9472e-05	0.075651	0.0024023	58.633	0.017055	25.947	27.770	101.91	83.620	140.52	187.61	19.138	1.0245e-05	0.028193
339.98	2.4303	411.81	0.0024283	16.973	17.233	70.906	82.554	158.04	422.59	1.0148	5.9349e-05	0.075590	0.0023878	58.856	0.016991	25.950	27.771	101.90	83.682	140.93	187.45	19.136	1.0257e-05	0.028246
340.13	2.4374	411.45	0.0024305	16.994	17.255	70.969	82.593	158.32	421.46	1.0226	5.9227e-05	0.075530	0.0023734	59.079	0.016927	25.954	27.773	101.89	83.745	141.35	187.30	19.134	1.0268e-05	0.028300
340.28	2.4444	411.08	0.0024326	17.015	17.277	71.031	82.633	158.60	420.33	1.0305	5.9104e-05	0.075470	0.0023590	59.302	0.016863	25.957	27.774	101.88	83.807	141.76	187.15	19.132	1.0280e-05	0.028354
340.42	2.4515	410.71	0.0024348	17.036	17.299	71.094	82.673	158.89	419.20	1.0384	5.8982e-05	0.075410	0.0023446	59.526	0.016799	25.960	27.776	101.87	83.870	142.18	187.00	19.130	1.0292e-05	0.028408
340.57	2.4586	410.34	0.0024370	17.057	17.321	71.156	82.713	159.17	418.07	1.0463	5.8860e-05	0.075351	0.0023303	59.751	0.016736	25.963	27.777	101.86	83.932	142.60	186.84	19.128	1.0304e-05	0.028462
340.71	2.4657	409.97	0.0024392	17.078	17.343	71.218	82.753	159.46	416.94	1.0543	5.8739e-05	0.075291	0.0023161	59.976	0.016673	25.966	27.779	101.85	83.995	143.03	186.69	19.126	1.0315e-05	0.028516
340.86	2.4728	409.60	0.0024414	17.099	17.365	71.281	82.793	159.75	415.82	1.0624	5.8617e-05	0.075232	0.0023018	60.202	0.016611	25.969	27.780	101.84	84.058	143.46	186.54	19.124	1.0327e-05	0.028571
341.00	2.4799	409.23	0.0024436	17.120	17.387	71.343	82.833	160.04	414.70	1.0705	5.8496e-05	0.075172	0.0022877	60.429	0.016548	25.972	27.781	101.82	84.121	143.89	186.38	19.123	1.0339e-05	0.028625
341.15	2.4870	408.86	0.0024458	17.140	17.409	71.405	82.873	160.33	413.57	1.0786	5.8375e-05	0.075113	0.0022736	60.656	0.016487	25.975	27.783	101.81	84.184	144.33	186.23	19.121	1.0351e-05	0.028680
341.29	2.4940	408.49	0.0024480	17.161	17.431	71.467	82.913	160.63	412.45	1.0868	5.8254e-05	0.075054	0.0022595	60.883	0.016425	25.978	27.784	101.80	84.247	144.77	186.07	19.119	1.0363e-05	0.028735
341.44	2.5011	408.12	0.0024502	17.182	17.452	71.528	82.953	160.93	411.33	1.0951	5.8134e-05	0.074995	0.0022455	61.111	0.016364	25.980	27.785	101.79	84.311	145.21	185.92	19.117	1.0375e-05	0.028791
341.58	2.5082	407.75	0.0024525	17.203	17.474	71.590	82.994	161.23	410.21	1.1034	5.8014e-05	0.074936	0.0022315	61.340	0.016303	25.983	27.786	101.78	84.374	145.66	185.77	19.116	1.0387e-05	0.028846
341.72	2.5153	407.38	0.0024547	17.224	17.496	71.652	83.034	161.53	409.10	1.1118	5.7894e-05	0.074878	0.0022176	61.569	0.016242	25.986	27.787	101.77	84.438	146.11	185.61	19.114	1.0399e-05	0.028902
341.87	2.5224	407.01	0.0024569	17.245	17.518	71.713	83.074	161.83	407.98	1.1202	5.7774e-05	0.074819	0.0022037	61.799	0.016181	25.989	27.789	101.76	84.502	146.56	185.46	19.112	1.0411e-05	0.028958
342.01	2.5295	406.64	0.0024592	17.265	17.540	71.775	83.114	162.14	406.87	1.1286	5.7655e-05	0.074761	0.0021899	62.030	0.016121	25.991	27.790	101.74	84.565	147.02	185.30	19.111	1.0423e-05	0.029014
342.15	2.5365	406.27	0.0024614	17.286	17.562	71.836	83.154	162.45	405.75	1.1372	5.7535e-05	0.074703	0.0021761	62.261	0.016061	25.994	27.791	101.73	84.629	147.48	185.15	19.109	1.0435e-05	0.029070
342.29	2.5436	405.89	0.0024637	17.307	17.583	71.898	83.195	162.76	404.64	1.1457	5.7416e-05	0.074645	0.0021623	62.492	0.016002	25.997	27.792	101.72	84.693	147.95	184.99	19.108	1.0447e-05	0.029127
342.43	2.5507	405.52	0.0024660	17.328	17.605	71.959	83.235	163.07	403.53	1.1544	5.7297e-05	0.074587	0.0021486	62.725	0.015943	25.999	27.792	101.71	84.758	148.42	184.84	19.106	1.0459e-05	0.029184
342.58	2.5578	405.15	0.0024682	17.348	17.627	72.020	83.275	163.38	402.42	1.1631	5.7179e-05	0.074529	0.0021350	62.958	0.015884	26.002	27.793	101.70	84.822	148.89	184.68	19.104	1.0472e-05	0.029241
342.72	2.5649	404.78	0.0024705	17.369	17.649	72.081	83.316	163.70	401.31	1.1718	5.7060e-05	0.074471	0.0021214	63.191	0.015825	26.004	27.794	101.69	84.887	149.37	184.53	19.103	1.0484e-05	0.029298
342.86	2.5720	404.40	0.0024728	17.390	17.670	72.142	83.356	164.02	400.20	1.1806	5.6942e-05	0.074414	0.0021078	63.426	0.015767	26.007	27.795	101.67	84.951	149.85	184.37	19.101	1.0496e-05	0.029356
343.00	2.5791	404.03	0.0024751	17.410	17.692	72.203	83.397	164.34	399.09	1.1895	5.6824e-05	0.074356	0.0020943	63.660	0.015708	26.009	27.796	101.66	85.016	150.34	184.22	19.100	1.0508e-05	0.029413
343.14	2.5861	403.65	0.0024774	17.431	17.714	72.264	83.437	164.67	397.99	1.1984	5.6707e-05	0.074299	0.0020808	63.896	0.015650	26.012	27.797	101.65	85.081	150.83	184.06	19.098	1.0521e-05	0.029471
343.28	2.5932	403.28	0.0024797	17.452	17.735	72.325	83.478	164.99	396.88	1.2074	5.6589e-05	0.074242	0.0020674	64.132	0.015593	26.014	27.797	101.64	85.146	151.32	183.91	19.097	1.0533e-05	0.029529
343.42	2.6003	402.91	0.0024820	17.472	17.757	72.386	83.518	165.32	395.78	1.2164	5.6472e-05	0.074185	0.0020540	64.369	0.015535	26.017	27.798	101.62	85.211	151.82	183.75	19.095	1.0546e-05	0.029588
343.56	2.6074	402.53	0.0024843	17.493	17.779	72.447	83.559	165.65	394.67	1.2255	5.6355e-05	0.074128	0.0020407	64.606	0.015478	26.019	27.799	101.61	85.277	152.32	183.60	19.094	1.0558e-05	0.029646
343.70	2.6145	402.16	0.0024866	17.513	17.800	72.507	83.600	165.99	393.57	1.2346	5.6238e-05	0.074071	0.0020274	64.844	0.015422	26.021	27.799	101.60	85.342	152.83	183.44	19.093	1.0571e-05	0.029705
343.83	2.6216	401.78	0.0024889	17.534	17.822	72.568	83.640	166.32	392.47	1.2439	5.6121e-05	0.074014	0.0020141	65.083	0.015365	26.023	27.800	101.59	85.408	153.34	183.28	19.091	1.0583e-05	0.029764
343.97	2.6287	401.40	0.0024913	17.555	17.843	72.628	83.681	166.66	391.37	1.2531	5.6005e-05	0.073958	0.0020009	65.322	0.015309	26.026	27.800	101.57	85.474	153.86	183.13	19.090	1.0596e-05	0.029824
344.11	2.6357	401.03	0.0024936	17.575	17.865	72.689	83.722	167.00	390.27	1.2625	5.5888e-05	0.073901	0.0019877	65.562	0.015253	26.028	27.801	101.56	85.540	154.38	182.97	19.088	1.0609e-05	0.029883
344.25	2.6428	400.65	0.0024959	17.596	17.886	72.749	83.763	167.35	389.17	1.2719	5.5772e-05	0.073845	0.0019746	65.803	0.015197	26.030	27.801	101.55	85.607	154.90	182.81	19.087	1.0621e-05	0.029943
344.39	2.6499	400.27	0.0024983	17.616	17.908	72.810	83.804	167.69	388.07	1.2813	5.5656e-05	0.073789	0.0019615	66.045	0.015141	26.032	27.801	101.54	85.673	155.43	182.66	19.085	1.0634e-05	0.030003
344.52	2.6570	399.90	0.0025007	17.637	17.930	72.870	83.845	168.04	386.98	1.2909	5.5540e-05	0.073732	0.0019485	66.287	0.015086	26.034	27.802	101.52	85.740	155.97	182.50	19.084	1.0647e-05	0.030064
344.66	2.6641	399.52	0.0025030	17.657	17.951	72.930	83.886	168.40	385.88	1.3005	5.5425e-05	0.073677	0.0019355	66.529	0.015031	26.036	27.802	101.51	85.806	156.51	182.34	19.083	1.0660e-05	0.030124
344.80	2.6712	399.14	0.0025054	17.677	17.973	72.990	83.927	168.75	384.79	1.3101	5.5309e-05	0.073621	0.0019226	66.773	0.014976	26.038	27.802	101.50	85.873	157.05	182.18	19.081	1.0673e-05	0.030185
344.93	2.6783	398.76	0.0025078	17.698	17.994	73.050	83.968	169.11	383.69	1.3199	5.5194e-05	0.073565	0.0019096	67.017	0.014922	26.040	27.802	101.49	85.941	157.60	182.03	19.080	1.0686e-05	0.030246
345.07	2.6853	398.38	0.0025102	17.718	18.016	73.110	84.009	169.47	382.60	1.3297	5.5079e-05	0.073509	0.0018968	67.262	0.014867	26.042	27.803	101.47	86.008	158.16	181.87	19.078	1.0699e-05	0.030308
345.21	2.6924	398.00	0.0025126	17.739	18.037	73.170	84.050	169.83	381.51	1.3395	5.4964e-05	0.073454	0.0018840	67.508	0.014813	26.044	27.803	101.46	86.075	158.72	181.71	19.077	1.0712e-05	0.030370
345.34	2.6995	397.62	0.0025150	17.759	18.058	73.230	84.092	170.20	380.42	1.3495	5.4850e-05	0.073399	0.0018712	67.754	0.014759	26.046	27.803	101.45	86.143	159.28	181.55	19.075	1.0725e-05	0.030432
345.48	2.7066	397.24	0.0025174	17.779	18.080	73.290	84.133	170.57	379.33	1.3595	5.4735e-05	0.073343	0.0018584	68.001	0.014706	26.048	27.803	101.43	86.211	159.85	181.40	19.074	1.0738e-05	0.030494
345.61	2.7137	396.86	0.0025198	17.800	18.101	73.349	84.174	170.94	378.24	1.3695	5.4621e-05	0.073288	0.0018457	68.249	0.014652	26.050	27.803	101.42	86.279	160.43	181.24	19.073	1.0751e-05	0.030556
345.75	2.7208	396.48	0.0025222	17.820	18.123	73.409	84.216	171.32	377.15	1.3797	5.4507e-05	0.073233	0.0018331	68.497	0.014599	26.051	27.803	101.41	86.348	161.01	181.08	19.071	1.0764e-05	0.030619
345.88	2.7279	396.10	0.0025246	17.840	18.144	73.469	84.258	171.70	376.06	1.3899	5.4393e-05	0.073178	0.0018205	68.747	0.014546	26.053	27.803	101.39	86.416	161.60	180.92	19.070	1.0778e-05	0.030682
346.02	2.7349	395.71	0.0025271	17.861	18.166	73.528	84.299	172.08	374.97	1.4002	5.4279e-05	0.073124	0.0018079	68.997	0.014493	26.055	27.803	101.38	86.485	162.19	180.76	19.068	1.0791e-05	0.030746
346.15	2.7420	395.33	0.0025295	17.881	18.187	73.588	84.341	172.46	373.89	1.4106	5.4165e-05	0.073069	0.0017954	69.247	0.014441	26.056	27.803	101.37	86.554	162.79	180.60	19.067	1.0804e-05	0.030809
346.29	2.7491	394.95	0.0025320	17.901	18.208	73.647	84.383	172.85	372.80	1.4210	5.4052e-05	0.073014	0.0017829	69.499	0.014389	26.058	27.802	101.35	86.623	163.39	180.44	19.065	1.0818e-05	0.030874
346.42	2.7562	394.56	0.0025344	17.922	18.230	73.707	84.425	173.24	371.72	1.4315	5.3939e-05	0.072960	0.0017704	69.751	0.014337	26.060	27.802	101.34	86.692	164.00	180.28	19.064	1.0831e-05	0.030938
346.55	2.7633	394.18	0.0025369	17.942	18.251	73.766	84.467	173.64	370.63	1.4421	5.3826e-05	0.072906	0.0017580	70.004	0.014285	26.061	27.802	101.33	86.762	164.62	180.12	19.062	1.0845e-05	0.031003
346.69	2.7704	393.80	0.0025394	17.962	18.272	73.825	84.509	174.03	369.55	1.4528	5.3713e-05	0.072852	0.0017456	70.258	0.014233	26.063	27.801	101.31	86.832	165.24	179.97	19.061	1.0858e-05	0.031067
346.82	2.7775	393.41	0.0025419	17.982	18.294	73.885	84.551	174.44	368.47	1.4635	5.3600e-05	0.072798	0.0017333	70.512	0.014182	26.064	27.801	101.30	86.902	165.86	179.81	19.059	1.0872e-05	0.031133
346.95	2.7845	393.02	0.0025444	18.003	18.315	73.944	84.593	174.84	367.38	1.4743	5.3487e-05	0.072744	0.0017210	70.768	0.014131	26.066	27.801	101.28	86.972	166.50	179.65	19.058	1.0885e-05	0.031198
347.08	2.7916	392.64	0.0025469	18.023	18.336	74.003	84.635	175.25	366.30	1.4852	5.3374e-05	0.072690	0.0017088	71.024	0.014080	26.067	27.800	101.27	87.042	167.14	179.49	19.056	1.0899e-05	0.031264
347.21	2.7987	392.25	0.0025494	18.043	18.358	74.062	84.678	175.66	365.22	1.4962	5.3262e-05	0.072636	0.0016966	71.281	0.014029	26.068	27.800	101.26	87.113	167.78	179.33	19.055	1.0913e-05	0.031330
347.35	2.8058	391.86	0.0025519	18.063	18.379	74.121	84.720	176.08	364.14	1.5073	5.3150e-05	0.072583	0.0016844	71.539	0.013978	26.070	27.799	101.24	87.184	168.44	179.16	19.053	1.0927e-05	0.031397
347.48	2.8129	391.48	0.0025544	18.083	18.400	74.180	84.763	176.50	363.06	1.5184	5.3038e-05	0.072529	0.0016723	71.797	0.013928	26.071	27.799	101.23	87.255	169.09	179.00	19.052	1.0941e-05	0.031464
347.61	2.8200	391.09	0.0025570	18.104	18.422	74.239	84.805	176.92	361.98	1.5296	5.2926e-05	0.072476	0.0016602	72.057	0.013878	26.072	27.798	101.21	87.326	169.76	178.84	19.050	1.0955e-05	0.031531
347.74	2.8270	390.70	0.0025595	18.124	18.443	74.298	84.848	177.35	360.90	1.5410	5.2814e-05	0.072422	0.0016481	72.317	0.013828	26.073	27.797	101.20	87.398	170.43	178.68	19.048	1.0969e-05	0.031599
347.87	2.8341	390.31	0.0025621	18.144	18.464	74.357	84.891	177.78	359.83	1.5523	5.2702e-05	0.072369	0.0016361	72.578	0.013778	26.075	27.797	101.18	87.470	171.11	178.52	19.047	1.0983e-05	0.031667
348.00	2.8412	389.92	0.0025646	18.164	18.485	74.416	84.934	178.21	358.75	1.5638	5.2590e-05	0.072316	0.0016242	72.840	0.013729	26.076	27.796	101.17	87.542	171.80	178.36	19.045	1.0997e-05	0.031735
348.13	2.8483	389.53	0.0025672	18.184	18.507	74.474	84.977	178.65	357.67	1.5754	5.2479e-05	0.072263	0.0016123	73.103	0.013679	26.077	27.795	101.15	87.614	172.49	178.20	19.043	1.1011e-05	0.031804
348.26	2.8554	389.14	0.0025698	18.204	18.528	74.533	85.020	179.10	356.60	1.5870	5.2368e-05	0.072211	0.0016004	73.366	0.013630	26.078	27.794	101.14	87.686	173.19	178.04	19.042	1.1025e-05	0.031873
348.39	2.8625	388.74	0.0025724	18.224	18.549	74.592	85.063	179.54	355.52	1.5988	5.2256e-05	0.072158	0.0015885	73.631	0.013581	26.079	27.793	101.13	87.759	173.90	177.88	19.040	1.1039e-05	0.031942
348.52	2.8696	388.35	0.0025750	18.245	18.570	74.650	85.107	179.99	354.45	1.6106	5.2145e-05	0.072106	0.0015767	73.896	0.013533	26.080	27.792	101.11	87.832	174.61	177.71	19.038	1.1054e-05	0.032012
348.65	2.8766	387.96	0.0025776	18.265	18.592	74.709	85.150	180.45	353.37	1.6226	5.2034e-05	0.072053	0.0015649	74.162	0.013484	26.081	27.791	101.10	87.905	175.34	177.55	19.036	1.1068e-05	0.032082
348.78	2.8837	387.56	0.0025802	18.285	18.613	74.768	85.194	180.91	352.30	1.6346	5.1924e-05	0.072001	0.0015532	74.429	0.013436	26.082	27.790	101.08	87.979	176.07	177.39	19.034	1.1082e-05	0.032152
348.91	2.8908	387.17	0.0025828	18.305	18.634	74.826	85.238	181.37	351.22	1.6467	5.1813e-05	0.071949	0.0015415	74.697	0.013387	26.083	27.789	101.07	88.052	176.81	177.23	19.033	1.1097e-05	0.032223
349.04	2.8979	386.77	0.0025855	18.325	18.655	74.884	85.281	181.84	350.15	1.6589	5.1702e-05	0.071897	0.0015299	74.966	0.013339	26.083	27.788	101.05	88.126	177.55	177.06	19.031	1.1111e-05	0.032295
349.16	2.9050	386.38	0.0025881	18.345	18.676	74.943	85.325	182.32	349.08	1.6712	5.1592e-05	0.071845	0.0015183	75.236	0.013292	26.084	27.787	101.04	88.200	178.30	176.90	19.029	1.1126e-05	0.032366
349.29	2.9121	385.98	0.0025908	18.365	18.698	75.001	85.370	182.79	348.01	1.6836	5.1481e-05	0.071793	0.0015067	75.506	0.013244	26.085	27.786	101.02	88.275	179.07	176.74	19.027	1.1141e-05	0.032438
349.42	2.9192	385.58	0.0025935	18.385	18.719	75.060	85.414	183.28	346.93	1.6961	5.1371e-05	0.071741	0.0014951	75.778	0.013196	26.086	27.784	101.00	88.349	179.84	176.58	19.025	1.1155e-05	0.032511
349.55	2.9262	385.19	0.0025961	18.405	18.740	75.118	85.458	183.76	345.86	1.7087	5.1261e-05	0.071689	0.0014836	76.051	0.013149	26.086	27.783	100.99	88.424	180.61	176.41	19.023	1.1170e-05	0.032584
349.68	2.9333	384.79	0.0025988	18.425	18.761	75.176	85.503	184.26	344.79	1.7214	5.1151e-05	0.071638	0.0014722	76.324	0.013102	26.087	27.782	100.97	88.499	181.40	176.25	19.021	1.1185e-05	0.032657
349.80	2.9404	384.39	0.0026015	18.445	18.782	75.235	85.547	184.75	343.72	1.7341	5.1041e-05	0.071587	0.0014608	76.598	0.013055	26.088	27.780	100.96	88.575	182.20	176.08	19.019	1.1200e-05	0.032731
349.93	2.9475	383.99	0.0026042	18.465	18.804	75.293	85.592	185.25	342.65	1.7470	5.0931e-05	0.071535	0.0014494	76.874	0.013008	26.088	27.779	100.94	88.650	183.00	175.92	19.017	1.1215e-05	0.032805
350.06	2.9546	383.59	0.0026070	18.485	18.825	75.351	85.637	185.76	341.58	1.7600	5.0821e-05	0.071484	0.0014380	77.150	0.012962	26.089	27.777	100.93	88.726	183.81	175.76	19.015	1.1230e-05	0.032880
350.18	2.9617	383.19	0.0026097	18.505	18.846	75.409	85.682	186.27	340.51	1.7731	5.0712e-05	0.071433	0.0014267	77.427	0.012915	26.089	27.776	100.91	88.802	184.64	175.59	19.012	1.1245e-05	0.032955
350.31	2.9688	382.78	0.0026124	18.525	18.867	75.467	85.727	186.79	339.44	1.7863	5.0602e-05	0.071382	0.0014155	77.706	0.012869	26.090	27.774	100.89	88.879	185.47	175.43	19.010	1.1260e-05	0.033030
350.43	2.9758	382.38	0.0026152	18.545	18.888	75.525	85.772	187.31	338.37	1.7997	5.0493e-05	0.071332	0.0014042	77.985	0.012823	26.090	27.773	100.88	88.955	186.31	175.26	19.008	1.1276e-05	0.033106
350.56	2.9829	381.98	0.0026180	18.565	18.910	75.584	85.818	187.84	337.31	1.8131	5.0383e-05	0.071281	0.0013930	78.265	0.012777	26.090	27.771	100.86	89.032	187.16	175.10	19.006	1.1291e-05	0.033182
350.69	2.9900	381.57	0.0026207	18.585	18.931	75.642	85.863	188.38	336.24	1.8266	5.0274e-05	0.071231	0.0013819	78.547	0.012731	26.091	27.769	100.85	89.109	188.02	174.93	19.003	1.1306e-05	0.033259
350.81	2.9971	381.17	0.0026235	18.605	18.952	75.700	85.909	188.92	335.17	1.8403	5.0165e-05	0.071180	0.0013708	78.829	0.012686	26.091	27.768	100.83	89.186	188.89	174.77	19.001	1.1322e-05	0.033336
350.94	3.0042	380.76	0.0026263	18.625	18.973	75.758	85.955	189.46	334.10	1.8540	5.0056e-05	0.071130	0.0013597	79.112	0.012640	26.091	27.766	100.81	89.264	189.77	174.60	18.999	1.1337e-05	0.033414
351.06	3.0113	380.35	0.0026291	18.645	18.994	75.816	86.001	190.01	333.03	1.8679	4.9947e-05	0.071080	0.0013486	79.397	0.012595	26.091	27.764	100.80	89.342	190.66	174.44	18.996	1.1353e-05	0.033492
351.19	3.0184	379.95	0.0026319	18.665	19.015	75.874	86.047	190.57	331.97	1.8819	4.9838e-05	0.071030	0.0013376	79.682	0.012550	26.092	27.762	100.78	89.420	191.56	174.27	18.994	1.1369e-05	0.033571
351.31	3.0254	379.54	0.0026348	18.685	19.037	75.931	86.094	191.13	330.90	1.8960	4.9729e-05	0.070980	0.0013267	79.968	0.012505	26.092	27.760	100.76	89.499	192.47	174.11	18.991	1.1384e-05	0.033650
351.43	3.0325	379.13	0.0026376	18.705	19.058	75.989	86.140	191.70	329.83	1.9102	4.9620e-05	0.070930	0.0013157	80.256	0.012460	26.092	27.758	100.75	89.577	193.39	173.94	18.989	1.1400e-05	0.033730
351.56	3.0396	378.72	0.0026405	18.725	19.079	76.047	86.187	192.28	328.77	1.9246	4.9511e-05	0.070881	0.0013048	80.545	0.012415	26.092	27.756	100.73	89.656	194.32	173.77	18.986	1.1416e-05	0.033810
351.68	3.0467	378.31	0.0026434	18.745	19.100	76.105	86.234	192.86	327.70	1.9390	4.9402e-05	0.070831	0.0012940	80.834	0.012371	26.092	27.754	100.71	89.735	195.26	173.61	18.983	1.1432e-05	0.033891
351.80	3.0538	377.90	0.0026462	18.765	19.121	76.163	86.281	193.45	326.64	1.9536	4.9294e-05	0.070782	0.0012832	81.125	0.012327	26.092	27.752	100.69	89.815	196.22	173.44	18.981	1.1448e-05	0.033972
351.93	3.0609	377.48	0.0026491	18.785	19.142	76.221	86.329	194.04	325.57	1.9683	4.9185e-05	0.070732	0.0012724	81.417	0.012282	26.092	27.749	100.68	89.895	197.18	173.27	18.978	1.1464e-05	0.034054
352.05	3.0679	377.07	0.0026520	18.805	19.164	76.279	86.376	194.64	324.50	1.9832	4.9077e-05	0.070683	0.0012616	81.710	0.012238	26.091	27.747	100.66	89.975	198.16	173.11	18.975	1.1480e-05	0.034136
352.17	3.0750	376.65	0.0026550	18.825	19.185	76.336	86.424	195.25	323.44	1.9981	4.8968e-05	0.070634	0.0012509	82.004	0.012195	26.091	27.745	100.64	90.055	199.15	172.94	18.972	1.1497e-05	0.034219
352.30	3.0821	376.24	0.0026579	18.845	19.206	76.394	86.472	195.87	322.37	2.0132	4.8860e-05	0.070586	0.0012402	82.299	0.012151	26.091	27.742	100.63	90.135	200.15	172.77	18.969	1.1513e-05	0.034303
352.42	3.0892	375.82	0.0026608	18.865	19.227	76.452	86.520	196.49	321.31	2.0285	4.8751e-05	0.070537	0.0012296	82.596	0.012107	26.091	27.740	100.61	90.216	201.16	172.61	18.966	1.1530e-05	0.034387
352.54	3.0963	375.40	0.0026638	18.885	19.248	76.510	86.568	197.12	320.24	2.0438	4.8643e-05	0.070488	0.0012190	82.893	0.012064	26.090	27.737	100.59	90.297	202.19	172.44	18.963	1.1546e-05	0.034471
352.66	3.1034	374.99	0.0026668	18.905	19.269	76.567	86.617	197.75	319.18	2.0593	4.8535e-05	0.070440	0.0012084	83.192	0.012020	26.090	27.735	100.57	90.379	203.23	172.27	18.960	1.1563e-05	0.034556
352.78	3.1105	374.57	0.0026698	18.924	19.291	76.625	86.665	198.40	318.11	2.0750	4.8427e-05	0.070392	0.0011979	83.492	0.011977	26.090	27.732	100.55	90.460	204.28	172.10	18.957	1.1579e-05	0.034642
352.91	3.1175	374.15	0.0026728	18.944	19.312	76.683	86.714	199.05	317.05	2.0907	4.8318e-05	0.070343	0.0011874	83.793	0.011934	26.089	27.730	100.54	90.542	205.35	171.93	18.954	1.1596e-05	0.034728
353.03	3.1246	373.72	0.0026758	18.964	19.333	76.740	86.764	199.71	315.98	2.1066	4.8210e-05	0.070295	0.0011770	84.096	0.011891	26.089	27.727	100.52	90.625	206.43	171.76	18.950	1.1613e-05	0.034815
353.15	3.1317	373.30	0.0026788	18.984	19.354	76.798	86.813	200.38	314.92	2.1227	4.8102e-05	0.070248	0.0011665	84.399	0.011848	26.088	27.724	100.50	90.707	207.52	171.60	18.947	1.1630e-05	0.034903
353.27	3.1388	372.88	0.0026818	19.004	19.375	76.856	86.863	201.05	313.85	2.1389	4.7994e-05	0.070200	0.0011562	84.704	0.011806	26.087	27.721	100.48	90.790	208.63	171.43	18.944	1.1647e-05	0.034991
353.39	3.1459	372.45	0.0026849	19.024	19.397	76.913	86.912	201.74	312.79	2.1552	4.7886e-05	0.070152	0.0011458	85.010	0.011763	26.087	27.719	100.46	90.873	209.75	171.26	18.940	1.1664e-05	0.035079
353.51	3.1530	372.03	0.0026880	19.044	19.418	76.971	86.962	202.43	311.73	2.1717	4.7778e-05	0.070105	0.0011355	85.318	0.011721	26.086	27.716	100.44	90.956	210.88	171.09	18.937	1.1681e-05	0.035169
353.63	3.1601	371.60	0.0026911	19.064	19.439	77.029	87.013	203.13	310.66	2.1884	4.7670e-05	0.070058	0.0011252	85.626	0.011679	26.085	27.713	100.43	91.040	212.03	170.92	18.933	1.1699e-05	0.035259
353.75	3.1671	371.17	0.0026942	19.084	19.460	77.086	87.063	203.84	309.60	2.2052	4.7562e-05	0.070011	0.0011150	85.936	0.011637	26.085	27.710	100.41	91.124	213.20	170.75	18.929	1.1716e-05	0.035349
353.87	3.1742	370.74	0.0026973	19.104	19.482	77.144	87.114	204.56	308.53	2.2221	4.7454e-05	0.069964	0.0011048	86.247	0.011595	26.084	27.707	100.39	91.208	214.38	170.58	18.926	1.1733e-05	0.035441
353.99	3.1813	370.32	0.0027004	19.124	19.503	77.202	87.165	205.29	307.47	2.2392	4.7347e-05	0.069917	0.0010946	86.560	0.011553	26.083	27.703	100.37	91.293	215.58	170.41	18.922	1.1751e-05	0.035533
354.11	3.1884	369.88	0.0027036	19.144	19.524	77.259	87.216	206.02	306.40	2.2565	4.7239e-05	0.069870	0.0010845	86.874	0.011511	26.082	27.700	100.35	91.377	216.79	170.24	18.918	1.1769e-05	0.035625
354.23	3.1955	369.45	0.0027067	19.164	19.545	77.317	87.268	206.77	305.34	2.2739	4.7131e-05	0.069824	0.0010744	87.189	0.011469	26.081	27.697	100.33	91.463	218.02	170.07	18.914	1.1787e-05	0.035719
354.35	3.2026	369.02	0.0027099	19.184	19.567	77.375	87.320	207.53	304.27	2.2915	4.7023e-05	0.069777	0.0010643	87.506	0.011428	26.080	27.694	100.31	91.548	219.27	169.90	18.910	1.1804e-05	0.035813
354.46	3.2097	368.58	0.0027131	19.204	19.588	77.432	87.372	208.29	303.21	2.3092	4.6915e-05	0.069731	0.0010543	87.824	0.011386	26.079	27.690	100.29	91.634	220.53	169.73	18.906	1.1822e-05	0.035908
354.58	3.2167	368.15	0.0027163	19.224	19.609	77.490	87.424	209.07	302.14	2.3272	4.6807e-05	0.069685	0.0010443	88.143	0.011345	26.078	27.687	100.27	91.720	221.81	169.55	18.902	1.1840e-05	0.036003
354.70	3.2238	367.71	0.0027195	19.244	19.631	77.548	87.477	209.86	301.08	2.3453	4.6700e-05	0.069640	0.0010344	88.464	0.011304	26.076	27.683	100.25	91.806	223.11	169.38	18.898	1.1859e-05	0.036099
354.82	3.2309	367.27	0.0027228	19.264	19.652	77.605	87.530	210.65	300.01	2.3635	4.6592e-05	0.069594	0.0010245	88.786	0.011263	26.075	27.680	100.23	91.893	224.43	169.21	18.893	1.1877e-05	0.036196
354.94	3.2380	366.83	0.0027260	19.284	19.673	77.663	87.583	211.46	298.95	2.3820	4.6484e-05	0.069549	0.0010146	89.110	0.011222	26.074	27.676	100.21	91.980	225.76	169.04	18.889	1.1895e-05	0.036294
355.05	3.2451	366.39	0.0027293	19.304	19.694	77.721	87.637	212.28	297.88	2.4006	4.6376e-05	0.069503	0.0010047	89.435	0.011181	26.073	27.673	100.19	92.067	227.12	168.87	18.885	1.1914e-05	0.036392
355.17	3.2522	365.95	0.0027326	19.324	19.716	77.778	87.690	213.11	296.82	2.4194	4.6268e-05	0.069458	0.00099492	89.761	0.011141	26.071	27.669	100.17	92.155	228.49	168.70	18.880	1.1932e-05	0.036492
355.29	3.2593	365.51	0.0027359	19.344	19.737	77.836	87.744	213.95	295.75	2.4383	4.6160e-05	0.069413	0.00098514	90.089	0.011100	26.070	27.665	100.15	92.243	229.89	168.52	18.875	1.1951e-05	0.036592
355.41	3.2663	365.06	0.0027393	19.364	19.759	77.894	87.799	214.81	294.68	2.4575	4.6052e-05	0.069369	0.00097540	90.419	0.011060	26.068	27.661	100.13	92.331	231.30	168.35	18.871	1.1970e-05	0.036693
355.52	3.2734	364.62	0.0027426	19.384	19.780	77.952	87.854	215.67	293.62	2.4769	4.5945e-05	0.069324	0.00096569	90.750	0.011019	26.067	27.657	100.11	92.419	232.73	168.18	18.866	1.1989e-05	0.036794
355.64	3.2805	364.17	0.0027460	19.404	19.801	78.009	87.909	216.55	292.55	2.4964	4.5837e-05	0.069280	0.00095602	91.083	0.010979	26.065	27.653	100.09	92.508	234.19	168.00	18.861	1.2008e-05	0.036897
355.76	3.2876	363.72	0.0027494	19.424	19.823	78.067	87.964	217.44	291.49	2.5161	4.5729e-05	0.069236	0.00094639	91.417	0.010939	26.064	27.649	100.07	92.597	235.67	167.83	18.856	1.2027e-05	0.037000
355.87	3.2947	363.27	0.0027528	19.444	19.844	78.125	88.020	218.34	290.42	2.5361	4.5621e-05	0.069192	0.00093679	91.753	0.010899	26.062	27.645	100.05	92.687	237.17	167.66	18.851	1.2046e-05	0.037105
355.99	3.3018	362.82	0.0027562	19.464	19.866	78.183	88.076	219.26	289.35	2.5562	4.5513e-05	0.069148	0.00092723	92.090	0.010859	26.060	27.641	100.02	92.777	238.69	167.48	18.846	1.2066e-05	0.037210
356.10	3.3089	362.37	0.0027596	19.484	19.887	78.241	88.132	220.19	288.28	2.5765	4.5405e-05	0.069105	0.00091770	92.429	0.010819	26.058	27.637	100.00	92.867	240.23	167.31	18.840	1.2085e-05	0.037316
356.22	3.3159	361.91	0.0027631	19.504	19.908	78.298	88.189	221.13	287.22	2.5971	4.5297e-05	0.069062	0.00090820	92.770	0.010779	26.056	27.632	99.982	92.958	241.80	167.14	18.835	1.2105e-05	0.037423
356.33	3.3230	361.46	0.0027666	19.525	19.930	78.356	88.246	222.09	286.15	2.6178	4.5189e-05	0.069019	0.00089874	93.112	0.010740	26.054	27.628	99.960	93.049	243.40	166.96	18.829	1.2124e-05	0.037531
356.45	3.3301	361.00	0.0027701	19.545	19.951	78.414	88.304	223.06	285.08	2.6388	4.5080e-05	0.068976	0.00088932	93.456	0.010700	26.052	27.624	99.938	93.140	245.01	166.79	18.824	1.2144e-05	0.037640
356.56	3.3372	360.54	0.0027736	19.565	19.973	78.472	88.362	224.04	284.01	2.6599	4.4972e-05	0.068934	0.00087993	93.802	0.010661	26.050	27.619	99.916	93.232	246.66	166.61	18.818	1.2164e-05	0.037749
356.68	3.3443	360.08	0.0027772	19.585	19.995	78.530	88.420	225.05	282.94	2.6813	4.4864e-05	0.068891	0.00087058	94.149	0.010621	26.048	27.615	99.894	93.324	248.33	166.44	18.812	1.2184e-05	0.037860
356.79	3.3514	359.62	0.0027807	19.605	20.016	78.588	88.478	226.06	281.87	2.7030	4.4756e-05	0.068849	0.00086126	94.498	0.010582	26.046	27.610	99.872	93.416	250.02	166.26	18.806	1.2205e-05	0.037972
356.91	3.3584	359.15	0.0027843	19.625	20.038	78.646	88.537	227.09	280.80	2.7248	4.4647e-05	0.068807	0.00085197	94.849	0.010543	26.044	27.605	99.849	93.509	251.75	166.08	18.800	1.2225e-05	0.038084
357.02	3.3655	358.69	0.0027879	19.645	20.059	78.704	88.597	228.14	279.73	2.7469	4.4539e-05	0.068766	0.00084273	95.202	0.010504	26.042	27.600	99.826	93.602	253.50	165.91	18.794	1.2245e-05	0.038198
357.14	3.3726	358.22	0.0027916	19.666	20.081	78.762	88.657	229.21	278.66	2.7692	4.4430e-05	0.068725	0.00083351	95.556	0.010465	26.039	27.596	99.804	93.695	255.28	165.73	18.788	1.2266e-05	0.038313
357.25	3.3797	357.75	0.0027952	19.686	20.102	78.820	88.717	230.29	277.59	2.7917	4.4322e-05	0.068684	0.00082433	95.913	0.010426	26.037	27.591	99.781	93.789	257.08	165.56	18.782	1.2287e-05	0.038429
357.36	3.3868	357.28	0.0027989	19.706	20.124	78.878	88.777	231.39	276.52	2.8145	4.4213e-05	0.068643	0.00081519	96.271	0.010387	26.034	27.586	99.758	93.883	258.92	165.38	18.775	1.2308e-05	0.038546
357.48	3.3939	356.81	0.0028026	19.726	20.146	78.937	88.839	232.51	275.45	2.8375	4.4104e-05	0.068603	0.00080608	96.631	0.010349	26.032	27.581	99.734	93.978	260.79	165.20	18.769	1.2329e-05	0.038664
357.59	3.4010	356.34	0.0028063	19.747	20.167	78.995	88.900	233.64	274.38	2.8608	4.3996e-05	0.068562	0.00079700	96.993	0.010310	26.029	27.575	99.711	94.073	262.69	165.03	18.762	1.2350e-05	0.038783
357.70	3.4080	355.86	0.0028101	19.767	20.189	79.053	88.962	234.80	273.30	2.8843	4.3887e-05	0.068523	0.00078796	97.357	0.010271	26.027	27.570	99.687	94.169	264.63	164.85	18.755	1.2371e-05	0.038903
357.82	3.4151	355.38	0.0028139	19.787	20.211	79.111	89.024	235.97	272.23	2.9081	4.3778e-05	0.068483	0.00077896	97.723	0.010233	26.024	27.565	99.664	94.264	266.59	164.67	18.748	1.2393e-05	0.039025
357.93	3.4222	354.91	0.0028176	19.807	20.233	79.170	89.087	237.17	271.16	2.9321	4.3669e-05	0.068444	0.00076999	98.091	0.010195	26.021	27.559	99.640	94.361	268.60	164.49	18.741	1.2414e-05	0.039147
358.04	3.4293	354.42	0.0028215	19.828	20.254	79.228	89.151	238.38	270.08	2.9565	4.3560e-05	0.068405	0.00076106	98.461	0.010156	26.018	27.554	99.615	94.457	270.63	164.31	18.734	1.2436e-05	0.039271
358.15	3.4364	353.94	0.0028253	19.848	20.276	79.287	89.214	239.61	269.01	2.9810	4.3450e-05	0.068367	0.00075216	98.833	0.010118	26.015	27.548	99.591	94.554	272.70	164.14	18.726	1.2458e-05	0.039396
358.27	3.4435	353.46	0.0028292	19.869	20.298	79.345	89.279	240.87	267.93	3.0059	4.3341e-05	0.068328	0.00074329	99.208	0.010080	26.012	27.543	99.567	94.652	274.81	163.96	18.719	1.2480e-05	0.039523
358.38	3.4506	352.97	0.0028331	19.889	20.320	79.404	89.344	242.15	266.85	3.0310	4.3231e-05	0.068290	0.00073446	99.584	0.010042	26.009	27.537	99.542	94.750	276.96	163.78	18.711	1.2503e-05	0.039650
358.49	3.4576	352.48	0.0028370	19.909	20.342	79.462	89.409	243.45	265.78	3.0564	4.3122e-05	0.068253	0.00072567	99.962	0.010004	26.006	27.531	99.517	94.848	279.14	163.60	18.703	1.2525e-05	0.039779
358.60	3.4647	351.99	0.0028410	19.930	20.364	79.521	89.475	244.77	264.70	3.0821	4.3012e-05	0.068216	0.00071691	100.34	0.0099658	26.003	27.525	99.492	94.947	281.37	163.42	18.695	1.2548e-05	0.039909
358.71	3.4718	351.50	0.0028450	19.950	20.386	79.580	89.541	246.12	263.62	3.1081	4.2902e-05	0.068179	0.00070818	100.73	0.0099280	26.000	27.520	99.467	95.047	283.63	163.24	18.687	1.2570e-05	0.040041
358.82	3.4789	351.00	0.0028490	19.971	20.408	79.638	89.608	247.49	262.54	3.1344	4.2792e-05	0.068143	0.00069949	101.11	0.0098902	25.996	27.514	99.441	95.146	285.94	163.06	18.679	1.2593e-05	0.040174
358.94	3.4860	350.51	0.0028530	19.991	20.430	79.697	89.675	248.89	261.47	3.1610	4.2682e-05	0.068107	0.00069084	101.50	0.0098524	25.993	27.507	99.416	95.247	288.29	162.88	18.671	1.2616e-05	0.040308
359.05	3.4931	350.01	0.0028571	20.012	20.452	79.756	89.743	250.32	260.39	3.1879	4.2572e-05	0.068071	0.00068222	101.89	0.0098147	25.989	27.501	99.390	95.347	290.69	162.70	18.662	1.2640e-05	0.040444
359.16	3.5002	349.51	0.0028612	20.032	20.474	79.815	89.812	251.77	259.30	3.2151	4.2461e-05	0.068036	0.00067363	102.28	0.0097771	25.986	27.495	99.364	95.449	293.13	162.52	18.653	1.2663e-05	0.040581
359.27	3.5072	349.00	0.0028653	20.053	20.496	79.874	89.881	253.24	258.22	3.2427	4.2351e-05	0.068002	0.00066508	102.67	0.0097396	25.982	27.488	99.337	95.550	295.62	162.34	18.644	1.2687e-05	0.040720
359.38	3.5143	348.50	0.0028695	20.073	20.518	79.933	89.951	254.75	257.14	3.2705	4.2240e-05	0.067968	0.00065657	103.07	0.0097021	25.979	27.482	99.311	95.653	298.16	162.16	18.635	1.2711e-05	0.040860
359.49	3.5214	347.99	0.0028736	20.094	20.540	79.993	90.021	256.29	256.06	3.2987	4.2129e-05	0.067934	0.00064809	103.47	0.0096646	25.975	27.475	99.284	95.755	300.75	161.97	18.626	1.2735e-05	0.041002
359.60	3.5285	347.48	0.0028779	20.115	20.563	80.052	90.092	257.85	254.98	3.3272	4.2018e-05	0.067901	0.00063964	103.87	0.0096273	25.971	27.469	99.257	95.859	303.39	161.79	18.617	1.2759e-05	0.041146
359.71	3.5356	346.97	0.0028821	20.135	20.585	80.111	90.163	259.45	253.89	3.3561	4.1907e-05	0.067868	0.00063123	104.28	0.0095899	25.967	27.462	99.230	95.962	306.08	161.61	18.607	1.2783e-05	0.041291
359.82	3.5427	346.45	0.0028864	20.156	20.607	80.171	90.236	261.08	252.81	3.3853	4.1796e-05	0.067836	0.00062286	104.68	0.0095527	25.963	27.455	99.203	96.067	308.83	161.43	18.597	1.2808e-05	0.041438
359.93	3.5498	345.93	0.0028907	20.177	20.629	80.230	90.309	262.74	251.72	3.4149	4.1684e-05	0.067804	0.00061452	105.09	0.0095155	25.959	27.448	99.175	96.172	311.64	161.24	18.587	1.2832e-05	0.041586
360.04	3.5568	345.41	0.0028951	20.198	20.652	80.290	90.382	264.43	250.63	3.4449	4.1572e-05	0.067773	0.00060621	105.50	0.0094783	25.955	27.441	99.147	96.277	314.50	161.06	18.577	1.2857e-05	0.041736
360.14	3.5639	344.89	0.0028995	20.219	20.674	80.350	90.456	266.16	249.54	3.4752	4.1460e-05	0.067743	0.00059795	105.92	0.0094412	25.950	27.434	99.119	96.383	317.42	160.88	18.567	1.2883e-05	0.041888
360.25	3.5710	344.37	0.0029039	20.239	20.697	80.409	90.531	267.93	248.46	3.5059	4.1348e-05	0.067713	0.00058971	106.34	0.0094041	25.946	27.427	99.091	96.490	320.40	160.69	18.556	1.2908e-05	0.042042
360.36	3.5781	343.84	0.0029083	20.260	20.719	80.469	90.607	269.74	247.37	3.5370	4.1236e-05	0.067683	0.00058152	106.76	0.0093671	25.942	27.419	99.063	96.597	323.45	160.51	18.546	1.2934e-05	0.042198
360.47	3.5852	343.31	0.0029128	20.281	20.742	80.529	90.683	271.58	246.28	3.5684	4.1123e-05	0.067655	0.00057335	107.18	0.0093301	25.937	27.412	99.034	96.705	326.57	160.32	18.535	1.2960e-05	0.042355
360.58	3.5923	342.78	0.0029174	20.302	20.764	80.589	90.760	273.46	245.18	3.6003	4.1010e-05	0.067627	0.00056523	107.61	0.0092931	25.932	27.404	99.005	96.813	329.75	160.14	18.523	1.2986e-05	0.042515
360.69	3.5993	342.24	0.0029219	20.323	20.787	80.650	90.838	275.38	244.09	3.6326	4.0897e-05	0.067599	0.00055713	108.04	0.0092562	25.928	27.397	98.976	96.922	333.00	159.95	18.512	1.3012e-05	0.042677
360.79	3.6064	341.70	0.0029265	20.344	20.810	80.710	90.917	277.35	243.00	3.6652	4.0784e-05	0.067573	0.00054908	108.47	0.0092193	25.923	27.389	98.946	97.032	336.33	159.77	18.500	1.3038e-05	0.042840
360.90	3.6135	341.16	0.0029312	20.365	20.832	80.770	90.996	279.36	241.90	3.6984	4.0671e-05	0.067547	0.00054106	108.90	0.0091825	25.918	27.381	98.916	97.142	339.73	159.58	18.488	1.3065e-05	0.043006
361.01	3.6206	340.61	0.0029359	20.386	20.855	80.831	91.076	281.42	240.81	3.7319	4.0557e-05	0.067522	0.00053307	109.34	0.0091457	25.913	27.373	98.886	97.253	343.21	159.40	18.476	1.3092e-05	0.043174
361.12	3.6277	340.07	0.0029406	20.407	20.878	80.892	91.157	283.52	239.71	3.7659	4.0443e-05	0.067497	0.00052513	109.78	0.0091089	25.908	27.365	98.856	97.365	346.77	159.21	18.464	1.3120e-05	0.043344
361.22	3.6348	339.51	0.0029454	20.429	20.901	80.952	91.239	285.67	238.61	3.8003	4.0328e-05	0.067474	0.00051721	110.23	0.0090722	25.903	27.357	98.825	97.477	350.42	159.02	18.452	1.3147e-05	0.043516
361.33	3.6419	338.96	0.0029502	20.450	20.924	81.013	91.322	287.87	237.51	3.8352	4.0214e-05	0.067451	0.00050934	110.68	0.0090354	25.897	27.348	98.794	97.590	354.15	158.83	18.439	1.3175e-05	0.043691
361.44	3.6489	338.40	0.0029551	20.471	20.947	81.074	91.405	290.13	236.41	3.8705	4.0099e-05	0.067429	0.00050150	111.13	0.0089987	25.892	27.340	98.763	97.704	357.96	158.65	18.426	1.3203e-05	0.043868
361.54	3.6560	337.84	0.0029600	20.493	20.970	81.136	91.490	292.44	235.31	3.9064	3.9984e-05	0.067408	0.00049369	111.58	0.0089621	25.887	27.331	98.732	97.818	361.88	158.46	18.412	1.3231e-05	0.044047
361.65	3.6631	337.28	0.0029649	20.514	20.993	81.197	91.575	294.80	234.21	3.9427	3.9868e-05	0.067388	0.00048592	112.04	0.0089254	25.881	27.323	98.700	97.934	365.89	158.27	18.399	1.3260e-05	0.044229
361.76	3.6702	336.71	0.0029699	20.535	21.016	81.258	91.662	297.23	233.11	3.9795	3.9752e-05	0.067370	0.00047819	112.50	0.0088888	25.875	27.314	98.668	98.050	369.99	158.08	18.385	1.3289e-05	0.044414
361.86	3.6773	336.14	0.0029749	20.557	21.039	81.320	91.749	299.71	232.00	4.0168	3.9636e-05	0.067352	0.00047050	112.97	0.0088522	25.870	27.305	98.635	98.167	374.21	157.89	18.371	1.3318e-05	0.044601
361.97	3.6844	335.57	0.0029800	20.578	21.062	81.382	91.838	302.26	230.89	4.0547	3.9520e-05	0.067335	0.00046284	113.44	0.0088155	25.864	27.296	98.602	98.284	378.53	157.70	18.356	1.3347e-05	0.044791
362.08	3.6915	334.99	0.0029852	20.600	21.086	81.444	91.927	304.87	229.79	4.0930	3.9403e-05	0.067319	0.00045522	113.91	0.0087789	25.858	27.287	98.569	98.403	382.96	157.51	18.342	1.3377e-05	0.044983
362.18	3.6985	334.41	0.0029904	20.622	21.109	81.506	92.018	307.56	228.68	4.1319	3.9286e-05	0.067304	0.00044763	114.39	0.0087424	25.851	27.277	98.536	98.522	387.50	157.32	18.327	1.3407e-05	0.045179
362.29	3.7056	333.82	0.0029956	20.643	21.133	81.568	92.109	310.31	227.57	4.1714	3.9169e-05	0.067291	0.00044008	114.87	0.0087058	25.845	27.268	98.502	98.642	392.17	157.13	18.311	1.3437e-05	0.045377
362.39	3.7127	333.23	0.0030009	20.665	21.156	81.630	92.202	313.14	226.45	4.2114	3.9051e-05	0.067279	0.00043257	115.35	0.0086692	25.839	27.258	98.468	98.763	396.97	156.94	18.296	1.3468e-05	0.045579
362.50	3.7198	332.64	0.0030063	20.687	21.180	81.693	92.295	316.04	225.34	4.2520	3.8932e-05	0.067268	0.00042509	115.84	0.0086326	25.832	27.248	98.434	98.885	401.89	156.74	18.280	1.3499e-05	0.045783
362.60	3.7269	332.04	0.0030117	20.709	21.204	81.756	92.390	319.02	224.22	4.2932	3.8814e-05	0.067258	0.00041766	116.33	0.0085960	25.826	27.238	98.399	99.008	406.95	156.55	18.263	1.3531e-05	0.045991
362.71	3.7340	331.44	0.0030171	20.731	21.227	81.819	92.486	322.09	223.11	4.3350	3.8695e-05	0.067250	0.00041025	116.83	0.0085594	25.819	27.228	98.364	99.132	412.15	156.36	18.247	1.3562e-05	0.046202
362.81	3.7411	330.83	0.0030227	20.753	21.251	81.882	92.584	325.25	221.99	4.3775	3.8575e-05	0.067243	0.00040289	117.33	0.0085228	25.812	27.218	98.328	99.257	417.50	156.16	18.230	1.3594e-05	0.046417
362.92	3.7481	330.22	0.0030282	20.775	21.275	81.945	92.682	328.49	220.87	4.4205	3.8455e-05	0.067238	0.00039557	117.84	0.0084862	25.805	27.208	98.292	99.383	423.01	155.97	18.212	1.3627e-05	0.046635
363.02	3.7552	329.61	0.0030339	20.797	21.299	82.009	92.782	331.83	219.75	4.4642	3.8335e-05	0.067235	0.00038828	118.35	0.0084496	25.798	27.197	98.256	99.510	428.67	155.77	18.195	1.3660e-05	0.046856
363.12	3.7623	328.99	0.0030396	20.819	21.323	82.073	92.883	335.27	218.62	4.5086	3.8214e-05	0.067233	0.00038103	118.86	0.0084129	25.791	27.187	98.219	99.638	434.50	155.58	18.177	1.3693e-05	0.047082
363.23	3.7694	328.37	0.0030454	20.841	21.348	82.137	92.986	338.81	217.50	4.5536	3.8093e-05	0.067233	0.00037382	119.38	0.0083763	25.783	27.176	98.182	99.767	440.51	155.38	18.158	1.3726e-05	0.047311
363.33	3.7765	327.74	0.0030512	20.864	21.372	82.201	93.090	342.47	216.37	4.5993	3.7971e-05	0.067235	0.00036664	119.91	0.0083396	25.776	27.165	98.145	99.897	446.70	155.19	18.139	1.3760e-05	0.047544
363.43	3.7836	327.10	0.0030571	20.886	21.396	82.265	93.195	346.23	215.24	4.6458	3.7849e-05	0.067238	0.00035951	120.44	0.0083029	25.768	27.153	98.107	100.03	453.09	154.99	18.120	1.3795e-05	0.047782
363.54	3.7907	326.47	0.0030631	20.909	21.421	82.330	93.302	350.12	214.11	4.6929	3.7726e-05	0.067244	0.00035241	120.98	0.0082661	25.760	27.142	98.068	100.16	459.67	154.79	18.101	1.3830e-05	0.048023
363.64	3.7977	325.82	0.0030692	20.931	21.445	82.395	93.411	354.13	212.98	4.7408	3.7603e-05	0.067252	0.00034535	121.52	0.0082293	25.752	27.130	98.029	100.29	466.47	154.59	18.081	1.3865e-05	0.048269
363.74	3.8048	325.17	0.0030753	20.954	21.470	82.460	93.521	358.27	211.84	4.7895	3.7479e-05	0.067262	0.00033833	122.06	0.0081925	25.744	27.119	97.990	100.43	473.49	154.39	18.060	1.3900e-05	0.048520
363.85	3.8119	324.52	0.0030815	20.977	21.495	82.526	93.632	362.55	210.71	4.8390	3.7354e-05	0.067274	0.00033135	122.62	0.0081556	25.736	27.107	97.950	100.57	480.74	154.19	18.039	1.3937e-05	0.048775
363.95	3.8190	323.86	0.0030878	21.000	21.520	82.591	93.745	366.97	209.57	4.8893	3.7229e-05	0.067288	0.00032441	123.17	0.0081187	25.727	27.095	97.910	100.70	488.23	153.99	18.018	1.3973e-05	0.049035
364.05	3.8261	323.19	0.0030941	21.023	21.545	82.657	93.860	371.55	208.43	4.9404	3.7104e-05	0.067306	0.00031751	123.74	0.0080817	25.719	27.082	97.869	100.84	495.98	153.79	17.996	1.4010e-05	0.049300
364.16	3.8332	322.52	0.0031006	21.046	21.570	82.724	93.977	376.28	207.28	4.9923	3.6977e-05	0.067325	0.00031065	124.31	0.0080447	25.710	27.070	97.828	100.98	504.00	153.59	17.974	1.4048e-05	0.049571
364.26	3.8403	321.84	0.0031071	21.069	21.595	82.790	94.096	381.19	206.14	5.0451	3.6851e-05	0.067348	0.00030383	124.88	0.0080076	25.701	27.057	97.786	101.12	512.30	153.38	17.951	1.4086e-05	0.049847
364.36	3.8473	321.16	0.0031137	21.092	21.620	82.857	94.216	386.27	204.99	5.0988	3.6723e-05	0.067373	0.00029705	125.46	0.0079704	25.692	27.044	97.743	101.27	520.90	153.18	17.927	1.4125e-05	0.050129
364.46	3.8544	320.47	0.0031204	21.115	21.646	82.925	94.339	391.54	203.84	5.1534	3.6595e-05	0.067402	0.00029030	126.05	0.0079332	25.683	27.031	97.700	101.41	529.81	152.97	17.904	1.4164e-05	0.050416
364.56	3.8615	319.77	0.0031272	21.139	21.671	82.992	94.463	397.01	202.69	5.2090	3.6466e-05	0.067433	0.00028360	126.65	0.0078959	25.673	27.017	97.657	101.56	539.06	152.77	17.879	1.4204e-05	0.050710
364.66	3.8686	319.07	0.0031341	21.162	21.697	83.060	94.590	402.69	201.53	5.2655	3.6336e-05	0.067468	0.00027695	127.25	0.0078585	25.663	27.004	97.613	101.71	548.66	152.56	17.854	1.4245e-05	0.051010
364.77	3.8757	318.36	0.0031411	21.186	21.723	83.128	94.718	408.60	200.37	5.3230	3.6206e-05	0.067507	0.00027033	127.86	0.0078210	25.653	26.990	97.568	101.86	558.63	152.35	17.829	1.4286e-05	0.051316
364.87	3.8828	317.64	0.0031483	21.210	21.749	83.197	94.849	414.74	199.21	5.3816	3.6075e-05	0.067549	0.00026375	128.48	0.0077834	25.643	26.976	97.522	102.01	568.99	152.15	17.802	1.4327e-05	0.051630
364.97	3.8898	316.91	0.0031555	21.234	21.775	83.266	94.983	421.13	198.05	5.4412	3.5943e-05	0.067595	0.00025722	129.10	0.0077457	25.633	26.961	97.476	102.16	579.77	151.94	17.776	1.4370e-05	0.051951
365.07	3.8969	316.18	0.0031628	21.258	21.802	83.336	95.118	427.79	196.88	5.5018	3.5810e-05	0.067645	0.00025072	129.74	0.0077080	25.622	26.947	97.430	102.32	590.99	151.73	17.748	1.4413e-05	0.052279
365.17	3.9040	315.43	0.0031702	21.282	21.828	83.406	95.257	434.73	195.71	5.5636	3.5676e-05	0.067700	0.00024428	130.38	0.0076701	25.612	26.932	97.382	102.47	602.69	151.51	17.720	1.4457e-05	0.052615
365.27	3.9111	314.68	0.0031778	21.307	21.855	83.476	95.397	441.97	194.54	5.6266	3.5542e-05	0.067759	0.00023787	131.03	0.0076320	25.600	26.917	97.334	102.63	614.88	151.30	17.692	1.4501e-05	0.052960
365.37	3.9182	313.93	0.0031855	21.331	21.882	83.547	95.541	449.53	193.37	5.6907	3.5406e-05	0.067823	0.00023150	131.69	0.0075939	25.589	26.901	97.285	102.80	627.61	151.09	17.662	1.4547e-05	0.053313
365.47	3.9253	313.16	0.0031933	21.356	21.909	83.618	95.687	457.44	192.19	5.7560	3.5270e-05	0.067891	0.00022519	132.35	0.0075556	25.578	26.885	97.236	102.96	640.90	150.87	17.632	1.4593e-05	0.053675
365.57	3.9324	312.38	0.0032012	21.381	21.936	83.690	95.836	465.72	191.00	5.8226	3.5133e-05	0.067966	0.00021891	133.03	0.0075171	25.566	26.869	97.185	103.12	654.80	150.65	17.601	1.4640e-05	0.054047
365.67	3.9394	311.59	0.0032093	21.406	21.963	83.762	95.989	474.39	189.82	5.8905	3.4994e-05	0.068046	0.00021268	133.72	0.0074786	25.554	26.853	97.134	103.29	669.35	150.44	17.570	1.4688e-05	0.054428
365.77	3.9465	310.80	0.0032175	21.431	21.991	83.835	96.144	483.48	188.63	5.9598	3.4855e-05	0.068132	0.00020649	134.41	0.0074398	25.542	26.836	97.082	103.46	684.60	150.22	17.537	1.4736e-05	0.054821
365.87	3.9536	309.99	0.0032259	21.456	22.019	83.908	96.303	493.03	187.44	6.0304	3.4715e-05	0.068224	0.00020035	135.12	0.0074009	25.529	26.819	97.029	103.64	700.59	150.00	17.504	1.4786e-05	0.055224
365.97	3.9607	309.17	0.0032344	21.482	22.047	83.982	96.465	503.07	186.24	6.1024	3.4573e-05	0.068323	0.00019426	135.84	0.0073617	25.516	26.802	96.975	103.81	717.38	149.77	17.470	1.4837e-05	0.055638
366.07	3.9678	308.34	0.0032431	21.508	22.075	84.056	96.631	513.63	185.04	6.1760	3.4431e-05	0.068429	0.00018821	136.57	0.0073224	25.503	26.784	96.920	103.99	735.04	149.55	17.435	1.4889e-05	0.056065
366.17	3.9749	307.50	0.0032520	21.534	22.104	84.132	96.800	524.77	183.84	6.2510	3.4287e-05	0.068542	0.00018221	137.31	0.0072829	25.489	26.766	96.864	104.17	753.63	149.32	17.399	1.4942e-05	0.056505
366.27	3.9820	306.65	0.0032610	21.560	22.132	84.208	96.973	536.52	182.63	6.3277	3.4142e-05	0.068663	0.00017625	138.06	0.0072431	25.475	26.747	96.807	104.36	773.22	149.09	17.362	1.4996e-05	0.056959
366.36	3.9890	305.78	0.0032703	21.586	22.161	84.284	97.151	548.94	181.42	6.4059	3.3996e-05	0.068793	0.00017035	138.83	0.0072031	25.461	26.728	96.749	104.54	793.90	148.86	17.325	1.5052e-05	0.057427
366.46	3.9961	304.91	0.0032797	21.613	22.191	84.361	97.333	562.10	180.20	6.4859	3.3849e-05	0.068932	0.00016449	139.61	0.0071629	25.447	26.709	96.690	104.73	815.77	148.63	17.286	1.5109e-05	0.057911
366.56	4.0032	304.01	0.0032893	21.640	22.220	84.439	97.519	576.04	178.98	6.5677	3.3700e-05	0.069081	0.00015868	140.40	0.0071224	25.432	26.689	96.630	104.93	838.92	148.40	17.246	1.5167e-05	0.058410
366.66	4.0103	303.11	0.0032992	21.667	22.250	84.518	97.710	590.86	177.76	6.6512	3.3550e-05	0.069239	0.00015292	141.21	0.0070816	25.416	26.669	96.568	105.13	863.47	148.16	17.205	1.5227e-05	0.058928
366.76	4.0174	302.18	0.0033093	21.694	22.281	84.598	97.907	606.63	176.52	6.7367	3.3399e-05	0.069409	0.00014721	142.04	0.0070405	25.401	26.648	96.506	105.33	889.55	147.92	17.162	1.5289e-05	0.059464
366.86	4.0245	301.24	0.0033196	21.722	22.311	84.679	98.108	623.44	175.29	6.8242	3.3246e-05	0.069591	0.00014156	142.88	0.0069990	25.384	26.627	96.441	105.53	917.31	147.68	17.119	1.5352e-05	0.060020
366.95	4.0316	300.29	0.0033301	21.750	22.342	84.760	98.315	641.41	174.05	6.9137	3.3092e-05	0.069785	0.00013596	143.73	0.0069573	25.368	26.605	96.376	105.74	946.91	147.44	17.074	1.5417e-05	0.060597
367.05	4.0386	299.31	0.0033410	21.779	22.374	84.843	98.528	660.65	172.80	7.0053	3.2937e-05	0.069992	0.00013041	144.61	0.0069151	25.351	26.582	96.309	105.96	978.55	147.19	17.028	1.5484e-05	0.061197
367.15	4.0457	298.32	0.0033521	21.807	22.405	84.926	98.748	681.30	171.55	7.0992	3.2780e-05	0.070214	0.00012491	145.51	0.0068726	25.333	26.559	96.240	106.18	1012.4	146.94	16.980	1.5553e-05	0.061821
367.24	4.0528	297.31	0.0033635	21.836	22.438	85.011	98.974	703.52	170.29	7.1954	3.2622e-05	0.070452	0.00011947	146.42	0.0068296	25.315	26.535	96.170	106.40	1048.8	146.68	16.931	1.5625e-05	0.062473
367.34	4.0599	296.27	0.0033753	21.866	22.470	85.097	99.207	727.50	169.02	7.2941	3.2462e-05	0.070707	0.00011408	147.36	0.0067862	25.296	26.511	96.097	106.63	1088.0	146.43	16.881	1.5699e-05	0.063152
367.44	4.0670	295.22	0.0033873	21.896	22.503	85.185	99.448	753.45	167.75	7.3953	3.2300e-05	0.070981	0.00010876	148.32	0.0067423	25.277	26.486	96.023	106.86	1130.2	146.17	16.828	1.5776e-05	0.063863
367.54	4.0741	294.14	0.0033998	21.926	22.537	85.273	99.696	781.62	166.47	7.4992	3.2137e-05	0.071274	0.00010349	149.30	0.0066979	25.257	26.460	95.947	107.10	1176.0	145.90	16.774	1.5856e-05	0.064608
367.63	4.0812	293.03	0.0034126	21.957	22.571	85.363	99.954	812.31	165.19	7.6059	3.1973e-05	0.071590	9.8279e-05	150.31	0.0066529	25.236	26.433	95.869	107.35	1225.6	145.63	16.718	1.5939e-05	0.065390
367.73	4.0882	291.89	0.0034259	21.988	22.606	85.455	100.22	845.86	163.90	7.7155	3.1807e-05	0.071930	9.3131e-05	151.35	0.0066073	25.215	26.406	95.789	107.60	1279.8	145.35	16.660	1.6026e-05	0.066212
367.82	4.0953	290.73	0.0034396	22.020	22.641	85.549	100.50	882.68	162.59	7.8283	3.1640e-05	0.072297	8.8046e-05	152.41	0.0065610	25.193	26.377	95.706	107.86	1339.0	145.07	16.600	1.6117e-05	0.067079
367.92	4.1024	289.53	0.0034538	22.053	22.678	85.644	100.78	923.28	161.28	7.9444	3.1471e-05	0.072693	8.3026e-05	153.51	0.0065141	25.170	26.348	95.620	108.13	1404.0	144.79	16.538	1.6212e-05	0.067995
368.02	4.1095	288.30	0.0034686	22.086	22.714	85.741	101.08	968.25	159.97	8.0639	3.1300e-05	0.073123	7.8071e-05	154.65	0.0064663	25.146	26.318	95.532	108.40	1475.8	144.49	16.473	1.6312e-05	0.068966
368.11	4.1166	287.04	0.0034839	22.120	22.752	85.841	101.40	1018.3	158.64	8.1871	3.1128e-05	0.073589	7.3185e-05	155.82	0.0064177	25.121	26.286	95.440	108.69	1555.4	144.20	16.406	1.6417e-05	0.069997
368.21	4.1237	285.73	0.0034998	22.154	22.791	85.943	101.72	1074.4	157.30	8.3143	3.0955e-05	0.074098	6.8369e-05	157.03	0.0063681	25.095	26.253	95.345	108.98	1644.1	143.89	16.336	1.6529e-05	0.071098
368.30	4.1307	284.37	0.0035165	22.190	22.830	86.047	102.06	1137.6	155.95	8.4456	3.0781e-05	0.074655	6.3625e-05	158.29	0.0063175	25.068	26.219	95.247	109.28	1743.6	143.57	16.263	1.6648e-05	0.072276
368.40	4.1378	282.97	0.0035339	22.226	22.871	86.155	102.42	1209.4	154.59	8.5814	3.0605e-05	0.075266	5.8957e-05	159.60	0.0062658	25.040	26.183	95.144	109.60	1856.0	143.25	16.186	1.6774e-05	0.073542
368.49	4.1449	281.51	0.0035522	22.264	22.913	86.266	102.80	1291.6	153.21	8.7221	3.0429e-05	0.075942	5.4367e-05	160.96	0.0062128	25.010	26.145	95.037	109.93	1984.0	142.91	16.106	1.6910e-05	0.074910
368.59	4.1520	280.00	0.0035715	22.303	22.956	86.380	103.19	1386.6	151.83	8.8679	3.0251e-05	0.076692	4.9858e-05	162.38	0.0061583	24.978	26.106	94.925	110.27	2130.9	142.56	16.022	1.7055e-05	0.076396
368.68	4.1591	278.41	0.0035918	22.342	23.001	86.499	103.61	1497.4	150.43	9.0195	3.0073e-05	0.077532	4.5434e-05	163.87	0.0061022	24.945	26.064	94.807	110.62	2301.2	142.20	15.934	1.7213e-05	0.078020
368.78	4.1662	276.74	0.0036135	22.384	23.048	86.622	104.06	1628.5	149.01	9.1772	2.9894e-05	0.078480	4.1099e-05	165.45	0.0060443	24.910	26.021	94.684	110.99	2501.1	141.82	15.840	1.7384e-05	0.079808
368.87	4.1733	274.99	0.0036365	22.427	23.096	86.751	104.53	1785.7	147.58	9.3417	2.9715e-05	0.079560	3.6858e-05	167.11	0.0059843	24.873	25.974	94.552	111.38	2738.8	141.43	15.741	1.7572e-05	0.081796
368.96	4.1803	273.13	0.0036613	22.472	23.147	86.886	105.04	1977.3	146.12	9.5139	2.9536e-05	0.080805	3.2716e-05	168.87	0.0059217	24.833	25.925	94.413	111.80	3026.0	141.01	15.636	1.7779e-05	0.084027
369.06	4.1874	271.15	0.0036880	22.520	23.201	87.028	105.59	2215.8	144.65	9.6946	2.9357e-05	0.082262	2.8680e-05	170.76	0.0058563	24.790	25.871	94.264	112.23	3379.9	140.57	15.523	1.8009e-05	0.086565
369.15	4.1945	269.02	0.0037172	22.571	23.258	87.179	106.19	2520.1	143.15	9.8851	2.9177e-05	0.084000	2.4758e-05	172.79	0.0057874	24.743	25.814	94.103	112.69	3826.2	140.09	15.401	1.8267e-05	0.089499
369.24	4.2016	266.72	0.0037493	22.625	23.319	87.342	106.84	2920.7	141.63	10.087	2.8997e-05	0.086119	2.0959e-05	175.00	0.0057143	24.692	25.751	93.927	113.19	4406.1	139.58	15.269	1.8561e-05	0.092961
369.34	4.2087	264.18	0.0037852	22.683	23.386	87.518	107.57	3469.7	140.07	10.303	2.8816e-05	0.088783	1.7295e-05	177.44	0.0056357	24.635	25.681	93.734	113.72	5189.1	139.02	15.124	1.8899e-05	0.097156
369.43	4.2158	261.35	0.0038262	22.747	23.459	87.713	108.39	4264.1	138.48	10.535	2.8632e-05	0.092271	1.3782e-05	180.17	0.0055502	24.571	25.603	93.518	114.30	6302.3	138.40	14.963	1.9296e-05	0.10243
369.52	4.2229	258.12	0.0038742	22.820	23.541	87.934	109.32	5504.9	136.85	10.789	2.8441e-05	0.097106	1.0441e-05	183.31	0.0054552	24.498	25.513	93.270	114.94	8004.4	137.69	14.780	1.9774e-05	0.10941
369.61	4.2299	254.28	0.0039327	22.905	23.638	88.193	110.43	7683.1	135.18	11.073	2.8234e-05	0.10442	7.3010e-06	187.06	0.0053460	24.409	25.406	92.976	115.65	10914.	136.86	14.565	2.0370e-05	0.11941
369.71	4.2370	249.43	0.0040091	23.010	23.759	88.516	111.81	12362.	133.45	11.405	2.7987e-05	0.11724	4.4109e-06	191.80	0.0052137	24.296	25.271	92.604	116.46	16946.	135.81	14.300	2.1159e-05	0.13589
369.80	4.2441	242.44	0.0041248	23.160	23.932	88.980	undefined	undefined	undefined	11.832	2.7614e-05	undefined	1.8631e-06	198.69	0.0050331	24.133	25.075	92.072	undefined	undefined	undefined	13.932	2.2335e-05	undefined
369.89	4.2512	220.48	0.0045356	23.633	24.483	90.468	undefined	undefined	undefined	0.0000	2.5703e-05	undefined	0.0000	220.48	0.0045356	23.633	24.483	90.468	undefined	undefined	undefined	0.0000	2.5703e-05	undefined
