Temperature (K)	Pressure (MPa)	Density (l, kg/m3)	Volume (l, m3/kg)	Internal Energy (l, kJ/mol)	Enthalpy (l, kJ/mol)	Entropy (l, J/mol*K)	Cv (l, J/mol*K)	Cp (l, J/mol*K)	Sound Spd. (l, m/s)	Joule-Thomson (l, K/MPa)	Viscosity (l, Pa*s)	Therm. Cond. (l, W/m*K)	Surf. Tension (l, N/m)	Density (v, kg/m3)	Volume (v, m3/kg)	Internal Energy (v, kJ/mol)	Enthalpy (v, kJ/mol)	Entropy (v, J/mol*K)	Cv (v, J/mol*K)	Cp (v, J/mol*K)	Sound Spd. (v, m/s)	Joule-Thomson (v, K/MPa)	Viscosity (v, Pa*s)	Therm. Cond. (v, W/m*K)
181.21	0.0075917	662.48	0.0015095	-0.17751	-0.17703	4.1056	56.073	87.518	1472.8	-0.49922	0.00033968	0.16654	0.023289	0.21316	4.6913	18.708	20.207	116.59	39.665	48.176	207.43	70.476	5.1251e-06	0.0074461
191.02	0.015183	651.22	0.0015356	0.68381	0.68479	8.7345	56.105	88.162	1409.9	-0.48435	0.00029491	0.15874	0.021816	0.40594	2.4634	19.088	20.662	113.32	40.958	49.613	211.88	61.806	5.4005e-06	0.0081229
197.35	0.022775	643.87	0.0015531	1.2434	1.2449	11.617	56.219	88.690	1369.0	-0.47307	0.00027077	0.15414	0.020874	0.59128	1.6913	19.336	20.957	111.50	41.835	50.617	214.54	56.966	5.5781e-06	0.0085777
202.14	0.030367	638.25	0.0015668	1.6695	1.6715	13.750	56.352	89.149	1338.0	-0.46360	0.00025449	0.15087	0.020164	0.77194	1.2954	19.525	21.180	110.26	42.524	51.423	216.43	53.627	5.7123e-06	0.0089320
206.05	0.037958	633.63	0.0015782	2.0185	2.0210	15.460	56.488	89.561	1312.6	-0.45526	0.00024230	0.14832	0.019589	0.94921	1.0535	19.679	21.362	109.32	43.103	52.113	217.88	51.091	5.8217e-06	0.0092275
209.38	0.045550	629.68	0.0015881	2.3166	2.3196	16.895	56.624	89.938	1291.0	-0.44771	0.00023262	0.14623	0.019102	1.1239	0.88979	19.811	21.516	108.58	43.609	52.725	219.06	49.053	5.9148e-06	0.0094837
212.28	0.053142	626.20	0.0015969	2.5784	2.5819	18.137	56.756	90.289	1272.0	-0.44074	0.00022463	0.14446	0.018677	1.2964	0.77137	19.926	21.651	107.96	44.061	53.280	220.03	47.356	5.9962e-06	0.0097117
214.88	0.060733	623.08	0.0016049	2.8128	2.8169	19.235	56.884	90.618	1255.1	-0.43423	0.00021784	0.14292	0.018299	1.4672	0.68159	20.029	21.771	107.44	44.474	53.790	220.86	45.904	6.0689e-06	0.0099183
217.23	0.068325	620.24	0.0016123	3.0258	3.0305	20.221	57.009	90.929	1239.8	-0.42808	0.00021195	0.14156	0.017958	1.6364	0.61109	20.122	21.879	106.99	44.854	54.266	221.58	44.640	6.1348e-06	0.010108
219.38	0.075917	617.62	0.0016191	3.2216	3.2267	21.118	57.131	91.225	1225.8	-0.42225	0.00020677	0.14034	0.017647	1.8044	0.55421	20.208	21.978	106.59	45.208	54.713	222.21	43.521	6.1952e-06	0.010284
221.37	0.083508	615.19	0.0016255	3.4030	3.4087	21.941	57.249	91.509	1212.8	-0.41667	0.00020214	0.13923	0.017360	1.9712	0.50731	20.287	22.069	106.24	45.540	55.137	222.77	42.521	6.2511e-06	0.010448
223.22	0.091100	612.91	0.0016316	3.5725	3.5787	22.703	57.363	91.781	1200.7	-0.41130	0.00019797	0.13822	0.017093	2.1370	0.46795	20.360	22.154	105.92	45.853	55.539	223.26	41.617	6.3033e-06	0.010603
224.95	0.098692	610.77	0.0016373	3.7316	3.7384	23.414	57.475	92.044	1189.3	-0.40613	0.00019418	0.13728	0.016844	2.3018	0.43443	20.429	22.233	105.63	46.151	55.925	223.71	40.793	6.3522e-06	0.010750
226.59	0.10628	608.75	0.0016427	3.8819	3.8893	24.080	57.583	92.297	1178.7	-0.40113	0.00019070	0.13641	0.016610	2.4659	0.40553	20.494	22.308	105.37	46.434	56.294	224.11	40.038	6.3983e-06	0.010889
228.13	0.11388	606.82	0.0016479	4.0244	4.0323	24.706	57.689	92.543	1168.6	-0.39627	0.00018750	0.13560	0.016389	2.6293	0.38033	20.556	22.378	105.12	46.705	56.650	224.47	39.342	6.4421e-06	0.011023
229.60	0.12147	604.99	0.0016529	4.1601	4.1685	25.299	57.792	92.782	1159.0	-0.39155	0.00018452	0.13484	0.016180	2.7919	0.35817	20.614	22.445	104.90	46.965	56.994	224.80	38.697	6.4837e-06	0.011150
231.00	0.12906	603.24	0.0016577	4.2896	4.2986	25.862	57.893	93.015	1149.8	-0.38694	0.00018176	0.13413	0.015981	2.9540	0.33852	20.669	22.508	104.69	47.215	57.327	225.10	38.096	6.5234e-06	0.011273
232.33	0.13665	601.56	0.0016624	4.4137	4.4232	26.397	57.991	93.241	1141.1	-0.38244	0.00017917	0.13345	0.015791	3.1155	0.32097	20.722	22.568	104.50	47.455	57.649	225.38	37.535	6.5614e-06	0.011391
233.61	0.14424	599.94	0.0016668	4.5328	4.5429	26.909	58.088	93.463	1132.7	-0.37804	0.00017674	0.13281	0.015610	3.2765	0.30520	20.773	22.626	104.31	47.688	57.963	225.63	37.008	6.5979e-06	0.011505
234.84	0.15183	598.38	0.0016712	4.6474	4.6581	27.398	58.182	93.679	1124.7	-0.37372	0.00017445	0.13220	0.015436	3.4370	0.29095	20.822	22.681	104.14	47.913	58.268	225.86	36.514	6.6331e-06	0.011616
236.02	0.15943	596.87	0.0016754	4.7579	4.7691	27.868	58.275	93.891	1117.0	-0.36949	0.00017229	0.13162	0.015269	3.5971	0.27800	20.869	22.734	103.98	48.131	58.566	226.07	36.047	6.6670e-06	0.011723
237.16	0.16702	595.42	0.0016795	4.8647	4.8765	28.319	58.365	94.098	1109.5	-0.36533	0.00017024	0.13107	0.015108	3.7568	0.26618	20.914	22.785	103.83	48.342	58.856	226.26	35.606	6.6998e-06	0.011827
238.26	0.17461	594.01	0.0016835	4.9680	4.9803	28.754	58.454	94.302	1102.3	-0.36123	0.00016829	0.13054	0.014953	3.9161	0.25535	20.958	22.834	103.69	48.548	59.140	226.44	35.187	6.7315e-06	0.011928
239.32	0.18220	592.64	0.0016874	5.0681	5.0810	29.173	58.542	94.502	1095.3	-0.35721	0.00016644	0.13003	0.014803	4.0751	0.24539	21.000	22.881	103.55	48.748	59.418	226.61	34.790	6.7623e-06	0.012027
240.35	0.18979	591.31	0.0016912	5.1653	5.1788	29.579	58.627	94.699	1088.6	-0.35323	0.00016467	0.12954	0.014658	4.2338	0.23620	21.040	22.927	103.42	48.943	59.690	226.76	34.413	6.7921e-06	0.012123
241.35	0.19738	590.01	0.0016949	5.2597	5.2738	29.971	58.712	94.892	1082.0	-0.34932	0.00016298	0.12907	0.014518	4.3921	0.22768	21.080	22.971	103.30	49.133	59.957	226.90	34.053	6.8212e-06	0.012217
242.32	0.20498	588.75	0.0016985	5.3515	5.3662	30.351	58.794	95.083	1075.7	-0.34545	0.00016136	0.12861	0.014382	4.5502	0.21977	21.118	23.014	103.18	49.318	60.219	227.03	33.709	6.8495e-06	0.012309
243.27	0.21257	587.52	0.0017021	5.4410	5.4562	30.719	58.876	95.271	1069.5	-0.34163	0.00015981	0.12818	0.014250	4.7080	0.21240	21.156	23.055	103.06	49.499	60.476	227.14	33.381	6.8771e-06	0.012399
244.18	0.22016	586.32	0.0017056	5.5282	5.5440	31.077	58.956	95.456	1063.5	-0.33786	0.00015832	0.12775	0.014122	4.8656	0.20553	21.192	23.096	102.96	49.676	60.729	227.25	33.067	6.9040e-06	0.012487
245.08	0.22775	585.15	0.0017090	5.6133	5.6297	31.425	59.035	95.638	1057.6	-0.33413	0.00015689	0.12734	0.013998	5.0229	0.19909	21.227	23.135	102.85	49.849	60.978	227.35	32.766	6.9303e-06	0.012573
245.95	0.23534	584.00	0.0017123	5.6964	5.7134	31.764	59.113	95.818	1051.9	-0.33043	0.00015551	0.12694	0.013876	5.1801	0.19305	21.261	23.173	102.75	50.019	61.222	227.44	32.477	6.9560e-06	0.012657
246.80	0.24293	582.88	0.0017156	5.7777	5.7952	32.094	59.190	95.996	1046.4	-0.32678	0.00015418	0.12655	0.013758	5.3371	0.18737	21.295	23.210	102.66	50.185	61.464	227.52	32.200	6.9812e-06	0.012740
247.63	0.25053	581.78	0.0017189	5.8571	5.8752	32.415	59.265	96.172	1040.9	-0.32315	0.00015289	0.12618	0.013643	5.4938	0.18202	21.328	23.246	102.56	50.348	61.701	227.60	31.933	7.0059e-06	0.012822
248.44	0.25812	580.70	0.0017221	5.9349	5.9536	32.729	59.340	96.345	1035.6	-0.31956	0.00015165	0.12581	0.013530	5.6505	0.17698	21.359	23.282	102.48	50.507	61.935	227.67	31.676	7.0301e-06	0.012902
249.24	0.26571	579.64	0.0017252	6.0111	6.0304	33.035	59.414	96.517	1030.4	-0.31600	0.00015045	0.12546	0.013420	5.8069	0.17221	21.391	23.316	102.39	50.664	62.167	227.73	31.428	7.0538e-06	0.012981
250.01	0.27330	578.60	0.0017283	6.0858	6.1057	33.335	59.486	96.687	1025.3	-0.31247	0.00014929	0.12511	0.013312	5.9633	0.16769	21.421	23.350	102.31	50.818	62.395	227.78	31.190	7.0770e-06	0.013058
250.77	0.28089	577.58	0.0017313	6.1591	6.1795	33.628	59.558	96.855	1020.3	-0.30896	0.00014816	0.12477	0.013207	6.1194	0.16341	21.451	23.382	102.23	50.969	62.620	227.83	30.960	7.0999e-06	0.013135
251.52	0.28848	576.58	0.0017344	6.2310	6.2520	33.914	59.629	97.021	1015.4	-0.30548	0.00014707	0.12444	0.013104	6.2755	0.15935	21.480	23.415	102.15	51.118	62.843	227.88	30.737	7.1224e-06	0.013210
252.25	0.29608	575.60	0.0017373	6.3016	6.3232	34.194	59.698	97.186	1010.6	-0.30203	0.00014601	0.12412	0.013004	6.4315	0.15549	21.509	23.446	102.07	51.264	63.063	227.92	30.522	7.1445e-06	0.013284
252.97	0.30367	574.63	0.0017402	6.3709	6.3931	34.469	59.768	97.349	1005.9	-0.29860	0.00014498	0.12380	0.012905	6.5873	0.15181	21.537	23.477	102.00	51.408	63.281	227.95	30.314	7.1663e-06	0.013357
253.67	0.31126	573.68	0.0017431	6.4390	6.4619	34.738	59.836	97.511	1001.3	-0.29519	0.00014398	0.12349	0.012808	6.7431	0.14830	21.564	23.507	101.93	51.550	63.496	227.98	30.113	7.1877e-06	0.013430
254.36	0.31885	572.74	0.0017460	6.5060	6.5295	35.002	59.903	97.672	996.78	-0.29180	0.00014300	0.12319	0.012714	6.8988	0.14495	21.591	23.536	101.86	51.689	63.709	228.00	29.918	7.2088e-06	0.013501
255.04	0.32644	571.82	0.0017488	6.5720	6.5960	35.261	59.970	97.831	992.33	-0.28843	0.00014205	0.12290	0.012621	7.0544	0.14176	21.618	23.565	101.80	51.827	63.920	228.02	29.729	7.2296e-06	0.013571
255.71	0.33403	570.91	0.0017516	6.6368	6.6614	35.515	60.036	97.989	987.96	-0.28508	0.00014113	0.12261	0.012529	7.2099	0.13870	21.644	23.593	101.73	51.962	64.129	228.04	29.546	7.2501e-06	0.013641
256.36	0.34163	570.01	0.0017544	6.7007	6.7259	35.765	60.101	98.145	983.66	-0.28174	0.00014023	0.12233	0.012440	7.3654	0.13577	21.669	23.621	101.67	52.096	64.336	228.05	29.368	7.2703e-06	0.013709
257.01	0.34922	569.13	0.0017571	6.7636	6.7894	36.010	60.166	98.300	979.43	-0.27842	0.00013935	0.12205	0.012351	7.5208	0.13297	21.694	23.648	101.61	52.227	64.542	228.06	29.196	7.2903e-06	0.013777
257.64	0.35681	568.25	0.0017598	6.8255	6.8520	36.251	60.230	98.455	975.26	-0.27512	0.00013849	0.12178	0.012265	7.6761	0.13027	21.719	23.675	101.55	52.357	64.745	228.06	29.028	7.3100e-06	0.013844
258.26	0.36440	567.39	0.0017624	6.8866	6.9136	36.488	60.293	98.608	971.17	-0.27184	0.00013765	0.12151	0.012180	7.8314	0.12769	21.743	23.701	101.49	52.485	64.947	228.07	28.865	7.3294e-06	0.013911
258.88	0.37199	566.54	0.0017651	6.9468	6.9744	36.721	60.356	98.760	967.13	-0.26856	0.00013683	0.12125	0.012096	7.9867	0.12521	21.767	23.727	101.43	52.612	65.147	228.06	28.707	7.3486e-06	0.013976
259.48	0.37958	565.70	0.0017677	7.0062	7.0344	36.950	60.418	98.911	963.16	-0.26530	0.00013603	0.12099	0.012014	8.1420	0.12282	21.790	23.752	101.38	52.737	65.346	228.06	28.552	7.3676e-06	0.014041
260.08	0.38718	564.88	0.0017703	7.0647	7.0936	37.176	60.479	99.061	959.24	-0.26206	0.00013525	0.12073	0.011933	8.2972	0.12052	21.813	23.777	101.32	52.860	65.543	228.05	28.402	7.3864e-06	0.014106
260.66	0.39477	564.06	0.0017729	7.1225	7.1520	37.398	60.540	99.210	955.38	-0.25882	0.00013449	0.12049	0.011853	8.4524	0.11831	21.836	23.801	101.27	52.982	65.739	228.04	28.256	7.4049e-06	0.014169
261.24	0.40236	563.25	0.0017754	7.1796	7.2096	37.616	60.600	99.358	951.58	-0.25560	0.00013374	0.12024	0.011775	8.6076	0.11618	21.858	23.825	101.22	53.103	65.933	228.02	28.114	7.4233e-06	0.014232
261.81	0.40995	562.45	0.0017779	7.2359	7.2666	37.832	60.660	99.506	947.82	-0.25239	0.00013300	0.12000	0.011697	8.7627	0.11412	21.880	23.849	101.17	53.222	66.127	228.01	27.975	7.4415e-06	0.014295
262.38	0.41754	561.66	0.0017804	7.2915	7.3228	38.044	60.719	99.652	944.12	-0.24919	0.00013229	0.11976	0.011621	8.9179	0.11213	21.902	23.872	101.12	53.340	66.319	227.99	27.840	7.4595e-06	0.014357
262.93	0.42513	560.88	0.0017829	7.3464	7.3783	38.254	60.778	99.798	940.47	-0.24599	0.00013158	0.11953	0.011546	9.0730	0.11022	21.923	23.895	101.07	53.457	66.509	227.97	27.708	7.4773e-06	0.014418
263.48	0.43273	560.10	0.0017854	7.4007	7.4332	38.460	60.836	99.943	936.86	-0.24281	0.00013089	0.11930	0.011472	9.2282	0.10836	21.944	23.917	101.02	53.572	66.699	227.94	27.580	7.4949e-06	0.014479
264.02	0.44032	559.34	0.0017878	7.4544	7.4875	38.664	60.894	100.09	933.30	-0.23964	0.00013022	0.11907	0.011399	9.3834	0.10657	21.965	23.940	100.98	53.686	66.888	227.92	27.454	7.5123e-06	0.014539
264.55	0.44791	558.58	0.0017902	7.5074	7.5411	38.864	60.951	100.23	929.78	-0.23647	0.00012955	0.11885	0.011327	9.5386	0.10484	21.985	23.961	100.93	53.799	67.075	227.89	27.331	7.5296e-06	0.014599
265.08	0.45550	557.83	0.0017926	7.5598	7.5942	39.062	61.007	100.37	926.31	-0.23331	0.00012890	0.11863	0.011256	9.6938	0.10316	22.006	23.983	100.89	53.911	67.262	227.86	27.211	7.5468e-06	0.014658
265.60	0.46309	557.09	0.0017950	7.6116	7.6466	39.258	61.064	100.51	922.88	-0.23016	0.00012826	0.11841	0.011186	9.8490	0.10153	22.026	24.004	100.84	54.022	67.447	227.82	27.094	7.5638e-06	0.014717
266.12	0.47068	556.36	0.0017974	7.6629	7.6985	39.451	61.120	100.66	919.49	-0.22702	0.00012763	0.11820	0.011117	10.004	0.099958	22.045	24.025	100.80	54.132	67.632	227.79	26.980	7.5806e-06	0.014775
266.62	0.47828	555.63	0.0017998	7.7137	7.7499	39.642	61.175	100.80	916.14	-0.22388	0.00012702	0.11799	0.011048	10.159	0.098430	22.065	24.046	100.76	54.241	67.816	227.75	26.868	7.5973e-06	0.014833
267.13	0.48587	554.91	0.0018021	7.7638	7.8007	39.830	61.230	100.94	912.83	-0.22075	0.00012641	0.11778	0.010981	10.315	0.096948	22.084	24.066	100.72	54.348	67.999	227.71	26.759	7.6139e-06	0.014891
267.62	0.49346	554.20	0.0018044	7.8135	7.8510	40.016	61.284	101.08	909.56	-0.21762	0.00012582	0.11757	0.010914	10.470	0.095510	22.103	24.086	100.68	54.455	68.181	227.67	26.651	7.6303e-06	0.014948
268.11	0.50105	553.49	0.0018067	7.8627	7.9008	40.200	61.339	101.22	906.32	-0.21451	0.00012523	0.11737	0.010849	10.625	0.094114	22.121	24.106	100.64	54.561	68.363	227.63	26.547	7.6466e-06	0.015005
268.60	0.50864	552.79	0.0018090	7.9114	7.9501	40.381	61.392	101.35	903.12	-0.21139	0.00012465	0.11717	0.010784	10.781	0.092757	22.140	24.125	100.60	54.666	68.543	227.58	26.444	7.6628e-06	0.015061
269.08	0.51623	552.09	0.0018113	7.9596	7.9989	40.561	61.446	101.49	899.95	-0.20828	0.00012409	0.11697	0.010720	10.936	0.091439	22.158	24.144	100.56	54.770	68.723	227.54	26.343	7.6789e-06	0.015117
269.55	0.52383	551.40	0.0018136	8.0073	8.0473	40.738	61.499	101.63	896.81	-0.20517	0.00012353	0.11678	0.010656	11.092	0.090157	22.176	24.163	100.53	54.873	68.903	227.49	26.245	7.6948e-06	0.015173
270.02	0.53142	550.72	0.0018158	8.0546	8.0952	40.914	61.551	101.77	893.71	-0.20207	0.00012298	0.11658	0.010594	11.247	0.088910	22.194	24.182	100.49	54.976	69.081	227.44	26.149	7.7107e-06	0.015228
270.49	0.53901	550.04	0.0018180	8.1014	8.1426	41.087	61.604	101.90	890.64	-0.19897	0.00012244	0.11639	0.010532	11.403	0.087697	22.211	24.200	100.45	55.077	69.259	227.39	26.054	7.7264e-06	0.015283
270.95	0.54660	549.37	0.0018203	8.1478	8.1897	41.259	61.655	102.04	887.60	-0.19588	0.00012191	0.11621	0.010470	11.559	0.086516	22.228	24.218	100.42	55.178	69.437	227.34	25.961	7.7420e-06	0.015337
271.40	0.55419	548.70	0.0018225	8.1938	8.2363	41.428	61.707	102.17	884.59	-0.19279	0.00012139	0.11602	0.010410	11.714	0.085366	22.246	24.236	100.38	55.278	69.614	227.28	25.871	7.7575e-06	0.015392
271.85	0.56178	548.04	0.0018247	8.2394	8.2825	41.596	61.758	102.31	881.61	-0.18970	0.00012087	0.11583	0.010350	11.870	0.084246	22.262	24.254	100.35	55.377	69.790	227.23	25.781	7.7729e-06	0.015446
272.30	0.56938	547.38	0.0018269	8.2845	8.3283	41.762	61.809	102.44	878.66	-0.18661	0.00012037	0.11565	0.010291	12.026	0.083154	22.279	24.272	100.31	55.476	69.966	227.17	25.694	7.7882e-06	0.015499
272.74	0.57697	546.73	0.0018290	8.3293	8.3737	41.927	61.860	102.58	875.74	-0.18353	0.00011987	0.11547	0.010232	12.182	0.082090	22.296	24.289	100.28	55.574	70.141	227.11	25.608	7.8035e-06	0.015552
273.18	0.58456	546.09	0.0018312	8.3737	8.4187	42.090	61.910	102.71	872.84	-0.18045	0.00011937	0.11529	0.010174	12.338	0.081052	22.312	24.306	100.25	55.671	70.316	227.05	25.524	7.8186e-06	0.015605
273.61	0.59215	545.44	0.0018334	8.4177	8.4634	42.251	61.960	102.84	869.97	-0.17737	0.00011889	0.11512	0.010117	12.494	0.080040	22.328	24.323	100.21	55.767	70.490	226.99	25.441	7.8336e-06	0.015658
274.04	0.59974	544.81	0.0018355	8.4613	8.5077	42.411	62.009	102.98	867.13	-0.17429	0.00011841	0.11494	0.010060	12.650	0.079052	22.344	24.339	100.18	55.863	70.664	226.93	25.360	7.8486e-06	0.015711
274.46	0.60733	544.18	0.0018376	8.5046	8.5516	42.569	62.059	103.11	864.31	-0.17121	0.00011794	0.11477	0.010004	12.806	0.078088	22.360	24.356	100.15	55.958	70.838	226.87	25.280	7.8635e-06	0.015763
274.89	0.61493	543.55	0.0018398	8.5476	8.5952	42.725	62.108	103.24	861.52	-0.16814	0.00011747	0.11460	0.0099481	12.962	0.077146	22.376	24.372	100.12	56.053	71.011	226.80	25.202	7.8782e-06	0.015815
275.30	0.62252	542.92	0.0018419	8.5901	8.6384	42.880	62.156	103.37	858.75	-0.16506	0.00011701	0.11443	0.0098930	13.119	0.076227	22.391	24.388	100.09	56.147	71.184	226.74	25.125	7.8930e-06	0.015866
275.72	0.63011	542.30	0.0018440	8.6324	8.6813	43.034	62.205	103.51	856.01	-0.16199	0.00011656	0.11426	0.0098385	13.275	0.075329	22.407	24.404	100.06	56.240	71.356	226.67	25.050	7.9076e-06	0.015918
276.13	0.63770	541.69	0.0018461	8.6743	8.7239	43.186	62.253	103.64	853.29	-0.15891	0.00011611	0.11409	0.0097845	13.432	0.074451	22.422	24.420	100.03	56.333	71.528	226.60	24.975	7.9221e-06	0.015969
276.53	0.64529	541.08	0.0018482	8.7159	8.7661	43.337	62.301	103.77	850.59	-0.15584	0.00011567	0.11393	0.0097310	13.588	0.073593	22.437	24.435	100.00	56.425	71.700	226.54	24.902	7.9366e-06	0.016020
276.93	0.65288	540.47	0.0018502	8.7572	8.8081	43.486	62.348	103.90	847.91	-0.15277	0.00011523	0.11376	0.0096780	13.745	0.072754	22.452	24.451	99.971	56.516	71.871	226.47	24.830	7.9510e-06	0.016070
277.33	0.66048	539.87	0.0018523	8.7982	8.8497	43.634	62.396	104.03	845.26	-0.14969	0.00011480	0.11360	0.0096255	13.902	0.071934	22.467	24.466	99.943	56.607	72.042	226.40	24.760	7.9654e-06	0.016121
277.73	0.66807	539.27	0.0018544	8.8389	8.8910	43.781	62.443	104.16	842.62	-0.14662	0.00011437	0.11344	0.0095735	14.059	0.071131	22.481	24.481	99.914	56.698	72.213	226.32	24.690	7.9797e-06	0.016171
278.12	0.67566	538.67	0.0018564	8.8793	8.9321	43.926	62.490	104.29	840.01	-0.14354	0.00011395	0.11328	0.0095220	14.216	0.070345	22.496	24.496	99.887	56.788	72.383	226.25	24.622	7.9939e-06	0.016221
278.51	0.68325	538.08	0.0018585	8.9194	8.9728	44.071	62.536	104.42	837.42	-0.14047	0.00011354	0.11313	0.0094709	14.373	0.069577	22.510	24.511	99.859	56.877	72.554	226.18	24.555	8.0080e-06	0.016271
278.90	0.69084	537.49	0.0018605	8.9592	9.0133	44.214	62.583	104.55	834.85	-0.13739	0.00011313	0.11297	0.0094203	14.530	0.068824	22.524	24.525	99.832	56.966	72.724	226.10	24.488	8.0221e-06	0.016321
279.28	0.69843	536.90	0.0018625	8.9987	9.0534	44.356	62.629	104.68	832.30	-0.13432	0.00011272	0.11281	0.0093702	14.687	0.068087	22.538	24.539	99.805	57.055	72.893	226.03	24.423	8.0361e-06	0.016370
279.66	0.70603	536.32	0.0018646	9.0380	9.0934	44.496	62.674	104.81	829.77	-0.13124	0.00011232	0.11266	0.0093205	14.844	0.067365	22.552	24.554	99.778	57.142	73.063	225.95	24.359	8.0501e-06	0.016419
280.04	0.71362	535.74	0.0018666	9.0769	9.1330	44.636	62.720	104.94	827.25	-0.12816	0.00011193	0.11251	0.0092712	15.002	0.066658	22.566	24.568	99.752	57.230	73.232	225.87	24.296	8.0640e-06	0.016468
280.41	0.72121	535.17	0.0018686	9.1157	9.1724	44.774	62.765	105.07	824.76	-0.12508	0.00011154	0.11236	0.0092223	15.160	0.065965	22.580	24.582	99.726	57.317	73.401	225.80	24.234	8.0778e-06	0.016517
280.78	0.72880	534.60	0.0018706	9.1541	9.2115	44.911	62.811	105.19	822.28	-0.12199	0.00011115	0.11221	0.0091739	15.317	0.065286	22.593	24.595	99.701	57.403	73.570	225.72	24.172	8.0916e-06	0.016566
281.15	0.73639	534.03	0.0018726	9.1923	9.2504	45.048	62.856	105.32	819.83	-0.11891	0.00011077	0.11206	0.0091259	15.475	0.064620	22.607	24.609	99.675	57.489	73.739	225.64	24.112	8.1053e-06	0.016614
281.52	0.74398	533.46	0.0018745	9.2303	9.2890	45.183	62.900	105.45	817.39	-0.11582	0.00011039	0.11191	0.0090783	15.633	0.063968	22.620	24.623	99.650	57.575	73.908	225.56	24.053	8.1190e-06	0.016662
281.88	0.75158	532.90	0.0018765	9.2680	9.3274	45.317	62.945	105.58	814.96	-0.11273	0.00011001	0.11176	0.0090311	15.791	0.063327	22.633	24.636	99.626	57.660	74.076	225.47	23.994	8.1327e-06	0.016711
282.24	0.75917	532.34	0.0018785	9.3055	9.3655	45.450	62.989	105.71	812.56	-0.10964	0.00010964	0.11162	0.0089842	15.949	0.062700	22.646	24.649	99.601	57.745	74.244	225.39	23.936	8.1463e-06	0.016759
282.60	0.76676	531.78	0.0018805	9.3427	9.4034	45.582	63.033	105.84	810.17	-0.10654	0.00010928	0.11148	0.0089378	16.107	0.062083	22.659	24.662	99.577	57.829	74.413	225.31	23.879	8.1598e-06	0.016806
282.95	0.77435	531.23	0.0018824	9.3797	9.4411	45.713	63.077	105.96	807.79	-0.10345	0.00010892	0.11133	0.0088917	16.266	0.061479	22.672	24.675	99.553	57.913	74.581	225.23	23.823	8.1733e-06	0.016854
283.30	0.78194	530.68	0.0018844	9.4165	9.4785	45.843	63.121	106.09	805.44	-0.10034	0.00010856	0.11119	0.0088460	16.424	0.060886	22.685	24.688	99.529	57.997	74.749	225.14	23.768	8.1867e-06	0.016902
283.65	0.78953	530.13	0.0018863	9.4530	9.5157	45.972	63.164	106.22	803.09	-0.097241	0.00010820	0.11105	0.0088007	16.583	0.060303	22.697	24.701	99.505	58.080	74.917	225.06	23.714	8.2001e-06	0.016949
284.00	0.79713	529.58	0.0018883	9.4894	9.5527	46.101	63.208	106.34	800.77	-0.094135	0.00010785	0.11091	0.0087557	16.742	0.059731	22.710	24.713	99.482	58.162	75.084	224.97	23.660	8.2135e-06	0.016996
284.35	0.80472	529.04	0.0018902	9.5255	9.5895	46.228	63.251	106.47	798.46	-0.091025	0.00010751	0.11077	0.0087110	16.900	0.059170	22.722	24.726	99.459	58.245	75.252	224.88	23.607	8.2268e-06	0.017043
284.69	0.81231	528.50	0.0018921	9.5614	9.6261	46.354	63.294	106.60	796.16	-0.087912	0.00010716	0.11063	0.0086667	17.059	0.058618	22.734	24.738	99.436	58.327	75.420	224.80	23.555	8.2401e-06	0.017090
285.03	0.81990	527.96	0.0018941	9.5971	9.6624	46.480	63.337	106.73	793.88	-0.084796	0.00010682	0.11049	0.0086228	17.219	0.058077	22.746	24.750	99.414	58.408	75.587	224.71	23.503	8.2533e-06	0.017137
285.37	0.82749	527.43	0.0018960	9.6326	9.6986	46.604	63.379	106.85	791.61	-0.081675	0.00010648	0.11036	0.0085791	17.378	0.057544	22.759	24.762	99.391	58.489	75.755	224.62	23.452	8.2665e-06	0.017184
285.70	0.83508	526.89	0.0018979	9.6678	9.7345	46.728	63.421	106.98	789.36	-0.078551	0.00010615	0.11022	0.0085358	17.537	0.057021	22.770	24.774	99.369	58.570	75.922	224.53	23.402	8.2797e-06	0.017230
286.04	0.84268	526.36	0.0018998	9.7029	9.7703	46.851	63.464	107.11	787.12	-0.075423	0.00010582	0.11009	0.0084929	17.697	0.056507	22.782	24.786	99.347	58.650	76.089	224.44	23.353	8.2928e-06	0.017277
286.37	0.85027	525.84	0.0019017	9.7378	9.8058	46.973	63.506	107.23	784.90	-0.072290	0.00010549	0.10996	0.0084502	17.856	0.056002	22.794	24.798	99.325	58.730	76.257	224.35	23.304	8.3059e-06	0.017323
286.70	0.85786	525.31	0.0019036	9.7725	9.8412	47.095	63.548	107.36	782.69	-0.069154	0.00010517	0.10982	0.0084079	18.016	0.055505	22.806	24.809	99.304	58.810	76.424	224.26	23.256	8.3189e-06	0.017369
287.02	0.86545	524.79	0.0019055	9.8070	9.8764	47.215	63.589	107.49	780.49	-0.066013	0.00010485	0.10969	0.0083658	18.176	0.055017	22.817	24.821	99.282	58.889	76.592	224.17	23.208	8.3319e-06	0.017415
287.35	0.87304	524.27	0.0019074	9.8413	9.9114	47.335	63.631	107.61	778.30	-0.062868	0.00010453	0.10956	0.0083241	18.336	0.054537	22.829	24.832	99.261	58.968	76.759	224.08	23.161	8.3449e-06	0.017461
287.67	0.88063	523.75	0.0019093	9.8754	9.9462	47.454	63.672	107.74	776.13	-0.059718	0.00010421	0.10943	0.0082826	18.497	0.054064	22.840	24.844	99.240	59.047	76.926	223.98	23.115	8.3578e-06	0.017507
287.99	0.88823	523.23	0.0019112	9.9093	9.9808	47.572	63.713	107.87	773.97	-0.056563	0.00010390	0.10930	0.0082415	18.657	0.053600	22.852	24.855	99.219	59.125	77.094	223.89	23.069	8.3707e-06	0.017553
288.31	0.89582	522.72	0.0019131	9.9431	10.015	47.689	63.755	107.99	771.82	-0.053404	0.00010359	0.10917	0.0082006	18.817	0.053142	22.863	24.866	99.199	59.203	77.261	223.80	23.024	8.3836e-06	0.017598
288.63	0.90341	522.21	0.0019150	9.9767	10.049	47.806	63.795	108.12	769.69	-0.050240	0.00010328	0.10904	0.0081601	18.978	0.052693	22.874	24.877	99.178	59.281	77.428	223.70	22.979	8.3965e-06	0.017644
288.94	0.91100	521.70	0.0019168	10.010	10.084	47.922	63.836	108.25	767.57	-0.047070	0.00010298	0.10892	0.0081198	19.139	0.052250	22.885	24.888	99.158	59.359	77.596	223.61	22.935	8.4093e-06	0.017689
289.26	0.91859	521.19	0.0019187	10.043	10.118	48.037	63.877	108.37	765.46	-0.043895	0.00010268	0.10879	0.0080798	19.300	0.051814	22.896	24.899	99.138	59.436	77.763	223.51	22.891	8.4221e-06	0.017735
289.57	0.92618	520.68	0.0019206	10.076	10.151	48.152	63.917	108.50	763.36	-0.040715	0.00010238	0.10867	0.0080400	19.461	0.051385	22.907	24.909	99.118	59.512	77.931	223.41	22.848	8.4349e-06	0.017780
289.88	0.93378	520.18	0.0019224	10.109	10.185	48.265	63.958	108.62	761.27	-0.037530	0.00010208	0.10854	0.0080006	19.622	0.050963	22.917	24.920	99.098	59.589	78.098	223.32	22.806	8.4476e-06	0.017825
290.18	0.94137	519.68	0.0019243	10.142	10.218	48.379	63.998	108.75	759.19	-0.034339	0.00010179	0.10842	0.0079613	19.784	0.050547	22.928	24.930	99.078	59.665	78.266	223.22	22.764	8.4603e-06	0.017870
290.49	0.94896	519.18	0.0019261	10.175	10.252	48.491	64.038	108.88	757.13	-0.031142	0.00010150	0.10829	0.0079224	19.945	0.050138	22.939	24.941	99.059	59.741	78.433	223.12	22.723	8.4730e-06	0.017915
290.79	0.95655	518.68	0.0019280	10.207	10.285	48.603	64.078	109.00	755.08	-0.027940	0.00010121	0.10817	0.0078837	20.107	0.049735	22.949	24.951	99.039	59.816	78.601	223.02	22.682	8.4856e-06	0.017960
291.09	0.96414	518.18	0.0019298	10.239	10.318	48.714	64.117	109.13	753.03	-0.024732	0.00010092	0.10805	0.0078453	20.269	0.049337	22.960	24.961	99.020	59.891	78.769	222.93	22.641	8.4983e-06	0.018005
291.39	0.97173	517.69	0.0019317	10.271	10.350	48.825	64.157	109.26	751.00	-0.021518	0.00010064	0.10793	0.0078071	20.431	0.048946	22.970	24.971	99.001	59.966	78.937	222.83	22.601	8.5109e-06	0.018050
291.69	0.97933	517.19	0.0019335	10.303	10.383	48.934	64.196	109.38	748.98	-0.018297	0.00010036	0.10781	0.0077691	20.593	0.048561	22.980	24.982	98.982	60.041	79.105	222.73	22.562	8.5235e-06	0.018094
291.99	0.98692	516.70	0.0019353	10.335	10.416	49.044	64.236	109.51	746.97	-0.015071	0.00010008	0.10769	0.0077315	20.755	0.048181	22.991	24.991	98.963	60.115	79.273	222.63	22.523	8.5360e-06	0.018139
292.28	0.99451	516.21	0.0019372	10.367	10.448	49.152	64.275	109.64	744.97	-0.011838	9.9800e-05	0.10757	0.0076940	20.918	0.047806	23.001	25.001	98.944	60.189	79.441	222.53	22.484	8.5486e-06	0.018183
292.58	1.0021	515.73	0.0019390	10.398	10.480	49.260	64.314	109.76	742.98	-0.0085983	9.9525e-05	0.10745	0.0076568	21.080	0.047438	23.011	25.011	98.926	60.263	79.609	222.43	22.446	8.5611e-06	0.018228
292.87	1.0097	515.24	0.0019408	10.430	10.512	49.368	64.353	109.89	741.00	-0.0053524	9.9252e-05	0.10733	0.0076198	21.243	0.047074	23.021	25.021	98.907	60.337	79.778	222.33	22.408	8.5736e-06	0.018272
293.16	1.0173	514.76	0.0019427	10.461	10.544	49.474	64.392	110.02	739.03	-0.0020998	9.8982e-05	0.10721	0.0075830	21.406	0.046716	23.031	25.030	98.889	60.410	79.946	222.22	22.371	8.5861e-06	0.018316
293.45	1.0249	514.28	0.0019445	10.492	10.576	49.581	64.431	110.14	737.07	0.0011595	9.8713e-05	0.10710	0.0075465	21.569	0.046362	23.040	25.040	98.871	60.483	80.115	222.12	22.334	8.5985e-06	0.018361
293.74	1.0325	513.80	0.0019463	10.523	10.607	49.686	64.469	110.27	735.11	0.0044257	9.8447e-05	0.10698	0.0075102	21.733	0.046014	23.050	25.049	98.853	60.556	80.284	222.02	22.298	8.6110e-06	0.018405
294.02	1.0401	513.32	0.0019481	10.554	10.639	49.791	64.508	110.40	733.17	0.0076989	9.8182e-05	0.10686	0.0074741	21.896	0.045670	23.060	25.059	98.835	60.628	80.453	221.92	22.262	8.6234e-06	0.018449
294.31	1.0477	512.84	0.0019499	10.584	10.670	49.896	64.546	110.52	731.24	0.010979	9.7920e-05	0.10675	0.0074383	22.060	0.045331	23.070	25.068	98.817	60.700	80.622	221.81	22.226	8.6358e-06	0.018493
294.59	1.0552	512.36	0.0019517	10.615	10.702	50.000	64.584	110.65	729.32	0.014267	9.7659e-05	0.10663	0.0074026	22.224	0.044997	23.079	25.077	98.799	60.772	80.791	221.71	22.191	8.6482e-06	0.018537
294.87	1.0628	511.89	0.0019535	10.645	10.733	50.103	64.622	110.78	727.40	0.017561	9.7400e-05	0.10652	0.0073672	22.388	0.044667	23.089	25.086	98.781	60.844	80.960	221.60	22.156	8.6606e-06	0.018581
295.15	1.0704	511.42	0.0019554	10.676	10.764	50.206	64.660	110.91	725.50	0.020863	9.7144e-05	0.10641	0.0073320	22.552	0.044342	23.098	25.095	98.764	60.915	81.130	221.50	22.122	8.6729e-06	0.018625
295.43	1.0780	510.94	0.0019572	10.706	10.795	50.308	64.698	111.03	723.60	0.024173	9.6889e-05	0.10629	0.0072970	22.716	0.044021	23.107	25.104	98.746	60.987	81.299	221.39	22.088	8.6853e-06	0.018669
295.70	1.0856	510.47	0.0019590	10.736	10.825	50.410	64.736	111.16	721.71	0.027490	9.6636e-05	0.10618	0.0072622	22.881	0.043705	23.117	25.113	98.729	61.058	81.469	221.29	22.054	8.6976e-06	0.018712
295.98	1.0932	510.01	0.0019608	10.766	10.856	50.512	64.774	111.29	719.83	0.030815	9.6385e-05	0.10607	0.0072276	23.046	0.043392	23.126	25.122	98.712	61.128	81.639	221.18	22.021	8.7099e-06	0.018756
296.25	1.1008	509.54	0.0019626	10.795	10.886	50.612	64.811	111.42	717.96	0.034148	9.6135e-05	0.10596	0.0071932	23.210	0.043084	23.135	25.131	98.694	61.199	81.810	221.08	21.988	8.7222e-06	0.018800
296.53	1.1084	509.07	0.0019644	10.825	10.917	50.713	64.849	111.54	716.10	0.037489	9.5888e-05	0.10585	0.0071590	23.376	0.042780	23.144	25.139	98.677	61.269	81.980	220.97	21.955	8.7345e-06	0.018843
296.80	1.1160	508.61	0.0019661	10.855	10.947	50.812	64.886	111.67	714.25	0.040837	9.5642e-05	0.10574	0.0071250	23.541	0.042479	23.153	25.148	98.660	61.339	82.151	220.86	21.923	8.7467e-06	0.018887
297.07	1.1236	508.15	0.0019679	10.884	10.977	50.912	64.923	111.80	712.40	0.044194	9.5398e-05	0.10563	0.0070912	23.706	0.042183	23.162	25.156	98.644	61.409	82.322	220.76	21.891	8.7590e-06	0.018931
297.33	1.1312	507.69	0.0019697	10.913	11.007	51.011	64.960	111.93	710.57	0.047559	9.5155e-05	0.10552	0.0070576	23.872	0.041890	23.171	25.165	98.627	61.478	82.493	220.65	21.859	8.7712e-06	0.018974
297.60	1.1388	507.23	0.0019715	10.942	11.037	51.109	64.997	112.06	708.74	0.050933	9.4915e-05	0.10541	0.0070241	24.038	0.041601	23.180	25.173	98.610	61.548	82.664	220.54	21.828	8.7835e-06	0.019018
297.87	1.1463	506.77	0.0019733	10.971	11.067	51.207	65.034	112.19	706.91	0.054314	9.4675e-05	0.10530	0.0069909	24.204	0.041316	23.189	25.182	98.593	61.617	82.836	220.43	21.797	8.7957e-06	0.019061
298.13	1.1539	506.31	0.0019751	11.000	11.096	51.304	65.071	112.31	705.10	0.057705	9.4438e-05	0.10519	0.0069579	24.370	0.041034	23.197	25.190	98.577	61.686	83.008	220.32	21.767	8.8079e-06	0.019104
298.40	1.1615	505.85	0.0019769	11.029	11.126	51.401	65.108	112.44	703.30	0.061104	9.4202e-05	0.10508	0.0069250	24.536	0.040756	23.206	25.198	98.560	61.754	83.180	220.21	21.736	8.8201e-06	0.019148
298.66	1.1691	505.40	0.0019786	11.058	11.155	51.498	65.145	112.57	701.50	0.064511	9.3967e-05	0.10498	0.0068923	24.703	0.040481	23.215	25.206	98.544	61.823	83.352	220.11	21.706	8.8323e-06	0.019191
298.92	1.1767	504.94	0.0019804	11.087	11.185	51.594	65.181	112.70	699.71	0.067928	9.3735e-05	0.10487	0.0068598	24.870	0.040210	23.223	25.214	98.528	61.891	83.524	220.00	21.677	8.8444e-06	0.019234
299.18	1.1843	504.49	0.0019822	11.115	11.214	51.689	65.218	112.83	697.92	0.071354	9.3503e-05	0.10476	0.0068274	25.037	0.039941	23.232	25.222	98.512	61.959	83.697	219.89	21.647	8.8566e-06	0.019278
299.44	1.1919	504.04	0.0019840	11.143	11.243	51.784	65.254	112.96	696.15	0.074788	9.3273e-05	0.10466	0.0067953	25.204	0.039676	23.240	25.230	98.495	62.027	83.870	219.78	21.618	8.8688e-06	0.019321
299.69	1.1995	503.59	0.0019857	11.172	11.272	51.879	65.290	113.09	694.38	0.078232	9.3045e-05	0.10455	0.0067633	25.371	0.039415	23.248	25.238	98.479	62.094	84.043	219.66	21.590	8.8809e-06	0.019364
299.95	1.2071	503.14	0.0019875	11.200	11.301	51.973	65.326	113.22	692.62	0.081685	9.2818e-05	0.10445	0.0067315	25.539	0.039156	23.257	25.246	98.463	62.162	84.217	219.55	21.561	8.8930e-06	0.019407
300.20	1.2147	502.69	0.0019893	11.228	11.330	52.067	65.363	113.35	690.86	0.085147	9.2593e-05	0.10434	0.0066998	25.707	0.038901	23.265	25.253	98.448	62.229	84.391	219.44	21.533	8.9052e-06	0.019450
300.46	1.2223	502.25	0.0019911	11.256	11.358	52.160	65.399	113.48	689.11	0.088619	9.2369e-05	0.10424	0.0066684	25.874	0.038648	23.273	25.261	98.432	62.296	84.565	219.33	21.505	8.9173e-06	0.019494
300.71	1.2299	501.80	0.0019928	11.284	11.387	52.254	65.434	113.61	687.37	0.092100	9.2146e-05	0.10414	0.0066371	26.043	0.038399	23.281	25.268	98.416	62.362	84.739	219.22	21.478	8.9294e-06	0.019537
300.96	1.2374	501.36	0.0019946	11.312	11.415	52.346	65.470	113.74	685.64	0.095591	9.1925e-05	0.10403	0.0066059	26.211	0.038152	23.289	25.276	98.400	62.429	84.914	219.11	21.450	8.9415e-06	0.019580
301.21	1.2450	500.91	0.0019964	11.339	11.444	52.438	65.506	113.87	683.91	0.099092	9.1705e-05	0.10393	0.0065749	26.380	0.037908	23.297	25.283	98.385	62.495	85.089	218.99	21.423	8.9536e-06	0.019623
301.46	1.2526	500.47	0.0019981	11.367	11.472	52.530	65.542	114.00	682.19	0.10260	9.1486e-05	0.10383	0.0065441	26.548	0.037667	23.305	25.291	98.369	62.562	85.264	218.88	21.396	8.9657e-06	0.019666
301.71	1.2602	500.03	0.0019999	11.394	11.500	52.621	65.577	114.13	680.48	0.10612	9.1269e-05	0.10373	0.0065134	26.717	0.037429	23.313	25.298	98.353	62.627	85.440	218.77	21.370	8.9778e-06	0.019709
301.96	1.2678	499.59	0.0020016	11.422	11.528	52.712	65.613	114.27	678.77	0.10965	9.1053e-05	0.10362	0.0064829	26.887	0.037193	23.321	25.305	98.338	62.693	85.616	218.66	21.344	8.9899e-06	0.019752
302.20	1.2754	499.15	0.0020034	11.449	11.556	52.803	65.648	114.40	677.07	0.11319	9.0838e-05	0.10352	0.0064526	27.056	0.036961	23.329	25.312	98.323	62.759	85.792	218.54	21.318	9.0020e-06	0.019795
302.45	1.2830	498.71	0.0020052	11.476	11.584	52.893	65.684	114.53	675.38	0.11675	9.0625e-05	0.10342	0.0064224	27.226	0.036730	23.337	25.320	98.307	62.824	85.969	218.43	21.292	9.0141e-06	0.019838
302.69	1.2906	498.28	0.0020069	11.503	11.612	52.983	65.719	114.66	673.69	0.12031	9.0413e-05	0.10332	0.0063923	27.395	0.036503	23.344	25.327	98.292	62.889	86.146	218.31	21.267	9.0261e-06	0.019881
302.93	1.2982	497.84	0.0020087	11.530	11.640	53.073	65.754	114.79	672.01	0.12388	9.0202e-05	0.10322	0.0063624	27.565	0.036277	23.352	25.334	98.277	62.954	86.323	218.20	21.241	9.0382e-06	0.019924
303.17	1.3058	497.40	0.0020104	11.557	11.668	53.162	65.789	114.93	670.33	0.12746	8.9992e-05	0.10312	0.0063327	27.736	0.036055	23.360	25.341	98.262	63.019	86.501	218.08	21.216	9.0503e-06	0.019967
303.42	1.3134	496.97	0.0020122	11.584	11.695	53.251	65.824	115.06	668.66	0.13105	8.9784e-05	0.10302	0.0063031	27.906	0.035835	23.367	25.348	98.246	63.084	86.679	217.97	21.192	9.0623e-06	0.020010
303.66	1.3210	496.54	0.0020139	11.611	11.723	53.339	65.859	115.19	667.00	0.13466	8.9577e-05	0.10292	0.0062736	28.077	0.035617	23.375	25.354	98.231	63.148	86.857	217.85	21.167	9.0744e-06	0.020053
303.89	1.3285	496.10	0.0020157	11.637	11.750	53.427	65.894	115.33	665.34	0.13827	8.9371e-05	0.10282	0.0062443	28.248	0.035401	23.382	25.361	98.216	63.213	87.036	217.74	21.143	9.0864e-06	0.020096
304.13	1.3361	495.67	0.0020175	11.664	11.777	53.515	65.929	115.46	663.69	0.14190	8.9166e-05	0.10272	0.0062151	28.419	0.035188	23.389	25.368	98.201	63.277	87.215	217.62	21.119	9.0985e-06	0.020139
304.37	1.3437	495.24	0.0020192	11.690	11.804	53.602	65.964	115.59	662.05	0.14554	8.8962e-05	0.10263	0.0061861	28.590	0.034977	23.397	25.375	98.186	63.341	87.394	217.51	21.095	9.1106e-06	0.020182
304.60	1.3513	494.81	0.0020210	11.717	11.832	53.689	65.999	115.73	660.41	0.14918	8.8759e-05	0.10253	0.0061572	28.762	0.034769	23.404	25.381	98.172	63.405	87.574	217.39	21.071	9.1226e-06	0.020225
304.84	1.3589	494.39	0.0020227	11.743	11.859	53.776	66.033	115.86	658.77	0.15284	8.8558e-05	0.10243	0.0061285	28.933	0.034562	23.411	25.388	98.157	63.468	87.755	217.27	21.048	9.1347e-06	0.020268
305.07	1.3665	493.96	0.0020245	11.769	11.886	53.862	66.068	116.00	657.14	0.15651	8.8357e-05	0.10233	0.0060999	29.105	0.034358	23.419	25.394	98.142	63.532	87.935	217.16	21.025	9.1467e-06	0.020311
305.30	1.3741	493.53	0.0020262	11.795	11.912	53.948	66.102	116.13	655.52	0.16020	8.8158e-05	0.10224	0.0060714	29.278	0.034156	23.426	25.401	98.127	63.595	88.116	217.04	21.002	9.1588e-06	0.020354
305.54	1.3817	493.10	0.0020280	11.821	11.939	54.033	66.137	116.27	653.90	0.16389	8.7960e-05	0.10214	0.0060431	29.450	0.033956	23.433	25.407	98.113	63.658	88.298	216.92	20.979	9.1708e-06	0.020397
305.77	1.3893	492.68	0.0020297	11.847	11.966	54.119	66.171	116.40	652.29	0.16760	8.7763e-05	0.10204	0.0060149	29.623	0.033758	23.440	25.413	98.098	63.721	88.480	216.81	20.957	9.1828e-06	0.020440
306.00	1.3969	492.25	0.0020315	11.873	11.993	54.204	66.205	116.54	650.69	0.17131	8.7566e-05	0.10195	0.0059868	29.796	0.033562	23.447	25.420	98.083	63.784	88.662	216.69	20.935	9.1949e-06	0.020483
306.23	1.4045	491.83	0.0020332	11.899	12.019	54.288	66.240	116.67	649.08	0.17504	8.7371e-05	0.10185	0.0059589	29.969	0.033368	23.454	25.426	98.069	63.846	88.845	216.57	20.913	9.2069e-06	0.020526
306.46	1.4121	491.41	0.0020350	11.925	12.046	54.373	66.274	116.81	647.49	0.17878	8.7177e-05	0.10176	0.0059311	30.142	0.033176	23.461	25.432	98.054	63.909	89.028	216.45	20.891	9.2190e-06	0.020569
306.68	1.4196	490.99	0.0020367	11.950	12.072	54.457	66.308	116.95	645.90	0.18254	8.6984e-05	0.10166	0.0059034	30.316	0.032986	23.468	25.438	98.040	63.971	89.212	216.33	20.869	9.2310e-06	0.020612
306.91	1.4272	490.57	0.0020385	11.976	12.098	54.540	66.342	117.08	644.31	0.18630	8.6792e-05	0.10157	0.0058759	30.490	0.032798	23.475	25.444	98.025	64.033	89.396	216.21	20.848	9.2431e-06	0.020655
307.13	1.4348	490.14	0.0020402	12.001	12.125	54.624	66.376	117.22	642.73	0.19008	8.6601e-05	0.10147	0.0058485	30.664	0.032612	23.481	25.450	98.011	64.095	89.580	216.10	20.826	9.2551e-06	0.020698
307.36	1.4424	489.73	0.0020420	12.027	12.151	54.707	66.410	117.36	641.16	0.19387	8.6411e-05	0.10138	0.0058212	30.838	0.032428	23.488	25.456	97.997	64.157	89.765	215.98	20.805	9.2672e-06	0.020741
307.58	1.4500	489.31	0.0020437	12.052	12.177	54.790	66.444	117.50	639.59	0.19768	8.6222e-05	0.10128	0.0057940	31.012	0.032245	23.495	25.462	97.982	64.219	89.951	215.86	20.785	9.2793e-06	0.020784
307.81	1.4576	488.89	0.0020455	12.078	12.203	54.872	66.478	117.63	638.03	0.20149	8.6034e-05	0.10119	0.0057670	31.187	0.032064	23.501	25.468	97.968	64.280	90.137	215.74	20.764	9.2913e-06	0.020827
308.03	1.4652	488.47	0.0020472	12.103	12.229	54.954	66.511	117.77	636.47	0.20532	8.5846e-05	0.10110	0.0057400	31.362	0.031885	23.508	25.474	97.954	64.341	90.323	215.62	20.743	9.3034e-06	0.020871
308.25	1.4728	488.05	0.0020490	12.128	12.255	55.036	66.545	117.91	634.91	0.20916	8.5660e-05	0.10100	0.0057132	31.538	0.031708	23.515	25.480	97.940	64.403	90.510	215.50	20.723	9.3154e-06	0.020914
308.47	1.4804	487.64	0.0020507	12.153	12.281	55.118	66.579	118.05	633.36	0.21302	8.5475e-05	0.10091	0.0056866	31.713	0.031533	23.521	25.485	97.925	64.464	90.697	215.38	20.703	9.3275e-06	0.020957
308.69	1.4880	487.22	0.0020524	12.178	12.306	55.199	66.612	118.19	631.82	0.21689	8.5290e-05	0.10082	0.0056600	31.889	0.031359	23.528	25.491	97.911	64.525	90.885	215.26	20.683	9.3396e-06	0.021000
308.91	1.4956	486.81	0.0020542	12.203	12.332	55.280	66.646	118.33	630.28	0.22077	8.5106e-05	0.10072	0.0056336	32.065	0.031187	23.534	25.497	97.897	64.585	91.074	215.14	20.663	9.3516e-06	0.021043
309.13	1.5032	486.39	0.0020559	12.228	12.358	55.361	66.679	118.47	628.74	0.22466	8.4924e-05	0.10063	0.0056072	32.241	0.031016	23.540	25.502	97.883	64.646	91.263	215.01	20.644	9.3637e-06	0.021086
309.34	1.5107	485.98	0.0020577	12.252	12.383	55.441	66.713	118.61	627.21	0.22857	8.4742e-05	0.10054	0.0055810	32.418	0.030847	23.547	25.508	97.869	64.707	91.452	214.89	20.625	9.3758e-06	0.021130
309.56	1.5183	485.57	0.0020594	12.277	12.409	55.521	66.746	118.75	625.68	0.23250	8.4561e-05	0.10045	0.0055549	32.594	0.030680	23.553	25.513	97.855	64.767	91.642	214.77	20.605	9.3879e-06	0.021173
309.77	1.5259	485.16	0.0020612	12.302	12.434	55.601	66.779	118.89	624.16	0.23643	8.4381e-05	0.10036	0.0055289	32.771	0.030514	23.559	25.519	97.841	64.827	91.833	214.65	20.586	9.4000e-06	0.021216
309.99	1.5335	484.75	0.0020629	12.326	12.459	55.681	66.813	119.03	622.64	0.24038	8.4202e-05	0.10027	0.0055031	32.949	0.030350	23.566	25.524	97.827	64.887	92.024	214.53	20.567	9.4121e-06	0.021260
310.20	1.5411	484.34	0.0020647	12.351	12.485	55.760	66.846	119.18	621.13	0.24434	8.4023e-05	0.10018	0.0054773	33.126	0.030188	23.572	25.530	97.813	64.947	92.215	214.41	20.549	9.4242e-06	0.021303
310.42	1.5487	483.93	0.0020664	12.375	12.510	55.840	66.879	119.32	619.62	0.24832	8.3846e-05	0.10009	0.0054517	33.304	0.030027	23.578	25.535	97.799	65.007	92.407	214.28	20.530	9.4363e-06	0.021346
310.63	1.5563	483.52	0.0020682	12.400	12.535	55.918	66.912	119.46	618.12	0.25231	8.3669e-05	0.099995	0.0054262	33.482	0.029867	23.584	25.540	97.785	65.067	92.600	214.16	20.512	9.4484e-06	0.021390
310.84	1.5639	483.11	0.0020699	12.424	12.560	55.997	66.945	119.60	616.62	0.25632	8.3493e-05	0.099905	0.0054007	33.660	0.029709	23.590	25.545	97.771	65.126	92.793	214.04	20.494	9.4605e-06	0.021433
311.05	1.5715	482.70	0.0020717	12.448	12.585	56.075	66.978	119.75	615.13	0.26034	8.3318e-05	0.099815	0.0053754	33.839	0.029552	23.596	25.550	97.757	65.186	92.987	213.92	20.476	9.4727e-06	0.021477
311.26	1.5791	482.29	0.0020734	12.472	12.610	56.153	67.011	119.89	613.63	0.26438	8.3143e-05	0.099726	0.0053502	34.017	0.029397	23.602	25.556	97.743	65.245	93.182	213.79	20.458	9.4848e-06	0.021520
311.47	1.5867	481.88	0.0020752	12.496	12.635	56.231	67.044	120.04	612.15	0.26843	8.2970e-05	0.099636	0.0053251	34.197	0.029243	23.608	25.561	97.730	65.304	93.377	213.67	20.440	9.4969e-06	0.021564
311.68	1.5943	481.48	0.0020769	12.520	12.660	56.309	67.077	120.18	610.67	0.27249	8.2797e-05	0.099547	0.0053001	34.376	0.029090	23.614	25.566	97.716	65.363	93.572	213.55	20.423	9.5091e-06	0.021607
311.89	1.6018	481.07	0.0020787	12.544	12.685	56.386	67.110	120.33	609.19	0.27657	8.2625e-05	0.099458	0.0052752	34.555	0.028939	23.620	25.571	97.702	65.422	93.769	213.42	20.405	9.5212e-06	0.021651
312.10	1.6094	480.67	0.0020804	12.568	12.709	56.463	67.143	120.47	607.71	0.28066	8.2453e-05	0.099369	0.0052505	34.735	0.028789	23.626	25.575	97.688	65.481	93.966	213.30	20.388	9.5334e-06	0.021695
312.30	1.6170	480.26	0.0020822	12.592	12.734	56.540	67.176	120.62	606.24	0.28477	8.2283e-05	0.099281	0.0052258	34.915	0.028641	23.632	25.580	97.674	65.539	94.163	213.18	20.371	9.5456e-06	0.021738
312.51	1.6246	479.86	0.0020839	12.616	12.759	56.616	67.208	120.76	604.78	0.28890	8.2113e-05	0.099193	0.0052012	35.096	0.028493	23.637	25.585	97.661	65.598	94.361	213.05	20.354	9.5577e-06	0.021782
312.71	1.6322	479.45	0.0020857	12.640	12.783	56.693	67.241	120.91	603.32	0.29304	8.1944e-05	0.099105	0.0051767	35.276	0.028348	23.643	25.590	97.647	65.656	94.560	212.93	20.337	9.5699e-06	0.021826
312.92	1.6398	479.05	0.0020875	12.663	12.808	56.769	67.274	121.06	601.86	0.29720	8.1776e-05	0.099017	0.0051524	35.457	0.028203	23.649	25.595	97.633	65.715	94.759	212.80	20.320	9.5821e-06	0.021870
313.12	1.6474	478.65	0.0020892	12.687	12.832	56.845	67.306	121.21	600.41	0.30137	8.1608e-05	0.098929	0.0051281	35.639	0.028059	23.654	25.599	97.620	65.773	94.959	212.68	20.304	9.5943e-06	0.021913
313.33	1.6550	478.25	0.0020910	12.711	12.856	56.920	67.339	121.36	598.96	0.30556	8.1441e-05	0.098842	0.0051039	35.820	0.027917	23.660	25.604	97.606	65.831	95.160	212.55	20.288	9.6065e-06	0.021957
313.53	1.6626	477.85	0.0020927	12.734	12.881	56.996	67.371	121.50	597.51	0.30976	8.1275e-05	0.098754	0.0050798	36.002	0.027776	23.665	25.609	97.592	65.889	95.362	212.43	20.271	9.6188e-06	0.022001
313.73	1.6702	477.44	0.0020945	12.758	12.905	57.071	67.404	121.65	596.07	0.31398	8.1109e-05	0.098667	0.0050559	36.184	0.027637	23.671	25.613	97.579	65.946	95.564	212.30	20.255	9.6310e-06	0.022045
313.93	1.6778	477.04	0.0020962	12.781	12.929	57.146	67.436	121.80	594.63	0.31821	8.0945e-05	0.098581	0.0050320	36.366	0.027498	23.676	25.618	97.565	66.004	95.766	212.18	20.239	9.6432e-06	0.022089
314.13	1.6854	476.64	0.0020980	12.804	12.953	57.221	67.469	121.95	593.19	0.32247	8.0780e-05	0.098494	0.0050082	36.549	0.027361	23.682	25.622	97.552	66.062	95.970	212.05	20.224	9.6555e-06	0.022133
314.33	1.6929	476.24	0.0020998	12.828	12.977	57.295	67.501	122.10	591.76	0.32673	8.0617e-05	0.098407	0.0049845	36.732	0.027224	23.687	25.627	97.538	66.119	96.174	211.93	20.208	9.6677e-06	0.022178
314.53	1.7005	475.84	0.0021015	12.851	13.001	57.369	67.534	122.25	590.34	0.33102	8.0454e-05	0.098321	0.0049609	36.915	0.027089	23.693	25.631	97.524	66.177	96.379	211.80	20.192	9.6800e-06	0.022222
314.73	1.7081	475.45	0.0021033	12.874	13.025	57.443	67.566	122.41	588.91	0.33532	8.0292e-05	0.098235	0.0049374	37.098	0.026955	23.698	25.636	97.511	66.234	96.584	211.67	20.177	9.6923e-06	0.022266
314.93	1.7157	475.05	0.0021051	12.897	13.049	57.517	67.598	122.56	587.49	0.33964	8.0130e-05	0.098149	0.0049140	37.282	0.026823	23.703	25.640	97.497	66.291	96.791	211.55	20.162	9.7046e-06	0.022310
315.12	1.7233	474.65	0.0021068	12.920	13.073	57.591	67.630	122.71	586.08	0.34398	7.9970e-05	0.098064	0.0048907	37.466	0.026691	23.709	25.644	97.484	66.348	96.998	211.42	20.147	9.7169e-06	0.022355
315.32	1.7309	474.25	0.0021086	12.943	13.097	57.664	67.663	122.86	584.66	0.34833	7.9809e-05	0.097978	0.0048675	37.650	0.026560	23.714	25.648	97.470	66.405	97.205	211.29	20.132	9.7292e-06	0.022399
315.52	1.7385	473.86	0.0021103	12.966	13.121	57.737	67.695	123.02	583.26	0.35270	7.9650e-05	0.097893	0.0048444	37.835	0.026431	23.719	25.653	97.457	66.462	97.414	211.17	20.117	9.7415e-06	0.022443
315.71	1.7461	473.46	0.0021121	12.989	13.144	57.810	67.727	123.17	581.85	0.35709	7.9491e-05	0.097808	0.0048214	38.020	0.026302	23.724	25.657	97.443	66.518	97.623	211.04	20.102	9.7539e-06	0.022488
315.91	1.7537	473.06	0.0021139	13.012	13.168	57.883	67.759	123.33	580.45	0.36149	7.9332e-05	0.097723	0.0047984	38.205	0.026175	23.729	25.661	97.430	66.575	97.833	210.91	20.088	9.7662e-06	0.022532
316.10	1.7613	472.67	0.0021157	13.035	13.192	57.956	67.791	123.48	579.05	0.36591	7.9175e-05	0.097638	0.0047756	38.391	0.026048	23.734	25.665	97.416	66.631	98.044	210.78	20.073	9.7786e-06	0.022577
316.29	1.7689	472.27	0.0021174	13.057	13.215	58.028	67.823	123.64	577.65	0.37035	7.9017e-05	0.097554	0.0047528	38.576	0.025923	23.739	25.669	97.403	66.688	98.256	210.66	20.059	9.7910e-06	0.022622
316.49	1.7765	471.88	0.0021192	13.080	13.239	58.100	67.855	123.79	576.26	0.37481	7.8861e-05	0.097469	0.0047301	38.762	0.025798	23.744	25.673	97.389	66.744	98.468	210.53	20.045	9.8033e-06	0.022666
316.68	1.7840	471.48	0.0021210	13.103	13.262	58.172	67.887	123.95	574.87	0.37929	7.8705e-05	0.097385	0.0047075	38.949	0.025675	23.749	25.677	97.376	66.800	98.681	210.40	20.030	9.8157e-06	0.022711
316.87	1.7916	471.09	0.0021227	13.125	13.285	58.244	67.919	124.11	573.49	0.38378	7.8550e-05	0.097301	0.0046850	39.136	0.025552	23.754	25.681	97.362	66.856	98.895	210.27	20.016	9.8282e-06	0.022756
317.06	1.7992	470.69	0.0021245	13.148	13.309	58.316	67.951	124.27	572.11	0.38830	7.8395e-05	0.097217	0.0046626	39.323	0.025431	23.759	25.685	97.349	66.912	99.110	210.15	20.003	9.8406e-06	0.022801
317.25	1.8068	470.30	0.0021263	13.170	13.332	58.387	67.983	124.42	570.73	0.39283	7.8241e-05	0.097134	0.0046403	39.510	0.025310	23.764	25.689	97.335	66.968	99.326	210.02	19.989	9.8530e-06	0.022846
317.44	1.8144	469.91	0.0021281	13.193	13.355	58.458	68.015	124.58	569.35	0.39738	7.8087e-05	0.097050	0.0046180	39.697	0.025191	23.769	25.692	97.322	67.024	99.542	209.89	19.975	9.8655e-06	0.022891
317.63	1.8220	469.52	0.0021299	13.215	13.379	58.529	68.047	124.74	567.98	0.40195	7.7934e-05	0.096967	0.0045959	39.885	0.025072	23.774	25.696	97.308	67.080	99.760	209.76	19.962	9.8779e-06	0.022936
317.82	1.8296	469.12	0.0021316	13.238	13.402	58.600	68.079	124.90	566.61	0.40653	7.7781e-05	0.096884	0.0045738	40.074	0.024954	23.779	25.700	97.295	67.135	99.978	209.63	19.948	9.8904e-06	0.022981
318.01	1.8372	468.73	0.0021334	13.260	13.425	58.670	68.111	125.06	565.25	0.41114	7.7629e-05	0.096801	0.0045518	40.262	0.024837	23.783	25.703	97.281	67.191	100.20	209.50	19.935	9.9029e-06	0.023027
318.20	1.8448	468.34	0.0021352	13.282	13.448	58.741	68.142	125.23	563.88	0.41577	7.7478e-05	0.096718	0.0045299	40.451	0.024721	23.788	25.707	97.268	67.246	100.42	209.37	19.922	9.9154e-06	0.023072
318.38	1.8524	467.95	0.0021370	13.304	13.471	58.811	68.174	125.39	562.53	0.42041	7.7327e-05	0.096635	0.0045081	40.640	0.024606	23.793	25.711	97.255	67.301	100.64	209.24	19.909	9.9280e-06	0.023117
318.57	1.8600	467.56	0.0021388	13.327	13.494	58.881	68.206	125.55	561.17	0.42508	7.7177e-05	0.096553	0.0044864	40.830	0.024492	23.797	25.714	97.241	67.357	100.86	209.11	19.896	9.9405e-06	0.023163
318.75	1.8676	467.17	0.0021406	13.349	13.517	58.951	68.238	125.71	559.82	0.42976	7.7027e-05	0.096470	0.0044647	41.019	0.024379	23.802	25.718	97.228	67.412	101.08	208.98	19.883	9.9531e-06	0.023208
318.94	1.8751	466.78	0.0021424	13.371	13.540	59.021	68.269	125.88	558.47	0.43447	7.6878e-05	0.096388	0.0044431	41.210	0.024266	23.807	25.721	97.214	67.467	101.31	208.85	19.870	9.9656e-06	0.023254
319.12	1.8827	466.39	0.0021441	13.393	13.563	59.090	68.301	126.04	557.12	0.43920	7.6729e-05	0.096306	0.0044216	41.400	0.024155	23.811	25.725	97.201	67.522	101.53	208.72	19.858	9.9782e-06	0.023299
319.31	1.8903	466.00	0.0021459	13.415	13.586	59.159	68.333	126.21	555.77	0.44394	7.6581e-05	0.096224	0.0044002	41.591	0.024044	23.816	25.728	97.187	67.577	101.76	208.59	19.845	9.9908e-06	0.023345
319.49	1.8979	465.61	0.0021477	13.437	13.608	59.229	68.364	126.37	554.43	0.44871	7.6433e-05	0.096142	0.0043789	41.782	0.023934	23.820	25.732	97.174	67.631	101.98	208.46	19.833	1.0003e-05	0.023391
319.68	1.9055	465.22	0.0021495	13.459	13.631	59.298	68.396	126.54	553.09	0.45349	7.6286e-05	0.096061	0.0043576	41.973	0.023825	23.825	25.735	97.160	67.686	102.21	208.33	19.820	1.0016e-05	0.023437
319.86	1.9131	464.83	0.0021513	13.481	13.654	59.366	68.428	126.71	551.76	0.45830	7.6139e-05	0.095979	0.0043364	42.165	0.023716	23.829	25.738	97.147	67.741	102.44	208.20	19.808	1.0029e-05	0.023483
320.04	1.9207	464.44	0.0021531	13.502	13.676	59.435	68.459	126.87	550.43	0.46313	7.5993e-05	0.095898	0.0043153	42.357	0.023609	23.833	25.741	97.134	67.795	102.67	208.07	19.796	1.0041e-05	0.023529
320.22	1.9283	464.05	0.0021549	13.524	13.699	59.503	68.491	127.04	549.10	0.46798	7.5847e-05	0.095817	0.0042943	42.550	0.023502	23.838	25.745	97.120	67.850	102.90	207.94	19.784	1.0054e-05	0.023575
320.40	1.9359	463.66	0.0021567	13.546	13.722	59.572	68.522	127.21	547.77	0.47285	7.5702e-05	0.095736	0.0042733	42.742	0.023396	23.842	25.748	97.107	67.904	103.13	207.81	19.772	1.0067e-05	0.023621
320.58	1.9435	463.28	0.0021585	13.567	13.744	59.640	68.554	127.38	546.45	0.47774	7.5557e-05	0.095655	0.0042525	42.935	0.023291	23.846	25.751	97.093	67.958	103.36	207.68	19.760	1.0080e-05	0.023668
320.76	1.9511	462.89	0.0021604	13.589	13.767	59.708	68.585	127.55	545.13	0.48265	7.5413e-05	0.095574	0.0042317	43.129	0.023186	23.850	25.754	97.080	68.013	103.59	207.55	19.749	1.0092e-05	0.023714
320.94	1.9587	462.50	0.0021622	13.611	13.789	59.776	68.617	127.72	543.81	0.48759	7.5269e-05	0.095493	0.0042109	43.323	0.023083	23.855	25.757	97.066	68.067	103.83	207.42	19.737	1.0105e-05	0.023760
321.12	1.9662	462.11	0.0021640	13.632	13.811	59.843	68.648	127.89	542.49	0.49254	7.5125e-05	0.095413	0.0041903	43.517	0.022980	23.859	25.760	97.053	68.121	104.06	207.29	19.726	1.0118e-05	0.023807
321.30	1.9738	461.73	0.0021658	13.654	13.834	59.911	68.680	128.07	541.18	0.49752	7.4982e-05	0.095333	0.0041697	43.711	0.022877	23.863	25.763	97.039	68.175	104.30	207.15	19.714	1.0131e-05	0.023854
321.48	1.9814	461.34	0.0021676	13.675	13.856	59.978	68.711	128.24	539.87	0.50252	7.4840e-05	0.095252	0.0041492	43.906	0.022776	23.867	25.766	97.026	68.229	104.54	207.02	19.703	1.0143e-05	0.023900
321.66	1.9890	460.95	0.0021694	13.697	13.878	60.045	68.743	128.41	538.56	0.50755	7.4698e-05	0.095172	0.0041288	44.101	0.022675	23.871	25.769	97.012	68.283	104.78	206.89	19.692	1.0156e-05	0.023947
321.83	1.9966	460.57	0.0021712	13.718	13.901	60.112	68.774	128.59	537.26	0.51259	7.4556e-05	0.095092	0.0041084	44.297	0.022575	23.875	25.772	96.999	68.336	105.02	206.76	19.681	1.0169e-05	0.023994
322.01	2.0042	460.18	0.0021731	13.739	13.923	60.179	68.805	128.76	535.96	0.51766	7.4415e-05	0.095013	0.0040881	44.493	0.022476	23.879	25.775	96.985	68.390	105.26	206.63	19.670	1.0182e-05	0.024041
322.18	2.0118	459.80	0.0021749	13.761	13.945	60.245	68.837	128.94	534.66	0.52275	7.4275e-05	0.094933	0.0040679	44.689	0.022377	23.883	25.778	96.972	68.444	105.50	206.49	19.659	1.0195e-05	0.024088
322.36	2.0194	459.41	0.0021767	13.782	13.967	60.312	68.868	129.12	533.36	0.52787	7.4134e-05	0.094853	0.0040478	44.885	0.022279	23.887	25.780	96.958	68.497	105.74	206.36	19.648	1.0208e-05	0.024135
322.54	2.0270	459.02	0.0021785	13.803	13.989	60.378	68.900	129.30	532.06	0.53300	7.3995e-05	0.094774	0.0040277	45.082	0.022182	23.891	25.783	96.945	68.551	105.99	206.23	19.637	1.0221e-05	0.024183
322.71	2.0346	458.64	0.0021804	13.825	14.011	60.445	68.931	129.47	530.77	0.53817	7.3855e-05	0.094695	0.0040077	45.279	0.022085	23.895	25.786	96.931	68.604	106.23	206.09	19.626	1.0234e-05	0.024230
322.88	2.0422	458.25	0.0021822	13.846	14.033	60.511	68.962	129.65	529.48	0.54335	7.3716e-05	0.094616	0.0039878	45.477	0.021989	23.899	25.788	96.918	68.657	106.48	205.96	19.616	1.0247e-05	0.024277
323.06	2.0498	457.87	0.0021840	13.867	14.055	60.576	68.994	129.83	528.20	0.54856	7.3578e-05	0.094537	0.0039680	45.675	0.021894	23.903	25.791	96.904	68.711	106.73	205.83	19.605	1.0260e-05	0.024325
323.23	2.0573	457.48	0.0021859	13.888	14.077	60.642	69.025	130.01	526.91	0.55379	7.3440e-05	0.094458	0.0039482	45.873	0.021799	23.906	25.794	96.891	68.764	106.98	205.70	19.595	1.0273e-05	0.024373
323.40	2.0649	457.10	0.0021877	13.909	14.099	60.708	69.056	130.20	525.63	0.55905	7.3302e-05	0.094379	0.0039285	46.072	0.021705	23.910	25.796	96.877	68.817	107.23	205.56	19.584	1.0286e-05	0.024420
323.58	2.0725	456.72	0.0021895	13.930	14.121	60.773	69.088	130.38	524.35	0.56433	7.3165e-05	0.094300	0.0039088	46.271	0.021612	23.914	25.799	96.863	68.870	107.48	205.43	19.574	1.0299e-05	0.024468
323.75	2.0801	456.33	0.0021914	13.951	14.143	60.839	69.119	130.56	523.08	0.56964	7.3028e-05	0.094222	0.0038892	46.471	0.021519	23.918	25.801	96.850	68.923	107.73	205.30	19.564	1.0312e-05	0.024516
323.92	2.0877	455.95	0.0021932	13.972	14.165	60.904	69.150	130.75	521.80	0.57497	7.2891e-05	0.094143	0.0038697	46.671	0.021427	23.921	25.804	96.836	68.976	107.98	205.16	19.554	1.0325e-05	0.024564
324.09	2.0953	455.56	0.0021951	13.993	14.186	60.969	69.182	130.93	520.53	0.58033	7.2755e-05	0.094065	0.0038503	46.871	0.021335	23.925	25.806	96.823	69.029	108.24	205.03	19.544	1.0338e-05	0.024612
324.26	2.1029	455.18	0.0021969	14.014	14.208	61.034	69.213	131.12	519.26	0.58571	7.2619e-05	0.093987	0.0038309	47.071	0.021244	23.929	25.808	96.809	69.082	108.50	204.89	19.534	1.0351e-05	0.024661
324.43	2.1105	454.80	0.0021988	14.034	14.230	61.098	69.244	131.30	517.99	0.59112	7.2484e-05	0.093909	0.0038116	47.272	0.021154	23.932	25.811	96.795	69.135	108.75	204.76	19.524	1.0364e-05	0.024709
324.60	2.1181	454.41	0.0022006	14.055	14.251	61.163	69.275	131.49	516.73	0.59655	7.2349e-05	0.093831	0.0037924	47.474	0.021064	23.936	25.813	96.782	69.188	109.01	204.62	19.515	1.0377e-05	0.024757
324.77	2.1257	454.03	0.0022025	14.076	14.273	61.227	69.307	131.68	515.46	0.60201	7.2215e-05	0.093753	0.0037732	47.675	0.020975	23.939	25.815	96.768	69.240	109.27	204.49	19.505	1.0391e-05	0.024806
324.94	2.1333	453.64	0.0022044	14.097	14.295	61.292	69.338	131.87	514.20	0.60750	7.2080e-05	0.093675	0.0037541	47.878	0.020887	23.943	25.818	96.754	69.293	109.54	204.36	19.495	1.0404e-05	0.024855
325.10	2.1409	453.26	0.0022062	14.117	14.316	61.356	69.369	132.06	512.95	0.61301	7.1947e-05	0.093598	0.0037350	48.080	0.020799	23.946	25.820	96.741	69.346	109.80	204.22	19.486	1.0417e-05	0.024903
325.27	2.1484	452.88	0.0022081	14.138	14.338	61.420	69.400	132.25	511.69	0.61854	7.1813e-05	0.093520	0.0037160	48.283	0.020711	23.950	25.822	96.727	69.398	110.06	204.09	19.476	1.0430e-05	0.024952
325.44	2.1560	452.50	0.0022100	14.159	14.359	61.484	69.432	132.44	510.44	0.62411	7.1680e-05	0.093443	0.0036971	48.486	0.020624	23.953	25.824	96.713	69.451	110.33	203.95	19.467	1.0444e-05	0.025001
325.61	2.1636	452.11	0.0022118	14.179	14.381	61.548	69.463	132.64	509.19	0.62970	7.1547e-05	0.093365	0.0036783	48.690	0.020538	23.956	25.826	96.699	69.503	110.60	203.82	19.458	1.0457e-05	0.025051
325.77	2.1712	451.73	0.0022137	14.200	14.402	61.611	69.494	132.83	507.94	0.63532	7.1415e-05	0.093288	0.0036595	48.894	0.020452	23.960	25.828	96.686	69.556	110.87	203.68	19.448	1.0470e-05	0.025100
325.94	2.1788	451.35	0.0022156	14.220	14.424	61.675	69.526	133.02	506.69	0.64097	7.1283e-05	0.093211	0.0036408	49.099	0.020367	23.963	25.830	96.672	69.608	111.14	203.55	19.439	1.0484e-05	0.025149
326.10	2.1864	450.96	0.0022175	14.241	14.445	61.738	69.557	133.22	505.45	0.64664	7.1151e-05	0.093134	0.0036221	49.303	0.020283	23.966	25.832	96.658	69.660	111.41	203.41	19.430	1.0497e-05	0.025199
326.27	2.1940	450.58	0.0022194	14.261	14.466	61.802	69.588	133.42	504.20	0.65234	7.1020e-05	0.093057	0.0036035	49.509	0.020198	23.970	25.834	96.644	69.713	111.68	203.27	19.421	1.0511e-05	0.025248
326.43	2.2016	450.20	0.0022212	14.282	14.488	61.865	69.619	133.61	502.96	0.65807	7.0889e-05	0.092981	0.0035850	49.714	0.020115	23.973	25.836	96.630	69.765	111.95	203.14	19.412	1.0524e-05	0.025298
326.60	2.2092	449.82	0.0022231	14.302	14.509	61.928	69.651	133.81	501.72	0.66383	7.0758e-05	0.092904	0.0035665	49.920	0.020032	23.976	25.838	96.617	69.817	112.23	203.00	19.403	1.0538e-05	0.025348
326.76	2.2168	449.43	0.0022250	14.323	14.530	61.991	69.682	134.01	500.49	0.66961	7.0628e-05	0.092827	0.0035481	50.127	0.019949	23.979	25.840	96.603	69.869	112.51	202.87	19.395	1.0551e-05	0.025398
326.92	2.2244	449.05	0.0022269	14.343	14.551	62.053	69.713	134.21	499.25	0.67543	7.0498e-05	0.092751	0.0035297	50.334	0.019867	23.982	25.842	96.589	69.921	112.79	202.73	19.386	1.0565e-05	0.025448
327.09	2.2320	448.67	0.0022288	14.363	14.573	62.116	69.744	134.42	498.02	0.68127	7.0369e-05	0.092675	0.0035114	50.541	0.019786	23.985	25.844	96.575	69.974	113.07	202.59	19.377	1.0578e-05	0.025498
327.25	2.2395	448.29	0.0022307	14.384	14.594	62.179	69.776	134.62	496.79	0.68715	7.0239e-05	0.092598	0.0034932	50.749	0.019705	23.988	25.845	96.561	70.026	113.35	202.46	19.369	1.0592e-05	0.025548
327.41	2.2471	447.91	0.0022326	14.404	14.615	62.241	69.807	134.82	495.56	0.69305	7.0110e-05	0.092522	0.0034750	50.957	0.019624	23.991	25.847	96.547	70.078	113.64	202.32	19.360	1.0605e-05	0.025599
327.57	2.2547	447.52	0.0022345	14.424	14.636	62.303	69.838	135.03	494.34	0.69898	6.9982e-05	0.092446	0.0034569	51.166	0.019544	23.994	25.849	96.533	70.130	113.92	202.18	19.352	1.0619e-05	0.025650
327.74	2.2623	447.14	0.0022364	14.444	14.657	62.365	69.870	135.23	493.12	0.70495	6.9853e-05	0.092370	0.0034389	51.375	0.019465	23.997	25.850	96.519	70.182	114.21	202.05	19.343	1.0633e-05	0.025700
327.90	2.2699	446.76	0.0022383	14.464	14.678	62.428	69.901	135.44	491.89	0.71094	6.9725e-05	0.092294	0.0034209	51.584	0.019386	24.000	25.852	96.505	70.234	114.50	201.91	19.335	1.0646e-05	0.025751
328.06	2.2775	446.38	0.0022403	14.484	14.699	62.489	69.932	135.65	490.67	0.71696	6.9598e-05	0.092219	0.0034030	51.794	0.019307	24.003	25.854	96.491	70.285	114.79	201.77	19.327	1.0660e-05	0.025802
328.22	2.2851	445.99	0.0022422	14.505	14.720	62.551	69.963	135.86	489.46	0.72302	6.9470e-05	0.092143	0.0033851	52.004	0.019229	24.006	25.855	96.477	70.337	115.08	201.64	19.318	1.0674e-05	0.025853
328.38	2.2927	445.61	0.0022441	14.525	14.741	62.613	69.995	136.07	488.24	0.72910	6.9343e-05	0.092067	0.0033673	52.215	0.019152	24.009	25.857	96.463	70.389	115.37	201.50	19.310	1.0688e-05	0.025905
328.54	2.3003	445.23	0.0022460	14.545	14.762	62.675	70.026	136.28	487.03	0.73522	6.9217e-05	0.091992	0.0033495	52.426	0.019074	24.012	25.858	96.449	70.441	115.67	201.36	19.302	1.0701e-05	0.025956
328.70	2.3079	444.85	0.0022480	14.565	14.783	62.736	70.057	136.49	485.81	0.74137	6.9090e-05	0.091917	0.0033318	52.638	0.018998	24.015	25.860	96.435	70.493	115.97	201.23	19.294	1.0715e-05	0.026007
328.85	2.3155	444.47	0.0022499	14.585	14.804	62.797	70.089	136.71	484.60	0.74755	6.8964e-05	0.091841	0.0033142	52.850	0.018921	24.017	25.861	96.421	70.545	116.27	201.09	19.286	1.0729e-05	0.026059
329.01	2.3231	444.08	0.0022518	14.605	14.825	62.859	70.120	136.92	483.40	0.75376	6.8838e-05	0.091766	0.0032966	53.062	0.018846	24.020	25.862	96.406	70.596	116.57	200.95	19.278	1.0743e-05	0.026111
329.17	2.3306	443.70	0.0022538	14.625	14.846	62.920	70.151	137.14	482.19	0.76000	6.8712e-05	0.091691	0.0032791	53.275	0.018770	24.023	25.864	96.392	70.648	116.87	200.81	19.270	1.0757e-05	0.026163
329.33	2.3382	443.32	0.0022557	14.644	14.866	62.981	70.183	137.36	480.99	0.76628	6.8587e-05	0.091616	0.0032616	53.489	0.018695	24.026	25.865	96.378	70.700	117.18	200.67	19.263	1.0771e-05	0.026215
329.48	2.3458	442.94	0.0022577	14.664	14.887	63.042	70.214	137.57	479.78	0.77259	6.8462e-05	0.091541	0.0032442	53.703	0.018621	24.028	25.866	96.364	70.752	117.48	200.54	19.255	1.0785e-05	0.026267
329.64	2.3534	442.56	0.0022596	14.684	14.908	63.103	70.246	137.79	478.58	0.77893	6.8337e-05	0.091466	0.0032269	53.917	0.018547	24.031	25.868	96.350	70.803	117.79	200.40	19.247	1.0799e-05	0.026320
329.80	2.3610	442.17	0.0022616	14.704	14.929	63.163	70.277	138.01	477.38	0.78531	6.8213e-05	0.091391	0.0032096	54.132	0.018473	24.033	25.869	96.335	70.855	118.10	200.26	19.239	1.0813e-05	0.026372
329.95	2.3686	441.79	0.0022635	14.724	14.949	63.224	70.308	138.24	476.19	0.79172	6.8089e-05	0.091317	0.0031923	54.347	0.018400	24.036	25.870	96.321	70.907	118.41	200.12	19.232	1.0827e-05	0.026425
330.11	2.3762	441.41	0.0022655	14.744	14.970	63.284	70.340	138.46	474.99	0.79816	6.7965e-05	0.091242	0.0031751	54.563	0.018328	24.039	25.871	96.307	70.958	118.73	199.98	19.224	1.0841e-05	0.026478
330.26	2.3838	441.03	0.0022674	14.763	14.991	63.345	70.371	138.68	473.80	0.80464	6.7841e-05	0.091168	0.0031580	54.779	0.018255	24.041	25.872	96.292	71.010	119.04	199.84	19.217	1.0855e-05	0.026531
330.42	2.3914	440.64	0.0022694	14.783	15.011	63.405	70.403	138.91	472.60	0.81115	6.7718e-05	0.091093	0.0031409	54.995	0.018183	24.043	25.873	96.278	71.062	119.36	199.70	19.209	1.0869e-05	0.026584
330.57	2.3990	440.26	0.0022714	14.803	15.032	63.465	70.434	139.14	471.41	0.81770	6.7595e-05	0.091019	0.0031239	55.213	0.018112	24.046	25.874	96.264	71.113	119.68	199.57	19.202	1.0884e-05	0.026637
330.73	2.4066	439.88	0.0022734	14.822	15.053	63.525	70.466	139.37	470.23	0.82429	6.7472e-05	0.090945	0.0031069	55.430	0.018041	24.048	25.875	96.249	71.165	120.00	199.43	19.195	1.0898e-05	0.026691
330.88	2.4142	439.50	0.0022753	14.842	15.073	63.585	70.497	139.60	469.04	0.83090	6.7350e-05	0.090871	0.0030900	55.648	0.017970	24.051	25.876	96.235	71.217	120.33	199.29	19.188	1.0912e-05	0.026744
331.03	2.4217	439.11	0.0022773	14.862	15.094	63.645	70.529	139.83	467.85	0.83756	6.7227e-05	0.090797	0.0030732	55.867	0.017900	24.053	25.877	96.220	71.268	120.65	199.15	19.180	1.0926e-05	0.026798
331.19	2.4293	438.73	0.0022793	14.881	15.114	63.705	70.560	140.06	466.67	0.84425	6.7105e-05	0.090723	0.0030564	56.086	0.017830	24.055	25.878	96.206	71.320	120.98	199.01	19.173	1.0941e-05	0.026852
331.34	2.4369	438.35	0.0022813	14.901	15.135	63.765	70.592	140.29	465.49	0.85098	6.6983e-05	0.090649	0.0030396	56.305	0.017760	24.058	25.879	96.191	71.371	121.31	198.87	19.166	1.0955e-05	0.026906
331.49	2.4445	437.96	0.0022833	14.920	15.155	63.824	70.623	140.53	464.31	0.85774	6.6862e-05	0.090575	0.0030229	56.525	0.017691	24.060	25.880	96.176	71.423	121.65	198.73	19.159	1.0969e-05	0.026960
331.64	2.4521	437.58	0.0022853	14.940	15.176	63.884	70.655	140.77	463.13	0.86454	6.6741e-05	0.090501	0.0030063	56.746	0.017622	24.062	25.881	96.162	71.475	121.98	198.59	19.152	1.0984e-05	0.027015
331.80	2.4597	437.20	0.0022873	14.959	15.196	63.943	70.687	141.00	461.95	0.87138	6.6620e-05	0.090427	0.0029897	56.967	0.017554	24.064	25.881	96.147	71.526	122.32	198.45	19.145	1.0998e-05	0.027069
331.95	2.4673	436.81	0.0022893	14.979	15.217	64.002	70.718	141.24	460.78	0.87825	6.6499e-05	0.090354	0.0029731	57.188	0.017486	24.067	25.882	96.133	71.578	122.66	198.31	19.138	1.1013e-05	0.027124
332.10	2.4749	436.43	0.0022913	14.998	15.237	64.062	70.750	141.49	459.61	0.88517	6.6378e-05	0.090280	0.0029567	57.410	0.017419	24.069	25.883	96.118	71.630	123.00	198.17	19.131	1.1027e-05	0.027179
332.25	2.4825	436.05	0.0022933	15.018	15.257	64.121	70.782	141.73	458.43	0.89212	6.6258e-05	0.090207	0.0029402	57.633	0.017351	24.071	25.883	96.103	71.681	123.34	198.03	19.124	1.1042e-05	0.027234
332.40	2.4901	435.66	0.0022954	15.037	15.278	64.180	70.813	141.97	457.26	0.89911	6.6138e-05	0.090134	0.0029238	57.856	0.017284	24.073	25.884	96.088	71.733	123.69	197.89	19.117	1.1057e-05	0.027289
332.55	2.4977	435.28	0.0022974	15.056	15.298	64.239	70.845	142.22	456.10	0.90614	6.6018e-05	0.090060	0.0029075	58.079	0.017218	24.075	25.885	96.074	71.784	124.04	197.75	19.111	1.1071e-05	0.027345
332.70	2.5053	434.90	0.0022994	15.076	15.318	64.297	70.877	142.46	454.93	0.91321	6.5899e-05	0.089987	0.0028912	58.303	0.017152	24.077	25.885	96.059	71.836	124.39	197.61	19.104	1.1086e-05	0.027400
332.85	2.5128	434.51	0.0023014	15.095	15.339	64.356	70.909	142.71	453.76	0.92032	6.5779e-05	0.089914	0.0028750	58.528	0.017086	24.079	25.886	96.044	71.888	124.74	197.47	19.097	1.1101e-05	0.027456
333.00	2.5204	434.13	0.0023035	15.114	15.359	64.415	70.941	142.96	452.60	0.92747	6.5660e-05	0.089841	0.0028588	58.753	0.017020	24.081	25.886	96.029	71.940	125.10	197.33	19.090	1.1115e-05	0.027512
333.15	2.5280	433.74	0.0023055	15.134	15.379	64.473	70.972	143.22	451.44	0.93466	6.5541e-05	0.089768	0.0028427	58.978	0.016955	24.083	25.887	96.014	71.991	125.46	197.19	19.084	1.1130e-05	0.027568
333.29	2.5356	433.36	0.0023076	15.153	15.399	64.532	71.004	143.47	450.27	0.94189	6.5422e-05	0.089695	0.0028266	59.204	0.016891	24.085	25.887	95.999	72.043	125.82	197.04	19.077	1.1145e-05	0.027625
333.44	2.5432	432.97	0.0023096	15.172	15.419	64.590	71.036	143.72	449.12	0.94916	6.5304e-05	0.089622	0.0028106	59.431	0.016826	24.087	25.887	95.984	72.095	126.18	196.90	19.071	1.1160e-05	0.027681
333.59	2.5508	432.59	0.0023117	15.192	15.440	64.649	71.068	143.98	447.96	0.95648	6.5186e-05	0.089550	0.0027946	59.658	0.016762	24.089	25.888	95.969	72.146	126.55	196.76	19.064	1.1175e-05	0.027738
333.74	2.5584	432.20	0.0023137	15.211	15.460	64.707	71.100	144.24	446.80	0.96383	6.5068e-05	0.089477	0.0027787	59.886	0.016698	24.090	25.888	95.954	72.198	126.92	196.62	19.058	1.1190e-05	0.027795
333.88	2.5660	431.82	0.0023158	15.230	15.480	64.765	71.132	144.50	445.65	0.97123	6.4950e-05	0.089404	0.0027628	60.114	0.016635	24.092	25.888	95.939	72.250	127.29	196.48	19.051	1.1205e-05	0.027852
334.03	2.5736	431.43	0.0023179	15.249	15.500	64.823	71.164	144.76	444.49	0.97867	6.4832e-05	0.089332	0.0027470	60.343	0.016572	24.094	25.889	95.924	72.302	127.66	196.34	19.045	1.1220e-05	0.027909
334.18	2.5812	431.05	0.0023199	15.268	15.520	64.881	71.196	145.02	443.34	0.98615	6.4715e-05	0.089259	0.0027312	60.572	0.016509	24.096	25.889	95.909	72.354	128.04	196.19	19.039	1.1235e-05	0.027967
334.32	2.5888	430.66	0.0023220	15.287	15.540	64.939	71.228	145.29	442.19	0.99368	6.4597e-05	0.089187	0.0027155	60.802	0.016447	24.097	25.889	95.893	72.406	128.42	196.05	19.032	1.1250e-05	0.028024
334.47	2.5964	430.27	0.0023241	15.306	15.560	64.997	71.260	145.55	441.04	1.0013	6.4480e-05	0.089115	0.0026998	61.033	0.016385	24.099	25.889	95.878	72.457	128.80	195.91	19.026	1.1265e-05	0.028082
334.61	2.6039	429.89	0.0023262	15.326	15.580	65.054	71.292	145.82	439.89	1.0089	6.4364e-05	0.089042	0.0026841	61.264	0.016323	24.101	25.889	95.863	72.509	129.19	195.77	19.020	1.1280e-05	0.028140
334.76	2.6115	429.50	0.0023283	15.345	15.600	65.112	71.324	146.09	438.74	1.0165	6.4247e-05	0.088970	0.0026686	61.495	0.016261	24.102	25.889	95.848	72.561	129.57	195.63	19.013	1.1295e-05	0.028199
334.90	2.6191	429.11	0.0023304	15.364	15.620	65.170	71.357	146.37	437.60	1.0242	6.4131e-05	0.088898	0.0026530	61.727	0.016200	24.104	25.889	95.832	72.613	129.96	195.48	19.007	1.1311e-05	0.028257
335.05	2.6267	428.73	0.0023325	15.383	15.640	65.227	71.389	146.64	436.45	1.0320	6.4014e-05	0.088826	0.0026375	61.960	0.016139	24.106	25.889	95.817	72.665	130.36	195.34	19.001	1.1326e-05	0.028316
335.19	2.6343	428.34	0.0023346	15.402	15.660	65.285	71.421	146.92	435.31	1.0398	6.3898e-05	0.088754	0.0026221	62.193	0.016079	24.107	25.889	95.801	72.717	130.75	195.20	18.995	1.1341e-05	0.028375
335.33	2.6419	427.95	0.0023367	15.421	15.680	65.342	71.454	147.19	434.17	1.0476	6.3782e-05	0.088682	0.0026067	62.427	0.016019	24.109	25.889	95.786	72.770	131.15	195.06	18.989	1.1357e-05	0.028434
335.48	2.6495	427.57	0.0023388	15.440	15.700	65.399	71.486	147.47	433.03	1.0555	6.3667e-05	0.088610	0.0025914	62.662	0.015959	24.110	25.889	95.770	72.822	131.56	194.91	18.983	1.1372e-05	0.028493
335.62	2.6571	427.18	0.0023409	15.459	15.720	65.456	71.518	147.75	431.89	1.0634	6.3551e-05	0.088539	0.0025761	62.897	0.015899	24.112	25.889	95.755	72.874	131.96	194.77	18.977	1.1388e-05	0.028553
335.76	2.6647	426.79	0.0023431	15.478	15.740	65.513	71.551	148.04	430.75	1.0714	6.3436e-05	0.088467	0.0025608	63.132	0.015840	24.113	25.889	95.739	72.926	132.37	194.63	18.971	1.1403e-05	0.028612
335.91	2.6723	426.40	0.0023452	15.496	15.760	65.570	71.583	148.32	429.62	1.0795	6.3321e-05	0.088395	0.0025456	63.368	0.015781	24.114	25.889	95.724	72.978	132.78	194.48	18.965	1.1419e-05	0.028672
336.05	2.6799	426.01	0.0023474	15.515	15.780	65.627	71.616	148.61	428.48	1.0875	6.3206e-05	0.088324	0.0025304	63.605	0.015722	24.116	25.889	95.708	73.031	133.20	194.34	18.959	1.1434e-05	0.028733
336.19	2.6875	425.62	0.0023495	15.534	15.800	65.684	71.648	148.90	427.35	1.0957	6.3091e-05	0.088252	0.0025153	63.843	0.015663	24.117	25.888	95.692	73.083	133.62	194.20	18.953	1.1450e-05	0.028793
336.33	2.6950	425.23	0.0023517	15.553	15.820	65.741	71.681	149.19	426.22	1.1039	6.2977e-05	0.088181	0.0025003	64.081	0.015605	24.118	25.888	95.677	73.135	134.04	194.05	18.947	1.1466e-05	0.028854
336.47	2.7026	424.84	0.0023538	15.572	15.840	65.798	71.713	149.49	425.08	1.1121	6.2862e-05	0.088110	0.0024852	64.319	0.015547	24.120	25.888	95.661	73.188	134.46	193.91	18.941	1.1482e-05	0.028914
336.61	2.7102	424.45	0.0023560	15.591	15.859	65.855	71.746	149.78	423.95	1.1204	6.2748e-05	0.088038	0.0024703	64.559	0.015490	24.121	25.887	95.645	73.240	134.89	193.77	18.935	1.1497e-05	0.028975
336.75	2.7178	424.06	0.0023581	15.610	15.879	65.911	71.779	150.08	422.83	1.1287	6.2634e-05	0.087967	0.0024553	64.798	0.015432	24.122	25.887	95.629	73.293	135.32	193.62	18.929	1.1513e-05	0.029037
336.90	2.7254	423.67	0.0023603	15.628	15.899	65.968	71.812	150.38	421.70	1.1371	6.2520e-05	0.087896	0.0024404	65.039	0.015375	24.123	25.886	95.613	73.345	135.76	193.48	18.923	1.1529e-05	0.029098
337.04	2.7330	423.28	0.0023625	15.647	15.919	66.024	71.844	150.68	420.57	1.1455	6.2406e-05	0.087825	0.0024256	65.280	0.015319	24.124	25.886	95.597	73.398	136.19	193.33	18.917	1.1545e-05	0.029160
337.18	2.7406	422.89	0.0023647	15.666	15.939	66.081	71.877	150.99	419.45	1.1540	6.2293e-05	0.087754	0.0024108	65.522	0.015262	24.125	25.885	95.581	73.450	136.64	193.19	18.911	1.1561e-05	0.029222
337.31	2.7482	422.50	0.0023669	15.685	15.958	66.137	71.910	151.29	418.32	1.1625	6.2179e-05	0.087683	0.0023961	65.764	0.015206	24.126	25.885	95.565	73.503	137.08	193.04	18.906	1.1577e-05	0.029284
337.45	2.7558	422.11	0.0023691	15.703	15.978	66.193	71.943	151.60	417.20	1.1711	6.2066e-05	0.087612	0.0023814	66.007	0.015150	24.127	25.884	95.549	73.556	137.53	192.90	18.900	1.1593e-05	0.029347
337.59	2.7634	421.72	0.0023713	15.722	15.998	66.249	71.976	151.91	416.08	1.1798	6.1953e-05	0.087541	0.0023667	66.251	0.015094	24.129	25.884	95.533	73.609	137.98	192.76	18.894	1.1609e-05	0.029409
337.73	2.7710	421.32	0.0023735	15.741	16.018	66.306	72.009	152.23	414.96	1.1885	6.1840e-05	0.087471	0.0023521	66.495	0.015039	24.129	25.883	95.517	73.662	138.44	192.61	18.888	1.1625e-05	0.029472
337.87	2.7786	420.93	0.0023757	15.760	16.037	66.362	72.042	152.54	413.84	1.1972	6.1727e-05	0.087400	0.0023375	66.740	0.014984	24.130	25.882	95.500	73.715	138.90	192.47	18.883	1.1642e-05	0.029536
338.01	2.7861	420.54	0.0023779	15.778	16.057	66.418	72.076	152.86	412.72	1.2060	6.1614e-05	0.087329	0.0023230	66.986	0.014929	24.131	25.882	95.484	73.768	139.36	192.32	18.877	1.1658e-05	0.029599
338.15	2.7937	420.14	0.0023801	15.797	16.077	66.474	72.109	153.18	411.60	1.2149	6.1502e-05	0.087259	0.0023085	67.232	0.014874	24.132	25.881	95.468	73.821	139.83	192.18	18.871	1.1674e-05	0.029663
338.28	2.8013	419.75	0.0023824	15.815	16.096	66.530	72.142	153.50	410.48	1.2238	6.1389e-05	0.087188	0.0022941	67.479	0.014819	24.133	25.880	95.451	73.874	140.30	192.03	18.865	1.1690e-05	0.029727
338.42	2.8089	419.36	0.0023846	15.834	16.116	66.585	72.175	153.83	409.37	1.2328	6.1277e-05	0.087118	0.0022797	67.727	0.014765	24.134	25.879	95.435	73.927	140.78	191.89	18.860	1.1707e-05	0.029791
338.56	2.8165	418.96	0.0023869	15.853	16.136	66.641	72.209	154.16	408.26	1.2419	6.1165e-05	0.087048	0.0022653	67.975	0.014711	24.135	25.878	95.418	73.980	141.26	191.74	18.854	1.1723e-05	0.029856
338.69	2.8241	418.57	0.0023891	15.871	16.155	66.697	72.242	154.49	407.14	1.2510	6.1053e-05	0.086977	0.0022510	68.224	0.014658	24.136	25.877	95.402	74.034	141.74	191.59	18.848	1.1740e-05	0.029920
338.83	2.8317	418.17	0.0023914	15.890	16.175	66.753	72.276	154.82	406.03	1.2601	6.0941e-05	0.086907	0.0022368	68.474	0.014604	24.136	25.876	95.385	74.087	142.23	191.45	18.843	1.1756e-05	0.029985
338.97	2.8393	417.78	0.0023936	15.908	16.194	66.808	72.309	155.16	404.92	1.2693	6.0829e-05	0.086837	0.0022225	68.724	0.014551	24.137	25.875	95.369	74.140	142.72	191.30	18.837	1.1773e-05	0.030051
339.10	2.8469	417.38	0.0023959	15.927	16.214	66.864	72.343	155.50	403.81	1.2786	6.0718e-05	0.086767	0.0022084	68.975	0.014498	24.138	25.874	95.352	74.194	143.22	191.16	18.831	1.1790e-05	0.030116
339.24	2.8545	416.98	0.0023982	15.946	16.234	66.919	72.377	155.84	402.70	1.2879	6.0606e-05	0.086697	0.0021942	69.227	0.014445	24.138	25.873	95.335	74.248	143.72	191.01	18.826	1.1807e-05	0.030182
339.37	2.8621	416.59	0.0024005	15.964	16.253	66.975	72.410	156.18	401.59	1.2973	6.0495e-05	0.086627	0.0021801	69.479	0.014393	24.139	25.872	95.318	74.301	144.23	190.86	18.820	1.1823e-05	0.030248
339.51	2.8697	416.19	0.0024028	15.983	16.273	67.030	72.444	156.53	400.48	1.3068	6.0384e-05	0.086557	0.0021661	69.732	0.014341	24.139	25.871	95.301	74.355	144.74	190.72	18.815	1.1840e-05	0.030314
339.64	2.8772	415.79	0.0024051	16.001	16.292	67.085	72.478	156.88	399.38	1.3163	6.0273e-05	0.086487	0.0021521	69.986	0.014289	24.140	25.870	95.285	74.409	145.25	190.57	18.809	1.1857e-05	0.030381
339.78	2.8848	415.39	0.0024074	16.020	16.312	67.141	72.512	157.23	398.27	1.3259	6.0162e-05	0.086417	0.0021381	70.241	0.014237	24.141	25.869	95.268	74.463	145.77	190.42	18.803	1.1874e-05	0.030448
339.91	2.8924	414.99	0.0024097	16.038	16.331	67.196	72.546	157.58	397.17	1.3356	6.0051e-05	0.086348	0.0021242	70.496	0.014185	24.141	25.868	95.251	74.517	146.29	190.28	18.798	1.1891e-05	0.030515
340.05	2.9000	414.59	0.0024120	16.057	16.351	67.251	72.580	157.94	396.07	1.3453	5.9940e-05	0.086278	0.0021103	70.752	0.014134	24.141	25.866	95.234	74.571	146.82	190.13	18.792	1.1908e-05	0.030583
340.18	2.9076	414.19	0.0024143	16.075	16.370	67.306	72.614	158.30	394.96	1.3550	5.9830e-05	0.086209	0.0020965	71.009	0.014083	24.142	25.865	95.216	74.625	147.35	189.98	18.786	1.1925e-05	0.030651
340.31	2.9152	413.79	0.0024167	16.094	16.390	67.361	72.648	158.67	393.86	1.3649	5.9719e-05	0.086139	0.0020827	71.267	0.014032	24.142	25.864	95.199	74.679	147.89	189.84	18.781	1.1942e-05	0.030719
340.45	2.9228	413.39	0.0024190	16.112	16.409	67.416	72.683	159.03	392.76	1.3748	5.9609e-05	0.086070	0.0020689	71.525	0.013981	24.143	25.862	95.182	74.734	148.43	189.69	18.775	1.1960e-05	0.030787
340.58	2.9304	412.99	0.0024213	16.130	16.429	67.471	72.717	159.41	391.66	1.3848	5.9499e-05	0.086000	0.0020552	71.784	0.013931	24.143	25.861	95.165	74.788	148.98	189.54	18.770	1.1977e-05	0.030856
340.71	2.9380	412.59	0.0024237	16.149	16.448	67.526	72.751	159.78	390.56	1.3948	5.9389e-05	0.085931	0.0020415	72.044	0.013880	24.143	25.859	95.147	74.842	149.53	189.39	18.764	1.1994e-05	0.030925
340.84	2.9456	412.19	0.0024261	16.167	16.468	67.581	72.786	160.16	389.46	1.4049	5.9279e-05	0.085862	0.0020279	72.305	0.013830	24.144	25.858	95.130	74.897	150.09	189.25	18.758	1.2012e-05	0.030994
340.98	2.9532	411.79	0.0024284	16.186	16.487	67.636	72.821	160.53	388.37	1.4151	5.9169e-05	0.085793	0.0020143	72.566	0.013781	24.144	25.856	95.112	74.952	150.65	189.10	18.753	1.2029e-05	0.031064
341.11	2.9608	411.38	0.0024308	16.204	16.507	67.691	72.855	160.92	387.27	1.4254	5.9059e-05	0.085724	0.0020008	72.828	0.013731	24.144	25.855	95.095	75.006	151.22	188.95	18.747	1.2047e-05	0.031134
341.24	2.9683	410.98	0.0024332	16.222	16.526	67.745	72.890	161.30	386.18	1.4357	5.8949e-05	0.085655	0.0019873	73.091	0.013682	24.144	25.853	95.077	75.061	151.79	188.80	18.742	1.2064e-05	0.031204
341.37	2.9759	410.58	0.0024356	16.241	16.546	67.800	72.925	161.69	385.08	1.4461	5.8839e-05	0.085586	0.0019738	73.355	0.013632	24.144	25.851	95.060	75.116	152.37	188.66	18.736	1.2082e-05	0.031275
341.50	2.9835	410.17	0.0024380	16.259	16.565	67.855	72.960	162.09	383.99	1.4566	5.8730e-05	0.085517	0.0019604	73.620	0.013583	24.144	25.850	95.042	75.171	152.96	188.51	18.730	1.2100e-05	0.031345
341.63	2.9911	409.77	0.0024404	16.277	16.585	67.909	72.995	162.48	382.89	1.4671	5.8620e-05	0.085448	0.0019470	73.885	0.013535	24.144	25.848	95.024	75.227	153.55	188.36	18.725	1.2118e-05	0.031417
341.76	2.9987	409.36	0.0024428	16.296	16.604	67.964	73.030	162.88	381.80	1.4777	5.8511e-05	0.085379	0.0019336	74.151	0.013486	24.144	25.846	95.006	75.282	154.14	188.21	18.719	1.2135e-05	0.031488
341.89	3.0063	408.95	0.0024453	16.314	16.623	68.018	73.065	163.29	380.71	1.4884	5.8402e-05	0.085311	0.0019203	74.418	0.013438	24.144	25.844	94.988	75.337	154.74	188.06	18.714	1.2153e-05	0.031560
342.02	3.0139	408.55	0.0024477	16.332	16.643	68.073	73.100	163.69	379.62	1.4992	5.8293e-05	0.085242	0.0019071	74.686	0.013389	24.144	25.843	94.971	75.393	155.35	187.91	18.708	1.2171e-05	0.031632
342.15	3.0215	408.14	0.0024501	16.351	16.662	68.127	73.136	164.11	378.53	1.5100	5.8183e-05	0.085174	0.0018938	74.955	0.013341	24.144	25.841	94.953	75.448	155.96	187.76	18.702	1.2189e-05	0.031705
342.28	3.0291	407.73	0.0024526	16.369	16.682	68.182	73.171	164.52	377.44	1.5209	5.8074e-05	0.085105	0.0018806	75.224	0.013294	24.144	25.839	94.934	75.504	156.58	187.61	18.697	1.2208e-05	0.031778
342.41	3.0367	407.32	0.0024550	16.387	16.701	68.236	73.206	164.94	376.35	1.5319	5.7966e-05	0.085037	0.0018675	75.495	0.013246	24.144	25.837	94.916	75.560	157.21	187.47	18.691	1.2226e-05	0.031851
342.54	3.0443	406.91	0.0024575	16.406	16.720	68.290	73.242	165.36	375.26	1.5430	5.7857e-05	0.084969	0.0018544	75.766	0.013199	24.144	25.835	94.898	75.616	157.84	187.32	18.685	1.2244e-05	0.031925
342.67	3.0519	406.50	0.0024600	16.424	16.740	68.345	73.278	165.79	374.18	1.5541	5.7748e-05	0.084901	0.0018413	76.038	0.013151	24.144	25.833	94.880	75.672	158.48	187.17	18.679	1.2262e-05	0.031999
342.80	3.0594	406.09	0.0024625	16.442	16.759	68.399	73.314	166.22	373.09	1.5654	5.7639e-05	0.084832	0.0018283	76.311	0.013104	24.143	25.831	94.861	75.728	159.12	187.02	18.674	1.2281e-05	0.032073
342.93	3.0670	405.68	0.0024650	16.461	16.779	68.453	73.349	166.65	372.01	1.5767	5.7530e-05	0.084764	0.0018153	76.585	0.013057	24.143	25.828	94.843	75.784	159.77	186.87	18.668	1.2299e-05	0.032148
343.06	3.0746	405.27	0.0024675	16.479	16.798	68.507	73.385	167.09	370.92	1.5881	5.7422e-05	0.084696	0.0018023	76.859	0.013011	24.143	25.826	94.825	75.840	160.43	186.72	18.662	1.2318e-05	0.032223
343.18	3.0822	404.86	0.0024700	16.497	16.817	68.562	73.422	167.53	369.84	1.5996	5.7313e-05	0.084628	0.0017894	77.135	0.012964	24.143	25.824	94.806	75.897	161.09	186.57	18.657	1.2336e-05	0.032298
343.31	3.0898	404.45	0.0024725	16.515	16.837	68.616	73.458	167.98	368.75	1.6111	5.7205e-05	0.084561	0.0017766	77.411	0.012918	24.142	25.822	94.787	75.953	161.76	186.42	18.651	1.2355e-05	0.032374
343.44	3.0974	404.03	0.0024750	16.534	16.856	68.670	73.494	168.43	367.67	1.6228	5.7097e-05	0.084493	0.0017637	77.689	0.012872	24.142	25.819	94.769	76.010	162.44	186.27	18.645	1.2374e-05	0.032450
343.57	3.1050	403.62	0.0024776	16.552	16.875	68.724	73.530	168.89	366.59	1.6345	5.6988e-05	0.084425	0.0017509	77.967	0.012826	24.141	25.817	94.750	76.067	163.12	186.12	18.639	1.2393e-05	0.032527
343.69	3.1126	403.20	0.0024801	16.570	16.895	68.778	73.567	169.34	365.51	1.6463	5.6880e-05	0.084358	0.0017382	78.246	0.012780	24.141	25.815	94.731	76.124	163.82	185.97	18.633	1.2411e-05	0.032604
343.82	3.1202	402.79	0.0024827	16.588	16.914	68.832	73.604	169.81	364.42	1.6582	5.6772e-05	0.084290	0.0017255	78.526	0.012735	24.140	25.812	94.712	76.181	164.52	185.82	18.627	1.2430e-05	0.032681
343.95	3.1278	402.37	0.0024853	16.606	16.934	68.886	73.640	170.28	363.34	1.6702	5.6664e-05	0.084223	0.0017128	78.808	0.012689	24.140	25.810	94.693	76.238	165.22	185.67	18.621	1.2449e-05	0.032759
344.07	3.1354	401.96	0.0024878	16.625	16.953	68.940	73.677	170.75	362.26	1.6823	5.6556e-05	0.084155	0.0017001	79.090	0.012644	24.139	25.807	94.674	76.296	165.94	185.52	18.616	1.2469e-05	0.032837
344.20	3.1430	401.54	0.0024904	16.643	16.972	68.994	73.714	171.23	361.18	1.6945	5.6448e-05	0.084088	0.0016875	79.373	0.012599	24.139	25.805	94.655	76.353	166.66	185.36	18.610	1.2488e-05	0.032915
344.32	3.1505	401.12	0.0024930	16.661	16.992	69.048	73.751	171.71	360.11	1.7068	5.6340e-05	0.084021	0.0016750	79.657	0.012554	24.138	25.802	94.636	76.411	167.39	185.21	18.604	1.2507e-05	0.032994
344.45	3.1581	400.70	0.0024956	16.679	17.011	69.101	73.788	172.20	359.03	1.7191	5.6232e-05	0.083954	0.0016624	79.942	0.012509	24.137	25.800	94.616	76.468	168.12	185.06	18.598	1.2526e-05	0.033074
344.57	3.1657	400.28	0.0024983	16.697	17.030	69.155	73.826	172.69	357.95	1.7316	5.6124e-05	0.083887	0.0016499	80.227	0.012465	24.136	25.797	94.597	76.526	168.87	184.91	18.592	1.2546e-05	0.033154
344.70	3.1733	399.86	0.0025009	16.716	17.050	69.209	73.863	173.19	356.87	1.7441	5.6016e-05	0.083820	0.0016375	80.514	0.012420	24.136	25.794	94.578	76.584	169.62	184.76	18.586	1.2565e-05	0.033234
344.82	3.1809	399.44	0.0025035	16.734	17.069	69.263	73.901	173.69	355.79	1.7568	5.5908e-05	0.083753	0.0016251	80.802	0.012376	24.135	25.791	94.558	76.643	170.38	184.61	18.580	1.2585e-05	0.033314
344.95	3.1885	399.02	0.0025062	16.752	17.088	69.317	73.938	174.20	354.72	1.7695	5.5800e-05	0.083687	0.0016127	81.091	0.012332	24.134	25.789	94.539	76.701	171.15	184.46	18.573	1.2605e-05	0.033396
345.07	3.1961	398.59	0.0025088	16.770	17.108	69.370	73.976	174.71	353.64	1.7824	5.5693e-05	0.083620	0.0016004	81.381	0.012288	24.133	25.786	94.519	76.759	171.93	184.30	18.567	1.2624e-05	0.033477
345.20	3.2037	398.17	0.0025115	16.788	17.127	69.424	74.014	175.23	352.57	1.7953	5.5585e-05	0.083554	0.0015881	81.672	0.012244	24.132	25.783	94.499	76.818	172.72	184.15	18.561	1.2644e-05	0.033559
345.32	3.2113	397.74	0.0025142	16.807	17.146	69.478	74.052	175.76	351.49	1.8084	5.5477e-05	0.083487	0.0015758	81.964	0.012200	24.131	25.780	94.479	76.877	173.52	184.00	18.555	1.2664e-05	0.033641
345.44	3.2189	397.32	0.0025169	16.825	17.166	69.531	74.090	176.29	350.42	1.8215	5.5370e-05	0.083421	0.0015636	82.257	0.012157	24.130	25.777	94.459	76.936	174.32	183.85	18.549	1.2684e-05	0.033724
345.57	3.2265	396.89	0.0025196	16.843	17.185	69.585	74.129	176.82	349.34	1.8348	5.5262e-05	0.083355	0.0015514	82.551	0.012114	24.129	25.774	94.439	76.995	175.13	183.69	18.542	1.2704e-05	0.033808
345.69	3.2341	396.47	0.0025223	16.861	17.204	69.639	74.167	177.36	348.27	1.8481	5.5154e-05	0.083289	0.0015392	82.846	0.012071	24.128	25.771	94.419	77.054	175.96	183.54	18.536	1.2724e-05	0.033891
345.81	3.2416	396.04	0.0025250	16.879	17.224	69.692	74.206	177.91	347.20	1.8616	5.5047e-05	0.083223	0.0015271	83.143	0.012028	24.127	25.768	94.399	77.113	176.79	183.39	18.530	1.2745e-05	0.033976
345.94	3.2492	395.61	0.0025277	16.897	17.243	69.746	74.244	178.46	346.13	1.8751	5.4939e-05	0.083157	0.0015150	83.440	0.011985	24.126	25.764	94.379	77.173	177.63	183.24	18.523	1.2765e-05	0.034060
346.06	3.2568	395.18	0.0025305	16.916	17.262	69.799	74.283	179.02	345.05	1.8888	5.4832e-05	0.083091	0.0015030	83.738	0.011942	24.125	25.761	94.359	77.233	178.49	183.08	18.517	1.2786e-05	0.034146
346.18	3.2644	394.75	0.0025333	16.934	17.282	69.853	74.322	179.58	343.98	1.9026	5.4724e-05	0.083025	0.0014910	84.038	0.011899	24.123	25.758	94.338	77.293	179.35	182.93	18.511	1.2806e-05	0.034231
346.30	3.2720	394.32	0.0025360	16.952	17.301	69.907	74.361	180.16	342.91	1.9165	5.4617e-05	0.082960	0.0014790	84.338	0.011857	24.122	25.755	94.318	77.353	180.22	182.78	18.504	1.2827e-05	0.034318
346.43	3.2796	393.89	0.0025388	16.970	17.320	69.960	74.401	180.73	341.84	1.9305	5.4509e-05	0.082894	0.0014671	84.640	0.011815	24.121	25.751	94.297	77.413	181.11	182.62	18.498	1.2847e-05	0.034404
346.55	3.2872	393.45	0.0025416	16.988	17.340	70.014	74.440	181.32	340.77	1.9446	5.4402e-05	0.082829	0.0014552	84.943	0.011773	24.119	25.748	94.276	77.473	182.00	182.47	18.491	1.2868e-05	0.034491
346.67	3.2948	393.02	0.0025444	17.006	17.359	70.067	74.480	181.91	339.70	1.9588	5.4294e-05	0.082763	0.0014434	85.247	0.011731	24.118	25.744	94.255	77.534	182.90	182.32	18.484	1.2889e-05	0.034579
346.79	3.3024	392.58	0.0025472	17.024	17.378	70.121	74.520	182.50	338.63	1.9732	5.4187e-05	0.082698	0.0014315	85.552	0.011689	24.117	25.741	94.235	77.595	183.82	182.16	18.478	1.2910e-05	0.034667
346.91	3.3100	392.15	0.0025501	17.043	17.398	70.174	74.560	183.11	337.56	1.9877	5.4079e-05	0.082633	0.0014197	85.859	0.011647	24.115	25.737	94.214	77.655	184.75	182.01	18.471	1.2931e-05	0.034756
347.03	3.3176	391.71	0.0025529	17.061	17.417	70.228	74.600	183.72	336.49	2.0023	5.3972e-05	0.082568	0.0014080	86.166	0.011605	24.114	25.734	94.193	77.717	185.69	181.85	18.464	1.2952e-05	0.034845
347.15	3.3252	391.27	0.0025558	17.079	17.437	70.281	74.640	184.34	335.42	2.0170	5.3864e-05	0.082504	0.0013963	86.475	0.011564	24.112	25.730	94.171	77.778	186.64	181.70	18.457	1.2974e-05	0.034935
347.27	3.3327	390.83	0.0025586	17.097	17.456	70.335	74.681	184.96	334.35	2.0318	5.3757e-05	0.082439	0.0013846	86.785	0.011523	24.111	25.726	94.150	77.839	187.60	181.55	18.450	1.2995e-05	0.035026
347.39	3.3403	390.39	0.0025615	17.115	17.475	70.388	74.721	185.60	333.28	2.0467	5.3649e-05	0.082375	0.0013730	87.096	0.011482	24.109	25.723	94.129	77.901	188.57	181.39	18.444	1.3017e-05	0.035117
347.51	3.3479	389.95	0.0025644	17.133	17.495	70.441	74.762	186.24	332.21	2.0618	5.3542e-05	0.082310	0.0013614	87.409	0.011441	24.107	25.719	94.107	77.963	189.56	181.24	18.437	1.3038e-05	0.035208
347.63	3.3555	389.51	0.0025673	17.152	17.514	70.495	74.803	186.89	331.14	2.0770	5.3434e-05	0.082246	0.0013498	87.722	0.011400	24.105	25.715	94.086	78.025	190.55	181.08	18.429	1.3060e-05	0.035300
347.75	3.3631	389.07	0.0025703	17.170	17.534	70.548	74.844	187.54	330.08	2.0924	5.3327e-05	0.082182	0.0013383	88.037	0.011359	24.104	25.711	94.064	78.087	191.57	180.93	18.422	1.3082e-05	0.035393
347.87	3.3707	388.62	0.0025732	17.188	17.553	70.602	74.886	188.21	329.01	2.1078	5.3219e-05	0.082118	0.0013268	88.353	0.011318	24.102	25.707	94.042	78.150	192.59	180.77	18.415	1.3104e-05	0.035486
347.99	3.3783	388.18	0.0025761	17.206	17.572	70.655	74.927	188.88	327.94	2.1234	5.3112e-05	0.082054	0.0013153	88.671	0.011278	24.100	25.703	94.020	78.213	193.63	180.62	18.408	1.3126e-05	0.035580
348.11	3.3859	387.73	0.0025791	17.224	17.592	70.709	74.969	189.56	326.87	2.1392	5.3004e-05	0.081990	0.0013039	88.990	0.011237	24.098	25.699	93.998	78.275	194.68	180.46	18.401	1.3148e-05	0.035674
348.23	3.3935	387.28	0.0025821	17.243	17.611	70.762	75.011	190.25	325.81	2.1550	5.2897e-05	0.081927	0.0012925	89.310	0.011197	24.096	25.695	93.976	78.339	195.74	180.31	18.393	1.3170e-05	0.035769
348.35	3.4011	386.84	0.0025851	17.261	17.631	70.816	75.053	190.94	324.74	2.1711	5.2789e-05	0.081863	0.0012812	89.631	0.011157	24.094	25.691	93.954	78.402	196.82	180.15	18.386	1.3192e-05	0.035865
348.46	3.4087	386.39	0.0025881	17.279	17.650	70.869	75.095	191.65	323.67	2.1872	5.2681e-05	0.081800	0.0012698	89.954	0.011117	24.092	25.687	93.932	78.465	197.92	179.99	18.379	1.3215e-05	0.035961
348.58	3.4163	385.93	0.0025911	17.297	17.670	70.923	75.138	192.36	322.60	2.2035	5.2573e-05	0.081737	0.0012586	90.278	0.011077	24.090	25.682	93.910	78.529	199.02	179.84	18.371	1.3237e-05	0.036058
348.70	3.4238	385.48	0.0025942	17.315	17.689	70.976	75.180	193.09	321.54	2.2199	5.2466e-05	0.081674	0.0012473	90.603	0.011037	24.088	25.678	93.887	78.593	200.15	179.68	18.363	1.3260e-05	0.036156
348.82	3.4314	385.03	0.0025972	17.334	17.709	71.030	75.223	193.82	320.47	2.2365	5.2358e-05	0.081612	0.0012361	90.930	0.010997	24.086	25.674	93.864	78.657	201.28	179.52	18.356	1.3283e-05	0.036254
348.94	3.4390	384.58	0.0026003	17.352	17.728	71.083	75.267	194.56	319.40	2.2532	5.2250e-05	0.081549	0.0012249	91.259	0.010958	24.084	25.669	93.842	78.722	202.44	179.37	18.348	1.3306e-05	0.036353
349.05	3.4466	384.12	0.0026034	17.370	17.748	71.137	75.310	195.32	318.34	2.2701	5.2142e-05	0.081487	0.0012138	91.588	0.010918	24.081	25.665	93.819	78.787	203.61	179.21	18.340	1.3329e-05	0.036452
349.17	3.4542	383.66	0.0026065	17.388	17.767	71.190	75.353	196.08	317.27	2.2871	5.2034e-05	0.081424	0.0012027	91.919	0.010879	24.079	25.660	93.796	78.852	204.79	179.05	18.332	1.3352e-05	0.036553
349.29	3.4618	383.20	0.0026096	17.406	17.787	71.244	75.397	196.85	316.21	2.3043	5.1926e-05	0.081362	0.0011916	92.252	0.010840	24.077	25.656	93.773	78.917	206.00	178.90	18.324	1.3375e-05	0.036653
349.40	3.4694	382.75	0.0026127	17.425	17.806	71.297	75.441	197.63	315.14	2.3216	5.1818e-05	0.081300	0.0011806	92.586	0.010801	24.074	25.651	93.750	78.982	207.21	178.74	18.316	1.3399e-05	0.036755
349.52	3.4770	382.28	0.0026159	17.443	17.826	71.351	75.486	198.43	314.07	2.3391	5.1710e-05	0.081239	0.0011696	92.921	0.010762	24.072	25.646	93.726	79.048	208.45	178.58	18.308	1.3422e-05	0.036857
349.64	3.4846	381.82	0.0026190	17.461	17.845	71.404	75.530	199.23	313.01	2.3567	5.1602e-05	0.081177	0.0011586	93.258	0.010723	24.069	25.642	93.703	79.114	209.70	178.43	18.300	1.3446e-05	0.036960
349.75	3.4922	381.36	0.0026222	17.480	17.865	71.458	75.575	200.05	311.94	2.3745	5.1494e-05	0.081116	0.0011477	93.597	0.010684	24.067	25.637	93.679	79.180	210.98	178.27	18.292	1.3470e-05	0.037064
349.87	3.4998	380.90	0.0026254	17.498	17.884	71.511	75.620	200.87	310.87	2.3925	5.1386e-05	0.081055	0.0011368	93.937	0.010645	24.064	25.632	93.656	79.246	212.27	178.11	18.283	1.3494e-05	0.037169
349.98	3.5074	380.43	0.0026286	17.516	17.904	71.565	75.665	201.71	309.81	2.4107	5.1277e-05	0.080994	0.0011259	94.279	0.010607	24.062	25.627	93.632	79.313	213.58	177.95	18.275	1.3518e-05	0.037274
350.10	3.5149	379.96	0.0026318	17.534	17.924	71.619	75.711	202.56	308.74	2.4290	5.1169e-05	0.080933	0.0011151	94.622	0.010568	24.059	25.622	93.608	79.380	214.91	177.79	18.266	1.3542e-05	0.037380
350.21	3.5225	379.49	0.0026351	17.553	17.943	71.672	75.756	203.42	307.67	2.4474	5.1060e-05	0.080873	0.0011043	94.966	0.010530	24.056	25.617	93.584	79.447	216.25	177.64	18.258	1.3566e-05	0.037487
350.33	3.5301	379.02	0.0026384	17.571	17.963	71.726	75.802	204.30	306.61	2.4661	5.0952e-05	0.080813	0.0010936	95.313	0.010492	24.053	25.612	93.560	79.515	217.62	177.48	18.249	1.3591e-05	0.037594
350.44	3.5377	378.55	0.0026416	17.589	17.983	71.780	75.849	205.18	305.54	2.4849	5.0843e-05	0.080753	0.0010829	95.661	0.010454	24.051	25.607	93.535	79.583	219.01	177.32	18.240	1.3615e-05	0.037703
350.56	3.5453	378.08	0.0026450	17.608	18.002	71.833	75.895	206.08	304.47	2.5039	5.0734e-05	0.080693	0.0010722	96.010	0.010416	24.048	25.601	93.511	79.651	220.42	177.16	18.231	1.3640e-05	0.037812
350.67	3.5529	377.60	0.0026483	17.626	18.022	71.887	75.942	206.99	303.40	2.5231	5.0626e-05	0.080633	0.0010615	96.362	0.010378	24.045	25.596	93.486	79.719	221.85	177.00	18.222	1.3665e-05	0.037922
350.79	3.5605	377.13	0.0026516	17.644	18.042	71.941	75.989	207.92	302.34	2.5425	5.0517e-05	0.080574	0.0010509	96.715	0.010340	24.042	25.591	93.462	79.788	223.31	176.84	18.213	1.3690e-05	0.038033
350.90	3.5681	376.65	0.0026550	17.663	18.061	71.995	76.036	208.86	301.27	2.5620	5.0408e-05	0.080515	0.0010403	97.069	0.010302	24.039	25.585	93.437	79.857	224.78	176.68	18.204	1.3715e-05	0.038145
351.01	3.5757	376.17	0.0026584	17.681	18.081	72.049	76.084	209.81	300.20	2.5818	5.0299e-05	0.080456	0.0010298	97.426	0.010264	24.036	25.580	93.412	79.926	226.28	176.52	18.194	1.3740e-05	0.038257
351.13	3.5833	375.69	0.0026618	17.700	18.101	72.102	76.132	210.78	299.13	2.6017	5.0189e-05	0.080398	0.0010193	97.784	0.010227	24.032	25.574	93.387	79.996	227.81	176.36	18.185	1.3766e-05	0.038371
351.24	3.5909	375.21	0.0026652	17.718	18.121	72.156	76.180	211.76	298.07	2.6218	5.0080e-05	0.080340	0.0010088	98.144	0.010189	24.029	25.569	93.361	80.066	229.35	176.20	18.175	1.3792e-05	0.038485
351.35	3.5985	374.73	0.0026686	17.736	18.140	72.210	76.229	212.76	297.00	2.6422	4.9971e-05	0.080282	0.00099838	98.506	0.010152	24.026	25.563	93.336	80.136	230.93	176.04	18.166	1.3817e-05	0.038600
351.47	3.6060	374.24	0.0026721	17.755	18.160	72.264	76.278	213.77	295.93	2.6627	4.9861e-05	0.080224	0.00098798	98.869	0.010114	24.023	25.557	93.310	80.207	232.52	175.88	18.156	1.3843e-05	0.038716
351.58	3.6136	373.75	0.0026756	17.773	18.180	72.318	76.327	214.80	294.86	2.6834	4.9751e-05	0.080166	0.00097761	99.235	0.010077	24.019	25.551	93.285	80.277	234.15	175.72	18.146	1.3869e-05	0.038834
351.69	3.6212	373.26	0.0026791	17.792	18.200	72.372	76.377	215.84	293.79	2.7044	4.9642e-05	0.080109	0.00096727	99.602	0.010040	24.016	25.546	93.259	80.349	235.80	175.56	18.136	1.3896e-05	0.038952
351.81	3.6288	372.77	0.0026826	17.810	18.220	72.426	76.426	216.90	292.72	2.7255	4.9532e-05	0.080052	0.00095697	99.971	0.010003	24.012	25.540	93.233	80.420	237.48	175.40	18.126	1.3922e-05	0.039071
351.92	3.6364	372.28	0.0026861	17.829	18.240	72.480	76.477	217.98	291.65	2.7469	4.9422e-05	0.079996	0.00094671	100.34	0.0099659	24.009	25.534	93.207	80.492	239.18	175.24	18.116	1.3949e-05	0.039191
352.03	3.6440	371.79	0.0026897	17.847	18.260	72.535	76.527	219.08	290.58	2.7684	4.9312e-05	0.079940	0.00093647	100.72	0.0099290	24.005	25.528	93.180	80.565	240.92	175.08	18.105	1.3975e-05	0.039312
352.14	3.6516	371.29	0.0026933	17.866	18.280	72.589	76.578	220.19	289.51	2.7902	4.9201e-05	0.079884	0.00092628	101.09	0.0098922	24.001	25.521	93.154	80.637	242.68	174.92	18.095	1.4002e-05	0.039434
352.25	3.6592	370.79	0.0026969	17.884	18.300	72.643	76.629	221.32	288.44	2.8123	4.9091e-05	0.079828	0.00091612	101.47	0.0098554	23.998	25.515	93.127	80.710	244.47	174.76	18.084	1.4029e-05	0.039557
352.37	3.6668	370.29	0.0027006	17.903	18.320	72.697	76.681	222.47	287.37	2.8345	4.8980e-05	0.079773	0.00090599	101.85	0.0098187	23.994	25.509	93.100	80.784	246.30	174.59	18.073	1.4057e-05	0.039681
352.48	3.6744	369.79	0.0027042	17.921	18.340	72.752	76.733	223.64	286.29	2.8570	4.8869e-05	0.079718	0.00089590	102.23	0.0097821	23.990	25.502	93.073	80.857	248.15	174.43	18.062	1.4084e-05	0.039807
352.59	3.6820	369.29	0.0027079	17.940	18.360	72.806	76.785	224.83	285.22	2.8797	4.8759e-05	0.079664	0.00088584	102.61	0.0097456	23.986	25.496	93.046	80.932	250.04	174.27	18.051	1.4112e-05	0.039933
352.70	3.6896	368.78	0.0027116	17.959	18.380	72.861	76.838	226.04	284.15	2.9027	4.8647e-05	0.079610	0.00087582	103.00	0.0097091	23.982	25.489	93.019	81.006	251.97	174.11	18.040	1.4139e-05	0.040061
352.81	3.6971	368.28	0.0027153	17.977	18.400	72.915	76.891	227.27	283.07	2.9259	4.8536e-05	0.079556	0.00086583	103.38	0.0096728	23.978	25.483	92.991	81.081	253.92	173.94	18.029	1.4167e-05	0.040189
352.92	3.7047	367.77	0.0027191	17.996	18.420	72.970	76.945	228.53	282.00	2.9493	4.8425e-05	0.079503	0.00085587	103.77	0.0096365	23.974	25.476	92.964	81.157	255.92	173.78	18.017	1.4196e-05	0.040319
353.03	3.7123	367.26	0.0027229	18.015	18.440	73.024	76.999	229.80	280.93	2.9730	4.8313e-05	0.079450	0.00084596	104.16	0.0096002	23.970	25.469	92.936	81.232	257.95	173.62	18.006	1.4224e-05	0.040450
353.14	3.7199	366.74	0.0027267	18.033	18.460	73.079	77.053	231.10	279.85	2.9969	4.8202e-05	0.079397	0.00083607	104.56	0.0095640	23.966	25.463	92.908	81.309	260.01	173.45	17.994	1.4252e-05	0.040582
353.25	3.7275	366.23	0.0027305	18.052	18.480	73.134	77.108	232.42	278.77	3.0211	4.8090e-05	0.079345	0.00082622	104.95	0.0095279	23.961	25.456	92.880	81.385	262.12	173.29	17.982	1.4281e-05	0.040716
353.36	3.7351	365.71	0.0027344	18.071	18.501	73.189	77.163	233.76	277.70	3.0456	4.7978e-05	0.079293	0.00081641	105.35	0.0094919	23.957	25.449	92.851	81.462	264.26	173.13	17.970	1.4310e-05	0.040850
353.47	3.7427	365.19	0.0027383	18.090	18.521	73.244	77.219	235.13	276.62	3.0703	4.7865e-05	0.079242	0.00080663	105.75	0.0094559	23.952	25.442	92.823	81.540	266.45	172.96	17.958	1.4339e-05	0.040986
353.58	3.7503	364.67	0.0027422	18.109	18.541	73.299	77.275	236.52	275.54	3.0953	4.7753e-05	0.079191	0.00079688	106.16	0.0094200	23.948	25.434	92.794	81.618	268.67	172.80	17.945	1.4369e-05	0.041124
353.69	3.7579	364.15	0.0027461	18.127	18.562	73.354	77.331	237.94	274.46	3.1206	4.7640e-05	0.079141	0.00078717	106.56	0.0093841	23.943	25.427	92.765	81.697	270.94	172.63	17.933	1.4398e-05	0.041262
353.80	3.7655	363.62	0.0027501	18.146	18.582	73.409	77.388	239.39	273.39	3.1462	4.7527e-05	0.079091	0.00077750	106.97	0.0093483	23.939	25.420	92.736	81.776	273.25	172.47	17.920	1.4428e-05	0.041403
353.91	3.7731	363.09	0.0027541	18.165	18.602	73.464	77.446	240.86	272.31	3.1720	4.7414e-05	0.079042	0.00076785	107.38	0.0093126	23.934	25.412	92.706	81.855	275.61	172.30	17.907	1.4458e-05	0.041544
354.02	3.7807	362.56	0.0027582	18.184	18.623	73.519	77.504	242.36	271.22	3.1982	4.7301e-05	0.078993	0.00075825	107.79	0.0092769	23.929	25.405	92.677	81.935	278.02	172.14	17.894	1.4488e-05	0.041687
354.12	3.7882	362.03	0.0027622	18.203	18.643	73.574	77.563	243.89	270.14	3.2246	4.7187e-05	0.078944	0.00074868	108.21	0.0092412	23.924	25.397	92.647	82.015	280.47	171.97	17.881	1.4519e-05	0.041831
354.23	3.7958	361.49	0.0027663	18.222	18.664	73.630	77.622	245.46	269.06	3.2513	4.7073e-05	0.078897	0.00073914	108.63	0.0092056	23.919	25.390	92.617	82.096	282.98	171.81	17.867	1.4549e-05	0.041977
354.34	3.8034	360.95	0.0027704	18.241	18.684	73.685	77.681	247.05	267.98	3.2784	4.6959e-05	0.078849	0.00072964	109.05	0.0091701	23.914	25.382	92.587	82.178	285.53	171.64	17.854	1.4580e-05	0.042124
354.45	3.8110	360.41	0.0027746	18.260	18.705	73.741	77.741	248.67	266.89	3.3057	4.6845e-05	0.078803	0.00072017	109.47	0.0091346	23.909	25.374	92.556	82.260	288.14	171.48	17.840	1.4612e-05	0.042273
354.56	3.8186	359.87	0.0027788	18.279	18.726	73.797	77.802	250.33	265.81	3.3334	4.6730e-05	0.078756	0.00071074	109.90	0.0090992	23.904	25.366	92.526	82.342	290.80	171.31	17.826	1.4643e-05	0.042423
354.67	3.8262	359.32	0.0027830	18.298	18.746	73.853	77.863	252.02	264.72	3.3614	4.6615e-05	0.078711	0.00070135	110.33	0.0090638	23.899	25.358	92.495	82.426	293.52	171.14	17.812	1.4675e-05	0.042575
354.77	3.8338	358.78	0.0027873	18.317	18.767	73.908	77.925	253.75	263.64	3.3897	4.6500e-05	0.078666	0.00069198	110.76	0.0090284	23.893	25.350	92.464	82.509	296.30	170.98	17.797	1.4706e-05	0.042729
354.88	3.8414	358.22	0.0027915	18.337	18.788	73.964	77.987	255.51	262.55	3.4184	4.6385e-05	0.078622	0.00068266	111.20	0.0089931	23.888	25.342	92.432	82.594	299.13	170.81	17.783	1.4739e-05	0.042885
354.99	3.8490	357.67	0.0027959	18.356	18.809	74.021	78.050	257.31	261.46	3.4474	4.6269e-05	0.078578	0.00067337	111.63	0.0089579	23.882	25.333	92.401	82.678	302.03	170.64	17.768	1.4771e-05	0.043042
355.09	3.8566	357.11	0.0028002	18.375	18.829	74.077	78.114	259.14	260.37	3.4768	4.6154e-05	0.078535	0.00066411	112.07	0.0089226	23.877	25.325	92.369	82.764	304.99	170.47	17.753	1.4804e-05	0.043201
355.20	3.8642	356.55	0.0028046	18.394	18.850	74.133	78.178	261.02	259.28	3.5065	4.6037e-05	0.078492	0.00065489	112.52	0.0088874	23.871	25.316	92.337	82.850	308.02	170.31	17.737	1.4837e-05	0.043361
355.31	3.8718	355.99	0.0028091	18.414	18.871	74.189	78.243	262.94	258.19	3.5366	4.5921e-05	0.078451	0.00064571	112.97	0.0088523	23.865	25.308	92.304	82.937	311.11	170.14	17.722	1.4870e-05	0.043524
355.41	3.8793	355.43	0.0028135	18.433	18.892	74.246	78.308	264.90	257.09	3.5670	4.5804e-05	0.078410	0.00063656	113.42	0.0088172	23.860	25.299	92.272	83.024	314.28	169.97	17.706	1.4903e-05	0.043688
355.52	3.8869	354.86	0.0028180	18.452	18.913	74.303	78.374	266.91	256.00	3.5978	4.5687e-05	0.078369	0.00062745	113.87	0.0087821	23.854	25.290	92.239	83.112	317.52	169.80	17.690	1.4937e-05	0.043855
355.63	3.8945	354.29	0.0028226	18.472	18.934	74.359	78.441	268.96	254.90	3.6290	4.5569e-05	0.078330	0.00061837	114.32	0.0087470	23.848	25.281	92.206	83.201	320.83	169.63	17.674	1.4971e-05	0.044023
355.73	3.9021	353.71	0.0028272	18.491	18.956	74.416	78.509	271.06	253.81	3.6606	4.5452e-05	0.078291	0.00060932	114.78	0.0087120	23.841	25.272	92.173	83.290	324.23	169.46	17.657	1.5006e-05	0.044194
355.84	3.9097	353.13	0.0028318	18.511	18.977	74.473	78.577	273.20	252.71	3.6926	4.5333e-05	0.078253	0.00060032	115.25	0.0086770	23.835	25.263	92.139	83.380	327.70	169.29	17.640	1.5040e-05	0.044366
355.94	3.9173	352.55	0.0028365	18.530	18.998	74.530	78.646	275.40	251.61	3.7250	4.5215e-05	0.078216	0.00059135	115.71	0.0086420	23.829	25.254	92.105	83.471	331.26	169.12	17.623	1.5075e-05	0.044541
356.05	3.9249	351.97	0.0028412	18.550	19.019	74.588	78.716	277.65	250.51	3.7578	4.5096e-05	0.078180	0.00058241	116.18	0.0086070	23.823	25.244	92.071	83.563	334.90	168.95	17.606	1.5111e-05	0.044718
356.15	3.9325	351.38	0.0028459	18.570	19.041	74.645	78.786	279.96	249.40	3.7910	4.4977e-05	0.078144	0.00057351	116.66	0.0085721	23.816	25.235	92.036	83.655	338.63	168.78	17.589	1.5146e-05	0.044897
356.26	3.9401	350.79	0.0028507	18.589	19.062	74.703	78.857	282.32	248.30	3.8247	4.4857e-05	0.078110	0.00056465	117.14	0.0085371	23.809	25.225	92.001	83.748	342.46	168.61	17.571	1.5182e-05	0.045079
356.36	3.9477	350.19	0.0028556	18.609	19.084	74.760	78.930	284.74	247.19	3.8588	4.4737e-05	0.078076	0.00055582	117.62	0.0085022	23.803	25.215	91.966	83.842	346.38	168.43	17.553	1.5218e-05	0.045263
356.47	3.9553	349.59	0.0028605	18.629	19.105	74.818	79.003	287.22	246.09	3.8934	4.4617e-05	0.078043	0.00054703	118.10	0.0084673	23.796	25.205	91.931	83.937	350.41	168.26	17.534	1.5255e-05	0.045449
356.57	3.9629	348.99	0.0028654	18.649	19.127	74.876	79.076	289.76	244.98	3.9284	4.4496e-05	0.078011	0.00053828	118.59	0.0084324	23.789	25.195	91.895	84.032	354.54	168.09	17.516	1.5292e-05	0.045638
356.68	3.9704	348.38	0.0028704	18.669	19.148	74.935	79.151	292.37	243.87	3.9639	4.4375e-05	0.077980	0.00052956	119.08	0.0083975	23.782	25.185	91.859	84.129	358.78	167.92	17.497	1.5329e-05	0.045830
356.78	3.9780	347.77	0.0028754	18.689	19.170	74.993	79.227	295.05	242.76	3.9999	4.4253e-05	0.077951	0.00052088	119.58	0.0083627	23.775	25.175	91.823	84.226	363.13	167.74	17.477	1.5367e-05	0.046024
356.89	3.9856	347.16	0.0028805	18.709	19.192	75.051	79.303	297.80	241.64	4.0363	4.4131e-05	0.077922	0.00051224	120.08	0.0083278	23.768	25.164	91.786	84.324	367.59	167.57	17.458	1.5405e-05	0.046221
356.99	3.9932	346.54	0.0028856	18.729	19.214	75.110	79.381	300.62	240.53	4.0733	4.4009e-05	0.077894	0.00050363	120.58	0.0082929	23.760	25.154	91.749	84.423	372.18	167.40	17.438	1.5444e-05	0.046421
357.09	4.0008	345.92	0.0028908	18.749	19.236	75.169	79.459	303.52	239.41	4.1108	4.3886e-05	0.077867	0.00049506	121.09	0.0082580	23.753	25.143	91.712	84.523	376.90	167.22	17.418	1.5483e-05	0.046623
357.20	4.0084	345.29	0.0028961	18.769	19.258	75.228	79.538	306.50	238.29	4.1488	4.3762e-05	0.077842	0.00048653	121.61	0.0082231	23.745	25.132	91.674	84.624	381.75	167.05	17.397	1.5522e-05	0.046829
357.30	4.0160	344.66	0.0029014	18.790	19.280	75.287	79.619	309.57	237.17	4.1873	4.3638e-05	0.077818	0.00047803	122.13	0.0081882	23.737	25.121	91.636	84.726	386.74	166.87	17.376	1.5561e-05	0.047038
357.40	4.0236	344.03	0.0029067	18.810	19.302	75.347	79.700	312.72	236.05	4.2264	4.3513e-05	0.077795	0.00046958	122.65	0.0081533	23.730	25.110	91.597	84.829	391.87	166.69	17.355	1.5602e-05	0.047250
357.51	4.0312	343.39	0.0029122	18.830	19.324	75.407	79.783	315.96	234.93	4.2660	4.3388e-05	0.077773	0.00046116	123.18	0.0081184	23.722	25.099	91.559	84.933	397.16	166.52	17.333	1.5642e-05	0.047465
357.61	4.0388	342.74	0.0029176	18.851	19.347	75.466	79.867	319.30	233.80	4.3062	4.3263e-05	0.077752	0.00045277	123.71	0.0080835	23.714	25.087	91.519	85.038	402.60	166.34	17.311	1.5683e-05	0.047684
357.71	4.0464	342.09	0.0029232	18.871	19.369	75.527	79.951	322.74	232.67	4.3470	4.3137e-05	0.077733	0.00044443	124.25	0.0080485	23.705	25.076	91.480	85.144	408.20	166.16	17.289	1.5724e-05	0.047906
357.82	4.0540	341.44	0.0029288	18.892	19.392	75.587	80.038	326.29	231.54	4.3884	4.3010e-05	0.077715	0.00043612	124.79	0.0080136	23.697	25.064	91.440	85.251	413.98	165.98	17.266	1.5766e-05	0.048132
357.92	4.0615	340.78	0.0029344	18.913	19.414	75.647	80.125	329.94	230.41	4.4305	4.2883e-05	0.077698	0.00042785	125.34	0.0079785	23.688	25.052	91.399	85.359	419.94	165.80	17.243	1.5809e-05	0.048362
358.02	4.0691	340.12	0.0029402	18.933	19.437	75.708	80.213	333.71	229.27	4.4731	4.2755e-05	0.077683	0.00041962	125.89	0.0079435	23.680	25.040	91.358	85.469	426.08	165.63	17.219	1.5851e-05	0.048595
358.12	4.0767	339.45	0.0029460	18.954	19.460	75.769	80.303	337.59	228.13	4.5164	4.2626e-05	0.077670	0.00041143	126.45	0.0079084	23.671	25.028	91.317	85.580	432.43	165.45	17.195	1.5895e-05	0.048833
358.22	4.0843	338.77	0.0029518	18.975	19.483	75.831	80.394	341.61	226.99	4.5604	4.2497e-05	0.077658	0.00040328	127.01	0.0078733	23.662	25.015	91.275	85.692	438.98	165.26	17.170	1.5939e-05	0.049075
358.33	4.0919	338.09	0.0029578	18.996	19.506	75.892	80.487	345.75	225.85	4.6050	4.2367e-05	0.077648	0.00039517	127.58	0.0078382	23.653	25.003	91.233	85.805	445.74	165.08	17.146	1.5983e-05	0.049321
358.43	4.0995	337.41	0.0029638	19.017	19.529	75.954	80.581	350.04	224.70	4.6504	4.2236e-05	0.077639	0.00038709	128.16	0.0078030	23.644	24.990	91.190	85.920	452.74	164.90	17.120	1.6028e-05	0.049571
358.53	4.1071	336.71	0.0029699	19.039	19.552	76.016	80.676	354.47	223.55	4.6964	4.2105e-05	0.077632	0.00037906	128.74	0.0077677	23.634	24.977	91.147	86.036	459.98	164.72	17.094	1.6073e-05	0.049826
358.63	4.1147	336.02	0.0029760	19.060	19.575	76.078	80.773	359.05	222.40	4.7432	4.1973e-05	0.077627	0.00037106	129.33	0.0077324	23.625	24.964	91.103	86.154	467.46	164.54	17.068	1.6119e-05	0.050087
358.73	4.1223	335.31	0.0029823	19.081	19.599	76.141	80.872	363.80	221.25	4.7907	4.1840e-05	0.077623	0.00036311	129.92	0.0076971	23.615	24.950	91.059	86.273	475.22	164.35	17.041	1.6166e-05	0.050352
358.83	4.1299	334.60	0.0029886	19.103	19.622	76.204	80.972	368.72	220.09	4.8390	4.1707e-05	0.077622	0.00035519	130.52	0.0076617	23.605	24.937	91.014	86.393	483.25	164.17	17.014	1.6213e-05	0.050622
358.93	4.1375	333.88	0.0029950	19.124	19.646	76.268	81.074	373.82	218.93	4.8881	4.1572e-05	0.077623	0.00034732	131.13	0.0076262	23.595	24.923	90.969	86.515	491.58	163.98	16.986	1.6261e-05	0.050897
359.03	4.1451	333.16	0.0030016	19.146	19.670	76.331	81.177	379.11	217.77	4.9381	4.1437e-05	0.077625	0.00033949	131.74	0.0075906	23.585	24.909	90.923	86.639	500.22	163.79	16.958	1.6310e-05	0.051179
359.13	4.1526	332.43	0.0030082	19.168	19.694	76.395	81.283	384.60	216.60	4.9888	4.1301e-05	0.077630	0.00033169	132.36	0.0075550	23.574	24.894	90.877	86.764	509.19	163.61	16.929	1.6359e-05	0.051466
359.23	4.1602	331.69	0.0030148	19.190	19.718	76.460	81.390	390.31	215.43	5.0404	4.1164e-05	0.077637	0.00032394	132.99	0.0075193	23.564	24.880	90.830	86.891	518.51	163.42	16.900	1.6409e-05	0.051759
359.33	4.1678	330.95	0.0030216	19.212	19.742	76.524	81.499	396.24	214.26	5.0929	4.1027e-05	0.077647	0.00031623	133.63	0.0074834	23.553	24.865	90.782	87.020	528.20	163.23	16.870	1.6459e-05	0.052059
359.43	4.1754	330.19	0.0030285	19.234	19.766	76.589	81.610	402.41	213.09	5.1464	4.0888e-05	0.077659	0.00030857	134.27	0.0074475	23.542	24.850	90.734	87.150	538.28	163.04	16.839	1.6511e-05	0.052366
359.53	4.1830	329.43	0.0030355	19.257	19.791	76.655	81.724	408.84	211.91	5.2007	4.0748e-05	0.077673	0.00030094	134.93	0.0074115	23.531	24.835	90.685	87.283	548.77	162.85	16.808	1.6563e-05	0.052679
359.63	4.1906	328.66	0.0030426	19.279	19.816	76.721	81.839	415.54	210.72	5.2561	4.0607e-05	0.077690	0.00029336	135.59	0.0073754	23.519	24.820	90.635	87.417	559.71	162.66	16.776	1.6616e-05	0.053000
359.73	4.1982	327.88	0.0030499	19.302	19.840	76.787	81.957	422.53	209.53	5.3124	4.0465e-05	0.077711	0.00028582	136.26	0.0073392	23.507	24.804	90.585	87.553	571.12	162.46	16.743	1.6670e-05	0.053328
359.83	4.2058	327.10	0.0030572	19.324	19.865	76.854	82.077	429.83	208.34	5.3697	4.0322e-05	0.077734	0.00027832	136.93	0.0073028	23.495	24.788	90.534	87.692	583.03	162.27	16.710	1.6724e-05	0.053665
359.93	4.2134	326.30	0.0030646	19.347	19.891	76.921	82.199	437.46	207.15	5.4281	4.0178e-05	0.077760	0.00027087	137.62	0.0072663	23.483	24.772	90.482	87.833	595.47	162.07	16.676	1.6780e-05	0.054010
360.03	4.2210	325.50	0.0030722	19.370	19.916	76.989	82.324	445.44	205.95	5.4877	4.0033e-05	0.077789	0.00026347	138.32	0.0072297	23.471	24.755	90.430	87.976	608.49	161.88	16.642	1.6836e-05	0.054364
360.13	4.2286	324.68	0.0030799	19.393	19.941	77.057	82.452	453.80	204.74	5.5483	3.9886e-05	0.077822	0.00025610	139.03	0.0071929	23.458	24.738	90.376	88.121	622.12	161.68	16.606	1.6893e-05	0.054727
360.23	4.2362	323.86	0.0030878	19.417	19.967	77.126	82.582	462.57	203.53	5.6101	3.9738e-05	0.077859	0.00024879	139.74	0.0071559	23.445	24.721	90.322	88.269	636.40	161.48	16.570	1.6951e-05	0.055100
360.33	4.2437	323.02	0.0030958	19.440	19.993	77.195	82.715	471.77	202.32	5.6731	3.9589e-05	0.077900	0.00024152	140.47	0.0071188	23.432	24.703	90.267	88.419	651.39	161.28	16.533	1.7011e-05	0.055483
360.42	4.2513	322.17	0.0031039	19.464	20.019	77.265	82.851	481.45	201.10	5.7374	3.9439e-05	0.077945	0.00023429	141.21	0.0070815	23.419	24.685	90.211	88.572	667.13	161.07	16.495	1.7071e-05	0.055878
360.52	4.2589	321.32	0.0031122	19.488	20.046	77.336	82.991	491.63	199.88	5.8029	3.9287e-05	0.077994	0.00022711	141.96	0.0070441	23.405	24.667	90.154	88.728	683.68	160.87	16.457	1.7133e-05	0.056284
360.62	4.2665	320.45	0.0031207	19.512	20.072	77.407	83.133	502.35	198.65	5.8698	3.9133e-05	0.078048	0.00021998	142.73	0.0070064	23.391	24.649	90.096	88.887	701.12	160.66	16.417	1.7195e-05	0.056702
360.72	4.2741	319.56	0.0031293	19.536	20.099	77.478	83.279	513.67	197.42	5.9381	3.8978e-05	0.078107	0.00021290	143.50	0.0069685	23.376	24.630	90.038	89.048	719.51	160.45	16.377	1.7259e-05	0.057133
360.82	4.2817	318.67	0.0031381	19.561	20.126	77.551	83.429	525.64	196.18	6.0078	3.8821e-05	0.078172	0.00020587	144.29	0.0069304	23.361	24.610	89.978	89.213	738.93	160.24	16.336	1.7324e-05	0.057578
360.91	4.2893	317.76	0.0031470	19.586	20.154	77.624	83.582	538.31	194.93	6.0790	3.8663e-05	0.078242	0.00019888	145.10	0.0068920	23.346	24.590	89.917	89.381	759.46	160.03	16.293	1.7391e-05	0.058038
361.01	4.2969	316.83	0.0031562	19.611	20.181	77.698	83.740	551.74	193.68	6.1518	3.8502e-05	0.078319	0.00019195	145.91	0.0068534	23.331	24.570	89.854	89.553	781.22	159.82	16.250	1.7459e-05	0.058514
361.11	4.3045	315.90	0.0031656	19.636	20.209	77.773	83.901	566.01	192.42	6.2262	3.8340e-05	0.078402	0.00018506	146.75	0.0068145	23.315	24.549	89.791	89.728	804.31	159.60	16.205	1.7528e-05	0.059007
361.20	4.3121	314.94	0.0031752	19.662	20.238	77.848	84.067	581.19	191.16	6.3022	3.8175e-05	0.078493	0.00017823	147.59	0.0067753	23.299	24.528	89.726	89.907	828.85	159.38	16.160	1.7599e-05	0.059518
361.30	4.3197	313.97	0.0031850	19.687	20.266	77.925	84.238	597.38	189.88	6.3800	3.8009e-05	0.078591	0.00017145	148.46	0.0067358	23.282	24.507	89.660	90.090	854.99	159.16	16.113	1.7671e-05	0.060048
361.40	4.3273	312.98	0.0031951	19.714	20.295	78.002	84.414	614.69	188.61	6.4596	3.7840e-05	0.078699	0.00016472	149.34	0.0066960	23.265	24.484	89.593	90.277	882.89	158.93	16.065	1.7745e-05	0.060599
361.49	4.3348	311.98	0.0032054	19.740	20.325	78.081	84.595	633.22	187.32	6.5412	3.7669e-05	0.078816	0.00015805	150.24	0.0066558	23.247	24.462	89.524	90.469	912.72	158.71	16.015	1.7821e-05	0.061172
361.59	4.3424	310.95	0.0032160	19.767	20.354	78.160	84.781	653.12	186.02	6.6247	3.7495e-05	0.078943	0.00015144	151.17	0.0066152	23.229	24.438	89.454	90.665	944.71	158.48	15.964	1.7899e-05	0.061770
361.69	4.3500	309.90	0.0032268	19.794	20.385	78.241	84.974	674.54	184.72	6.7103	3.7319e-05	0.079081	0.00014488	152.11	0.0065743	23.211	24.414	89.382	90.867	979.08	158.24	15.912	1.7979e-05	0.062394
361.78	4.3576	308.83	0.0032380	19.822	20.415	78.322	85.173	697.67	183.41	6.7981	3.7139e-05	0.079232	0.00013837	153.07	0.0065328	23.192	24.390	89.308	91.073	1016.1	158.00	15.859	1.8061e-05	0.063047
361.88	4.3652	307.74	0.0032495	19.849	20.446	78.405	85.378	722.70	182.09	6.8882	3.6957e-05	0.079398	0.00013193	154.06	0.0064910	23.172	24.364	89.232	91.285	1056.1	157.76	15.803	1.8146e-05	0.063731
361.97	4.3728	306.62	0.0032613	19.878	20.478	78.490	85.591	749.90	180.76	6.9807	3.6771e-05	0.079578	0.00012555	155.07	0.0064486	23.152	24.338	89.154	91.503	1099.5	157.51	15.746	1.8233e-05	0.064450
362.07	4.3804	305.48	0.0032735	19.907	20.510	78.576	85.811	779.55	179.42	7.0758	3.6582e-05	0.079776	0.00011923	156.11	0.0064056	23.131	24.311	89.074	91.727	1146.7	157.26	15.687	1.8322e-05	0.065206
362.16	4.3880	304.31	0.0032861	19.936	20.543	78.663	86.040	811.99	178.07	7.1735	3.6389e-05	0.079994	0.00011297	157.18	0.0063620	23.109	24.284	88.992	91.958	1198.2	157.01	15.627	1.8415e-05	0.066004
362.26	4.3956	303.11	0.0032992	19.966	20.576	78.752	86.278	847.64	176.70	7.2741	3.6192e-05	0.080234	0.00010678	158.28	0.0063178	23.086	24.255	88.907	92.197	1254.7	156.74	15.564	1.8510e-05	0.066849
362.35	4.4032	301.87	0.0033127	19.996	20.610	78.843	86.526	886.99	175.33	7.3777	3.5991e-05	0.080498	0.00010065	159.41	0.0062729	23.063	24.225	88.820	92.443	1316.8	156.48	15.499	1.8609e-05	0.067745
362.45	4.4108	300.60	0.0033267	20.027	20.645	78.936	86.784	930.66	173.94	7.4845	3.5785e-05	0.080792	9.4595e-05	160.58	0.0062273	23.039	24.195	88.730	92.697	1385.6	156.20	15.432	1.8711e-05	0.068700
362.54	4.4184	299.28	0.0033413	20.059	20.681	79.032	87.053	979.37	172.54	7.5948	3.5574e-05	0.081118	8.8610e-05	161.79	0.0061807	23.014	24.163	88.637	92.960	1462.0	155.92	15.362	1.8817e-05	0.069719
362.64	4.4259	297.93	0.0033565	20.092	20.717	79.129	87.336	1034.1	171.12	7.7087	3.5357e-05	0.081483	8.2698e-05	163.05	0.0061333	22.987	24.130	88.540	93.233	1547.5	155.63	15.289	1.8928e-05	0.070814
362.73	4.4335	296.53	0.0033724	20.125	20.754	79.230	87.632	1095.9	169.68	7.8265	3.5134e-05	0.081893	7.6863e-05	164.35	0.0060848	22.960	24.095	88.440	93.517	1643.8	155.33	15.214	1.9043e-05	0.071993
362.83	4.4411	295.07	0.0033890	20.160	20.793	79.333	87.944	1166.3	168.23	7.9486	3.4903e-05	0.082355	7.1108e-05	165.70	0.0060351	22.931	24.059	88.335	93.813	1753.0	155.02	15.135	1.9164e-05	0.073271
362.92	4.4487	293.56	0.0034065	20.195	20.833	79.439	88.272	1247.3	166.76	8.0753	3.4666e-05	0.082880	6.5435e-05	167.11	0.0059841	22.901	24.022	88.226	94.121	1877.9	154.69	15.053	1.9291e-05	0.074664
363.01	4.4563	291.98	0.0034249	20.232	20.874	79.550	88.621	1341.2	165.27	8.2070	3.4419e-05	0.083481	5.9850e-05	168.58	0.0059317	22.870	23.982	88.112	94.444	2022.3	154.36	14.966	1.9424e-05	0.076192
363.11	4.4639	290.32	0.0034444	20.270	20.917	79.664	88.991	1451.7	163.76	8.3443	3.4163e-05	0.084175	5.4356e-05	170.14	0.0058777	22.836	23.940	87.992	94.783	2190.9	154.01	14.875	1.9565e-05	0.077882
363.20	4.4715	288.59	0.0034652	20.309	20.961	79.784	89.385	1583.1	162.22	8.4876	3.3895e-05	0.084984	4.8959e-05	171.77	0.0058217	22.801	23.896	87.865	95.140	2390.4	153.64	14.780	1.9714e-05	0.079768
363.29	4.4791	286.75	0.0034874	20.350	21.008	79.909	89.809	1742.3	160.65	8.6379	3.3614e-05	0.085938	4.3664e-05	173.51	0.0057635	22.763	23.849	87.730	95.517	2630.2	153.25	14.678	1.9873e-05	0.081896
363.39	4.4867	284.79	0.0035113	20.394	21.057	80.041	90.267	1938.6	159.05	8.7958	3.3318e-05	0.087080	3.8479e-05	175.36	0.0057026	22.722	23.799	87.587	95.917	2923.9	152.83	14.570	2.0045e-05	0.084329
363.48	4.4943	282.70	0.0035373	20.440	21.109	80.181	90.764	2186.8	157.42	8.9627	3.3004e-05	0.088471	3.3412e-05	177.35	0.0056387	22.678	23.745	87.432	96.344	3291.8	152.38	14.454	2.0230e-05	0.087155
363.57	4.5019	280.44	0.0035658	20.489	21.164	80.330	91.310	2509.9	155.74	9.1401	3.2667e-05	0.090204	2.8474e-05	179.51	0.0055709	22.630	23.685	87.265	96.804	3766.0	151.90	14.329	2.0433e-05	0.090507
363.66	4.5095	277.96	0.0035976	20.542	21.224	80.493	91.917	2947.1	154.01	9.3300	3.2302e-05	0.092425	2.3678e-05	181.88	0.0054982	22.577	23.620	87.081	97.302	4400.5	151.37	14.192	2.0658e-05	0.094588
363.75	4.5170	275.21	0.0036336	20.600	21.291	80.671	92.601	3570.1	152.22	9.5354	3.1901e-05	0.095383	1.9041e-05	184.53	0.0054193	22.517	23.548	86.876	97.849	5292.7	150.78	14.041	2.0912e-05	0.099738
363.85	4.5246	272.07	0.0036755	20.665	21.365	80.873	93.390	4525.7	150.36	9.7611	3.1449e-05	0.099544	1.4586e-05	187.56	0.0053317	22.449	23.464	86.642	98.458	6639.1	150.10	13.870	2.1207e-05	0.10658
363.94	4.5322	268.36	0.0037263	20.741	21.452	81.108	94.330	6165.5	148.39	10.015	3.0923e-05	0.10590	1.0348e-05	191.16	0.0052313	22.367	23.365	86.365	99.151	8903.3	149.29	13.670	2.1560e-05	0.11639
364.03	4.5398	263.70	0.0037921	20.835	21.559	81.400	95.515	9586.1	146.27	10.314	3.0273e-05	0.11712	6.3821e-06	195.70	0.0051097	22.263	23.240	86.016	99.970	13501.	148.26	13.425	2.2015e-05	0.13252
364.12	4.5474	256.98	0.0038914	20.968	21.713	81.818	undefined	undefined	undefined	10.703	2.9357e-05	undefined	2.7950e-06	202.31	0.0049428	22.113	23.059	85.515	undefined	undefined	undefined	13.084	2.2693e-05	undefined
364.21	4.5550	229.63	0.0043548	21.513	22.348	83.559	undefined	undefined	undefined	0.0000	undefined	undefined	0.0000	229.63	0.0043548	21.513	22.348	83.559	undefined	undefined	undefined	0.0000	undefined	undefined
