Temperature (K)	Pressure (MPa)	Density (l, kg/m3)	Volume (l, m3/kg)	Internal Energy (l, kJ/mol)	Enthalpy (l, kJ/mol)	Entropy (l, J/mol*K)	Cv (l, J/mol*K)	Cp (l, J/mol*K)	Sound Spd. (l, m/s)	Joule-Thomson (l, K/MPa)	Viscosity (l, Pa*s)	Therm. Cond. (l, W/m*K)	Surf. Tension (l, N/m)	Density (v, kg/m3)	Volume (v, m3/kg)	Internal Energy (v, kJ/mol)	Enthalpy (v, kJ/mol)	Entropy (v, J/mol*K)	Cv (v, J/mol*K)	Cp (v, J/mol*K)	Sound Spd. (v, m/s)	Joule-Thomson (v, K/MPa)	Viscosity (v, Pa*s)	Therm. Cond. (v, W/m*K)
162.68	6.5100e-06	1768.5	0.00056544	15.036	15.036	79.300	74.722	105.06	1224.2	-0.60355	undefined	undefined	0.036629	0.00066119	1512.4	44.923	46.276	271.34	49.535	57.857	107.23	1885.8	undefined	undefined
239.26	0.0073526	1608.7	0.00062162	23.528	23.529	121.96	78.944	114.83	940.58	-0.50523	0.00082163	0.10461	0.025660	0.51101	1.9569	49.196	51.173	237.50	63.933	72.714	127.50	127.16	8.1858e-06	0.0060733
251.83	0.014699	1581.4	0.00063234	24.979	24.980	127.87	79.629	115.92	893.29	-0.48828	0.00068487	0.10060	0.023937	0.97410	1.0266	49.971	52.044	235.34	66.109	75.089	130.24	93.778	8.6131e-06	0.0065609
259.94	0.022045	1563.6	0.00063955	25.921	25.923	131.56	80.061	116.67	863.72	-0.47601	0.00061509	0.098081	0.022838	1.4197	0.70435	50.478	52.611	234.23	67.474	76.609	131.88	78.743	8.8868e-06	0.0068809
266.08	0.029391	1550.0	0.00064517	26.638	26.641	134.28	80.386	117.27	841.77	-0.46591	0.00056950	0.096201	0.022014	1.8544	0.53927	50.865	53.043	233.51	68.485	77.755	133.04	69.755	9.0927e-06	0.0071260
271.07	0.036737	1538.8	0.00064986	27.225	27.228	136.47	80.651	117.78	824.15	-0.45711	0.00053617	0.094688	0.021347	2.2810	0.43841	51.183	53.395	233.00	69.294	78.686	133.94	63.630	9.2597e-06	0.0073274
275.32	0.044083	1529.2	0.00065394	27.726	27.730	138.30	80.876	118.23	809.33	-0.44918	0.00051016	0.093413	0.020783	2.7014	0.37017	51.454	53.695	232.61	69.971	79.477	134.66	59.122	9.4011e-06	0.0075000
279.03	0.051429	1520.7	0.00065757	28.166	28.170	139.89	81.073	118.64	796.49	-0.44190	0.00048897	0.092307	0.020293	3.1169	0.32084	51.692	53.958	232.31	70.556	80.168	135.26	55.632	9.5244e-06	0.0076518
282.35	0.058775	1513.2	0.00066087	28.559	28.564	141.29	81.249	119.02	785.13	-0.43511	0.00047118	0.091327	0.019857	3.5281	0.28344	51.904	54.193	232.06	71.071	80.786	135.77	52.830	9.6341e-06	0.0077880
285.35	0.066121	1506.3	0.00066390	28.916	28.922	142.55	81.409	119.37	774.91	-0.42871	0.00045591	0.090445	0.019465	3.9358	0.25408	52.097	54.405	231.85	71.532	81.345	136.22	50.519	9.7331e-06	0.0079119
288.09	0.073467	1499.9	0.00066671	29.244	29.251	143.69	81.556	119.71	765.61	-0.42264	0.00044257	0.089641	0.019107	4.3404	0.23039	52.274	54.600	231.68	71.950	81.859	136.60	48.572	9.8236e-06	0.0080258
290.63	0.080813	1494.0	0.00066935	29.548	29.555	144.74	81.692	120.02	757.05	-0.41683	0.00043075	0.088902	0.018777	4.7423	0.21087	52.438	54.779	231.53	72.334	82.336	136.94	46.903	9.9070e-06	0.0081315
292.99	0.088159	1488.5	0.00067184	29.831	29.839	145.71	81.819	120.32	749.13	-0.41125	0.00042017	0.088217	0.018471	5.1419	0.19448	52.591	54.946	231.40	72.687	82.780	137.25	45.453	9.9846e-06	0.0082302
295.20	0.095505	1483.3	0.00067419	30.097	30.106	146.62	81.939	120.60	741.73	-0.40587	0.00041059	0.087577	0.018186	5.5393	0.18053	52.734	55.102	231.29	73.016	83.199	137.52	44.179	1.0057e-05	0.0083231
297.28	0.10285	1478.3	0.00067644	30.348	30.358	147.46	82.051	120.88	734.80	-0.40066	0.00040187	0.086977	0.017918	5.9348	0.16850	52.868	55.249	231.19	73.324	83.594	137.76	43.048	1.0125e-05	0.0084107
299.25	0.11020	1473.7	0.00067859	30.586	30.596	148.26	82.158	121.14	728.26	-0.39561	0.00039386	0.086412	0.017665	6.3286	0.15801	52.996	55.388	231.11	73.613	83.969	137.98	42.036	1.0190e-05	0.0084939
301.12	0.11754	1469.2	0.00068065	30.812	30.823	149.02	82.260	121.39	722.07	-0.39068	0.00038646	0.085876	0.017426	6.7209	0.14879	53.117	55.519	231.03	73.885	84.327	138.18	41.123	1.0251e-05	0.0085731
302.90	0.12489	1464.9	0.00068263	31.028	31.040	149.73	82.357	121.64	716.19	-0.38588	0.00037960	0.085367	0.017199	7.1117	0.14061	53.232	55.644	230.96	74.144	84.670	138.37	40.295	1.0309e-05	0.0086487
304.60	0.13224	1460.8	0.00068454	31.235	31.247	150.41	82.450	121.88	710.59	-0.38119	0.00037321	0.084883	0.016982	7.5012	0.13331	53.342	55.764	230.90	74.389	84.999	138.53	39.539	1.0365e-05	0.0087212
306.23	0.13958	1456.9	0.00068639	31.433	31.446	151.06	82.539	122.11	705.23	-0.37659	0.00036723	0.084419	0.016775	7.8895	0.12675	53.448	55.878	230.84	74.623	85.316	138.68	38.845	1.0418e-05	0.0087908
307.79	0.14693	1453.1	0.00068819	31.623	31.637	151.68	82.625	122.34	700.10	-0.37208	0.00036161	0.083976	0.016577	8.2768	0.12082	53.549	55.987	230.79	74.847	85.622	138.82	38.207	1.0469e-05	0.0088578
309.29	0.15427	1449.4	0.00068993	31.807	31.822	152.28	82.708	122.56	695.18	-0.36765	0.00035631	0.083550	0.016387	8.6630	0.11543	53.646	56.092	230.75	75.061	85.917	138.95	37.616	1.0519e-05	0.0089224
310.74	0.16162	1445.9	0.00069162	31.985	32.000	152.85	82.788	122.78	690.44	-0.36330	0.00035131	0.083140	0.016204	9.0483	0.11052	53.740	56.193	230.71	75.267	86.204	139.07	37.067	1.0566e-05	0.0089848
312.14	0.16897	1442.4	0.00069327	32.156	32.172	153.40	82.865	122.99	685.87	-0.35901	0.00034657	0.082745	0.016028	9.4328	0.10601	53.830	56.291	230.67	75.465	86.483	139.17	36.556	1.0612e-05	0.0090452
313.49	0.17631	1439.1	0.00069487	32.322	32.339	153.93	82.941	123.20	681.46	-0.35479	0.00034207	0.082363	0.015858	9.8164	0.10187	53.918	56.385	230.63	75.655	86.754	139.27	36.078	1.0656e-05	0.0091037
314.80	0.18366	1435.9	0.00069644	32.483	32.501	154.44	83.013	123.40	677.19	-0.35063	0.00033778	0.081994	0.015694	10.199	0.098045	54.002	56.476	230.60	75.840	87.017	139.36	35.630	1.0699e-05	0.0091605
316.07	0.19100	1432.7	0.00069798	32.640	32.658	154.94	83.084	123.60	673.06	-0.34652	0.00033369	0.081637	0.015535	10.582	0.094503	54.084	56.564	230.57	76.018	87.275	139.44	35.210	1.0741e-05	0.0092158
317.31	0.19835	1429.6	0.00069948	32.792	32.811	155.42	83.153	123.80	669.06	-0.34246	0.00032979	0.081291	0.015381	10.963	0.091213	54.164	56.649	230.55	76.190	87.526	139.52	34.814	1.0781e-05	0.0092695
318.51	0.20570	1426.6	0.00070095	32.940	32.960	155.89	83.220	123.99	665.16	-0.33844	0.00032605	0.080955	0.015232	11.344	0.088150	54.241	56.732	230.52	76.357	87.772	139.58	34.440	1.0821e-05	0.0093218
319.67	0.21304	1423.7	0.00070239	33.084	33.105	156.34	83.286	124.18	661.38	-0.33447	0.00032246	0.080628	0.015087	11.725	0.085289	54.317	56.813	230.50	76.519	88.013	139.65	34.086	1.0859e-05	0.0093728
320.81	0.22039	1420.8	0.00070381	33.225	33.246	156.78	83.350	124.37	657.70	-0.33054	0.00031902	0.080310	0.014946	12.105	0.082611	54.390	56.891	230.48	76.677	88.249	139.70	33.751	1.0896e-05	0.0094226
321.92	0.22773	1418.0	0.00070520	33.362	33.385	157.21	83.412	124.55	654.12	-0.32665	0.00031571	0.080001	0.014809	12.484	0.080100	54.461	56.967	230.46	76.830	88.481	139.75	33.433	1.0933e-05	0.0094712
323.00	0.23508	1415.3	0.00070656	33.497	33.519	157.62	83.473	124.73	650.63	-0.32280	0.00031253	0.079700	0.014675	12.864	0.077739	54.530	57.041	230.44	76.979	88.708	139.80	33.131	1.0968e-05	0.0095188
324.05	0.24243	1412.6	0.00070790	33.628	33.651	158.03	83.533	124.91	647.22	-0.31897	0.00030945	0.079405	0.014545	13.242	0.075515	54.598	57.113	230.43	77.124	88.932	139.84	32.843	1.1003e-05	0.0095653
325.08	0.24977	1410.0	0.00070922	33.756	33.781	158.42	83.591	125.09	643.89	-0.31518	0.00030649	0.079118	0.014418	13.621	0.073417	54.664	57.183	230.41	77.266	89.152	139.88	32.568	1.1037e-05	0.0096108
326.09	0.25712	1407.4	0.00071052	33.882	33.907	158.81	83.649	125.26	640.64	-0.31142	0.00030362	0.078838	0.014294	13.999	0.071435	54.729	57.252	230.40	77.405	89.368	139.91	32.306	1.1071e-05	0.0096554
327.08	0.26446	1404.9	0.00071180	34.005	34.031	159.19	83.705	125.43	637.45	-0.30768	0.00030085	0.078564	0.014173	14.377	0.069558	54.792	57.319	230.39	77.540	89.581	139.94	32.055	1.1103e-05	0.0096992
328.04	0.27181	1402.4	0.00071307	34.126	34.152	159.56	83.760	125.60	634.34	-0.30397	0.00029817	0.078295	0.014054	14.754	0.067778	54.854	57.385	230.38	77.672	89.791	139.96	31.815	1.1135e-05	0.0097421
328.99	0.27916	1399.9	0.00071431	34.244	34.272	159.92	83.814	125.77	631.29	-0.30029	0.00029557	0.078033	0.013939	15.131	0.066089	54.915	57.449	230.37	77.801	89.998	139.99	31.585	1.1167e-05	0.0097842
329.92	0.28650	1397.5	0.00071554	34.360	34.389	160.27	83.867	125.94	628.31	-0.29663	0.00029305	0.077776	0.013825	15.508	0.064482	54.974	57.512	230.36	77.928	90.202	140.01	31.364	1.1198e-05	0.0098255
330.82	0.29385	1395.2	0.00071675	34.474	34.503	160.61	83.919	126.10	625.38	-0.29299	0.00029061	0.077523	0.013714	15.885	0.062953	55.032	57.573	230.35	78.052	90.404	140.02	31.152	1.1228e-05	0.0098661
331.72	0.30119	1392.9	0.00071795	34.587	34.616	160.95	83.971	126.26	622.51	-0.28937	0.00028823	0.077276	0.013606	16.261	0.061495	55.089	57.633	230.34	78.174	90.603	140.03	30.949	1.1258e-05	0.0099060
332.59	0.30854	1390.6	0.00071913	34.697	34.727	161.28	84.021	126.43	619.69	-0.28577	0.00028593	0.077034	0.013499	16.638	0.060104	55.144	57.692	230.33	78.293	90.800	140.04	30.752	1.1287e-05	0.0099453
333.45	0.31589	1388.3	0.00072030	34.805	34.836	161.61	84.071	126.59	616.92	-0.28219	0.00028368	0.076796	0.013395	17.014	0.058775	55.199	57.750	230.33	78.410	90.995	140.05	30.563	1.1316e-05	0.0099839
334.30	0.32323	1386.1	0.00072146	34.912	34.944	161.93	84.120	126.74	614.20	-0.27863	0.00028149	0.076562	0.013292	17.390	0.057504	55.253	57.806	230.32	78.524	91.188	140.05	30.381	1.1344e-05	0.010022
335.13	0.33058	1383.9	0.00072260	35.016	35.049	162.24	84.168	126.90	611.53	-0.27508	0.00027936	0.076332	0.013192	17.766	0.056287	55.306	57.862	230.31	78.637	91.378	140.06	30.205	1.1372e-05	0.010059
335.95	0.33792	1381.7	0.00072373	35.120	35.153	162.55	84.215	127.06	608.91	-0.27155	0.00027729	0.076107	0.013093	18.142	0.055121	55.358	57.916	230.31	78.748	91.567	140.06	30.035	1.1400e-05	0.010096
336.75	0.34527	1379.6	0.00072485	35.221	35.256	162.85	84.262	127.21	606.32	-0.26803	0.00027527	0.075885	0.012996	18.518	0.054002	55.408	57.970	230.30	78.857	91.754	140.05	29.871	1.1427e-05	0.010133
337.54	0.35262	1377.5	0.00072595	35.321	35.357	163.15	84.308	127.37	603.78	-0.26453	0.00027329	0.075667	0.012901	18.894	0.052928	55.458	58.022	230.30	78.964	91.939	140.05	29.713	1.1454e-05	0.010168
338.32	0.35996	1375.4	0.00072705	35.420	35.456	163.44	84.354	127.52	601.28	-0.26104	0.00027136	0.075452	0.012807	19.269	0.051896	55.508	58.074	230.30	79.069	92.122	140.04	29.559	1.1480e-05	0.010204
339.08	0.36731	1373.4	0.00072813	35.517	35.554	163.73	84.399	127.67	598.82	-0.25756	0.00026948	0.075241	0.012715	19.645	0.050904	55.556	58.125	230.29	79.173	92.304	140.03	29.410	1.1506e-05	0.010238
339.84	0.37466	1371.3	0.00072921	35.613	35.651	164.01	84.443	127.82	596.39	-0.25409	0.00026764	0.075032	0.012624	20.020	0.049949	55.604	58.174	230.29	79.275	92.485	140.02	29.266	1.1532e-05	0.010273
340.58	0.38200	1369.3	0.00073027	35.708	35.746	164.29	84.487	127.97	594.00	-0.25063	0.00026585	0.074827	0.012535	20.396	0.049030	55.651	58.223	230.29	79.375	92.664	140.01	29.127	1.1557e-05	0.010307
341.32	0.38935	1367.4	0.00073133	35.801	35.840	164.56	84.530	128.12	591.65	-0.24719	0.00026409	0.074625	0.012447	20.771	0.048143	55.697	58.272	230.28	79.474	92.841	140.00	28.991	1.1582e-05	0.010340
342.04	0.39669	1365.4	0.00073238	35.893	35.933	164.83	84.573	128.26	589.32	-0.24375	0.00026237	0.074426	0.012361	21.147	0.047288	55.742	58.319	230.28	79.572	93.018	139.98	28.860	1.1607e-05	0.010373
342.75	0.40404	1363.5	0.00073341	35.984	36.025	165.10	84.615	128.41	587.03	-0.24032	0.00026068	0.074230	0.012276	21.522	0.046463	55.787	58.366	230.28	79.668	93.193	139.96	28.732	1.1632e-05	0.010406
343.46	0.41139	1361.6	0.00073444	36.074	36.115	165.36	84.656	128.55	584.77	-0.23691	0.00025903	0.074037	0.012192	21.898	0.045666	55.831	58.412	230.28	79.763	93.366	139.94	28.608	1.1656e-05	0.010438
344.15	0.41873	1359.7	0.00073546	36.163	36.205	165.62	84.698	128.70	582.54	-0.23349	0.00025742	0.073846	0.012109	22.274	0.044896	55.874	58.457	230.28	79.857	93.539	139.92	28.488	1.1680e-05	0.010470
344.83	0.42608	1357.8	0.00073648	36.250	36.293	165.87	84.738	128.84	580.34	-0.23009	0.00025583	0.073657	0.012028	22.649	0.044151	55.917	58.501	230.28	79.949	93.711	139.90	28.371	1.1704e-05	0.010502
345.51	0.43342	1356.0	0.00073748	36.337	36.381	166.12	84.778	128.98	578.17	-0.22670	0.00025428	0.073472	0.011948	23.025	0.043431	55.960	58.545	230.28	80.040	93.881	139.88	28.256	1.1727e-05	0.010533
346.18	0.44077	1354.1	0.00073848	36.422	36.467	166.37	84.818	129.13	576.03	-0.22331	0.00025276	0.073288	0.011869	23.401	0.042734	56.001	58.589	230.27	80.130	94.051	139.85	28.145	1.1750e-05	0.010564
346.84	0.44812	1352.3	0.00073947	36.507	36.552	166.62	84.858	129.27	573.91	-0.21992	0.00025126	0.073107	0.011791	23.777	0.042058	56.042	58.631	230.27	80.219	94.219	139.83	28.037	1.1773e-05	0.010594
347.49	0.45546	1350.5	0.00074045	36.590	36.637	166.86	84.897	129.41	571.81	-0.21654	0.00024979	0.072928	0.011714	24.153	0.041404	56.083	58.673	230.27	80.307	94.387	139.80	27.932	1.1796e-05	0.010624
348.13	0.46281	1348.7	0.00074143	36.673	36.720	167.10	84.935	129.55	569.75	-0.21317	0.00024835	0.072751	0.011638	24.529	0.040769	56.123	58.715	230.27	80.394	94.554	139.77	27.829	1.1818e-05	0.010654
348.77	0.47015	1347.0	0.00074240	36.755	36.803	167.33	84.974	129.69	567.70	-0.20980	0.00024694	0.072577	0.011563	24.905	0.040153	56.162	58.755	230.27	80.479	94.719	139.74	27.729	1.1841e-05	0.010684
349.39	0.47750	1345.2	0.00074337	36.836	36.884	167.56	85.011	129.82	565.68	-0.20644	0.00024555	0.072404	0.011489	25.281	0.039556	56.201	58.796	230.27	80.564	94.885	139.71	27.632	1.1863e-05	0.010713
350.02	0.48485	1343.5	0.00074432	36.916	36.965	167.79	85.049	129.96	563.68	-0.20308	0.00024419	0.072233	0.011416	25.657	0.038975	56.240	58.835	230.27	80.648	95.049	139.68	27.537	1.1885e-05	0.010742
350.63	0.49219	1341.8	0.00074527	36.995	37.045	168.02	85.086	130.10	561.71	-0.19972	0.00024285	0.072065	0.011344	26.034	0.038412	56.278	58.875	230.27	80.731	95.212	139.64	27.444	1.1907e-05	0.010771
351.24	0.49954	1340.1	0.00074622	37.073	37.125	168.24	85.123	130.24	559.75	-0.19637	0.00024153	0.071898	0.011272	26.410	0.037864	56.315	58.913	230.28	80.812	95.375	139.61	27.353	1.1928e-05	0.010799
351.84	0.50688	1338.4	0.00074716	37.151	37.203	168.46	85.159	130.37	557.82	-0.19302	0.00024023	0.071733	0.011202	26.787	0.037332	56.352	58.951	230.28	80.893	95.537	139.57	27.265	1.1950e-05	0.010827
352.43	0.51423	1336.7	0.00074809	37.228	37.281	168.68	85.195	130.51	555.91	-0.18967	0.00023895	0.071570	0.011132	27.164	0.036814	56.389	58.989	230.28	80.974	95.699	139.54	27.178	1.1971e-05	0.010855
353.02	0.52158	1335.1	0.00074902	37.304	37.358	168.90	85.231	130.64	554.01	-0.18633	0.00023770	0.071409	0.011064	27.541	0.036310	56.425	59.026	230.28	81.053	95.860	139.50	27.093	1.1992e-05	0.010883
353.60	0.52892	1333.4	0.00074995	37.379	37.434	169.11	85.267	130.78	552.14	-0.18298	0.00023646	0.071249	0.010996	27.918	0.035819	56.461	59.063	230.28	81.131	96.020	139.46	27.011	1.2013e-05	0.010910
354.18	0.53627	1331.8	0.00075087	37.454	37.509	169.32	85.302	130.91	550.28	-0.17964	0.00023525	0.071091	0.010929	28.295	0.035341	56.496	59.099	230.28	81.209	96.180	139.42	26.930	1.2033e-05	0.010937
354.75	0.54361	1330.2	0.00075178	37.528	37.584	169.53	85.337	131.04	548.45	-0.17630	0.00023405	0.070935	0.010862	28.673	0.034876	56.531	59.135	230.28	81.286	96.339	139.38	26.851	1.2054e-05	0.010964
355.31	0.55096	1328.6	0.00075269	37.601	37.658	169.74	85.372	131.18	546.63	-0.17297	0.00023287	0.070780	0.010797	29.051	0.034423	56.565	59.171	230.28	81.362	96.497	139.34	26.774	1.2074e-05	0.010991
355.87	0.55831	1327.0	0.00075359	37.674	37.732	169.94	85.406	131.31	544.82	-0.16963	0.00023171	0.070626	0.010732	29.428	0.033981	56.599	59.206	230.28	81.438	96.656	139.30	26.698	1.2095e-05	0.011017
356.42	0.56565	1325.4	0.00075449	37.746	37.804	170.14	85.440	131.44	543.04	-0.16629	0.00023057	0.070475	0.010668	29.806	0.033550	56.633	59.240	230.28	81.513	96.813	139.26	26.624	1.2115e-05	0.011043
356.97	0.57300	1323.8	0.00075539	37.817	37.877	170.34	85.474	131.57	541.27	-0.16296	0.00022944	0.070324	0.010604	30.185	0.033129	56.667	59.274	230.29	81.587	96.970	139.21	26.551	1.2135e-05	0.011069
357.51	0.58034	1322.3	0.00075628	37.888	37.948	170.54	85.508	131.71	539.52	-0.15962	0.00022833	0.070175	0.010541	30.563	0.032719	56.700	59.308	230.29	81.660	97.127	139.17	26.480	1.2155e-05	0.011095
358.05	0.58769	1320.7	0.00075717	37.958	38.019	170.74	85.541	131.84	537.78	-0.15628	0.00022723	0.070028	0.010479	30.942	0.032319	56.732	59.341	230.29	81.733	97.283	139.13	26.411	1.2174e-05	0.011121
358.58	0.59504	1319.2	0.00075805	38.027	38.089	170.93	85.574	131.97	536.06	-0.15295	0.00022615	0.069882	0.010418	31.321	0.031928	56.765	59.374	230.29	81.805	97.439	139.08	26.343	1.2194e-05	0.011146
359.11	0.60238	1317.7	0.00075893	38.096	38.159	171.12	85.607	132.10	534.36	-0.14961	0.00022509	0.069737	0.010357	31.700	0.031546	56.796	59.407	230.29	81.877	97.595	139.03	26.276	1.2213e-05	0.011171
359.63	0.60973	1316.1	0.00075980	38.165	38.228	171.31	85.640	132.23	532.67	-0.14627	0.00022404	0.069593	0.010297	32.079	0.031173	56.828	59.439	230.29	81.948	97.750	138.99	26.211	1.2233e-05	0.011197
360.15	0.61707	1314.6	0.00076067	38.233	38.297	171.50	85.672	132.36	530.99	-0.14293	0.00022300	0.069451	0.010237	32.459	0.030808	56.859	59.471	230.30	82.018	97.905	138.94	26.146	1.2252e-05	0.011221
360.66	0.62442	1313.1	0.00076154	38.300	38.365	171.69	85.704	132.49	529.33	-0.13959	0.00022198	0.069310	0.010178	32.838	0.030452	56.890	59.502	230.30	82.088	98.059	138.89	26.084	1.2271e-05	0.011246
361.17	0.63177	1311.6	0.00076240	38.367	38.433	171.88	85.736	132.62	527.68	-0.13625	0.00022097	0.069170	0.010120	33.218	0.030104	56.921	59.534	230.30	82.157	98.213	138.84	26.022	1.2290e-05	0.011271
361.68	0.63911	1310.2	0.00076326	38.433	38.500	172.06	85.768	132.74	526.04	-0.13291	0.00021997	0.069031	0.010062	33.599	0.029763	56.951	59.564	230.30	82.225	98.367	138.79	25.961	1.2309e-05	0.011295
362.18	0.64646	1308.7	0.00076412	38.499	38.567	172.24	85.799	132.87	524.42	-0.12956	0.00021899	0.068894	0.010004	33.979	0.029430	56.982	59.595	230.30	82.293	98.521	138.74	25.902	1.2328e-05	0.011319
362.67	0.65381	1307.2	0.00076497	38.564	38.633	172.42	85.831	133.00	522.81	-0.12621	0.00021802	0.068758	0.0099476	34.360	0.029104	57.011	59.625	230.30	82.361	98.674	138.69	25.844	1.2347e-05	0.011343
363.16	0.66115	1305.8	0.00076582	38.629	38.698	172.60	85.862	133.13	521.22	-0.12287	0.00021706	0.068622	0.0098913	34.741	0.028784	57.041	59.655	230.31	82.428	98.827	138.64	25.787	1.2366e-05	0.011367
363.65	0.66850	1304.3	0.00076667	38.693	38.763	172.78	85.893	133.26	519.63	-0.11951	0.00021611	0.068488	0.0098356	35.122	0.028472	57.070	59.685	230.31	82.494	98.980	138.59	25.731	1.2384e-05	0.011391
364.14	0.67584	1302.9	0.00076751	38.757	38.828	172.95	85.924	133.38	518.06	-0.11616	0.00021518	0.068355	0.0097804	35.504	0.028166	57.099	59.714	230.31	82.560	99.133	138.54	25.675	1.2403e-05	0.011414
364.62	0.68319	1301.5	0.00076835	38.820	38.892	173.13	85.954	133.51	516.50	-0.11280	0.00021425	0.068223	0.0097257	35.886	0.027866	57.128	59.743	230.31	82.626	99.285	138.48	25.621	1.2421e-05	0.011437
365.09	0.69054	1300.1	0.00076919	38.883	38.956	173.30	85.985	133.64	514.96	-0.10944	0.00021334	0.068092	0.0096715	36.268	0.027573	57.156	59.771	230.31	82.691	99.438	138.43	25.568	1.2439e-05	0.011461
365.57	0.69788	1298.7	0.00077002	38.945	39.019	173.47	86.015	133.77	513.42	-0.10608	0.00021244	0.067962	0.0096177	36.650	0.027285	57.184	59.800	230.31	82.755	99.590	138.38	25.516	1.2457e-05	0.011484
366.03	0.70523	1297.3	0.00077085	39.007	39.082	173.64	86.045	133.89	511.89	-0.10271	0.00021155	0.067833	0.0095645	37.033	0.027003	57.212	59.828	230.32	82.820	99.742	138.32	25.465	1.2476e-05	0.011507
366.50	0.71257	1295.9	0.00077168	39.069	39.144	173.81	86.075	134.02	510.38	-0.099340	0.00021066	0.067705	0.0095117	37.416	0.026727	57.239	59.856	230.32	82.883	99.893	138.27	25.414	1.2494e-05	0.011529
366.96	0.71992	1294.5	0.00077251	39.130	39.206	173.97	86.104	134.15	508.88	-0.095966	0.00020979	0.067578	0.0094594	37.799	0.026456	57.267	59.883	230.32	82.946	100.05	138.21	25.365	1.2512e-05	0.011552
367.42	0.72727	1293.1	0.00077333	39.191	39.268	174.14	86.134	134.27	507.38	-0.092588	0.00020893	0.067452	0.0094075	38.182	0.026190	57.294	59.910	230.32	83.009	100.20	138.15	25.316	1.2529e-05	0.011575
367.87	0.73461	1291.7	0.00077415	39.251	39.329	174.30	86.163	134.40	505.90	-0.089206	0.00020808	0.067327	0.0093561	38.566	0.025929	57.321	59.937	230.32	83.072	100.35	138.10	25.268	1.2547e-05	0.011597
368.33	0.74196	1290.4	0.00077497	39.311	39.390	174.47	86.193	134.52	504.43	-0.085820	0.00020724	0.067203	0.0093051	38.950	0.025674	57.347	59.964	230.33	83.134	100.50	138.04	25.221	1.2565e-05	0.011619
368.77	0.74930	1289.0	0.00077578	39.371	39.450	174.63	86.222	134.65	502.97	-0.082430	0.00020640	0.067079	0.0092545	39.335	0.025423	57.374	59.990	230.33	83.195	100.65	137.98	25.175	1.2583e-05	0.011641
369.22	0.75665	1287.7	0.00077660	39.430	39.510	174.79	86.251	134.77	501.51	-0.079035	0.00020558	0.066957	0.0092044	39.720	0.025177	57.400	60.017	230.33	83.256	100.80	137.93	25.130	1.2600e-05	0.011663
369.66	0.76400	1286.3	0.00077741	39.488	39.570	174.95	86.279	134.90	500.07	-0.075635	0.00020476	0.066835	0.0091546	40.105	0.024935	57.426	60.043	230.33	83.317	100.95	137.87	25.085	1.2618e-05	0.011685
370.10	0.77134	1285.0	0.00077822	39.547	39.629	175.11	86.308	135.03	498.64	-0.072231	0.00020396	0.066714	0.0091053	40.490	0.024697	57.451	60.068	230.33	83.378	101.10	137.81	25.041	1.2635e-05	0.011707
370.53	0.77869	1283.7	0.00077902	39.605	39.688	175.26	86.337	135.15	497.21	-0.068821	0.00020316	0.066594	0.0090564	40.876	0.024464	57.477	60.094	230.34	83.438	101.25	137.75	24.998	1.2653e-05	0.011729
370.97	0.78603	1282.3	0.00077983	39.663	39.747	175.42	86.365	135.28	495.80	-0.065407	0.00020237	0.066475	0.0090078	41.262	0.024236	57.502	60.119	230.34	83.497	101.41	137.69	24.955	1.2670e-05	0.011750
371.40	0.79338	1281.0	0.00078063	39.720	39.805	175.57	86.393	135.40	494.39	-0.061987	0.00020159	0.066356	0.0089597	41.648	0.024011	57.527	60.144	230.34	83.557	101.56	137.63	24.914	1.2687e-05	0.011772
371.82	0.80073	1279.7	0.00078143	39.777	39.863	175.73	86.421	135.53	493.00	-0.058562	0.00020081	0.066239	0.0089119	42.035	0.023790	57.552	60.169	230.34	83.615	101.71	137.57	24.872	1.2705e-05	0.011793
372.25	0.80807	1278.4	0.00078222	39.834	39.920	175.88	86.449	135.65	491.61	-0.055132	0.00020005	0.066122	0.0088645	42.422	0.023573	57.577	60.193	230.34	83.674	101.86	137.51	24.832	1.2722e-05	0.011814
372.67	0.81542	1277.1	0.00078302	39.890	39.978	176.03	86.477	135.77	490.23	-0.051696	0.00019929	0.066006	0.0088175	42.809	0.023359	57.601	60.218	230.34	83.732	102.01	137.45	24.792	1.2739e-05	0.011835
373.09	0.82276	1275.8	0.00078381	39.946	40.034	176.18	86.505	135.90	488.86	-0.048254	0.00019854	0.065890	0.0087708	43.197	0.023150	57.625	60.242	230.35	83.790	102.16	137.38	24.753	1.2756e-05	0.011856
373.50	0.83011	1274.5	0.00078460	40.001	40.091	176.33	86.532	136.02	487.49	-0.044806	0.00019780	0.065776	0.0087245	43.585	0.022944	57.649	60.266	230.35	83.848	102.31	137.32	24.714	1.2773e-05	0.011877
373.91	0.83746	1273.2	0.00078539	40.057	40.147	176.48	86.560	136.15	486.14	-0.041351	0.00019706	0.065662	0.0086785	43.974	0.022741	57.673	60.289	230.35	83.905	102.46	137.26	24.676	1.2790e-05	0.011898
374.32	0.84480	1272.0	0.00078618	40.112	40.203	176.63	86.587	136.27	484.79	-0.037891	0.00019633	0.065548	0.0086329	44.362	0.022542	57.697	60.313	230.35	83.962	102.61	137.20	24.639	1.2807e-05	0.011919
374.73	0.85215	1270.7	0.00078697	40.166	40.259	176.77	86.614	136.40	483.45	-0.034424	0.00019561	0.065436	0.0085876	44.752	0.022346	57.720	60.336	230.35	84.019	102.76	137.13	24.602	1.2824e-05	0.011939
375.14	0.85949	1269.4	0.00078775	40.221	40.314	176.92	86.642	136.52	482.12	-0.030951	0.00019489	0.065324	0.0085427	45.141	0.022153	57.744	60.359	230.35	84.075	102.91	137.07	24.565	1.2841e-05	0.011960
375.54	0.86684	1268.2	0.00078853	40.275	40.369	177.06	86.669	136.65	480.80	-0.027472	0.00019418	0.065213	0.0084981	45.531	0.021963	57.767	60.382	230.36	84.131	103.06	137.01	24.530	1.2858e-05	0.011980
375.94	0.87419	1266.9	0.00078932	40.329	40.423	177.21	86.695	136.77	479.48	-0.023985	0.00019348	0.065102	0.0084538	45.921	0.021776	57.790	60.405	230.36	84.187	103.22	136.94	24.494	1.2874e-05	0.012000
376.34	0.88153	1265.7	0.00079009	40.382	40.478	177.35	86.722	136.90	478.17	-0.020492	0.00019278	0.064992	0.0084098	46.312	0.021593	57.812	60.427	230.36	84.242	103.37	136.88	24.460	1.2891e-05	0.012020
376.73	0.88888	1264.4	0.00079087	40.435	40.532	177.49	86.749	137.02	476.87	-0.016991	0.00019210	0.064883	0.0083661	46.703	0.021412	57.835	60.449	230.36	84.298	103.52	136.81	24.425	1.2908e-05	0.012041
377.12	0.89622	1263.2	0.00079165	40.488	40.586	177.63	86.776	137.14	475.57	-0.013483	0.00019141	0.064774	0.0083228	47.094	0.021234	57.857	60.471	230.36	84.352	103.67	136.75	24.392	1.2924e-05	0.012061
377.51	0.90357	1262.0	0.00079242	40.541	40.639	177.77	86.802	137.27	474.29	-0.0099685	0.00019073	0.064666	0.0082797	47.486	0.021059	57.879	60.493	230.36	84.407	103.82	136.68	24.359	1.2941e-05	0.012081
377.90	0.91092	1260.7	0.00079319	40.593	40.692	177.91	86.828	137.39	473.01	-0.0064462	0.00019006	0.064559	0.0082370	47.878	0.020886	57.901	60.515	230.36	84.461	103.97	136.62	24.326	1.2957e-05	0.012100
378.29	0.91826	1259.5	0.00079397	40.645	40.745	178.05	86.855	137.52	471.73	-0.0029164	0.00018940	0.064452	0.0081945	48.271	0.020716	57.923	60.537	230.37	84.516	104.12	136.55	24.294	1.2974e-05	0.012120
378.67	0.92561	1258.3	0.00079474	40.697	40.798	178.19	86.881	137.64	470.46	0.00062112	0.00018874	0.064345	0.0081524	48.664	0.020549	57.945	60.558	230.37	84.569	104.28	136.48	24.262	1.2990e-05	0.012140
379.05	0.93296	1257.1	0.00079550	40.749	40.851	178.32	86.907	137.77	469.20	0.0041664	0.00018809	0.064240	0.0081105	49.057	0.020384	57.967	60.579	230.37	84.623	104.43	136.42	24.231	1.3007e-05	0.012159
379.43	0.94030	1255.9	0.00079627	40.800	40.903	178.46	86.933	137.89	467.95	0.0077196	0.00018744	0.064135	0.0080689	49.451	0.020222	57.988	60.600	230.37	84.676	104.58	136.35	24.200	1.3023e-05	0.012179
379.80	0.94765	1254.6	0.00079704	40.851	40.955	178.59	86.959	138.02	466.70	0.011281	0.00018679	0.064030	0.0080276	49.845	0.020062	58.009	60.621	230.37	84.729	104.73	136.28	24.169	1.3040e-05	0.012198
380.18	0.95499	1253.4	0.00079780	40.902	41.006	178.73	86.985	138.14	465.46	0.014850	0.00018616	0.063926	0.0079866	50.240	0.019905	58.030	60.641	230.37	84.782	104.88	136.21	24.140	1.3056e-05	0.012218
380.55	0.96234	1252.2	0.00079857	40.952	41.058	178.86	87.010	138.27	464.22	0.018428	0.00018552	0.063823	0.0079458	50.635	0.019749	58.051	60.662	230.37	84.835	105.04	136.15	24.110	1.3072e-05	0.012237
380.92	0.96969	1251.1	0.00079933	41.003	41.109	178.99	87.036	138.39	463.00	0.022014	0.00018490	0.063720	0.0079054	51.030	0.019596	58.072	60.682	230.37	84.887	105.19	136.08	24.081	1.3089e-05	0.012256
381.29	0.97703	1249.9	0.00080009	41.053	41.160	179.12	87.062	138.51	461.77	0.025609	0.00018428	0.063618	0.0078651	51.426	0.019445	58.093	60.702	230.38	84.939	105.34	136.01	24.052	1.3105e-05	0.012275
381.66	0.98438	1248.7	0.00080085	41.102	41.211	179.25	87.087	138.64	460.56	0.029212	0.00018366	0.063516	0.0078252	51.822	0.019297	58.113	60.722	230.38	84.991	105.50	135.94	24.024	1.3121e-05	0.012295
382.02	0.99172	1247.5	0.00080161	41.152	41.261	179.38	87.113	138.76	459.34	0.032824	0.00018305	0.063414	0.0077855	52.219	0.019150	58.133	60.742	230.38	85.043	105.65	135.87	23.996	1.3137e-05	0.012314
382.38	0.99907	1246.3	0.00080236	41.201	41.311	179.51	87.138	138.89	458.14	0.036445	0.00018244	0.063314	0.0077460	52.616	0.019006	58.153	60.762	230.38	85.094	105.80	135.80	23.968	1.3154e-05	0.012332
382.74	1.0064	1245.1	0.00080312	41.250	41.361	179.64	87.163	139.01	456.94	0.040075	0.00018184	0.063213	0.0077069	53.013	0.018863	58.174	60.781	230.38	85.145	105.96	135.73	23.941	1.3170e-05	0.012351
383.10	1.0138	1244.0	0.00080387	41.299	41.411	179.77	87.188	139.14	455.74	0.043714	0.00018124	0.063113	0.0076679	53.411	0.018723	58.193	60.801	230.38	85.196	106.11	135.66	23.915	1.3186e-05	0.012370
383.46	1.0211	1242.8	0.00080463	41.348	41.461	179.90	87.213	139.26	454.56	0.047362	0.00018065	0.063014	0.0076292	53.810	0.018584	58.213	60.820	230.38	85.247	106.26	135.59	23.888	1.3202e-05	0.012389
383.81	1.0285	1241.6	0.00080538	41.396	41.510	180.02	87.238	139.39	453.37	0.051020	0.00018006	0.062915	0.0075908	54.208	0.018447	58.233	60.839	230.38	85.298	106.42	135.52	23.862	1.3218e-05	0.012408
384.16	1.0358	1240.5	0.00080613	41.444	41.559	180.15	87.263	139.52	452.20	0.054687	0.00017948	0.062817	0.0075526	54.608	0.018312	58.252	60.858	230.38	85.348	106.57	135.45	23.837	1.3234e-05	0.012426
384.51	1.0431	1239.3	0.00080688	41.492	41.608	180.27	87.288	139.64	451.02	0.058364	0.00017890	0.062719	0.0075146	55.007	0.018179	58.272	60.877	230.38	85.398	106.73	135.38	23.811	1.3250e-05	0.012445
384.86	1.0505	1238.2	0.00080763	41.540	41.657	180.40	87.313	139.77	449.86	0.062050	0.00017832	0.062622	0.0074768	55.408	0.018048	58.291	60.895	230.39	85.448	106.88	135.31	23.786	1.3266e-05	0.012463
385.21	1.0578	1237.0	0.00080838	41.588	41.705	180.52	87.338	139.89	448.69	0.065746	0.00017775	0.062525	0.0074393	55.808	0.017919	58.310	60.914	230.39	85.498	107.04	135.24	23.762	1.3282e-05	0.012482
385.56	1.0652	1235.9	0.00080913	41.635	41.754	180.64	87.363	140.02	447.54	0.069453	0.00017719	0.062428	0.0074021	56.209	0.017791	58.329	60.932	230.39	85.547	107.19	135.17	23.737	1.3298e-05	0.012500
385.90	1.0725	1234.8	0.00080988	41.682	41.802	180.77	87.387	140.14	446.39	0.073169	0.00017663	0.062332	0.0073650	56.611	0.017664	58.348	60.950	230.39	85.597	107.35	135.10	23.713	1.3314e-05	0.012518
386.24	1.0799	1233.6	0.00081062	41.729	41.849	180.89	87.412	140.27	445.24	0.076896	0.00017607	0.062236	0.0073282	57.013	0.017540	58.366	60.968	230.39	85.646	107.50	135.02	23.690	1.3330e-05	0.012536
386.58	1.0872	1232.5	0.00081137	41.776	41.897	181.01	87.436	140.40	444.10	0.080633	0.00017552	0.062141	0.0072916	57.415	0.017417	58.385	60.986	230.39	85.695	107.66	134.95	23.666	1.3346e-05	0.012555
386.92	1.0946	1231.4	0.00081212	41.822	41.945	181.13	87.461	140.52	442.96	0.084380	0.00017497	0.062046	0.0072552	57.818	0.017296	58.403	61.004	230.39	85.744	107.82	134.88	23.643	1.3362e-05	0.012573
387.26	1.1019	1230.2	0.00081286	41.869	41.992	181.25	87.485	140.65	441.83	0.088138	0.00017442	0.061952	0.0072190	58.221	0.017176	58.421	61.021	230.39	85.792	107.97	134.81	23.621	1.3378e-05	0.012591
387.59	1.1093	1229.1	0.00081360	41.915	42.039	181.37	87.509	140.78	440.70	0.091907	0.00017388	0.061858	0.0071830	58.625	0.017057	58.440	61.039	230.39	85.841	108.13	134.73	23.598	1.3394e-05	0.012609
387.93	1.1166	1228.0	0.00081434	41.961	42.086	181.49	87.533	140.90	439.58	0.095686	0.00017334	0.061765	0.0071473	59.030	0.016941	58.458	61.056	230.39	85.889	108.29	134.66	23.576	1.3410e-05	0.012627
388.26	1.1240	1226.9	0.00081509	42.007	42.132	181.61	87.558	141.03	438.46	0.099476	0.00017281	0.061672	0.0071117	59.434	0.016825	58.476	61.073	230.39	85.937	108.44	134.59	23.554	1.3426e-05	0.012645
388.59	1.1313	1225.7	0.00081583	42.052	42.179	181.73	87.582	141.16	437.35	0.10328	0.00017228	0.061579	0.0070764	59.840	0.016711	58.493	61.090	230.39	85.985	108.60	134.51	23.533	1.3442e-05	0.012662
388.92	1.1386	1224.6	0.00081657	42.098	42.225	181.84	87.606	141.29	436.24	0.10709	0.00017175	0.061487	0.0070412	60.246	0.016599	58.511	61.107	230.39	86.033	108.76	134.44	23.512	1.3457e-05	0.012680
389.24	1.1460	1223.5	0.00081731	42.143	42.271	181.96	87.630	141.41	435.13	0.11091	0.00017122	0.061395	0.0070063	60.652	0.016488	58.529	61.124	230.39	86.080	108.92	134.37	23.491	1.3473e-05	0.012698
389.57	1.1533	1222.4	0.00081805	42.188	42.317	182.07	87.654	141.54	434.03	0.11475	0.00017071	0.061303	0.0069715	61.059	0.016378	58.546	61.141	230.39	86.128	109.08	134.29	23.470	1.3489e-05	0.012716
389.89	1.1607	1221.3	0.00081879	42.233	42.363	182.19	87.678	141.67	432.94	0.11860	0.00017019	0.061212	0.0069370	61.466	0.016269	58.564	61.158	230.39	86.175	109.24	134.22	23.450	1.3505e-05	0.012733
390.22	1.1680	1220.2	0.00081952	42.277	42.409	182.30	87.702	141.80	431.85	0.12245	0.00016968	0.061121	0.0069026	61.874	0.016162	58.581	61.174	230.39	86.222	109.40	134.14	23.430	1.3521e-05	0.012751
390.54	1.1754	1219.1	0.00082026	42.322	42.454	182.42	87.725	141.93	430.76	0.12632	0.00016917	0.061031	0.0068685	62.282	0.016056	58.598	61.190	230.39	86.269	109.56	134.07	23.410	1.3537e-05	0.012768
390.86	1.1827	1218.0	0.00082100	42.366	42.500	182.53	87.749	142.05	429.67	0.13021	0.00016866	0.060941	0.0068345	62.690	0.015951	58.615	61.207	230.39	86.316	109.72	133.99	23.390	1.3552e-05	0.012786
391.18	1.1901	1216.9	0.00082173	42.410	42.545	182.65	87.773	142.18	428.60	0.13410	0.00016816	0.060851	0.0068007	63.100	0.015848	58.632	61.223	230.39	86.363	109.88	133.92	23.371	1.3568e-05	0.012803
391.49	1.1974	1215.8	0.00082247	42.454	42.590	182.76	87.797	142.31	427.52	0.13801	0.00016766	0.060762	0.0067671	63.510	0.015746	58.649	61.239	230.39	86.409	110.04	133.84	23.352	1.3584e-05	0.012821
391.81	1.2048	1214.8	0.00082321	42.498	42.634	182.87	87.820	142.44	426.45	0.14193	0.00016716	0.060673	0.0067337	63.920	0.015645	58.665	61.254	230.39	86.456	110.20	133.77	23.333	1.3600e-05	0.012838
392.12	1.2121	1213.7	0.00082394	42.542	42.679	182.98	87.844	142.57	425.38	0.14586	0.00016667	0.060584	0.0067005	64.331	0.015545	58.682	61.270	230.39	86.502	110.36	133.69	23.314	1.3616e-05	0.012855
392.43	1.2195	1212.6	0.00082467	42.585	42.723	183.09	87.867	142.70	424.32	0.14980	0.00016618	0.060496	0.0066674	64.742	0.015446	58.698	61.286	230.39	86.548	110.52	133.61	23.296	1.3631e-05	0.012873
392.75	1.2268	1211.5	0.00082541	42.629	42.768	183.20	87.891	142.83	423.26	0.15375	0.00016569	0.060408	0.0066345	65.154	0.015348	58.715	61.301	230.39	86.594	110.69	133.54	23.278	1.3647e-05	0.012890
393.06	1.2341	1210.4	0.00082614	42.672	42.812	183.31	87.914	142.96	422.21	0.15772	0.00016521	0.060320	0.0066018	65.566	0.015252	58.731	61.317	230.39	86.639	110.85	133.46	23.260	1.3663e-05	0.012907
393.36	1.2415	1209.4	0.00082688	42.715	42.856	183.42	87.938	143.09	421.15	0.16170	0.00016473	0.060233	0.0065693	65.979	0.015156	58.747	61.332	230.39	86.685	111.01	133.38	23.242	1.3679e-05	0.012924
393.67	1.2488	1208.3	0.00082761	42.758	42.899	183.53	87.961	143.22	420.11	0.16570	0.00016425	0.060146	0.0065370	66.392	0.015062	58.763	61.347	230.39	86.731	111.18	133.31	23.225	1.3694e-05	0.012941
393.98	1.2562	1207.2	0.00082834	42.800	42.943	183.64	87.984	143.35	419.06	0.16971	0.00016378	0.060060	0.0065048	66.806	0.014969	58.779	61.362	230.39	86.776	111.34	133.23	23.208	1.3710e-05	0.012958
394.28	1.2635	1206.2	0.00082907	42.843	42.987	183.75	88.007	143.48	418.02	0.17373	0.00016331	0.059973	0.0064728	67.221	0.014876	58.795	61.377	230.39	86.821	111.50	133.15	23.191	1.3726e-05	0.012975
394.59	1.2709	1205.1	0.00082980	42.885	43.030	183.86	88.031	143.62	416.99	0.17776	0.00016284	0.059887	0.0064409	67.636	0.014785	58.811	61.392	230.39	86.866	111.67	133.08	23.174	1.3742e-05	0.012992
394.89	1.2782	1204.0	0.00083054	42.927	43.073	183.97	88.054	143.75	415.95	0.18181	0.00016237	0.059802	0.0064092	68.051	0.014695	58.826	61.407	230.39	86.911	111.83	133.00	23.157	1.3757e-05	0.013009
395.19	1.2856	1203.0	0.00083127	42.969	43.116	184.07	88.077	143.88	414.92	0.18587	0.00016191	0.059716	0.0063777	68.467	0.014605	58.842	61.421	230.39	86.956	112.00	132.92	23.141	1.3773e-05	0.013026
395.49	1.2929	1201.9	0.00083200	43.011	43.159	184.18	88.100	144.01	413.90	0.18994	0.00016145	0.059631	0.0063464	68.884	0.014517	58.858	61.436	230.39	87.001	112.17	132.84	23.125	1.3789e-05	0.013043
395.79	1.3003	1200.9	0.00083273	43.053	43.202	184.28	88.123	144.14	412.88	0.19403	0.00016099	0.059547	0.0063152	69.301	0.014430	58.873	61.450	230.39	87.045	112.33	132.76	23.109	1.3805e-05	0.013060
396.08	1.3076	1199.8	0.00083346	43.095	43.245	184.39	88.146	144.28	411.86	0.19814	0.00016054	0.059462	0.0062841	69.719	0.014343	58.888	61.465	230.39	87.090	112.50	132.69	23.093	1.3821e-05	0.013076
396.38	1.3149	1198.8	0.00083419	43.136	43.287	184.50	88.169	144.41	410.84	0.20225	0.00016008	0.059378	0.0062533	70.137	0.014258	58.903	61.479	230.39	87.134	112.67	132.61	23.078	1.3836e-05	0.013093
396.67	1.3223	1197.7	0.00083492	43.178	43.329	184.60	88.192	144.54	409.83	0.20638	0.00015963	0.059294	0.0062225	70.556	0.014173	58.918	61.493	230.39	87.178	112.84	132.53	23.063	1.3852e-05	0.013110
396.97	1.3296	1196.7	0.00083565	43.219	43.372	184.70	88.215	144.68	408.82	0.21053	0.00015919	0.059211	0.0061920	70.976	0.014089	58.933	61.507	230.39	87.223	113.00	132.45	23.048	1.3868e-05	0.013127
397.26	1.3370	1195.6	0.00083638	43.260	43.414	184.81	88.238	144.81	407.81	0.21469	0.00015874	0.059127	0.0061616	71.396	0.014006	58.948	61.521	230.39	87.267	113.17	132.37	23.033	1.3884e-05	0.013143
397.55	1.3443	1194.6	0.00083711	43.301	43.456	184.91	88.261	144.94	406.81	0.21886	0.00015830	0.059044	0.0061313	71.816	0.013924	58.963	61.535	230.39	87.310	113.34	132.29	23.018	1.3899e-05	0.013160
397.84	1.3517	1193.6	0.00083783	43.342	43.497	185.01	88.284	145.08	405.81	0.22305	0.00015786	0.058962	0.0061012	72.238	0.013843	58.978	61.548	230.39	87.354	113.51	132.21	23.004	1.3915e-05	0.013176
398.13	1.3590	1192.5	0.00083856	43.382	43.539	185.12	88.307	145.21	404.82	0.22726	0.00015742	0.058879	0.0060712	72.659	0.013763	58.993	61.562	230.39	87.398	113.68	132.13	22.989	1.3931e-05	0.013193
398.42	1.3664	1191.5	0.00083929	43.423	43.581	185.22	88.329	145.35	403.82	0.23148	0.00015699	0.058797	0.0060414	73.082	0.013683	59.007	61.575	230.38	87.441	113.85	132.05	22.975	1.3947e-05	0.013209
398.70	1.3737	1190.4	0.00084002	43.463	43.622	185.32	88.352	145.49	402.83	0.23571	0.00015656	0.058715	0.0060118	73.505	0.013605	59.022	61.589	230.38	87.485	114.03	131.97	22.961	1.3963e-05	0.013226
398.99	1.3811	1189.4	0.00084075	43.504	43.663	185.42	88.375	145.62	401.85	0.23996	0.00015613	0.058634	0.0059822	73.928	0.013527	59.036	61.602	230.38	87.528	114.20	131.89	22.947	1.3979e-05	0.013242
399.27	1.3884	1188.4	0.00084148	43.544	43.704	185.52	88.398	145.76	400.86	0.24422	0.00015570	0.058552	0.0059529	74.352	0.013450	59.050	61.615	230.38	87.571	114.37	131.81	22.934	1.3994e-05	0.013259
399.55	1.3958	1187.4	0.00084221	43.584	43.745	185.62	88.420	145.89	399.88	0.24850	0.00015528	0.058471	0.0059236	74.777	0.013373	59.064	61.628	230.38	87.614	114.54	131.73	22.920	1.4010e-05	0.013275
399.84	1.4031	1186.3	0.00084293	43.624	43.786	185.72	88.443	146.03	398.90	0.25280	0.00015485	0.058391	0.0058945	75.202	0.013298	59.078	61.641	230.38	87.657	114.72	131.65	22.907	1.4026e-05	0.013291
400.12	1.4104	1185.3	0.00084366	43.664	43.827	185.82	88.466	146.17	397.93	0.25711	0.00015443	0.058310	0.0058656	75.628	0.013223	59.093	61.654	230.38	87.700	114.89	131.57	22.894	1.4042e-05	0.013308
400.40	1.4178	1184.3	0.00084439	43.703	43.868	185.92	88.488	146.31	396.96	0.26144	0.00015401	0.058230	0.0058368	76.054	0.013148	59.106	61.667	230.38	87.743	115.07	131.49	22.881	1.4058e-05	0.013324
400.68	1.4251	1183.3	0.00084512	43.743	43.908	186.02	88.511	146.44	395.99	0.26579	0.00015360	0.058150	0.0058081	76.482	0.013075	59.120	61.680	230.38	87.786	115.24	131.41	22.869	1.4074e-05	0.013340
400.95	1.4325	1182.2	0.00084585	43.782	43.949	186.12	88.533	146.58	395.02	0.27015	0.00015318	0.058070	0.0057795	76.909	0.013002	59.134	61.693	230.38	87.828	115.42	131.33	22.856	1.4089e-05	0.013357
401.23	1.4398	1181.2	0.00084658	43.821	43.989	186.22	88.556	146.72	394.06	0.27452	0.00015277	0.057990	0.0057511	77.338	0.012930	59.148	61.705	230.37	87.871	115.59	131.25	22.844	1.4105e-05	0.013373
401.51	1.4472	1180.2	0.00084730	43.861	44.029	186.32	88.578	146.86	393.10	0.27892	0.00015236	0.057911	0.0057228	77.766	0.012859	59.161	61.718	230.37	87.913	115.77	131.17	22.831	1.4121e-05	0.013389
401.78	1.4545	1179.2	0.00084803	43.900	44.069	186.41	88.601	147.00	392.14	0.28333	0.00015196	0.057832	0.0056947	78.196	0.012788	59.175	61.730	230.37	87.956	115.95	131.09	22.819	1.4137e-05	0.013405
402.05	1.4619	1178.2	0.00084876	43.939	44.109	186.51	88.623	147.14	391.19	0.28775	0.00015155	0.057753	0.0056667	78.626	0.012718	59.188	61.742	230.37	87.998	116.12	131.00	22.808	1.4153e-05	0.013421
402.33	1.4692	1177.2	0.00084949	43.977	44.149	186.61	88.646	147.28	390.23	0.29220	0.00015115	0.057675	0.0056388	79.057	0.012649	59.202	61.755	230.37	88.040	116.30	130.92	22.796	1.4169e-05	0.013437
402.60	1.4766	1176.2	0.00085022	44.016	44.189	186.71	88.668	147.42	389.29	0.29666	0.00015075	0.057596	0.0056111	79.488	0.012580	59.215	61.767	230.37	88.082	116.48	130.84	22.784	1.4185e-05	0.013453
402.87	1.4839	1175.2	0.00085095	44.055	44.228	186.80	88.691	147.56	388.34	0.30113	0.00015035	0.057518	0.0055834	79.920	0.012512	59.228	61.779	230.37	88.124	116.66	130.76	22.773	1.4201e-05	0.013470
403.14	1.4913	1174.2	0.00085168	44.093	44.268	186.90	88.713	147.70	387.39	0.30563	0.00014995	0.057440	0.0055559	80.353	0.012445	59.241	61.791	230.36	88.166	116.84	130.68	22.762	1.4217e-05	0.013486
403.41	1.4986	1173.2	0.00085240	44.131	44.307	186.99	88.736	147.84	386.45	0.31014	0.00014956	0.057363	0.0055286	80.786	0.012378	59.254	61.803	230.36	88.208	117.02	130.59	22.750	1.4233e-05	0.013502
403.68	1.5059	1172.1	0.00085313	44.170	44.346	187.09	88.758	147.99	385.51	0.31467	0.00014916	0.057285	0.0055013	81.220	0.012312	59.267	61.814	230.36	88.249	117.21	130.51	22.740	1.4249e-05	0.013518
403.94	1.5133	1171.1	0.00085386	44.208	44.385	187.18	88.780	148.13	384.58	0.31922	0.00014877	0.057208	0.0054742	81.655	0.012247	59.280	61.826	230.36	88.291	117.39	130.43	22.729	1.4265e-05	0.013534
404.21	1.5206	1170.1	0.00085459	44.246	44.424	187.28	88.803	148.27	383.64	0.32379	0.00014838	0.057131	0.0054472	82.090	0.012182	59.293	61.838	230.36	88.332	117.57	130.35	22.718	1.4281e-05	0.013549
404.47	1.5280	1169.2	0.00085532	44.284	44.463	187.37	88.825	148.42	382.71	0.32837	0.00014800	0.057055	0.0054203	82.526	0.012117	59.306	61.849	230.36	88.374	117.75	130.26	22.708	1.4297e-05	0.013565
404.74	1.5353	1168.2	0.00085605	44.322	44.502	187.46	88.847	148.56	381.78	0.33297	0.00014761	0.056978	0.0053936	82.963	0.012054	59.319	61.861	230.35	88.415	117.94	130.18	22.697	1.4313e-05	0.013581
405.00	1.5427	1167.2	0.00085678	44.359	44.541	187.56	88.869	148.70	380.86	0.33760	0.00014723	0.056902	0.0053669	83.400	0.011990	59.331	61.872	230.35	88.457	118.12	130.10	22.687	1.4329e-05	0.013597
405.26	1.5500	1166.2	0.00085751	44.397	44.580	187.65	88.892	148.85	379.93	0.34224	0.00014685	0.056826	0.0053404	83.838	0.011928	59.344	61.883	230.35	88.498	118.31	130.01	22.677	1.4345e-05	0.013613
405.52	1.5574	1165.2	0.00085824	44.434	44.618	187.74	88.914	148.99	379.01	0.34689	0.00014647	0.056750	0.0053140	84.277	0.011866	59.356	61.895	230.35	88.539	118.50	129.93	22.667	1.4361e-05	0.013629
405.78	1.5647	1164.2	0.00085897	44.472	44.656	187.84	88.936	149.14	378.09	0.35157	0.00014609	0.056674	0.0052877	84.716	0.011804	59.368	61.906	230.35	88.580	118.68	129.85	22.657	1.4377e-05	0.013645
406.04	1.5721	1163.2	0.00085970	44.509	44.695	187.93	88.959	149.29	377.18	0.35627	0.00014571	0.056598	0.0052616	85.156	0.011743	59.381	61.917	230.34	88.621	118.87	129.76	22.647	1.4394e-05	0.013660
406.30	1.5794	1162.2	0.00086044	44.546	44.733	188.02	88.981	149.43	376.26	0.36098	0.00014534	0.056523	0.0052355	85.596	0.011683	59.393	61.928	230.34	88.662	119.06	129.68	22.638	1.4410e-05	0.013676
406.56	1.5868	1161.2	0.00086117	44.583	44.771	188.11	89.003	149.58	375.35	0.36572	0.00014496	0.056448	0.0052096	86.038	0.011623	59.405	61.939	230.34	88.703	119.25	129.59	22.628	1.4426e-05	0.013692
406.82	1.5941	1160.2	0.00086190	44.620	44.809	188.20	89.025	149.73	374.44	0.37047	0.00014459	0.056373	0.0051837	86.480	0.011563	59.417	61.949	230.34	88.743	119.44	129.51	22.619	1.4442e-05	0.013708
407.07	1.6014	1159.2	0.00086263	44.657	44.847	188.30	89.047	149.88	373.53	0.37525	0.00014422	0.056298	0.0051580	86.922	0.011505	59.429	61.960	230.33	88.784	119.63	129.42	22.610	1.4458e-05	0.013723
407.33	1.6088	1158.3	0.00086336	44.694	44.885	188.39	89.070	150.03	372.63	0.38004	0.00014386	0.056224	0.0051324	87.366	0.011446	59.441	61.971	230.33	88.824	119.82	129.34	22.601	1.4475e-05	0.013739
407.58	1.6161	1157.3	0.00086410	44.731	44.923	188.48	89.092	150.17	371.72	0.38486	0.00014349	0.056150	0.0051069	87.810	0.011388	59.453	61.981	230.33	88.865	120.01	129.26	22.592	1.4491e-05	0.013755
407.83	1.6235	1156.3	0.00086483	44.767	44.960	188.57	89.114	150.32	370.82	0.38969	0.00014313	0.056076	0.0050815	88.254	0.011331	59.465	61.992	230.33	88.905	120.20	129.17	22.583	1.4507e-05	0.013770
408.09	1.6308	1155.3	0.00086556	44.804	44.998	188.66	89.136	150.47	369.92	0.39454	0.00014276	0.056002	0.0050563	88.700	0.011274	59.477	62.002	230.33	88.946	120.40	129.09	22.575	1.4523e-05	0.013786
408.34	1.6382	1154.3	0.00086630	44.840	45.035	188.75	89.158	150.63	369.03	0.39942	0.00014240	0.055928	0.0050311	89.146	0.011218	59.488	62.013	230.32	88.986	120.59	129.00	22.566	1.4540e-05	0.013802
408.59	1.6455	1153.4	0.00086703	44.877	45.073	188.84	89.180	150.78	368.13	0.40432	0.00014204	0.055854	0.0050061	89.593	0.011162	59.500	62.023	230.32	89.026	120.79	128.92	22.558	1.4556e-05	0.013817
408.84	1.6529	1152.4	0.00086777	44.913	45.110	188.92	89.203	150.93	367.24	0.40923	0.00014169	0.055781	0.0049811	90.041	0.011106	59.511	62.033	230.32	89.067	120.98	128.83	22.550	1.4573e-05	0.013833
409.09	1.6602	1151.4	0.00086850	44.949	45.147	189.01	89.225	151.08	366.35	0.41417	0.00014133	0.055708	0.0049563	90.489	0.011051	59.523	62.043	230.32	89.107	121.18	128.74	22.541	1.4589e-05	0.013849
409.34	1.6676	1150.4	0.00086924	44.985	45.184	189.10	89.247	151.23	365.46	0.41913	0.00014098	0.055635	0.0049315	90.938	0.010997	59.534	62.053	230.31	89.147	121.38	128.66	22.533	1.4605e-05	0.013864
409.58	1.6749	1149.5	0.00086997	45.021	45.221	189.19	89.269	151.39	364.58	0.42411	0.00014062	0.055562	0.0049069	91.388	0.010942	59.546	62.063	230.31	89.187	121.57	128.57	22.525	1.4622e-05	0.013880
409.83	1.6823	1148.5	0.00087071	45.057	45.258	189.28	89.291	151.54	363.69	0.42911	0.00014027	0.055489	0.0048824	91.838	0.010889	59.557	62.073	230.31	89.227	121.77	128.49	22.518	1.4638e-05	0.013895
410.08	1.6896	1147.5	0.00087145	45.093	45.295	189.37	89.313	151.70	362.81	0.43414	0.00013992	0.055417	0.0048579	92.289	0.010835	59.568	62.083	230.30	89.267	121.97	128.40	22.510	1.4655e-05	0.013911
410.32	1.6969	1146.5	0.00087218	45.128	45.332	189.45	89.335	151.85	361.93	0.43918	0.00013957	0.055345	0.0048336	92.741	0.010783	59.579	62.093	230.30	89.306	122.17	128.32	22.502	1.4671e-05	0.013926
410.57	1.7043	1145.6	0.00087292	45.164	45.368	189.54	89.357	152.01	361.05	0.44425	0.00013923	0.055272	0.0048094	93.194	0.010730	59.590	62.102	230.30	89.346	122.37	128.23	22.495	1.4688e-05	0.013942
410.81	1.7116	1144.6	0.00087366	45.199	45.405	189.63	89.379	152.16	360.18	0.44934	0.00013888	0.055200	0.0047853	93.647	0.010678	59.601	62.112	230.30	89.386	122.58	128.14	22.488	1.4704e-05	0.013957
411.05	1.7190	1143.6	0.00087440	45.235	45.441	189.71	89.402	152.32	359.30	0.45445	0.00013854	0.055129	0.0047612	94.102	0.010627	59.612	62.121	230.29	89.425	122.78	128.06	22.481	1.4721e-05	0.013973
411.29	1.7263	1142.7	0.00087514	45.270	45.478	189.80	89.424	152.48	358.43	0.45959	0.00013819	0.055057	0.0047373	94.557	0.010576	59.623	62.131	230.29	89.465	122.98	127.97	22.473	1.4738e-05	0.013988
411.54	1.7337	1141.7	0.00087588	45.305	45.514	189.89	89.446	152.64	357.56	0.46474	0.00013785	0.054986	0.0047135	95.012	0.010525	59.634	62.140	230.29	89.504	123.19	127.88	22.466	1.4754e-05	0.014004
411.78	1.7410	1140.7	0.00087662	45.340	45.550	189.97	89.468	152.79	356.69	0.46993	0.00013751	0.054914	0.0046897	95.469	0.010475	59.645	62.150	230.28	89.544	123.39	127.80	22.460	1.4771e-05	0.014019
412.02	1.7484	1139.8	0.00087736	45.376	45.586	190.06	89.490	152.95	355.83	0.47513	0.00013717	0.054843	0.0046661	95.926	0.010425	59.655	62.159	230.28	89.583	123.60	127.71	22.453	1.4788e-05	0.014034
412.26	1.7557	1138.8	0.00087810	45.411	45.622	190.14	89.512	153.11	354.96	0.48036	0.00013684	0.054772	0.0046426	96.384	0.010375	59.666	62.168	230.28	89.623	123.81	127.62	22.446	1.4804e-05	0.014050
412.49	1.7631	1137.9	0.00087884	45.445	45.658	190.23	89.534	153.27	354.10	0.48561	0.00013650	0.054701	0.0046191	96.843	0.010326	59.676	62.177	230.27	89.662	124.02	127.53	22.440	1.4821e-05	0.014065
412.73	1.7704	1136.9	0.00087958	45.480	45.694	190.31	89.556	153.44	353.24	0.49088	0.00013617	0.054631	0.0045958	97.302	0.010277	59.687	62.186	230.27	89.701	124.23	127.45	22.433	1.4838e-05	0.014081
412.97	1.7778	1135.9	0.00088033	45.515	45.730	190.40	89.579	153.60	352.38	0.49618	0.00013583	0.054560	0.0045725	97.763	0.010229	59.697	62.195	230.27	89.740	124.44	127.36	22.427	1.4855e-05	0.014096
413.21	1.7851	1135.0	0.00088107	45.550	45.766	190.48	89.601	153.76	351.52	0.50151	0.00013550	0.054490	0.0045494	98.224	0.010181	59.708	62.204	230.26	89.779	124.65	127.27	22.420	1.4871e-05	0.014111
413.44	1.7924	1134.0	0.00088182	45.584	45.801	190.57	89.623	153.92	350.67	0.50685	0.00013517	0.054420	0.0045263	98.686	0.010133	59.718	62.213	230.26	89.819	124.86	127.18	22.414	1.4888e-05	0.014127
413.68	1.7998	1133.1	0.00088256	45.619	45.837	190.65	89.645	154.09	349.82	0.51223	0.00013484	0.054350	0.0045033	99.148	0.010086	59.728	62.222	230.26	89.858	125.07	127.10	22.408	1.4905e-05	0.014142
413.91	1.8071	1132.1	0.00088331	45.653	45.873	190.73	89.667	154.25	348.96	0.51762	0.00013452	0.054280	0.0044805	99.612	0.010039	59.738	62.230	230.25	89.897	125.29	127.01	22.402	1.4922e-05	0.014158
414.14	1.8145	1131.2	0.00088405	45.688	45.908	190.82	89.689	154.42	348.11	0.52305	0.00013419	0.054210	0.0044577	100.08	0.0099924	59.748	62.239	230.25	89.936	125.50	126.92	22.397	1.4939e-05	0.014173
414.38	1.8218	1130.2	0.00088480	45.722	45.943	190.90	89.711	154.58	347.27	0.52849	0.00013387	0.054140	0.0044350	100.54	0.0099462	59.759	62.248	230.25	89.974	125.72	126.83	22.391	1.4956e-05	0.014188
414.61	1.8292	1129.2	0.00088555	45.756	45.979	190.98	89.733	154.75	346.42	0.53397	0.00013354	0.054071	0.0044124	101.01	0.0099003	59.769	62.256	230.24	90.013	125.93	126.74	22.385	1.4973e-05	0.014204
414.84	1.8365	1128.3	0.00088630	45.790	46.014	191.07	89.756	154.92	345.57	0.53946	0.00013322	0.054001	0.0043898	101.47	0.0098547	59.778	62.265	230.24	90.052	126.15	126.65	22.380	1.4990e-05	0.014219
415.07	1.8439	1127.3	0.00088705	45.824	46.049	191.15	89.778	155.08	344.73	0.54499	0.00013290	0.053932	0.0043674	101.94	0.0098095	59.788	62.273	230.24	90.091	126.37	126.57	22.374	1.5007e-05	0.014234
415.30	1.8512	1126.4	0.00088780	45.858	46.084	191.23	89.800	155.25	343.89	0.55054	0.00013258	0.053863	0.0043451	102.41	0.0097647	59.798	62.281	230.23	90.129	126.59	126.48	22.369	1.5024e-05	0.014249
415.53	1.8586	1125.4	0.00088855	45.892	46.119	191.31	89.822	155.42	343.05	0.55611	0.00013226	0.053794	0.0043228	102.88	0.0097201	59.808	62.290	230.23	90.168	126.81	126.39	22.364	1.5041e-05	0.014265
415.76	1.8659	1124.5	0.00088930	45.926	46.154	191.39	89.844	155.59	342.21	0.56172	0.00013194	0.053726	0.0043006	103.35	0.0096759	59.818	62.298	230.22	90.207	127.03	126.30	22.358	1.5058e-05	0.014280
415.99	1.8732	1123.5	0.00089005	45.960	46.189	191.48	89.866	155.76	341.38	0.56735	0.00013162	0.053657	0.0042786	103.82	0.0096320	59.827	62.306	230.22	90.245	127.26	126.21	22.353	1.5076e-05	0.014295
416.21	1.8806	1122.6	0.00089081	45.993	46.224	191.56	89.889	155.94	340.54	0.57300	0.00013131	0.053588	0.0042566	104.29	0.0095885	59.837	62.314	230.22	90.284	127.48	126.12	22.348	1.5093e-05	0.014311
416.44	1.8879	1121.6	0.00089156	46.027	46.258	191.64	89.911	156.11	339.71	0.57869	0.00013099	0.053520	0.0042347	104.76	0.0095452	59.846	62.322	230.21	90.322	127.70	126.03	22.343	1.5110e-05	0.014326
416.67	1.8953	1120.7	0.00089231	46.061	46.293	191.72	89.933	156.28	338.87	0.58440	0.00013068	0.053452	0.0042128	105.24	0.0095023	59.856	62.330	230.21	90.361	127.93	125.94	22.339	1.5127e-05	0.014341
416.89	1.9026	1119.7	0.00089307	46.094	46.328	191.80	89.955	156.46	338.04	0.59014	0.00013037	0.053384	0.0041911	105.71	0.0094596	59.865	62.338	230.20	90.399	128.16	125.85	22.334	1.5145e-05	0.014356
417.12	1.9100	1118.8	0.00089383	46.128	46.362	191.88	89.978	156.63	337.22	0.59591	0.00013006	0.053316	0.0041694	106.19	0.0094173	59.875	62.345	230.20	90.438	128.39	125.76	22.329	1.5162e-05	0.014372
417.34	1.9173	1117.8	0.00089458	46.161	46.396	191.96	90.000	156.81	336.39	0.60170	0.00012975	0.053248	0.0041479	106.66	0.0093753	59.884	62.353	230.20	90.476	128.62	125.67	22.325	1.5180e-05	0.014387
417.56	1.9247	1116.9	0.00089534	46.194	46.431	192.04	90.022	156.98	335.56	0.60752	0.00012944	0.053180	0.0041264	107.14	0.0093336	59.893	62.361	230.19	90.514	128.85	125.58	22.320	1.5197e-05	0.014402
417.79	1.9320	1115.9	0.00089610	46.227	46.465	192.12	90.044	157.16	334.74	0.61338	0.00012913	0.053113	0.0041050	107.62	0.0092921	59.902	62.368	230.19	90.552	129.08	125.49	22.316	1.5214e-05	0.014417
418.01	1.9394	1115.0	0.00089686	46.260	46.499	192.20	90.067	157.34	333.92	0.61926	0.00012883	0.053045	0.0040836	108.10	0.0092510	59.911	62.376	230.18	90.591	129.31	125.40	22.312	1.5232e-05	0.014433
418.23	1.9467	1114.1	0.00089762	46.294	46.534	192.28	90.089	157.52	333.10	0.62517	0.00012852	0.052978	0.0040624	108.58	0.0092101	59.920	62.383	230.18	90.629	129.55	125.31	22.308	1.5250e-05	0.014448
418.45	1.9541	1113.1	0.00089838	46.327	46.568	192.36	90.111	157.70	332.28	0.63111	0.00012822	0.052911	0.0040412	109.06	0.0091695	59.929	62.391	230.17	90.667	129.78	125.22	22.303	1.5267e-05	0.014463
418.67	1.9614	1112.2	0.00089915	46.359	46.602	192.44	90.134	157.88	331.46	0.63707	0.00012792	0.052843	0.0040201	109.54	0.0091292	59.938	62.398	230.17	90.705	130.02	125.13	22.299	1.5285e-05	0.014478
418.89	1.9687	1111.2	0.00089991	46.392	46.636	192.52	90.156	158.06	330.64	0.64307	0.00012761	0.052776	0.0039991	110.02	0.0090892	59.947	62.405	230.17	90.743	130.25	125.04	22.295	1.5302e-05	0.014494
419.11	1.9761	1110.3	0.00090067	46.425	46.670	192.60	90.178	158.24	329.83	0.64910	0.00012731	0.052710	0.0039782	110.50	0.0090495	59.956	62.413	230.16	90.781	130.49	124.95	22.292	1.5320e-05	0.014509
419.33	1.9834	1109.3	0.00090144	46.458	46.703	192.68	90.201	158.42	329.01	0.65516	0.00012701	0.052643	0.0039574	110.99	0.0090100	59.965	62.420	230.16	90.819	130.73	124.86	22.288	1.5338e-05	0.014524
419.55	1.9908	1108.4	0.00090220	46.491	46.737	192.75	90.223	158.61	328.20	0.66125	0.00012671	0.052576	0.0039366	111.47	0.0089708	59.974	62.427	230.15	90.857	130.97	124.77	22.284	1.5356e-05	0.014539
419.77	1.9981	1107.5	0.00090297	46.523	46.771	192.83	90.245	158.79	327.39	0.66737	0.00012642	0.052510	0.0039159	111.96	0.0089319	59.982	62.434	230.15	90.895	131.22	124.67	22.281	1.5373e-05	0.014555
419.98	2.0055	1106.5	0.00090374	46.556	46.805	192.91	90.268	158.98	326.58	0.67352	0.00012612	0.052443	0.0038953	112.45	0.0088932	59.991	62.441	230.14	90.933	131.46	124.58	22.277	1.5391e-05	0.014570
420.20	2.0128	1105.6	0.00090451	46.588	46.838	192.99	90.290	159.16	325.77	0.67970	0.00012582	0.052377	0.0038748	112.93	0.0088548	60.000	62.448	230.14	90.971	131.71	124.49	22.274	1.5409e-05	0.014585
420.41	2.0202	1104.6	0.00090528	46.621	46.872	193.07	90.313	159.35	324.96	0.68592	0.00012553	0.052311	0.0038543	113.42	0.0088167	60.008	62.455	230.13	91.009	131.95	124.40	22.270	1.5427e-05	0.014600
420.63	2.0275	1103.7	0.00090605	46.653	46.905	193.14	90.335	159.54	324.16	0.69216	0.00012524	0.052245	0.0038339	113.91	0.0087788	60.017	62.462	230.13	91.047	132.20	124.31	22.267	1.5445e-05	0.014615
420.84	2.0349	1102.8	0.00090682	46.685	46.939	193.22	90.358	159.73	323.35	0.69844	0.00012494	0.052179	0.0038136	114.40	0.0087411	60.025	62.468	230.12	91.085	132.45	124.22	22.264	1.5463e-05	0.014631
421.06	2.0422	1101.8	0.00090760	46.717	46.972	193.30	90.380	159.92	322.55	0.70475	0.00012465	0.052113	0.0037934	114.89	0.0087037	60.033	62.475	230.12	91.122	132.70	124.12	22.261	1.5481e-05	0.014646
421.27	2.0496	1100.9	0.00090837	46.750	47.005	193.37	90.403	160.11	321.75	0.71110	0.00012436	0.052047	0.0037732	115.39	0.0086666	60.042	62.482	230.11	91.160	132.95	124.03	22.258	1.5499e-05	0.014661
421.48	2.0569	1099.9	0.00090915	46.782	47.039	193.45	90.425	160.30	320.95	0.71747	0.00012407	0.051982	0.0037532	115.88	0.0086297	60.050	62.488	230.11	91.198	133.20	123.94	22.255	1.5518e-05	0.014676
421.70	2.0642	1099.0	0.00090992	46.814	47.072	193.53	90.448	160.50	320.15	0.72388	0.00012378	0.051916	0.0037331	116.37	0.0085930	60.058	62.495	230.10	91.236	133.46	123.85	22.252	1.5536e-05	0.014692
421.91	2.0716	1098.1	0.00091070	46.846	47.105	193.60	90.470	160.69	319.35	0.73033	0.00012349	0.051851	0.0037132	116.87	0.0085566	60.066	62.501	230.10	91.273	133.71	123.76	22.249	1.5554e-05	0.014707
422.12	2.0789	1097.1	0.00091148	46.878	47.138	193.68	90.493	160.89	318.55	0.73680	0.00012321	0.051785	0.0036933	117.37	0.0085204	60.074	62.508	230.09	91.311	133.97	123.66	22.246	1.5572e-05	0.014722
422.33	2.0863	1096.2	0.00091226	46.910	47.171	193.76	90.516	161.08	317.76	0.74332	0.00012292	0.051720	0.0036736	117.86	0.0084844	60.082	62.514	230.09	91.349	134.23	123.57	22.244	1.5591e-05	0.014737
422.54	2.0936	1095.2	0.00091304	46.942	47.204	193.83	90.538	161.28	316.96	0.74986	0.00012263	0.051655	0.0036538	118.36	0.0084487	60.090	62.520	230.08	91.386	134.49	123.48	22.241	1.5609e-05	0.014753
422.75	2.1010	1094.3	0.00091382	46.973	47.237	193.91	90.561	161.48	316.17	0.75644	0.00012235	0.051590	0.0036342	118.86	0.0084132	60.098	62.526	230.07	91.424	134.75	123.39	22.238	1.5627e-05	0.014768
422.96	2.1083	1093.4	0.00091461	47.005	47.270	193.98	90.584	161.68	315.38	0.76306	0.00012207	0.051525	0.0036146	119.36	0.0083780	60.106	62.532	230.07	91.461	135.01	123.29	22.236	1.5646e-05	0.014783
423.17	2.1157	1092.4	0.00091539	47.037	47.303	194.06	90.606	161.88	314.59	0.76971	0.00012178	0.051460	0.0035951	119.86	0.0083429	60.114	62.539	230.06	91.499	135.28	123.20	22.234	1.5664e-05	0.014798
423.37	2.1230	1091.5	0.00091618	47.068	47.335	194.13	90.629	162.08	313.80	0.77640	0.00012150	0.051395	0.0035757	120.36	0.0083081	60.122	62.545	230.06	91.536	135.54	123.11	22.231	1.5683e-05	0.014814
423.58	2.1304	1090.6	0.00091697	47.100	47.368	194.21	90.652	162.28	313.01	0.78312	0.00012122	0.051331	0.0035563	120.87	0.0082735	60.129	62.551	230.05	91.574	135.81	123.01	22.229	1.5701e-05	0.014829
423.79	2.1377	1089.6	0.00091775	47.131	47.401	194.28	90.675	162.49	312.23	0.78988	0.00012094	0.051266	0.0035370	121.37	0.0082391	60.137	62.557	230.05	91.611	136.08	122.92	22.227	1.5720e-05	0.014844
424.00	2.1451	1088.7	0.00091854	47.163	47.433	194.36	90.697	162.69	311.44	0.79667	0.00012066	0.051202	0.0035178	121.88	0.0082050	60.145	62.562	230.04	91.649	136.35	122.83	22.225	1.5739e-05	0.014859
424.20	2.1524	1087.7	0.00091934	47.194	47.466	194.43	90.720	162.90	310.66	0.80351	0.00012038	0.051137	0.0034987	122.38	0.0081710	60.152	62.568	230.04	91.686	136.62	122.73	22.223	1.5758e-05	0.014875
424.41	2.1597	1086.8	0.00092013	47.225	47.498	194.51	90.743	163.11	309.87	0.81038	0.00012010	0.051073	0.0034796	122.89	0.0081373	60.160	62.574	230.03	91.724	136.89	122.64	22.221	1.5776e-05	0.014890
424.61	2.1671	1085.9	0.00092092	47.257	47.531	194.58	90.766	163.31	309.09	0.81729	0.00011983	0.051009	0.0034606	123.40	0.0081037	60.167	62.580	230.02	91.761	137.17	122.54	22.219	1.5795e-05	0.014905
424.82	2.1744	1084.9	0.00092172	47.288	47.563	194.66	90.789	163.52	308.31	0.82423	0.00011955	0.050945	0.0034416	123.91	0.0080704	60.175	62.585	230.02	91.798	137.44	122.45	22.217	1.5814e-05	0.014920
425.02	2.1818	1084.0	0.00092251	47.319	47.596	194.73	90.812	163.73	307.53	0.83121	0.00011928	0.050880	0.0034228	124.42	0.0080373	60.182	62.591	230.01	91.836	137.72	122.36	22.215	1.5833e-05	0.014936
425.22	2.1891	1083.1	0.00092331	47.350	47.628	194.80	90.835	163.95	306.75	0.83824	0.00011900	0.050817	0.0034039	124.93	0.0080043	60.189	62.596	230.01	91.873	138.00	122.26	22.213	1.5852e-05	0.014951
425.43	2.1965	1082.1	0.00092411	47.381	47.660	194.88	90.858	164.16	305.97	0.84530	0.00011873	0.050753	0.0033852	125.44	0.0079716	60.197	62.602	230.00	91.910	138.28	122.17	22.212	1.5871e-05	0.014966
425.63	2.2038	1081.2	0.00092491	47.412	47.692	194.95	90.881	164.37	305.20	0.85240	0.00011846	0.050689	0.0033665	125.96	0.0079391	60.204	62.607	229.99	91.948	138.57	122.07	22.210	1.5890e-05	0.014982
425.83	2.2112	1080.3	0.00092571	47.443	47.725	195.02	90.904	164.59	304.42	0.85954	0.00011818	0.050625	0.0033479	126.47	0.0079068	60.211	62.613	229.99	91.985	138.85	121.98	22.209	1.5909e-05	0.014997
426.03	2.2185	1079.3	0.00092651	47.474	47.757	195.10	90.927	164.81	303.65	0.86672	0.00011791	0.050562	0.0033294	126.99	0.0078746	60.218	62.618	229.98	92.022	139.14	121.88	22.207	1.5929e-05	0.015012
426.23	2.2259	1078.4	0.00092732	47.505	47.789	195.17	90.950	165.02	302.87	0.87394	0.00011764	0.050498	0.0033109	127.51	0.0078427	60.225	62.623	229.97	92.060	139.42	121.79	22.206	1.5948e-05	0.015028
426.43	2.2332	1077.4	0.00092812	47.536	47.821	195.24	90.973	165.24	302.10	0.88120	0.00011737	0.050435	0.0032925	128.03	0.0078110	60.232	62.628	229.97	92.097	139.71	121.69	22.205	1.5967e-05	0.015043
426.63	2.2406	1076.5	0.00092893	47.567	47.853	195.32	90.996	165.46	301.33	0.88851	0.00011710	0.050371	0.0032741	128.54	0.0077794	60.239	62.633	229.96	92.134	140.01	121.60	22.203	1.5986e-05	0.015058
426.83	2.2479	1075.6	0.00092974	47.597	47.885	195.39	91.020	165.69	300.56	0.89585	0.00011684	0.050308	0.0032558	129.07	0.0077480	60.246	62.639	229.96	92.171	140.30	121.50	22.202	1.6006e-05	0.015074
427.03	2.2552	1074.6	0.00093055	47.628	47.916	195.46	91.043	165.91	299.79	0.90324	0.00011657	0.050245	0.0032376	129.59	0.0077168	60.253	62.644	229.95	92.209	140.59	121.41	22.201	1.6025e-05	0.015089
427.23	2.2626	1073.7	0.00093136	47.659	47.948	195.53	91.066	166.13	299.02	0.91067	0.00011630	0.050182	0.0032195	130.11	0.0076858	60.260	62.648	229.94	92.246	140.89	121.31	22.200	1.6045e-05	0.015104
427.43	2.2699	1072.8	0.00093218	47.689	47.980	195.61	91.089	166.36	298.25	0.91814	0.00011604	0.050118	0.0032014	130.63	0.0076550	60.266	62.653	229.94	92.283	141.19	121.22	22.199	1.6064e-05	0.015120
427.62	2.2773	1071.8	0.00093299	47.720	48.012	195.68	91.113	166.59	297.49	0.92565	0.00011577	0.050055	0.0031833	131.16	0.0076244	60.273	62.658	229.93	92.320	141.49	121.12	22.198	1.6084e-05	0.015135
427.82	2.2846	1070.9	0.00093381	47.750	48.043	195.75	91.136	166.82	296.72	0.93321	0.00011551	0.049992	0.0031654	131.68	0.0075939	60.280	62.663	229.92	92.357	141.79	121.03	22.197	1.6104e-05	0.015151
428.02	2.2920	1069.9	0.00093462	47.781	48.075	195.82	91.159	167.05	295.96	0.94081	0.00011524	0.049930	0.0031475	132.21	0.0075636	60.286	62.668	229.92	92.395	142.10	120.93	22.196	1.6123e-05	0.015166
428.21	2.2993	1069.0	0.00093544	47.811	48.107	195.89	91.183	167.28	295.20	0.94845	0.00011498	0.049867	0.0031296	132.74	0.0075335	60.293	62.672	229.91	92.432	142.40	120.83	22.195	1.6143e-05	0.015182
428.41	2.3067	1068.1	0.00093627	47.842	48.138	195.96	91.206	167.51	294.43	0.95614	0.00011472	0.049804	0.0031119	133.27	0.0075035	60.300	62.677	229.90	92.469	142.71	120.74	22.195	1.6163e-05	0.015197
428.60	2.3140	1067.1	0.00093709	47.872	48.170	196.04	91.230	167.74	293.67	0.96388	0.00011446	0.049741	0.0030942	133.80	0.0074738	60.306	62.682	229.89	92.506	143.02	120.64	22.194	1.6183e-05	0.015212
428.80	2.3214	1066.2	0.00093791	47.902	48.201	196.11	91.253	167.98	292.91	0.97166	0.00011420	0.049679	0.0030765	134.33	0.0074442	60.312	62.686	229.89	92.543	143.33	120.55	22.193	1.6203e-05	0.015228
428.99	2.3287	1065.3	0.00093874	47.932	48.233	196.18	91.277	168.22	292.15	0.97949	0.00011394	0.049616	0.0030589	134.87	0.0074147	60.319	62.691	229.88	92.580	143.65	120.45	22.193	1.6223e-05	0.015243
429.19	2.3361	1064.3	0.00093957	47.963	48.264	196.25	91.301	168.46	291.39	0.98736	0.00011368	0.049554	0.0030414	135.40	0.0073855	60.325	62.695	229.87	92.617	143.96	120.35	22.192	1.6243e-05	0.015259
429.38	2.3434	1063.4	0.00094039	47.993	48.295	196.32	91.324	168.70	290.64	0.99528	0.00011342	0.049492	0.0030239	135.94	0.0073563	60.331	62.699	229.87	92.655	144.28	120.26	22.192	1.6263e-05	0.015274
429.57	2.3507	1062.4	0.00094123	48.023	48.327	196.39	91.348	168.94	289.88	1.0032	0.00011316	0.049429	0.0030065	136.47	0.0073274	60.338	62.704	229.86	92.692	144.60	120.16	22.191	1.6284e-05	0.015290
429.76	2.3581	1061.5	0.00094206	48.053	48.358	196.46	91.372	169.18	289.12	1.0113	0.00011290	0.049367	0.0029892	137.01	0.0072986	60.344	62.708	229.85	92.729	144.92	120.06	22.191	1.6304e-05	0.015305
429.96	2.3654	1060.6	0.00094289	48.083	48.389	196.53	91.395	169.43	288.37	1.0193	0.00011264	0.049305	0.0029719	137.55	0.0072700	60.350	62.712	229.84	92.766	145.25	119.97	22.191	1.6324e-05	0.015321
430.15	2.3728	1059.6	0.00094373	48.113	48.420	196.60	91.419	169.67	287.62	1.0274	0.00011239	0.049243	0.0029546	138.09	0.0072415	60.356	62.716	229.84	92.803	145.58	119.87	22.191	1.6345e-05	0.015336
430.34	2.3801	1058.7	0.00094457	48.143	48.451	196.67	91.443	169.92	286.86	1.0356	0.00011213	0.049180	0.0029375	138.63	0.0072132	60.362	62.720	229.83	92.840	145.90	119.77	22.190	1.6365e-05	0.015352
430.53	2.3875	1057.7	0.00094541	48.173	48.483	196.74	91.467	170.17	286.11	1.0438	0.00011188	0.049118	0.0029204	139.18	0.0071851	60.368	62.724	229.82	92.877	146.24	119.67	22.190	1.6386e-05	0.015368
430.72	2.3948	1056.8	0.00094625	48.202	48.514	196.81	91.491	170.42	285.36	1.0521	0.00011162	0.049056	0.0029033	139.72	0.0071571	60.374	62.728	229.81	92.914	146.57	119.58	22.190	1.6406e-05	0.015383
430.91	2.4022	1055.9	0.00094709	48.232	48.545	196.88	91.515	170.67	284.61	1.0604	0.00011137	0.048995	0.0028863	140.27	0.0071293	60.380	62.732	229.81	92.952	146.90	119.48	22.190	1.6427e-05	0.015399
431.10	2.4095	1054.9	0.00094793	48.262	48.576	196.95	91.539	170.93	283.86	1.0687	0.00011112	0.048933	0.0028694	140.81	0.0071016	60.386	62.736	229.80	92.989	147.24	119.38	22.190	1.6448e-05	0.015414
431.29	2.4169	1054.0	0.00094878	48.292	48.607	197.02	91.563	171.19	283.11	1.0771	0.00011086	0.048871	0.0028525	141.36	0.0070740	60.391	62.740	229.79	93.026	147.58	119.28	22.190	1.6468e-05	0.015430
431.47	2.4242	1053.0	0.00094963	48.321	48.638	197.09	91.587	171.44	282.36	1.0856	0.00011061	0.048809	0.0028357	141.91	0.0070466	60.397	62.744	229.78	93.063	147.92	119.19	22.190	1.6489e-05	0.015446
431.66	2.4315	1052.1	0.00095048	48.351	48.668	197.16	91.611	171.70	281.61	1.0941	0.00011036	0.048747	0.0028189	142.46	0.0070194	60.403	62.747	229.78	93.100	148.27	119.09	22.191	1.6510e-05	0.015461
431.85	2.4389	1051.2	0.00095133	48.381	48.699	197.23	91.635	171.96	280.87	1.1027	0.00011011	0.048686	0.0028022	143.01	0.0069923	60.408	62.751	229.77	93.137	148.62	118.99	22.191	1.6531e-05	0.015477
432.04	2.4462	1050.2	0.00095219	48.410	48.730	197.30	91.660	172.23	280.12	1.1113	0.00010986	0.048624	0.0027856	143.57	0.0069653	60.414	62.755	229.76	93.174	148.96	118.89	22.191	1.6552e-05	0.015493
432.22	2.4536	1049.3	0.00095304	48.440	48.761	197.37	91.684	172.49	279.38	1.1200	0.00010961	0.048563	0.0027690	144.12	0.0069385	60.420	62.758	229.75	93.211	149.32	118.79	22.191	1.6573e-05	0.015509
432.41	2.4609	1048.3	0.00095390	48.469	48.792	197.44	91.708	172.76	278.63	1.1287	0.00010936	0.048501	0.0027524	144.68	0.0069118	60.425	62.762	229.74	93.249	149.67	118.70	22.192	1.6594e-05	0.015524
432.60	2.4683	1047.4	0.00095476	48.499	48.822	197.50	91.733	173.03	277.89	1.1375	0.00010911	0.048440	0.0027360	145.24	0.0068853	60.430	62.765	229.74	93.286	150.03	118.60	22.192	1.6616e-05	0.015540
432.78	2.4756	1046.4	0.00095562	48.528	48.853	197.57	91.757	173.30	277.15	1.1463	0.00010886	0.048378	0.0027195	145.80	0.0068589	60.436	62.768	229.73	93.323	150.39	118.50	22.193	1.6637e-05	0.015556
432.97	2.4830	1045.5	0.00095649	48.557	48.884	197.64	91.782	173.57	276.41	1.1552	0.00010862	0.048317	0.0027032	146.36	0.0068327	60.441	62.772	229.72	93.360	150.75	118.40	22.193	1.6658e-05	0.015572
433.15	2.4903	1044.5	0.00095736	48.587	48.914	197.71	91.806	173.85	275.67	1.1642	0.00010837	0.048256	0.0026869	146.92	0.0068065	60.447	62.775	229.71	93.397	151.11	118.30	22.194	1.6680e-05	0.015587
433.34	2.4977	1043.6	0.00095822	48.616	48.945	197.78	91.831	174.12	274.93	1.1732	0.00010812	0.048194	0.0026706	147.48	0.0067806	60.452	62.778	229.70	93.434	151.48	118.20	22.194	1.6701e-05	0.015603
433.52	2.5050	1042.7	0.00095909	48.645	48.975	197.85	91.855	174.40	274.19	1.1823	0.00010788	0.048133	0.0026544	148.04	0.0067547	60.457	62.781	229.69	93.471	151.85	118.10	22.195	1.6723e-05	0.015619
433.70	2.5124	1041.7	0.00095997	48.674	49.006	197.92	91.880	174.68	273.45	1.1914	0.00010763	0.048072	0.0026383	148.61	0.0067290	60.462	62.784	229.69	93.509	152.22	118.00	22.196	1.6745e-05	0.015635
433.89	2.5197	1040.8	0.00096084	48.704	49.036	197.98	91.905	174.97	272.71	1.2006	0.00010739	0.048011	0.0026222	149.18	0.0067034	60.467	62.788	229.68	93.546	152.60	117.90	22.196	1.6767e-05	0.015651
434.07	2.5270	1039.8	0.00096172	48.733	49.067	198.05	91.929	175.25	271.97	1.2098	0.00010714	0.047950	0.0026062	149.75	0.0066779	60.472	62.791	229.67	93.583	152.97	117.80	22.197	1.6788e-05	0.015667
434.25	2.5344	1038.9	0.00096260	48.762	49.097	198.12	91.954	175.54	271.24	1.2191	0.00010690	0.047889	0.0025902	150.32	0.0066526	60.477	62.793	229.66	93.620	153.35	117.70	22.198	1.6810e-05	0.015683
434.43	2.5417	1037.9	0.00096348	48.791	49.127	198.19	91.979	175.83	270.50	1.2285	0.00010666	0.047828	0.0025743	150.89	0.0066274	60.482	62.796	229.65	93.657	153.74	117.61	22.199	1.6832e-05	0.015699
434.61	2.5491	1037.0	0.00096436	48.820	49.158	198.25	92.004	176.12	269.77	1.2379	0.00010641	0.047767	0.0025584	151.46	0.0066024	60.487	62.799	229.64	93.695	154.12	117.51	22.200	1.6854e-05	0.015715
434.80	2.5564	1036.0	0.00096525	48.849	49.188	198.32	92.029	176.41	269.03	1.2474	0.00010617	0.047706	0.0025426	152.04	0.0065774	60.492	62.802	229.63	93.732	154.51	117.41	22.201	1.6876e-05	0.015731
434.98	2.5638	1035.1	0.00096613	48.878	49.218	198.39	92.054	176.70	268.30	1.2569	0.00010593	0.047645	0.0025268	152.61	0.0065526	60.497	62.805	229.62	93.769	154.90	117.31	22.202	1.6899e-05	0.015747
435.16	2.5711	1034.1	0.00096702	48.907	49.249	198.46	92.079	177.00	267.57	1.2665	0.00010569	0.047584	0.0025111	153.19	0.0065279	60.502	62.807	229.61	93.806	155.30	117.21	22.203	1.6921e-05	0.015763
435.34	2.5785	1033.1	0.00096792	48.936	49.279	198.52	92.104	177.30	266.84	1.2762	0.00010545	0.047523	0.0024954	153.77	0.0065033	60.506	62.810	229.61	93.844	155.69	117.11	22.204	1.6943e-05	0.015779
435.52	2.5858	1032.2	0.00096881	48.965	49.309	198.59	92.130	177.60	266.10	1.2859	0.00010521	0.047462	0.0024798	154.35	0.0064789	60.511	62.812	229.60	93.881	156.10	117.00	22.205	1.6966e-05	0.015795
435.69	2.5932	1031.2	0.00096971	48.994	49.339	198.66	92.155	177.91	265.37	1.2957	0.00010497	0.047402	0.0024643	154.93	0.0064545	60.516	62.815	229.59	93.918	156.50	116.90	22.206	1.6988e-05	0.015811
435.87	2.6005	1030.3	0.00097061	49.023	49.369	198.72	92.180	178.21	264.64	1.3056	0.00010473	0.047341	0.0024488	155.51	0.0064303	60.520	62.817	229.58	93.955	156.91	116.80	22.207	1.7011e-05	0.015827
436.05	2.6079	1029.3	0.00097151	49.051	49.399	198.79	92.206	178.52	263.91	1.3155	0.00010449	0.047280	0.0024333	156.10	0.0064062	60.525	62.820	229.57	93.993	157.32	116.70	22.208	1.7034e-05	0.015843
436.23	2.6152	1028.4	0.00097241	49.080	49.429	198.86	92.231	178.83	263.19	1.3255	0.00010425	0.047220	0.0024179	156.68	0.0063822	60.529	62.822	229.56	94.030	157.73	116.60	22.210	1.7056e-05	0.015859
436.41	2.6225	1027.4	0.00097332	49.109	49.460	198.92	92.256	179.15	262.46	1.3356	0.00010402	0.047159	0.0024026	157.27	0.0063584	60.534	62.824	229.55	94.067	158.14	116.50	22.211	1.7079e-05	0.015876
436.58	2.6299	1026.5	0.00097423	49.138	49.490	198.99	92.282	179.46	261.73	1.3457	0.00010378	0.047098	0.0023873	157.86	0.0063346	60.538	62.827	229.54	94.105	158.56	116.40	22.212	1.7102e-05	0.015892
436.76	2.6372	1025.5	0.00097514	49.166	49.520	199.06	92.308	179.78	261.00	1.3560	0.00010354	0.047038	0.0023720	158.45	0.0063110	60.543	62.829	229.53	94.142	158.99	116.30	22.213	1.7125e-05	0.015908
436.94	2.6446	1024.5	0.00097605	49.195	49.549	199.12	92.333	180.10	260.28	1.3662	0.00010331	0.046977	0.0023568	159.05	0.0062875	60.547	62.831	229.52	94.180	159.41	116.20	22.215	1.7148e-05	0.015924
437.11	2.6519	1023.6	0.00097697	49.224	49.579	199.19	92.359	180.43	259.55	1.3766	0.00010307	0.046917	0.0023417	159.64	0.0062641	60.551	62.833	229.51	94.217	159.84	116.10	22.216	1.7172e-05	0.015941
437.29	2.6593	1022.6	0.00097789	49.252	49.609	199.26	92.385	180.75	258.83	1.3870	0.00010283	0.046856	0.0023266	160.24	0.0062408	60.555	62.835	229.50	94.254	160.28	116.00	22.218	1.7195e-05	0.015957
437.47	2.6666	1021.6	0.00097881	49.281	49.639	199.32	92.411	181.08	258.10	1.3975	0.00010260	0.046796	0.0023116	160.83	0.0062176	60.559	62.837	229.49	94.292	160.71	115.89	22.219	1.7218e-05	0.015973
437.64	2.6740	1020.7	0.00097974	49.309	49.669	199.39	92.437	181.41	257.38	1.4080	0.00010236	0.046735	0.0022966	161.43	0.0061945	60.564	62.839	229.48	94.329	161.15	115.79	22.221	1.7242e-05	0.015990
437.82	2.6813	1019.7	0.00098066	49.338	49.699	199.45	92.463	181.75	256.66	1.4187	0.00010213	0.046675	0.0022817	162.03	0.0061715	60.568	62.841	229.47	94.367	161.59	115.69	22.222	1.7265e-05	0.016006
437.99	2.6887	1018.8	0.00098159	49.366	49.729	199.52	92.489	182.08	255.93	1.4294	0.00010190	0.046614	0.0022668	162.64	0.0061487	60.572	62.843	229.46	94.404	162.04	115.59	22.224	1.7289e-05	0.016023
438.16	2.6960	1017.8	0.00098253	49.395	49.758	199.59	92.515	182.42	255.21	1.4401	0.00010166	0.046554	0.0022519	163.24	0.0061259	60.576	62.844	229.45	94.442	162.49	115.49	22.225	1.7313e-05	0.016039
438.34	2.7034	1016.8	0.00098346	49.423	49.788	199.65	92.541	182.77	254.49	1.4510	0.00010143	0.046494	0.0022371	163.85	0.0061032	60.580	62.846	229.44	94.479	162.95	115.38	22.227	1.7337e-05	0.016056
438.51	2.7107	1015.8	0.00098440	49.451	49.818	199.72	92.567	183.11	253.77	1.4619	0.00010120	0.046433	0.0022224	164.45	0.0060807	60.583	62.848	229.43	94.517	163.40	115.28	22.229	1.7361e-05	0.016072
438.68	2.7180	1014.9	0.00098534	49.480	49.848	199.78	92.594	183.46	253.05	1.4729	0.00010097	0.046373	0.0022077	165.06	0.0060583	60.587	62.849	229.42	94.555	163.87	115.18	22.230	1.7385e-05	0.016089
438.86	2.7254	1013.9	0.00098628	49.508	49.877	199.85	92.620	183.81	252.33	1.4840	0.00010073	0.046312	0.0021931	165.68	0.0060359	60.591	62.851	229.41	94.592	164.33	115.08	22.232	1.7409e-05	0.016105
439.03	2.7327	1012.9	0.00098723	49.536	49.907	199.91	92.646	184.16	251.61	1.4952	0.00010050	0.046252	0.0021785	166.29	0.0060137	60.595	62.852	229.40	94.630	164.80	114.97	22.234	1.7433e-05	0.016122
439.20	2.7401	1012.0	0.00098818	49.565	49.937	199.98	92.673	184.52	250.89	1.5064	0.00010027	0.046192	0.0021639	166.90	0.0059915	60.598	62.854	229.39	94.667	165.27	114.87	22.236	1.7457e-05	0.016138
439.37	2.7474	1011.0	0.00098913	49.593	49.966	200.04	92.700	184.88	250.18	1.5178	0.00010004	0.046131	0.0021494	167.52	0.0059695	60.602	62.855	229.38	94.705	165.75	114.77	22.237	1.7482e-05	0.016155
439.54	2.7548	1010.0	0.00099008	49.621	49.996	200.11	92.726	185.24	249.46	1.5292	9.9811e-05	0.046071	0.0021350	168.14	0.0059475	60.606	62.856	229.37	94.743	166.23	114.67	22.239	1.7506e-05	0.016172
439.71	2.7621	1009.0	0.00099104	49.649	50.026	200.17	92.753	185.61	248.74	1.5407	9.9581e-05	0.046011	0.0021206	168.76	0.0059257	60.609	62.857	229.36	94.781	166.72	114.56	22.241	1.7531e-05	0.016189
439.88	2.7695	1008.1	0.00099200	49.678	50.055	200.24	92.780	185.98	248.03	1.5522	9.9351e-05	0.045951	0.0021063	169.38	0.0059040	60.613	62.859	229.35	94.818	167.21	114.46	22.243	1.7555e-05	0.016205
440.05	2.7768	1007.1	0.00099296	49.706	50.085	200.30	92.807	186.35	247.31	1.5639	9.9122e-05	0.045890	0.0020920	170.00	0.0058823	60.616	62.860	229.33	94.856	167.70	114.36	22.245	1.7580e-05	0.016222
440.22	2.7842	1006.1	0.00099393	49.734	50.114	200.37	92.834	186.73	246.59	1.5756	9.8893e-05	0.045830	0.0020777	170.63	0.0058607	60.619	62.861	229.32	94.894	168.20	114.25	22.247	1.7605e-05	0.016239
440.39	2.7915	1005.1	0.00099490	49.762	50.144	200.43	92.861	187.11	245.88	1.5874	9.8665e-05	0.045770	0.0020635	171.25	0.0058393	60.623	62.862	229.31	94.932	168.70	114.15	22.249	1.7630e-05	0.016256
440.56	2.7989	1004.1	0.00099587	49.790	50.173	200.50	92.888	187.49	245.17	1.5993	9.8437e-05	0.045710	0.0020493	171.88	0.0058179	60.626	62.863	229.30	94.970	169.21	114.05	22.251	1.7655e-05	0.016273
440.73	2.8062	1003.2	0.00099685	49.818	50.203	200.56	92.915	187.87	244.45	1.6113	9.8209e-05	0.045649	0.0020352	172.51	0.0057966	60.629	62.864	229.29	95.008	169.72	113.94	22.253	1.7680e-05	0.016290
440.90	2.8135	1002.2	0.00099783	49.846	50.232	200.63	92.942	188.26	243.74	1.6234	9.7982e-05	0.045589	0.0020212	173.15	0.0057755	60.632	62.865	229.28	95.046	170.24	113.84	22.255	1.7706e-05	0.016307
441.07	2.8209	1001.2	0.00099881	49.874	50.261	200.69	92.970	188.66	243.03	1.6356	9.7754e-05	0.045529	0.0020072	173.78	0.0057544	60.635	62.865	229.27	95.083	170.76	113.74	22.257	1.7731e-05	0.016324
441.24	2.8282	1000.2	0.00099980	49.902	50.291	200.76	92.997	189.05	242.32	1.6479	9.7528e-05	0.045469	0.0019932	174.42	0.0057334	60.639	62.866	229.26	95.121	171.28	113.63	22.259	1.7757e-05	0.016341
441.40	2.8356	999.22	0.0010008	49.930	50.320	200.82	93.025	189.45	241.60	1.6602	9.7301e-05	0.045408	0.0019793	175.06	0.0057125	60.642	62.867	229.24	95.160	171.81	113.53	22.261	1.7782e-05	0.016358
441.57	2.8429	998.23	0.0010018	49.958	50.350	200.88	93.052	189.85	240.89	1.6727	9.7075e-05	0.045348	0.0019654	175.70	0.0056916	60.645	62.867	229.23	95.198	172.35	113.42	22.263	1.7808e-05	0.016375
441.74	2.8503	997.24	0.0010028	49.986	50.379	200.95	93.080	190.26	240.18	1.6852	9.6849e-05	0.045288	0.0019516	176.34	0.0056709	60.648	62.868	229.22	95.236	172.89	113.32	22.265	1.7834e-05	0.016392
441.90	2.8576	996.24	0.0010038	50.014	50.408	201.01	93.108	190.67	239.47	1.6979	9.6624e-05	0.045228	0.0019378	176.98	0.0056503	60.650	62.868	229.21	95.274	173.43	113.21	22.267	1.7860e-05	0.016409
442.07	2.8650	995.25	0.0010048	50.042	50.438	201.08	93.135	191.09	238.76	1.7106	9.6399e-05	0.045168	0.0019241	177.63	0.0056297	60.653	62.869	229.20	95.312	173.98	113.11	22.269	1.7886e-05	0.016427
442.24	2.8723	994.26	0.0010058	50.070	50.467	201.14	93.163	191.51	238.05	1.7234	9.6174e-05	0.045107	0.0019104	178.28	0.0056092	60.656	62.869	229.18	95.350	174.53	113.01	22.272	1.7912e-05	0.016444
442.40	2.8797	993.26	0.0010068	50.098	50.496	201.20	93.191	191.93	237.34	1.7363	9.5949e-05	0.045047	0.0018967	178.93	0.0055888	60.659	62.870	229.17	95.388	175.09	112.90	22.274	1.7938e-05	0.016461
442.57	2.8870	992.26	0.0010078	50.126	50.525	201.27	93.219	192.35	236.64	1.7494	9.5725e-05	0.044987	0.0018831	179.58	0.0055685	60.661	62.870	229.16	95.427	175.66	112.80	22.276	1.7965e-05	0.016479
442.73	2.8944	991.26	0.0010088	50.154	50.555	201.33	93.248	192.78	235.93	1.7625	9.5501e-05	0.044926	0.0018696	180.23	0.0055483	60.664	62.870	229.15	95.465	176.23	112.69	22.278	1.7991e-05	0.016496
442.90	2.9017	990.26	0.0010098	50.181	50.584	201.40	93.276	193.22	235.22	1.7757	9.5277e-05	0.044866	0.0018561	180.89	0.0055282	60.667	62.870	229.14	95.503	176.80	112.59	22.280	1.8018e-05	0.016513
443.06	2.9090	989.26	0.0010109	50.209	50.613	201.46	93.304	193.66	234.52	1.7890	9.5054e-05	0.044806	0.0018426	181.55	0.0055081	60.669	62.870	229.12	95.542	177.38	112.48	22.283	1.8045e-05	0.016531
443.22	2.9164	988.26	0.0010119	50.237	50.642	201.52	93.333	194.10	233.81	1.8025	9.4831e-05	0.044746	0.0018292	182.21	0.0054882	60.672	62.870	229.11	95.580	177.97	112.38	22.285	1.8071e-05	0.016548
443.39	2.9237	987.25	0.0010129	50.265	50.672	201.59	93.361	194.55	233.10	1.8160	9.4608e-05	0.044685	0.0018158	182.87	0.0054683	60.674	62.870	229.10	95.619	178.56	112.27	22.287	1.8098e-05	0.016566
443.55	2.9311	986.24	0.0010139	50.293	50.701	201.65	93.390	195.00	232.40	1.8296	9.4385e-05	0.044625	0.0018025	183.54	0.0054485	60.676	62.870	229.09	95.657	179.16	112.16	22.289	1.8126e-05	0.016584
443.71	2.9384	985.24	0.0010150	50.320	50.730	201.71	93.419	195.46	231.69	1.8434	9.4163e-05	0.044565	0.0017892	184.21	0.0054287	60.679	62.870	229.07	95.696	179.76	112.06	22.292	1.8153e-05	0.016601
443.88	2.9458	984.23	0.0010160	50.348	50.759	201.78	93.447	195.92	230.99	1.8572	9.3941e-05	0.044504	0.0017760	184.87	0.0054091	60.681	62.870	229.06	95.734	180.37	111.95	22.294	1.8180e-05	0.016619
444.04	2.9531	983.21	0.0010171	50.376	50.788	201.84	93.476	196.38	230.28	1.8712	9.3719e-05	0.044444	0.0017628	185.55	0.0053895	60.683	62.870	229.05	95.773	180.99	111.85	22.296	1.8208e-05	0.016637
444.20	2.9605	982.20	0.0010181	50.403	50.817	201.90	93.505	196.85	229.58	1.8852	9.3498e-05	0.044384	0.0017496	186.22	0.0053700	60.685	62.869	229.03	95.811	181.61	111.74	22.298	1.8235e-05	0.016654
444.36	2.9678	981.19	0.0010192	50.431	50.847	201.97	93.534	197.32	228.88	1.8994	9.3276e-05	0.044323	0.0017365	186.90	0.0053506	60.688	62.869	229.02	95.850	182.23	111.63	22.301	1.8263e-05	0.016672
444.52	2.9752	980.17	0.0010202	50.459	50.876	202.03	93.564	197.80	228.17	1.9137	9.3055e-05	0.044263	0.0017235	187.57	0.0053312	60.690	62.868	229.01	95.889	182.87	111.53	22.303	1.8291e-05	0.016690
444.68	2.9825	979.15	0.0010213	50.486	50.905	202.09	93.593	198.29	227.47	1.9281	9.2834e-05	0.044202	0.0017105	188.25	0.0053120	60.692	62.868	229.00	95.928	183.51	111.42	22.305	1.8319e-05	0.016708
444.84	2.9898	978.13	0.0010224	50.514	50.934	202.16	93.622	198.78	226.77	1.9426	9.2614e-05	0.044142	0.0016975	188.94	0.0052928	60.694	62.867	228.98	95.967	184.15	111.32	22.308	1.8347e-05	0.016726
445.01	2.9972	977.11	0.0010234	50.542	50.963	202.22	93.652	199.27	226.07	1.9573	9.2393e-05	0.044081	0.0016846	189.62	0.0052736	60.695	62.867	228.97	96.005	184.81	111.21	22.310	1.8375e-05	0.016744
445.17	3.0045	976.08	0.0010245	50.569	50.992	202.28	93.681	199.77	225.37	1.9720	9.2173e-05	0.044021	0.0016717	190.31	0.0052546	60.697	62.866	228.96	96.044	185.47	111.10	22.312	1.8404e-05	0.016762
445.33	3.0119	975.06	0.0010256	50.597	51.021	202.35	93.711	200.27	224.67	1.9869	9.1953e-05	0.043960	0.0016589	191.00	0.0052356	60.699	62.865	228.94	96.083	186.13	111.00	22.315	1.8432e-05	0.016780
445.49	3.0192	974.03	0.0010267	50.624	51.050	202.41	93.741	200.78	223.97	2.0019	9.1733e-05	0.043900	0.0016461	191.69	0.0052167	60.701	62.864	228.93	96.122	186.80	110.89	22.317	1.8461e-05	0.016798
445.64	3.0266	973.00	0.0010277	50.652	51.079	202.47	93.771	201.30	223.27	2.0170	9.1514e-05	0.043839	0.0016333	192.39	0.0051979	60.703	62.864	228.91	96.161	187.48	110.78	22.319	1.8490e-05	0.016817
445.80	3.0339	971.97	0.0010288	50.680	51.108	202.53	93.801	201.82	222.57	2.0322	9.1294e-05	0.043779	0.0016206	193.08	0.0051791	60.704	62.863	228.90	96.201	188.17	110.68	22.322	1.8519e-05	0.016835
445.96	3.0413	970.94	0.0010299	50.707	51.137	202.60	93.831	202.34	221.87	2.0476	9.1075e-05	0.043718	0.0016080	193.78	0.0051604	60.706	62.862	228.89	96.240	188.87	110.57	22.324	1.8548e-05	0.016853
446.12	3.0486	969.90	0.0010310	50.735	51.166	202.66	93.861	202.87	221.17	2.0631	9.0856e-05	0.043657	0.0015953	194.48	0.0051418	60.707	62.861	228.87	96.279	189.57	110.46	22.326	1.8577e-05	0.016872
446.28	3.0560	968.86	0.0010321	50.762	51.195	202.72	93.891	203.41	220.47	2.0787	9.0637e-05	0.043596	0.0015828	195.19	0.0051233	60.709	62.859	228.86	96.318	190.28	110.35	22.328	1.8606e-05	0.016890
446.44	3.0633	967.83	0.0010332	50.790	51.224	202.78	93.922	203.95	219.77	2.0944	9.0419e-05	0.043536	0.0015702	195.89	0.0051048	60.710	62.858	228.84	96.358	190.99	110.25	22.331	1.8636e-05	0.016909
446.59	3.0707	966.78	0.0010344	50.817	51.253	202.85	93.952	204.50	219.07	2.1103	9.0200e-05	0.043475	0.0015577	196.60	0.0050864	60.712	62.857	228.83	96.397	191.72	110.14	22.333	1.8665e-05	0.016927
446.75	3.0780	965.74	0.0010355	50.845	51.282	202.91	93.983	205.05	218.38	2.1263	8.9982e-05	0.043414	0.0015453	197.32	0.0050680	60.713	62.856	228.82	96.436	192.45	110.03	22.335	1.8695e-05	0.016946
446.91	3.0853	964.70	0.0010366	50.872	51.312	202.97	94.014	205.61	217.68	2.1424	8.9764e-05	0.043353	0.0015329	198.03	0.0050497	60.714	62.854	228.80	96.476	193.19	109.92	22.337	1.8725e-05	0.016964
447.06	3.0927	963.65	0.0010377	50.900	51.341	203.04	94.045	206.18	216.98	2.1587	8.9546e-05	0.043292	0.0015205	198.75	0.0050315	60.715	62.853	228.79	96.515	193.93	109.81	22.340	1.8755e-05	0.016983
447.22	3.1000	962.60	0.0010389	50.927	51.369	203.10	94.076	206.75	216.29	2.1751	8.9329e-05	0.043231	0.0015082	199.47	0.0050134	60.717	62.851	228.77	96.555	194.69	109.71	22.342	1.8786e-05	0.017002
447.38	3.1074	961.55	0.0010400	50.955	51.398	203.16	94.107	207.33	215.59	2.1917	8.9111e-05	0.043170	0.0014959	200.19	0.0049953	60.718	62.850	228.76	96.595	195.45	109.60	22.344	1.8816e-05	0.017021
447.53	3.1147	960.49	0.0010411	50.982	51.427	203.22	94.138	207.92	214.90	2.2084	8.8894e-05	0.043109	0.0014837	200.91	0.0049772	60.719	62.848	228.74	96.634	196.23	109.49	22.346	1.8847e-05	0.017039
447.69	3.1221	959.44	0.0010423	51.009	51.456	203.29	94.169	208.51	214.20	2.2252	8.8676e-05	0.043048	0.0014715	201.64	0.0049593	60.720	62.847	228.73	96.674	197.01	109.38	22.349	1.8877e-05	0.017058
447.84	3.1294	958.38	0.0010434	51.037	51.485	203.35	94.201	209.11	213.51	2.2422	8.8459e-05	0.042987	0.0014593	202.37	0.0049414	60.721	62.845	228.71	96.714	197.80	109.27	22.351	1.8908e-05	0.017077
448.00	3.1368	957.32	0.0010446	51.064	51.514	203.41	94.233	209.71	212.81	2.2593	8.8242e-05	0.042926	0.0014472	203.11	0.0049235	60.721	62.843	228.70	96.754	198.60	109.16	22.353	1.8939e-05	0.017096
448.15	3.1441	956.25	0.0010457	51.092	51.543	203.47	94.264	210.33	212.12	2.2765	8.8025e-05	0.042865	0.0014352	203.84	0.0049058	60.722	62.841	228.68	96.794	199.40	109.06	22.355	1.8970e-05	0.017116
448.31	3.1515	955.19	0.0010469	51.119	51.572	203.53	94.296	210.94	211.43	2.2940	8.7809e-05	0.042804	0.0014231	204.58	0.0048881	60.723	62.839	228.67	96.834	200.22	108.95	22.357	1.9002e-05	0.017135
448.46	3.1588	954.12	0.0010481	51.147	51.601	203.60	94.328	211.57	210.73	2.3115	8.7592e-05	0.042742	0.0014112	205.32	0.0048704	60.724	62.837	228.65	96.874	201.05	108.84	22.359	1.9033e-05	0.017154
448.62	3.1662	953.05	0.0010493	51.174	51.630	203.66	94.360	212.21	210.04	2.3292	8.7376e-05	0.042681	0.0013992	206.07	0.0048528	60.724	62.835	228.63	96.914	201.88	108.73	22.361	1.9065e-05	0.017173
448.77	3.1735	951.98	0.0010504	51.201	51.659	203.72	94.392	212.85	209.35	2.3471	8.7159e-05	0.042620	0.0013873	206.81	0.0048353	60.725	62.833	228.62	96.954	202.73	108.62	22.363	1.9097e-05	0.017193
448.92	3.1808	950.90	0.0010516	51.229	51.688	203.78	94.425	213.50	208.66	2.3651	8.6943e-05	0.042558	0.0013755	207.56	0.0048178	60.725	62.830	228.60	96.995	203.59	108.51	22.366	1.9129e-05	0.017212
449.08	3.1882	949.82	0.0010528	51.256	51.717	203.85	94.457	214.15	207.97	2.3833	8.6727e-05	0.042497	0.0013636	208.32	0.0048004	60.726	62.828	228.59	97.035	204.45	108.40	22.368	1.9161e-05	0.017232
449.23	3.1955	948.74	0.0010540	51.284	51.746	203.91	94.490	214.82	207.27	2.4016	8.6511e-05	0.042435	0.0013519	209.07	0.0047830	60.726	62.826	228.57	97.075	205.33	108.29	22.370	1.9194e-05	0.017251
449.38	3.2029	947.66	0.0010552	51.311	51.775	203.97	94.523	215.49	206.58	2.4201	8.6295e-05	0.042373	0.0013401	209.83	0.0047657	60.727	62.823	228.55	97.116	206.21	108.18	22.371	1.9226e-05	0.017271
449.53	3.2102	946.58	0.0010564	51.338	51.804	204.03	94.555	216.17	205.89	2.4388	8.6079e-05	0.042312	0.0013284	210.59	0.0047485	60.727	62.821	228.54	97.156	207.11	108.07	22.373	1.9259e-05	0.017291
449.68	3.2176	945.49	0.0010577	51.366	51.833	204.09	94.588	216.86	205.20	2.4576	8.5863e-05	0.042250	0.0013168	211.36	0.0047313	60.727	62.818	228.52	97.197	208.02	107.96	22.375	1.9292e-05	0.017310
449.84	3.2249	944.40	0.0010589	51.393	51.862	204.16	94.622	217.55	204.51	2.4766	8.5647e-05	0.042188	0.0013052	212.13	0.0047142	60.727	62.816	228.51	97.238	208.94	107.85	22.377	1.9325e-05	0.017330
449.99	3.2323	943.30	0.0010601	51.421	51.891	204.22	94.655	218.26	203.82	2.4958	8.5432e-05	0.042126	0.0012936	212.90	0.0046971	60.727	62.813	228.49	97.278	209.87	107.74	22.379	1.9358e-05	0.017350
450.14	3.2396	942.21	0.0010613	51.448	51.920	204.28	94.688	218.97	203.13	2.5151	8.5216e-05	0.042064	0.0012821	213.67	0.0046801	60.727	62.810	228.47	97.319	210.81	107.63	22.381	1.9392e-05	0.017370
450.29	3.2470	941.11	0.0010626	51.475	51.949	204.34	94.722	219.70	202.45	2.5346	8.5001e-05	0.042002	0.0012706	214.45	0.0046631	60.727	62.807	228.46	97.360	211.76	107.52	22.383	1.9426e-05	0.017390
450.44	3.2543	940.00	0.0010638	51.503	51.978	204.40	94.756	220.43	201.76	2.5543	8.4785e-05	0.041940	0.0012592	215.23	0.0046462	60.727	62.804	228.44	97.401	212.73	107.41	22.384	1.9459e-05	0.017410
450.59	3.2617	938.90	0.0010651	51.530	52.007	204.47	94.789	221.17	201.07	2.5742	8.4570e-05	0.041878	0.0012477	216.02	0.0046293	60.727	62.801	228.42	97.442	213.71	107.30	22.386	1.9494e-05	0.017431
450.74	3.2690	937.79	0.0010663	51.557	52.036	204.53	94.823	221.92	200.38	2.5942	8.4355e-05	0.041816	0.0012364	216.80	0.0046125	60.727	62.798	228.40	97.483	214.69	107.19	22.388	1.9528e-05	0.017451
450.89	3.2763	936.68	0.0010676	51.585	52.065	204.59	94.858	222.68	199.70	2.6144	8.4140e-05	0.041753	0.0012251	217.59	0.0045957	60.727	62.795	228.39	97.524	215.70	107.08	22.389	1.9562e-05	0.017471
451.04	3.2837	935.57	0.0010689	51.612	52.094	204.65	94.892	223.45	199.01	2.6348	8.3924e-05	0.041691	0.0012138	218.39	0.0045790	60.726	62.792	228.37	97.565	216.71	106.97	22.391	1.9597e-05	0.017492
451.19	3.2910	934.45	0.0010701	51.640	52.123	204.71	94.926	224.23	198.32	2.6554	8.3709e-05	0.041629	0.0012025	219.19	0.0045624	60.726	62.788	228.35	97.607	217.74	106.86	22.392	1.9632e-05	0.017512
451.34	3.2984	933.33	0.0010714	51.667	52.153	204.78	94.961	225.02	197.64	2.6762	8.3494e-05	0.041566	0.0011913	219.99	0.0045457	60.725	62.785	228.33	97.648	218.78	106.75	22.394	1.9667e-05	0.017533
451.49	3.3057	932.21	0.0010727	51.694	52.182	204.84	94.996	225.82	196.95	2.6972	8.3279e-05	0.041503	0.0011802	220.79	0.0045292	60.725	62.782	228.32	97.690	219.84	106.64	22.395	1.9702e-05	0.017554
451.63	3.3131	931.08	0.0010740	51.722	52.211	204.90	95.031	226.63	196.27	2.7183	8.3064e-05	0.041441	0.0011690	221.60	0.0045127	60.724	62.778	228.30	97.731	220.90	106.53	22.397	1.9738e-05	0.017574
451.78	3.3204	929.95	0.0010753	51.749	52.240	204.96	95.066	227.45	195.58	2.7397	8.2849e-05	0.041378	0.0011580	222.41	0.0044962	60.724	62.774	228.28	97.773	221.99	106.42	22.398	1.9774e-05	0.017595
451.93	3.3278	928.82	0.0010766	51.777	52.269	205.02	95.101	228.29	194.90	2.7612	8.2634e-05	0.041315	0.0011469	223.22	0.0044798	60.723	62.771	228.26	97.815	223.09	106.31	22.399	1.9809e-05	0.017616
452.08	3.3351	927.69	0.0010780	51.804	52.298	205.09	95.136	229.13	194.21	2.7830	8.2419e-05	0.041252	0.0011359	224.04	0.0044634	60.722	62.767	228.24	97.856	224.20	106.19	22.400	1.9846e-05	0.017637
452.23	3.3425	926.55	0.0010793	51.832	52.327	205.15	95.172	229.98	193.53	2.8049	8.2204e-05	0.041189	0.0011250	224.87	0.0044471	60.721	62.763	228.23	97.898	225.32	106.08	22.401	1.9882e-05	0.017658
452.37	3.3498	925.40	0.0010806	51.859	52.356	205.21	95.207	230.85	192.85	2.8271	8.1988e-05	0.041126	0.0011140	225.69	0.0044308	60.720	62.759	228.21	97.940	226.47	105.97	22.403	1.9919e-05	0.017680
452.52	3.3572	924.26	0.0010819	51.886	52.385	205.27	95.243	231.73	192.16	2.8495	8.1773e-05	0.041063	0.0011032	226.52	0.0044146	60.719	62.755	228.19	97.982	227.63	105.86	22.404	1.9955e-05	0.017701
452.67	3.3645	923.11	0.0010833	51.914	52.415	205.33	95.279	232.62	191.48	2.8721	8.1558e-05	0.040999	0.0010923	227.36	0.0043984	60.718	62.751	228.17	98.025	228.80	105.75	22.405	1.9993e-05	0.017722
452.81	3.3718	921.96	0.0010847	51.941	52.444	205.40	95.316	233.52	190.80	2.8949	8.1343e-05	0.040936	0.0010815	228.19	0.0043823	60.717	62.747	228.15	98.067	229.99	105.64	22.405	2.0030e-05	0.017744
452.96	3.3792	920.80	0.0010860	51.969	52.473	205.46	95.352	234.43	190.12	2.9179	8.1128e-05	0.040873	0.0010708	229.03	0.0043662	60.716	62.743	228.13	98.109	231.20	105.52	22.406	2.0067e-05	0.017765
453.10	3.3865	919.64	0.0010874	51.996	52.502	205.52	95.388	235.36	189.44	2.9411	8.0913e-05	0.040809	0.0010600	229.88	0.0043501	60.715	62.738	228.11	98.152	232.42	105.41	22.407	2.0105e-05	0.017787
453.25	3.3939	918.48	0.0010888	52.024	52.531	205.58	95.425	236.30	188.76	2.9646	8.0698e-05	0.040745	0.0010494	230.73	0.0043341	60.713	62.734	228.09	98.194	233.66	105.30	22.408	2.0143e-05	0.017809
453.40	3.4012	917.31	0.0010901	52.051	52.561	205.64	95.462	237.26	188.08	2.9882	8.0482e-05	0.040681	0.0010387	231.58	0.0043181	60.712	62.729	228.07	98.237	234.92	105.19	22.408	2.0181e-05	0.017831
453.54	3.4086	916.14	0.0010915	52.079	52.590	205.71	95.499	238.22	187.40	3.0121	8.0267e-05	0.040618	0.0010281	232.44	0.0043022	60.710	62.725	228.05	98.279	236.20	105.07	22.409	2.0220e-05	0.017853
453.69	3.4159	914.96	0.0010929	52.106	52.619	205.77	95.536	239.20	186.72	3.0363	8.0052e-05	0.040554	0.0010176	233.30	0.0042863	60.709	62.720	228.03	98.322	237.50	104.96	22.409	2.0259e-05	0.017875
453.83	3.4233	913.79	0.0010943	52.134	52.648	205.83	95.574	240.20	186.04	3.0606	7.9836e-05	0.040489	0.0010070	234.17	0.0042705	60.707	62.715	228.01	98.365	238.81	104.85	22.410	2.0298e-05	0.017897
453.97	3.4306	912.60	0.0010958	52.161	52.678	205.89	95.611	241.21	185.36	3.0852	7.9621e-05	0.040425	0.00099656	235.04	0.0042547	60.705	62.710	227.99	98.408	240.15	104.74	22.410	2.0337e-05	0.017919
454.12	3.4380	911.42	0.0010972	52.189	52.707	205.96	95.649	242.23	184.68	3.1101	7.9405e-05	0.040361	0.00098612	235.91	0.0042389	60.704	62.705	227.97	98.451	241.50	104.62	22.410	2.0377e-05	0.017942
454.26	3.4453	910.23	0.0010986	52.216	52.736	206.02	95.687	243.27	184.00	3.1351	7.9190e-05	0.040296	0.00097572	236.79	0.0042232	60.702	62.700	227.95	98.495	242.87	104.51	22.410	2.0416e-05	0.017964
454.41	3.4527	909.03	0.0011001	52.244	52.766	206.08	95.725	244.33	183.33	3.1605	7.8974e-05	0.040232	0.00096536	237.67	0.0042075	60.700	62.695	227.93	98.538	244.27	104.40	22.410	2.0457e-05	0.017987
454.55	3.4600	907.84	0.0011015	52.272	52.795	206.14	95.763	245.40	182.65	3.1860	7.8758e-05	0.040167	0.00095504	238.56	0.0041919	60.698	62.690	227.91	98.581	245.69	104.28	22.410	2.0497e-05	0.018009
454.69	3.4673	906.63	0.0011030	52.299	52.825	206.20	95.802	246.48	181.97	3.2119	7.8543e-05	0.040102	0.00094475	239.45	0.0041763	60.696	62.685	227.89	98.625	247.12	104.17	22.410	2.0538e-05	0.018032
454.84	3.4747	905.43	0.0011045	52.327	52.854	206.27	95.841	247.58	181.30	3.2379	7.8327e-05	0.040037	0.00093451	240.35	0.0041607	60.693	62.679	227.87	98.668	248.59	104.06	22.410	2.0578e-05	0.018055
454.98	3.4820	904.22	0.0011059	52.355	52.884	206.33	95.880	248.70	180.62	3.2643	7.8111e-05	0.039972	0.00092431	241.25	0.0041451	60.691	62.674	227.85	98.712	250.07	103.95	22.409	2.0620e-05	0.018078
455.12	3.4894	903.00	0.0011074	52.382	52.913	206.39	95.919	249.84	179.95	3.2908	7.7894e-05	0.039907	0.00091414	242.15	0.0041296	60.689	62.668	227.83	98.756	251.58	103.83	22.409	2.0661e-05	0.018101
455.26	3.4967	901.78	0.0011089	52.410	52.943	206.45	95.958	250.99	179.27	3.3177	7.7678e-05	0.039842	0.00090402	243.06	0.0041142	60.686	62.663	227.80	98.800	253.11	103.72	22.408	2.0703e-05	0.018125
455.41	3.5041	900.56	0.0011104	52.438	52.972	206.52	95.997	252.16	178.60	3.3448	7.7462e-05	0.039777	0.00089393	243.98	0.0040988	60.684	62.657	227.78	98.844	254.66	103.60	22.408	2.0745e-05	0.018148
455.55	3.5114	899.33	0.0011119	52.465	53.002	206.58	96.037	253.35	177.93	3.3722	7.7245e-05	0.039711	0.00088389	244.90	0.0040834	60.681	62.651	227.76	98.888	256.24	103.49	22.407	2.0787e-05	0.018172
455.69	3.5188	898.10	0.0011135	52.493	53.031	206.64	96.077	254.56	177.26	3.3999	7.7029e-05	0.039645	0.00087388	245.82	0.0040680	60.679	62.645	227.74	98.932	257.85	103.38	22.406	2.0830e-05	0.018195
455.83	3.5261	896.86	0.0011150	52.521	53.061	206.70	96.117	255.79	176.58	3.4278	7.6812e-05	0.039579	0.00086392	246.75	0.0040527	60.676	62.639	227.72	98.977	259.48	103.26	22.405	2.0873e-05	0.018219
455.97	3.5335	895.62	0.0011165	52.549	53.091	206.77	96.157	257.03	175.91	3.4560	7.6595e-05	0.039514	0.00085399	247.69	0.0040374	60.673	62.633	227.69	99.021	261.14	103.15	22.404	2.0916e-05	0.018243
456.11	3.5408	894.37	0.0011181	52.576	53.120	206.83	96.198	258.30	175.24	3.4846	7.6378e-05	0.039447	0.00084410	248.63	0.0040221	60.670	62.627	227.67	99.066	262.82	103.04	22.403	2.0960e-05	0.018267
456.25	3.5481	893.12	0.0011197	52.604	53.150	206.89	96.239	259.58	174.57	3.5134	7.6160e-05	0.039381	0.00083426	249.57	0.0040069	60.667	62.620	227.65	99.110	264.54	102.92	22.401	2.1004e-05	0.018291
456.39	3.5555	891.86	0.0011212	52.632	53.180	206.95	96.280	260.89	173.90	3.5424	7.5943e-05	0.039315	0.00082445	250.52	0.0039917	60.664	62.614	227.63	99.155	266.28	102.81	22.400	2.1048e-05	0.018315
456.53	3.5628	890.60	0.0011228	52.660	53.210	207.02	96.321	262.22	173.23	3.5718	7.5725e-05	0.039248	0.00081468	251.48	0.0039765	60.661	62.607	227.60	99.200	268.05	102.69	22.398	2.1093e-05	0.018340
456.67	3.5702	889.34	0.0011244	52.688	53.239	207.08	96.362	263.57	172.56	3.6015	7.5508e-05	0.039182	0.00080495	252.44	0.0039614	60.658	62.601	227.58	99.245	269.86	102.58	22.396	2.1138e-05	0.018364
456.81	3.5775	888.07	0.0011260	52.716	53.269	207.14	96.404	264.94	171.89	3.6315	7.5290e-05	0.039115	0.00079526	253.40	0.0039463	60.655	62.594	227.56	99.291	271.69	102.46	22.394	2.1183e-05	0.018389
456.95	3.5849	886.79	0.0011277	52.744	53.299	207.21	96.445	266.34	171.23	3.6618	7.5072e-05	0.039048	0.00078561	254.38	0.0039312	60.651	62.587	227.53	99.336	273.56	102.35	22.392	2.1229e-05	0.018414
457.09	3.5922	885.51	0.0011293	52.772	53.329	207.27	96.487	267.76	170.56	3.6924	7.4853e-05	0.038981	0.00077600	255.35	0.0039161	60.648	62.580	227.51	99.381	275.46	102.23	22.390	2.1275e-05	0.018439
457.23	3.5996	884.22	0.0011309	52.800	53.359	207.33	96.530	269.20	169.89	3.7233	7.4635e-05	0.038913	0.00076643	256.34	0.0039011	60.644	62.573	227.48	99.427	277.39	102.12	22.388	2.1321e-05	0.018464
457.37	3.6069	882.93	0.0011326	52.828	53.389	207.40	96.572	270.67	169.23	3.7545	7.4416e-05	0.038846	0.00075690	257.33	0.0038861	60.640	62.566	227.46	99.473	279.36	102.00	22.385	2.1368e-05	0.018489
457.51	3.6143	881.63	0.0011343	52.856	53.419	207.46	96.615	272.16	168.56	3.7861	7.4197e-05	0.038778	0.00074741	258.32	0.0038712	60.636	62.558	227.43	99.519	281.37	101.89	22.383	2.1415e-05	0.018515
457.64	3.6216	880.33	0.0011359	52.884	53.449	207.52	96.658	273.68	167.90	3.8180	7.3978e-05	0.038711	0.00073796	259.32	0.0038562	60.633	62.551	227.41	99.565	283.41	101.77	22.380	2.1463e-05	0.018540
457.78	3.6290	879.02	0.0011376	52.912	53.479	207.58	96.701	275.22	167.24	3.8502	7.3759e-05	0.038643	0.00072855	260.33	0.0038413	60.629	62.543	227.39	99.611	285.49	101.66	22.377	2.1511e-05	0.018566
457.92	3.6363	877.71	0.0011393	52.940	53.509	207.65	96.744	276.79	166.57	3.8828	7.3539e-05	0.038575	0.00071917	261.34	0.0038264	60.625	62.536	227.36	99.657	287.60	101.54	22.374	2.1559e-05	0.018592
458.06	3.6436	876.39	0.0011410	52.968	53.540	207.71	96.788	278.39	165.91	3.9157	7.3319e-05	0.038506	0.00070984	262.36	0.0038115	60.620	62.528	227.33	99.703	289.76	101.43	22.370	2.1608e-05	0.018618
458.19	3.6510	875.06	0.0011428	52.997	53.570	207.78	96.832	280.02	165.25	3.9489	7.3099e-05	0.038438	0.00070055	263.39	0.0037967	60.616	62.520	227.31	99.750	291.96	101.31	22.367	2.1657e-05	0.018645
458.33	3.6583	873.73	0.0011445	53.025	53.600	207.84	96.876	281.68	164.59	3.9825	7.2879e-05	0.038369	0.00069130	264.42	0.0037819	60.612	62.512	227.28	99.797	294.20	101.20	22.363	2.1706e-05	0.018671
458.47	3.6657	872.39	0.0011463	53.053	53.630	207.90	96.920	283.36	163.93	4.0164	7.2658e-05	0.038301	0.00068208	265.46	0.0037671	60.607	62.504	227.26	99.844	296.49	101.08	22.359	2.1756e-05	0.018698
458.60	3.6730	871.05	0.0011480	53.082	53.661	207.97	96.965	285.08	163.27	4.0507	7.2438e-05	0.038232	0.00067291	266.50	0.0037523	60.603	62.496	227.23	99.891	298.81	100.97	22.355	2.1807e-05	0.018724
458.74	3.6804	869.70	0.0011498	53.110	53.691	208.03	97.010	286.83	162.61	4.0854	7.2216e-05	0.038162	0.00066378	267.56	0.0037375	60.598	62.487	227.20	99.938	301.19	100.85	22.351	2.1858e-05	0.018751
458.88	3.6877	868.35	0.0011516	53.138	53.722	208.09	97.055	288.61	161.96	4.1205	7.1995e-05	0.038093	0.00065468	268.62	0.0037228	60.593	62.479	227.18	99.985	303.61	100.74	22.346	2.1909e-05	0.018778
459.01	3.6951	866.98	0.0011534	53.167	53.752	208.16	97.100	290.43	161.30	4.1559	7.1773e-05	0.038024	0.00064563	269.68	0.0037081	60.588	62.470	227.15	100.03	306.08	100.62	22.342	2.1961e-05	0.018806
459.15	3.7024	865.62	0.0011552	53.195	53.783	208.22	97.146	292.28	160.64	4.1917	7.1551e-05	0.037954	0.00063662	270.76	0.0036934	60.583	62.462	227.12	100.08	308.61	100.50	22.337	2.2013e-05	0.018833
459.28	3.7098	864.24	0.0011571	53.224	53.813	208.29	97.192	294.16	159.99	4.2278	7.1329e-05	0.037884	0.00062765	271.84	0.0036787	60.578	62.453	227.10	100.13	311.18	100.39	22.332	2.2065e-05	0.018861
459.42	3.7171	862.86	0.0011589	53.252	53.844	208.35	97.238	296.08	159.33	4.2644	7.1107e-05	0.037814	0.00061871	272.92	0.0036640	60.573	62.444	227.07	100.18	313.81	100.27	22.326	2.2118e-05	0.018889
459.55	3.7245	861.47	0.0011608	53.281	53.875	208.41	97.284	298.04	158.68	4.3014	7.0884e-05	0.037744	0.00060982	274.02	0.0036494	60.567	62.434	227.04	100.22	316.49	100.16	22.321	2.2172e-05	0.018917
459.69	3.7318	860.08	0.0011627	53.310	53.906	208.48	97.331	300.03	158.03	4.3388	7.0661e-05	0.037673	0.00060097	275.12	0.0036347	60.562	62.425	227.01	100.27	319.23	100.04	22.315	2.2226e-05	0.018945
459.82	3.7391	858.68	0.0011646	53.338	53.937	208.54	97.378	302.07	157.37	4.3765	7.0437e-05	0.037602	0.00059216	276.23	0.0036201	60.556	62.416	226.98	100.32	322.03	99.924	22.309	2.2281e-05	0.018974
459.96	3.7465	857.27	0.0011665	53.367	53.967	208.61	97.425	304.15	156.72	4.4147	7.0213e-05	0.037531	0.00058339	277.35	0.0036055	60.551	62.406	226.95	100.37	324.89	99.807	22.302	2.2336e-05	0.019002
460.09	3.7538	855.85	0.0011684	53.396	53.998	208.67	97.472	306.26	156.07	4.4533	6.9989e-05	0.037460	0.00057466	278.48	0.0035909	60.545	62.396	226.93	100.42	327.81	99.691	22.296	2.2391e-05	0.019031
460.22	3.7612	854.43	0.0011704	53.425	54.029	208.74	97.520	308.42	155.42	4.4924	6.9765e-05	0.037389	0.00056597	279.61	0.0035764	60.539	62.387	226.90	100.47	330.80	99.574	22.289	2.2448e-05	0.019060
460.36	3.7685	853.00	0.0011723	53.454	54.061	208.80	97.568	310.63	154.78	4.5318	6.9540e-05	0.037317	0.00055732	280.76	0.0035618	60.533	62.377	226.87	100.52	333.86	99.458	22.282	2.2504e-05	0.019090
460.49	3.7759	851.57	0.0011743	53.483	54.092	208.87	97.616	312.88	154.13	4.5717	6.9314e-05	0.037246	0.00054871	281.91	0.0035472	60.527	62.366	226.84	100.56	336.98	99.341	22.275	2.2562e-05	0.019119
460.62	3.7832	850.12	0.0011763	53.512	54.123	208.93	97.665	315.18	153.48	4.6121	6.9089e-05	0.037174	0.00054015	283.07	0.0035327	60.520	62.356	226.81	100.61	340.18	99.225	22.267	2.2619e-05	0.019149
460.76	3.7906	848.67	0.0011783	53.541	54.154	209.00	97.714	317.53	152.84	4.6529	6.8863e-05	0.037101	0.00053162	284.24	0.0035182	60.514	62.346	226.78	100.66	343.45	99.108	22.259	2.2678e-05	0.019179
460.89	3.7979	847.21	0.0011803	53.570	54.186	209.06	97.763	319.92	152.19	4.6942	6.8637e-05	0.037029	0.00052314	285.42	0.0035036	60.507	62.335	226.75	100.71	346.80	98.991	22.251	2.2737e-05	0.019210
461.02	3.8053	845.74	0.0011824	53.599	54.217	209.13	97.812	322.37	151.55	4.7359	6.8410e-05	0.036956	0.00051470	286.61	0.0034891	60.500	62.324	226.71	100.76	350.23	98.874	22.242	2.2797e-05	0.019240
461.16	3.8126	844.27	0.0011845	53.628	54.248	209.20	97.862	324.88	150.90	4.7781	6.8183e-05	0.036883	0.00050629	287.80	0.0034746	60.494	62.313	226.68	100.81	353.74	98.757	22.234	2.2857e-05	0.019271
461.29	3.8200	842.79	0.0011865	53.657	54.280	209.26	97.912	327.44	150.26	4.8208	6.7955e-05	0.036810	0.00049793	289.01	0.0034601	60.487	62.302	226.65	100.86	357.33	98.640	22.224	2.2918e-05	0.019302
461.42	3.8273	841.29	0.0011886	53.687	54.312	209.33	97.962	330.06	149.62	4.8640	6.7727e-05	0.036737	0.00048962	290.22	0.0034456	60.479	62.291	226.62	100.91	361.02	98.523	22.215	2.2979e-05	0.019333
461.55	3.8346	839.79	0.0011908	53.716	54.343	209.39	98.013	332.73	148.98	4.9077	6.7499e-05	0.036663	0.00048134	291.45	0.0034311	60.472	62.279	226.59	100.97	364.80	98.406	22.205	2.3041e-05	0.019365
461.68	3.8420	838.29	0.0011929	53.746	54.375	209.46	98.064	335.47	148.34	4.9519	6.7270e-05	0.036590	0.00047310	292.69	0.0034166	60.465	62.268	226.55	101.02	368.67	98.289	22.195	2.3104e-05	0.019397
461.81	3.8493	836.77	0.0011951	53.775	54.407	209.53	98.115	338.28	147.70	4.9967	6.7041e-05	0.036515	0.00046491	293.93	0.0034021	60.457	62.256	226.52	101.07	372.64	98.172	22.185	2.3168e-05	0.019429
461.94	3.8567	835.24	0.0011973	53.805	54.439	209.59	98.166	341.15	147.06	5.0419	6.6811e-05	0.036441	0.00045676	295.19	0.0033877	60.449	62.244	226.49	101.12	376.72	98.054	22.174	2.3232e-05	0.019461
462.07	3.8640	833.71	0.0011995	53.834	54.471	209.66	98.218	344.09	146.43	5.0877	6.6581e-05	0.036366	0.00044865	296.46	0.0033732	60.441	62.232	226.45	101.17	380.91	97.937	22.163	2.3297e-05	0.019494
462.21	3.8714	832.17	0.0012017	53.864	54.503	209.73	98.270	347.10	145.79	5.1341	6.6350e-05	0.036292	0.00044059	297.74	0.0033587	60.433	62.220	226.42	101.22	385.20	97.820	22.151	2.3363e-05	0.019527
462.34	3.8787	830.61	0.0012039	53.894	54.535	209.79	98.322	350.19	145.15	5.1810	6.6119e-05	0.036216	0.00043257	299.03	0.0033442	60.425	62.207	226.39	101.27	389.62	97.702	22.139	2.3429e-05	0.019561
462.47	3.8861	829.05	0.0012062	53.924	54.568	209.86	98.375	353.36	144.52	5.2285	6.5888e-05	0.036141	0.00042459	300.33	0.0033297	60.417	62.194	226.35	101.33	394.15	97.585	22.127	2.3496e-05	0.019594
462.60	3.8934	827.48	0.0012085	53.954	54.600	209.93	98.428	356.61	143.89	5.2766	6.5656e-05	0.036065	0.00041665	301.64	0.0033152	60.408	62.181	226.32	101.38	398.81	97.467	22.114	2.3564e-05	0.019628
462.72	3.9008	825.90	0.0012108	53.984	54.633	210.00	98.482	359.94	143.25	5.3253	6.5423e-05	0.035989	0.00040875	302.97	0.0033007	60.399	62.168	226.28	101.43	403.61	97.350	22.101	2.3633e-05	0.019663
462.85	3.9081	824.31	0.0012131	54.014	54.665	210.06	98.535	363.36	142.62	5.3746	6.5190e-05	0.035913	0.00040090	304.30	0.0032862	60.391	62.155	226.24	101.48	408.54	97.232	22.087	2.3703e-05	0.019697
462.98	3.9155	822.70	0.0012155	54.044	54.698	210.13	98.589	366.88	141.99	5.4246	6.4956e-05	0.035837	0.00039310	305.65	0.0032717	60.381	62.141	226.21	101.54	413.61	97.114	22.073	2.3773e-05	0.019732
463.11	3.9228	821.09	0.0012179	54.074	54.731	210.20	98.644	370.49	141.36	5.4752	6.4722e-05	0.035760	0.00038533	307.02	0.0032571	60.372	62.127	226.17	101.59	418.84	96.997	22.058	2.3844e-05	0.019768
463.24	3.9301	819.47	0.0012203	54.105	54.763	210.27	98.698	374.20	140.73	5.5264	6.4487e-05	0.035683	0.00037762	308.39	0.0032426	60.363	62.113	226.13	101.64	424.22	96.879	22.043	2.3917e-05	0.019804
463.37	3.9375	817.84	0.0012227	54.135	54.796	210.34	98.753	378.02	140.10	5.5783	6.4252e-05	0.035605	0.00036994	309.78	0.0032281	60.353	62.099	226.10	101.70	429.76	96.761	22.028	2.3990e-05	0.019840
463.50	3.9448	816.19	0.0012252	54.166	54.830	210.40	98.809	381.95	139.47	5.6309	6.4016e-05	0.035527	0.00036231	311.19	0.0032135	60.343	62.085	226.06	101.75	435.48	96.643	22.012	2.4064e-05	0.019876
463.63	3.9522	814.54	0.0012277	54.196	54.863	210.47	98.865	386.00	138.84	5.6843	6.3780e-05	0.035449	0.00035472	312.61	0.0031989	60.333	62.070	226.02	101.81	441.38	96.525	21.995	2.4139e-05	0.019913
463.75	3.9595	812.87	0.0012302	54.227	54.896	210.54	98.921	390.18	138.21	5.7383	6.3542e-05	0.035371	0.00034718	314.04	0.0031843	60.323	62.055	225.98	101.86	447.47	96.407	21.978	2.4215e-05	0.019950
463.88	3.9669	811.19	0.0012328	54.258	54.930	210.61	98.977	394.48	137.58	5.7932	6.3305e-05	0.035292	0.00033969	315.49	0.0031697	60.312	62.040	225.94	101.92	453.75	96.289	21.961	2.4292e-05	0.019988
464.01	3.9742	809.50	0.0012353	54.289	54.963	210.68	99.034	398.92	136.96	5.8487	6.3066e-05	0.035213	0.00033224	316.95	0.0031550	60.302	62.024	225.90	101.97	460.25	96.171	21.943	2.4371e-05	0.020026
464.14	3.9816	807.79	0.0012379	54.320	54.997	210.75	99.091	403.50	136.33	5.9051	6.2827e-05	0.035134	0.00032483	318.43	0.0031404	60.291	62.009	225.86	102.03	466.96	96.053	21.924	2.4450e-05	0.020065
464.26	3.9889	806.08	0.0012406	54.351	55.031	210.82	99.149	408.23	135.70	5.9623	6.2587e-05	0.035054	0.00031748	319.93	0.0031257	60.280	61.993	225.82	102.08	473.90	95.935	21.905	2.4530e-05	0.020104
464.39	3.9963	804.34	0.0012432	54.382	55.065	210.89	99.207	413.13	135.07	6.0204	6.2347e-05	0.034974	0.00031016	321.44	0.0031110	60.268	61.976	225.78	102.14	481.08	95.817	21.885	2.4612e-05	0.020144
464.52	4.0036	802.60	0.0012459	54.414	55.099	210.96	99.265	418.19	134.45	6.0793	6.2105e-05	0.034893	0.00030290	322.97	0.0030962	60.257	61.960	225.73	102.20	488.52	95.699	21.864	2.4695e-05	0.020184
464.64	4.0110	800.84	0.0012487	54.445	55.133	211.03	99.324	423.44	133.82	6.1391	6.1863e-05	0.034812	0.00029568	324.52	0.0030815	60.245	61.943	225.69	102.25	496.23	95.580	21.843	2.4779e-05	0.020224
464.77	4.0183	799.07	0.0012515	54.477	55.167	211.11	99.383	428.87	133.19	6.1998	6.1620e-05	0.034731	0.00028851	326.09	0.0030667	60.233	61.926	225.65	102.31	504.22	95.462	21.821	2.4864e-05	0.020265
464.89	4.0256	797.28	0.0012543	54.508	55.202	211.18	99.443	434.51	132.57	6.2615	6.1376e-05	0.034649	0.00028139	327.67	0.0030518	60.221	61.908	225.60	102.37	512.52	95.344	21.799	2.4950e-05	0.020307
465.02	4.0330	795.48	0.0012571	54.540	55.237	211.25	99.503	440.36	131.94	6.3242	6.1132e-05	0.034567	0.00027431	329.28	0.0030370	60.208	61.890	225.56	102.42	521.13	95.226	21.775	2.5038e-05	0.020349
465.15	4.0403	793.66	0.0012600	54.572	55.272	211.32	99.564	446.44	131.31	6.3879	6.0886e-05	0.034485	0.00026729	330.90	0.0030220	60.195	61.872	225.51	102.48	530.08	95.107	21.751	2.5128e-05	0.020392
465.27	4.0477	791.83	0.0012629	54.605	55.307	211.39	99.625	452.77	130.69	6.4527	6.0640e-05	0.034402	0.00026031	332.55	0.0030071	60.182	61.854	225.47	102.54	539.38	94.989	21.727	2.5218e-05	0.020435
465.40	4.0550	789.98	0.0012659	54.637	55.342	211.47	99.686	459.35	130.06	6.5185	6.0392e-05	0.034318	0.00025338	334.22	0.0029921	60.168	61.835	225.42	102.60	549.07	94.871	21.701	2.5311e-05	0.020479
465.52	4.0624	788.11	0.0012689	54.669	55.377	211.54	99.748	466.22	129.43	6.5855	6.0144e-05	0.034234	0.00024650	335.91	0.0029770	60.155	61.816	225.37	102.66	559.15	94.752	21.675	2.5404e-05	0.020524
465.65	4.0697	786.22	0.0012719	54.702	55.413	211.61	99.811	473.38	128.80	6.6537	5.9894e-05	0.034150	0.00023967	337.62	0.0029619	60.141	61.796	225.32	102.72	569.67	94.634	21.647	2.5500e-05	0.020569
465.77	4.0771	784.31	0.0012750	54.735	55.449	211.69	99.874	480.86	128.17	6.7231	5.9643e-05	0.034065	0.00023289	339.36	0.0029467	60.126	61.776	225.27	102.78	580.64	94.515	21.619	2.5597e-05	0.020615
465.89	4.0844	782.39	0.0012781	54.768	55.485	211.76	99.937	488.69	127.54	6.7937	5.9391e-05	0.033979	0.00022617	341.12	0.0029315	60.111	61.756	225.22	102.84	592.11	94.397	21.590	2.5696e-05	0.020662
466.02	4.0918	780.44	0.0012813	54.801	55.521	211.84	100.00	496.88	126.90	6.8657	5.9138e-05	0.033893	0.00021949	342.91	0.0029162	60.096	61.735	225.17	102.90	604.09	94.279	21.560	2.5796e-05	0.020709
466.14	4.0991	778.48	0.0012846	54.835	55.558	211.91	100.07	505.48	126.27	6.9390	5.8883e-05	0.033806	0.00021287	344.72	0.0029009	60.081	61.714	225.12	102.96	616.63	94.160	21.529	2.5899e-05	0.020758
466.26	4.1064	776.49	0.0012879	54.868	55.595	211.99	100.13	514.50	125.63	7.0138	5.8627e-05	0.033719	0.00020630	346.57	0.0028855	60.065	61.693	225.07	103.02	629.78	94.042	21.497	2.6003e-05	0.020807
466.39	4.1138	774.47	0.0012912	54.902	55.632	212.07	100.20	523.98	125.00	7.0900	5.8370e-05	0.033631	0.00019978	348.44	0.0028700	60.049	61.671	225.02	103.08	643.56	93.924	21.464	2.6110e-05	0.020856
466.51	4.1211	772.44	0.0012946	54.936	55.669	212.14	100.26	533.97	124.36	7.1678	5.8111e-05	0.033542	0.00019332	350.34	0.0028544	60.032	61.648	224.96	103.14	658.05	93.805	21.430	2.6219e-05	0.020907
466.63	4.1285	770.37	0.0012981	54.970	55.707	212.22	100.33	544.50	123.72	7.2471	5.7850e-05	0.033452	0.00018691	352.27	0.0028387	60.015	61.625	224.91	103.20	673.27	93.687	21.394	2.6330e-05	0.020959
466.76	4.1358	768.28	0.0013016	55.005	55.745	212.30	100.40	555.63	123.07	7.3282	5.7587e-05	0.033362	0.00018055	354.24	0.0028230	59.998	61.602	224.85	103.27	689.31	93.569	21.357	2.6443e-05	0.021011
466.88	4.1432	766.17	0.0013052	55.040	55.783	212.38	100.47	567.40	122.43	7.4110	5.9818e-05	0.034090	0.00017425	356.24	0.0028071	59.980	61.577	224.79	103.33	706.22	93.450	21.320	2.6558e-05	0.021065
467.00	4.1505	764.02	0.0013089	55.075	55.821	212.46	100.54	579.88	121.78	7.4956	5.9531e-05	0.033992	0.00016801	358.27	0.0027912	59.961	61.553	224.73	103.39	724.09	93.332	21.280	2.6677e-05	0.021120
467.12	4.1579	761.84	0.0013126	55.111	55.860	212.54	100.61	593.14	121.13	7.5821	5.9313e-05	0.033917	0.00016183	360.35	0.0027751	59.943	61.528	224.67	103.46	742.98	93.214	21.240	2.6798e-05	0.021175
467.24	4.1652	759.63	0.0013164	55.146	55.900	212.62	100.68	607.24	120.48	7.6707	5.9018e-05	0.033816	0.00015570	362.46	0.0027589	59.923	61.502	224.61	103.52	763.01	93.096	21.197	2.6921e-05	0.021232
467.36	4.1726	757.38	0.0013203	55.183	55.939	212.70	100.75	622.28	119.82	7.7613	5.8720e-05	0.033714	0.00014964	364.62	0.0027426	59.903	61.475	224.55	103.59	784.26	92.978	21.154	2.7048e-05	0.021290
467.49	4.1799	755.10	0.0013243	55.219	55.979	212.79	100.83	638.36	119.16	7.8541	5.8420e-05	0.033611	0.00014363	366.81	0.0027262	59.883	61.448	224.48	103.65	806.87	92.860	21.109	2.7178e-05	0.021350
467.61	4.1873	752.77	0.0013284	55.256	56.020	212.87	100.90	655.58	118.50	7.9492	5.8117e-05	0.033507	0.00013769	369.06	0.0027096	59.862	61.420	224.42	103.72	830.96	92.742	21.061	2.7311e-05	0.021411
467.73	4.1946	750.41	0.0013326	55.293	56.061	212.96	100.98	674.08	117.83	8.0467	5.7811e-05	0.033401	0.00013180	371.35	0.0026929	59.840	61.391	224.35	103.79	856.69	92.625	21.013	2.7448e-05	0.021473
467.85	4.2019	748.00	0.0013369	55.331	56.103	213.04	101.05	693.99	117.16	8.1467	5.7501e-05	0.033294	0.00012598	373.70	0.0026760	59.817	61.362	224.28	103.85	884.24	92.507	20.962	2.7588e-05	0.021536
467.97	4.2093	745.54	0.0013413	55.369	56.145	213.13	101.13	715.50	116.49	8.2495	5.7188e-05	0.033186	0.00012023	376.10	0.0026589	59.794	61.332	224.21	103.92	913.81	92.390	20.909	2.7732e-05	0.021602
468.09	4.2166	743.03	0.0013458	55.408	56.188	213.22	101.21	738.80	115.81	8.3550	5.6870e-05	0.033076	0.00011454	378.55	0.0026416	59.770	61.300	224.14	103.99	945.63	92.273	20.854	2.7881e-05	0.021669
468.21	4.2240	740.47	0.0013505	55.448	56.231	213.31	101.29	764.12	115.12	8.4635	5.6549e-05	0.032964	0.00010892	381.07	0.0026242	59.746	61.268	224.07	104.06	979.97	92.156	20.797	2.8034e-05	0.021738
468.33	4.2313	737.84	0.0013553	55.488	56.275	213.40	101.37	791.73	114.43	8.5752	5.6223e-05	0.032850	0.00010336	383.66	0.0026065	59.720	61.235	223.99	104.13	1017.1	92.040	20.737	2.8192e-05	0.021809
468.45	4.2387	735.15	0.0013603	55.528	56.320	213.49	101.46	821.96	113.74	8.6902	5.5891e-05	0.032734	9.7879e-05	386.31	0.0025886	59.694	61.201	223.91	104.20	1057.5	91.923	20.675	2.8355e-05	0.021882
468.56	4.2460	732.39	0.0013654	55.570	56.366	213.59	101.54	855.19	113.04	8.8087	5.3367e-05	0.031885	9.2467e-05	389.05	0.0025704	59.666	61.166	223.83	104.27	1101.6	91.807	20.610	2.8524e-05	0.021957
468.68	4.2534	729.56	0.0013707	55.612	56.413	213.68	101.63	891.88	112.33	8.9310	5.5223e-05	0.032500	8.7128e-05	391.86	0.0025519	59.638	61.129	223.75	104.34	1149.8	91.692	20.542	2.8698e-05	0.022035
468.80	4.2607	726.64	0.0013762	55.655	56.460	213.78	101.72	932.60	111.62	9.0574	5.2863e-05	0.031701	8.1864e-05	394.76	0.0025332	59.608	61.091	223.66	104.41	1202.8	91.577	20.470	2.8880e-05	0.022115
468.92	4.2681	723.63	0.0013819	55.699	56.509	213.88	101.81	978.02	110.89	9.1880	5.2523e-05	0.031580	7.6678e-05	397.76	0.0025141	59.577	61.051	223.57	104.49	1261.4	91.463	20.395	2.9068e-05	0.022198
469.04	4.2754	720.52	0.0013879	55.744	56.559	213.99	101.91	1029.0	110.16	9.3233	5.2176e-05	0.031456	7.1572e-05	400.86	0.0024946	59.545	61.010	223.48	104.56	1326.5	91.349	20.316	2.9264e-05	0.022285
469.15	4.2828	717.30	0.0013941	55.790	56.610	214.09	102.00	1086.6	109.43	9.4635	5.1838e-05	0.031334	6.6548e-05	404.08	0.0024748	59.512	60.968	223.38	104.64	1399.2	91.237	20.233	2.9469e-05	0.022374
469.27	4.2901	713.95	0.0014007	55.838	56.663	214.20	102.10	1152.2	108.68	9.6092	5.1473e-05	0.031202	6.1609e-05	407.42	0.0024545	59.476	60.923	223.28	104.71	1481.1	91.125	20.145	2.9683e-05	0.022468
469.39	4.2974	710.46	0.0014075	55.887	56.718	214.32	102.21	1227.4	107.92	9.7607	5.1093e-05	0.031065	5.6759e-05	410.91	0.0024336	59.440	60.876	223.17	104.79	1573.9	91.014	20.052	2.9907e-05	0.022566
469.51	4.3048	706.81	0.0014148	55.937	56.774	214.43	102.32	1314.6	107.15	9.9188	5.0701e-05	0.030923	5.2000e-05	414.55	0.0024123	59.401	60.827	223.06	104.87	1680.1	90.905	19.954	3.0143e-05	0.022669
469.62	4.3121	702.99	0.0014225	55.990	56.833	214.55	102.43	1416.7	106.37	10.084	5.4371e-05	0.032148	4.7337e-05	418.36	0.0023903	59.359	60.775	222.95	104.94	1802.8	90.798	19.848	3.0393e-05	0.022777
469.74	4.3195	698.95	0.0014307	56.045	56.894	214.68	102.55	1537.8	105.58	10.257	5.3883e-05	0.031975	4.2774e-05	422.37	0.0023676	59.316	60.721	222.83	105.02	1946.1	90.693	19.736	3.0658e-05	0.022891
469.85	4.3268	694.68	0.0014395	56.102	56.958	214.81	102.67	1683.4	104.77	10.439	5.3374e-05	0.031793	3.8317e-05	426.62	0.0023440	59.269	60.663	222.70	105.10	2115.8	90.590	19.614	3.0940e-05	0.023012
469.97	4.3342	690.12	0.0014490	56.163	57.026	214.96	102.80	1861.8	103.94	10.631	4.8982e-05	0.030294	3.3970e-05	431.12	0.0023195	59.220	60.601	222.56	105.18	2319.9	90.491	19.484	3.1242e-05	0.023142
470.08	4.3415	685.22	0.0014594	56.227	57.098	215.11	102.94	2084.6	103.09	10.835	5.0319e-05	0.030737	2.9741e-05	435.94	0.0022939	59.166	60.534	222.42	105.27	2570.2	90.396	19.341	3.1568e-05	0.023281
470.20	4.3489	679.91	0.0014708	56.296	57.174	215.27	103.09	2370.1	102.22	11.053	4.9751e-05	0.030529	2.5639e-05	441.13	0.0022669	59.108	60.462	222.26	105.35	2884.4	90.306	19.185	3.1923e-05	0.023431
470.31	4.3562	674.09	0.0014835	56.370	57.258	215.44	103.25	2747.7	101.32	11.288	5.1187e-05	0.030997	2.1673e-05	446.77	0.0022383	59.044	60.383	222.09	105.43	3290.5	90.224	19.013	3.2313e-05	0.023596
470.43	4.3636	667.61	0.0014979	56.451	57.349	215.63	103.42	3267.8	100.39	11.544	4.6906e-05	0.029516	1.7856e-05	452.98	0.0022076	58.973	60.296	221.90	105.52	3835.6	90.151	18.819	3.2747e-05	0.023778
470.54	4.3709	660.26	0.0015146	56.542	57.452	215.85	103.61	4023.8	99.404	11.827	4.6191e-05	0.029248	1.4204e-05	459.93	0.0021743	58.893	60.199	221.68	105.60	4605.5	90.092	18.599	3.3240e-05	0.023984
470.66	4.3783	651.69	0.0015345	56.647	57.570	216.09	103.83	5209.3	98.361	12.146	4.5267e-05	0.028905	1.0738e-05	467.88	0.0021373	58.801	60.087	221.44	105.68	5774.1	90.054	18.342	3.3812e-05	0.024222
470.77	4.3856	641.31	0.0015593	56.771	57.711	216.39	104.09	7291.9	97.230	12.521	4.7666e-05	0.029699	7.4908e-06	477.31	0.0020951	58.691	59.954	221.15	105.76	7753.5	90.049	18.031	3.4502e-05	0.024507
470.88	4.3929	627.89	0.0015926	56.930	57.891	216.77	104.40	11724.	95.960	12.987	4.4557e-05	0.028589	4.5116e-06	489.14	0.0020444	58.553	59.786	220.79	105.83	11806.	90.103	17.635	3.5388e-05	0.024869
471.00	4.4003	608.28	0.0016440	57.158	58.152	217.32	undefined	undefined	undefined	13.642	4.1812e-05	undefined	1.8966e-06	505.86	0.0019768	58.355	59.550	220.29	undefined	undefined	undefined	17.066	3.6675e-05	undefined
471.11	4.4076	554.00	0.0018051	57.788	58.881	218.86	undefined	undefined	undefined	15.427	3.7050e-05	undefined	0.0000	554.00	0.0018051	57.788	58.881	218.86	undefined	undefined	undefined	15.427	3.7050e-05	undefined
