Temperature (K)	Pressure (MPa)	Density (l, kg/m3)	Volume (l, m3/kg)	Internal Energy (l, kJ/mol)	Enthalpy (l, kJ/mol)	Entropy (l, J/mol*K)	Cv (l, J/mol*K)	Cp (l, J/mol*K)	Sound Spd. (l, m/s)	Joule-Thomson (l, K/MPa)	Viscosity (l, Pa*s)	Therm. Cond. (l, W/m*K)	Surf. Tension (l, N/m)	Density (v, kg/m3)	Volume (v, m3/kg)	Internal Energy (v, kJ/mol)	Enthalpy (v, kJ/mol)	Entropy (v, J/mol*K)	Cv (v, J/mol*K)	Cp (v, J/mol*K)	Sound Spd. (v, m/s)	Joule-Thomson (v, K/MPa)	Viscosity (v, Pa*s)	Therm. Cond. (v, W/m*K)
166.00	4.2020e-06	1771.0	0.00056467	15.111	15.111	81.220	96.271	142.06	1243.8	-0.47555	0.0049537	0.11590	0.032123	0.00046560	2147.8	47.940	49.320	287.30	64.142	72.457	100.97	335.67	5.5300e-06	0.0016737
241.51	0.0061072	1600.8	0.00062469	25.877	25.878	134.63	100.70	146.22	929.37	-0.42625	0.00086867	0.093503	0.022149	0.46779	2.1377	53.472	55.468	257.15	82.939	91.528	119.69	79.539	8.6354e-06	0.0059568
253.47	0.012210	1573.0	0.00063572	27.637	27.638	141.74	102.11	148.11	880.01	-0.40833	0.00073212	0.089772	0.020638	0.89455	1.1179	54.452	56.539	255.76	85.729	94.499	122.07	66.826	9.0980e-06	0.0066308
261.16	0.018313	1554.9	0.00064314	28.780	28.782	146.18	103.06	149.39	848.72	-0.39569	0.00065958	0.087385	0.019678	1.3065	0.76541	55.093	57.237	255.14	87.514	96.438	123.48	60.163	9.3904e-06	0.0070645
266.96	0.024416	1541.0	0.00064892	29.650	29.652	149.48	103.79	150.37	825.34	-0.38552	0.00061113	0.085600	0.018958	1.7091	0.58509	55.582	57.766	254.79	88.857	97.923	124.46	55.770	9.6085e-06	0.0073927
271.69	0.030519	1529.7	0.00065374	30.362	30.365	152.12	104.40	151.18	806.49	-0.37683	0.00057517	0.084163	0.018377	2.1051	0.47505	55.982	58.199	254.57	89.949	99.146	125.22	52.551	9.7841e-06	0.0076603
275.70	0.036622	1519.9	0.00065793	30.969	30.972	154.34	104.92	151.88	790.59	-0.36913	0.00054681	0.082956	0.017886	2.4958	0.40067	56.323	58.567	254.43	90.875	100.20	125.82	50.041	9.9321e-06	0.0078884
279.20	0.042725	1511.4	0.00066166	31.502	31.506	156.26	105.38	152.50	776.78	-0.36214	0.00052352	0.081912	0.017459	2.8824	0.34693	56.623	58.890	254.34	91.684	101.12	126.31	48.002	1.0060e-05	0.0080882
282.32	0.048828	1503.7	0.00066504	31.978	31.983	157.95	105.78	153.05	764.55	-0.35571	0.00050385	0.080991	0.017081	3.2655	0.30623	56.891	59.178	254.28	92.404	101.96	126.73	46.297	1.0174e-05	0.0082670
285.14	0.054931	1496.7	0.00066815	32.410	32.416	159.48	106.16	153.55	753.54	-0.34971	0.00048689	0.080166	0.016740	3.6457	0.27429	57.134	59.438	254.25	93.056	102.72	127.09	44.839	1.0276e-05	0.0084293
287.73	0.061034	1490.2	0.00067103	32.807	32.814	160.86	106.50	154.02	743.50	-0.34405	0.00047200	0.079417	0.016429	4.0234	0.24855	57.357	59.677	254.23	93.652	103.43	127.40	43.571	1.0369e-05	0.0085783
290.11	0.067137	1484.3	0.00067373	33.175	33.182	162.14	106.81	154.45	734.27	-0.33869	0.00045878	0.078732	0.016143	4.3988	0.22733	57.563	59.897	254.22	94.202	104.08	127.67	42.454	1.0454e-05	0.0087165
292.33	0.073240	1478.7	0.00067628	33.518	33.525	163.31	107.10	154.85	725.72	-0.33357	0.00044690	0.078100	0.015877	4.7723	0.20954	57.755	60.102	254.23	94.714	104.70	127.91	41.458	1.0533e-05	0.0088455
294.41	0.079343	1473.4	0.00067869	33.839	33.848	164.41	107.38	155.23	717.74	-0.32866	0.00043614	0.077513	0.015630	5.1441	0.19440	57.935	60.293	254.24	95.194	105.28	128.12	40.563	1.0607e-05	0.0089668
296.36	0.085446	1468.5	0.00068099	34.143	34.152	165.44	107.64	155.59	710.26	-0.32393	0.00042631	0.076965	0.015398	5.5143	0.18135	58.104	60.474	254.26	95.645	105.83	128.31	39.751	1.0676e-05	0.0090814
298.21	0.091549	1463.7	0.00068318	34.430	34.440	166.40	107.88	155.94	703.20	-0.31936	0.00041728	0.076450	0.015179	5.8831	0.16998	58.265	60.644	254.28	96.071	106.35	128.48	39.011	1.0741e-05	0.0091901
299.96	0.097652	1459.2	0.00068528	34.703	34.714	167.32	108.12	156.27	696.52	-0.31493	0.00040893	0.075965	0.014971	6.2507	0.15998	58.417	60.806	254.30	96.476	106.85	128.63	38.331	1.0803e-05	0.0092937
301.63	0.10376	1455.0	0.00068731	34.964	34.975	168.18	108.34	156.58	690.18	-0.31062	0.00040118	0.075506	0.014775	6.6172	0.15112	58.562	60.960	254.33	96.861	107.34	128.76	37.704	1.0861e-05	0.0093927
303.22	0.10986	1450.8	0.00068926	35.213	35.225	169.01	108.55	156.88	684.14	-0.30642	0.00039395	0.075071	0.014587	6.9826	0.14321	58.701	61.107	254.37	97.229	107.80	128.88	37.122	1.0917e-05	0.0094876
304.75	0.11596	1446.9	0.00069115	35.453	35.465	169.80	108.76	157.17	678.37	-0.30233	0.00038718	0.074657	0.014408	7.3470	0.13611	58.834	61.247	254.40	97.581	108.24	128.99	36.581	1.0970e-05	0.0095789
306.21	0.12206	1443.1	0.00069297	35.683	35.695	170.55	108.95	157.45	672.84	-0.29832	0.00038082	0.074262	0.014237	7.7106	0.12969	58.961	61.382	254.43	97.919	108.68	129.09	36.076	1.1021e-05	0.0096668
307.62	0.12817	1439.4	0.00069475	35.904	35.918	171.27	109.14	157.73	667.54	-0.29439	0.00037483	0.073884	0.014073	8.0734	0.12386	59.084	61.512	254.47	98.245	109.09	129.18	35.603	1.1069e-05	0.0097517
308.98	0.13427	1435.8	0.00069647	36.118	36.132	171.96	109.32	157.99	662.44	-0.29053	0.00036916	0.073522	0.013915	8.4355	0.11855	59.202	61.636	254.51	98.558	109.50	129.26	35.158	1.1116e-05	0.0098339
310.29	0.14037	1432.4	0.00069815	36.324	36.339	172.63	109.50	158.25	657.52	-0.28674	0.00036380	0.073175	0.013762	8.7969	0.11368	59.316	61.756	254.55	98.861	109.89	129.33	34.739	1.1162e-05	0.0099135
311.55	0.14648	1429.0	0.00069978	36.525	36.540	173.28	109.67	158.49	652.77	-0.28302	0.00035870	0.072840	0.013615	9.1577	0.10920	59.427	61.873	254.59	99.153	110.27	129.39	34.344	1.1205e-05	0.0099908
312.78	0.15258	1425.8	0.00070138	36.719	36.735	173.90	109.83	158.74	648.19	-0.27935	0.00035385	0.072518	0.013473	9.5180	0.10506	59.533	61.985	254.63	99.437	110.65	129.45	33.969	1.1247e-05	0.010066
313.97	0.15868	1422.6	0.00070294	36.907	36.924	174.50	109.99	158.97	643.75	-0.27573	0.00034923	0.072208	0.013336	9.8777	0.10124	59.637	62.094	254.67	99.712	111.01	129.50	33.614	1.1288e-05	0.010139
315.12	0.16479	1419.5	0.00070446	37.090	37.108	175.08	110.14	159.21	639.44	-0.27217	0.00034481	0.071908	0.013203	10.237	0.097685	59.738	62.199	254.71	99.978	111.37	129.54	33.276	1.1327e-05	0.010210
316.24	0.17089	1416.5	0.00070595	37.268	37.287	175.65	110.30	159.43	635.27	-0.26864	0.00034058	0.071617	0.013074	10.596	0.094377	59.835	62.302	254.75	100.24	111.71	129.58	32.955	1.1366e-05	0.010280
317.33	0.17699	1413.6	0.00070742	37.442	37.461	176.19	110.44	159.65	631.21	-0.26516	0.00033653	0.071337	0.012949	10.954	0.091289	59.931	62.401	254.79	100.49	112.05	129.61	32.648	1.1403e-05	0.010348
318.39	0.18309	1410.7	0.00070885	37.611	37.631	176.73	110.58	159.87	627.27	-0.26172	0.00033264	0.071066	0.012827	11.312	0.088400	60.023	62.498	254.83	100.74	112.39	129.64	32.356	1.1439e-05	0.010414
319.43	0.18920	1407.9	0.00071026	37.776	37.796	177.24	110.72	160.09	623.43	-0.25831	0.00032891	0.070803	0.012709	11.670	0.085690	60.113	62.593	254.87	100.98	112.71	129.67	32.076	1.1474e-05	0.010479
320.44	0.19530	1405.2	0.00071164	37.937	37.958	177.75	110.86	160.29	619.68	-0.25493	0.00032531	0.070548	0.012593	12.027	0.083144	60.201	62.685	254.91	101.21	113.04	129.69	31.808	1.1509e-05	0.010543
321.42	0.20140	1402.5	0.00071300	38.095	38.117	178.24	110.99	160.50	616.03	-0.25159	0.00032185	0.070299	0.012481	12.384	0.080746	60.287	62.774	254.95	101.44	113.35	129.70	31.551	1.1542e-05	0.010605
322.39	0.20751	1399.9	0.00071434	38.249	38.271	178.72	111.12	160.70	612.47	-0.24828	0.00031851	0.070058	0.012371	12.741	0.078485	60.371	62.862	254.99	101.66	113.66	129.72	31.305	1.1575e-05	0.010666
323.33	0.21361	1397.3	0.00071566	38.400	38.423	179.18	111.25	160.90	608.99	-0.24499	0.00031528	0.069823	0.012264	13.098	0.076348	60.453	62.947	255.03	101.88	113.96	129.73	31.068	1.1607e-05	0.010727
324.25	0.21971	1394.8	0.00071695	38.547	38.572	179.64	111.37	161.10	605.59	-0.24173	0.00031217	0.069593	0.012160	13.454	0.074325	60.533	63.031	255.08	102.09	114.26	129.73	30.840	1.1638e-05	0.010786
325.15	0.22581	1392.3	0.00071823	38.692	38.717	180.09	111.50	161.29	602.27	-0.23849	0.00030915	0.069370	0.012058	13.811	0.072408	60.612	63.112	255.12	102.30	114.56	129.74	30.620	1.1669e-05	0.010844
326.03	0.23192	1389.9	0.00071949	38.834	38.860	180.52	111.62	161.48	599.02	-0.23527	0.00030623	0.069151	0.011958	14.167	0.070588	60.689	63.192	255.16	102.51	114.85	129.74	30.409	1.1699e-05	0.010901
326.90	0.23802	1387.5	0.00072073	38.973	39.000	180.95	111.73	161.67	595.83	-0.23208	0.00030340	0.068938	0.011860	14.523	0.068858	60.764	63.270	255.20	102.71	115.14	129.74	30.205	1.1728e-05	0.010957
327.74	0.24412	1385.1	0.00072195	39.110	39.137	181.37	111.85	161.86	592.71	-0.22890	0.00030066	0.068730	0.011764	14.878	0.067211	60.838	63.347	255.24	102.90	115.42	129.73	30.008	1.1757e-05	0.011012
328.58	0.25023	1382.8	0.00072316	39.244	39.272	181.78	111.96	162.04	589.65	-0.22575	0.00029800	0.068526	0.011671	15.234	0.065642	60.910	63.422	255.28	103.10	115.70	129.72	29.817	1.1785e-05	0.011066
329.39	0.25633	1380.5	0.00072435	39.376	39.405	182.18	112.07	162.22	586.64	-0.22261	0.00029541	0.068327	0.011579	15.590	0.064145	60.981	63.496	255.32	103.29	115.97	129.72	29.633	1.1812e-05	0.011120
330.20	0.26243	1378.3	0.00072553	39.506	39.535	182.57	112.18	162.40	583.70	-0.21948	0.00029290	0.068132	0.011489	15.945	0.062715	61.051	63.568	255.36	103.47	116.24	129.70	29.455	1.1839e-05	0.011173
330.98	0.26854	1376.1	0.00072670	39.634	39.663	182.96	112.29	162.58	580.81	-0.21637	0.00029046	0.067941	0.011400	16.301	0.061347	61.119	63.639	255.39	103.65	116.51	129.69	29.283	1.1866e-05	0.011225
331.76	0.27464	1373.9	0.00072785	39.759	39.790	183.34	112.39	162.75	577.97	-0.21328	0.00028808	0.067754	0.011314	16.656	0.060038	61.187	63.708	255.43	103.83	116.78	129.67	29.116	1.1892e-05	0.011276
332.52	0.28074	1371.8	0.00072899	39.883	39.914	183.71	112.50	162.92	575.18	-0.21020	0.00028576	0.067571	0.011229	17.011	0.058784	61.253	63.777	255.47	104.01	117.04	129.66	28.954	1.1918e-05	0.011327
333.27	0.28684	1369.6	0.00073012	40.004	40.036	184.07	112.60	163.10	572.43	-0.20713	0.00028351	0.067391	0.011145	17.367	0.057582	61.318	63.844	255.51	104.19	117.30	129.64	28.797	1.1943e-05	0.011377
334.00	0.29295	1367.6	0.00073123	40.124	40.157	184.43	112.70	163.27	569.74	-0.20407	0.00028131	0.067215	0.011063	17.722	0.056427	61.382	63.910	255.55	104.36	117.56	129.62	28.645	1.1968e-05	0.011427
334.73	0.29905	1365.5	0.00073233	40.242	40.275	184.79	112.80	163.43	567.08	-0.20102	0.00027916	0.067042	0.010982	18.077	0.055318	61.445	63.974	255.59	104.53	117.81	129.59	28.497	1.1993e-05	0.011476
335.44	0.30515	1363.5	0.00073343	40.358	40.392	185.13	112.90	163.60	564.47	-0.19799	0.00027707	0.066872	0.010903	18.433	0.054252	61.506	64.038	255.62	104.69	118.06	129.57	28.353	1.2017e-05	0.011524
336.15	0.31126	1361.5	0.00073451	40.473	40.507	185.47	112.99	163.77	561.90	-0.19496	0.00027502	0.066705	0.010825	18.788	0.053226	61.567	64.101	255.66	104.86	118.31	129.54	28.213	1.2041e-05	0.011572
336.84	0.31736	1359.5	0.00073558	40.586	40.621	185.81	113.09	163.93	559.37	-0.19194	0.00027303	0.066541	0.010748	19.143	0.052238	61.627	64.163	255.70	105.02	118.56	129.51	28.077	1.2064e-05	0.011619
337.52	0.32346	1357.5	0.00073664	40.697	40.733	186.14	113.18	164.09	556.88	-0.18893	0.00027108	0.066380	0.010672	19.499	0.051286	61.686	64.223	255.74	105.18	118.80	129.48	27.945	1.2088e-05	0.011666
338.20	0.32957	1355.6	0.00073769	40.807	40.844	186.47	113.27	164.26	554.42	-0.18592	0.00026917	0.066222	0.010598	19.854	0.050368	61.745	64.283	255.77	105.33	119.04	129.45	27.816	1.2110e-05	0.011712
338.86	0.33567	1353.7	0.00073874	40.915	40.953	186.79	113.36	164.42	552.00	-0.18293	0.00026731	0.066066	0.010525	20.210	0.049482	61.802	64.342	255.81	105.49	119.28	129.42	27.690	1.2133e-05	0.011758
339.51	0.34177	1351.8	0.00073977	41.023	41.061	187.10	113.45	164.57	549.61	-0.17994	0.00026548	0.065913	0.010452	20.565	0.048626	61.859	64.400	255.84	105.64	119.52	129.39	27.568	1.2155e-05	0.011804
340.16	0.34787	1349.9	0.00074080	41.128	41.168	187.41	113.54	164.73	547.25	-0.17695	0.00026369	0.065762	0.010381	20.921	0.047799	61.914	64.457	255.88	105.79	119.76	129.35	27.449	1.2177e-05	0.011849
340.80	0.35398	1348.0	0.00074181	41.233	41.273	187.72	113.63	164.89	544.93	-0.17398	0.00026195	0.065613	0.010311	21.276	0.047000	61.969	64.514	255.92	105.94	119.99	129.32	27.333	1.2199e-05	0.011893
341.43	0.36008	1346.2	0.00074282	41.336	41.377	188.02	113.72	165.05	542.64	-0.17100	0.00026023	0.065467	0.010242	21.632	0.046227	62.024	64.569	255.95	106.09	120.22	129.28	27.220	1.2220e-05	0.011937
342.05	0.36618	1344.4	0.00074382	41.438	41.480	188.32	113.80	165.20	540.38	-0.16803	0.00025856	0.065323	0.010174	21.988	0.045479	62.077	64.624	255.99	106.23	120.46	129.24	27.109	1.2241e-05	0.011981
342.66	0.37229	1342.6	0.00074482	41.539	41.581	188.62	113.89	165.35	538.15	-0.16507	0.00025691	0.065181	0.010107	22.344	0.044754	62.130	64.678	256.02	106.38	120.69	129.21	27.001	1.2262e-05	0.012024
343.27	0.37839	1340.8	0.00074580	41.638	41.681	188.91	113.97	165.51	535.94	-0.16211	0.00025530	0.065041	0.010041	22.700	0.044052	62.182	64.731	256.06	106.52	120.91	129.17	26.896	1.2283e-05	0.012067
343.86	0.38449	1339.1	0.00074678	41.737	41.781	189.19	114.05	165.66	533.77	-0.15915	0.00025372	0.064904	0.0099752	23.057	0.043371	62.234	64.784	256.09	106.66	121.14	129.13	26.793	1.2303e-05	0.012110
344.46	0.39060	1337.3	0.00074776	41.834	41.879	189.48	114.13	165.81	531.61	-0.15619	0.00025216	0.064768	0.0099107	23.413	0.042711	62.284	64.836	256.12	106.80	121.36	129.08	26.693	1.2324e-05	0.012152
345.04	0.39670	1335.6	0.00074872	41.930	41.976	189.76	114.22	165.96	529.49	-0.15324	0.00025064	0.064634	0.0098470	23.770	0.042070	62.335	64.887	256.16	106.93	121.59	129.04	26.594	1.2344e-05	0.012194
345.62	0.40280	1333.9	0.00074968	42.026	42.072	190.03	114.30	166.11	527.39	-0.15029	0.00024915	0.064502	0.0097841	24.126	0.041448	62.384	64.938	256.19	107.07	121.81	129.00	26.498	1.2364e-05	0.012236
346.19	0.40890	1332.2	0.00075064	42.120	42.167	190.31	114.37	166.26	525.32	-0.14734	0.00024768	0.064371	0.0097220	24.483	0.040844	62.433	64.988	256.23	107.20	122.03	128.95	26.405	1.2383e-05	0.012277
346.75	0.41501	1330.5	0.00075158	42.213	42.261	190.58	114.45	166.41	523.26	-0.14440	0.00024624	0.064243	0.0096607	24.840	0.040257	62.482	65.037	256.26	107.33	122.25	128.91	26.313	1.2403e-05	0.012318
347.31	0.42111	1328.9	0.00075252	42.306	42.354	190.84	114.53	166.56	521.24	-0.14145	0.00024482	0.064116	0.0096002	25.197	0.039687	62.530	65.085	256.29	107.46	122.47	128.86	26.223	1.2422e-05	0.012359
347.86	0.42721	1327.2	0.00075346	42.397	42.446	191.10	114.61	166.71	519.23	-0.13851	0.00024343	0.063991	0.0095403	25.555	0.039132	62.577	65.134	256.32	107.59	122.68	128.81	26.135	1.2441e-05	0.012399
348.41	0.43332	1325.6	0.00075439	42.488	42.538	191.36	114.68	166.85	517.25	-0.13556	0.00024206	0.063867	0.0094812	25.912	0.038592	62.624	65.181	256.36	107.72	122.90	128.77	26.049	1.2460e-05	0.012439
348.95	0.43942	1324.0	0.00075531	42.577	42.628	191.62	114.76	167.00	515.28	-0.13262	0.00024071	0.063745	0.0094228	26.270	0.038066	62.670	65.228	256.39	107.85	123.11	128.72	25.965	1.2479e-05	0.012479
349.48	0.44552	1322.3	0.00075623	42.666	42.717	191.88	114.83	167.14	513.34	-0.12968	0.00023939	0.063624	0.0093651	26.628	0.037555	62.716	65.275	256.42	107.97	123.33	128.67	25.883	1.2497e-05	0.012519
350.01	0.45163	1320.8	0.00075715	42.754	42.806	192.13	114.91	167.29	511.42	-0.12673	0.00023809	0.063505	0.0093080	26.986	0.037056	62.761	65.320	256.45	108.10	123.54	128.62	25.802	1.2515e-05	0.012558
350.54	0.45773	1319.2	0.00075805	42.841	42.894	192.38	114.98	167.43	509.52	-0.12379	0.00023681	0.063387	0.0092515	27.344	0.036571	62.806	65.366	256.48	108.22	123.75	128.57	25.723	1.2534e-05	0.012597
351.06	0.46383	1317.6	0.00075896	42.927	42.981	192.62	115.05	167.58	507.63	-0.12084	0.00023555	0.063270	0.0091957	27.703	0.036098	62.850	65.411	256.51	108.34	123.96	128.51	25.645	1.2552e-05	0.012636
351.57	0.46993	1316.0	0.00075986	43.013	43.067	192.87	115.13	167.72	505.77	-0.11790	0.00023431	0.063155	0.0091405	28.061	0.035636	62.894	65.455	256.54	108.47	124.17	128.46	25.569	1.2570e-05	0.012675
352.08	0.47604	1314.5	0.00076075	43.097	43.153	193.11	115.20	167.86	503.92	-0.11495	0.00023309	0.063042	0.0090859	28.420	0.035186	62.937	65.499	256.58	108.59	124.38	128.41	25.495	1.2587e-05	0.012713
352.58	0.48214	1313.0	0.00076164	43.181	43.237	193.35	115.27	168.01	502.10	-0.11200	0.00023189	0.062929	0.0090319	28.779	0.034747	62.980	65.542	256.61	108.70	124.59	128.36	25.422	1.2605e-05	0.012751
353.08	0.48824	1311.4	0.00076253	43.264	43.321	193.58	115.34	168.15	500.29	-0.10906	0.00023070	0.062818	0.0089785	29.139	0.034319	63.023	65.585	256.64	108.82	124.79	128.30	25.350	1.2623e-05	0.012789
353.58	0.49435	1309.9	0.00076341	43.347	43.405	193.81	115.41	168.29	498.49	-0.10610	0.00022954	0.062708	0.0089256	29.498	0.033900	63.065	65.628	256.67	108.94	125.00	128.25	25.280	1.2640e-05	0.012827
354.07	0.50045	1308.4	0.00076429	43.429	43.487	194.05	115.48	168.43	496.72	-0.10315	0.00022839	0.062599	0.0088733	29.858	0.033492	63.106	65.670	256.70	109.05	125.20	128.19	25.211	1.2657e-05	0.012865
354.55	0.50655	1306.9	0.00076516	43.510	43.569	194.28	115.54	168.57	494.96	-0.10019	0.00022726	0.062492	0.0088215	30.218	0.033093	63.147	65.711	256.73	109.17	125.41	128.14	25.144	1.2674e-05	0.012902
355.03	0.51266	1305.4	0.00076603	43.590	43.650	194.50	115.61	168.71	493.21	-0.097236	0.00022614	0.062385	0.0087702	30.578	0.032703	63.188	65.752	256.76	109.28	125.61	128.08	25.078	1.2691e-05	0.012939
355.51	0.51876	1304.0	0.00076689	43.670	43.731	194.73	115.68	168.85	491.48	-0.094275	0.00022504	0.062280	0.0087194	30.939	0.032322	63.229	65.793	256.78	109.39	125.82	128.02	25.012	1.2708e-05	0.012976
355.98	0.52486	1302.5	0.00076775	43.749	43.811	194.95	115.75	168.99	489.77	-0.091311	0.00022395	0.062175	0.0086692	31.300	0.031949	63.269	65.833	256.81	109.51	126.02	127.97	24.949	1.2725e-05	0.013013
356.45	0.53096	1301.0	0.00076861	43.828	43.890	195.17	115.81	169.13	488.07	-0.088344	0.00022288	0.062072	0.0086194	31.661	0.031585	63.308	65.873	256.84	109.62	126.22	127.91	24.886	1.2742e-05	0.013049
356.91	0.53707	1299.6	0.00076946	43.905	43.969	195.39	115.88	169.27	486.39	-0.085374	0.00022183	0.061970	0.0085701	32.022	0.031228	63.348	65.913	256.87	109.73	126.42	127.85	24.824	1.2758e-05	0.013086
357.38	0.54317	1298.2	0.00077032	43.983	44.047	195.61	115.94	169.41	484.72	-0.082401	0.00022079	0.061869	0.0085213	32.384	0.030880	63.387	65.952	256.90	109.84	126.62	127.79	24.764	1.2775e-05	0.013122
357.83	0.54927	1296.7	0.00077116	44.059	44.124	195.82	116.01	169.55	483.06	-0.079423	0.00021976	0.061769	0.0084730	32.746	0.030539	63.425	65.990	256.93	109.94	126.82	127.73	24.705	1.2791e-05	0.013158
358.28	0.55538	1295.3	0.00077201	44.136	44.201	196.03	116.07	169.69	481.42	-0.076442	0.00021875	0.061669	0.0084251	33.108	0.030205	63.463	66.029	256.96	110.05	127.02	127.67	24.646	1.2807e-05	0.013194
358.73	0.56148	1293.9	0.00077285	44.211	44.277	196.24	116.14	169.83	479.79	-0.073458	0.00021775	0.061571	0.0083776	33.470	0.029878	63.501	66.067	256.98	110.16	127.22	127.61	24.589	1.2824e-05	0.013230
359.18	0.56758	1292.5	0.00077368	44.286	44.353	196.45	116.20	169.97	478.18	-0.070469	0.00021676	0.061474	0.0083306	33.833	0.029557	63.539	66.104	257.01	110.26	127.42	127.55	24.533	1.2840e-05	0.013265
359.62	0.57369	1291.1	0.00077452	44.360	44.428	196.66	116.26	170.11	476.58	-0.067475	0.00021579	0.061377	0.0082840	34.196	0.029244	63.576	66.142	257.04	110.37	127.61	127.49	24.478	1.2856e-05	0.013301
360.06	0.57979	1289.7	0.00077535	44.434	44.503	196.86	116.33	170.24	474.99	-0.064478	0.00021483	0.061282	0.0082378	34.559	0.028936	63.613	66.179	257.06	110.47	127.81	127.43	24.423	1.2872e-05	0.013336
360.49	0.58589	1288.4	0.00077618	44.508	44.577	197.07	116.39	170.38	473.41	-0.061475	0.00021388	0.061187	0.0081921	34.922	0.028635	63.649	66.215	257.09	110.58	128.01	127.36	24.370	1.2887e-05	0.013371
360.93	0.59199	1287.0	0.00077700	44.580	44.651	197.27	116.45	170.52	471.85	-0.058468	0.00021294	0.061093	0.0081467	35.286	0.028340	63.686	66.251	257.12	110.68	128.20	127.30	24.317	1.2903e-05	0.013406
361.35	0.59810	1285.6	0.00077782	44.653	44.724	197.47	116.51	170.66	470.29	-0.055456	0.00021202	0.061001	0.0081018	35.650	0.028050	63.722	66.287	257.15	110.78	128.40	127.24	24.266	1.2919e-05	0.013441
361.78	0.60420	1284.3	0.00077864	44.725	44.796	197.67	116.57	170.79	468.75	-0.052439	0.00021110	0.060908	0.0080572	36.015	0.027766	63.757	66.323	257.17	110.88	128.59	127.18	24.215	1.2934e-05	0.013476
362.20	0.61030	1282.9	0.00077946	44.796	44.869	197.87	116.63	170.93	467.22	-0.049417	0.00021020	0.060817	0.0080130	36.379	0.027488	63.793	66.358	257.20	110.98	128.79	127.11	24.165	1.2950e-05	0.013510
362.62	0.61641	1281.6	0.00078027	44.867	44.940	198.06	116.69	171.07	465.71	-0.046389	0.00020930	0.060727	0.0079692	36.744	0.027215	63.828	66.393	257.22	111.08	128.98	127.05	24.116	1.2965e-05	0.013545
363.03	0.62251	1280.3	0.00078108	44.937	45.011	198.26	116.75	171.20	464.20	-0.043356	0.00020842	0.060637	0.0079257	37.110	0.026947	63.862	66.428	257.25	111.18	129.18	126.98	24.068	1.2981e-05	0.013579
363.45	0.62861	1278.9	0.00078189	45.007	45.082	198.45	116.81	171.34	462.70	-0.040317	0.00020755	0.060548	0.0078827	37.475	0.026684	63.897	66.462	257.28	111.28	129.37	126.92	24.021	1.2996e-05	0.013613
363.86	0.63472	1277.6	0.00078270	45.076	45.152	198.64	116.87	171.48	461.22	-0.037273	0.00020669	0.060460	0.0078399	37.841	0.026426	63.931	66.496	257.30	111.38	129.56	126.85	23.974	1.3011e-05	0.013647
364.26	0.64082	1276.3	0.00078350	45.145	45.222	198.83	116.93	171.61	459.74	-0.034222	0.00020584	0.060372	0.0077976	38.208	0.026173	63.965	66.530	257.33	111.47	129.76	126.79	23.928	1.3026e-05	0.013681
364.67	0.64692	1275.0	0.00078430	45.214	45.291	199.02	116.99	171.75	458.28	-0.031166	0.00020499	0.060285	0.0077555	38.574	0.025924	63.999	66.563	257.35	111.57	129.95	126.72	23.883	1.3041e-05	0.013715
365.07	0.65302	1273.7	0.00078510	45.282	45.360	199.21	117.05	171.89	456.83	-0.028103	0.00020416	0.060199	0.0077138	38.941	0.025680	64.032	66.597	257.38	111.67	130.14	126.66	23.838	1.3056e-05	0.013749
365.47	0.65913	1272.4	0.00078590	45.350	45.429	199.39	117.11	172.02	455.38	-0.025034	0.00020334	0.060114	0.0076725	39.309	0.025440	64.065	66.630	257.40	111.76	130.33	126.59	23.795	1.3071e-05	0.013783
365.86	0.66523	1271.1	0.00078669	45.417	45.497	199.57	117.16	172.16	453.95	-0.021958	0.00020252	0.060029	0.0076315	39.676	0.025204	64.098	66.662	257.43	111.86	130.52	126.52	23.752	1.3086e-05	0.013816
366.25	0.67133	1269.9	0.00078749	45.484	45.564	199.76	117.22	172.29	452.52	-0.018876	0.00020172	0.059945	0.0075907	40.044	0.024972	64.131	66.695	257.45	111.95	130.72	126.45	23.709	1.3101e-05	0.013850
366.64	0.67744	1268.6	0.00078828	45.550	45.632	199.94	117.28	172.43	451.11	-0.015787	0.00020092	0.059862	0.0075504	40.413	0.024745	64.163	66.727	257.47	112.04	130.91	126.39	23.668	1.3116e-05	0.013883
367.03	0.68354	1267.3	0.00078907	45.616	45.699	200.12	117.33	172.57	449.70	-0.012692	0.00020013	0.059779	0.0075103	40.781	0.024521	64.195	66.758	257.50	112.14	131.10	126.32	23.627	1.3131e-05	0.013916
367.42	0.68964	1266.1	0.00078985	45.682	45.765	200.30	117.39	172.70	448.30	-0.0095891	0.00019935	0.059697	0.0074705	41.150	0.024301	64.227	66.790	257.52	112.23	131.29	126.25	23.586	1.3145e-05	0.013949
367.80	0.69575	1264.8	0.00079064	45.747	45.831	200.48	117.45	172.84	446.92	-0.0064793	0.00019858	0.059615	0.0074310	41.520	0.024085	64.259	66.821	257.55	112.32	131.48	126.18	23.547	1.3160e-05	0.013982
368.18	0.70185	1263.6	0.00079142	45.812	45.897	200.65	117.50	172.97	445.54	-0.0033622	0.00019782	0.059534	0.0073919	41.889	0.023872	64.290	66.852	257.57	112.41	131.67	126.11	23.508	1.3175e-05	0.014015
368.55	0.70795	1262.3	0.00079220	45.876	45.962	200.83	117.56	173.11	444.17	-0.00023784	0.00019706	0.059454	0.0073530	42.259	0.023663	64.321	66.883	257.59	112.50	131.86	126.04	23.469	1.3189e-05	0.014048
368.93	0.71405	1261.1	0.00079298	45.940	46.027	201.00	117.61	173.25	442.81	0.0028940	0.00019632	0.059374	0.0073144	42.630	0.023458	64.352	66.914	257.62	112.59	132.05	125.97	23.431	1.3204e-05	0.014081
369.30	0.72016	1259.8	0.00079375	46.004	46.091	201.17	117.67	173.38	441.45	0.0060335	0.00019558	0.059295	0.0072761	43.001	0.023255	64.383	66.944	257.64	112.68	132.24	125.90	23.394	1.3218e-05	0.014113
369.67	0.72626	1258.6	0.00079453	46.067	46.156	201.35	117.72	173.52	440.11	0.0091807	0.00019484	0.059217	0.0072380	43.372	0.023056	64.413	66.974	257.66	112.77	132.43	125.83	23.357	1.3232e-05	0.014146
370.04	0.73236	1257.4	0.00079530	46.130	46.219	201.52	117.78	173.66	438.77	0.012336	0.00019412	0.059139	0.0072003	43.743	0.022861	64.444	67.004	257.69	112.86	132.62	125.76	23.321	1.3247e-05	0.014179
370.41	0.73847	1256.2	0.00079607	46.193	46.283	201.69	117.83	173.79	437.44	0.015499	0.00019340	0.059061	0.0071628	44.115	0.022668	64.474	67.034	257.71	112.95	132.81	125.69	23.286	1.3261e-05	0.014211
370.77	0.74457	1255.0	0.00079684	46.255	46.346	201.85	117.88	173.93	436.12	0.018670	0.00019269	0.058985	0.0071256	44.488	0.022478	64.504	67.063	257.73	113.04	133.00	125.62	23.250	1.3275e-05	0.014243
371.13	0.75067	1253.7	0.00079761	46.317	46.409	202.02	117.94	174.06	434.81	0.021849	0.00019199	0.058908	0.0070886	44.860	0.022291	64.533	67.092	257.75	113.12	133.19	125.55	23.216	1.3290e-05	0.014276
371.49	0.75678	1252.5	0.00079838	46.379	46.471	202.19	117.99	174.20	433.51	0.025036	0.00019129	0.058832	0.0070519	45.233	0.022108	64.563	67.121	257.78	113.21	133.38	125.48	23.182	1.3304e-05	0.014308
371.85	0.76288	1251.3	0.00079914	46.440	46.533	202.35	118.04	174.34	432.21	0.028232	0.00019060	0.058757	0.0070155	45.607	0.021927	64.592	67.150	257.80	113.30	133.57	125.41	23.148	1.3318e-05	0.014340
372.20	0.76898	1250.1	0.00079991	46.501	46.595	202.52	118.09	174.47	430.92	0.031437	0.00018991	0.058682	0.0069793	45.981	0.021748	64.621	67.179	257.82	113.38	133.75	125.34	23.115	1.3332e-05	0.014372
372.55	0.77508	1249.0	0.00080067	46.562	46.657	202.68	118.15	174.61	429.64	0.034650	0.00018924	0.058608	0.0069434	46.355	0.021573	64.650	67.207	257.84	113.47	133.94	125.26	23.083	1.3346e-05	0.014404
372.90	0.78119	1247.8	0.00080143	46.622	46.718	202.84	118.20	174.75	428.36	0.037872	0.00018857	0.058534	0.0069077	46.729	0.021400	64.678	67.235	257.86	113.55	134.13	125.19	23.051	1.3360e-05	0.014436
373.25	0.78729	1246.6	0.00080219	46.682	46.779	203.00	118.25	174.88	427.10	0.041103	0.00018790	0.058461	0.0068723	47.104	0.021229	64.707	67.263	257.88	113.64	134.32	125.12	23.019	1.3374e-05	0.014468
373.60	0.79339	1245.4	0.00080295	46.742	46.839	203.16	118.30	175.02	425.83	0.044343	0.00018724	0.058388	0.0068370	47.480	0.021062	64.735	67.291	257.91	113.72	134.51	125.04	22.988	1.3388e-05	0.014499
373.94	0.79950	1244.2	0.00080370	46.801	46.900	203.32	118.35	175.16	424.58	0.047591	0.00018659	0.058316	0.0068021	47.856	0.020896	64.763	67.318	257.93	113.81	134.70	124.97	22.958	1.3402e-05	0.014531
374.28	0.80560	1243.1	0.00080446	46.860	46.960	203.48	118.41	175.29	423.33	0.050850	0.00018594	0.058244	0.0067673	48.232	0.020733	64.791	67.345	257.95	113.89	134.89	124.90	22.928	1.3416e-05	0.014563
374.63	0.81170	1241.9	0.00080521	46.919	47.019	203.64	118.46	175.43	422.09	0.054117	0.00018530	0.058173	0.0067328	48.609	0.020573	64.819	67.372	257.97	113.97	135.08	124.82	22.898	1.3430e-05	0.014594
374.96	0.81781	1240.7	0.00080596	46.978	47.079	203.80	118.51	175.57	420.86	0.057394	0.00018467	0.058102	0.0066985	48.986	0.020414	64.846	67.399	257.99	114.05	135.27	124.75	22.869	1.3444e-05	0.014626
375.30	0.82391	1239.6	0.00080672	47.036	47.138	203.95	118.56	175.71	419.63	0.060680	0.00018404	0.058031	0.0066645	49.363	0.020258	64.874	67.426	258.01	114.14	135.45	124.68	22.840	1.3458e-05	0.014658
375.64	0.83001	1238.4	0.00080747	47.094	47.196	204.11	118.61	175.84	418.41	0.063976	0.00018341	0.057961	0.0066306	49.741	0.020104	64.901	67.453	258.03	114.22	135.64	124.60	22.812	1.3471e-05	0.014689
375.97	0.83611	1237.3	0.00080822	47.152	47.255	204.26	118.66	175.98	417.20	0.067282	0.00018279	0.057891	0.0065970	50.119	0.019952	64.928	67.479	258.05	114.30	135.83	124.53	22.784	1.3485e-05	0.014720
376.30	0.84222	1236.2	0.00080896	47.209	47.313	204.41	118.71	176.12	415.99	0.070598	0.00018218	0.057822	0.0065636	50.498	0.019803	64.954	67.505	258.07	114.38	136.02	124.45	22.756	1.3499e-05	0.014752
376.63	0.84832	1235.0	0.00080971	47.266	47.371	204.56	118.76	176.26	414.79	0.073923	0.00018157	0.057753	0.0065304	50.877	0.019655	64.981	67.531	258.09	114.46	136.21	124.38	22.729	1.3513e-05	0.014783
376.96	0.85442	1233.9	0.00081046	47.323	47.429	204.71	118.81	176.40	413.60	0.077259	0.00018097	0.057685	0.0064974	51.257	0.019510	65.007	67.557	258.11	114.54	136.40	124.30	22.702	1.3526e-05	0.014814
377.28	0.86053	1232.7	0.00081120	47.380	47.486	204.87	118.86	176.53	412.41	0.080605	0.00018037	0.057617	0.0064647	51.637	0.019366	65.034	67.582	258.13	114.62	136.59	124.23	22.676	1.3540e-05	0.014845
377.61	0.86663	1231.6	0.00081194	47.436	47.544	205.01	118.91	176.67	411.22	0.083962	0.00017978	0.057549	0.0064321	52.017	0.019224	65.060	67.608	258.15	114.70	136.78	124.15	22.650	1.3554e-05	0.014876
377.93	0.87273	1230.5	0.00081269	47.492	47.600	205.16	118.96	176.81	410.05	0.087328	0.00017919	0.057482	0.0063997	52.398	0.019085	65.086	67.633	258.17	114.78	136.97	124.08	22.624	1.3567e-05	0.014907
378.25	0.87884	1229.4	0.00081343	47.548	47.657	205.31	119.00	176.95	408.87	0.090706	0.00017861	0.057415	0.0063675	52.779	0.018947	65.112	67.658	258.19	114.86	137.16	124.00	22.599	1.3581e-05	0.014939
378.57	0.88494	1228.2	0.00081417	47.603	47.714	205.46	119.05	177.09	407.71	0.094094	0.00017803	0.057349	0.0063356	53.161	0.018811	65.137	67.683	258.21	114.94	137.35	123.92	22.574	1.3595e-05	0.014969
378.89	0.89104	1227.1	0.00081491	47.659	47.770	205.60	119.10	177.23	406.55	0.097492	0.00017746	0.057283	0.0063038	53.543	0.018676	65.163	67.708	258.23	115.01	137.54	123.85	22.550	1.3608e-05	0.015000
379.20	0.89714	1226.0	0.00081565	47.714	47.826	205.75	119.15	177.37	405.39	0.10090	0.00017689	0.057217	0.0062722	53.926	0.018544	65.188	67.732	258.25	115.09	137.73	123.77	22.526	1.3622e-05	0.015031
379.52	0.90325	1224.9	0.00081639	47.769	47.881	205.89	119.20	177.51	404.25	0.10432	0.00017633	0.057152	0.0062408	54.309	0.018413	65.213	67.757	258.26	115.17	137.92	123.69	22.502	1.3636e-05	0.015062
379.83	0.90935	1223.8	0.00081712	47.823	47.937	206.04	119.25	177.65	403.10	0.10775	0.00017577	0.057087	0.0062096	54.693	0.018284	65.238	67.781	258.28	115.25	138.11	123.62	22.478	1.3649e-05	0.015093
380.14	0.91545	1222.7	0.00081786	47.877	47.992	206.18	119.29	177.79	401.97	0.11120	0.00017521	0.057022	0.0061785	55.077	0.018156	65.263	67.805	258.30	115.32	138.30	123.54	22.455	1.3663e-05	0.015124
380.45	0.92156	1221.6	0.00081859	47.932	48.047	206.32	119.34	177.93	400.83	0.11465	0.00017466	0.056958	0.0061477	55.461	0.018031	65.288	67.829	258.32	115.40	138.49	123.46	22.433	1.3676e-05	0.015155
380.76	0.92766	1220.5	0.00081933	47.985	48.102	206.47	119.39	178.07	399.71	0.11812	0.00017411	0.056894	0.0061170	55.846	0.017906	65.312	67.853	258.34	115.48	138.68	123.38	22.410	1.3690e-05	0.015185
381.07	0.93376	1219.4	0.00082006	48.039	48.156	206.61	119.44	178.21	398.58	0.12159	0.00017357	0.056831	0.0060865	56.232	0.017784	65.337	67.876	258.36	115.55	138.87	123.30	22.388	1.3703e-05	0.015216
381.37	0.93987	1218.3	0.00082080	48.092	48.210	206.75	119.48	178.35	397.47	0.12508	0.00017303	0.056768	0.0060562	56.618	0.017662	65.361	67.900	258.38	115.63	139.06	123.23	22.366	1.3717e-05	0.015247
381.68	0.94597	1217.2	0.00082153	48.146	48.264	206.89	119.53	178.49	396.36	0.12858	0.00017250	0.056705	0.0060261	57.004	0.017543	65.385	67.923	258.39	115.70	139.25	123.15	22.345	1.3730e-05	0.015277
381.98	0.95207	1216.2	0.00082226	48.199	48.318	207.03	119.58	178.63	395.25	0.13209	0.00017197	0.056642	0.0059961	57.391	0.017424	65.409	67.946	258.41	115.78	139.45	123.07	22.324	1.3744e-05	0.015308
382.28	0.95817	1215.1	0.00082299	48.251	48.372	207.16	119.62	178.77	394.15	0.13562	0.00017144	0.056580	0.0059664	57.778	0.017308	65.433	67.969	258.43	115.85	139.64	122.99	22.303	1.3757e-05	0.015338
382.58	0.96428	1214.0	0.00082372	48.304	48.425	207.30	119.67	178.92	393.05	0.13915	0.00017092	0.056518	0.0059367	58.166	0.017192	65.457	67.992	258.45	115.93	139.83	122.91	22.283	1.3771e-05	0.015369
382.88	0.97038	1212.9	0.00082445	48.356	48.478	207.44	119.72	179.06	391.96	0.14270	0.00017040	0.056457	0.0059073	58.554	0.017078	65.480	68.015	258.46	116.00	140.02	122.83	22.262	1.3784e-05	0.015399
383.17	0.97648	1211.9	0.00082518	48.408	48.531	207.58	119.76	179.20	390.87	0.14626	0.00016989	0.056396	0.0058780	58.943	0.016966	65.504	68.037	258.48	116.07	140.21	122.75	22.243	1.3798e-05	0.015430
383.47	0.98259	1210.8	0.00082591	48.460	48.584	207.71	119.81	179.34	389.79	0.14984	0.00016938	0.056335	0.0058489	59.332	0.016854	65.527	68.059	258.50	116.15	140.41	122.68	22.223	1.3811e-05	0.015460
383.76	0.98869	1209.7	0.00082664	48.512	48.637	207.85	119.85	179.49	388.71	0.15342	0.00016887	0.056274	0.0058199	59.722	0.016744	65.550	68.082	258.52	116.22	140.60	122.60	22.204	1.3825e-05	0.015491
384.05	0.99479	1208.7	0.00082737	48.563	48.689	207.98	119.90	179.63	387.64	0.15702	0.00016837	0.056214	0.0057911	60.112	0.016636	65.573	68.104	258.53	116.29	140.79	122.52	22.185	1.3838e-05	0.015521
384.35	1.0009	1207.6	0.00082809	48.615	48.741	208.11	119.95	179.77	386.57	0.16063	0.00016787	0.056154	0.0057625	60.503	0.016528	65.596	68.126	258.55	116.37	140.99	122.44	22.166	1.3851e-05	0.015551
384.64	1.0070	1206.5	0.00082882	48.666	48.793	208.25	119.99	179.92	385.51	0.16425	0.00016737	0.056094	0.0057340	60.894	0.016422	65.619	68.148	258.57	116.44	141.18	122.36	22.148	1.3865e-05	0.015582
384.92	1.0131	1205.5	0.00082955	48.716	48.845	208.38	120.04	180.06	384.45	0.16789	0.00016688	0.056035	0.0057056	61.286	0.016317	65.641	68.169	258.58	116.51	141.38	122.28	22.129	1.3878e-05	0.015612
385.21	1.0192	1204.4	0.00083027	48.767	48.897	208.51	120.08	180.21	383.39	0.17154	0.00016639	0.055976	0.0056775	61.678	0.016213	65.664	68.191	258.60	116.58	141.57	122.20	22.112	1.3892e-05	0.015642
385.50	1.0253	1203.4	0.00083100	48.818	48.948	208.64	120.13	180.35	382.34	0.17520	0.00016591	0.055917	0.0056494	62.071	0.016111	65.686	68.212	258.62	116.65	141.77	122.11	22.094	1.3905e-05	0.015673
385.78	1.0314	1202.3	0.00083172	48.868	48.999	208.77	120.17	180.50	381.29	0.17888	0.00016543	0.055859	0.0056216	62.464	0.016009	65.708	68.234	258.63	116.73	141.96	122.03	22.077	1.3919e-05	0.015703
386.07	1.0375	1201.3	0.00083245	48.918	49.050	208.90	120.22	180.64	380.25	0.18257	0.00016495	0.055800	0.0055938	62.858	0.015909	65.730	68.255	258.65	116.80	142.16	121.95	22.060	1.3932e-05	0.015733
386.35	1.0436	1200.2	0.00083317	48.968	49.101	209.03	120.26	180.79	379.21	0.18627	0.00016447	0.055742	0.0055663	63.252	0.015810	65.752	68.276	258.66	116.87	142.35	121.87	22.043	1.3945e-05	0.015763
386.63	1.0497	1199.2	0.00083389	49.018	49.152	209.16	120.31	180.93	378.18	0.18999	0.00016400	0.055685	0.0055388	63.647	0.015712	65.774	68.297	258.68	116.94	142.55	121.79	22.026	1.3959e-05	0.015794
386.91	1.0558	1198.2	0.00083462	49.067	49.202	209.29	120.35	181.08	377.15	0.19372	0.00016353	0.055627	0.0055115	64.042	0.015615	65.796	68.317	258.70	117.01	142.74	121.71	22.010	1.3972e-05	0.015824
387.19	1.0619	1197.1	0.00083534	49.117	49.252	209.42	120.40	181.23	376.13	0.19746	0.00016307	0.055570	0.0054844	64.438	0.015519	65.818	68.338	258.71	117.08	142.94	121.63	21.994	1.3986e-05	0.015854
387.46	1.0680	1196.1	0.00083606	49.166	49.302	209.55	120.44	181.37	375.11	0.20122	0.00016260	0.055513	0.0054574	64.835	0.015424	65.839	68.358	258.73	117.15	143.14	121.55	21.978	1.3999e-05	0.015884
387.74	1.0741	1195.1	0.00083678	49.215	49.352	209.67	120.48	181.52	374.09	0.20499	0.00016214	0.055457	0.0054305	65.231	0.015330	65.861	68.379	258.74	117.22	143.34	121.46	21.962	1.4013e-05	0.015914
388.02	1.0802	1194.0	0.00083750	49.264	49.402	209.80	120.53	181.67	373.07	0.20878	0.00016169	0.055400	0.0054038	65.629	0.015237	65.882	68.399	258.76	117.29	143.53	121.38	21.947	1.4026e-05	0.015944
388.29	1.0863	1193.0	0.00083823	49.312	49.452	209.92	120.57	181.82	372.07	0.21258	0.00016123	0.055344	0.0053772	66.027	0.015145	65.903	68.419	258.77	117.36	143.73	121.30	21.932	1.4040e-05	0.015975
388.56	1.0924	1192.0	0.00083895	49.361	49.501	210.05	120.62	181.97	371.06	0.21640	0.00016078	0.055288	0.0053507	66.425	0.015054	65.924	68.439	258.79	117.43	143.93	121.22	21.917	1.4053e-05	0.016005
388.83	1.0985	1190.9	0.00083967	49.409	49.550	210.17	120.66	182.12	370.06	0.22023	0.00016034	0.055233	0.0053244	66.825	0.014965	65.945	68.459	258.80	117.49	144.13	121.14	21.902	1.4066e-05	0.016035
389.11	1.1046	1189.9	0.00084039	49.457	49.599	210.30	120.70	182.26	369.06	0.22407	0.00015989	0.055178	0.0052982	67.224	0.014876	65.966	68.479	258.82	117.56	144.33	121.05	21.888	1.4080e-05	0.016065
389.37	1.1107	1188.9	0.00084111	49.505	49.648	210.42	120.75	182.41	368.07	0.22793	0.00015945	0.055122	0.0052722	67.624	0.014788	65.986	68.498	258.83	117.63	144.53	120.97	21.874	1.4093e-05	0.016095
389.64	1.1169	1187.9	0.00084183	49.553	49.697	210.55	120.79	182.56	367.08	0.23180	0.00015901	0.055068	0.0052463	68.025	0.014700	66.007	68.518	258.85	117.70	144.73	120.89	21.860	1.4107e-05	0.016125
389.91	1.1230	1186.9	0.00084255	49.601	49.745	210.67	120.83	182.71	366.09	0.23569	0.00015857	0.055013	0.0052205	68.426	0.014614	66.027	68.537	258.86	117.77	144.93	120.80	21.846	1.4120e-05	0.016155
390.18	1.1291	1185.9	0.00084327	49.648	49.794	210.79	120.88	182.87	365.11	0.23960	0.00015814	0.054959	0.0051948	68.828	0.014529	66.048	68.557	258.88	117.84	145.13	120.72	21.833	1.4134e-05	0.016185
390.44	1.1352	1184.8	0.00084399	49.695	49.842	210.91	120.92	183.02	364.13	0.24352	0.00015771	0.054904	0.0051693	69.230	0.014445	66.068	68.576	258.89	117.90	145.33	120.64	21.820	1.4147e-05	0.016215
390.71	1.1413	1183.8	0.00084471	49.743	49.890	211.03	120.96	183.17	363.15	0.24745	0.00015728	0.054851	0.0051439	69.633	0.014361	66.088	68.595	258.91	117.97	145.54	120.55	21.807	1.4161e-05	0.016245
390.97	1.1474	1182.8	0.00084543	49.790	49.938	211.15	121.00	183.32	362.18	0.25140	0.00015686	0.054797	0.0051186	70.037	0.014278	66.108	68.614	258.92	118.04	145.74	120.47	21.794	1.4174e-05	0.016275
391.23	1.1535	1181.8	0.00084615	49.836	49.986	211.27	121.05	183.47	361.21	0.25537	0.00015643	0.054743	0.0050934	70.441	0.014196	66.128	68.632	258.93	118.10	145.94	120.39	21.781	1.4188e-05	0.016305
391.49	1.1596	1180.8	0.00084687	49.883	50.033	211.39	121.09	183.63	360.25	0.25935	0.00015601	0.054690	0.0050684	70.846	0.014115	66.148	68.651	258.95	118.17	146.15	120.30	21.769	1.4202e-05	0.016336
391.75	1.1657	1179.8	0.00084759	49.930	50.081	211.51	121.13	183.78	359.28	0.26335	0.00015560	0.054637	0.0050434	71.251	0.014035	66.168	68.670	258.96	118.24	146.35	120.22	21.756	1.4215e-05	0.016366
392.01	1.1718	1178.8	0.00084831	49.976	50.128	211.63	121.17	183.93	358.33	0.26736	0.00015518	0.054584	0.0050186	71.657	0.013955	66.187	68.688	258.98	118.30	146.56	120.14	21.744	1.4229e-05	0.016396
392.27	1.1779	1177.8	0.00084903	50.022	50.175	211.75	121.22	184.09	357.37	0.27139	0.00015477	0.054532	0.0049940	72.063	0.013877	66.207	68.707	258.99	118.37	146.76	120.05	21.733	1.4242e-05	0.016426
392.52	1.1840	1176.8	0.00084974	50.068	50.222	211.87	121.26	184.24	356.42	0.27544	0.00015436	0.054479	0.0049694	72.470	0.013799	66.226	68.725	259.00	118.44	146.97	119.97	21.721	1.4256e-05	0.016456
392.78	1.1901	1175.8	0.00085046	50.114	50.269	211.98	121.30	184.40	355.47	0.27950	0.00015395	0.054427	0.0049450	72.878	0.013722	66.246	68.743	259.02	118.50	147.17	119.88	21.710	1.4269e-05	0.016486
393.04	1.1962	1174.8	0.00085118	50.160	50.316	212.10	121.34	184.55	354.53	0.28358	0.00015354	0.054375	0.0049206	73.286	0.013645	66.265	68.761	259.03	118.57	147.38	119.80	21.698	1.4283e-05	0.016516
393.29	1.2023	1173.8	0.00085190	50.206	50.362	212.22	121.38	184.71	353.58	0.28768	0.00015314	0.054324	0.0048964	73.694	0.013570	66.284	68.779	259.04	118.63	147.59	119.71	21.687	1.4297e-05	0.016546
393.54	1.2084	1172.9	0.00085262	50.251	50.409	212.33	121.43	184.86	352.65	0.29179	0.00015274	0.054272	0.0048723	74.104	0.013495	66.303	68.797	259.06	118.70	147.79	119.63	21.677	1.4310e-05	0.016576
393.79	1.2145	1171.9	0.00085334	50.296	50.455	212.45	121.47	185.02	351.71	0.29592	0.00015234	0.054221	0.0048483	74.514	0.013420	66.322	68.814	259.07	118.76	148.00	119.54	21.666	1.4324e-05	0.016606
394.05	1.2206	1170.9	0.00085406	50.342	50.501	212.56	121.51	185.18	350.78	0.30007	0.00015195	0.054170	0.0048245	74.924	0.013347	66.341	68.832	259.08	118.83	148.21	119.46	21.656	1.4338e-05	0.016636
394.30	1.2267	1169.9	0.00085478	50.387	50.547	212.68	121.55	185.34	349.85	0.30423	0.00015155	0.054119	0.0048007	75.335	0.013274	66.359	68.850	259.10	118.89	148.42	119.37	21.645	1.4351e-05	0.016666
394.55	1.2328	1168.9	0.00085550	50.432	50.593	212.79	121.59	185.49	348.92	0.30841	0.00015116	0.054068	0.0047770	75.747	0.013202	66.378	68.867	259.11	118.96	148.63	119.29	21.635	1.4365e-05	0.016696
394.79	1.2389	1167.9	0.00085622	50.476	50.639	212.91	121.63	185.65	348.00	0.31261	0.00015077	0.054018	0.0047535	76.160	0.013130	66.397	68.884	259.12	119.02	148.84	119.20	21.625	1.4379e-05	0.016726
395.04	1.2450	1166.9	0.00085694	50.521	50.684	213.02	121.68	185.81	347.08	0.31683	0.00015038	0.053967	0.0047301	76.573	0.013060	66.415	68.901	259.13	119.09	149.05	119.11	21.616	1.4393e-05	0.016756
395.29	1.2511	1166.0	0.00085766	50.566	50.730	213.13	121.72	185.97	346.16	0.32106	0.00015000	0.053917	0.0047067	76.986	0.012989	66.433	68.919	259.15	119.15	149.26	119.03	21.606	1.4406e-05	0.016787
395.53	1.2572	1165.0	0.00085838	50.610	50.775	213.25	121.76	186.13	345.25	0.32531	0.00014962	0.053867	0.0046835	77.400	0.012920	66.452	68.936	259.16	119.21	149.48	118.94	21.597	1.4420e-05	0.016817
395.78	1.2633	1164.0	0.00085910	50.654	50.820	213.36	121.80	186.29	344.34	0.32958	0.00014924	0.053818	0.0046604	77.815	0.012851	66.470	68.952	259.17	119.28	149.69	118.86	21.588	1.4434e-05	0.016847
396.02	1.2694	1163.0	0.00085982	50.698	50.865	213.47	121.84	186.45	343.43	0.33387	0.00014886	0.053768	0.0046374	78.231	0.012783	66.488	68.969	259.18	119.34	149.90	118.77	21.579	1.4448e-05	0.016877
396.26	1.2755	1162.1	0.00086054	50.742	50.910	213.58	121.88	186.62	342.53	0.33817	0.00014848	0.053719	0.0046145	78.647	0.012715	66.506	68.986	259.20	119.40	150.12	118.68	21.570	1.4462e-05	0.016907
396.51	1.2816	1161.1	0.00086126	50.786	50.955	213.69	121.92	186.78	341.62	0.34250	0.00014811	0.053670	0.0045917	79.063	0.012648	66.524	69.003	259.21	119.47	150.33	118.60	21.561	1.4475e-05	0.016937
396.75	1.2877	1160.1	0.00086198	50.830	51.000	213.80	121.96	186.94	340.72	0.34684	0.00014773	0.053621	0.0045690	79.481	0.012582	66.541	69.019	259.22	119.53	150.55	118.51	21.553	1.4489e-05	0.016967
396.99	1.2938	1159.2	0.00086270	50.874	51.044	213.91	122.00	187.10	339.83	0.35120	0.00014736	0.053572	0.0045464	79.899	0.012516	66.559	69.035	259.23	119.59	150.77	118.42	21.544	1.4503e-05	0.016998
397.23	1.2999	1158.2	0.00086342	50.917	51.089	214.02	122.04	187.27	338.93	0.35558	0.00014700	0.053523	0.0045239	80.317	0.012451	66.577	69.052	259.24	119.66	150.98	118.34	21.536	1.4517e-05	0.017028
397.47	1.3060	1157.2	0.00086414	50.961	51.133	214.13	122.08	187.43	338.04	0.35998	0.00014663	0.053475	0.0045015	80.737	0.012386	66.594	69.068	259.26	119.72	151.20	118.25	21.528	1.4531e-05	0.017058
397.70	1.3121	1156.3	0.00086486	51.004	51.177	214.24	122.13	187.60	337.15	0.36440	0.00014627	0.053426	0.0044792	81.157	0.012322	66.612	69.084	259.27	119.78	151.42	118.16	21.521	1.4545e-05	0.017088
397.94	1.3183	1155.3	0.00086558	51.047	51.221	214.35	122.17	187.76	336.27	0.36884	0.00014590	0.053378	0.0044570	81.577	0.012258	66.629	69.100	259.28	119.84	151.64	118.08	21.513	1.4559e-05	0.017119
398.18	1.3244	1154.3	0.00086631	51.090	51.265	214.46	122.21	187.93	335.39	0.37330	0.00014554	0.053330	0.0044349	81.999	0.012195	66.646	69.116	259.29	119.91	151.86	117.99	21.505	1.4573e-05	0.017149
398.41	1.3305	1153.4	0.00086703	51.133	51.309	214.57	122.25	188.10	334.51	0.37777	0.00014518	0.053283	0.0044129	82.421	0.012133	66.663	69.132	259.30	119.97	152.08	117.90	21.498	1.4587e-05	0.017179
398.65	1.3366	1152.4	0.00086775	51.176	51.353	214.67	122.29	188.26	333.63	0.38227	0.00014483	0.053235	0.0043910	82.843	0.012071	66.680	69.148	259.31	120.03	152.30	117.81	21.491	1.4601e-05	0.017209
398.88	1.3427	1151.4	0.00086847	51.218	51.397	214.78	122.33	188.43	332.75	0.38679	0.00014447	0.053188	0.0043691	83.266	0.012010	66.697	69.163	259.32	120.09	152.52	117.72	21.484	1.4615e-05	0.017240
399.12	1.3488	1150.5	0.00086920	51.261	51.440	214.89	122.37	188.60	331.88	0.39132	0.00014412	0.053140	0.0043474	83.690	0.011949	66.714	69.179	259.33	120.15	152.74	117.64	21.477	1.4629e-05	0.017270
399.35	1.3549	1149.5	0.00086992	51.303	51.483	215.00	122.41	188.77	331.01	0.39588	0.00014377	0.053093	0.0043258	84.115	0.011888	66.731	69.194	259.34	120.21	152.97	117.55	21.470	1.4643e-05	0.017300
399.58	1.3610	1148.6	0.00087065	51.345	51.527	215.10	122.45	188.94	330.15	0.40046	0.00014342	0.053046	0.0043043	84.540	0.011829	66.748	69.210	259.36	120.28	153.19	117.46	21.464	1.4657e-05	0.017331
399.81	1.3671	1147.6	0.00087137	51.388	51.570	215.21	122.49	189.11	329.28	0.40506	0.00014307	0.053000	0.0042828	84.966	0.011769	66.764	69.225	259.37	120.34	153.42	117.37	21.457	1.4672e-05	0.017361
400.04	1.3732	1146.7	0.00087209	51.430	51.613	215.31	122.53	189.28	328.42	0.40967	0.00014272	0.052953	0.0042615	85.393	0.011711	66.781	69.240	259.38	120.40	153.64	117.28	21.451	1.4686e-05	0.017392
400.27	1.3793	1145.7	0.00087282	51.472	51.656	215.42	122.57	189.45	327.56	0.41431	0.00014238	0.052907	0.0042402	85.820	0.011652	66.797	69.255	259.39	120.46	153.87	117.20	21.445	1.4700e-05	0.017422
400.50	1.3854	1144.8	0.00087355	51.514	51.699	215.52	122.61	189.62	326.70	0.41897	0.00014203	0.052860	0.0042190	86.248	0.011594	66.814	69.270	259.40	120.52	154.10	117.11	21.439	1.4714e-05	0.017452
400.72	1.3915	1143.8	0.00087427	51.555	51.741	215.63	122.65	189.79	325.85	0.42365	0.00014169	0.052814	0.0041980	86.677	0.011537	66.830	69.285	259.41	120.58	154.32	117.02	21.433	1.4729e-05	0.017483
400.95	1.3976	1142.9	0.00087500	51.597	51.784	215.73	122.69	189.97	325.00	0.42836	0.00014135	0.052768	0.0041770	87.106	0.011480	66.846	69.300	259.42	120.64	154.55	116.93	21.428	1.4743e-05	0.017513
401.18	1.4037	1141.9	0.00087572	51.638	51.826	215.84	122.73	190.14	324.15	0.43308	0.00014102	0.052723	0.0041561	87.536	0.011424	66.863	69.315	259.43	120.70	154.78	116.84	21.422	1.4757e-05	0.017544
401.40	1.4098	1141.0	0.00087645	51.680	51.869	215.94	122.76	190.32	323.30	0.43783	0.00014068	0.052677	0.0041353	87.967	0.011368	66.879	69.330	259.44	120.76	155.01	116.75	21.417	1.4772e-05	0.017575
401.63	1.4159	1140.0	0.00087718	51.721	51.911	216.04	122.80	190.49	322.45	0.44259	0.00014035	0.052631	0.0041145	88.399	0.011312	66.895	69.344	259.45	120.82	155.25	116.66	21.412	1.4786e-05	0.017605
401.85	1.4220	1139.1	0.00087791	51.762	51.953	216.15	122.84	190.67	321.61	0.44738	0.00014001	0.052586	0.0040939	88.831	0.011257	66.911	69.359	259.46	120.88	155.48	116.57	21.407	1.4800e-05	0.017636
402.08	1.4281	1138.1	0.00087864	51.803	51.995	216.25	122.88	190.84	320.77	0.45219	0.00013968	0.052541	0.0040733	89.264	0.011203	66.926	69.373	259.47	120.94	155.71	116.48	21.402	1.4815e-05	0.017666
402.30	1.4342	1137.2	0.00087937	51.844	52.037	216.35	122.92	191.02	319.93	0.45703	0.00013935	0.052496	0.0040529	89.698	0.011149	66.942	69.387	259.48	121.00	155.95	116.39	21.397	1.4829e-05	0.017697
402.52	1.4403	1136.2	0.00088010	51.885	52.079	216.45	122.96	191.20	319.10	0.46188	0.00013902	0.052451	0.0040325	90.132	0.011095	66.958	69.402	259.49	121.06	156.18	116.30	21.392	1.4844e-05	0.017728
402.74	1.4464	1135.3	0.00088083	51.926	52.121	216.55	123.00	191.38	318.26	0.46676	0.00013870	0.052406	0.0040122	90.567	0.011042	66.973	69.416	259.50	121.12	156.42	116.21	21.388	1.4858e-05	0.017758
402.96	1.4525	1134.4	0.00088156	51.967	52.163	216.66	123.04	191.56	317.43	0.47166	0.00013837	0.052362	0.0039920	91.003	0.010989	66.989	69.430	259.51	121.18	156.65	116.12	21.383	1.4873e-05	0.017789
403.18	1.4586	1133.4	0.00088229	52.007	52.204	216.76	123.08	191.74	316.60	0.47659	0.00013805	0.052317	0.0039718	91.440	0.010936	67.004	69.444	259.52	121.24	156.89	116.03	21.379	1.4888e-05	0.017820
403.40	1.4647	1132.5	0.00088302	52.048	52.246	216.86	123.12	191.92	315.78	0.48154	0.00013773	0.052273	0.0039518	91.877	0.010884	67.020	69.458	259.53	121.30	157.13	115.94	21.375	1.4902e-05	0.017851
403.62	1.4708	1131.5	0.00088375	52.088	52.287	216.96	123.16	192.10	314.95	0.48651	0.00013740	0.052229	0.0039318	92.315	0.010832	67.035	69.472	259.53	121.36	157.37	115.85	21.371	1.4917e-05	0.017882
403.84	1.4769	1130.6	0.00088449	52.128	52.328	217.06	123.20	192.28	314.13	0.49150	0.00013709	0.052184	0.0039119	92.754	0.010781	67.050	69.485	259.54	121.42	157.61	115.76	21.367	1.4932e-05	0.017913
404.05	1.4830	1129.7	0.00088522	52.169	52.369	217.16	123.23	192.46	313.31	0.49652	0.00013677	0.052141	0.0038921	93.194	0.010730	67.065	69.499	259.55	121.48	157.85	115.67	21.363	1.4946e-05	0.017943
404.27	1.4891	1128.7	0.00088595	52.209	52.411	217.26	123.27	192.65	312.49	0.50156	0.00013645	0.052097	0.0038724	93.634	0.010680	67.081	69.513	259.56	121.54	158.09	115.58	21.360	1.4961e-05	0.017974
404.49	1.4952	1127.8	0.00088669	52.249	52.452	217.36	123.31	192.83	311.68	0.50663	0.00013614	0.052053	0.0038527	94.075	0.010630	67.096	69.526	259.57	121.60	158.34	115.49	21.356	1.4976e-05	0.018005
404.70	1.5013	1126.9	0.00088742	52.289	52.492	217.46	123.35	193.02	310.86	0.51172	0.00013582	0.052010	0.0038332	94.517	0.010580	67.110	69.540	259.58	121.65	158.58	115.40	21.353	1.4991e-05	0.018036
404.92	1.5074	1125.9	0.00088816	52.328	52.533	217.55	123.39	193.20	310.05	0.51683	0.00013551	0.051966	0.0038137	94.960	0.010531	67.125	69.553	259.59	121.71	158.83	115.31	21.350	1.5006e-05	0.018067
405.13	1.5135	1125.0	0.00088890	52.368	52.574	217.65	123.43	193.39	309.24	0.52197	0.00013520	0.051923	0.0037943	95.403	0.010482	67.140	69.566	259.60	121.77	159.07	115.22	21.347	1.5020e-05	0.018098
405.34	1.5196	1124.1	0.00088963	52.408	52.615	217.75	123.47	193.58	308.44	0.52714	0.00013489	0.051880	0.0037749	95.847	0.010433	67.155	69.580	259.60	121.83	159.32	115.13	21.344	1.5035e-05	0.018130
405.56	1.5258	1123.1	0.00089037	52.447	52.655	217.85	123.51	193.77	307.63	0.53233	0.00013458	0.051837	0.0037557	96.292	0.010385	67.169	69.593	259.61	121.89	159.57	115.04	21.341	1.5050e-05	0.018161
405.77	1.5319	1122.2	0.00089111	52.487	52.696	217.95	123.54	193.96	306.83	0.53754	0.00013428	0.051794	0.0037365	96.738	0.010337	67.184	69.606	259.62	121.95	159.82	114.94	21.338	1.5065e-05	0.018192
405.98	1.5380	1121.3	0.00089185	52.526	52.736	218.04	123.58	194.14	306.03	0.54278	0.00013397	0.051751	0.0037174	97.185	0.010290	67.198	69.619	259.63	122.00	160.07	114.85	21.336	1.5080e-05	0.018223
406.19	1.5441	1120.3	0.00089259	52.565	52.776	218.14	123.62	194.34	305.23	0.54805	0.00013367	0.051709	0.0036984	97.632	0.010243	67.213	69.631	259.64	122.06	160.32	114.76	21.333	1.5096e-05	0.018254
406.40	1.5502	1119.4	0.00089333	52.605	52.816	218.24	123.66	194.53	304.43	0.55334	0.00013336	0.051666	0.0036794	98.080	0.010196	67.227	69.644	259.65	122.12	160.57	114.67	21.331	1.5111e-05	0.018286
406.61	1.5563	1118.5	0.00089407	52.644	52.856	218.33	123.70	194.72	303.63	0.55866	0.00013306	0.051624	0.0036605	98.529	0.010149	67.241	69.657	259.65	122.18	160.83	114.58	21.329	1.5126e-05	0.018317
406.82	1.5624	1117.5	0.00089482	52.683	52.896	218.43	123.74	194.91	302.84	0.56400	0.00013276	0.051582	0.0036417	98.979	0.010103	67.256	69.670	259.66	122.24	161.08	114.48	21.326	1.5141e-05	0.018348
407.03	1.5685	1116.6	0.00089556	52.722	52.936	218.53	123.78	195.11	302.05	0.56937	0.00013246	0.051540	0.0036230	99.429	0.010057	67.270	69.682	259.67	122.29	161.34	114.39	21.324	1.5156e-05	0.018380
407.23	1.5746	1115.7	0.00089630	52.760	52.976	218.62	123.81	195.30	301.26	0.57477	0.00013217	0.051498	0.0036043	99.881	0.010012	67.284	69.695	259.68	122.35	161.60	114.30	21.323	1.5172e-05	0.018411
407.44	1.5807	1114.8	0.00089705	52.799	53.016	218.72	123.85	195.50	300.47	0.58019	0.00013187	0.051456	0.0035857	100.33	0.0099668	67.298	69.707	259.68	122.41	161.86	114.21	21.321	1.5187e-05	0.018443
407.65	1.5868	1113.8	0.00089779	52.838	53.056	218.81	123.89	195.69	299.69	0.58564	0.00013157	0.051414	0.0035672	100.79	0.0099220	67.312	69.720	259.69	122.47	162.12	114.12	21.319	1.5202e-05	0.018474
407.85	1.5929	1112.9	0.00089854	52.876	53.095	218.91	123.93	195.89	298.90	0.59112	0.00013128	0.051373	0.0035488	101.24	0.0098775	67.326	69.732	259.70	122.52	162.38	114.02	21.318	1.5218e-05	0.018506
408.06	1.5990	1112.0	0.00089929	52.915	53.135	219.00	123.97	196.09	298.12	0.59662	0.00013099	0.051331	0.0035304	101.69	0.0098334	67.339	69.744	259.71	122.58	162.64	113.93	21.316	1.5233e-05	0.018538
408.26	1.6051	1111.1	0.00090004	52.953	53.174	219.10	124.00	196.29	297.34	0.60216	0.00013070	0.051290	0.0035121	102.15	0.0097895	67.353	69.756	259.71	122.64	162.90	113.84	21.315	1.5249e-05	0.018569
408.47	1.6112	1110.1	0.00090078	52.991	53.213	219.19	124.04	196.49	296.56	0.60772	0.00013040	0.051249	0.0034939	102.61	0.0097460	67.367	69.768	259.72	122.69	163.17	113.75	21.314	1.5264e-05	0.018601
408.67	1.6173	1109.2	0.00090153	53.030	53.253	219.29	124.08	196.69	295.79	0.61331	0.00013012	0.051208	0.0034757	103.06	0.0097028	67.380	69.780	259.73	122.75	163.43	113.65	21.313	1.5280e-05	0.018633
408.87	1.6234	1108.3	0.00090229	53.068	53.292	219.38	124.12	196.89	295.01	0.61893	0.00012983	0.051167	0.0034576	103.52	0.0096598	67.394	69.792	259.74	122.81	163.70	113.56	21.312	1.5295e-05	0.018665
409.07	1.6295	1107.4	0.00090304	53.106	53.331	219.47	124.16	197.09	294.24	0.62457	0.00012954	0.051126	0.0034396	103.98	0.0096172	67.407	69.804	259.74	122.87	163.97	113.47	21.311	1.5311e-05	0.018696
409.28	1.6356	1106.5	0.00090379	53.144	53.370	219.57	124.20	197.30	293.47	0.63025	0.00012925	0.051085	0.0034216	104.44	0.0095749	67.421	69.816	259.75	122.92	164.24	113.37	21.310	1.5327e-05	0.018728
409.48	1.6417	1105.5	0.00090454	53.182	53.409	219.66	124.23	197.50	292.70	0.63595	0.00012897	0.051044	0.0034037	104.90	0.0095328	67.434	69.827	259.76	122.98	164.51	113.28	21.310	1.5342e-05	0.018760
409.68	1.6478	1104.6	0.00090530	53.220	53.448	219.75	124.27	197.71	291.93	0.64168	0.00012869	0.051004	0.0033859	105.36	0.0094911	67.447	69.839	259.76	123.04	164.78	113.19	21.309	1.5358e-05	0.018792
409.88	1.6539	1103.7	0.00090605	53.257	53.487	219.85	124.31	197.91	291.16	0.64745	0.00012840	0.050963	0.0033682	105.82	0.0094496	67.460	69.850	259.77	123.09	165.05	113.09	21.309	1.5374e-05	0.018824
410.08	1.6600	1102.8	0.00090681	53.295	53.525	219.94	124.35	198.12	290.40	0.65324	0.00012812	0.050923	0.0033505	106.29	0.0094084	67.473	69.862	259.78	123.15	165.33	113.00	21.308	1.5390e-05	0.018857
410.28	1.6661	1101.8	0.00090757	53.333	53.564	220.03	124.38	198.33	289.64	0.65906	0.00012784	0.050883	0.0033329	106.75	0.0093675	67.486	69.873	259.78	123.20	165.60	112.90	21.308	1.5406e-05	0.018889
410.47	1.6722	1100.9	0.00090832	53.370	53.602	220.12	124.42	198.54	288.88	0.66492	0.00012756	0.050843	0.0033153	107.22	0.0093269	67.499	69.885	259.79	123.26	165.88	112.81	21.308	1.5422e-05	0.018921
410.67	1.6783	1100.0	0.00090908	53.408	53.641	220.21	124.46	198.75	288.12	0.67080	0.00012728	0.050803	0.0032978	107.68	0.0092866	67.512	69.896	259.79	123.32	166.16	112.72	21.308	1.5438e-05	0.018953
410.87	1.6844	1099.1	0.00090984	53.445	53.679	220.30	124.50	198.96	287.36	0.67671	0.00012701	0.050763	0.0032804	108.15	0.0092465	67.525	69.907	259.80	123.37	166.44	112.62	21.308	1.5454e-05	0.018985
411.07	1.6905	1098.2	0.00091060	53.482	53.718	220.40	124.54	199.17	286.61	0.68266	0.00012673	0.050723	0.0032630	108.62	0.0092067	67.538	69.918	259.81	123.43	166.72	112.53	21.309	1.5470e-05	0.019018
411.26	1.6966	1097.3	0.00091137	53.519	53.756	220.49	124.57	199.39	285.85	0.68863	0.00012646	0.050683	0.0032458	109.09	0.0091671	67.551	69.929	259.81	123.49	167.00	112.43	21.309	1.5486e-05	0.019050
411.46	1.7027	1096.3	0.00091213	53.557	53.794	220.58	124.61	199.60	285.10	0.69464	0.00012618	0.050644	0.0032285	109.56	0.0091278	67.563	69.940	259.82	123.54	167.29	112.34	21.309	1.5502e-05	0.019083
411.65	1.7088	1095.4	0.00091289	53.594	53.832	220.67	124.65	199.82	284.35	0.70068	0.00012591	0.050605	0.0032114	110.03	0.0090888	67.576	69.951	259.82	123.60	167.57	112.24	21.310	1.5519e-05	0.019115
411.85	1.7149	1094.5	0.00091366	53.631	53.870	220.76	124.69	200.03	283.60	0.70675	0.00012564	0.050565	0.0031943	110.50	0.0090500	67.588	69.962	259.83	123.65	167.86	112.15	21.311	1.5535e-05	0.019148
412.04	1.7210	1093.6	0.00091443	53.668	53.908	220.85	124.72	200.25	282.85	0.71286	0.00012537	0.050526	0.0031772	110.97	0.0090115	67.601	69.973	259.84	123.71	168.15	112.06	21.311	1.5551e-05	0.019181
412.24	1.7272	1092.7	0.00091519	53.704	53.946	220.94	124.76	200.47	282.11	0.71899	0.00012510	0.050487	0.0031603	111.44	0.0089733	67.613	69.983	259.84	123.76	168.44	111.96	21.312	1.5568e-05	0.019213
412.43	1.7333	1091.7	0.00091596	53.741	53.984	221.03	124.80	200.69	281.36	0.72516	0.00012483	0.050448	0.0031433	111.92	0.0089353	67.626	69.994	259.85	123.82	168.73	111.87	21.313	1.5584e-05	0.019246
412.62	1.7394	1090.8	0.00091673	53.778	54.022	221.12	124.84	200.91	280.62	0.73137	0.00012456	0.050409	0.0031265	112.39	0.0088975	67.638	70.005	259.85	123.88	169.03	111.77	21.314	1.5601e-05	0.019279
412.81	1.7455	1089.9	0.00091750	53.815	54.059	221.21	124.88	201.13	279.88	0.73760	0.00012429	0.050370	0.0031097	112.87	0.0088600	67.650	70.015	259.86	123.93	169.32	111.68	21.315	1.5617e-05	0.019312
413.00	1.7516	1089.0	0.00091827	53.851	54.097	221.30	124.91	201.35	279.14	0.74387	0.00012403	0.050331	0.0030930	113.34	0.0088227	67.662	70.025	259.86	123.99	169.62	111.58	21.316	1.5634e-05	0.019345
413.20	1.7577	1088.1	0.00091905	53.888	54.135	221.39	124.95	201.58	278.40	0.75018	0.00012376	0.050293	0.0030763	113.82	0.0087856	67.674	70.036	259.87	124.04	169.91	111.48	21.318	1.5650e-05	0.019378
413.39	1.7638	1087.2	0.00091982	53.924	54.172	221.47	124.99	201.80	277.66	0.75651	0.00012350	0.050254	0.0030597	114.30	0.0087488	67.686	70.046	259.87	124.10	170.21	111.39	21.319	1.5667e-05	0.019411
413.58	1.7699	1086.3	0.00092060	53.960	54.210	221.56	125.03	202.03	276.93	0.76289	0.00012323	0.050216	0.0030432	114.78	0.0087123	67.698	70.056	259.88	124.15	170.52	111.29	21.321	1.5684e-05	0.019444
413.77	1.7760	1085.3	0.00092137	53.997	54.247	221.65	125.06	202.26	276.20	0.76929	0.00012297	0.050178	0.0030267	115.26	0.0086759	67.710	70.066	259.88	124.21	170.82	111.20	21.322	1.5701e-05	0.019477
413.95	1.7821	1084.4	0.00092215	54.033	54.284	221.74	125.10	202.49	275.46	0.77573	0.00012271	0.050139	0.0030103	115.74	0.0086398	67.722	70.076	259.89	124.26	171.12	111.10	21.324	1.5717e-05	0.019510
414.14	1.7882	1083.5	0.00092293	54.069	54.322	221.83	125.14	202.72	274.73	0.78221	0.00012245	0.050101	0.0029939	116.23	0.0086039	67.734	70.086	259.89	124.32	171.43	111.01	21.326	1.5734e-05	0.019544
414.33	1.7943	1082.6	0.00092371	54.105	54.359	221.91	125.18	202.95	274.00	0.78872	0.00012219	0.050063	0.0029776	116.71	0.0085682	67.745	70.096	259.90	124.37	171.74	110.91	21.328	1.5751e-05	0.019577
414.52	1.8004	1081.7	0.00092449	54.141	54.396	222.00	125.21	203.18	273.28	0.79527	0.00012193	0.050025	0.0029613	117.19	0.0085328	67.757	70.106	259.90	124.43	172.05	110.81	21.330	1.5768e-05	0.019611
414.71	1.8065	1080.8	0.00092527	54.177	54.433	222.09	125.25	203.42	272.55	0.80186	0.00012167	0.049987	0.0029452	117.68	0.0084976	67.768	70.116	259.91	124.48	172.36	110.72	21.332	1.5785e-05	0.019644
414.89	1.8126	1079.8	0.00092606	54.213	54.470	222.18	125.29	203.65	271.83	0.80848	0.00012142	0.049950	0.0029290	118.17	0.0084626	67.780	70.126	259.91	124.54	172.67	110.62	21.334	1.5803e-05	0.019678
415.08	1.8187	1078.9	0.00092684	54.249	54.507	222.26	125.33	203.89	271.10	0.81514	0.00012116	0.049912	0.0029130	118.66	0.0084278	67.791	70.136	259.92	124.59	172.98	110.52	21.336	1.5820e-05	0.019711
415.26	1.8248	1078.0	0.00092763	54.285	54.544	222.35	125.36	204.12	270.38	0.82183	0.00012090	0.049875	0.0028969	119.14	0.0083932	67.803	70.145	259.92	124.65	173.30	110.43	21.339	1.5837e-05	0.019745
415.45	1.8309	1077.1	0.00092842	54.321	54.580	222.44	125.40	204.36	269.66	0.82857	0.00012065	0.049837	0.0028810	119.63	0.0083589	67.814	70.155	259.92	124.70	173.62	110.33	21.341	1.5854e-05	0.019779
415.63	1.8370	1076.2	0.00092921	54.356	54.617	222.52	125.44	204.60	268.94	0.83534	0.00012040	0.049800	0.0028651	120.12	0.0083247	67.825	70.164	259.93	124.76	173.94	110.23	21.344	1.5872e-05	0.019813
415.82	1.8431	1075.3	0.00093000	54.392	54.654	222.61	125.48	204.85	268.22	0.84215	0.00012014	0.049763	0.0028492	120.62	0.0082907	67.837	70.174	259.93	124.81	174.26	110.14	21.347	1.5889e-05	0.019847
416.00	1.8492	1074.4	0.00093079	54.427	54.691	222.69	125.51	205.09	267.51	0.84900	0.00011989	0.049725	0.0028335	121.11	0.0082570	67.848	70.183	259.94	124.87	174.59	110.04	21.349	1.5907e-05	0.019881
416.19	1.8553	1073.4	0.00093158	54.463	54.727	222.78	125.55	205.33	266.79	0.85588	0.00011964	0.049688	0.0028177	121.60	0.0082235	67.859	70.192	259.94	124.92	174.91	109.94	21.352	1.5924e-05	0.019915
416.37	1.8614	1072.5	0.00093238	54.498	54.764	222.87	125.59	205.58	266.08	0.86281	0.00011939	0.049651	0.0028020	122.10	0.0081901	67.870	70.201	259.94	124.98	175.24	109.85	21.355	1.5942e-05	0.019949
416.55	1.8675	1071.6	0.00093317	54.534	54.800	222.95	125.63	205.82	265.37	0.86977	0.00011914	0.049614	0.0027864	122.59	0.0081570	67.881	70.210	259.95	125.03	175.57	109.75	21.358	1.5960e-05	0.019983
416.73	1.8736	1070.7	0.00093397	54.569	54.836	223.04	125.66	206.07	264.66	0.87678	0.00011889	0.049578	0.0027709	123.09	0.0081240	67.892	70.220	259.95	125.09	175.90	109.65	21.361	1.5977e-05	0.020018
416.91	1.8797	1069.8	0.00093477	54.604	54.873	223.12	125.70	206.32	263.95	0.88382	0.00011864	0.049541	0.0027554	123.59	0.0080913	67.903	70.229	259.95	125.14	176.23	109.55	21.364	1.5995e-05	0.020052
417.10	1.8858	1068.9	0.00093557	54.639	54.909	223.21	125.74	206.57	263.24	0.89091	0.00011840	0.049504	0.0027399	124.09	0.0080587	67.913	70.238	259.96	125.19	176.57	109.46	21.368	1.6013e-05	0.020086
417.28	1.8919	1068.0	0.00093637	54.674	54.945	223.29	125.77	206.83	262.53	0.89804	0.00011815	0.049468	0.0027245	124.59	0.0080264	67.924	70.246	259.96	125.25	176.91	109.36	21.371	1.6031e-05	0.020121
417.46	1.8980	1067.0	0.00093718	54.709	54.981	223.38	125.81	207.08	261.82	0.90520	0.00011790	0.049431	0.0027092	125.09	0.0079942	67.935	70.255	259.96	125.30	177.25	109.26	21.374	1.6049e-05	0.020156
417.64	1.9041	1066.1	0.00093798	54.744	55.018	223.46	125.85	207.34	261.12	0.91241	0.00011766	0.049395	0.0026939	125.59	0.0079622	67.945	70.264	259.97	125.36	177.59	109.16	21.378	1.6067e-05	0.020190
417.82	1.9102	1065.2	0.00093879	54.779	55.054	223.54	125.89	207.59	260.42	0.91966	0.00011742	0.049359	0.0026786	126.10	0.0079304	67.956	70.273	259.97	125.41	177.93	109.07	21.382	1.6085e-05	0.020225
418.00	1.9163	1064.3	0.00093959	54.814	55.090	223.63	125.92	207.85	259.72	0.92696	0.00011717	0.049323	0.0026634	126.60	0.0078988	67.966	70.281	259.97	125.47	178.28	108.97	21.385	1.6103e-05	0.020260
418.17	1.9224	1063.4	0.00094040	54.849	55.126	223.71	125.96	208.11	259.01	0.93429	0.00011693	0.049287	0.0026483	127.11	0.0078673	67.977	70.290	259.98	125.52	178.62	108.87	21.389	1.6121e-05	0.020295
418.35	1.9285	1062.5	0.00094121	54.884	55.161	223.80	126.00	208.37	258.32	0.94167	0.00011669	0.049251	0.0026332	127.62	0.0078361	67.987	70.298	259.98	125.57	178.97	108.77	21.393	1.6140e-05	0.020330
418.53	1.9347	1061.5	0.00094203	54.919	55.197	223.88	126.04	208.63	257.62	0.94910	0.00011645	0.049215	0.0026182	128.12	0.0078050	67.998	70.307	259.98	125.63	179.33	108.67	21.397	1.6158e-05	0.020365
418.71	1.9408	1060.6	0.00094284	54.953	55.233	223.96	126.07	208.90	256.92	0.95656	0.00011621	0.049179	0.0026032	128.63	0.0077741	68.008	70.315	259.98	125.68	179.68	108.57	21.401	1.6177e-05	0.020400
418.88	1.9469	1059.7	0.00094366	54.988	55.269	224.05	126.11	209.16	256.23	0.96408	0.00011597	0.049143	0.0025883	129.14	0.0077434	68.018	70.323	259.99	125.74	180.04	108.48	21.405	1.6195e-05	0.020436
419.06	1.9530	1058.8	0.00094447	55.022	55.304	224.13	126.15	209.43	255.53	0.97163	0.00011573	0.049108	0.0025734	129.65	0.0077128	68.028	70.332	259.99	125.79	180.40	108.38	21.409	1.6214e-05	0.020471
419.24	1.9591	1057.9	0.00094529	55.057	55.340	224.21	126.19	209.70	254.84	0.97923	0.00011549	0.049072	0.0025586	130.17	0.0076824	68.038	70.340	259.99	125.84	180.76	108.28	21.413	1.6232e-05	0.020506
419.41	1.9652	1057.0	0.00094611	55.091	55.376	224.29	126.22	209.97	254.15	0.98688	0.00011525	0.049036	0.0025439	130.68	0.0076522	68.048	70.348	259.99	125.90	181.12	108.18	21.418	1.6251e-05	0.020542
419.59	1.9713	1056.0	0.00094693	55.126	55.411	224.38	126.26	210.24	253.45	0.99457	0.00011501	0.049001	0.0025291	131.20	0.0076222	68.058	70.356	260.00	125.95	181.49	108.08	21.422	1.6270e-05	0.020578
419.76	1.9774	1055.1	0.00094776	55.160	55.447	224.46	126.30	210.52	252.76	1.0023	0.00011478	0.048966	0.0025145	131.71	0.0075923	68.068	70.364	260.00	126.01	181.85	107.98	21.427	1.6289e-05	0.020613
419.94	1.9835	1054.2	0.00094858	55.194	55.482	224.54	126.34	210.79	252.08	1.0101	0.00011454	0.048931	0.0024999	132.23	0.0075626	68.078	70.372	260.00	126.06	182.22	107.88	21.431	1.6307e-05	0.020649
420.11	1.9896	1053.3	0.00094941	55.229	55.517	224.62	126.37	211.07	251.39	1.0179	0.00011431	0.048895	0.0024853	132.75	0.0075330	68.088	70.380	260.00	126.11	182.60	107.78	21.436	1.6326e-05	0.020685
420.28	1.9957	1052.4	0.00095024	55.263	55.553	224.71	126.41	211.35	250.70	1.0258	0.00011407	0.048860	0.0024708	133.27	0.0075036	68.097	70.388	260.00	126.17	182.97	107.68	21.441	1.6346e-05	0.020721
420.46	2.0018	1051.4	0.00095107	55.297	55.588	224.79	126.45	211.63	250.02	1.0337	0.00011384	0.048825	0.0024563	133.79	0.0074744	68.107	70.395	260.01	126.22	183.35	107.58	21.446	1.6365e-05	0.020757
420.63	2.0079	1050.5	0.00095190	55.331	55.623	224.87	126.49	211.91	249.33	1.0417	0.00011361	0.048791	0.0024419	134.31	0.0074453	68.117	70.403	260.01	126.27	183.73	107.48	21.451	1.6384e-05	0.020793
420.80	2.0140	1049.6	0.00095274	55.365	55.658	224.95	126.52	212.20	248.65	1.0497	0.00011337	0.048756	0.0024276	134.84	0.0074164	68.126	70.411	260.01	126.33	184.11	107.38	21.456	1.6403e-05	0.020830
420.97	2.0201	1048.7	0.00095357	55.399	55.694	225.03	126.56	212.49	247.97	1.0578	0.00011314	0.048721	0.0024132	135.36	0.0073877	68.136	70.418	260.01	126.38	184.50	107.28	21.461	1.6423e-05	0.020866
421.14	2.0262	1047.8	0.00095441	55.433	55.729	225.11	126.60	212.77	247.29	1.0659	0.00011291	0.048686	0.0023990	135.89	0.0073591	68.145	70.426	260.01	126.44	184.89	107.18	21.466	1.6442e-05	0.020902
421.32	2.0323	1046.8	0.00095525	55.467	55.764	225.19	126.64	213.06	246.61	1.0741	0.00011268	0.048652	0.0023848	136.41	0.0073306	68.155	70.433	260.01	126.49	185.28	107.08	21.471	1.6461e-05	0.020939
421.49	2.0384	1045.9	0.00095609	55.501	55.799	225.28	126.67	213.36	245.93	1.0823	0.00011245	0.048617	0.0023706	136.94	0.0073023	68.164	70.440	260.01	126.54	185.67	106.98	21.476	1.6481e-05	0.020976
421.66	2.0445	1045.0	0.00095693	55.534	55.834	225.36	126.71	213.65	245.25	1.0906	0.00011222	0.048583	0.0023565	137.47	0.0072742	68.173	70.448	260.02	126.60	186.07	106.88	21.482	1.6501e-05	0.021012
421.83	2.0506	1044.1	0.00095778	55.568	55.869	225.44	126.75	213.94	244.58	1.0989	0.00011199	0.048549	0.0023424	138.00	0.0072462	68.183	70.455	260.02	126.65	186.47	106.78	21.487	1.6520e-05	0.021049
422.00	2.0567	1043.2	0.00095863	55.602	55.903	225.52	126.79	214.24	243.90	1.1073	0.00011177	0.048514	0.0023284	138.54	0.0072184	68.192	70.462	260.02	126.70	186.87	106.68	21.493	1.6540e-05	0.021086
422.16	2.0628	1042.2	0.00095948	55.636	55.938	225.60	126.82	214.54	243.23	1.1158	0.00011154	0.048480	0.0023144	139.07	0.0071907	68.201	70.469	260.02	126.76	187.27	106.58	21.498	1.6560e-05	0.021123
422.33	2.0689	1041.3	0.00096033	55.669	55.973	225.68	126.86	214.84	242.56	1.1242	0.00011131	0.048446	0.0023005	139.60	0.0071631	68.210	70.476	260.02	126.81	187.68	106.48	21.504	1.6580e-05	0.021161
422.50	2.0750	1040.4	0.00096118	55.703	56.008	225.76	126.90	215.15	241.88	1.1328	0.00011109	0.048412	0.0022866	140.14	0.0071357	68.219	70.483	260.02	126.86	188.09	106.38	21.510	1.6600e-05	0.021198
422.67	2.0811	1039.5	0.00096203	55.736	56.042	225.84	126.94	215.45	241.21	1.1414	0.00011086	0.048378	0.0022728	140.68	0.0071084	68.228	70.490	260.02	126.92	188.50	106.28	21.515	1.6620e-05	0.021235
422.84	2.0872	1038.5	0.00096289	55.770	56.077	225.92	126.97	215.76	240.54	1.1500	0.00011063	0.048344	0.0022590	141.22	0.0070813	68.237	70.497	260.02	126.97	188.92	106.18	21.521	1.6640e-05	0.021273
423.00	2.0933	1037.6	0.00096375	55.803	56.112	226.00	127.01	216.07	239.87	1.1587	0.00011041	0.048311	0.0022452	141.76	0.0070543	68.245	70.504	260.02	127.02	189.34	106.08	21.527	1.6661e-05	0.021310
423.17	2.0994	1036.7	0.00096461	55.836	56.146	226.08	127.05	216.38	239.21	1.1675	0.00011019	0.048277	0.0022316	142.30	0.0070275	68.254	70.511	260.02	127.08	189.76	105.98	21.533	1.6681e-05	0.021348
423.34	2.1055	1035.8	0.00096547	55.870	56.181	226.16	127.09	216.69	238.54	1.1763	0.00010996	0.048243	0.0022179	142.84	0.0070008	68.263	70.517	260.02	127.13	190.18	105.88	21.539	1.6702e-05	0.021386
423.50	2.1116	1034.8	0.00096634	55.903	56.215	226.24	127.12	217.01	237.87	1.1852	0.00010974	0.048210	0.0022043	143.39	0.0069742	68.272	70.524	260.02	127.19	190.61	105.77	21.546	1.6722e-05	0.021424
423.67	2.1177	1033.9	0.00096720	55.936	56.250	226.32	127.16	217.33	237.21	1.1941	0.00010952	0.048176	0.0021908	143.93	0.0069478	68.280	70.530	260.02	127.24	191.04	105.67	21.552	1.6743e-05	0.021462
423.84	2.1238	1033.0	0.00096807	55.970	56.284	226.39	127.20	217.65	236.54	1.2031	0.00010930	0.048143	0.0021773	144.48	0.0069214	68.289	70.537	260.02	127.29	191.48	105.57	21.558	1.6763e-05	0.021500
424.00	2.1299	1032.1	0.00096894	56.003	56.318	226.47	127.24	217.97	235.88	1.2121	0.00010908	0.048110	0.0021638	145.03	0.0068953	68.297	70.543	260.02	127.35	191.91	105.47	21.565	1.6784e-05	0.021538
424.17	2.1361	1031.1	0.00096982	56.036	56.353	226.55	127.27	218.29	235.22	1.2212	0.00010885	0.048076	0.0021504	145.58	0.0068692	68.306	70.550	260.02	127.40	192.35	105.37	21.571	1.6805e-05	0.021577
424.33	2.1422	1030.2	0.00097069	56.069	56.387	226.63	127.31	218.62	234.56	1.2304	0.00010863	0.048043	0.0021370	146.13	0.0068433	68.314	70.556	260.02	127.45	192.80	105.27	21.578	1.6826e-05	0.021615
424.49	2.1483	1029.3	0.00097157	56.102	56.421	226.71	127.35	218.95	233.90	1.2396	0.00010842	0.048010	0.0021237	146.68	0.0068175	68.322	70.562	260.02	127.51	193.24	105.16	21.584	1.6847e-05	0.021654
424.66	2.1544	1028.3	0.00097245	56.135	56.455	226.79	127.39	219.28	233.24	1.2489	0.00010820	0.047977	0.0021104	147.23	0.0067919	68.331	70.568	260.02	127.56	193.69	105.06	21.591	1.6868e-05	0.021692
424.82	2.1605	1027.4	0.00097333	56.168	56.489	226.87	127.43	219.62	232.58	1.2583	0.00010798	0.047944	0.0020972	147.79	0.0067664	68.339	70.574	260.02	127.61	194.15	104.96	21.598	1.6890e-05	0.021731
424.98	2.1666	1026.5	0.00097422	56.201	56.524	226.94	127.46	219.95	231.92	1.2677	0.00010776	0.047911	0.0020840	148.35	0.0067410	68.347	70.580	260.02	127.67	194.61	104.86	21.604	1.6911e-05	0.021770
425.15	2.1727	1025.5	0.00097510	56.234	56.558	227.02	127.50	220.29	231.27	1.2771	0.00010754	0.047879	0.0020708	148.91	0.0067157	68.355	70.586	260.02	127.72	195.07	104.76	21.611	1.6932e-05	0.021809
425.31	2.1788	1024.6	0.00097599	56.266	56.592	227.10	127.54	220.63	230.61	1.2867	0.00010732	0.047846	0.0020577	149.47	0.0066905	68.363	70.592	260.02	127.77	195.53	104.65	21.618	1.6954e-05	0.021849
425.47	2.1849	1023.7	0.00097688	56.299	56.626	227.18	127.58	220.97	229.96	1.2963	0.00010711	0.047813	0.0020447	150.03	0.0066655	68.371	70.598	260.02	127.83	196.00	104.55	21.625	1.6975e-05	0.021888
425.63	2.1910	1022.7	0.00097778	56.332	56.660	227.26	127.62	221.32	229.30	1.3059	0.00010689	0.047781	0.0020317	150.59	0.0066406	68.379	70.604	260.02	127.88	196.47	104.45	21.632	1.6997e-05	0.021927
425.79	2.1971	1021.8	0.00097867	56.365	56.694	227.33	127.65	221.67	228.65	1.3157	0.00010668	0.047748	0.0020187	151.15	0.0066158	68.387	70.610	260.02	127.93	196.95	104.34	21.639	1.7019e-05	0.021967
425.95	2.2032	1020.9	0.00097957	56.397	56.727	227.41	127.69	222.02	228.00	1.3255	0.00010646	0.047716	0.0020058	151.72	0.0065911	68.395	70.615	260.01	127.99	197.42	104.24	21.647	1.7041e-05	0.022007
426.11	2.2093	1019.9	0.00098047	56.430	56.761	227.49	127.73	222.37	227.35	1.3353	0.00010625	0.047684	0.0019929	152.29	0.0065666	68.402	70.621	260.01	128.04	197.91	104.14	21.654	1.7063e-05	0.022047
426.27	2.2154	1019.0	0.00098137	56.463	56.795	227.56	127.77	222.73	226.70	1.3453	0.00010603	0.047652	0.0019800	152.86	0.0065421	68.410	70.626	260.01	128.09	198.39	104.04	21.661	1.7085e-05	0.022087
426.43	2.2215	1018.0	0.00098228	56.495	56.829	227.64	127.81	223.09	226.05	1.3552	0.00010582	0.047619	0.0019672	153.43	0.0065178	68.418	70.632	260.01	128.15	198.88	103.93	21.669	1.7107e-05	0.022127
426.59	2.2276	1017.1	0.00098319	56.528	56.863	227.72	127.84	223.45	225.40	1.3653	0.00010561	0.047587	0.0019545	154.00	0.0064936	68.425	70.637	260.01	128.20	199.38	103.83	21.676	1.7129e-05	0.022167
426.75	2.2337	1016.2	0.00098410	56.560	56.896	227.80	127.88	223.82	224.75	1.3754	0.00010539	0.047555	0.0019418	154.57	0.0064695	68.433	70.643	260.01	128.25	199.88	103.73	21.684	1.7152e-05	0.022207
426.91	2.2398	1015.2	0.00098501	56.593	56.930	227.87	127.92	224.18	224.11	1.3856	0.00010518	0.047523	0.0019291	155.15	0.0064455	68.440	70.648	260.01	128.31	200.38	103.62	21.691	1.7174e-05	0.022248
427.07	2.2459	1014.3	0.00098592	56.625	56.964	227.95	127.96	224.55	223.46	1.3959	0.00010497	0.047492	0.0019165	155.72	0.0064217	68.448	70.653	260.00	128.36	200.88	103.52	21.699	1.7197e-05	0.022288
427.23	2.2520	1013.3	0.00098684	56.657	56.997	228.03	128.00	224.93	222.82	1.4063	0.00010476	0.047460	0.0019039	156.30	0.0063979	68.455	70.658	260.00	128.41	201.39	103.42	21.706	1.7219e-05	0.022329
427.39	2.2581	1012.4	0.00098776	56.690	57.031	228.10	128.03	225.30	222.17	1.4167	0.00010455	0.047428	0.0018914	156.88	0.0063743	68.462	70.663	260.00	128.47	201.91	103.31	21.714	1.7242e-05	0.022370
427.54	2.2642	1011.4	0.00098868	56.722	57.064	228.18	128.07	225.68	221.53	1.4272	0.00010434	0.047396	0.0018789	157.46	0.0063507	68.469	70.668	260.00	128.52	202.43	103.21	21.722	1.7265e-05	0.022411
427.70	2.2703	1010.5	0.00098961	56.754	57.098	228.25	128.11	226.06	220.89	1.4377	0.00010413	0.047365	0.0018664	158.05	0.0063273	68.477	70.673	260.00	128.57	202.95	103.10	21.730	1.7288e-05	0.022453
427.86	2.2764	1009.6	0.00099054	56.787	57.131	228.33	128.15	226.45	220.24	1.4484	0.00010392	0.047333	0.0018540	158.63	0.0063040	68.484	70.678	259.99	128.63	203.48	103.00	21.738	1.7311e-05	0.022494
428.01	2.2825	1008.6	0.00099147	56.819	57.165	228.41	128.19	226.83	219.60	1.4591	0.00010371	0.047302	0.0018416	159.22	0.0062808	68.491	70.683	259.99	128.68	204.01	102.89	21.746	1.7334e-05	0.022535
428.17	2.2886	1007.7	0.00099240	56.851	57.198	228.48	128.23	227.23	218.96	1.4699	0.00010350	0.047271	0.0018293	159.80	0.0062576	68.498	70.688	259.99	128.73	204.55	102.79	21.754	1.7357e-05	0.022577
428.33	2.2947	1006.7	0.00099334	56.883	57.232	228.56	128.27	227.62	218.32	1.4808	0.00010329	0.047239	0.0018170	160.39	0.0062346	68.505	70.693	259.99	128.79	205.09	102.69	21.762	1.7381e-05	0.022619
428.48	2.3008	1005.8	0.00099428	56.915	57.265	228.63	128.30	228.02	217.68	1.4917	0.00010308	0.047208	0.0018047	160.99	0.0062117	68.512	70.697	259.98	128.84	205.63	102.58	21.770	1.7404e-05	0.022661
428.64	2.3069	1004.8	0.00099522	56.947	57.298	228.71	128.34	228.42	217.05	1.5027	0.00010287	0.047177	0.0017925	161.58	0.0061889	68.518	70.702	259.98	128.90	206.18	102.48	21.778	1.7428e-05	0.022703
428.79	2.3130	1003.8	0.00099617	56.979	57.332	228.78	128.38	228.82	216.41	1.5138	0.00010267	0.047146	0.0017804	162.17	0.0061662	68.525	70.706	259.98	128.95	206.74	102.37	21.787	1.7452e-05	0.022745
428.95	2.3191	1002.9	0.00099711	57.011	57.365	228.86	128.42	229.23	215.77	1.5250	0.00010246	0.047115	0.0017682	162.77	0.0061436	68.532	70.711	259.97	129.00	207.30	102.27	21.795	1.7475e-05	0.022788
429.10	2.3252	1001.9	0.00099806	57.043	57.398	228.94	128.46	229.64	215.14	1.5363	0.00010225	0.047084	0.0017561	163.37	0.0061211	68.539	70.715	259.97	129.06	207.86	102.16	21.803	1.7499e-05	0.022830
429.25	2.3313	1001.0	0.00099902	57.075	57.431	229.01	128.50	230.05	214.50	1.5476	0.00010205	0.047054	0.0017441	163.97	0.0060987	68.545	70.720	259.97	129.11	208.43	102.06	21.812	1.7523e-05	0.022873
429.41	2.3375	1000.0	0.00099997	57.107	57.465	229.09	128.54	230.47	213.87	1.5590	0.00010184	0.047023	0.0017321	164.57	0.0060764	68.552	70.724	259.96	129.16	209.01	101.95	21.820	1.7548e-05	0.022916
429.56	2.3436	999.07	0.0010009	57.139	57.498	229.16	128.57	230.89	213.24	1.5706	0.00010164	0.046992	0.0017201	165.17	0.0060542	68.558	70.728	259.96	129.22	209.58	101.85	21.829	1.7572e-05	0.022959
429.71	2.3497	998.11	0.0010019	57.171	57.531	229.24	128.61	231.31	212.60	1.5822	0.00010143	0.046962	0.0017082	165.78	0.0060321	68.565	70.732	259.96	129.27	210.17	101.74	21.838	1.7596e-05	0.023002
429.87	2.3558	997.15	0.0010029	57.203	57.564	229.31	128.65	231.74	211.97	1.5938	0.00010123	0.046931	0.0016963	166.39	0.0060101	68.571	70.736	259.95	129.32	210.76	101.64	21.846	1.7621e-05	0.023045
430.02	2.3619	996.19	0.0010038	57.234	57.597	229.39	128.69	232.17	211.34	1.6056	0.00010102	0.046901	0.0016845	167.00	0.0059882	68.577	70.740	259.95	129.38	211.35	101.53	21.855	1.7645e-05	0.023089
430.17	2.3680	995.22	0.0010048	57.266	57.630	229.46	128.73	232.61	210.71	1.6175	0.00010082	0.046870	0.0016727	167.61	0.0059664	68.584	70.744	259.95	129.43	211.95	101.42	21.864	1.7670e-05	0.023133
430.32	2.3741	994.26	0.0010058	57.298	57.663	229.53	128.77	233.04	210.08	1.6294	0.00010061	0.046840	0.0016609	168.22	0.0059446	68.590	70.748	259.94	129.49	212.56	101.32	21.873	1.7695e-05	0.023177
430.47	2.3802	993.30	0.0010068	57.330	57.696	229.61	128.81	233.49	209.45	1.6414	0.00010041	0.046810	0.0016492	168.83	0.0059230	68.596	70.752	259.94	129.54	213.17	101.21	21.881	1.7720e-05	0.023221
430.62	2.3863	992.33	0.0010077	57.361	57.729	229.68	128.85	233.93	208.82	1.6536	0.00010021	0.046780	0.0016375	169.45	0.0059014	68.602	70.756	259.93	129.59	213.79	101.11	21.890	1.7745e-05	0.023265
430.78	2.3924	991.36	0.0010087	57.393	57.762	229.76	128.89	234.38	208.19	1.6658	0.00010000	0.046750	0.0016258	170.07	0.0058800	68.608	70.759	259.93	129.65	214.41	101.00	21.899	1.7770e-05	0.023309
430.93	2.3985	990.39	0.0010097	57.425	57.795	229.83	128.93	234.84	207.57	1.6781	9.9803e-05	0.046720	0.0016142	170.69	0.0058586	68.614	70.763	259.93	129.70	215.04	100.89	21.908	1.7796e-05	0.023354
431.08	2.4046	989.42	0.0010107	57.456	57.828	229.91	128.97	235.30	206.94	1.6905	9.9601e-05	0.046690	0.0016027	171.31	0.0058373	68.620	70.767	259.92	129.75	215.67	100.79	21.918	1.7821e-05	0.023399
431.23	2.4107	988.45	0.0010117	57.488	57.861	229.98	129.00	235.76	206.31	1.7030	9.9399e-05	0.046660	0.0015911	171.93	0.0058162	68.626	70.770	259.92	129.81	216.31	100.68	21.927	1.7847e-05	0.023443
431.38	2.4168	987.48	0.0010127	57.519	57.894	230.05	129.04	236.22	205.69	1.7156	9.9198e-05	0.046631	0.0015796	172.56	0.0057951	68.632	70.774	259.91	129.86	216.96	100.58	21.936	1.7872e-05	0.023489
431.53	2.4229	986.50	0.0010137	57.551	57.926	230.13	129.08	236.69	205.06	1.7283	9.8997e-05	0.046601	0.0015682	173.19	0.0057740	68.637	70.777	259.91	129.92	217.61	100.47	21.945	1.7898e-05	0.023534
431.67	2.4290	985.53	0.0010147	57.582	57.959	230.20	129.12	237.17	204.44	1.7411	9.8796e-05	0.046571	0.0015568	173.82	0.0057531	68.643	70.780	259.90	129.97	218.27	100.36	21.954	1.7924e-05	0.023579
431.82	2.4351	984.55	0.0010157	57.614	57.992	230.28	129.16	237.65	203.81	1.7540	9.8596e-05	0.046542	0.0015454	174.45	0.0057323	68.649	70.783	259.90	130.02	218.94	100.25	21.964	1.7950e-05	0.023625
431.97	2.4412	983.57	0.0010167	57.645	58.025	230.35	129.20	238.13	203.19	1.7669	9.8395e-05	0.046512	0.0015341	175.09	0.0057115	68.654	70.787	259.89	130.08	219.61	100.15	21.973	1.7977e-05	0.023671
432.12	2.4473	982.59	0.0010177	57.677	58.057	230.42	129.24	238.62	202.57	1.7800	9.8196e-05	0.046483	0.0015228	175.72	0.0056908	68.660	70.790	259.89	130.13	220.29	100.04	21.982	1.8003e-05	0.023717
432.27	2.4534	981.61	0.0010187	57.708	58.090	230.50	129.28	239.11	201.95	1.7932	9.7996e-05	0.046454	0.0015115	176.36	0.0056702	68.665	70.793	259.88	130.19	220.97	99.934	21.992	1.8030e-05	0.023763
432.42	2.4595	980.63	0.0010198	57.739	58.123	230.57	129.32	239.61	201.33	1.8065	9.7797e-05	0.046425	0.0015003	177.00	0.0056497	68.671	70.796	259.88	130.24	221.66	99.826	22.001	1.8056e-05	0.023810
432.56	2.4656	979.64	0.0010208	57.771	58.156	230.64	129.36	240.11	200.71	1.8199	9.7598e-05	0.046396	0.0014891	177.64	0.0056293	68.676	70.798	259.87	130.29	222.36	99.719	22.011	1.8083e-05	0.023856
432.71	2.4717	978.66	0.0010218	57.802	58.188	230.72	129.40	240.62	200.09	1.8334	9.7399e-05	0.046367	0.0014779	178.29	0.0056089	68.681	70.801	259.87	130.35	223.07	99.611	22.021	1.8110e-05	0.023903
432.86	2.4778	977.67	0.0010228	57.833	58.221	230.79	129.44	241.13	199.47	1.8470	9.7201e-05	0.046338	0.0014668	178.93	0.0055887	68.686	70.804	259.86	130.40	223.78	99.504	22.030	1.8137e-05	0.023950
433.00	2.4839	976.68	0.0010239	57.865	58.253	230.86	129.48	241.65	198.85	1.8608	9.7003e-05	0.046309	0.0014558	179.58	0.0055685	68.691	70.807	259.85	130.46	224.50	99.396	22.040	1.8164e-05	0.023997
433.15	2.4900	975.69	0.0010249	57.896	58.286	230.94	129.52	242.17	198.23	1.8746	9.6805e-05	0.046280	0.0014447	180.23	0.0055484	68.697	70.809	259.85	130.51	225.22	99.288	22.050	1.8192e-05	0.024045
433.29	2.4961	974.70	0.0010260	57.927	58.319	231.01	129.56	242.69	197.61	1.8885	9.6607e-05	0.046251	0.0014337	180.89	0.0055284	68.702	70.812	259.84	130.57	225.96	99.180	22.059	1.8219e-05	0.024093
433.44	2.5022	973.71	0.0010270	57.958	58.351	231.08	129.60	243.23	196.99	1.9026	9.6410e-05	0.046223	0.0014228	181.54	0.0055084	68.706	70.814	259.84	130.62	226.70	99.072	22.069	1.8247e-05	0.024140
433.59	2.5083	972.71	0.0010281	57.989	58.384	231.15	129.64	243.76	196.38	1.9168	9.6212e-05	0.046194	0.0014118	182.20	0.0054885	68.711	70.817	259.83	130.67	227.45	98.964	22.079	1.8274e-05	0.024189
433.73	2.5144	971.71	0.0010291	58.021	58.416	231.23	129.68	244.30	195.76	1.9311	9.6015e-05	0.046166	0.0014009	182.86	0.0054687	68.716	70.819	259.82	130.73	228.20	98.856	22.089	1.8302e-05	0.024237
433.88	2.5205	970.71	0.0010302	58.052	58.449	231.30	129.72	244.85	195.15	1.9455	9.5819e-05	0.046138	0.0013901	183.52	0.0054490	68.721	70.821	259.82	130.78	228.97	98.747	22.099	1.8330e-05	0.024285
434.02	2.5266	969.71	0.0010312	58.083	58.481	231.37	129.76	245.41	194.53	1.9600	9.5622e-05	0.046109	0.0013793	184.18	0.0054293	68.726	70.824	259.81	130.84	229.74	98.639	22.109	1.8359e-05	0.024334
434.16	2.5327	968.71	0.0010323	58.114	58.514	231.45	129.80	245.96	193.92	1.9746	9.5426e-05	0.046081	0.0013685	184.85	0.0054098	68.730	70.826	259.80	130.89	230.52	98.530	22.119	1.8387e-05	0.024383
434.31	2.5388	967.71	0.0010334	58.145	58.546	231.52	129.84	246.53	193.30	1.9894	9.5230e-05	0.046053	0.0013578	185.52	0.0053903	68.735	70.828	259.80	130.95	231.31	98.421	22.129	1.8416e-05	0.024432
434.45	2.5450	966.70	0.0010344	58.176	58.579	231.59	129.88	247.10	192.69	2.0043	9.5034e-05	0.046025	0.0013471	186.19	0.0053708	68.739	70.830	259.79	131.00	232.11	98.312	22.139	1.8444e-05	0.024482
434.60	2.5511	965.70	0.0010355	58.207	58.611	231.66	129.93	247.67	192.08	2.0193	9.4839e-05	0.045997	0.0013364	186.86	0.0053515	68.744	70.832	259.78	131.06	232.91	98.203	22.149	1.8473e-05	0.024531
434.74	2.5572	964.69	0.0010366	58.238	58.644	231.74	129.97	248.25	191.46	2.0344	9.4644e-05	0.045969	0.0013258	187.54	0.0053322	68.748	70.834	259.78	131.11	233.73	98.094	22.159	1.8502e-05	0.024581
434.88	2.5633	963.68	0.0010377	58.269	58.676	231.81	130.01	248.84	190.85	2.0497	9.4448e-05	0.045942	0.0013152	188.22	0.0053130	68.753	70.835	259.77	131.17	234.55	97.985	22.169	1.8531e-05	0.024631
435.02	2.5694	962.66	0.0010388	58.300	58.708	231.88	130.05	249.44	190.24	2.0651	9.4253e-05	0.045914	0.0013046	188.90	0.0052938	68.757	70.837	259.76	131.22	235.38	97.876	22.179	1.8561e-05	0.024682
435.17	2.5755	961.65	0.0010399	58.331	58.741	231.95	130.09	250.04	189.63	2.0806	9.4059e-05	0.045886	0.0012941	189.58	0.0052747	68.761	70.839	259.75	131.28	236.22	97.767	22.190	1.8590e-05	0.024732
435.31	2.5816	960.63	0.0010410	58.362	58.773	232.02	130.13	250.64	189.02	2.0963	9.3864e-05	0.045859	0.0012836	190.27	0.0052557	68.765	70.840	259.75	131.33	237.07	97.657	22.200	1.8620e-05	0.024783
435.45	2.5877	959.61	0.0010421	58.393	58.805	232.10	130.17	251.26	188.41	2.1120	9.3670e-05	0.045832	0.0012732	190.96	0.0052368	68.769	70.842	259.74	131.39	237.93	97.547	22.210	1.8650e-05	0.024834
435.59	2.5938	958.59	0.0010432	58.424	58.838	232.17	130.21	251.88	187.80	2.1280	9.3476e-05	0.045804	0.0012628	191.65	0.0052179	68.773	70.843	259.73	131.44	238.80	97.438	22.220	1.8680e-05	0.024886
435.73	2.5999	957.57	0.0010443	58.455	58.870	232.24	130.25	252.50	187.19	2.1440	9.3282e-05	0.045777	0.0012524	192.34	0.0051991	68.777	70.844	259.72	131.50	239.68	97.328	22.231	1.8710e-05	0.024937
435.87	2.6060	956.54	0.0010454	58.486	58.902	232.31	130.30	253.13	186.58	2.1602	9.3088e-05	0.045750	0.0012420	193.04	0.0051803	68.781	70.846	259.71	131.55	240.57	97.218	22.241	1.8740e-05	0.024989
436.01	2.6121	955.52	0.0010466	58.517	58.935	232.38	130.34	253.77	185.97	2.1766	9.2894e-05	0.045723	0.0012317	193.74	0.0051617	68.785	70.847	259.70	131.61	241.47	97.108	22.251	1.8771e-05	0.025041
436.15	2.6182	954.49	0.0010477	58.548	58.967	232.46	130.38	254.42	185.36	2.1931	9.2701e-05	0.045696	0.0012215	194.44	0.0051430	68.789	70.848	259.70	131.66	242.38	96.998	22.262	1.8801e-05	0.025094
436.29	2.6243	953.46	0.0010488	58.578	58.999	232.53	130.42	255.08	184.75	2.2097	9.2507e-05	0.045669	0.0012112	195.14	0.0051245	68.792	70.849	259.69	131.72	243.30	96.887	22.272	1.8832e-05	0.025146
436.43	2.6304	952.42	0.0010500	58.609	59.032	232.60	130.46	255.74	184.15	2.2265	9.2314e-05	0.045643	0.0012010	195.85	0.0051060	68.796	70.850	259.68	131.77	244.23	96.777	22.283	1.8863e-05	0.025199
436.57	2.6365	951.39	0.0010511	58.640	59.064	232.67	130.50	256.41	183.54	2.2434	9.2121e-05	0.045616	0.0011909	196.56	0.0050876	68.800	70.851	259.67	131.83	245.18	96.666	22.293	1.8894e-05	0.025252
436.71	2.6426	950.35	0.0010522	58.671	59.096	232.74	130.55	257.08	182.93	2.2605	9.1928e-05	0.045590	0.0011807	197.27	0.0050692	68.803	70.852	259.66	131.89	246.13	96.556	22.304	1.8926e-05	0.025306
436.85	2.6487	949.31	0.0010534	58.702	59.128	232.81	130.59	257.77	182.33	2.2777	9.1736e-05	0.045563	0.0011706	197.98	0.0050509	68.807	70.852	259.65	131.94	247.09	96.445	22.314	1.8957e-05	0.025360
436.99	2.6548	948.27	0.0010546	58.733	59.161	232.89	130.63	258.46	181.72	2.2951	9.1543e-05	0.045537	0.0011606	198.70	0.0050327	68.810	70.853	259.64	132.00	248.07	96.334	22.325	1.8989e-05	0.025414
437.13	2.6609	947.23	0.0010557	58.763	59.193	232.96	130.67	259.16	181.12	2.3126	9.1351e-05	0.045511	0.0011506	199.42	0.0050145	68.813	70.854	259.63	132.05	249.06	96.223	22.335	1.9021e-05	0.025468
437.27	2.6670	946.18	0.0010569	58.794	59.225	233.03	130.71	259.87	180.51	2.3303	9.1158e-05	0.045485	0.0011406	200.14	0.0049964	68.816	70.854	259.62	132.11	250.06	96.112	22.346	1.9053e-05	0.025523
437.41	2.6731	945.13	0.0010581	58.825	59.257	233.10	130.76	260.59	179.91	2.3482	9.0966e-05	0.045459	0.0011306	200.87	0.0049784	68.820	70.855	259.61	132.16	251.07	96.001	22.357	1.9085e-05	0.025577
437.55	2.6792	944.08	0.0010592	58.856	59.290	233.17	130.80	261.31	179.30	2.3662	9.0774e-05	0.045433	0.0011207	201.60	0.0049604	68.823	70.855	259.60	132.22	252.09	95.889	22.367	1.9118e-05	0.025633
437.68	2.6853	943.03	0.0010604	58.886	59.322	233.24	130.84	262.04	178.70	2.3844	9.0582e-05	0.045407	0.0011108	202.33	0.0049424	68.826	70.855	259.59	132.28	253.13	95.778	22.378	1.9151e-05	0.025688
437.82	2.6914	941.97	0.0010616	58.917	59.354	233.31	130.88	262.79	178.09	2.4028	9.0390e-05	0.045381	0.0011010	203.06	0.0049245	68.829	70.855	259.58	132.33	254.18	95.666	22.389	1.9184e-05	0.025744
437.96	2.6975	940.91	0.0010628	58.948	59.386	233.39	130.93	263.54	177.49	2.4213	9.0198e-05	0.045356	0.0010912	203.80	0.0049067	68.831	70.856	259.57	132.39	255.24	95.554	22.399	1.9217e-05	0.025800
438.09	2.7036	939.85	0.0010640	58.979	59.418	233.46	130.97	264.30	176.89	2.4400	9.0007e-05	0.045330	0.0010814	204.54	0.0048889	68.834	70.856	259.56	132.45	256.31	95.442	22.410	1.9250e-05	0.025857
438.23	2.7097	938.79	0.0010652	59.009	59.451	233.53	131.01	265.07	176.28	2.4589	8.9815e-05	0.045305	0.0010717	205.29	0.0048712	68.837	70.856	259.55	132.50	257.40	95.331	22.421	1.9284e-05	0.025913
438.37	2.7158	937.72	0.0010664	59.040	59.483	233.60	131.06	265.85	175.68	2.4779	8.9623e-05	0.045280	0.0010619	206.03	0.0048536	68.840	70.855	259.54	132.56	258.51	95.218	22.431	1.9317e-05	0.025970
438.50	2.7219	936.65	0.0010676	59.071	59.515	233.67	131.10	266.64	175.08	2.4972	8.9432e-05	0.045255	0.0010523	206.78	0.0048360	68.842	70.855	259.53	132.61	259.62	95.106	22.442	1.9351e-05	0.026028
438.64	2.7280	935.58	0.0010689	59.101	59.547	233.74	131.14	267.44	174.48	2.5166	8.9241e-05	0.045230	0.0010426	207.54	0.0048184	68.845	70.855	259.52	132.67	260.76	94.994	22.453	1.9385e-05	0.026085
438.77	2.7341	934.51	0.0010701	59.132	59.579	233.81	131.19	268.25	173.87	2.5362	8.9049e-05	0.045205	0.0010330	208.29	0.0048009	68.847	70.855	259.51	132.73	261.90	94.881	22.463	1.9420e-05	0.026143
438.91	2.7402	933.43	0.0010713	59.163	59.612	233.88	131.23	269.07	173.27	2.5560	8.8858e-05	0.045180	0.0010235	209.05	0.0047835	68.850	70.854	259.50	132.78	263.06	94.769	22.474	1.9454e-05	0.026202
439.05	2.7464	932.35	0.0010726	59.193	59.644	233.96	131.27	269.90	172.67	2.5760	8.8667e-05	0.045155	0.0010139	209.82	0.0047661	68.852	70.854	259.49	132.84	264.24	94.656	22.485	1.9489e-05	0.026261
439.18	2.7525	931.27	0.0010738	59.224	59.676	234.03	131.32	270.74	172.07	2.5961	8.8476e-05	0.045131	0.0010044	210.58	0.0047487	68.854	70.853	259.48	132.90	265.43	94.543	22.495	1.9524e-05	0.026320
439.31	2.7586	930.18	0.0010751	59.255	59.708	234.10	131.36	271.59	171.47	2.6165	8.8285e-05	0.045107	0.00099495	211.35	0.0047315	68.856	70.852	259.46	132.96	266.64	94.430	22.506	1.9560e-05	0.026379
439.45	2.7647	929.09	0.0010763	59.285	59.740	234.17	131.41	272.45	170.87	2.6371	8.8093e-05	0.045082	0.00098552	212.12	0.0047142	68.858	70.851	259.45	133.01	267.87	94.317	22.517	1.9595e-05	0.026439
439.58	2.7708	928.00	0.0010776	59.316	59.773	234.24	131.45	273.33	170.27	2.6578	8.7902e-05	0.045058	0.00097612	212.90	0.0046970	68.860	70.851	259.44	133.07	269.11	94.204	22.528	1.9631e-05	0.026499
439.72	2.7769	926.91	0.0010789	59.347	59.805	234.31	131.49	274.21	169.67	2.6788	8.7711e-05	0.045034	0.00096675	213.68	0.0046799	68.862	70.850	259.43	133.13	270.36	94.091	22.538	1.9667e-05	0.026560
439.85	2.7830	925.81	0.0010801	59.377	59.837	234.38	131.54	275.11	169.07	2.7000	8.7520e-05	0.045010	0.00095742	214.46	0.0046628	68.864	70.849	259.42	133.19	271.64	93.977	22.549	1.9703e-05	0.026621
439.98	2.7891	924.71	0.0010814	59.408	59.869	234.45	131.58	276.02	168.47	2.7214	8.7329e-05	0.044987	0.00094812	215.25	0.0046458	68.866	70.847	259.40	133.24	272.93	93.864	22.560	1.9739e-05	0.026682
440.12	2.7952	923.61	0.0010827	59.439	59.902	234.52	131.63	276.94	167.87	2.7430	8.7139e-05	0.044963	0.00093886	216.04	0.0046288	68.868	70.846	259.39	133.30	274.24	93.750	22.570	1.9776e-05	0.026743
440.25	2.8013	922.50	0.0010840	59.469	59.934	234.59	131.67	277.88	167.27	2.7648	8.6948e-05	0.044940	0.00092963	216.83	0.0046118	68.869	70.845	259.38	133.36	275.57	93.636	22.581	1.9813e-05	0.026806
440.38	2.8074	921.39	0.0010853	59.500	59.966	234.66	131.72	278.83	166.67	2.7869	8.6757e-05	0.044916	0.00092044	217.63	0.0045949	68.871	70.843	259.36	133.42	276.92	93.522	22.592	1.9850e-05	0.026868
440.52	2.8135	920.28	0.0010866	59.531	59.998	234.74	131.76	279.79	166.07	2.8091	8.6566e-05	0.044893	0.00091128	218.43	0.0045781	68.872	70.842	259.35	133.47	278.29	93.408	22.602	1.9887e-05	0.026931
440.65	2.8196	919.16	0.0010879	59.561	60.030	234.81	131.81	280.76	165.47	2.8316	8.6375e-05	0.044870	0.00090215	219.24	0.0045613	68.874	70.840	259.34	133.53	279.68	93.294	22.613	1.9925e-05	0.026994
440.78	2.8257	918.04	0.0010893	59.592	60.063	234.88	131.85	281.75	164.88	2.8544	8.6184e-05	0.044847	0.00089306	220.05	0.0045445	68.875	70.839	259.32	133.59	281.08	93.180	22.624	1.9963e-05	0.027058
440.91	2.8318	916.92	0.0010906	59.623	60.095	234.95	131.90	282.75	164.28	2.8773	8.5993e-05	0.044825	0.00088400	220.86	0.0045278	68.876	70.837	259.31	133.65	282.51	93.065	22.634	2.0001e-05	0.027122
441.04	2.8379	915.79	0.0010920	59.653	60.127	235.02	131.94	283.77	163.68	2.9005	8.5802e-05	0.044802	0.00087497	221.67	0.0045111	68.877	70.835	259.30	133.71	283.96	92.951	22.645	2.0040e-05	0.027186
441.17	2.8440	914.66	0.0010933	59.684	60.160	235.09	131.99	284.80	163.08	2.9240	8.5610e-05	0.044780	0.00086598	222.49	0.0044945	68.878	70.833	259.28	133.76	285.43	92.836	22.655	2.0078e-05	0.027251
441.31	2.8501	913.53	0.0010947	59.715	60.192	235.16	132.03	285.85	162.48	2.9477	8.5419e-05	0.044758	0.00085702	223.32	0.0044779	68.879	70.831	259.27	133.82	286.92	92.721	22.666	2.0117e-05	0.027317
441.44	2.8562	912.39	0.0010960	59.745	60.224	235.23	132.08	286.91	161.88	2.9716	8.5228e-05	0.044736	0.00084809	224.15	0.0044613	68.880	70.829	259.26	133.88	288.44	92.606	22.676	2.0157e-05	0.027383
441.57	2.8623	911.25	0.0010974	59.776	60.256	235.30	132.13	287.99	161.29	2.9958	8.5037e-05	0.044714	0.00083920	224.98	0.0044448	68.881	70.827	259.24	133.94	289.98	92.491	22.687	2.0196e-05	0.027449
441.70	2.8684	910.10	0.0010988	59.807	60.289	235.37	132.17	289.09	160.69	3.0202	8.4846e-05	0.044692	0.00083034	225.82	0.0044284	68.882	70.824	259.23	134.00	291.54	92.376	22.697	2.0236e-05	0.027516
441.83	2.8745	908.96	0.0011002	59.837	60.321	235.44	132.22	290.20	160.09	3.0449	8.4654e-05	0.044671	0.00082152	226.66	0.0044120	68.882	70.822	259.21	134.06	293.13	92.261	22.708	2.0276e-05	0.027583
441.96	2.8806	907.80	0.0011016	59.868	60.353	235.52	132.27	291.33	159.49	3.0699	8.4463e-05	0.044649	0.00081273	227.50	0.0043956	68.883	70.819	259.20	134.12	294.74	92.145	22.718	2.0317e-05	0.027650
442.09	2.8867	906.65	0.0011030	59.899	60.386	235.59	132.31	292.47	158.90	3.0952	8.4271e-05	0.044628	0.00080397	228.35	0.0043792	68.883	70.817	259.18	134.18	296.37	92.029	22.728	2.0357e-05	0.027719
442.22	2.8928	905.49	0.0011044	59.930	60.418	235.66	132.36	293.64	158.30	3.1207	8.4079e-05	0.044607	0.00079525	229.20	0.0043629	68.884	70.814	259.17	134.24	298.03	91.914	22.739	2.0398e-05	0.027787
442.35	2.8989	904.32	0.0011058	59.960	60.451	235.73	132.41	294.82	157.70	3.1465	8.3888e-05	0.044586	0.00078656	230.06	0.0043466	68.884	70.811	259.15	134.30	299.72	91.798	22.749	2.0440e-05	0.027856
442.48	2.9050	903.16	0.0011072	59.991	60.483	235.80	132.45	296.02	157.10	3.1726	8.3696e-05	0.044566	0.00077790	230.93	0.0043304	68.884	70.808	259.13	134.36	301.44	91.682	22.759	2.0481e-05	0.027926
442.60	2.9111	901.98	0.0011087	60.022	60.516	235.87	132.50	297.24	156.51	3.1989	8.3504e-05	0.044545	0.00076928	231.79	0.0043142	68.884	70.805	259.12	134.42	303.18	91.565	22.769	2.0523e-05	0.027996
442.73	2.9172	900.81	0.0011101	60.053	60.548	235.94	132.55	298.48	155.91	3.2256	8.3311e-05	0.044525	0.00076069	232.66	0.0042980	68.884	70.802	259.10	134.48	304.95	91.449	22.779	2.0565e-05	0.028067
442.86	2.9233	899.63	0.0011116	60.083	60.580	236.01	132.60	299.74	155.31	3.2525	8.3119e-05	0.044505	0.00075214	233.54	0.0042819	68.884	70.799	259.09	134.54	306.75	91.333	22.789	2.0608e-05	0.028138
442.99	2.9294	898.44	0.0011130	60.114	60.613	236.08	132.64	301.02	154.71	3.2798	8.2927e-05	0.044486	0.00074361	234.42	0.0042658	68.884	70.795	259.07	134.60	308.58	91.216	22.799	2.0651e-05	0.028210
443.12	2.9355	897.25	0.0011145	60.145	60.645	236.15	132.69	302.33	154.12	3.3074	8.2734e-05	0.044466	0.00073512	235.31	0.0042498	68.884	70.792	259.05	134.66	310.44	91.099	22.809	2.0694e-05	0.028282
443.24	2.9416	896.06	0.0011160	60.176	60.678	236.23	132.74	303.65	153.52	3.3353	8.2541e-05	0.044447	0.00072667	236.20	0.0042337	68.883	70.788	259.03	134.72	312.34	90.982	22.819	2.0737e-05	0.028355
443.37	2.9477	894.86	0.0011175	60.207	60.711	236.30	132.79	305.00	152.92	3.3635	8.2348e-05	0.044428	0.00071825	237.09	0.0042178	68.883	70.784	259.02	134.78	314.26	90.865	22.829	2.0781e-05	0.028429
443.50	2.9539	893.66	0.0011190	60.238	60.743	236.37	132.84	306.37	152.32	3.3920	8.2155e-05	0.044409	0.00070986	237.99	0.0042018	68.882	70.781	259.00	134.84	316.22	90.748	22.839	2.0826e-05	0.028503
443.63	2.9600	892.45	0.0011205	60.269	60.776	236.44	132.89	307.76	151.73	3.4209	8.1962e-05	0.044390	0.00070150	238.90	0.0041859	68.882	70.777	258.98	134.90	318.21	90.631	22.848	2.0870e-05	0.028577
443.75	2.9661	891.24	0.0011220	60.299	60.808	236.51	132.93	309.18	151.13	3.4501	8.1769e-05	0.044372	0.00069318	239.81	0.0041700	68.881	70.773	258.96	134.96	320.24	90.513	22.858	2.0915e-05	0.028652
443.88	2.9722	890.02	0.0011236	60.330	60.841	236.58	132.98	310.62	150.53	3.4796	8.1575e-05	0.044354	0.00068489	240.73	0.0041541	68.880	70.768	258.95	135.02	322.31	90.396	22.868	2.0960e-05	0.028728
444.01	2.9783	888.80	0.0011251	60.361	60.874	236.65	133.03	312.09	149.93	3.5095	8.1381e-05	0.044336	0.00067664	241.65	0.0041383	68.879	70.764	258.93	135.08	324.41	90.278	22.877	2.1006e-05	0.028805
444.13	2.9844	887.57	0.0011267	60.392	60.907	236.72	133.08	313.58	149.34	3.5397	8.1187e-05	0.044318	0.00066842	242.57	0.0041225	68.878	70.760	258.91	135.14	326.54	90.160	22.886	2.1052e-05	0.028882
444.26	2.9905	886.34	0.0011282	60.423	60.939	236.80	133.13	315.10	148.74	3.5703	8.0992e-05	0.044301	0.00066023	243.51	0.0041067	68.877	70.755	258.89	135.21	328.72	90.042	22.896	2.1098e-05	0.028959
444.38	2.9966	885.10	0.0011298	60.454	60.972	236.87	133.18	316.65	148.14	3.6013	8.0798e-05	0.044284	0.00065208	244.44	0.0040909	68.876	70.751	258.87	135.27	330.94	89.924	22.905	2.1145e-05	0.029038
444.51	3.0027	883.86	0.0011314	60.485	61.005	236.94	133.23	318.23	147.54	3.6326	8.0603e-05	0.044267	0.00064396	245.39	0.0040752	68.874	70.746	258.85	135.33	333.20	89.805	22.914	2.1192e-05	0.029117
444.63	3.0088	882.61	0.0011330	60.516	61.038	237.01	133.28	319.83	146.94	3.6643	8.0408e-05	0.044251	0.00063587	246.33	0.0040595	68.873	70.741	258.83	135.39	335.50	89.687	22.923	2.1240e-05	0.029197
444.76	3.0149	881.36	0.0011346	60.548	61.071	237.08	133.33	321.47	146.35	3.6964	8.0212e-05	0.044235	0.00062781	247.29	0.0040438	68.871	70.736	258.81	135.45	337.84	89.568	22.932	2.1288e-05	0.029277
444.88	3.0210	880.10	0.0011362	60.579	61.104	237.15	133.38	323.14	145.75	3.7289	8.0017e-05	0.044219	0.00061979	248.25	0.0040282	68.870	70.731	258.79	135.52	340.23	89.449	22.941	2.1336e-05	0.029358
445.01	3.0271	878.84	0.0011379	60.610	61.137	237.22	133.44	324.84	145.15	3.7618	7.9821e-05	0.044203	0.00061181	249.22	0.0040126	68.868	70.726	258.77	135.58	342.67	89.330	22.949	2.1385e-05	0.029440
445.13	3.0332	877.57	0.0011395	60.641	61.170	237.30	133.49	326.57	144.55	3.7952	7.9624e-05	0.044188	0.00060386	250.19	0.0039970	68.866	70.720	258.75	135.64	345.15	89.211	22.958	2.1434e-05	0.029523
445.26	3.0393	876.29	0.0011412	60.672	61.203	237.37	133.54	328.34	143.95	3.8289	7.9428e-05	0.044173	0.00059594	251.17	0.0039814	68.864	70.715	258.73	135.70	347.68	89.092	22.967	2.1484e-05	0.029606
445.38	3.0454	875.01	0.0011428	60.703	61.236	237.44	133.59	330.14	143.35	3.8630	7.9231e-05	0.044159	0.00058805	252.15	0.0039658	68.862	70.709	258.71	135.77	350.27	88.972	22.975	2.1534e-05	0.029690
445.51	3.0515	873.72	0.0011445	60.735	61.269	237.51	133.64	331.98	142.75	3.8976	7.9033e-05	0.044144	0.00058020	253.14	0.0039503	68.860	70.703	258.69	135.83	352.90	88.853	22.983	2.1584e-05	0.029775
445.63	3.0576	872.42	0.0011462	60.766	61.302	237.58	133.69	333.86	142.15	3.9327	7.8836e-05	0.044131	0.00057238	254.14	0.0039348	68.857	70.697	258.67	135.89	355.59	88.733	22.991	2.1635e-05	0.029861
445.75	3.0637	871.12	0.0011479	60.797	61.335	237.66	133.75	335.77	141.55	3.9681	7.8638e-05	0.044117	0.00056460	255.15	0.0039193	68.855	70.691	258.65	135.96	358.33	88.613	22.999	2.1687e-05	0.029948
445.88	3.0698	869.82	0.0011497	60.829	61.369	237.73	133.80	337.73	140.95	4.0041	7.8439e-05	0.044104	0.00055685	256.16	0.0039038	68.852	70.685	258.62	136.02	361.13	88.493	23.007	2.1739e-05	0.030035
446.00	3.0759	868.50	0.0011514	60.860	61.402	237.80	133.85	339.72	140.35	4.0405	7.8240e-05	0.044092	0.00054913	257.18	0.0038884	68.850	70.679	258.60	136.09	363.99	88.373	23.015	2.1791e-05	0.030123
446.12	3.0820	867.18	0.0011532	60.892	61.435	237.87	133.91	341.76	139.75	4.0774	7.8041e-05	0.044079	0.00054145	258.20	0.0038729	68.847	70.672	258.58	136.15	366.91	88.252	23.022	2.1844e-05	0.030212
446.24	3.0881	865.85	0.0011549	60.923	61.469	237.95	133.96	343.84	139.15	4.1147	7.7841e-05	0.044068	0.00053380	259.23	0.0038575	68.844	70.665	258.56	136.21	369.89	88.132	23.030	2.1897e-05	0.030302
446.37	3.0942	864.52	0.0011567	60.955	61.502	238.02	134.01	345.97	138.55	4.1526	7.7641e-05	0.044056	0.00052618	260.27	0.0038421	68.841	70.659	258.53	136.28	372.94	88.011	23.037	2.1951e-05	0.030393
446.49	3.1003	863.18	0.0011585	60.986	61.536	238.09	134.07	348.14	137.95	4.1910	7.7441e-05	0.044045	0.00051860	261.32	0.0038267	68.837	70.652	258.51	136.34	376.05	87.890	23.044	2.2006e-05	0.030485
446.61	3.1064	861.83	0.0011603	61.018	61.569	238.16	134.12	350.37	137.35	4.2298	7.7239e-05	0.044035	0.00051106	262.38	0.0038113	68.834	70.645	258.48	136.41	379.23	87.769	23.051	2.2061e-05	0.030578
446.73	3.1125	860.47	0.0011621	61.050	61.603	238.24	134.18	352.64	136.74	4.2693	7.7038e-05	0.044025	0.00050355	263.44	0.0037960	68.831	70.637	258.46	136.47	382.48	87.648	23.057	2.2116e-05	0.030672
446.85	3.1186	859.11	0.0011640	61.081	61.637	238.31	134.23	354.96	136.14	4.3092	7.6836e-05	0.044015	0.00049607	264.51	0.0037806	68.827	70.630	258.44	136.54	385.81	87.526	23.064	2.2172e-05	0.030767
446.97	3.1247	857.74	0.0011659	61.113	61.670	238.38	134.29	357.34	135.54	4.3497	7.6633e-05	0.044006	0.00048862	265.59	0.0037653	68.823	70.622	258.41	136.61	389.21	87.405	23.070	2.2229e-05	0.030863
447.10	3.1308	856.36	0.0011677	61.145	61.704	238.46	134.34	359.77	134.93	4.3908	7.6430e-05	0.043998	0.00048121	266.67	0.0037499	68.819	70.615	258.39	136.67	392.70	87.283	23.076	2.2286e-05	0.030959
447.22	3.1369	854.97	0.0011696	61.177	61.738	238.53	134.40	362.26	134.33	4.4324	7.6227e-05	0.043990	0.00047384	267.77	0.0037346	68.815	70.607	258.36	136.74	396.26	87.161	23.082	2.2343e-05	0.031057
447.34	3.1430	853.58	0.0011715	61.209	61.772	238.60	134.45	364.81	133.73	4.4746	7.6022e-05	0.043983	0.00046650	268.87	0.0037193	68.811	70.599	258.33	136.80	399.91	87.039	23.088	2.2402e-05	0.031157
447.46	3.1491	852.18	0.0011735	61.241	61.806	238.68	134.51	367.42	133.12	4.5174	7.5818e-05	0.043976	0.00045919	269.98	0.0037040	68.807	70.590	258.31	136.87	403.65	86.917	23.093	2.2460e-05	0.031257
447.58	3.1553	850.76	0.0011754	61.273	61.840	238.75	134.57	370.09	132.52	4.5609	7.5612e-05	0.043970	0.00045192	271.10	0.0036887	68.802	70.582	258.28	136.94	407.47	86.794	23.099	2.2520e-05	0.031358
447.70	3.1614	849.34	0.0011774	61.305	61.874	238.82	134.62	372.84	131.91	4.6049	7.5406e-05	0.043964	0.00044468	272.23	0.0036734	68.797	70.573	258.26	137.00	411.40	86.671	23.104	2.2580e-05	0.031461
447.82	3.1675	847.91	0.0011794	61.337	61.909	238.90	134.68	375.65	131.31	4.6496	7.5199e-05	0.043959	0.00043748	273.36	0.0036581	68.793	70.565	258.23	137.07	415.42	86.549	23.108	2.2641e-05	0.031565
447.94	3.1736	846.48	0.0011814	61.370	61.943	238.97	134.74	378.53	130.70	4.6949	7.4992e-05	0.043955	0.00043032	274.51	0.0036428	68.788	70.556	258.20	137.14	419.54	86.426	23.113	2.2702e-05	0.031670
448.06	3.1797	845.03	0.0011834	61.402	61.977	239.05	134.80	381.48	130.09	4.7410	7.4784e-05	0.043952	0.00042318	275.67	0.0036275	68.783	70.547	258.17	137.21	423.77	86.302	23.117	2.2764e-05	0.031776
448.18	3.1858	843.57	0.0011854	61.434	62.012	239.12	134.86	384.52	129.49	4.7876	7.4575e-05	0.043949	0.00041609	276.83	0.0036123	68.777	70.537	258.14	137.28	428.10	86.179	23.121	2.2827e-05	0.031884
448.29	3.1919	842.10	0.0011875	61.467	62.047	239.20	134.91	387.63	128.88	4.8350	7.4366e-05	0.043947	0.00040903	278.01	0.0035970	68.772	70.528	258.12	137.34	432.55	86.055	23.125	2.2891e-05	0.031993
448.41	3.1980	840.63	0.0011896	61.499	62.081	239.27	134.97	390.83	128.27	4.8831	7.4155e-05	0.043946	0.00040200	279.20	0.0035817	68.766	70.518	258.09	137.41	437.12	85.932	23.128	2.2955e-05	0.032103
448.53	3.2041	839.14	0.0011917	61.532	62.116	239.35	135.03	394.12	127.66	4.9319	7.3944e-05	0.043945	0.00039501	280.39	0.0035664	68.761	70.508	258.06	137.48	441.82	85.808	23.131	2.3020e-05	0.032215
448.65	3.2102	837.64	0.0011938	61.565	62.151	239.42	135.09	397.49	127.05	4.9815	7.3732e-05	0.043945	0.00038805	281.60	0.0035511	68.755	70.498	258.03	137.55	446.64	85.683	23.134	2.3085e-05	0.032329
448.77	3.2163	836.13	0.0011960	61.598	62.186	239.50	135.15	400.97	126.44	5.0318	7.3520e-05	0.043947	0.00038114	282.82	0.0035358	68.748	70.488	258.00	137.62	451.60	85.559	23.137	2.3152e-05	0.032444
448.89	3.2224	834.61	0.0011982	61.630	62.221	239.57	135.22	404.54	125.83	5.0830	7.3306e-05	0.043949	0.00037425	284.05	0.0035205	68.742	70.477	257.97	137.69	456.69	85.435	23.139	2.3219e-05	0.032560
449.00	3.2285	833.08	0.0012004	61.663	62.256	239.65	135.28	408.21	125.22	5.1349	7.3092e-05	0.043952	0.00036740	285.29	0.0035052	68.736	70.466	257.93	137.76	461.93	85.310	23.140	2.3287e-05	0.032678
449.12	3.2346	831.54	0.0012026	61.697	62.291	239.72	135.34	411.99	124.61	5.1876	7.2876e-05	0.043956	0.00036059	286.54	0.0034899	68.729	70.455	257.90	137.83	467.33	85.185	23.142	2.3356e-05	0.032798
449.24	3.2407	829.99	0.0012048	61.730	62.327	239.80	135.40	415.89	123.99	5.2412	7.2660e-05	0.043961	0.00035382	287.81	0.0034746	68.722	70.444	257.87	137.90	472.88	85.060	23.143	2.3425e-05	0.032920
449.36	3.2468	828.42	0.0012071	61.763	62.362	239.88	135.46	419.90	123.38	5.2956	7.2443e-05	0.043967	0.00034708	289.08	0.0034592	68.715	70.433	257.84	137.97	478.60	84.934	23.143	2.3496e-05	0.033043
449.47	3.2529	826.84	0.0012094	61.796	62.398	239.95	135.53	424.04	122.77	5.3509	7.2224e-05	0.043974	0.00034038	290.37	0.0034439	68.708	70.421	257.80	138.05	484.49	84.809	23.144	2.3567e-05	0.033168
449.59	3.2590	825.25	0.0012118	61.830	62.434	240.03	135.59	428.30	122.15	5.4072	7.2005e-05	0.043982	0.00033371	291.67	0.0034285	68.700	70.409	257.77	138.12	490.57	84.683	23.143	2.3640e-05	0.033295
449.71	3.2651	823.65	0.0012141	61.863	62.470	240.11	135.65	432.70	121.54	5.4643	7.1784e-05	0.043992	0.00032708	292.99	0.0034131	68.692	70.397	257.74	138.19	496.83	84.557	23.143	2.3713e-05	0.033424
449.82	3.2712	822.03	0.0012165	61.897	62.506	240.19	135.72	437.25	120.92	5.5224	7.1563e-05	0.044002	0.00032049	294.32	0.0033977	68.684	70.384	257.70	138.26	503.29	84.431	23.142	2.3787e-05	0.033555
449.94	3.2773	820.40	0.0012189	61.931	62.542	240.26	135.78	441.94	120.30	5.5815	7.1340e-05	0.044014	0.00031394	295.66	0.0033822	68.676	70.372	257.67	138.34	509.96	84.304	23.140	2.3863e-05	0.033689
450.05	3.2834	818.75	0.0012214	61.965	62.578	240.34	135.85	446.79	119.68	5.6415	7.1116e-05	0.044028	0.00030742	297.02	0.0033668	68.668	70.359	257.63	138.41	516.86	84.178	23.138	2.3939e-05	0.033824
450.17	3.2895	817.09	0.0012239	61.999	62.615	240.42	135.92	451.80	119.07	5.7026	7.0891e-05	0.044042	0.00030094	298.39	0.0033513	68.659	70.345	257.59	138.48	523.98	84.051	23.136	2.4016e-05	0.033962
450.29	3.2956	815.42	0.0012264	62.033	62.651	240.50	135.98	456.99	118.45	5.7648	7.0664e-05	0.044059	0.00029450	299.78	0.0033358	68.650	70.332	257.56	138.56	531.34	83.924	23.133	2.4095e-05	0.034101
450.40	3.3017	813.73	0.0012289	62.067	62.688	240.58	136.05	462.36	117.83	5.8280	7.0436e-05	0.044076	0.00028809	301.18	0.0033203	68.641	70.318	257.52	138.63	538.96	83.796	23.129	2.4174e-05	0.034244
450.52	3.3078	812.02	0.0012315	62.102	62.725	240.66	136.12	467.92	117.20	5.8924	7.0207e-05	0.044095	0.00028173	302.60	0.0033047	68.632	70.304	257.48	138.71	546.85	83.669	23.125	2.4255e-05	0.034389
450.63	3.3139	810.30	0.0012341	62.136	62.762	240.74	136.19	473.69	116.58	5.9579	6.9977e-05	0.044116	0.00027540	304.03	0.0032891	68.622	70.289	257.44	138.78	555.02	83.541	23.120	2.4337e-05	0.034536
450.75	3.3200	808.56	0.0012368	62.171	62.799	240.82	136.26	479.66	115.96	6.0246	6.9745e-05	0.044139	0.00026911	305.49	0.0032735	68.613	70.275	257.40	138.86	563.48	83.413	23.115	2.4420e-05	0.034687
450.86	3.3261	806.80	0.0012395	62.206	62.837	240.90	136.33	485.87	115.33	6.0924	6.9511e-05	0.044163	0.00026286	306.96	0.0032578	68.602	70.260	257.36	138.93	572.26	83.285	23.109	2.4504e-05	0.034840
450.97	3.3322	805.02	0.0012422	62.241	62.874	240.98	136.40	492.31	114.71	6.1616	6.9276e-05	0.044190	0.00025665	308.44	0.0032421	68.592	70.244	257.32	139.01	581.38	83.157	23.102	2.4590e-05	0.034996
451.09	3.3383	803.23	0.0012450	62.276	62.912	241.06	136.47	499.01	114.08	6.2320	6.9039e-05	0.044218	0.00025048	309.95	0.0032263	68.581	70.228	257.28	139.09	590.84	83.028	23.095	2.4677e-05	0.035155
451.20	3.3444	801.41	0.0012478	62.312	62.950	241.14	136.54	505.98	113.45	6.3037	6.8800e-05	0.044248	0.00024435	311.47	0.0032105	68.570	70.212	257.24	139.16	600.68	82.899	23.087	2.4765e-05	0.035317
451.32	3.3505	799.58	0.0012507	62.347	62.988	241.22	136.61	513.23	112.83	6.3768	6.8560e-05	0.044281	0.00023826	313.02	0.0031947	68.559	70.196	257.19	139.24	610.92	82.770	23.078	2.4855e-05	0.035483
451.43	3.3567	797.72	0.0012536	62.383	63.027	241.31	136.69	520.79	112.20	6.4512	6.8318e-05	0.044316	0.00023221	314.59	0.0031788	68.547	70.179	257.15	139.32	621.57	82.640	23.068	2.4946e-05	0.035652
451.54	3.3628	795.85	0.0012565	62.419	63.065	241.39	136.76	528.66	111.56	6.5272	6.8074e-05	0.044353	0.00022620	316.17	0.0031628	68.535	70.162	257.11	139.40	632.67	82.511	23.058	2.5039e-05	0.035825
451.66	3.3689	793.95	0.0012595	62.455	63.104	241.47	136.84	536.89	110.93	6.6046	6.7827e-05	0.044393	0.00022023	317.78	0.0031468	68.523	70.144	257.06	139.48	644.24	82.381	23.047	2.5133e-05	0.036002
451.77	3.3750	792.03	0.0012626	62.492	63.143	241.56	136.91	545.47	110.30	6.6835	6.7579e-05	0.044435	0.00021430	319.42	0.0031307	68.510	70.126	257.01	139.56	656.32	82.251	23.034	2.5229e-05	0.036183
451.88	3.3811	790.08	0.0012657	62.528	63.183	241.64	136.99	554.45	109.66	6.7640	6.7329e-05	0.044480	0.00020842	321.07	0.0031146	68.497	70.108	256.97	139.64	668.93	82.120	23.021	2.5327e-05	0.036368
451.99	3.3872	788.11	0.0012689	62.565	63.222	241.73	137.07	563.85	109.03	6.8461	6.7076e-05	0.044528	0.00020257	322.75	0.0030983	68.484	70.089	256.92	139.72	682.13	81.989	23.007	2.5427e-05	0.036557
452.11	3.3933	786.12	0.0012721	62.602	63.262	241.81	137.14	573.70	108.39	6.9300	6.6821e-05	0.044580	0.00019677	324.46	0.0030820	68.470	70.070	256.87	139.80	695.93	81.858	22.992	2.5528e-05	0.036751
452.22	3.3994	784.09	0.0012754	62.640	63.303	241.90	137.22	584.03	107.75	7.0155	6.6564e-05	0.044634	0.00019101	326.19	0.0030657	68.456	70.050	256.82	139.89	710.40	81.727	22.976	2.5631e-05	0.036950
452.33	3.4055	782.04	0.0012787	62.677	63.343	241.99	137.30	594.88	107.11	7.1029	6.6304e-05	0.044692	0.00018530	327.95	0.0030492	68.441	70.029	256.77	139.97	725.58	81.596	22.959	2.5737e-05	0.037154
452.44	3.4116	779.96	0.0012821	62.715	63.384	242.07	137.39	606.28	106.47	7.1921	6.6041e-05	0.044753	0.00017963	329.74	0.0030326	68.426	70.009	256.72	140.05	741.52	81.464	22.941	2.5844e-05	0.037364
452.55	3.4177	777.85	0.0012856	62.753	63.425	242.16	137.47	618.29	105.83	7.2833	6.5776e-05	0.044819	0.00017400	331.56	0.0030160	68.411	69.987	256.66	140.14	758.28	81.332	22.921	2.5954e-05	0.037579
452.67	3.4238	775.71	0.0012891	62.792	63.467	242.25	137.55	630.94	105.18	7.3765	6.5507e-05	0.044888	0.00016842	333.42	0.0029993	68.395	69.965	256.61	140.22	775.92	81.199	22.900	2.6066e-05	0.037801
452.78	3.4299	773.54	0.0012928	62.831	63.509	242.34	137.64	644.30	104.53	7.4717	6.5236e-05	0.044962	0.00016288	335.30	0.0029824	68.379	69.943	256.55	140.31	794.52	81.067	22.878	2.6180e-05	0.038029
452.89	3.4360	771.33	0.0012965	62.870	63.551	242.43	137.72	658.42	103.89	7.5691	6.4961e-05	0.045040	0.00015739	337.22	0.0029654	68.362	69.920	256.49	140.39	814.16	80.934	22.854	2.6297e-05	0.038263
453.00	3.4421	769.08	0.0013002	62.909	63.594	242.52	137.81	673.37	103.24	7.6687	6.4683e-05	0.045123	0.00015195	339.17	0.0029483	68.344	69.896	256.44	140.48	834.92	80.801	22.829	2.6416e-05	0.038506
453.11	3.4482	766.80	0.0013041	62.949	63.637	242.62	137.90	689.23	102.58	7.7706	6.4402e-05	0.045212	0.00014655	341.17	0.0029311	68.326	69.872	256.38	140.57	856.91	80.667	22.802	2.6539e-05	0.038756
453.22	3.4543	764.48	0.0013081	62.990	63.681	242.71	137.99	706.08	101.93	7.8749	6.4116e-05	0.045305	0.00014120	343.20	0.0029138	68.308	69.847	256.32	140.66	880.24	80.533	22.774	2.6664e-05	0.039014
453.33	3.4604	762.11	0.0013121	63.030	63.725	242.80	138.08	724.00	101.27	7.9818	6.3827e-05	0.045405	0.00013590	345.27	0.0028963	68.288	69.821	256.25	140.75	905.03	80.399	22.744	2.6792e-05	0.039281
453.44	3.4665	759.70	0.0013163	63.071	63.769	242.90	138.17	743.12	100.62	8.0912	6.3533e-05	0.045512	0.00013065	347.39	0.0028786	68.268	69.795	256.19	140.84	931.42	80.265	22.712	2.6923e-05	0.039558
453.55	3.4726	757.24	0.0013206	63.113	63.814	243.00	138.27	763.55	99.955	8.2034	6.3235e-05	0.045625	0.00012545	349.56	0.0028608	68.248	69.767	256.12	140.93	959.57	80.130	22.678	2.7058e-05	0.039845
453.66	3.4787	754.74	0.0013250	63.155	63.860	243.10	138.37	785.43	99.293	8.3184	6.2933e-05	0.045745	0.00012030	351.77	0.0028428	68.227	69.739	256.05	141.02	989.67	79.995	22.642	2.7197e-05	0.040144
453.77	3.4848	752.18	0.0013295	63.198	63.906	243.19	138.46	808.92	98.628	8.4364	6.2625e-05	0.045873	0.00011520	354.04	0.0028246	68.205	69.710	255.98	141.11	1021.9	79.860	22.604	2.7339e-05	0.040454
453.88	3.4909	749.56	0.0013341	63.241	63.953	243.30	138.56	834.19	97.961	8.5575	6.2312e-05	0.046010	0.00011015	356.36	0.0028062	68.182	69.680	255.91	141.21	1056.6	79.724	22.564	2.7486e-05	0.040777
453.98	3.4970	746.89	0.0013389	63.285	64.001	243.40	138.67	861.46	97.292	8.6818	6.1994e-05	0.046157	0.00010516	358.74	0.0027876	68.158	69.649	255.84	141.30	1093.9	79.588	22.521	2.7636e-05	0.041115
454.09	3.5031	744.15	0.0013438	63.329	64.049	243.50	138.77	890.97	96.620	8.8096	6.1670e-05	0.046313	0.00010022	361.18	0.0027687	68.134	69.617	255.76	141.40	1134.2	79.452	22.475	2.7792e-05	0.041467
454.20	3.5092	741.35	0.0013489	63.375	64.098	243.61	138.88	923.01	95.945	8.9409	6.1339e-05	0.046481	9.5341e-05	363.69	0.0027496	68.108	69.584	255.68	141.50	1177.8	79.315	22.426	2.7952e-05	0.041837
454.31	3.5153	738.48	0.0013541	63.420	64.148	243.71	138.98	957.90	95.268	9.0760	6.1001e-05	0.046661	9.0516e-05	366.27	0.0027302	68.082	69.550	255.60	141.60	1225.2	79.178	22.375	2.8118e-05	0.042225
454.42	3.5214	735.52	0.0013596	63.467	64.199	243.82	139.10	996.05	94.587	9.2151	6.0656e-05	0.046855	8.5749e-05	368.93	0.0027106	68.054	69.514	255.52	141.70	1276.9	79.041	22.320	2.8289e-05	0.042634
454.53	3.5275	732.49	0.0013652	63.515	64.251	243.93	139.21	1037.9	93.903	9.3584	6.0304e-05	0.047064	8.1042e-05	371.67	0.0026906	68.026	69.477	255.43	141.80	1333.6	78.903	22.262	2.8467e-05	0.043065
454.63	3.5336	729.36	0.0013711	63.563	64.304	244.05	139.33	1084.0	93.216	9.5062	5.9942e-05	0.047290	7.6396e-05	374.50	0.0026703	67.996	69.439	255.34	141.90	1395.8	78.765	22.199	2.8651e-05	0.043521
454.74	3.5397	726.14	0.0013771	63.613	64.358	244.16	139.45	1135.2	92.526	9.6588	5.9571e-05	0.047534	7.1813e-05	377.42	0.0026495	67.964	69.399	255.25	142.01	1464.6	78.626	22.133	2.8843e-05	0.044006
454.85	3.5458	722.81	0.0013835	63.663	64.414	244.28	139.57	1192.0	91.832	9.8163	5.9191e-05	0.047801	6.7295e-05	380.46	0.0026284	67.931	69.357	255.15	142.11	1540.9	78.488	22.062	2.9042e-05	0.044522
454.95	3.5519	719.36	0.0013901	63.715	64.470	244.40	139.69	1255.7	91.133	9.9793	5.8799e-05	0.048091	6.2843e-05	383.60	0.0026068	67.897	69.313	255.05	142.22	1626.1	78.348	21.986	2.9251e-05	0.045074
455.06	3.5580	715.79	0.0013971	63.768	64.529	244.53	139.83	1327.5	90.431	10.148	5.8395e-05	0.048410	5.8461e-05	386.88	0.0025848	67.861	69.267	254.94	142.33	1721.7	78.209	21.905	2.9469e-05	0.045666
455.17	3.5642	712.08	0.0014043	63.823	64.589	244.66	139.96	1409.0	89.724	10.323	5.7977e-05	0.048761	5.4150e-05	390.30	0.0025621	67.823	69.219	254.83	142.44	1830.0	78.069	21.817	2.9698e-05	0.046306
455.27	3.5703	708.21	0.0014120	63.880	64.650	244.79	140.10	1502.2	89.012	10.505	5.7545e-05	0.049150	4.9914e-05	393.87	0.0025389	67.782	69.169	254.72	142.55	1953.3	77.929	21.723	2.9938e-05	0.047000
455.38	3.5764	704.17	0.0014201	63.938	64.714	244.93	140.24	1609.8	88.295	10.694	5.7096e-05	0.049585	4.5754e-05	397.62	0.0025149	67.740	69.115	254.59	142.67	2095.2	77.789	21.622	3.0192e-05	0.047757
455.48	3.5825	699.92	0.0014287	63.998	64.781	245.07	140.39	1735.3	87.572	10.891	5.6629e-05	0.050073	4.1675e-05	401.57	0.0024902	67.694	69.059	254.46	142.79	2260.0	77.648	21.512	3.0462e-05	0.048590
455.59	3.5886	695.46	0.0014379	64.061	64.850	245.22	140.55	1883.5	86.843	11.098	5.6140e-05	0.050626	3.7680e-05	405.74	0.0024646	67.646	68.998	254.33	142.91	2453.8	77.507	21.393	3.0748e-05	0.049514
455.69	3.5947	690.74	0.0014477	64.126	64.922	245.38	140.71	2061.0	86.107	11.314	5.5627e-05	0.051260	3.3775e-05	410.18	0.0024380	67.594	68.934	254.18	143.03	2684.6	77.366	21.264	3.1055e-05	0.050547
455.80	3.6008	685.72	0.0014583	64.195	64.998	245.54	140.89	2277.1	85.363	11.541	5.5086e-05	0.051995	2.9963e-05	414.91	0.0024102	67.538	68.865	254.02	143.15	2964.2	77.225	21.122	3.1385e-05	0.051716
455.90	3.6069	680.35	0.0014698	64.268	65.079	245.71	141.07	2545.4	84.610	11.781	5.4512e-05	0.052861	2.6252e-05	420.00	0.0023809	67.477	68.790	253.86	143.28	3309.3	77.083	20.965	3.1743e-05	0.053058
456.01	3.6130	674.56	0.0014825	64.345	65.164	245.90	141.26	2886.8	83.847	12.037	5.3898e-05	0.053899	2.2648e-05	425.52	0.0023500	67.411	68.709	253.67	143.41	3745.5	76.942	20.791	3.2134e-05	0.054623
456.11	3.6191	668.25	0.0014964	64.428	65.257	246.10	141.46	3334.6	83.072	12.309	5.3236e-05	0.055173	1.9160e-05	431.57	0.0023171	67.337	68.620	253.47	143.55	4313.5	76.802	20.596	3.2567e-05	0.056488
456.22	3.6252	661.30	0.0015122	64.518	65.357	246.31	141.69	3945.3	82.282	12.604	5.2514e-05	0.056781	1.5799e-05	438.28	0.0022817	67.255	68.520	253.25	143.68	5081.6	76.662	20.376	3.3052e-05	0.058771
456.32	3.6313	653.51	0.0015302	64.618	65.468	246.56	141.93	4822.8	81.475	12.926	5.1713e-05	0.058893	1.2580e-05	445.85	0.0022429	67.162	68.407	253.00	143.82	6174.5	76.524	20.122	3.3607e-05	0.061666
456.42	3.6374	644.57	0.0015514	64.731	65.594	246.83	142.19	6179.6	80.646	13.284	5.0807e-05	0.061820	9.5217e-06	454.61	0.0021997	67.053	68.277	252.71	143.97	7844.2	76.389	19.823	3.4256e-05	0.065531
456.53	3.6435	633.97	0.0015774	64.862	65.741	247.15	142.50	8524.5	79.785	13.694	4.9749e-05	0.066226	6.6521e-06	465.09	0.0021501	66.923	68.121	252.36	144.11	10686.	76.260	19.461	3.5046e-05	0.071100
456.63	3.6496	620.67	0.0016112	65.025	65.924	247.54	142.85	13428.	78.878	14.187	4.8445e-05	0.073844	4.0151e-06	478.38	0.0020904	66.756	67.923	251.92	144.25	16503.	76.145	18.998	3.6067e-05	0.080252
456.73	3.6557	601.94	0.0016613	65.250	66.179	248.10	undefined	undefined	undefined	14.846	4.6655e-05	undefined	1.6953e-06	497.32	0.0020108	66.520	67.644	251.31	undefined	undefined	undefined	18.339	3.7558e-05	undefined
456.83	3.6618	550.00	0.0018182	65.873	66.891	249.65	undefined	undefined	undefined	0.0000	4.1953e-05	undefined	0.0000	550.00	0.0018182	65.873	66.891	249.65	undefined	undefined	undefined	0.0000	4.1953e-05	undefined
