Temperature (K)	Pressure (MPa)	Density (l, kg/m3)	Volume (l, m3/kg)	Internal Energy (l, kJ/mol)	Enthalpy (l, kJ/mol)	Entropy (l, J/mol*K)	Cv (l, J/mol*K)	Cp (l, J/mol*K)	Sound Spd. (l, m/s)	Joule-Thomson (l, K/MPa)	Viscosity (l, Pa*s)	Therm. Cond. (l, W/m*K)	Surf. Tension (l, N/m)	Density (v, kg/m3)	Volume (v, m3/kg)	Internal Energy (v, kJ/mol)	Enthalpy (v, kJ/mol)	Entropy (v, J/mol*K)	Cv (v, J/mol*K)	Cp (v, J/mol*K)	Sound Spd. (v, m/s)	Joule-Thomson (v, K/MPa)	Viscosity (v, Pa*s)	Therm. Cond. (v, W/m*K)
169.85	0.00038960	1591.1	0.00062849	7.2908	7.2908	42.101	80.830	120.79	1120.0	-0.38145	0.0021535	0.14525	0.027382	0.028175	35.493	32.764	34.175	200.38	51.318	59.719	126.79	373.56	6.8294e-06	0.0030802
201.67	0.0071544	1505.9	0.00066404	11.162	11.163	62.988	81.915	123.23	959.34	-0.34894	0.00083571	0.12685	0.022195	0.43833	2.2814	34.464	36.129	186.79	58.885	67.627	136.44	111.61	8.0791e-06	0.0056316
211.12	0.013919	1480.0	0.00067570	12.333	12.334	68.663	82.736	124.50	912.85	-0.33502	0.00068691	0.12178	0.020696	0.81789	1.2227	34.998	36.735	184.24	61.144	70.101	138.91	87.874	8.4422e-06	0.0063922
217.28	0.020684	1462.8	0.00068361	13.102	13.104	72.253	83.324	125.40	882.97	-0.32488	0.00061143	0.11857	0.019731	1.1851	0.84383	35.351	37.132	182.84	62.632	71.775	140.39	76.739	8.6760e-06	0.0068884
221.95	0.027449	1449.7	0.00068980	13.690	13.692	74.927	83.793	126.13	860.49	-0.31656	0.00056248	0.11618	0.019004	1.5444	0.64748	35.621	37.434	181.90	63.776	73.087	141.43	69.842	8.8520e-06	0.0072655
225.76	0.034214	1438.9	0.00069497	14.171	14.173	77.076	84.186	126.75	842.28	-0.30935	0.00052693	0.11426	0.018416	1.8982	0.52682	35.842	37.681	181.21	64.719	74.189	142.23	64.987	8.9945e-06	0.0075736
228.99	0.040979	1429.7	0.00069946	14.582	14.585	78.884	84.528	127.29	826.88	-0.30289	0.00049934	0.11264	0.017919	2.2476	0.44493	36.031	37.891	180.66	65.530	75.151	142.87	61.306	9.1151e-06	0.0078360
231.82	0.047743	1421.5	0.00070347	14.942	14.946	80.449	84.832	127.78	813.47	-0.29699	0.00047699	0.11124	0.017487	2.5935	0.38559	36.196	38.074	180.22	66.246	76.012	143.39	58.375	9.2200e-06	0.0080658
234.35	0.054508	1414.2	0.00070710	15.265	15.269	81.833	85.107	128.23	801.56	-0.29150	0.00045830	0.11001	0.017104	2.9365	0.34055	36.344	38.238	179.85	66.890	76.797	143.84	55.960	9.3132e-06	0.0082710
236.63	0.061273	1407.6	0.00071043	15.558	15.562	83.077	85.358	128.64	790.81	-0.28635	0.00044233	0.10890	0.016758	3.2770	0.30516	36.477	38.385	179.53	67.478	77.521	144.21	53.920	9.3972e-06	0.0084570
238.72	0.068038	1401.5	0.00071353	15.827	15.832	84.208	85.590	129.03	781.01	-0.28147	0.00042842	0.10789	0.016443	3.6155	0.27659	36.600	38.520	179.25	68.021	78.197	144.54	52.162	9.4739e-06	0.0086275
240.65	0.074803	1395.8	0.00071643	16.075	16.081	85.246	85.806	129.39	771.97	-0.27682	0.00041615	0.10696	0.016153	3.9521	0.25303	36.713	38.644	179.01	68.526	78.832	144.83	50.623	9.5446e-06	0.0087853
242.44	0.081567	1390.5	0.00071916	16.308	16.314	86.208	86.009	129.74	763.58	-0.27236	0.00040518	0.10610	0.015884	4.2871	0.23326	36.818	38.759	178.79	69.000	79.433	145.08	49.260	9.6102e-06	0.0089323
244.12	0.088332	1385.5	0.00072175	16.525	16.532	87.103	86.200	130.06	755.74	-0.26807	0.00039529	0.10530	0.015633	4.6207	0.21642	36.916	38.867	178.59	69.446	80.004	145.30	48.038	9.6714e-06	0.0090701
245.70	0.095097	1380.8	0.00072421	16.731	16.738	87.942	86.381	130.38	748.38	-0.26392	0.00038630	0.10456	0.015398	4.9531	0.20189	37.009	38.968	178.42	69.868	80.550	145.50	46.935	9.7290e-06	0.0092001
247.19	0.10186	1376.3	0.00072657	16.926	16.933	88.732	86.553	130.68	741.43	-0.25989	0.00037807	0.10385	0.015176	5.2843	0.18924	37.096	39.063	178.26	70.270	81.073	145.68	45.931	9.7833e-06	0.0093231
248.61	0.10863	1372.1	0.00072883	17.111	17.119	89.478	86.717	130.97	734.85	-0.25598	0.00037049	0.10319	0.014966	5.6145	0.17811	37.179	39.153	178.11	70.653	81.576	145.84	45.011	9.8348e-06	0.0094400
249.96	0.11539	1368.0	0.00073100	17.287	17.296	90.187	86.874	131.25	728.58	-0.25217	0.00036347	0.10255	0.014767	5.9438	0.16824	37.258	39.239	177.97	71.020	82.062	145.98	44.164	9.8837e-06	0.0095515
251.24	0.12216	1364.1	0.00073310	17.456	17.465	90.861	87.024	131.52	722.61	-0.24844	0.00035695	0.10195	0.014578	6.2723	0.15943	37.333	39.321	177.85	71.372	82.532	146.11	43.379	9.9304e-06	0.0096582
252.48	0.12892	1360.3	0.00073512	17.618	17.628	91.504	87.169	131.79	716.90	-0.24480	0.00035085	0.10138	0.014396	6.6000	0.15151	37.405	39.398	177.73	71.710	82.987	146.22	42.650	9.9751e-06	0.0097605
253.66	0.13569	1356.7	0.00073708	17.774	17.784	92.119	87.309	132.04	711.42	-0.24122	0.00034514	0.10083	0.014223	6.9271	0.14436	37.474	39.473	177.62	72.037	83.428	146.32	41.969	1.0018e-05	0.0098589
254.80	0.14245	1353.2	0.00073898	17.924	17.934	92.709	87.443	132.29	706.16	-0.23772	0.00033976	0.10031	0.014057	7.2535	0.13786	37.541	39.545	177.52	72.352	83.858	146.42	41.332	1.0059e-05	0.0099536
255.89	0.14922	1349.8	0.00074083	18.068	18.080	93.276	87.574	132.54	701.10	-0.23427	0.00033469	0.099803	0.013897	7.5794	0.13194	37.605	39.613	177.43	72.657	84.277	146.50	40.733	1.0099e-05	0.010045
256.95	0.15598	1346.6	0.00074263	18.208	18.220	93.822	87.700	132.77	696.21	-0.23088	0.00032989	0.099317	0.013743	7.9048	0.12651	37.666	39.680	177.34	72.953	84.685	146.57	40.169	1.0137e-05	0.010133
257.97	0.16275	1343.4	0.00074439	18.344	18.356	94.349	87.823	133.01	691.49	-0.22754	0.00032534	0.098848	0.013594	8.2297	0.12151	37.726	39.743	177.25	73.240	85.084	146.64	39.635	1.0174e-05	0.010219
258.96	0.16951	1340.3	0.00074610	18.475	18.488	94.857	87.942	133.23	686.93	-0.22425	0.00032102	0.098395	0.013451	8.5542	0.11690	37.783	39.805	177.17	73.518	85.475	146.70	39.131	1.0210e-05	0.010302
259.92	0.17627	1337.3	0.00074778	18.603	18.616	95.349	88.057	133.46	682.50	-0.22100	0.00031690	0.097958	0.013312	8.8783	0.11263	37.839	39.865	177.10	73.790	85.857	146.75	38.652	1.0245e-05	0.010383
260.85	0.18304	1334.4	0.00074941	18.727	18.741	95.825	88.170	133.68	678.21	-0.21779	0.00031298	0.097534	0.013178	9.2020	0.10867	37.893	39.922	177.03	74.054	86.231	146.79	38.196	1.0278e-05	0.010461
261.76	0.18980	1331.5	0.00075101	18.847	18.862	96.287	88.280	133.89	674.05	-0.21461	0.00030922	0.097123	0.013047	9.5254	0.10498	37.945	39.978	176.96	74.311	86.598	146.83	37.762	1.0311e-05	0.010538
262.64	0.19657	1328.8	0.00075259	18.965	18.980	96.735	88.387	134.10	669.99	-0.21147	0.00030562	0.096724	0.012921	9.8486	0.10154	37.996	40.033	176.89	74.563	86.959	146.87	37.348	1.0343e-05	0.010612
263.49	0.20333	1326.0	0.00075413	19.080	19.095	97.171	88.492	134.31	666.05	-0.20837	0.00030217	0.096336	0.012798	10.171	0.098314	38.046	40.085	176.83	74.808	87.313	146.90	36.953	1.0374e-05	0.010685
264.33	0.21010	1323.4	0.00075564	19.191	19.208	97.595	88.594	134.52	662.21	-0.20529	0.00029886	0.095959	0.012678	10.494	0.095291	38.094	40.137	176.77	75.048	87.662	146.92	36.574	1.0404e-05	0.010755
265.14	0.21686	1320.8	0.00075712	19.301	19.317	98.007	88.694	134.72	658.46	-0.20224	0.00029568	0.095592	0.012562	10.817	0.092450	38.141	40.187	176.72	75.283	88.004	146.94	36.211	1.0434e-05	0.010825
265.94	0.22363	1318.2	0.00075858	19.407	19.425	98.410	88.792	134.92	654.81	-0.19922	0.00029261	0.095234	0.012448	11.139	0.089776	38.187	40.235	176.66	75.512	88.342	146.96	35.863	1.0463e-05	0.010892
266.71	0.23039	1315.8	0.00076002	19.512	19.530	98.802	88.888	135.12	651.24	-0.19622	0.00028965	0.094886	0.012338	11.461	0.087253	38.231	40.282	176.61	75.738	88.674	146.97	35.528	1.0491e-05	0.010959
267.47	0.23716	1313.3	0.00076143	19.614	19.632	99.184	88.982	135.31	647.75	-0.19324	0.00028680	0.094545	0.012230	11.783	0.084868	38.275	40.329	176.56	75.958	89.002	146.98	35.206	1.0519e-05	0.011024
268.21	0.24392	1310.9	0.00076283	19.714	19.733	99.558	89.075	135.50	644.34	-0.19028	0.00028404	0.094213	0.012124	12.105	0.082612	38.318	40.374	176.51	76.174	89.325	146.99	34.896	1.0546e-05	0.011087
268.94	0.25069	1308.6	0.00076420	19.812	19.832	99.924	89.165	135.69	641.00	-0.18735	0.00028138	0.093888	0.012021	12.427	0.080473	38.359	40.418	176.47	76.387	89.644	146.99	34.598	1.0572e-05	0.011150
269.65	0.25745	1306.2	0.00076555	19.908	19.928	100.28	89.254	135.88	637.73	-0.18443	0.00027880	0.093570	0.011921	12.748	0.078442	38.400	40.461	176.42	76.595	89.959	146.99	34.309	1.0598e-05	0.011211
270.35	0.26422	1304.0	0.00076688	20.003	20.023	100.63	89.342	136.07	634.52	-0.18154	0.00027630	0.093259	0.011822	13.070	0.076512	38.440	40.503	176.38	76.800	90.270	146.98	34.031	1.0623e-05	0.011271
271.03	0.27098	1301.7	0.00076820	20.095	20.117	100.97	89.428	136.25	631.38	-0.17865	0.00027387	0.092955	0.011725	13.391	0.074675	38.479	40.544	176.34	77.001	90.578	146.98	33.762	1.0648e-05	0.011330
271.70	0.27775	1299.5	0.00076950	20.186	20.208	101.31	89.512	136.43	628.30	-0.17579	0.00027152	0.092656	0.011631	13.713	0.072925	38.517	40.584	176.30	77.199	90.882	146.97	33.502	1.0673e-05	0.011388
272.36	0.28451	1297.4	0.00077078	20.276	20.298	101.64	89.595	136.61	625.28	-0.17293	0.00026924	0.092364	0.011538	14.034	0.071254	38.555	40.623	176.26	77.394	91.182	146.96	33.250	1.0697e-05	0.011445
273.01	0.29128	1295.3	0.00077205	20.364	20.387	101.96	89.677	136.79	622.31	-0.17010	0.00026702	0.092077	0.011448	14.356	0.069659	38.591	40.662	176.23	77.585	91.480	146.94	33.006	1.0721e-05	0.011502
273.64	0.29804	1293.2	0.00077330	20.450	20.474	102.28	89.758	136.97	619.39	-0.16727	0.00026486	0.091796	0.011359	14.677	0.068133	38.628	40.699	176.19	77.774	91.774	146.93	32.769	1.0744e-05	0.011557
274.26	0.30481	1291.1	0.00077454	20.535	20.559	102.59	89.837	137.14	616.53	-0.16446	0.00026276	0.091520	0.011271	14.999	0.066673	38.663	40.736	176.16	77.960	92.065	146.91	32.540	1.0767e-05	0.011611
274.88	0.31157	1289.0	0.00077577	20.619	20.644	102.89	89.915	137.31	613.71	-0.16166	0.00026071	0.091249	0.011186	15.320	0.065274	38.698	40.773	176.12	78.142	92.353	146.89	32.317	1.0790e-05	0.011665
275.48	0.31834	1287.0	0.00077698	20.701	20.727	103.19	89.992	137.49	610.94	-0.15887	0.00025872	0.090982	0.011101	15.642	0.063932	38.732	40.808	176.09	78.323	92.639	146.87	32.101	1.0812e-05	0.011718
276.07	0.32510	1285.1	0.00077818	20.782	20.808	103.49	90.068	137.66	608.22	-0.15609	0.00025678	0.090721	0.011019	15.963	0.062644	38.765	40.843	176.06	78.500	92.922	146.84	31.890	1.0834e-05	0.011770
276.66	0.33187	1283.1	0.00077936	20.862	20.889	103.78	90.143	137.83	605.54	-0.15331	0.00025488	0.090463	0.010937	16.285	0.061407	38.798	40.878	176.03	78.676	93.203	146.82	31.686	1.0856e-05	0.011822
277.23	0.33863	1281.2	0.00078054	20.941	20.968	104.06	90.217	138.00	602.89	-0.15055	0.00025303	0.090210	0.010857	16.606	0.060218	38.831	40.911	176.00	78.849	93.481	146.79	31.487	1.0877e-05	0.011872
277.80	0.34540	1279.3	0.00078170	21.019	21.047	104.34	90.290	138.16	600.29	-0.14780	0.00025123	0.089961	0.010779	16.928	0.059073	38.863	40.944	175.97	79.019	93.757	146.76	31.293	1.0898e-05	0.011922
278.36	0.35216	1277.4	0.00078285	21.096	21.124	104.62	90.362	138.33	597.73	-0.14505	0.00024946	0.089716	0.010702	17.250	0.057971	38.894	40.977	175.94	79.188	94.031	146.73	31.105	1.0919e-05	0.011972
278.90	0.35892	1275.5	0.00078400	21.171	21.200	104.89	90.434	138.50	595.21	-0.14231	0.00024774	0.089475	0.010626	17.572	0.056909	38.925	41.009	175.91	79.354	94.303	146.70	30.921	1.0939e-05	0.012021
279.45	0.36569	1273.7	0.00078513	21.246	21.275	105.16	90.504	138.66	592.72	-0.13958	0.00024605	0.089237	0.010551	17.894	0.055885	38.955	41.040	175.89	79.518	94.572	146.66	30.742	1.0959e-05	0.012069
279.98	0.37245	1271.9	0.00078625	21.319	21.349	105.42	90.573	138.82	590.27	-0.13685	0.00024440	0.089003	0.010477	18.216	0.054897	38.985	41.071	175.86	79.680	94.840	146.63	30.567	1.0979e-05	0.012117
280.51	0.37922	1270.1	0.00078737	21.392	21.423	105.68	90.642	138.99	587.84	-0.13413	0.00024279	0.088773	0.010404	18.538	0.053943	39.015	41.102	175.83	79.840	95.106	146.59	30.397	1.0999e-05	0.012164
281.03	0.38598	1268.3	0.00078847	21.464	21.495	105.93	90.710	139.15	585.46	-0.13142	0.00024121	0.088545	0.010333	18.860	0.053021	39.044	41.132	175.81	79.998	95.369	146.55	30.231	1.1019e-05	0.012210
281.54	0.39275	1266.5	0.00078957	21.535	21.566	106.19	90.777	139.31	583.10	-0.12871	0.00023966	0.088321	0.010262	19.183	0.052130	39.072	41.161	175.78	80.155	95.632	146.52	30.068	1.1038e-05	0.012256
282.04	0.39951	1264.8	0.00079065	21.605	21.637	106.43	90.844	139.47	580.77	-0.12600	0.00023814	0.088100	0.010193	19.505	0.051268	39.100	41.190	175.76	80.309	95.892	146.48	29.910	1.1057e-05	0.012302
282.54	0.40628	1263.1	0.00079173	21.674	21.707	106.68	90.909	139.63	578.48	-0.12330	0.00023666	0.087882	0.010124	19.828	0.050433	39.128	41.219	175.74	80.462	96.151	146.43	29.755	1.1076e-05	0.012347
283.04	0.41304	1261.3	0.00079280	21.742	21.776	106.92	90.974	139.79	576.21	-0.12060	0.00023520	0.087667	0.010057	20.151	0.049625	39.156	41.247	175.72	80.613	96.408	146.39	29.603	1.1095e-05	0.012392
283.52	0.41981	1259.7	0.00079386	21.810	21.844	107.16	91.039	139.94	573.97	-0.11791	0.00023377	0.087455	0.0099902	20.474	0.048842	39.183	41.275	175.69	80.763	96.664	146.35	29.455	1.1113e-05	0.012436
284.00	0.42657	1258.0	0.00079492	21.877	21.912	107.40	91.102	140.10	571.76	-0.11522	0.00023237	0.087245	0.0099245	20.797	0.048083	39.209	41.302	175.67	80.911	96.918	146.30	29.311	1.1131e-05	0.012480
284.48	0.43334	1256.3	0.00079597	21.943	21.978	107.63	91.165	140.26	569.57	-0.11253	0.00023099	0.087038	0.0098597	21.121	0.047347	39.235	41.329	175.65	81.058	97.171	146.26	29.169	1.1150e-05	0.012523
284.95	0.44010	1254.7	0.00079701	22.008	22.044	107.86	91.228	140.41	567.41	-0.10985	0.00022964	0.086834	0.0097957	21.444	0.046632	39.261	41.355	175.63	81.202	97.422	146.21	29.030	1.1167e-05	0.012566
285.41	0.44687	1253.1	0.00079804	22.073	22.110	108.09	91.290	140.57	565.28	-0.10716	0.00022831	0.086632	0.0097325	21.768	0.045939	39.287	41.382	175.61	81.346	97.672	146.16	28.895	1.1185e-05	0.012609
285.87	0.45363	1251.5	0.00079907	22.137	22.174	108.31	91.351	140.72	563.16	-0.10448	0.00022701	0.086432	0.0096701	22.092	0.045265	39.312	41.407	175.59	81.488	97.921	146.12	28.762	1.1203e-05	0.012651
286.33	0.46040	1249.9	0.00080009	22.201	22.238	108.53	91.412	140.87	561.08	-0.10181	0.00022573	0.086235	0.0096085	22.416	0.044611	39.337	41.433	175.57	81.629	98.169	146.07	28.631	1.1220e-05	0.012693
286.77	0.46716	1248.3	0.00080111	22.263	22.302	108.75	91.472	141.03	559.01	-0.099129	0.00022447	0.086041	0.0095477	22.740	0.043975	39.362	41.458	175.55	81.768	98.415	146.02	28.504	1.1238e-05	0.012734
287.22	0.47393	1246.7	0.00080211	22.325	22.364	108.97	91.531	141.18	556.97	-0.096453	0.00022323	0.085848	0.0094876	23.065	0.043356	39.386	41.483	175.53	81.906	98.661	145.97	28.379	1.1255e-05	0.012775
287.66	0.48069	1245.1	0.00080312	22.387	22.426	109.18	91.590	141.33	554.95	-0.093778	0.00022202	0.085658	0.0094283	23.389	0.042754	39.410	41.507	175.51	82.043	98.905	145.91	28.256	1.1272e-05	0.012816
288.09	0.48746	1243.6	0.00080411	22.448	22.488	109.39	91.649	141.48	552.94	-0.091104	0.00022082	0.085470	0.0093696	23.714	0.042168	39.434	41.531	175.50	82.178	99.148	145.86	28.136	1.1289e-05	0.012856
288.52	0.49422	1242.1	0.00080511	22.508	22.549	109.60	91.707	141.64	550.96	-0.088431	0.00021964	0.085284	0.0093116	24.040	0.041598	39.457	41.555	175.48	82.312	99.390	145.81	28.018	1.1305e-05	0.012896
288.95	0.50099	1240.6	0.00080609	22.568	22.609	109.81	91.764	141.79	549.00	-0.085758	0.00021848	0.085099	0.0092543	24.365	0.041043	39.481	41.578	175.46	82.445	99.631	145.75	27.903	1.1322e-05	0.012936
289.37	0.50775	1239.0	0.00080707	22.627	22.669	110.02	91.822	141.94	547.06	-0.083085	0.00021734	0.084917	0.0091977	24.690	0.040502	39.503	41.602	175.44	82.577	99.871	145.70	27.789	1.1338e-05	0.012975
289.78	0.51452	1237.6	0.00080805	22.686	22.728	110.22	91.878	142.09	545.14	-0.080412	0.00021622	0.084737	0.0091416	25.016	0.039974	39.526	41.625	175.43	82.708	100.11	145.64	27.678	1.1355e-05	0.013014
290.20	0.52128	1236.1	0.00080902	22.744	22.787	110.42	91.934	142.24	543.24	-0.077738	0.00021511	0.084559	0.0090862	25.342	0.039460	39.548	41.647	175.41	82.838	100.35	145.59	27.569	1.1371e-05	0.013053
290.60	0.52805	1234.6	0.00080998	22.801	22.845	110.62	91.990	142.39	541.36	-0.075065	0.00021402	0.084382	0.0090314	25.669	0.038958	39.571	41.670	175.39	82.966	100.59	145.53	27.461	1.1387e-05	0.013092
291.01	0.53481	1233.1	0.00081094	22.858	22.903	110.81	92.045	142.53	539.49	-0.072390	0.00021295	0.084208	0.0089773	25.995	0.038469	39.592	41.692	175.38	83.094	100.82	145.47	27.356	1.1403e-05	0.013130
291.41	0.54157	1231.7	0.00081190	22.915	22.960	111.01	92.100	142.68	537.64	-0.069715	0.00021189	0.084035	0.0089236	26.322	0.037991	39.614	41.713	175.36	83.220	101.06	145.42	27.253	1.1419e-05	0.013168
291.81	0.54834	1230.2	0.00081285	22.971	23.017	111.20	92.155	142.83	535.81	-0.067038	0.00021085	0.083863	0.0088706	26.649	0.037525	39.635	41.735	175.35	83.345	101.29	145.36	27.151	1.1435e-05	0.013206
292.20	0.55510	1228.8	0.00081380	23.027	23.073	111.39	92.209	142.98	533.99	-0.064361	0.00020983	0.083694	0.0088181	26.976	0.037070	39.657	41.756	175.33	83.470	101.53	145.30	27.051	1.1450e-05	0.013244
292.59	0.56187	1227.4	0.00081474	23.082	23.129	111.58	92.262	143.13	532.20	-0.061681	0.00020881	0.083526	0.0087661	27.304	0.036625	39.678	41.777	175.32	83.593	101.76	145.24	26.953	1.1466e-05	0.013281
292.98	0.56863	1226.0	0.00081568	23.137	23.184	111.77	92.315	143.27	530.41	-0.059001	0.00020782	0.083359	0.0087147	27.631	0.036191	39.698	41.798	175.30	83.716	101.99	145.18	26.856	1.1481e-05	0.013318
293.36	0.57540	1224.6	0.00081661	23.191	23.239	111.95	92.368	143.42	528.65	-0.056318	0.00020683	0.083194	0.0086638	27.959	0.035766	39.719	41.819	175.29	83.837	102.23	145.12	26.761	1.1497e-05	0.013355
293.74	0.58216	1223.2	0.00081754	23.245	23.293	112.14	92.421	143.57	526.89	-0.053634	0.00020586	0.083031	0.0086134	28.288	0.035351	39.739	41.839	175.27	83.958	102.46	145.05	26.668	1.1512e-05	0.013391
294.11	0.58893	1221.8	0.00081847	23.298	23.347	112.32	92.473	143.71	525.16	-0.050948	0.00020490	0.082869	0.0085635	28.616	0.034945	39.759	41.859	175.26	84.078	102.69	144.99	26.576	1.1527e-05	0.013428
294.49	0.59569	1220.4	0.00081939	23.351	23.401	112.50	92.525	143.86	523.43	-0.048259	0.00020396	0.082709	0.0085141	28.945	0.034548	39.779	41.879	175.24	84.197	102.92	144.93	26.486	1.1542e-05	0.013464
294.86	0.60246	1219.0	0.00082031	23.404	23.454	112.68	92.576	144.01	521.72	-0.045568	0.00020302	0.082550	0.0084651	29.274	0.034160	39.799	41.898	175.23	84.315	103.15	144.87	26.397	1.1557e-05	0.013500
295.22	0.60922	1217.7	0.00082123	23.456	23.507	112.85	92.627	144.15	520.03	-0.042874	0.00020210	0.082392	0.0084167	29.604	0.033780	39.818	41.918	175.22	84.432	103.38	144.80	26.310	1.1572e-05	0.013535
295.59	0.61599	1216.3	0.00082214	23.508	23.560	113.03	92.678	144.30	518.35	-0.040178	0.00020119	0.082236	0.0083687	29.933	0.033407	39.837	41.937	175.20	84.548	103.61	144.74	26.224	1.1587e-05	0.013571
295.95	0.62275	1215.0	0.00082305	23.559	23.612	113.20	92.729	144.44	516.68	-0.037479	0.00020029	0.082081	0.0083211	30.263	0.033043	39.857	41.956	175.19	84.663	103.83	144.67	26.139	1.1602e-05	0.013606
296.30	0.62952	1213.7	0.00082395	23.610	23.663	113.38	92.779	144.59	515.03	-0.034777	0.00019941	0.081928	0.0082740	30.594	0.032686	39.875	41.975	175.18	84.778	104.06	144.61	26.056	1.1616e-05	0.013641
296.66	0.63628	1212.3	0.00082486	23.661	23.715	113.55	92.828	144.73	513.39	-0.032072	0.00019853	0.081775	0.0082273	30.924	0.032337	39.894	41.993	175.16	84.892	104.29	144.54	25.974	1.1631e-05	0.013676
297.01	0.64305	1211.0	0.00082575	23.711	23.765	113.72	92.878	144.88	511.76	-0.029364	0.00019767	0.081624	0.0081810	31.255	0.031995	39.913	42.012	175.15	85.005	104.52	144.48	25.893	1.1645e-05	0.013711
297.36	0.64981	1209.7	0.00082665	23.761	23.816	113.89	92.927	145.02	510.14	-0.026652	0.00019681	0.081475	0.0081352	31.587	0.031659	39.931	42.030	175.14	85.118	104.74	144.41	25.814	1.1660e-05	0.013746
297.70	0.65658	1208.4	0.00082754	23.811	23.866	114.05	92.976	145.17	508.54	-0.023937	0.00019597	0.081326	0.0080898	31.918	0.031330	39.949	42.048	175.13	85.229	104.97	144.34	25.735	1.1674e-05	0.013780
298.05	0.66334	1207.1	0.00082843	23.860	23.916	114.22	93.025	145.31	506.95	-0.021218	0.00019514	0.081179	0.0080447	32.250	0.031008	39.967	42.066	175.11	85.340	105.19	144.28	25.658	1.1689e-05	0.013814
298.39	0.67011	1205.8	0.00082932	23.909	23.966	114.38	93.073	145.46	505.37	-0.018495	0.00019431	0.081032	0.0080001	32.582	0.030692	39.985	42.084	175.10	85.450	105.42	144.21	25.582	1.1703e-05	0.013849
298.73	0.67687	1204.5	0.00083020	23.958	24.015	114.55	93.121	145.60	503.80	-0.015769	0.00019350	0.080887	0.0079558	32.915	0.030382	40.003	42.101	175.09	85.560	105.64	144.14	25.507	1.1717e-05	0.013882
299.06	0.68364	1203.3	0.00083108	24.006	24.064	114.71	93.169	145.75	502.24	-0.013039	0.00019269	0.080743	0.0079119	33.247	0.030078	40.020	42.118	175.08	85.669	105.87	144.07	25.434	1.1731e-05	0.013916
299.39	0.69040	1202.0	0.00083196	24.054	24.112	114.87	93.216	145.89	500.70	-0.010304	0.00019189	0.080600	0.0078684	33.580	0.029779	40.038	42.135	175.07	85.777	106.09	144.00	25.361	1.1745e-05	0.013950
299.73	0.69717	1200.7	0.00083284	24.102	24.161	115.03	93.263	146.03	499.16	-0.0075655	0.00019111	0.080459	0.0078253	33.914	0.029486	40.055	42.152	175.05	85.885	106.31	143.93	25.289	1.1759e-05	0.013983
300.05	0.70393	1199.5	0.00083371	24.149	24.209	115.18	93.310	146.18	497.64	-0.0048225	0.00019033	0.080318	0.0077825	34.248	0.029199	40.072	42.169	175.04	85.991	106.54	143.86	25.218	1.1773e-05	0.014017
300.38	0.71070	1198.2	0.00083458	24.196	24.256	115.34	93.357	146.32	496.12	-0.0020750	0.00018956	0.080178	0.0077401	34.582	0.028917	40.089	42.186	175.03	86.098	106.76	143.79	25.149	1.1787e-05	0.014050
300.70	0.71746	1197.0	0.00083545	24.243	24.304	115.50	93.404	146.47	494.62	0.00067708	0.00018880	0.080040	0.0076980	34.916	0.028640	40.105	42.202	175.02	86.203	106.98	143.72	25.080	1.1801e-05	0.014083
301.02	0.72423	1195.7	0.00083631	24.289	24.351	115.65	93.450	146.61	493.13	0.0034338	0.00018804	0.079902	0.0076563	35.251	0.028368	40.122	42.218	175.01	86.308	107.21	143.65	25.012	1.1815e-05	0.014116
301.34	0.73099	1194.5	0.00083717	24.335	24.398	115.81	93.496	146.75	491.65	0.0061954	0.00018730	0.079765	0.0076149	35.586	0.028101	40.139	42.234	175.00	86.413	107.43	143.58	24.946	1.1828e-05	0.014149
301.66	0.73775	1193.3	0.00083804	24.381	24.444	115.96	93.541	146.90	490.17	0.0089618	0.00018656	0.079630	0.0075738	35.922	0.027838	40.155	42.250	174.99	86.516	107.65	143.51	24.880	1.1842e-05	0.014181
301.98	0.74452	1192.0	0.00083889	24.427	24.490	116.11	93.587	147.04	488.71	0.011733	0.00018583	0.079495	0.0075331	36.257	0.027581	40.171	42.266	174.97	86.620	107.87	143.44	24.815	1.1855e-05	0.014214
302.29	0.75128	1190.8	0.00083975	24.472	24.536	116.26	93.632	147.18	487.26	0.014510	0.00018511	0.079361	0.0074927	36.594	0.027327	40.187	42.282	174.96	86.722	108.09	143.37	24.751	1.1869e-05	0.014246
302.60	0.75805	1189.6	0.00084060	24.517	24.582	116.41	93.677	147.33	485.81	0.017292	0.00018439	0.079228	0.0074525	36.930	0.027078	40.203	42.297	174.95	86.824	108.32	143.30	24.688	1.1883e-05	0.014278
302.91	0.76481	1188.4	0.00084146	24.562	24.627	116.56	93.722	147.47	484.38	0.020079	0.00018368	0.079096	0.0074128	37.267	0.026833	40.219	42.313	174.94	86.926	108.54	143.22	24.625	1.1896e-05	0.014311
303.21	0.77158	1187.2	0.00084231	24.606	24.673	116.70	93.767	147.62	482.95	0.022871	0.00018298	0.078965	0.0073733	37.604	0.026593	40.234	42.328	174.93	87.027	108.76	143.15	24.564	1.1909e-05	0.014343
303.52	0.77834	1186.0	0.00084315	24.651	24.718	116.85	93.811	147.76	481.53	0.025669	0.00018229	0.078835	0.0073341	37.942	0.026356	40.250	42.343	174.92	87.127	108.98	143.08	24.503	1.1923e-05	0.014375
303.82	0.78511	1184.8	0.00084400	24.695	24.762	116.99	93.855	147.90	480.13	0.028473	0.00018160	0.078706	0.0072952	38.280	0.026123	40.265	42.358	174.91	87.227	109.20	143.00	24.443	1.1936e-05	0.014406
304.12	0.79187	1183.7	0.00084484	24.738	24.807	117.14	93.899	148.05	478.73	0.031282	0.00018092	0.078577	0.0072566	38.618	0.025895	40.280	42.373	174.90	87.326	109.42	142.93	24.384	1.1949e-05	0.014438
304.42	0.79864	1182.5	0.00084569	24.782	24.851	117.28	93.943	148.19	477.34	0.034097	0.00018025	0.078449	0.0072183	38.957	0.025669	40.295	42.387	174.89	87.425	109.64	142.85	24.325	1.1963e-05	0.014470
304.71	0.80540	1181.3	0.00084653	24.825	24.895	117.42	93.987	148.34	475.95	0.036918	0.00017958	0.078323	0.0071802	39.296	0.025448	40.310	42.402	174.88	87.523	109.86	142.78	24.268	1.1976e-05	0.014501
305.01	0.81217	1180.1	0.00084736	24.868	24.938	117.57	94.030	148.48	474.58	0.039745	0.00017892	0.078197	0.0071425	39.636	0.025230	40.325	42.416	174.87	87.621	110.08	142.71	24.211	1.1989e-05	0.014533
305.30	0.81893	1179.0	0.00084820	24.911	24.982	117.71	94.073	148.62	473.21	0.042579	0.00017827	0.078071	0.0071050	39.975	0.025015	40.340	42.430	174.86	87.718	110.30	142.63	24.155	1.2002e-05	0.014564
305.59	0.82570	1177.8	0.00084904	24.954	25.025	117.85	94.116	148.77	471.86	0.045418	0.00017762	0.077947	0.0070678	40.316	0.024804	40.355	42.444	174.85	87.815	110.53	142.56	24.099	1.2015e-05	0.014595
305.88	0.83246	1176.7	0.00084987	24.996	25.068	117.98	94.159	148.91	470.51	0.048264	0.00017698	0.077823	0.0070308	40.656	0.024596	40.369	42.458	174.84	87.912	110.75	142.48	24.044	1.2028e-05	0.014626
306.17	0.83923	1175.5	0.00085070	25.038	25.111	118.12	94.201	149.06	469.16	0.051116	0.00017634	0.077700	0.0069941	40.997	0.024392	40.384	42.472	174.83	88.008	110.97	142.40	23.990	1.2041e-05	0.014657
306.45	0.84599	1174.4	0.00085153	25.080	25.153	118.26	94.244	149.20	467.83	0.053975	0.00017571	0.077578	0.0069577	41.339	0.024190	40.398	42.486	174.82	88.103	111.19	142.33	23.937	1.2054e-05	0.014688
306.74	0.85276	1173.2	0.00085236	25.122	25.196	118.40	94.286	149.34	466.50	0.056840	0.00017508	0.077457	0.0069215	41.680	0.023992	40.412	42.500	174.81	88.198	111.41	142.25	23.884	1.2067e-05	0.014719
307.02	0.85952	1172.1	0.00085319	25.163	25.238	118.53	94.328	149.49	465.18	0.059712	0.00017446	0.077336	0.0068856	42.023	0.023797	40.426	42.513	174.80	88.293	111.63	142.18	23.832	1.2080e-05	0.014750
307.30	0.86629	1170.9	0.00085401	25.204	25.280	118.67	94.370	149.63	463.87	0.062590	0.00017385	0.077216	0.0068500	42.365	0.023604	40.440	42.526	174.79	88.387	111.85	142.10	23.780	1.2093e-05	0.014781
307.58	0.87305	1169.8	0.00085484	25.245	25.321	118.80	94.412	149.78	462.57	0.065476	0.00017324	0.077097	0.0068145	42.708	0.023415	40.454	42.540	174.78	88.480	112.07	142.02	23.729	1.2106e-05	0.014811
307.86	0.87982	1168.7	0.00085566	25.286	25.363	118.93	94.453	149.92	461.27	0.068368	0.00017264	0.076978	0.0067793	43.052	0.023228	40.468	42.553	174.77	88.573	112.29	141.94	23.679	1.2119e-05	0.014842
308.13	0.88658	1167.6	0.00085648	25.327	25.404	119.06	94.495	150.07	459.98	0.071268	0.00017204	0.076860	0.0067444	43.395	0.023044	40.481	42.566	174.76	88.666	112.51	141.87	23.629	1.2132e-05	0.014872
308.41	0.89335	1166.5	0.00085730	25.367	25.445	119.20	94.536	150.21	458.69	0.074174	0.00017145	0.076743	0.0067097	43.740	0.022863	40.495	42.579	174.75	88.759	112.73	141.79	23.580	1.2144e-05	0.014903
308.68	0.90011	1165.3	0.00085812	25.407	25.486	119.33	94.577	150.36	457.42	0.077088	0.00017086	0.076627	0.0066752	44.084	0.022684	40.508	42.591	174.74	88.851	112.95	141.71	23.532	1.2157e-05	0.014933
308.95	0.90688	1164.2	0.00085894	25.447	25.527	119.46	94.618	150.50	456.15	0.080009	0.00017028	0.076511	0.0066409	44.429	0.022508	40.521	42.604	174.73	88.942	113.17	141.63	23.484	1.2170e-05	0.014963
309.22	0.91364	1163.1	0.00085975	25.487	25.567	119.59	94.658	150.65	454.88	0.082938	0.00016970	0.076396	0.0066069	44.775	0.022334	40.535	42.617	174.72	89.033	113.39	141.56	23.436	1.2183e-05	0.014994
309.49	0.92040	1162.0	0.00086057	25.527	25.608	119.71	94.699	150.80	453.63	0.085874	0.00016912	0.076281	0.0065731	45.120	0.022163	40.548	42.629	174.71	89.124	113.61	141.48	23.390	1.2195e-05	0.015024
309.76	0.92717	1160.9	0.00086138	25.566	25.648	119.84	94.739	150.94	452.38	0.088817	0.00016856	0.076167	0.0065395	45.467	0.021994	40.561	42.642	174.70	89.214	113.84	141.40	23.343	1.2208e-05	0.015054
310.02	0.93393	1159.8	0.00086219	25.606	25.688	119.97	94.780	151.09	451.13	0.091769	0.00016799	0.076054	0.0065062	45.813	0.021828	40.574	42.654	174.69	89.304	114.06	141.32	23.298	1.2220e-05	0.015084
310.28	0.94070	1158.7	0.00086300	25.645	25.728	120.09	94.820	151.23	449.90	0.094728	0.00016743	0.075941	0.0064730	46.161	0.021664	40.587	42.666	174.68	89.394	114.28	141.24	23.252	1.2233e-05	0.015114
310.55	0.94746	1157.7	0.00086381	25.684	25.767	120.22	94.860	151.38	448.67	0.097694	0.00016688	0.075829	0.0064401	46.508	0.021502	40.599	42.678	174.68	89.483	114.50	141.16	23.208	1.2246e-05	0.015144
310.81	0.95423	1156.6	0.00086462	25.722	25.807	120.35	94.900	151.53	447.44	0.10067	0.00016633	0.075717	0.0064073	46.856	0.021342	40.612	42.690	174.67	89.572	114.72	141.08	23.163	1.2258e-05	0.015174
311.07	0.96099	1155.5	0.00086543	25.761	25.846	120.47	94.939	151.67	446.22	0.10365	0.00016578	0.075606	0.0063748	47.205	0.021184	40.624	42.702	174.66	89.661	114.94	141.00	23.120	1.2271e-05	0.015203
311.33	0.96776	1154.4	0.00086624	25.799	25.885	120.59	94.979	151.82	445.01	0.10664	0.00016524	0.075496	0.0063425	47.553	0.021029	40.637	42.713	174.65	89.749	115.17	140.92	23.076	1.2283e-05	0.015233
311.58	0.97452	1153.3	0.00086705	25.838	25.924	120.72	95.018	151.97	443.80	0.10964	0.00016470	0.075386	0.0063103	47.903	0.020876	40.649	42.725	174.64	89.837	115.39	140.84	23.034	1.2296e-05	0.015263
311.84	0.98129	1152.3	0.00086785	25.876	25.962	120.84	95.057	152.11	442.60	0.11265	0.00016417	0.075277	0.0062784	48.252	0.020724	40.662	42.737	174.63	89.924	115.61	140.76	22.991	1.2308e-05	0.015292
312.09	0.98805	1151.2	0.00086865	25.913	26.001	120.96	95.097	152.26	441.41	0.11566	0.00016364	0.075168	0.0062467	48.603	0.020575	40.674	42.748	174.62	90.011	115.83	140.68	22.950	1.2321e-05	0.015322
312.34	0.99482	1150.1	0.00086946	25.951	26.039	121.08	95.136	152.41	440.22	0.11869	0.00016311	0.075060	0.0062151	48.953	0.020428	40.686	42.759	174.61	90.098	116.06	140.60	22.908	1.2333e-05	0.015351
312.60	1.0016	1149.1	0.00087026	25.989	26.078	121.20	95.174	152.56	439.03	0.12172	0.00016259	0.074952	0.0061838	49.304	0.020282	40.698	42.771	174.60	90.184	116.28	140.52	22.867	1.2346e-05	0.015381
312.85	1.0083	1148.0	0.00087106	26.026	26.116	121.32	95.213	152.70	437.85	0.12476	0.00016207	0.074845	0.0061526	49.656	0.020139	40.710	42.782	174.59	90.270	116.50	140.44	22.827	1.2358e-05	0.015410
313.10	1.0151	1147.0	0.00087186	26.063	26.154	121.44	95.252	152.85	436.68	0.12781	0.00016156	0.074739	0.0061217	50.008	0.019997	40.722	42.793	174.58	90.356	116.73	140.35	22.787	1.2370e-05	0.015440
313.34	1.0219	1145.9	0.00087266	26.100	26.191	121.56	95.290	153.00	435.51	0.13087	0.00016105	0.074633	0.0060909	50.360	0.019857	40.733	42.804	174.58	90.442	116.95	140.27	22.747	1.2383e-05	0.015469
313.59	1.0286	1144.9	0.00087346	26.137	26.229	121.68	95.329	153.15	434.35	0.13394	0.00016054	0.074527	0.0060603	50.713	0.019719	40.745	42.815	174.57	90.527	117.18	140.19	22.708	1.2395e-05	0.015499
313.84	1.0354	1143.8	0.00087426	26.174	26.266	121.79	95.367	153.30	433.20	0.13701	0.00016004	0.074423	0.0060299	51.067	0.019582	40.757	42.825	174.56	90.612	117.40	140.11	22.669	1.2407e-05	0.015528
314.08	1.0422	1142.8	0.00087506	26.211	26.304	121.91	95.405	153.45	432.04	0.14010	0.00015954	0.074318	0.0059996	51.421	0.019447	40.768	42.836	174.55	90.696	117.62	140.03	22.631	1.2420e-05	0.015557
314.32	1.0489	1141.7	0.00087585	26.247	26.341	122.03	95.443	153.60	430.90	0.14319	0.00015905	0.074214	0.0059695	51.775	0.019314	40.779	42.847	174.54	90.780	117.85	139.95	22.593	1.2432e-05	0.015586
314.56	1.0557	1140.7	0.00087665	26.284	26.378	122.14	95.481	153.75	429.76	0.14630	0.00015856	0.074111	0.0059397	52.130	0.019183	40.791	42.857	174.53	90.864	118.08	139.86	22.556	1.2444e-05	0.015616
314.80	1.0625	1139.7	0.00087745	26.320	26.415	122.26	95.519	153.90	428.62	0.14941	0.00015807	0.074008	0.0059099	52.485	0.019053	40.802	42.867	174.52	90.948	118.30	139.78	22.518	1.2457e-05	0.015645
315.04	1.0692	1138.6	0.00087824	26.356	26.452	122.37	95.556	154.05	427.49	0.15253	0.00015758	0.073905	0.0058804	52.841	0.018925	40.813	42.878	174.51	91.031	118.53	139.70	22.482	1.2469e-05	0.015674
315.28	1.0760	1137.6	0.00087904	26.392	26.488	122.49	95.594	154.20	426.37	0.15567	0.00015710	0.073803	0.0058510	53.197	0.018798	40.824	42.888	174.50	91.114	118.75	139.61	22.445	1.2481e-05	0.015703
315.52	1.0828	1136.6	0.00087983	26.427	26.525	122.60	95.631	154.35	425.24	0.15881	0.00015662	0.073702	0.0058218	53.554	0.018673	40.835	42.898	174.50	91.197	118.98	139.53	22.409	1.2493e-05	0.015732
315.76	1.0895	1135.6	0.00088062	26.463	26.561	122.71	95.669	154.50	424.13	0.16196	0.00015615	0.073601	0.0057927	53.911	0.018549	40.846	42.908	174.49	91.279	119.21	139.45	22.374	1.2506e-05	0.015761
315.99	1.0963	1134.5	0.00088142	26.498	26.597	122.83	95.706	154.65	423.02	0.16512	0.00015568	0.073500	0.0057638	54.268	0.018427	40.857	42.918	174.48	91.361	119.43	139.36	22.339	1.2518e-05	0.015790
316.22	1.1031	1133.5	0.00088221	26.534	26.633	122.94	95.743	154.80	421.91	0.16829	0.00015521	0.073400	0.0057351	54.627	0.018306	40.868	42.928	174.47	91.443	119.66	139.28	22.304	1.2530e-05	0.015819
316.46	1.1098	1132.5	0.00088300	26.569	26.669	123.05	95.780	154.96	420.81	0.17147	0.00015474	0.073300	0.0057066	54.985	0.018187	40.879	42.938	174.46	91.525	119.89	139.20	22.269	1.2542e-05	0.015848
316.69	1.1166	1131.5	0.00088379	26.604	26.705	123.16	95.817	155.11	419.71	0.17466	0.00015428	0.073201	0.0056781	55.344	0.018069	40.889	42.948	174.45	91.606	120.12	139.11	22.235	1.2555e-05	0.015877
316.92	1.1233	1130.5	0.00088458	26.639	26.740	123.27	95.854	155.26	418.62	0.17786	0.00015382	0.073102	0.0056499	55.704	0.017952	40.900	42.957	174.44	91.687	120.35	139.03	22.201	1.2567e-05	0.015906
317.15	1.1301	1129.5	0.00088537	26.674	26.776	123.38	95.890	155.41	417.53	0.18107	0.00015337	0.073003	0.0056218	56.064	0.017837	40.910	42.967	174.43	91.768	120.58	138.94	22.168	1.2579e-05	0.015935
317.38	1.1369	1128.5	0.00088616	26.708	26.811	123.49	95.927	155.57	416.45	0.18429	0.00015291	0.072905	0.0055938	56.425	0.017723	40.921	42.977	174.43	91.849	120.81	138.86	22.134	1.2591e-05	0.015964
317.61	1.1436	1127.5	0.00088695	26.743	26.846	123.60	95.963	155.72	415.37	0.18752	0.00015246	0.072808	0.0055661	56.786	0.017610	40.931	42.986	174.42	91.929	121.04	138.78	22.102	1.2603e-05	0.015993
317.83	1.1504	1126.5	0.00088774	26.777	26.881	123.71	96.000	155.87	414.29	0.19077	0.00015202	0.072711	0.0055384	57.148	0.017499	40.941	42.995	174.41	92.009	121.27	138.69	22.069	1.2616e-05	0.016021
318.06	1.1572	1125.5	0.00088853	26.812	26.916	123.82	96.036	156.03	413.22	0.19402	0.00015157	0.072614	0.0055109	57.510	0.017388	40.952	43.005	174.40	92.089	121.50	138.61	22.037	1.2628e-05	0.016050
318.28	1.1639	1124.5	0.00088931	26.846	26.951	123.92	96.072	156.18	412.16	0.19728	0.00015113	0.072518	0.0054836	57.873	0.017279	40.962	43.014	174.39	92.169	121.73	138.52	22.005	1.2640e-05	0.016079
318.51	1.1707	1123.5	0.00089010	26.880	26.986	124.03	96.109	156.34	411.09	0.20055	0.00015069	0.072422	0.0054564	58.236	0.017172	40.972	43.023	174.38	92.248	121.96	138.44	21.974	1.2652e-05	0.016108
318.73	1.1775	1122.5	0.00089089	26.914	27.021	124.14	96.145	156.49	410.04	0.20384	0.00015026	0.072326	0.0054293	58.599	0.017065	40.982	43.032	174.37	92.327	122.19	138.35	21.942	1.2664e-05	0.016137
318.95	1.1842	1121.5	0.00089168	26.947	27.055	124.25	96.181	156.65	408.98	0.20713	0.00014982	0.072231	0.0054024	58.964	0.016960	40.992	43.041	174.37	92.406	122.43	138.27	21.912	1.2676e-05	0.016166
319.17	1.1910	1120.5	0.00089246	26.981	27.090	124.35	96.216	156.80	407.93	0.21044	0.00014939	0.072136	0.0053756	59.328	0.016855	41.002	43.050	174.36	92.484	122.66	138.18	21.881	1.2689e-05	0.016194
319.39	1.1978	1119.5	0.00089325	27.015	27.124	124.46	96.252	156.96	406.89	0.21376	0.00014896	0.072042	0.0053490	59.694	0.016752	41.011	43.059	174.35	92.563	122.89	138.09	21.851	1.2701e-05	0.016223
319.61	1.2045	1118.5	0.00089404	27.048	27.158	124.56	96.288	157.12	405.85	0.21709	0.00014854	0.071948	0.0053225	60.059	0.016650	41.021	43.068	174.34	92.641	123.13	138.01	21.821	1.2713e-05	0.016252
319.83	1.2113	1117.5	0.00089482	27.081	27.192	124.67	96.323	157.27	404.81	0.22043	0.00014812	0.071855	0.0052961	60.426	0.016549	41.031	43.076	174.33	92.719	123.36	137.92	21.791	1.2725e-05	0.016281
320.05	1.2181	1116.6	0.00089561	27.115	27.226	124.77	96.359	157.43	403.78	0.22378	0.00014770	0.071761	0.0052699	60.793	0.016449	41.040	43.085	174.32	92.797	123.60	137.84	21.761	1.2737e-05	0.016309
320.26	1.2248	1115.6	0.00089639	27.148	27.260	124.87	96.394	157.59	402.75	0.22714	0.00014728	0.071668	0.0052438	61.160	0.016351	41.050	43.093	174.31	92.874	123.83	137.75	21.732	1.2749e-05	0.016338
320.48	1.2316	1114.6	0.00089718	27.181	27.293	124.98	96.430	157.75	401.72	0.23051	0.00014686	0.071576	0.0052178	61.528	0.016253	41.060	43.102	174.30	92.951	124.07	137.66	21.703	1.2762e-05	0.016367
320.69	1.2384	1113.6	0.00089796	27.214	27.327	125.08	96.465	157.90	400.70	0.23390	0.00014645	0.071484	0.0051920	61.897	0.016156	41.069	43.110	174.30	93.028	124.31	137.58	21.675	1.2774e-05	0.016396
320.91	1.2451	1112.7	0.00089875	27.246	27.361	125.18	96.500	158.06	399.68	0.23729	0.00014604	0.071392	0.0051663	62.266	0.016060	41.078	43.119	174.29	93.105	124.55	137.49	21.646	1.2786e-05	0.016425
321.12	1.2519	1111.7	0.00089953	27.279	27.394	125.28	96.535	158.22	398.67	0.24070	0.00014563	0.071301	0.0051407	62.635	0.015965	41.088	43.127	174.28	93.182	124.78	137.40	21.618	1.2798e-05	0.016453
321.33	1.2586	1110.7	0.00090032	27.312	27.427	125.39	96.570	158.38	397.66	0.24412	0.00014523	0.071210	0.0051153	63.005	0.015872	41.097	43.135	174.27	93.258	125.02	137.32	21.591	1.2810e-05	0.016482
321.54	1.2654	1109.8	0.00090110	27.344	27.460	125.49	96.605	158.54	396.65	0.24756	0.00014482	0.071119	0.0050900	63.376	0.015779	41.106	43.143	174.26	93.334	125.26	137.23	21.563	1.2822e-05	0.016511
321.75	1.2722	1108.8	0.00090189	27.376	27.493	125.59	96.640	158.70	395.64	0.25100	0.00014442	0.071029	0.0050648	63.747	0.015687	41.115	43.151	174.25	93.410	125.50	137.14	21.536	1.2835e-05	0.016540
321.96	1.2789	1107.8	0.00090267	27.409	27.526	125.69	96.675	158.86	394.65	0.25446	0.00014402	0.070939	0.0050397	64.119	0.015596	41.124	43.159	174.24	93.486	125.74	137.06	21.509	1.2847e-05	0.016568
322.17	1.2857	1106.9	0.00090346	27.441	27.559	125.79	96.710	159.02	393.65	0.25793	0.00014363	0.070849	0.0050148	64.491	0.015506	41.133	43.167	174.24	93.562	125.98	136.97	21.482	1.2859e-05	0.016597
322.38	1.2925	1105.9	0.00090424	27.473	27.592	125.89	96.744	159.19	392.66	0.26141	0.00014323	0.070760	0.0049900	64.864	0.015417	41.142	43.175	174.23	93.637	126.22	136.88	21.455	1.2871e-05	0.016626
322.58	1.2992	1104.9	0.00090502	27.505	27.625	125.99	96.779	159.35	391.67	0.26490	0.00014284	0.070671	0.0049653	65.238	0.015329	41.151	43.183	174.22	93.712	126.47	136.79	21.429	1.2883e-05	0.016655
322.79	1.3060	1104.0	0.00090581	27.536	27.657	126.09	96.813	159.51	390.68	0.26841	0.00014245	0.070582	0.0049407	65.612	0.015241	41.160	43.191	174.21	93.787	126.71	136.71	21.403	1.2895e-05	0.016684
322.99	1.3128	1103.0	0.00090659	27.568	27.690	126.19	96.848	159.67	389.70	0.27193	0.00014207	0.070494	0.0049162	65.987	0.015155	41.168	43.198	174.20	93.862	126.95	136.62	21.377	1.2908e-05	0.016712
323.20	1.3195	1102.1	0.00090738	27.600	27.722	126.28	96.882	159.84	388.72	0.27546	0.00014168	0.070406	0.0048919	66.362	0.015069	41.177	43.206	174.19	93.937	127.20	136.53	21.352	1.2920e-05	0.016741
323.40	1.3263	1101.1	0.00090816	27.631	27.754	126.38	96.917	160.00	387.74	0.27900	0.00014130	0.070318	0.0048677	66.738	0.014984	41.186	43.213	174.18	94.011	127.44	136.44	21.327	1.2932e-05	0.016770
323.61	1.3331	1100.2	0.00090895	27.663	27.786	126.48	96.951	160.16	386.77	0.28256	0.00014092	0.070231	0.0048436	67.114	0.014900	41.194	43.221	174.17	94.086	127.69	136.35	21.301	1.2944e-05	0.016799
323.81	1.3398	1099.2	0.00090973	27.694	27.819	126.58	96.985	160.33	385.80	0.28613	0.00014054	0.070144	0.0048196	67.491	0.014817	41.203	43.228	174.17	94.160	127.93	136.27	21.277	1.2956e-05	0.016828
324.01	1.3466	1098.3	0.00091052	27.725	27.851	126.67	97.019	160.49	384.84	0.28971	0.00014016	0.070057	0.0047957	67.869	0.014734	41.211	43.236	174.16	94.234	128.18	136.18	21.252	1.2969e-05	0.016857
324.21	1.3534	1097.3	0.00091130	27.757	27.882	126.77	97.053	160.66	383.88	0.29331	0.00013978	0.069970	0.0047719	68.247	0.014653	41.220	43.243	174.15	94.307	128.43	136.09	21.228	1.2981e-05	0.016886
324.41	1.3601	1096.4	0.00091209	27.788	27.914	126.87	97.087	160.83	382.92	0.29692	0.00013941	0.069884	0.0047483	68.625	0.014572	41.228	43.250	174.14	94.381	128.68	136.00	21.203	1.2993e-05	0.016914
324.61	1.3669	1095.4	0.00091287	27.819	27.946	126.96	97.121	160.99	381.96	0.30054	0.00013904	0.069798	0.0047247	69.005	0.014492	41.236	43.257	174.13	94.454	128.92	135.91	21.179	1.3005e-05	0.016943
324.81	1.3736	1094.5	0.00091366	27.849	27.978	127.06	97.155	161.16	381.01	0.30418	0.00013867	0.069713	0.0047013	69.385	0.014412	41.245	43.265	174.12	94.528	129.17	135.82	21.156	1.3017e-05	0.016972
325.00	1.3804	1093.6	0.00091444	27.880	28.009	127.15	97.189	161.33	380.06	0.30783	0.00013830	0.069627	0.0046780	69.765	0.014334	41.253	43.272	174.11	94.601	129.43	135.73	21.132	1.3030e-05	0.017001
325.20	1.3872	1092.6	0.00091523	27.911	28.040	127.25	97.222	161.50	379.11	0.31150	0.00013794	0.069543	0.0046548	70.146	0.014256	41.261	43.279	174.10	94.673	129.68	135.64	21.109	1.3042e-05	0.017030
325.40	1.3939	1091.7	0.00091601	27.942	28.072	127.34	97.256	161.66	378.17	0.31517	0.00013758	0.069458	0.0046316	70.528	0.014179	41.269	43.286	174.10	94.746	129.93	135.55	21.086	1.3054e-05	0.017059
325.59	1.4007	1090.8	0.00091680	27.972	28.103	127.43	97.290	161.83	377.23	0.31887	0.00013721	0.069373	0.0046086	70.911	0.014102	41.277	43.292	174.09	94.819	130.18	135.46	21.063	1.3066e-05	0.017088
325.79	1.4075	1089.8	0.00091758	28.003	28.134	127.53	97.323	162.00	376.29	0.32257	0.00013685	0.069289	0.0045857	71.294	0.014027	41.285	43.299	174.08	94.891	130.43	135.38	21.040	1.3079e-05	0.017117
325.98	1.4142	1088.9	0.00091837	28.033	28.165	127.62	97.357	162.17	375.35	0.32629	0.00013650	0.069206	0.0045630	71.677	0.013951	41.293	43.306	174.07	94.963	130.69	135.29	21.018	1.3091e-05	0.017146
326.17	1.4210	1088.0	0.00091916	28.063	28.196	127.72	97.390	162.34	374.42	0.33003	0.00013614	0.069122	0.0045403	72.061	0.013877	41.301	43.313	174.06	95.035	130.94	135.20	20.995	1.3103e-05	0.017176
326.37	1.4278	1087.0	0.00091994	28.093	28.227	127.81	97.424	162.52	373.49	0.33378	0.00013579	0.069039	0.0045177	72.446	0.013803	41.309	43.319	174.05	95.107	131.20	135.11	20.973	1.3116e-05	0.017205
326.56	1.4345	1086.1	0.00092073	28.123	28.258	127.90	97.457	162.69	372.57	0.33754	0.00013543	0.068956	0.0044952	72.832	0.013730	41.316	43.326	174.04	95.179	131.46	135.02	20.951	1.3128e-05	0.017234
326.75	1.4413	1085.2	0.00092152	28.153	28.289	127.99	97.490	162.86	371.64	0.34132	0.00013508	0.068873	0.0044728	73.218	0.013658	41.324	43.332	174.03	95.251	131.71	134.93	20.930	1.3140e-05	0.017263
326.94	1.4481	1084.2	0.00092230	28.183	28.320	128.08	97.524	163.03	370.72	0.34511	0.00013473	0.068791	0.0044505	73.604	0.013586	41.332	43.339	174.02	95.322	131.97	134.84	20.908	1.3152e-05	0.017292
327.13	1.4548	1083.3	0.00092309	28.213	28.350	128.18	97.557	163.21	369.81	0.34892	0.00013439	0.068708	0.0044283	73.992	0.013515	41.339	43.345	174.01	95.394	132.23	134.75	20.887	1.3165e-05	0.017322
327.32	1.4616	1082.4	0.00092388	28.243	28.381	128.27	97.590	163.38	368.89	0.35274	0.00013404	0.068626	0.0044063	74.380	0.013445	41.347	43.352	174.01	95.465	132.49	134.66	20.866	1.3177e-05	0.017351
327.51	1.4684	1081.5	0.00092467	28.273	28.411	128.36	97.623	163.55	367.98	0.35658	0.00013370	0.068545	0.0043843	74.769	0.013375	41.354	43.358	174.00	95.536	132.75	134.56	20.845	1.3190e-05	0.017380
327.70	1.4751	1080.5	0.00092546	28.302	28.442	128.45	97.656	163.73	367.07	0.36043	0.00013336	0.068463	0.0043624	75.158	0.013305	41.362	43.364	173.99	95.607	133.01	134.47	20.824	1.3202e-05	0.017409
327.88	1.4819	1079.6	0.00092625	28.332	28.472	128.54	97.689	163.91	366.17	0.36430	0.00013301	0.068382	0.0043406	75.548	0.013237	41.369	43.370	173.98	95.677	133.28	134.38	20.803	1.3214e-05	0.017439
328.07	1.4886	1078.7	0.00092704	28.361	28.502	128.63	97.722	164.08	365.26	0.36818	0.00013268	0.068301	0.0043189	75.938	0.013169	41.376	43.377	173.97	95.748	133.54	134.29	20.783	1.3227e-05	0.017468
328.26	1.4954	1077.8	0.00092783	28.391	28.532	128.72	97.755	164.26	364.36	0.37208	0.00013234	0.068221	0.0042973	76.330	0.013101	41.384	43.383	173.96	95.819	133.81	134.20	20.763	1.3239e-05	0.017498
328.44	1.5022	1076.9	0.00092862	28.420	28.562	128.81	97.788	164.44	363.46	0.37600	0.00013200	0.068140	0.0042758	76.722	0.013034	41.391	43.389	173.95	95.889	134.07	134.11	20.743	1.3252e-05	0.017527
328.63	1.5089	1076.0	0.00092941	28.449	28.592	128.90	97.821	164.61	362.57	0.37993	0.00013167	0.068060	0.0042544	77.114	0.012968	41.398	43.395	173.94	95.959	134.34	134.02	20.723	1.3264e-05	0.017557
328.81	1.5157	1075.0	0.00093020	28.478	28.622	128.99	97.854	164.79	361.67	0.38387	0.00013134	0.067980	0.0042331	77.507	0.012902	41.405	43.401	173.93	96.029	134.61	133.93	20.703	1.3276e-05	0.017586
329.00	1.5225	1074.1	0.00093099	28.507	28.652	129.08	97.886	164.97	360.78	0.38784	0.00013100	0.067901	0.0042118	77.901	0.012837	41.412	43.406	173.92	96.099	134.87	133.84	20.683	1.3289e-05	0.017616
329.18	1.5292	1073.2	0.00093178	28.536	28.682	129.17	97.919	165.15	359.89	0.39181	0.00013067	0.067821	0.0041907	78.296	0.012772	41.419	43.412	173.91	96.169	135.14	133.75	20.664	1.3301e-05	0.017645
329.36	1.5360	1072.3	0.00093258	28.565	28.711	129.25	97.952	165.33	359.01	0.39581	0.00013035	0.067742	0.0041696	78.691	0.012708	41.426	43.418	173.91	96.239	135.41	133.65	20.645	1.3314e-05	0.017675
329.54	1.5428	1071.4	0.00093337	28.594	28.741	129.34	97.984	165.51	358.12	0.39982	0.00013002	0.067663	0.0041487	79.087	0.012644	41.433	43.424	173.90	96.308	135.68	133.56	20.626	1.3326e-05	0.017705
329.72	1.5495	1070.5	0.00093416	28.623	28.771	129.43	98.017	165.70	357.24	0.40385	0.00012969	0.067585	0.0041278	79.484	0.012581	41.440	43.429	173.89	96.378	135.96	133.47	20.607	1.3339e-05	0.017735
329.90	1.5563	1069.6	0.00093496	28.652	28.800	129.52	98.050	165.88	356.37	0.40789	0.00012937	0.067506	0.0041070	79.881	0.012519	41.447	43.435	173.88	96.447	136.23	133.38	20.588	1.3352e-05	0.017764
330.08	1.5631	1068.7	0.00093575	28.680	28.829	129.60	98.082	166.06	355.49	0.41195	0.00012905	0.067428	0.0040864	80.279	0.012457	41.454	43.441	173.87	96.516	136.50	133.29	20.569	1.3364e-05	0.017794
330.26	1.5698	1067.8	0.00093655	28.709	28.859	129.69	98.115	166.25	354.62	0.41603	0.00012873	0.067350	0.0040658	80.678	0.012395	41.461	43.446	173.86	96.585	136.78	133.20	20.551	1.3377e-05	0.017824
330.44	1.5766	1066.8	0.00093734	28.737	28.888	129.78	98.147	166.43	353.75	0.42012	0.00012841	0.067272	0.0040452	81.077	0.012334	41.467	43.452	173.85	96.654	137.06	133.10	20.533	1.3389e-05	0.017854
330.62	1.5834	1065.9	0.00093814	28.766	28.917	129.86	98.180	166.62	352.88	0.42424	0.00012809	0.067195	0.0040248	81.477	0.012273	41.474	43.457	173.84	96.723	137.33	133.01	20.515	1.3402e-05	0.017884
330.80	1.5901	1065.0	0.00093893	28.794	28.946	129.95	98.212	166.80	352.01	0.42836	0.00012777	0.067117	0.0040045	81.878	0.012213	41.481	43.462	173.83	96.792	137.61	132.92	20.497	1.3414e-05	0.017914
330.97	1.5969	1064.1	0.00093973	28.822	28.975	130.04	98.244	166.99	351.15	0.43251	0.00012746	0.067040	0.0039842	82.279	0.012154	41.487	43.468	173.82	96.860	137.89	132.83	20.479	1.3427e-05	0.017944
331.15	1.6037	1063.2	0.00094053	28.851	29.004	130.12	98.277	167.17	350.28	0.43667	0.00012714	0.066963	0.0039640	82.682	0.012095	41.494	43.473	173.81	96.929	138.17	132.73	20.461	1.3440e-05	0.017974
331.33	1.6104	1062.3	0.00094133	28.879	29.033	130.21	98.309	167.36	349.43	0.44086	0.00012683	0.066887	0.0039439	83.084	0.012036	41.500	43.478	173.80	96.997	138.45	132.64	20.444	1.3452e-05	0.018004
331.50	1.6172	1061.4	0.00094213	28.907	29.062	130.29	98.341	167.55	348.57	0.44505	0.00012652	0.066810	0.0039239	83.488	0.011978	41.507	43.483	173.79	97.065	138.74	132.55	20.426	1.3465e-05	0.018035
331.68	1.6239	1060.5	0.00094293	28.935	29.091	130.38	98.373	167.74	347.71	0.44927	0.00012621	0.066734	0.0039040	83.892	0.011920	41.513	43.488	173.78	97.133	139.02	132.46	20.409	1.3478e-05	0.018065
331.85	1.6307	1059.6	0.00094373	28.963	29.120	130.46	98.406	167.93	346.86	0.45351	0.00012590	0.066658	0.0038842	84.298	0.011863	41.520	43.493	173.77	97.202	139.31	132.36	20.392	1.3491e-05	0.018095
332.03	1.6375	1058.7	0.00094453	28.991	29.148	130.55	98.438	168.12	346.01	0.45776	0.00012560	0.066582	0.0038644	84.703	0.011806	41.526	43.498	173.76	97.269	139.59	132.27	20.375	1.3503e-05	0.018126
332.20	1.6442	1057.8	0.00094533	29.018	29.177	130.63	98.470	168.31	345.16	0.46203	0.00012529	0.066507	0.0038447	85.110	0.011750	41.532	43.503	173.76	97.337	139.88	132.18	20.358	1.3516e-05	0.018156
332.37	1.6510	1056.9	0.00094613	29.046	29.206	130.71	98.502	168.51	344.32	0.46632	0.00012499	0.066432	0.0038251	85.517	0.011694	41.538	43.508	173.75	97.405	140.17	132.08	20.342	1.3529e-05	0.018186
332.54	1.6578	1056.0	0.00094694	29.074	29.234	130.80	98.534	168.70	343.47	0.47063	0.00012468	0.066356	0.0038056	85.925	0.011638	41.544	43.513	173.74	97.473	140.46	131.99	20.325	1.3542e-05	0.018217
332.71	1.6645	1055.1	0.00094774	29.102	29.262	130.88	98.566	168.89	342.63	0.47496	0.00012438	0.066281	0.0037862	86.334	0.011583	41.551	43.518	173.73	97.540	140.75	131.90	20.309	1.3555e-05	0.018248
332.89	1.6713	1054.2	0.00094854	29.129	29.291	130.96	98.598	169.09	341.79	0.47930	0.00012408	0.066207	0.0037668	86.743	0.011528	41.557	43.523	173.72	97.608	141.04	131.80	20.292	1.3567e-05	0.018278
333.06	1.6781	1053.4	0.00094935	29.157	29.319	131.05	98.630	169.28	340.95	0.48367	0.00012378	0.066132	0.0037475	87.154	0.011474	41.563	43.527	173.71	97.675	141.34	131.71	20.276	1.3580e-05	0.018309
333.23	1.6848	1052.5	0.00095016	29.184	29.347	131.13	98.662	169.48	340.12	0.48805	0.00012348	0.066058	0.0037283	87.565	0.011420	41.569	43.532	173.70	97.742	141.63	131.62	20.260	1.3593e-05	0.018340
333.40	1.6916	1051.6	0.00095096	29.211	29.376	131.21	98.694	169.68	339.28	0.49246	0.00012318	0.065984	0.0037092	87.976	0.011367	41.575	43.537	173.69	97.809	141.93	131.52	20.244	1.3606e-05	0.018371
333.57	1.6984	1050.7	0.00095177	29.239	29.404	131.29	98.726	169.87	338.45	0.49688	0.00012289	0.065910	0.0036901	88.389	0.011314	41.581	43.541	173.68	97.876	142.22	131.43	20.229	1.3619e-05	0.018401
333.73	1.7051	1049.8	0.00095258	29.266	29.432	131.38	98.758	170.07	337.62	0.50132	0.00012259	0.065836	0.0036712	88.802	0.011261	41.586	43.546	173.67	97.943	142.52	131.34	20.213	1.3632e-05	0.018432
333.90	1.7119	1048.9	0.00095339	29.293	29.460	131.46	98.790	170.27	336.79	0.50579	0.00012230	0.065763	0.0036523	89.216	0.011209	41.592	43.550	173.66	98.010	142.82	131.24	20.198	1.3645e-05	0.018463
334.07	1.7187	1048.0	0.00095420	29.320	29.488	131.54	98.822	170.47	335.97	0.51027	0.00012201	0.065689	0.0036335	89.631	0.011157	41.598	43.555	173.65	98.077	143.12	131.15	20.182	1.3658e-05	0.018495
334.24	1.7254	1047.1	0.00095501	29.347	29.516	131.62	98.854	170.67	335.14	0.51477	0.00012171	0.065616	0.0036147	90.047	0.011105	41.604	43.559	173.64	98.144	143.43	131.05	20.167	1.3671e-05	0.018526
334.40	1.7322	1046.2	0.00095582	29.375	29.543	131.70	98.886	170.87	334.32	0.51930	0.00012142	0.065543	0.0035960	90.463	0.011054	41.610	43.563	173.63	98.210	143.73	130.96	20.152	1.3684e-05	0.018557
334.57	1.7389	1045.3	0.00095663	29.401	29.571	131.78	98.917	171.08	333.50	0.52384	0.00012114	0.065470	0.0035774	90.880	0.011003	41.615	43.567	173.62	98.277	144.04	130.86	20.137	1.3697e-05	0.018588
334.73	1.7457	1044.4	0.00095745	29.428	29.599	131.87	98.949	171.28	332.69	0.52840	0.00012085	0.065398	0.0035589	91.298	0.010953	41.621	43.572	173.61	98.343	144.34	130.77	20.122	1.3710e-05	0.018620
334.90	1.7525	1043.6	0.00095826	29.455	29.627	131.95	98.981	171.48	331.87	0.53299	0.00012056	0.065325	0.0035404	91.717	0.010903	41.626	43.576	173.60	98.409	144.65	130.68	20.107	1.3724e-05	0.018651
335.06	1.7592	1042.7	0.00095907	29.482	29.654	132.03	99.013	171.69	331.06	0.53759	0.00012028	0.065253	0.0035221	92.137	0.010853	41.632	43.580	173.59	98.476	144.96	130.58	20.093	1.3737e-05	0.018682
335.23	1.7660	1041.8	0.00095989	29.509	29.682	132.11	99.045	171.90	330.24	0.54222	0.00011999	0.065181	0.0035037	92.557	0.010804	41.637	43.584	173.58	98.542	145.27	130.49	20.078	1.3750e-05	0.018714
335.39	1.7728	1040.9	0.00096071	29.536	29.709	132.19	99.076	172.10	329.43	0.54687	0.00011971	0.065109	0.0034855	92.978	0.010755	41.643	43.588	173.57	98.608	145.58	130.39	20.064	1.3763e-05	0.018746
335.55	1.7795	1040.0	0.00096152	29.562	29.737	132.27	99.108	172.31	328.62	0.55154	0.00011942	0.065038	0.0034673	93.400	0.010707	41.648	43.592	173.56	98.674	145.90	130.30	20.049	1.3776e-05	0.018777
335.72	1.7863	1039.1	0.00096234	29.589	29.764	132.35	99.140	172.52	327.82	0.55623	0.00011914	0.064966	0.0034492	93.823	0.010658	41.654	43.596	173.55	98.740	146.21	130.20	20.035	1.3790e-05	0.018809
335.88	1.7931	1038.2	0.00096316	29.615	29.792	132.43	99.172	172.73	327.01	0.56094	0.00011886	0.064895	0.0034312	94.247	0.010610	41.659	43.600	173.54	98.806	146.53	130.11	20.021	1.3803e-05	0.018841
336.04	1.7998	1037.4	0.00096398	29.642	29.819	132.51	99.203	172.94	326.21	0.56568	0.00011858	0.064824	0.0034133	94.671	0.010563	41.664	43.604	173.53	98.872	146.85	130.01	20.007	1.3816e-05	0.018873
336.20	1.8066	1036.5	0.00096481	29.668	29.846	132.58	99.235	173.15	325.41	0.57043	0.00011830	0.064753	0.0033954	95.096	0.010516	41.669	43.608	173.52	98.937	147.17	129.92	19.993	1.3829e-05	0.018905
336.36	1.8134	1035.6	0.00096563	29.695	29.873	132.66	99.267	173.37	324.61	0.57521	0.00011803	0.064682	0.0033775	95.523	0.010469	41.675	43.612	173.51	99.003	147.49	129.82	19.980	1.3843e-05	0.018937
336.52	1.8201	1034.7	0.00096645	29.721	29.900	132.74	99.299	173.58	323.81	0.58001	0.00011775	0.064612	0.0033598	95.950	0.010422	41.680	43.615	173.50	99.068	147.81	129.73	19.966	1.3856e-05	0.018969
336.68	1.8269	1033.8	0.00096728	29.747	29.927	132.82	99.330	173.79	323.01	0.58484	0.00011748	0.064541	0.0033421	96.377	0.010376	41.685	43.619	173.49	99.134	148.13	129.63	19.953	1.3870e-05	0.019001
336.84	1.8337	1032.9	0.00096810	29.773	29.955	132.90	99.362	174.01	322.22	0.58968	0.00011720	0.064471	0.0033245	96.806	0.010330	41.690	43.623	173.48	99.199	148.46	129.53	19.939	1.3883e-05	0.019034
337.00	1.8404	1032.1	0.00096893	29.800	29.981	132.98	99.394	174.23	321.43	0.59455	0.00011693	0.064401	0.0033069	97.235	0.010284	41.695	43.626	173.47	99.265	148.79	129.44	19.926	1.3897e-05	0.019066
337.16	1.8472	1031.2	0.00096976	29.826	30.008	133.05	99.425	174.44	320.64	0.59945	0.00011666	0.064331	0.0032895	97.666	0.010239	41.700	43.630	173.45	99.330	149.12	129.34	19.913	1.3910e-05	0.019099
337.32	1.8539	1030.3	0.00097059	29.852	30.035	133.13	99.457	174.66	319.85	0.60436	0.00011638	0.064261	0.0032720	98.097	0.010194	41.705	43.633	173.44	99.395	149.45	129.25	19.900	1.3924e-05	0.019131
337.48	1.8607	1029.4	0.00097142	29.878	30.062	133.21	99.489	174.88	319.06	0.60930	0.00011611	0.064192	0.0032547	98.529	0.010149	41.710	43.637	173.43	99.460	149.78	129.15	19.887	1.3937e-05	0.019164
337.63	1.8675	1028.5	0.00097225	29.904	30.089	133.29	99.520	175.10	318.27	0.61427	0.00011584	0.064122	0.0032374	98.962	0.010105	41.715	43.640	173.42	99.525	150.11	129.06	19.874	1.3951e-05	0.019196
337.79	1.8742	1027.7	0.00097308	29.930	30.116	133.36	99.552	175.32	317.49	0.61926	0.00011558	0.064053	0.0032202	99.396	0.010061	41.720	43.643	173.41	99.590	150.45	128.96	19.861	1.3964e-05	0.019229
337.95	1.8810	1026.8	0.00097391	29.956	30.142	133.44	99.584	175.55	316.70	0.62427	0.00011531	0.063984	0.0032030	99.831	0.010017	41.724	43.647	173.40	99.655	150.79	128.86	19.848	1.3978e-05	0.019262
338.10	1.8878	1025.9	0.00097475	29.981	30.169	133.52	99.616	175.77	315.92	0.62930	0.00011504	0.063915	0.0031859	100.27	0.0099735	41.729	43.650	173.39	99.720	151.13	128.77	19.836	1.3992e-05	0.019295
338.26	1.8945	1025.0	0.00097558	30.007	30.196	133.60	99.647	175.99	315.14	0.63437	0.00011478	0.063846	0.0031689	100.70	0.0099302	41.734	43.653	173.38	99.785	151.47	128.67	19.823	1.4005e-05	0.019328
338.41	1.9013	1024.2	0.00097642	30.033	30.222	133.67	99.679	176.22	314.36	0.63945	0.00011451	0.063778	0.0031520	101.14	0.0098873	41.738	43.657	173.37	99.850	151.81	128.57	19.811	1.4019e-05	0.019361
338.57	1.9081	1023.3	0.00097726	30.059	30.249	133.75	99.711	176.45	313.59	0.64456	0.00011425	0.063709	0.0031351	101.58	0.0098446	41.743	43.660	173.36	99.915	152.15	128.48	19.798	1.4033e-05	0.019395
338.72	1.9148	1022.4	0.00097810	30.084	30.275	133.82	99.742	176.68	312.81	0.64970	0.00011398	0.063641	0.0031182	102.02	0.0098023	41.748	43.663	173.35	99.979	152.50	128.38	19.786	1.4047e-05	0.019428
338.88	1.9216	1021.5	0.00097894	30.110	30.302	133.90	99.774	176.90	312.04	0.65486	0.00011372	0.063573	0.0031015	102.46	0.0097602	41.752	43.666	173.34	100.04	152.85	128.29	19.774	1.4061e-05	0.019461
339.03	1.9284	1020.6	0.00097978	30.135	30.328	133.98	99.806	177.13	311.26	0.66004	0.00011346	0.063505	0.0030847	102.90	0.0097183	41.757	43.669	173.33	100.11	153.20	128.19	19.762	1.4074e-05	0.019495
339.18	1.9351	1019.8	0.00098062	30.161	30.354	134.05	99.838	177.37	310.49	0.66526	0.00011320	0.063437	0.0030681	103.34	0.0096768	41.761	43.672	173.32	100.17	153.55	128.09	19.750	1.4088e-05	0.019529
339.34	1.9419	1018.9	0.00098146	30.186	30.381	134.13	99.869	177.60	309.72	0.67050	0.00011294	0.063370	0.0030515	103.78	0.0096355	41.766	43.675	173.30	100.24	153.90	128.00	19.738	1.4102e-05	0.019562
339.49	1.9487	1018.0	0.00098231	30.212	30.407	134.20	99.901	177.83	308.96	0.67576	0.00011268	0.063302	0.0030350	104.23	0.0095945	41.770	43.678	173.29	100.30	154.26	127.90	19.726	1.4116e-05	0.019596
339.64	1.9554	1017.1	0.00098316	30.237	30.433	134.28	99.933	178.07	308.19	0.68105	0.00011242	0.063235	0.0030185	104.67	0.0095537	41.774	43.681	173.28	100.37	154.62	127.80	19.715	1.4130e-05	0.019630
339.79	1.9622	1016.3	0.00098400	30.262	30.459	134.35	99.965	178.30	307.42	0.68637	0.00011217	0.063168	0.0030021	105.12	0.0095132	41.779	43.683	173.27	100.43	154.98	127.70	19.703	1.4144e-05	0.019664
339.94	1.9690	1015.4	0.00098485	30.288	30.485	134.43	99.996	178.54	306.66	0.69171	0.00011191	0.063101	0.0029858	105.56	0.0094730	41.783	43.686	173.26	100.49	155.34	127.61	19.692	1.4158e-05	0.019698
340.09	1.9757	1014.5	0.00098570	30.313	30.512	134.50	100.03	178.78	305.90	0.69708	0.00011166	0.063034	0.0029695	106.01	0.0094330	41.787	43.689	173.25	100.56	155.70	127.51	19.680	1.4173e-05	0.019732
340.24	1.9825	1013.6	0.00098655	30.338	30.538	134.58	100.06	179.02	305.14	0.70248	0.00011140	0.062967	0.0029533	106.46	0.0093932	41.791	43.692	173.24	100.62	156.07	127.41	19.669	1.4187e-05	0.019767
340.39	1.9892	1012.8	0.00098741	30.363	30.564	134.65	100.09	179.26	304.38	0.70791	0.00011115	0.062901	0.0029371	106.91	0.0093537	41.796	43.694	173.23	100.69	156.43	127.31	19.658	1.4201e-05	0.019801
340.54	1.9960	1011.9	0.00098826	30.388	30.590	134.73	100.12	179.50	303.62	0.71336	0.00011089	0.062834	0.0029210	107.36	0.0093145	41.800	43.697	173.21	100.75	156.80	127.22	19.646	1.4215e-05	0.019836
340.69	2.0028	1011.0	0.00098912	30.413	30.615	134.80	100.16	179.75	302.86	0.71885	0.00011064	0.062768	0.0029049	107.81	0.0092755	41.804	43.699	173.20	100.82	157.17	127.12	19.635	1.4229e-05	0.019870
340.84	2.0095	1010.1	0.00098997	30.438	30.641	134.87	100.19	179.99	302.11	0.72436	0.00011039	0.062702	0.0028890	108.26	0.0092368	41.808	43.702	173.19	100.88	157.55	127.02	19.624	1.4244e-05	0.019905
340.99	2.0163	1009.3	0.00099083	30.463	30.667	134.95	100.22	180.24	301.35	0.72990	0.00011014	0.062636	0.0028730	108.72	0.0091982	41.812	43.704	173.18	100.94	157.92	126.92	19.613	1.4258e-05	0.019940
341.14	2.0231	1008.4	0.00099169	30.488	30.693	135.02	100.25	180.48	300.60	0.73547	0.00010989	0.062570	0.0028571	109.17	0.0091600	41.816	43.707	173.17	101.01	158.30	126.83	19.602	1.4272e-05	0.019975
341.28	2.0298	1007.5	0.00099255	30.513	30.719	135.09	100.28	180.73	299.85	0.74106	0.00010964	0.062504	0.0028413	109.63	0.0091219	41.820	43.709	173.16	101.07	158.68	126.73	19.592	1.4287e-05	0.020010
341.43	2.0366	1006.6	0.00099342	30.538	30.744	135.17	100.31	180.98	299.10	0.74669	0.00010939	0.062439	0.0028256	110.08	0.0090841	41.824	43.711	173.15	101.13	159.06	126.63	19.581	1.4301e-05	0.020045
341.58	2.0434	1005.8	0.00099428	30.563	30.770	135.24	100.35	181.24	298.35	0.75234	0.00010915	0.062373	0.0028099	110.54	0.0090465	41.828	43.714	173.13	101.20	159.45	126.53	19.570	1.4316e-05	0.020080
341.73	2.0501	1004.9	0.00099515	30.588	30.796	135.31	100.38	181.49	297.60	0.75803	0.00010890	0.062308	0.0027942	111.00	0.0090092	41.831	43.716	173.12	101.26	159.83	126.43	19.560	1.4330e-05	0.020116
341.87	2.0569	1004.0	0.00099602	30.612	30.821	135.39	100.41	181.74	296.85	0.76375	0.00010865	0.062243	0.0027786	111.46	0.0089721	41.835	43.718	173.11	101.33	160.22	126.34	19.549	1.4345e-05	0.020151
342.02	2.0637	1003.1	0.00099688	30.637	30.847	135.46	100.44	182.00	296.11	0.76949	0.00010841	0.062178	0.0027631	111.92	0.0089351	41.839	43.720	173.10	101.39	160.61	126.24	19.539	1.4359e-05	0.020187
342.16	2.0704	1002.3	0.00099775	30.662	30.872	135.53	100.48	182.25	295.36	0.77527	0.00010816	0.062113	0.0027476	112.38	0.0088985	41.843	43.722	173.09	101.45	161.01	126.14	19.529	1.4374e-05	0.020222
342.31	2.0772	1001.4	0.00099863	30.686	30.898	135.60	100.51	182.51	294.62	0.78107	0.00010792	0.062048	0.0027322	112.84	0.0088620	41.846	43.725	173.08	101.52	161.40	126.04	19.518	1.4389e-05	0.020258
342.45	2.0840	1000.5	0.00099950	30.711	30.923	135.68	100.54	182.77	293.88	0.78691	0.00010768	0.061984	0.0027168	113.30	0.0088258	41.850	43.727	173.06	101.58	161.80	125.94	19.508	1.4403e-05	0.020294
342.60	2.0907	999.63	0.0010004	30.735	30.949	135.75	100.57	183.03	293.14	0.79278	0.00010743	0.061919	0.0027015	113.77	0.0087897	41.854	43.729	173.05	101.64	162.20	125.84	19.498	1.4418e-05	0.020330
342.74	2.0975	998.75	0.0010013	30.760	30.974	135.82	100.60	183.30	292.40	0.79868	0.00010719	0.061855	0.0026863	114.23	0.0087539	41.857	43.731	173.04	101.71	162.60	125.75	19.488	1.4433e-05	0.020367
342.88	2.1042	997.88	0.0010021	30.784	31.000	135.89	100.64	183.56	291.66	0.80462	0.00010695	0.061791	0.0026711	114.70	0.0087183	41.861	43.733	173.03	101.77	163.01	125.65	19.478	1.4448e-05	0.020403
343.03	2.1110	997.00	0.0010030	30.809	31.025	135.97	100.67	183.83	290.92	0.81058	0.00010671	0.061727	0.0026559	115.17	0.0086829	41.864	43.734	173.02	101.83	163.42	125.55	19.468	1.4463e-05	0.020439
343.17	2.1178	996.12	0.0010039	30.833	31.050	136.04	100.70	184.09	290.19	0.81658	0.00010647	0.061663	0.0026408	115.64	0.0086477	41.868	43.736	173.00	101.90	163.83	125.45	19.459	1.4477e-05	0.020476
343.31	2.1245	995.25	0.0010048	30.858	31.075	136.11	100.73	184.36	289.45	0.82261	0.00010623	0.061599	0.0026258	116.11	0.0086127	41.871	43.738	172.99	101.96	164.24	125.35	19.449	1.4492e-05	0.020513
343.45	2.1313	994.37	0.0010057	30.882	31.101	136.18	100.77	184.63	288.72	0.82868	0.00010599	0.061535	0.0026108	116.58	0.0085779	41.874	43.740	172.98	102.02	164.65	125.25	19.439	1.4507e-05	0.020549
343.60	2.1381	993.50	0.0010065	30.906	31.126	136.25	100.80	184.91	287.99	0.83477	0.00010576	0.061472	0.0025959	117.05	0.0085433	41.878	43.741	172.97	102.09	165.07	125.15	19.429	1.4523e-05	0.020586
343.74	2.1448	992.62	0.0010074	30.930	31.151	136.32	100.83	185.18	287.25	0.84090	0.00010552	0.061408	0.0025810	117.52	0.0085089	41.881	43.743	172.96	102.15	165.49	125.05	19.420	1.4538e-05	0.020623
343.88	2.1516	991.75	0.0010083	30.955	31.176	136.39	100.86	185.45	286.52	0.84707	0.00010528	0.061345	0.0025661	118.00	0.0084748	41.884	43.745	172.94	102.21	165.92	124.95	19.410	1.4553e-05	0.020661
344.02	2.1584	990.87	0.0010092	30.979	31.201	136.46	100.89	185.73	285.79	0.85327	0.00010505	0.061282	0.0025514	118.47	0.0084408	41.888	43.746	172.93	102.28	166.34	124.85	19.401	1.4568e-05	0.020698
344.16	2.1651	989.99	0.0010101	31.003	31.226	136.53	100.93	186.01	285.06	0.85950	0.00010481	0.061219	0.0025366	118.95	0.0084069	41.891	43.748	172.92	102.34	166.77	124.75	19.392	1.4583e-05	0.020735
344.30	2.1719	989.12	0.0010110	31.027	31.251	136.61	100.96	186.29	284.34	0.86577	0.00010458	0.061156	0.0025220	119.43	0.0083733	41.894	43.749	172.91	102.40	167.20	124.66	19.382	1.4598e-05	0.020773
344.44	2.1787	988.24	0.0010119	31.051	31.276	136.68	100.99	186.57	283.61	0.87207	0.00010435	0.061093	0.0025073	119.91	0.0083399	41.897	43.751	172.89	102.47	167.63	124.56	19.373	1.4614e-05	0.020811
344.58	2.1854	987.36	0.0010128	31.075	31.301	136.75	101.03	186.85	282.89	0.87841	0.00010411	0.061031	0.0024928	120.39	0.0083067	41.900	43.752	172.88	102.53	168.07	124.46	19.364	1.4629e-05	0.020849
344.72	2.1922	986.49	0.0010137	31.099	31.326	136.82	101.06	187.14	282.16	0.88479	0.00010388	0.060968	0.0024782	120.87	0.0082736	41.903	43.754	172.87	102.59	168.51	124.36	19.355	1.4645e-05	0.020887
344.86	2.1990	985.61	0.0010146	31.123	31.351	136.89	101.09	187.43	281.44	0.89120	0.00010365	0.060906	0.0024638	121.35	0.0082408	41.906	43.755	172.86	102.66	168.95	124.26	19.346	1.4660e-05	0.020925
345.00	2.2057	984.73	0.0010155	31.147	31.376	136.96	101.12	187.72	280.71	0.89765	0.00010342	0.060844	0.0024494	121.83	0.0082081	41.909	43.756	172.84	102.72	169.40	124.16	19.337	1.4675e-05	0.020963
345.13	2.2125	983.85	0.0010164	31.171	31.400	137.03	101.16	188.01	279.99	0.90413	0.00010319	0.060781	0.0024350	122.32	0.0081756	41.912	43.758	172.83	102.78	169.85	124.06	19.328	1.4691e-05	0.021002
345.27	2.2192	982.98	0.0010173	31.195	31.425	137.10	101.19	188.30	279.27	0.91065	0.00010296	0.060720	0.0024207	122.80	0.0081432	41.915	43.759	172.82	102.85	170.30	123.96	19.319	1.4707e-05	0.021040
345.41	2.2260	982.10	0.0010182	31.219	31.450	137.17	101.22	188.59	278.55	0.91721	0.00010273	0.060658	0.0024064	123.29	0.0081111	41.918	43.760	172.80	102.91	170.75	123.86	19.310	1.4722e-05	0.021079
345.55	2.2328	981.22	0.0010191	31.242	31.475	137.24	101.26	188.89	277.83	0.92381	0.00010250	0.060596	0.0023922	123.78	0.0080791	41.921	43.761	172.79	102.97	171.21	123.76	19.301	1.4738e-05	0.021118
345.68	2.2395	980.34	0.0010201	31.266	31.499	137.30	101.29	189.19	277.12	0.93045	0.00010227	0.060534	0.0023780	124.27	0.0080473	41.923	43.762	172.78	103.04	171.67	123.66	19.293	1.4754e-05	0.021157
345.82	2.2463	979.46	0.0010210	31.290	31.524	137.37	101.32	189.49	276.40	0.93712	0.00010204	0.060473	0.0023639	124.76	0.0080157	41.926	43.763	172.77	103.10	172.13	123.56	19.284	1.4770e-05	0.021196
345.96	2.2531	978.58	0.0010219	31.314	31.549	137.44	101.35	189.79	275.68	0.94383	0.00010182	0.060411	0.0023498	125.25	0.0079842	41.929	43.764	172.75	103.16	172.60	123.45	19.275	1.4785e-05	0.021235
346.09	2.2598	977.70	0.0010228	31.337	31.573	137.51	101.39	190.09	274.97	0.95059	0.00010159	0.060350	0.0023358	125.74	0.0079529	41.931	43.765	172.74	103.22	173.07	123.35	19.267	1.4801e-05	0.021275
346.23	2.2666	976.82	0.0010237	31.361	31.598	137.58	101.42	190.40	274.25	0.95738	0.00010136	0.060289	0.0023218	126.23	0.0079218	41.934	43.766	172.73	103.29	173.54	123.25	19.258	1.4817e-05	0.021314
346.36	2.2734	975.94	0.0010247	31.385	31.622	137.65	101.45	190.70	273.54	0.96421	0.00010114	0.060228	0.0023079	126.73	0.0078909	41.937	43.767	172.71	103.35	174.02	123.15	19.250	1.4833e-05	0.021354
346.50	2.2801	975.06	0.0010256	31.408	31.647	137.72	101.49	191.01	272.83	0.97108	0.00010091	0.060167	0.0022940	127.23	0.0078601	41.939	43.768	172.70	103.41	174.50	123.05	19.241	1.4849e-05	0.021394
346.63	2.2869	974.18	0.0010265	31.432	31.671	137.79	101.52	191.32	272.12	0.97800	0.00010069	0.060106	0.0022802	127.72	0.0078295	41.942	43.769	172.69	103.48	174.98	122.95	19.233	1.4865e-05	0.021434
346.77	2.2937	973.30	0.0010274	31.455	31.696	137.86	101.55	191.64	271.41	0.98495	0.00010047	0.060046	0.0022664	128.22	0.0077990	41.944	43.769	172.67	103.54	175.47	122.85	19.225	1.4882e-05	0.021474
346.90	2.3004	972.41	0.0010284	31.479	31.720	137.92	101.59	191.95	270.70	0.99195	0.00010024	0.059985	0.0022527	128.72	0.0077687	41.947	43.770	172.66	103.60	175.96	122.75	19.217	1.4898e-05	0.021515
347.04	2.3072	971.53	0.0010293	31.502	31.745	137.99	101.62	192.27	269.99	0.99899	0.00010002	0.059925	0.0022390	129.22	0.0077385	41.949	43.771	172.65	103.67	176.45	122.65	19.208	1.4914e-05	0.021555
347.17	2.3140	970.65	0.0010302	31.526	31.769	138.06	101.66	192.59	269.28	1.0061	9.9799e-05	0.059864	0.0022253	129.73	0.0077086	41.951	43.771	172.63	103.73	176.95	122.55	19.200	1.4930e-05	0.021596
347.30	2.3207	969.77	0.0010312	31.549	31.793	138.13	101.69	192.91	268.57	1.0132	9.9577e-05	0.059804	0.0022117	130.23	0.0076787	41.954	43.772	172.62	103.79	177.45	122.45	19.192	1.4947e-05	0.021637
347.44	2.3275	968.88	0.0010321	31.573	31.818	138.20	101.72	193.24	267.86	1.0204	9.9356e-05	0.059744	0.0021982	130.74	0.0076490	41.956	43.773	172.61	103.86	177.95	122.35	19.184	1.4963e-05	0.021678
347.57	2.3343	968.00	0.0010331	31.596	31.842	138.26	101.76	193.56	267.16	1.0276	9.9136e-05	0.059684	0.0021847	131.24	0.0076195	41.958	43.773	172.59	103.92	178.46	122.24	19.176	1.4980e-05	0.021719
347.70	2.3410	967.11	0.0010340	31.619	31.866	138.33	101.79	193.89	266.45	1.0348	9.8916e-05	0.059624	0.0021712	131.75	0.0075901	41.961	43.774	172.58	103.98	178.97	122.14	19.168	1.4996e-05	0.021761
347.83	2.3478	966.23	0.0010350	31.643	31.891	138.40	101.83	194.22	265.75	1.0421	9.8697e-05	0.059565	0.0021578	132.26	0.0075609	41.963	43.774	172.56	104.04	179.48	122.04	19.160	1.5013e-05	0.021802
347.96	2.3545	965.34	0.0010359	31.666	31.915	138.47	101.86	194.56	265.04	1.0495	9.8478e-05	0.059505	0.0021445	132.77	0.0075318	41.965	43.774	172.55	104.11	180.00	121.94	19.152	1.5030e-05	0.021844
348.10	2.3613	964.46	0.0010369	31.689	31.939	138.54	101.89	194.89	264.34	1.0569	9.8260e-05	0.059445	0.0021312	133.28	0.0075029	41.967	43.775	172.54	104.17	180.52	121.84	19.144	1.5046e-05	0.021886
348.23	2.3681	963.57	0.0010378	31.712	31.963	138.60	101.93	195.23	263.64	1.0643	9.8042e-05	0.059386	0.0021179	133.79	0.0074741	41.969	43.775	172.52	104.23	181.05	121.74	19.137	1.5063e-05	0.021928
348.36	2.3748	962.68	0.0010388	31.736	31.987	138.67	101.96	195.57	262.94	1.0718	9.7824e-05	0.059327	0.0021047	134.31	0.0074455	41.971	43.775	172.51	104.30	181.58	121.63	19.129	1.5080e-05	0.021970
348.49	2.3816	961.79	0.0010397	31.759	32.011	138.74	102.00	195.91	262.24	1.0793	9.7607e-05	0.059268	0.0020915	134.83	0.0074170	41.973	43.775	172.49	104.36	182.11	121.53	19.121	1.5097e-05	0.022013
348.62	2.3884	960.90	0.0010407	31.782	32.036	138.80	102.03	196.26	261.54	1.0869	9.7391e-05	0.059209	0.0020783	135.34	0.0073886	41.975	43.776	172.48	104.42	182.65	121.43	19.113	1.5114e-05	0.022055
348.75	2.3951	960.02	0.0010416	31.805	32.060	138.87	102.07	196.60	260.84	1.0945	9.7175e-05	0.059150	0.0020653	135.86	0.0073604	41.977	43.776	172.47	104.49	183.19	121.33	19.106	1.5131e-05	0.022098
348.88	2.4019	959.13	0.0010426	31.828	32.084	138.94	102.10	196.95	260.14	1.1022	9.6960e-05	0.059091	0.0020522	136.38	0.0073324	41.979	43.776	172.45	104.55	183.74	121.23	19.098	1.5148e-05	0.022141
349.01	2.4087	958.24	0.0010436	31.851	32.108	139.00	102.14	197.31	259.44	1.1099	9.6745e-05	0.059032	0.0020392	136.90	0.0073044	41.981	43.776	172.44	104.61	184.29	121.12	19.091	1.5165e-05	0.022184
349.14	2.4154	957.34	0.0010446	31.874	32.132	139.07	102.17	197.66	258.74	1.1177	9.6530e-05	0.058974	0.0020262	137.43	0.0072766	41.982	43.776	172.42	104.68	184.84	121.02	19.083	1.5182e-05	0.022228
349.27	2.4222	956.45	0.0010455	31.897	32.156	139.14	102.21	198.02	258.05	1.1255	9.6316e-05	0.058915	0.0020133	137.95	0.0072490	41.984	43.776	172.41	104.74	185.40	120.92	19.076	1.5199e-05	0.022271
349.39	2.4290	955.56	0.0010465	31.920	32.180	139.20	102.24	198.38	257.35	1.1333	9.6102e-05	0.058857	0.0020005	138.48	0.0072215	41.986	43.776	172.39	104.80	185.96	120.82	19.068	1.5217e-05	0.022315
349.52	2.4357	954.67	0.0010475	31.943	32.204	139.27	102.28	198.74	256.65	1.1413	9.5889e-05	0.058798	0.0019876	139.00	0.0071941	41.988	43.776	172.38	104.87	186.53	120.71	19.061	1.5234e-05	0.022359
349.65	2.4425	953.77	0.0010485	31.966	32.228	139.34	102.31	199.11	255.96	1.1492	9.5676e-05	0.058740	0.0019749	139.53	0.0071668	41.989	43.775	172.36	104.93	187.10	120.61	19.053	1.5252e-05	0.022403
349.78	2.4493	952.88	0.0010494	31.989	32.251	139.40	102.35	199.47	255.27	1.1573	9.5464e-05	0.058682	0.0019621	140.06	0.0071397	41.991	43.775	172.35	104.99	187.68	120.51	19.046	1.5269e-05	0.022447
349.91	2.4560	951.99	0.0010504	32.012	32.275	139.47	102.38	199.85	254.57	1.1653	9.5252e-05	0.058624	0.0019494	140.59	0.0071127	41.993	43.775	172.33	105.06	188.26	120.41	19.039	1.5287e-05	0.022492
350.03	2.4628	951.09	0.0010514	32.035	32.299	139.54	102.42	200.22	253.88	1.1735	9.5041e-05	0.058567	0.0019368	141.13	0.0070858	41.994	43.775	172.32	105.12	188.85	120.30	19.031	1.5304e-05	0.022536
350.16	2.4695	950.19	0.0010524	32.058	32.323	139.60	102.45	200.60	253.19	1.1816	9.4830e-05	0.058509	0.0019242	141.66	0.0070591	41.996	43.774	172.31	105.18	189.44	120.20	19.024	1.5322e-05	0.022581
350.29	2.4763	949.30	0.0010534	32.081	32.347	139.67	102.49	200.98	252.49	1.1899	9.4619e-05	0.058451	0.0019116	142.20	0.0070325	41.997	43.774	172.29	105.25	190.03	120.10	19.017	1.5340e-05	0.022626
350.41	2.4831	948.40	0.0010544	32.104	32.371	139.73	102.52	201.36	251.80	1.1982	9.4409e-05	0.058394	0.0018991	142.74	0.0070060	41.998	43.773	172.27	105.31	190.63	120.00	19.010	1.5358e-05	0.022672
350.54	2.4898	947.50	0.0010554	32.126	32.394	139.80	102.56	201.74	251.11	1.2065	9.4200e-05	0.058336	0.0018866	143.27	0.0069796	42.000	43.773	172.26	105.37	191.23	119.89	19.002	1.5376e-05	0.022717
350.66	2.4966	946.60	0.0010564	32.149	32.418	139.87	102.60	202.13	250.42	1.2149	9.3990e-05	0.058279	0.0018742	143.82	0.0069534	42.001	43.772	172.24	105.44	191.84	119.79	18.995	1.5394e-05	0.022763
350.79	2.5034	945.70	0.0010574	32.172	32.442	139.93	102.63	202.52	249.73	1.2234	9.3781e-05	0.058222	0.0018618	144.36	0.0069273	42.003	43.772	172.23	105.50	192.46	119.69	18.988	1.5412e-05	0.022809
350.92	2.5101	944.80	0.0010584	32.195	32.466	140.00	102.67	202.92	249.04	1.2319	9.3573e-05	0.058165	0.0018494	144.90	0.0069013	42.004	43.771	172.21	105.56	193.08	119.58	18.981	1.5430e-05	0.022855
351.04	2.5169	943.90	0.0010594	32.217	32.489	140.06	102.71	203.31	248.35	1.2404	9.3365e-05	0.058108	0.0018371	145.45	0.0068754	42.005	43.771	172.20	105.63	193.70	119.48	18.974	1.5448e-05	0.022902
351.17	2.5237	942.99	0.0010605	32.240	32.513	140.13	102.74	203.72	247.67	1.2491	9.3157e-05	0.058051	0.0018248	145.99	0.0068496	42.006	43.770	172.18	105.69	194.33	119.38	18.967	1.5466e-05	0.022948
351.29	2.5304	942.09	0.0010615	32.263	32.537	140.19	102.78	204.12	246.98	1.2577	9.2950e-05	0.057994	0.0018126	146.54	0.0068240	42.007	43.769	172.17	105.75	194.97	119.27	18.960	1.5485e-05	0.022995
351.41	2.5372	941.19	0.0010625	32.285	32.560	140.26	102.81	204.53	246.29	1.2665	9.2743e-05	0.057938	0.0018004	147.09	0.0067985	42.009	43.768	172.15	105.82	195.61	119.17	18.953	1.5503e-05	0.023042
351.54	2.5440	940.28	0.0010635	32.308	32.584	140.32	102.85	204.94	245.61	1.2753	9.2536e-05	0.057881	0.0017883	147.64	0.0067731	42.010	43.768	172.14	105.88	196.25	119.07	18.946	1.5522e-05	0.023089
351.66	2.5507	939.37	0.0010645	32.331	32.608	140.39	102.89	205.35	244.92	1.2842	9.2330e-05	0.057825	0.0017762	148.20	0.0067478	42.011	43.767	172.12	105.94	196.90	118.96	18.939	1.5540e-05	0.023137
351.79	2.5575	938.47	0.0010656	32.353	32.631	140.45	102.93	205.77	244.23	1.2931	9.2124e-05	0.057769	0.0017641	148.75	0.0067226	42.012	43.766	172.10	106.01	197.56	118.86	18.932	1.5559e-05	0.023185
351.91	2.5643	937.56	0.0010666	32.376	32.655	140.52	102.96	206.19	243.55	1.3021	9.1919e-05	0.057713	0.0017521	149.31	0.0066975	42.013	43.765	172.09	106.07	198.22	118.75	18.925	1.5578e-05	0.023233
352.03	2.5710	936.65	0.0010676	32.398	32.678	140.58	103.00	206.61	242.86	1.3111	9.1714e-05	0.057657	0.0017401	149.87	0.0066726	42.014	43.764	172.07	106.14	198.89	118.65	18.919	1.5596e-05	0.023281
352.15	2.5778	935.74	0.0010687	32.421	32.702	140.65	103.04	207.04	242.18	1.3202	9.1509e-05	0.057601	0.0017282	150.43	0.0066478	42.014	43.763	172.06	106.20	199.56	118.55	18.912	1.5615e-05	0.023329
352.28	2.5845	934.83	0.0010697	32.443	32.725	140.71	103.08	207.47	241.50	1.3294	9.1305e-05	0.057545	0.0017162	150.99	0.0066230	42.015	43.762	172.04	106.26	200.24	118.44	18.905	1.5634e-05	0.023378
352.40	2.5913	933.92	0.0010708	32.466	32.749	140.78	103.11	207.91	240.81	1.3386	9.1101e-05	0.057489	0.0017044	151.55	0.0065984	42.016	43.761	172.02	106.33	200.93	118.34	18.898	1.5653e-05	0.023427
352.52	2.5981	933.00	0.0010718	32.488	32.772	140.84	103.15	208.34	240.13	1.3479	9.0898e-05	0.057433	0.0016926	152.12	0.0065739	42.017	43.760	172.01	106.39	201.62	118.23	18.891	1.5672e-05	0.023476
352.64	2.6048	932.09	0.0010729	32.511	32.796	140.91	103.19	208.79	239.45	1.3573	9.0694e-05	0.057378	0.0016808	152.68	0.0065495	42.018	43.758	171.99	106.46	202.32	118.13	18.885	1.5692e-05	0.023525
352.76	2.6116	931.17	0.0010739	32.533	32.819	140.97	103.23	209.23	238.76	1.3667	9.0491e-05	0.057323	0.0016690	153.25	0.0065252	42.018	43.757	171.98	106.52	203.02	118.02	18.878	1.5711e-05	0.023575
352.89	2.6184	930.26	0.0010750	32.556	32.843	141.03	103.26	209.68	238.08	1.3762	9.0289e-05	0.057267	0.0016573	153.82	0.0065010	42.019	43.756	171.96	106.58	203.73	117.92	18.871	1.5730e-05	0.023625
353.01	2.6251	929.34	0.0010760	32.578	32.866	141.10	103.30	210.13	237.40	1.3858	9.0086e-05	0.057212	0.0016457	154.39	0.0064769	42.020	43.754	171.94	106.65	204.45	117.82	18.864	1.5750e-05	0.023675
353.13	2.6319	928.42	0.0010771	32.600	32.890	141.16	103.34	210.59	236.72	1.3955	8.9885e-05	0.057157	0.0016341	154.97	0.0064529	42.020	43.753	171.93	106.71	205.17	117.71	18.858	1.5769e-05	0.023725
353.25	2.6387	927.50	0.0010782	32.623	32.913	141.23	103.38	211.05	236.04	1.4052	8.9683e-05	0.057102	0.0016225	155.54	0.0064291	42.021	43.751	171.91	106.78	205.90	117.61	18.851	1.5789e-05	0.023776
353.37	2.6454	926.58	0.0010792	32.645	32.936	141.29	103.42	211.52	235.36	1.4149	8.9482e-05	0.057047	0.0016109	156.12	0.0064053	42.021	43.750	171.89	106.84	206.64	117.50	18.844	1.5808e-05	0.023827
353.49	2.6522	925.66	0.0010803	32.667	32.960	141.36	103.46	211.99	234.68	1.4248	8.9281e-05	0.056993	0.0015994	156.70	0.0063816	42.022	43.748	171.88	106.91	207.38	117.40	18.838	1.5828e-05	0.023878
353.61	2.6590	924.74	0.0010814	32.690	32.983	141.42	103.50	212.46	234.00	1.4347	8.9080e-05	0.056938	0.0015880	157.28	0.0063580	42.022	43.747	171.86	106.97	208.13	117.29	18.831	1.5848e-05	0.023930
353.73	2.6657	923.81	0.0010825	32.712	33.007	141.48	103.54	212.94	233.32	1.4447	8.8880e-05	0.056883	0.0015765	157.86	0.0063345	42.022	43.745	171.84	107.03	208.89	117.19	18.824	1.5868e-05	0.023981
353.85	2.6725	922.89	0.0010836	32.734	33.030	141.55	103.58	213.42	232.64	1.4548	8.8680e-05	0.056829	0.0015652	158.45	0.0063112	42.023	43.744	171.83	107.10	209.65	117.08	18.818	1.5888e-05	0.024033
353.97	2.6793	921.96	0.0010846	32.757	33.053	141.61	103.62	213.91	231.96	1.4649	8.8480e-05	0.056775	0.0015538	159.04	0.0062879	42.023	43.742	171.81	107.16	210.43	116.98	18.811	1.5908e-05	0.024085
354.08	2.6860	921.03	0.0010857	32.779	33.076	141.67	103.65	214.40	231.29	1.4751	8.8281e-05	0.056721	0.0015425	159.62	0.0062647	42.023	43.740	171.79	107.23	211.20	116.87	18.805	1.5928e-05	0.024138
354.20	2.6928	920.10	0.0010868	32.801	33.100	141.74	103.69	214.90	230.61	1.4854	8.8082e-05	0.056667	0.0015312	160.22	0.0062416	42.023	43.738	171.77	107.29	211.99	116.77	18.798	1.5949e-05	0.024191
354.32	2.6996	919.17	0.0010879	32.823	33.123	141.80	103.73	215.40	229.93	1.4958	8.7883e-05	0.056613	0.0015200	160.81	0.0062186	42.024	43.736	171.76	107.36	212.78	116.66	18.791	1.5969e-05	0.024244
354.44	2.7063	918.24	0.0010890	32.846	33.146	141.87	103.77	215.90	229.25	1.5062	8.7684e-05	0.056559	0.0015088	161.40	0.0061957	42.024	43.734	171.74	107.42	213.59	116.56	18.785	1.5990e-05	0.024297
354.56	2.7131	917.31	0.0010901	32.868	33.170	141.93	103.82	216.41	228.58	1.5168	8.7486e-05	0.056505	0.0014977	162.00	0.0061729	42.024	43.732	171.72	107.49	214.39	116.45	18.778	1.6010e-05	0.024351
354.67	2.7198	916.37	0.0010913	32.890	33.193	141.99	103.86	216.92	227.90	1.5274	8.7288e-05	0.056452	0.0014865	162.60	0.0061502	42.024	43.730	171.70	107.55	215.21	116.34	18.772	1.6031e-05	0.024405
354.79	2.7266	915.44	0.0010924	32.912	33.216	142.06	103.90	217.44	227.22	1.5381	8.7090e-05	0.056398	0.0014755	163.20	0.0061276	42.024	43.728	171.69	107.62	216.04	116.24	18.765	1.6052e-05	0.024459
354.91	2.7334	914.50	0.0010935	32.934	33.239	142.12	103.94	217.97	226.55	1.5488	8.6893e-05	0.056345	0.0014644	163.80	0.0061050	42.024	43.726	171.67	107.68	216.87	116.13	18.758	1.6073e-05	0.024514
355.03	2.7401	913.56	0.0010946	32.957	33.263	142.18	103.98	218.50	225.87	1.5597	8.6696e-05	0.056292	0.0014534	164.40	0.0060826	42.024	43.724	171.65	107.75	217.71	116.03	18.752	1.6094e-05	0.024568
355.14	2.7469	912.62	0.0010957	32.979	33.286	142.25	104.02	219.03	225.20	1.5706	8.6499e-05	0.056239	0.0014424	165.01	0.0060603	42.023	43.722	171.63	107.81	218.56	115.92	18.745	1.6115e-05	0.024624
355.26	2.7537	911.68	0.0010969	33.001	33.309	142.31	104.06	219.57	224.52	1.5816	8.6302e-05	0.056186	0.0014315	165.62	0.0060380	42.023	43.720	171.61	107.88	219.42	115.81	18.739	1.6136e-05	0.024679
355.38	2.7604	910.73	0.0010980	33.023	33.332	142.37	104.10	220.12	223.85	1.5927	8.6106e-05	0.056133	0.0014206	166.23	0.0060158	42.023	43.717	171.60	107.94	220.28	115.71	18.732	1.6157e-05	0.024735
355.49	2.7672	909.79	0.0010992	33.045	33.355	142.44	104.14	220.67	223.17	1.6039	8.5909e-05	0.056080	0.0014098	166.84	0.0059937	42.023	43.715	171.58	108.01	221.16	115.60	18.726	1.6178e-05	0.024791
355.61	2.7740	908.84	0.0011003	33.067	33.379	142.50	104.19	221.22	222.50	1.6152	8.5714e-05	0.056027	0.0013990	167.46	0.0059717	42.022	43.713	171.56	108.08	222.04	115.50	18.719	1.6200e-05	0.024847
355.72	2.7807	907.90	0.0011014	33.089	33.402	142.56	104.23	221.78	221.82	1.6265	8.5518e-05	0.055975	0.0013882	168.07	0.0059498	42.022	43.710	171.54	108.14	222.94	115.39	18.712	1.6221e-05	0.024904
355.84	2.7875	906.95	0.0011026	33.111	33.425	142.62	104.27	222.35	221.15	1.6380	8.5322e-05	0.055922	0.0013774	168.69	0.0059280	42.022	43.708	171.52	108.21	223.84	115.28	18.706	1.6243e-05	0.024961
355.95	2.7943	906.00	0.0011038	33.133	33.448	142.69	104.31	222.92	220.47	1.6495	8.5127e-05	0.055870	0.0013667	169.31	0.0059062	42.021	43.705	171.50	108.27	224.75	115.18	18.699	1.6265e-05	0.025018
356.07	2.8010	905.04	0.0011049	33.155	33.471	142.75	104.35	223.50	219.80	1.6612	8.4932e-05	0.055818	0.0013561	169.94	0.0058846	42.021	43.703	171.48	108.34	225.67	115.07	18.693	1.6287e-05	0.025076
356.18	2.8078	904.09	0.0011061	33.178	33.494	142.81	104.40	224.08	219.13	1.6729	8.4738e-05	0.055766	0.0013454	170.56	0.0058630	42.020	43.700	171.47	108.41	226.60	114.96	18.686	1.6309e-05	0.025134
356.30	2.8146	903.14	0.0011073	33.200	33.518	142.88	104.44	224.67	218.45	1.6847	8.4543e-05	0.055714	0.0013348	171.19	0.0058415	42.020	43.697	171.45	108.47	227.54	114.86	18.679	1.6331e-05	0.025193
356.41	2.8213	902.18	0.0011084	33.222	33.541	142.94	104.48	225.27	217.78	1.6966	8.4349e-05	0.055662	0.0013243	171.82	0.0058201	42.019	43.694	171.43	108.54	228.49	114.75	18.673	1.6353e-05	0.025251
356.53	2.8281	901.22	0.0011096	33.244	33.564	143.00	104.53	225.87	217.11	1.7086	8.4155e-05	0.055611	0.0013137	172.45	0.0057987	42.018	43.692	171.41	108.60	229.46	114.64	18.666	1.6375e-05	0.025310
356.64	2.8348	900.26	0.0011108	33.266	33.587	143.06	104.57	226.48	216.44	1.7207	8.3961e-05	0.055559	0.0013033	173.09	0.0057775	42.018	43.689	171.39	108.67	230.43	114.54	18.660	1.6398e-05	0.025370
356.75	2.8416	899.30	0.0011120	33.288	33.610	143.13	104.61	227.09	215.76	1.7329	8.3767e-05	0.055508	0.0012928	173.72	0.0057563	42.017	43.686	171.37	108.74	231.41	114.43	18.653	1.6420e-05	0.025429
356.87	2.8484	898.33	0.0011132	33.310	33.633	143.19	104.66	227.71	215.09	1.7452	8.3574e-05	0.055457	0.0012824	174.36	0.0057352	42.016	43.683	171.35	108.80	232.40	114.32	18.646	1.6443e-05	0.025490
356.98	2.8551	897.37	0.0011144	33.332	33.656	143.25	104.70	228.34	214.42	1.7576	8.3380e-05	0.055406	0.0012720	175.00	0.0057142	42.015	43.680	171.33	108.87	233.40	114.22	18.640	1.6466e-05	0.025550
357.09	2.8619	896.40	0.0011156	33.354	33.679	143.31	104.75	228.98	213.75	1.7702	8.3187e-05	0.055355	0.0012617	175.65	0.0056932	42.014	43.677	171.31	108.94	234.42	114.11	18.633	1.6489e-05	0.025611
357.21	2.8687	895.43	0.0011168	33.376	33.702	143.38	104.79	229.62	213.08	1.7828	8.2995e-05	0.055304	0.0012514	176.29	0.0056724	42.013	43.674	171.29	109.00	235.44	114.00	18.626	1.6512e-05	0.025672
357.32	2.8754	894.46	0.0011180	33.398	33.726	143.44	104.84	230.27	212.40	1.7955	8.2802e-05	0.055253	0.0012411	176.94	0.0056516	42.012	43.671	171.27	109.07	236.48	113.89	18.619	1.6535e-05	0.025734
357.43	2.8822	893.49	0.0011192	33.420	33.749	143.50	104.88	230.92	211.73	1.8083	8.2609e-05	0.055203	0.0012309	177.59	0.0056308	42.011	43.667	171.25	109.14	237.53	113.79	18.613	1.6558e-05	0.025796
357.54	2.8890	892.51	0.0011204	33.441	33.772	143.56	104.93	231.58	211.06	1.8212	8.2417e-05	0.055152	0.0012207	178.25	0.0056102	42.010	43.664	171.23	109.20	238.59	113.68	18.606	1.6582e-05	0.025858
357.65	2.8957	891.53	0.0011217	33.463	33.795	143.63	104.97	232.25	210.39	1.8343	8.2225e-05	0.055102	0.0012105	178.90	0.0055896	42.009	43.661	171.21	109.27	239.66	113.57	18.599	1.6605e-05	0.025921
357.77	2.9025	890.56	0.0011229	33.485	33.818	143.69	105.02	232.93	209.72	1.8474	8.2033e-05	0.055052	0.0012004	179.56	0.0055691	42.008	43.657	171.19	109.34	240.75	113.46	18.592	1.6629e-05	0.025984
357.88	2.9093	889.57	0.0011241	33.507	33.841	143.75	105.06	233.62	209.05	1.8606	8.1841e-05	0.055002	0.0011903	180.22	0.0055487	42.007	43.654	171.17	109.41	241.84	113.35	18.586	1.6652e-05	0.026047
357.99	2.9160	888.59	0.0011254	33.529	33.864	143.81	105.11	234.31	208.38	1.8740	8.1649e-05	0.054952	0.0011802	180.89	0.0055283	42.006	43.650	171.15	109.47	242.95	113.25	18.579	1.6676e-05	0.026111
358.10	2.9228	887.61	0.0011266	33.551	33.887	143.88	105.16	235.01	207.71	1.8875	8.1458e-05	0.054902	0.0011702	181.55	0.0055080	42.004	43.647	171.13	109.54	244.07	113.14	18.572	1.6700e-05	0.026176
358.21	2.9296	886.62	0.0011279	33.573	33.910	143.94	105.20	235.72	207.04	1.9011	8.1266e-05	0.054853	0.0011602	182.22	0.0054878	42.003	43.643	171.11	109.61	245.21	113.03	18.565	1.6725e-05	0.026240
358.32	2.9363	885.63	0.0011291	33.595	33.933	144.00	105.25	236.44	206.36	1.9148	8.1075e-05	0.054803	0.0011503	182.89	0.0054677	42.001	43.640	171.09	109.68	246.36	112.92	18.558	1.6749e-05	0.026306
358.43	2.9431	884.64	0.0011304	33.617	33.956	144.06	105.30	237.16	205.69	1.9286	8.0884e-05	0.054754	0.0011404	183.57	0.0054476	42.000	43.636	171.07	109.75	247.52	112.81	18.551	1.6773e-05	0.026371
358.54	2.9498	883.65	0.0011317	33.639	33.979	144.13	105.35	237.89	205.02	1.9426	8.0693e-05	0.054705	0.0011305	184.24	0.0054276	41.998	43.632	171.05	109.81	248.70	112.71	18.544	1.6798e-05	0.026437
358.65	2.9566	882.65	0.0011330	33.661	34.003	144.19	105.39	238.64	204.35	1.9567	8.0502e-05	0.054656	0.0011206	184.92	0.0054076	41.997	43.628	171.03	109.88	249.89	112.60	18.537	1.6822e-05	0.026504
358.76	2.9634	881.65	0.0011342	33.683	34.026	144.25	105.44	239.39	203.68	1.9709	8.0312e-05	0.054607	0.0011108	185.61	0.0053878	41.995	43.624	171.00	109.95	251.09	112.49	18.530	1.6847e-05	0.026570
358.87	2.9701	880.65	0.0011355	33.705	34.049	144.31	105.49	240.15	203.01	1.9852	8.0121e-05	0.054558	0.0011011	186.29	0.0053680	41.994	43.620	170.98	110.02	252.31	112.38	18.523	1.6872e-05	0.026638
358.98	2.9769	879.65	0.0011368	33.726	34.072	144.37	105.54	240.92	202.34	1.9996	7.9931e-05	0.054510	0.0010913	186.98	0.0053482	41.992	43.616	170.96	110.09	253.55	112.27	18.516	1.6897e-05	0.026705
359.09	2.9837	878.65	0.0011381	33.748	34.095	144.44	105.59	241.70	201.67	2.0142	7.9741e-05	0.054462	0.0010816	187.67	0.0053285	41.990	43.612	170.94	110.16	254.80	112.16	18.509	1.6922e-05	0.026774
359.20	2.9904	877.64	0.0011394	33.770	34.118	144.50	105.64	242.48	201.00	2.0289	7.9550e-05	0.054413	0.0010719	188.36	0.0053089	41.988	43.608	170.92	110.23	256.06	112.05	18.502	1.6948e-05	0.026842
359.31	2.9972	876.63	0.0011407	33.792	34.141	144.56	105.69	243.28	200.33	2.0437	7.9360e-05	0.054365	0.0010623	189.06	0.0052894	41.986	43.604	170.90	110.30	257.34	111.95	18.495	1.6973e-05	0.026911
359.42	3.0040	875.62	0.0011421	33.814	34.164	144.62	105.74	244.09	199.66	2.0587	7.9170e-05	0.054318	0.0010527	189.76	0.0052699	41.984	43.600	170.87	110.36	258.64	111.84	18.488	1.6999e-05	0.026981
359.53	3.0107	874.60	0.0011434	33.836	34.187	144.68	105.79	244.91	198.99	2.0738	7.8980e-05	0.054270	0.0010431	190.46	0.0052504	41.983	43.595	170.85	110.43	259.95	111.73	18.480	1.7025e-05	0.027051
359.63	3.0175	873.59	0.0011447	33.858	34.210	144.75	105.84	245.73	198.32	2.0891	7.8791e-05	0.054222	0.0010336	191.17	0.0052311	41.980	43.591	170.83	110.50	261.28	111.62	18.473	1.7051e-05	0.027122
359.74	3.0243	872.57	0.0011460	33.880	34.233	144.81	105.89	246.57	197.65	2.1044	7.8601e-05	0.054175	0.0010241	191.87	0.0052118	41.978	43.587	170.81	110.57	262.63	111.51	18.466	1.7077e-05	0.027193
359.85	3.0310	871.55	0.0011474	33.902	34.256	144.87	105.94	247.42	196.98	2.1200	7.8411e-05	0.054128	0.0010146	192.58	0.0051925	41.976	43.582	170.79	110.64	264.00	111.40	18.458	1.7103e-05	0.027264
359.96	3.0378	870.52	0.0011487	33.924	34.280	144.93	105.99	248.28	196.31	2.1356	7.8222e-05	0.054081	0.0010052	193.30	0.0051733	41.974	43.578	170.76	110.71	265.38	111.29	18.451	1.7130e-05	0.027336
360.06	3.0446	869.50	0.0011501	33.945	34.303	144.99	106.04	249.15	195.64	2.1514	7.8032e-05	0.054034	0.00099581	194.02	0.0051542	41.972	43.573	170.74	110.78	266.78	111.18	18.443	1.7156e-05	0.027409
360.17	3.0513	868.47	0.0011515	33.967	34.326	145.06	106.09	250.03	194.97	2.1674	7.7843e-05	0.053988	0.00098645	194.74	0.0051351	41.970	43.568	170.72	110.85	268.20	111.07	18.436	1.7183e-05	0.027482
360.28	3.0581	867.43	0.0011528	33.989	34.349	145.12	106.14	250.93	194.30	2.1835	7.7654e-05	0.053941	0.00097713	195.46	0.0051161	41.967	43.564	170.69	110.92	269.64	110.96	18.428	1.7210e-05	0.027556
360.39	3.0649	866.40	0.0011542	34.011	34.372	145.18	106.19	251.83	193.63	2.1997	7.7464e-05	0.053895	0.00096783	196.19	0.0050972	41.965	43.559	170.67	110.99	271.09	110.85	18.421	1.7237e-05	0.027630
360.49	3.0716	865.36	0.0011556	34.033	34.395	145.24	106.25	252.75	192.97	2.2161	7.7275e-05	0.053849	0.00095857	196.92	0.0050783	41.962	43.554	170.65	111.06	272.57	110.74	18.413	1.7264e-05	0.027705
360.60	3.0784	864.32	0.0011570	34.055	34.418	145.30	106.30	253.68	192.30	2.2327	7.7086e-05	0.053803	0.00094935	197.65	0.0050594	41.960	43.549	170.62	111.14	274.07	110.63	18.405	1.7292e-05	0.027780
360.71	3.0851	863.28	0.0011584	34.077	34.442	145.37	106.35	254.62	191.63	2.2494	7.6897e-05	0.053758	0.00094016	198.39	0.0050407	41.957	43.544	170.60	111.21	275.59	110.52	18.398	1.7319e-05	0.027856
360.81	3.0919	862.23	0.0011598	34.099	34.465	145.43	106.41	255.58	190.96	2.2663	7.6708e-05	0.053712	0.00093100	199.13	0.0050219	41.955	43.539	170.58	111.28	277.12	110.41	18.390	1.7347e-05	0.027932
360.92	3.0987	861.18	0.0011612	34.121	34.488	145.49	106.46	256.55	190.29	2.2833	7.6519e-05	0.053667	0.00092188	199.87	0.0050032	41.952	43.534	170.55	111.35	278.68	110.30	18.382	1.7375e-05	0.028009
361.02	3.1054	860.13	0.0011626	34.143	34.511	145.55	106.51	257.53	189.62	2.3005	7.6330e-05	0.053622	0.00091279	200.62	0.0049846	41.949	43.529	170.53	111.42	280.27	110.19	18.374	1.7403e-05	0.028086
361.13	3.1122	859.08	0.0011640	34.165	34.534	145.61	106.57	258.53	188.95	2.3179	7.6141e-05	0.053577	0.00090373	201.37	0.0049660	41.946	43.523	170.51	111.49	281.87	110.08	18.366	1.7431e-05	0.028164
361.23	3.1190	858.02	0.0011655	34.187	34.557	145.68	106.62	259.54	188.28	2.3354	7.5952e-05	0.053533	0.00089471	202.12	0.0049475	41.943	43.518	170.48	111.56	283.50	109.97	18.358	1.7460e-05	0.028243
361.34	3.1257	856.96	0.0011669	34.209	34.581	145.74	106.68	260.56	187.61	2.3531	7.5763e-05	0.053489	0.00088572	202.88	0.0049291	41.940	43.512	170.46	111.64	285.15	109.86	18.350	1.7489e-05	0.028322
361.44	3.1325	855.89	0.0011684	34.231	34.604	145.80	106.73	261.60	186.94	2.3710	7.5574e-05	0.053445	0.00087677	203.64	0.0049106	41.938	43.507	170.43	111.71	286.82	109.75	18.342	1.7517e-05	0.028402
361.55	3.1393	854.83	0.0011698	34.252	34.627	145.86	106.79	262.65	186.27	2.3891	7.5385e-05	0.053401	0.00086785	204.40	0.0048923	41.934	43.501	170.41	111.78	288.52	109.64	18.333	1.7546e-05	0.028483
361.65	3.1460	853.75	0.0011713	34.274	34.650	145.92	106.85	263.72	185.60	2.4073	7.5196e-05	0.053357	0.00085896	205.17	0.0048740	41.931	43.496	170.38	111.85	290.24	109.52	18.325	1.7576e-05	0.028564
361.76	3.1528	852.68	0.0011728	34.296	34.674	145.99	106.90	264.81	184.93	2.4257	7.5007e-05	0.053314	0.00085011	205.94	0.0048557	41.928	43.490	170.36	111.93	291.99	109.41	18.317	1.7605e-05	0.028646
361.86	3.1596	851.60	0.0011743	34.318	34.697	146.05	106.96	265.91	184.26	2.4443	7.4818e-05	0.053271	0.00084129	206.72	0.0048375	41.925	43.484	170.33	112.00	293.76	109.30	18.308	1.7635e-05	0.028728
361.97	3.1663	850.52	0.0011757	34.340	34.720	146.11	107.02	267.02	183.59	2.4631	7.4629e-05	0.053228	0.00083250	207.50	0.0048193	41.922	43.479	170.31	112.07	295.56	109.19	18.300	1.7665e-05	0.028811
362.07	3.1731	849.44	0.0011772	34.362	34.744	146.17	107.08	268.16	182.92	2.4821	7.4440e-05	0.053185	0.00082375	208.28	0.0048012	41.918	43.473	170.28	112.15	297.39	109.08	18.291	1.7695e-05	0.028895
362.17	3.1799	848.35	0.0011788	34.384	34.767	146.24	107.13	269.31	182.25	2.5012	7.4251e-05	0.053143	0.00081503	209.07	0.0047831	41.915	43.467	170.26	112.22	299.25	108.97	18.283	1.7725e-05	0.028979
362.28	3.1866	847.26	0.0011803	34.407	34.790	146.30	107.19	270.48	181.57	2.5206	7.4062e-05	0.053101	0.00080634	209.86	0.0047651	41.911	43.461	170.23	112.29	301.13	108.86	18.274	1.7755e-05	0.029065
362.38	3.1934	846.17	0.0011818	34.429	34.814	146.36	107.25	271.66	180.90	2.5401	7.3872e-05	0.053059	0.00079769	210.66	0.0047471	41.908	43.455	170.20	112.37	303.04	108.74	18.265	1.7786e-05	0.029150
362.48	3.2001	845.07	0.0011833	34.451	34.837	146.42	107.31	272.87	180.23	2.5599	7.3683e-05	0.053018	0.00078907	211.46	0.0047291	41.904	43.448	170.18	112.44	304.99	108.63	18.256	1.7817e-05	0.029237
362.59	3.2069	843.97	0.0011849	34.473	34.860	146.48	107.37	274.09	179.56	2.5799	7.3494e-05	0.052976	0.00078048	212.26	0.0047112	41.900	43.442	170.15	112.51	306.96	108.52	18.247	1.7848e-05	0.029324
362.69	3.2137	842.86	0.0011864	34.495	34.884	146.55	107.43	275.33	178.89	2.6000	7.3305e-05	0.052936	0.00077193	213.07	0.0046934	41.897	43.436	170.13	112.59	308.96	108.41	18.238	1.7879e-05	0.029412
362.79	3.2204	841.75	0.0011880	34.517	34.907	146.61	107.49	276.60	178.22	2.6204	7.3115e-05	0.052895	0.00076341	213.88	0.0046756	41.893	43.429	170.10	112.66	311.00	108.30	18.229	1.7911e-05	0.029501
362.89	3.2272	840.64	0.0011896	34.539	34.931	146.67	107.55	277.88	177.55	2.6410	7.2926e-05	0.052855	0.00075492	214.69	0.0046578	41.889	43.423	170.07	112.74	313.07	108.18	18.220	1.7942e-05	0.029591
363.00	3.2340	839.52	0.0011912	34.561	34.954	146.73	107.61	279.18	176.88	2.6618	7.2736e-05	0.052815	0.00074647	215.51	0.0046401	41.885	43.416	170.04	112.81	315.17	108.07	18.210	1.7974e-05	0.029681
363.10	3.2407	838.40	0.0011928	34.583	34.978	146.80	107.67	280.51	176.21	2.6829	7.2547e-05	0.052775	0.00073805	216.34	0.0046224	41.881	43.409	170.02	112.89	317.31	107.96	18.201	1.8007e-05	0.029772
363.20	3.2475	837.27	0.0011944	34.605	35.001	146.86	107.73	281.86	175.54	2.7041	7.2357e-05	0.052736	0.00072967	217.17	0.0046047	41.877	43.403	169.99	112.97	319.49	107.84	18.191	1.8039e-05	0.029864
363.30	3.2543	836.14	0.0011960	34.628	35.025	146.92	107.80	283.23	174.87	2.7256	7.2167e-05	0.052697	0.00072131	218.00	0.0045871	41.873	43.396	169.96	113.04	321.69	107.73	18.182	1.8072e-05	0.029957
363.40	3.2610	835.01	0.0011976	34.650	35.048	146.98	107.86	284.62	174.19	2.7473	7.1977e-05	0.052658	0.00071299	218.84	0.0045695	41.868	43.389	169.93	113.12	323.94	107.62	18.172	1.8105e-05	0.030050
363.50	3.2678	833.87	0.0011992	34.672	35.072	147.05	107.92	286.03	173.52	2.7693	7.1787e-05	0.052620	0.00070471	219.68	0.0045520	41.864	43.382	169.91	113.19	326.23	107.51	18.162	1.8138e-05	0.030144
363.61	3.2746	832.73	0.0012009	34.694	35.095	147.11	107.99	287.48	172.85	2.7914	7.1597e-05	0.052582	0.00069645	220.53	0.0045345	41.860	43.375	169.88	113.27	328.55	107.39	18.152	1.8171e-05	0.030240
363.71	3.2813	831.58	0.0012025	34.717	35.119	147.17	108.05	288.94	172.18	2.8139	7.1406e-05	0.052544	0.00068823	221.38	0.0045170	41.855	43.368	169.85	113.35	330.91	107.28	18.142	1.8205e-05	0.030336
363.81	3.2881	830.43	0.0012042	34.739	35.143	147.23	108.12	290.43	171.51	2.8366	7.1216e-05	0.052507	0.00068005	222.24	0.0044996	41.851	43.360	169.82	113.42	333.32	107.17	18.132	1.8239e-05	0.030433
363.91	3.2949	829.28	0.0012059	34.761	35.166	147.30	108.18	291.95	170.83	2.8595	7.1025e-05	0.052470	0.00067190	223.10	0.0044822	41.846	43.353	169.79	113.50	335.76	107.05	18.122	1.8273e-05	0.030531
364.01	3.3016	828.12	0.0012076	34.783	35.190	147.36	108.25	293.49	170.16	2.8827	7.0834e-05	0.052433	0.00066378	223.97	0.0044649	41.841	43.345	169.76	113.58	338.25	106.94	18.111	1.8308e-05	0.030630
364.11	3.3084	826.95	0.0012093	34.806	35.214	147.42	108.31	295.06	169.49	2.9061	7.0643e-05	0.052397	0.00065569	224.84	0.0044476	41.837	43.338	169.73	113.66	340.79	106.82	18.101	1.8342e-05	0.030729
364.21	3.3152	825.78	0.0012110	34.828	35.238	147.49	108.38	296.66	168.82	2.9298	7.0452e-05	0.052362	0.00064764	225.72	0.0044303	41.832	43.330	169.71	113.74	343.37	106.71	18.090	1.8377e-05	0.030830
364.31	3.3219	824.61	0.0012127	34.850	35.261	147.55	108.45	298.29	168.14	2.9538	7.0261e-05	0.052327	0.00063962	226.60	0.0044130	41.827	43.323	169.68	113.81	346.00	106.60	18.080	1.8413e-05	0.030932
364.41	3.3287	823.43	0.0012144	34.873	35.285	147.61	108.51	299.95	167.47	2.9780	7.0070e-05	0.052292	0.00063163	227.49	0.0043958	41.822	43.315	169.65	113.89	348.67	106.48	18.069	1.8448e-05	0.031034
364.51	3.3354	822.24	0.0012162	34.895	35.309	147.68	108.58	301.64	166.80	3.0025	6.9878e-05	0.052258	0.00062368	228.38	0.0043786	41.817	43.307	169.62	113.97	351.40	106.37	18.058	1.8484e-05	0.031138
364.61	3.3422	821.05	0.0012179	34.918	35.333	147.74	108.65	303.37	166.12	3.0273	6.9686e-05	0.052224	0.00061576	229.28	0.0043615	41.811	43.299	169.59	114.05	354.18	106.25	18.047	1.8520e-05	0.031243
364.71	3.3490	819.86	0.0012197	34.940	35.357	147.80	108.72	305.12	165.45	3.0524	6.9494e-05	0.052190	0.00060787	230.19	0.0043443	41.806	43.291	169.56	114.13	357.01	106.14	18.035	1.8557e-05	0.031349
364.81	3.3557	818.66	0.0012215	34.963	35.381	147.87	108.79	306.91	164.78	3.0778	6.9301e-05	0.052157	0.00060002	231.10	0.0043272	41.801	43.282	169.52	114.21	359.89	106.02	18.024	1.8594e-05	0.031456
364.90	3.3625	817.45	0.0012233	34.985	35.405	147.93	108.86	308.73	164.10	3.1035	6.9109e-05	0.052125	0.00059220	232.01	0.0043101	41.795	43.274	169.49	114.29	362.83	105.91	18.013	1.8631e-05	0.031564
365.00	3.3693	816.24	0.0012251	35.008	35.429	147.99	108.93	310.59	163.43	3.1295	6.8916e-05	0.052093	0.00058441	232.93	0.0042931	41.790	43.266	169.46	114.37	365.83	105.79	18.001	1.8668e-05	0.031673
365.10	3.3760	815.03	0.0012270	35.030	35.453	148.06	109.00	312.49	162.76	3.1558	6.8723e-05	0.052062	0.00057666	233.86	0.0042761	41.784	43.257	169.43	114.45	368.88	105.68	17.989	1.8706e-05	0.031783
365.20	3.3828	813.81	0.0012288	35.053	35.477	148.12	109.07	314.43	162.08	3.1824	6.8529e-05	0.052031	0.00056894	234.79	0.0042591	41.779	43.249	169.40	114.53	372.00	105.56	17.977	1.8744e-05	0.031894
365.30	3.3896	812.58	0.0012307	35.076	35.501	148.18	109.14	316.40	161.41	3.2093	6.8336e-05	0.052001	0.00056125	235.73	0.0042421	41.773	43.240	169.37	114.62	375.18	105.45	17.965	1.8782e-05	0.032007
365.40	3.3963	811.34	0.0012325	35.098	35.526	148.25	109.22	318.41	160.73	3.2365	6.8142e-05	0.051971	0.00055360	236.68	0.0042252	41.767	43.231	169.34	114.70	378.43	105.33	17.953	1.8821e-05	0.032121
365.49	3.4031	810.10	0.0012344	35.121	35.550	148.31	109.29	320.47	160.06	3.2641	6.7948e-05	0.051942	0.00054598	237.63	0.0042083	41.761	43.222	169.30	114.78	381.74	105.21	17.940	1.8860e-05	0.032236
365.59	3.4099	808.86	0.0012363	35.144	35.574	148.38	109.37	322.57	159.38	3.2920	6.7753e-05	0.051913	0.00053840	238.59	0.0041914	41.755	43.213	169.27	114.86	385.12	105.10	17.928	1.8900e-05	0.032352
365.69	3.4166	807.61	0.0012382	35.167	35.598	148.44	109.44	324.71	158.70	3.3202	6.7558e-05	0.051885	0.00053085	239.55	0.0041745	41.749	43.204	169.24	114.95	388.57	104.98	17.915	1.8940e-05	0.032470
365.79	3.4234	806.35	0.0012402	35.190	35.623	148.50	109.51	326.90	158.03	3.3488	6.7363e-05	0.051858	0.00052333	240.52	0.0041576	41.742	43.195	169.20	115.03	392.09	104.87	17.902	1.8980e-05	0.032589
365.88	3.4302	805.09	0.0012421	35.213	35.647	148.57	109.59	329.14	157.35	3.3778	6.7167e-05	0.051831	0.00051584	241.50	0.0041408	41.736	43.185	169.17	115.11	395.69	104.75	17.889	1.9020e-05	0.032709
365.98	3.4369	803.81	0.0012441	35.235	35.672	148.63	109.67	331.43	156.68	3.4071	6.6972e-05	0.051805	0.00050839	242.48	0.0041240	41.729	43.176	169.14	115.20	399.37	104.63	17.876	1.9061e-05	0.032831
366.08	3.4437	802.54	0.0012460	35.258	35.696	148.70	109.74	333.76	156.00	3.4367	6.6775e-05	0.051780	0.00050098	243.48	0.0041072	41.723	43.166	169.10	115.28	403.13	104.52	17.862	1.9102e-05	0.032954
366.17	3.4504	801.25	0.0012480	35.281	35.721	148.76	109.82	336.15	155.32	3.4668	6.6579e-05	0.051756	0.00049360	244.47	0.0040904	41.716	43.156	169.07	115.36	406.97	104.40	17.849	1.9144e-05	0.033079
366.27	3.4572	799.96	0.0012501	35.304	35.745	148.83	109.90	338.60	154.65	3.4972	6.6382e-05	0.051732	0.00048625	245.48	0.0040736	41.709	43.146	169.03	115.45	410.90	104.28	17.835	1.9186e-05	0.033205
366.37	3.4640	798.66	0.0012521	35.328	35.770	148.89	109.98	341.10	153.97	3.5281	6.6184e-05	0.051709	0.00047893	246.49	0.0040569	41.703	43.136	169.00	115.54	414.92	104.16	17.821	1.9229e-05	0.033333
366.46	3.4707	797.36	0.0012541	35.351	35.795	148.96	110.06	343.66	153.29	3.5593	6.5986e-05	0.051686	0.00047165	247.51	0.0040402	41.696	43.126	168.96	115.62	419.03	104.05	17.806	1.9272e-05	0.033462
366.56	3.4775	796.04	0.0012562	35.374	35.820	149.02	110.14	346.27	152.61	3.5909	6.5788e-05	0.051665	0.00046441	248.54	0.0040234	41.688	43.116	168.93	115.71	423.23	103.93	17.792	1.9315e-05	0.033593
366.66	3.4843	794.72	0.0012583	35.397	35.844	149.09	110.22	348.96	151.94	3.6229	6.5589e-05	0.051644	0.00045719	249.58	0.0040067	41.681	43.106	168.89	115.79	427.54	103.81	17.777	1.9359e-05	0.033725
366.75	3.4910	793.39	0.0012604	35.420	35.869	149.15	110.30	351.70	151.26	3.6554	6.5390e-05	0.051624	0.00045002	250.62	0.0039900	41.674	43.095	168.86	115.88	431.94	103.69	17.762	1.9403e-05	0.033859
366.85	3.4978	792.06	0.0012625	35.444	35.894	149.22	110.38	354.51	150.58	3.6883	6.5190e-05	0.051606	0.00044287	251.68	0.0039734	41.666	43.084	168.82	115.97	436.46	103.57	17.747	1.9448e-05	0.033995
366.94	3.5046	790.71	0.0012647	35.467	35.919	149.28	110.47	357.40	149.90	3.7216	6.4990e-05	0.051588	0.00043577	252.74	0.0039567	41.659	43.074	168.78	116.06	441.08	103.45	17.732	1.9493e-05	0.034133
367.04	3.5113	789.36	0.0012668	35.491	35.944	149.35	110.55	360.35	149.22	3.7554	6.4789e-05	0.051570	0.00042869	253.81	0.0039400	41.651	43.063	168.74	116.15	445.82	103.33	17.716	1.9539e-05	0.034272
367.13	3.5181	788.00	0.0012690	35.514	35.970	149.42	110.64	363.38	148.54	3.7896	6.4588e-05	0.051554	0.00042165	254.88	0.0039234	41.643	43.052	168.71	116.23	450.67	103.22	17.701	1.9585e-05	0.034414
367.23	3.5249	786.63	0.0012712	35.538	35.995	149.48	110.72	366.49	147.86	3.8243	6.4386e-05	0.051539	0.00041465	255.97	0.0039067	41.635	43.040	168.67	116.32	455.65	103.10	17.685	1.9631e-05	0.034557
367.32	3.5316	785.25	0.0012735	35.561	36.020	149.55	110.81	369.68	147.18	3.8595	6.4184e-05	0.051525	0.00040768	257.07	0.0038900	41.627	43.029	168.63	116.41	460.76	102.98	17.668	1.9678e-05	0.034702
367.42	3.5384	783.87	0.0012757	35.585	36.046	149.62	110.89	372.95	146.50	3.8951	6.3981e-05	0.051512	0.00040074	258.17	0.0038734	41.619	43.017	168.59	116.50	466.00	102.86	17.652	1.9726e-05	0.034849
367.51	3.5452	782.47	0.0012780	35.609	36.071	149.68	110.98	376.31	145.82	3.9313	6.3777e-05	0.051500	0.00039384	259.28	0.0038568	41.611	43.006	168.55	116.59	471.37	102.74	17.635	1.9774e-05	0.034999
367.61	3.5519	781.07	0.0012803	35.632	36.096	149.75	111.07	379.77	145.13	3.9680	6.3573e-05	0.051489	0.00038698	260.41	0.0038401	41.602	42.994	168.51	116.69	476.90	102.62	17.618	1.9823e-05	0.035150
367.70	3.5587	779.65	0.0012826	35.656	36.122	149.82	111.16	383.31	144.45	4.0051	6.3368e-05	0.051479	0.00038015	261.54	0.0038235	41.594	42.982	168.47	116.78	482.57	102.49	17.601	1.9872e-05	0.035304
367.79	3.5654	778.23	0.0012850	35.680	36.148	149.89	111.25	386.96	143.77	4.0428	6.3163e-05	0.051471	0.00037335	262.69	0.0038068	41.585	42.970	168.43	116.87	488.39	102.37	17.583	1.9922e-05	0.035460
367.89	3.5722	776.79	0.0012873	35.704	36.174	149.95	111.34	390.71	143.09	4.0811	6.2957e-05	0.051464	0.00036659	263.84	0.0037902	41.576	42.957	168.39	116.96	494.38	102.25	17.565	1.9972e-05	0.035619
367.98	3.5790	775.35	0.0012897	35.728	36.199	150.02	111.43	394.57	142.40	4.1199	6.2750e-05	0.051458	0.00035987	265.00	0.0037735	41.567	42.945	168.35	117.06	500.54	102.13	17.547	2.0023e-05	0.035779
368.07	3.5857	773.89	0.0012922	35.753	36.225	150.09	111.53	398.54	141.72	4.1592	6.2542e-05	0.051453	0.00035318	266.18	0.0037569	41.558	42.932	168.31	117.15	506.88	102.01	17.528	2.0075e-05	0.035943
368.17	3.5925	772.43	0.0012946	35.777	36.251	150.16	111.62	402.63	141.04	4.1992	6.2333e-05	0.051450	0.00034653	267.36	0.0037402	41.548	42.919	168.27	117.24	513.40	101.89	17.509	2.0127e-05	0.036109
368.26	3.5993	770.95	0.0012971	35.801	36.278	150.23	111.71	406.85	140.35	4.2397	6.2124e-05	0.051448	0.00033992	268.56	0.0037235	41.539	42.906	168.23	117.34	520.11	101.76	17.490	2.0180e-05	0.036277
368.35	3.6060	769.46	0.0012996	35.826	36.304	150.29	111.81	411.19	139.67	4.2808	6.1914e-05	0.051448	0.00033334	269.77	0.0037069	41.529	42.893	168.18	117.44	527.02	101.64	17.471	2.0234e-05	0.036449
368.45	3.6128	767.96	0.0013022	35.850	36.330	150.36	111.91	415.67	138.98	4.3226	6.1703e-05	0.051449	0.00032679	270.99	0.0036902	41.519	42.880	168.14	117.53	534.15	101.52	17.451	2.0288e-05	0.036623
368.54	3.6196	766.45	0.0013047	35.875	36.357	150.43	112.00	420.29	138.29	4.3650	6.1492e-05	0.051452	0.00032029	272.22	0.0036735	41.509	42.866	168.10	117.63	541.49	101.40	17.431	2.0343e-05	0.036800
368.63	3.6263	764.92	0.0013073	35.899	36.383	150.50	112.10	425.06	137.61	4.4080	6.1279e-05	0.051456	0.00031382	273.47	0.0036567	41.499	42.852	168.05	117.73	549.07	101.27	17.410	2.0399e-05	0.036980
368.72	3.6331	763.39	0.0013100	35.924	36.410	150.57	112.20	429.98	136.92	4.4517	6.1065e-05	0.051462	0.00030739	274.73	0.0036400	41.489	42.838	168.01	117.82	556.89	101.15	17.389	2.0455e-05	0.037163
368.82	3.6399	761.84	0.0013126	35.949	36.437	150.64	112.30	435.07	136.23	4.4961	6.0851e-05	0.051470	0.00030099	276.00	0.0036232	41.478	42.824	167.96	117.92	564.96	101.02	17.368	2.0512e-05	0.037350
368.91	3.6466	760.27	0.0013153	35.974	36.463	150.71	112.41	440.33	135.54	4.5412	6.0635e-05	0.051480	0.00029463	277.28	0.0036064	41.468	42.809	167.91	118.02	573.30	100.90	17.346	2.0570e-05	0.037540
369.00	3.6534	758.70	0.0013181	35.999	36.490	150.78	112.51	445.77	134.86	4.5869	6.0419e-05	0.051491	0.00028831	278.58	0.0035896	41.457	42.795	167.87	118.12	581.91	100.77	17.324	2.0629e-05	0.037733
369.09	3.6602	757.11	0.0013208	36.024	36.518	150.85	112.61	451.40	134.17	4.6335	6.0201e-05	0.051505	0.00028203	279.89	0.0035728	41.445	42.780	167.82	118.22	590.83	100.65	17.302	2.0689e-05	0.037930
369.18	3.6669	755.50	0.0013236	36.050	36.545	150.93	112.72	457.23	133.48	4.6807	5.9982e-05	0.051520	0.00027578	281.22	0.0035560	41.434	42.765	167.77	118.33	600.05	100.52	17.279	2.0749e-05	0.038131
369.27	3.6737	753.88	0.0013265	36.075	36.572	151.00	112.82	463.27	132.79	4.7288	5.9762e-05	0.051538	0.00026957	282.56	0.0035391	41.423	42.749	167.73	118.43	609.60	100.40	17.255	2.0810e-05	0.038336
369.37	3.6805	752.24	0.0013294	36.101	36.600	151.07	112.93	469.54	132.09	4.7776	5.9541e-05	0.051558	0.00026340	283.92	0.0035221	41.411	42.734	167.68	118.53	619.49	100.27	17.231	2.0873e-05	0.038545
369.46	3.6872	750.59	0.0013323	36.126	36.628	151.14	113.04	476.04	131.40	4.8272	5.9319e-05	0.051580	0.00025727	285.29	0.0035052	41.399	42.718	167.63	118.64	629.74	100.14	17.207	2.0936e-05	0.038758
369.55	3.6940	748.92	0.0013352	36.152	36.655	151.22	113.15	482.79	130.71	4.8777	5.9095e-05	0.051605	0.00025118	286.68	0.0034882	41.387	42.702	167.58	118.74	640.38	100.02	17.182	2.1000e-05	0.038976
369.64	3.7007	747.24	0.0013383	36.178	36.683	151.29	113.26	489.81	130.01	4.9290	5.8870e-05	0.051632	0.00024513	288.09	0.0034711	41.375	42.685	167.53	118.85	651.42	99.887	17.157	2.1065e-05	0.039198
369.73	3.7075	745.54	0.0013413	36.204	36.712	151.36	113.38	497.10	129.32	4.9812	5.8644e-05	0.051661	0.00023911	289.51	0.0034541	41.362	42.669	167.47	118.95	662.90	99.759	17.131	2.1131e-05	0.039425
369.82	3.7143	743.82	0.0013444	36.230	36.740	151.44	113.49	504.70	128.63	5.0344	5.8416e-05	0.051694	0.00023314	290.96	0.0034369	41.349	42.652	167.42	119.06	674.82	99.630	17.105	2.1198e-05	0.039657
369.91	3.7210	742.08	0.0013476	36.257	36.768	151.51	113.61	512.61	127.93	5.0884	5.8187e-05	0.051729	0.00022720	292.42	0.0034198	41.336	42.634	167.37	119.17	687.23	99.500	17.078	2.1267e-05	0.039894
370.00	3.7278	740.32	0.0013508	36.283	36.797	151.59	113.72	520.85	127.23	5.1434	5.7956e-05	0.051767	0.00022131	293.90	0.0034025	41.323	42.617	167.31	119.28	700.16	99.370	17.050	2.1336e-05	0.040137
370.09	3.7346	738.54	0.0013540	36.310	36.826	151.66	113.84	529.45	126.53	5.1994	5.7724e-05	0.051809	0.00021546	295.40	0.0033852	41.309	42.599	167.26	119.39	713.62	99.240	17.022	2.1407e-05	0.040386
370.18	3.7413	736.74	0.0013573	36.337	36.855	151.74	113.96	538.44	125.84	5.2564	5.7490e-05	0.051853	0.00020964	296.92	0.0033679	41.295	42.581	167.20	119.50	727.67	99.109	16.993	2.1479e-05	0.040640
370.27	3.7481	734.92	0.0013607	36.364	36.884	151.81	114.08	547.83	125.14	5.3144	5.7254e-05	0.051902	0.00020387	298.46	0.0033505	41.281	42.562	167.15	119.61	742.34	98.977	16.964	2.1552e-05	0.040901
370.36	3.7549	733.08	0.0013641	36.391	36.914	151.89	114.21	557.66	124.43	5.3735	5.7016e-05	0.051953	0.00019814	300.03	0.0033330	41.266	42.543	167.09	119.73	757.66	98.845	16.934	2.1626e-05	0.041169
370.45	3.7616	731.22	0.0013676	36.419	36.943	151.97	114.33	567.95	123.73	5.4337	5.6776e-05	0.052009	0.00019246	301.62	0.0033155	41.252	42.524	167.03	119.84	773.69	98.712	16.903	2.1702e-05	0.041443
370.54	3.7684	729.33	0.0013711	36.446	36.973	152.05	114.46	578.74	123.03	5.4951	5.6535e-05	0.052068	0.00018681	303.23	0.0032978	41.236	42.504	166.97	119.95	790.48	98.578	16.872	2.1779e-05	0.041726
370.63	3.7752	727.41	0.0013747	36.474	37.003	152.13	114.59	590.08	122.33	5.5576	5.6291e-05	0.052132	0.00018121	304.87	0.0032801	41.221	42.484	166.91	120.07	808.08	98.444	16.840	2.1858e-05	0.042015
370.72	3.7819	725.47	0.0013784	36.502	37.034	152.21	114.72	601.99	121.62	5.6214	5.6045e-05	0.052200	0.00017565	306.53	0.0032623	41.205	42.464	166.85	120.19	826.55	98.309	16.807	2.1939e-05	0.042313
370.80	3.7887	723.50	0.0013822	36.530	37.065	152.29	114.85	614.52	120.92	5.6864	5.5797e-05	0.052273	0.00017014	308.22	0.0032444	41.189	42.443	166.79	120.31	845.96	98.173	16.773	2.2021e-05	0.042620
370.89	3.7955	721.51	0.0013860	36.559	37.096	152.37	114.99	627.74	120.21	5.7527	5.5547e-05	0.052350	0.00016466	309.94	0.0032264	41.173	42.422	166.73	120.43	866.39	98.036	16.738	2.2104e-05	0.042936
370.98	3.8022	719.48	0.0013899	36.588	37.127	152.45	115.13	641.68	119.50	5.8204	5.5294e-05	0.052433	0.00015924	311.69	0.0032083	41.156	42.400	166.66	120.55	887.90	97.899	16.703	2.2190e-05	0.043262
371.07	3.8090	717.43	0.0013939	36.617	37.158	152.53	115.27	656.41	118.79	5.8894	5.5038e-05	0.052522	0.00015386	313.47	0.0031901	41.138	42.378	166.60	120.67	910.60	97.761	16.667	2.2277e-05	0.043598
371.16	3.8157	715.34	0.0013979	36.646	37.190	152.61	115.41	672.00	118.08	5.9599	5.4780e-05	0.052617	0.00014852	315.28	0.0031718	41.121	42.355	166.53	120.80	934.58	97.622	16.629	2.2367e-05	0.043945
371.25	3.8225	713.21	0.0014021	36.676	37.222	152.70	115.55	688.54	117.36	6.0319	5.4519e-05	0.052718	0.00014323	317.13	0.0031533	41.102	42.332	166.46	120.92	959.96	97.481	16.591	2.2458e-05	0.044304
371.33	3.8293	711.06	0.0014064	36.705	37.255	152.78	115.70	706.09	116.65	6.1055	5.4255e-05	0.052826	0.00013799	319.01	0.0031347	41.084	42.309	166.39	121.05	986.86	97.340	16.551	2.2551e-05	0.044676
371.42	3.8360	708.86	0.0014107	36.736	37.288	152.87	115.85	724.78	115.93	6.1807	5.3987e-05	0.052941	0.00013280	320.92	0.0031160	41.065	42.284	166.32	121.18	1015.4	97.198	16.511	2.2647e-05	0.045061
371.51	3.8428	706.62	0.0014152	36.766	37.321	152.96	116.00	744.69	115.21	6.2576	5.3716e-05	0.053065	0.00012766	322.88	0.0030971	41.045	42.259	166.25	121.31	1045.8	97.055	16.469	2.2746e-05	0.045461
371.59	3.8496	704.35	0.0014198	36.797	37.355	153.04	116.16	765.96	114.49	6.3362	5.3442e-05	0.053196	0.00012256	324.88	0.0030780	41.025	42.234	166.17	121.44	1078.2	96.910	16.426	2.2846e-05	0.045876
371.68	3.8563	702.03	0.0014244	36.829	37.389	153.13	116.31	788.73	113.77	6.4166	5.3164e-05	0.053338	0.00011751	326.92	0.0030588	41.004	42.208	166.10	121.58	1112.8	96.765	16.382	2.2950e-05	0.046308
371.77	3.8631	699.66	0.0014293	36.860	37.424	153.22	116.48	813.17	113.05	6.4990	5.2882e-05	0.053489	0.00011252	329.01	0.0030394	40.983	42.181	166.02	121.71	1149.8	96.618	16.336	2.3056e-05	0.046758
371.86	3.8699	697.24	0.0014342	36.893	37.459	153.32	116.64	839.46	112.32	6.5833	5.2595e-05	0.053651	0.00010758	331.15	0.0030198	40.961	42.153	165.94	121.85	1189.6	96.469	16.289	2.3166e-05	0.047228
371.94	3.8766	694.78	0.0014393	36.925	37.494	153.41	116.81	867.81	111.59	6.6697	5.2304e-05	0.053826	0.00010269	333.34	0.0029999	40.938	42.125	165.86	121.99	1232.3	96.320	16.241	2.3278e-05	0.047719
372.03	3.8834	692.25	0.0014446	36.958	37.531	153.50	116.98	898.49	110.86	6.7583	5.2009e-05	0.054013	9.7854e-05	335.59	0.0029798	40.915	42.096	165.77	122.13	1278.5	96.168	16.191	2.3394e-05	0.048233
372.12	3.8902	689.67	0.0014500	36.992	37.568	153.60	117.16	931.77	110.13	6.8492	5.1708e-05	0.054215	9.3074e-05	337.90	0.0029595	40.891	42.066	165.69	122.28	1328.4	96.015	16.139	2.3514e-05	0.048773
372.20	3.8969	687.02	0.0014556	37.026	37.605	153.70	117.34	968.01	109.40	6.9425	5.1401e-05	0.054434	8.8350e-05	340.26	0.0029389	40.866	42.035	165.60	122.43	1382.6	95.860	16.085	2.3638e-05	0.049341
372.29	3.9037	684.30	0.0014613	37.061	37.643	153.80	117.52	1007.6	108.66	7.0384	5.1088e-05	0.054670	8.3683e-05	342.70	0.0029180	40.840	42.003	165.51	122.58	1441.7	95.703	16.029	2.3766e-05	0.049940
372.37	3.9105	681.51	0.0014673	37.097	37.682	153.90	117.71	1051.0	107.92	7.1369	5.0769e-05	0.054926	7.9076e-05	345.21	0.0028968	40.814	41.970	165.41	122.73	1506.2	95.545	15.971	2.3899e-05	0.050573
372.46	3.9172	678.65	0.0014735	37.133	37.722	154.00	117.91	1098.9	107.17	7.2382	5.0444e-05	0.055205	7.4529e-05	347.80	0.0028752	40.786	41.935	165.32	122.88	1577.1	95.383	15.911	2.4036e-05	0.051245
372.54	3.9240	675.69	0.0014800	37.170	37.762	154.11	118.11	1151.9	106.42	7.3426	5.0110e-05	0.055510	7.0044e-05	350.48	0.0028532	40.757	41.900	165.22	123.04	1655.4	95.220	15.848	2.4179e-05	0.051959
372.63	3.9307	672.64	0.0014867	37.208	37.804	154.22	118.31	1210.9	105.67	7.4502	4.9768e-05	0.055843	6.5623e-05	353.25	0.0028309	40.728	41.863	165.11	123.20	1742.1	95.054	15.783	2.4329e-05	0.052721
372.71	3.9375	669.49	0.0014937	37.247	37.847	154.33	118.53	1276.8	104.92	7.5612	4.9418e-05	0.056210	6.1268e-05	356.12	0.0028080	40.696	41.825	165.00	123.37	1838.8	94.885	15.714	2.4484e-05	0.053538
372.80	3.9443	666.23	0.0015010	37.286	37.891	154.45	118.75	1351.2	104.16	7.6759	4.9057e-05	0.056616	5.6981e-05	359.11	0.0027847	40.664	41.785	164.89	123.54	1947.3	94.712	15.643	2.4647e-05	0.054416
372.88	3.9510	662.84	0.0015087	37.327	37.936	154.56	118.98	1435.5	103.40	7.7945	4.8686e-05	0.057066	5.2765e-05	362.22	0.0027608	40.630	41.743	164.77	123.71	2069.8	94.537	15.568	2.4818e-05	0.055366
372.97	3.9578	659.32	0.0015167	37.370	37.982	154.69	119.21	1532.0	102.63	7.9174	4.8303e-05	0.057569	4.8622e-05	365.47	0.0027362	40.594	41.699	164.65	123.88	2209.3	94.357	15.489	2.4998e-05	0.056399
373.05	3.9646	655.64	0.0015252	37.413	38.030	154.81	119.46	1643.3	101.85	8.0450	4.7906e-05	0.058136	4.4555e-05	368.87	0.0027110	40.556	41.653	164.52	124.06	2369.5	94.173	15.406	2.5187e-05	0.057529
373.14	3.9713	651.78	0.0015342	37.459	38.080	154.94	119.72	1773.1	101.08	8.1777	4.7493e-05	0.058777	4.0568e-05	372.45	0.0026850	40.516	41.604	164.39	124.25	2555.4	93.984	15.317	2.5388e-05	0.058774
373.22	3.9781	647.73	0.0015438	37.506	38.133	155.08	119.98	1926.3	100.29	8.3160	4.7064e-05	0.059512	3.6664e-05	376.22	0.0026580	40.474	41.553	164.24	124.44	2773.6	93.790	15.224	2.5603e-05	0.060157
373.30	3.9849	643.46	0.0015541	37.555	38.187	155.22	120.27	2109.8	99.498	8.4607	4.6615e-05	0.060360	3.2847e-05	380.23	0.0026300	40.429	41.498	164.09	124.64	3033.3	93.589	15.124	2.5832e-05	0.061708
373.39	3.9916	638.92	0.0015651	37.607	38.245	155.37	120.56	2333.1	98.698	8.6124	4.6142e-05	0.061354	2.9124e-05	384.50	0.0026008	40.381	41.440	163.93	124.84	3347.4	93.381	15.017	2.6079e-05	0.063467
373.47	3.9984	634.07	0.0015771	37.662	38.305	155.53	120.88	2610.5	97.890	8.7723	4.5643e-05	0.062534	2.5500e-05	389.09	0.0025701	40.329	41.377	163.76	125.05	3734.6	93.165	14.901	2.6347e-05	0.065491
373.56	4.0052	628.84	0.0015902	37.720	38.370	155.70	121.21	2963.6	97.071	8.9416	4.5111e-05	0.063963	2.1981e-05	394.06	0.0025377	40.272	41.309	163.57	125.27	4223.8	92.938	14.775	2.6640e-05	0.067858
373.64	4.0119	623.16	0.0016047	37.783	38.440	155.89	121.57	3427.0	96.242	9.1222	4.4539e-05	0.065731	1.8578e-05	399.50	0.0025031	40.210	41.235	163.37	125.50	4860.2	92.699	14.637	2.6965e-05	0.070688
373.72	4.0187	616.90	0.0016210	37.851	38.516	156.09	121.97	4059.8	95.399	9.3164	4.3918e-05	0.067986	1.5300e-05	405.54	0.0024659	40.141	41.152	163.14	125.73	5720.9	92.445	14.483	2.7330e-05	0.074162
373.80	4.0255	609.88	0.0016397	37.927	38.600	156.31	122.40	4970.9	94.541	9.5279	4.3232e-05	0.070977	1.2163e-05	412.35	0.0024251	40.062	41.058	162.89	125.98	6946.5	92.171	14.310	2.7749e-05	0.078589
373.89	4.0322	601.83	0.0016616	38.012	38.696	156.56	122.88	6385.0	93.663	9.7624	4.2458e-05	0.075170	9.1851e-06	420.23	0.0023796	39.972	40.951	162.59	126.24	8823.3	91.872	14.109	2.8242e-05	0.084530
373.97	4.0390	592.26	0.0016884	38.113	38.809	156.86	123.43	8843.9	92.762	10.030	4.1555e-05	0.081558	6.3942e-06	429.71	0.0023272	39.862	40.821	162.24	126.51	12033.	91.535	13.869	2.8847e-05	0.093153
374.05	4.0458	580.18	0.0017236	38.238	38.950	157.24	124.09	14044.	91.831	10.351	4.0442e-05	0.092779	3.8344e-06	441.84	0.0022633	39.723	40.657	161.80	126.78	18669.	91.142	13.566	2.9640e-05	0.10747
374.13	4.0525	562.90	0.0017765	38.416	39.151	157.77	undefined	undefined	undefined	10.779	3.8902e-05	undefined	1.5908e-06	459.48	0.0021763	39.522	40.422	161.17	undefined	undefined	undefined	13.134	3.0835e-05	undefined
374.21	4.0591	511.90	0.0019535	38.947	39.756	159.38	undefined	undefined	undefined	0.0000	3.4686e-05	undefined	0.0000	511.90	0.0019535	38.947	39.756	159.38	undefined	undefined	undefined	0.0000	3.4686e-05	undefined
