Temperature (K)	Pressure (MPa)	Density (l, kg/m3)	Volume (l, m3/kg)	Internal Energy (l, kJ/mol)	Enthalpy (l, kJ/mol)	Entropy (l, J/mol*K)	Cv (l, J/mol*K)	Cp (l, J/mol*K)	Sound Spd. (l, m/s)	Joule-Thomson (l, K/MPa)	Viscosity (l, Pa*s)	Therm. Cond. (l, W/m*K)	Surf. Tension (l, N/m)	Density (v, kg/m3)	Volume (v, m3/kg)	Internal Energy (v, kJ/mol)	Enthalpy (v, kJ/mol)	Entropy (v, J/mol*K)	Cv (v, J/mol*K)	Cp (v, J/mol*K)	Sound Spd. (v, m/s)	Joule-Thomson (v, K/MPa)	Viscosity (v, Pa*s)	Therm. Cond. (v, W/m*K)
223.56	0.23143	1845.0	0.00054200	22.485	22.503	119.40	77.049	122.27	552.26	-0.25892	0.00041021	0.076445	0.011546	19.561	0.051123	36.931	38.659	191.67	70.590	82.243	112.84	25.200	1.1912e-05	0.0076279
224.15	0.23730	1842.1	0.00054286	22.557	22.576	119.72	77.229	122.54	549.40	-0.25587	0.00040671	0.076295	0.011454	20.031	0.049923	36.966	38.696	191.64	70.809	82.532	112.84	25.027	1.1944e-05	0.0076689
224.73	0.24317	1839.2	0.00054370	22.628	22.648	120.04	77.405	122.80	546.59	-0.25284	0.00040330	0.076147	0.011364	20.501	0.048779	37.000	38.732	191.61	71.024	82.817	112.85	24.859	1.1975e-05	0.0077094
225.31	0.24905	1836.4	0.00054454	22.699	22.718	120.35	77.577	123.06	543.84	-0.24984	0.00039997	0.076001	0.011276	20.970	0.047687	37.033	38.768	191.58	71.235	83.098	112.85	24.697	1.2006e-05	0.0077493
225.87	0.25492	1833.6	0.00054537	22.768	22.788	120.66	77.746	123.32	541.15	-0.24687	0.00039672	0.075857	0.011189	21.440	0.046643	37.066	38.802	191.56	71.442	83.375	112.86	24.540	1.2036e-05	0.0077888
226.42	0.26079	1830.9	0.00054619	22.835	22.856	120.96	77.911	123.57	538.50	-0.24392	0.00039353	0.075715	0.011105	21.909	0.045644	37.098	38.836	191.53	71.646	83.649	112.86	24.388	1.2066e-05	0.0078277
226.97	0.26666	1828.2	0.00054699	22.902	22.924	121.25	78.074	123.82	535.91	-0.24100	0.00039042	0.075574	0.011021	22.378	0.044687	37.130	38.870	191.51	71.847	83.919	112.85	24.241	1.2095e-05	0.0078662
227.50	0.27254	1825.5	0.00054779	22.968	22.990	121.54	78.233	124.06	533.36	-0.23810	0.00038738	0.075435	0.010940	22.847	0.043770	37.161	38.903	191.49	72.044	84.186	112.85	24.098	1.2124e-05	0.0079042
228.03	0.27841	1822.9	0.00054859	23.033	23.056	121.83	78.389	124.30	530.86	-0.23522	0.00038440	0.075297	0.010859	23.315	0.042890	37.191	38.935	191.47	72.238	84.450	112.85	23.960	1.2153e-05	0.0079418
228.54	0.28428	1820.3	0.00054937	23.097	23.120	122.11	78.542	124.54	528.40	-0.23236	0.00038148	0.075161	0.010781	23.784	0.042045	37.222	38.967	191.45	72.429	84.711	112.84	23.826	1.2181e-05	0.0079790
229.05	0.29015	1817.7	0.00055014	23.160	23.184	122.38	78.692	124.77	525.98	-0.22953	0.00037861	0.075027	0.010703	24.252	0.041233	37.251	38.999	191.43	72.617	84.969	112.83	23.695	1.2208e-05	0.0080158
229.55	0.29603	1815.2	0.00055091	23.223	23.247	122.66	78.840	125.01	523.60	-0.22671	0.00037581	0.074894	0.010627	24.721	0.040452	37.281	39.030	191.41	72.802	85.224	112.82	23.569	1.2236e-05	0.0080522
230.05	0.30190	1812.7	0.00055167	23.284	23.309	122.92	78.985	125.24	521.26	-0.22390	0.00037306	0.074763	0.010552	25.189	0.039700	37.309	39.060	191.39	72.985	85.477	112.81	23.446	1.2263e-05	0.0080882
230.53	0.30777	1810.2	0.00055242	23.345	23.370	123.19	79.128	125.46	518.96	-0.22112	0.00037036	0.074632	0.010478	25.657	0.038976	37.338	39.090	191.38	73.164	85.726	112.80	23.326	1.2289e-05	0.0081239
231.01	0.31365	1807.8	0.00055317	23.405	23.430	123.45	79.269	125.69	516.69	-0.21835	0.00036771	0.074504	0.010405	26.125	0.038278	37.366	39.119	191.36	73.342	85.974	112.79	23.209	1.2316e-05	0.0081592
231.49	0.31952	1805.4	0.00055391	23.464	23.490	123.70	79.407	125.91	514.46	-0.21560	0.00036511	0.074376	0.010334	26.593	0.037604	37.394	39.148	191.35	73.517	86.219	112.77	23.096	1.2341e-05	0.0081942
231.95	0.32539	1803.0	0.00055464	23.522	23.549	123.96	79.543	126.13	512.26	-0.21286	0.00036256	0.074250	0.010264	27.061	0.036954	37.421	39.177	191.33	73.689	86.462	112.76	22.985	1.2367e-05	0.0082289
232.41	0.33126	1800.6	0.00055537	23.580	23.607	124.20	79.677	126.34	510.09	-0.21013	0.00036005	0.074125	0.010194	27.529	0.036325	37.448	39.205	191.32	73.859	86.702	112.74	22.877	1.2392e-05	0.0082632
232.87	0.33714	1798.3	0.00055609	23.637	23.665	124.45	79.809	126.56	507.96	-0.20742	0.00035759	0.074001	0.010126	27.997	0.035718	37.474	39.233	191.30	74.027	86.940	112.72	22.772	1.2417e-05	0.0082973
233.32	0.34301	1796.0	0.00055680	23.694	23.722	124.69	79.939	126.77	505.85	-0.20472	0.00035517	0.073879	0.010059	28.465	0.035131	37.500	39.260	191.29	74.193	87.177	112.70	22.670	1.2442e-05	0.0083311
233.76	0.34888	1793.7	0.00055751	23.749	23.778	124.93	80.067	126.98	503.77	-0.20203	0.00035279	0.073758	0.0099924	28.933	0.034563	37.526	39.287	191.28	74.357	87.411	112.68	22.570	1.2467e-05	0.0083646
234.20	0.35475	1791.4	0.00055822	23.805	23.833	125.17	80.193	127.19	501.72	-0.19935	0.00035045	0.073637	0.0099270	29.401	0.034012	37.552	39.314	191.27	74.518	87.643	112.66	22.472	1.2491e-05	0.0083978
234.63	0.36063	1789.2	0.00055892	23.859	23.889	125.40	80.318	127.39	499.70	-0.19669	0.00034815	0.073518	0.0098624	29.869	0.033479	37.577	39.340	191.26	74.678	87.874	112.64	22.377	1.2515e-05	0.0084308
235.05	0.36650	1787.0	0.00055961	23.913	23.943	125.63	80.441	127.60	497.71	-0.19403	0.00034589	0.073400	0.0097988	30.337	0.032963	37.602	39.366	191.25	74.836	88.103	112.62	22.284	1.2539e-05	0.0084635
235.47	0.37237	1784.8	0.00056030	23.966	23.997	125.86	80.562	127.80	495.74	-0.19139	0.00034366	0.073283	0.0097360	30.805	0.032462	37.626	39.392	191.24	74.992	88.329	112.59	22.193	1.2562e-05	0.0084959
235.89	0.37824	1782.6	0.00056098	24.019	24.050	126.08	80.681	128.00	493.79	-0.18875	0.00034147	0.073168	0.0096741	31.274	0.031976	37.651	39.417	191.23	75.146	88.555	112.57	22.104	1.2585e-05	0.0085282
236.30	0.38412	1780.4	0.00056166	24.072	24.103	126.30	80.799	128.20	491.87	-0.18612	0.00033931	0.073053	0.0096129	31.742	0.031504	37.675	39.442	191.22	75.298	88.778	112.55	22.017	1.2608e-05	0.0085602
236.71	0.38999	1778.3	0.00056234	24.123	24.155	126.52	80.916	128.39	489.98	-0.18350	0.00033719	0.072939	0.0095525	32.210	0.031046	37.699	39.467	191.21	75.449	89.000	112.52	21.932	1.2631e-05	0.0085919
237.11	0.39586	1776.2	0.00056301	24.175	24.207	126.74	81.031	128.59	488.10	-0.18089	0.00033510	0.072826	0.0094929	32.679	0.030601	37.722	39.491	191.20	75.598	89.221	112.49	21.849	1.2653e-05	0.0086235
237.51	0.40173	1774.1	0.00056367	24.225	24.258	126.95	81.145	128.78	486.25	-0.17828	0.00033304	0.072714	0.0094340	33.148	0.030168	37.745	39.515	191.19	75.745	89.440	112.46	21.768	1.2676e-05	0.0086548
237.90	0.40761	1772.0	0.00056434	24.276	24.309	127.16	81.257	128.98	484.42	-0.17569	0.00033101	0.072603	0.0093758	33.616	0.029747	37.768	39.539	191.18	75.891	89.658	112.44	21.689	1.2698e-05	0.0086860
238.29	0.41348	1769.9	0.00056499	24.325	24.360	127.37	81.368	129.17	482.61	-0.17310	0.00032901	0.072493	0.0093184	34.085	0.029338	37.791	39.563	191.17	76.036	89.874	112.41	21.611	1.2720e-05	0.0087169
238.67	0.41935	1767.9	0.00056565	24.375	24.409	127.58	81.477	129.36	480.82	-0.17051	0.00032704	0.072384	0.0092616	34.554	0.028940	37.813	39.586	191.17	76.179	90.089	112.38	21.534	1.2741e-05	0.0087477
239.06	0.42522	1765.9	0.00056630	24.424	24.459	127.79	81.586	129.55	479.05	-0.16793	0.00032510	0.072275	0.0092055	35.023	0.028552	37.835	39.609	191.16	76.320	90.302	112.35	21.460	1.2763e-05	0.0087782
239.43	0.43110	1763.8	0.00056694	24.472	24.508	127.99	81.693	129.73	477.30	-0.16536	0.00032319	0.072168	0.0091500	35.493	0.028175	37.857	39.631	191.15	76.460	90.515	112.32	21.386	1.2784e-05	0.0088086
239.81	0.43697	1761.8	0.00056759	24.520	24.556	128.19	81.799	129.92	475.57	-0.16279	0.00032130	0.072061	0.0090952	35.962	0.027807	37.879	39.654	191.15	76.599	90.726	112.29	21.315	1.2805e-05	0.0088388
240.17	0.44284	1759.9	0.00056823	24.568	24.605	128.39	81.904	130.10	473.86	-0.16023	0.00031944	0.071955	0.0090410	36.432	0.027449	37.901	39.676	191.14	76.736	90.936	112.25	21.244	1.2826e-05	0.0088689
240.54	0.44871	1757.9	0.00056886	24.615	24.652	128.58	82.007	130.29	472.16	-0.15767	0.00031760	0.071851	0.0089874	36.902	0.027099	37.922	39.698	191.13	76.872	91.144	112.22	21.175	1.2847e-05	0.0088987
240.90	0.45459	1755.9	0.00056949	24.662	24.700	128.78	82.110	130.47	470.48	-0.15512	0.00031580	0.071746	0.0089344	37.372	0.026758	37.943	39.720	191.13	77.007	91.352	112.19	21.108	1.2868e-05	0.0089284
241.26	0.46046	1754.0	0.00057012	24.708	24.746	128.97	82.211	130.65	468.82	-0.15257	0.00031401	0.071643	0.0088820	37.842	0.026426	37.964	39.741	191.12	77.140	91.559	112.15	21.041	1.2888e-05	0.0089580
241.62	0.46633	1752.1	0.00057075	24.754	24.793	129.16	82.311	130.83	467.18	-0.15003	0.00031225	0.071540	0.0088301	38.312	0.026101	37.985	39.762	191.12	77.272	91.764	112.12	20.976	1.2908e-05	0.0089874
241.97	0.47221	1750.2	0.00057137	24.800	24.839	129.35	82.411	131.01	465.55	-0.14749	0.00031051	0.071438	0.0087788	38.783	0.025785	38.005	39.783	191.11	77.403	91.969	112.08	20.912	1.2928e-05	0.0090166
242.32	0.47808	1748.3	0.00057199	24.845	24.885	129.54	82.509	131.19	463.94	-0.14495	0.00030880	0.071337	0.0087280	39.253	0.025476	38.025	39.804	191.11	77.533	92.172	112.05	20.850	1.2948e-05	0.0090457
242.66	0.48395	1746.4	0.00057261	24.890	24.930	129.72	82.606	131.36	462.34	-0.14241	0.00030711	0.071237	0.0086778	39.724	0.025173	38.046	39.825	191.10	77.662	92.375	112.01	20.788	1.2968e-05	0.0090747
243.00	0.48982	1744.5	0.00057322	24.935	24.976	129.91	82.703	131.54	460.76	-0.13988	0.00030544	0.071137	0.0086280	40.196	0.024878	38.065	39.845	191.10	77.790	92.576	111.97	20.728	1.2988e-05	0.0091035
243.34	0.49570	1742.7	0.00057383	24.979	25.020	130.09	82.798	131.72	459.20	-0.13735	0.00030379	0.071038	0.0085788	40.667	0.024590	38.085	39.865	191.09	77.916	92.777	111.94	20.668	1.3007e-05	0.0091322
243.68	0.50157	1740.8	0.00057444	25.023	25.065	130.27	82.893	131.89	457.64	-0.13483	0.00030216	0.070940	0.0085301	41.139	0.024308	38.105	39.885	191.09	78.042	92.977	111.90	20.610	1.3026e-05	0.0091607
244.01	0.50744	1739.0	0.00057505	25.066	25.109	130.45	82.986	132.06	456.11	-0.13230	0.00030055	0.070842	0.0084818	41.610	0.024032	38.124	39.905	191.09	78.167	93.176	111.86	20.553	1.3046e-05	0.0091891
244.34	0.51331	1737.2	0.00057565	25.109	25.153	130.62	83.079	132.24	454.58	-0.12978	0.00029896	0.070745	0.0084340	42.083	0.023763	38.143	39.925	191.08	78.290	93.374	111.82	20.496	1.3065e-05	0.0092174
244.67	0.51919	1735.4	0.00057625	25.152	25.196	130.80	83.171	132.41	453.07	-0.12726	0.00029740	0.070649	0.0083867	42.555	0.023499	38.162	39.944	191.08	78.413	93.572	111.78	20.441	1.3083e-05	0.0092456
244.99	0.52506	1733.6	0.00057685	25.195	25.239	130.97	83.262	132.58	451.58	-0.12474	0.00029585	0.070554	0.0083398	43.027	0.023241	38.181	39.963	191.07	78.534	93.768	111.74	20.387	1.3102e-05	0.0092737
245.32	0.53093	1731.8	0.00057745	25.237	25.282	131.15	83.352	132.75	450.09	-0.12222	0.00029432	0.070459	0.0082934	43.500	0.022988	38.200	39.982	191.07	78.655	93.964	111.70	20.333	1.3121e-05	0.0093016
245.64	0.53680	1730.0	0.00057804	25.279	25.324	131.32	83.442	132.92	448.62	-0.11971	0.00029281	0.070364	0.0082474	43.973	0.022741	38.218	40.001	191.07	78.774	94.159	111.66	20.281	1.3139e-05	0.0093295
245.95	0.54268	1728.2	0.00057863	25.321	25.367	131.49	83.530	133.09	447.16	-0.11719	0.00029131	0.070270	0.0082019	44.447	0.022499	38.237	40.020	191.07	78.893	94.354	111.62	20.229	1.3158e-05	0.0093572
246.27	0.54855	1726.5	0.00057922	25.362	25.409	131.66	83.618	133.25	445.72	-0.11468	0.00028984	0.070177	0.0081567	44.921	0.022262	38.255	40.038	191.06	79.011	94.547	111.58	20.178	1.3176e-05	0.0093848
246.58	0.55442	1724.7	0.00057980	25.403	25.450	131.82	83.706	133.42	444.28	-0.11216	0.00028838	0.070085	0.0081120	45.394	0.022029	38.273	40.057	191.06	79.128	94.740	111.54	20.128	1.3194e-05	0.0094124
246.89	0.56029	1723.0	0.00058039	25.444	25.492	131.99	83.792	133.59	442.86	-0.10965	0.00028694	0.069993	0.0080677	45.869	0.021801	38.291	40.075	191.06	79.244	94.933	111.50	20.079	1.3212e-05	0.0094398
247.20	0.56617	1721.3	0.00058097	25.485	25.533	132.15	83.878	133.75	441.45	-0.10714	0.00028551	0.069901	0.0080238	46.343	0.021578	38.308	40.093	191.05	79.359	95.124	111.46	20.031	1.3230e-05	0.0094671
247.50	0.57204	1719.5	0.00058155	25.525	25.574	132.32	83.963	133.92	440.05	-0.10462	0.00028411	0.069810	0.0079802	46.818	0.021359	38.326	40.111	191.05	79.473	95.315	111.41	19.983	1.3248e-05	0.0094943
247.80	0.57791	1717.8	0.00058213	25.565	25.614	132.48	84.047	134.08	438.66	-0.10211	0.00028271	0.069720	0.0079371	47.293	0.021145	38.343	40.128	191.05	79.587	95.506	111.37	19.936	1.3266e-05	0.0095215
248.10	0.58378	1716.1	0.00058270	25.605	25.655	132.64	84.131	134.25	437.28	-0.099598	0.00028134	0.069630	0.0078943	47.769	0.020934	38.361	40.146	191.05	79.699	95.696	111.33	19.890	1.3283e-05	0.0095485
248.40	0.58966	1714.4	0.00058328	25.644	25.695	132.80	84.214	134.41	435.91	-0.097085	0.00027998	0.069541	0.0078519	48.244	0.020728	38.378	40.163	191.05	79.811	95.885	111.28	19.845	1.3301e-05	0.0095755
248.70	0.59553	1712.8	0.00058385	25.684	25.735	132.96	84.296	134.58	434.55	-0.094572	0.00027863	0.069453	0.0078098	48.720	0.020525	38.395	40.180	191.04	79.922	96.074	111.24	19.800	1.3318e-05	0.0096023
248.99	0.60140	1711.1	0.00058442	25.723	25.774	133.11	84.378	134.74	433.21	-0.092057	0.00027730	0.069364	0.0077681	49.197	0.020327	38.412	40.197	191.04	80.032	96.262	111.19	19.756	1.3335e-05	0.0096291
249.28	0.60727	1709.4	0.00058499	25.762	25.813	133.27	84.459	134.90	431.87	-0.089542	0.00027598	0.069277	0.0077268	49.673	0.020131	38.429	40.214	191.04	80.142	96.449	111.15	19.713	1.3352e-05	0.0096558
249.57	0.61315	1707.8	0.00058556	25.800	25.853	133.43	84.539	135.06	430.54	-0.087026	0.00027468	0.069190	0.0076858	50.150	0.019940	38.445	40.231	191.04	80.250	96.636	111.10	19.670	1.3370e-05	0.0096824
249.86	0.61902	1706.1	0.00058612	25.838	25.891	133.58	84.619	135.22	429.23	-0.084510	0.00027340	0.069103	0.0076451	50.628	0.019752	38.462	40.248	191.04	80.358	96.823	111.06	19.628	1.3386e-05	0.0097090
250.14	0.62489	1704.5	0.00058668	25.877	25.930	133.73	84.698	135.38	427.92	-0.081991	0.00027212	0.069017	0.0076048	51.106	0.019567	38.478	40.264	191.03	80.466	97.009	111.01	19.587	1.3403e-05	0.0097354
250.43	0.63077	1702.9	0.00058725	25.914	25.968	133.88	84.777	135.54	426.62	-0.079472	0.00027086	0.068931	0.0075648	51.584	0.019386	38.494	40.280	191.03	80.572	97.194	110.97	19.546	1.3420e-05	0.0097618
250.71	0.63664	1701.2	0.00058781	25.952	26.007	134.03	84.855	135.70	425.33	-0.076951	0.00026961	0.068846	0.0075251	52.062	0.019208	38.510	40.297	191.03	80.678	97.379	110.92	19.506	1.3437e-05	0.0097882
250.99	0.64251	1699.6	0.00058836	25.989	26.045	134.18	84.933	135.86	424.05	-0.074429	0.00026838	0.068761	0.0074857	52.541	0.019033	38.527	40.313	191.03	80.783	97.564	110.87	19.466	1.3453e-05	0.0098144
251.26	0.64838	1698.0	0.00058892	26.027	26.082	134.33	85.010	136.02	422.78	-0.071905	0.00026716	0.068677	0.0074467	53.020	0.018861	38.542	40.329	191.03	80.887	97.748	110.83	19.427	1.3470e-05	0.0098406
251.54	0.65426	1696.4	0.00058948	26.064	26.120	134.48	85.086	136.18	421.52	-0.069379	0.00026595	0.068593	0.0074079	53.499	0.018692	38.558	40.344	191.03	80.991	97.932	110.78	19.389	1.3486e-05	0.0098667
251.81	0.66013	1694.8	0.00059003	26.100	26.157	134.62	85.162	136.33	420.26	-0.066851	0.00026476	0.068510	0.0073694	53.979	0.018526	38.574	40.360	191.03	81.093	98.115	110.73	19.351	1.3503e-05	0.0098928
252.08	0.66600	1693.2	0.00059058	26.137	26.194	134.77	85.238	136.49	419.02	-0.064321	0.00026357	0.068427	0.0073313	54.459	0.018362	38.589	40.376	191.03	81.196	98.298	110.68	19.314	1.3519e-05	0.0099188
252.35	0.67187	1691.7	0.00059113	26.173	26.231	134.91	85.312	136.65	417.78	-0.061789	0.00026240	0.068345	0.0072934	54.940	0.018202	38.605	40.391	191.02	81.297	98.480	110.63	19.277	1.3535e-05	0.0099447
252.62	0.67775	1690.1	0.00059168	26.210	26.268	135.06	85.387	136.81	416.55	-0.059254	0.00026124	0.068263	0.0072558	55.421	0.018044	38.620	40.406	191.02	81.398	98.662	110.59	19.241	1.3551e-05	0.0099706
252.89	0.68362	1688.5	0.00059223	26.246	26.305	135.20	85.461	136.96	415.33	-0.056718	0.00026009	0.068181	0.0072185	55.902	0.017888	38.635	40.421	191.02	81.498	98.843	110.54	19.206	1.3567e-05	0.0099964
253.15	0.68949	1687.0	0.00059278	26.281	26.341	135.34	85.534	137.12	414.12	-0.054178	0.00025896	0.068100	0.0071815	56.384	0.017736	38.650	40.437	191.02	81.597	99.024	110.49	19.171	1.3583e-05	0.010022
253.42	0.69536	1685.4	0.00059332	26.317	26.377	135.48	85.607	137.27	412.91	-0.051636	0.00025783	0.068020	0.0071448	56.866	0.017585	38.665	40.451	191.02	81.696	99.205	110.44	19.136	1.3599e-05	0.010048
253.68	0.70124	1683.9	0.00059387	26.352	26.413	135.62	85.680	137.43	411.72	-0.049091	0.00025672	0.067939	0.0071083	57.348	0.017437	38.680	40.466	191.02	81.794	99.386	110.39	19.102	1.3615e-05	0.010073
253.94	0.70711	1682.3	0.00059441	26.388	26.449	135.76	85.752	137.58	410.53	-0.046544	0.00025562	0.067859	0.0070721	57.831	0.017292	38.695	40.481	191.02	81.892	99.566	110.34	19.068	1.3631e-05	0.010099
254.20	0.71298	1680.8	0.00059495	26.423	26.485	135.90	85.823	137.74	409.34	-0.043993	0.00025452	0.067780	0.0070361	58.314	0.017148	38.710	40.496	191.02	81.989	99.745	110.29	19.035	1.3646e-05	0.010125
254.45	0.71885	1679.3	0.00059549	26.457	26.520	136.04	85.894	137.89	408.17	-0.041439	0.00025344	0.067701	0.0070004	58.798	0.017007	38.724	40.510	191.02	82.085	99.925	110.24	19.003	1.3662e-05	0.010150
254.71	0.72473	1677.8	0.00059603	26.492	26.555	136.17	85.965	138.05	407.00	-0.038882	0.00025237	0.067622	0.0069650	59.282	0.016869	38.739	40.524	191.02	82.181	100.10	110.19	18.971	1.3677e-05	0.010176
254.96	0.73060	1676.3	0.00059657	26.527	26.590	136.31	86.035	138.20	405.84	-0.036322	0.00025131	0.067544	0.0069298	59.766	0.016732	38.753	40.539	191.02	82.276	100.28	110.14	18.939	1.3693e-05	0.010201
255.22	0.73647	1674.7	0.00059711	26.561	26.625	136.44	86.105	138.35	404.69	-0.033758	0.00025026	0.067466	0.0068948	60.251	0.016597	38.768	40.553	191.02	82.370	100.46	110.09	18.908	1.3708e-05	0.010226
255.47	0.74234	1673.2	0.00059764	26.595	26.660	136.58	86.174	138.51	403.54	-0.031191	0.00024922	0.067388	0.0068601	60.737	0.016465	38.782	40.567	191.02	82.464	100.64	110.04	18.878	1.3723e-05	0.010252
255.72	0.74822	1671.7	0.00059818	26.629	26.694	136.71	86.243	138.66	402.40	-0.028620	0.00024819	0.067311	0.0068257	61.222	0.016334	38.796	40.581	191.02	82.557	100.82	109.98	18.847	1.3739e-05	0.010277
255.96	0.75409	1670.3	0.00059871	26.663	26.729	136.84	86.312	138.81	401.26	-0.026046	0.00024717	0.067235	0.0067915	61.709	0.016205	38.810	40.595	191.02	82.650	100.99	109.93	18.818	1.3754e-05	0.010302
256.21	0.75996	1668.8	0.00059924	26.697	26.763	136.98	86.380	138.97	400.14	-0.023467	0.00024615	0.067158	0.0067575	62.195	0.016078	38.824	40.608	191.01	82.742	101.17	109.88	18.788	1.3769e-05	0.010327
256.45	0.76583	1667.3	0.00059977	26.730	26.797	137.11	86.448	139.12	399.02	-0.020885	0.00024515	0.067082	0.0067237	62.682	0.015954	38.838	40.622	191.01	82.833	101.35	109.83	18.759	1.3784e-05	0.010352
256.70	0.77171	1665.8	0.00060030	26.763	26.831	137.24	86.515	139.27	397.90	-0.018299	0.00024416	0.067006	0.0066902	63.170	0.015830	38.851	40.636	191.01	82.924	101.53	109.78	18.731	1.3799e-05	0.010377
256.94	0.77758	1664.4	0.00060083	26.797	26.865	137.37	86.582	139.42	396.79	-0.015709	0.00024317	0.066931	0.0066569	63.658	0.015709	38.865	40.649	191.01	83.014	101.70	109.72	18.703	1.3814e-05	0.010403
257.18	0.78345	1662.9	0.00060136	26.830	26.899	137.49	86.649	139.57	395.69	-0.013114	0.00024220	0.066856	0.0066238	64.146	0.015589	38.879	40.662	191.01	83.104	101.88	109.67	18.675	1.3829e-05	0.010428
257.42	0.78933	1661.4	0.00060189	26.863	26.932	137.62	86.715	139.73	394.60	-0.010515	0.00024123	0.066781	0.0065909	64.635	0.015472	38.892	40.676	191.01	83.193	102.05	109.62	18.648	1.3844e-05	0.010453
257.66	0.79520	1660.0	0.00060242	26.895	26.965	137.75	86.781	139.88	393.51	-0.0079120	0.00024027	0.066707	0.0065582	65.124	0.015355	38.905	40.689	191.01	83.282	102.23	109.57	18.622	1.3859e-05	0.010478
257.90	0.80107	1658.5	0.00060294	26.928	26.998	137.88	86.846	140.03	392.42	-0.0053043	0.00023932	0.066633	0.0065258	65.614	0.015241	38.919	40.702	191.01	83.371	102.41	109.51	18.595	1.3873e-05	0.010502
258.13	0.80694	1657.1	0.00060347	26.960	27.031	138.00	86.912	140.18	391.35	-0.0026920	0.00023838	0.066559	0.0064936	66.104	0.015128	38.932	40.715	191.01	83.458	102.58	109.46	18.569	1.3888e-05	0.010527
258.37	0.81282	1655.7	0.00060399	26.993	27.064	138.13	86.976	140.33	390.27	-7.5030e-05	0.00023745	0.066486	0.0064615	66.594	0.015016	38.945	40.728	191.01	83.546	102.76	109.40	18.544	1.3903e-05	0.010552
258.60	0.81869	1654.2	0.00060451	27.025	27.097	138.25	87.041	140.48	389.21	0.0025467	0.00023652	0.066413	0.0064297	67.086	0.014906	38.958	40.741	191.01	83.632	102.93	109.35	18.518	1.3918e-05	0.010577
258.83	0.82456	1652.8	0.00060504	27.057	27.130	138.38	87.105	140.63	388.15	0.0051733	0.00023561	0.066340	0.0063981	67.577	0.014798	38.971	40.753	191.01	83.719	103.11	109.30	18.494	1.3932e-05	0.010602
259.06	0.83043	1651.4	0.00060556	27.089	27.162	138.50	87.169	140.78	387.09	0.0078048	0.00023470	0.066268	0.0063667	68.069	0.014691	38.984	40.766	191.01	83.804	103.29	109.24	18.469	1.3947e-05	0.010627
259.29	0.83631	1649.9	0.00060608	27.120	27.194	138.62	87.232	140.93	386.04	0.010441	0.00023379	0.066196	0.0063355	68.562	0.014585	38.997	40.778	191.01	83.890	103.46	109.19	18.445	1.3961e-05	0.010651
259.52	0.84218	1648.5	0.00060660	27.152	27.227	138.74	87.295	141.08	385.00	0.013083	0.00023290	0.066124	0.0063044	69.055	0.014481	39.010	40.791	191.01	83.975	103.64	109.13	18.421	1.3976e-05	0.010676
259.75	0.84805	1647.1	0.00060712	27.183	27.259	138.87	87.358	141.23	383.96	0.015730	0.00023202	0.066052	0.0062736	69.548	0.014379	39.022	40.803	191.01	84.059	103.81	109.08	18.398	1.3990e-05	0.010701
259.97	0.85392	1645.7	0.00060764	27.215	27.291	138.99	87.420	141.38	382.92	0.018382	0.00023114	0.065981	0.0062429	70.042	0.014277	39.035	40.815	191.01	84.143	103.99	109.02	18.375	1.4004e-05	0.010726
260.20	0.85980	1644.3	0.00060816	27.246	27.322	139.11	87.483	141.53	381.90	0.021040	0.00023027	0.065910	0.0062125	70.537	0.014177	39.047	40.828	191.01	84.227	104.16	108.97	18.353	1.4019e-05	0.010750
260.42	0.86567	1642.9	0.00060867	27.277	27.354	139.23	87.544	141.68	380.87	0.023703	0.00022940	0.065840	0.0061822	71.032	0.014078	39.060	40.840	191.01	84.310	104.34	108.91	18.330	1.4033e-05	0.010775
260.64	0.87154	1641.5	0.00060919	27.308	27.386	139.35	87.606	141.83	379.85	0.026371	0.00022855	0.065770	0.0061521	71.527	0.013981	39.072	40.852	191.01	84.393	104.51	108.86	18.308	1.4047e-05	0.010799
260.86	0.87741	1640.1	0.00060971	27.339	27.417	139.46	87.667	141.98	378.84	0.029046	0.00022770	0.065700	0.0061222	72.023	0.013884	39.084	40.864	191.01	84.476	104.69	108.80	18.287	1.4062e-05	0.010824
261.08	0.88329	1638.8	0.00061022	27.369	27.448	139.58	87.728	142.13	377.83	0.031726	0.00022685	0.065630	0.0060925	72.520	0.013789	39.096	40.875	191.01	84.558	104.86	108.75	18.265	1.4076e-05	0.010849
261.30	0.88916	1637.4	0.00061074	27.400	27.479	139.70	87.789	142.28	376.83	0.034412	0.00022602	0.065560	0.0060629	73.017	0.013696	39.109	40.887	191.01	84.640	105.04	108.69	18.244	1.4090e-05	0.010873
261.52	0.89503	1636.0	0.00061125	27.430	27.510	139.82	87.849	142.43	375.83	0.037103	0.00022519	0.065491	0.0060335	73.514	0.013603	39.121	40.899	191.01	84.721	105.22	108.63	18.224	1.4104e-05	0.010898
261.74	0.90090	1634.6	0.00061176	27.461	27.541	139.93	87.909	142.58	374.84	0.039801	0.00022437	0.065422	0.0060043	74.012	0.013511	39.133	40.910	191.01	84.803	105.39	108.58	18.203	1.4118e-05	0.010922
261.96	0.90678	1633.3	0.00061228	27.491	27.572	140.05	87.969	142.73	373.85	0.042505	0.00022355	0.065354	0.0059753	74.511	0.013421	39.145	40.922	191.01	84.883	105.57	108.52	18.183	1.4132e-05	0.010947
262.17	0.91265	1631.9	0.00061279	27.521	27.603	140.16	88.028	142.88	372.86	0.045215	0.00022274	0.065285	0.0059464	75.010	0.013332	39.156	40.933	191.01	84.964	105.74	108.47	18.164	1.4146e-05	0.010971
262.38	0.91852	1630.5	0.00061330	27.551	27.633	140.28	88.087	143.03	371.88	0.047931	0.00022194	0.065217	0.0059177	75.509	0.013243	39.168	40.945	191.01	85.044	105.92	108.41	18.144	1.4160e-05	0.010996
262.60	0.92439	1629.2	0.00061381	27.581	27.664	140.39	88.146	143.18	370.91	0.050654	0.00022114	0.065150	0.0058892	76.009	0.013156	39.180	40.956	191.01	85.124	106.10	108.35	18.125	1.4174e-05	0.011020
262.81	0.93027	1627.8	0.00061432	27.611	27.694	140.50	88.205	143.33	369.94	0.053383	0.00022035	0.065082	0.0058608	76.510	0.013070	39.191	40.967	191.01	85.204	106.27	108.30	18.106	1.4188e-05	0.011045
263.02	0.93614	1626.5	0.00061483	27.640	27.724	140.62	88.263	143.48	368.97	0.056118	0.00021957	0.065015	0.0058326	77.011	0.012985	39.203	40.978	191.01	85.283	106.45	108.24	18.088	1.4202e-05	0.011069
263.23	0.94201	1625.1	0.00061534	27.670	27.754	140.73	88.322	143.63	368.01	0.058860	0.00021879	0.064948	0.0058045	77.513	0.012901	39.215	40.990	191.01	85.362	106.63	108.18	18.070	1.4216e-05	0.011094
263.44	0.94788	1623.8	0.00061585	27.699	27.784	140.84	88.379	143.78	367.05	0.061609	0.00021802	0.064881	0.0057766	78.015	0.012818	39.226	41.001	191.01	85.441	106.80	108.12	18.052	1.4230e-05	0.011118
263.65	0.95376	1622.4	0.00061636	27.728	27.814	140.95	88.437	143.93	366.10	0.064364	0.00021725	0.064814	0.0057489	78.518	0.012736	39.237	41.011	191.01	85.520	106.98	108.07	18.034	1.4244e-05	0.011142
263.86	0.95963	1621.1	0.00061687	27.758	27.844	141.06	88.494	144.08	365.15	0.067127	0.00021649	0.064748	0.0057213	79.021	0.012655	39.249	41.022	191.01	85.598	107.16	108.01	18.016	1.4258e-05	0.011167
264.06	0.96550	1619.8	0.00061737	27.787	27.874	141.17	88.552	144.23	364.20	0.069896	0.00021574	0.064682	0.0056939	79.525	0.012575	39.260	41.033	191.01	85.677	107.34	107.95	17.999	1.4272e-05	0.011191
264.27	0.97138	1618.4	0.00061788	27.816	27.903	141.28	88.608	144.38	363.26	0.072672	0.00021499	0.064616	0.0056666	80.030	0.012495	39.271	41.044	191.01	85.755	107.52	107.89	17.982	1.4285e-05	0.011216
264.47	0.97725	1617.1	0.00061839	27.845	27.933	141.39	88.665	144.53	362.32	0.075455	0.00021425	0.064551	0.0056395	80.535	0.012417	39.282	41.054	191.01	85.833	107.70	107.83	17.966	1.4299e-05	0.011240
264.67	0.98312	1615.8	0.00061889	27.873	27.962	141.50	88.721	144.68	361.39	0.078246	0.00021351	0.064485	0.0056125	81.040	0.012340	39.293	41.065	191.01	85.910	107.88	107.78	17.949	1.4313e-05	0.011264
264.88	0.98899	1614.5	0.00061940	27.902	27.991	141.61	88.778	144.83	360.46	0.081043	0.00021278	0.064420	0.0055856	81.546	0.012263	39.304	41.076	191.01	85.988	108.06	107.72	17.933	1.4327e-05	0.011289
265.08	0.99487	1613.1	0.00061991	27.931	28.021	141.72	88.833	144.98	359.53	0.083848	0.00021205	0.064356	0.0055589	82.053	0.012187	39.315	41.086	191.01	86.065	108.24	107.66	17.917	1.4340e-05	0.011313
265.28	1.0007	1611.8	0.00062041	27.959	28.050	141.83	88.889	145.13	358.61	0.086661	0.00021133	0.064291	0.0055324	82.560	0.012112	39.326	41.096	191.01	86.142	108.42	107.60	17.901	1.4354e-05	0.011338
265.48	1.0066	1610.5	0.00062092	27.987	28.079	141.93	88.945	145.28	357.69	0.089481	0.00021062	0.064227	0.0055060	83.068	0.012038	39.337	41.107	191.01	86.219	108.60	107.54	17.886	1.4368e-05	0.011362
265.68	1.0125	1609.2	0.00062142	28.016	28.108	142.04	89.000	145.43	356.78	0.092308	0.00020991	0.064162	0.0054797	83.577	0.011965	39.347	41.117	191.01	86.296	108.78	107.48	17.871	1.4381e-05	0.011386
265.88	1.0184	1607.9	0.00062193	28.044	28.136	142.15	89.055	145.58	355.87	0.095143	0.00020920	0.064098	0.0054536	84.086	0.011893	39.358	41.127	191.01	86.372	108.96	107.42	17.855	1.4395e-05	0.011411
266.08	1.0242	1606.6	0.00062243	28.072	28.165	142.25	89.110	145.73	354.96	0.097986	0.00020850	0.064035	0.0054276	84.595	0.011821	39.369	41.137	191.01	86.449	109.14	107.36	17.841	1.4409e-05	0.011435
266.27	1.0301	1605.3	0.00062293	28.100	28.194	142.36	89.164	145.88	354.06	0.10084	0.00020780	0.063971	0.0054017	85.105	0.011750	39.379	41.147	191.01	86.525	109.32	107.31	17.826	1.4422e-05	0.011460
266.47	1.0360	1604.0	0.00062344	28.128	28.222	142.46	89.218	146.03	353.16	0.10370	0.00020711	0.063908	0.0053760	85.616	0.011680	39.390	41.157	191.01	86.601	109.51	107.25	17.812	1.4436e-05	0.011484
266.66	1.0418	1602.7	0.00062394	28.155	28.250	142.57	89.273	146.18	352.27	0.10656	0.00020643	0.063845	0.0053504	86.128	0.011611	39.400	41.167	191.01	86.678	109.69	107.19	17.797	1.4450e-05	0.011508
266.86	1.0477	1601.4	0.00062444	28.183	28.279	142.67	89.326	146.33	351.37	0.10944	0.00020575	0.063782	0.0053249	86.640	0.011542	39.411	41.177	191.01	86.754	109.87	107.13	17.783	1.4463e-05	0.011533
267.05	1.0536	1600.1	0.00062494	28.211	28.307	142.78	89.380	146.48	350.48	0.11232	0.00020507	0.063719	0.0052996	87.152	0.011474	39.421	41.187	191.01	86.829	110.06	107.07	17.770	1.4477e-05	0.011557
267.24	1.0595	1598.9	0.00062545	28.238	28.335	142.88	89.434	146.64	349.60	0.11521	0.00020440	0.063657	0.0052744	87.665	0.011407	39.431	41.196	191.01	86.905	110.24	107.01	17.756	1.4490e-05	0.011581
267.43	1.0653	1597.6	0.00062595	28.266	28.363	142.98	89.487	146.79	348.72	0.11811	0.00020373	0.063595	0.0052494	88.179	0.011341	39.441	41.206	191.00	86.981	110.43	106.95	17.743	1.4504e-05	0.011606
267.63	1.0712	1596.3	0.00062645	28.293	28.391	143.08	89.540	146.94	347.84	0.12102	0.00020307	0.063533	0.0052244	88.694	0.011275	39.452	41.216	191.00	87.057	110.61	106.89	17.729	1.4517e-05	0.011630
267.82	1.0771	1595.0	0.00062695	28.320	28.419	143.19	89.593	147.09	346.96	0.12393	0.00020242	0.063471	0.0051996	89.209	0.011210	39.462	41.225	191.00	87.132	110.80	106.83	17.716	1.4531e-05	0.011655
268.00	1.0830	1593.7	0.00062745	28.347	28.447	143.29	89.646	147.24	346.09	0.12686	0.00020176	0.063409	0.0051749	89.724	0.011145	39.472	41.235	191.00	87.207	110.98	106.77	17.703	1.4544e-05	0.011679
268.19	1.0888	1592.5	0.00062795	28.374	28.474	143.39	89.698	147.39	345.22	0.12979	0.00020111	0.063348	0.0051504	90.240	0.011082	39.482	41.244	191.00	87.283	111.17	106.71	17.691	1.4558e-05	0.011704
268.38	1.0947	1591.2	0.00062845	28.401	28.502	143.49	89.751	147.54	344.36	0.13273	0.00020047	0.063287	0.0051259	90.757	0.011018	39.492	41.253	191.00	87.358	111.36	106.65	17.678	1.4571e-05	0.011728
268.57	1.1006	1589.9	0.00062896	28.428	28.529	143.59	89.803	147.70	343.50	0.13568	0.00019983	0.063226	0.0051016	91.275	0.010956	39.502	41.263	191.00	87.433	111.55	106.58	17.666	1.4585e-05	0.011752
268.76	1.1064	1588.7	0.00062946	28.455	28.557	143.69	89.855	147.85	342.64	0.13864	0.00019920	0.063165	0.0050774	91.793	0.010894	39.511	41.272	191.00	87.508	111.73	106.52	17.654	1.4598e-05	0.011777
268.94	1.1123	1587.4	0.00062996	28.482	28.584	143.79	89.906	148.00	341.78	0.14161	0.00019856	0.063104	0.0050533	92.312	0.010833	39.521	41.281	191.00	87.583	111.92	106.46	17.642	1.4612e-05	0.011801
269.13	1.1182	1586.2	0.00063046	28.509	28.612	143.89	89.958	148.15	340.93	0.14459	0.00019794	0.063044	0.0050293	92.831	0.010772	39.531	41.290	191.00	87.658	112.11	106.40	17.630	1.4625e-05	0.011826
269.31	1.1241	1584.9	0.00063096	28.535	28.639	143.99	90.009	148.31	340.08	0.14758	0.00019732	0.062984	0.0050055	93.351	0.010712	39.541	41.299	191.00	87.733	112.30	106.34	17.618	1.4639e-05	0.011850
269.49	1.1299	1583.6	0.00063146	28.562	28.666	144.09	90.061	148.46	339.23	0.15057	0.00019670	0.062923	0.0049818	93.872	0.010653	39.550	41.308	191.00	87.808	112.49	106.28	17.607	1.4652e-05	0.011875
269.68	1.1358	1582.4	0.00063196	28.588	28.693	144.19	90.112	148.61	338.39	0.15358	0.00019608	0.062864	0.0049581	94.393	0.010594	39.560	41.317	191.00	87.883	112.69	106.22	17.595	1.4665e-05	0.011899
269.86	1.1417	1581.1	0.00063246	28.614	28.720	144.28	90.162	148.76	337.55	0.15659	0.00019547	0.062804	0.0049346	94.915	0.010536	39.569	41.326	191.00	87.957	112.88	106.16	17.584	1.4679e-05	0.011924
270.04	1.1476	1579.9	0.00063296	28.641	28.747	144.38	90.213	148.92	336.71	0.15962	0.00019486	0.062744	0.0049112	95.438	0.010478	39.579	41.335	191.00	88.032	113.07	106.09	17.573	1.4692e-05	0.011948
270.22	1.1534	1578.6	0.00063345	28.667	28.773	144.48	90.264	149.07	335.87	0.16265	0.00019426	0.062685	0.0048880	95.961	0.010421	39.588	41.344	191.00	88.106	113.26	106.03	17.562	1.4706e-05	0.011973
270.40	1.1593	1577.4	0.00063395	28.693	28.800	144.58	90.314	149.23	335.04	0.16569	0.00019366	0.062626	0.0048648	96.485	0.010364	39.598	41.353	191.00	88.181	113.46	105.97	17.551	1.4719e-05	0.011998
270.58	1.1652	1576.2	0.00063445	28.719	28.827	144.67	90.364	149.38	334.21	0.16875	0.00019307	0.062567	0.0048417	97.010	0.010308	39.607	41.361	191.00	88.255	113.65	105.91	17.540	1.4732e-05	0.012022
270.76	1.1710	1574.9	0.00063495	28.745	28.853	144.77	90.414	149.53	333.39	0.17181	0.00019248	0.062508	0.0048188	97.535	0.010253	39.616	41.370	190.99	88.330	113.84	105.85	17.530	1.4746e-05	0.012047
270.94	1.1769	1573.7	0.00063545	28.771	28.880	144.86	90.464	149.69	332.56	0.17488	0.00019189	0.062449	0.0047960	98.061	0.010198	39.625	41.378	190.99	88.404	114.04	105.78	17.519	1.4759e-05	0.012071
271.11	1.1828	1572.4	0.00063595	28.796	28.906	144.96	90.514	149.84	331.74	0.17797	0.00019130	0.062391	0.0047732	98.588	0.010143	39.635	41.387	190.99	88.478	114.24	105.72	17.509	1.4772e-05	0.012096
271.29	1.1887	1571.2	0.00063645	28.822	28.933	145.05	90.564	150.00	330.92	0.18106	0.00019072	0.062333	0.0047506	99.115	0.010089	39.644	41.395	190.99	88.552	114.43	105.66	17.499	1.4786e-05	0.012121
271.47	1.1945	1570.0	0.00063695	28.848	28.959	145.15	90.613	150.15	330.11	0.18416	0.00019015	0.062274	0.0047281	99.643	0.010036	39.653	41.404	190.99	88.626	114.63	105.60	17.489	1.4799e-05	0.012145
271.64	1.2004	1568.8	0.00063745	28.873	28.985	145.24	90.662	150.31	329.29	0.18728	0.00018957	0.062216	0.0047057	100.17	0.0099829	39.662	41.412	190.99	88.700	114.83	105.53	17.479	1.4812e-05	0.012170
271.82	1.2063	1567.5	0.00063795	28.899	29.011	145.34	90.711	150.46	328.48	0.19040	0.00018901	0.062159	0.0046833	100.70	0.0099304	39.671	41.420	190.99	88.774	115.02	105.47	17.469	1.4826e-05	0.012195
271.99	1.2122	1566.3	0.00063845	28.924	29.037	145.43	90.760	150.62	327.68	0.19353	0.00018844	0.062101	0.0046611	101.23	0.0098784	39.680	41.429	190.99	88.848	115.22	105.41	17.460	1.4839e-05	0.012220
272.17	1.2180	1565.1	0.00063894	28.950	29.063	145.53	90.809	150.78	326.87	0.19668	0.00018788	0.062044	0.0046390	101.76	0.0098269	39.689	41.437	190.99	88.922	115.42	105.35	17.450	1.4852e-05	0.012244
272.34	1.2239	1563.9	0.00063944	28.975	29.089	145.62	90.858	150.93	326.07	0.19983	0.00018732	0.061986	0.0046170	102.29	0.0097758	39.698	41.445	190.99	88.996	115.62	105.28	17.441	1.4866e-05	0.012269
272.51	1.2298	1562.6	0.00063994	29.000	29.115	145.71	90.906	151.09	325.27	0.20300	0.00018676	0.061929	0.0045951	102.83	0.0097252	39.706	41.453	190.99	89.069	115.82	105.22	17.431	1.4879e-05	0.012294
272.68	1.2356	1561.4	0.00064044	29.025	29.141	145.80	90.955	151.25	324.47	0.20617	0.00018621	0.061872	0.0045733	103.36	0.0096751	39.715	41.461	190.99	89.143	116.02	105.16	17.422	1.4892e-05	0.012319
272.85	1.2415	1560.2	0.00064094	29.050	29.167	145.90	91.003	151.40	323.68	0.20936	0.00018566	0.061815	0.0045516	103.89	0.0096254	39.724	41.469	190.98	89.216	116.23	105.09	17.413	1.4906e-05	0.012344
273.03	1.2474	1559.0	0.00064144	29.075	29.192	145.99	91.051	151.56	322.88	0.21256	0.00018511	0.061759	0.0045300	104.43	0.0095761	39.733	41.477	190.98	89.290	116.43	105.03	17.404	1.4919e-05	0.012368
273.20	1.2533	1557.8	0.00064194	29.100	29.218	146.08	91.099	151.72	322.09	0.21577	0.00018457	0.061702	0.0045084	104.96	0.0095273	39.741	41.485	190.98	89.363	116.63	104.97	17.395	1.4932e-05	0.012393
273.36	1.2591	1556.6	0.00064244	29.125	29.243	146.17	91.147	151.88	321.31	0.21899	0.00018403	0.061646	0.0044870	105.50	0.0094789	39.750	41.493	190.98	89.436	116.83	104.90	17.387	1.4946e-05	0.012418
273.53	1.2650	1555.4	0.00064294	29.150	29.269	146.26	91.195	152.03	320.52	0.22222	0.00018350	0.061589	0.0044657	106.03	0.0094310	39.758	41.501	190.98	89.510	117.04	104.84	17.378	1.4959e-05	0.012443
273.70	1.2709	1554.2	0.00064344	29.175	29.294	146.35	91.242	152.19	319.74	0.22546	0.00018296	0.061533	0.0044445	106.57	0.0093834	39.767	41.509	190.98	89.583	117.24	104.77	17.369	1.4972e-05	0.012468
273.87	1.2768	1552.9	0.00064394	29.200	29.320	146.44	91.290	152.35	318.96	0.22872	0.00018243	0.061477	0.0044233	107.11	0.0093363	39.775	41.516	190.98	89.656	117.45	104.71	17.361	1.4985e-05	0.012493
274.04	1.2826	1551.7	0.00064444	29.224	29.345	146.53	91.337	152.51	318.18	0.23198	0.00018190	0.061422	0.0044023	107.65	0.0092896	39.784	41.524	190.98	89.729	117.65	104.65	17.353	1.4999e-05	0.012518
274.20	1.2885	1550.5	0.00064494	29.249	29.370	146.62	91.384	152.67	317.40	0.23526	0.00018138	0.061366	0.0043813	108.19	0.0092433	39.792	41.532	190.98	89.801	117.86	104.58	17.345	1.5012e-05	0.012543
274.37	1.2944	1549.3	0.00064544	29.273	29.395	146.71	91.432	152.83	316.63	0.23855	0.00018086	0.061310	0.0043605	108.73	0.0091974	39.800	41.539	190.97	89.874	118.07	104.52	17.336	1.5025e-05	0.012568
274.53	1.3002	1548.1	0.00064594	29.298	29.420	146.80	91.479	152.99	315.86	0.24185	0.00018034	0.061255	0.0043397	109.27	0.0091518	39.809	41.547	190.97	89.947	118.28	104.45	17.328	1.5039e-05	0.012593
274.70	1.3061	1546.9	0.00064644	29.322	29.445	146.89	91.525	153.15	315.09	0.24516	0.00017983	0.061200	0.0043190	109.81	0.0091067	39.817	41.554	190.97	90.019	118.48	104.39	17.321	1.5052e-05	0.012618
274.86	1.3120	1545.7	0.00064694	29.346	29.470	146.98	91.572	153.31	314.32	0.24848	0.00017931	0.061145	0.0042984	110.35	0.0090619	39.825	41.562	190.97	90.092	118.69	104.32	17.313	1.5065e-05	0.012643
275.03	1.3179	1544.6	0.00064744	29.371	29.495	147.07	91.619	153.47	313.56	0.25182	0.00017880	0.061090	0.0042779	110.89	0.0090176	39.833	41.569	190.97	90.164	118.90	104.26	17.305	1.5078e-05	0.012669
275.19	1.3237	1543.4	0.00064794	29.395	29.520	147.16	91.665	153.63	312.80	0.25517	0.00017830	0.061035	0.0042575	111.44	0.0089736	39.841	41.576	190.97	90.236	119.11	104.19	17.297	1.5092e-05	0.012694
275.35	1.3296	1542.2	0.00064844	29.419	29.545	147.25	91.712	153.80	312.04	0.25853	0.00017779	0.060981	0.0042372	111.98	0.0089299	39.849	41.584	190.97	90.308	119.32	104.13	17.290	1.5105e-05	0.012719
275.52	1.3355	1541.0	0.00064894	29.443	29.570	147.33	91.758	153.96	311.28	0.26190	0.00017729	0.060926	0.0042170	112.53	0.0088866	39.857	41.591	190.96	90.380	119.53	104.06	17.282	1.5118e-05	0.012744
275.68	1.3413	1539.8	0.00064944	29.467	29.594	147.42	91.804	154.12	310.52	0.26528	0.00017679	0.060872	0.0041968	113.07	0.0088437	39.865	41.598	190.96	90.452	119.75	104.00	17.275	1.5132e-05	0.012769
275.84	1.3472	1538.6	0.00064994	29.491	29.619	147.51	91.850	154.28	309.77	0.26868	0.00017630	0.060817	0.0041767	113.62	0.0088011	39.873	41.605	190.96	90.524	119.96	103.93	17.268	1.5145e-05	0.012795
276.00	1.3531	1537.4	0.00065044	29.515	29.643	147.60	91.896	154.45	309.02	0.27209	0.00017581	0.060763	0.0041568	114.17	0.0087589	39.881	41.612	190.96	90.596	120.17	103.87	17.261	1.5158e-05	0.012820
276.16	1.3590	1536.2	0.00065094	29.539	29.668	147.68	91.942	154.61	308.27	0.27551	0.00017532	0.060709	0.0041369	114.72	0.0087170	39.889	41.619	190.96	90.667	120.39	103.80	17.254	1.5171e-05	0.012846
276.32	1.3648	1535.0	0.00065144	29.562	29.692	147.77	91.988	154.77	307.52	0.27895	0.00017483	0.060655	0.0041171	115.27	0.0086755	39.897	41.626	190.96	90.739	120.60	103.74	17.247	1.5185e-05	0.012871
276.48	1.3707	1533.9	0.00065195	29.586	29.717	147.85	92.034	154.94	306.77	0.28240	0.00017434	0.060602	0.0040973	115.82	0.0086343	39.905	41.633	190.96	90.810	120.82	103.67	17.240	1.5198e-05	0.012896
276.64	1.3766	1532.7	0.00065245	29.610	29.741	147.94	92.079	155.10	306.03	0.28586	0.00017386	0.060548	0.0040777	116.37	0.0085934	39.912	41.640	190.95	90.881	121.03	103.61	17.233	1.5211e-05	0.012922
276.80	1.3825	1531.5	0.00065295	29.633	29.765	148.03	92.125	155.27	305.29	0.28933	0.00017338	0.060495	0.0040581	116.92	0.0085529	39.920	41.647	190.95	90.952	121.25	103.54	17.226	1.5225e-05	0.012947
276.95	1.3883	1530.3	0.00065345	29.657	29.790	148.11	92.170	155.43	304.55	0.29282	0.00017290	0.060441	0.0040386	117.47	0.0085126	39.928	41.654	190.95	91.023	121.47	103.48	17.220	1.5238e-05	0.012973
277.11	1.3942	1529.2	0.00065396	29.681	29.814	148.20	92.216	155.60	303.81	0.29632	0.00017243	0.060388	0.0040192	118.03	0.0084727	39.936	41.661	190.95	91.094	121.68	103.41	17.213	1.5251e-05	0.012998
277.27	1.4001	1528.0	0.00065446	29.704	29.838	148.28	92.261	155.77	303.07	0.29984	0.00017196	0.060335	0.0039999	118.58	0.0084331	39.943	41.668	190.95	91.165	121.90	103.34	17.207	1.5264e-05	0.013024
277.42	1.4059	1526.8	0.00065496	29.727	29.862	148.37	92.306	155.93	302.34	0.30336	0.00017149	0.060282	0.0039807	119.13	0.0083939	39.951	41.674	190.95	91.235	122.12	103.28	17.200	1.5278e-05	0.013050
277.58	1.4118	1525.6	0.00065547	29.751	29.886	148.45	92.351	156.10	301.61	0.30690	0.00017102	0.060229	0.0039615	119.69	0.0083549	39.958	41.681	190.94	91.306	122.34	103.21	17.194	1.5291e-05	0.013075
277.73	1.4177	1524.5	0.00065597	29.774	29.910	148.54	92.396	156.27	300.88	0.31046	0.00017056	0.060177	0.0039424	120.25	0.0083162	39.966	41.688	190.94	91.376	122.56	103.15	17.188	1.5304e-05	0.013101
277.89	1.4236	1523.3	0.00065647	29.797	29.934	148.62	92.441	156.44	300.15	0.31403	0.00017009	0.060124	0.0039234	120.80	0.0082779	39.973	41.694	190.94	91.446	122.78	103.08	17.182	1.5318e-05	0.013127
278.04	1.4294	1522.1	0.00065698	29.820	29.958	148.70	92.486	156.61	299.42	0.31761	0.00016963	0.060072	0.0039045	121.36	0.0082398	39.981	41.701	190.94	91.516	123.01	103.01	17.176	1.5331e-05	0.013152
278.20	1.4353	1520.9	0.00065748	29.844	29.981	148.79	92.531	156.77	298.70	0.32121	0.00016918	0.060019	0.0038856	121.92	0.0082020	39.988	41.707	190.94	91.586	123.23	102.95	17.170	1.5344e-05	0.013178
278.35	1.4412	1519.8	0.00065799	29.867	30.005	148.87	92.575	156.94	297.97	0.32482	0.00016872	0.059967	0.0038669	122.48	0.0081645	39.995	41.714	190.93	91.656	123.45	102.88	17.164	1.5358e-05	0.013204
278.50	1.4471	1518.6	0.00065849	29.890	30.029	148.95	92.620	157.11	297.25	0.32844	0.00016827	0.059915	0.0038482	123.04	0.0081273	40.002	41.720	190.93	91.725	123.68	102.81	17.158	1.5371e-05	0.013230
278.65	1.4529	1517.5	0.00065900	29.913	30.052	149.04	92.664	157.28	296.53	0.33208	0.00016782	0.059863	0.0038295	123.60	0.0080904	40.010	41.727	190.93	91.795	123.90	102.75	17.152	1.5384e-05	0.013256
278.81	1.4588	1516.3	0.00065951	29.936	30.076	149.12	92.709	157.45	295.81	0.33573	0.00016737	0.059811	0.0038110	124.17	0.0080537	40.017	41.733	190.93	91.864	124.13	102.68	17.147	1.5398e-05	0.013282
278.96	1.4647	1515.1	0.00066001	29.958	30.100	149.20	92.753	157.63	295.10	0.33940	0.00016692	0.059759	0.0037925	124.73	0.0080174	40.024	41.739	190.93	91.933	124.35	102.61	17.141	1.5411e-05	0.013308
279.11	1.4705	1514.0	0.00066052	29.981	30.123	149.28	92.798	157.80	294.38	0.34308	0.00016648	0.059708	0.0037741	125.29	0.0079813	40.031	41.746	190.92	92.002	124.58	102.55	17.136	1.5425e-05	0.013334
279.26	1.4764	1512.8	0.00066103	30.004	30.147	149.36	92.842	157.97	293.67	0.34678	0.00016604	0.059656	0.0037558	125.86	0.0079454	40.038	41.752	190.92	92.071	124.81	102.48	17.130	1.5438e-05	0.013360
279.41	1.4823	1511.6	0.00066153	30.027	30.170	149.45	92.886	158.14	292.96	0.35049	0.00016560	0.059605	0.0037375	126.42	0.0079099	40.045	41.758	190.92	92.140	125.03	102.41	17.125	1.5451e-05	0.013386
279.56	1.4882	1510.5	0.00066204	30.049	30.193	149.53	92.930	158.32	292.25	0.35422	0.00016516	0.059553	0.0037193	126.99	0.0078746	40.053	41.764	190.92	92.209	125.26	102.34	17.120	1.5465e-05	0.013412
279.71	1.4940	1509.3	0.00066255	30.072	30.217	149.61	92.974	158.49	291.55	0.35796	0.00016472	0.059502	0.0037012	127.56	0.0078395	40.060	41.770	190.92	92.277	125.49	102.28	17.114	1.5478e-05	0.013438
279.86	1.4999	1508.2	0.00066306	30.095	30.240	149.69	93.018	158.66	290.84	0.36172	0.00016429	0.059451	0.0036832	128.13	0.0078048	40.066	41.776	190.91	92.345	125.72	102.21	17.109	1.5492e-05	0.013465
280.01	1.5058	1507.0	0.00066357	30.117	30.263	149.77	93.062	158.84	290.14	0.36549	0.00016386	0.059400	0.0036652	128.70	0.0077702	40.073	41.782	190.91	92.414	125.95	102.14	17.104	1.5505e-05	0.013491
280.15	1.5117	1505.9	0.00066408	30.140	30.286	149.85	93.106	159.01	289.43	0.36928	0.00016343	0.059349	0.0036473	129.27	0.0077359	40.080	41.788	190.91	92.482	126.19	102.07	17.099	1.5518e-05	0.013517
280.30	1.5175	1504.7	0.00066459	30.162	30.309	149.93	93.149	159.19	288.73	0.37308	0.00016300	0.059298	0.0036295	129.84	0.0077019	40.087	41.794	190.91	92.549	126.42	102.01	17.095	1.5532e-05	0.013543
280.45	1.5234	1503.5	0.00066510	30.185	30.333	150.01	93.193	159.37	288.03	0.37690	0.00016258	0.059248	0.0036117	130.41	0.0076681	40.094	41.800	190.90	92.617	126.65	101.94	17.090	1.5545e-05	0.013570
280.60	1.5293	1502.4	0.00066561	30.207	30.356	150.09	93.237	159.54	287.34	0.38074	0.00016215	0.059197	0.0035940	130.98	0.0076346	40.101	41.806	190.90	92.685	126.89	101.87	17.085	1.5559e-05	0.013596
280.74	1.5351	1501.2	0.00066612	30.229	30.379	150.17	93.280	159.72	286.64	0.38459	0.00016173	0.059146	0.0035764	131.56	0.0076013	40.108	41.812	190.90	92.752	127.12	101.80	17.080	1.5572e-05	0.013623
280.89	1.5410	1500.1	0.00066663	30.251	30.401	150.25	93.324	159.90	285.95	0.38845	0.00016131	0.059096	0.0035589	132.13	0.0075682	40.114	41.818	190.90	92.819	127.36	101.74	17.076	1.5586e-05	0.013649
281.03	1.5469	1498.9	0.00066714	30.274	30.424	150.33	93.368	160.08	285.25	0.39234	0.00016090	0.059046	0.0035414	132.71	0.0075354	40.121	41.823	190.89	92.887	127.59	101.67	17.071	1.5599e-05	0.013676
281.18	1.5528	1497.8	0.00066765	30.296	30.447	150.41	93.411	160.25	284.56	0.39624	0.00016048	0.058996	0.0035240	133.28	0.0075028	40.128	41.829	190.89	92.954	127.83	101.60	17.067	1.5613e-05	0.013702
281.32	1.5586	1496.6	0.00066816	30.318	30.470	150.49	93.454	160.43	283.87	0.40015	0.00016007	0.058946	0.0035066	133.86	0.0074704	40.134	41.835	190.89	93.020	128.07	101.53	17.063	1.5626e-05	0.013729
281.47	1.5645	1495.5	0.00066868	30.340	30.493	150.57	93.498	160.61	283.18	0.40408	0.00015966	0.058896	0.0034893	134.44	0.0074383	40.141	41.840	190.89	93.087	128.31	101.46	17.058	1.5640e-05	0.013756
281.61	1.5704	1494.3	0.00066919	30.362	30.516	150.65	93.541	160.80	282.50	0.40803	0.00015925	0.058846	0.0034721	135.02	0.0074064	40.147	41.846	190.88	93.154	128.55	101.39	17.054	1.5653e-05	0.013783
281.75	1.5763	1493.2	0.00066971	30.384	30.538	150.73	93.584	160.98	281.81	0.41200	0.00015884	0.058796	0.0034550	135.60	0.0073747	40.154	41.852	190.88	93.220	128.79	101.33	17.050	1.5667e-05	0.013809
281.90	1.5821	1492.0	0.00067022	30.406	30.561	150.80	93.627	161.16	281.13	0.41598	0.00015843	0.058746	0.0034379	136.18	0.0073432	40.160	41.857	190.88	93.286	129.03	101.26	17.046	1.5681e-05	0.013836
282.04	1.5880	1490.9	0.00067073	30.428	30.583	150.88	93.671	161.34	280.45	0.41998	0.00015803	0.058697	0.0034209	136.76	0.0073119	40.167	41.863	190.87	93.353	129.27	101.19	17.042	1.5694e-05	0.013863
282.18	1.5939	1489.8	0.00067125	30.450	30.606	150.96	93.714	161.52	279.76	0.42400	0.00015763	0.058647	0.0034039	137.35	0.0072809	40.173	41.868	190.87	93.419	129.52	101.12	17.038	1.5708e-05	0.013890
282.32	1.5997	1488.6	0.00067177	30.472	30.629	151.04	93.757	161.71	279.09	0.42803	0.00015723	0.058598	0.0033870	137.93	0.0072501	40.180	41.874	190.87	93.484	129.76	101.05	17.034	1.5721e-05	0.013917
282.47	1.6056	1487.5	0.00067228	30.493	30.651	151.12	93.800	161.89	278.41	0.43208	0.00015683	0.058549	0.0033702	138.52	0.0072194	40.186	41.879	190.87	93.550	130.01	100.98	17.031	1.5735e-05	0.013944
282.61	1.6115	1486.3	0.00067280	30.515	30.674	151.19	93.843	162.08	277.73	0.43615	0.00015643	0.058499	0.0033534	139.10	0.0071890	40.192	41.884	190.86	93.616	130.25	100.91	17.027	1.5749e-05	0.013971
282.75	1.6174	1485.2	0.00067332	30.537	30.696	151.27	93.886	162.26	277.06	0.44023	0.00015604	0.058450	0.0033367	139.69	0.0071588	40.199	41.890	190.86	93.681	130.50	100.84	17.023	1.5763e-05	0.013998
282.89	1.6232	1484.0	0.00067383	30.559	30.718	151.35	93.929	162.45	276.38	0.44434	0.00015565	0.058401	0.0033201	140.28	0.0071288	40.205	41.895	190.86	93.746	130.75	100.78	17.020	1.5776e-05	0.014025
283.03	1.6291	1482.9	0.00067435	30.580	30.741	151.42	93.972	162.64	275.71	0.44846	0.00015525	0.058352	0.0033035	140.87	0.0070990	40.211	41.900	190.85	93.811	131.00	100.71	17.016	1.5790e-05	0.014053
283.17	1.6350	1481.8	0.00067487	30.602	30.763	151.50	94.014	162.82	275.04	0.45260	0.00015486	0.058304	0.0032870	141.46	0.0070694	40.217	41.905	190.85	93.876	131.25	100.64	17.013	1.5804e-05	0.014080
283.31	1.6409	1480.6	0.00067539	30.623	30.785	151.58	94.057	163.01	274.37	0.45676	0.00015448	0.058255	0.0032705	142.05	0.0070400	40.223	41.910	190.85	93.941	131.50	100.57	17.010	1.5817e-05	0.014107
283.44	1.6467	1479.5	0.00067591	30.645	30.807	151.65	94.100	163.20	273.70	0.46093	0.00015409	0.058206	0.0032541	142.64	0.0070107	40.229	41.916	190.84	94.006	131.75	100.50	17.006	1.5831e-05	0.014135
283.58	1.6526	1478.3	0.00067643	30.666	30.829	151.73	94.143	163.39	273.04	0.46513	0.00015371	0.058158	0.0032378	143.23	0.0069817	40.235	41.921	190.84	94.071	132.00	100.43	17.003	1.5845e-05	0.014162
283.72	1.6585	1477.2	0.00067695	30.688	30.852	151.81	94.186	163.58	272.37	0.46934	0.00015332	0.058109	0.0032215	143.83	0.0069529	40.242	41.926	190.84	94.135	132.26	100.36	17.000	1.5859e-05	0.014190
283.86	1.6643	1476.1	0.00067748	30.709	30.874	151.88	94.228	163.77	271.71	0.47357	0.00015294	0.058061	0.0032053	144.42	0.0069242	40.248	41.931	190.83	94.200	132.51	100.29	16.997	1.5873e-05	0.014217
284.00	1.6702	1474.9	0.00067800	30.730	30.896	151.96	94.271	163.96	271.04	0.47783	0.00015256	0.058012	0.0031892	145.02	0.0068958	40.254	41.936	190.83	94.264	132.77	100.22	16.994	1.5887e-05	0.014245
284.13	1.6761	1473.8	0.00067852	30.752	30.918	152.03	94.314	164.16	270.38	0.48210	0.00015218	0.057964	0.0031731	145.61	0.0068675	40.260	41.941	190.83	94.328	133.03	100.15	16.991	1.5900e-05	0.014272
284.27	1.6820	1472.7	0.00067905	30.773	30.940	152.11	94.356	164.35	269.72	0.48639	0.00015181	0.057916	0.0031571	146.21	0.0068394	40.265	41.946	190.82	94.392	133.28	100.08	16.988	1.5914e-05	0.014300
284.41	1.6878	1471.5	0.00067957	30.794	30.962	152.18	94.399	164.54	269.06	0.49069	0.00015143	0.057868	0.0031411	146.81	0.0068115	40.271	41.950	190.82	94.456	133.54	100.01	16.985	1.5928e-05	0.014328
284.54	1.6937	1470.4	0.00068009	30.815	30.984	152.26	94.441	164.74	268.40	0.49502	0.00015106	0.057820	0.0031252	147.41	0.0067838	40.277	41.955	190.82	94.519	133.80	99.941	16.983	1.5942e-05	0.014356
284.68	1.6996	1469.2	0.00068062	30.837	31.005	152.33	94.484	164.93	267.75	0.49937	0.00015069	0.057772	0.0031093	148.01	0.0067562	40.283	41.960	190.81	94.583	134.06	99.871	16.980	1.5956e-05	0.014383
284.81	1.7054	1468.1	0.00068115	30.858	31.027	152.41	94.526	165.13	267.09	0.50374	0.00015032	0.057724	0.0030935	148.61	0.0067289	40.289	41.965	190.81	94.647	134.33	99.801	16.978	1.5970e-05	0.014411
284.95	1.7113	1467.0	0.00068167	30.879	31.049	152.48	94.569	165.33	266.44	0.50813	0.00014995	0.057677	0.0030778	149.22	0.0067016	40.295	41.970	190.81	94.710	134.59	99.731	16.975	1.5984e-05	0.014439
285.08	1.7172	1465.8	0.00068220	30.900	31.071	152.56	94.611	165.52	265.79	0.51253	0.00014958	0.057629	0.0030621	149.82	0.0066746	40.300	41.974	190.80	94.773	134.85	99.661	16.973	1.5998e-05	0.014467
285.22	1.7231	1464.7	0.00068273	30.921	31.093	152.63	94.654	165.72	265.14	0.51696	0.00014921	0.057582	0.0030465	150.43	0.0066478	40.306	41.979	190.80	94.836	135.12	99.591	16.970	1.6012e-05	0.014495
285.35	1.7289	1463.6	0.00068326	30.942	31.114	152.70	94.696	165.92	264.49	0.52141	0.00014885	0.057534	0.0030309	151.03	0.0066211	40.312	41.984	190.80	94.899	135.39	99.520	16.968	1.6026e-05	0.014524
285.48	1.7348	1462.4	0.00068379	30.963	31.136	152.78	94.739	166.12	263.84	0.52588	0.00014849	0.057487	0.0030154	151.64	0.0065945	40.317	41.988	190.79	94.962	135.66	99.450	16.965	1.6041e-05	0.014552
285.62	1.7407	1461.3	0.00068432	30.984	31.158	152.85	94.781	166.32	263.19	0.53037	0.00014813	0.057439	0.0029999	152.25	0.0065682	40.323	41.993	190.79	95.025	135.93	99.380	16.963	1.6055e-05	0.014580
285.75	1.7466	1460.2	0.00068485	31.004	31.179	152.93	94.823	166.52	262.54	0.53488	0.00014777	0.057392	0.0029845	152.86	0.0065420	40.328	41.997	190.78	95.088	136.20	99.309	16.961	1.6069e-05	0.014608
285.88	1.7524	1459.0	0.00068538	31.025	31.201	153.00	94.866	166.72	261.90	0.53941	0.00014741	0.057345	0.0029692	153.47	0.0065159	40.334	42.002	190.78	95.150	136.47	99.238	16.959	1.6083e-05	0.014637
286.02	1.7583	1457.9	0.00068591	31.046	31.222	153.07	94.908	166.93	261.25	0.54397	0.00014705	0.057298	0.0029539	154.08	0.0064901	40.340	42.006	190.78	95.213	136.74	99.168	16.957	1.6097e-05	0.014665
286.15	1.7642	1456.8	0.00068644	31.067	31.244	153.15	94.951	167.13	260.61	0.54854	0.00014669	0.057251	0.0029387	154.69	0.0064643	40.345	42.011	190.77	95.275	137.01	99.097	16.955	1.6111e-05	0.014694
286.28	1.7700	1455.7	0.00068698	31.088	31.265	153.22	94.993	167.34	259.97	0.55314	0.00014634	0.057204	0.0029235	155.31	0.0064388	40.350	42.015	190.77	95.338	137.29	99.026	16.953	1.6126e-05	0.014722
286.41	1.7759	1454.5	0.00068751	31.108	31.287	153.29	95.035	167.54	259.33	0.55776	0.00014599	0.057157	0.0029084	155.92	0.0064134	40.356	42.019	190.76	95.400	137.57	98.955	16.951	1.6140e-05	0.014751
286.54	1.7818	1453.4	0.00068805	31.129	31.308	153.36	95.078	167.75	258.69	0.56240	0.00014564	0.057111	0.0028933	156.54	0.0063881	40.361	42.024	190.76	95.462	137.84	98.884	16.950	1.6154e-05	0.014780
286.67	1.7877	1452.3	0.00068858	31.150	31.329	153.44	95.120	167.96	258.05	0.56706	0.00014529	0.057064	0.0028783	157.16	0.0063630	40.367	42.028	190.76	95.524	138.12	98.813	16.948	1.6169e-05	0.014808
286.80	1.7935	1451.1	0.00068912	31.170	31.351	153.51	95.162	168.16	257.41	0.57174	0.00014494	0.057017	0.0028633	157.78	0.0063381	40.372	42.032	190.75	95.586	138.40	98.742	16.946	1.6183e-05	0.014837
286.93	1.7994	1450.0	0.00068966	31.191	31.372	153.58	95.205	168.37	256.78	0.57645	0.00014459	0.056971	0.0028484	158.40	0.0063133	40.377	42.036	190.75	95.648	138.69	98.671	16.945	1.6198e-05	0.014866
287.06	1.8053	1448.9	0.00069019	31.211	31.393	153.65	95.247	168.58	256.14	0.58118	0.00014424	0.056924	0.0028335	159.02	0.0062886	40.383	42.041	190.74	95.710	138.97	98.600	16.943	1.6212e-05	0.014895
287.19	1.8112	1447.7	0.00069073	31.232	31.414	153.72	95.289	168.80	255.51	0.58593	0.00014390	0.056878	0.0028187	159.64	0.0062641	40.388	42.045	190.74	95.771	139.26	98.529	16.941	1.6227e-05	0.014924
287.32	1.8170	1446.6	0.00069127	31.252	31.436	153.80	95.332	169.01	254.88	0.59071	0.00014355	0.056832	0.0028040	160.26	0.0062397	40.393	42.049	190.74	95.833	139.54	98.457	16.940	1.6241e-05	0.014953
287.45	1.8229	1445.5	0.00069181	31.273	31.457	153.87	95.374	169.22	254.24	0.59550	0.00014321	0.056785	0.0027893	160.89	0.0062155	40.398	42.053	190.73	95.894	139.83	98.386	16.939	1.6256e-05	0.014982
287.58	1.8288	1444.4	0.00069235	31.293	31.478	153.94	95.416	169.43	253.61	0.60033	0.00014287	0.056739	0.0027746	161.51	0.0061914	40.403	42.057	190.73	95.956	140.12	98.314	16.937	1.6270e-05	0.015011
287.70	1.8346	1443.2	0.00069289	31.313	31.499	154.01	95.458	169.65	252.98	0.60517	0.00014253	0.056693	0.0027600	162.14	0.0061675	40.408	42.061	190.72	96.017	140.41	98.243	16.936	1.6285e-05	0.015041
287.83	1.8405	1442.1	0.00069344	31.334	31.520	154.08	95.501	169.86	252.35	0.61004	0.00014219	0.056647	0.0027455	162.77	0.0061437	40.413	42.065	190.72	96.079	140.70	98.171	16.935	1.6299e-05	0.015070
287.96	1.8464	1441.0	0.00069398	31.354	31.541	154.15	95.543	170.08	251.73	0.61493	0.00014186	0.056601	0.0027310	163.40	0.0061201	40.419	42.069	190.71	96.140	140.99	98.099	16.934	1.6314e-05	0.015100
288.09	1.8523	1439.8	0.00069452	31.374	31.562	154.22	95.585	170.30	251.10	0.61985	0.00014152	0.056555	0.0027165	164.03	0.0060965	40.424	42.073	190.71	96.201	141.29	98.028	16.933	1.6329e-05	0.015129
288.21	1.8581	1438.7	0.00069507	31.395	31.583	154.29	95.628	170.52	250.48	0.62479	0.00014119	0.056509	0.0027021	164.66	0.0060732	40.429	42.077	190.70	96.262	141.59	97.956	16.932	1.6344e-05	0.015159
288.34	1.8640	1437.6	0.00069562	31.415	31.604	154.37	95.670	170.74	249.85	0.62976	0.00014085	0.056464	0.0026878	165.29	0.0060499	40.434	42.081	190.70	96.323	141.88	97.884	16.931	1.6358e-05	0.015188
288.47	1.8699	1436.4	0.00069616	31.435	31.625	154.44	95.712	170.96	249.23	0.63475	0.00014052	0.056418	0.0026735	165.93	0.0060268	40.438	42.084	190.69	96.384	142.18	97.812	16.930	1.6373e-05	0.015218
288.59	1.8758	1435.3	0.00069671	31.455	31.646	154.51	95.755	171.18	248.61	0.63977	0.00014019	0.056372	0.0026592	166.56	0.0060038	40.443	42.088	190.69	96.445	142.48	97.740	16.929	1.6388e-05	0.015248
288.72	1.8816	1434.2	0.00069726	31.475	31.667	154.58	95.797	171.40	247.98	0.64481	0.00013986	0.056327	0.0026450	167.20	0.0059810	40.448	42.092	190.68	96.506	142.79	97.668	16.928	1.6403e-05	0.015278
288.84	1.8875	1433.1	0.00069781	31.495	31.688	154.65	95.839	171.63	247.36	0.64987	0.00013953	0.056281	0.0026309	167.84	0.0059582	40.453	42.096	190.68	96.567	143.09	97.596	16.927	1.6418e-05	0.015308
288.97	1.8934	1431.9	0.00069836	31.516	31.709	154.72	95.882	171.85	246.74	0.65497	0.00013920	0.056236	0.0026168	168.47	0.0059356	40.458	42.099	190.67	96.627	143.40	97.523	16.927	1.6433e-05	0.015338
289.09	1.8992	1430.8	0.00069891	31.536	31.729	154.79	95.924	172.08	246.13	0.66008	0.00013888	0.056191	0.0026027	169.11	0.0059132	40.463	42.103	190.67	96.688	143.70	97.451	16.926	1.6448e-05	0.015368
289.22	1.9051	1429.7	0.00069946	31.556	31.750	154.86	95.967	172.30	245.51	0.66523	0.00013855	0.056145	0.0025887	169.76	0.0058908	40.467	42.107	190.66	96.749	144.01	97.379	16.925	1.6463e-05	0.015398
289.34	1.9110	1428.5	0.00070002	31.576	31.771	154.93	96.009	172.53	244.89	0.67040	0.00013823	0.056100	0.0025748	170.40	0.0058686	40.472	42.110	190.66	96.809	144.32	97.306	16.925	1.6478e-05	0.015428
289.47	1.9169	1427.4	0.00070057	31.596	31.792	155.00	96.051	172.76	244.28	0.67560	0.00013790	0.056055	0.0025609	171.04	0.0058465	40.477	42.114	190.65	96.870	144.64	97.234	16.924	1.6493e-05	0.015458
289.59	1.9227	1426.3	0.00070112	31.615	31.812	155.06	96.094	172.99	243.66	0.68082	0.00013758	0.056010	0.0025470	171.69	0.0058245	40.482	42.117	190.65	96.930	144.95	97.161	16.924	1.6508e-05	0.015489
289.71	1.9286	1425.2	0.00070168	31.635	31.833	155.13	96.136	173.22	243.05	0.68607	0.00013726	0.055965	0.0025332	172.33	0.0058027	40.486	42.121	190.64	96.991	145.27	97.089	16.923	1.6523e-05	0.015519
289.84	1.9345	1424.0	0.00070224	31.655	31.854	155.20	96.179	173.45	242.44	0.69135	0.00013694	0.055920	0.0025195	172.98	0.0057809	40.491	42.124	190.64	97.051	145.59	97.016	16.923	1.6539e-05	0.015550
289.96	1.9404	1422.9	0.00070279	31.675	31.874	155.27	96.221	173.69	241.82	0.69665	0.00013662	0.055875	0.0025057	173.63	0.0057593	40.495	42.128	190.63	97.112	145.91	96.943	16.923	1.6554e-05	0.015580
290.08	1.9462	1421.8	0.00070335	31.695	31.895	155.34	96.264	173.92	241.21	0.70198	0.00013630	0.055830	0.0024921	174.28	0.0057378	40.500	42.131	190.63	97.172	146.23	96.870	16.922	1.6569e-05	0.015611
290.20	1.9521	1420.6	0.00070391	31.715	31.915	155.41	96.306	174.16	240.60	0.70734	0.00013599	0.055785	0.0024785	174.93	0.0057165	40.504	42.134	190.62	97.232	146.55	96.798	16.922	1.6585e-05	0.015642
290.33	1.9580	1419.5	0.00070447	31.734	31.936	155.48	96.349	174.40	239.99	0.71273	0.00013567	0.055741	0.0024649	175.59	0.0056952	40.509	42.138	190.62	97.293	146.88	96.725	16.922	1.6600e-05	0.015673
290.45	1.9638	1418.4	0.00070503	31.754	31.956	155.55	96.391	174.63	239.39	0.71815	0.00013536	0.055696	0.0024514	176.24	0.0056740	40.513	42.141	190.61	97.353	147.20	96.652	16.922	1.6615e-05	0.015703
290.57	1.9697	1417.2	0.00070560	31.774	31.977	155.62	96.434	174.87	238.78	0.72359	0.00013504	0.055652	0.0024379	176.90	0.0056530	40.518	42.144	190.61	97.413	147.53	96.579	16.922	1.6631e-05	0.015734
290.69	1.9756	1416.1	0.00070616	31.794	31.997	155.68	96.477	175.11	238.17	0.72907	0.00013473	0.055607	0.0024244	177.55	0.0056321	40.522	42.147	190.60	97.474	147.86	96.505	16.922	1.6647e-05	0.015766
290.81	1.9815	1415.0	0.00070673	31.813	32.018	155.75	96.519	175.36	237.57	0.73457	0.00013442	0.055563	0.0024111	178.21	0.0056113	40.527	42.150	190.60	97.534	148.20	96.432	16.922	1.6662e-05	0.015797
290.93	1.9873	1413.8	0.00070729	31.833	32.038	155.82	96.562	175.60	236.96	0.74010	0.00013411	0.055518	0.0023977	178.87	0.0055906	40.531	42.154	190.59	97.594	148.53	96.359	16.922	1.6678e-05	0.015828
291.05	1.9932	1412.7	0.00070786	31.852	32.059	155.89	96.605	175.84	236.36	0.74567	0.00013380	0.055474	0.0023844	179.53	0.0055700	40.535	42.157	190.58	97.654	148.87	96.286	16.922	1.6693e-05	0.015859
291.17	1.9991	1411.6	0.00070843	31.872	32.079	155.96	96.647	176.09	235.76	0.75126	0.00013349	0.055430	0.0023712	180.20	0.0055495	40.540	42.160	190.58	97.714	149.21	96.212	16.922	1.6709e-05	0.015891
291.29	2.0050	1410.4	0.00070899	31.892	32.099	156.02	96.690	176.34	235.15	0.75688	0.00013318	0.055385	0.0023580	180.86	0.0055291	40.544	42.163	190.57	97.775	149.55	96.139	16.922	1.6725e-05	0.015922
291.41	2.0108	1409.3	0.00070956	31.911	32.120	156.09	96.733	176.59	234.55	0.76253	0.00013288	0.055341	0.0023448	181.53	0.0055089	40.548	42.166	190.57	97.835	149.89	96.065	16.923	1.6741e-05	0.015954
291.53	2.0167	1408.2	0.00071014	31.931	32.140	156.16	96.776	176.84	233.95	0.76821	0.00013257	0.055297	0.0023317	182.19	0.0054887	40.552	42.169	190.56	97.895	150.24	95.992	16.923	1.6757e-05	0.015986
291.65	2.0226	1407.0	0.00071071	31.950	32.160	156.23	96.818	177.09	233.35	0.77393	0.00013227	0.055253	0.0023186	182.86	0.0054686	40.556	42.172	190.55	97.955	150.59	95.918	16.923	1.6772e-05	0.016017
291.77	2.0284	1405.9	0.00071128	31.970	32.180	156.29	96.861	177.34	232.75	0.77967	0.00013196	0.055209	0.0023056	183.53	0.0054487	40.561	42.175	190.55	98.015	150.94	95.844	16.924	1.6788e-05	0.016049
291.89	2.0343	1404.8	0.00071185	31.989	32.201	156.36	96.904	177.59	232.16	0.78545	0.00013166	0.055165	0.0022926	184.20	0.0054288	40.565	42.178	190.54	98.075	151.29	95.771	16.924	1.6804e-05	0.016081
292.00	2.0402	1403.6	0.00071243	32.008	32.221	156.43	96.947	177.85	231.56	0.79125	0.00013136	0.055121	0.0022796	184.87	0.0054091	40.569	42.181	190.54	98.135	151.64	95.697	16.924	1.6820e-05	0.016113
292.12	2.0461	1402.5	0.00071301	32.028	32.241	156.49	96.990	178.11	230.96	0.79709	0.00013106	0.055077	0.0022667	185.55	0.0053894	40.573	42.183	190.53	98.196	152.00	95.623	16.925	1.6837e-05	0.016145
292.24	2.0519	1401.4	0.00071358	32.047	32.261	156.56	97.033	178.36	230.37	0.80296	0.00013076	0.055034	0.0022539	186.22	0.0053699	40.577	42.186	190.52	98.256	152.36	95.549	16.925	1.6853e-05	0.016178
292.36	2.0578	1400.2	0.00071416	32.066	32.281	156.63	97.076	178.62	229.77	0.80887	0.00013046	0.054990	0.0022411	186.90	0.0053505	40.581	42.189	190.52	98.316	152.72	95.475	16.926	1.6869e-05	0.016210
292.47	2.0637	1399.1	0.00071474	32.086	32.301	156.69	97.119	178.88	229.18	0.81481	0.00013016	0.054946	0.0022283	187.58	0.0053311	40.585	42.192	190.51	98.376	153.08	95.401	16.927	1.6885e-05	0.016242
292.59	2.0695	1398.0	0.00071532	32.105	32.321	156.76	97.162	179.15	228.59	0.82078	0.00012986	0.054903	0.0022156	188.26	0.0053119	40.589	42.194	190.50	98.436	153.45	95.327	16.927	1.6901e-05	0.016275
292.71	2.0754	1396.8	0.00071591	32.124	32.341	156.83	97.205	179.41	227.99	0.82678	0.00012956	0.054859	0.0022029	188.94	0.0052927	40.593	42.197	190.50	98.496	153.82	95.252	16.928	1.6918e-05	0.016308
292.83	2.0813	1395.7	0.00071649	32.144	32.361	156.89	97.249	179.68	227.40	0.83282	0.00012927	0.054816	0.0021903	189.62	0.0052736	40.596	42.200	190.49	98.557	154.19	95.178	16.929	1.6934e-05	0.016340
292.94	2.0872	1394.6	0.00071707	32.163	32.381	156.96	97.292	179.94	226.81	0.83889	0.00012897	0.054772	0.0021777	190.31	0.0052547	40.600	42.202	190.48	98.617	154.56	95.104	16.929	1.6951e-05	0.016373
293.06	2.0930	1393.4	0.00071766	32.182	32.401	157.03	97.335	180.21	226.22	0.84499	0.00012868	0.054729	0.0021651	190.99	0.0052358	40.604	42.205	190.48	98.677	154.94	95.029	16.930	1.6967e-05	0.016406
293.17	2.0989	1392.3	0.00071825	32.201	32.421	157.09	97.378	180.48	225.63	0.85113	0.00012839	0.054686	0.0021526	191.68	0.0052170	40.608	42.207	190.47	98.737	155.31	94.955	16.931	1.6984e-05	0.016439
293.29	2.1048	1391.1	0.00071884	32.220	32.441	157.16	97.422	180.75	225.04	0.85731	0.00012809	0.054642	0.0021401	192.37	0.0051984	40.612	42.210	190.46	98.798	155.69	94.880	16.932	1.7000e-05	0.016472
293.40	2.1107	1390.0	0.00071942	32.239	32.461	157.22	97.465	181.03	224.45	0.86352	0.00012780	0.054599	0.0021277	193.06	0.0051798	40.615	42.212	190.46	98.858	156.08	94.806	16.933	1.7017e-05	0.016505
293.52	2.1165	1388.9	0.00072002	32.259	32.481	157.29	97.509	181.30	223.87	0.86976	0.00012751	0.054556	0.0021153	193.75	0.0051613	40.619	42.215	190.45	98.919	156.46	94.731	16.934	1.7034e-05	0.016539
293.63	2.1224	1387.7	0.00072061	32.278	32.501	157.36	97.552	181.58	223.28	0.87604	0.00012722	0.054513	0.0021029	194.44	0.0051429	40.623	42.217	190.44	98.979	156.85	94.656	16.935	1.7050e-05	0.016572
293.75	2.1283	1386.6	0.00072120	32.297	32.521	157.42	97.596	181.86	222.70	0.88236	0.00012693	0.054470	0.0020906	195.14	0.0051245	40.626	42.219	190.44	99.039	157.24	94.582	16.936	1.7067e-05	0.016606
293.86	2.1341	1385.4	0.00072180	32.316	32.541	157.49	97.639	182.14	222.11	0.88871	0.00012664	0.054427	0.0020784	195.84	0.0051063	40.630	42.222	190.43	99.100	157.64	94.507	16.937	1.7084e-05	0.016639
293.98	2.1400	1384.3	0.00072239	32.335	32.561	157.55	97.683	182.42	221.53	0.89510	0.00012636	0.054384	0.0020661	196.53	0.0050882	40.634	42.224	190.42	99.160	158.03	94.432	16.938	1.7101e-05	0.016673
294.09	2.1459	1383.1	0.00072299	32.354	32.580	157.62	97.727	182.70	220.94	0.90153	0.00012607	0.054341	0.0020540	197.23	0.0050701	40.637	42.226	190.42	99.221	158.43	94.357	16.939	1.7118e-05	0.016707
294.20	2.1518	1382.0	0.00072359	32.373	32.600	157.68	97.770	182.99	220.36	0.90800	0.00012578	0.054298	0.0020418	197.94	0.0050521	40.641	42.229	190.41	99.281	158.83	94.282	16.940	1.7135e-05	0.016741
294.32	2.1576	1380.9	0.00072419	32.392	32.620	157.75	97.814	183.27	219.78	0.91450	0.00012550	0.054255	0.0020297	198.64	0.0050343	40.644	42.231	190.40	99.342	159.24	94.207	16.941	1.7152e-05	0.016775
294.43	2.1635	1379.7	0.00072479	32.411	32.640	157.81	97.858	183.56	219.20	0.92104	0.00012521	0.054213	0.0020177	199.34	0.0050165	40.648	42.233	190.39	99.403	159.65	94.131	16.943	1.7170e-05	0.016809
294.54	2.1694	1378.6	0.00072539	32.430	32.659	157.88	97.902	183.85	218.61	0.92762	0.00012493	0.054170	0.0020056	200.05	0.0049987	40.651	42.235	190.39	99.464	160.06	94.056	16.944	1.7187e-05	0.016843
294.66	2.1753	1377.4	0.00072599	32.449	32.679	157.94	97.946	184.14	218.03	0.93424	0.00012465	0.054127	0.0019937	200.76	0.0049811	40.655	42.237	190.38	99.524	160.47	93.981	16.945	1.7204e-05	0.016877
294.77	2.1811	1376.3	0.00072660	32.467	32.699	158.01	97.990	184.44	217.45	0.94090	0.00012437	0.054085	0.0019817	201.47	0.0049636	40.658	42.239	190.37	99.585	160.89	93.906	16.947	1.7221e-05	0.016912
294.88	2.1870	1375.1	0.00072721	32.486	32.719	158.07	98.034	184.73	216.88	0.94760	0.00012408	0.054042	0.0019698	202.18	0.0049461	40.661	42.241	190.36	99.646	161.31	93.830	16.948	1.7239e-05	0.016947
294.99	2.1929	1374.0	0.00072781	32.505	32.738	158.14	98.078	185.03	216.30	0.95434	0.00012380	0.054000	0.0019579	202.89	0.0049287	40.665	42.243	190.36	99.707	161.73	93.755	16.949	1.7256e-05	0.016981
295.10	2.1987	1372.8	0.00072842	32.524	32.758	158.20	98.123	185.33	215.72	0.96111	0.00012352	0.053957	0.0019461	203.61	0.0049114	40.668	42.245	190.35	99.768	162.15	93.679	16.951	1.7274e-05	0.017016
295.22	2.2046	1371.7	0.00072903	32.543	32.778	158.27	98.167	185.63	215.14	0.96793	0.00012324	0.053915	0.0019343	204.32	0.0048942	40.671	42.247	190.34	99.829	162.58	93.603	16.952	1.7292e-05	0.017051
295.33	2.2105	1370.5	0.00072965	32.562	32.797	158.33	98.211	185.93	214.57	0.97479	0.00012297	0.053873	0.0019226	205.04	0.0048771	40.674	42.249	190.33	99.890	163.01	93.528	16.953	1.7309e-05	0.017086
295.44	2.2164	1369.4	0.00073026	32.580	32.817	158.39	98.256	186.24	213.99	0.98170	0.00012269	0.053830	0.0019109	205.76	0.0048600	40.678	42.251	190.33	99.951	163.45	93.452	16.955	1.7327e-05	0.017121
295.55	2.2222	1368.2	0.00073088	32.599	32.836	158.46	98.300	186.55	213.41	0.98864	0.00012241	0.053788	0.0018992	206.48	0.0048430	40.681	42.253	190.32	100.01	163.89	93.376	16.956	1.7345e-05	0.017156
295.66	2.2281	1367.1	0.00073149	32.618	32.856	158.52	98.345	186.85	212.84	0.99563	0.00012213	0.053746	0.0018876	207.21	0.0048261	40.684	42.255	190.31	100.07	164.33	93.300	16.958	1.7363e-05	0.017192
295.77	2.2340	1365.9	0.00073211	32.637	32.875	158.59	98.389	187.17	212.27	1.0027	0.00012186	0.053704	0.0018760	207.93	0.0048093	40.687	42.256	190.30	100.14	164.78	93.224	16.960	1.7381e-05	0.017227
295.88	2.2399	1364.8	0.00073273	32.655	32.895	158.65	98.434	187.48	211.69	1.0097	0.00012158	0.053662	0.0018644	208.66	0.0047925	40.690	42.258	190.29	100.20	165.22	93.148	16.961	1.7399e-05	0.017263
295.99	2.2457	1363.6	0.00073335	32.674	32.914	158.71	98.479	187.79	211.12	1.0168	0.00012131	0.053620	0.0018529	209.39	0.0047758	40.693	42.260	190.29	100.26	165.68	93.072	16.963	1.7417e-05	0.017299
296.10	2.2516	1362.4	0.00073397	32.693	32.934	158.78	98.524	188.11	210.55	1.0240	0.00012103	0.053578	0.0018414	210.12	0.0047592	40.696	42.261	190.28	100.32	166.13	92.996	16.964	1.7435e-05	0.017335
296.21	2.2575	1361.3	0.00073460	32.711	32.953	158.84	98.569	188.43	209.98	1.0312	0.00012076	0.053536	0.0018300	210.85	0.0047427	40.699	42.263	190.27	100.38	166.59	92.920	16.966	1.7453e-05	0.017371
296.32	2.2633	1360.1	0.00073523	32.730	32.973	158.90	98.614	188.75	209.40	1.0385	0.00012049	0.053494	0.0018186	211.58	0.0047262	40.702	42.265	190.26	100.44	167.05	92.844	16.968	1.7471e-05	0.017407
296.43	2.2692	1359.0	0.00073585	32.748	32.992	158.97	98.659	189.08	208.83	1.0458	0.00012022	0.053452	0.0018072	212.32	0.0047099	40.705	42.266	190.25	100.51	167.52	92.768	16.969	1.7490e-05	0.017443
296.54	2.2751	1357.8	0.00073648	32.767	33.012	159.03	98.704	189.40	208.26	1.0531	0.00011994	0.053410	0.0017959	213.06	0.0046936	40.708	42.268	190.25	100.57	167.99	92.691	16.971	1.7508e-05	0.017479
296.64	2.2810	1356.6	0.00073711	32.786	33.031	159.09	98.749	189.73	207.69	1.0605	0.00011967	0.053369	0.0017846	213.80	0.0046773	40.711	42.269	190.24	100.63	168.46	92.615	16.973	1.7527e-05	0.017516
296.75	2.2868	1355.5	0.00073774	32.804	33.051	159.16	98.794	190.06	207.13	1.0679	0.00011940	0.053327	0.0017734	214.54	0.0046612	40.714	42.271	190.23	100.69	168.94	92.538	16.975	1.7545e-05	0.017553
296.86	2.2927	1354.3	0.00073838	32.823	33.070	159.22	98.840	190.40	206.56	1.0754	0.00011913	0.053285	0.0017622	215.28	0.0046451	40.717	42.272	190.22	100.75	169.42	92.462	16.976	1.7564e-05	0.017589
296.97	2.2986	1353.2	0.00073901	32.841	33.089	159.28	98.885	190.73	205.99	1.0829	0.00011886	0.053244	0.0017510	216.03	0.0046290	40.720	42.274	190.21	100.82	169.90	92.385	16.978	1.7583e-05	0.017626
297.08	2.3045	1352.0	0.00073965	32.860	33.109	159.35	98.931	191.07	205.42	1.0905	0.00011860	0.053202	0.0017399	216.78	0.0046131	40.722	42.275	190.20	100.88	170.39	92.308	16.980	1.7601e-05	0.017663
297.18	2.3103	1350.8	0.00074029	32.878	33.128	159.41	98.976	191.41	204.86	1.0981	0.00011833	0.053161	0.0017288	217.52	0.0045972	40.725	42.276	190.19	100.94	170.89	92.232	16.982	1.7620e-05	0.017700
297.29	2.3162	1349.7	0.00074093	32.897	33.147	159.47	99.022	191.75	204.29	1.1058	0.00011806	0.053119	0.0017177	218.28	0.0045814	40.728	42.278	190.18	101.00	171.38	92.155	16.984	1.7639e-05	0.017738
297.40	2.3221	1348.5	0.00074157	32.915	33.167	159.54	99.068	192.10	203.72	1.1135	0.00011779	0.053078	0.0017067	219.03	0.0045656	40.731	42.279	190.18	101.07	171.88	92.078	16.986	1.7658e-05	0.017775
297.51	2.3279	1347.3	0.00074222	32.934	33.186	159.60	99.114	192.44	203.16	1.1213	0.00011753	0.053037	0.0016957	219.78	0.0045499	40.733	42.280	190.17	101.13	172.39	92.001	16.988	1.7677e-05	0.017813
297.61	2.3338	1346.1	0.00074286	32.952	33.205	159.66	99.160	192.79	202.59	1.1291	0.00011726	0.052995	0.0016847	220.54	0.0045343	40.736	42.281	190.16	101.19	172.90	91.924	16.989	1.7697e-05	0.017851
297.72	2.3397	1345.0	0.00074351	32.970	33.225	159.72	99.206	193.15	202.03	1.1370	0.00011700	0.052954	0.0016738	221.30	0.0045188	40.738	42.283	190.15	101.25	173.41	91.847	16.991	1.7716e-05	0.017888
297.83	2.3456	1343.8	0.00074416	32.989	33.244	159.79	99.252	193.50	201.46	1.1449	0.00011673	0.052913	0.0016629	222.06	0.0045033	40.741	42.284	190.14	101.32	173.93	91.770	16.993	1.7735e-05	0.017926
297.93	2.3514	1342.6	0.00074481	33.007	33.263	159.85	99.299	193.86	200.90	1.1529	0.00011647	0.052872	0.0016521	222.82	0.0044879	40.743	42.285	190.13	101.38	174.45	91.693	16.995	1.7755e-05	0.017965
298.04	2.3573	1341.4	0.00074546	33.026	33.282	159.91	99.345	194.22	200.34	1.1609	0.00011620	0.052831	0.0016412	223.59	0.0044725	40.746	42.286	190.12	101.44	174.97	91.616	16.997	1.7774e-05	0.018003
298.14	2.3632	1340.3	0.00074612	33.044	33.301	159.97	99.392	194.58	199.78	1.1690	0.00011594	0.052790	0.0016305	224.36	0.0044572	40.748	42.287	190.11	101.51	175.51	91.538	16.999	1.7794e-05	0.018041
298.25	2.3691	1339.1	0.00074678	33.062	33.321	160.04	99.438	194.95	199.21	1.1771	0.00011568	0.052749	0.0016197	225.12	0.0044420	40.751	42.288	190.10	101.57	176.04	91.461	17.001	1.7813e-05	0.018080
298.35	2.3749	1337.9	0.00074743	33.081	33.340	160.10	99.485	195.32	198.65	1.1853	0.00011542	0.052708	0.0016090	225.90	0.0044268	40.753	42.289	190.09	101.63	176.58	91.383	17.003	1.7833e-05	0.018119
298.46	2.3808	1336.7	0.00074809	33.099	33.359	160.16	99.532	195.69	198.09	1.1936	0.00011516	0.052667	0.0015983	226.67	0.0044117	40.756	42.290	190.08	101.70	177.12	91.306	17.005	1.7853e-05	0.018157
298.56	2.3867	1335.5	0.00074876	33.117	33.378	160.22	99.579	196.06	197.53	1.2019	0.00011489	0.052626	0.0015877	227.44	0.0043967	40.758	42.291	190.07	101.76	177.67	91.228	17.007	1.7873e-05	0.018196
298.67	2.3925	1334.4	0.00074942	33.136	33.397	160.28	99.626	196.44	196.97	1.2102	0.00011463	0.052585	0.0015771	228.22	0.0043817	40.760	42.292	190.06	101.83	178.23	91.151	17.009	1.7893e-05	0.018236
298.77	2.3984	1333.2	0.00075009	33.154	33.417	160.35	99.673	196.82	196.41	1.2186	0.00011437	0.052544	0.0015665	229.00	0.0043668	40.763	42.292	190.05	101.89	178.79	91.073	17.011	1.7913e-05	0.018275
298.88	2.4043	1332.0	0.00075075	33.172	33.436	160.41	99.720	197.20	195.85	1.2271	0.00011411	0.052504	0.0015560	229.78	0.0043519	40.765	42.293	190.04	101.95	179.35	90.995	17.013	1.7933e-05	0.018314
298.98	2.4102	1330.8	0.00075142	33.190	33.455	160.47	99.767	197.59	195.29	1.2356	0.00011386	0.052463	0.0015455	230.57	0.0043371	40.767	42.294	190.03	102.02	179.92	90.917	17.016	1.7953e-05	0.018354
299.09	2.4160	1329.6	0.00075210	33.209	33.474	160.53	99.815	197.98	194.74	1.2442	0.00011360	0.052422	0.0015351	231.35	0.0043224	40.769	42.295	190.02	102.08	180.49	90.840	17.018	1.7974e-05	0.018394
299.19	2.4219	1328.4	0.00075277	33.227	33.493	160.59	99.862	198.37	194.18	1.2529	0.00011334	0.052382	0.0015246	232.14	0.0043077	40.772	42.295	190.01	102.15	181.07	90.762	17.020	1.7994e-05	0.018434
299.29	2.4278	1327.2	0.00075345	33.245	33.512	160.66	99.910	198.76	193.62	1.2616	0.00011308	0.052341	0.0015142	232.93	0.0042931	40.774	42.296	190.00	102.21	181.65	90.684	17.022	1.8015e-05	0.018474
299.40	2.4337	1326.0	0.00075412	33.263	33.531	160.72	99.958	199.16	193.06	1.2703	0.00011282	0.052301	0.0015039	233.72	0.0042785	40.776	42.297	189.99	102.28	182.24	90.606	17.024	1.8035e-05	0.018514
299.50	2.4395	1324.8	0.00075480	33.281	33.550	160.78	100.01	199.56	192.51	1.2792	0.00011257	0.052261	0.0014936	234.52	0.0042640	40.778	42.297	189.98	102.34	182.84	90.527	17.026	1.8056e-05	0.018555
299.60	2.4454	1323.7	0.00075549	33.300	33.569	160.84	100.05	199.97	191.95	1.2881	0.00011231	0.052220	0.0014833	235.32	0.0042496	40.780	42.298	189.97	102.41	183.44	90.449	17.028	1.8077e-05	0.018595
299.71	2.4513	1322.5	0.00075617	33.318	33.588	160.90	100.10	200.37	191.39	1.2970	0.00011206	0.052180	0.0014730	236.12	0.0042352	40.782	42.298	189.96	102.47	184.04	90.371	17.030	1.8098e-05	0.018636
299.81	2.4571	1321.3	0.00075686	33.336	33.607	160.96	100.15	200.79	190.84	1.3060	0.00011180	0.052140	0.0014628	236.92	0.0042209	40.784	42.299	189.95	102.54	184.65	90.293	17.032	1.8119e-05	0.018677
299.91	2.4630	1320.1	0.00075755	33.354	33.627	161.02	100.20	201.20	190.28	1.3151	0.00011155	0.052099	0.0014526	237.72	0.0042066	40.786	42.299	189.94	102.60	185.27	90.214	17.035	1.8140e-05	0.018718
300.01	2.4689	1318.9	0.00075824	33.372	33.646	161.09	100.25	201.62	189.73	1.3242	0.00011129	0.052059	0.0014425	238.53	0.0041924	40.788	42.300	189.93	102.67	185.89	90.136	17.037	1.8161e-05	0.018760
300.11	2.4748	1317.6	0.00075893	33.390	33.665	161.15	100.30	202.04	189.17	1.3334	0.00011104	0.052019	0.0014324	239.34	0.0041782	40.790	42.300	189.92	102.74	186.52	90.057	17.039	1.8182e-05	0.018801
300.22	2.4806	1316.4	0.00075962	33.408	33.684	161.21	100.35	202.46	188.62	1.3427	0.00011078	0.051979	0.0014223	240.15	0.0041641	40.792	42.300	189.91	102.80	187.15	89.979	17.041	1.8204e-05	0.018843
300.32	2.4865	1315.2	0.00076032	33.426	33.703	161.27	100.39	202.89	188.07	1.3520	0.00011053	0.051939	0.0014122	240.96	0.0041500	40.793	42.301	189.90	102.87	187.79	89.900	17.043	1.8225e-05	0.018884
300.42	2.4924	1314.0	0.00076102	33.445	33.722	161.33	100.44	203.33	187.51	1.3614	0.00011028	0.051899	0.0014022	241.78	0.0041360	40.795	42.301	189.89	102.94	188.44	89.821	17.045	1.8247e-05	0.018926
300.52	2.4982	1312.8	0.00076172	33.463	33.741	161.39	100.49	203.76	186.96	1.3709	0.00011002	0.051859	0.0013922	242.60	0.0041221	40.797	42.301	189.88	103.00	189.09	89.743	17.047	1.8268e-05	0.018969
300.62	2.5041	1311.6	0.00076243	33.481	33.759	161.45	100.54	204.20	186.41	1.3804	0.00010977	0.051819	0.0013823	243.42	0.0041082	40.799	42.301	189.86	103.07	189.75	89.664	17.050	1.8290e-05	0.019011
300.72	2.5100	1310.4	0.00076313	33.499	33.778	161.51	100.59	204.64	185.86	1.3900	0.00010952	0.051780	0.0013723	244.24	0.0040943	40.800	42.301	189.85	103.14	190.41	89.585	17.052	1.8312e-05	0.019054
300.82	2.5159	1309.2	0.00076384	33.517	33.797	161.57	100.64	205.09	185.30	1.3997	0.00010927	0.051740	0.0013625	245.07	0.0040805	40.802	42.301	189.84	103.20	191.08	89.506	17.054	1.8334e-05	0.019096
300.92	2.5217	1308.0	0.00076455	33.535	33.816	161.63	100.69	205.54	184.75	1.4095	0.00010902	0.051700	0.0013526	245.89	0.0040668	40.804	42.302	189.83	103.27	191.76	89.427	17.056	1.8356e-05	0.019139
301.02	2.5276	1306.7	0.00076526	33.553	33.835	161.69	100.74	206.00	184.20	1.4193	0.00010877	0.051661	0.0013428	246.72	0.0040531	40.805	42.302	189.82	103.34	192.44	89.348	17.058	1.8378e-05	0.019182
301.12	2.5335	1305.5	0.00076598	33.571	33.854	161.76	100.79	206.46	183.65	1.4292	0.00010852	0.051621	0.0013330	247.56	0.0040395	40.807	42.302	189.81	103.41	193.13	89.269	17.060	1.8401e-05	0.019226
301.22	2.5394	1304.3	0.00076670	33.589	33.873	161.82	100.84	206.92	183.10	1.4391	0.00010827	0.051582	0.0013233	248.39	0.0040259	40.808	42.302	189.80	103.47	193.83	89.189	17.062	1.8423e-05	0.019269
301.32	2.5452	1303.1	0.00076742	33.607	33.892	161.88	100.89	207.39	182.55	1.4492	0.00010802	0.051542	0.0013135	249.23	0.0040123	40.810	42.301	189.78	103.54	194.54	89.110	17.065	1.8446e-05	0.019313
301.42	2.5511	1301.8	0.00076814	33.625	33.911	161.94	100.94	207.86	182.00	1.4593	0.00010777	0.051503	0.0013039	250.07	0.0039988	40.811	42.301	189.77	103.61	195.25	89.031	17.067	1.8468e-05	0.019357
301.52	2.5570	1300.6	0.00076887	33.643	33.930	162.00	100.99	208.33	181.45	1.4695	0.00010752	0.051463	0.0012942	250.92	0.0039854	40.813	42.301	189.76	103.68	195.97	88.951	17.069	1.8491e-05	0.019401
301.62	2.5628	1299.4	0.00076959	33.661	33.949	162.06	101.04	208.81	180.90	1.4797	0.00010727	0.051424	0.0012846	251.76	0.0039720	40.814	42.301	189.75	103.75	196.69	88.872	17.071	1.8514e-05	0.019445
301.72	2.5687	1298.2	0.00077032	33.679	33.968	162.12	101.10	209.30	180.35	1.4901	0.00010702	0.051385	0.0012750	252.61	0.0039586	40.816	42.301	189.74	103.81	197.43	88.792	17.073	1.8537e-05	0.019490
301.82	2.5746	1296.9	0.00077106	33.697	33.987	162.18	101.15	209.79	179.80	1.5005	0.00010677	0.051346	0.0012654	253.46	0.0039453	40.817	42.301	189.73	103.88	198.17	88.713	17.075	1.8560e-05	0.019534
301.92	2.5805	1295.7	0.00077179	33.715	34.005	162.24	101.20	210.28	179.25	1.5110	0.00010652	0.051307	0.0012559	254.32	0.0039321	40.818	42.300	189.71	103.95	198.91	88.633	17.077	1.8583e-05	0.019579
302.02	2.5863	1294.4	0.00077253	33.733	34.024	162.30	101.25	210.78	178.71	1.5216	0.00010628	0.051267	0.0012464	255.18	0.0039189	40.820	42.300	189.70	104.02	199.67	88.553	17.079	1.8606e-05	0.019624
302.12	2.5922	1293.2	0.00077327	33.750	34.043	162.36	101.30	211.28	178.16	1.5322	0.00010603	0.051228	0.0012370	256.04	0.0039057	40.821	42.299	189.69	104.09	200.43	88.474	17.081	1.8630e-05	0.019670
302.21	2.5981	1292.0	0.00077402	33.768	34.062	162.42	101.35	211.79	177.61	1.5430	0.00010578	0.051189	0.0012275	256.90	0.0038926	40.822	42.299	189.68	104.16	201.21	88.394	17.083	1.8653e-05	0.019715
302.31	2.6040	1290.7	0.00077476	33.786	34.081	162.48	101.41	212.30	177.06	1.5538	0.00010554	0.051151	0.0012181	257.76	0.0038795	40.823	42.299	189.66	104.23	201.99	88.314	17.085	1.8677e-05	0.019761
302.41	2.6098	1289.5	0.00077551	33.804	34.100	162.54	101.46	212.82	176.52	1.5647	0.00010529	0.051112	0.0012088	258.63	0.0038665	40.824	42.298	189.65	104.30	202.77	88.234	17.087	1.8701e-05	0.019807
302.51	2.6157	1288.2	0.00077626	33.822	34.119	162.60	101.51	213.34	175.97	1.5757	0.00010504	0.051073	0.0011994	259.50	0.0038535	40.825	42.298	189.64	104.37	203.57	88.154	17.089	1.8725e-05	0.019853
302.61	2.6216	1287.0	0.00077702	33.840	34.138	162.66	101.56	213.87	175.42	1.5867	0.00010480	0.051034	0.0011901	260.38	0.0038406	40.826	42.297	189.63	104.44	204.38	88.074	17.091	1.8749e-05	0.019900
302.70	2.6274	1285.7	0.00077777	33.858	34.156	162.72	101.62	214.40	174.88	1.5979	0.00010455	0.050996	0.0011809	261.25	0.0038277	40.827	42.296	189.61	104.51	205.19	87.994	17.093	1.8773e-05	0.019946
302.80	2.6333	1284.5	0.00077853	33.876	34.175	162.78	101.67	214.93	174.33	1.6092	0.00010431	0.050957	0.0011716	262.13	0.0038148	40.828	42.296	189.60	104.58	206.01	87.913	17.095	1.8797e-05	0.019993
302.90	2.6392	1283.2	0.00077930	33.894	34.194	162.84	101.72	215.48	173.78	1.6205	0.00010406	0.050919	0.0011624	263.02	0.0038020	40.829	42.295	189.59	104.65	206.84	87.833	17.097	1.8822e-05	0.020040
302.99	2.6451	1281.9	0.00078006	33.912	34.213	162.90	101.77	216.03	173.24	1.6319	0.00010382	0.050880	0.0011532	263.90	0.0037893	40.830	42.294	189.57	104.73	207.68	87.753	17.099	1.8846e-05	0.020088
303.09	2.6509	1280.7	0.00078083	33.929	34.232	162.96	101.83	216.58	172.69	1.6434	0.00010357	0.050842	0.0011441	264.79	0.0037766	40.831	42.294	189.56	104.80	208.53	87.672	17.101	1.8871e-05	0.020135
303.19	2.6568	1279.4	0.00078160	33.947	34.251	163.02	101.88	217.14	172.15	1.6551	0.00010333	0.050803	0.0011350	265.68	0.0037639	40.832	42.293	189.55	104.87	209.39	87.592	17.103	1.8896e-05	0.020183
303.28	2.6627	1278.2	0.00078238	33.965	34.269	163.08	101.94	217.70	171.60	1.6668	0.00010309	0.050765	0.0011259	266.58	0.0037512	40.833	42.292	189.53	104.94	210.26	87.511	17.105	1.8921e-05	0.020231
303.38	2.6686	1276.9	0.00078316	33.983	34.288	163.14	101.99	218.27	171.06	1.6786	0.00010284	0.050727	0.0011169	267.48	0.0037387	40.834	42.291	189.52	105.01	211.14	87.430	17.106	1.8946e-05	0.020280
303.48	2.6744	1275.6	0.00078394	34.001	34.307	163.20	102.04	218.85	170.51	1.6904	0.00010260	0.050689	0.0011078	268.38	0.0037261	40.835	42.290	189.51	105.09	212.03	87.350	17.108	1.8971e-05	0.020328
303.57	2.6803	1274.3	0.00078472	34.019	34.326	163.26	102.10	219.43	169.97	1.7024	0.00010235	0.050651	0.0010989	269.28	0.0037136	40.835	42.289	189.49	105.16	212.92	87.269	17.110	1.8996e-05	0.020377
303.67	2.6862	1273.1	0.00078551	34.037	34.345	163.32	102.15	220.02	169.42	1.7145	0.00010211	0.050613	0.0010899	270.19	0.0037011	40.836	42.288	189.48	105.23	213.83	87.188	17.112	1.9022e-05	0.020426
303.76	2.6920	1271.8	0.00078630	34.054	34.363	163.38	102.21	220.61	168.88	1.7267	0.00010187	0.050575	0.0010810	271.10	0.0036887	40.837	42.287	189.46	105.31	214.75	87.107	17.113	1.9047e-05	0.020476
303.86	2.6979	1270.5	0.00078709	34.072	34.382	163.44	102.26	221.21	168.34	1.7390	0.00010163	0.050537	0.0010721	272.01	0.0036763	40.837	42.286	189.45	105.38	215.68	87.026	17.115	1.9073e-05	0.020525
303.95	2.7038	1269.2	0.00078789	34.090	34.401	163.50	102.32	221.82	167.79	1.7514	0.00010138	0.050499	0.0010632	272.93	0.0036639	40.838	42.285	189.44	105.45	216.62	86.945	17.117	1.9099e-05	0.020575
304.05	2.7097	1267.9	0.00078869	34.108	34.420	163.56	102.38	222.43	167.25	1.7639	0.00010114	0.050461	0.0010544	273.85	0.0036516	40.838	42.283	189.42	105.53	217.57	86.864	17.118	1.9125e-05	0.020625
304.14	2.7155	1266.6	0.00078949	34.126	34.439	163.62	102.43	223.05	166.71	1.7765	0.00010090	0.050424	0.0010456	274.77	0.0036394	40.839	42.282	189.41	105.60	218.53	86.783	17.120	1.9151e-05	0.020676
304.24	2.7214	1265.3	0.00079030	34.143	34.458	163.68	102.49	223.68	166.16	1.7892	0.00010066	0.050386	0.0010368	275.70	0.0036271	40.839	42.281	189.39	105.68	219.51	86.702	17.122	1.9178e-05	0.020726
304.33	2.7273	1264.1	0.00079111	34.161	34.476	163.74	102.54	224.31	165.62	1.8020	0.00010041	0.050349	0.0010281	276.63	0.0036149	40.840	42.280	189.38	105.75	220.49	86.620	17.123	1.9204e-05	0.020777
304.43	2.7332	1262.8	0.00079192	34.179	34.495	163.80	102.60	224.95	165.08	1.8149	0.00010017	0.050311	0.0010194	277.56	0.0036028	40.840	42.278	189.36	105.83	221.49	86.539	17.125	1.9231e-05	0.020829
304.52	2.7390	1261.5	0.00079274	34.197	34.514	163.86	102.66	225.60	164.54	1.8279	9.9931e-05	0.050274	0.0010107	278.50	0.0035906	40.840	42.277	189.35	105.90	222.50	86.457	17.126	1.9257e-05	0.020880
304.62	2.7449	1260.1	0.00079356	34.215	34.533	163.92	102.71	226.26	163.99	1.8410	9.9690e-05	0.050237	0.0010020	279.44	0.0035786	40.841	42.275	189.33	105.98	223.52	86.376	17.128	1.9284e-05	0.020932
304.71	2.7508	1258.8	0.00079438	34.233	34.552	163.98	102.77	226.92	163.45	1.8543	9.9449e-05	0.050200	0.00099343	280.39	0.0035665	40.841	42.274	189.32	106.05	224.55	86.294	17.129	1.9312e-05	0.020984
304.80	2.7566	1257.5	0.00079521	34.250	34.570	164.04	102.83	227.59	162.91	1.8676	9.9207e-05	0.050163	0.00098485	281.33	0.0035545	40.841	42.272	189.30	106.13	225.60	86.213	17.130	1.9339e-05	0.021037
304.90	2.7625	1256.2	0.00079604	34.268	34.589	164.10	102.89	228.26	162.37	1.8811	9.8966e-05	0.050126	0.00097629	282.29	0.0035425	40.841	42.271	189.29	106.21	226.65	86.131	17.132	1.9366e-05	0.021089
304.99	2.7684	1254.9	0.00079687	34.286	34.608	164.15	102.95	228.95	161.83	1.8947	9.8726e-05	0.050089	0.00096776	283.24	0.0035306	40.842	42.269	189.27	106.28	227.73	86.049	17.133	1.9394e-05	0.021142
305.08	2.7743	1253.6	0.00079771	34.304	34.627	164.21	103.00	229.64	161.28	1.9084	9.8485e-05	0.050052	0.00095927	284.20	0.0035187	40.842	42.267	189.26	106.36	228.81	85.967	17.134	1.9422e-05	0.021196
305.18	2.7801	1252.3	0.00079855	34.322	34.646	164.27	103.06	230.34	160.74	1.9222	9.8244e-05	0.050015	0.00095080	285.16	0.0035068	40.842	42.266	189.24	106.44	229.91	85.885	17.135	1.9449e-05	0.021249
305.27	2.7860	1250.9	0.00079940	34.339	34.665	164.33	103.12	231.05	160.20	1.9362	9.8004e-05	0.049978	0.00094237	286.13	0.0034949	40.842	42.264	189.23	106.52	231.02	85.803	17.137	1.9478e-05	0.021303
305.36	2.7919	1249.6	0.00080025	34.357	34.683	164.39	103.18	231.77	159.66	1.9502	9.7763e-05	0.049942	0.00093396	287.10	0.0034831	40.842	42.262	189.21	106.60	232.15	85.721	17.138	1.9506e-05	0.021358
305.45	2.7978	1248.3	0.00080110	34.375	34.702	164.45	103.24	232.49	159.12	1.9644	9.7523e-05	0.049905	0.00092558	288.07	0.0034714	40.842	42.260	189.20	106.67	233.29	85.639	17.139	1.9534e-05	0.021412
305.55	2.8036	1246.9	0.00080196	34.393	34.721	164.51	103.30	233.23	158.58	1.9787	9.7283e-05	0.049869	0.00091724	289.05	0.0034596	40.842	42.258	189.18	106.75	234.44	85.557	17.140	1.9563e-05	0.021467
305.64	2.8095	1245.6	0.00080282	34.411	34.740	164.57	103.36	233.97	158.04	1.9932	9.7043e-05	0.049832	0.00090892	290.03	0.0034479	40.842	42.256	189.16	106.83	235.61	85.475	17.141	1.9592e-05	0.021522
305.73	2.8154	1244.3	0.00080368	34.428	34.759	164.63	103.42	234.72	157.50	2.0077	9.6802e-05	0.049796	0.00090064	291.01	0.0034363	40.841	42.254	189.15	106.91	236.80	85.392	17.142	1.9620e-05	0.021578
305.82	2.8212	1242.9	0.00080455	34.446	34.778	164.69	103.48	235.48	156.96	2.0224	9.6562e-05	0.049760	0.00089238	292.00	0.0034246	40.841	42.252	189.13	106.99	238.00	85.310	17.142	1.9650e-05	0.021634
305.92	2.8271	1241.6	0.00080543	34.464	34.797	164.75	103.54	236.25	156.42	2.0373	9.6323e-05	0.049724	0.00088416	293.00	0.0034130	40.841	42.250	189.11	107.07	239.22	85.227	17.143	1.9679e-05	0.021690
306.01	2.8330	1240.2	0.00080630	34.482	34.815	164.81	103.60	237.03	155.88	2.0523	9.6083e-05	0.049688	0.00087596	293.99	0.0034014	40.841	42.248	189.10	107.15	240.45	85.145	17.144	1.9708e-05	0.021747
306.10	2.8389	1238.9	0.00080718	34.500	34.834	164.87	103.66	237.82	155.34	2.0674	9.5843e-05	0.049652	0.00086780	294.99	0.0033899	40.840	42.246	189.08	107.23	241.70	85.062	17.145	1.9738e-05	0.021804
306.19	2.8447	1237.5	0.00080807	34.517	34.853	164.93	103.72	238.62	154.79	2.0826	9.5603e-05	0.049617	0.00085966	296.00	0.0033784	40.840	42.244	189.06	107.31	242.97	84.979	17.145	1.9768e-05	0.021861
306.28	2.8506	1236.2	0.00080896	34.535	34.872	164.99	103.79	239.43	154.25	2.0980	9.5363e-05	0.049581	0.00085155	297.01	0.0033669	40.840	42.241	189.05	107.40	244.25	84.897	17.146	1.9798e-05	0.021919
306.37	2.8565	1234.8	0.00080985	34.553	34.891	165.05	103.85	240.25	153.71	2.1135	9.5124e-05	0.049545	0.00084348	298.02	0.0033554	40.839	42.239	189.03	107.48	245.55	84.814	17.146	1.9828e-05	0.021977
306.46	2.8623	1233.4	0.00081075	34.571	34.910	165.11	103.91	241.08	153.17	2.1292	9.4884e-05	0.049510	0.00083543	299.04	0.0033440	40.839	42.237	189.01	107.56	246.87	84.731	17.147	1.9859e-05	0.022036
306.55	2.8682	1232.0	0.00081166	34.589	34.929	165.16	103.97	241.92	152.63	2.1450	9.4644e-05	0.049475	0.00082741	300.06	0.0033326	40.838	42.234	189.00	107.64	248.21	84.648	17.147	1.9889e-05	0.022094
306.65	2.8741	1230.7	0.00081256	34.606	34.948	165.22	104.04	242.77	152.09	2.1610	9.4405e-05	0.049439	0.00081942	301.09	0.0033213	40.838	42.232	188.98	107.73	249.56	84.565	17.148	1.9920e-05	0.022154
306.74	2.8800	1229.3	0.00081348	34.624	34.967	165.28	104.10	243.63	151.55	2.1771	9.4165e-05	0.049404	0.00081147	302.12	0.0033099	40.837	42.229	188.96	107.81	250.94	84.481	17.148	1.9951e-05	0.022213
306.83	2.8858	1227.9	0.00081439	34.642	34.985	165.34	104.16	244.51	151.02	2.1933	9.3925e-05	0.049369	0.00080354	303.16	0.0032986	40.836	42.227	188.94	107.89	252.33	84.398	17.148	1.9982e-05	0.022273
306.92	2.8917	1226.5	0.00081532	34.660	35.004	165.40	104.23	245.39	150.48	2.2098	9.3686e-05	0.049334	0.00079564	304.20	0.0032873	40.835	42.224	188.92	107.98	253.75	84.315	17.148	2.0014e-05	0.022334
307.01	2.8976	1225.1	0.00081624	34.678	35.023	165.46	104.29	246.29	149.94	2.2263	9.3446e-05	0.049300	0.00078777	305.24	0.0032761	40.835	42.221	188.91	108.06	255.18	84.231	17.148	2.0045e-05	0.022395
307.10	2.9035	1223.7	0.00081717	34.696	35.042	165.52	104.36	247.20	149.40	2.2431	9.3207e-05	0.049265	0.00077993	306.29	0.0032649	40.834	42.218	188.89	108.15	256.63	84.148	17.148	2.0077e-05	0.022456
307.19	2.9093	1222.3	0.00081811	34.714	35.061	165.58	104.42	248.12	148.86	2.2600	9.2967e-05	0.049230	0.00077212	307.34	0.0032537	40.833	42.216	188.87	108.23	258.11	84.064	17.148	2.0109e-05	0.022518
307.28	2.9152	1220.9	0.00081905	34.731	35.080	165.64	104.49	249.05	148.32	2.2770	9.2727e-05	0.049196	0.00076434	308.40	0.0032425	40.832	42.213	188.85	108.32	259.61	83.981	17.148	2.0141e-05	0.022580
307.37	2.9211	1219.5	0.00082000	34.749	35.099	165.70	104.56	250.00	147.78	2.2942	9.2487e-05	0.049162	0.00075659	309.47	0.0032314	40.831	42.210	188.83	108.41	261.13	83.897	17.148	2.0174e-05	0.022642
307.45	2.9269	1218.1	0.00082095	34.767	35.118	165.76	104.62	250.96	147.24	2.3116	9.2248e-05	0.049128	0.00074887	310.53	0.0032203	40.830	42.207	188.81	108.49	262.67	83.813	17.147	2.0207e-05	0.022705
307.54	2.9328	1216.7	0.00082190	34.785	35.137	165.82	104.69	251.93	146.70	2.3292	9.2008e-05	0.049094	0.00074117	311.61	0.0032092	40.829	42.204	188.80	108.58	264.23	83.730	17.147	2.0240e-05	0.022769
307.63	2.9387	1215.3	0.00082286	34.803	35.156	165.88	104.75	252.92	146.16	2.3469	9.1768e-05	0.049060	0.00073351	312.69	0.0031981	40.828	42.201	188.78	108.67	265.82	83.646	17.146	2.0273e-05	0.022833
307.72	2.9446	1213.8	0.00082383	34.821	35.175	165.94	104.82	253.92	145.62	2.3648	9.1528e-05	0.049026	0.00072588	313.77	0.0031871	40.827	42.198	188.76	108.76	267.44	83.562	17.146	2.0306e-05	0.022897
307.81	2.9504	1212.4	0.00082480	34.839	35.194	166.00	104.89	254.94	145.08	2.3829	9.1288e-05	0.048992	0.00071827	314.86	0.0031761	40.826	42.194	188.74	108.84	269.07	83.477	17.145	2.0340e-05	0.022962
307.90	2.9563	1211.0	0.00082578	34.857	35.213	166.06	104.96	255.97	144.54	2.4012	9.1048e-05	0.048959	0.00071070	315.95	0.0031651	40.824	42.191	188.72	108.93	270.74	83.393	17.144	2.0374e-05	0.023027
307.99	2.9622	1209.5	0.00082676	34.875	35.232	166.12	105.03	257.01	144.00	2.4196	9.0807e-05	0.048925	0.00070315	317.05	0.0031541	40.823	42.188	188.70	109.02	272.42	83.309	17.143	2.0408e-05	0.023093
308.08	2.9681	1208.1	0.00082775	34.893	35.251	166.18	105.10	258.07	143.46	2.4383	9.0567e-05	0.048892	0.00069563	318.15	0.0031432	40.822	42.184	188.68	109.11	274.14	83.225	17.143	2.0442e-05	0.023159
308.16	2.9739	1206.6	0.00082874	34.910	35.270	166.24	105.17	259.15	142.92	2.4571	9.0327e-05	0.048859	0.00068815	319.26	0.0031322	40.820	42.181	188.66	109.20	275.88	83.140	17.141	2.0477e-05	0.023226
308.25	2.9798	1205.2	0.00082974	34.928	35.290	166.29	105.23	260.24	142.38	2.4761	9.0086e-05	0.048826	0.00068069	320.37	0.0031214	40.819	42.177	188.64	109.30	277.65	83.056	17.140	2.0512e-05	0.023294
308.34	2.9857	1203.7	0.00083075	34.946	35.309	166.35	105.30	261.35	141.84	2.4953	8.9845e-05	0.048793	0.00067326	321.49	0.0031105	40.818	42.174	188.62	109.39	279.45	82.971	17.139	2.0547e-05	0.023362
308.43	2.9915	1202.3	0.00083176	34.964	35.328	166.41	105.38	262.48	141.30	2.5147	8.9605e-05	0.048761	0.00066586	322.62	0.0030996	40.816	42.170	188.60	109.48	281.28	82.886	17.138	2.0582e-05	0.023430
308.52	2.9974	1200.8	0.00083278	34.982	35.347	166.47	105.45	263.62	140.76	2.5343	8.9364e-05	0.048728	0.00065849	323.75	0.0030888	40.814	42.167	188.58	109.57	283.13	82.802	17.136	2.0618e-05	0.023499
308.60	3.0033	1199.3	0.00083380	35.000	35.366	166.53	105.52	264.78	140.22	2.5542	8.9123e-05	0.048696	0.00065115	324.89	0.0030780	40.813	42.163	188.56	109.67	285.02	82.717	17.135	2.0654e-05	0.023568
308.69	3.0092	1197.8	0.00083483	35.018	35.385	166.59	105.59	265.96	139.68	2.5742	8.8881e-05	0.048664	0.00064384	326.03	0.0030672	40.811	42.159	188.54	109.76	286.94	82.632	17.133	2.0690e-05	0.023638
308.78	3.0150	1196.4	0.00083587	35.036	35.404	166.65	105.66	267.16	139.14	2.5944	8.8640e-05	0.048632	0.00063655	327.18	0.0030565	40.809	42.155	188.52	109.85	288.89	82.547	17.131	2.0726e-05	0.023709
308.86	3.0209	1194.9	0.00083691	35.054	35.424	166.71	105.74	268.38	138.60	2.6149	8.8398e-05	0.048600	0.00062930	328.33	0.0030457	40.807	42.151	188.50	109.95	290.87	82.462	17.129	2.0763e-05	0.023780
308.95	3.0268	1193.4	0.00083796	35.072	35.443	166.77	105.81	269.61	138.06	2.6355	8.8157e-05	0.048568	0.00062208	329.49	0.0030350	40.806	42.147	188.47	110.04	292.89	82.376	17.127	2.0800e-05	0.023852
309.04	3.0327	1191.9	0.00083901	35.091	35.462	166.83	105.88	270.87	137.52	2.6564	8.7915e-05	0.048536	0.00061488	330.65	0.0030243	40.804	42.143	188.45	110.14	294.94	82.291	17.125	2.0837e-05	0.023924
309.12	3.0385	1190.4	0.00084007	35.109	35.481	166.89	105.96	272.14	136.98	2.6775	8.7673e-05	0.048505	0.00060772	331.83	0.0030136	40.802	42.139	188.43	110.24	297.03	82.206	17.123	2.0875e-05	0.023997
309.21	3.0444	1188.9	0.00084114	35.127	35.501	166.95	106.03	273.44	136.44	2.6989	8.7430e-05	0.048474	0.00060058	333.00	0.0030030	40.800	42.135	188.41	110.34	299.15	82.120	17.121	2.0913e-05	0.024071
309.30	3.0503	1187.3	0.00084222	35.145	35.520	167.01	106.11	274.76	135.90	2.7204	8.7188e-05	0.048443	0.00059347	334.19	0.0029923	40.798	42.131	188.39	110.43	301.31	82.035	17.118	2.0951e-05	0.024145
309.38	3.0561	1185.8	0.00084330	35.163	35.539	167.07	106.18	276.10	135.36	2.7422	8.6945e-05	0.048412	0.00058640	335.38	0.0029817	40.795	42.126	188.36	110.53	303.51	81.949	17.115	2.0989e-05	0.024220
309.47	3.0620	1184.3	0.00084439	35.181	35.559	167.13	106.26	277.46	134.82	2.7643	8.6702e-05	0.048381	0.00057935	336.58	0.0029711	40.793	42.122	188.34	110.63	305.75	81.863	17.113	2.1028e-05	0.024296
309.56	3.0679	1182.8	0.00084549	35.199	35.578	167.19	106.33	278.85	134.28	2.7865	8.6459e-05	0.048351	0.00057233	337.78	0.0029605	40.791	42.117	188.32	110.73	308.02	81.777	17.110	2.1067e-05	0.024372
309.64	3.0738	1181.2	0.00084659	35.217	35.597	167.25	106.41	280.26	133.74	2.8091	8.6215e-05	0.048321	0.00056534	338.99	0.0029499	40.789	42.113	188.30	110.83	310.34	81.691	17.107	2.1106e-05	0.024449
309.73	3.0796	1179.7	0.00084770	35.236	35.617	167.31	106.49	281.70	133.20	2.8319	8.5971e-05	0.048291	0.00055838	340.21	0.0029394	40.786	42.108	188.27	110.93	312.70	81.605	17.103	2.1146e-05	0.024527
309.81	3.0855	1178.1	0.00084882	35.254	35.636	167.38	106.57	283.16	132.65	2.8549	8.5727e-05	0.048261	0.00055145	341.43	0.0029288	40.784	42.104	188.25	111.04	315.11	81.519	17.100	2.1186e-05	0.024605
309.90	3.0914	1176.5	0.00084994	35.272	35.656	167.44	106.65	284.64	132.11	2.8782	8.5483e-05	0.048231	0.00054455	342.66	0.0029183	40.781	42.099	188.23	111.14	317.56	81.433	17.097	2.1226e-05	0.024684
309.98	3.0973	1175.0	0.00085108	35.290	35.675	167.50	106.73	286.16	131.57	2.9018	8.5238e-05	0.048201	0.00053767	343.90	0.0029078	40.779	42.094	188.20	111.24	320.05	81.346	17.093	2.1267e-05	0.024764
310.07	3.1031	1173.4	0.00085222	35.309	35.695	167.56	106.81	287.70	131.03	2.9256	8.4993e-05	0.048172	0.00053083	345.15	0.0028973	40.776	42.089	188.18	111.35	322.60	81.260	17.089	2.1308e-05	0.024844
310.15	3.1090	1171.8	0.00085337	35.327	35.714	167.62	106.89	289.27	130.49	2.9497	8.4748e-05	0.048143	0.00052402	346.40	0.0028869	40.773	42.084	188.16	111.45	325.19	81.173	17.085	2.1350e-05	0.024926
310.24	3.1149	1170.2	0.00085453	35.345	35.734	167.68	106.97	290.86	129.94	2.9741	8.4503e-05	0.048114	0.00051723	347.66	0.0028764	40.771	42.079	188.13	111.56	327.83	81.086	17.081	2.1391e-05	0.025008
310.32	3.1207	1168.6	0.00085569	35.364	35.754	167.74	107.05	292.49	129.40	2.9987	8.4257e-05	0.048086	0.00051048	348.92	0.0028660	40.768	42.074	188.11	111.66	330.52	80.999	17.077	2.1433e-05	0.025091
310.41	3.1266	1167.0	0.00085687	35.382	35.773	167.80	107.13	294.15	128.86	3.0237	8.4011e-05	0.048057	0.00050375	350.20	0.0028555	40.765	42.069	188.08	111.77	333.27	80.912	17.072	2.1476e-05	0.025174
310.49	3.1325	1165.4	0.00085805	35.400	35.793	167.86	107.22	295.84	128.32	3.0490	8.3764e-05	0.048029	0.00049706	351.48	0.0028451	40.762	42.064	188.06	111.88	336.07	80.825	17.068	2.1519e-05	0.025259
310.58	3.1384	1163.8	0.00085924	35.419	35.812	167.92	107.30	297.56	127.77	3.0745	8.3517e-05	0.048001	0.00049039	352.77	0.0028347	40.759	42.058	188.03	111.99	338.93	80.738	17.063	2.1562e-05	0.025344
310.66	3.1442	1162.2	0.00086044	35.437	35.832	167.98	107.38	299.31	127.23	3.1004	8.3270e-05	0.047973	0.00048376	354.07	0.0028243	40.756	42.053	188.01	112.10	341.85	80.651	17.058	2.1606e-05	0.025431
310.74	3.1501	1160.6	0.00086165	35.456	35.852	168.04	107.47	301.10	126.69	3.1265	8.3022e-05	0.047946	0.00047715	355.37	0.0028139	40.753	42.047	187.98	112.21	344.82	80.563	17.053	2.1650e-05	0.025518
310.83	3.1560	1158.9	0.00086287	35.474	35.872	168.11	107.56	302.93	126.14	3.1530	8.2774e-05	0.047918	0.00047057	356.69	0.0028036	40.749	42.042	187.96	112.32	347.86	80.476	17.048	2.1694e-05	0.025606
310.91	3.1619	1157.3	0.00086410	35.492	35.892	168.17	107.64	304.79	125.60	3.1798	8.2525e-05	0.047891	0.00046402	358.01	0.0027932	40.746	42.036	187.93	112.43	350.96	80.388	17.042	2.1739e-05	0.025695
311.00	3.1677	1155.6	0.00086533	35.511	35.911	168.23	107.73	306.68	125.05	3.2069	8.2276e-05	0.047865	0.00045751	359.34	0.0027829	40.743	42.030	187.90	112.55	354.12	80.300	17.036	2.1784e-05	0.025785
311.08	3.1736	1154.0	0.00086658	35.530	35.931	168.29	107.82	308.62	124.51	3.2344	8.2026e-05	0.047838	0.00045102	360.68	0.0027725	40.739	42.024	187.88	112.66	357.36	80.212	17.030	2.1830e-05	0.025876
311.16	3.1795	1152.3	0.00086784	35.548	35.951	168.35	107.91	310.60	123.96	3.2622	8.1776e-05	0.047812	0.00044456	362.03	0.0027622	40.736	42.018	187.85	112.78	360.66	80.124	17.024	2.1876e-05	0.025968
311.25	3.1853	1150.6	0.00086910	35.567	35.971	168.41	108.00	312.62	123.42	3.2903	8.1526e-05	0.047786	0.00043813	363.39	0.0027519	40.732	42.012	187.82	112.90	364.03	80.036	17.018	2.1922e-05	0.026061
311.33	3.1912	1148.9	0.00087038	35.585	35.991	168.47	108.09	314.68	122.87	3.3188	8.1275e-05	0.047760	0.00043173	364.75	0.0027416	40.728	42.006	187.80	113.01	367.48	79.947	17.011	2.1969e-05	0.026155
311.41	3.1971	1147.2	0.00087167	35.604	36.011	168.54	108.18	316.78	122.32	3.3476	8.1024e-05	0.047735	0.00042537	366.13	0.0027313	40.725	42.000	187.77	113.13	371.01	79.859	17.005	2.2016e-05	0.026250
311.50	3.2030	1145.5	0.00087297	35.623	36.031	168.60	108.27	318.93	121.78	3.3769	8.0772e-05	0.047710	0.00041903	367.51	0.0027210	40.721	41.994	187.74	113.25	374.61	79.770	16.997	2.2064e-05	0.026346
311.58	3.2088	1143.8	0.00087428	35.642	36.051	168.66	108.36	321.13	121.23	3.4065	8.0519e-05	0.047685	0.00041272	368.91	0.0027107	40.717	41.987	187.71	113.37	378.30	79.681	16.990	2.2112e-05	0.026444
311.66	3.2147	1142.1	0.00087560	35.660	36.071	168.72	108.46	323.38	120.68	3.4364	8.0266e-05	0.047660	0.00040644	370.31	0.0027004	40.713	41.981	187.68	113.49	382.07	79.592	16.983	2.2161e-05	0.026542
311.74	3.2206	1140.3	0.00087693	35.679	36.092	168.79	108.55	325.67	120.14	3.4668	8.0012e-05	0.047636	0.00040019	371.73	0.0026901	40.709	41.974	187.65	113.62	385.93	79.503	16.975	2.2210e-05	0.026642
311.83	3.2264	1138.6	0.00087827	35.698	36.112	168.85	108.65	328.02	119.59	3.4975	7.9758e-05	0.047612	0.00039398	373.15	0.0026799	40.704	41.967	187.63	113.74	389.88	79.414	16.967	2.2260e-05	0.026743
311.91	3.2323	1136.8	0.00087962	35.717	36.132	168.91	108.74	330.42	119.04	3.5287	7.9503e-05	0.047588	0.00038779	374.59	0.0026696	40.700	41.960	187.60	113.87	393.93	79.324	16.959	2.2310e-05	0.026845
311.99	3.2382	1135.1	0.00088099	35.736	36.152	168.97	108.84	332.88	118.49	3.5603	7.9248e-05	0.047565	0.00038163	376.03	0.0026594	40.696	41.954	187.57	113.99	398.07	79.235	16.950	2.2361e-05	0.026948
312.07	3.2441	1133.3	0.00088237	35.755	36.173	169.04	108.94	335.40	117.94	3.5923	7.8992e-05	0.047542	0.00037551	377.49	0.0026491	40.691	41.947	187.54	114.12	402.31	79.145	16.942	2.2412e-05	0.027053
312.15	3.2499	1131.5	0.00088376	35.774	36.193	169.10	109.04	337.97	117.39	3.6247	7.8735e-05	0.047519	0.00036941	378.95	0.0026389	40.687	41.939	187.51	114.25	406.66	79.055	16.933	2.2464e-05	0.027159
312.24	3.2558	1129.7	0.00088516	35.793	36.214	169.16	109.14	340.61	116.84	3.6575	7.8477e-05	0.047496	0.00036334	380.43	0.0026286	40.682	41.932	187.48	114.38	411.11	78.965	16.923	2.2517e-05	0.027266
312.32	3.2617	1127.9	0.00088658	35.812	36.234	169.23	109.24	343.31	116.29	3.6908	7.8219e-05	0.047474	0.00035731	381.92	0.0026184	40.677	41.925	187.45	114.51	415.68	78.874	16.914	2.2570e-05	0.027375
312.40	3.2676	1126.1	0.00088801	35.831	36.255	169.29	109.34	346.08	115.73	3.7246	7.7960e-05	0.047453	0.00035131	383.42	0.0026081	40.673	41.917	187.42	114.65	420.36	78.784	16.904	2.2623e-05	0.027486
312.48	3.2734	1124.3	0.00088945	35.850	36.275	169.35	109.45	348.91	115.18	3.7588	7.7701e-05	0.047431	0.00034533	384.93	0.0025979	40.668	41.910	187.38	114.78	425.17	78.693	16.894	2.2677e-05	0.027597
312.56	3.2793	1122.4	0.00089091	35.869	36.296	169.42	109.55	351.82	114.63	3.7935	7.7440e-05	0.047410	0.00033939	386.45	0.0025876	40.663	41.902	187.35	114.92	430.10	78.602	16.884	2.2732e-05	0.027711
312.64	3.2852	1120.6	0.00089238	35.889	36.317	169.48	109.66	354.80	114.07	3.8287	7.7179e-05	0.047390	0.00033348	387.99	0.0025774	40.658	41.894	187.32	115.06	435.16	78.511	16.873	2.2787e-05	0.027826
312.72	3.2910	1118.7	0.00089387	35.908	36.338	169.54	109.76	357.86	113.52	3.8644	7.6917e-05	0.047370	0.00032760	389.54	0.0025672	40.652	41.886	187.29	115.19	440.35	78.420	16.862	2.2843e-05	0.027942
312.80	3.2969	1116.9	0.00089537	35.927	36.359	169.61	109.87	361.00	112.97	3.9006	7.6654e-05	0.047350	0.00032175	391.10	0.0025569	40.647	41.878	187.25	115.34	445.69	78.328	16.850	2.2899e-05	0.028060
312.88	3.3028	1115.0	0.00089688	35.947	36.379	169.67	109.98	364.23	112.41	3.9373	7.6391e-05	0.047330	0.00031594	392.67	0.0025467	40.642	41.870	187.22	115.48	451.17	78.236	16.839	2.2957e-05	0.028180
312.97	3.3087	1113.1	0.00089842	35.966	36.400	169.74	110.09	367.54	111.85	3.9746	7.6126e-05	0.047312	0.00031015	394.26	0.0025364	40.636	41.862	187.19	115.62	456.81	78.144	16.827	2.3014e-05	0.028302
313.05	3.3145	1111.2	0.00089996	35.986	36.421	169.80	110.21	370.94	111.30	4.0123	7.5861e-05	0.047293	0.00030440	395.86	0.0025262	40.631	41.853	187.15	115.77	462.61	78.052	16.814	2.3073e-05	0.028426
313.13	3.3204	1109.2	0.00090153	36.005	36.443	169.87	110.32	374.44	110.74	4.0507	7.5594e-05	0.047275	0.00029868	397.47	0.0025159	40.625	41.845	187.12	115.92	468.57	77.959	16.802	2.3132e-05	0.028551
313.21	3.3263	1107.3	0.00090311	36.025	36.464	169.93	110.44	378.04	110.18	4.0896	7.5327e-05	0.047257	0.00029299	399.10	0.0025056	40.619	41.836	187.09	116.07	474.71	77.866	16.789	2.3192e-05	0.028679
313.29	3.3322	1105.3	0.00090470	36.045	36.485	170.00	110.55	381.74	109.62	4.1291	7.5059e-05	0.047240	0.00028733	400.74	0.0024954	40.613	41.827	187.05	116.22	481.03	77.773	16.775	2.3253e-05	0.028808
313.37	3.3380	1103.4	0.00090632	36.064	36.506	170.06	110.67	385.55	109.06	4.1692	7.4789e-05	0.047224	0.00028171	402.40	0.0024851	40.607	41.818	187.01	116.37	487.53	77.680	16.761	2.3314e-05	0.028940
313.45	3.3439	1101.4	0.00090795	36.084	36.528	170.13	110.79	389.46	108.50	4.2099	7.4519e-05	0.047207	0.00027611	404.07	0.0024748	40.601	41.809	186.98	116.53	494.24	77.586	16.747	2.3376e-05	0.029073
313.53	3.3498	1099.4	0.00090960	36.104	36.549	170.20	110.91	393.50	107.93	4.2512	7.4248e-05	0.047192	0.00027055	405.76	0.0024645	40.594	41.800	186.94	116.68	501.15	77.492	16.732	2.3439e-05	0.029209
313.61	3.3556	1097.4	0.00091127	36.124	36.571	170.26	111.04	397.66	107.37	4.2932	7.3975e-05	0.047177	0.00026502	407.47	0.0024542	40.588	41.791	186.91	116.84	508.27	77.397	16.717	2.3503e-05	0.029347
313.68	3.3615	1095.3	0.00091296	36.144	36.592	170.33	111.16	401.95	106.80	4.3358	7.3701e-05	0.047162	0.00025953	409.19	0.0024439	40.581	41.781	186.87	117.00	515.62	77.303	16.702	2.3567e-05	0.029488
313.76	3.3674	1093.3	0.00091467	36.164	36.614	170.39	111.29	406.37	106.24	4.3791	7.3426e-05	0.047148	0.00025406	410.93	0.0024335	40.574	41.771	186.83	117.17	523.21	77.208	16.686	2.3633e-05	0.029631
313.84	3.3733	1091.2	0.00091640	36.184	36.636	170.46	111.42	410.94	105.67	4.4231	7.3150e-05	0.047135	0.00024864	412.68	0.0024232	40.568	41.761	186.79	117.33	531.05	77.112	16.670	2.3699e-05	0.029777
313.92	3.3791	1089.1	0.00091815	36.205	36.658	170.53	111.55	415.65	105.10	4.4678	7.2873e-05	0.047122	0.00024324	414.45	0.0024128	40.561	41.751	186.75	117.50	539.14	77.017	16.653	2.3766e-05	0.029925
314.00	3.3850	1087.0	0.00091992	36.225	36.680	170.60	111.68	420.52	104.54	4.5132	7.2594e-05	0.047110	0.00023788	416.24	0.0024025	40.553	41.741	186.72	117.67	547.51	76.921	16.635	2.3834e-05	0.030076
314.08	3.3909	1084.9	0.00092172	36.245	36.702	170.66	111.82	425.55	103.97	4.5593	7.2314e-05	0.047099	0.00023255	418.05	0.0023921	40.546	41.731	186.68	117.85	556.17	76.824	16.618	2.3903e-05	0.030230
314.16	3.3968	1082.8	0.00092354	36.266	36.724	170.73	111.96	430.76	103.39	4.6063	7.2032e-05	0.047088	0.00022725	419.88	0.0023817	40.539	41.720	186.64	118.02	565.12	76.727	16.599	2.3973e-05	0.030386
314.24	3.4026	1080.6	0.00092538	36.286	36.746	170.80	112.10	436.14	102.82	4.6540	7.1750e-05	0.047079	0.00022199	421.72	0.0023712	40.531	41.710	186.59	118.20	574.40	76.630	16.581	2.4044e-05	0.030546
314.32	3.4085	1078.5	0.00092724	36.307	36.769	170.87	112.24	441.72	102.25	4.7025	7.1465e-05	0.047070	0.00021676	423.59	0.0023608	40.523	41.699	186.55	118.39	584.01	76.532	16.561	2.4116e-05	0.030709
314.39	3.4144	1076.3	0.00092913	36.328	36.791	170.94	112.38	447.49	101.67	4.7518	7.1179e-05	0.047061	0.00021157	425.48	0.0023503	40.515	41.687	186.51	118.57	593.97	76.434	16.542	2.4189e-05	0.030875
314.47	3.4202	1074.1	0.00093105	36.349	36.814	171.01	112.53	453.48	101.09	4.8020	7.0892e-05	0.047054	0.00020641	427.39	0.0023398	40.507	41.676	186.47	118.76	604.31	76.335	16.521	2.4263e-05	0.031045
314.55	3.4261	1071.8	0.00093299	36.370	36.836	171.08	112.68	459.70	100.52	4.8531	7.0603e-05	0.047047	0.00020129	429.32	0.0023293	40.499	41.665	186.43	118.95	615.03	76.236	16.500	2.4338e-05	0.031219
314.63	3.4320	1069.6	0.00093496	36.391	36.859	171.15	112.83	466.14	99.935	4.9050	7.0312e-05	0.047042	0.00019620	431.27	0.0023187	40.491	41.653	186.38	119.14	626.17	76.136	16.479	2.4415e-05	0.031396
314.71	3.4379	1067.3	0.00093696	36.412	36.882	171.22	112.99	472.84	99.353	4.9579	7.0020e-05	0.047037	0.00019115	433.24	0.0023082	40.482	41.641	186.34	119.34	637.76	76.036	16.457	2.4492e-05	0.031577
314.78	3.4437	1065.0	0.00093899	36.433	36.905	171.29	113.15	479.81	98.769	5.0117	6.9725e-05	0.047034	0.00018613	435.24	0.0022976	40.473	41.629	186.29	119.54	649.80	75.935	16.434	2.4571e-05	0.031762
314.86	3.4496	1062.6	0.00094104	36.454	36.929	171.36	113.31	487.06	98.184	5.0666	6.9429e-05	0.047031	0.00018115	437.27	0.0022869	40.464	41.617	186.25	119.75	662.34	75.833	16.411	2.4651e-05	0.031951
314.94	3.4555	1060.3	0.00094313	36.476	36.952	171.43	113.48	494.60	97.597	5.1224	6.9131e-05	0.047030	0.00017621	439.32	0.0022763	40.455	41.604	186.20	119.96	675.41	75.731	16.387	2.4733e-05	0.032145
315.02	3.4614	1057.9	0.00094526	36.497	36.975	171.50	113.65	502.47	97.007	5.1792	6.8831e-05	0.047030	0.00017130	441.39	0.0022655	40.446	41.591	186.16	120.17	689.03	75.628	16.362	2.4816e-05	0.032344
315.09	3.4672	1055.5	0.00094741	36.519	36.999	171.58	113.82	510.67	96.416	5.2372	6.8529e-05	0.047031	0.00016643	443.50	0.0022548	40.436	41.578	186.11	120.39	703.24	75.525	16.337	2.4900e-05	0.032547
315.17	3.4731	1053.1	0.00094960	36.541	37.023	171.65	113.99	519.23	95.823	5.2962	6.8225e-05	0.047034	0.00016160	445.63	0.0022440	40.426	41.565	186.06	120.61	718.09	75.421	16.310	2.4985e-05	0.032755
315.25	3.4790	1050.6	0.00095183	36.563	37.047	171.72	114.17	528.18	95.228	5.3564	6.7918e-05	0.047038	0.00015680	447.79	0.0022332	40.416	41.551	186.01	120.84	733.60	75.315	16.284	2.5072e-05	0.032969
315.32	3.4848	1048.1	0.00095409	36.585	37.071	171.80	114.36	537.54	94.630	5.4178	6.7610e-05	0.047044	0.00015204	449.98	0.0022223	40.406	41.537	185.96	121.07	749.84	75.209	16.256	2.5161e-05	0.033189
315.40	3.4907	1045.6	0.00095639	36.607	37.095	171.87	114.55	547.35	94.030	5.4804	6.7298e-05	0.047052	0.00014732	452.20	0.0022114	40.396	41.523	185.91	121.30	766.85	75.103	16.228	2.5251e-05	0.033414
315.48	3.4966	1043.0	0.00095873	36.630	37.119	171.94	114.74	557.62	93.427	5.5442	6.6985e-05	0.047061	0.00014264	454.45	0.0022005	40.385	41.509	185.86	121.54	784.68	74.995	16.198	2.5343e-05	0.033646
315.55	3.5025	1040.5	0.00096112	36.652	37.144	172.02	114.94	568.40	92.822	5.6093	6.6669e-05	0.047072	0.00013800	456.74	0.0021894	40.374	41.494	185.80	121.79	803.40	74.886	16.168	2.5437e-05	0.033885
315.63	3.5083	1037.8	0.00096355	36.675	37.169	172.10	115.15	579.73	92.215	5.6758	6.6350e-05	0.047086	0.00013340	459.06	0.0021784	40.363	41.479	185.75	122.04	823.07	74.776	16.137	2.5533e-05	0.034130
315.71	3.5142	1035.2	0.00096602	36.698	37.194	172.17	115.36	591.65	91.604	5.7437	6.6028e-05	0.047101	0.00012884	461.42	0.0021672	40.351	41.464	185.70	122.30	843.76	74.666	16.106	2.5630e-05	0.034383
315.78	3.5201	1032.5	0.00096855	36.721	37.219	172.25	115.57	604.21	90.991	5.8130	6.5704e-05	0.047119	0.00012432	463.81	0.0021560	40.339	41.448	185.64	122.56	865.56	74.554	16.073	2.5730e-05	0.034644
315.86	3.5260	1029.7	0.00097112	36.744	37.245	172.33	115.79	617.45	90.374	5.8838	6.5376e-05	0.047140	0.00011984	466.25	0.0021448	40.327	41.432	185.58	122.83	888.55	74.440	16.039	2.5831e-05	0.034913
315.93	3.5318	1027.0	0.00097374	36.768	37.270	172.41	116.02	631.44	89.755	5.9562	6.5045e-05	0.047163	0.00011540	468.72	0.0021335	40.315	41.415	185.53	123.11	912.84	74.326	16.004	2.5935e-05	0.035190
316.01	3.5377	1024.1	0.00097642	36.792	37.296	172.49	116.26	646.24	89.132	6.0302	6.4711e-05	0.047189	0.00011100	471.24	0.0021221	40.302	41.399	185.47	123.39	938.53	74.210	15.968	2.6041e-05	0.035478
316.09	3.5436	1021.3	0.00097916	36.816	37.322	172.57	116.50	661.92	88.505	6.1058	6.4373e-05	0.047219	0.00010665	473.80	0.0021106	40.289	41.381	185.41	123.69	965.74	74.092	15.931	2.6149e-05	0.035775
316.16	3.5494	1018.4	0.00098195	36.840	37.349	172.65	116.75	678.56	87.876	6.1832	6.4032e-05	0.047252	0.00010234	476.41	0.0020990	40.276	41.364	185.35	123.99	994.62	73.973	15.893	2.6260e-05	0.036083
316.24	3.5553	1015.4	0.00098481	36.864	37.375	172.73	117.01	696.26	87.242	6.2624	6.3687e-05	0.047289	9.8072e-05	479.07	0.0020874	40.262	41.346	185.28	124.30	1025.3	73.852	15.854	2.6374e-05	0.036402
316.31	3.5612	1012.4	0.00098774	36.889	37.402	172.81	117.27	715.12	86.604	6.3435	6.3338e-05	0.047331	9.3851e-05	481.78	0.0020756	40.248	41.327	185.22	124.61	1058.0	73.730	15.814	2.6490e-05	0.036733
316.39	3.5671	1009.4	0.00099074	36.914	37.430	172.89	117.55	735.25	85.962	6.4266	6.2984e-05	0.047377	8.9675e-05	484.54	0.0020638	40.233	41.308	185.15	124.94	1092.9	73.605	15.772	2.6609e-05	0.037078
316.46	3.5729	1006.2	0.00099381	36.939	37.457	172.98	117.84	756.79	85.316	6.5116	6.2627e-05	0.047428	8.5545e-05	487.36	0.0020519	40.218	41.289	185.09	125.28	1130.2	73.478	15.729	2.6731e-05	0.037437
316.54	3.5788	1003.1	0.00099695	36.964	37.485	173.07	118.13	779.88	84.665	6.5989	6.2264e-05	0.047484	8.1463e-05	490.24	0.0020398	40.203	41.269	185.02	125.63	1170.1	73.349	15.684	2.6856e-05	0.037811
316.61	3.5847	999.81	0.0010002	36.990	37.514	173.15	118.44	804.70	84.010	6.6883	6.1897e-05	0.047547	7.7429e-05	493.19	0.0020276	40.187	41.249	184.95	125.99	1213.0	73.218	15.638	2.6985e-05	0.038202
316.69	3.5906	996.51	0.0010035	37.016	37.542	173.24	118.76	831.46	83.349	6.7801	6.1524e-05	0.047617	7.3444e-05	496.20	0.0020153	40.171	41.228	184.88	126.36	1259.2	73.083	15.591	2.7117e-05	0.038610
316.76	3.5964	993.13	0.0010069	37.043	37.571	173.33	119.10	860.37	82.683	6.8743	6.1146e-05	0.047695	6.9509e-05	499.28	0.0020029	40.154	41.206	184.80	126.75	1309.1	72.946	15.541	2.7253e-05	0.039038
316.84	3.6023	989.67	0.0010104	37.069	37.601	173.42	119.45	891.72	82.012	6.9711	6.0761e-05	0.047781	6.5626e-05	502.44	0.0019903	40.136	41.183	184.73	127.15	1363.0	72.806	15.491	2.7393e-05	0.039488
316.91	3.6082	986.14	0.0010141	37.097	37.631	173.51	119.81	925.81	81.334	7.0706	6.0371e-05	0.047876	6.1795e-05	505.68	0.0019775	40.118	41.160	184.65	127.56	1421.6	72.662	15.438	2.7538e-05	0.039960
316.98	3.6140	982.52	0.0010178	37.124	37.662	173.60	120.19	963.02	80.651	7.1730	5.9974e-05	0.047983	5.8017e-05	509.00	0.0019646	40.100	41.137	184.57	127.99	1485.5	72.515	15.383	2.7687e-05	0.040459
317.06	3.6199	978.81	0.0010217	37.152	37.693	173.70	120.59	1003.8	79.961	7.2783	5.9570e-05	0.048101	5.4295e-05	512.42	0.0019515	40.080	41.112	184.49	128.44	1555.3	72.364	15.327	2.7841e-05	0.040985
317.13	3.6258	975.00	0.0010256	37.181	37.724	173.80	121.01	1048.6	79.263	7.3867	5.9158e-05	0.048233	5.0630e-05	515.94	0.0019382	40.060	41.087	184.40	128.91	1631.9	72.208	15.268	2.8001e-05	0.041543
317.21	3.6317	971.08	0.0010298	37.210	37.756	173.90	121.45	1098.2	78.558	7.4985	5.8737e-05	0.048381	4.7023e-05	519.56	0.0019247	40.039	41.060	184.31	129.40	1716.4	72.047	15.207	2.8166e-05	0.042136
317.28	3.6375	967.05	0.0010341	37.240	37.789	174.00	121.91	1153.3	77.846	7.6138	5.8308e-05	0.048546	4.3476e-05	523.30	0.0019110	40.018	41.033	184.22	129.91	1810.0	71.880	15.143	2.8338e-05	0.042769
317.35	3.6434	962.89	0.0010385	37.270	37.823	174.10	122.41	1214.8	77.125	7.7328	5.7870e-05	0.048733	3.9992e-05	527.16	0.0018970	39.995	41.005	184.13	130.45	1914.2	71.708	15.077	2.8517e-05	0.043445
317.43	3.6493	958.59	0.0010432	37.301	37.857	174.21	122.93	1283.8	76.395	7.8558	5.7420e-05	0.048942	3.6572e-05	531.16	0.0018827	39.972	40.975	184.03	131.01	2030.8	71.529	15.009	2.8703e-05	0.044171
317.50	3.6551	954.15	0.0010481	37.333	37.893	174.31	123.48	1362.0	75.655	7.9831	5.6960e-05	0.049180	3.3219e-05	535.31	0.0018681	39.947	40.944	183.93	131.60	2162.3	71.342	14.937	2.8897e-05	0.044954
317.57	3.6610	949.54	0.0010531	37.366	37.929	174.43	124.07	1451.1	74.905	8.1149	5.6487e-05	0.049451	2.9935e-05	539.62	0.0018531	39.921	40.912	183.82	132.23	2311.5	71.147	14.862	2.9100e-05	0.045803
317.65	3.6669	944.75	0.0010585	37.400	37.967	174.54	124.70	1553.5	74.144	8.2515	5.6000e-05	0.049761	2.6725e-05	544.12	0.0018378	39.894	40.879	183.71	132.89	2482.1	70.942	14.783	2.9313e-05	0.046727
317.72	3.6728	939.75	0.0010641	37.434	38.005	174.66	125.37	1672.3	73.370	8.3934	5.5498e-05	0.050117	2.3591e-05	548.82	0.0018221	39.866	40.843	183.59	133.60	2679.1	70.726	14.701	2.9538e-05	0.047741
317.79	3.6786	934.53	0.0010701	37.470	38.045	174.78	126.10	1811.8	72.584	8.5410	5.4980e-05	0.050531	2.0538e-05	553.75	0.0018059	39.836	40.806	183.47	134.35	2908.9	70.497	14.614	2.9775e-05	0.048859
317.86	3.6845	929.04	0.0010764	37.507	38.087	174.91	126.89	1977.6	71.783	8.6947	5.4442e-05	0.051014	1.7570e-05	558.94	0.0017891	39.804	40.767	183.34	135.16	3180.0	70.254	14.523	3.0027e-05	0.050105
317.94	3.6904	923.26	0.0010831	37.546	38.130	175.04	127.75	2177.5	70.966	8.8552	5.3883e-05	0.051586	1.4694e-05	564.43	0.0017717	39.770	40.725	183.20	136.02	3504.6	69.993	14.426	3.0295e-05	0.051504
318.01	3.6963	917.12	0.0010904	37.587	38.176	175.18	128.69	2422.9	70.132	9.0232	5.3298e-05	0.052269	1.1915e-05	570.27	0.0017536	39.733	40.680	183.06	136.96	3899.6	69.713	14.323	3.0582e-05	0.053095
318.08	3.7021	910.58	0.0010982	37.630	38.223	175.33	129.73	2730.6	69.278	9.1995	5.2684e-05	0.053098	9.2414e-06	576.51	0.0017346	39.694	40.632	182.90	137.98	4389.9	69.408	14.214	3.0893e-05	0.054927
318.15	3.7080	903.55	0.0011067	37.675	38.274	175.49	130.88	3126.5	68.403	9.3852	5.2035e-05	0.054123	6.6840e-06	583.24	0.0017145	39.651	40.580	182.73	139.10	5013.5	69.073	14.097	3.1230e-05	0.057074
318.22	3.7139	895.91	0.0011162	37.724	38.329	175.66	132.18	3652.4	67.502	9.5816	5.1344e-05	0.055419	4.2552e-06	590.57	0.0016933	39.604	40.523	182.55	140.33	5831.0	68.701	13.970	3.1601e-05	0.059643
318.30	3.7197	887.52	0.0011267	37.776	38.388	175.84	133.66	4380.8	66.573	9.7905	5.0600e-05	0.057107	1.9721e-06	598.66	0.0016704	39.552	40.460	182.35	141.72	6945.9	68.282	13.833	3.2014e-05	0.062801
318.37	3.7256	878.14	0.0011388	37.834	38.454	176.04	135.38	5447.3	65.610	10.014	4.9788e-05	0.059394	-1.4195e-07	607.72	0.0016455	39.494	40.389	182.12	143.29	8548.4	67.802	13.681	3.2482e-05	0.066828
318.44	3.7315	867.39	0.0011529	37.899	38.527	176.27	137.42	7136.4	64.608	10.257	4.8883e-05	0.062672	-2.0523e-06	618.14	0.0016178	39.426	40.307	181.86	145.10	11030.	67.235	13.511	3.3027e-05	0.072238
318.51	3.7374	854.64	0.0011701	37.975	38.614	176.54	139.92	10150.	63.557	10.525	4.7844e-05	0.067789	-3.7026e-06	630.56	0.0015859	39.344	40.210	181.55	147.25	15334.	66.542	13.316	3.3685e-05	0.080100
318.58	3.7432	838.54	0.0011925	38.070	38.722	176.88	143.15	16752.	62.449	10.830	4.6582e-05	0.077035	-4.9865e-06	646.31	0.0015472	39.241	40.087	181.16	149.91	24413.	65.642	13.082	3.4532e-05	0.093194
318.65	3.7491	815.39	0.0012264	38.203	38.875	177.35	undefined	undefined	undefined	11.204	4.4860e-05	undefined	-5.6308e-06	669.14	0.0014945	39.091	39.910	180.60	undefined	undefined	undefined	12.774	3.5783e-05	undefined
318.72	3.7550	742.30	0.0013472	38.630	39.369	178.90	undefined	undefined	undefined	12.012	3.9994e-05	undefined	0.0000	742.30	0.0013472	38.630	39.369	178.90	undefined	undefined	undefined	12.012	3.9994e-05	undefined
