Temperature (K)	Pressure (MPa)	Density (l, kg/m3)	Volume (l, m3/kg)	Internal Energy (l, kJ/mol)	Enthalpy (l, kJ/mol)	Entropy (l, J/mol*K)	Cv (l, J/mol*K)	Cp (l, J/mol*K)	Sound Spd. (l, m/s)	Joule-Thomson (l, K/MPa)	Viscosity (l, Pa*s)	Therm. Cond. (l, W/m*K)	Surf. Tension (l, N/m)	Density (v, kg/m3)	Volume (v, m3/kg)	Internal Energy (v, kJ/mol)	Enthalpy (v, kJ/mol)	Entropy (v, J/mol*K)	Cv (v, J/mol*K)	Cp (v, J/mol*K)	Sound Spd. (v, m/s)	Joule-Thomson (v, K/MPa)	Viscosity (v, Pa*s)	Therm. Cond. (v, W/m*K)
197.70	0.0016661	1627.9	0.00061427	-5.7274	-5.7273	-25.019	56.208	88.811	1300.6	-0.30726	undefined	undefined	0.041582	0.065024	15.379	21.093	22.735	118.95	28.043	36.425	182.31	146.22	undefined	undefined
226.99	0.014808	1554.1	0.00064345	-3.1506	-3.1500	-12.862	54.196	87.323	1178.7	-0.29789	0.00064291	0.20307	0.035686	0.50624	1.9754	21.895	23.769	105.72	29.363	38.037	193.96	95.741	9.7188e-06	0.0068067
237.58	0.027949	1527.3	0.00065474	-2.2275	-2.2264	-8.8878	53.653	87.082	1134.4	-0.29121	0.00056038	0.19864	0.033571	0.91675	1.0908	22.178	24.131	102.05	29.965	38.855	197.69	82.550	1.0174e-05	0.0071919
244.60	0.041091	1509.4	0.00066249	-1.6169	-1.6152	-6.3548	53.343	87.013	1105.0	-0.28562	0.00051393	0.19555	0.032174	1.3138	0.76113	22.362	24.365	99.861	30.414	39.491	200.00	74.933	1.0475e-05	0.0074506
249.97	0.054232	1495.7	0.00066858	-1.1503	-1.1480	-4.4678	53.130	87.012	1082.4	-0.28064	0.00048204	0.19311	0.031108	1.7023	0.58744	22.500	24.541	98.302	30.786	40.032	201.66	69.646	1.0706e-05	0.0076504
254.36	0.067374	1484.4	0.00067368	-0.76827	-0.76537	-2.9525	52.971	87.044	1063.8	-0.27607	0.00045797	0.19107	0.030238	2.0845	0.47973	22.612	24.682	97.093	31.110	40.514	202.96	65.636	1.0894e-05	0.0078154
258.11	0.080515	1474.7	0.00067811	-0.44233	-0.43884	-1.6804	52.845	87.097	1048.0	-0.27181	0.00043874	0.18930	0.029496	2.4619	0.40620	22.705	24.800	96.106	31.400	40.954	204.01	62.430	1.1055e-05	0.0079574
261.39	0.093657	1466.2	0.00068205	-0.15663	-0.15254	-0.58035	52.742	87.162	1034.1	-0.26778	0.00042280	0.18772	0.028848	2.8353	0.35270	22.786	24.903	95.273	31.665	41.361	204.89	59.773	1.1196e-05	0.0080829
264.32	0.10680	1458.5	0.00068563	0.098680	0.10337	0.39105	52.656	87.234	1021.7	-0.26393	0.00040922	0.18629	0.028270	3.2054	0.31197	22.858	24.992	94.553	31.911	41.743	205.65	57.514	1.1322e-05	0.0081958
266.98	0.11994	1451.5	0.00068893	0.33015	0.33545	1.2625	52.581	87.313	1010.4	-0.26023	0.00039742	0.18498	0.027747	3.5727	0.27990	22.922	25.073	93.919	32.140	42.103	206.31	55.558	1.1436e-05	0.0082990
269.41	0.13308	1445.1	0.00069198	0.54238	0.54828	2.0539	52.516	87.396	1000.1	-0.25666	0.00038702	0.18376	0.027268	3.9377	0.25396	22.980	25.145	93.353	32.356	42.447	206.89	53.838	1.1541e-05	0.0083943
271.66	0.14622	1439.2	0.00069484	0.73870	0.74521	2.7797	52.459	87.481	990.54	-0.25319	0.00037772	0.18263	0.026826	4.3005	0.23253	23.033	25.211	92.841	32.560	42.775	207.41	52.307	1.1638e-05	0.0084831
273.75	0.15936	1433.6	0.00069754	0.92165	0.92877	3.4507	52.407	87.569	981.61	-0.24982	0.00036933	0.18156	0.026415	4.6615	0.21452	23.082	25.272	92.375	32.754	43.091	207.87	50.930	1.1728e-05	0.0085665
275.71	0.17251	1428.4	0.00070009	1.0932	1.1009	4.0751	52.361	87.659	973.24	-0.24653	0.00036169	0.18056	0.026030	5.0209	0.19917	23.127	25.328	91.946	32.939	43.395	208.29	49.683	1.1812e-05	0.0086453
277.56	0.18565	1423.4	0.00070253	1.2548	1.2632	4.6595	52.320	87.749	965.35	-0.24332	0.00035469	0.17960	0.025668	5.3788	0.18592	23.169	25.380	91.550	33.117	43.689	208.67	48.544	1.1892e-05	0.0087202
279.31	0.19879	1418.7	0.00070485	1.4078	1.4168	5.2091	52.281	87.841	957.88	-0.24016	0.00034823	0.17870	0.025326	5.7353	0.17436	23.209	25.429	91.181	33.288	43.975	209.01	47.499	1.1967e-05	0.0087916
280.97	0.21193	1414.3	0.00070708	1.5532	1.5628	5.7281	52.246	87.933	950.77	-0.23706	0.00034224	0.17783	0.025001	6.0907	0.16419	23.246	25.475	90.836	33.452	44.252	209.33	46.534	1.2039e-05	0.0088599
282.54	0.22507	1410.0	0.00070922	1.6918	1.7020	6.2201	52.214	88.025	944.00	-0.23402	0.00033666	0.17700	0.024693	6.4450	0.15516	23.281	25.518	90.513	33.611	44.522	209.62	45.639	1.2107e-05	0.0089256
284.05	0.23821	1405.9	0.00071129	1.8243	1.8351	6.6879	52.184	88.118	937.52	-0.23102	0.00033144	0.17620	0.024398	6.7982	0.14710	23.314	25.559	90.208	33.764	44.785	209.89	44.806	1.2173e-05	0.0089889
285.50	0.25136	1402.0	0.00071329	1.9513	1.9628	7.1340	52.156	88.212	931.30	-0.22806	0.00032654	0.17543	0.024116	7.1506	0.13985	23.346	25.598	89.920	33.913	45.042	210.14	44.027	1.2236e-05	0.0090501
286.88	0.26450	1398.2	0.00071522	2.0733	2.0854	7.5606	52.130	88.305	925.33	-0.22514	0.00032192	0.17468	0.023845	7.5022	0.13329	23.376	25.635	89.647	34.058	45.294	210.37	43.296	1.2296e-05	0.0091093
288.22	0.27764	1394.5	0.00071710	2.1908	2.2036	7.9693	52.106	88.399	919.57	-0.22225	0.00031755	0.17397	0.023585	7.8530	0.12734	23.405	25.670	89.387	34.198	45.540	210.58	42.609	1.2354e-05	0.0091668
289.50	0.29078	1391.0	0.00071893	2.3042	2.3176	8.3618	52.083	88.492	914.02	-0.21939	0.00031342	0.17327	0.023335	8.2032	0.12190	23.432	25.703	89.139	34.334	45.781	210.78	41.962	1.2410e-05	0.0092227
290.75	0.30392	1387.5	0.00072070	2.4137	2.4277	8.7394	52.062	88.586	908.65	-0.21657	0.00030949	0.17260	0.023093	8.5527	0.11692	23.458	25.735	88.903	34.468	46.019	210.97	41.349	1.2464e-05	0.0092772
291.95	0.31706	1384.2	0.00072244	2.5197	2.5344	9.1034	52.042	88.680	903.45	-0.21377	0.00030575	0.17194	0.022859	8.9016	0.11234	23.483	25.765	88.676	34.597	46.252	211.14	40.769	1.2517e-05	0.0093304
293.11	0.33021	1381.0	0.00072413	2.6224	2.6378	9.4547	52.023	88.774	898.41	-0.21100	0.00030218	0.17130	0.022633	9.2500	0.10811	23.508	25.795	88.459	34.724	46.481	211.30	40.218	1.2568e-05	0.0093823
294.24	0.34335	1377.8	0.00072578	2.7221	2.7381	9.7944	52.004	88.867	893.52	-0.20825	0.00029877	0.17068	0.022414	9.5979	0.10419	23.531	25.823	88.250	34.848	46.706	211.45	39.694	1.2617e-05	0.0094332
295.33	0.35649	1374.8	0.00072739	2.8190	2.8356	10.123	51.987	88.961	888.76	-0.20552	0.00029551	0.17008	0.022202	9.9453	0.10055	23.553	25.850	88.049	34.969	46.928	211.59	39.195	1.2665e-05	0.0094830
296.39	0.36963	1371.8	0.00072898	2.9133	2.9305	10.442	51.971	89.054	884.13	-0.20281	0.00029238	0.16949	0.021995	10.292	0.097159	23.575	25.876	87.856	35.087	47.147	211.72	38.718	1.2712e-05	0.0095319
297.43	0.38277	1368.9	0.00073053	3.0050	3.0230	10.751	51.956	89.148	879.62	-0.20012	0.00028938	0.16892	0.021795	10.639	0.093994	23.596	25.900	87.669	35.203	47.363	211.84	38.263	1.2758e-05	0.0095798
298.44	0.39591	1366.0	0.00073205	3.0945	3.1131	11.051	51.941	89.241	875.22	-0.19744	0.00028649	0.16835	0.021599	10.985	0.091030	23.616	25.925	87.488	35.317	47.576	211.96	37.827	1.2802e-05	0.0096270
299.42	0.40905	1363.2	0.00073354	3.1817	3.2010	11.343	51.927	89.335	870.93	-0.19478	0.00028370	0.16780	0.021409	11.331	0.088251	23.635	25.948	87.314	35.428	47.786	212.06	37.409	1.2846e-05	0.0096734
300.38	0.42220	1360.5	0.00073501	3.2670	3.2868	11.628	51.914	89.428	866.74	-0.19214	0.00028102	0.16727	0.021223	11.677	0.085638	23.654	25.970	87.145	35.538	47.994	212.16	37.007	1.2889e-05	0.0097190
301.31	0.43534	1357.9	0.00073645	3.3502	3.3708	11.905	51.901	89.522	862.64	-0.18951	0.00027843	0.16674	0.021042	12.022	0.083177	23.672	25.992	86.981	35.645	48.199	212.26	36.622	1.2930e-05	0.0097641
302.23	0.44848	1355.2	0.00073787	3.4316	3.4528	12.175	51.889	89.615	858.63	-0.18689	0.00027593	0.16622	0.020866	12.368	0.080856	23.690	26.013	86.821	35.750	48.402	212.34	36.251	1.2971e-05	0.0098084
303.12	0.46162	1352.7	0.00073927	3.5113	3.5332	12.438	51.877	89.708	854.70	-0.18429	0.00027351	0.16571	0.020693	12.713	0.078662	23.707	26.033	86.667	35.854	48.603	212.43	35.894	1.3011e-05	0.0098522
303.99	0.47476	1350.2	0.00074064	3.5893	3.6119	12.695	51.866	89.801	850.85	-0.18169	0.00027117	0.16522	0.020524	13.057	0.076584	23.724	26.053	86.517	35.956	48.802	212.50	35.549	1.3050e-05	0.0098955
304.85	0.48790	1347.7	0.00074200	3.6658	3.6890	12.946	51.855	89.894	847.08	-0.17911	0.00026890	0.16473	0.020358	13.402	0.074615	23.740	26.072	86.370	36.056	48.999	212.57	35.217	1.3088e-05	0.0099382
305.69	0.50105	1345.3	0.00074334	3.7407	3.7646	13.192	51.845	89.987	843.38	-0.17653	0.00026670	0.16425	0.020197	13.747	0.072745	23.756	26.091	86.228	36.155	49.194	212.64	34.896	1.3126e-05	0.0099805
306.51	0.51419	1342.9	0.00074465	3.8143	3.8388	13.432	51.835	90.080	839.76	-0.17397	0.00026456	0.16378	0.020038	14.091	0.070968	23.771	26.109	86.089	36.252	49.388	212.70	34.586	1.3163e-05	0.010022
307.32	0.52733	1340.6	0.00074596	3.8864	3.9116	13.668	51.826	90.173	836.19	-0.17141	0.00026248	0.16331	0.019882	14.435	0.069275	23.786	26.126	85.954	36.347	49.579	212.76	34.286	1.3200e-05	0.010064
308.11	0.54047	1338.3	0.00074724	3.9573	3.9832	13.898	51.817	90.266	832.69	-0.16886	0.00026047	0.16286	0.019730	14.779	0.067662	23.800	26.143	85.822	36.441	49.769	212.81	33.996	1.3235e-05	0.010105
308.88	0.55361	1336.0	0.00074851	4.0269	4.0535	14.124	51.809	90.358	829.25	-0.16632	0.00025850	0.16241	0.019580	15.123	0.066123	23.815	26.160	85.693	36.534	49.958	212.86	33.715	1.3271e-05	0.010145
309.64	0.56675	1333.8	0.00074976	4.0953	4.1226	14.345	51.800	90.451	825.87	-0.16379	0.00025659	0.16197	0.019434	15.467	0.064653	23.828	26.176	85.567	36.626	50.145	212.90	33.442	1.3305e-05	0.010185
310.39	0.57989	1331.6	0.00075100	4.1626	4.1905	14.562	51.792	90.544	822.54	-0.16126	0.00025473	0.16153	0.019290	15.811	0.063247	23.842	26.191	85.443	36.716	50.330	212.94	33.177	1.3339e-05	0.010225
311.13	0.59304	1329.4	0.00075223	4.2288	4.2574	14.776	51.785	90.637	819.26	-0.15873	0.00025292	0.16111	0.019148	16.155	0.061900	23.855	26.207	85.323	36.805	50.515	212.98	32.921	1.3373e-05	0.010265
311.85	0.60618	1327.3	0.00075344	4.2939	4.3232	14.985	51.777	90.729	816.04	-0.15621	0.00025115	0.16068	0.019009	16.499	0.060610	23.868	26.221	85.205	36.893	50.698	213.02	32.671	1.3406e-05	0.010304
312.56	0.61932	1325.1	0.00075464	4.3580	4.3880	15.190	51.770	90.822	812.86	-0.15370	0.00024943	0.16027	0.018872	16.843	0.059373	23.880	26.236	85.089	36.980	50.880	213.05	32.429	1.3439e-05	0.010343
313.27	0.63246	1323.1	0.00075582	4.4212	4.4518	15.392	51.764	90.915	809.73	-0.15119	0.00024774	0.15986	0.018737	17.186	0.058185	23.892	26.250	84.976	37.065	51.060	213.08	32.193	1.3471e-05	0.010382
313.95	0.64560	1321.0	0.00075700	4.4834	4.5147	15.591	51.757	91.008	806.65	-0.14869	0.00024610	0.15945	0.018605	17.530	0.057044	23.904	26.264	84.865	37.150	51.240	213.10	31.964	1.3503e-05	0.010420
314.63	0.65874	1319.0	0.00075816	4.5447	4.5767	15.786	51.751	91.100	803.61	-0.14619	0.00024449	0.15905	0.018474	17.874	0.055947	23.916	26.277	84.756	37.233	51.418	213.13	31.741	1.3534e-05	0.010458
315.30	0.67189	1317.0	0.00075931	4.6051	4.6378	15.978	51.745	91.193	800.61	-0.14369	0.00024292	0.15866	0.018346	18.218	0.054891	23.927	26.290	84.649	37.316	51.595	213.15	31.523	1.3565e-05	0.010496
315.96	0.68503	1315.0	0.00076045	4.6647	4.6981	16.167	51.739	91.286	797.65	-0.14119	0.00024138	0.15827	0.018220	18.562	0.053874	23.938	26.303	84.545	37.397	51.772	213.16	31.312	1.3596e-05	0.010534
316.61	0.69817	1313.1	0.00076159	4.7235	4.7575	16.353	51.734	91.379	794.73	-0.13870	0.00023988	0.15788	0.018095	18.906	0.052894	23.949	26.315	84.442	37.478	51.947	213.18	31.105	1.3626e-05	0.010572
317.25	0.71131	1311.1	0.00076271	4.7815	4.8162	16.536	51.728	91.471	791.85	-0.13621	0.00023841	0.15750	0.017972	19.250	0.051949	23.960	26.327	84.341	37.557	52.122	213.19	30.904	1.3656e-05	0.010609
317.88	0.72445	1309.2	0.00076382	4.8387	4.8742	16.716	51.723	91.564	789.01	-0.13372	0.00023697	0.15713	0.017852	19.594	0.051036	23.970	26.339	84.241	37.636	52.296	213.20	30.708	1.3685e-05	0.010646
318.50	0.73759	1307.3	0.00076492	4.8952	4.9313	16.894	51.718	91.657	786.20	-0.13124	0.00023555	0.15676	0.017732	19.938	0.050155	23.981	26.351	84.144	37.714	52.469	213.21	30.516	1.3714e-05	0.010683
319.12	0.75073	1305.5	0.00076602	4.9510	4.9878	17.069	51.714	91.750	783.42	-0.12875	0.00023417	0.15639	0.017615	20.282	0.049304	23.991	26.362	84.048	37.791	52.641	213.22	30.329	1.3743e-05	0.010720
319.72	0.76388	1303.6	0.00076710	5.0061	5.0436	17.242	51.709	91.843	780.68	-0.12627	0.00023281	0.15603	0.017499	20.627	0.048481	24.000	26.373	83.953	37.867	52.812	213.22	30.146	1.3772e-05	0.010757
320.32	0.77702	1301.8	0.00076818	5.0605	5.0987	17.412	51.705	91.936	777.97	-0.12379	0.00023148	0.15567	0.017384	20.971	0.047685	24.010	26.384	83.861	37.943	52.982	213.23	29.967	1.3800e-05	0.010793
320.91	0.79016	1300.0	0.00076925	5.1143	5.1532	17.580	51.701	92.029	775.30	-0.12131	0.00023018	0.15532	0.017271	21.316	0.046914	24.019	26.394	83.769	38.018	53.152	213.23	29.793	1.3828e-05	0.010829
321.50	0.80330	1298.2	0.00077031	5.1674	5.2071	17.746	51.697	92.122	772.65	-0.11883	0.00022890	0.15497	0.017160	21.660	0.046168	24.029	26.404	83.679	38.092	53.322	213.22	29.622	1.3856e-05	0.010866
322.07	0.81644	1296.4	0.00077136	5.2200	5.2603	17.909	51.693	92.215	770.03	-0.11635	0.00022764	0.15462	0.017050	22.005	0.045444	24.038	26.414	83.590	38.165	53.490	213.22	29.455	1.3883e-05	0.010902
322.64	0.82958	1294.7	0.00077241	5.2719	5.3130	18.070	51.690	92.309	767.44	-0.11387	0.00022640	0.15428	0.016941	22.350	0.044743	24.046	26.424	83.503	38.237	53.658	213.22	29.291	1.3911e-05	0.010938
323.20	0.84273	1292.9	0.00077345	5.3233	5.3650	18.230	51.686	92.402	764.88	-0.11139	0.00022519	0.15394	0.016834	22.695	0.044063	24.055	26.434	83.417	38.309	53.826	213.21	29.131	1.3937e-05	0.010973
323.76	0.85587	1291.2	0.00077448	5.3741	5.4166	18.387	51.683	92.496	762.34	-0.10891	0.00022400	0.15360	0.016728	23.040	0.043403	24.063	26.443	83.332	38.380	53.992	213.20	28.974	1.3964e-05	0.011009
324.31	0.86901	1289.5	0.00077551	5.4244	5.4675	18.542	51.680	92.589	759.83	-0.10643	0.00022283	0.15327	0.016623	23.385	0.042762	24.072	26.452	83.249	38.451	54.159	213.19	28.821	1.3991e-05	0.011045
324.85	0.88215	1287.8	0.00077653	5.4741	5.5180	18.696	51.677	92.683	757.35	-0.10395	0.00022168	0.15294	0.016519	23.731	0.042139	24.080	26.461	83.166	38.521	54.325	213.18	28.671	1.4017e-05	0.011080
325.39	0.89529	1286.1	0.00077754	5.5233	5.5679	18.847	51.674	92.776	754.89	-0.10147	0.00022054	0.15261	0.016417	24.077	0.041534	24.088	26.470	83.085	38.590	54.490	213.17	28.523	1.4043e-05	0.011116
325.92	0.90843	1284.4	0.00077855	5.5720	5.6174	18.997	51.671	92.870	752.45	-0.098983	0.00021943	0.15229	0.016315	24.422	0.040946	24.096	26.479	83.005	38.659	54.655	213.16	28.379	1.4069e-05	0.011151
326.45	0.92158	1282.8	0.00077955	5.6203	5.6663	19.145	51.669	92.964	750.04	-0.096500	0.00021833	0.15197	0.016215	24.768	0.040374	24.104	26.487	82.925	38.727	54.819	213.14	28.237	1.4094e-05	0.011186
326.97	0.93472	1281.2	0.00078054	5.6680	5.7148	19.291	51.666	93.058	747.65	-0.094014	0.00021726	0.15165	0.016116	25.115	0.039818	24.111	26.495	82.847	38.794	54.983	213.13	28.098	1.4120e-05	0.011222
327.48	0.94786	1279.5	0.00078153	5.7153	5.7628	19.436	51.664	93.152	745.28	-0.091528	0.00021619	0.15133	0.016018	25.461	0.039276	24.118	26.503	82.770	38.861	55.147	213.11	27.962	1.4145e-05	0.011257
327.99	0.96100	1277.9	0.00078252	5.7622	5.8103	19.579	51.662	93.246	742.94	-0.089039	0.00021515	0.15102	0.015922	25.808	0.038748	24.126	26.511	82.694	38.927	55.310	213.09	27.828	1.4170e-05	0.011292
328.49	0.97414	1276.3	0.00078350	5.8085	5.8574	19.721	51.660	93.341	740.62	-0.086549	0.00021412	0.15071	0.015826	26.154	0.038235	24.133	26.519	82.619	38.993	55.473	213.07	27.697	1.4194e-05	0.011327
328.99	0.98728	1274.7	0.00078447	5.8545	5.9041	19.861	51.658	93.435	738.31	-0.084057	0.00021311	0.15041	0.015731	26.501	0.037734	24.140	26.527	82.544	39.058	55.635	213.05	27.568	1.4219e-05	0.011362
329.49	1.0004	1273.2	0.00078544	5.9001	5.9504	19.999	51.656	93.530	736.03	-0.081563	0.00021211	0.15010	0.015637	26.848	0.037246	24.147	26.534	82.471	39.123	55.797	213.02	27.442	1.4243e-05	0.011397
329.97	1.0136	1271.6	0.00078641	5.9452	5.9962	20.136	51.655	93.625	733.77	-0.079067	0.00021113	0.14980	0.015544	27.196	0.036770	24.154	26.541	82.398	39.187	55.959	213.00	27.317	1.4268e-05	0.011431
330.46	1.0267	1270.1	0.00078736	5.9899	6.0417	20.272	51.653	93.719	731.53	-0.076568	0.00021016	0.14950	0.015452	27.543	0.036306	24.160	26.548	82.326	39.251	56.121	212.98	27.195	1.4292e-05	0.011466
330.94	1.0398	1268.5	0.00078832	6.0342	6.0868	20.406	51.652	93.814	729.30	-0.074067	0.00020920	0.14920	0.015361	27.891	0.035854	24.167	26.555	82.256	39.315	56.282	212.95	27.075	1.4316e-05	0.011501
331.41	1.0530	1267.0	0.00078927	6.0782	6.1314	20.539	51.651	93.910	727.10	-0.071564	0.00020826	0.14891	0.015271	28.239	0.035412	24.173	26.562	82.185	39.377	56.443	212.92	26.957	1.4339e-05	0.011536
331.88	1.0661	1265.5	0.00079022	6.1218	6.1757	20.671	51.650	94.005	724.91	-0.069057	0.00020733	0.14862	0.015182	28.588	0.034980	24.179	26.568	82.116	39.440	56.604	212.90	26.841	1.4363e-05	0.011570
332.35	1.0793	1264.0	0.00079116	6.1650	6.2197	20.801	51.649	94.100	722.74	-0.066548	0.00020641	0.14833	0.015093	28.936	0.034559	24.185	26.575	82.047	39.502	56.764	212.87	26.727	1.4387e-05	0.011605
332.81	1.0924	1262.5	0.00079210	6.2078	6.2633	20.930	51.648	94.196	720.58	-0.064036	0.00020551	0.14804	0.015006	29.285	0.034147	24.192	26.581	81.979	39.563	56.925	212.84	26.615	1.4410e-05	0.011640
333.27	1.1056	1261.0	0.00079303	6.2503	6.3065	21.058	51.647	94.292	718.45	-0.061521	0.00020462	0.14776	0.014919	29.634	0.033745	24.197	26.588	81.912	39.624	57.085	212.81	26.505	1.4433e-05	0.011674
333.72	1.1187	1259.5	0.00079396	6.2925	6.3494	21.184	51.646	94.388	716.33	-0.059002	0.00020374	0.14747	0.014833	29.983	0.033352	24.203	26.594	81.846	39.685	57.245	212.78	26.396	1.4456e-05	0.011709
334.17	1.1318	1258.0	0.00079488	6.3343	6.3920	21.310	51.645	94.484	714.23	-0.056480	0.00020287	0.14719	0.014748	30.333	0.032968	24.209	26.600	81.780	39.745	57.405	212.74	26.290	1.4479e-05	0.011743
334.62	1.1450	1256.6	0.00079581	6.3758	6.4342	21.434	51.645	94.580	712.14	-0.053955	0.00020201	0.14691	0.014663	30.683	0.032592	24.215	26.605	81.715	39.805	57.564	212.71	26.185	1.4502e-05	0.011778
335.06	1.1581	1255.1	0.00079673	6.4170	6.4761	21.557	51.645	94.676	710.07	-0.051426	0.00020116	0.14664	0.014579	31.033	0.032224	24.220	26.611	81.650	39.864	57.724	212.68	26.081	1.4524e-05	0.011812
335.50	1.1713	1253.7	0.00079764	6.4578	6.5177	21.679	51.644	94.773	708.01	-0.048893	0.00020033	0.14636	0.014496	31.383	0.031864	24.226	26.617	81.587	39.923	57.883	212.64	25.979	1.4547e-05	0.011847
335.94	1.1844	1252.3	0.00079855	6.4984	6.5590	21.800	51.644	94.870	705.97	-0.046357	0.00019950	0.14609	0.014414	31.734	0.031512	24.231	26.622	81.523	39.981	58.042	212.61	25.879	1.4569e-05	0.011881
336.37	1.1975	1250.8	0.00079946	6.5386	6.6000	21.920	51.644	94.967	703.94	-0.043817	0.00019869	0.14582	0.014333	32.084	0.031168	24.236	26.627	81.461	40.040	58.201	212.57	25.781	1.4591e-05	0.011916
336.79	1.2107	1249.4	0.00080037	6.5786	6.6406	22.039	51.644	95.064	701.93	-0.041273	0.00019788	0.14555	0.014252	32.436	0.030830	24.241	26.633	81.399	40.098	58.361	212.53	25.683	1.4614e-05	0.011950
337.22	1.2238	1248.0	0.00080127	6.6182	6.6810	22.157	51.644	95.161	699.93	-0.038724	0.00019709	0.14528	0.014172	32.787	0.030500	24.246	26.638	81.337	40.155	58.520	212.49	25.587	1.4636e-05	0.011984
337.64	1.2370	1246.6	0.00080217	6.6576	6.7211	22.274	51.644	95.259	697.94	-0.036172	0.00019630	0.14502	0.014092	33.139	0.030176	24.251	26.643	81.276	40.212	58.678	212.46	25.493	1.4657e-05	0.012019
338.06	1.2501	1245.2	0.00080306	6.6967	6.7610	22.390	51.644	95.356	695.97	-0.033615	0.00019552	0.14475	0.014013	33.491	0.029859	24.256	26.648	81.216	40.269	58.837	212.42	25.400	1.4679e-05	0.012053
338.47	1.2633	1243.9	0.00080395	6.7355	6.8005	22.505	51.645	95.454	694.01	-0.031054	0.00019475	0.14449	0.013935	33.843	0.029548	24.261	26.652	81.156	40.325	58.996	212.38	25.308	1.4701e-05	0.012088
338.88	1.2764	1242.5	0.00080484	6.7740	6.8398	22.619	51.645	95.552	692.07	-0.028489	0.00019399	0.14423	0.013858	34.196	0.029243	24.266	26.657	81.097	40.381	59.155	212.34	25.218	1.4723e-05	0.012122
339.29	1.2895	1241.1	0.00080573	6.8123	6.8789	22.732	51.646	95.651	690.13	-0.025918	0.00019324	0.14397	0.013781	34.549	0.028945	24.270	26.662	81.038	40.437	59.314	212.29	25.129	1.4744e-05	0.012157
339.70	1.3027	1239.8	0.00080661	6.8503	6.9176	22.844	51.646	95.749	688.21	-0.023344	0.00019250	0.14372	0.013704	34.902	0.028652	24.275	26.666	80.980	40.493	59.472	212.25	25.041	1.4765e-05	0.012191
340.10	1.3158	1238.4	0.00080749	6.8881	6.9561	22.955	51.647	95.848	686.31	-0.020764	0.00019177	0.14346	0.013629	35.255	0.028364	24.279	26.670	80.922	40.548	59.631	212.21	24.955	1.4787e-05	0.012225
340.50	1.3290	1237.1	0.00080837	6.9256	6.9944	23.066	51.648	95.947	684.41	-0.018180	0.00019104	0.14321	0.013554	35.609	0.028083	24.284	26.675	80.865	40.603	59.790	212.17	24.869	1.4808e-05	0.012260
340.89	1.3421	1235.7	0.00080925	6.9628	7.0324	23.175	51.649	96.046	682.53	-0.015590	0.00019032	0.14296	0.013479	35.963	0.027806	24.288	26.679	80.808	40.657	59.949	212.12	24.785	1.4829e-05	0.012294
341.28	1.3552	1234.4	0.00081012	6.9999	7.0702	23.284	51.650	96.146	680.65	-0.012996	0.00018961	0.14271	0.013405	36.318	0.027535	24.292	26.683	80.751	40.711	60.107	212.08	24.702	1.4850e-05	0.012329
341.67	1.3684	1233.1	0.00081099	7.0366	7.1077	23.392	51.651	96.245	678.79	-0.010397	0.00018891	0.14246	0.013332	36.673	0.027268	24.296	26.687	80.696	40.765	60.266	212.03	24.620	1.4871e-05	0.012363
342.06	1.3815	1231.7	0.00081186	7.0732	7.1450	23.499	51.652	96.345	676.94	-0.0077918	0.00018822	0.14221	0.013259	37.028	0.027007	24.301	26.691	80.640	40.819	60.425	211.99	24.539	1.4892e-05	0.012398
342.45	1.3947	1230.4	0.00081273	7.1095	7.1821	23.606	51.653	96.445	675.10	-0.0051819	0.00018753	0.14196	0.013186	37.383	0.026750	24.305	26.695	80.585	40.872	60.584	211.94	24.459	1.4912e-05	0.012433
342.83	1.4078	1229.1	0.00081359	7.1456	7.2190	23.711	51.654	96.545	673.28	-0.0025666	0.00018685	0.14172	0.013115	37.739	0.026498	24.308	26.698	80.530	40.925	60.743	211.89	24.380	1.4933e-05	0.012467
343.21	1.4210	1227.8	0.00081446	7.1815	7.2556	23.816	51.656	96.646	671.46	5.4209e-05	0.00018617	0.14148	0.013043	38.095	0.026250	24.312	26.702	80.476	40.978	60.902	211.85	24.302	1.4954e-05	0.012502
343.58	1.4341	1226.5	0.00081532	7.2171	7.2920	23.920	51.657	96.747	669.65	0.0026805	0.00018551	0.14124	0.012973	38.452	0.026007	24.316	26.705	80.422	41.030	61.061	211.80	24.226	1.4974e-05	0.012536
343.96	1.4472	1225.2	0.00081617	7.2526	7.3282	24.023	51.659	96.848	667.86	0.0053124	0.00018485	0.14100	0.012902	38.809	0.025767	24.320	26.709	80.369	41.083	61.221	211.75	24.150	1.4995e-05	0.012571
344.33	1.4604	1223.9	0.00081703	7.2878	7.3642	24.126	51.660	96.949	666.07	0.0079501	0.00018419	0.14076	0.012832	39.166	0.025532	24.323	26.712	80.316	41.135	61.380	211.70	24.075	1.5015e-05	0.012606
344.70	1.4735	1222.7	0.00081788	7.3228	7.4000	24.228	51.662	97.051	664.30	0.010593	0.00018355	0.14052	0.012763	39.523	0.025301	24.327	26.715	80.263	41.186	61.540	211.65	24.001	1.5035e-05	0.012640
345.07	1.4867	1221.4	0.00081873	7.3576	7.4356	24.329	51.664	97.152	662.53	0.013243	0.00018291	0.14028	0.012694	39.881	0.025074	24.331	26.719	80.211	41.238	61.699	211.60	23.928	1.5056e-05	0.012675
345.43	1.4998	1220.1	0.00081958	7.3922	7.4710	24.429	51.665	97.254	660.78	0.015898	0.00018227	0.14005	0.012626	40.240	0.024851	24.334	26.722	80.159	41.289	61.859	211.55	23.856	1.5076e-05	0.012710
345.79	1.5129	1218.9	0.00082043	7.4267	7.5062	24.529	51.667	97.357	659.03	0.018559	0.00018164	0.13981	0.012558	40.598	0.024632	24.337	26.725	80.108	41.340	62.019	211.50	23.784	1.5096e-05	0.012745
346.15	1.5261	1217.6	0.00082128	7.4609	7.5412	24.628	51.669	97.459	657.29	0.021226	0.00018102	0.13958	0.012491	40.957	0.024416	24.341	26.728	80.057	41.391	62.179	211.45	23.714	1.5116e-05	0.012779
346.51	1.5392	1216.4	0.00082212	7.4949	7.5760	24.727	51.671	97.562	655.56	0.023900	0.00018040	0.13935	0.012424	41.317	0.024203	24.344	26.731	80.006	41.441	62.339	211.40	23.644	1.5136e-05	0.012814
346.86	1.5524	1215.1	0.00082296	7.5288	7.6106	24.825	51.673	97.665	653.85	0.026580	0.00017979	0.13912	0.012357	41.676	0.023994	24.347	26.733	79.955	41.491	62.500	211.35	23.576	1.5156e-05	0.012849
347.22	1.5655	1213.9	0.00082380	7.5624	7.6450	24.922	51.676	97.769	652.14	0.029266	0.00017919	0.13889	0.012291	42.036	0.023789	24.350	26.736	79.905	41.541	62.660	211.29	23.508	1.5175e-05	0.012884
347.57	1.5787	1212.6	0.00082464	7.5959	7.6793	25.019	51.678	97.872	650.44	0.031958	0.00017859	0.13866	0.012226	42.397	0.023587	24.353	26.739	79.855	41.591	62.821	211.24	23.440	1.5195e-05	0.012919
347.91	1.5918	1211.4	0.00082548	7.6292	7.7134	25.115	51.680	97.976	648.74	0.034657	0.00017799	0.13844	0.012160	42.758	0.023388	24.356	26.741	79.806	41.641	62.982	211.19	23.374	1.5215e-05	0.012954
348.26	1.6049	1210.2	0.00082632	7.6623	7.7473	25.210	51.683	98.080	647.06	0.037363	0.00017740	0.13821	0.012096	43.119	0.023192	24.359	26.744	79.757	41.690	63.143	211.13	23.308	1.5234e-05	0.012989
348.61	1.6181	1209.0	0.00082715	7.6952	7.7810	25.305	51.685	98.185	645.39	0.040075	0.00017682	0.13799	0.012031	43.481	0.022999	24.362	26.746	79.708	41.739	63.304	211.08	23.243	1.5254e-05	0.013024
348.95	1.6312	1207.8	0.00082798	7.7280	7.8145	25.399	51.688	98.290	643.72	0.042794	0.00017624	0.13777	0.011967	43.843	0.022809	24.365	26.749	79.659	41.788	63.466	211.02	23.179	1.5274e-05	0.013059
349.29	1.6444	1206.5	0.00082881	7.7606	7.8479	25.493	51.690	98.395	642.06	0.045519	0.00017567	0.13754	0.011904	44.205	0.022622	24.368	26.751	79.611	41.837	63.628	210.97	23.116	1.5293e-05	0.013094
349.63	1.6575	1205.3	0.00082964	7.7930	7.8811	25.586	51.693	98.500	640.41	0.048252	0.00017510	0.13732	0.011841	44.568	0.022438	24.370	26.753	79.563	41.885	63.790	210.91	23.053	1.5312e-05	0.013130
349.96	1.6706	1204.1	0.00083047	7.8253	7.9142	25.678	51.696	98.606	638.77	0.050991	0.00017453	0.13710	0.011778	44.931	0.022256	24.373	26.755	79.515	41.933	63.952	210.86	22.991	1.5332e-05	0.013165
350.30	1.6838	1202.9	0.00083130	7.8574	7.9471	25.770	51.698	98.712	637.13	0.053738	0.00017397	0.13689	0.011715	45.295	0.022078	24.376	26.757	79.468	41.982	64.114	210.80	22.929	1.5351e-05	0.013200
350.63	1.6969	1201.7	0.00083213	7.8893	7.9798	25.861	51.701	98.818	635.51	0.056491	0.00017342	0.13667	0.011653	45.659	0.021902	24.378	26.759	79.421	42.029	64.277	210.74	22.869	1.5370e-05	0.013236
350.96	1.7101	1200.6	0.00083295	7.9211	8.0124	25.952	51.704	98.925	633.89	0.059252	0.00017287	0.13645	0.011592	46.023	0.021728	24.381	26.761	79.374	42.077	64.440	210.69	22.809	1.5389e-05	0.013271
351.29	1.7232	1199.4	0.00083377	7.9528	8.0448	26.043	51.707	99.031	632.28	0.062019	0.00017232	0.13624	0.011531	46.388	0.021557	24.383	26.763	79.328	42.125	64.603	210.63	22.749	1.5409e-05	0.013306
351.61	1.7364	1198.2	0.00083460	7.9842	8.0771	26.132	51.710	99.139	630.67	0.064795	0.00017178	0.13602	0.011470	46.753	0.021389	24.386	26.765	79.281	42.172	64.767	210.57	22.690	1.5428e-05	0.013342
351.94	1.7495	1197.0	0.00083542	8.0156	8.1092	26.222	51.713	99.246	629.08	0.067577	0.00017125	0.13581	0.011409	47.119	0.021223	24.388	26.767	79.235	42.219	64.931	210.52	22.632	1.5447e-05	0.013378
352.26	1.7626	1195.8	0.00083624	8.0467	8.1412	26.311	51.717	99.354	627.49	0.070367	0.00017072	0.13560	0.011349	47.485	0.021059	24.390	26.768	79.189	42.266	65.095	210.46	22.574	1.5466e-05	0.013413
352.58	1.7758	1194.7	0.00083706	8.0778	8.1730	26.399	51.720	99.462	625.91	0.073164	0.00017019	0.13538	0.011289	47.851	0.020898	24.392	26.770	79.144	42.313	65.259	210.40	22.517	1.5485e-05	0.013449
352.90	1.7889	1193.5	0.00083787	8.1086	8.2047	26.487	51.723	99.571	624.33	0.075969	0.00016966	0.13517	0.011230	48.218	0.020739	24.395	26.771	79.099	42.360	65.424	210.34	22.461	1.5504e-05	0.013485
353.22	1.8021	1192.3	0.00083869	8.1394	8.2362	26.574	51.727	99.680	622.77	0.078782	0.00016915	0.13496	0.011170	48.586	0.020582	24.397	26.773	79.054	42.406	65.589	210.28	22.405	1.5523e-05	0.013520
353.53	1.8152	1191.2	0.00083951	8.1700	8.2676	26.661	51.730	99.789	621.20	0.081602	0.00016863	0.13476	0.011112	48.953	0.020428	24.399	26.774	79.009	42.452	65.754	210.22	22.350	1.5541e-05	0.013556
353.85	1.8283	1190.0	0.00084032	8.2004	8.2989	26.747	51.734	99.898	619.65	0.084431	0.00016812	0.13455	0.011053	49.322	0.020275	24.401	26.776	78.964	42.498	65.920	210.16	22.295	1.5560e-05	0.013592
354.16	1.8415	1188.9	0.00084113	8.2308	8.3300	26.833	51.737	100.01	618.10	0.087267	0.00016761	0.13434	0.010995	49.690	0.020125	24.403	26.777	78.920	42.544	66.086	210.10	22.241	1.5579e-05	0.013628
354.47	1.8546	1187.7	0.00084195	8.2609	8.3610	26.919	51.741	100.12	616.56	0.090111	0.00016711	0.13414	0.010937	50.059	0.019976	24.405	26.778	78.876	42.590	66.252	210.04	22.187	1.5598e-05	0.013664
354.78	1.8678	1186.6	0.00084276	8.2910	8.3918	27.004	51.745	100.23	615.03	0.092962	0.00016661	0.13393	0.010880	50.429	0.019830	24.407	26.780	78.832	42.636	66.419	209.98	22.134	1.5616e-05	0.013700
355.09	1.8809	1185.4	0.00084357	8.3209	8.4226	27.088	51.748	100.34	613.50	0.095823	0.00016611	0.13373	0.010823	50.799	0.019686	24.409	26.781	78.788	42.681	66.586	209.92	22.081	1.5635e-05	0.013736
355.39	1.8941	1184.3	0.00084438	8.3507	8.4532	27.172	51.752	100.45	611.98	0.098691	0.00016562	0.13352	0.010766	51.169	0.019543	24.410	26.782	78.745	42.726	66.753	209.86	22.029	1.5654e-05	0.013772
355.70	1.9072	1183.2	0.00084519	8.3804	8.4836	27.256	51.756	100.56	610.46	0.10157	0.00016513	0.13332	0.010709	51.540	0.019402	24.412	26.783	78.702	42.772	66.921	209.79	21.977	1.5672e-05	0.013809
356.00	1.9203	1182.0	0.00084600	8.4099	8.5140	27.339	51.760	100.67	608.96	0.10445	0.00016465	0.13312	0.010653	51.911	0.019264	24.414	26.784	78.659	42.817	67.089	209.73	21.926	1.5691e-05	0.013845
356.30	1.9335	1180.9	0.00084680	8.4393	8.5442	27.422	51.764	100.79	607.45	0.10734	0.00016417	0.13292	0.010597	52.283	0.019127	24.415	26.785	78.616	42.861	67.258	209.67	21.875	1.5709e-05	0.013881
356.60	1.9466	1179.8	0.00084761	8.4686	8.5743	27.505	51.768	100.90	605.96	0.11025	0.00016369	0.13272	0.010541	52.655	0.018991	24.417	26.785	78.573	42.906	67.427	209.61	21.825	1.5728e-05	0.013918
356.90	1.9598	1178.7	0.00084842	8.4977	8.6043	27.587	51.772	101.01	604.47	0.11316	0.00016321	0.13252	0.010486	53.028	0.018858	24.419	26.786	78.531	42.951	67.596	209.54	21.775	1.5746e-05	0.013954
357.20	1.9729	1177.5	0.00084922	8.5268	8.6341	27.668	51.777	101.13	602.98	0.11607	0.00016274	0.13232	0.010431	53.401	0.018726	24.420	26.787	78.488	42.995	67.766	209.48	21.726	1.5765e-05	0.013991
357.49	1.9860	1176.4	0.00085003	8.5557	8.6639	27.749	51.781	101.24	601.50	0.11900	0.00016227	0.13212	0.010376	53.775	0.018596	24.422	26.788	78.446	43.039	67.936	209.42	21.677	1.5783e-05	0.014028
357.79	1.9992	1175.3	0.00085083	8.5845	8.6935	27.830	51.785	101.35	600.03	0.12194	0.00016181	0.13193	0.010322	54.149	0.018468	24.423	26.788	78.405	43.084	68.107	209.36	21.629	1.5802e-05	0.014064
358.08	2.0123	1174.2	0.00085163	8.6132	8.7230	27.911	51.790	101.47	598.56	0.12488	0.00016135	0.13173	0.010268	54.524	0.018341	24.425	26.789	78.363	43.128	68.278	209.29	21.581	1.5820e-05	0.014101
358.37	2.0255	1173.1	0.00085244	8.6417	8.7524	27.991	51.794	101.58	597.10	0.12784	0.00016089	0.13154	0.010214	54.899	0.018215	24.426	26.789	78.322	43.171	68.449	209.23	21.533	1.5838e-05	0.014138
358.66	2.0386	1172.0	0.00085324	8.6702	8.7816	28.070	51.799	101.70	595.65	0.13080	0.00016043	0.13134	0.010160	55.274	0.018092	24.427	26.790	78.280	43.215	68.621	209.16	21.486	1.5856e-05	0.014175
358.95	2.0517	1170.9	0.00085404	8.6985	8.8108	28.150	51.803	101.81	594.20	0.13377	0.00015998	0.13115	0.010107	55.650	0.017969	24.428	26.790	78.239	43.259	68.793	209.10	21.439	1.5875e-05	0.014212
359.24	2.0649	1169.8	0.00085484	8.7268	8.8399	28.229	51.808	101.93	592.75	0.13675	0.00015953	0.13095	0.010054	56.027	0.017849	24.430	26.791	78.198	43.302	68.966	209.03	21.393	1.5893e-05	0.014249
359.52	2.0780	1168.7	0.00085564	8.7549	8.8688	28.307	51.813	102.05	591.31	0.13974	0.00015909	0.13076	0.010001	56.404	0.017729	24.431	26.791	78.157	43.346	69.139	208.97	21.347	1.5911e-05	0.014286
359.81	2.0912	1167.6	0.00085644	8.7829	8.8976	28.385	51.817	102.16	589.88	0.14274	0.00015865	0.13057	0.0099484	56.781	0.017612	24.432	26.791	78.117	43.389	69.313	208.90	21.302	1.5929e-05	0.014323
360.09	2.1043	1166.5	0.00085724	8.8108	8.9264	28.463	51.822	102.28	588.45	0.14575	0.00015821	0.13038	0.0098961	57.159	0.017495	24.433	26.792	78.076	43.432	69.487	208.84	21.257	1.5948e-05	0.014361
360.37	2.1175	1165.4	0.00085804	8.8386	8.9550	28.541	51.827	102.40	587.03	0.14876	0.00015777	0.13019	0.0098441	57.537	0.017380	24.434	26.792	78.036	43.475	69.662	208.77	21.212	1.5966e-05	0.014398
360.65	2.1306	1164.4	0.00085884	8.8663	8.9835	28.618	51.832	102.52	585.61	0.15179	0.00015733	0.13000	0.0097923	57.916	0.017266	24.435	26.792	77.996	43.518	69.837	208.71	21.167	1.5984e-05	0.014435
360.93	2.1437	1163.3	0.00085964	8.8939	9.0120	28.695	51.837	102.64	584.20	0.15483	0.00015690	0.12981	0.0097408	58.296	0.017154	24.436	26.792	77.956	43.560	70.013	208.64	21.123	1.6002e-05	0.014473
361.21	2.1569	1162.2	0.00086044	8.9214	9.0403	28.771	51.842	102.75	582.79	0.15787	0.00015647	0.12962	0.0096895	58.676	0.017043	24.437	26.792	77.916	43.603	70.189	208.57	21.080	1.6020e-05	0.014511
361.49	2.1700	1161.1	0.00086124	8.9488	9.0685	28.847	51.847	102.87	581.39	0.16093	0.00015605	0.12944	0.0096385	59.056	0.016933	24.438	26.792	77.877	43.646	70.366	208.51	21.037	1.6038e-05	0.014548
361.76	2.1832	1160.0	0.00086203	8.9761	9.0966	28.923	51.852	102.99	579.99	0.16399	0.00015562	0.12925	0.0095877	59.437	0.016824	24.439	26.792	77.837	43.688	70.543	208.44	20.994	1.6056e-05	0.014586
362.03	2.1963	1159.0	0.00086283	9.0032	9.1247	28.998	51.858	103.11	578.60	0.16707	0.00015520	0.12907	0.0095372	59.819	0.016717	24.440	26.792	77.798	43.730	70.721	208.37	20.951	1.6074e-05	0.014624
362.31	2.2094	1157.9	0.00086363	9.0303	9.1526	29.073	51.863	103.23	577.21	0.17015	0.00015479	0.12888	0.0094869	60.201	0.016611	24.441	26.792	77.759	43.772	70.899	208.31	20.909	1.6092e-05	0.014662
362.58	2.2226	1156.8	0.00086442	9.0573	9.1804	29.148	51.868	103.36	575.83	0.17325	0.00015437	0.12870	0.0094369	60.583	0.016506	24.441	26.792	77.720	43.815	71.078	208.24	20.867	1.6110e-05	0.014700
362.85	2.2357	1155.8	0.00086522	9.0842	9.2082	29.223	51.874	103.48	574.45	0.17635	0.00015396	0.12851	0.0093871	60.966	0.016402	24.442	26.791	77.681	43.857	71.257	208.17	20.825	1.6128e-05	0.014738
363.12	2.2489	1154.7	0.00086602	9.1110	9.2358	29.297	51.879	103.60	573.07	0.17947	0.00015355	0.12833	0.0093375	61.350	0.016300	24.443	26.791	77.642	43.898	71.437	208.10	20.784	1.6146e-05	0.014776
363.39	2.2620	1153.7	0.00086681	9.1377	9.2634	29.371	51.885	103.72	571.70	0.18259	0.00015314	0.12815	0.0092881	61.734	0.016199	24.443	26.791	77.604	43.940	71.618	208.03	20.743	1.6164e-05	0.014814
363.65	2.2752	1152.6	0.00086761	9.1644	9.2908	29.444	51.890	103.85	570.34	0.18573	0.00015273	0.12796	0.0092390	62.119	0.016098	24.444	26.790	77.565	43.982	71.799	207.97	20.703	1.6182e-05	0.014853
363.92	2.2883	1151.5	0.00086840	9.1909	9.3182	29.517	51.896	103.97	568.98	0.18888	0.00015233	0.12778	0.0091901	62.504	0.015999	24.444	26.790	77.527	44.023	71.980	207.90	20.662	1.6200e-05	0.014891
364.19	2.3014	1150.5	0.00086920	9.2173	9.3455	29.590	51.902	104.09	567.62	0.19203	0.00015193	0.12760	0.0091414	62.890	0.015901	24.445	26.789	77.489	44.065	72.162	207.83	20.622	1.6218e-05	0.014930
364.45	2.3146	1149.4	0.00086999	9.2437	9.3727	29.663	51.907	104.22	566.27	0.19520	0.00015153	0.12742	0.0090930	63.276	0.015804	24.446	26.789	77.451	44.106	72.345	207.76	20.583	1.6236e-05	0.014968
364.71	2.3277	1148.4	0.00087079	9.2699	9.3998	29.735	51.913	104.34	564.93	0.19837	0.00015114	0.12724	0.0090447	63.663	0.015708	24.446	26.788	77.413	44.147	72.529	207.69	20.543	1.6253e-05	0.015007
364.97	2.3409	1147.3	0.00087158	9.2961	9.4268	29.807	51.919	104.47	563.59	0.20156	0.00015074	0.12706	0.0089967	64.050	0.015613	24.446	26.788	77.375	44.189	72.713	207.62	20.504	1.6271e-05	0.015046
365.23	2.3540	1146.3	0.00087238	9.3222	9.4537	29.879	51.925	104.59	562.25	0.20476	0.00015035	0.12688	0.0089489	64.438	0.015519	24.447	26.787	77.337	44.230	72.897	207.55	20.466	1.6289e-05	0.015084
365.49	2.3671	1145.2	0.00087317	9.3482	9.4806	29.951	51.931	104.72	560.91	0.20797	0.00014996	0.12671	0.0089014	64.826	0.015426	24.447	26.786	77.300	44.271	73.082	207.48	20.427	1.6307e-05	0.015123
365.75	2.3803	1144.2	0.00087397	9.3741	9.5074	30.022	51.937	104.85	559.59	0.21119	0.00014958	0.12653	0.0088540	65.215	0.015334	24.447	26.786	77.263	44.312	73.268	207.41	20.389	1.6325e-05	0.015162
366.01	2.3934	1143.2	0.00087476	9.3999	9.5340	30.093	51.943	104.97	558.26	0.21442	0.00014919	0.12635	0.0088068	65.605	0.015243	24.448	26.785	77.225	44.352	73.455	207.34	20.351	1.6343e-05	0.015202
366.26	2.4066	1142.1	0.00087556	9.4257	9.5606	30.163	51.949	105.10	556.94	0.21766	0.00014881	0.12618	0.0087599	65.995	0.015153	24.448	26.784	77.188	44.393	73.642	207.27	20.313	1.6360e-05	0.015241
366.52	2.4197	1141.1	0.00087635	9.4513	9.5872	30.234	51.956	105.23	555.62	0.22091	0.00014843	0.12600	0.0087131	66.386	0.015064	24.448	26.783	77.151	44.434	73.830	207.20	20.276	1.6378e-05	0.015280
366.77	2.4329	1140.1	0.00087714	9.4769	9.6136	30.304	51.962	105.36	554.31	0.22418	0.00014805	0.12583	0.0086666	66.777	0.014975	24.448	26.782	77.114	44.474	74.018	207.13	20.239	1.6396e-05	0.015320
367.03	2.4460	1139.0	0.00087794	9.5024	9.6400	30.374	51.968	105.49	553.00	0.22745	0.00014768	0.12565	0.0086202	67.169	0.014888	24.448	26.781	77.077	44.515	74.207	207.06	20.202	1.6414e-05	0.015359
367.28	2.4591	1138.0	0.00087873	9.5278	9.6663	30.443	51.974	105.62	551.70	0.23074	0.00014730	0.12548	0.0085741	67.561	0.014801	24.449	26.780	77.041	44.555	74.397	206.99	20.165	1.6431e-05	0.015399
367.53	2.4723	1137.0	0.00087953	9.5532	9.6925	30.513	51.981	105.75	550.40	0.23404	0.00014693	0.12531	0.0085281	67.954	0.014716	24.449	26.779	77.004	44.595	74.587	206.92	20.129	1.6449e-05	0.015438
367.78	2.4854	1135.9	0.00088032	9.5784	9.7186	30.582	51.987	105.88	549.10	0.23735	0.00014656	0.12513	0.0084824	68.348	0.014631	24.449	26.778	76.967	44.636	74.779	206.85	20.093	1.6467e-05	0.015478
368.03	2.4986	1134.9	0.00088112	9.6036	9.7447	30.650	51.994	106.01	547.81	0.24067	0.00014619	0.12496	0.0084368	68.742	0.014547	24.449	26.777	76.931	44.676	74.970	206.78	20.057	1.6485e-05	0.015518
368.28	2.5117	1133.9	0.00088191	9.6287	9.7706	30.719	52.001	106.14	546.52	0.24400	0.00014583	0.12479	0.0083915	69.136	0.014464	24.449	26.776	76.895	44.716	75.163	206.71	20.022	1.6502e-05	0.015558
368.52	2.5248	1132.9	0.00088271	9.6538	9.7966	30.787	52.007	106.27	545.24	0.24734	0.00014546	0.12462	0.0083463	69.532	0.014382	24.449	26.775	76.859	44.756	75.356	206.64	19.986	1.6520e-05	0.015598
368.77	2.5380	1131.9	0.00088350	9.6787	9.8224	30.855	52.014	106.41	543.95	0.25070	0.00014510	0.12445	0.0083013	69.928	0.014301	24.449	26.774	76.823	44.796	75.550	206.56	19.951	1.6538e-05	0.015638
369.02	2.5511	1130.8	0.00088430	9.7036	9.8481	30.923	52.021	106.54	542.68	0.25407	0.00014474	0.12428	0.0082565	70.324	0.014220	24.448	26.772	76.787	44.836	75.745	206.49	19.916	1.6556e-05	0.015679
369.26	2.5643	1129.8	0.00088509	9.7284	9.8738	30.991	52.028	106.67	541.40	0.25745	0.00014438	0.12411	0.0082119	70.721	0.014140	24.448	26.771	76.751	44.875	75.940	206.42	19.882	1.6573e-05	0.015719
369.50	2.5774	1128.8	0.00088589	9.7532	9.8995	31.058	52.035	106.81	540.13	0.26084	0.00014402	0.12394	0.0081675	71.119	0.014061	24.448	26.770	76.715	44.915	76.137	206.35	19.847	1.6591e-05	0.015759
369.75	2.5906	1127.8	0.00088669	9.7778	9.9250	31.125	52.041	106.94	538.87	0.26424	0.00014367	0.12377	0.0081233	71.517	0.013983	24.448	26.768	76.679	44.955	76.334	206.28	19.813	1.6609e-05	0.015800
369.99	2.6037	1126.8	0.00088748	9.8024	9.9505	31.192	52.049	107.08	537.61	0.26766	0.00014332	0.12360	0.0080792	71.916	0.013905	24.448	26.767	76.644	44.994	76.531	206.20	19.779	1.6627e-05	0.015841
370.23	2.6168	1125.8	0.00088828	9.8270	9.9759	31.259	52.056	107.22	536.35	0.27109	0.00014297	0.12343	0.0080353	72.315	0.013828	24.447	26.766	76.608	45.034	76.730	206.13	19.745	1.6644e-05	0.015882
370.47	2.6300	1124.8	0.00088908	9.8514	10.001	31.325	52.063	107.35	535.09	0.27453	0.00014262	0.12327	0.0079917	72.715	0.013752	24.447	26.764	76.573	45.073	76.929	206.06	19.712	1.6662e-05	0.015922
370.71	2.6431	1123.8	0.00088987	9.8758	10.026	31.391	52.070	107.49	533.84	0.27798	0.00014227	0.12310	0.0079481	73.116	0.013677	24.447	26.762	76.538	45.112	77.129	205.99	19.678	1.6680e-05	0.015963
370.94	2.6563	1122.8	0.00089067	9.9001	10.052	31.457	52.077	107.63	532.59	0.28145	0.00014192	0.12293	0.0079048	73.518	0.013602	24.446	26.761	76.502	45.152	77.330	205.91	19.645	1.6697e-05	0.016005
371.18	2.6694	1121.7	0.00089147	9.9244	10.077	31.523	52.084	107.77	531.35	0.28492	0.00014158	0.12277	0.0078616	73.920	0.013528	24.446	26.759	76.467	45.191	77.532	205.84	19.613	1.6715e-05	0.016046
371.42	2.6825	1120.7	0.00089226	9.9486	10.102	31.588	52.092	107.91	530.11	0.28841	0.00014124	0.12260	0.0078186	74.322	0.013455	24.445	26.758	76.432	45.230	77.734	205.77	19.580	1.6733e-05	0.016087
371.65	2.6957	1119.7	0.00089306	9.9727	10.127	31.654	52.099	108.05	528.87	0.29192	0.00014090	0.12244	0.0077758	74.725	0.013382	24.445	26.756	76.397	45.269	77.937	205.69	19.547	1.6751e-05	0.016129
371.89	2.7088	1118.7	0.00089386	9.9968	10.152	31.719	52.107	108.19	527.64	0.29543	0.00014056	0.12227	0.0077331	75.129	0.013310	24.444	26.754	76.362	45.308	78.142	205.62	19.515	1.6768e-05	0.016170
372.12	2.7220	1117.7	0.00089466	10.021	10.177	31.784	52.114	108.33	526.40	0.29896	0.00014022	0.12211	0.0076907	75.534	0.013239	24.444	26.752	76.328	45.347	78.347	205.55	19.483	1.6786e-05	0.016212
372.35	2.7351	1116.7	0.00089546	10.045	10.202	31.848	52.122	108.47	525.18	0.30250	0.00013988	0.12195	0.0076483	75.939	0.013169	24.443	26.751	76.293	45.386	78.552	205.47	19.451	1.6804e-05	0.016254
372.59	2.7483	1115.7	0.00089626	10.069	10.226	31.913	52.129	108.61	523.95	0.30606	0.00013955	0.12178	0.0076062	76.345	0.013099	24.443	26.749	76.258	45.425	78.759	205.40	19.419	1.6821e-05	0.016295
372.82	2.7614	1114.8	0.00089706	10.092	10.251	31.977	52.137	108.75	522.73	0.30963	0.00013922	0.12162	0.0075642	76.751	0.013029	24.442	26.747	76.224	45.464	78.967	205.33	19.388	1.6839e-05	0.016337
373.05	2.7745	1113.8	0.00089786	10.116	10.276	32.041	52.145	108.90	521.51	0.31321	0.00013888	0.12146	0.0075224	77.158	0.012960	24.441	26.745	76.189	45.502	79.175	205.25	19.357	1.6857e-05	0.016380
373.28	2.7877	1112.8	0.00089866	10.140	10.300	32.105	52.153	109.04	520.30	0.31681	0.00013856	0.12130	0.0074807	77.566	0.012892	24.441	26.743	76.155	45.541	79.384	205.18	19.326	1.6875e-05	0.016422
373.51	2.8008	1111.8	0.00089946	10.163	10.325	32.168	52.160	109.19	519.09	0.32041	0.00013823	0.12114	0.0074392	77.974	0.012825	24.440	26.741	76.121	45.580	79.594	205.10	19.295	1.6892e-05	0.016464
373.73	2.8140	1110.8	0.00090026	10.187	10.349	32.232	52.168	109.33	517.88	0.32404	0.00013790	0.12098	0.0073979	78.383	0.012758	24.439	26.739	76.086	45.618	79.805	205.03	19.264	1.6910e-05	0.016507
373.96	2.8271	1109.8	0.00090107	10.210	10.374	32.295	52.176	109.48	516.67	0.32767	0.00013758	0.12082	0.0073567	78.793	0.012692	24.438	26.737	76.052	45.657	80.017	204.95	19.233	1.6928e-05	0.016549
374.19	2.8402	1108.8	0.00090187	10.234	10.398	32.358	52.184	109.62	515.47	0.33132	0.00013725	0.12066	0.0073157	79.203	0.012626	24.438	26.735	76.018	45.695	80.230	204.88	19.203	1.6945e-05	0.016592
374.41	2.8534	1107.8	0.00090267	10.257	10.422	32.421	52.192	109.77	514.27	0.33499	0.00013693	0.12050	0.0072748	79.614	0.012561	24.437	26.733	75.984	45.734	80.444	204.80	19.173	1.6963e-05	0.016635
374.64	2.8665	1106.8	0.00090347	10.280	10.446	32.484	52.201	109.92	513.08	0.33866	0.00013661	0.12034	0.0072341	80.026	0.012496	24.436	26.731	75.950	45.772	80.659	204.73	19.142	1.6981e-05	0.016678
374.86	2.8797	1105.9	0.00090428	10.304	10.471	32.546	52.209	110.07	511.89	0.34235	0.00013629	0.12018	0.0071935	80.438	0.012432	24.435	26.728	75.916	45.810	80.875	204.65	19.113	1.6999e-05	0.016721
375.09	2.8928	1104.9	0.00090508	10.327	10.495	32.608	52.217	110.22	510.70	0.34606	0.00013597	0.12002	0.0071531	80.851	0.012368	24.434	26.726	75.883	45.849	81.091	204.58	19.083	1.7016e-05	0.016764
375.31	2.9060	1103.9	0.00090589	10.350	10.519	32.670	52.225	110.37	509.51	0.34978	0.00013566	0.11986	0.0071128	81.265	0.012305	24.433	26.724	75.849	45.887	81.309	204.50	19.053	1.7034e-05	0.016807
375.53	2.9191	1102.9	0.00090669	10.373	10.543	32.732	52.234	110.52	508.33	0.35351	0.00013534	0.11971	0.0070727	81.680	0.012243	24.432	26.722	75.815	45.925	81.528	204.43	19.024	1.7052e-05	0.016850
375.75	2.9322	1101.9	0.00090750	10.396	10.567	32.794	52.242	110.67	507.15	0.35726	0.00013503	0.11955	0.0070328	82.095	0.012181	24.431	26.719	75.782	45.963	81.747	204.35	18.995	1.7070e-05	0.016894
375.97	2.9454	1100.9	0.00090831	10.419	10.591	32.856	52.251	110.82	505.97	0.36102	0.00013471	0.11939	0.0069930	82.511	0.012120	24.430	26.717	75.748	46.001	81.968	204.28	18.966	1.7088e-05	0.016938
376.19	2.9585	1100.0	0.00090912	10.442	10.614	32.917	52.259	110.98	504.79	0.36480	0.00013440	0.11924	0.0069533	82.927	0.012059	24.429	26.715	75.715	46.039	82.189	204.20	18.937	1.7105e-05	0.016981
376.41	2.9717	1099.0	0.00090992	10.465	10.638	32.978	52.268	111.13	503.62	0.36859	0.00013409	0.11908	0.0069138	83.344	0.011998	24.428	26.712	75.681	46.077	82.412	204.13	18.908	1.7123e-05	0.017025
376.63	2.9848	1098.0	0.00091073	10.488	10.662	33.039	52.277	111.28	502.45	0.37240	0.00013379	0.11892	0.0068744	83.762	0.011939	24.427	26.710	75.648	46.115	82.636	204.05	18.879	1.7141e-05	0.017069
376.85	2.9979	1097.0	0.00091154	10.511	10.686	33.100	52.285	111.44	501.29	0.37622	0.00013348	0.11877	0.0068352	84.181	0.011879	24.426	26.707	75.615	46.153	82.860	203.97	18.851	1.7159e-05	0.017114
377.06	3.0111	1096.1	0.00091235	10.533	10.709	33.160	52.294	111.59	500.12	0.38006	0.00013317	0.11862	0.0067961	84.600	0.011820	24.424	26.705	75.581	46.191	83.086	203.90	18.822	1.7177e-05	0.017158
377.28	3.0242	1095.1	0.00091316	10.556	10.733	33.221	52.303	111.75	498.96	0.38391	0.00013287	0.11846	0.0067571	85.020	0.011762	24.423	26.702	75.548	46.229	83.313	203.82	18.794	1.7195e-05	0.017202
377.50	3.0374	1094.1	0.00091398	10.578	10.756	33.281	52.312	111.91	497.81	0.38778	0.00013257	0.11831	0.0067183	85.441	0.011704	24.422	26.699	75.515	46.267	83.541	203.74	18.766	1.7212e-05	0.017247
377.71	3.0505	1093.1	0.00091479	10.601	10.780	33.341	52.321	112.07	496.65	0.39166	0.00013226	0.11815	0.0066797	85.863	0.011647	24.421	26.697	75.482	46.305	83.770	203.67	18.738	1.7230e-05	0.017292
377.92	3.0636	1092.2	0.00091560	10.624	10.803	33.401	52.330	112.23	495.50	0.39556	0.00013196	0.11800	0.0066411	86.285	0.011590	24.419	26.694	75.449	46.342	84.000	203.59	18.711	1.7248e-05	0.017336
378.14	3.0768	1091.2	0.00091641	10.646	10.827	33.461	52.339	112.38	494.35	0.39947	0.00013166	0.11785	0.0066027	86.708	0.011533	24.418	26.691	75.416	46.380	84.231	203.51	18.683	1.7266e-05	0.017381
378.35	3.0899	1090.2	0.00091723	10.668	10.850	33.521	52.348	112.55	493.20	0.40340	0.00013137	0.11769	0.0065645	87.131	0.011477	24.417	26.689	75.383	46.418	84.463	203.44	18.655	1.7284e-05	0.017426
378.56	3.1031	1089.3	0.00091804	10.691	10.873	33.580	52.357	112.71	492.06	0.40735	0.00013107	0.11754	0.0065264	87.556	0.011421	24.415	26.686	75.350	46.455	84.697	203.36	18.628	1.7302e-05	0.017472
378.77	3.1162	1088.3	0.00091886	10.713	10.896	33.640	52.366	112.87	490.92	0.41131	0.00013077	0.11739	0.0064884	87.981	0.011366	24.414	26.683	75.318	46.493	84.931	203.28	18.601	1.7320e-05	0.017517
378.98	3.1294	1087.3	0.00091968	10.735	10.920	33.699	52.376	113.03	489.78	0.41528	0.00013048	0.11724	0.0064505	88.407	0.011311	24.412	26.680	75.285	46.530	85.167	203.21	18.574	1.7338e-05	0.017562
379.19	3.1425	1086.4	0.00092049	10.757	10.943	33.758	52.385	113.19	488.64	0.41927	0.00013018	0.11709	0.0064128	88.834	0.011257	24.411	26.677	75.252	46.568	85.404	203.13	18.547	1.7356e-05	0.017608
379.40	3.1556	1085.4	0.00092131	10.780	10.966	33.817	52.394	113.36	487.51	0.42328	0.00012989	0.11694	0.0063752	89.261	0.011203	24.409	26.674	75.219	46.605	85.642	203.05	18.520	1.7374e-05	0.017654
379.61	3.1688	1084.4	0.00092213	10.802	10.989	33.875	52.404	113.52	486.38	0.42731	0.00012960	0.11679	0.0063378	89.689	0.011150	24.408	26.671	75.187	46.643	85.881	202.98	18.493	1.7392e-05	0.017700
379.82	3.1819	1083.5	0.00092295	10.824	11.012	33.934	52.413	113.69	485.25	0.43135	0.00012931	0.11664	0.0063005	90.118	0.011097	24.406	26.668	75.154	46.680	86.121	202.90	18.467	1.7410e-05	0.017746
380.03	3.1951	1082.5	0.00092377	10.846	11.035	33.992	52.423	113.86	484.12	0.43541	0.00012902	0.11649	0.0062633	90.548	0.011044	24.405	26.665	75.122	46.718	86.363	202.82	18.440	1.7428e-05	0.017792
380.24	3.2082	1081.6	0.00092460	10.868	11.058	34.050	52.433	114.02	483.00	0.43948	0.00012873	0.11634	0.0062262	90.978	0.010992	24.403	26.662	75.089	46.755	86.606	202.74	18.414	1.7446e-05	0.017838
380.44	3.2213	1080.6	0.00092542	10.890	11.081	34.108	52.442	114.19	481.88	0.44357	0.00012845	0.11619	0.0061893	91.410	0.010940	24.402	26.659	75.057	46.792	86.850	202.67	18.388	1.7464e-05	0.017885
380.65	3.2345	1079.6	0.00092624	10.912	11.103	34.166	52.452	114.36	480.76	0.44768	0.00012816	0.11604	0.0061525	91.842	0.010888	24.400	26.656	75.025	46.830	87.095	202.59	18.362	1.7482e-05	0.017932
380.85	3.2476	1078.7	0.00092707	10.933	11.126	34.224	52.462	114.53	479.64	0.45180	0.00012788	0.11589	0.0061158	92.275	0.010837	24.398	26.653	74.992	46.867	87.342	202.51	18.336	1.7500e-05	0.017978
381.06	3.2608	1077.7	0.00092789	10.955	11.149	34.282	52.472	114.70	478.53	0.45594	0.00012759	0.11574	0.0060792	92.708	0.010787	24.396	26.650	74.960	46.904	87.589	202.43	18.310	1.7518e-05	0.018025
381.26	3.2739	1076.8	0.00092872	10.977	11.172	34.339	52.482	114.88	477.42	0.46010	0.00012731	0.11560	0.0060428	93.143	0.010736	24.395	26.647	74.928	46.941	87.838	202.35	18.284	1.7536e-05	0.018072
381.46	3.2871	1075.8	0.00092955	10.999	11.194	34.397	52.492	115.05	476.31	0.46428	0.00012703	0.11545	0.0060065	93.578	0.010686	24.393	26.643	74.896	46.979	88.089	202.28	18.259	1.7554e-05	0.018120
381.67	3.3002	1074.8	0.00093037	11.020	11.217	34.454	52.502	115.22	475.21	0.46847	0.00012675	0.11530	0.0059703	94.014	0.010637	24.391	26.640	74.864	47.016	88.341	202.20	18.233	1.7573e-05	0.018167
381.87	3.3133	1073.9	0.00093120	11.042	11.240	34.511	52.512	115.40	474.10	0.47268	0.00012647	0.11516	0.0059342	94.451	0.010588	24.389	26.637	74.832	47.053	88.594	202.12	18.208	1.7591e-05	0.018214
382.07	3.3265	1072.9	0.00093203	11.063	11.262	34.568	52.522	115.57	473.00	0.47691	0.00012619	0.11501	0.0058983	94.888	0.010539	24.387	26.633	74.799	47.090	88.848	202.04	18.182	1.7609e-05	0.018262
382.27	3.3396	1072.0	0.00093287	11.085	11.285	34.625	52.532	115.75	471.90	0.48116	0.00012592	0.11486	0.0058625	95.327	0.010490	24.386	26.630	74.767	47.127	89.104	201.96	18.157	1.7627e-05	0.018310
382.47	3.3528	1071.0	0.00093370	11.106	11.307	34.681	52.543	115.93	470.80	0.48542	0.00012564	0.11472	0.0058268	95.766	0.010442	24.384	26.626	74.735	47.164	89.361	201.88	18.132	1.7645e-05	0.018358
382.67	3.3659	1070.1	0.00093453	11.128	11.329	34.738	52.553	116.10	469.71	0.48970	0.00012536	0.11457	0.0057912	96.206	0.010394	24.382	26.623	74.704	47.201	89.619	201.80	18.107	1.7664e-05	0.018406
382.87	3.3790	1069.1	0.00093537	11.149	11.352	34.794	52.563	116.28	468.62	0.49400	0.00012509	0.11443	0.0057557	96.647	0.010347	24.380	26.620	74.672	47.238	89.879	201.73	18.082	1.7682e-05	0.018454
383.07	3.3922	1068.1	0.00093620	11.171	11.374	34.850	52.574	116.46	467.53	0.49832	0.00012482	0.11428	0.0057204	97.089	0.010300	24.378	26.616	74.640	47.276	90.140	201.65	18.058	1.7700e-05	0.018503
383.26	3.4053	1067.2	0.00093704	11.192	11.396	34.907	52.584	116.64	466.44	0.50266	0.00012454	0.11414	0.0056852	97.531	0.010253	24.376	26.612	74.608	47.313	90.403	201.57	18.033	1.7719e-05	0.018551
383.46	3.4185	1066.2	0.00093787	11.213	11.419	34.963	52.595	116.83	465.36	0.50701	0.00012427	0.11399	0.0056500	97.975	0.010207	24.374	26.609	74.576	47.350	90.667	201.49	18.008	1.7737e-05	0.018600
383.66	3.4316	1065.3	0.00093871	11.234	11.441	35.018	52.606	117.01	464.27	0.51138	0.00012400	0.11385	0.0056150	98.419	0.010161	24.372	26.605	74.544	47.387	90.932	201.41	17.984	1.7755e-05	0.018649
383.85	3.4448	1064.3	0.00093955	11.256	11.463	35.074	52.616	117.19	463.19	0.51578	0.00012373	0.11371	0.0055802	98.864	0.010115	24.369	26.602	74.513	47.424	91.199	201.33	17.960	1.7774e-05	0.018698
384.05	3.4579	1063.4	0.00094039	11.277	11.485	35.130	52.627	117.38	462.11	0.52019	0.00012346	0.11356	0.0055454	99.310	0.010069	24.367	26.598	74.481	47.460	91.468	201.25	17.935	1.7792e-05	0.018748
384.25	3.4710	1062.4	0.00094124	11.298	11.507	35.185	52.638	117.56	461.04	0.52462	0.00012320	0.11342	0.0055107	99.757	0.010024	24.365	26.594	74.449	47.497	91.738	201.17	17.911	1.7811e-05	0.018797
384.44	3.4842	1061.5	0.00094208	11.319	11.529	35.241	52.649	117.75	459.96	0.52907	0.00012293	0.11328	0.0054762	100.20	0.0099796	24.363	26.591	74.418	47.534	92.009	201.09	17.887	1.7829e-05	0.018847
384.63	3.4973	1060.5	0.00094292	11.340	11.551	35.296	52.660	117.94	458.89	0.53353	0.00012266	0.11313	0.0054418	100.65	0.0099351	24.361	26.587	74.386	47.571	92.282	201.01	17.863	1.7847e-05	0.018896
384.83	3.5105	1059.6	0.00094377	11.361	11.573	35.351	52.671	118.13	457.82	0.53802	0.00012240	0.11299	0.0054075	101.10	0.0098910	24.359	26.583	74.354	47.608	92.556	200.93	17.839	1.7866e-05	0.018946
385.02	3.5236	1058.6	0.00094462	11.382	11.595	35.406	52.682	118.32	456.75	0.54253	0.00012213	0.11285	0.0053733	101.55	0.0098471	24.356	26.579	74.323	47.645	92.832	200.85	17.815	1.7884e-05	0.018996
385.21	3.5367	1057.7	0.00094547	11.403	11.617	35.461	52.693	118.51	455.69	0.54706	0.00012187	0.11271	0.0053392	102.00	0.0098035	24.354	26.575	74.291	47.682	93.110	200.78	17.792	1.7903e-05	0.019047
385.40	3.5499	1056.7	0.00094631	11.424	11.639	35.516	52.704	118.70	454.63	0.55160	0.00012161	0.11257	0.0053052	102.46	0.0097603	24.352	26.571	74.260	47.719	93.389	200.70	17.768	1.7922e-05	0.019097
385.60	3.5630	1055.8	0.00094716	11.445	11.661	35.570	52.715	118.90	453.56	0.55617	0.00012135	0.11242	0.0052713	102.91	0.0097173	24.349	26.567	74.228	47.756	93.670	200.62	17.744	1.7940e-05	0.019148
385.79	3.5762	1054.8	0.00094802	11.466	11.683	35.625	52.727	119.09	452.51	0.56076	0.00012109	0.11228	0.0052375	103.36	0.0096747	24.347	26.563	74.197	47.792	93.952	200.54	17.721	1.7959e-05	0.019199
385.98	3.5893	1053.9	0.00094887	11.486	11.705	35.679	52.738	119.29	451.45	0.56536	0.00012083	0.11214	0.0052039	103.82	0.0096323	24.345	26.559	74.165	47.829	94.236	200.46	17.697	1.7977e-05	0.019250
386.17	3.6025	1052.9	0.00094972	11.507	11.726	35.733	52.750	119.48	450.39	0.56999	0.00012057	0.11200	0.0051703	104.27	0.0095902	24.342	26.555	74.134	47.866	94.522	200.38	17.674	1.7996e-05	0.019301
386.36	3.6156	1052.0	0.00095058	11.528	11.748	35.787	52.761	119.68	449.34	0.57464	0.00012031	0.11186	0.0051369	104.73	0.0095484	24.340	26.551	74.103	47.903	94.809	200.30	17.651	1.8015e-05	0.019352
386.54	3.6287	1051.0	0.00095144	11.549	11.770	35.842	52.773	119.88	448.29	0.57930	0.00012005	0.11172	0.0051035	105.19	0.0095069	24.337	26.547	74.071	47.940	95.099	200.22	17.628	1.8034e-05	0.019404
386.73	3.6419	1050.1	0.00095230	11.569	11.791	35.895	52.784	120.08	447.24	0.58399	0.00011980	0.11158	0.0050703	105.65	0.0094656	24.335	26.543	74.040	47.976	95.389	200.14	17.605	1.8052e-05	0.019455
386.92	3.6550	1049.1	0.00095315	11.590	11.813	35.949	52.796	120.28	446.19	0.58870	0.00011954	0.11144	0.0050372	106.10	0.0094246	24.332	26.539	74.009	48.013	95.682	200.06	17.582	1.8071e-05	0.019507
387.11	3.6682	1048.2	0.00095402	11.610	11.835	36.003	52.808	120.48	445.15	0.59343	0.00011929	0.11131	0.0050042	106.57	0.0093839	24.330	26.535	73.977	48.050	95.976	199.97	17.559	1.8090e-05	0.019559
387.29	3.6813	1047.3	0.00095488	11.631	11.856	36.057	52.820	120.69	444.11	0.59819	0.00011903	0.11117	0.0049712	107.03	0.0093435	24.327	26.531	73.946	48.087	96.272	199.89	17.536	1.8109e-05	0.019611
387.48	3.6944	1046.3	0.00095574	11.652	11.878	36.110	52.831	120.89	443.07	0.60296	0.00011878	0.11103	0.0049384	107.49	0.0093033	24.324	26.526	73.915	48.124	96.569	199.81	17.513	1.8128e-05	0.019664
387.67	3.7076	1045.4	0.00095661	11.672	11.899	36.164	52.843	121.10	442.03	0.60775	0.00011853	0.11089	0.0049057	107.95	0.0092634	24.322	26.522	73.884	48.160	96.869	199.73	17.490	1.8147e-05	0.019716
387.85	3.7207	1044.4	0.00095747	11.692	11.921	36.217	52.855	121.30	440.99	0.61257	0.00011827	0.11075	0.0048731	108.42	0.0092238	24.319	26.518	73.852	48.197	97.170	199.65	17.468	1.8165e-05	0.019769
388.04	3.7339	1043.5	0.00095834	11.713	11.942	36.270	52.868	121.51	439.96	0.61741	0.00011802	0.11061	0.0048406	108.88	0.0091844	24.316	26.513	73.821	48.234	97.473	199.57	17.445	1.8184e-05	0.019822
388.22	3.7470	1042.5	0.00095921	11.733	11.964	36.323	52.880	121.72	438.92	0.62227	0.00011777	0.11048	0.0048082	109.35	0.0091452	24.314	26.509	73.790	48.271	97.778	199.49	17.423	1.8203e-05	0.019876
388.40	3.7602	1041.6	0.00096008	11.754	11.985	36.376	52.892	121.93	437.89	0.62715	0.00011752	0.11034	0.0047759	109.81	0.0091064	24.311	26.504	73.759	48.307	98.085	199.41	17.400	1.8222e-05	0.019929
388.59	3.7733	1040.6	0.00096095	11.774	12.006	36.429	52.904	122.14	436.86	0.63206	0.00011727	0.11020	0.0047437	110.28	0.0090677	24.308	26.500	73.728	48.344	98.394	199.33	17.378	1.8242e-05	0.019983
388.77	3.7864	1039.7	0.00096183	11.794	12.028	36.482	52.916	122.36	435.83	0.63698	0.00011703	0.11007	0.0047116	110.75	0.0090293	24.305	26.496	73.697	48.381	98.705	199.25	17.356	1.8261e-05	0.020036
388.95	3.7996	1038.7	0.00096270	11.815	12.049	36.534	52.929	122.57	434.81	0.64193	0.00011678	0.10993	0.0046796	111.22	0.0089912	24.302	26.491	73.665	48.418	99.017	199.17	17.334	1.8280e-05	0.020090
389.13	3.8127	1037.8	0.00096358	11.835	12.070	36.587	52.941	122.79	433.79	0.64691	0.00011653	0.10979	0.0046476	111.69	0.0089533	24.300	26.487	73.634	48.454	99.332	199.09	17.311	1.8299e-05	0.020145
389.31	3.8259	1036.9	0.00096446	11.855	12.091	36.639	52.954	123.00	432.76	0.65190	0.00011629	0.10966	0.0046158	112.16	0.0089156	24.297	26.482	73.603	48.491	99.648	199.01	17.289	1.8318e-05	0.020199
389.50	3.8390	1035.9	0.00096534	11.875	12.113	36.692	52.966	123.22	431.74	0.65692	0.00011604	0.10952	0.0045841	112.64	0.0088782	24.294	26.477	73.572	48.528	99.966	198.92	17.267	1.8337e-05	0.020254
389.68	3.8521	1035.0	0.00096622	11.895	12.134	36.744	52.979	123.44	430.73	0.66196	0.00011580	0.10939	0.0045525	113.11	0.0088410	24.291	26.473	73.541	48.565	100.29	198.84	17.245	1.8357e-05	0.020308
389.86	3.8653	1034.0	0.00096710	11.915	12.155	36.796	52.992	123.66	429.71	0.66703	0.00011555	0.10925	0.0045210	113.58	0.0088040	24.288	26.468	73.510	48.602	100.61	198.76	17.224	1.8376e-05	0.020363
390.04	3.8784	1033.1	0.00096799	11.936	12.176	36.848	53.005	123.89	428.70	0.67211	0.00011531	0.10912	0.0044896	114.06	0.0087673	24.285	26.463	73.479	48.638	100.93	198.68	17.202	1.8395e-05	0.020419
390.21	3.8916	1032.1	0.00096888	11.956	12.197	36.900	53.017	124.11	427.68	0.67723	0.00011507	0.10898	0.0044582	114.54	0.0087308	24.282	26.459	73.448	48.675	101.26	198.60	17.180	1.8414e-05	0.020474
390.39	3.9047	1031.2	0.00096976	11.976	12.218	36.952	53.030	124.34	426.67	0.68236	0.00011483	0.10885	0.0044270	115.02	0.0086945	24.279	26.454	73.417	48.712	101.59	198.52	17.158	1.8434e-05	0.020530
390.57	3.9178	1030.2	0.00097065	11.996	12.239	37.004	53.043	124.56	425.66	0.68752	0.00011458	0.10871	0.0043959	115.49	0.0086585	24.276	26.449	73.386	48.749	101.92	198.44	17.137	1.8453e-05	0.020585
390.75	3.9310	1029.3	0.00097154	12.016	12.260	37.056	53.056	124.79	424.66	0.69271	0.00011434	0.10858	0.0043648	115.97	0.0086226	24.273	26.444	73.355	48.785	102.25	198.35	17.115	1.8473e-05	0.020642
390.93	3.9441	1028.3	0.00097244	12.036	12.281	37.107	53.070	125.02	423.65	0.69792	0.00011410	0.10844	0.0043339	116.46	0.0085870	24.270	26.439	73.324	48.822	102.59	198.27	17.093	1.8492e-05	0.020698
391.10	3.9573	1027.4	0.00097333	12.056	12.302	37.159	53.083	125.25	422.65	0.70315	0.00011386	0.10831	0.0043030	116.94	0.0085516	24.266	26.434	73.293	48.859	102.93	198.19	17.072	1.8512e-05	0.020754
391.28	3.9704	1026.5	0.00097423	12.075	12.323	37.210	53.096	125.48	421.65	0.70841	0.00011363	0.10818	0.0042722	117.42	0.0085164	24.263	26.429	73.262	48.896	103.27	198.11	17.050	1.8531e-05	0.020811
391.45	3.9836	1025.5	0.00097513	12.095	12.344	37.262	53.109	125.72	420.65	0.71369	0.00011339	0.10804	0.0042416	117.90	0.0084814	24.260	26.424	73.231	48.933	103.61	198.03	17.029	1.8551e-05	0.020868
391.63	3.9967	1024.6	0.00097603	12.115	12.365	37.313	53.123	125.95	419.65	0.71900	0.00011315	0.10791	0.0042110	118.39	0.0084467	24.257	26.419	73.200	48.970	103.95	197.95	17.008	1.8571e-05	0.020925
391.81	4.0098	1023.6	0.00097693	12.135	12.386	37.364	53.136	126.19	418.65	0.72434	0.00011292	0.10778	0.0041805	118.88	0.0084121	24.253	26.414	73.169	49.006	104.30	197.86	16.986	1.8590e-05	0.020983
391.98	4.0230	1022.7	0.00097783	12.155	12.407	37.415	53.150	126.43	417.66	0.72970	0.00011268	0.10765	0.0041501	119.36	0.0083777	24.250	26.409	73.138	49.043	104.65	197.78	16.965	1.8610e-05	0.021040
392.15	4.0361	1021.7	0.00097874	12.175	12.428	37.466	53.163	126.67	416.66	0.73508	0.00011244	0.10751	0.0041198	119.85	0.0083436	24.247	26.404	73.107	49.080	105.00	197.70	16.944	1.8630e-05	0.021098
392.33	4.0493	1020.8	0.00097964	12.194	12.448	37.517	53.177	126.91	415.67	0.74049	0.00011221	0.10738	0.0040896	120.34	0.0083096	24.244	26.399	73.076	49.117	105.35	197.62	16.923	1.8650e-05	0.021156
392.50	4.0624	1019.8	0.00098055	12.214	12.469	37.568	53.191	127.15	414.68	0.74593	0.00011198	0.10725	0.0040595	120.83	0.0082759	24.240	26.394	73.045	49.154	105.71	197.54	16.902	1.8669e-05	0.021215
392.67	4.0755	1018.9	0.00098146	12.234	12.490	37.619	53.204	127.40	413.69	0.75139	0.00011174	0.10712	0.0040294	121.33	0.0082423	24.237	26.389	73.014	49.191	106.06	197.45	16.881	1.8689e-05	0.021273
392.85	4.0887	1017.9	0.00098238	12.253	12.511	37.670	53.218	127.64	412.70	0.75688	0.00011151	0.10699	0.0039995	121.82	0.0082090	24.233	26.384	72.983	49.228	106.42	197.37	16.860	1.8709e-05	0.021332
393.02	4.1018	1017.0	0.00098329	12.273	12.531	37.720	53.232	127.89	411.72	0.76240	0.00011128	0.10685	0.0039696	122.31	0.0081758	24.230	26.378	72.952	49.265	106.79	197.29	16.839	1.8729e-05	0.021391
393.19	4.1150	1016.0	0.00098421	12.293	12.552	37.771	53.246	128.14	410.74	0.76794	0.00011104	0.10672	0.0039399	122.81	0.0081428	24.226	26.373	72.921	49.302	107.15	197.21	16.818	1.8749e-05	0.021450
393.36	4.1281	1015.1	0.00098513	12.312	12.573	37.821	53.260	128.39	409.75	0.77352	0.00011081	0.10659	0.0039102	123.30	0.0081100	24.223	26.368	72.891	49.339	107.52	197.12	16.797	1.8769e-05	0.021510
393.53	4.1413	1014.2	0.00098605	12.332	12.593	37.872	53.274	128.65	408.77	0.77911	0.00011058	0.10646	0.0038806	123.80	0.0080774	24.219	26.362	72.860	49.376	107.89	197.04	16.776	1.8789e-05	0.021569
393.70	4.1544	1013.2	0.00098697	12.351	12.614	37.922	53.289	128.90	407.80	0.78474	0.00011035	0.10633	0.0038511	124.30	0.0080450	24.216	26.357	72.829	49.413	108.26	196.96	16.756	1.8810e-05	0.021630
393.87	4.1675	1012.3	0.00098789	12.371	12.635	37.972	53.303	129.16	406.82	0.79039	0.00011012	0.10620	0.0038217	124.80	0.0080128	24.212	26.351	72.798	49.450	108.64	196.88	16.735	1.8830e-05	0.021690
394.04	4.1807	1011.3	0.00098882	12.390	12.655	38.022	53.317	129.41	405.84	0.79607	0.00010989	0.10607	0.0037923	125.30	0.0079808	24.209	26.346	72.767	49.487	109.02	196.79	16.714	1.8850e-05	0.021750
394.21	4.1938	1010.4	0.00098975	12.410	12.676	38.072	53.332	129.67	404.87	0.80178	0.00010967	0.10594	0.0037631	125.80	0.0079489	24.205	26.341	72.736	49.524	109.40	196.71	16.694	1.8870e-05	0.021811
394.38	4.2070	1009.4	0.00099068	12.429	12.696	38.122	53.346	129.94	403.90	0.80752	0.00010944	0.10581	0.0037339	126.31	0.0079172	24.201	26.335	72.705	49.561	109.78	196.63	16.673	1.8891e-05	0.021872
394.55	4.2201	1008.5	0.00099161	12.449	12.717	38.172	53.361	130.20	402.93	0.81329	0.00010921	0.10568	0.0037049	126.81	0.0078857	24.198	26.329	72.674	49.598	110.17	196.54	16.652	1.8911e-05	0.021933
394.72	4.2332	1007.5	0.00099254	12.468	12.737	38.222	53.375	130.46	401.96	0.81908	0.00010898	0.10555	0.0036759	127.32	0.0078544	24.194	26.324	72.643	49.635	110.56	196.46	16.632	1.8931e-05	0.021995
394.88	4.2464	1006.6	0.00099348	12.488	12.758	38.272	53.390	130.73	400.99	0.82491	0.00010876	0.10542	0.0036470	127.82	0.0078232	24.190	26.318	72.612	49.672	110.95	196.38	16.611	1.8952e-05	0.022057
395.05	4.2595	1005.6	0.00099442	12.507	12.778	38.321	53.405	131.00	400.02	0.83076	0.00010853	0.10530	0.0036182	128.33	0.0077922	24.186	26.313	72.581	49.709	111.35	196.30	16.591	1.8972e-05	0.022119
395.22	4.2727	1004.7	0.00099536	12.526	12.799	38.371	53.420	131.27	399.06	0.83664	0.00010831	0.10517	0.0035894	128.84	0.0077614	24.182	26.307	72.550	49.746	111.74	196.21	16.570	1.8993e-05	0.022181
395.39	4.2858	1003.7	0.00099630	12.546	12.819	38.421	53.435	131.54	398.10	0.84256	0.00010808	0.10504	0.0035608	129.35	0.0077308	24.179	26.301	72.519	49.783	112.15	196.13	16.550	1.9013e-05	0.022244
395.55	4.2990	1002.8	0.00099725	12.565	12.840	38.470	53.450	131.82	397.14	0.84850	0.00010786	0.10491	0.0035322	129.87	0.0077003	24.175	26.295	72.488	49.821	112.55	196.05	16.530	1.9034e-05	0.022307
395.72	4.3121	1001.8	0.00099820	12.584	12.860	38.519	53.465	132.09	396.18	0.85447	0.00010764	0.10478	0.0035037	130.38	0.0076700	24.171	26.290	72.457	49.858	112.96	195.96	16.509	1.9055e-05	0.022370
395.88	4.3252	1000.9	0.00099914	12.603	12.880	38.569	53.480	132.37	395.22	0.86047	0.00010741	0.10465	0.0034753	130.89	0.0076398	24.167	26.284	72.426	49.895	113.36	195.88	16.489	1.9075e-05	0.022433
396.05	4.3384	999.90	0.0010001	12.623	12.901	38.618	53.495	132.65	394.26	0.86651	0.00010719	0.10453	0.0034470	131.41	0.0076099	24.163	26.278	72.395	49.932	113.78	195.80	16.469	1.9096e-05	0.022497
396.21	4.3515	998.95	0.0010011	12.642	12.921	38.667	53.510	132.94	393.30	0.87257	0.00010697	0.10440	0.0034188	131.93	0.0075800	24.159	26.272	72.364	49.970	114.19	195.71	16.449	1.9117e-05	0.022561
396.38	4.3647	998.00	0.0010020	12.661	12.941	38.716	53.526	133.22	392.35	0.87867	0.00010675	0.10427	0.0033906	132.44	0.0075504	24.155	26.266	72.333	50.007	114.61	195.63	16.428	1.9138e-05	0.022625
396.54	4.3778	997.04	0.0010030	12.680	12.962	38.765	53.541	133.51	391.40	0.88479	0.00010653	0.10414	0.0033626	132.96	0.0075209	24.151	26.260	72.302	50.044	115.03	195.55	16.408	1.9159e-05	0.022690
396.70	4.3909	996.09	0.0010039	12.699	12.982	38.814	53.557	133.80	390.45	0.89095	0.00010630	0.10402	0.0033346	133.48	0.0074915	24.147	26.254	72.271	50.082	115.46	195.46	16.388	1.9180e-05	0.022754
396.87	4.4041	995.14	0.0010049	12.719	13.002	38.863	53.572	134.09	389.50	0.89714	0.00010608	0.10389	0.0033067	134.01	0.0074623	24.143	26.248	72.240	50.119	115.89	195.38	16.368	1.9201e-05	0.022820
397.03	4.4172	994.18	0.0010059	12.738	13.022	38.912	53.588	134.38	388.55	0.90337	0.00010587	0.10376	0.0032789	134.53	0.0074333	24.139	26.242	72.209	50.156	116.32	195.30	16.348	1.9222e-05	0.022885
397.19	4.4304	993.22	0.0010068	12.757	13.043	38.961	53.604	134.67	387.60	0.90962	0.00010565	0.10364	0.0032511	135.05	0.0074044	24.134	26.236	72.178	50.194	116.75	195.21	16.328	1.9243e-05	0.022951
397.35	4.4435	992.27	0.0010078	12.776	13.063	39.010	53.619	134.97	386.66	0.91591	0.00010543	0.10351	0.0032234	135.58	0.0073757	24.130	26.230	72.146	50.231	117.19	195.13	16.308	1.9264e-05	0.023017
397.51	4.4567	991.31	0.0010088	12.795	13.083	39.059	53.635	135.27	385.71	0.92223	0.00010521	0.10339	0.0031959	136.11	0.0073471	24.126	26.224	72.115	50.269	117.63	195.05	16.288	1.9286e-05	0.023083
397.68	4.4698	990.35	0.0010097	12.814	13.103	39.107	53.651	135.57	384.77	0.92858	0.00010499	0.10326	0.0031683	136.64	0.0073187	24.122	26.217	72.084	50.306	118.08	194.96	16.268	1.9307e-05	0.023150
397.84	4.4829	989.40	0.0010107	12.833	13.123	39.156	53.667	135.88	383.83	0.93497	0.00010477	0.10313	0.0031409	137.17	0.0072904	24.117	26.211	72.053	50.344	118.53	194.88	16.248	1.9328e-05	0.023216
398.00	4.4961	988.44	0.0010117	12.852	13.144	39.204	53.683	136.18	382.89	0.94139	0.00010456	0.10301	0.0031136	137.70	0.0072623	24.113	26.205	72.022	50.382	118.98	194.79	16.228	1.9350e-05	0.023284
398.16	4.5092	987.48	0.0010127	12.871	13.164	39.253	53.700	136.49	381.95	0.94784	0.00010434	0.10288	0.0030863	138.23	0.0072343	24.109	26.199	71.991	50.419	119.43	194.71	16.208	1.9371e-05	0.023351
398.32	4.5224	986.52	0.0010137	12.890	13.184	39.301	53.716	136.80	381.01	0.95433	0.00010412	0.10276	0.0030591	138.77	0.0072064	24.104	26.192	71.959	50.457	119.89	194.63	16.188	1.9393e-05	0.023419
398.48	4.5355	985.56	0.0010147	12.909	13.204	39.350	53.732	137.12	380.08	0.96085	0.00010391	0.10263	0.0030320	139.30	0.0071787	24.100	26.186	71.928	50.495	120.35	194.54	16.168	1.9414e-05	0.023487
398.64	4.5486	984.60	0.0010156	12.928	13.224	39.398	53.749	137.43	379.14	0.96741	0.00010369	0.10251	0.0030050	139.84	0.0071511	24.096	26.179	71.897	50.532	120.82	194.46	16.148	1.9436e-05	0.023556
398.79	4.5618	983.64	0.0010166	12.947	13.244	39.446	53.765	137.75	378.21	0.97401	0.00010348	0.10238	0.0029780	140.38	0.0071237	24.091	26.173	71.866	50.570	121.29	194.37	16.129	1.9458e-05	0.023625
398.95	4.5749	982.68	0.0010176	12.966	13.264	39.494	53.782	138.07	377.28	0.98063	0.00010326	0.10226	0.0029511	140.92	0.0070964	24.087	26.166	71.834	50.608	121.76	194.29	16.109	1.9480e-05	0.023694
399.11	4.5881	981.71	0.0010186	12.985	13.284	39.542	53.798	138.39	376.35	0.98730	0.00010305	0.10214	0.0029243	141.46	0.0070693	24.082	26.160	71.803	50.646	122.24	194.21	16.089	1.9501e-05	0.023763
399.27	4.6012	980.75	0.0010196	13.004	13.304	39.591	53.815	138.72	375.42	0.99400	0.00010284	0.10201	0.0028976	142.00	0.0070422	24.078	26.153	71.772	50.684	122.72	194.12	16.069	1.9523e-05	0.023833
399.43	4.6144	979.79	0.0010206	13.023	13.324	39.639	53.832	139.05	374.49	1.0007	0.00010262	0.10189	0.0028710	142.54	0.0070154	24.073	26.147	71.741	50.722	123.21	194.04	16.049	1.9545e-05	0.023903
399.58	4.6275	978.82	0.0010216	13.042	13.344	39.687	53.849	139.38	373.57	1.0075	0.00010241	0.10176	0.0028444	143.09	0.0069886	24.068	26.140	71.709	50.759	123.70	193.95	16.030	1.9567e-05	0.023974
399.74	4.6406	977.86	0.0010226	13.060	13.364	39.734	53.866	139.71	372.64	1.0143	0.00010220	0.10164	0.0028179	143.64	0.0069620	24.064	26.133	71.678	50.797	124.19	193.87	16.010	1.9589e-05	0.024044
399.90	4.6538	976.89	0.0010237	13.079	13.384	39.782	53.883	140.05	371.72	1.0212	0.00010199	0.10152	0.0027915	144.19	0.0069355	24.059	26.127	71.646	50.835	124.69	193.78	15.990	1.9611e-05	0.024116
400.05	4.6669	975.92	0.0010247	13.098	13.404	39.830	53.900	140.38	370.80	1.0280	0.00010178	0.10139	0.0027652	144.74	0.0069091	24.054	26.120	71.615	50.874	125.19	193.70	15.971	1.9634e-05	0.024187
400.21	4.6801	974.96	0.0010257	13.117	13.424	39.878	53.917	140.73	369.87	1.0350	0.00010156	0.10127	0.0027389	145.29	0.0068829	24.050	26.113	71.583	50.912	125.70	193.61	15.951	1.9656e-05	0.024259
400.36	4.6932	973.99	0.0010267	13.136	13.444	39.926	53.935	141.07	368.95	1.0419	0.00010135	0.10115	0.0027127	145.84	0.0068568	24.045	26.106	71.552	50.950	126.21	193.53	15.931	1.9678e-05	0.024331
400.52	4.7063	973.02	0.0010277	13.154	13.464	39.973	53.952	141.42	368.04	1.0489	0.00010114	0.10102	0.0026866	146.40	0.0068308	24.040	26.100	71.520	50.988	126.72	193.45	15.912	1.9701e-05	0.024404
400.67	4.7195	972.05	0.0010288	13.173	13.484	40.021	53.969	141.77	367.12	1.0560	0.00010093	0.10090	0.0026605	146.95	0.0068050	24.035	26.093	71.489	51.026	127.24	193.36	15.892	1.9723e-05	0.024477
400.83	4.7326	971.08	0.0010298	13.192	13.504	40.069	53.987	142.12	366.20	1.0630	0.00010072	0.10078	0.0026346	147.51	0.0067793	24.030	26.086	71.457	51.064	127.76	193.28	15.872	1.9746e-05	0.024550
400.98	4.7458	970.11	0.0010308	13.211	13.524	40.116	54.005	142.47	365.29	1.0701	0.00010051	0.10066	0.0026087	148.07	0.0067536	24.025	26.079	71.426	51.103	128.29	193.19	15.853	1.9768e-05	0.024623
401.14	4.7589	969.13	0.0010318	13.229	13.544	40.164	54.022	142.83	364.37	1.0773	0.00010031	0.10054	0.0025829	148.63	0.0067282	24.021	26.072	71.394	51.141	128.82	193.11	15.833	1.9791e-05	0.024698
401.29	4.7721	968.16	0.0010329	13.248	13.564	40.211	54.040	143.19	363.46	1.0845	0.00010010	0.10041	0.0025571	149.19	0.0067028	24.016	26.065	71.363	51.179	129.36	193.02	15.813	1.9814e-05	0.024772
401.44	4.7852	967.19	0.0010339	13.267	13.584	40.258	54.058	143.56	362.55	1.0917	9.9888e-05	0.10029	0.0025315	149.76	0.0066776	24.011	26.058	71.331	51.218	129.90	192.94	15.794	1.9836e-05	0.024847
401.59	4.7983	966.21	0.0010350	13.286	13.604	40.306	54.076	143.93	361.64	1.0990	9.9681e-05	0.10017	0.0025059	150.32	0.0066524	24.006	26.051	71.299	51.256	130.44	192.85	15.774	1.9859e-05	0.024922
401.75	4.8115	965.24	0.0010360	13.304	13.624	40.353	54.094	144.30	360.73	1.1063	9.9473e-05	0.10005	0.0024804	150.89	0.0066274	24.001	26.043	71.267	51.295	130.99	192.77	15.755	1.9882e-05	0.024997
401.90	4.8246	964.26	0.0010371	13.323	13.643	40.400	54.112	144.67	359.83	1.1137	9.9266e-05	0.099928	0.0024549	151.46	0.0066025	23.995	26.036	71.236	51.333	131.55	192.68	15.735	1.9905e-05	0.025073
402.05	4.8378	963.28	0.0010381	13.342	13.663	40.448	54.131	145.05	358.92	1.1211	9.9059e-05	0.099807	0.0024295	152.03	0.0065778	23.990	26.029	71.204	51.372	132.11	192.60	15.715	1.9928e-05	0.025150
402.20	4.8509	962.30	0.0010392	13.360	13.683	40.495	54.149	145.43	358.01	1.1285	9.8853e-05	0.099686	0.0024042	152.60	0.0065531	23.985	26.022	71.172	51.411	132.67	192.51	15.696	1.9951e-05	0.025226
402.35	4.8640	961.32	0.0010402	13.379	13.703	40.542	54.167	145.81	357.11	1.1360	9.8646e-05	0.099565	0.0023790	153.17	0.0065286	23.980	26.014	71.140	51.449	133.24	192.43	15.676	1.9975e-05	0.025303
402.50	4.8772	960.34	0.0010413	13.398	13.723	40.589	54.186	146.20	356.21	1.1435	9.8441e-05	0.099445	0.0023539	153.75	0.0065041	23.975	26.007	71.108	51.488	133.82	192.34	15.657	1.9998e-05	0.025381
402.66	4.8903	959.36	0.0010424	13.416	13.743	40.636	54.204	146.59	355.31	1.1511	9.8235e-05	0.099324	0.0023288	154.33	0.0064798	23.970	26.000	71.076	51.527	134.40	192.26	15.637	2.0021e-05	0.025459
402.81	4.9035	958.38	0.0010434	13.435	13.763	40.683	54.223	146.98	354.41	1.1587	9.8030e-05	0.099204	0.0023038	154.90	0.0064556	23.964	25.992	71.044	51.566	134.98	192.17	15.618	2.0045e-05	0.025537
402.96	4.9166	957.39	0.0010445	13.453	13.782	40.730	54.242	147.38	353.51	1.1664	9.7825e-05	0.099084	0.0022788	155.48	0.0064315	23.959	25.985	71.012	51.605	135.57	192.09	15.598	2.0068e-05	0.025616
403.10	4.9297	956.41	0.0010456	13.472	13.802	40.777	54.261	147.78	352.61	1.1741	9.7621e-05	0.098964	0.0022540	156.07	0.0064075	23.954	25.977	70.980	51.644	136.17	192.00	15.578	2.0092e-05	0.025695
403.25	4.9429	955.42	0.0010467	13.491	13.822	40.824	54.280	148.18	351.71	1.1818	9.7416e-05	0.098844	0.0022292	156.65	0.0063836	23.948	25.970	70.948	51.683	136.77	191.91	15.559	2.0116e-05	0.025775
403.40	4.9560	954.44	0.0010477	13.509	13.842	40.871	54.299	148.59	350.82	1.1896	9.7212e-05	0.098725	0.0022045	157.24	0.0063599	23.943	25.962	70.916	51.722	137.38	191.83	15.539	2.0139e-05	0.025855
403.55	4.9692	953.45	0.0010488	13.528	13.862	40.918	54.318	149.00	349.92	1.1974	9.7009e-05	0.098605	0.0021798	157.82	0.0063362	23.937	25.954	70.884	51.761	137.99	191.74	15.520	2.0163e-05	0.025935
403.70	4.9823	952.46	0.0010499	13.546	13.881	40.965	54.337	149.42	349.03	1.2053	9.6805e-05	0.098486	0.0021552	158.41	0.0063126	23.932	25.947	70.852	51.800	138.61	191.66	15.500	2.0187e-05	0.026016
403.85	4.9955	951.47	0.0010510	13.565	13.901	41.012	54.356	149.84	348.14	1.2132	9.6602e-05	0.098367	0.0021307	159.00	0.0062892	23.926	25.939	70.820	51.839	139.23	191.57	15.481	2.0211e-05	0.026098
404.00	5.0086	950.48	0.0010521	13.583	13.921	41.058	54.376	150.26	347.25	1.2212	9.6399e-05	0.098248	0.0021063	159.60	0.0062658	23.921	25.931	70.787	51.879	139.86	191.49	15.461	2.0235e-05	0.026179
404.14	5.0217	949.48	0.0010532	13.602	13.941	41.105	54.395	150.68	346.36	1.2292	9.6197e-05	0.098129	0.0020819	160.19	0.0062425	23.915	25.924	70.755	51.918	140.50	191.40	15.442	2.0259e-05	0.026262
404.29	5.0349	948.49	0.0010543	13.620	13.960	41.152	54.415	151.11	345.47	1.2373	9.5995e-05	0.098010	0.0020577	160.79	0.0062194	23.910	25.916	70.723	51.957	141.14	191.31	15.422	2.0284e-05	0.026344
404.44	5.0480	947.50	0.0010554	13.639	13.980	41.198	54.435	151.55	344.58	1.2454	9.5793e-05	0.097892	0.0020334	161.39	0.0061963	23.904	25.908	70.690	51.997	141.79	191.23	15.402	2.0308e-05	0.026427
404.58	5.0612	946.50	0.0010565	13.657	14.000	41.245	54.454	151.99	343.69	1.2536	9.5591e-05	0.097774	0.0020093	161.99	0.0061734	23.898	25.900	70.658	52.036	142.44	191.14	15.383	2.0332e-05	0.026511
404.73	5.0743	945.50	0.0010576	13.676	14.020	41.292	54.474	152.43	342.81	1.2618	9.5390e-05	0.097655	0.0019852	162.59	0.0061505	23.893	25.892	70.625	52.076	143.10	191.06	15.363	2.0357e-05	0.026595
404.88	5.0874	944.50	0.0010588	13.694	14.039	41.338	54.494	152.88	341.92	1.2701	9.5189e-05	0.097537	0.0019612	163.19	0.0061277	23.887	25.884	70.593	52.115	143.77	190.97	15.344	2.0381e-05	0.026680
405.02	5.1006	943.50	0.0010599	13.713	14.059	41.385	54.514	153.33	341.04	1.2784	9.4988e-05	0.097420	0.0019373	163.80	0.0061051	23.881	25.876	70.560	52.155	144.44	190.88	15.324	2.0406e-05	0.026765
405.17	5.1137	942.50	0.0010610	13.731	14.079	41.431	54.534	153.78	340.16	1.2868	9.4787e-05	0.097302	0.0019134	164.41	0.0060825	23.875	25.868	70.528	52.195	145.12	190.80	15.304	2.0431e-05	0.026850
405.31	5.1269	941.50	0.0010621	13.750	14.099	41.478	54.555	154.24	339.28	1.2952	9.4587e-05	0.097184	0.0018896	165.02	0.0060600	23.869	25.860	70.495	52.235	145.80	190.71	15.285	2.0456e-05	0.026936
405.46	5.1400	940.50	0.0010633	13.768	14.118	41.524	54.575	154.71	338.39	1.3036	9.4387e-05	0.097067	0.0018659	165.63	0.0060377	23.863	25.852	70.462	52.275	146.50	190.63	15.265	2.0480e-05	0.027023
405.60	5.1532	939.49	0.0010644	13.787	14.138	41.571	54.595	155.17	337.52	1.3122	9.4187e-05	0.096950	0.0018422	166.24	0.0060154	23.858	25.843	70.430	52.315	147.20	190.54	15.245	2.0505e-05	0.027110
405.75	5.1663	938.49	0.0010655	13.805	14.158	41.617	54.616	155.65	336.64	1.3207	9.3987e-05	0.096833	0.0018186	166.86	0.0059932	23.852	25.835	70.397	52.355	147.90	190.45	15.226	2.0531e-05	0.027197
405.89	5.1794	937.48	0.0010667	13.824	14.178	41.664	54.637	156.12	335.76	1.3294	9.3788e-05	0.096716	0.0017951	167.47	0.0059711	23.846	25.827	70.364	52.395	148.62	190.37	15.206	2.0556e-05	0.027286
406.03	5.1926	936.47	0.0010678	13.842	14.197	41.710	54.657	156.61	334.88	1.3380	9.3589e-05	0.096599	0.0017717	168.09	0.0059491	23.840	25.819	70.331	52.435	149.34	190.28	15.186	2.0581e-05	0.027374
406.18	5.2057	935.46	0.0010690	13.861	14.217	41.756	54.678	157.09	334.01	1.3468	9.3390e-05	0.096482	0.0017483	168.71	0.0059272	23.833	25.810	70.298	52.475	150.06	190.19	15.167	2.0606e-05	0.027463
406.32	5.2189	934.45	0.0010702	13.879	14.237	41.803	54.699	157.59	333.14	1.3555	9.3191e-05	0.096366	0.0017250	169.34	0.0059053	23.827	25.802	70.265	52.515	150.80	190.11	15.147	2.0632e-05	0.027553
406.46	5.2320	933.43	0.0010713	13.898	14.257	41.849	54.720	158.08	332.26	1.3644	9.2993e-05	0.096250	0.0017017	169.96	0.0058836	23.821	25.793	70.232	52.556	151.54	190.02	15.127	2.0658e-05	0.027643
406.61	5.2451	932.42	0.0010725	13.916	14.276	41.895	54.741	158.58	331.39	1.3733	9.2795e-05	0.096134	0.0016786	170.59	0.0058619	23.815	25.785	70.199	52.596	152.29	189.93	15.107	2.0683e-05	0.027734
406.75	5.2583	931.40	0.0010736	13.934	14.296	41.942	54.763	159.09	330.52	1.3822	9.2597e-05	0.096018	0.0016555	171.22	0.0058404	23.809	25.776	70.166	52.636	153.05	189.85	15.088	2.0709e-05	0.027825
406.89	5.2714	930.39	0.0010748	13.953	14.316	41.988	54.784	159.60	329.65	1.3912	9.2399e-05	0.095902	0.0016324	171.85	0.0058189	23.802	25.768	70.133	52.677	153.82	189.76	15.068	2.0735e-05	0.027917
407.03	5.2846	929.37	0.0010760	13.971	14.336	42.034	54.805	160.12	328.78	1.4003	9.2201e-05	0.095786	0.0016095	172.49	0.0057975	23.796	25.759	70.099	52.718	154.59	189.67	15.048	2.0761e-05	0.028009
407.17	5.2977	928.35	0.0010772	13.990	14.355	42.081	54.827	160.64	327.91	1.4094	9.2004e-05	0.095671	0.0015866	173.12	0.0057762	23.790	25.750	70.066	52.758	155.37	189.59	15.028	2.0787e-05	0.028102
407.32	5.3109	927.32	0.0010784	14.008	14.375	42.127	54.849	161.17	327.04	1.4186	9.1807e-05	0.095556	0.0015638	173.76	0.0057550	23.783	25.741	70.033	52.799	156.16	189.50	15.009	2.0813e-05	0.028195
407.46	5.3240	926.30	0.0010796	14.027	14.395	42.173	54.870	161.70	326.18	1.4278	9.1610e-05	0.095441	0.0015410	174.40	0.0057338	23.777	25.733	69.999	52.840	156.96	189.41	14.989	2.0839e-05	0.028289
407.60	5.3371	925.27	0.0010808	14.045	14.414	42.219	54.892	162.24	325.31	1.4371	9.1413e-05	0.095326	0.0015183	175.05	0.0057128	23.771	25.724	69.966	52.881	157.77	189.33	14.969	2.0866e-05	0.028384
407.74	5.3503	924.25	0.0010820	14.063	14.434	42.265	54.914	162.79	324.45	1.4465	9.1216e-05	0.095211	0.0014957	175.69	0.0056918	23.764	25.715	69.932	52.922	158.58	189.24	14.949	2.0892e-05	0.028479
407.88	5.3634	923.22	0.0010832	14.082	14.454	42.312	54.936	163.34	323.59	1.4559	9.1020e-05	0.095096	0.0014732	176.34	0.0056709	23.757	25.706	69.898	52.963	159.41	189.15	14.929	2.0919e-05	0.028575
408.02	5.3766	922.19	0.0010844	14.100	14.474	42.358	54.959	163.89	322.72	1.4653	9.0824e-05	0.094982	0.0014507	176.99	0.0056501	23.751	25.697	69.865	53.004	160.24	189.07	14.909	2.0946e-05	0.028672
408.16	5.3897	921.15	0.0010856	14.119	14.493	42.404	54.981	164.46	321.86	1.4749	9.0628e-05	0.094868	0.0014283	177.64	0.0056294	23.744	25.688	69.831	53.045	161.08	188.98	14.889	2.0972e-05	0.028769
408.30	5.4028	920.12	0.0010868	14.137	14.513	42.450	55.003	165.02	321.00	1.4845	9.0432e-05	0.094754	0.0014059	178.29	0.0056087	23.738	25.679	69.797	53.086	161.93	188.89	14.869	2.0999e-05	0.028866
408.44	5.4160	919.08	0.0010880	14.155	14.533	42.496	55.026	165.60	320.14	1.4941	9.0236e-05	0.094640	0.0013836	178.95	0.0055881	23.731	25.670	69.763	53.128	162.79	188.80	14.849	2.1026e-05	0.028965
408.57	5.4291	918.05	0.0010893	14.174	14.553	42.542	55.049	166.18	319.28	1.5039	9.0041e-05	0.094526	0.0013614	179.61	0.0055676	23.724	25.661	69.729	53.169	163.66	188.72	14.829	2.1053e-05	0.029064
408.71	5.4423	917.01	0.0010905	14.192	14.572	42.588	55.071	166.77	318.43	1.5136	8.9846e-05	0.094412	0.0013393	180.27	0.0055472	23.717	25.651	69.695	53.211	164.54	188.63	14.809	2.1081e-05	0.029163
408.85	5.4554	915.97	0.0010917	14.211	14.592	42.634	55.094	167.36	317.57	1.5235	8.9650e-05	0.094299	0.0013172	180.93	0.0055269	23.711	25.642	69.661	53.252	165.43	188.54	14.789	2.1108e-05	0.029263
408.99	5.4686	914.92	0.0010930	14.229	14.612	42.681	55.117	167.96	316.71	1.5334	8.9455e-05	0.094186	0.0012952	181.60	0.0055066	23.704	25.633	69.627	53.294	166.33	188.45	14.769	2.1136e-05	0.029364
409.13	5.4817	913.88	0.0010942	14.248	14.632	42.727	55.140	168.57	315.86	1.5434	8.9260e-05	0.094073	0.0012733	182.27	0.0054864	23.697	25.623	69.593	53.336	167.24	188.37	14.749	2.1163e-05	0.029466
409.26	5.4948	912.83	0.0010955	14.266	14.652	42.773	55.164	169.18	315.01	1.5534	8.9066e-05	0.093960	0.0012514	182.94	0.0054663	23.690	25.614	69.559	53.378	168.16	188.28	14.729	2.1191e-05	0.029568
409.40	5.5080	911.78	0.0010968	14.284	14.671	42.819	55.187	169.80	314.15	1.5635	8.8871e-05	0.093847	0.0012297	183.61	0.0054462	23.683	25.605	69.524	53.420	169.09	188.19	14.708	2.1219e-05	0.029671
409.54	5.5211	910.73	0.0010980	14.303	14.691	42.865	55.210	170.43	313.30	1.5737	8.8677e-05	0.093735	0.0012079	184.29	0.0054263	23.676	25.595	69.490	53.462	170.03	188.10	14.688	2.1247e-05	0.029774
409.68	5.5343	909.68	0.0010993	14.321	14.711	42.911	55.234	171.06	312.45	1.5840	8.8482e-05	0.093622	0.0011863	184.97	0.0054063	23.669	25.585	69.455	53.504	170.98	188.02	14.668	2.1275e-05	0.029879
409.81	5.5474	908.63	0.0011006	14.340	14.731	42.957	55.258	171.70	311.60	1.5943	8.8288e-05	0.093510	0.0011647	185.65	0.0053865	23.662	25.576	69.421	53.546	171.94	187.93	14.648	2.1303e-05	0.029984
409.95	5.5605	907.57	0.0011018	14.358	14.751	43.003	55.281	172.35	310.75	1.6047	8.8094e-05	0.093398	0.0011432	186.33	0.0053668	23.654	25.566	69.386	53.588	172.92	187.84	14.627	2.1331e-05	0.030089
410.08	5.5737	906.51	0.0011031	14.377	14.770	43.049	55.305	173.01	309.90	1.6151	8.7900e-05	0.093287	0.0011217	187.02	0.0053471	23.647	25.556	69.351	53.631	173.90	187.75	14.607	2.1360e-05	0.030196
410.22	5.5868	905.45	0.0011044	14.395	14.790	43.095	55.329	173.67	309.05	1.6257	8.7707e-05	0.093175	0.0011003	187.71	0.0053274	23.640	25.547	69.316	53.673	174.90	187.66	14.587	2.1388e-05	0.030303
410.36	5.6000	904.39	0.0011057	14.413	14.810	43.142	55.354	174.35	308.20	1.6363	8.7513e-05	0.093064	0.0010790	188.40	0.0053079	23.633	25.537	69.282	53.716	175.91	187.57	14.566	2.1417e-05	0.030411
410.49	5.6131	903.32	0.0011070	14.432	14.830	43.188	55.378	175.03	307.36	1.6469	8.7319e-05	0.092953	0.0010578	189.09	0.0052884	23.625	25.527	69.247	53.759	176.93	187.49	14.546	2.1446e-05	0.030519
410.63	5.6263	902.26	0.0011083	14.450	14.850	43.234	55.402	175.71	306.51	1.6577	8.7126e-05	0.092842	0.0010366	189.79	0.0052690	23.618	25.517	69.212	53.801	177.96	187.40	14.525	2.1475e-05	0.030629
410.76	5.6394	901.19	0.0011096	14.469	14.870	43.280	55.427	176.41	305.67	1.6685	8.6933e-05	0.092731	0.0010155	190.49	0.0052496	23.610	25.507	69.176	53.844	179.01	187.31	14.505	2.1504e-05	0.030739
410.89	5.6525	900.12	0.0011110	14.487	14.890	43.326	55.451	177.12	304.82	1.6794	8.6740e-05	0.092620	0.00099445	191.19	0.0052303	23.603	25.497	69.141	53.887	180.06	187.22	14.484	2.1533e-05	0.030850
411.03	5.6657	899.04	0.0011123	14.506	14.909	43.372	55.476	177.83	303.98	1.6904	8.6546e-05	0.092510	0.00097348	191.90	0.0052111	23.595	25.487	69.106	53.930	181.14	187.13	14.463	2.1563e-05	0.030962
411.16	5.6788	897.97	0.0011136	14.524	14.929	43.418	55.501	178.55	303.14	1.7014	8.6353e-05	0.092400	0.00095258	192.60	0.0051920	23.588	25.477	69.071	53.973	182.22	187.04	14.443	2.1592e-05	0.031074
411.30	5.6920	896.89	0.0011150	14.543	14.949	43.464	55.526	179.28	302.30	1.7125	8.6160e-05	0.092290	0.00093174	193.32	0.0051729	23.580	25.466	69.035	54.017	183.32	186.95	14.422	2.1622e-05	0.031188
411.43	5.7051	895.81	0.0011163	14.561	14.969	43.510	55.551	180.02	301.46	1.7237	8.5968e-05	0.092180	0.00091098	194.03	0.0051539	23.572	25.456	68.999	54.060	184.43	186.87	14.401	2.1652e-05	0.031302
411.56	5.7182	894.72	0.0011177	14.580	14.989	43.557	55.577	180.77	300.62	1.7350	8.5775e-05	0.092071	0.00089029	194.75	0.0051349	23.565	25.446	68.964	54.103	185.55	186.78	14.381	2.1682e-05	0.031417
411.70	5.7314	893.64	0.0011190	14.598	15.009	43.603	55.602	181.53	299.78	1.7464	8.5582e-05	0.091961	0.00086966	195.47	0.0051160	23.557	25.435	68.928	54.147	186.69	186.69	14.360	2.1712e-05	0.031533
411.83	5.7445	892.55	0.0011204	14.617	15.029	43.649	55.628	182.30	298.94	1.7578	8.5390e-05	0.091852	0.00084910	196.19	0.0050972	23.549	25.425	68.892	54.191	187.85	186.60	14.339	2.1742e-05	0.031649
411.96	5.7577	891.46	0.0011218	14.635	15.049	43.695	55.653	183.08	298.10	1.7693	8.5197e-05	0.091743	0.00082862	196.91	0.0050784	23.541	25.414	68.856	54.234	189.01	186.51	14.318	2.1772e-05	0.031767
412.09	5.7708	890.37	0.0011231	14.654	15.069	43.741	55.679	183.87	297.27	1.7809	8.5005e-05	0.091635	0.00080820	197.64	0.0050597	23.533	25.404	68.820	54.278	190.20	186.42	14.297	2.1803e-05	0.031885
412.23	5.7840	889.27	0.0011245	14.672	15.089	43.788	55.705	184.67	296.43	1.7926	8.4812e-05	0.091526	0.00078785	198.37	0.0050410	23.525	25.393	68.784	54.322	191.40	186.33	14.276	2.1833e-05	0.032004
412.36	5.7971	888.18	0.0011259	14.691	15.109	43.834	55.731	185.48	295.60	1.8044	8.4620e-05	0.091418	0.00076758	199.11	0.0050224	23.517	25.383	68.748	54.366	192.61	186.24	14.255	2.1864e-05	0.032125
412.49	5.8102	887.08	0.0011273	14.709	15.129	43.880	55.758	186.30	294.76	1.8163	8.4427e-05	0.091310	0.00074737	199.85	0.0050039	23.509	25.372	68.712	54.411	193.84	186.15	14.234	2.1895e-05	0.032246
412.62	5.8234	885.97	0.0011287	14.728	15.149	43.926	55.784	187.13	293.93	1.8282	8.4235e-05	0.091203	0.00072723	200.59	0.0049854	23.501	25.361	68.675	54.455	195.09	186.06	14.213	2.1926e-05	0.032368
412.75	5.8365	884.87	0.0011301	14.747	15.169	43.973	55.810	187.97	293.10	1.8402	8.4043e-05	0.091095	0.00070716	201.33	0.0049670	23.493	25.350	68.639	54.499	196.35	185.97	14.192	2.1958e-05	0.032491
412.88	5.8497	883.76	0.0011315	14.765	15.189	44.019	55.837	188.82	292.26	1.8524	8.3851e-05	0.090988	0.00068716	202.08	0.0049486	23.485	25.339	68.602	54.544	197.63	185.88	14.170	2.1989e-05	0.032615
413.01	5.8628	882.65	0.0011330	14.784	15.209	44.065	55.864	189.69	291.43	1.8646	8.3659e-05	0.090881	0.00066723	202.83	0.0049303	23.476	25.328	68.566	54.588	198.92	185.79	14.149	2.2021e-05	0.032740
413.14	5.8759	881.53	0.0011344	14.802	15.229	44.112	55.891	190.56	290.60	1.8769	8.3467e-05	0.090774	0.00064738	203.58	0.0049120	23.468	25.317	68.529	54.633	200.24	185.70	14.128	2.2053e-05	0.032866
413.27	5.8891	880.42	0.0011358	14.821	15.250	44.158	55.918	191.45	289.77	1.8893	8.3274e-05	0.090668	0.00062759	204.34	0.0048938	23.460	25.306	68.492	54.678	201.57	185.61	14.106	2.2085e-05	0.032992
413.40	5.9022	879.30	0.0011373	14.840	15.270	44.205	55.945	192.35	288.94	1.9017	8.3082e-05	0.090562	0.00060787	205.10	0.0048757	23.451	25.295	68.455	54.723	202.92	185.52	14.085	2.2117e-05	0.033120
413.53	5.9154	878.18	0.0011387	14.858	15.290	44.251	55.973	193.26	288.11	1.9143	8.2890e-05	0.090456	0.00058822	205.86	0.0048576	23.443	25.284	68.418	54.768	204.29	185.43	14.063	2.2149e-05	0.033249
413.66	5.9285	877.05	0.0011402	14.877	15.310	44.298	56.000	194.19	287.29	1.9270	8.2698e-05	0.090350	0.00056865	206.63	0.0048395	23.434	25.272	68.380	54.813	205.68	185.34	14.042	2.2182e-05	0.033379
413.79	5.9416	875.92	0.0011417	14.896	15.330	44.344	56.028	195.13	286.46	1.9397	8.2506e-05	0.090245	0.00054915	207.40	0.0048216	23.426	25.261	68.343	54.859	207.08	185.25	14.020	2.2214e-05	0.033510
413.92	5.9548	874.79	0.0011431	14.914	15.350	44.391	56.056	196.08	285.63	1.9526	8.2314e-05	0.090140	0.00052971	208.18	0.0048036	23.417	25.249	68.306	54.904	208.51	185.16	13.999	2.2247e-05	0.033642
414.05	5.9679	873.66	0.0011446	14.933	15.371	44.437	56.084	197.05	284.81	1.9656	8.2122e-05	0.090035	0.00051035	208.95	0.0047857	23.408	25.238	68.268	54.950	209.96	185.07	13.977	2.2280e-05	0.033775
414.18	5.9811	872.52	0.0011461	14.952	15.391	44.484	56.112	198.03	283.98	1.9786	8.1930e-05	0.089931	0.00049106	209.74	0.0047679	23.399	25.226	68.230	54.996	211.43	184.98	13.955	2.2313e-05	0.033909
414.31	5.9942	871.38	0.0011476	14.971	15.411	44.531	56.140	199.02	283.16	1.9918	8.1738e-05	0.089827	0.00047184	210.52	0.0047501	23.390	25.215	68.192	55.042	212.91	184.89	13.933	2.2347e-05	0.034045
414.43	6.0074	870.24	0.0011491	14.989	15.432	44.577	56.169	200.03	282.33	2.0050	8.1546e-05	0.089723	0.00045270	211.31	0.0047324	23.382	25.203	68.155	55.088	214.43	184.80	13.911	2.2380e-05	0.034181
414.56	6.0205	869.09	0.0011506	15.008	15.452	44.624	56.197	201.05	281.51	2.0184	8.1354e-05	0.089619	0.00043362	212.10	0.0047147	23.373	25.191	68.116	55.134	215.96	184.71	13.889	2.2414e-05	0.034319
414.69	6.0336	867.94	0.0011522	15.027	15.472	44.671	56.226	202.09	280.69	2.0319	8.1162e-05	0.089516	0.00041462	212.90	0.0046971	23.364	25.179	68.078	55.180	217.51	184.62	13.867	2.2448e-05	0.034458
414.82	6.0468	866.78	0.0011537	15.046	15.493	44.718	56.255	203.14	279.87	2.0454	8.0969e-05	0.089413	0.00039569	213.70	0.0046795	23.355	25.167	68.040	55.226	219.09	184.53	13.845	2.2482e-05	0.034597
414.94	6.0599	865.63	0.0011552	15.065	15.513	44.764	56.284	204.21	279.05	2.0591	8.0777e-05	0.089311	0.00037684	214.50	0.0046619	23.345	25.155	68.002	55.273	220.69	184.44	13.823	2.2516e-05	0.034739
415.07	6.0731	864.47	0.0011568	15.083	15.534	44.811	56.313	205.30	278.23	2.0729	8.0585e-05	0.089209	0.00035806	215.31	0.0046444	23.336	25.143	67.963	55.320	222.32	184.34	13.801	2.2551e-05	0.034881
415.20	6.0862	863.30	0.0011583	15.102	15.554	44.858	56.343	206.40	277.41	2.0868	8.0393e-05	0.089107	0.00033935	216.12	0.0046270	23.327	25.131	67.924	55.366	223.97	184.25	13.778	2.2586e-05	0.035025
415.32	6.0993	862.14	0.0011599	15.121	15.574	44.905	56.372	207.52	276.59	2.1008	8.0200e-05	0.089005	0.00032071	216.94	0.0046096	23.318	25.119	67.885	55.413	225.64	184.16	13.756	2.2621e-05	0.035169
415.45	6.1125	860.97	0.0011615	15.140	15.595	44.952	56.402	208.66	275.77	2.1149	8.0008e-05	0.088904	0.00030215	217.76	0.0045922	23.308	25.106	67.846	55.460	227.34	184.07	13.734	2.2656e-05	0.035316
415.58	6.1256	859.79	0.0011631	15.159	15.616	44.999	56.432	209.81	274.95	2.1291	7.9815e-05	0.088803	0.00028367	218.58	0.0045749	23.299	25.094	67.807	55.508	229.07	183.98	13.711	2.2691e-05	0.035463
415.70	6.1388	858.61	0.0011647	15.178	15.636	45.046	56.462	210.98	274.13	2.1434	7.9623e-05	0.088703	0.00026525	219.41	0.0045577	23.289	25.082	67.768	55.555	230.82	183.89	13.688	2.2727e-05	0.035612
415.83	6.1519	857.43	0.0011663	15.197	15.657	45.094	56.493	212.18	273.32	2.1579	7.9430e-05	0.088603	0.00024692	220.24	0.0045404	23.280	25.069	67.729	55.603	232.60	183.79	13.666	2.2763e-05	0.035762
415.95	6.1651	856.25	0.0011679	15.216	15.677	45.141	56.523	213.39	272.50	2.1724	7.9237e-05	0.088504	0.00022865	221.08	0.0045232	23.270	25.056	67.689	55.650	234.41	183.70	13.643	2.2799e-05	0.035913
416.08	6.1782	855.06	0.0011695	15.235	15.698	45.188	56.554	214.62	271.69	2.1871	7.9044e-05	0.088405	0.00021047	221.92	0.0045061	23.260	25.044	67.650	55.698	236.25	183.61	13.620	2.2835e-05	0.036066
416.20	6.1913	853.86	0.0011711	15.254	15.719	45.235	56.584	215.87	270.87	2.2019	7.8851e-05	0.088306	0.00019236	222.77	0.0044890	23.250	25.031	67.610	55.746	238.12	183.52	13.597	2.2871e-05	0.036220
416.33	6.2045	852.66	0.0011728	15.273	15.739	45.283	56.615	217.14	270.06	2.2168	7.8658e-05	0.088208	0.00017432	223.62	0.0044719	23.241	25.018	67.570	55.794	240.02	183.42	13.574	2.2908e-05	0.036376
416.45	6.2176	851.46	0.0011744	15.292	15.760	45.330	56.647	218.43	269.24	2.2319	7.8465e-05	0.088110	0.00015636	224.47	0.0044549	23.231	25.005	67.530	55.842	241.95	183.33	13.551	2.2945e-05	0.036533
416.58	6.2308	850.26	0.0011761	15.311	15.781	45.378	56.678	219.74	268.43	2.2471	7.8272e-05	0.088012	0.00013848	225.33	0.0044379	23.221	24.992	67.489	55.891	243.91	183.24	13.528	2.2982e-05	0.036692
416.70	6.2439	849.05	0.0011778	15.331	15.802	45.425	56.710	221.08	267.62	2.2623	7.8078e-05	0.087916	0.00012068	226.19	0.0044210	23.211	24.979	67.449	55.939	245.90	183.15	13.505	2.3020e-05	0.036852
416.83	6.2570	847.83	0.0011795	15.350	15.823	45.473	56.741	222.44	266.80	2.2778	7.7885e-05	0.087819	0.00010295	227.06	0.0044041	23.200	24.966	67.408	55.988	247.93	183.05	13.482	2.3057e-05	0.037013
416.95	6.2702	846.62	0.0011812	15.369	15.843	45.521	56.773	223.82	265.99	2.2933	7.7691e-05	0.087723	8.5304e-05	227.93	0.0043872	23.190	24.953	67.368	56.037	249.99	182.96	13.458	2.3095e-05	0.037177
417.07	6.2833	845.39	0.0011829	15.388	15.864	45.569	56.805	225.22	265.18	2.3090	7.7497e-05	0.087628	6.7734e-05	228.81	0.0043704	23.180	24.939	67.327	56.086	252.08	182.87	13.435	2.3133e-05	0.037341
417.20	6.2965	844.17	0.0011846	15.408	15.885	45.616	56.838	226.65	264.37	2.3248	7.7303e-05	0.087533	5.0243e-05	229.69	0.0043536	23.170	24.926	67.286	56.135	254.21	182.77	13.411	2.3172e-05	0.037508
417.32	6.3096	842.94	0.0011863	15.427	15.906	45.664	56.870	228.11	263.56	2.3408	7.7109e-05	0.087439	3.2831e-05	230.58	0.0043368	23.159	24.912	67.244	56.185	256.38	182.68	13.387	2.3210e-05	0.037676
417.44	6.3228	841.70	0.0011881	15.446	15.927	45.712	56.903	229.59	262.75	2.3568	7.6915e-05	0.087345	1.5499e-05	231.47	0.0043201	23.149	24.898	67.203	56.234	258.59	182.58	13.364	2.3249e-05	0.037846
417.56	6.3359	840.46	0.0011898	15.466	15.948	45.761	56.936	231.10	261.94	2.3731	7.6720e-05	0.087252	-1.7526e-06	232.37	0.0043034	23.138	24.885	67.161	56.284	260.83	182.49	13.340	2.3288e-05	0.038017
417.69	6.3490	839.21	0.0011916	15.485	15.970	45.809	56.969	232.63	261.13	2.3894	7.6525e-05	0.087159	-1.8924e-05	233.28	0.0042868	23.127	24.871	67.120	56.334	263.11	182.40	13.316	2.3328e-05	0.038190
417.81	6.3622	837.96	0.0011934	15.504	15.991	45.857	57.002	234.20	260.33	2.4059	7.6331e-05	0.087067	-3.6013e-05	234.18	0.0042702	23.117	24.857	67.078	56.384	265.44	182.30	13.292	2.3368e-05	0.038365
417.93	6.3753	836.71	0.0011952	15.524	16.012	45.905	57.036	235.79	259.52	2.4226	7.6135e-05	0.086975	-5.3022e-05	235.10	0.0042536	23.106	24.843	67.036	56.435	267.81	182.21	13.268	2.3408e-05	0.038542
418.05	6.3885	835.45	0.0011970	15.543	16.033	45.954	57.070	237.41	258.71	2.4394	7.5940e-05	0.086885	-6.9947e-05	236.02	0.0042370	23.095	24.829	66.993	56.485	270.22	182.11	13.243	2.3448e-05	0.038720
418.17	6.4016	834.18	0.0011988	15.563	16.055	46.002	57.104	239.06	257.91	2.4563	7.5745e-05	0.086795	-8.6790e-05	236.94	0.0042205	23.084	24.815	66.951	56.536	272.67	182.02	13.219	2.3489e-05	0.038901
418.30	6.4147	832.91	0.0012006	15.582	16.076	46.051	57.138	240.75	257.10	2.4734	7.5549e-05	0.086705	-0.00010355	237.87	0.0042040	23.073	24.800	66.908	56.587	275.17	181.92	13.195	2.3530e-05	0.039083
418.42	6.4279	831.64	0.0012024	15.602	16.097	46.100	57.172	242.46	256.29	2.4906	7.5353e-05	0.086616	-0.00012023	238.81	0.0041875	23.062	24.786	66.865	56.638	277.72	181.83	13.170	2.3571e-05	0.039267
418.54	6.4410	830.36	0.0012043	15.622	16.119	46.148	57.207	244.21	255.49	2.5080	7.5157e-05	0.086528	-0.00013682	239.75	0.0041711	23.050	24.771	66.822	56.689	280.31	181.73	13.145	2.3612e-05	0.039453
418.66	6.4542	829.07	0.0012062	15.641	16.140	46.197	57.242	245.99	254.68	2.5256	7.4960e-05	0.086441	-0.00015332	240.69	0.0041547	23.039	24.757	66.779	56.740	282.95	181.64	13.121	2.3654e-05	0.039641
418.78	6.4673	827.78	0.0012080	15.661	16.162	46.246	57.277	247.81	253.88	2.5433	7.4764e-05	0.086354	-0.00016974	241.65	0.0041383	23.028	24.742	66.735	56.792	285.65	181.54	13.096	2.3696e-05	0.039832
418.90	6.4805	826.48	0.0012099	15.681	16.183	46.295	57.312	249.67	253.08	2.5611	7.4567e-05	0.086268	-0.00018608	242.60	0.0041219	23.016	24.727	66.692	56.844	288.39	181.44	13.071	2.3739e-05	0.040024
419.02	6.4936	825.18	0.0012119	15.701	16.205	46.344	57.348	251.56	252.27	2.5791	7.4369e-05	0.086183	-0.00020232	243.57	0.0041056	23.004	24.712	66.648	56.896	291.19	181.35	13.046	2.3782e-05	0.040219
419.14	6.5067	823.87	0.0012138	15.721	16.227	46.394	57.384	253.49	251.47	2.5973	7.4172e-05	0.086099	-0.00021848	244.54	0.0040893	22.993	24.697	66.604	56.948	294.05	181.25	13.020	2.3825e-05	0.040415
419.26	6.5199	822.56	0.0012157	15.741	16.248	46.443	57.420	255.46	250.67	2.6157	7.3974e-05	0.086016	-0.00023455	245.52	0.0040730	22.981	24.682	66.559	57.000	296.96	181.16	12.995	2.3868e-05	0.040614
419.38	6.5330	821.24	0.0012177	15.760	16.270	46.493	57.456	257.47	249.87	2.6342	7.3776e-05	0.085933	-0.00025054	246.50	0.0040568	22.969	24.667	66.515	57.053	299.93	181.06	12.970	2.3912e-05	0.040815
419.50	6.5462	819.91	0.0012196	15.780	16.292	46.542	57.493	259.52	249.06	2.6529	7.3577e-05	0.085852	-0.00026643	247.49	0.0040405	22.957	24.652	66.470	57.106	302.96	180.96	12.944	2.3956e-05	0.041019
419.62	6.5593	818.58	0.0012216	15.801	16.314	46.592	57.529	261.62	248.26	2.6718	7.3379e-05	0.085771	-0.00028223	248.49	0.0040243	22.945	24.636	66.425	57.159	306.05	180.86	12.918	2.4000e-05	0.041225
419.74	6.5724	817.24	0.0012236	15.821	16.336	46.642	57.566	263.76	247.46	2.6908	7.3180e-05	0.085692	-0.00029794	249.49	0.0040081	22.933	24.620	66.380	57.212	309.21	180.77	12.892	2.4045e-05	0.041433
419.85	6.5856	815.90	0.0012256	15.841	16.358	46.692	57.604	265.94	246.66	2.7100	7.2980e-05	0.085613	-0.00031355	250.50	0.0039920	22.921	24.605	66.334	57.266	312.44	180.67	12.866	2.4091e-05	0.041644
419.97	6.5987	814.55	0.0012277	15.861	16.380	46.742	57.641	268.18	245.86	2.7294	7.2780e-05	0.085535	-0.00032908	251.52	0.0039758	22.908	24.589	66.289	57.319	315.73	180.57	12.840	2.4136e-05	0.041857
420.09	6.6119	813.19	0.0012297	15.881	16.402	46.793	57.679	270.46	245.06	2.7490	7.2580e-05	0.085459	-0.00034451	252.54	0.0039597	22.896	24.573	66.243	57.373	319.09	180.47	12.814	2.4182e-05	0.042073
420.21	6.6250	811.82	0.0012318	15.902	16.424	46.843	57.717	272.80	244.26	2.7688	7.2379e-05	0.085383	-0.00035984	253.58	0.0039436	22.883	24.557	66.197	57.427	322.52	180.37	12.788	2.4229e-05	0.042292
420.33	6.6382	810.45	0.0012339	15.922	16.447	46.893	57.755	275.18	243.46	2.7888	7.2178e-05	0.085309	-0.00037508	254.62	0.0039275	22.870	24.541	66.150	57.482	326.03	180.28	12.761	2.4275e-05	0.042513
420.44	6.6513	809.07	0.0012360	15.942	16.469	46.944	57.794	277.62	242.66	2.8089	7.1977e-05	0.085236	-0.00039022	255.66	0.0039114	22.858	24.524	66.103	57.537	329.62	180.18	12.735	2.4323e-05	0.042737
420.56	6.6644	807.69	0.0012381	15.963	16.491	46.995	57.833	280.12	241.87	2.8293	7.1775e-05	0.085164	-0.00040527	256.72	0.0038954	22.845	24.508	66.056	57.591	333.29	180.08	12.708	2.4370e-05	0.042964
420.68	6.6776	806.29	0.0012402	15.983	16.514	47.046	57.872	282.68	241.07	2.8498	7.1573e-05	0.085093	-0.00042021	257.78	0.0038793	22.832	24.491	66.009	57.647	337.04	179.98	12.681	2.4418e-05	0.043193
420.80	6.6907	804.89	0.0012424	16.004	16.536	47.097	57.912	285.29	240.27	2.8706	7.1370e-05	0.085024	-0.00043505	258.85	0.0038633	22.819	24.474	65.961	57.702	340.87	179.88	12.654	2.4467e-05	0.043426
420.91	6.7039	803.49	0.0012446	16.025	16.559	47.149	57.951	287.97	239.47	2.8915	7.1167e-05	0.084955	-0.00044980	259.92	0.0038473	22.805	24.458	65.914	57.758	344.79	179.78	12.627	2.4515e-05	0.043662
421.03	6.7170	802.07	0.0012468	16.045	16.582	47.200	57.992	290.71	238.68	2.9127	7.0963e-05	0.084889	-0.00046444	261.01	0.0038313	22.792	24.441	65.866	57.813	348.81	179.68	12.599	2.4565e-05	0.043900
421.15	6.7301	800.65	0.0012490	16.066	16.605	47.252	58.032	293.52	237.88	2.9341	7.0759e-05	0.084824	-0.00047898	262.10	0.0038153	22.778	24.423	65.817	57.870	352.92	179.58	12.572	2.4615e-05	0.044142
421.26	6.7433	799.21	0.0012512	16.087	16.628	47.304	58.073	296.40	237.08	2.9557	7.0555e-05	0.084760	-0.00049341	263.21	0.0037993	22.765	24.406	65.768	57.926	357.13	179.48	12.544	2.4665e-05	0.044388
421.38	6.7564	797.77	0.0012535	16.108	16.650	47.356	58.114	299.36	236.29	2.9775	7.0349e-05	0.084698	-0.00050773	264.32	0.0037833	22.751	24.389	65.719	57.983	361.43	179.38	12.516	2.4716e-05	0.044636
421.49	6.7696	796.33	0.0012558	16.129	16.674	47.408	58.155	302.38	235.49	2.9995	7.0144e-05	0.084637	-0.00052195	265.44	0.0037674	22.737	24.371	65.670	58.039	365.85	179.27	12.488	2.4767e-05	0.044888
421.61	6.7827	794.87	0.0012581	16.150	16.697	47.460	58.197	305.49	234.70	3.0218	6.9938e-05	0.084578	-0.00053606	266.57	0.0037514	22.723	24.353	65.621	58.097	370.37	179.17	12.460	2.4818e-05	0.045144
421.73	6.7959	793.40	0.0012604	16.171	16.720	47.513	58.238	308.67	233.90	3.0443	6.9731e-05	0.084521	-0.00055006	267.70	0.0037355	22.709	24.335	65.571	58.154	375.01	179.07	12.431	2.4871e-05	0.045403
421.84	6.8090	791.93	0.0012627	16.192	16.743	47.565	58.281	311.94	233.11	3.0670	6.9523e-05	0.084465	-0.00056395	268.85	0.0037195	22.695	24.317	65.520	58.212	379.76	178.97	12.403	2.4923e-05	0.045666
421.96	6.8221	790.44	0.0012651	16.214	16.767	47.618	58.323	315.29	232.31	3.0900	6.9315e-05	0.084411	-0.00057773	270.01	0.0037036	22.680	24.299	65.470	58.270	384.63	178.87	12.374	2.4977e-05	0.045932
422.07	6.8353	788.95	0.0012675	16.235	16.790	47.672	58.366	318.74	231.52	3.1132	6.9107e-05	0.084360	-0.00059139	271.17	0.0036877	22.666	24.281	65.419	58.328	389.63	178.76	12.345	2.5030e-05	0.046203
422.19	6.8484	787.45	0.0012699	16.257	16.814	47.725	58.410	322.27	230.72	3.1366	6.8897e-05	0.084310	-0.00060494	272.35	0.0036717	22.651	24.262	65.367	58.387	394.77	178.66	12.316	2.5085e-05	0.046478
422.30	6.8616	785.93	0.0012724	16.278	16.837	47.779	58.453	325.91	229.93	3.1603	6.8687e-05	0.084262	-0.00061836	273.54	0.0036558	22.636	24.243	65.316	58.446	400.04	178.55	12.287	2.5140e-05	0.046756
422.41	6.8747	784.41	0.0012748	16.300	16.861	47.832	58.497	329.65	229.13	3.1843	6.8477e-05	0.084217	-0.00063167	274.73	0.0036399	22.621	24.224	65.264	58.505	405.45	178.45	12.257	2.5195e-05	0.047039
422.53	6.8878	782.88	0.0012773	16.322	16.885	47.886	58.542	333.49	228.34	3.2085	6.8265e-05	0.084173	-0.00064486	275.94	0.0036240	22.606	24.205	65.211	58.565	411.01	178.35	12.228	2.5251e-05	0.047326
422.64	6.9010	781.33	0.0012799	16.343	16.909	47.941	58.587	337.45	227.55	3.2330	6.8053e-05	0.084132	-0.00065792	277.16	0.0036080	22.591	24.186	65.158	58.625	416.72	178.24	12.198	2.5308e-05	0.047618
422.76	6.9141	779.78	0.0012824	16.365	16.933	47.995	58.632	341.52	226.75	3.2577	6.7840e-05	0.084093	-0.00067086	278.39	0.0035921	22.576	24.167	65.105	58.685	422.59	178.14	12.168	2.5365e-05	0.047915
422.87	6.9273	778.21	0.0012850	16.387	16.958	48.050	58.677	345.71	225.96	3.2827	6.7627e-05	0.084057	-0.00068367	279.63	0.0035762	22.560	24.147	65.052	58.745	428.63	178.03	12.137	2.5423e-05	0.048216
422.98	6.9404	776.64	0.0012876	16.409	16.982	48.105	58.723	350.03	225.17	3.3080	6.7412e-05	0.084023	-0.00069635	280.88	0.0035602	22.544	24.127	64.998	58.806	434.84	177.92	12.107	2.5482e-05	0.048522
423.10	6.9535	775.05	0.0012902	16.432	17.006	48.160	58.770	354.48	224.38	3.3336	6.7197e-05	0.083992	-0.00070889	282.15	0.0035442	22.528	24.107	64.943	58.867	441.24	177.82	12.076	2.5541e-05	0.048833
423.21	6.9667	773.45	0.0012929	16.454	17.031	48.216	58.816	359.06	223.58	3.3595	6.6981e-05	0.083964	-0.00072131	283.42	0.0035283	22.512	24.087	64.888	58.929	447.82	177.71	12.045	2.5601e-05	0.049149
423.32	6.9798	771.84	0.0012956	16.476	17.056	48.272	58.864	363.79	222.79	3.3857	6.6764e-05	0.083938	-0.00073359	284.71	0.0035123	22.496	24.066	64.833	58.991	454.60	177.60	12.014	2.5662e-05	0.049471
423.43	6.9930	770.21	0.0012983	16.499	17.081	48.328	58.911	368.67	222.00	3.4121	6.6546e-05	0.083916	-0.00074573	286.01	0.0034963	22.479	24.046	64.777	59.053	461.59	177.49	11.982	2.5724e-05	0.049798
423.55	7.0061	768.58	0.0013011	16.522	17.106	48.385	58.959	373.71	221.21	3.4389	6.6328e-05	0.083897	-0.00075773	287.33	0.0034803	22.463	24.025	64.721	59.115	468.80	177.39	11.951	2.5786e-05	0.050131
423.66	7.0193	766.93	0.0013039	16.544	17.131	48.441	59.008	378.91	220.42	3.4660	6.6108e-05	0.083881	-0.00076958	288.66	0.0034643	22.446	24.004	64.664	59.178	476.23	177.28	11.919	2.5849e-05	0.050470
423.77	7.0324	765.26	0.0013067	16.567	17.156	48.498	59.057	384.29	219.62	3.4934	6.5887e-05	0.083868	-0.00078129	290.00	0.0034483	22.429	23.983	64.607	59.242	483.90	177.17	11.886	2.5912e-05	0.050815
423.88	7.0455	763.59	0.0013096	16.590	17.182	48.556	59.106	389.84	218.83	3.5211	6.5666e-05	0.083859	-0.00079285	291.36	0.0034322	22.412	23.961	64.550	59.305	491.82	177.06	11.854	2.5977e-05	0.051167
423.99	7.0587	761.89	0.0013125	16.614	17.207	48.614	59.156	395.59	218.04	3.5491	6.5443e-05	0.083853	-0.00080426	292.73	0.0034162	22.394	23.939	64.491	59.369	499.99	176.95	11.821	2.6042e-05	0.051524
424.11	7.0718	760.19	0.0013155	16.637	17.233	48.672	59.206	401.54	217.25	3.5775	6.5219e-05	0.083852	-0.00081551	294.11	0.0034001	22.377	23.917	64.433	59.434	508.45	176.84	11.788	2.6108e-05	0.051889
424.22	7.0850	758.47	0.0013184	16.660	17.259	48.730	59.257	407.71	216.46	3.6062	6.4994e-05	0.083854	-0.00082660	295.51	0.0033839	22.359	23.895	64.373	59.499	517.19	176.72	11.755	2.6176e-05	0.052261
424.33	7.0981	756.73	0.0013215	16.684	17.285	48.789	59.308	414.09	215.67	3.6353	6.4768e-05	0.083860	-0.00083753	296.93	0.0033678	22.341	23.872	64.314	59.564	526.23	176.61	11.721	2.6244e-05	0.052640
424.44	7.1112	754.98	0.0013245	16.708	17.311	48.848	59.360	420.71	214.88	3.6648	6.4540e-05	0.083871	-0.00084829	298.36	0.0033516	22.323	23.850	64.253	59.630	535.59	176.50	11.687	2.6312e-05	0.053026
424.55	7.1244	753.21	0.0013277	16.732	17.338	48.908	59.413	427.58	214.09	3.6946	6.4312e-05	0.083886	-0.00085888	299.81	0.0033354	22.304	23.827	64.192	59.696	545.28	176.39	11.653	2.6382e-05	0.053421
424.66	7.1375	751.43	0.0013308	16.756	17.364	48.968	59.466	434.70	213.29	3.7248	6.4082e-05	0.083906	-0.00086930	301.28	0.0033192	22.285	23.803	64.131	59.763	555.33	176.27	11.619	2.6453e-05	0.053823
424.77	7.1507	749.62	0.0013340	16.780	17.391	49.029	59.519	442.11	212.50	3.7553	6.3851e-05	0.083931	-0.00087954	302.76	0.0033029	22.267	23.780	64.069	59.830	565.74	176.16	11.584	2.6525e-05	0.054234
424.88	7.1638	747.80	0.0013373	16.804	17.418	49.090	59.573	449.81	211.71	3.7863	6.3618e-05	0.083961	-0.00088960	304.26	0.0032866	22.247	23.756	64.006	59.897	576.56	176.04	11.549	2.6598e-05	0.054654
424.99	7.1770	745.96	0.0013405	16.829	17.445	49.151	59.628	457.81	210.92	3.8177	6.3384e-05	0.083996	-0.00089948	305.78	0.0032703	22.228	23.731	63.942	59.965	587.78	175.92	11.513	2.6672e-05	0.055083
425.10	7.1901	744.11	0.0013439	16.854	17.473	49.213	59.683	466.15	210.13	3.8494	6.3149e-05	0.084037	-0.00090916	307.32	0.0032539	22.208	23.707	63.878	60.033	599.45	175.81	11.477	2.6747e-05	0.055522
425.21	7.2032	742.23	0.0013473	16.879	17.500	49.275	59.739	474.83	209.34	3.8816	6.2911e-05	0.084084	-0.00091864	308.88	0.0032375	22.188	23.682	63.813	60.102	611.58	175.69	11.441	2.6824e-05	0.055970
425.32	7.2164	740.33	0.0013507	16.904	17.528	49.338	59.795	483.88	208.55	3.9143	6.2673e-05	0.084138	-0.00092792	310.47	0.0032210	22.168	23.657	63.748	60.172	624.20	175.57	11.405	2.6901e-05	0.056429
425.43	7.2295	738.41	0.0013543	16.929	17.556	49.401	59.853	493.33	207.76	3.9473	6.2433e-05	0.084197	-0.00093699	312.07	0.0032044	22.147	23.631	63.681	60.242	637.35	175.45	11.368	2.6980e-05	0.056899
425.54	7.2427	736.47	0.0013578	16.955	17.585	49.465	59.910	503.20	206.97	3.9808	6.2191e-05	0.084264	-0.00094585	313.69	0.0031879	22.126	23.606	63.614	60.312	651.05	175.33	11.330	2.7060e-05	0.057380
425.65	7.2558	734.51	0.0013615	16.980	17.613	49.530	59.969	513.51	206.18	4.0148	6.1947e-05	0.084337	-0.00095449	315.34	0.0031712	22.105	23.579	63.546	60.383	665.34	175.21	11.292	2.7142e-05	0.057873
425.76	7.2689	732.52	0.0013651	17.006	17.642	49.595	60.028	524.30	205.39	4.0493	6.1701e-05	0.084418	-0.00096291	317.01	0.0031545	22.084	23.553	63.478	60.454	680.27	175.09	11.254	2.7225e-05	0.058379
425.86	7.2821	730.51	0.0013689	17.033	17.671	49.661	60.088	535.60	204.60	4.0842	6.1454e-05	0.084507	-0.00097109	318.70	0.0031377	22.062	23.526	63.408	60.526	695.87	174.97	11.216	2.7309e-05	0.058897
425.97	7.2952	728.48	0.0013727	17.059	17.701	49.727	60.148	547.44	203.81	4.1197	6.1204e-05	0.084605	-0.00097903	320.42	0.0031209	22.040	23.498	63.337	60.599	712.18	174.85	11.176	2.7395e-05	0.059430
426.08	7.3084	726.42	0.0013766	17.086	17.730	49.794	60.210	559.87	203.02	4.1557	6.0953e-05	0.084711	-0.00098672	322.17	0.0031040	22.017	23.471	63.266	60.672	729.26	174.72	11.137	2.7482e-05	0.059976
426.19	7.3215	724.33	0.0013806	17.113	17.760	49.862	60.272	572.93	202.22	4.1922	6.0699e-05	0.084827	-0.00099415	323.94	0.0030870	21.994	23.442	63.194	60.746	747.17	174.60	11.097	2.7571e-05	0.060538
426.30	7.3347	722.21	0.0013846	17.140	17.791	49.930	60.335	586.67	201.43	4.2292	6.0443e-05	0.084952	-0.0010013	325.74	0.0030699	21.971	23.414	63.120	60.820	765.95	174.47	11.056	2.7662e-05	0.061116
426.40	7.3478	720.07	0.0013888	17.168	17.821	49.999	60.398	601.13	200.64	4.2668	6.0184e-05	0.085088	-0.0010082	327.57	0.0030528	21.947	23.384	63.046	60.895	785.69	174.34	11.015	2.7754e-05	0.061711
426.51	7.3609	717.89	0.0013930	17.195	17.852	50.069	60.463	616.38	199.85	4.3050	5.9923e-05	0.085235	-0.0010148	329.43	0.0030355	21.923	23.355	62.971	60.971	806.45	174.21	10.974	2.7848e-05	0.062323
426.62	7.3741	715.68	0.0013973	17.224	17.884	50.140	60.528	632.48	199.06	4.3438	5.9660e-05	0.085394	-0.0010211	331.32	0.0030182	21.899	23.325	62.894	61.047	828.30	174.09	10.931	2.7945e-05	0.062954
426.72	7.3872	713.44	0.0014017	17.252	17.916	50.212	60.595	649.50	198.27	4.3832	5.9394e-05	0.085565	-0.0010271	333.25	0.0030007	21.874	23.294	62.816	61.124	851.35	173.95	10.889	2.8043e-05	0.063605
426.83	7.4004	711.17	0.0014061	17.281	17.948	50.284	60.662	667.53	197.48	4.4233	5.9125e-05	0.085750	-0.0010328	335.21	0.0029832	21.849	23.263	62.737	61.202	875.68	173.82	10.845	2.8143e-05	0.064278
426.94	7.4135	708.86	0.0014107	17.310	17.980	50.358	60.730	686.64	196.69	4.4640	5.8853e-05	0.085948	-0.0010382	337.21	0.0029655	21.823	23.231	62.657	61.280	901.42	173.69	10.801	2.8246e-05	0.064972
427.04	7.4266	706.51	0.0014154	17.340	18.013	50.433	60.800	706.93	195.89	4.5054	5.8578e-05	0.086163	-0.0010432	339.24	0.0029477	21.796	23.199	62.576	61.359	928.67	173.56	10.757	2.8351e-05	0.065691
427.15	7.4398	704.12	0.0014202	17.370	18.047	50.508	60.870	728.53	195.10	4.5475	5.8300e-05	0.086393	-0.0010478	341.32	0.0029298	21.770	23.166	62.493	61.439	957.57	173.42	10.711	2.8458e-05	0.066435
427.26	7.4529	701.69	0.0014251	17.400	18.081	50.585	60.941	751.54	194.31	4.5903	5.8019e-05	0.086641	-0.0010521	343.43	0.0029118	21.742	23.132	62.408	61.519	988.29	173.28	10.665	2.8568e-05	0.067206
427.36	7.4661	699.22	0.0014302	17.431	18.115	50.663	61.014	776.12	193.52	4.6339	5.7734e-05	0.086908	-0.0010559	345.59	0.0028936	21.714	23.098	62.323	61.601	1021.0	173.14	10.618	2.8680e-05	0.068007
427.47	7.4792	696.70	0.0014353	17.463	18.150	50.742	61.087	802.42	192.73	4.6783	5.7445e-05	0.087195	-0.0010594	347.80	0.0028752	21.686	23.063	62.235	61.683	1055.9	173.00	10.571	2.8796e-05	0.068839
427.57	7.4924	694.14	0.0014406	17.494	18.186	50.822	61.162	830.62	191.93	4.7236	5.7152e-05	0.087504	-0.0010624	350.05	0.0028567	21.656	23.028	62.146	61.766	1093.1	172.86	10.522	2.8914e-05	0.069705
427.68	7.5055	691.52	0.0014461	17.527	18.222	50.904	61.238	860.93	191.14	4.7696	5.6855e-05	0.087838	-0.0010649	352.36	0.0028380	21.626	22.991	62.055	61.850	1133.0	172.72	10.473	2.9036e-05	0.070607
427.78	7.5186	688.85	0.0014517	17.560	18.259	50.987	61.316	893.59	190.35	4.8166	5.6553e-05	0.088197	-0.0010670	354.72	0.0028191	21.596	22.954	61.962	61.934	1175.9	172.57	10.423	2.9161e-05	0.071548
427.89	7.5318	686.12	0.0014575	17.593	18.296	51.072	61.395	928.87	189.55	4.8646	5.6247e-05	0.088585	-0.0010685	357.14	0.0028000	21.565	22.916	61.868	62.020	1222.0	172.43	10.372	2.9290e-05	0.072532
427.99	7.5449	683.33	0.0014634	17.627	18.335	51.159	61.475	967.09	188.76	4.9135	5.5936e-05	0.089004	-0.0010695	359.62	0.0027807	21.532	22.877	61.771	62.107	1271.8	172.28	10.320	2.9422e-05	0.073562
428.10	7.5581	680.47	0.0014696	17.662	18.374	51.247	61.556	1008.6	187.97	4.9634	5.5619e-05	0.089458	-0.0010699	362.16	0.0027612	21.500	22.836	61.672	62.194	1325.7	172.13	10.266	2.9558e-05	0.074643
428.20	7.5712	677.55	0.0014759	17.698	18.413	51.337	61.640	1053.9	187.17	5.0145	5.5297e-05	0.089950	-0.0010697	364.77	0.0027414	21.466	22.795	61.570	62.283	1384.1	171.97	10.212	2.9699e-05	0.075779
428.30	7.5843	674.55	0.0014825	17.734	18.454	51.429	61.725	1103.4	186.38	5.0667	5.4969e-05	0.090485	-0.0010689	367.46	0.0027214	21.431	22.753	61.466	62.372	1447.8	171.82	10.156	2.9845e-05	0.076977
428.41	7.5975	671.48	0.0014893	17.771	18.496	51.524	61.811	1157.8	185.59	5.1201	5.4634e-05	0.091066	-0.0010673	370.22	0.0027011	21.395	22.710	61.360	62.463	1517.5	171.66	10.099	2.9996e-05	0.078131
428.51	7.6106	668.32	0.0014963	17.809	18.539	51.620	61.899	1217.8	184.79	5.1749	5.4292e-05	0.091701	-0.0010650	373.07	0.0026804	21.358	22.665	61.250	62.554	1593.9	171.50	10.041	3.0152e-05	0.078568
428.62	7.6238	665.06	0.0015036	17.848	18.582	51.720	61.990	1284.2	184.00	5.2310	5.3943e-05	0.092395	-0.0010619	376.01	0.0026595	21.320	22.619	61.138	62.647	1678.2	171.34	9.9810	3.0314e-05	0.079019
428.72	7.6369	661.71	0.0015112	17.888	18.627	51.822	62.082	1358.1	183.20	5.2886	5.3586e-05	0.093156	-0.0010579	379.05	0.0026381	21.281	22.572	61.022	62.741	1771.5	171.17	9.9195	3.0482e-05	0.079486
428.82	7.6501	658.26	0.0015192	17.929	18.674	51.927	62.176	1440.9	182.41	5.3477	5.3220e-05	0.093996	-0.0010529	382.20	0.0026164	21.240	22.523	60.902	62.836	1875.4	171.01	9.8564	3.0657e-05	0.079968
428.92	7.6632	654.68	0.0015275	17.972	18.722	52.035	62.273	1534.2	181.61	5.4086	5.2844e-05	0.094923	-0.0010469	385.47	0.0025943	21.198	22.472	60.779	62.933	1991.9	170.83	9.7913	3.0840e-05	0.080469
429.03	7.6763	650.98	0.0015361	18.016	18.771	52.147	62.372	1639.9	180.81	5.4714	5.2458e-05	0.095954	-0.0010398	388.86	0.0025716	21.155	22.419	60.651	63.030	2123.1	170.66	9.7242	3.1032e-05	0.080990
429.13	7.6895	647.14	0.0015453	18.061	18.822	52.264	62.474	1760.7	180.02	5.5362	5.2060e-05	0.097106	-0.0010313	392.39	0.0025485	21.109	22.364	60.518	63.129	2272.2	170.48	9.6548	3.1233e-05	0.081533
429.23	7.7026	643.14	0.0015549	18.108	18.875	52.384	62.578	1900.0	179.22	5.6031	5.1649e-05	0.098400	-0.0010215	396.08	0.0025247	21.062	22.307	60.381	63.230	2442.9	170.30	9.5830	3.1444e-05	0.082099
429.33	7.7158	638.97	0.0015650	18.157	18.930	52.510	62.685	2062.1	178.42	5.6726	5.1225e-05	0.099864	-0.0010101	399.95	0.0025003	21.012	22.248	60.237	63.332	2640.2	170.12	9.5085	3.1666e-05	0.082692
429.44	7.7289	634.60	0.0015758	18.208	18.988	52.641	62.795	2252.9	177.63	5.7448	5.0784e-05	0.10153	-0.00099687	404.01	0.0024752	20.960	22.186	60.087	63.435	2870.9	169.93	9.4309	3.1902e-05	0.083316
429.54	7.7420	630.01	0.0015873	18.261	19.049	52.779	62.909	2480.5	176.83	5.8200	5.0326e-05	0.10346	-0.00098164	408.29	0.0024492	20.905	22.120	59.930	63.539	3144.0	169.73	9.3499	3.2153e-05	0.083974
429.64	7.7552	625.17	0.0015996	18.318	19.112	52.924	63.027	2756.3	176.03	5.8988	4.9847e-05	0.10570	-0.00096406	412.83	0.0024223	20.847	22.051	59.764	63.645	3472.3	169.53	9.2649	3.2421e-05	0.084671
429.74	7.7683	620.04	0.0016128	18.377	19.180	53.078	63.148	3096.7	175.23	5.9816	4.9345e-05	0.10834	-0.00094372	417.66	0.0023943	20.786	21.978	59.588	63.753	3874.0	169.33	9.1755	3.2709e-05	0.085414
429.84	7.7815	614.56	0.0016272	18.440	19.252	53.242	63.274	3526.7	174.43	6.0691	4.8815e-05	0.11152	-0.00092011	422.83	0.0023650	20.720	21.899	59.402	63.861	4376.7	169.12	9.0809	3.3020e-05	0.086210
429.94	7.7946	608.67	0.0016429	18.508	19.329	53.418	63.405	4085.5	173.63	6.1622	4.8252e-05	0.11541	-0.00089251	428.42	0.0023342	20.650	21.815	59.202	63.971	5023.6	168.91	8.9800	3.3361e-05	0.087071
430.04	7.8078	602.27	0.0016604	18.582	19.412	53.609	63.542	4838.8	172.83	6.2624	4.7648e-05	0.11688	-0.00085994	434.52	0.0023014	20.573	21.724	58.985	64.083	5886.3	168.69	8.8715	3.3736e-05	0.088011
430.14	7.8209	595.23	0.0016800	18.663	19.505	53.820	63.686	5905.5	172.02	6.3713	4.6994e-05	0.11566	-0.00082092	441.26	0.0022663	20.489	21.624	58.748	64.195	7093.6	168.46	8.7534	3.4157e-05	0.089050
430.24	7.8340	587.36	0.0017025	18.753	19.608	54.057	63.837	7524.6	171.21	6.4919	4.6274e-05	0.11431	-0.00077315	448.84	0.0022280	20.394	21.512	58.483	64.307	8902.5	168.23	8.6228	3.4638e-05	0.090222
430.34	7.8472	578.29	0.0017292	18.857	19.727	54.330	63.998	10257.	170.40	6.6290	4.5461e-05	0.11277	-0.00071261	457.61	0.0021853	20.285	21.384	58.181	64.418	11910.	168.00	8.4747	3.5204e-05	0.091579
430.44	7.8603	567.39	0.0017625	18.983	19.870	54.660	64.171	15793.	169.57	6.7923	4.4503e-05	0.11092	-0.00063113	468.23	0.0021357	20.155	21.230	57.819	64.526	17903.	167.77	8.2994	3.5903e-05	0.093227
430.54	7.8735	552.95	0.0018085	19.149	20.061	55.101	64.365	32656.	168.72	7.0064	4.3272e-05	0.10851	-0.00050624	482.38	0.0020730	19.982	21.028	57.345	64.625	35774.	167.55	8.0719	3.7797e-05	0.097042
430.64	7.8866	517.51	0.0019323	19.562	20.539	56.206	undefined	undefined	undefined	0.0000	undefined	undefined	0.0000	517.51	0.0019323	19.562	20.539	56.206	undefined	undefined	undefined	0.0000	undefined	undefined
