Temperature (K)	Pressure (MPa)	Density (l, kg/m3)	Volume (l, m3/kg)	Internal Energy (l, kJ/mol)	Enthalpy (l, kJ/mol)	Entropy (l, J/mol*K)	Cv (l, J/mol*K)	Cp (l, J/mol*K)	Sound Spd. (l, m/s)	Joule-Thomson (l, K/MPa)	Viscosity (l, Pa*s)	Therm. Cond. (l, W/m*K)	Surf. Tension (l, N/m)	Density (v, kg/m3)	Volume (v, m3/kg)	Internal Energy (v, kJ/mol)	Enthalpy (v, kJ/mol)	Entropy (v, J/mol*K)	Cv (v, J/mol*K)	Cp (v, J/mol*K)	Sound Spd. (v, m/s)	Joule-Thomson (v, K/MPa)	Viscosity (v, Pa*s)	Therm. Cond. (v, W/m*K)
273.18	0.00061248	999.79	0.0010002	0.0014107	0.0014217	0.0051640	75.977	76.022	1402.4	-0.24140	0.0017902	0.55565	0.075644	0.0048608	205.73	42.785	45.055	164.93	25.553	33.947	409.01	592.30	8.9463e-06	0.016762
347.39	0.037385	975.27	0.0010254	5.5992	5.5999	18.134	70.316	75.535	1555.0	-0.19284	0.00038118	0.66297	0.063720	0.23507	4.2541	44.575	47.440	138.58	27.036	35.969	458.07	96.079	1.1340e-05	0.022218
364.61	0.074157	964.31	0.0010370	6.9016	6.9029	21.793	68.688	75.784	1549.5	-0.18319	0.00030901	0.67350	0.060541	0.44632	2.2405	44.962	47.955	134.39	27.651	36.894	467.72	74.541	1.1936e-05	0.023754
375.68	0.11093	956.52	0.0010455	7.7418	7.7438	24.063	67.648	76.000	1540.8	-0.17667	0.00027428	0.67813	0.058423	0.65048	1.5373	45.201	48.273	131.94	28.151	37.662	473.48	64.649	1.2320e-05	0.024820
384.04	0.14770	950.27	0.0010523	8.3773	8.3801	25.737	66.875	76.197	1531.9	-0.17152	0.00025245	0.68056	0.056787	0.85023	1.1762	45.375	48.504	130.22	28.592	38.349	477.56	58.551	1.2610e-05	0.025672
390.82	0.18447	944.97	0.0010582	8.8949	8.8984	27.073	66.257	76.380	1523.2	-0.16715	0.00023694	0.68191	0.055436	1.0468	0.95527	45.512	48.687	128.88	28.995	38.984	480.69	54.254	1.2846e-05	0.026396
396.58	0.22125	940.32	0.0010635	9.3349	9.3391	28.190	65.741	76.553	1514.8	-0.16329	0.00022513	0.68262	0.054274	1.2410	0.80580	45.625	48.837	127.79	29.370	39.581	483.23	50.984	1.3045e-05	0.027036
401.60	0.25802	936.14	0.0010682	9.7195	9.7245	29.154	65.297	76.718	1506.9	-0.15979	0.00021569	0.68292	0.053249	1.4333	0.69771	45.721	48.964	126.86	29.723	40.150	485.34	48.367	1.3219e-05	0.027613
406.08	0.29479	932.33	0.0010726	10.063	10.068	30.004	64.908	76.877	1499.2	-0.15658	0.00020791	0.68294	0.052329	1.6239	0.61579	45.805	49.075	126.06	30.059	40.694	487.13	46.198	1.3374e-05	0.028144
410.12	0.33156	928.82	0.0010766	10.373	10.380	30.765	64.561	77.030	1491.9	-0.15357	0.00020133	0.68277	0.051490	1.8133	0.55149	45.878	49.172	125.35	30.379	41.218	488.69	44.353	1.3513e-05	0.028637
413.81	0.36834	925.55	0.0010804	10.658	10.665	31.455	64.247	77.179	1484.9	-0.15075	0.00019565	0.68246	0.050718	2.0015	0.49964	45.944	49.259	124.72	30.686	41.725	490.06	42.753	1.3640e-05	0.029099
417.22	0.40511	922.47	0.0010840	10.921	10.928	32.088	63.961	77.324	1478.2	-0.14806	0.00019069	0.68204	0.050001	2.1887	0.45690	46.003	49.337	124.15	30.981	42.216	491.27	41.344	1.3758e-05	0.029536
420.38	0.44188	919.58	0.0010875	11.165	11.174	32.673	63.699	77.465	1471.7	-0.14550	0.00018629	0.68154	0.049330	2.3750	0.42105	46.056	49.408	123.62	31.265	42.693	492.35	40.087	1.3866e-05	0.029951
423.34	0.47865	916.83	0.0010907	11.395	11.404	33.216	63.456	77.602	1465.4	-0.14304	0.00018236	0.68098	0.048700	2.5606	0.39053	46.105	49.473	123.14	31.540	43.158	493.33	38.955	1.3968e-05	0.030348
426.13	0.51542	914.21	0.0010938	11.611	11.621	33.725	63.230	77.738	1459.3	-0.14067	0.00017880	0.68036	0.048104	2.7455	0.36423	46.150	49.532	122.69	31.806	43.611	494.21	37.926	1.4063e-05	0.030728
428.76	0.55220	911.70	0.0010969	11.815	11.826	34.203	63.019	77.870	1453.4	-0.13838	0.00017557	0.67971	0.047539	2.9299	0.34131	46.192	49.587	122.27	32.063	44.054	495.02	36.984	1.4153e-05	0.031094
431.25	0.58897	909.30	0.0010998	12.009	12.020	34.654	62.821	78.000	1447.7	-0.13615	0.00017261	0.67918	0.047001	3.1137	0.32116	46.230	49.638	121.88	32.314	44.488	495.75	36.117	1.4239e-05	0.031448
433.63	0.62574	906.98	0.0011026	12.194	12.206	35.081	62.634	78.129	1442.1	-0.13399	0.00016989	0.67860	0.046488	3.2970	0.30330	46.266	49.685	121.51	32.557	44.913	496.43	35.315	1.4320e-05	0.031789
435.89	0.66251	904.76	0.0011053	12.370	12.383	35.488	62.457	78.255	1436.7	-0.13188	0.00016737	0.67796	0.045996	3.4800	0.28736	46.300	49.730	121.17	32.793	45.329	497.05	34.568	1.4397e-05	0.032121
438.06	0.69929	902.60	0.0011079	12.539	12.553	35.875	62.289	78.379	1431.4	-0.12982	0.00016503	0.67729	0.045523	3.6625	0.27304	46.331	49.771	120.84	33.024	45.738	497.62	33.871	1.4471e-05	0.032443
440.13	0.73606	900.52	0.0011105	12.702	12.717	36.245	62.130	78.502	1426.2	-0.12781	0.00016285	0.67660	0.045069	3.8447	0.26010	46.361	49.810	120.52	33.249	46.139	498.15	33.218	1.4542e-05	0.032757
442.13	0.77283	898.49	0.0011130	12.859	12.874	36.600	61.978	78.624	1421.1	-0.12583	0.00016080	0.67590	0.044631	4.0266	0.24835	46.388	49.846	120.22	33.468	46.534	498.65	32.604	1.4610e-05	0.033063
444.05	0.80960	896.53	0.0011154	13.009	13.026	36.941	61.832	78.744	1416.2	-0.12390	0.00015888	0.67518	0.044208	4.2082	0.23763	46.415	49.880	119.94	33.682	46.923	499.10	32.025	1.4675e-05	0.033362
445.91	0.84638	894.62	0.0011178	13.155	13.172	37.268	61.693	78.863	1411.3	-0.12199	0.00015707	0.67445	0.043798	4.3895	0.22781	46.439	49.913	119.66	33.891	47.305	499.53	31.477	1.4739e-05	0.033654
447.70	0.88315	892.75	0.0011201	13.296	13.314	37.584	61.560	78.981	1406.6	-0.12012	0.00015536	0.67371	0.043402	4.5707	0.21879	46.463	49.943	119.40	34.096	47.682	499.93	30.959	1.4800e-05	0.033939
449.43	0.91992	890.94	0.0011224	13.433	13.451	37.889	61.432	79.097	1401.9	-0.11828	0.00015374	0.67297	0.043017	4.7516	0.21046	46.485	49.972	119.15	34.296	48.054	500.29	30.466	1.4859e-05	0.034220
451.11	0.95669	889.17	0.0011247	13.565	13.585	38.183	61.309	79.213	1397.3	-0.11646	0.00015220	0.67222	0.042644	4.9324	0.20274	46.506	50.000	118.91	34.492	48.420	500.64	29.997	1.4916e-05	0.034494
452.74	0.99346	887.43	0.0011268	13.694	13.714	38.468	61.190	79.328	1392.8	-0.11467	0.00015074	0.67147	0.042281	5.1130	0.19558	46.525	50.026	118.67	34.684	48.782	500.96	29.551	1.4971e-05	0.034764
454.33	1.0302	885.74	0.0011290	13.819	13.840	38.744	61.075	79.441	1388.4	-0.11290	0.00014935	0.67071	0.041928	5.2934	0.18891	46.544	50.051	118.45	34.872	49.140	501.26	29.124	1.5025e-05	0.035029
455.87	1.0670	884.08	0.0011311	13.941	13.963	39.012	60.965	79.554	1384.1	-0.11115	0.00014802	0.66996	0.041583	5.4738	0.18269	46.562	50.074	118.23	35.057	49.493	501.54	28.716	1.5078e-05	0.035290
457.36	1.1038	882.45	0.0011332	14.060	14.083	39.273	60.858	79.667	1379.8	-0.10942	0.00014675	0.66920	0.041248	5.6540	0.17687	46.579	50.096	118.01	35.238	49.842	501.81	28.325	1.5129e-05	0.035546
458.82	1.1406	880.86	0.0011353	14.176	14.199	39.526	60.754	79.778	1375.6	-0.10771	0.00014553	0.66845	0.040920	5.8341	0.17141	46.596	50.118	117.81	35.416	50.187	502.05	27.951	1.5178e-05	0.035799
460.25	1.1773	879.30	0.0011373	14.289	14.313	39.772	60.654	79.889	1371.5	-0.10602	0.00014437	0.66769	0.040600	6.0142	0.16627	46.611	50.138	117.61	35.591	50.528	502.28	27.591	1.5227e-05	0.036047
461.64	1.2141	877.76	0.0011393	14.400	14.424	40.012	60.557	79.999	1367.4	-0.10434	0.00014324	0.66694	0.040287	6.1941	0.16144	46.626	50.157	117.42	35.763	50.866	502.50	27.245	1.5274e-05	0.036293
462.99	1.2509	876.25	0.0011412	14.508	14.533	40.246	60.462	80.108	1363.3	-0.10268	0.00014217	0.66618	0.039981	6.3741	0.15689	46.640	50.176	117.23	35.932	51.201	502.70	26.912	1.5320e-05	0.036535
464.32	1.2876	874.77	0.0011432	14.613	14.640	40.474	60.371	80.217	1359.4	-0.10103	0.00014113	0.66543	0.039682	6.5539	0.15258	46.654	50.193	117.04	36.098	51.532	502.89	26.591	1.5365e-05	0.036773
465.61	1.3244	873.31	0.0011451	14.717	14.744	40.696	60.282	80.325	1355.5	-0.099400	0.00014013	0.66468	0.039389	6.7338	0.14850	46.667	50.210	116.87	36.261	51.860	503.07	26.282	1.5409e-05	0.037009
466.88	1.3612	871.88	0.0011470	14.818	14.846	40.914	60.195	80.433	1351.6	-0.097779	0.00013917	0.66393	0.039101	6.9136	0.14464	46.679	50.226	116.69	36.422	52.186	503.23	25.983	1.5452e-05	0.037242
468.12	1.3980	870.46	0.0011488	14.918	14.947	41.127	60.111	80.540	1347.8	-0.096170	0.00013823	0.66318	0.038820	7.0934	0.14098	46.691	50.241	116.52	36.580	52.508	503.38	25.695	1.5495e-05	0.037472
469.34	1.4347	869.07	0.0011507	15.015	15.045	41.335	60.028	80.647	1344.0	-0.094572	0.00013733	0.66244	0.038543	7.2732	0.13749	46.702	50.256	116.36	36.736	52.829	503.52	25.416	1.5536e-05	0.037700
470.53	1.4715	867.70	0.0011525	15.111	15.141	41.538	59.948	80.754	1340.3	-0.092985	0.00013646	0.66169	0.038272	7.4530	0.13417	46.713	50.269	116.19	36.890	53.146	503.66	25.146	1.5577e-05	0.037925
471.70	1.5083	866.35	0.0011543	15.205	15.236	41.738	59.870	80.860	1336.6	-0.091408	0.00013562	0.66095	0.038006	7.6328	0.13101	46.723	50.283	116.04	37.041	53.461	503.78	24.884	1.5617e-05	0.038147
472.85	1.5450	865.01	0.0011561	15.297	15.329	41.933	59.794	80.965	1333.0	-0.089840	0.00013480	0.66021	0.037744	7.8127	0.12800	46.733	50.295	115.88	37.190	53.774	503.89	24.631	1.5656e-05	0.038368
473.97	1.5818	863.70	0.0011578	15.388	15.421	42.125	59.719	81.071	1329.4	-0.088282	0.00013401	0.65948	0.037487	7.9925	0.12512	46.742	50.308	115.73	37.337	54.084	504.00	24.385	1.5694e-05	0.038586
475.08	1.6186	862.40	0.0011596	15.477	15.511	42.313	59.646	81.176	1325.9	-0.086731	0.00013324	0.65874	0.037234	8.1724	0.12236	46.751	50.319	115.58	37.483	54.393	504.10	24.146	1.5732e-05	0.038802
476.16	1.6554	861.12	0.0011613	15.564	15.599	42.497	59.575	81.280	1322.4	-0.085189	0.00013249	0.65801	0.036986	8.3524	0.11973	46.760	50.330	115.44	37.626	54.699	504.19	23.915	1.5769e-05	0.039016
477.23	1.6921	859.85	0.0011630	15.651	15.686	42.678	59.506	81.385	1318.9	-0.083655	0.00013176	0.65728	0.036741	8.5323	0.11720	46.768	50.341	115.29	37.767	55.004	504.27	23.690	1.5806e-05	0.039228
478.28	1.7289	858.60	0.0011647	15.736	15.772	42.856	59.438	81.489	1315.5	-0.082127	0.00013105	0.65656	0.036500	8.7124	0.11478	46.776	50.351	115.15	37.907	55.306	504.34	23.471	1.5842e-05	0.039438
479.31	1.7657	857.36	0.0011664	15.819	15.856	43.031	59.371	81.593	1312.1	-0.080606	0.00013036	0.65583	0.036263	8.8925	0.11245	46.783	50.360	115.02	38.045	55.607	504.41	23.258	1.5877e-05	0.039646
480.33	1.8025	856.14	0.0011680	15.902	15.940	43.203	59.306	81.696	1308.7	-0.079092	0.00012969	0.65511	0.036030	9.0726	0.11022	46.791	50.370	114.88	38.181	55.906	504.47	23.051	1.5912e-05	0.039853
481.33	1.8392	854.93	0.0011697	15.983	16.022	43.372	59.242	81.799	1305.4	-0.077584	0.00012904	0.65439	0.035800	9.2528	0.10808	46.797	50.378	114.75	38.315	56.204	504.53	22.849	1.5946e-05	0.040058
482.31	1.8760	853.74	0.0011713	16.063	16.102	43.538	59.180	81.903	1302.1	-0.076082	0.00012840	0.65368	0.035573	9.4331	0.10601	46.804	50.387	114.62	38.448	56.500	504.58	22.653	1.5980e-05	0.040261
483.28	1.9128	852.55	0.0011729	16.142	16.182	43.701	59.118	82.005	1298.8	-0.074585	0.00012778	0.65297	0.035350	9.6135	0.10402	46.810	50.395	114.49	38.580	56.794	504.62	22.461	1.6013e-05	0.040463
484.24	1.9495	851.38	0.0011746	16.219	16.261	43.862	59.058	82.108	1295.6	-0.073093	0.00012717	0.65226	0.035129	9.7939	0.10210	46.816	50.402	114.37	38.710	57.088	504.66	22.274	1.6046e-05	0.040663
485.18	1.9863	850.23	0.0011762	16.296	16.338	44.021	58.999	82.211	1292.4	-0.071607	0.00012658	0.65155	0.034912	9.9745	0.10026	46.822	50.409	114.24	38.838	57.379	504.69	22.092	1.6079e-05	0.040862
486.11	2.0231	849.08	0.0011777	16.372	16.415	44.177	58.941	82.313	1289.2	-0.070124	0.00012600	0.65084	0.034698	10.155	0.098473	46.827	50.416	114.12	38.965	57.670	504.72	21.914	1.6111e-05	0.041060
487.02	2.0599	847.94	0.0011793	16.447	16.490	44.330	58.885	82.415	1286.0	-0.068647	0.00012544	0.65014	0.034486	10.336	0.096751	46.832	50.423	114.00	39.091	57.959	504.74	21.740	1.6142e-05	0.041256
487.93	2.0966	846.82	0.0011809	16.520	16.565	44.482	58.829	82.517	1282.9	-0.067173	0.00012488	0.64944	0.034278	10.517	0.095087	46.837	50.429	113.89	39.216	58.247	504.76	21.571	1.6173e-05	0.041451
488.82	2.1334	845.71	0.0011824	16.593	16.639	44.631	58.774	82.619	1279.8	-0.065703	0.00012434	0.64875	0.034072	10.698	0.093479	46.842	50.435	113.77	39.339	58.534	504.77	21.405	1.6204e-05	0.041644
489.69	2.1702	844.60	0.0011840	16.665	16.712	44.778	58.720	82.721	1276.7	-0.064237	0.00012381	0.64805	0.033868	10.879	0.091923	46.846	50.440	113.66	39.461	58.819	504.78	21.243	1.6235e-05	0.041836
490.56	2.2070	843.51	0.0011855	16.736	16.784	44.924	58.668	82.823	1273.7	-0.062775	0.00012329	0.64736	0.033667	11.060	0.090418	46.851	50.446	113.54	39.581	59.104	504.78	21.084	1.6265e-05	0.042028
491.42	2.2437	842.43	0.0011870	16.807	16.855	45.067	58.616	82.924	1270.7	-0.061315	0.00012278	0.64667	0.033469	11.241	0.088959	46.855	50.450	113.43	39.701	59.388	504.78	20.929	1.6294e-05	0.042217
492.26	2.2805	841.35	0.0011886	16.876	16.925	45.208	58.565	83.026	1267.7	-0.059859	0.00012229	0.64599	0.033273	11.422	0.087547	46.858	50.455	113.32	39.819	59.671	504.78	20.778	1.6324e-05	0.042406
493.10	2.3173	840.29	0.0011901	16.945	16.994	45.348	58.515	83.127	1264.7	-0.058406	0.00012180	0.64531	0.033079	11.604	0.086177	46.862	50.460	113.21	39.937	59.953	504.77	20.629	1.6353e-05	0.042594
493.92	2.3540	839.23	0.0011916	17.013	17.063	45.486	58.465	83.229	1261.7	-0.056955	0.00012132	0.64463	0.032887	11.786	0.084849	46.865	50.464	113.11	40.053	60.234	504.76	20.484	1.6381e-05	0.042781
494.74	2.3908	838.18	0.0011931	17.080	17.131	45.622	58.417	83.330	1258.8	-0.055507	0.00012085	0.64395	0.032698	11.967	0.083560	46.868	50.468	113.00	40.168	60.514	504.74	20.341	1.6410e-05	0.042967
495.54	2.4276	837.14	0.0011945	17.146	17.199	45.756	58.369	83.431	1255.9	-0.054061	0.00012039	0.64327	0.032511	12.149	0.082309	46.871	50.471	112.90	40.282	60.793	504.72	20.202	1.6438e-05	0.043151
496.34	2.4644	836.11	0.0011960	17.212	17.265	45.888	58.322	83.533	1253.0	-0.052618	0.00011994	0.64260	0.032325	12.331	0.081094	46.874	50.475	112.80	40.395	61.072	504.70	20.065	1.6465e-05	0.043335
497.12	2.5011	835.09	0.0011975	17.277	17.331	46.020	58.276	83.634	1250.1	-0.051177	0.00011950	0.64193	0.032142	12.514	0.079913	46.877	50.478	112.70	40.507	61.350	504.67	19.931	1.6493e-05	0.043518
497.90	2.5379	834.07	0.0011989	17.341	17.396	46.149	58.230	83.735	1247.3	-0.049737	0.00011906	0.64126	0.031961	12.696	0.078766	46.879	50.481	112.60	40.619	61.627	504.64	19.800	1.6520e-05	0.043700
498.67	2.5747	833.06	0.0012004	17.405	17.461	46.277	58.185	83.836	1244.5	-0.048299	0.00011863	0.64060	0.031782	12.878	0.077650	46.882	50.483	112.50	40.729	61.904	504.61	19.671	1.6547e-05	0.043881
499.43	2.6114	832.06	0.0012018	17.468	17.525	46.404	58.141	83.937	1241.7	-0.046863	0.00011821	0.63994	0.031605	13.061	0.076564	46.884	50.486	112.40	40.838	62.180	504.58	19.544	1.6574e-05	0.044062
500.18	2.6482	831.07	0.0012033	17.531	17.588	46.529	58.098	84.038	1238.9	-0.045429	0.00011780	0.63928	0.031429	13.244	0.075507	46.886	50.488	112.30	40.947	62.456	504.54	19.420	1.6600e-05	0.044241
500.93	2.6850	830.08	0.0012047	17.593	17.651	46.653	58.055	84.139	1236.1	-0.043996	0.00011739	0.63862	0.031255	13.427	0.074478	46.887	50.490	112.21	41.054	62.731	504.49	19.298	1.6626e-05	0.044420
501.66	2.7218	829.10	0.0012061	17.654	17.713	46.775	58.013	84.241	1233.3	-0.042564	0.00011699	0.63796	0.031083	13.610	0.073476	46.889	50.492	112.11	41.161	63.005	504.45	19.179	1.6652e-05	0.044598
502.39	2.7585	828.13	0.0012075	17.715	17.775	46.896	57.971	84.342	1230.6	-0.041133	0.00011660	0.63731	0.030913	13.793	0.072500	46.890	50.493	112.02	41.267	63.280	504.40	19.061	1.6678e-05	0.044775
503.12	2.7953	827.17	0.0012089	17.775	17.836	47.016	57.930	84.443	1227.9	-0.039703	0.00011621	0.63666	0.030745	13.976	0.071549	46.892	50.495	111.93	41.372	63.553	504.35	18.946	1.6704e-05	0.044951
503.83	2.8321	826.21	0.0012104	17.834	17.896	47.134	57.890	84.544	1225.2	-0.038274	0.00011583	0.63601	0.030578	14.160	0.070621	46.893	50.496	111.84	41.477	63.826	504.30	18.832	1.6729e-05	0.045127
504.54	2.8689	825.25	0.0012118	17.893	17.956	47.252	57.850	84.645	1222.5	-0.036846	0.00011546	0.63537	0.030412	14.344	0.069717	46.894	50.497	111.75	41.580	64.099	504.24	18.721	1.6754e-05	0.045302
505.24	2.9056	824.30	0.0012131	17.952	18.015	47.368	57.811	84.747	1219.9	-0.035419	0.00011509	0.63472	0.030248	14.528	0.068834	46.895	50.498	111.66	41.683	64.372	504.19	18.611	1.6779e-05	0.045477
505.93	2.9424	823.36	0.0012145	18.010	18.074	47.483	57.772	84.848	1217.2	-0.033992	0.00011472	0.63408	0.030086	14.712	0.067973	46.896	50.499	111.57	41.785	64.644	504.13	18.503	1.6803e-05	0.045650
506.62	2.9792	822.43	0.0012159	18.067	18.133	47.596	57.734	84.949	1214.6	-0.032566	0.00011437	0.63344	0.029925	14.896	0.067132	46.896	50.499	111.48	41.887	64.916	504.06	18.397	1.6828e-05	0.045824
507.30	3.0159	821.50	0.0012173	18.125	18.191	47.709	57.696	85.051	1212.0	-0.031140	0.00011401	0.63281	0.029766	15.081	0.066311	46.897	50.500	111.40	41.988	65.187	504.00	18.293	1.6852e-05	0.045996
507.97	3.0527	820.57	0.0012187	18.181	18.248	47.821	57.659	85.152	1209.3	-0.029714	0.00011367	0.63217	0.029608	15.265	0.065509	46.897	50.500	111.31	42.088	65.459	503.93	18.191	1.6876e-05	0.046168
508.64	3.0895	819.65	0.0012200	18.237	18.305	47.931	57.623	85.254	1206.8	-0.028289	0.00011332	0.63154	0.029452	15.450	0.064725	46.897	50.500	111.23	42.187	65.730	503.86	18.090	1.6900e-05	0.046339
509.30	3.1263	818.74	0.0012214	18.293	18.362	48.041	57.587	85.355	1204.2	-0.026864	0.00011299	0.63091	0.029297	15.635	0.063959	46.898	50.500	111.14	42.286	66.001	503.79	17.990	1.6924e-05	0.046510
509.96	3.1630	817.83	0.0012227	18.348	18.418	48.149	57.551	85.457	1201.6	-0.025438	0.00011265	0.63028	0.029143	15.820	0.063211	46.898	50.500	111.06	42.384	66.271	503.72	17.893	1.6947e-05	0.046681
510.61	3.1998	816.93	0.0012241	18.403	18.473	48.256	57.516	85.559	1199.1	-0.024013	0.00011233	0.62965	0.028991	16.005	0.062479	46.898	50.499	110.98	42.482	66.542	503.64	17.797	1.6970e-05	0.046850
511.25	3.2366	816.03	0.0012254	18.457	18.529	48.363	57.481	85.661	1196.6	-0.022588	0.00011200	0.62903	0.028840	16.191	0.061763	46.897	50.499	110.90	42.578	66.812	503.56	17.702	1.6994e-05	0.047020
511.89	3.2733	815.14	0.0012268	18.511	18.583	48.468	57.447	85.763	1194.0	-0.021162	0.00011168	0.62841	0.028690	16.377	0.061062	46.897	50.498	110.82	42.675	67.083	503.48	17.609	1.7017e-05	0.047188
512.52	3.3101	814.25	0.0012281	18.565	18.638	48.573	57.413	85.865	1191.5	-0.019736	0.00011137	0.62779	0.028541	16.563	0.060377	46.897	50.497	110.73	42.770	67.353	503.40	17.517	1.7039e-05	0.047357
513.15	3.3469	813.37	0.0012295	18.618	18.692	48.677	57.379	85.967	1189.0	-0.018309	0.00011106	0.62717	0.028394	16.749	0.059706	46.896	50.496	110.66	42.866	67.623	503.32	17.426	1.7062e-05	0.047524
513.77	3.3837	812.49	0.0012308	18.670	18.745	48.780	57.346	86.069	1186.6	-0.016883	0.00011075	0.62655	0.028248	16.935	0.059049	46.895	50.495	110.58	42.960	67.893	503.23	17.337	1.7085e-05	0.047692
514.39	3.4204	811.61	0.0012321	18.723	18.799	48.881	57.314	86.172	1184.1	-0.015455	0.00011045	0.62594	0.028103	17.122	0.058405	46.895	50.494	110.50	43.054	68.163	503.14	17.249	1.7107e-05	0.047859
515.00	3.4572	810.74	0.0012334	18.775	18.851	48.983	57.281	86.274	1181.6	-0.014027	0.00011015	0.62533	0.027959	17.308	0.057775	46.894	50.492	110.42	43.148	68.433	503.06	17.162	1.7129e-05	0.048025
515.61	3.4940	809.88	0.0012348	18.826	18.904	49.083	57.249	86.377	1179.2	-0.012598	0.00010985	0.62472	0.027816	17.495	0.057158	46.893	50.491	110.34	43.241	68.703	502.96	17.077	1.7151e-05	0.048191
516.21	3.5308	809.02	0.0012361	18.877	18.956	49.182	57.218	86.480	1176.8	-0.011169	0.00010956	0.62411	0.027675	17.683	0.056553	46.892	50.489	110.27	43.333	68.973	502.87	16.993	1.7173e-05	0.048357
516.81	3.5675	808.16	0.0012374	18.928	19.008	49.281	57.187	86.583	1174.4	-0.0097387	0.00010927	0.62350	0.027535	17.870	0.055960	46.891	50.487	110.19	43.425	69.243	502.78	16.910	1.7195e-05	0.048522
517.40	3.6043	807.31	0.0012387	18.979	19.059	49.378	57.156	86.686	1172.0	-0.0083076	0.00010899	0.62290	0.027395	18.058	0.055379	46.889	50.485	110.12	43.517	69.513	502.68	16.828	1.7217e-05	0.048687
517.99	3.6411	806.46	0.0012400	19.029	19.110	49.475	57.126	86.789	1169.6	-0.0068754	0.00010870	0.62230	0.027257	18.245	0.054809	46.888	50.483	110.04	43.608	69.783	502.58	16.747	1.7238e-05	0.048852
518.57	3.6778	805.61	0.0012413	19.079	19.161	49.572	57.096	86.892	1167.2	-0.0054423	0.00010843	0.62170	0.027120	18.433	0.054249	46.887	50.481	109.97	43.698	70.053	502.48	16.668	1.7260e-05	0.049016
519.15	3.7146	804.77	0.0012426	19.128	19.211	49.667	57.066	86.996	1164.8	-0.0040081	0.00010815	0.62110	0.026983	18.622	0.053701	46.885	50.479	109.90	43.788	70.324	502.38	16.589	1.7281e-05	0.049180
519.73	3.7514	803.93	0.0012439	19.177	19.261	49.762	57.037	87.099	1162.4	-0.0025727	0.00010788	0.62050	0.026848	18.810	0.053163	46.884	50.476	109.82	43.878	70.594	502.28	16.511	1.7302e-05	0.049343
520.30	3.7882	803.10	0.0012452	19.226	19.311	49.856	57.008	87.203	1160.1	-0.0011362	0.00010761	0.61990	0.026714	18.999	0.052635	46.882	50.474	109.75	43.967	70.865	502.18	16.435	1.7323e-05	0.049507
520.86	3.8249	802.27	0.0012465	19.274	19.360	49.949	56.980	87.307	1157.8	0.00030168	0.00010735	0.61931	0.026581	19.188	0.052117	46.880	50.471	109.68	44.056	71.135	502.07	16.359	1.7344e-05	0.049669
521.43	3.8617	801.44	0.0012477	19.323	19.409	50.042	56.951	87.411	1155.4	0.0017408	0.00010708	0.61872	0.026449	19.377	0.051608	46.878	50.469	109.61	44.144	71.406	501.96	16.285	1.7365e-05	0.049832
521.98	3.8985	800.62	0.0012490	19.371	19.458	50.134	56.923	87.516	1153.1	0.0031814	0.00010682	0.61813	0.026317	19.566	0.051109	46.876	50.466	109.54	44.232	71.678	501.86	16.211	1.7386e-05	0.049994
522.54	3.9352	799.80	0.0012503	19.418	19.507	50.225	56.896	87.620	1150.8	0.0046234	0.00010657	0.61754	0.026187	19.756	0.050619	46.874	50.463	109.47	44.319	71.949	501.75	16.138	1.7406e-05	0.050156
523.09	3.9720	798.99	0.0012516	19.465	19.555	50.316	56.869	87.725	1148.5	0.0060668	0.00010631	0.61695	0.026058	19.945	0.050137	46.872	50.460	109.40	44.406	72.220	501.64	16.067	1.7427e-05	0.050318
523.63	4.0088	798.17	0.0012529	19.512	19.603	50.406	56.842	87.830	1146.2	0.0075119	0.00010606	0.61637	0.025929	20.135	0.049664	46.870	50.457	109.33	44.493	72.492	501.52	15.996	1.7447e-05	0.050480
524.18	4.0456	797.36	0.0012541	19.559	19.651	50.495	56.815	87.935	1143.9	0.0089585	0.00010581	0.61579	0.025801	20.326	0.049199	46.868	50.454	109.26	44.579	72.764	501.41	15.926	1.7468e-05	0.050641
524.72	4.0823	796.56	0.0012554	19.606	19.698	50.584	56.788	88.040	1141.7	0.010407	0.00010557	0.61520	0.025675	20.516	0.048742	46.866	50.450	109.19	44.665	73.036	501.29	15.856	1.7488e-05	0.050802
525.25	4.1191	795.76	0.0012567	19.652	19.745	50.672	56.762	88.146	1139.4	0.011857	0.00010532	0.61462	0.025549	20.707	0.048293	46.863	50.447	109.12	44.750	73.309	501.18	15.788	1.7508e-05	0.050963
525.78	4.1559	794.96	0.0012579	19.698	19.792	50.760	56.737	88.251	1137.2	0.013309	0.00010508	0.61404	0.025424	20.898	0.047852	46.861	50.443	109.06	44.835	73.582	501.06	15.721	1.7528e-05	0.051123
526.31	4.1927	794.16	0.0012592	19.743	19.838	50.846	56.711	88.357	1134.9	0.014762	0.00010484	0.61347	0.025299	21.089	0.047418	46.858	50.440	108.99	44.920	73.855	500.94	15.654	1.7548e-05	0.051284
526.83	4.2294	793.37	0.0012604	19.789	19.885	50.933	56.686	88.463	1132.7	0.016218	0.00010460	0.61289	0.025176	21.281	0.046991	46.855	50.436	108.92	45.005	74.128	500.82	15.588	1.7568e-05	0.051444
527.35	4.2662	792.58	0.0012617	19.834	19.931	51.019	56.661	88.569	1130.5	0.017675	0.00010437	0.61232	0.025053	21.472	0.046572	46.853	50.432	108.86	45.089	74.402	500.70	15.523	1.7587e-05	0.051604
527.87	4.3030	791.79	0.0012630	19.879	19.976	51.104	56.636	88.676	1128.3	0.019134	0.00010414	0.61175	0.024932	21.664	0.046159	46.850	50.428	108.79	45.172	74.676	500.58	15.458	1.7607e-05	0.051764
528.39	4.3397	791.01	0.0012642	19.923	20.022	51.188	56.612	88.783	1126.1	0.020596	0.00010391	0.61118	0.024811	21.856	0.045753	46.847	50.424	108.73	45.255	74.950	500.45	15.395	1.7626e-05	0.051923
528.90	4.3765	790.22	0.0012655	19.967	20.067	51.272	56.588	88.889	1123.9	0.022059	0.00010368	0.61061	0.024690	22.049	0.045354	46.844	50.420	108.66	45.338	75.225	500.33	15.332	1.7646e-05	0.052083
529.40	4.4133	789.45	0.0012667	20.012	20.112	51.356	56.564	88.997	1121.7	0.023525	0.00010346	0.61004	0.024571	22.242	0.044961	46.841	50.416	108.60	45.421	75.500	500.20	15.269	1.7665e-05	0.052242
529.91	4.4501	788.67	0.0012680	20.055	20.157	51.439	56.540	89.104	1119.5	0.024993	0.00010323	0.60947	0.024452	22.434	0.044574	46.838	50.412	108.53	45.503	75.776	500.07	15.208	1.7684e-05	0.052401
530.41	4.4868	787.90	0.0012692	20.099	20.202	51.521	56.517	89.212	1117.3	0.026463	0.00010301	0.60891	0.024334	22.628	0.044194	46.835	50.407	108.47	45.585	76.052	499.94	15.147	1.7704e-05	0.052560
530.91	4.5236	787.13	0.0012704	20.143	20.246	51.603	56.493	89.319	1115.2	0.027935	0.00010279	0.60835	0.024217	22.821	0.043819	46.832	50.403	108.41	45.667	76.328	499.82	15.087	1.7723e-05	0.052719
531.40	4.5604	786.36	0.0012717	20.186	20.290	51.685	56.471	89.428	1113.0	0.029409	0.00010258	0.60778	0.024101	23.015	0.043450	46.829	50.398	108.34	45.749	76.605	499.68	15.027	1.7742e-05	0.052878
531.89	4.5972	785.59	0.0012729	20.229	20.334	51.766	56.448	89.536	1110.8	0.030886	0.00010236	0.60722	0.023985	23.209	0.043087	46.825	50.394	108.28	45.830	76.882	499.55	14.968	1.7761e-05	0.053037
532.38	4.6339	784.83	0.0012742	20.271	20.378	51.846	56.425	89.645	1108.7	0.032365	0.00010215	0.60666	0.023870	23.403	0.042730	46.822	50.389	108.22	45.910	77.160	499.42	14.910	1.7780e-05	0.053195
532.87	4.6707	784.07	0.0012754	20.314	20.421	51.926	56.403	89.753	1106.6	0.033847	0.00010194	0.60611	0.023756	23.598	0.042377	46.819	50.384	108.16	45.991	77.438	499.29	14.852	1.7799e-05	0.053354
533.35	4.7075	783.31	0.0012766	20.356	20.464	52.006	56.381	89.862	1104.5	0.035331	0.00010173	0.60555	0.023642	23.792	0.042030	46.815	50.380	108.10	46.071	77.717	499.15	14.795	1.7817e-05	0.053512
533.83	4.7442	782.56	0.0012779	20.398	20.507	52.085	56.360	89.972	1102.3	0.036818	0.00010152	0.60500	0.023529	23.987	0.041689	46.812	50.375	108.03	46.151	77.996	499.02	14.739	1.7836e-05	0.053670
534.31	4.7810	781.80	0.0012791	20.440	20.550	52.164	56.338	90.081	1100.2	0.038307	0.00010131	0.60444	0.023417	24.183	0.041352	46.808	50.370	107.97	46.231	78.276	498.88	14.683	1.7855e-05	0.053828
534.78	4.8178	781.05	0.0012803	20.482	20.593	52.242	56.317	90.191	1098.1	0.039799	0.00010111	0.60389	0.023305	24.378	0.041020	46.804	50.365	107.91	46.310	78.556	498.74	14.628	1.7873e-05	0.053986
535.25	4.8546	780.31	0.0012815	20.523	20.635	52.319	56.296	90.302	1096.0	0.041294	0.00010091	0.60334	0.023194	24.574	0.040693	46.801	50.359	107.85	46.389	78.836	498.60	14.573	1.7892e-05	0.054144
535.72	4.8913	779.56	0.0012828	20.565	20.678	52.397	56.275	90.412	1093.9	0.042791	0.00010070	0.60279	0.023084	24.770	0.040371	46.797	50.354	107.79	46.468	79.118	498.46	14.519	1.7910e-05	0.054302
536.19	4.9281	778.82	0.0012840	20.606	20.720	52.474	56.254	90.523	1091.9	0.044291	0.00010051	0.60224	0.022974	24.966	0.040054	46.793	50.349	107.73	46.547	79.399	498.32	14.465	1.7928e-05	0.054460
536.65	4.9649	778.08	0.0012852	20.646	20.761	52.550	56.234	90.634	1089.8	0.045794	0.00010031	0.60170	0.022865	25.163	0.039741	46.789	50.344	107.67	46.625	79.682	498.18	14.412	1.7947e-05	0.054618
537.11	5.0016	777.34	0.0012864	20.687	20.803	52.626	56.214	90.745	1087.7	0.047300	0.00010011	0.60115	0.022757	25.360	0.039432	46.785	50.338	107.61	46.703	79.965	498.04	14.359	1.7965e-05	0.054776
537.57	5.0384	776.60	0.0012877	20.728	20.844	52.701	56.194	90.857	1085.7	0.048808	9.9917e-05	0.60061	0.022649	25.557	0.039128	46.781	50.333	107.56	46.781	80.248	497.89	14.307	1.7983e-05	0.054933
538.03	5.0752	775.86	0.0012889	20.768	20.886	52.777	56.174	90.968	1083.6	0.050319	9.9724e-05	0.60006	0.022542	25.755	0.038828	46.777	50.327	107.50	46.858	80.532	497.75	14.256	1.8001e-05	0.055091
538.48	5.1120	775.13	0.0012901	20.808	20.927	52.851	56.154	91.081	1081.6	0.051834	9.9533e-05	0.59952	0.022435	25.952	0.038532	46.773	50.321	107.44	46.936	80.817	497.60	14.205	1.8019e-05	0.055249
538.93	5.1487	774.40	0.0012913	20.848	20.968	52.926	56.135	91.193	1079.5	0.053351	9.9343e-05	0.59898	0.022329	26.151	0.038240	46.769	50.316	107.38	47.013	81.102	497.46	14.154	1.8037e-05	0.055406
539.38	5.1855	773.67	0.0012925	20.888	21.008	53.000	56.116	91.306	1077.5	0.054872	9.9155e-05	0.59844	0.022223	26.349	0.037952	46.764	50.310	107.32	47.090	81.388	497.31	14.104	1.8055e-05	0.055564
539.82	5.2223	772.95	0.0012938	20.927	21.049	53.073	56.097	91.419	1075.4	0.056395	9.8968e-05	0.59790	0.022119	26.547	0.037668	46.760	50.304	107.27	47.166	81.674	497.16	14.054	1.8073e-05	0.055722
540.27	5.2591	772.22	0.0012950	20.967	21.089	53.146	56.078	91.532	1073.4	0.057922	9.8782e-05	0.59737	0.022014	26.746	0.037388	46.756	50.298	107.21	47.243	81.962	497.01	14.005	1.8091e-05	0.055879
540.71	5.2958	771.50	0.0012962	21.006	21.130	53.219	56.060	91.646	1071.4	0.059452	9.8598e-05	0.59683	0.021911	26.946	0.037112	46.751	50.292	107.15	47.319	82.249	496.86	13.956	1.8108e-05	0.056037
541.15	5.3326	770.78	0.0012974	21.045	21.170	53.292	56.041	91.760	1069.4	0.060984	9.8415e-05	0.59630	0.021808	27.145	0.036839	46.747	50.286	107.10	47.395	82.538	496.71	13.908	1.8126e-05	0.056195
541.58	5.3694	770.06	0.0012986	21.084	21.209	53.364	56.023	91.874	1067.4	0.062521	9.8234e-05	0.59576	0.021705	27.345	0.036570	46.742	50.280	107.04	47.470	82.827	496.56	13.860	1.8144e-05	0.056352
542.02	5.4061	769.34	0.0012998	21.123	21.249	53.435	56.005	91.989	1065.4	0.064060	9.8053e-05	0.59523	0.021603	27.545	0.036304	46.738	50.274	106.98	47.546	83.117	496.41	13.813	1.8161e-05	0.056510
542.45	5.4429	768.63	0.0013010	21.161	21.289	53.507	55.987	92.104	1063.4	0.065603	9.7875e-05	0.59470	0.021501	27.745	0.036042	46.733	50.267	106.93	47.621	83.408	496.25	13.766	1.8179e-05	0.056668
542.88	5.4797	767.91	0.0013022	21.200	21.328	53.578	55.969	92.219	1061.4	0.067149	9.7697e-05	0.59417	0.021400	27.946	0.035783	46.729	50.261	106.87	47.696	83.699	496.10	13.719	1.8197e-05	0.056826
543.31	5.5165	767.20	0.0013034	21.238	21.367	53.648	55.952	92.335	1059.4	0.068699	9.7521e-05	0.59364	0.021300	28.147	0.035528	46.724	50.255	106.82	47.771	83.991	495.95	13.673	1.8214e-05	0.056983
543.73	5.5532	766.49	0.0013046	21.276	21.406	53.718	55.935	92.451	1057.5	0.070252	9.7346e-05	0.59311	0.021200	28.348	0.035276	46.719	50.248	106.76	47.846	84.284	495.79	13.628	1.8231e-05	0.057141
544.15	5.5900	765.78	0.0013059	21.314	21.445	53.788	55.917	92.567	1055.5	0.071808	9.7172e-05	0.59259	0.021101	28.550	0.035026	46.714	50.242	106.71	47.920	84.577	495.63	13.582	1.8249e-05	0.057299
544.58	5.6268	765.08	0.0013071	21.352	21.484	53.858	55.900	92.684	1053.5	0.073368	9.6999e-05	0.59206	0.021002	28.752	0.034780	46.710	50.235	106.65	47.995	84.871	495.48	13.537	1.8266e-05	0.057457
544.99	5.6635	764.37	0.0013083	21.389	21.523	53.927	55.884	92.801	1051.6	0.074932	9.6828e-05	0.59154	0.020904	28.954	0.034538	46.705	50.229	106.60	48.069	85.166	495.32	13.493	1.8283e-05	0.057615
545.41	5.7003	763.67	0.0013095	21.427	21.561	53.996	55.867	92.918	1049.6	0.076499	9.6657e-05	0.59101	0.020806	29.156	0.034298	46.700	50.222	106.55	48.143	85.462	495.16	13.449	1.8301e-05	0.057774
545.83	5.7371	762.97	0.0013107	21.464	21.599	54.065	55.851	93.036	1047.7	0.078070	9.6488e-05	0.59049	0.020708	29.359	0.034061	46.695	50.215	106.49	48.216	85.759	495.00	13.405	1.8318e-05	0.057932
546.24	5.7739	762.27	0.0013119	21.501	21.638	54.133	55.834	93.154	1045.7	0.079644	9.6320e-05	0.58997	0.020611	29.562	0.033827	46.690	50.208	106.44	48.290	86.056	494.84	13.361	1.8335e-05	0.058090
546.65	5.8106	761.57	0.0013131	21.538	21.676	54.201	55.818	93.273	1043.8	0.081222	9.6153e-05	0.58945	0.020515	29.766	0.033596	46.685	50.201	106.38	48.363	86.354	494.68	13.318	1.8352e-05	0.058249
547.06	5.8474	760.87	0.0013143	21.575	21.713	54.269	55.802	93.392	1041.9	0.082804	9.5988e-05	0.58893	0.020419	29.970	0.033367	46.680	50.195	106.33	48.436	86.653	494.52	13.276	1.8369e-05	0.058407
547.47	5.8842	760.18	0.0013155	21.612	21.751	54.336	55.787	93.511	1039.9	0.084390	9.5823e-05	0.58841	0.020324	30.174	0.033142	46.674	50.188	106.28	48.509	86.953	494.35	13.233	1.8386e-05	0.058566
547.87	5.9210	759.48	0.0013167	21.648	21.789	54.403	55.771	93.630	1038.0	0.085979	9.5659e-05	0.58790	0.020229	30.378	0.032919	46.669	50.180	106.23	48.582	87.254	494.19	13.191	1.8403e-05	0.058724
548.27	5.9577	758.79	0.0013179	21.685	21.826	54.470	55.756	93.750	1036.1	0.087572	9.5497e-05	0.58738	0.020134	30.583	0.032698	46.664	50.173	106.17	48.655	87.555	494.03	13.150	1.8420e-05	0.058883
548.68	5.9945	758.10	0.0013191	21.721	21.864	54.536	55.740	93.871	1034.2	0.089170	9.5335e-05	0.58687	0.020040	30.788	0.032480	46.659	50.166	106.12	48.727	87.858	493.86	13.108	1.8437e-05	0.059042
549.07	6.0313	757.41	0.0013203	21.757	21.901	54.603	55.725	93.992	1032.3	0.090771	9.5175e-05	0.58635	0.019947	30.993	0.032265	46.653	50.159	106.07	48.800	88.161	493.70	13.067	1.8454e-05	0.059201
549.47	6.0680	756.72	0.0013215	21.793	21.938	54.668	55.710	94.113	1030.4	0.092376	9.5015e-05	0.58584	0.019854	31.199	0.032053	46.648	50.152	106.02	48.872	88.465	493.53	13.027	1.8471e-05	0.059361
549.87	6.1048	756.04	0.0013227	21.829	21.975	54.734	55.695	94.234	1028.5	0.093985	9.4856e-05	0.58533	0.019761	31.405	0.031842	46.642	50.144	105.96	48.944	88.770	493.37	12.986	1.8488e-05	0.059520
550.26	6.1416	755.35	0.0013239	21.865	22.012	54.799	55.681	94.356	1026.6	0.095598	9.4699e-05	0.58482	0.019669	31.611	0.031634	46.637	50.137	105.91	49.015	89.076	493.20	12.946	1.8505e-05	0.059679
550.65	6.1784	754.67	0.0013251	21.901	22.048	54.864	55.666	94.479	1024.7	0.097216	9.4542e-05	0.58431	0.019577	31.818	0.031429	46.631	50.130	105.86	49.087	89.383	493.03	12.907	1.8522e-05	0.059839
551.04	6.2151	753.99	0.0013263	21.936	22.085	54.929	55.652	94.601	1022.8	0.098837	9.4387e-05	0.58380	0.019486	32.025	0.031226	46.626	50.122	105.81	49.159	89.690	492.86	12.867	1.8538e-05	0.059999
551.43	6.2519	753.31	0.0013275	21.972	22.121	54.994	55.637	94.725	1021.0	0.10046	9.4232e-05	0.58329	0.019395	32.232	0.031025	46.620	50.115	105.76	49.230	89.999	492.69	12.828	1.8555e-05	0.060159
551.82	6.2887	752.63	0.0013287	22.007	22.157	55.058	55.623	94.848	1019.1	0.10209	9.4078e-05	0.58278	0.019304	32.440	0.030826	46.615	50.107	105.71	49.301	90.309	492.52	12.790	1.8572e-05	0.060319
552.20	6.3255	751.95	0.0013299	22.042	22.194	55.122	55.609	94.972	1017.2	0.10373	9.3925e-05	0.58228	0.019214	32.648	0.030630	46.609	50.099	105.66	49.372	90.619	492.35	12.751	1.8588e-05	0.060479
552.59	6.3622	751.27	0.0013311	22.077	22.230	55.185	55.596	95.097	1015.4	0.10536	9.3773e-05	0.58177	0.019125	32.856	0.030436	46.603	50.092	105.61	49.443	90.931	492.18	12.713	1.8605e-05	0.060640
552.97	6.3990	750.60	0.0013323	22.112	22.266	55.249	55.582	95.222	1013.5	0.10701	9.3622e-05	0.58127	0.019035	33.065	0.030244	46.597	50.084	105.56	49.514	91.243	492.01	12.675	1.8622e-05	0.060801
553.35	6.4358	749.92	0.0013335	22.147	22.301	55.312	55.569	95.347	1011.6	0.10865	9.3472e-05	0.58076	0.018947	33.274	0.030054	46.591	50.076	105.51	49.584	91.557	491.84	12.637	1.8638e-05	0.060961
553.73	6.4725	749.25	0.0013347	22.182	22.337	55.375	55.555	95.473	1009.8	0.11031	9.3322e-05	0.58026	0.018858	33.483	0.029866	46.586	50.068	105.46	49.655	91.872	491.66	12.600	1.8655e-05	0.061123
554.10	6.5093	748.58	0.0013359	22.216	22.373	55.438	55.542	95.599	1007.9	0.11196	9.3174e-05	0.57976	0.018770	33.693	0.029680	46.580	50.060	105.41	49.725	92.187	491.49	12.563	1.8671e-05	0.061284
554.48	6.5461	747.91	0.0013371	22.251	22.408	55.500	55.529	95.725	1006.1	0.11362	9.3026e-05	0.57926	0.018683	33.903	0.029496	46.574	50.052	105.36	49.795	92.504	491.31	12.526	1.8688e-05	0.061445
554.85	6.5829	747.24	0.0013383	22.285	22.444	55.562	55.516	95.853	1004.3	0.11529	9.2879e-05	0.57876	0.018595	34.113	0.029314	46.568	50.044	105.31	49.865	92.821	491.14	12.490	1.8704e-05	0.061607
555.22	6.6196	746.57	0.0013395	22.319	22.479	55.624	55.503	95.980	1002.4	0.11696	9.2733e-05	0.57826	0.018509	34.324	0.029134	46.562	50.036	105.26	49.935	93.140	490.96	12.453	1.8721e-05	0.061769
555.59	6.6564	745.90	0.0013407	22.353	22.514	55.686	55.491	96.108	1000.6	0.11863	9.2587e-05	0.57776	0.018422	34.535	0.028956	46.556	50.028	105.21	50.005	93.460	490.79	12.417	1.8737e-05	0.061931
555.96	6.6932	745.24	0.0013419	22.387	22.549	55.747	55.478	96.237	998.77	0.12031	9.2443e-05	0.57727	0.018336	34.747	0.028780	46.550	50.020	105.16	50.074	93.780	490.61	12.382	1.8753e-05	0.062093
556.33	6.7299	744.57	0.0013431	22.421	22.584	55.808	55.466	96.366	996.95	0.12199	9.2299e-05	0.57677	0.018251	34.958	0.028605	46.543	50.012	105.11	50.144	94.102	490.43	12.346	1.8770e-05	0.062256
556.69	6.7667	743.91	0.0013442	22.455	22.619	55.869	55.453	96.495	995.13	0.12368	9.2156e-05	0.57627	0.018165	35.171	0.028433	46.537	50.003	105.06	50.213	94.425	490.25	12.311	1.8786e-05	0.062419
557.06	6.8035	743.25	0.0013454	22.489	22.653	55.930	55.441	96.625	993.32	0.12537	9.2014e-05	0.57578	0.018081	35.383	0.028262	46.531	49.995	105.01	50.283	94.749	490.07	12.276	1.8803e-05	0.062582
557.42	6.8403	742.59	0.0013466	22.522	22.688	55.991	55.429	96.755	991.51	0.12707	9.1873e-05	0.57529	0.017996	35.596	0.028093	46.525	49.987	104.96	50.352	95.075	489.89	12.241	1.8819e-05	0.062745
557.78	6.8770	741.92	0.0013478	22.556	22.723	56.051	55.418	96.886	989.71	0.12877	9.1732e-05	0.57479	0.017912	35.809	0.027926	46.518	49.978	104.92	50.421	95.401	489.71	12.207	1.8835e-05	0.062909
558.14	6.9138	741.27	0.0013490	22.589	22.757	56.111	55.406	97.017	987.90	0.13048	9.1592e-05	0.57430	0.017828	36.023	0.027760	46.512	49.970	104.87	50.490	95.728	489.53	12.172	1.8851e-05	0.063072
558.50	6.9506	740.61	0.0013502	22.622	22.791	56.171	55.394	97.149	986.11	0.13219	9.1452e-05	0.57381	0.017745	36.237	0.027596	46.506	49.961	104.82	50.558	96.057	489.35	12.138	1.8868e-05	0.063237
558.86	6.9874	739.95	0.0013514	22.655	22.825	56.230	55.383	97.281	984.31	0.13391	9.1314e-05	0.57332	0.017662	36.451	0.027434	46.499	49.953	104.77	50.627	96.387	489.17	12.105	1.8884e-05	0.063401
559.21	7.0241	739.29	0.0013526	22.688	22.860	56.290	55.371	97.414	982.52	0.13563	9.1176e-05	0.57283	0.017579	36.666	0.027273	46.493	49.944	104.72	50.695	96.718	488.99	12.071	1.8900e-05	0.063566
559.57	7.0609	738.64	0.0013538	22.721	22.894	56.349	55.360	97.548	980.74	0.13736	9.1039e-05	0.57234	0.017497	36.881	0.027114	46.486	49.935	104.68	50.764	97.050	488.81	12.038	1.8916e-05	0.063730
559.92	7.0977	737.98	0.0013550	22.754	22.927	56.408	55.349	97.681	978.95	0.13909	9.0902e-05	0.57185	0.017415	37.097	0.026957	46.480	49.927	104.63	50.832	97.383	488.62	12.005	1.8932e-05	0.063896
560.27	7.1344	737.33	0.0013562	22.787	22.961	56.467	55.338	97.816	977.17	0.14083	9.0767e-05	0.57136	0.017333	37.312	0.026801	46.473	49.918	104.58	50.900	97.717	488.44	11.972	1.8949e-05	0.064061
560.62	7.1712	736.68	0.0013574	22.820	22.995	56.525	55.327	97.951	975.40	0.14257	9.0631e-05	0.57088	0.017252	37.529	0.026646	46.467	49.909	104.53	50.968	98.053	488.25	11.939	1.8965e-05	0.064227
560.97	7.2080	736.03	0.0013586	22.852	23.029	56.584	55.317	98.086	973.63	0.14432	9.0497e-05	0.57039	0.017171	37.745	0.026493	46.460	49.900	104.49	51.036	98.390	488.07	11.907	1.8981e-05	0.064393
561.31	7.2448	735.38	0.0013598	22.885	23.062	56.642	55.306	98.222	971.86	0.14607	9.0363e-05	0.56990	0.017090	37.962	0.026342	46.453	49.891	104.44	51.104	98.728	487.88	11.874	1.8997e-05	0.064559
561.66	7.2815	734.73	0.0013611	22.917	23.096	56.700	55.296	98.359	970.09	0.14783	9.0230e-05	0.56942	0.017010	38.180	0.026192	46.447	49.882	104.39	51.172	99.068	487.70	11.842	1.9013e-05	0.064726
562.00	7.3183	734.08	0.0013623	22.949	23.129	56.757	55.285	98.496	968.33	0.14959	9.0097e-05	0.56894	0.016930	38.397	0.026043	46.440	49.873	104.34	51.239	99.409	487.51	11.810	1.9029e-05	0.064893
562.35	7.3551	733.43	0.0013635	22.982	23.162	56.815	55.275	98.633	966.57	0.15136	8.9965e-05	0.56845	0.016851	38.616	0.025896	46.433	49.864	104.30	51.307	99.751	487.32	11.779	1.9045e-05	0.065061
562.69	7.3918	732.78	0.0013647	23.014	23.195	56.872	55.265	98.771	964.82	0.15313	8.9834e-05	0.56797	0.016771	38.834	0.025751	46.426	49.855	104.25	51.374	100.09	487.13	11.747	1.9061e-05	0.065228
563.03	7.4286	732.14	0.0013659	23.046	23.228	56.929	55.255	98.910	963.07	0.15491	8.9703e-05	0.56749	0.016693	39.053	0.025606	46.419	49.846	104.21	51.442	100.44	486.94	11.716	1.9077e-05	0.065396
563.37	7.4654	731.49	0.0013671	23.078	23.261	56.986	55.245	99.049	961.32	0.15670	8.9573e-05	0.56701	0.016614	39.272	0.025463	46.412	49.837	104.16	51.509	100.78	486.75	11.685	1.9093e-05	0.065565
563.71	7.5022	730.85	0.0013683	23.109	23.294	57.043	55.236	99.189	959.57	0.15849	8.9443e-05	0.56653	0.016536	39.492	0.025322	46.405	49.828	104.11	51.576	101.13	486.56	11.654	1.9109e-05	0.065733
564.04	7.5389	730.20	0.0013695	23.141	23.327	57.100	55.226	99.329	957.83	0.16028	8.9315e-05	0.56605	0.016458	39.712	0.025181	46.398	49.818	104.07	51.643	101.48	486.37	11.624	1.9126e-05	0.065902
564.38	7.5757	729.56	0.0013707	23.173	23.360	57.156	55.217	99.470	956.09	0.16208	8.9186e-05	0.56557	0.016380	39.933	0.025042	46.391	49.809	104.02	51.710	101.83	486.18	11.593	1.9142e-05	0.066072
564.71	7.6125	728.92	0.0013719	23.204	23.393	57.212	55.207	99.612	954.36	0.16389	8.9058e-05	0.56509	0.016303	40.154	0.024904	46.384	49.800	103.97	51.777	102.18	485.99	11.563	1.9158e-05	0.066242
565.04	7.6493	728.28	0.0013731	23.236	23.425	57.268	55.198	99.754	952.63	0.16570	8.8931e-05	0.56462	0.016226	40.375	0.024768	46.377	49.790	103.93	51.844	102.53	485.80	11.533	1.9174e-05	0.066412
565.38	7.6860	727.64	0.0013743	23.267	23.458	57.324	55.189	99.896	950.90	0.16752	8.8804e-05	0.56414	0.016149	40.597	0.024633	46.370	49.781	103.88	51.910	102.89	485.61	11.503	1.9189e-05	0.066582
565.71	7.7228	727.00	0.0013755	23.299	23.490	57.380	55.180	100.04	949.17	0.16935	8.8678e-05	0.56366	0.016073	40.819	0.024498	46.363	49.771	103.84	51.977	103.24	485.42	11.473	1.9205e-05	0.066753
566.03	7.7596	726.36	0.0013767	23.330	23.522	57.435	55.171	100.18	947.45	0.17118	8.8553e-05	0.56319	0.015997	41.041	0.024366	46.356	49.762	103.79	52.043	103.60	485.22	11.444	1.9221e-05	0.066925
566.36	7.7963	725.72	0.0013779	23.361	23.555	57.491	55.162	100.33	945.73	0.17301	8.8428e-05	0.56271	0.015921	41.264	0.024234	46.349	49.752	103.75	52.110	103.96	485.03	11.414	1.9237e-05	0.067096
566.69	7.8331	725.08	0.0013792	23.392	23.587	57.546	55.154	100.47	944.01	0.17485	8.8303e-05	0.56224	0.015845	41.488	0.024103	46.341	49.743	103.70	52.176	104.32	484.83	11.385	1.9253e-05	0.067268
567.02	7.8699	724.44	0.0013804	23.423	23.619	57.601	55.145	100.62	942.30	0.17670	8.8179e-05	0.56177	0.015770	41.712	0.023974	46.334	49.733	103.66	52.242	104.68	484.64	11.356	1.9269e-05	0.067441
567.34	7.9067	723.81	0.0013816	23.454	23.651	57.656	55.137	100.77	940.59	0.17855	8.8056e-05	0.56129	0.015695	41.936	0.023846	46.327	49.723	103.61	52.308	105.04	484.44	11.327	1.9285e-05	0.067614
567.66	7.9434	723.17	0.0013828	23.485	23.683	57.710	55.128	100.91	938.88	0.18041	8.7933e-05	0.56082	0.015621	42.160	0.023719	46.319	49.714	103.57	52.374	105.41	484.25	11.298	1.9301e-05	0.067787
567.98	7.9802	722.54	0.0013840	23.516	23.715	57.765	55.120	101.06	937.18	0.18228	8.7810e-05	0.56035	0.015547	42.385	0.023593	46.312	49.704	103.52	52.440	105.77	484.05	11.270	1.9317e-05	0.067961
568.31	8.0170	721.90	0.0013852	23.546	23.746	57.819	55.112	101.21	935.47	0.18415	8.7688e-05	0.55988	0.015473	42.611	0.023468	46.304	49.694	103.48	52.506	106.14	483.85	11.242	1.9333e-05	0.068135
568.63	8.0537	721.27	0.0013864	23.577	23.778	57.873	55.104	101.36	933.77	0.18603	8.7567e-05	0.55941	0.015399	42.837	0.023344	46.297	49.684	103.43	52.572	106.51	483.66	11.213	1.9349e-05	0.068310
568.94	8.0905	720.64	0.0013877	23.607	23.810	57.927	55.096	101.51	932.08	0.18791	8.7446e-05	0.55894	0.015325	43.063	0.023222	46.289	49.674	103.39	52.638	106.88	483.46	11.185	1.9365e-05	0.068485
569.26	8.1273	720.01	0.0013889	23.638	23.841	57.981	55.088	101.66	930.38	0.18980	8.7326e-05	0.55847	0.015252	43.290	0.023100	46.282	49.664	103.34	52.703	107.25	483.26	11.158	1.9381e-05	0.068661
569.58	8.1641	719.37	0.0013901	23.668	23.873	58.035	55.081	101.81	928.69	0.19170	8.7206e-05	0.55800	0.015179	43.517	0.022979	46.274	49.654	103.30	52.769	107.63	483.06	11.130	1.9397e-05	0.068837
569.89	8.2008	718.74	0.0013913	23.699	23.904	58.088	55.073	101.96	927.01	0.19360	8.7086e-05	0.55753	0.015107	43.745	0.022860	46.267	49.644	103.25	52.834	108.00	482.86	11.102	1.9412e-05	0.069013
570.21	8.2376	718.11	0.0013925	23.729	23.936	58.142	55.066	102.11	925.32	0.19551	8.6967e-05	0.55707	0.015035	43.973	0.022741	46.259	49.634	103.21	52.900	108.38	482.66	11.075	1.9428e-05	0.069190
570.52	8.2744	717.48	0.0013938	23.759	23.967	58.195	55.059	102.26	923.64	0.19743	8.6848e-05	0.55660	0.014963	44.201	0.022624	46.251	49.624	103.17	52.965	108.76	482.46	11.048	1.9444e-05	0.069367
570.83	8.3112	716.85	0.0013950	23.789	23.998	58.248	55.051	102.42	921.96	0.19935	8.6730e-05	0.55613	0.014891	44.430	0.022507	46.244	49.614	103.12	53.030	109.14	482.26	11.020	1.9460e-05	0.069545
571.14	8.3479	716.22	0.0013962	23.819	24.029	58.301	55.044	102.57	920.28	0.20128	8.6613e-05	0.55567	0.014819	44.660	0.022392	46.236	49.603	103.08	53.095	109.52	482.06	10.994	1.9476e-05	0.069723
571.45	8.3847	715.60	0.0013974	23.849	24.060	58.354	55.037	102.73	918.61	0.20321	8.6495e-05	0.55520	0.014748	44.890	0.022277	46.228	49.593	103.03	53.160	109.90	481.85	10.967	1.9492e-05	0.069902
571.76	8.4215	714.97	0.0013987	23.879	24.091	58.406	55.030	102.88	916.94	0.20515	8.6379e-05	0.55474	0.014677	45.120	0.022163	46.220	49.583	102.99	53.226	110.29	481.65	10.940	1.9508e-05	0.070082
572.07	8.4582	714.34	0.0013999	23.909	24.122	58.459	55.024	103.04	915.27	0.20710	8.6262e-05	0.55428	0.014607	45.351	0.022050	46.212	49.572	102.95	53.290	110.67	481.45	10.914	1.9524e-05	0.070261
572.38	8.4950	713.72	0.0014011	23.939	24.153	58.511	55.017	103.20	913.60	0.20906	8.6146e-05	0.55381	0.014536	45.582	0.021939	46.204	49.562	102.90	53.355	111.06	481.25	10.887	1.9540e-05	0.070442
572.69	8.5318	713.09	0.0014023	23.968	24.184	58.563	55.010	103.35	911.94	0.21102	8.6031e-05	0.55335	0.014466	45.813	0.021828	46.197	49.552	102.86	53.420	111.45	481.04	10.861	1.9555e-05	0.070623
572.99	8.5686	712.46	0.0014036	23.998	24.215	58.615	55.004	103.51	910.27	0.21299	8.5916e-05	0.55289	0.014396	46.046	0.021718	46.189	49.541	102.82	53.485	111.84	480.84	10.835	1.9571e-05	0.070804
573.29	8.6053	711.84	0.0014048	24.027	24.245	58.667	54.998	103.67	908.62	0.21496	8.5801e-05	0.55243	0.014327	46.278	0.021608	46.181	49.530	102.77	53.550	112.24	480.63	10.809	1.9587e-05	0.070986
573.60	8.6421	711.22	0.0014060	24.057	24.276	58.719	54.991	103.83	906.96	0.21694	8.5687e-05	0.55197	0.014257	46.511	0.021500	46.173	49.520	102.73	53.614	112.63	480.43	10.783	1.9603e-05	0.071168
573.90	8.6789	710.59	0.0014073	24.086	24.306	58.771	54.985	103.99	905.30	0.21893	8.5573e-05	0.55151	0.014188	46.745	0.021393	46.164	49.509	102.69	53.679	113.03	480.22	10.757	1.9619e-05	0.071351
574.20	8.7157	709.97	0.0014085	24.116	24.337	58.822	54.979	104.15	903.65	0.22093	8.5460e-05	0.55105	0.014119	46.979	0.021286	46.156	49.499	102.64	53.743	113.43	480.01	10.732	1.9635e-05	0.071535
574.50	8.7524	709.34	0.0014098	24.145	24.367	58.873	54.973	104.31	902.00	0.22293	8.5347e-05	0.55059	0.014051	47.213	0.021181	46.148	49.488	102.60	53.808	113.83	479.81	10.706	1.9651e-05	0.071719
574.80	8.7892	708.72	0.0014110	24.174	24.398	58.925	54.968	104.48	900.36	0.22494	8.5234e-05	0.55013	0.013983	47.448	0.021076	46.140	49.477	102.56	53.872	114.23	479.60	10.681	1.9667e-05	0.071904
575.10	8.8260	708.10	0.0014122	24.203	24.428	58.976	54.962	104.64	898.71	0.22696	8.5122e-05	0.54967	0.013914	47.683	0.020972	46.132	49.466	102.51	53.937	114.64	479.39	10.656	1.9683e-05	0.072089
575.39	8.8627	707.48	0.0014135	24.232	24.458	59.027	54.956	104.81	897.07	0.22898	8.5010e-05	0.54921	0.013847	47.919	0.020868	46.124	49.456	102.47	54.001	115.04	479.18	10.631	1.9698e-05	0.072275
575.69	8.8995	706.86	0.0014147	24.262	24.488	59.077	54.951	104.97	895.43	0.23102	8.4898e-05	0.54876	0.013779	48.156	0.020766	46.115	49.445	102.43	54.065	115.45	478.97	10.606	1.9714e-05	0.072461
575.99	8.9363	706.24	0.0014160	24.291	24.518	59.128	54.945	105.14	893.79	0.23305	8.4787e-05	0.54830	0.013712	48.392	0.020664	46.107	49.434	102.39	54.129	115.86	478.77	10.581	1.9730e-05	0.072648
576.28	8.9731	705.62	0.0014172	24.319	24.549	59.179	54.940	105.30	892.16	0.23510	8.4676e-05	0.54784	0.013645	48.630	0.020564	46.099	49.423	102.34	54.193	116.27	478.56	10.556	1.9746e-05	0.072836
576.57	9.0098	705.00	0.0014184	24.348	24.579	59.229	54.935	105.47	890.52	0.23715	8.4566e-05	0.54739	0.013578	48.867	0.020464	46.090	49.412	102.30	54.257	116.69	478.34	10.532	1.9762e-05	0.073024
576.87	9.0466	704.38	0.0014197	24.377	24.608	59.279	54.930	105.64	888.89	0.23921	8.4456e-05	0.54693	0.013511	49.106	0.020364	46.082	49.401	102.26	54.321	117.10	478.13	10.507	1.9778e-05	0.073213
577.16	9.0834	703.76	0.0014209	24.406	24.638	59.330	54.925	105.81	887.26	0.24128	8.4346e-05	0.54648	0.013445	49.345	0.020266	46.074	49.390	102.21	54.385	117.52	477.92	10.483	1.9794e-05	0.073402
577.45	9.1201	703.14	0.0014222	24.435	24.668	59.380	54.920	105.98	885.64	0.24336	8.4237e-05	0.54602	0.013379	49.584	0.020168	46.065	49.379	102.17	54.449	117.94	477.71	10.459	1.9810e-05	0.073592
577.74	9.1569	702.52	0.0014234	24.463	24.698	59.430	54.915	106.15	884.01	0.24544	8.4128e-05	0.54557	0.013313	49.824	0.020071	46.057	49.368	102.13	54.513	118.36	477.50	10.435	1.9826e-05	0.073783
578.03	9.1937	701.90	0.0014247	24.492	24.728	59.479	54.911	106.32	882.39	0.24753	8.4020e-05	0.54512	0.013247	50.064	0.019975	46.048	49.356	102.09	54.577	118.79	477.29	10.411	1.9842e-05	0.073974
578.31	9.2305	701.28	0.0014260	24.520	24.757	59.529	54.906	106.50	880.77	0.24963	8.3911e-05	0.54466	0.013182	50.305	0.019879	46.039	49.345	102.05	54.641	119.21	477.07	10.387	1.9858e-05	0.074166
578.60	9.2672	700.67	0.0014272	24.549	24.787	59.579	54.902	106.67	879.15	0.25174	8.3803e-05	0.54421	0.013117	50.546	0.019784	46.031	49.334	102.00	54.704	119.64	476.86	10.363	1.9874e-05	0.074359
578.89	9.3040	700.05	0.0014285	24.577	24.817	59.628	54.897	106.84	877.54	0.25385	8.3696e-05	0.54376	0.013052	50.788	0.019690	46.022	49.322	101.96	54.768	120.07	476.65	10.340	1.9890e-05	0.074552
579.17	9.3408	699.43	0.0014297	24.605	24.846	59.677	54.893	107.02	875.92	0.25597	8.3589e-05	0.54331	0.012987	51.030	0.019596	46.014	49.311	101.92	54.831	120.51	476.43	10.316	1.9906e-05	0.074746
579.46	9.3776	698.82	0.0014310	24.634	24.876	59.727	54.889	107.20	874.31	0.25810	8.3482e-05	0.54286	0.012923	51.273	0.019504	46.005	49.300	101.88	54.895	120.94	476.22	10.293	1.9922e-05	0.074940
579.74	9.4143	698.20	0.0014323	24.662	24.905	59.776	54.885	107.37	872.70	0.26024	8.3375e-05	0.54241	0.012858	51.516	0.019411	45.996	49.288	101.83	54.958	121.38	476.00	10.270	1.9938e-05	0.075136
580.02	9.4511	697.59	0.0014335	24.690	24.934	59.825	54.881	107.55	871.10	0.26239	8.3269e-05	0.54196	0.012794	51.760	0.019320	45.987	49.277	101.79	55.022	121.82	475.78	10.246	1.9954e-05	0.075331
580.31	9.4879	696.97	0.0014348	24.718	24.964	59.874	54.877	107.73	869.49	0.26454	8.3163e-05	0.54151	0.012730	52.004	0.019229	45.978	49.265	101.75	55.085	122.26	475.57	10.223	1.9970e-05	0.075528
580.59	9.5246	696.35	0.0014360	24.746	24.993	59.922	54.873	107.91	867.89	0.26670	8.3057e-05	0.54106	0.012667	52.249	0.019139	45.970	49.254	101.71	55.149	122.70	475.35	10.200	1.9986e-05	0.075725
580.87	9.5614	695.74	0.0014373	24.774	25.022	59.971	54.870	108.09	866.29	0.26887	8.2952e-05	0.54061	0.012604	52.494	0.019050	45.961	49.242	101.67	55.212	123.15	475.13	10.177	2.0002e-05	0.075924
581.15	9.5982	695.13	0.0014386	24.802	25.051	60.020	54.866	108.27	864.69	0.27105	8.2847e-05	0.54016	0.012540	52.740	0.018961	45.952	49.230	101.63	55.275	123.60	474.92	10.155	2.0018e-05	0.076122
581.43	9.6350	694.51	0.0014399	24.830	25.080	60.068	54.863	108.45	863.09	0.27324	8.2742e-05	0.53972	0.012477	52.987	0.018873	45.943	49.219	101.58	55.339	124.05	474.70	10.132	2.0034e-05	0.076322
581.70	9.6717	693.90	0.0014411	24.858	25.109	60.116	54.860	108.64	861.49	0.27543	8.2638e-05	0.53927	0.012415	53.234	0.018785	45.934	49.207	101.54	55.402	124.50	474.48	10.109	2.0050e-05	0.076522
581.98	9.7085	693.28	0.0014424	24.886	25.138	60.164	54.856	108.82	859.90	0.27763	8.2534e-05	0.53882	0.012352	53.481	0.018698	45.925	49.195	101.50	55.465	124.95	474.26	10.087	2.0066e-05	0.076723
582.26	9.7453	692.67	0.0014437	24.914	25.167	60.213	54.853	109.01	858.31	0.27985	8.2430e-05	0.53837	0.012290	53.730	0.018612	45.916	49.183	101.46	55.528	125.41	474.04	10.065	2.0082e-05	0.076925
582.53	9.7820	692.06	0.0014450	24.942	25.196	60.261	54.850	109.19	856.72	0.28206	8.2326e-05	0.53793	0.012228	53.978	0.018526	45.907	49.172	101.42	55.591	125.87	473.82	10.042	2.0099e-05	0.077127
582.81	9.8188	691.44	0.0014463	24.969	25.225	60.308	54.847	109.38	855.13	0.28429	8.2223e-05	0.53748	0.012166	54.227	0.018441	45.898	49.160	101.38	55.654	126.33	473.60	10.020	2.0115e-05	0.077331
583.08	9.8556	690.83	0.0014475	24.997	25.254	60.356	54.845	109.57	853.54	0.28653	8.2120e-05	0.53704	0.012105	54.477	0.018356	45.889	49.148	101.33	55.717	126.80	473.38	9.9982	2.0131e-05	0.077535
583.35	9.8924	690.22	0.0014488	25.024	25.283	60.404	54.842	109.76	851.96	0.28878	8.2017e-05	0.53659	0.012043	54.727	0.018272	45.879	49.136	101.29	55.780	127.26	473.16	9.9762	2.0147e-05	0.077739
583.62	9.9291	689.60	0.0014501	25.052	25.311	60.452	54.839	109.95	850.37	0.29103	8.1915e-05	0.53615	0.011982	54.978	0.018189	45.870	49.124	101.25	55.843	127.73	472.93	9.9543	2.0163e-05	0.077945
583.90	9.9659	688.99	0.0014514	25.080	25.340	60.499	54.837	110.14	848.79	0.29329	8.1813e-05	0.53570	0.011921	55.230	0.018106	45.861	49.112	101.21	55.906	128.20	472.71	9.9325	2.0179e-05	0.078152
584.17	10.003	688.38	0.0014527	25.107	25.369	60.546	54.834	110.33	847.21	0.29557	8.1711e-05	0.53526	0.011860	55.481	0.018024	45.852	49.100	101.17	55.969	128.68	472.49	9.9108	2.0196e-05	0.078359
584.44	10.039	687.77	0.0014540	25.134	25.397	60.594	54.832	110.53	845.64	0.29785	8.1609e-05	0.53482	0.011800	55.734	0.017942	45.842	49.087	101.13	56.032	129.16	472.27	9.8892	2.0212e-05	0.078567
584.71	10.076	687.16	0.0014553	25.162	25.426	60.641	54.830	110.72	844.06	0.30014	8.1508e-05	0.53438	0.011739	55.987	0.017861	45.833	49.075	101.09	56.094	129.63	472.04	9.8677	2.0228e-05	0.078776
584.97	10.113	686.54	0.0014566	25.189	25.454	60.688	54.828	110.92	842.49	0.30244	8.1407e-05	0.53393	0.011679	56.241	0.017781	45.824	49.063	101.05	56.157	130.12	471.82	9.8463	2.0244e-05	0.078985
585.24	10.150	685.93	0.0014579	25.216	25.483	60.735	54.826	111.11	840.92	0.30474	8.1306e-05	0.53349	0.011619	56.495	0.017701	45.814	49.051	101.01	56.220	130.60	471.59	9.8249	2.0261e-05	0.079196
585.51	10.187	685.32	0.0014592	25.244	25.511	60.782	54.824	111.31	839.34	0.30706	8.1206e-05	0.53305	0.011559	56.750	0.017621	45.805	49.038	100.96	56.283	131.09	471.37	9.8037	2.0277e-05	0.079407
585.77	10.223	684.71	0.0014605	25.271	25.540	60.829	54.822	111.51	837.78	0.30939	8.1105e-05	0.53261	0.011500	57.005	0.017542	45.795	49.026	100.92	56.345	131.58	471.14	9.7825	2.0293e-05	0.079620
586.04	10.260	684.10	0.0014618	25.298	25.568	60.875	54.821	111.71	836.21	0.31172	8.1005e-05	0.53217	0.011441	57.261	0.017464	45.786	49.014	100.88	56.408	132.07	470.92	9.7614	2.0309e-05	0.079833
586.30	10.297	683.49	0.0014631	25.325	25.596	60.922	54.819	111.91	834.64	0.31407	8.0906e-05	0.53173	0.011381	57.518	0.017386	45.776	49.001	100.84	56.471	132.57	470.69	9.7405	2.0326e-05	0.080047
586.57	10.334	682.88	0.0014644	25.352	25.625	60.969	54.818	112.12	833.08	0.31642	8.0806e-05	0.53129	0.011322	57.775	0.017309	45.767	48.989	100.80	56.533	133.06	470.46	9.7195	2.0342e-05	0.080262
586.83	10.370	682.26	0.0014657	25.379	25.653	61.015	54.816	112.32	831.52	0.31879	8.0707e-05	0.53085	0.011264	58.033	0.017232	45.757	48.976	100.76	56.596	133.57	470.24	9.6987	2.0359e-05	0.080477
587.09	10.407	681.65	0.0014670	25.406	25.681	61.061	54.815	112.52	829.96	0.32116	8.0608e-05	0.53041	0.011205	58.291	0.017155	45.747	48.964	100.72	56.658	134.07	470.01	9.6780	2.0375e-05	0.080694
587.36	10.444	681.04	0.0014683	25.433	25.709	61.108	54.814	112.73	828.40	0.32355	8.0509e-05	0.52997	0.011147	58.550	0.017079	45.738	48.951	100.68	56.721	134.58	469.78	9.6573	2.0391e-05	0.080912
587.62	10.481	680.43	0.0014697	25.460	25.737	61.154	54.813	112.94	826.84	0.32594	8.0410e-05	0.52953	0.011089	58.809	0.017004	45.728	48.939	100.64	56.784	135.09	469.55	9.6367	2.0408e-05	0.081130
587.88	10.517	679.82	0.0014710	25.487	25.765	61.200	54.812	113.14	825.28	0.32834	8.0312e-05	0.52909	0.011031	59.069	0.016929	45.718	48.926	100.60	56.846	135.60	469.32	9.6163	2.0424e-05	0.081350
588.14	10.554	679.21	0.0014723	25.513	25.793	61.246	54.811	113.35	823.73	0.33075	8.0214e-05	0.52865	0.010973	59.330	0.016855	45.708	48.913	100.56	56.908	136.11	469.09	9.5958	2.0441e-05	0.081570
588.40	10.591	678.60	0.0014736	25.540	25.821	61.292	54.810	113.56	822.17	0.33318	8.0116e-05	0.52821	0.010915	59.592	0.016781	45.699	48.900	100.52	56.971	136.63	468.86	9.5755	2.0457e-05	0.081792
588.65	10.628	677.99	0.0014749	25.567	25.849	61.338	54.810	113.77	820.62	0.33561	8.0019e-05	0.52778	0.010858	59.854	0.016707	45.689	48.888	100.47	57.033	137.15	468.63	9.5552	2.0474e-05	0.082014
588.91	10.665	677.38	0.0014763	25.594	25.877	61.383	54.809	113.99	819.07	0.33805	7.9921e-05	0.52734	0.010801	60.116	0.016634	45.679	48.875	100.43	57.096	137.68	468.40	9.5350	2.0490e-05	0.082237
589.17	10.701	676.77	0.0014776	25.620	25.905	61.429	54.809	114.20	817.52	0.34050	7.9824e-05	0.52690	0.010744	60.379	0.016562	45.669	48.862	100.39	57.158	138.20	468.17	9.5149	2.0507e-05	0.082461
589.42	10.738	676.16	0.0014789	25.647	25.933	61.475	54.808	114.42	815.98	0.34297	7.9727e-05	0.52647	0.010687	60.643	0.016490	45.659	48.849	100.35	57.221	138.73	467.93	9.4949	2.0524e-05	0.082687
589.68	10.775	675.55	0.0014803	25.673	25.961	61.520	54.808	114.63	814.43	0.34544	7.9630e-05	0.52603	0.010630	60.908	0.016418	45.649	48.836	100.31	57.283	139.27	467.70	9.4750	2.0540e-05	0.082913
589.93	10.812	674.94	0.0014816	25.700	25.988	61.566	54.808	114.85	812.89	0.34792	7.9534e-05	0.52559	0.010574	61.173	0.016347	45.639	48.823	100.27	57.345	139.80	467.47	9.4551	2.0557e-05	0.083140
590.19	10.848	674.33	0.0014830	25.726	26.016	61.611	54.808	115.07	811.34	0.35042	7.9437e-05	0.52516	0.010517	61.439	0.016276	45.629	48.810	100.23	57.408	140.34	467.24	9.4353	2.0573e-05	0.083369
590.44	10.885	673.72	0.0014843	25.753	26.044	61.656	54.808	115.29	809.80	0.35292	7.9341e-05	0.52472	0.010461	61.705	0.016206	45.619	48.797	100.19	57.470	140.88	467.00	9.4155	2.0590e-05	0.083598
590.69	10.922	673.11	0.0014856	25.779	26.072	61.701	54.808	115.51	808.26	0.35543	7.9245e-05	0.52429	0.010405	61.972	0.016136	45.609	48.784	100.15	57.532	141.43	466.77	9.3959	2.0607e-05	0.083828
590.95	10.959	672.50	0.0014870	25.806	26.099	61.746	54.809	115.74	806.72	0.35796	7.9149e-05	0.52386	0.010350	62.240	0.016067	45.598	48.770	100.11	57.594	141.98	466.53	9.3763	2.0624e-05	0.084060
591.20	10.996	671.89	0.0014883	25.832	26.127	61.791	54.809	115.96	805.19	0.36050	7.9054e-05	0.52342	0.010294	62.508	0.015998	45.588	48.757	100.07	57.657	142.53	466.30	9.3567	2.0640e-05	0.084292
591.45	11.032	671.28	0.0014897	25.858	26.154	61.836	54.810	116.19	803.65	0.36304	7.8958e-05	0.52299	0.010239	62.777	0.015929	45.578	48.744	100.03	57.719	143.09	466.06	9.3373	2.0657e-05	0.084526
591.70	11.069	670.67	0.0014911	25.885	26.182	61.881	54.810	116.41	802.12	0.36560	7.8863e-05	0.52255	0.010184	63.047	0.015861	45.568	48.731	99.990	57.781	143.65	465.82	9.3179	2.0674e-05	0.084761
591.95	11.106	670.06	0.0014924	25.911	26.209	61.926	54.811	116.64	800.58	0.36817	7.8768e-05	0.52212	0.010129	63.317	0.015794	45.557	48.717	99.949	57.843	144.21	465.59	9.2986	2.0691e-05	0.084996
592.20	11.143	669.45	0.0014938	25.937	26.237	61.971	54.812	116.87	799.05	0.37075	7.8674e-05	0.52169	0.010074	63.588	0.015726	45.547	48.704	99.909	57.906	144.77	465.35	9.2793	2.0708e-05	0.085233
592.45	11.179	668.84	0.0014951	25.963	26.264	62.015	54.813	117.10	797.52	0.37334	7.8579e-05	0.52125	0.010019	63.860	0.015659	45.537	48.690	99.869	57.968	145.34	465.11	9.2602	2.0725e-05	0.085471
592.69	11.216	668.23	0.0014965	25.989	26.292	62.060	54.814	117.34	795.99	0.37594	7.8485e-05	0.52082	0.0099648	64.132	0.015593	45.526	48.677	99.829	58.030	145.92	464.87	9.2411	2.0741e-05	0.085710
592.94	11.253	667.61	0.0014979	26.015	26.319	62.105	54.815	117.57	794.46	0.37855	7.8391e-05	0.52039	0.0099105	64.405	0.015527	45.516	48.663	99.788	58.092	146.49	464.64	9.2220	2.0758e-05	0.085951
593.19	11.290	667.00	0.0014992	26.041	26.346	62.149	54.816	117.81	792.93	0.38118	7.8296e-05	0.51996	0.0098564	64.679	0.015461	45.505	48.650	99.748	58.154	147.07	464.40	9.2030	2.0775e-05	0.086192
593.43	11.326	666.39	0.0015006	26.067	26.374	62.193	54.818	118.04	791.41	0.38381	7.8203e-05	0.51953	0.0098025	64.953	0.015396	45.495	48.636	99.708	58.217	147.65	464.16	9.1841	2.0792e-05	0.086435
593.68	11.363	665.78	0.0015020	26.093	26.401	62.238	54.819	118.28	789.88	0.38646	7.8109e-05	0.51909	0.0097487	65.228	0.015331	45.484	48.623	99.668	58.279	148.24	463.92	9.1653	2.0809e-05	0.086678
593.92	11.400	665.17	0.0015034	26.119	26.428	62.282	54.821	118.52	788.36	0.38912	7.8016e-05	0.51866	0.0096951	65.504	0.015266	45.474	48.609	99.628	58.341	148.83	463.68	9.1465	2.0826e-05	0.086923
594.17	11.437	664.56	0.0015048	26.145	26.455	62.326	54.823	118.76	786.84	0.39179	7.7922e-05	0.51823	0.0096417	65.781	0.015202	45.463	48.595	99.588	58.403	149.43	463.43	9.1278	2.0844e-05	0.087169
594.41	11.474	663.95	0.0015061	26.171	26.483	62.370	54.825	119.01	785.31	0.39447	7.7829e-05	0.51780	0.0095885	66.058	0.015138	45.452	48.581	99.548	58.465	150.02	463.19	9.1091	2.0861e-05	0.087417
594.65	11.510	663.34	0.0015075	26.197	26.510	62.414	54.826	119.25	783.79	0.39717	7.7736e-05	0.51737	0.0095354	66.336	0.015075	45.441	48.567	99.507	58.527	150.63	462.95	9.0905	2.0878e-05	0.087665
594.89	11.547	662.73	0.0015089	26.223	26.537	62.458	54.829	119.50	782.28	0.39988	7.7643e-05	0.51694	0.0094825	66.614	0.015012	45.431	48.554	99.467	58.590	151.23	462.71	9.0719	2.0895e-05	0.087915
595.13	11.584	662.11	0.0015103	26.249	26.564	62.502	54.831	119.75	780.76	0.40259	7.7551e-05	0.51651	0.0094298	66.894	0.014949	45.420	48.540	99.427	58.652	151.84	462.47	9.0535	2.0912e-05	0.088166
595.38	11.621	661.50	0.0015117	26.275	26.591	62.546	54.833	120.00	779.24	0.40532	7.7458e-05	0.51608	0.0093772	67.174	0.014887	45.409	48.526	99.387	58.714	152.45	462.22	9.0350	2.0930e-05	0.088418
595.62	11.657	660.89	0.0015131	26.300	26.618	62.590	54.835	120.25	777.72	0.40807	7.7366e-05	0.51565	0.0093248	67.454	0.014825	45.398	48.512	99.347	58.776	153.07	461.98	9.0167	2.0947e-05	0.088672
595.86	11.694	660.28	0.0015145	26.326	26.645	62.633	54.838	120.50	776.21	0.41082	7.7274e-05	0.51522	0.0092726	67.736	0.014763	45.387	48.498	99.307	58.838	153.69	461.73	8.9984	2.0964e-05	0.088927
596.09	11.731	659.67	0.0015159	26.352	26.672	62.677	54.841	120.75	774.70	0.41359	7.7182e-05	0.51480	0.0092205	68.018	0.014702	45.376	48.484	99.267	58.900	154.32	461.49	8.9801	2.0981e-05	0.089183
596.33	11.768	659.05	0.0015173	26.378	26.699	62.720	54.843	121.01	773.18	0.41637	7.7090e-05	0.51437	0.0091687	68.301	0.014641	45.365	48.469	99.227	58.963	154.95	461.24	8.9620	2.0999e-05	0.089441
596.57	11.805	658.44	0.0015187	26.403	26.726	62.764	54.846	121.27	771.67	0.41916	7.6998e-05	0.51394	0.0091169	68.585	0.014580	45.354	48.455	99.187	59.025	155.58	461.00	8.9438	2.1016e-05	0.089699
596.81	11.841	657.83	0.0015202	26.429	26.753	62.807	54.849	121.53	770.16	0.42197	7.6907e-05	0.51351	0.0090654	68.869	0.014520	45.343	48.441	99.147	59.087	156.22	460.75	8.9258	2.1034e-05	0.089960
597.04	11.878	657.21	0.0015216	26.454	26.780	62.851	54.852	121.79	768.65	0.42479	7.6815e-05	0.51308	0.0090140	69.155	0.014460	45.332	48.427	99.107	59.149	156.86	460.50	8.9077	2.1051e-05	0.090221
597.28	11.915	656.60	0.0015230	26.480	26.807	62.894	54.855	122.05	767.14	0.42762	7.6724e-05	0.51266	0.0089627	69.440	0.014401	45.321	48.412	99.067	59.211	157.51	460.26	8.8898	2.1069e-05	0.090484
597.52	11.952	655.99	0.0015244	26.506	26.834	62.937	54.859	122.32	765.63	0.43046	7.6633e-05	0.51223	0.0089117	69.727	0.014342	45.310	48.398	99.027	59.273	158.16	460.01	8.8719	2.1086e-05	0.090748
597.75	11.988	655.37	0.0015258	26.531	26.861	62.981	54.862	122.58	764.13	0.43332	7.6542e-05	0.51180	0.0088608	70.015	0.014283	45.299	48.384	98.987	59.336	158.81	459.76	8.8540	2.1104e-05	0.091014
597.99	12.025	654.76	0.0015273	26.557	26.887	63.024	54.866	122.85	762.62	0.43619	7.6451e-05	0.51137	0.0088100	70.303	0.014224	45.288	48.369	98.947	59.398	159.47	459.51	8.8362	2.1121e-05	0.091281
598.22	12.062	654.15	0.0015287	26.582	26.914	63.067	54.869	123.12	761.12	0.43907	7.6361e-05	0.51095	0.0087594	70.592	0.014166	45.276	48.355	98.907	59.460	160.14	459.26	8.8185	2.1139e-05	0.091549
598.45	12.099	653.53	0.0015301	26.607	26.941	63.110	54.873	123.39	759.61	0.44197	7.6270e-05	0.51052	0.0087090	70.882	0.014108	45.265	48.340	98.867	59.522	160.80	459.01	8.8008	2.1157e-05	0.091819
598.69	12.135	652.92	0.0015316	26.633	26.968	63.153	54.877	123.67	758.11	0.44488	7.6180e-05	0.51010	0.0086588	71.173	0.014050	45.254	48.326	98.827	59.585	161.48	458.76	8.7832	2.1175e-05	0.092091
598.92	12.172	652.30	0.0015330	26.658	26.994	63.196	54.881	123.94	756.61	0.44780	7.6089e-05	0.50967	0.0086087	71.464	0.013993	45.242	48.311	98.787	59.647	162.15	458.51	8.7656	2.1192e-05	0.092364
599.15	12.209	651.69	0.0015345	26.684	27.021	63.239	54.885	124.22	755.10	0.45074	7.5999e-05	0.50924	0.0085587	71.756	0.013936	45.231	48.296	98.747	59.709	162.84	458.26	8.7480	2.1210e-05	0.092638
599.38	12.246	651.07	0.0015359	26.709	27.048	63.281	54.889	124.50	753.60	0.45369	7.5909e-05	0.50882	0.0085089	72.049	0.013879	45.219	48.281	98.707	59.771	163.52	458.01	8.7306	2.1228e-05	0.092914
599.61	12.283	650.45	0.0015374	26.734	27.074	63.324	54.894	124.78	752.10	0.45666	7.5819e-05	0.50839	0.0084593	72.343	0.013823	45.208	48.267	98.667	59.834	164.21	457.75	8.7131	2.1246e-05	0.093191
599.84	12.319	649.84	0.0015388	26.759	27.101	63.367	54.898	125.07	750.60	0.45964	7.5730e-05	0.50797	0.0084098	72.638	0.013767	45.196	48.252	98.628	59.896	164.91	457.50	8.6957	2.1264e-05	0.093470
600.07	12.356	649.22	0.0015403	26.785	27.128	63.409	54.903	125.35	749.11	0.46264	7.5640e-05	0.50754	0.0083605	72.933	0.013711	45.185	48.237	98.588	59.958	165.61	457.25	8.6784	2.1282e-05	0.093750
600.30	12.393	648.61	0.0015418	26.810	27.154	63.452	54.908	125.64	747.61	0.46564	7.5550e-05	0.50712	0.0083113	73.229	0.013656	45.173	48.222	98.548	60.021	166.32	456.99	8.6611	2.1300e-05	0.094032
600.53	12.430	647.99	0.0015432	26.835	27.181	63.495	54.913	125.93	746.11	0.46867	7.5461e-05	0.50669	0.0082623	73.526	0.013601	45.162	48.207	98.508	60.083	167.03	456.74	8.6439	2.1318e-05	0.094316
600.76	12.466	647.37	0.0015447	26.860	27.207	63.537	54.918	126.22	744.61	0.47171	7.5372e-05	0.50627	0.0082135	73.824	0.013546	45.150	48.192	98.468	60.145	167.74	456.48	8.6267	2.1336e-05	0.094601
600.98	12.503	646.75	0.0015462	26.886	27.234	63.580	54.923	126.51	743.12	0.47476	7.5283e-05	0.50585	0.0081648	74.123	0.013491	45.138	48.177	98.428	60.208	168.47	456.23	8.6095	2.1354e-05	0.094887
601.21	12.540	646.14	0.0015477	26.911	27.260	63.622	54.928	126.81	741.62	0.47783	7.5194e-05	0.50542	0.0081162	74.423	0.013437	45.126	48.162	98.388	60.270	169.19	455.97	8.5924	2.1372e-05	0.095176
601.44	12.577	645.52	0.0015491	26.936	27.287	63.664	54.933	127.11	740.13	0.48091	7.5105e-05	0.50500	0.0080678	74.723	0.013383	45.115	48.147	98.348	60.332	169.92	455.72	8.5754	2.1391e-05	0.095466
601.66	12.614	644.90	0.0015506	26.961	27.313	63.707	54.939	127.41	738.64	0.48400	7.5016e-05	0.50457	0.0080196	75.025	0.013329	45.103	48.132	98.308	60.395	170.66	455.46	8.5584	2.1409e-05	0.095757
601.89	12.650	644.28	0.0015521	26.986	27.340	63.749	54.944	127.71	737.14	0.48712	7.4927e-05	0.50415	0.0079715	75.327	0.013276	45.091	48.116	98.268	60.457	171.40	455.20	8.5414	2.1427e-05	0.096050
602.11	12.687	643.66	0.0015536	27.011	27.366	63.791	54.950	128.02	735.65	0.49025	7.4839e-05	0.50373	0.0079236	75.630	0.013222	45.079	48.101	98.228	60.520	172.15	454.94	8.5245	2.1446e-05	0.096345
602.34	12.724	643.04	0.0015551	27.036	27.393	63.833	54.956	128.32	734.16	0.49339	7.4750e-05	0.50330	0.0078758	75.934	0.013169	45.067	48.086	98.188	60.582	172.90	454.69	8.5077	2.1464e-05	0.096642
602.56	12.761	642.42	0.0015566	27.061	27.419	63.875	54.962	128.63	732.67	0.49655	7.4662e-05	0.50288	0.0078281	76.238	0.013117	45.055	48.070	98.148	60.645	173.66	454.43	8.4908	2.1482e-05	0.096940
602.78	12.797	641.80	0.0015581	27.086	27.445	63.917	54.968	128.94	731.18	0.49972	7.4573e-05	0.50246	0.0077806	76.544	0.013064	45.043	48.055	98.108	60.707	174.42	454.17	8.4740	2.1501e-05	0.097241
603.01	12.834	641.18	0.0015596	27.111	27.472	63.959	54.975	129.26	729.69	0.50291	7.4485e-05	0.50204	0.0077333	76.851	0.013012	45.031	48.039	98.068	60.770	175.19	453.91	8.4573	2.1519e-05	0.097542
603.23	12.871	640.56	0.0015611	27.136	27.498	64.001	54.981	129.57	728.20	0.50612	7.4397e-05	0.50161	0.0076861	77.158	0.012960	45.019	48.024	98.028	60.833	175.97	453.65	8.4406	2.1538e-05	0.097846
603.45	12.908	639.93	0.0015627	27.161	27.524	64.043	54.987	129.89	726.71	0.50934	7.4309e-05	0.50119	0.0076391	77.466	0.012909	45.006	48.008	97.988	60.895	176.75	453.38	8.4240	2.1557e-05	0.098152
603.67	12.944	639.31	0.0015642	27.186	27.551	64.085	54.994	130.21	725.22	0.51258	7.4221e-05	0.50077	0.0075922	77.776	0.012857	44.994	47.993	97.948	60.958	177.54	453.12	8.4074	2.1575e-05	0.098459
603.89	12.981	638.69	0.0015657	27.211	27.577	64.127	55.001	130.54	723.73	0.51584	7.4133e-05	0.50035	0.0075454	78.086	0.012806	44.982	47.977	97.908	61.021	178.33	452.86	8.3908	2.1594e-05	0.098768
604.11	13.018	638.07	0.0015672	27.236	27.603	64.169	55.008	130.86	722.24	0.51911	7.4046e-05	0.49993	0.0074988	78.397	0.012756	44.970	47.961	97.868	61.083	179.13	452.60	8.3743	2.1613e-05	0.099079
604.33	13.055	637.44	0.0015688	27.261	27.630	64.211	55.015	131.19	720.75	0.52240	7.3958e-05	0.49951	0.0074523	78.709	0.012705	44.957	47.945	97.827	61.146	179.93	452.33	8.3578	2.1632e-05	0.099392
604.55	13.092	636.82	0.0015703	27.286	27.656	64.252	55.022	131.53	719.27	0.52571	7.3871e-05	0.49909	0.0074060	79.022	0.012655	44.945	47.930	97.787	61.209	180.74	452.07	8.3413	2.1651e-05	0.099706
604.77	13.128	636.19	0.0015719	27.310	27.682	64.294	55.030	131.86	717.78	0.52903	7.3783e-05	0.49866	0.0073599	79.336	0.012605	44.933	47.914	97.747	61.272	181.56	451.80	8.3249	2.1670e-05	0.10002
604.99	13.165	635.57	0.0015734	27.335	27.708	64.336	55.037	132.20	716.29	0.53237	7.3696e-05	0.49824	0.0073138	79.651	0.012555	44.920	47.898	97.707	61.335	182.38	451.54	8.3085	2.1689e-05	0.10034
605.21	13.202	634.94	0.0015749	27.360	27.735	64.377	55.045	132.53	714.81	0.53573	7.3608e-05	0.49782	0.0072680	79.967	0.012505	44.908	47.882	97.667	61.398	183.21	451.27	8.2922	2.1708e-05	0.10066
605.42	13.239	634.32	0.0015765	27.385	27.761	64.419	55.053	132.88	713.32	0.53910	7.3521e-05	0.49740	0.0072222	80.283	0.012456	44.895	47.866	97.627	61.461	184.05	451.01	8.2759	2.1727e-05	0.10098
605.64	13.275	633.69	0.0015781	27.410	27.787	64.460	55.060	133.22	711.84	0.54250	7.3434e-05	0.49698	0.0071766	80.601	0.012407	44.882	47.850	97.587	61.524	184.89	450.74	8.2597	2.1746e-05	0.10131
605.86	13.312	633.06	0.0015796	27.434	27.813	64.502	55.069	133.57	710.35	0.54591	7.3347e-05	0.49656	0.0071312	80.920	0.012358	44.870	47.833	97.546	61.587	185.74	450.47	8.2435	2.1765e-05	0.10163
606.07	13.349	632.43	0.0015812	27.459	27.839	64.543	55.077	133.92	708.86	0.54934	7.3260e-05	0.49614	0.0070859	81.239	0.012309	44.857	47.817	97.506	61.650	186.60	450.20	8.2273	2.1784e-05	0.10196
606.29	13.386	631.80	0.0015828	27.484	27.866	64.585	55.085	134.27	707.38	0.55278	7.3173e-05	0.49572	0.0070407	81.560	0.012261	44.844	47.801	97.466	61.713	187.46	449.94	8.2111	2.1804e-05	0.10229
606.50	13.423	631.18	0.0015843	27.509	27.892	64.626	55.094	134.63	705.90	0.55625	7.3086e-05	0.49530	0.0069957	81.882	0.012213	44.832	47.785	97.426	61.776	188.33	449.67	8.1950	2.1823e-05	0.10263
606.72	13.459	630.55	0.0015859	27.533	27.918	64.668	55.102	134.99	704.41	0.55973	7.3000e-05	0.49488	0.0069508	82.204	0.012165	44.819	47.768	97.386	61.839	189.21	449.40	8.1790	2.1842e-05	0.10296
606.93	13.496	629.92	0.0015875	27.558	27.944	64.709	55.111	135.35	702.93	0.56324	7.2913e-05	0.49446	0.0069061	82.528	0.012117	44.806	47.752	97.345	61.902	190.09	449.13	8.1629	2.1862e-05	0.10330
607.14	13.533	629.29	0.0015891	27.583	27.970	64.750	55.120	135.72	701.44	0.56676	7.2826e-05	0.49404	0.0068615	82.853	0.012070	44.793	47.735	97.305	61.966	190.98	448.86	8.1470	2.1882e-05	0.10364
607.36	13.570	628.65	0.0015907	27.607	27.996	64.792	55.129	136.08	699.96	0.57030	7.2740e-05	0.49362	0.0068170	83.178	0.012022	44.780	47.719	97.265	62.029	191.88	448.58	8.1310	2.1901e-05	0.10398
607.57	13.606	628.02	0.0015923	27.632	28.022	64.833	55.139	136.46	698.47	0.57386	7.2653e-05	0.49321	0.0067727	83.505	0.011975	44.767	47.702	97.224	62.092	192.79	448.31	8.1151	2.1921e-05	0.10432
607.78	13.643	627.39	0.0015939	27.657	28.048	64.874	55.148	136.83	696.99	0.57744	7.2567e-05	0.49279	0.0067285	83.833	0.011929	44.754	47.686	97.184	62.156	193.70	448.04	8.0992	2.1940e-05	0.10467
607.99	13.680	626.76	0.0015955	27.681	28.075	64.915	55.158	137.21	695.50	0.58104	7.2480e-05	0.49237	0.0066844	84.162	0.011882	44.741	47.669	97.143	62.219	194.62	447.77	8.0833	2.1960e-05	0.10501
608.20	13.717	626.12	0.0015971	27.706	28.101	64.956	55.167	137.59	694.02	0.58466	7.2394e-05	0.49195	0.0066405	84.491	0.011836	44.728	47.652	97.103	62.283	195.55	447.49	8.0675	2.1980e-05	0.10536
608.41	13.753	625.49	0.0015987	27.731	28.127	64.997	55.177	137.97	692.54	0.58830	7.2308e-05	0.49153	0.0065968	84.822	0.011789	44.715	47.636	97.063	62.346	196.48	447.22	8.0517	2.2000e-05	0.10572
608.63	13.790	624.85	0.0016004	27.755	28.153	65.038	55.187	138.36	691.05	0.59196	7.2222e-05	0.49111	0.0065531	85.154	0.011743	44.701	47.619	97.022	62.410	197.43	446.94	8.0359	2.2020e-05	0.10607
608.84	13.827	624.22	0.0016020	27.780	28.179	65.080	55.197	138.75	689.57	0.59564	7.2135e-05	0.49070	0.0065096	85.487	0.011698	44.688	47.602	96.982	62.474	198.38	446.67	8.0202	2.2040e-05	0.10643
609.04	13.864	623.58	0.0016036	27.804	28.205	65.121	55.208	139.15	688.08	0.59934	7.2049e-05	0.49028	0.0064663	85.821	0.011652	44.675	47.585	96.941	62.537	199.34	446.39	8.0045	2.2060e-05	0.10679
609.25	13.901	622.94	0.0016053	27.829	28.231	65.162	55.218	139.54	686.60	0.60306	7.1963e-05	0.48986	0.0064230	86.157	0.011607	44.661	47.568	96.901	62.601	200.30	446.11	7.9889	2.2080e-05	0.10715
609.46	13.937	622.31	0.0016069	27.853	28.257	65.203	55.229	139.95	685.11	0.60681	7.1877e-05	0.48944	0.0063799	86.493	0.011562	44.648	47.551	96.860	62.665	201.28	445.84	7.9732	2.2100e-05	0.10751
609.67	13.974	621.67	0.0016086	27.878	28.283	65.243	55.240	140.35	683.63	0.61057	7.1791e-05	0.48902	0.0063370	86.830	0.011517	44.634	47.534	96.819	62.729	202.26	445.56	7.9576	2.2121e-05	0.10788
609.88	14.011	621.03	0.0016102	27.903	28.309	65.284	55.251	140.76	682.14	0.61436	7.1705e-05	0.48861	0.0062942	87.169	0.011472	44.621	47.517	96.779	62.793	203.26	445.28	7.9420	2.2141e-05	0.10825
610.08	14.048	620.39	0.0016119	27.927	28.335	65.325	55.262	141.17	680.66	0.61817	7.1619e-05	0.48819	0.0062515	87.509	0.011427	44.607	47.499	96.738	62.857	204.26	445.00	7.9265	2.2162e-05	0.10862
610.29	14.084	619.75	0.0016136	27.952	28.361	65.366	55.274	141.59	679.17	0.62200	7.1534e-05	0.48777	0.0062089	87.849	0.011383	44.594	47.482	96.697	62.921	205.27	444.72	7.9110	2.2182e-05	0.10899
610.50	14.121	619.11	0.0016152	27.976	28.387	65.407	55.285	142.01	677.69	0.62585	7.1448e-05	0.48736	0.0061665	88.191	0.011339	44.580	47.465	96.657	62.985	206.28	444.44	7.8955	2.2203e-05	0.10937
610.70	14.158	618.47	0.0016169	28.001	28.413	65.448	55.297	142.43	676.20	0.62972	7.1362e-05	0.48694	0.0061242	88.534	0.011295	44.566	47.447	96.616	63.049	207.31	444.16	7.8801	2.2223e-05	0.10975
610.91	14.195	617.82	0.0016186	28.025	28.439	65.489	55.309	142.86	674.71	0.63362	7.1276e-05	0.48652	0.0060821	88.879	0.011251	44.553	47.430	96.575	63.114	208.35	443.87	7.8646	2.2244e-05	0.11013
611.11	14.231	617.18	0.0016203	28.050	28.465	65.529	55.321	143.29	673.23	0.63754	7.1190e-05	0.48611	0.0060401	89.224	0.011208	44.539	47.412	96.534	63.178	209.39	443.59	7.8492	2.2265e-05	0.11051
611.32	14.268	616.53	0.0016220	28.074	28.491	65.570	55.333	143.73	671.74	0.64149	7.1105e-05	0.48569	0.0059982	89.571	0.011164	44.525	47.395	96.493	63.242	210.45	443.31	7.8339	2.2285e-05	0.11090
611.52	14.305	615.89	0.0016237	28.099	28.517	65.611	55.346	144.17	670.25	0.64546	7.1019e-05	0.48527	0.0059564	89.919	0.011121	44.511	47.377	96.452	63.307	211.51	443.02	7.8185	2.2306e-05	0.11129
611.73	14.342	615.24	0.0016254	28.123	28.543	65.652	55.358	144.61	668.76	0.64945	7.0933e-05	0.48486	0.0059148	90.267	0.011078	44.497	47.359	96.411	63.371	212.59	442.74	7.8032	2.2327e-05	0.11168
611.93	14.379	614.59	0.0016271	28.147	28.569	65.692	55.371	145.06	667.27	0.65346	7.0848e-05	0.48444	0.0058733	90.618	0.011035	44.483	47.342	96.370	63.436	213.67	442.45	7.7879	2.2348e-05	0.11208
612.13	14.415	613.95	0.0016288	28.172	28.595	65.733	55.384	145.52	665.78	0.65750	7.0762e-05	0.48403	0.0058319	90.969	0.010993	44.469	47.324	96.329	63.501	214.76	442.17	7.7727	2.2369e-05	0.11247
612.34	14.452	613.30	0.0016305	28.196	28.621	65.774	55.398	145.97	664.29	0.66157	7.0677e-05	0.48361	0.0057907	91.322	0.010950	44.455	47.306	96.288	63.566	215.87	441.88	7.7574	2.2391e-05	0.11287
612.54	14.489	612.65	0.0016323	28.221	28.647	65.814	55.411	146.44	662.80	0.66566	7.0591e-05	0.48320	0.0057496	91.676	0.010908	44.441	47.288	96.247	63.630	216.98	441.59	7.7422	2.2412e-05	0.11328
612.74	14.526	612.00	0.0016340	28.245	28.673	65.855	55.425	146.90	661.31	0.66977	7.0506e-05	0.48278	0.0057086	92.031	0.010866	44.427	47.270	96.206	63.695	218.11	441.31	7.7270	2.2433e-05	0.11368
612.94	14.562	611.35	0.0016357	28.270	28.699	65.896	55.438	147.37	659.82	0.67391	7.0420e-05	0.48237	0.0056678	92.387	0.010824	44.412	47.252	96.165	63.760	219.24	441.02	7.7119	2.2455e-05	0.11409
613.14	14.599	610.69	0.0016375	28.294	28.725	65.936	55.452	147.85	658.32	0.67808	7.0335e-05	0.48195	0.0056271	92.745	0.010782	44.398	47.234	96.124	63.826	220.38	440.73	7.6967	2.2476e-05	0.11450
613.34	14.636	610.04	0.0016392	28.319	28.751	65.977	55.467	148.33	656.83	0.68227	7.0249e-05	0.48154	0.0055865	93.103	0.010741	44.384	47.216	96.082	63.891	221.54	440.44	7.6816	2.2498e-05	0.11492
613.54	14.673	609.39	0.0016410	28.343	28.777	66.018	55.481	148.82	655.34	0.68649	7.0164e-05	0.48112	0.0055461	93.464	0.010699	44.369	47.198	96.041	63.956	222.71	440.15	7.6665	2.2519e-05	0.11534
613.74	14.710	608.73	0.0016428	28.367	28.803	66.058	55.496	149.31	653.84	0.69073	7.0078e-05	0.48071	0.0055057	93.825	0.010658	44.355	47.179	96.000	64.021	223.88	439.86	7.6515	2.2541e-05	0.11576
613.94	14.746	608.07	0.0016445	28.392	28.829	66.099	55.510	149.80	652.34	0.69500	6.9993e-05	0.48029	0.0054655	94.188	0.010617	44.340	47.161	95.958	64.087	225.07	439.56	7.6364	2.2563e-05	0.11618
614.14	14.783	607.42	0.0016463	28.416	28.855	66.139	55.526	150.30	650.85	0.69930	6.9907e-05	0.47988	0.0054255	94.552	0.010576	44.326	47.142	95.917	64.152	226.27	439.27	7.6214	2.2585e-05	0.11661
614.34	14.820	606.76	0.0016481	28.441	28.881	66.180	55.541	150.81	649.35	0.70363	6.9822e-05	0.47946	0.0053855	94.917	0.010535	44.311	47.124	95.875	64.218	227.49	438.98	7.6064	2.2607e-05	0.11704
614.54	14.857	606.10	0.0016499	28.465	28.907	66.220	55.556	151.32	647.85	0.70798	6.9736e-05	0.47905	0.0053457	95.284	0.010495	44.296	47.105	95.834	64.284	228.71	438.68	7.5915	2.2629e-05	0.11747
614.73	14.893	605.44	0.0016517	28.490	28.933	66.261	55.572	151.84	646.35	0.71236	6.9651e-05	0.47864	0.0053060	95.652	0.010455	44.282	47.087	95.792	64.350	229.94	438.39	7.5765	2.2651e-05	0.11791
614.93	14.930	604.78	0.0016535	28.514	28.959	66.301	55.588	152.36	644.85	0.71677	6.9565e-05	0.47822	0.0052665	96.022	0.010414	44.267	47.068	95.751	64.415	231.19	438.09	7.5616	2.2673e-05	0.11835
615.13	14.967	604.11	0.0016553	28.538	28.985	66.342	55.604	152.89	643.35	0.72121	6.9479e-05	0.47781	0.0052270	96.393	0.010374	44.252	47.049	95.709	64.482	232.45	437.79	7.5467	2.2696e-05	0.11879
615.33	15.004	603.45	0.0016571	28.563	29.011	66.382	55.620	153.42	641.84	0.72568	6.9394e-05	0.47740	0.0051877	96.765	0.010334	44.237	47.031	95.667	64.548	233.72	437.50	7.5318	2.2718e-05	0.11924
615.52	15.040	602.79	0.0016590	28.587	29.037	66.423	55.637	153.96	640.34	0.73018	6.9308e-05	0.47698	0.0051486	97.138	0.010295	44.222	47.012	95.625	64.614	235.01	437.20	7.5169	2.2741e-05	0.11969
615.72	15.077	602.12	0.0016608	28.612	29.063	66.463	55.654	154.51	638.83	0.73471	6.9223e-05	0.47657	0.0051095	97.513	0.010255	44.207	46.993	95.584	64.680	236.31	436.90	7.5021	2.2763e-05	0.12014
615.91	15.114	601.45	0.0016626	28.636	29.089	66.504	55.671	155.06	637.33	0.73926	6.9137e-05	0.47616	0.0050706	97.890	0.010216	44.192	46.974	95.542	64.747	237.62	436.60	7.4873	2.2786e-05	0.12060
616.11	15.151	600.79	0.0016645	28.661	29.115	66.544	55.688	155.62	635.82	0.74385	6.9052e-05	0.47575	0.0050318	98.268	0.010176	44.177	46.955	95.500	64.813	238.94	436.30	7.4725	2.2809e-05	0.12106
616.30	15.188	600.12	0.0016663	28.685	29.141	66.585	55.706	156.18	634.31	0.74847	6.8966e-05	0.47533	0.0049931	98.647	0.010137	44.162	46.935	95.458	64.880	240.28	436.00	7.4577	2.2831e-05	0.12152
616.50	15.224	599.45	0.0016682	28.710	29.167	66.625	55.724	156.75	632.80	0.75312	6.8880e-05	0.47492	0.0049545	99.028	0.010098	44.147	46.916	95.416	64.947	241.63	435.69	7.4429	2.2854e-05	0.12199
616.69	15.261	598.77	0.0016701	28.734	29.193	66.666	55.742	157.33	631.29	0.75781	6.8795e-05	0.47451	0.0049161	99.410	0.010059	44.131	46.897	95.374	65.014	243.00	435.39	7.4282	2.2877e-05	0.12246
616.88	15.298	598.10	0.0016720	28.758	29.219	66.706	55.760	157.91	629.77	0.76252	6.8709e-05	0.47410	0.0048778	99.794	0.010021	44.116	46.877	95.331	65.081	244.38	435.09	7.4134	2.2901e-05	0.12293
617.08	15.335	597.43	0.0016738	28.783	29.245	66.747	55.779	158.50	628.26	0.76727	6.8623e-05	0.47369	0.0048396	100.18	0.0099821	44.100	46.858	95.289	65.148	245.77	434.78	7.3987	2.2924e-05	0.12341
617.27	15.371	596.75	0.0016757	28.807	29.271	66.787	55.797	159.10	626.74	0.77205	6.8537e-05	0.47328	0.0048016	100.57	0.0099437	44.085	46.839	95.247	65.215	247.18	434.48	7.3840	2.2947e-05	0.12389
617.46	15.408	596.07	0.0016776	28.832	29.298	66.828	55.817	159.70	625.22	0.77686	6.8452e-05	0.47286	0.0047636	100.95	0.0099055	44.069	46.819	95.204	65.282	248.60	434.17	7.3693	2.2971e-05	0.12438
617.65	15.445	595.40	0.0016796	28.856	29.324	66.868	55.836	160.31	623.70	0.78171	6.8366e-05	0.47245	0.0047258	101.34	0.0098674	44.054	46.799	95.162	65.350	250.04	433.86	7.3547	2.2994e-05	0.12487
617.84	15.482	594.72	0.0016815	28.881	29.350	66.909	55.856	160.93	622.18	0.78659	6.8280e-05	0.47204	0.0046882	101.74	0.0098294	44.038	46.780	95.119	65.417	251.50	433.56	7.3400	2.3018e-05	0.12536
618.04	15.519	594.04	0.0016834	28.905	29.376	66.949	55.876	161.55	620.66	0.79150	6.8194e-05	0.47163	0.0046506	102.13	0.0097916	44.022	46.760	95.077	65.485	252.97	433.25	7.3254	2.3042e-05	0.12586
618.23	15.555	593.35	0.0016853	28.930	29.402	66.990	55.896	162.18	619.14	0.79645	6.8108e-05	0.47122	0.0046132	102.52	0.0097539	44.007	46.740	95.034	65.553	254.45	432.94	7.3108	2.3065e-05	0.12636
618.42	15.592	592.67	0.0016873	28.954	29.428	67.030	55.916	162.82	617.61	0.80144	6.8022e-05	0.47081	0.0045758	102.92	0.0097164	43.991	46.720	94.992	65.621	255.96	432.63	7.2962	2.3089e-05	0.12686
618.61	15.629	591.98	0.0016892	28.979	29.454	67.071	55.937	163.47	616.08	0.80646	6.7936e-05	0.47040	0.0045386	103.32	0.0096790	43.975	46.700	94.949	65.689	257.47	432.32	7.2816	2.3113e-05	0.12737
618.80	15.666	591.30	0.0016912	29.003	29.481	67.111	55.958	164.13	614.55	0.81152	6.7850e-05	0.46999	0.0045016	103.72	0.0096417	43.959	46.680	94.906	65.757	259.01	432.00	7.2670	2.3138e-05	0.12788
618.99	15.702	590.61	0.0016932	29.028	29.507	67.152	55.979	164.79	613.02	0.81661	6.7763e-05	0.46958	0.0044646	104.12	0.0096046	43.943	46.660	94.863	65.826	260.56	431.69	7.2525	2.3162e-05	0.12840
619.17	15.739	589.92	0.0016951	29.052	29.533	67.192	56.001	165.46	611.49	0.82175	6.7677e-05	0.46918	0.0044278	104.52	0.0095676	43.927	46.639	94.820	65.894	262.13	431.38	7.2379	2.3186e-05	0.12892
619.36	15.776	589.23	0.0016971	29.077	29.559	67.233	56.023	166.15	609.95	0.82692	6.7591e-05	0.46877	0.0043911	104.92	0.0095307	43.910	46.619	94.777	65.963	263.72	431.06	7.2234	2.3211e-05	0.12945
619.55	15.813	588.54	0.0016991	29.102	29.586	67.274	56.045	166.83	608.41	0.83212	6.7504e-05	0.46836	0.0043545	105.33	0.0094940	43.894	46.599	94.734	66.032	265.32	430.75	7.2089	2.3235e-05	0.12998
619.74	15.849	587.84	0.0017011	29.126	29.612	67.314	56.068	167.53	606.87	0.83737	6.7418e-05	0.46795	0.0043180	105.74	0.0094574	43.878	46.578	94.691	66.101	266.95	430.43	7.1944	2.3260e-05	0.13052
619.93	15.886	587.15	0.0017031	29.151	29.638	67.355	56.091	168.24	605.33	0.84266	6.7331e-05	0.46754	0.0042817	106.15	0.0094209	43.861	46.558	94.648	66.170	268.59	430.11	7.1799	2.3285e-05	0.13105
620.11	15.923	586.45	0.0017052	29.175	29.664	67.395	56.114	168.95	603.79	0.84798	6.7245e-05	0.46714	0.0042455	106.56	0.0093845	43.845	46.537	94.604	66.240	270.25	429.79	7.1654	2.3310e-05	0.13160
620.30	15.960	585.75	0.0017072	29.200	29.691	67.436	56.138	169.68	602.24	0.85335	6.7158e-05	0.46673	0.0042094	106.97	0.0093483	43.828	46.516	94.561	66.309	271.93	429.47	7.1510	2.3335e-05	0.13215
620.49	15.997	585.05	0.0017092	29.225	29.717	67.477	56.162	170.41	600.69	0.85875	6.7071e-05	0.46632	0.0041734	107.39	0.0093122	43.812	46.496	94.517	66.379	273.63	429.15	7.1365	2.3360e-05	0.13270
620.67	16.033	584.35	0.0017113	29.249	29.743	67.517	56.186	171.16	599.14	0.86420	6.6984e-05	0.46592	0.0041375	107.80	0.0092762	43.795	46.475	94.474	66.449	275.35	428.83	7.1221	2.3385e-05	0.13326
620.86	16.070	583.65	0.0017134	29.274	29.770	67.558	56.210	171.91	597.59	0.86969	6.6897e-05	0.46551	0.0041018	108.22	0.0092404	43.779	46.454	94.430	66.519	277.09	428.51	7.1076	2.3411e-05	0.13382
621.04	16.107	582.94	0.0017154	29.299	29.796	67.599	56.235	172.68	596.03	0.87522	6.6810e-05	0.46510	0.0040661	108.64	0.0092046	43.762	46.433	94.386	66.589	278.85	428.18	7.0932	2.3436e-05	0.13439
621.23	16.144	582.24	0.0017175	29.323	29.823	67.639	56.261	173.45	594.47	0.88079	6.6723e-05	0.46470	0.0040306	109.06	0.0091690	43.745	46.411	94.343	66.659	280.63	427.86	7.0788	2.3462e-05	0.13496
621.41	16.180	581.53	0.0017196	29.348	29.849	67.680	56.286	174.23	592.91	0.88641	6.6636e-05	0.46429	0.0039953	109.49	0.0091335	43.728	46.390	94.299	66.730	282.44	427.53	7.0644	2.3488e-05	0.13553
621.60	16.217	580.82	0.0017217	29.373	29.876	67.721	56.312	175.03	591.35	0.89207	6.6549e-05	0.46389	0.0039600	109.91	0.0090982	43.711	46.369	94.255	66.800	284.26	427.21	7.0500	2.3514e-05	0.13612
621.78	16.254	580.10	0.0017238	29.397	29.902	67.762	56.339	175.84	589.79	0.89777	6.6461e-05	0.46349	0.0039249	110.34	0.0090629	43.694	46.348	94.211	66.871	286.11	426.88	7.0356	2.3540e-05	0.13670
621.97	16.291	579.39	0.0017260	29.422	29.929	67.803	56.366	176.65	588.22	0.90352	6.6374e-05	0.46308	0.0038898	110.77	0.0090278	43.677	46.326	94.166	66.942	287.98	426.55	7.0213	2.3566e-05	0.13730
622.15	16.328	578.67	0.0017281	29.447	29.955	67.843	56.393	177.48	586.65	0.90932	6.6286e-05	0.46268	0.0038549	111.20	0.0089927	43.659	46.305	94.122	67.014	289.88	426.22	7.0069	2.3592e-05	0.13789
622.33	16.364	577.96	0.0017302	29.472	29.982	67.884	56.420	178.32	585.07	0.91516	6.6198e-05	0.46228	0.0038201	111.63	0.0089578	43.642	46.283	94.078	67.085	291.79	425.89	6.9925	2.3619e-05	0.13850
622.52	16.401	577.24	0.0017324	29.497	30.008	67.925	56.448	179.17	583.50	0.92105	6.6110e-05	0.46187	0.0037855	112.07	0.0089230	43.625	46.261	94.033	67.157	293.73	425.56	6.9782	2.3645e-05	0.13910
622.70	16.438	576.51	0.0017346	29.521	30.035	67.966	56.477	180.04	581.92	0.92699	6.6022e-05	0.46147	0.0037509	112.51	0.0088883	43.607	46.239	93.989	67.229	295.70	425.23	6.9638	2.3672e-05	0.13972
622.88	16.475	575.79	0.0017367	29.546	30.062	68.007	56.506	180.91	580.34	0.93297	6.5934e-05	0.46107	0.0037165	112.95	0.0088537	43.590	46.217	93.944	67.301	297.69	424.89	6.9495	2.3699e-05	0.14034
623.06	16.511	575.06	0.0017389	29.571	30.088	68.048	56.535	181.80	578.75	0.93900	6.5846e-05	0.46067	0.0036822	113.39	0.0088193	43.572	46.195	93.900	67.373	299.71	424.56	6.9352	2.3726e-05	0.14096
623.24	16.548	574.34	0.0017411	29.596	30.115	68.089	56.565	182.70	577.16	0.94508	6.5757e-05	0.46027	0.0036480	113.83	0.0087849	43.554	46.173	93.855	67.445	301.75	424.22	6.9208	2.3753e-05	0.14159
623.42	16.585	573.61	0.0017434	29.621	30.142	68.130	56.595	183.62	575.57	0.95121	6.5669e-05	0.45987	0.0036139	114.28	0.0087506	43.537	46.151	93.810	67.518	303.82	423.88	6.9065	2.3780e-05	0.14223
623.60	16.622	572.87	0.0017456	29.646	30.169	68.171	56.625	184.55	573.98	0.95740	6.5580e-05	0.45947	0.0035800	114.73	0.0087165	43.519	46.129	93.765	67.591	305.92	423.55	6.8922	2.3808e-05	0.14287
623.78	16.658	572.14	0.0017478	29.671	30.196	68.213	56.657	185.49	572.38	0.96363	6.5492e-05	0.45907	0.0035461	115.18	0.0086824	43.501	46.106	93.720	67.664	308.05	423.21	6.8779	2.3835e-05	0.14352
623.96	16.695	571.40	0.0017501	29.696	30.222	68.254	56.688	186.44	570.78	0.96991	6.5403e-05	0.45867	0.0035124	115.63	0.0086485	43.483	46.084	93.674	67.738	310.20	422.87	6.8636	2.3863e-05	0.14417
624.14	16.732	570.66	0.0017523	29.721	30.249	68.295	56.720	187.41	569.18	0.97625	6.5313e-05	0.45828	0.0034788	116.08	0.0086146	43.465	46.061	93.629	67.811	312.38	422.52	6.8493	2.3891e-05	0.14483
624.32	16.769	569.92	0.0017546	29.746	30.276	68.336	56.753	188.40	567.58	0.98264	6.5224e-05	0.45788	0.0034453	116.54	0.0085809	43.447	46.039	93.584	67.885	314.59	422.18	6.8350	2.3919e-05	0.14550
624.50	16.806	569.18	0.0017569	29.771	30.303	68.377	56.786	189.40	565.97	0.98909	6.5135e-05	0.45748	0.0034119	117.00	0.0085472	43.428	46.016	93.538	67.959	316.84	421.84	6.8207	2.3947e-05	0.14617
624.68	16.842	568.43	0.0017592	29.796	30.330	68.419	56.819	190.41	564.35	0.99558	6.5045e-05	0.45709	0.0033787	117.46	0.0085137	43.410	45.993	93.492	68.034	319.11	421.49	6.8064	2.3975e-05	0.14685
624.86	16.879	567.69	0.0017615	29.821	30.357	68.460	56.853	191.44	562.74	1.0021	6.4956e-05	0.45669	0.0033456	117.92	0.0084802	43.391	45.970	93.447	68.108	321.41	421.14	6.7921	2.4004e-05	0.14753
625.04	16.916	566.93	0.0017639	29.847	30.384	68.502	56.888	192.49	561.12	1.0087	6.4866e-05	0.45630	0.0033126	118.39	0.0084469	43.373	45.947	93.401	68.183	323.75	420.80	6.7778	2.4033e-05	0.14823
625.21	16.953	566.18	0.0017662	29.872	30.411	68.543	56.923	193.55	559.50	1.0154	6.4776e-05	0.45591	0.0032797	118.85	0.0084136	43.354	45.924	93.355	68.258	326.12	420.45	6.7635	2.4061e-05	0.14892
625.39	16.989	565.43	0.0017686	29.897	30.438	68.585	56.958	194.63	557.87	1.0221	6.4685e-05	0.45551	0.0032469	119.33	0.0083805	43.336	45.901	93.309	68.334	328.52	420.10	6.7492	2.4090e-05	0.14963
625.57	17.026	564.67	0.0017709	29.922	30.466	68.626	56.994	195.73	556.24	1.0289	6.4595e-05	0.45512	0.0032142	119.80	0.0083474	43.317	45.877	93.262	68.409	330.96	419.74	6.7349	2.4120e-05	0.15034
625.75	17.063	563.91	0.0017733	29.948	30.493	68.668	57.031	196.84	554.61	1.0358	6.4504e-05	0.45473	0.0031817	120.27	0.0083144	43.298	45.854	93.216	68.485	333.43	419.39	6.7206	2.4149e-05	0.15106
625.92	17.100	563.15	0.0017757	29.973	30.520	68.710	57.068	197.97	552.97	1.0427	6.4414e-05	0.45434	0.0031492	120.75	0.0082815	43.279	45.830	93.170	68.562	335.94	419.04	6.7063	2.4178e-05	0.15179
626.10	17.137	562.38	0.0017782	29.999	30.547	68.751	57.106	199.12	551.33	1.0496	6.4323e-05	0.45395	0.0031169	121.23	0.0082487	43.260	45.806	93.123	68.638	338.49	418.68	6.6920	2.4208e-05	0.15252
626.27	17.173	561.61	0.0017806	30.024	30.575	68.793	57.145	200.29	549.69	1.0566	6.4231e-05	0.45356	0.0030847	121.71	0.0082160	43.241	45.783	93.076	68.715	341.07	418.32	6.6777	2.4238e-05	0.15326
626.45	17.210	560.84	0.0017830	30.049	30.602	68.835	57.184	201.48	548.04	1.0637	6.4140e-05	0.45318	0.0030527	122.20	0.0081834	43.221	45.759	93.029	68.792	343.69	417.96	6.6634	2.4268e-05	0.15401
626.62	17.247	560.07	0.0017855	30.075	30.630	68.877	57.224	202.68	546.39	1.0709	6.4049e-05	0.45279	0.0030207	122.69	0.0081509	43.202	45.735	92.982	68.870	346.35	417.60	6.6491	2.4298e-05	0.15477
626.80	17.284	559.29	0.0017880	30.100	30.657	68.919	57.264	203.91	544.74	1.0781	6.3957e-05	0.45241	0.0029889	123.18	0.0081184	43.183	45.710	92.935	68.948	349.06	417.24	6.6348	2.4329e-05	0.15553
626.97	17.320	558.51	0.0017905	30.126	30.685	68.961	57.305	205.16	543.08	1.0854	6.3865e-05	0.45202	0.0029571	123.67	0.0080861	43.163	45.686	92.888	69.026	351.80	416.88	6.6205	2.4359e-05	0.15630
627.15	17.357	557.73	0.0017930	30.152	30.712	69.003	57.347	206.42	541.42	1.0927	6.3773e-05	0.45164	0.0029255	124.17	0.0080538	43.143	45.662	92.840	69.104	354.58	416.51	6.6062	2.4390e-05	0.15708
627.32	17.394	556.94	0.0017955	30.177	30.740	69.045	57.389	207.71	539.75	1.1001	6.3680e-05	0.45126	0.0028941	124.66	0.0080216	43.124	45.637	92.793	69.183	357.41	416.15	6.5919	2.4421e-05	0.15787
627.49	17.431	556.16	0.0017981	30.203	30.768	69.088	57.432	209.02	538.08	1.1076	6.3587e-05	0.45088	0.0028627	125.16	0.0079895	43.104	45.613	92.745	69.262	360.28	415.78	6.5776	2.4452e-05	0.15867
627.67	17.467	555.36	0.0018006	30.229	30.795	69.130	57.476	210.36	536.41	1.1151	6.3495e-05	0.45050	0.0028314	125.67	0.0079574	43.084	45.588	92.697	69.341	363.20	415.41	6.5633	2.4484e-05	0.15947
627.84	17.504	554.57	0.0018032	30.255	30.823	69.172	57.521	211.71	534.73	1.1227	6.3401e-05	0.45012	0.0028003	126.18	0.0079255	43.064	45.563	92.649	69.421	366.17	415.04	6.5489	2.4515e-05	0.16028
628.01	17.541	553.77	0.0018058	30.280	30.851	69.215	57.566	213.09	533.05	1.1304	6.3308e-05	0.44974	0.0027693	126.68	0.0078936	43.044	45.538	92.601	69.502	369.18	414.67	6.5346	2.4547e-05	0.16110
628.19	17.578	552.97	0.0018084	30.306	30.879	69.257	57.612	214.50	531.36	1.1381	6.3214e-05	0.44937	0.0027384	127.20	0.0078618	43.023	45.513	92.553	69.582	372.24	414.29	6.5202	2.4579e-05	0.16194
628.36	17.615	552.17	0.0018110	30.332	30.907	69.300	57.658	215.93	529.67	1.1459	6.3120e-05	0.44899	0.0027076	127.71	0.0078301	43.003	45.488	92.505	69.663	375.35	413.92	6.5059	2.4611e-05	0.16277
628.53	17.651	551.36	0.0018137	30.358	30.935	69.343	57.706	217.38	527.98	1.1538	6.3026e-05	0.44862	0.0026769	128.23	0.0077984	42.983	45.462	92.456	69.744	378.51	413.54	6.4915	2.4644e-05	0.16362
628.70	17.688	550.55	0.0018164	30.384	30.963	69.385	57.754	218.86	526.28	1.1618	6.2932e-05	0.44825	0.0026464	128.75	0.0077668	42.962	45.437	92.407	69.826	381.73	413.16	6.4771	2.4676e-05	0.16448
628.87	17.725	549.74	0.0018190	30.410	30.991	69.428	57.803	220.36	524.58	1.1698	6.2837e-05	0.44788	0.0026159	129.28	0.0077353	42.941	45.411	92.358	69.908	385.00	412.78	6.4627	2.4709e-05	0.16535
629.04	17.762	548.92	0.0018218	30.437	31.019	69.471	57.853	221.90	522.88	1.1779	6.2742e-05	0.44751	0.0025856	129.80	0.0077039	42.920	45.386	92.309	69.991	388.32	412.40	6.4483	2.4742e-05	0.16623
629.21	17.798	548.10	0.0018245	30.463	31.048	69.514	57.904	223.46	521.17	1.1861	6.2647e-05	0.44715	0.0025554	130.34	0.0076725	42.900	45.360	92.260	70.074	391.71	412.02	6.4339	2.4775e-05	0.16711
629.38	17.835	547.28	0.0018272	30.489	31.076	69.557	57.956	225.05	519.46	1.1944	6.2552e-05	0.44678	0.0025253	130.87	0.0076412	42.878	45.334	92.211	70.157	395.15	411.63	6.4195	2.4809e-05	0.16801
629.55	17.872	546.45	0.0018300	30.515	31.105	69.601	58.008	226.66	517.74	1.2027	6.2456e-05	0.44642	0.0024954	131.41	0.0076100	42.857	45.307	92.161	70.241	398.65	411.24	6.4051	2.4843e-05	0.16892
629.72	17.909	545.62	0.0018328	30.542	31.133	69.644	58.062	228.31	516.02	1.2111	6.2360e-05	0.44606	0.0024655	131.95	0.0075788	42.836	45.281	92.111	70.325	402.21	410.85	6.3906	2.4877e-05	0.16983
629.89	17.946	544.78	0.0018356	30.568	31.162	69.687	58.116	229.99	514.29	1.2196	6.2263e-05	0.44570	0.0024358	132.49	0.0075477	42.815	45.255	92.061	70.410	405.84	410.46	6.3762	2.4911e-05	0.17076
630.06	17.982	543.94	0.0018384	30.595	31.190	69.731	58.172	231.70	512.57	1.2282	6.2167e-05	0.44534	0.0024062	133.04	0.0075167	42.793	45.228	92.011	70.495	409.53	410.07	6.3617	2.4945e-05	0.17170
630.23	18.019	543.10	0.0018413	30.621	31.219	69.774	58.228	233.44	510.83	1.2368	6.2070e-05	0.44499	0.0023767	133.59	0.0074857	42.771	45.201	91.961	70.581	413.29	409.67	6.3472	2.4980e-05	0.17265
630.40	18.056	542.25	0.0018442	30.648	31.248	69.818	58.285	235.21	509.10	1.2456	6.1972e-05	0.44463	0.0023473	134.14	0.0074548	42.750	45.175	91.910	70.667	417.12	409.28	6.3327	2.5015e-05	0.17361
630.57	18.093	541.40	0.0018470	30.674	31.276	69.862	58.344	237.02	507.36	1.2544	6.1875e-05	0.44428	0.0023180	134.70	0.0074239	42.728	45.147	91.860	70.754	421.02	408.88	6.3182	2.5050e-05	0.17459
630.73	18.129	540.55	0.0018500	30.701	31.305	69.906	58.403	238.87	505.61	1.2633	6.1777e-05	0.44394	0.0022889	135.26	0.0073931	42.706	45.120	91.809	70.841	424.99	408.48	6.3036	2.5086e-05	0.17557
630.90	18.166	539.69	0.0018529	30.728	31.334	69.950	58.463	240.74	503.86	1.2722	6.1678e-05	0.44359	0.0022599	135.83	0.0073623	42.683	45.093	91.758	70.929	429.04	408.07	6.2891	2.5122e-05	0.17657
631.07	18.203	538.83	0.0018559	30.755	31.363	69.994	58.525	242.66	502.11	1.2813	6.1580e-05	0.44325	0.0022310	136.39	0.0073317	42.661	45.065	91.706	71.018	433.16	407.67	6.2745	2.5158e-05	0.17758
631.24	18.240	537.96	0.0018589	30.782	31.393	70.038	58.587	244.61	500.35	1.2904	6.1481e-05	0.44290	0.0022022	136.97	0.0073010	42.639	45.038	91.655	71.106	437.37	407.26	6.2599	2.5194e-05	0.17860
631.40	18.276	537.09	0.0018619	30.809	31.422	70.082	58.651	246.60	498.59	1.2997	6.1381e-05	0.44257	0.0021735	137.54	0.0072704	42.616	45.010	91.603	71.196	441.65	406.85	6.2453	2.5231e-05	0.17963
631.57	18.313	536.22	0.0018649	30.836	31.451	70.127	58.716	248.63	496.83	1.3090	6.1282e-05	0.44223	0.0021450	138.12	0.0072399	42.593	44.982	91.551	71.286	446.02	406.44	6.2306	2.5268e-05	0.18068
631.73	18.350	535.34	0.0018680	30.863	31.481	70.172	58.782	250.70	495.06	1.3184	6.1182e-05	0.44190	0.0021165	138.71	0.0072094	42.571	44.954	91.499	71.377	450.48	406.02	6.2160	2.5305e-05	0.18174
631.90	18.387	534.45	0.0018711	30.890	31.510	70.216	58.849	252.81	493.29	1.3279	6.1081e-05	0.44157	0.0020882	139.30	0.0071790	42.548	44.926	91.447	71.468	455.03	405.61	6.2013	2.5342e-05	0.18281
632.07	18.424	533.57	0.0018742	30.918	31.540	70.261	58.917	254.96	491.52	1.3375	6.0981e-05	0.44124	0.0020600	139.89	0.0071486	42.524	44.897	91.394	71.560	459.67	405.19	6.1866	2.5380e-05	0.18390
632.23	18.460	532.67	0.0018773	30.945	31.569	70.306	58.987	257.16	489.74	1.3472	6.0879e-05	0.44091	0.0020320	140.48	0.0071183	42.501	44.868	91.341	71.652	464.41	404.77	6.1718	2.5418e-05	0.18500
632.40	18.497	531.78	0.0018805	30.972	31.599	70.351	59.058	259.40	487.96	1.3569	6.0778e-05	0.44059	0.0020040	141.08	0.0070880	42.478	44.840	91.288	71.746	469.25	404.35	6.1571	2.5457e-05	0.18612
632.56	18.534	530.87	0.0018837	31.000	31.629	70.396	59.130	261.69	486.18	1.3668	6.0676e-05	0.44028	0.0019762	141.69	0.0070577	42.454	44.811	91.235	71.840	474.19	403.92	6.1423	2.5496e-05	0.18725
632.73	18.571	529.97	0.0018869	31.027	31.659	70.442	59.203	264.02	484.39	1.3767	6.0574e-05	0.43996	0.0019485	142.30	0.0070275	42.430	44.781	91.181	71.934	479.23	403.49	6.1275	2.5535e-05	0.18840
632.89	18.607	529.05	0.0018902	31.055	31.689	70.487	59.278	266.41	482.60	1.3868	6.0471e-05	0.43965	0.0019209	142.91	0.0069974	42.406	44.752	91.128	72.029	484.38	403.06	6.1126	2.5574e-05	0.18956
633.05	18.644	528.14	0.0018934	31.083	31.719	70.533	59.354	268.84	480.80	1.3969	6.0368e-05	0.43934	0.0018934	143.53	0.0069672	42.382	44.722	91.074	72.125	489.65	402.63	6.0977	2.5614e-05	0.19073
633.22	18.681	527.22	0.0018968	31.111	31.749	70.579	59.432	271.32	479.01	1.4072	6.0264e-05	0.43904	0.0018661	144.15	0.0069371	42.358	44.693	91.019	72.222	495.03	402.19	6.0828	2.5654e-05	0.19193
633.38	18.718	526.29	0.0019001	31.139	31.779	70.624	59.511	273.86	477.21	1.4175	6.0160e-05	0.43874	0.0018389	144.78	0.0069071	42.334	44.663	90.965	72.320	500.53	401.75	6.0679	2.5694e-05	0.19314
633.54	18.754	525.36	0.0019035	31.167	31.810	70.671	59.592	276.45	475.40	1.4279	6.0056e-05	0.43844	0.0018118	145.41	0.0068770	42.309	44.633	90.910	72.418	506.16	401.31	6.0529	2.5735e-05	0.19437
633.71	18.791	524.42	0.0019069	31.195	31.840	70.717	59.673	279.10	473.60	1.4384	5.9951e-05	0.43815	0.0017848	146.05	0.0068470	42.284	44.602	90.855	72.517	511.91	400.86	6.0379	2.5776e-05	0.19561
633.87	18.828	523.48	0.0019103	31.223	31.871	70.763	59.757	281.80	471.79	1.4491	5.9846e-05	0.43786	0.0017579	146.69	0.0068171	42.259	44.572	90.800	72.617	517.80	400.42	6.0228	2.5818e-05	0.19688
634.03	18.865	522.53	0.0019138	31.251	31.902	70.810	59.842	284.57	469.98	1.4598	5.9740e-05	0.43758	0.0017312	147.34	0.0067871	42.234	44.541	90.744	72.718	523.83	399.97	6.0077	2.5860e-05	0.19816
634.19	18.902	521.58	0.0019173	31.280	31.933	70.856	59.928	287.39	468.17	1.4706	5.9634e-05	0.43730	0.0017046	147.99	0.0067572	42.209	44.510	90.688	72.820	530.00	399.51	5.9926	2.5902e-05	0.19946
634.35	18.938	520.62	0.0019208	31.308	31.964	70.903	60.017	290.28	466.35	1.4815	5.9527e-05	0.43703	0.0016781	148.65	0.0067274	42.183	44.479	90.632	72.923	536.32	399.06	5.9774	2.5945e-05	0.20078
634.51	18.975	519.66	0.0019243	31.337	31.995	70.950	60.106	293.23	464.53	1.4926	5.9420e-05	0.43676	0.0016517	149.31	0.0066975	42.158	44.447	90.575	73.026	542.80	398.60	5.9622	2.5988e-05	0.20212
634.68	19.012	518.69	0.0019279	31.366	32.026	70.997	60.198	296.25	462.72	1.5037	5.9313e-05	0.43649	0.0016255	149.98	0.0066676	42.132	44.415	90.518	73.131	549.43	398.13	5.9469	2.6031e-05	0.20348
634.84	19.049	517.71	0.0019316	31.395	32.057	71.045	60.291	299.34	460.90	1.5149	5.9204e-05	0.43623	0.0015993	150.65	0.0066378	42.106	44.384	90.461	73.236	556.23	397.67	5.9316	2.6075e-05	0.20486
635.00	19.085	516.73	0.0019352	31.423	32.089	71.092	60.386	302.50	459.07	1.5262	5.9096e-05	0.43598	0.0015733	151.33	0.0066080	42.079	44.351	90.404	73.343	563.20	397.20	5.9163	2.6120e-05	0.20626
635.16	19.122	515.75	0.0019389	31.452	32.120	71.140	60.482	305.73	457.25	1.5377	5.8987e-05	0.43573	0.0015475	152.02	0.0065782	42.053	44.319	90.346	73.451	570.36	396.73	5.9009	2.6165e-05	0.20769
635.32	19.159	514.75	0.0019427	31.482	32.152	71.188	60.580	309.04	455.43	1.5492	5.8877e-05	0.43549	0.0015217	152.71	0.0065485	42.026	44.286	90.288	73.559	577.69	396.25	5.8854	2.6210e-05	0.20914
635.48	19.196	513.75	0.0019465	31.511	32.184	71.236	60.681	312.43	453.60	1.5609	5.8767e-05	0.43525	0.0014961	153.41	0.0065187	41.999	44.254	90.229	73.669	585.23	395.77	5.8699	2.6256e-05	0.21061
635.64	19.233	512.75	0.0019503	31.540	32.216	71.284	60.782	315.90	451.77	1.5726	5.8657e-05	0.43502	0.0014706	154.11	0.0064889	41.972	44.220	90.170	73.780	592.96	395.28	5.8544	2.6302e-05	0.21210
635.79	19.269	511.74	0.0019541	31.570	32.248	71.332	60.886	319.45	449.95	1.5845	5.8546e-05	0.43480	0.0014452	154.82	0.0064592	41.945	44.187	90.111	73.892	600.91	394.80	5.8388	2.6349e-05	0.21362
635.95	19.306	510.72	0.0019580	31.599	32.280	71.381	60.992	323.10	448.12	1.5965	5.8434e-05	0.43458	0.0014200	155.53	0.0064294	41.917	44.153	90.051	74.006	609.07	394.30	5.8231	2.6396e-05	0.21517
636.11	19.343	509.70	0.0019619	31.629	32.313	71.430	61.100	326.83	446.29	1.6086	5.8322e-05	0.43437	0.0013949	156.26	0.0063997	41.889	44.120	89.991	74.121	617.47	393.81	5.8074	2.6444e-05	0.21674
636.27	19.380	508.67	0.0019659	31.659	32.345	71.479	61.209	330.66	444.46	1.6208	5.8210e-05	0.43416	0.0013699	156.99	0.0063699	41.861	44.085	89.931	74.237	626.10	393.31	5.7916	2.6492e-05	0.21834
636.43	19.416	507.63	0.0019699	31.689	32.378	71.528	61.321	334.58	442.63	1.6331	5.8097e-05	0.43397	0.0013451	157.72	0.0063402	41.833	44.051	89.870	74.354	634.98	392.80	5.7757	2.6541e-05	0.21997
636.59	19.453	506.59	0.0019740	31.719	32.410	71.578	61.434	338.61	440.81	1.6455	5.7983e-05	0.43378	0.0013203	158.47	0.0063104	41.805	44.016	89.809	74.473	644.12	392.30	5.7598	2.6590e-05	0.22163
636.74	19.490	505.54	0.0019781	31.749	32.443	71.627	61.550	342.74	438.98	1.6581	5.7869e-05	0.43360	0.0012957	159.22	0.0062807	41.776	43.981	89.747	74.593	653.54	391.78	5.7438	2.6640e-05	0.22331
636.90	19.527	504.48	0.0019822	31.779	32.477	71.677	61.667	346.99	437.15	1.6707	5.7754e-05	0.43343	0.0012713	159.98	0.0062509	41.747	43.946	89.685	74.714	663.24	391.27	5.7278	2.6691e-05	0.22503
637.06	19.563	503.41	0.0019864	31.810	32.510	71.727	61.787	351.35	435.32	1.6835	5.7638e-05	0.43326	0.0012469	160.74	0.0062211	41.717	43.910	89.622	74.838	673.23	390.74	5.7116	2.6742e-05	0.22678
637.21	19.600	502.34	0.0019907	31.840	32.543	71.778	61.909	355.83	433.50	1.6964	5.7522e-05	0.43311	0.0012227	161.52	0.0061913	41.688	43.874	89.559	74.962	683.54	390.22	5.6954	2.6794e-05	0.22856
637.37	19.637	501.26	0.0019950	31.871	32.577	71.828	62.033	360.44	431.67	1.7094	5.7406e-05	0.43296	0.0011987	162.30	0.0061615	41.658	43.838	89.496	75.089	694.17	389.68	5.6791	2.6846e-05	0.23038
637.53	19.674	500.18	0.0019993	31.902	32.610	71.879	62.159	365.18	429.85	1.7226	5.7288e-05	0.43282	0.0011747	163.09	0.0061316	41.628	43.801	89.432	75.217	705.15	389.15	5.6628	2.6899e-05	0.23223
637.68	19.711	499.08	0.0020037	31.933	32.644	71.930	62.287	370.06	428.03	1.7359	5.7171e-05	0.43270	0.0011509	163.89	0.0061017	41.597	43.764	89.368	75.347	716.48	388.60	5.6463	2.6953e-05	0.23412
637.84	19.747	497.98	0.0020081	31.964	32.678	71.982	62.418	375.09	426.21	1.7493	5.7052e-05	0.43258	0.0011273	164.69	0.0060718	41.566	43.726	89.303	75.479	728.20	388.06	5.6298	2.7007e-05	0.23605
637.99	19.784	496.87	0.0020126	31.995	32.713	72.033	62.551	380.28	424.38	1.7628	5.6933e-05	0.43248	0.0011037	165.51	0.0060419	41.535	43.689	89.237	75.612	740.31	387.50	5.6131	2.7062e-05	0.23801
638.15	19.821	495.75	0.0020171	32.027	32.747	72.085	62.686	385.62	422.57	1.7765	5.6813e-05	0.43239	0.0010804	166.34	0.0060119	41.504	43.651	89.171	75.748	752.84	386.94	5.5964	2.7118e-05	0.24002
638.30	19.858	494.63	0.0020217	32.059	32.782	72.137	62.824	391.14	420.75	1.7903	5.6693e-05	0.43231	0.0010571	167.17	0.0059819	41.472	43.612	89.105	75.886	765.80	386.38	5.5796	2.7175e-05	0.24207
638.46	19.894	493.49	0.0020264	32.090	32.817	72.190	62.964	396.84	418.93	1.8043	5.6572e-05	0.43225	0.0010340	168.02	0.0059518	41.440	43.573	89.037	76.026	779.23	385.81	5.5627	2.7232e-05	0.24416
638.61	19.931	492.35	0.0020311	32.122	32.852	72.243	63.106	402.73	417.12	1.8184	5.6450e-05	0.43219	0.0010110	168.87	0.0059217	41.407	43.534	88.970	76.168	793.15	385.23	5.5456	2.7290e-05	0.24630
638.77	19.968	491.20	0.0020358	32.155	32.887	72.296	63.251	408.82	415.30	1.8326	5.6327e-05	0.43216	0.00098816	169.73	0.0058915	41.375	43.494	88.901	76.312	807.59	384.64	5.5285	2.7349e-05	0.24849
638.92	20.005	490.04	0.0020407	32.187	32.922	72.349	63.399	415.13	413.49	1.8471	5.6204e-05	0.43214	0.00096546	170.61	0.0058613	41.341	43.454	88.832	76.459	822.57	384.05	5.5113	2.7409e-05	0.25072
639.07	20.042	488.87	0.0020455	32.219	32.958	72.403	63.549	421.67	411.68	1.8617	5.6080e-05	0.43213	0.00094291	171.50	0.0058310	41.308	43.413	88.763	76.608	838.12	383.45	5.4939	2.7470e-05	0.25301
639.23	20.078	487.69	0.0020505	32.252	32.994	72.457	63.702	428.45	409.87	1.8764	5.5955e-05	0.43214	0.00092049	172.39	0.0058007	41.274	43.372	88.692	76.760	854.29	382.85	5.4764	2.7531e-05	0.25535
639.38	20.115	486.50	0.0020555	32.285	33.030	72.511	63.857	435.49	408.06	1.8913	5.5829e-05	0.43217	0.00089823	173.30	0.0057702	41.240	43.331	88.621	76.914	871.10	382.23	5.4588	2.7594e-05	0.25775
639.53	20.152	485.30	0.0020606	32.318	33.066	72.566	64.015	442.81	406.24	1.9064	5.5703e-05	0.43223	0.00087610	174.22	0.0057397	41.205	43.289	88.550	77.072	888.60	381.61	5.4410	2.7658e-05	0.26021
639.68	20.189	484.08	0.0020658	32.352	33.103	72.621	64.176	450.43	404.43	1.9217	5.5575e-05	0.43230	0.00085412	175.16	0.0057091	41.170	43.246	88.477	77.232	906.83	380.98	5.4232	2.7722e-05	0.26273
639.84	20.225	482.86	0.0020710	32.385	33.140	72.676	64.340	458.37	402.62	1.9372	5.5447e-05	0.43239	0.00083230	176.11	0.0056784	41.134	43.203	88.404	77.396	925.84	380.34	5.4051	2.7788e-05	0.26531
639.99	20.262	481.63	0.0020763	32.419	33.177	72.732	64.507	466.65	400.81	1.9529	5.5318e-05	0.43251	0.00081062	177.07	0.0056476	41.098	43.159	88.330	77.562	945.67	379.69	5.3870	2.7855e-05	0.26796
640.14	20.299	480.38	0.0020817	32.453	33.214	72.789	64.677	475.30	398.99	1.9688	5.5188e-05	0.43265	0.00078909	178.04	0.0056168	41.061	43.115	88.255	77.732	966.38	379.04	5.3686	2.7923e-05	0.27068
640.29	20.336	479.13	0.0020871	32.487	33.252	72.845	64.850	484.35	397.18	1.9849	5.5057e-05	0.43282	0.00076771	179.03	0.0055858	41.024	43.070	88.180	77.906	988.04	378.37	5.3501	2.7992e-05	0.27348
640.44	20.372	477.86	0.0020927	32.522	33.290	72.903	65.027	493.82	395.36	2.0013	5.4925e-05	0.43302	0.00074648	180.03	0.0055546	40.986	43.025	88.103	78.083	1010.7	377.69	5.3315	2.8062e-05	0.27635
640.59	20.409	476.57	0.0020983	32.557	33.328	72.960	65.207	503.76	393.53	2.0179	5.4792e-05	0.43325	0.00072541	181.05	0.0055234	40.948	42.979	88.025	78.264	1034.4	377.01	5.3127	2.8134e-05	0.27930
640.74	20.446	475.27	0.0021040	32.592	33.367	73.018	65.391	514.19	391.70	2.0348	5.4657e-05	0.43351	0.00070450	182.08	0.0054920	40.910	42.932	87.947	78.449	1059.3	376.31	5.2936	2.8207e-05	0.28234
640.89	20.483	473.96	0.0021099	32.628	33.406	73.077	65.578	525.17	389.86	2.0519	5.4522e-05	0.43381	0.00068374	183.13	0.0054605	40.870	42.885	87.868	78.639	1085.5	375.60	5.2744	2.8282e-05	0.28547
641.04	20.520	472.63	0.0021158	32.663	33.445	73.136	65.770	536.74	388.02	2.0693	5.4385e-05	0.43415	0.00066315	184.20	0.0054289	40.830	42.837	87.787	78.833	1112.9	374.88	5.2550	2.8358e-05	0.28870
641.19	20.556	471.29	0.0021218	32.699	33.485	73.196	65.966	548.94	386.17	2.0871	5.4247e-05	0.43453	0.00064271	185.29	0.0053970	40.790	42.788	87.705	79.031	1141.8	374.14	5.2354	2.8435e-05	0.29203
641.34	20.593	469.93	0.0021280	32.736	33.525	73.257	66.166	561.85	384.31	2.1051	5.4108e-05	0.43495	0.00062244	186.39	0.0053651	40.749	42.739	87.623	79.235	1172.3	373.39	5.2156	2.8515e-05	0.29546
641.49	20.630	468.55	0.0021342	32.773	33.566	73.318	66.372	575.52	382.43	2.1235	5.3968e-05	0.43542	0.00060233	187.52	0.0053329	40.707	42.689	87.539	79.444	1204.4	372.63	5.1956	2.8596e-05	0.29901
641.64	20.667	467.15	0.0021406	32.810	33.607	73.379	66.582	590.03	380.54	2.1422	5.3825e-05	0.43594	0.00058239	188.66	0.0053005	40.664	42.638	87.454	79.658	1238.3	371.86	5.1753	2.8678e-05	0.30268
641.79	20.703	465.74	0.0021471	32.848	33.649	73.442	66.798	605.45	378.64	2.1614	5.3682e-05	0.43651	0.00056262	189.83	0.0052680	40.621	42.586	87.367	79.878	1274.2	371.06	5.1548	2.8763e-05	0.30648
641.94	20.740	464.30	0.0021538	32.886	33.691	73.505	67.020	621.89	376.72	2.1809	5.3537e-05	0.43715	0.00054302	191.02	0.0052352	40.577	42.533	87.280	80.105	1312.3	370.26	5.1340	2.8850e-05	0.31041
642.08	20.777	462.84	0.0021606	32.924	33.733	73.569	67.249	639.44	374.78	2.2008	5.3390e-05	0.43785	0.00052360	192.23	0.0052022	40.532	42.479	87.191	80.338	1352.7	369.43	5.1129	2.8939e-05	0.31449
642.23	20.814	461.35	0.0021675	32.963	33.776	73.634	67.484	658.22	372.82	2.2212	5.3241e-05	0.43862	0.00050435	193.46	0.0051689	40.486	42.425	87.100	80.578	1395.7	368.59	5.0916	2.9030e-05	0.31872
642.38	20.851	459.84	0.0021747	33.003	33.820	73.700	67.727	678.36	370.84	2.2421	5.3090e-05	0.43946	0.00048528	194.73	0.0051354	40.440	42.369	87.008	80.825	1441.4	367.72	5.0699	2.9123e-05	0.32312
642.53	20.887	458.30	0.0021820	33.043	33.864	73.767	67.978	700.01	368.82	2.2635	5.2937e-05	0.44039	0.00046640	196.02	0.0051016	40.392	42.312	86.914	81.080	1490.2	366.84	5.0480	2.9219e-05	0.32770
642.67	20.924	456.74	0.0021894	33.084	33.909	73.835	68.239	723.36	366.78	2.2855	5.2782e-05	0.44140	0.00044769	197.34	0.0050675	40.344	42.254	86.819	81.344	1542.5	365.94	5.0257	2.9318e-05	0.33247
642.82	20.961	455.14	0.0021971	33.126	33.955	73.904	68.509	748.58	364.70	2.3080	5.2625e-05	0.44252	0.00042918	198.68	0.0050331	40.294	42.195	86.722	81.616	1598.4	365.01	5.0030	2.9419e-05	0.33744
642.97	20.998	453.51	0.0022050	33.168	34.002	73.974	68.791	775.93	362.58	2.3311	5.2466e-05	0.44373	0.00041085	200.07	0.0049984	40.244	42.134	86.622	81.898	1658.5	364.06	4.9800	2.9524e-05	0.34263
643.11	21.034	451.85	0.0022131	33.211	34.049	74.045	69.084	805.65	360.42	2.3549	5.2303e-05	0.44507	0.00039272	201.48	0.0049633	40.192	42.073	86.521	82.190	1723.3	363.08	4.9566	2.9631e-05	0.34806
643.26	21.071	450.14	0.0022215	33.254	34.098	74.118	69.392	838.06	358.21	2.3794	5.2139e-05	0.44653	0.00037479	202.93	0.0049278	40.139	42.009	86.418	82.493	1793.2	362.07	4.9328	2.9743e-05	0.35376
643.41	21.108	448.40	0.0022302	33.299	34.147	74.193	69.714	873.51	355.95	2.4047	5.1971e-05	0.44813	0.00035706	204.42	0.0048919	40.085	41.945	86.312	82.808	1868.8	361.03	4.9086	2.9858e-05	0.35973
643.55	21.145	446.61	0.0022391	33.344	34.197	74.269	70.053	912.43	353.63	2.4307	5.1800e-05	0.44988	0.00033954	205.95	0.0048555	40.029	41.879	86.204	83.136	1951.0	359.97	4.8839	2.9977e-05	0.36602
643.70	21.181	444.77	0.0022483	33.391	34.249	74.346	70.411	955.31	351.25	2.4577	5.1626e-05	0.45180	0.00032222	207.52	0.0048187	39.972	41.811	86.094	83.477	2040.4	358.86	4.8588	3.0100e-05	0.37264
643.84	21.218	442.89	0.0022579	33.439	34.302	74.426	70.790	1002.7	348.80	2.4855	5.1448e-05	0.45391	0.00030513	209.14	0.0047814	39.913	41.741	85.981	83.833	2138.2	357.72	4.8331	3.0229e-05	0.37963
643.98	21.255	440.94	0.0022679	33.487	34.356	74.508	71.194	1055.4	346.28	2.5144	5.1266e-05	0.45623	0.00028825	210.81	0.0047436	39.853	41.669	85.865	84.205	2245.5	356.54	4.8069	3.0362e-05	0.38703
644.13	21.292	438.93	0.0022782	33.537	34.411	74.592	71.624	1114.2	343.66	2.5443	5.1081e-05	0.45877	0.00027160	212.54	0.0047051	39.791	41.596	85.745	84.595	2363.7	355.31	4.7801	3.0501e-05	0.39488
644.27	21.329	436.86	0.0022891	33.589	34.469	74.678	72.084	1180.1	340.96	2.5754	5.0891e-05	0.46158	0.00025518	214.32	0.0046660	39.727	41.520	85.623	85.004	2494.5	354.03	4.7527	3.0646e-05	0.40324
644.42	21.365	434.71	0.0023004	33.642	34.527	74.767	72.580	1254.3	338.15	2.6078	5.0696e-05	0.46467	0.00023900	216.16	0.0046262	39.661	41.441	85.496	85.433	2639.9	352.70	4.7247	3.0798e-05	0.41216
644.56	21.402	432.49	0.0023122	33.697	34.588	74.859	73.115	1338.4	335.24	2.6414	5.0497e-05	0.46809	0.00022307	218.07	0.0045856	39.592	41.361	85.366	85.886	2802.4	351.31	4.6959	3.0957e-05	0.42170
644.70	21.439	430.17	0.0023247	33.753	34.651	74.955	73.695	1434.2	332.20	2.6765	5.0292e-05	0.47189	0.00020739	220.06	0.0045442	39.522	41.277	85.232	86.365	2985.1	349.86	4.6664	3.1125e-05	0.43197
644.85	21.476	427.76	0.0023378	33.812	34.716	75.053	74.327	1544.2	329.03	2.7132	5.0082e-05	0.47612	0.00019197	222.13	0.0045020	39.448	41.190	85.093	86.871	3191.8	348.33	4.6361	3.1302e-05	0.44304
644.99	21.512	425.24	0.0023516	33.873	34.784	75.156	75.019	1671.3	325.72	2.7515	4.9866e-05	0.48084	0.00017683	224.28	0.0044587	39.372	41.100	84.948	87.410	3427.4	346.73	4.6049	3.1489e-05	0.45505
645.13	21.549	422.61	0.0023662	33.936	34.855	75.263	75.780	1819.3	322.26	2.7916	4.9643e-05	0.48614	0.00016197	226.54	0.0044143	39.293	41.006	84.799	87.984	3698.3	345.03	4.5728	3.1688e-05	0.46814
645.27	21.586	419.85	0.0023818	34.002	34.928	75.375	76.619	1993.3	318.64	2.8336	4.9413e-05	0.49213	0.00014741	228.91	0.0043686	39.210	40.909	84.642	88.599	4012.5	343.23	4.5396	3.1900e-05	0.48249
645.42	21.623	416.94	0.0023984	34.071	35.006	75.492	77.551	2200.0	314.84	2.8777	4.9175e-05	0.49893	0.00013316	231.40	0.0043216	39.123	40.806	84.479	89.261	4381.1	341.31	4.5054	3.2127e-05	0.49835
645.56	21.660	413.87	0.0024162	34.144	35.087	75.615	78.589	2448.7	310.86	2.9239	4.8930e-05	0.50674	0.00011924	234.03	0.0042730	39.032	40.699	84.309	89.976	4819.0	339.25	4.4699	3.2372e-05	0.51600
645.70	21.696	410.62	0.0024353	34.220	35.172	75.745	79.752	2752.1	306.69	2.9724	4.8677e-05	0.51578	0.00010566	236.82	0.0042226	38.935	40.586	84.129	90.756	5347.1	337.04	4.4330	3.2638e-05	0.53586
645.84	21.733	407.17	0.0024560	34.301	35.263	75.883	81.062	3129.2	302.33	3.0233	4.8415e-05	0.52642	9.2448e-05	239.80	0.0041702	38.833	40.466	83.939	91.611	5995.8	334.63	4.3946	3.2929e-05	0.55846
645.98	21.770	403.49	0.0024784	34.387	35.359	76.029	82.547	3608.9	297.77	3.0768	4.8144e-05	0.53916	7.9635e-05	243.00	0.0041152	38.724	40.338	83.736	92.561	6810.6	331.99	4.3544	3.3250e-05	0.58459
646.12	21.807	399.53	0.0025029	34.479	35.462	76.186	84.243	4237.4	293.01	3.1329	4.7865e-05	0.55477	6.7251e-05	246.47	0.0040574	38.606	40.200	83.520	93.628	7863.8	329.07	4.3122	3.3609e-05	0.61538
646.26	21.843	395.25	0.0025300	34.578	35.573	76.356	86.202	5094.5	288.03	3.1918	4.7578e-05	0.57452	5.5337e-05	250.26	0.0039958	38.479	40.051	83.285	94.849	9276.6	325.77	4.2675	3.4016e-05	0.65261
646.40	21.880	390.57	0.0025604	34.686	35.695	76.541	88.501	6329.2	282.80	3.2538	4.7284e-05	0.60056	4.3948e-05	254.49	0.0039295	38.339	39.887	83.027	96.281	11270.	321.99	4.2198	3.4489e-05	0.69922
646.54	21.917	385.35	0.0025951	34.806	35.830	76.748	91.272	8253.9	277.27	3.3192	4.6988e-05	0.63700	3.3154e-05	259.28	0.0038568	38.181	39.704	82.739	98.026	14292.	317.50	4.1681	3.5056e-05	0.76062
646.68	21.954	379.34	0.0026362	34.943	35.986	76.986	94.767	11641.	271.30	3.3890	4.6699e-05	0.69269	2.3061e-05	264.92	0.0037747	37.998	39.490	82.405	100.28	19417.	311.91	4.1107	3.5770e-05	0.84808
646.82	21.990	372.02	0.0026880	35.111	36.176	77.277	99.579	18996.	264.48	3.4650	4.6445e-05	0.79156	1.3831e-05	271.96	0.0036770	37.773	39.229	81.998	103.52	29990.	304.34	4.0443	3.6751e-05	0.99109
646.96	22.027	361.83	0.0027638	35.346	36.443	77.687	107.80	44622.	255.37	3.5532	4.6341e-05	1.0350	5.7772e-06	282.02	0.0035458	37.458	38.865	81.431	109.50	64002.	291.85	3.9594	3.8394e-05	1.3088
647.10	22.064	322.00	0.0031056	36.314	37.548	79.393	undefined	undefined	undefined	3.7410	9.4631e-05	undefined	0.0000	322.00	0.0031056	36.314	37.548	79.393	undefined	undefined	undefined	3.7410	9.4631e-05	undefined
