Temperature (K)	Pressure (MPa)	Density (l, kg/m3)	Volume (l, m3/kg)	Internal Energy (l, kJ/mol)	Enthalpy (l, kJ/mol)	Entropy (l, J/mol*K)	Cv (l, J/mol*K)	Cp (l, J/mol*K)	Sound Spd. (l, m/s)	Joule-Thomson (l, K/MPa)	Viscosity (l, Pa*s)	Therm. Cond. (l, W/m*K)	Surf. Tension (l, N/m)	Density (v, kg/m3)	Volume (v, m3/kg)	Internal Energy (v, kJ/mol)	Enthalpy (v, kJ/mol)	Entropy (v, J/mol*K)	Cv (v, J/mol*K)	Cp (v, J/mol*K)	Sound Spd. (v, m/s)	Joule-Thomson (v, K/MPa)	Viscosity (v, Pa*s)	Therm. Cond. (v, W/m*K)
161.40	0.081770	2966.2	0.00033713	-0.16643	-0.16281	-0.99213	22.063	44.446	653.37	-0.63702	undefined	undefined	0.018860	8.2227	0.12162	11.189	12.495	77.428	13.322	22.699	128.33	64.795	undefined	undefined
163.27	0.091370	2953.8	0.00033854	-0.083614	-0.079553	-0.48190	21.933	44.494	648.13	-0.63126	0.00052735	0.073149	0.018526	9.1034	0.10985	11.205	12.523	76.707	13.381	22.846	128.90	62.989	1.2530e-05	0.0029926
164.99	0.10097	2942.4	0.00033986	-0.0072320	-0.0027266	-0.016427	21.815	44.544	643.29	-0.62565	0.00051046	0.072424	0.018219	9.9768	0.10023	11.220	12.549	76.058	13.438	22.988	129.41	61.396	1.2672e-05	0.0030284
166.59	0.11057	2931.7	0.00034110	0.063790	0.068742	0.41207	21.708	44.597	638.79	-0.62018	0.00049549	0.071752	0.017934	10.843	0.092222	11.233	12.572	75.469	13.492	23.127	129.88	59.972	1.2806e-05	0.0030620
168.08	0.12017	2921.7	0.00034227	0.13027	0.13567	0.80946	21.609	44.652	634.56	-0.61482	0.00048208	0.071129	0.017669	11.704	0.085439	11.246	12.594	74.929	13.545	23.262	130.30	58.689	1.2931e-05	0.0030937
169.49	0.12977	2912.2	0.00034338	0.19284	0.19869	1.1803	21.518	44.708	630.58	-0.60957	0.00046997	0.070545	0.017420	12.560	0.079620	11.257	12.613	74.430	13.596	23.393	130.69	57.521	1.3049e-05	0.0031238
170.81	0.13937	2903.2	0.00034444	0.25202	0.25832	1.5282	21.434	44.765	626.81	-0.60442	0.00045894	0.069994	0.017186	13.410	0.074569	11.267	12.632	73.967	13.645	23.522	131.06	56.451	1.3162e-05	0.0031525
172.07	0.14897	2894.7	0.00034546	0.30821	0.31497	1.8561	21.355	44.823	623.22	-0.59936	0.00044884	0.069471	0.016964	14.257	0.070143	11.277	12.649	73.534	13.693	23.648	131.39	55.465	1.3269e-05	0.0031799
173.27	0.15857	2886.5	0.00034644	0.36176	0.36897	2.1663	21.281	44.882	619.80	-0.59438	0.00043953	0.068975	0.016753	15.099	0.066230	11.286	12.665	73.129	13.740	23.772	131.71	54.552	1.3371e-05	0.0032063
174.41	0.16817	2878.6	0.00034739	0.41294	0.42062	2.4609	21.211	44.941	616.52	-0.58946	0.00043091	0.068501	0.016552	15.937	0.062746	11.294	12.680	72.747	13.785	23.894	132.00	53.701	1.3469e-05	0.0032317
175.51	0.17777	2871.1	0.00034830	0.46200	0.47013	2.7414	21.146	45.000	613.38	-0.58462	0.00042290	0.068048	0.016360	16.773	0.059621	11.302	12.694	72.387	13.830	24.014	132.28	52.907	1.3563e-05	0.0032561
176.56	0.18737	2863.8	0.00034918	0.50914	0.51773	3.0093	21.083	45.060	610.36	-0.57984	0.00041542	0.067615	0.016177	17.605	0.056804	11.309	12.707	72.045	13.873	24.132	132.54	52.161	1.3654e-05	0.0032798
177.57	0.19697	2856.8	0.00035004	0.55453	0.56358	3.2657	21.024	45.120	607.44	-0.57511	0.00040841	0.067198	0.016000	18.434	0.054249	11.316	12.719	71.720	13.915	24.248	132.79	51.459	1.3742e-05	0.0033028
178.55	0.20657	2850.0	0.00035087	0.59832	0.60783	3.5118	20.967	45.180	604.63	-0.57044	0.00040182	0.066797	0.015830	19.260	0.051921	11.323	12.731	71.410	13.957	24.363	133.02	50.797	1.3827e-05	0.0033251
179.49	0.21618	2843.5	0.00035168	0.64064	0.65062	3.7483	20.913	45.240	601.91	-0.56582	0.00039561	0.066410	0.015667	20.084	0.049791	11.329	12.742	71.114	13.997	24.476	133.24	50.170	1.3909e-05	0.0033468
180.40	0.22578	2837.1	0.00035247	0.68161	0.69206	3.9761	20.862	45.301	599.27	-0.56124	0.00038973	0.066037	0.015509	20.905	0.047835	11.335	12.753	70.831	14.037	24.589	133.45	49.575	1.3989e-05	0.0033679
181.28	0.23538	2830.9	0.00035325	0.72133	0.73225	4.1959	20.812	45.361	596.71	-0.55671	0.00038417	0.065676	0.015356	21.725	0.046031	11.340	12.763	70.560	14.077	24.699	133.65	49.010	1.4067e-05	0.0033885
182.13	0.24498	2824.9	0.00035400	0.75989	0.77128	4.4083	20.765	45.422	594.23	-0.55221	0.00037889	0.065326	0.015208	22.542	0.044362	11.345	12.772	70.299	14.115	24.809	133.85	48.471	1.4142e-05	0.0034087
182.96	0.25458	2819.0	0.00035474	0.79738	0.80923	4.6137	20.719	45.483	591.81	-0.54776	0.00037387	0.064987	0.015065	23.357	0.042814	11.350	12.781	70.048	14.153	24.918	134.03	47.956	1.4216e-05	0.0034284
183.77	0.26418	2813.3	0.00035546	0.83385	0.84618	4.8128	20.675	45.544	589.45	-0.54334	0.00036908	0.064658	0.014925	24.170	0.041373	11.355	12.790	69.806	14.190	25.026	134.20	47.464	1.4287e-05	0.0034476
184.56	0.27378	2807.7	0.00035617	0.86939	0.88219	5.0058	20.633	45.605	587.15	-0.53895	0.00036450	0.064338	0.014790	24.982	0.040028	11.360	12.798	69.573	14.227	25.133	134.37	46.993	1.4357e-05	0.0034665
185.32	0.28338	2802.2	0.00035686	0.90403	0.91731	5.1933	20.592	45.666	584.91	-0.53459	0.00036013	0.064026	0.014659	25.792	0.038771	11.364	12.806	69.348	14.263	25.239	134.53	46.541	1.4426e-05	0.0034851
186.07	0.29298	2796.9	0.00035754	0.93785	0.95160	5.3756	20.552	45.727	582.72	-0.53026	0.00035594	0.063723	0.014531	26.601	0.037593	11.368	12.814	69.129	14.298	25.344	134.69	46.106	1.4493e-05	0.0035033
186.79	0.30258	2791.6	0.00035821	0.97089	0.98512	5.5529	20.514	45.788	580.58	-0.52596	0.00035192	0.063428	0.014406	27.408	0.036485	11.372	12.821	68.918	14.333	25.448	134.83	45.688	1.4558e-05	0.0035212
187.50	0.31218	2786.5	0.00035887	1.0032	1.0179	5.7256	20.477	45.849	578.49	-0.52168	0.00034806	0.063139	0.014285	28.214	0.035443	11.376	12.828	68.713	14.367	25.552	134.98	45.286	1.4622e-05	0.0035387
188.20	0.32178	2781.5	0.00035952	1.0348	1.0500	5.8940	20.441	45.910	576.44	-0.51743	0.00034434	0.062858	0.014166	29.019	0.034461	11.379	12.835	68.514	14.401	25.654	135.11	44.898	1.4685e-05	0.0035560
188.88	0.33138	2776.5	0.00036016	1.0657	1.0814	6.0582	20.406	45.971	574.43	-0.51320	0.00034077	0.062583	0.014050	29.822	0.033532	11.382	12.841	68.321	14.435	25.757	135.25	44.523	1.4747e-05	0.0035731
189.54	0.34098	2771.7	0.00036079	1.0960	1.1122	6.2185	20.372	46.032	572.46	-0.50899	0.00033732	0.062314	0.013937	30.624	0.032654	11.386	12.847	68.133	14.468	25.858	135.37	44.161	1.4807e-05	0.0035898
190.19	0.35058	2767.0	0.00036141	1.1257	1.1424	6.3752	20.340	46.093	570.53	-0.50481	0.00033399	0.062051	0.013826	31.426	0.031821	11.389	12.853	67.950	14.501	25.959	135.50	43.811	1.4867e-05	0.0036064
190.83	0.36018	2762.3	0.00036202	1.1549	1.1720	6.5283	20.308	46.154	568.63	-0.50064	0.00033078	0.061793	0.013717	32.226	0.031031	11.392	12.859	67.772	14.533	26.060	135.62	43.472	1.4925e-05	0.0036227
191.45	0.36978	2757.7	0.00036262	1.1835	1.2011	6.6781	20.276	46.215	566.77	-0.49649	0.00032767	0.061541	0.013611	33.025	0.030280	11.394	12.865	67.599	14.565	26.160	135.73	43.143	1.4982e-05	0.0036388
192.07	0.37938	2753.2	0.00036321	1.2116	1.2297	6.8247	20.246	46.276	564.94	-0.49236	0.00032466	0.061294	0.013507	33.824	0.029565	11.397	12.870	67.429	14.596	26.259	135.84	42.825	1.5039e-05	0.0036547
192.67	0.38898	2748.7	0.00036380	1.2392	1.2577	6.9683	20.216	46.337	563.14	-0.48825	0.00032175	0.061051	0.013405	34.621	0.028884	11.400	12.875	67.264	14.628	26.358	135.95	42.516	1.5094e-05	0.0036704
193.26	0.39858	2744.4	0.00036438	1.2663	1.2854	7.1090	20.188	46.398	561.37	-0.48415	0.00031893	0.060813	0.013305	35.418	0.028234	11.402	12.880	67.103	14.658	26.456	136.05	42.216	1.5149e-05	0.0036859
193.84	0.40818	2740.1	0.00036495	1.2930	1.3125	7.2470	20.160	46.459	559.63	-0.48007	0.00031619	0.060580	0.013207	36.214	0.027613	11.405	12.884	66.945	14.689	26.555	136.15	41.924	1.5203e-05	0.0037013
194.41	0.41778	2735.8	0.00036552	1.3192	1.3392	7.3823	20.132	46.521	557.92	-0.47600	0.00031353	0.060351	0.013111	37.010	0.027020	11.407	12.889	66.791	14.719	26.652	136.25	41.640	1.5256e-05	0.0037164
194.97	0.42738	2731.6	0.00036608	1.3450	1.3656	7.5151	20.105	46.582	556.23	-0.47194	0.00031095	0.060126	0.013017	37.805	0.026452	11.409	12.893	66.640	14.749	26.749	136.34	41.364	1.5308e-05	0.0037314
195.52	0.43698	2727.5	0.00036663	1.3704	1.3915	7.6455	20.079	46.643	554.57	-0.46790	0.00030844	0.059904	0.012924	38.599	0.025908	11.411	12.897	66.493	14.778	26.846	136.43	41.096	1.5360e-05	0.0037463
196.07	0.44658	2723.4	0.00036718	1.3955	1.4170	7.7736	20.054	46.704	552.93	-0.46386	0.00030600	0.059687	0.012833	39.392	0.025386	11.413	12.901	66.348	14.808	26.943	136.52	40.834	1.5411e-05	0.0037610
196.60	0.45618	2719.4	0.00036773	1.4202	1.4422	7.8994	20.029	46.765	551.31	-0.45984	0.00030363	0.059473	0.012743	40.185	0.024885	11.415	12.905	66.206	14.837	27.039	136.61	40.578	1.5461e-05	0.0037756
197.13	0.46579	2715.5	0.00036826	1.4445	1.4670	8.0231	20.004	46.827	549.72	-0.45584	0.00030131	0.059262	0.012655	40.978	0.024403	11.417	12.909	66.068	14.865	27.135	136.69	40.329	1.5511e-05	0.0037900
197.64	0.47539	2711.5	0.00036879	1.4685	1.4915	8.1448	19.980	46.888	548.15	-0.45184	0.00029906	0.059055	0.012568	41.770	0.023941	11.418	12.913	65.931	14.894	27.231	136.77	40.086	1.5559e-05	0.0038043
198.15	0.48499	2707.7	0.00036932	1.4921	1.5156	8.2645	19.957	46.949	546.60	-0.44785	0.00029686	0.058851	0.012482	42.562	0.023495	11.420	12.916	65.798	14.922	27.326	136.85	39.849	1.5608e-05	0.0038185
198.66	0.49459	2703.8	0.00036984	1.5155	1.5395	8.3823	19.934	47.011	545.07	-0.44387	0.00029471	0.058650	0.012398	43.353	0.023066	11.422	12.919	65.667	14.950	27.421	136.93	39.618	1.5656e-05	0.0038325
199.15	0.50419	2700.1	0.00037036	1.5385	1.5630	8.4982	19.911	47.072	543.56	-0.43989	0.00029262	0.058452	0.012316	44.144	0.022653	11.423	12.923	65.538	14.977	27.516	137.00	39.391	1.5703e-05	0.0038465
199.64	0.51379	2696.3	0.00037087	1.5612	1.5862	8.6124	19.889	47.134	542.06	-0.43593	0.00029058	0.058257	0.012234	44.935	0.022254	11.424	12.926	65.411	15.005	27.611	137.07	39.170	1.5749e-05	0.0038603
200.12	0.52339	2692.6	0.00037138	1.5837	1.6092	8.7248	19.867	47.195	540.59	-0.43198	0.00028858	0.058065	0.012154	45.725	0.021870	11.426	12.929	65.287	15.032	27.705	137.14	38.953	1.5796e-05	0.0038740
200.60	0.53299	2689.0	0.00037189	1.6058	1.6318	8.8356	19.846	47.257	539.13	-0.42803	0.00028663	0.057876	0.012075	46.515	0.021498	11.427	12.932	65.165	15.059	27.799	137.21	38.741	1.5841e-05	0.0038877
201.07	0.54259	2685.4	0.00037239	1.6277	1.6542	8.9448	19.825	47.318	537.69	-0.42409	0.00028473	0.057689	0.011997	47.305	0.021139	11.428	12.934	65.045	15.085	27.893	137.28	38.534	1.5886e-05	0.0039012
201.53	0.55219	2681.8	0.00037288	1.6494	1.6764	9.0525	19.805	47.380	536.27	-0.42015	0.00028286	0.057505	0.011920	48.094	0.020792	11.429	12.937	64.927	15.112	27.987	137.34	38.331	1.5931e-05	0.0039146
201.99	0.56179	2678.3	0.00037338	1.6707	1.6983	9.1587	19.785	47.442	534.86	-0.41622	0.00028104	0.057323	0.011844	48.884	0.020457	11.431	12.939	64.811	15.138	28.081	137.40	38.132	1.5975e-05	0.0039280
202.44	0.57139	2674.8	0.00037387	1.6919	1.7199	9.2634	19.765	47.503	533.47	-0.41230	0.00027925	0.057143	0.011769	49.673	0.020132	11.432	12.942	64.696	15.164	28.174	137.46	37.937	1.6019e-05	0.0039412
202.89	0.58099	2671.3	0.00037435	1.7128	1.7413	9.3667	19.746	47.565	532.09	-0.40838	0.00027750	0.056966	0.011695	50.462	0.019817	11.433	12.944	64.584	15.190	28.267	137.52	37.746	1.6062e-05	0.0039544
203.33	0.59059	2667.8	0.00037483	1.7335	1.7625	9.4687	19.727	47.627	530.73	-0.40447	0.00027579	0.056791	0.011622	51.251	0.019512	11.434	12.947	64.473	15.216	28.361	137.58	37.559	1.6105e-05	0.0039675
203.77	0.60019	2664.4	0.00037531	1.7539	1.7835	9.5693	19.708	47.689	529.38	-0.40056	0.00027411	0.056618	0.011550	52.040	0.019216	11.434	12.949	64.363	15.241	28.454	137.64	37.375	1.6148e-05	0.0039805
204.20	0.60979	2661.1	0.00037579	1.7741	1.8042	9.6687	19.690	47.751	528.04	-0.39666	0.00027246	0.056448	0.011479	52.828	0.018929	11.435	12.951	64.256	15.267	28.547	137.69	37.195	1.6190e-05	0.0039934
204.62	0.61939	2657.7	0.00037626	1.7942	1.8248	9.7669	19.672	47.813	526.72	-0.39276	0.00027085	0.056279	0.011409	53.617	0.018651	11.436	12.953	64.150	15.292	28.639	137.75	37.018	1.6231e-05	0.0040063
205.04	0.62899	2654.4	0.00037673	1.8140	1.8451	9.8638	19.654	47.875	525.41	-0.38886	0.00026927	0.056113	0.011339	54.406	0.018380	11.437	12.955	64.045	15.317	28.732	137.80	36.844	1.6273e-05	0.0040191
205.46	0.63859	2651.1	0.00037720	1.8336	1.8652	9.9596	19.637	47.937	524.11	-0.38497	0.00026771	0.055948	0.011271	55.194	0.018118	11.437	12.956	63.942	15.342	28.825	137.85	36.674	1.6314e-05	0.0040318
205.87	0.64819	2647.9	0.00037766	1.8530	1.8852	10.054	19.620	47.999	522.83	-0.38108	0.00026619	0.055785	0.011203	55.983	0.017863	11.438	12.958	63.840	15.366	28.917	137.90	36.506	1.6354e-05	0.0040445
206.28	0.65779	2644.7	0.00037812	1.8723	1.9049	10.148	19.603	48.062	521.55	-0.37719	0.00026469	0.055625	0.011136	56.771	0.017615	11.439	12.960	63.740	15.391	29.010	137.95	36.341	1.6394e-05	0.0040571
206.68	0.66739	2641.5	0.00037858	1.8913	1.9245	10.240	19.586	48.124	520.29	-0.37331	0.00026322	0.055465	0.011070	57.560	0.017373	11.439	12.962	63.641	15.415	29.102	137.99	36.180	1.6434e-05	0.0040696
207.08	0.67699	2638.3	0.00037903	1.9102	1.9439	10.332	19.570	48.187	519.04	-0.36943	0.00026178	0.055308	0.011005	58.348	0.017138	11.440	12.963	63.543	15.439	29.195	138.04	36.020	1.6474e-05	0.0040821
207.48	0.68659	2635.1	0.00037949	1.9289	1.9631	10.422	19.554	48.249	517.80	-0.36555	0.00026036	0.055153	0.010940	59.137	0.016910	11.440	12.965	63.447	15.463	29.287	138.08	35.864	1.6513e-05	0.0040945
207.87	0.69619	2632.0	0.00037994	1.9474	1.9821	10.511	19.538	48.312	516.57	-0.36167	0.00025897	0.054999	0.010876	59.926	0.016687	11.441	12.966	63.351	15.487	29.379	138.13	35.710	1.6552e-05	0.0041068
208.26	0.70579	2628.9	0.00038039	1.9658	2.0010	10.600	19.522	48.374	515.36	-0.35780	0.00025760	0.054846	0.010813	60.714	0.016471	11.441	12.967	63.257	15.511	29.471	138.17	35.559	1.6591e-05	0.0041192
208.64	0.71540	2625.8	0.00038083	1.9840	2.0197	10.687	19.507	48.437	514.15	-0.35392	0.00025625	0.054696	0.010751	61.503	0.016259	11.441	12.968	63.164	15.534	29.564	138.21	35.410	1.6629e-05	0.0041314
209.02	0.72500	2622.8	0.00038127	2.0020	2.0383	10.774	19.492	48.500	512.95	-0.35005	0.00025493	0.054546	0.010689	62.292	0.016053	11.442	12.970	63.072	15.557	29.656	138.25	35.263	1.6667e-05	0.0041436
209.39	0.73460	2619.8	0.00038172	2.0199	2.0567	10.860	19.477	48.563	511.76	-0.34618	0.00025362	0.054399	0.010628	63.081	0.015853	11.442	12.971	62.982	15.581	29.748	138.29	35.119	1.6705e-05	0.0041558
209.77	0.74420	2616.7	0.00038215	2.0376	2.0749	10.944	19.462	48.626	510.59	-0.34231	0.00025234	0.054252	0.010567	63.871	0.015657	11.442	12.972	62.892	15.604	29.840	138.33	34.977	1.6742e-05	0.0041679
210.14	0.75380	2613.8	0.00038259	2.0552	2.0931	11.028	19.448	48.689	509.42	-0.33844	0.00025108	0.054108	0.010507	64.660	0.015465	11.442	12.973	62.803	15.627	29.932	138.36	34.837	1.6780e-05	0.0041800
210.50	0.76340	2610.8	0.00038303	2.0726	2.1110	11.111	19.433	48.753	508.26	-0.33457	0.00024983	0.053964	0.010448	65.450	0.015279	11.442	12.974	62.716	15.650	30.024	138.40	34.699	1.6817e-05	0.0041920
210.86	0.77300	2607.8	0.00038346	2.0899	2.1288	11.194	19.419	48.816	507.11	-0.33070	0.00024861	0.053822	0.010389	66.240	0.015097	11.443	12.975	62.629	15.672	30.117	138.43	34.563	1.6853e-05	0.0042040
211.22	0.78260	2604.9	0.00038389	2.1071	2.1465	11.275	19.406	48.879	505.96	-0.32683	0.00024741	0.053682	0.010331	67.030	0.014919	11.443	12.976	62.544	15.695	30.209	138.47	34.430	1.6890e-05	0.0042159
211.58	0.79220	2602.0	0.00038432	2.1241	2.1641	11.356	19.392	48.943	504.83	-0.32296	0.00024622	0.053543	0.010273	67.820	0.014745	11.443	12.976	62.459	15.717	30.301	138.50	34.298	1.6926e-05	0.0042278
211.93	0.80180	2599.1	0.00038474	2.1410	2.1815	11.436	19.378	49.007	503.70	-0.31909	0.00024505	0.053405	0.010216	68.610	0.014575	11.443	12.977	62.375	15.740	30.393	138.53	34.168	1.6962e-05	0.0042397
212.28	0.81140	2596.3	0.00038517	2.1578	2.1988	11.515	19.365	49.071	502.59	-0.31522	0.00024390	0.053268	0.010160	69.401	0.014409	11.443	12.978	62.292	15.762	30.485	138.57	34.040	1.6998e-05	0.0042515
212.63	0.82100	2593.4	0.00038559	2.1744	2.2160	11.594	19.352	49.134	501.48	-0.31134	0.00024276	0.053132	0.010104	70.192	0.014247	11.443	12.978	62.210	15.784	30.578	138.60	33.913	1.7033e-05	0.0042633
212.97	0.83060	2590.6	0.00038601	2.1909	2.2330	11.672	19.339	49.198	500.37	-0.30747	0.00024164	0.052998	0.010048	70.983	0.014088	11.443	12.979	62.129	15.806	30.670	138.63	33.789	1.7069e-05	0.0042751
213.31	0.84020	2587.8	0.00038643	2.2073	2.2499	11.749	19.326	49.263	499.28	-0.30360	0.00024054	0.052865	0.0099936	71.775	0.013933	11.443	12.979	62.048	15.828	30.762	138.66	33.666	1.7104e-05	0.0042868
213.65	0.84980	2585.0	0.00038685	2.2236	2.2668	11.825	19.314	49.327	498.19	-0.29973	0.00023945	0.052733	0.0099392	72.566	0.013780	11.442	12.980	61.969	15.850	30.855	138.69	33.544	1.7138e-05	0.0042985
213.99	0.85940	2582.2	0.00038727	2.2397	2.2834	11.901	19.301	49.391	497.11	-0.29585	0.00023838	0.052602	0.0098853	73.358	0.013632	11.442	12.980	61.890	15.871	30.947	138.71	33.425	1.7173e-05	0.0043102
214.32	0.86900	2579.4	0.00038768	2.2558	2.3000	11.976	19.289	49.456	496.04	-0.29197	0.00023732	0.052473	0.0098319	74.151	0.013486	11.442	12.981	61.812	15.893	31.040	138.74	33.307	1.7208e-05	0.0043218
214.65	0.87860	2576.7	0.00038810	2.2717	2.3165	12.051	19.277	49.520	494.98	-0.28809	0.00023628	0.052344	0.0097789	74.943	0.013343	11.442	12.981	61.735	15.915	31.133	138.77	33.190	1.7242e-05	0.0043334
214.98	0.88820	2573.9	0.00038851	2.2875	2.3329	12.124	19.265	49.585	493.92	-0.28421	0.00023525	0.052217	0.0097264	75.736	0.013204	11.442	12.981	61.658	15.936	31.225	138.79	33.075	1.7276e-05	0.0043450
215.30	0.89780	2571.2	0.00038892	2.3033	2.3491	12.198	19.254	49.650	492.87	-0.28033	0.00023423	0.052090	0.0096744	76.530	0.013067	11.441	12.982	61.582	15.957	31.318	138.82	32.961	1.7310e-05	0.0043566
215.62	0.90740	2568.5	0.00038933	2.3189	2.3652	12.270	19.242	49.715	491.82	-0.27645	0.00023322	0.051965	0.0096228	77.324	0.012933	11.441	12.982	61.507	15.978	31.411	138.84	32.849	1.7343e-05	0.0043681
215.94	0.91700	2565.8	0.00038974	2.3344	2.3813	12.342	19.231	49.780	490.78	-0.27256	0.00023223	0.051840	0.0095717	78.118	0.012801	11.441	12.982	61.433	15.999	31.504	138.87	32.738	1.7377e-05	0.0043796
216.26	0.92660	2563.2	0.00039014	2.3498	2.3972	12.414	19.219	49.845	489.75	-0.26867	0.00023126	0.051717	0.0095210	78.912	0.012672	11.440	12.982	61.359	16.020	31.597	138.89	32.629	1.7410e-05	0.0043911
216.58	0.93620	2560.5	0.00039055	2.3651	2.4131	12.485	19.208	49.911	488.72	-0.26478	0.00023029	0.051595	0.0094707	79.707	0.012546	11.440	12.982	61.286	16.041	31.690	138.91	32.521	1.7443e-05	0.0044025
216.89	0.94580	2557.9	0.00039095	2.3803	2.4288	12.555	19.197	49.976	487.70	-0.26089	0.00022934	0.051473	0.0094208	80.502	0.012422	11.440	12.982	61.214	16.062	31.784	138.93	32.414	1.7476e-05	0.0044140
217.20	0.95540	2555.2	0.00039135	2.3954	2.4445	12.625	19.186	50.042	486.69	-0.25699	0.00022839	0.051353	0.0093713	81.298	0.012300	11.439	12.982	61.142	16.083	31.877	138.96	32.308	1.7509e-05	0.0044254
217.51	0.96501	2552.6	0.00039175	2.4104	2.4600	12.695	19.175	50.107	485.68	-0.25309	0.00022746	0.051233	0.0093223	82.094	0.012181	11.439	12.982	61.071	16.103	31.971	138.98	32.204	1.7541e-05	0.0044368
217.81	0.97461	2550.0	0.00039215	2.4253	2.4755	12.763	19.165	50.173	484.68	-0.24919	0.00022654	0.051114	0.0092736	82.890	0.012064	11.438	12.982	61.000	16.124	32.064	139.00	32.101	1.7574e-05	0.0044481
218.12	0.98421	2547.4	0.00039255	2.4402	2.4909	12.832	19.154	50.239	483.68	-0.24529	0.00022563	0.050997	0.0092253	83.687	0.011949	11.438	12.982	60.930	16.144	32.158	139.02	31.999	1.7606e-05	0.0044595
218.42	0.99381	2544.8	0.00039295	2.4549	2.5062	12.899	19.144	50.306	482.69	-0.24138	0.00022474	0.050880	0.0091774	84.485	0.011836	11.437	12.982	60.861	16.165	32.252	139.03	31.898	1.7638e-05	0.0044708
218.72	1.0034	2542.3	0.00039335	2.4696	2.5214	12.967	19.134	50.372	481.70	-0.23747	0.00022385	0.050764	0.0091299	85.282	0.011726	11.437	12.982	60.792	16.185	32.346	139.05	31.799	1.7670e-05	0.0044822
219.02	1.0130	2539.7	0.00039374	2.4841	2.5365	13.033	19.124	50.438	480.72	-0.23355	0.00022297	0.050648	0.0090827	86.081	0.011617	11.436	12.981	60.724	16.205	32.440	139.07	31.700	1.7702e-05	0.0044935
219.31	1.0226	2537.2	0.00039414	2.4986	2.5515	13.100	19.114	50.505	479.75	-0.22963	0.00022210	0.050534	0.0090359	86.879	0.011510	11.436	12.981	60.656	16.225	32.534	139.09	31.603	1.7734e-05	0.0045048
219.61	1.0322	2534.7	0.00039453	2.5130	2.5665	13.166	19.104	50.572	478.78	-0.22571	0.00022125	0.050421	0.0089895	87.678	0.011405	11.435	12.981	60.589	16.245	32.629	139.11	31.507	1.7765e-05	0.0045160
219.90	1.0418	2532.1	0.00039492	2.5273	2.5814	13.231	19.094	50.639	477.82	-0.22178	0.00022040	0.050308	0.0089434	88.478	0.011302	11.435	12.980	60.522	16.265	32.723	139.12	31.411	1.7796e-05	0.0045273
220.19	1.0514	2529.6	0.00039531	2.5416	2.5961	13.296	19.085	50.706	476.86	-0.21785	0.00021956	0.050196	0.0088977	89.278	0.011201	11.434	12.980	60.456	16.285	32.818	139.14	31.317	1.7828e-05	0.0045385
220.47	1.0610	2527.1	0.00039570	2.5557	2.6109	13.361	19.075	50.773	475.90	-0.21392	0.00021873	0.050085	0.0088523	90.079	0.011101	11.433	12.980	60.390	16.305	32.913	139.15	31.224	1.7859e-05	0.0045498
220.76	1.0706	2524.7	0.00039609	2.5698	2.6255	13.425	19.066	50.841	474.95	-0.20998	0.00021791	0.049975	0.0088072	90.880	0.011004	11.433	12.979	60.325	16.325	33.008	139.17	31.131	1.7890e-05	0.0045610
221.04	1.0802	2522.2	0.00039648	2.5838	2.6400	13.488	19.057	50.908	474.01	-0.20604	0.00021710	0.049865	0.0087624	91.682	0.010907	11.432	12.979	60.260	16.345	33.103	139.18	31.040	1.7920e-05	0.0045722
221.33	1.0898	2519.7	0.00039687	2.5977	2.6545	13.551	19.047	50.976	473.07	-0.20209	0.00021629	0.049756	0.0087180	92.484	0.010813	11.431	12.978	60.196	16.364	33.199	139.20	30.950	1.7951e-05	0.0045834
221.61	1.0994	2517.3	0.00039725	2.6116	2.6689	13.614	19.038	51.044	472.13	-0.19814	0.00021550	0.049648	0.0086739	93.287	0.010720	11.430	12.978	60.133	16.384	33.294	139.21	30.860	1.7982e-05	0.0045946
221.89	1.1090	2514.8	0.00039764	2.6254	2.6833	13.677	19.029	51.112	471.20	-0.19419	0.00021471	0.049541	0.0086301	94.090	0.010628	11.430	12.977	60.069	16.403	33.390	139.22	30.772	1.8012e-05	0.0046058
222.16	1.1186	2512.4	0.00039802	2.6391	2.6975	13.739	19.021	51.180	470.27	-0.19023	0.00021394	0.049434	0.0085867	94.894	0.010538	11.429	12.977	60.007	16.423	33.486	139.24	30.684	1.8042e-05	0.0046169
222.44	1.1282	2510.0	0.00039841	2.6527	2.7117	13.800	19.012	51.249	469.35	-0.18626	0.00021317	0.049328	0.0085435	95.698	0.010450	11.428	12.976	59.944	16.442	33.582	139.25	30.597	1.8072e-05	0.0046281
222.71	1.1378	2507.6	0.00039879	2.6663	2.7259	13.861	19.003	51.317	468.43	-0.18230	0.00021240	0.049223	0.0085006	96.503	0.010362	11.427	12.975	59.882	16.461	33.678	139.26	30.511	1.8102e-05	0.0046392
222.98	1.1474	2505.2	0.00039917	2.6798	2.7399	13.922	18.995	51.386	467.52	-0.17832	0.00021165	0.049118	0.0084580	97.309	0.010277	11.426	12.975	59.821	16.481	33.775	139.27	30.426	1.8132e-05	0.0046504
223.26	1.1570	2502.8	0.00039956	2.6932	2.7539	13.983	18.986	51.455	466.61	-0.17434	0.00021090	0.049014	0.0084158	98.115	0.010192	11.426	12.974	59.760	16.500	33.872	139.28	30.342	1.8162e-05	0.0046615
223.52	1.1666	2500.4	0.00039994	2.7066	2.7679	14.043	18.978	51.524	465.70	-0.17036	0.00021016	0.048911	0.0083738	98.921	0.010109	11.425	12.973	59.699	16.519	33.969	139.29	30.258	1.8192e-05	0.0046727
223.79	1.1762	2498.0	0.00040032	2.7199	2.7817	14.103	18.970	51.593	464.80	-0.16637	0.00020943	0.048808	0.0083320	99.729	0.010027	11.424	12.972	59.639	16.538	34.066	139.30	30.176	1.8221e-05	0.0046838
224.06	1.1858	2495.7	0.00040069	2.7331	2.7955	14.162	18.962	51.663	463.91	-0.16237	0.00020870	0.048706	0.0082906	100.54	0.0099466	11.423	12.972	59.579	16.557	34.163	139.31	30.094	1.8251e-05	0.0046949
224.32	1.1954	2493.3	0.00040107	2.7463	2.8093	14.221	18.954	51.733	463.01	-0.15837	0.00020798	0.048605	0.0082495	101.35	0.0098673	11.422	12.971	59.520	16.576	34.260	139.32	30.013	1.8280e-05	0.0047060
224.58	1.2050	2491.0	0.00040145	2.7594	2.8229	14.280	18.946	51.802	462.12	-0.15437	0.00020727	0.048504	0.0082086	102.15	0.0097891	11.421	12.970	59.461	16.595	34.358	139.33	29.932	1.8309e-05	0.0047171
224.84	1.2146	2488.6	0.00040183	2.7725	2.8365	14.338	18.938	51.873	461.24	-0.15036	0.00020657	0.048404	0.0081679	102.96	0.0097121	11.420	12.969	59.402	16.613	34.456	139.34	29.852	1.8338e-05	0.0047282
225.10	1.2242	2486.3	0.00040220	2.7854	2.8501	14.396	18.930	51.943	460.35	-0.14634	0.00020587	0.048305	0.0081276	103.77	0.0096363	11.419	12.968	59.344	16.632	34.554	139.35	29.774	1.8367e-05	0.0047393
225.36	1.2338	2484.0	0.00040258	2.7984	2.8636	14.454	18.923	52.013	459.48	-0.14232	0.00020518	0.048206	0.0080875	104.59	0.0095616	11.418	12.967	59.286	16.651	34.653	139.36	29.695	1.8396e-05	0.0047504
225.62	1.2434	2481.7	0.00040295	2.8112	2.8770	14.511	18.915	52.084	458.60	-0.13829	0.00020449	0.048107	0.0080477	105.40	0.0094879	11.417	12.966	59.228	16.669	34.751	139.37	29.618	1.8425e-05	0.0047615
225.87	1.2530	2479.4	0.00040333	2.8240	2.8904	14.568	18.908	52.155	457.73	-0.13426	0.00020381	0.048010	0.0080081	106.21	0.0094154	11.416	12.965	59.171	16.688	34.850	139.37	29.541	1.8454e-05	0.0047726
226.13	1.2626	2477.1	0.00040370	2.8368	2.9037	14.625	18.900	52.226	456.86	-0.13022	0.00020314	0.047913	0.0079687	107.02	0.0093438	11.415	12.964	59.114	16.707	34.949	139.38	29.465	1.8482e-05	0.0047837
226.38	1.2722	2474.8	0.00040408	2.8495	2.9170	14.681	18.893	52.297	456.00	-0.12617	0.00020247	0.047816	0.0079296	107.84	0.0092733	11.414	12.963	59.058	16.725	35.049	139.39	29.389	1.8511e-05	0.0047948
226.63	1.2818	2472.5	0.00040445	2.8621	2.9302	14.737	18.886	52.368	455.14	-0.12212	0.00020181	0.047720	0.0078908	108.65	0.0092038	11.413	12.962	59.002	16.744	35.148	139.39	29.314	1.8539e-05	0.0048059
226.88	1.2914	2470.2	0.00040482	2.8747	2.9434	14.793	18.879	52.440	454.28	-0.11806	0.00020116	0.047624	0.0078522	109.47	0.0091353	11.412	12.961	58.946	16.762	35.248	139.40	29.240	1.8568e-05	0.0048170
227.13	1.3010	2468.0	0.00040519	2.8872	2.9565	14.848	18.872	52.512	453.43	-0.11399	0.00020051	0.047530	0.0078138	110.28	0.0090678	11.411	12.960	58.890	16.780	35.348	139.40	29.166	1.8596e-05	0.0048281
227.38	1.3106	2465.7	0.00040556	2.8997	2.9695	14.904	18.865	52.584	452.58	-0.10992	0.00019986	0.047435	0.0077757	111.10	0.0090011	11.410	12.959	58.835	16.799	35.449	139.41	29.093	1.8624e-05	0.0048392
227.62	1.3202	2463.5	0.00040593	2.9121	2.9825	14.958	18.858	52.656	451.73	-0.10584	0.00019922	0.047341	0.0077378	111.91	0.0089354	11.409	12.957	58.780	16.817	35.549	139.41	29.021	1.8652e-05	0.0048503
227.87	1.3298	2461.2	0.00040630	2.9245	2.9955	15.013	18.851	52.728	450.89	-0.10176	0.00019859	0.047248	0.0077001	112.73	0.0088706	11.408	12.956	58.726	16.835	35.650	139.42	28.949	1.8680e-05	0.0048614
228.11	1.3394	2459.0	0.00040667	2.9368	3.0083	15.067	18.844	52.801	450.05	-0.097668	0.00019796	0.047155	0.0076627	113.55	0.0088066	11.406	12.955	58.672	16.853	35.751	139.42	28.878	1.8708e-05	0.0048725
228.35	1.3490	2456.8	0.00040704	2.9491	3.0212	15.121	18.838	52.874	449.21	-0.093570	0.00019734	0.047063	0.0076255	114.37	0.0087436	11.405	12.954	58.618	16.871	35.853	139.43	28.808	1.8736e-05	0.0048836
228.60	1.3586	2454.5	0.00040741	2.9613	3.0340	15.175	18.831	52.947	448.38	-0.089465	0.00019672	0.046971	0.0075884	115.19	0.0086813	11.404	12.953	58.564	16.889	35.954	139.43	28.737	1.8763e-05	0.0048947
228.84	1.3682	2452.3	0.00040778	2.9735	3.0467	15.229	18.825	53.020	447.54	-0.085353	0.00019611	0.046880	0.0075517	116.01	0.0086199	11.403	12.951	58.511	16.907	36.056	139.43	28.668	1.8791e-05	0.0049058
229.07	1.3778	2450.1	0.00040815	2.9856	3.0594	15.282	18.818	53.094	446.72	-0.081234	0.00019550	0.046789	0.0075151	116.83	0.0085593	11.402	12.950	58.458	16.925	36.159	139.44	28.599	1.8819e-05	0.0049169
229.31	1.3874	2447.9	0.00040851	2.9977	3.0721	15.335	18.812	53.167	445.89	-0.077109	0.00019490	0.046699	0.0074787	117.65	0.0084995	11.400	12.949	58.405	16.943	36.261	139.44	28.531	1.8846e-05	0.0049280
229.55	1.3970	2445.7	0.00040888	3.0097	3.0847	15.387	18.806	53.241	445.07	-0.072976	0.00019430	0.046609	0.0074426	118.48	0.0084404	11.399	12.947	58.353	16.961	36.364	139.44	28.463	1.8874e-05	0.0049391
229.78	1.4066	2443.5	0.00040924	3.0217	3.0973	15.440	18.800	53.316	444.25	-0.068835	0.00019371	0.046519	0.0074066	119.30	0.0083822	11.398	12.946	58.301	16.979	36.467	139.45	28.395	1.8901e-05	0.0049502
230.02	1.4162	2441.3	0.00040961	3.0336	3.1098	15.492	18.794	53.390	443.43	-0.064688	0.00019312	0.046430	0.0073709	120.13	0.0083246	11.397	12.944	58.249	16.997	36.571	139.45	28.329	1.8928e-05	0.0049613
230.25	1.4258	2439.2	0.00040998	3.0455	3.1222	15.544	18.788	53.465	442.62	-0.060533	0.00019254	0.046342	0.0073354	120.95	0.0082678	11.395	12.943	58.197	17.015	36.674	139.45	28.262	1.8955e-05	0.0049725
230.48	1.4354	2437.0	0.00041034	3.0573	3.1347	15.596	18.782	53.539	441.80	-0.056370	0.00019196	0.046254	0.0073000	121.78	0.0082117	11.394	12.942	58.146	17.033	36.778	139.45	28.196	1.8982e-05	0.0049836
230.71	1.4450	2434.8	0.00041071	3.0691	3.1470	15.647	18.776	53.615	441.00	-0.052200	0.00019138	0.046167	0.0072649	122.60	0.0081564	11.393	12.940	58.095	17.050	36.883	139.45	28.131	1.9009e-05	0.0049947
230.94	1.4546	2432.7	0.00041107	3.0809	3.1594	15.698	18.770	53.690	440.19	-0.048022	0.00019081	0.046079	0.0072300	123.43	0.0081017	11.391	12.939	58.044	17.068	36.987	139.45	28.066	1.9036e-05	0.0050059
231.17	1.4642	2430.5	0.00041143	3.0926	3.1717	15.749	18.764	53.765	439.39	-0.043837	0.00019025	0.045993	0.0071952	124.26	0.0080477	11.390	12.937	57.993	17.086	37.092	139.45	28.002	1.9063e-05	0.0050170
231.40	1.4738	2428.4	0.00041180	3.1042	3.1839	15.800	18.759	53.841	438.59	-0.039644	0.00018969	0.045907	0.0071607	125.09	0.0079943	11.389	12.936	57.943	17.103	37.198	139.46	27.938	1.9090e-05	0.0050282
231.62	1.4834	2426.2	0.00041216	3.1159	3.1961	15.851	18.753	53.917	437.79	-0.035443	0.00018913	0.045821	0.0071263	125.92	0.0079416	11.387	12.934	57.893	17.121	37.303	139.46	27.875	1.9117e-05	0.0050394
231.85	1.4930	2424.1	0.00041252	3.1274	3.2083	15.901	18.747	53.994	436.99	-0.031234	0.00018858	0.045736	0.0070921	126.75	0.0078896	11.386	12.932	57.843	17.138	37.409	139.46	27.812	1.9143e-05	0.0050506
232.07	1.5026	2422.0	0.00041289	3.1390	3.2204	15.951	18.742	54.070	436.20	-0.027016	0.00018803	0.045651	0.0070581	127.58	0.0078381	11.385	12.931	57.793	17.156	37.515	139.46	27.749	1.9170e-05	0.0050617
232.30	1.5122	2419.9	0.00041325	3.1505	3.2325	16.001	18.737	54.147	435.41	-0.022791	0.00018748	0.045566	0.0070243	128.41	0.0077873	11.383	12.929	57.744	17.173	37.622	139.46	27.687	1.9196e-05	0.0050729
232.52	1.5218	2417.7	0.00041361	3.1619	3.2446	16.050	18.731	54.224	434.62	-0.018558	0.00018694	0.045482	0.0069907	129.25	0.0077371	11.382	12.928	57.695	17.191	37.729	139.45	27.625	1.9223e-05	0.0050841
232.74	1.5314	2415.6	0.00041397	3.1733	3.2566	16.100	18.726	54.301	433.84	-0.014316	0.00018640	0.045398	0.0069572	130.08	0.0076875	11.380	12.926	57.646	17.208	37.836	139.45	27.564	1.9249e-05	0.0050953
232.96	1.5410	2413.5	0.00041433	3.1847	3.2685	16.149	18.721	54.379	433.05	-0.010066	0.00018587	0.045315	0.0069240	130.92	0.0076384	11.379	12.924	57.597	17.225	37.944	139.45	27.503	1.9276e-05	0.0051066
233.18	1.5506	2411.4	0.00041469	3.1961	3.2805	16.198	18.716	54.457	432.27	-0.0058074	0.00018534	0.045232	0.0068909	131.75	0.0075900	11.377	12.923	57.549	17.243	38.052	139.45	27.443	1.9302e-05	0.0051178
233.40	1.5602	2409.3	0.00041506	3.2074	3.2924	16.247	18.711	54.535	431.49	-0.0015404	0.00018481	0.045150	0.0068579	132.59	0.0075421	11.376	12.921	57.501	17.260	38.160	139.45	27.383	1.9328e-05	0.0051290
233.61	1.5698	2407.2	0.00041542	3.2186	3.3042	16.295	18.706	54.613	430.72	0.0027352	0.00018429	0.045068	0.0068252	133.43	0.0074947	11.374	12.919	57.453	17.277	38.269	139.45	27.323	1.9354e-05	0.0051403
233.83	1.5794	2405.1	0.00041578	3.2298	3.3161	16.343	18.701	54.692	429.94	0.0070195	0.00018377	0.044986	0.0067926	134.27	0.0074479	11.373	12.917	57.405	17.295	38.378	139.45	27.264	1.9381e-05	0.0051515
234.05	1.5890	2403.1	0.00041614	3.2410	3.3278	16.392	18.696	54.771	429.17	0.011312	0.00018326	0.044905	0.0067602	135.11	0.0074016	11.371	12.916	57.357	17.312	38.487	139.44	27.205	1.9407e-05	0.0051628
234.26	1.5986	2401.0	0.00041650	3.2522	3.3396	16.440	18.691	54.850	428.40	0.015614	0.00018275	0.044824	0.0067279	135.95	0.0073559	11.370	12.914	57.310	17.329	38.597	139.44	27.147	1.9433e-05	0.0051741
234.47	1.6082	2398.9	0.00041686	3.2633	3.3513	16.487	18.687	54.929	427.64	0.019925	0.00018224	0.044743	0.0066959	136.79	0.0073106	11.368	12.912	57.263	17.346	38.707	139.44	27.089	1.9459e-05	0.0051854
234.69	1.6178	2396.8	0.00041722	3.2744	3.3630	16.535	18.682	55.009	426.87	0.024245	0.00018173	0.044663	0.0066639	137.63	0.0072659	11.367	12.910	57.216	17.363	38.818	139.44	27.031	1.9484e-05	0.0051967
234.90	1.6274	2394.8	0.00041757	3.2854	3.3746	16.582	18.677	55.089	426.11	0.028574	0.00018123	0.044583	0.0066322	138.47	0.0072217	11.365	12.908	57.169	17.380	38.929	139.43	26.974	1.9510e-05	0.0052080
235.11	1.6370	2392.7	0.00041793	3.2964	3.3862	16.629	18.673	55.169	425.35	0.032911	0.00018074	0.044503	0.0066006	139.32	0.0071779	11.364	12.907	57.122	17.398	39.040	139.43	26.917	1.9536e-05	0.0052194
235.32	1.6466	2390.7	0.00041829	3.3074	3.3978	16.676	18.668	55.249	424.59	0.037259	0.00018024	0.044424	0.0065691	140.16	0.0071347	11.362	12.905	57.076	17.415	39.152	139.43	26.861	1.9562e-05	0.0052307
235.53	1.6562	2388.6	0.00041865	3.3183	3.4093	16.723	18.664	55.330	423.83	0.041615	0.00017975	0.044346	0.0065379	141.01	0.0070919	11.361	12.903	57.030	17.432	39.264	139.42	26.804	1.9587e-05	0.0052421
235.74	1.6658	2386.6	0.00041901	3.3292	3.4208	16.770	18.659	55.411	423.08	0.045981	0.00017926	0.044267	0.0065067	141.85	0.0070495	11.359	12.901	56.984	17.449	39.376	139.42	26.749	1.9613e-05	0.0052534
235.94	1.6754	2384.5	0.00041937	3.3401	3.4323	16.816	18.655	55.493	422.32	0.050356	0.00017878	0.044189	0.0064758	142.70	0.0070077	11.357	12.899	56.938	17.466	39.489	139.41	26.693	1.9639e-05	0.0052648
236.15	1.6850	2382.5	0.00041973	3.3509	3.4438	16.862	18.651	55.574	421.57	0.054741	0.00017830	0.044111	0.0064449	143.55	0.0069662	11.356	12.897	56.893	17.483	39.602	139.41	26.638	1.9664e-05	0.0052762
236.36	1.6946	2380.5	0.00042009	3.3617	3.4552	16.908	18.647	55.656	420.82	0.059135	0.00017782	0.044034	0.0064143	144.40	0.0069252	11.354	12.895	56.847	17.500	39.716	139.40	26.583	1.9690e-05	0.0052876
236.56	1.7042	2378.4	0.00042044	3.3725	3.4666	16.954	18.643	55.738	420.08	0.063539	0.00017734	0.043957	0.0063837	145.25	0.0068847	11.352	12.893	56.802	17.517	39.830	139.40	26.529	1.9715e-05	0.0052991
236.76	1.7138	2376.4	0.00042080	3.3832	3.4779	17.000	18.639	55.821	419.33	0.067953	0.00017687	0.043880	0.0063534	146.10	0.0068446	11.351	12.891	56.757	17.533	39.944	139.40	26.474	1.9740e-05	0.0053105
236.97	1.7234	2374.4	0.00042116	3.3939	3.4892	17.045	18.635	55.904	418.59	0.072376	0.00017640	0.043804	0.0063231	146.95	0.0068048	11.349	12.889	56.712	17.550	40.059	139.39	26.421	1.9766e-05	0.0053220
237.17	1.7330	2372.4	0.00042152	3.4046	3.5005	17.091	18.631	55.987	417.85	0.076810	0.00017593	0.043728	0.0062931	147.81	0.0067656	11.347	12.887	56.667	17.567	40.175	139.39	26.367	1.9791e-05	0.0053335
237.37	1.7426	2370.4	0.00042187	3.4152	3.5118	17.136	18.627	56.070	417.11	0.081253	0.00017547	0.043652	0.0062631	148.66	0.0067267	11.346	12.885	56.623	17.584	40.291	139.38	26.314	1.9816e-05	0.0053449
237.57	1.7522	2368.4	0.00042223	3.4259	3.5230	17.181	18.623	56.154	416.37	0.085706	0.00017501	0.043577	0.0062333	149.52	0.0066882	11.344	12.883	56.578	17.601	40.407	139.37	26.261	1.9842e-05	0.0053565
237.77	1.7618	2366.4	0.00042259	3.4364	3.5342	17.226	18.619	56.238	415.64	0.090170	0.00017455	0.043502	0.0062037	150.37	0.0066501	11.342	12.881	56.534	17.618	40.523	139.37	26.208	1.9867e-05	0.0053680
237.97	1.7714	2364.4	0.00042295	3.4470	3.5454	17.271	18.616	56.322	414.90	0.094644	0.00017409	0.043427	0.0061741	151.23	0.0066124	11.341	12.879	56.490	17.634	40.640	139.36	26.156	1.9892e-05	0.0053795
238.17	1.7810	2362.4	0.00042330	3.4575	3.5565	17.315	18.612	56.407	414.17	0.099128	0.00017364	0.043352	0.0061448	152.09	0.0065751	11.339	12.876	56.446	17.651	40.758	139.36	26.104	1.9917e-05	0.0053911
238.37	1.7906	2360.4	0.00042366	3.4680	3.5676	17.360	18.608	56.492	413.44	0.10362	0.00017319	0.043278	0.0061155	152.95	0.0065381	11.337	12.874	56.403	17.668	40.876	139.35	26.052	1.9942e-05	0.0054027
238.57	1.8002	2358.4	0.00042402	3.4785	3.5787	17.404	18.605	56.577	412.71	0.10813	0.00017274	0.043204	0.0060864	153.81	0.0065015	11.335	12.872	56.359	17.685	40.994	139.34	26.001	1.9967e-05	0.0054143
238.76	1.8098	2356.4	0.00042438	3.4889	3.5897	17.448	18.601	56.663	411.99	0.11264	0.00017230	0.043131	0.0060575	154.67	0.0064653	11.334	12.870	56.316	17.701	41.113	139.34	25.950	1.9992e-05	0.0054259
238.96	1.8194	2354.4	0.00042473	3.4993	3.6008	17.492	18.598	56.749	411.26	0.11717	0.00017186	0.043058	0.0060286	155.53	0.0064295	11.332	12.868	56.273	17.718	41.233	139.33	25.899	2.0017e-05	0.0054375
239.15	1.8290	2352.4	0.00042509	3.5097	3.6118	17.536	18.595	56.835	410.54	0.12171	0.00017142	0.042985	0.0059999	156.40	0.0063939	11.330	12.866	56.230	17.735	41.353	139.32	25.848	2.0042e-05	0.0054492
239.35	1.8386	2350.5	0.00042545	3.5200	3.6227	17.579	18.591	56.922	409.82	0.12625	0.00017098	0.042912	0.0059713	157.26	0.0063588	11.328	12.863	56.187	17.751	41.473	139.32	25.798	2.0067e-05	0.0054608
239.54	1.8482	2348.5	0.00042580	3.5303	3.6337	17.623	18.588	57.009	409.10	0.13081	0.00017054	0.042840	0.0059429	158.13	0.0063240	11.326	12.861	56.144	17.768	41.594	139.31	25.748	2.0091e-05	0.0054725
239.73	1.8578	2346.5	0.00042616	3.5406	3.6446	17.666	18.585	57.096	408.38	0.13538	0.00017011	0.042768	0.0059146	159.00	0.0062895	11.325	12.859	56.101	17.785	41.715	139.30	25.698	2.0116e-05	0.0054842
239.92	1.8674	2344.6	0.00042652	3.5509	3.6555	17.709	18.582	57.184	407.66	0.13996	0.00016968	0.042696	0.0058864	159.86	0.0062553	11.323	12.856	56.059	17.801	41.837	139.29	25.649	2.0141e-05	0.0054959
240.12	1.8770	2342.6	0.00042687	3.5611	3.6663	17.752	18.578	57.271	406.94	0.14455	0.00016926	0.042624	0.0058583	160.73	0.0062215	11.321	12.854	56.016	17.818	41.959	139.29	25.600	2.0166e-05	0.0055077
240.31	1.8866	2340.7	0.00042723	3.5714	3.6772	17.795	18.575	57.360	406.23	0.14916	0.00016883	0.042553	0.0058304	161.60	0.0061880	11.319	12.852	55.974	17.834	42.082	139.28	25.551	2.0190e-05	0.0055195
240.50	1.8962	2338.7	0.00042759	3.5815	3.6880	17.838	18.572	57.448	405.52	0.15377	0.00016841	0.042482	0.0058026	162.47	0.0061549	11.317	12.850	55.932	17.851	42.205	139.27	25.502	2.0215e-05	0.0055313
240.69	1.9058	2336.7	0.00042794	3.5917	3.6988	17.880	18.570	57.537	404.81	0.15840	0.00016799	0.042412	0.0057749	163.35	0.0061220	11.315	12.847	55.890	17.867	42.329	139.26	25.454	2.0239e-05	0.0055431
240.87	1.9154	2334.8	0.00042830	3.6018	3.7096	17.923	18.567	57.627	404.10	0.16303	0.00016757	0.042341	0.0057473	164.22	0.0060894	11.313	12.845	55.849	17.884	42.453	139.25	25.405	2.0264e-05	0.0055549
241.06	1.9250	2332.9	0.00042866	3.6120	3.7203	17.965	18.564	57.716	403.39	0.16768	0.00016715	0.042271	0.0057199	165.09	0.0060572	11.312	12.842	55.807	17.901	42.578	139.24	25.357	2.0289e-05	0.0055668
241.25	1.9346	2330.9	0.00042902	3.6220	3.7310	18.007	18.561	57.806	402.68	0.17234	0.00016674	0.042201	0.0056926	165.97	0.0060252	11.310	12.840	55.765	17.917	42.703	139.24	25.310	2.0313e-05	0.0055786
241.44	1.9442	2329.0	0.00042937	3.6321	3.7417	18.049	18.558	57.897	401.98	0.17701	0.00016633	0.042132	0.0056654	166.85	0.0059936	11.308	12.838	55.724	17.934	42.829	139.23	25.262	2.0337e-05	0.0055905
241.62	1.9538	2327.0	0.00042973	3.6421	3.7524	18.091	18.556	57.988	401.28	0.18169	0.00016592	0.042063	0.0056383	167.72	0.0059622	11.306	12.835	55.683	17.950	42.955	139.22	25.215	2.0362e-05	0.0056025
241.81	1.9634	2325.1	0.00043009	3.6521	3.7630	18.133	18.553	58.079	400.57	0.18639	0.00016551	0.041993	0.0056113	168.60	0.0059311	11.304	12.833	55.642	17.966	43.082	139.21	25.168	2.0386e-05	0.0056144
241.99	1.9730	2323.2	0.00043044	3.6621	3.7736	18.175	18.550	58.170	399.87	0.19110	0.00016511	0.041925	0.0055845	169.48	0.0059003	11.302	12.830	55.601	17.983	43.209	139.20	25.121	2.0411e-05	0.0056264
242.17	1.9826	2321.3	0.00043080	3.6721	3.7842	18.216	18.548	58.262	399.17	0.19582	0.00016471	0.041856	0.0055578	170.36	0.0058698	11.300	12.828	55.560	17.999	43.337	139.19	25.075	2.0435e-05	0.0056384
242.36	1.9922	2319.3	0.00043116	3.6820	3.7948	18.258	18.546	58.354	398.48	0.20055	0.00016431	0.041788	0.0055311	171.25	0.0058395	11.298	12.825	55.519	18.016	43.466	139.18	25.028	2.0459e-05	0.0056504
242.54	2.0018	2317.4	0.00043152	3.6919	3.8054	18.299	18.543	58.447	397.78	0.20529	0.00016391	0.041720	0.0055046	172.13	0.0058096	11.296	12.823	55.479	18.032	43.595	139.17	24.982	2.0484e-05	0.0056624
242.72	2.0114	2315.5	0.00043187	3.7018	3.8159	18.340	18.541	58.540	397.08	0.21005	0.00016351	0.041652	0.0054782	173.01	0.0057798	11.294	12.820	55.438	18.049	43.724	139.16	24.936	2.0508e-05	0.0056745
242.90	2.0210	2313.6	0.00043223	3.7117	3.8264	18.381	18.538	58.633	396.39	0.21481	0.00016312	0.041585	0.0054520	173.90	0.0057504	11.292	12.818	55.398	18.065	43.855	139.15	24.891	2.0532e-05	0.0056866
243.08	2.0306	2311.7	0.00043259	3.7215	3.8369	18.422	18.536	58.727	395.70	0.21959	0.00016272	0.041517	0.0054258	174.79	0.0057212	11.290	12.815	55.358	18.082	43.985	139.14	24.845	2.0556e-05	0.0056987
243.26	2.0402	2309.8	0.00043295	3.7314	3.8473	18.463	18.534	58.821	395.01	0.22439	0.00016233	0.041450	0.0053997	175.68	0.0056923	11.288	12.813	55.318	18.098	44.117	139.13	24.800	2.0581e-05	0.0057108
243.44	2.0498	2307.8	0.00043330	3.7412	3.8578	18.504	18.532	58.916	394.32	0.22919	0.00016195	0.041384	0.0053738	176.57	0.0056636	11.286	12.810	55.278	18.114	44.249	139.12	24.755	2.0605e-05	0.0057230
243.62	2.0594	2305.9	0.00043366	3.7510	3.8682	18.544	18.530	59.011	393.63	0.23401	0.00016156	0.041317	0.0053479	177.46	0.0056352	11.284	12.808	55.238	18.131	44.381	139.11	24.710	2.0629e-05	0.0057352
243.80	2.0690	2304.0	0.00043402	3.7607	3.8786	18.585	18.528	59.106	392.94	0.23884	0.00016117	0.041251	0.0053222	178.35	0.0056070	11.282	12.805	55.198	18.147	44.514	139.10	24.665	2.0653e-05	0.0057474
243.98	2.0786	2302.1	0.00043438	3.7704	3.8890	18.625	18.526	59.202	392.25	0.24368	0.00016079	0.041185	0.0052966	179.24	0.0055791	11.280	12.802	55.158	18.163	44.648	139.09	24.621	2.0677e-05	0.0057596
244.16	2.0883	2300.2	0.00043474	3.7802	3.8994	18.665	18.524	59.298	391.57	0.24854	0.00016041	0.041119	0.0052711	180.14	0.0055514	11.278	12.800	55.119	18.180	44.782	139.08	24.577	2.0701e-05	0.0057719
244.33	2.0979	2298.3	0.00043510	3.7899	3.9097	18.705	18.522	59.394	390.89	0.25341	0.00016003	0.041053	0.0052457	181.03	0.0055239	11.276	12.797	55.079	18.196	44.917	139.06	24.533	2.0725e-05	0.0057842
244.51	2.1075	2296.4	0.00043546	3.7995	3.9200	18.745	18.520	59.491	390.20	0.25829	0.00015965	0.040988	0.0052203	181.93	0.0054967	11.274	12.794	55.040	18.212	45.052	139.05	24.489	2.0749e-05	0.0057965
244.68	2.1171	2294.6	0.00043581	3.8092	3.9303	18.785	18.518	59.589	389.52	0.26319	0.00015928	0.040923	0.0051951	182.83	0.0054697	11.271	12.792	55.001	18.229	45.188	139.04	24.445	2.0773e-05	0.0058089
244.86	2.1267	2292.7	0.00043617	3.8188	3.9406	18.825	18.516	59.687	388.84	0.26810	0.00015891	0.040858	0.0051700	183.73	0.0054429	11.269	12.789	54.962	18.245	45.325	139.03	24.402	2.0797e-05	0.0058212
245.03	2.1363	2290.8	0.00043653	3.8284	3.9508	18.864	18.515	59.785	388.16	0.27302	0.00015853	0.040793	0.0051450	184.63	0.0054163	11.267	12.786	54.923	18.261	45.463	139.02	24.358	2.0821e-05	0.0058337
245.21	2.1459	2288.9	0.00043689	3.8380	3.9611	18.904	18.513	59.884	387.49	0.27796	0.00015816	0.040729	0.0051201	185.53	0.0053900	11.265	12.784	54.884	18.278	45.601	139.01	24.315	2.0845e-05	0.0058461
245.38	2.1555	2287.0	0.00043725	3.8476	3.9713	18.943	18.511	59.983	386.81	0.28291	0.00015779	0.040665	0.0050953	186.43	0.0053639	11.263	12.781	54.845	18.294	45.739	139.00	24.272	2.0869e-05	0.0058586
245.55	2.1651	2285.1	0.00043761	3.8571	3.9815	18.983	18.510	60.082	386.13	0.28787	0.00015743	0.040601	0.0050707	187.34	0.0053380	11.261	12.778	54.806	18.310	45.878	138.98	24.230	2.0893e-05	0.0058711
245.73	2.1747	2283.3	0.00043797	3.8667	3.9917	19.022	18.508	60.182	385.46	0.29285	0.00015706	0.040537	0.0050461	188.24	0.0053123	11.259	12.775	54.768	18.327	46.018	138.97	24.187	2.0917e-05	0.0058836
245.90	2.1843	2281.4	0.00043833	3.8762	4.0019	19.061	18.507	60.283	384.78	0.29784	0.00015670	0.040473	0.0050216	189.15	0.0052868	11.256	12.773	54.729	18.343	46.159	138.96	24.145	2.0941e-05	0.0058961
246.07	2.1939	2279.5	0.00043869	3.8857	4.0120	19.100	18.506	60.383	384.11	0.30284	0.00015634	0.040410	0.0049972	190.06	0.0052616	11.254	12.770	54.691	18.359	46.300	138.95	24.102	2.0965e-05	0.0059087
246.24	2.2035	2277.6	0.00043905	3.8951	4.0221	19.139	18.504	60.485	383.44	0.30786	0.00015598	0.040347	0.0049728	190.97	0.0052365	11.252	12.767	54.652	18.376	46.442	138.93	24.060	2.0989e-05	0.0059213
246.41	2.2131	2275.8	0.00043941	3.9046	4.0323	19.178	18.503	60.587	382.77	0.31290	0.00015562	0.040284	0.0049486	191.88	0.0052116	11.250	12.764	54.614	18.392	46.585	138.92	24.019	2.1013e-05	0.0059340
246.58	2.2227	2273.9	0.00043977	3.9140	4.0423	19.216	18.502	60.689	382.10	0.31794	0.00015526	0.040221	0.0049245	192.79	0.0051870	11.248	12.761	54.576	18.408	46.728	138.91	23.977	2.1036e-05	0.0059467
246.75	2.2323	2272.0	0.00044013	3.9234	4.0524	19.255	18.500	60.791	381.43	0.32300	0.00015491	0.040159	0.0049005	193.70	0.0051625	11.245	12.758	54.538	18.425	46.872	138.90	23.935	2.1060e-05	0.0059594
246.92	2.2419	2270.2	0.00044049	3.9328	4.0625	19.294	18.499	60.895	380.77	0.32808	0.00015455	0.040096	0.0048766	194.62	0.0051382	11.243	12.756	54.500	18.441	47.017	138.88	23.894	2.1084e-05	0.0059721
247.08	2.2515	2268.3	0.00044086	3.9422	4.0725	19.332	18.498	60.998	380.10	0.33317	0.00015420	0.040034	0.0048528	195.54	0.0051142	11.241	12.753	54.462	18.457	47.162	138.87	23.853	2.1108e-05	0.0059849
247.25	2.2611	2266.5	0.00044122	3.9516	4.0825	19.370	18.497	61.102	379.43	0.33828	0.00015385	0.039972	0.0048290	196.45	0.0050903	11.239	12.750	54.425	18.473	47.308	138.86	23.812	2.1132e-05	0.0059977
247.42	2.2707	2264.6	0.00044158	3.9609	4.0926	19.408	18.496	61.207	378.77	0.34340	0.00015350	0.039911	0.0048054	197.37	0.0050666	11.236	12.747	54.387	18.490	47.455	138.84	23.771	2.1155e-05	0.0060105
247.58	2.2803	2262.7	0.00044194	3.9702	4.1025	19.447	18.495	61.312	378.11	0.34853	0.00015315	0.039849	0.0047818	198.29	0.0050430	11.234	12.744	54.349	18.506	47.602	138.83	23.730	2.1179e-05	0.0060234
247.75	2.2899	2260.9	0.00044230	3.9795	4.1125	19.485	18.494	61.417	377.45	0.35368	0.00015281	0.039788	0.0047584	199.21	0.0050197	11.232	12.741	54.312	18.522	47.751	138.82	23.690	2.1203e-05	0.0060363
247.92	2.2995	2259.0	0.00044267	3.9888	4.1225	19.523	18.493	61.523	376.78	0.35884	0.00015246	0.039727	0.0047350	200.14	0.0049966	11.230	12.738	54.274	18.539	47.900	138.80	23.649	2.1226e-05	0.0060493
248.08	2.3091	2257.2	0.00044303	3.9981	4.1324	19.560	18.493	61.630	376.12	0.36402	0.00015212	0.039666	0.0047117	201.06	0.0049736	11.227	12.735	54.237	18.555	48.049	138.79	23.609	2.1250e-05	0.0060622
248.25	2.3187	2255.3	0.00044339	4.0074	4.1423	19.598	18.492	61.737	375.46	0.36922	0.00015178	0.039605	0.0046885	201.99	0.0049508	11.225	12.732	54.200	18.571	48.200	138.77	23.569	2.1274e-05	0.0060752
248.41	2.3283	2253.5	0.00044376	4.0166	4.1523	19.636	18.491	61.845	374.81	0.37443	0.00015144	0.039545	0.0046654	202.92	0.0049281	11.223	12.729	54.163	18.587	48.351	138.76	23.529	2.1298e-05	0.0060883
248.57	2.3379	2251.6	0.00044412	4.0258	4.1621	19.673	18.491	61.953	374.15	0.37966	0.00015110	0.039484	0.0046424	203.84	0.0049057	11.220	12.726	54.126	18.604	48.503	138.75	23.489	2.1321e-05	0.0061014
248.74	2.3475	2249.8	0.00044449	4.0350	4.1720	19.711	18.490	62.061	373.49	0.38490	0.00015076	0.039424	0.0046195	204.78	0.0048834	11.218	12.723	54.089	18.620	48.656	138.73	23.449	2.1345e-05	0.0061145
248.90	2.3571	2248.0	0.00044485	4.0442	4.1819	19.748	18.489	62.170	372.84	0.39015	0.00015043	0.039364	0.0045967	205.71	0.0048613	11.216	12.720	54.052	18.636	48.809	138.72	23.410	2.1369e-05	0.0061276
249.06	2.3667	2246.1	0.00044521	4.0534	4.1917	19.785	18.489	62.280	372.18	0.39543	0.00015009	0.039305	0.0045739	206.64	0.0048393	11.213	12.717	54.015	18.653	48.963	138.70	23.370	2.1392e-05	0.0061408
249.22	2.3763	2244.3	0.00044558	4.0626	4.2016	19.823	18.488	62.390	371.53	0.40071	0.00014976	0.039245	0.0045513	207.57	0.0048175	11.211	12.714	53.978	18.669	49.119	138.69	23.331	2.1416e-05	0.0061540
249.38	2.3859	2242.4	0.00044594	4.0717	4.2114	19.860	18.488	62.500	370.87	0.40602	0.00014942	0.039186	0.0045287	208.51	0.0047959	11.208	12.711	53.942	18.685	49.274	138.67	23.292	2.1439e-05	0.0061673
249.54	2.3955	2240.6	0.00044631	4.0808	4.2212	19.897	18.488	62.612	370.22	0.41134	0.00014909	0.039126	0.0045062	209.45	0.0047744	11.206	12.708	53.905	18.701	49.431	138.66	23.253	2.1463e-05	0.0061806
249.70	2.4051	2238.8	0.00044668	4.0899	4.2310	19.934	18.487	62.723	369.57	0.41667	0.00014876	0.039067	0.0044838	210.39	0.0047531	11.204	12.705	53.868	18.718	49.589	138.64	23.214	2.1487e-05	0.0061939
249.86	2.4147	2236.9	0.00044704	4.0990	4.2408	19.971	18.487	62.835	368.92	0.42203	0.00014844	0.039009	0.0044614	211.33	0.0047320	11.201	12.701	53.832	18.734	49.747	138.63	23.175	2.1510e-05	0.0062073
250.02	2.4243	2235.1	0.00044741	4.1081	4.2505	20.008	18.487	62.948	368.27	0.42740	0.00014811	0.038950	0.0044392	212.27	0.0047110	11.199	12.698	53.796	18.750	49.906	138.61	23.137	2.1534e-05	0.0062207
250.18	2.4339	2233.3	0.00044778	4.1172	4.2603	20.044	18.487	63.062	367.62	0.43278	0.00014778	0.038892	0.0044170	213.21	0.0046901	11.196	12.695	53.759	18.767	50.066	138.60	23.098	2.1558e-05	0.0062342
250.34	2.4435	2231.4	0.00044814	4.1262	4.2700	20.081	18.486	63.175	366.97	0.43818	0.00014746	0.038833	0.0043950	214.16	0.0046694	11.194	12.692	53.723	18.783	50.227	138.58	23.060	2.1581e-05	0.0062477
250.50	2.4531	2229.6	0.00044851	4.1353	4.2797	20.117	18.486	63.290	366.32	0.44360	0.00014714	0.038775	0.0043730	215.11	0.0046489	11.192	12.689	53.687	18.799	50.389	138.57	23.022	2.1605e-05	0.0062612
250.66	2.4627	2227.8	0.00044888	4.1443	4.2894	20.154	18.486	63.405	365.68	0.44904	0.00014681	0.038717	0.0043511	216.05	0.0046285	11.189	12.686	53.651	18.816	50.551	138.55	22.984	2.1628e-05	0.0062748
250.81	2.4723	2225.9	0.00044925	4.1533	4.2991	20.190	18.486	63.521	365.03	0.45449	0.00014649	0.038660	0.0043292	217.00	0.0046082	11.187	12.682	53.615	18.832	50.715	138.54	22.946	2.1652e-05	0.0062884
250.97	2.4819	2224.1	0.00044962	4.1623	4.3088	20.227	18.486	63.637	364.39	0.45996	0.00014617	0.038602	0.0043075	217.95	0.0045881	11.184	12.679	53.579	18.848	50.879	138.52	22.908	2.1675e-05	0.0063020
251.13	2.4915	2222.3	0.00044998	4.1713	4.3185	20.263	18.487	63.753	363.74	0.46544	0.00014586	0.038545	0.0042858	218.91	0.0045682	11.182	12.676	53.543	18.865	51.044	138.51	22.870	2.1699e-05	0.0063157
251.28	2.5011	2220.5	0.00045035	4.1802	4.3281	20.299	18.487	63.871	363.10	0.47095	0.00014554	0.038487	0.0042642	219.86	0.0045483	11.179	12.673	53.507	18.881	51.210	138.49	22.832	2.1723e-05	0.0063295
251.44	2.5107	2218.7	0.00045072	4.1892	4.3378	20.335	18.487	63.989	362.45	0.47647	0.00014522	0.038430	0.0042427	220.82	0.0045286	11.177	12.669	53.471	18.898	51.377	138.47	22.795	2.1746e-05	0.0063432
251.59	2.5203	2216.8	0.00045109	4.1981	4.3474	20.371	18.487	64.107	361.81	0.48201	0.00014491	0.038373	0.0042213	221.77	0.0045091	11.174	12.666	53.436	18.914	51.545	138.46	22.758	2.1770e-05	0.0063571
251.75	2.5299	2215.0	0.00045146	4.2070	4.3570	20.407	18.487	64.226	361.17	0.48756	0.00014459	0.038317	0.0041999	222.73	0.0044897	11.172	12.663	53.400	18.930	51.714	138.44	22.720	2.1793e-05	0.0063709
251.90	2.5395	2213.2	0.00045184	4.2159	4.3666	20.443	18.488	64.346	360.53	0.49314	0.00014428	0.038260	0.0041786	223.69	0.0044704	11.169	12.660	53.364	18.947	51.884	138.43	22.683	2.1817e-05	0.0063848
252.05	2.5491	2211.4	0.00045221	4.2248	4.3762	20.479	18.488	64.467	359.89	0.49873	0.00014397	0.038204	0.0041574	224.66	0.0044513	11.166	12.656	53.329	18.963	52.054	138.41	22.646	2.1840e-05	0.0063988
252.21	2.5587	2209.6	0.00045258	4.2337	4.3858	20.514	18.489	64.588	359.25	0.50434	0.00014366	0.038147	0.0041363	225.62	0.0044322	11.164	12.653	53.294	18.979	52.226	138.39	22.609	2.1864e-05	0.0064128
252.36	2.5683	2207.7	0.00045295	4.2426	4.3953	20.550	18.489	64.709	358.61	0.50997	0.00014335	0.038091	0.0041152	226.59	0.0044134	11.161	12.650	53.258	18.996	52.398	138.38	22.573	2.1888e-05	0.0064268
252.51	2.5779	2205.9	0.00045332	4.2515	4.4049	20.586	18.490	64.831	357.97	0.51561	0.00014304	0.038035	0.0040943	227.55	0.0043946	11.159	12.646	53.223	19.012	52.572	138.36	22.536	2.1911e-05	0.0064409
252.66	2.5875	2204.1	0.00045370	4.2603	4.4144	20.621	18.490	64.954	357.34	0.52128	0.00014274	0.037980	0.0040734	228.52	0.0043760	11.156	12.643	53.188	19.029	52.746	138.34	22.499	2.1935e-05	0.0064550
252.82	2.5971	2202.3	0.00045407	4.2691	4.4240	20.657	18.491	65.078	356.70	0.52696	0.00014243	0.037924	0.0040525	229.49	0.0043575	11.154	12.639	53.152	19.045	52.922	138.33	22.463	2.1958e-05	0.0064692
252.97	2.6067	2200.5	0.00045444	4.2779	4.4335	20.692	18.492	65.202	356.06	0.53266	0.00014213	0.037869	0.0040318	230.46	0.0043391	11.151	12.636	53.117	19.062	53.098	138.31	22.426	2.1982e-05	0.0064834
253.12	2.6163	2198.7	0.00045482	4.2867	4.4430	20.727	18.493	65.327	355.43	0.53838	0.00014182	0.037813	0.0040111	231.44	0.0043208	11.148	12.633	53.082	19.078	53.276	138.29	22.390	2.2005e-05	0.0064976
253.27	2.6259	2196.9	0.00045519	4.2955	4.4525	20.763	18.493	65.452	354.79	0.54412	0.00014152	0.037758	0.0039905	232.41	0.0043027	11.146	12.629	53.047	19.095	53.454	138.27	22.354	2.2029e-05	0.0065120
253.42	2.6355	2195.1	0.00045557	4.3043	4.4620	20.798	18.494	65.578	354.16	0.54987	0.00014122	0.037703	0.0039700	233.39	0.0042847	11.143	12.626	53.012	19.111	53.634	138.26	22.318	2.2053e-05	0.0065263
253.57	2.6451	2193.3	0.00045594	4.3131	4.4714	20.833	18.495	65.705	353.52	0.55565	0.00014092	0.037648	0.0039495	234.37	0.0042668	11.140	12.622	52.977	19.127	53.814	138.24	22.282	2.2076e-05	0.0065407
253.72	2.6547	2191.5	0.00045632	4.3218	4.4809	20.868	18.496	65.833	352.89	0.56145	0.00014062	0.037594	0.0039291	235.35	0.0042490	11.138	12.619	52.942	19.144	53.996	138.22	22.246	2.2100e-05	0.0065552
253.87	2.6643	2189.6	0.00045670	4.3306	4.4903	20.903	18.497	65.961	352.26	0.56726	0.00014032	0.037539	0.0039088	236.33	0.0042314	11.135	12.615	52.908	19.160	54.178	138.21	22.210	2.2123e-05	0.0065697
254.01	2.6739	2187.8	0.00045707	4.3393	4.4998	20.938	18.498	66.090	351.63	0.57310	0.00014002	0.037485	0.0038886	237.31	0.0042138	11.132	12.612	52.873	19.177	54.362	138.19	22.175	2.2147e-05	0.0065842
254.16	2.6835	2186.0	0.00045745	4.3480	4.5092	20.973	18.499	66.219	351.00	0.57895	0.00013973	0.037431	0.0038684	238.30	0.0041964	11.130	12.608	52.838	19.194	54.547	138.17	22.139	2.2171e-05	0.0065988
254.31	2.6931	2184.2	0.00045783	4.3568	4.5186	21.007	18.500	66.350	350.37	0.58482	0.00013943	0.037377	0.0038483	239.29	0.0041791	11.127	12.605	52.803	19.210	54.732	138.15	22.103	2.2194e-05	0.0066135
254.46	2.7027	2182.4	0.00045821	4.3655	4.5280	21.042	18.502	66.481	349.74	0.59072	0.00013913	0.037323	0.0038283	240.28	0.0041619	11.124	12.601	52.769	19.227	54.919	138.13	22.068	2.2218e-05	0.0066282
254.60	2.7123	2180.6	0.00045859	4.3741	4.5374	21.077	18.503	66.612	349.11	0.59663	0.00013884	0.037269	0.0038083	241.27	0.0041448	11.122	12.598	52.734	19.243	55.107	138.12	22.033	2.2241e-05	0.0066429
254.75	2.7219	2178.8	0.00045896	4.3828	4.5468	21.111	18.504	66.745	348.48	0.60256	0.00013855	0.037215	0.0037884	242.26	0.0041278	11.119	12.594	52.700	19.260	55.296	138.10	21.998	2.2265e-05	0.0066577
254.90	2.7315	2177.0	0.00045934	4.3915	4.5562	21.146	18.506	66.878	347.85	0.60852	0.00013826	0.037162	0.0037686	243.26	0.0041109	11.116	12.590	52.665	19.276	55.487	138.08	21.962	2.2289e-05	0.0066726
255.04	2.7411	2175.2	0.00045973	4.4001	4.5656	21.180	18.507	67.012	347.22	0.61449	0.00013797	0.037108	0.0037488	244.25	0.0040941	11.113	12.587	52.631	19.293	55.678	138.06	21.927	2.2312e-05	0.0066875
255.19	2.7507	2173.4	0.00046011	4.4088	4.5749	21.215	18.508	67.147	346.59	0.62048	0.00013768	0.037055	0.0037291	245.25	0.0040775	11.111	12.583	52.596	19.310	55.871	138.04	21.892	2.2336e-05	0.0067024
255.33	2.7603	2171.6	0.00046049	4.4174	4.5843	21.249	18.510	67.282	345.97	0.62650	0.00013739	0.037002	0.0037095	246.25	0.0040609	11.108	12.580	52.562	19.326	56.064	138.03	21.858	2.2360e-05	0.0067174
255.48	2.7699	2169.8	0.00046087	4.4260	4.5936	21.283	18.511	67.418	345.34	0.63254	0.00013710	0.036949	0.0036900	247.25	0.0040445	11.105	12.576	52.528	19.343	56.259	138.01	21.823	2.2383e-05	0.0067325
255.62	2.7795	2168.0	0.00046125	4.4347	4.6030	21.318	18.513	67.555	344.71	0.63859	0.00013681	0.036897	0.0036705	248.25	0.0040281	11.102	12.572	52.494	19.360	56.455	137.99	21.788	2.2407e-05	0.0067476
255.77	2.7891	2166.2	0.00046164	4.4433	4.6123	21.352	18.515	67.693	344.09	0.64467	0.00013652	0.036844	0.0036511	249.26	0.0040119	11.099	12.569	52.459	19.376	56.652	137.97	21.754	2.2431e-05	0.0067628
255.91	2.7987	2164.4	0.00046202	4.4518	4.6216	21.386	18.516	67.831	343.46	0.65077	0.00013624	0.036791	0.0036317	250.27	0.0039957	11.097	12.565	52.425	19.393	56.851	137.95	21.719	2.2454e-05	0.0067780
256.05	2.8083	2162.6	0.00046240	4.4604	4.6309	21.420	18.518	67.971	342.84	0.65689	0.00013595	0.036739	0.0036125	251.28	0.0039797	11.094	12.561	52.391	19.410	57.050	137.93	21.685	2.2478e-05	0.0067933
256.20	2.8179	2160.8	0.00046279	4.4690	4.6402	21.454	18.520	68.111	342.21	0.66303	0.00013567	0.036687	0.0035932	252.29	0.0039637	11.091	12.557	52.357	19.426	57.251	137.91	21.650	2.2502e-05	0.0068087
256.34	2.8275	2159.0	0.00046317	4.4776	4.6495	21.488	18.522	68.252	341.59	0.66920	0.00013539	0.036635	0.0035741	253.30	0.0039479	11.088	12.554	52.323	19.443	57.453	137.89	21.616	2.2526e-05	0.0068240
256.48	2.8371	2157.2	0.00046356	4.4861	4.6588	21.522	18.524	68.393	340.97	0.67538	0.00013511	0.036583	0.0035550	254.32	0.0039321	11.085	12.550	52.289	19.460	57.657	137.87	21.582	2.2549e-05	0.0068395
256.62	2.8467	2155.4	0.00046395	4.4947	4.6681	21.556	18.526	68.536	340.34	0.68159	0.00013482	0.036531	0.0035360	255.33	0.0039165	11.082	12.546	52.255	19.477	57.861	137.86	21.548	2.2573e-05	0.0068550
256.77	2.8563	2153.6	0.00046433	4.5032	4.6773	21.590	18.528	68.679	339.72	0.68782	0.00013454	0.036479	0.0035170	256.35	0.0039009	11.080	12.542	52.221	19.494	58.067	137.84	21.514	2.2597e-05	0.0068706
256.91	2.8659	2151.8	0.00046472	4.5117	4.6866	21.623	18.530	68.823	339.10	0.69407	0.00013426	0.036428	0.0034981	257.37	0.0038854	11.077	12.539	52.187	19.510	58.274	137.82	21.480	2.2621e-05	0.0068862
257.05	2.8755	2150.0	0.00046511	4.5202	4.6958	21.657	18.532	68.968	338.48	0.70034	0.00013399	0.036377	0.0034793	258.39	0.0038701	11.074	12.535	52.154	19.527	58.483	137.80	21.446	2.2645e-05	0.0069019
257.19	2.8851	2148.2	0.00046550	4.5287	4.7051	21.691	18.534	69.114	337.86	0.70664	0.00013371	0.036325	0.0034606	259.42	0.0038548	11.071	12.531	52.120	19.544	58.693	137.78	21.412	2.2668e-05	0.0069176
257.33	2.8947	2146.4	0.00046589	4.5372	4.7143	21.724	18.536	69.261	337.24	0.71296	0.00013343	0.036274	0.0034419	260.45	0.0038396	11.068	12.527	52.086	19.561	58.904	137.76	21.378	2.2692e-05	0.0069334
257.47	2.9043	2144.6	0.00046628	4.5457	4.7235	21.758	18.539	69.409	336.62	0.71930	0.00013315	0.036223	0.0034232	261.47	0.0038245	11.065	12.523	52.052	19.578	59.116	137.74	21.344	2.2716e-05	0.0069493
257.61	2.9139	2142.8	0.00046667	4.5542	4.7327	21.791	18.541	69.557	336.00	0.72567	0.00013288	0.036172	0.0034047	262.50	0.0038095	11.062	12.520	52.019	19.595	59.330	137.72	21.311	2.2740e-05	0.0069652
257.75	2.9235	2141.1	0.00046706	4.5627	4.7419	21.825	18.543	69.707	335.38	0.73206	0.00013260	0.036122	0.0033861	263.54	0.0037945	11.059	12.516	51.985	19.612	59.545	137.70	21.277	2.2764e-05	0.0069812
257.89	2.9331	2139.3	0.00046745	4.5711	4.7511	21.858	18.546	69.857	334.76	0.73847	0.00013233	0.036071	0.0033677	264.57	0.0037797	11.056	12.512	51.951	19.629	59.762	137.68	21.244	2.2788e-05	0.0069973
258.02	2.9427	2137.5	0.00046784	4.5796	4.7603	21.892	18.548	70.008	334.14	0.74490	0.00013206	0.036020	0.0033493	265.61	0.0037649	11.053	12.508	51.918	19.646	59.980	137.66	21.210	2.2812e-05	0.0070134
258.16	2.9523	2135.7	0.00046824	4.5880	4.7695	21.925	18.551	70.160	333.52	0.75136	0.00013178	0.035970	0.0033310	266.65	0.0037503	11.050	12.504	51.884	19.662	60.199	137.64	21.177	2.2836e-05	0.0070296
258.30	2.9619	2133.9	0.00046863	4.5964	4.7787	21.958	18.554	70.314	332.90	0.75785	0.00013151	0.035920	0.0033127	267.69	0.0037357	11.047	12.500	51.851	19.679	60.420	137.62	21.144	2.2859e-05	0.0070458
258.44	2.9715	2132.1	0.00046903	4.6049	4.7879	21.991	18.556	70.468	332.29	0.76435	0.00013124	0.035870	0.0032945	268.73	0.0037212	11.044	12.496	51.817	19.697	60.642	137.60	21.111	2.2883e-05	0.0070621
258.58	2.9811	2130.3	0.00046942	4.6133	4.7970	22.025	18.559	70.623	331.67	0.77088	0.00013097	0.035820	0.0032764	269.78	0.0037068	11.041	12.492	51.784	19.714	60.866	137.58	21.077	2.2907e-05	0.0070785
258.71	2.9907	2128.5	0.00046982	4.6217	4.8062	22.058	18.562	70.778	331.05	0.77744	0.00013070	0.035770	0.0032583	270.82	0.0036925	11.038	12.488	51.751	19.731	61.091	137.56	21.044	2.2931e-05	0.0070949
258.85	3.0003	2126.7	0.00047021	4.6301	4.8153	22.091	18.565	70.935	330.44	0.78402	0.00013043	0.035720	0.0032403	271.87	0.0036782	11.035	12.484	51.717	19.748	61.318	137.54	21.011	2.2955e-05	0.0071114
258.99	3.0099	2124.9	0.00047061	4.6385	4.8245	22.124	18.568	71.093	329.82	0.79063	0.00013016	0.035671	0.0032223	272.92	0.0036640	11.032	12.480	51.684	19.765	61.546	137.52	20.978	2.2979e-05	0.0071280
259.12	3.0195	2123.1	0.00047101	4.6469	4.8336	22.157	18.570	71.252	329.20	0.79726	0.00012990	0.035621	0.0032044	273.98	0.0036500	11.029	12.476	51.651	19.782	61.776	137.50	20.945	2.3004e-05	0.0071446
259.26	3.0291	2121.3	0.00047141	4.6553	4.8427	22.190	18.573	71.412	328.59	0.80391	0.00012963	0.035572	0.0031866	275.03	0.0036360	11.026	12.472	51.617	19.799	62.007	137.47	20.913	2.3028e-05	0.0071613
259.39	3.0387	2119.5	0.00047181	4.6636	4.8519	22.223	18.577	71.573	327.97	0.81059	0.00012936	0.035522	0.0031688	276.09	0.0036220	11.023	12.468	51.584	19.816	62.240	137.45	20.880	2.3052e-05	0.0071781
259.53	3.0483	2117.7	0.00047221	4.6720	4.8610	22.255	18.580	71.735	327.36	0.81730	0.00012910	0.035473	0.0031511	277.15	0.0036082	11.020	12.464	51.551	19.833	62.475	137.43	20.847	2.3076e-05	0.0071950
259.66	3.0579	2115.9	0.00047261	4.6804	4.8701	22.288	18.583	71.897	326.74	0.82403	0.00012883	0.035424	0.0031334	278.21	0.0035944	11.017	12.460	51.518	19.851	62.711	137.41	20.814	2.3100e-05	0.0072119
259.80	3.0675	2114.1	0.00047301	4.6887	4.8792	22.321	18.586	72.061	326.13	0.83078	0.00012857	0.035375	0.0031158	279.27	0.0035807	11.014	12.456	51.484	19.868	62.948	137.39	20.782	2.3124e-05	0.0072289
259.93	3.0771	2112.3	0.00047341	4.6971	4.8883	22.354	18.589	72.226	325.52	0.83757	0.00012831	0.035327	0.0030982	280.34	0.0035671	11.011	12.452	51.451	19.885	63.187	137.37	20.749	2.3148e-05	0.0072459
260.06	3.0867	2110.5	0.00047382	4.7054	4.8974	22.386	18.593	72.392	324.90	0.84438	0.00012804	0.035278	0.0030807	281.41	0.0035535	11.007	12.448	51.418	19.903	63.428	137.35	20.717	2.3173e-05	0.0072631
260.20	3.0963	2108.7	0.00047422	4.7137	4.9065	22.419	18.596	72.560	324.29	0.85121	0.00012778	0.035229	0.0030633	282.48	0.0035401	11.004	12.443	51.385	19.920	63.671	137.33	20.684	2.3197e-05	0.0072803
260.33	3.1059	2106.9	0.00047462	4.7220	4.9156	22.452	18.599	72.728	323.67	0.85807	0.00012752	0.035181	0.0030459	283.55	0.0035267	11.001	12.439	51.352	19.937	63.915	137.30	20.652	2.3221e-05	0.0072975
260.46	3.1155	2105.1	0.00047503	4.7304	4.9247	22.484	18.603	72.897	323.06	0.86496	0.00012726	0.035133	0.0030286	284.63	0.0035133	10.998	12.435	51.319	19.955	64.161	137.28	20.620	2.3245e-05	0.0073149
260.60	3.1251	2103.3	0.00047544	4.7387	4.9337	22.517	18.607	73.067	322.45	0.87188	0.00012700	0.035084	0.0030113	285.71	0.0035001	10.995	12.431	51.286	19.972	64.409	137.26	20.587	2.3270e-05	0.0073323
260.73	3.1347	2101.5	0.00047584	4.7470	4.9428	22.549	18.610	73.239	321.84	0.87882	0.00012674	0.035036	0.0029941	286.79	0.0034869	10.992	12.427	51.253	19.989	64.658	137.24	20.555	2.3294e-05	0.0073498
260.86	3.1443	2099.7	0.00047625	4.7553	4.9519	22.582	18.614	73.412	321.22	0.88579	0.00012648	0.034988	0.0029770	287.87	0.0034738	10.988	12.422	51.220	20.007	64.909	137.22	20.523	2.3318e-05	0.0073674
260.99	3.1539	2097.9	0.00047666	4.7636	4.9609	22.614	18.618	73.585	320.61	0.89279	0.00012622	0.034941	0.0029599	288.95	0.0034608	10.985	12.418	51.187	20.024	65.162	137.20	20.491	2.3343e-05	0.0073850
261.13	3.1635	2096.1	0.00047707	4.7718	4.9700	22.647	18.621	73.760	320.00	0.89981	0.00012596	0.034893	0.0029429	290.04	0.0034478	10.982	12.414	51.154	20.042	65.417	137.17	20.459	2.3367e-05	0.0074028
261.26	3.1731	2094.3	0.00047748	4.7801	4.9790	22.679	18.625	73.937	319.39	0.90687	0.00012571	0.034845	0.0029259	291.13	0.0034349	10.979	12.410	51.121	20.059	65.673	137.15	20.427	2.3392e-05	0.0074206
261.39	3.1827	2092.5	0.00047789	4.7884	4.9881	22.711	18.629	74.114	318.78	0.91395	0.00012545	0.034798	0.0029089	292.22	0.0034221	10.975	12.405	51.088	20.077	65.932	137.13	20.395	2.3416e-05	0.0074385
261.52	3.1923	2090.7	0.00047830	4.7966	4.9971	22.743	18.633	74.292	318.17	0.92106	0.00012519	0.034750	0.0028921	293.31	0.0034093	10.972	12.401	51.055	20.094	66.192	137.11	20.363	2.3441e-05	0.0074564
261.65	3.2019	2088.9	0.00047871	4.8049	5.0061	22.776	18.637	74.472	317.56	0.92820	0.00012494	0.034703	0.0028753	294.41	0.0033966	10.969	12.397	51.022	20.112	66.454	137.09	20.331	2.3465e-05	0.0074745
261.78	3.2115	2087.1	0.00047913	4.8132	5.0152	22.808	18.641	74.653	316.94	0.93536	0.00012468	0.034656	0.0028585	295.51	0.0033840	10.966	12.392	50.989	20.130	66.718	137.06	20.299	2.3490e-05	0.0074926
261.91	3.2211	2085.3	0.00047954	4.8214	5.0242	22.840	18.645	74.835	316.33	0.94256	0.00012443	0.034609	0.0028418	296.61	0.0033714	10.962	12.388	50.957	20.147	66.984	137.04	20.267	2.3514e-05	0.0075108
262.04	3.2307	2083.5	0.00047996	4.8296	5.0332	22.872	18.650	75.019	315.72	0.94979	0.00012418	0.034562	0.0028251	297.71	0.0033589	10.959	12.384	50.924	20.165	67.251	137.02	20.235	2.3539e-05	0.0075291
262.17	3.2403	2081.7	0.00048037	4.8379	5.0422	22.904	18.654	75.203	315.11	0.95704	0.00012392	0.034515	0.0028085	298.82	0.0033465	10.956	12.379	50.891	20.183	67.521	137.00	20.204	2.3564e-05	0.0075475
262.30	3.2499	2079.9	0.00048079	4.8461	5.0513	22.936	18.658	75.389	314.50	0.96432	0.00012367	0.034468	0.0027920	299.93	0.0033341	10.952	12.375	50.858	20.201	67.793	136.97	20.172	2.3588e-05	0.0075660
262.42	3.2595	2078.1	0.00048121	4.8543	5.0603	22.968	18.663	75.577	313.89	0.97164	0.00012342	0.034421	0.0027755	301.04	0.0033218	10.949	12.371	50.825	20.218	68.067	136.95	20.140	2.3613e-05	0.0075845
262.55	3.2691	2076.3	0.00048163	4.8626	5.0693	23.000	18.667	75.765	313.28	0.97898	0.00012317	0.034375	0.0027591	302.15	0.0033096	10.946	12.366	50.793	20.236	68.343	136.93	20.109	2.3638e-05	0.0076032
262.68	3.2787	2074.5	0.00048205	4.8708	5.0783	23.032	18.672	75.955	312.67	0.98636	0.00012292	0.034328	0.0027427	303.27	0.0032974	10.942	12.362	50.760	20.254	68.620	136.90	20.077	2.3663e-05	0.0076219
262.81	3.2883	2072.7	0.00048247	4.8790	5.0873	23.064	18.676	76.146	312.07	0.99376	0.00012267	0.034282	0.0027263	304.39	0.0032853	10.939	12.357	50.727	20.272	68.900	136.88	20.046	2.3688e-05	0.0076407
262.94	3.2979	2070.9	0.00048289	4.8872	5.0963	23.096	18.681	76.339	311.46	1.0012	0.00012242	0.034236	0.0027101	305.51	0.0032732	10.936	12.353	50.694	20.290	69.182	136.86	20.014	2.3712e-05	0.0076596
263.06	3.3075	2069.1	0.00048331	4.8954	5.1053	23.128	18.685	76.533	310.85	1.0087	0.00012217	0.034190	0.0026938	306.63	0.0032612	10.932	12.348	50.662	20.308	69.466	136.84	19.983	2.3737e-05	0.0076786
263.19	3.3171	2067.3	0.00048373	4.9036	5.1143	23.160	18.690	76.728	310.24	1.0162	0.00012192	0.034144	0.0026777	307.76	0.0032493	10.929	12.344	50.629	20.326	69.753	136.81	19.951	2.3762e-05	0.0076977
263.32	3.3267	2065.4	0.00048416	4.9118	5.1233	23.192	18.695	76.925	309.63	1.0237	0.00012167	0.034098	0.0026615	308.89	0.0032374	10.925	12.339	50.596	20.344	70.041	136.79	19.920	2.3787e-05	0.0077168
263.44	3.3363	2063.6	0.00048458	4.9200	5.1322	23.224	18.700	77.123	309.02	1.0313	0.00012142	0.034052	0.0026455	310.02	0.0032256	10.922	12.335	50.564	20.362	70.332	136.77	19.889	2.3812e-05	0.0077361
263.57	3.3459	2061.8	0.00048501	4.9282	5.1412	23.255	18.705	77.323	308.41	1.0389	0.00012117	0.034006	0.0026294	311.16	0.0032138	10.918	12.330	50.531	20.380	70.625	136.74	19.857	2.3837e-05	0.0077554
263.70	3.3555	2060.0	0.00048544	4.9363	5.1502	23.287	18.710	77.524	307.80	1.0465	0.00012093	0.033961	0.0026135	312.29	0.0032021	10.915	12.326	50.498	20.398	70.920	136.72	19.826	2.3862e-05	0.0077749
263.82	3.3651	2058.2	0.00048586	4.9445	5.1592	23.319	18.715	77.726	307.20	1.0541	0.00012068	0.033915	0.0025976	313.43	0.0031905	10.911	12.321	50.466	20.416	71.217	136.69	19.795	2.3887e-05	0.0077944
263.95	3.3747	2056.4	0.00048629	4.9527	5.1681	23.350	18.720	77.930	306.59	1.0618	0.00012044	0.033870	0.0025817	314.57	0.0031789	10.908	12.316	50.433	20.434	71.517	136.67	19.764	2.3913e-05	0.0078141
264.07	3.3843	2054.6	0.00048672	4.9608	5.1771	23.382	18.725	78.136	305.98	1.0695	0.00012019	0.033824	0.0025659	315.72	0.0031674	10.905	12.312	50.400	20.453	71.819	136.65	19.732	2.3938e-05	0.0078338
264.20	3.3939	2052.7	0.00048715	4.9690	5.1861	23.414	18.731	78.343	305.37	1.0773	0.00011994	0.033779	0.0025501	316.87	0.0031559	10.901	12.307	50.368	20.471	72.124	136.62	19.701	2.3963e-05	0.0078536
264.32	3.4035	2050.9	0.00048759	4.9772	5.1950	23.445	18.736	78.552	304.76	1.0851	0.00011970	0.033734	0.0025344	318.02	0.0031445	10.897	12.303	50.335	20.489	72.431	136.60	19.670	2.3988e-05	0.0078736
264.45	3.4131	2049.1	0.00048802	4.9853	5.2040	23.477	18.742	78.762	304.15	1.0929	0.00011946	0.033689	0.0025187	319.17	0.0031331	10.894	12.298	50.302	20.507	72.740	136.58	19.639	2.4014e-05	0.0078936
264.57	3.4227	2047.3	0.00048845	4.9935	5.2130	23.508	18.747	78.973	303.55	1.1008	0.00011921	0.033644	0.0025031	320.33	0.0031218	10.890	12.293	50.270	20.526	73.052	136.55	19.608	2.4039e-05	0.0079137
264.69	3.4323	2045.5	0.00048889	5.0016	5.2219	23.540	18.753	79.187	302.94	1.1087	0.00011897	0.033599	0.0024876	321.49	0.0031106	10.887	12.289	50.237	20.544	73.366	136.53	19.577	2.4064e-05	0.0079339
264.82	3.4419	2043.6	0.00048933	5.0098	5.2309	23.572	18.758	79.402	302.33	1.1166	0.00011873	0.033555	0.0024720	322.65	0.0030994	10.883	12.284	50.205	20.563	73.683	136.50	19.546	2.4090e-05	0.0079543
264.94	3.4515	2041.8	0.00048976	5.0179	5.2398	23.603	18.764	79.618	301.72	1.1246	0.00011849	0.033510	0.0024566	323.81	0.0030882	10.880	12.279	50.172	20.581	74.002	136.48	19.515	2.4115e-05	0.0079747
265.06	3.4611	2040.0	0.00049020	5.0260	5.2488	23.634	18.770	79.837	301.12	1.1326	0.00011824	0.033465	0.0024412	324.98	0.0030771	10.876	12.274	50.140	20.600	74.324	136.45	19.484	2.4141e-05	0.0079953
265.19	3.4707	2038.2	0.00049064	5.0342	5.2578	23.666	18.775	80.056	300.51	1.1406	0.00011800	0.033421	0.0024258	326.15	0.0030661	10.872	12.270	50.107	20.618	74.648	136.43	19.453	2.4166e-05	0.0080159
265.31	3.4803	2036.3	0.00049108	5.0423	5.2667	23.697	18.781	80.278	299.90	1.1487	0.00011776	0.033377	0.0024105	327.32	0.0030551	10.869	12.265	50.074	20.637	74.975	136.40	19.422	2.4192e-05	0.0080367
265.43	3.4899	2034.5	0.00049152	5.0504	5.2757	23.729	18.787	80.501	299.29	1.1568	0.00011752	0.033332	0.0023952	328.50	0.0030441	10.865	12.260	50.042	20.655	75.305	136.38	19.392	2.4218e-05	0.0080575
265.55	3.4995	2032.7	0.00049197	5.0586	5.2846	23.760	18.793	80.727	298.69	1.1649	0.00011728	0.033288	0.0023800	329.68	0.0030333	10.862	12.255	50.009	20.674	75.637	136.35	19.361	2.4243e-05	0.0080785
265.68	3.5091	2030.8	0.00049241	5.0667	5.2936	23.791	18.799	80.953	298.08	1.1731	0.00011704	0.033244	0.0023648	330.86	0.0030224	10.858	12.250	49.977	20.693	75.973	136.33	19.330	2.4269e-05	0.0080996
265.80	3.5187	2029.0	0.00049285	5.0748	5.3025	23.823	18.806	81.182	297.47	1.1813	0.00011680	0.033200	0.0023497	332.05	0.0030116	10.854	12.245	49.944	20.712	76.311	136.31	19.299	2.4295e-05	0.0081207
265.92	3.5283	2027.2	0.00049330	5.0829	5.3114	23.854	18.812	81.412	296.86	1.1895	0.00011656	0.033156	0.0023347	333.23	0.0030009	10.850	12.241	49.911	20.730	76.651	136.28	19.268	2.4321e-05	0.0081420
266.04	3.5379	2025.3	0.00049375	5.0910	5.3204	23.885	18.818	81.645	296.26	1.1978	0.00011633	0.033113	0.0023196	334.42	0.0029902	10.847	12.236	49.879	20.749	76.995	136.25	19.238	2.4347e-05	0.0081635
266.16	3.5475	2023.5	0.00049420	5.0992	5.3293	23.917	18.825	81.879	295.65	1.2062	0.00011609	0.033069	0.0023047	335.62	0.0029796	10.843	12.231	49.846	20.768	77.342	136.23	19.207	2.4373e-05	0.0081850
266.28	3.5571	2021.6	0.00049465	5.1073	5.3383	23.948	18.831	82.115	295.04	1.2145	0.00011585	0.033025	0.0022897	336.82	0.0029690	10.839	12.226	49.814	20.787	77.691	136.20	19.176	2.4399e-05	0.0082066
266.40	3.5667	2019.8	0.00049510	5.1154	5.3472	23.979	18.838	82.353	294.43	1.2229	0.00011561	0.032982	0.0022748	338.02	0.0029584	10.836	12.221	49.781	20.806	78.043	136.18	19.146	2.4425e-05	0.0082284
266.52	3.5763	2018.0	0.00049555	5.1235	5.3562	24.010	18.844	82.593	293.82	1.2314	0.00011538	0.032939	0.0022600	339.22	0.0029479	10.832	12.216	49.749	20.825	78.399	136.15	19.115	2.4451e-05	0.0082503
266.64	3.5859	2016.1	0.00049600	5.1316	5.3651	24.042	18.851	82.834	293.22	1.2399	0.00011514	0.032895	0.0022452	340.43	0.0029375	10.828	12.211	49.716	20.844	78.757	136.13	19.084	2.4477e-05	0.0082723
266.76	3.5955	2014.3	0.00049646	5.1397	5.3741	24.073	18.858	83.078	292.61	1.2484	0.00011490	0.032852	0.0022305	341.64	0.0029271	10.824	12.206	49.683	20.863	79.119	136.10	19.054	2.4503e-05	0.0082944
266.88	3.6051	2012.4	0.00049691	5.1478	5.3830	24.104	18.864	83.324	292.00	1.2569	0.00011467	0.032809	0.0022158	342.85	0.0029167	10.820	12.201	49.651	20.882	79.483	136.08	19.023	2.4529e-05	0.0083166
267.00	3.6147	2010.6	0.00049737	5.1559	5.3919	24.135	18.871	83.572	291.39	1.2655	0.00011443	0.032766	0.0022012	344.06	0.0029064	10.817	12.196	49.618	20.901	79.851	136.05	18.992	2.4556e-05	0.0083390
267.12	3.6243	2008.7	0.00049783	5.1640	5.4009	24.166	18.878	83.822	290.79	1.2742	0.00011420	0.032723	0.0021866	345.28	0.0028962	10.813	12.191	49.585	20.921	80.222	136.02	18.962	2.4582e-05	0.0083614
267.24	3.6339	2006.9	0.00049829	5.1721	5.4098	24.197	18.885	84.074	290.18	1.2829	0.00011396	0.032680	0.0021720	346.51	0.0028860	10.809	12.186	49.553	20.940	80.596	136.00	18.931	2.4608e-05	0.0083841
267.36	3.6435	2005.0	0.00049875	5.1802	5.4188	24.228	18.893	84.328	289.57	1.2916	0.00011373	0.032637	0.0021575	347.73	0.0028758	10.805	12.181	49.520	20.959	80.974	135.97	18.901	2.4635e-05	0.0084068
267.48	3.6531	2003.2	0.00049921	5.1883	5.4277	24.260	18.900	84.584	288.96	1.3003	0.00011350	0.032595	0.0021431	348.96	0.0028656	10.801	12.176	49.488	20.979	81.355	135.95	18.870	2.4661e-05	0.0084297
267.59	3.6627	2001.3	0.00049967	5.1964	5.4367	24.291	18.907	84.842	288.35	1.3091	0.00011326	0.032552	0.0021287	350.19	0.0028556	10.797	12.170	49.455	20.998	81.739	135.92	18.840	2.4688e-05	0.0084526
267.71	3.6723	1999.4	0.00050014	5.2045	5.4456	24.322	18.914	85.103	287.75	1.3180	0.00011303	0.032510	0.0021143	351.43	0.0028455	10.793	12.165	49.422	21.017	82.127	135.89	18.809	2.4715e-05	0.0084758
267.83	3.6819	1997.6	0.00050060	5.2126	5.4545	24.353	18.922	85.366	287.14	1.3269	0.00011280	0.032467	0.0021000	352.67	0.0028355	10.789	12.160	49.390	21.037	82.518	135.87	18.779	2.4741e-05	0.0084990
267.95	3.6915	1995.7	0.00050107	5.2206	5.4635	24.384	18.929	85.631	286.53	1.3358	0.00011256	0.032425	0.0020857	353.91	0.0028256	10.786	12.155	49.357	21.056	82.912	135.84	18.748	2.4768e-05	0.0085224
268.06	3.7011	1993.9	0.00050154	5.2287	5.4724	24.415	18.937	85.898	285.92	1.3448	0.00011233	0.032383	0.0020715	355.16	0.0028157	10.782	12.150	49.324	21.076	83.310	135.81	18.718	2.4795e-05	0.0085459
268.18	3.7107	1992.0	0.00050201	5.2368	5.4814	24.446	18.945	86.168	285.31	1.3538	0.00011210	0.032341	0.0020573	356.41	0.0028058	10.778	12.145	49.292	21.096	83.712	135.79	18.687	2.4822e-05	0.0085696
268.30	3.7203	1990.1	0.00050248	5.2449	5.4903	24.477	18.953	86.440	284.70	1.3629	0.00011187	0.032299	0.0020432	357.66	0.0027960	10.774	12.139	49.259	21.115	84.118	135.76	18.657	2.4849e-05	0.0085934
268.42	3.7299	1988.2	0.00050296	5.2530	5.4993	24.508	18.960	86.715	284.09	1.3720	0.00011164	0.032257	0.0020291	358.92	0.0027862	10.770	12.134	49.226	21.135	84.527	135.73	18.626	2.4876e-05	0.0086173
268.53	3.7395	1986.4	0.00050343	5.2611	5.5083	24.539	18.968	86.991	283.48	1.3811	0.00011141	0.032215	0.0020150	360.18	0.0027764	10.766	12.129	49.193	21.155	84.940	135.71	18.596	2.4903e-05	0.0086414
268.65	3.7491	1984.5	0.00050391	5.2692	5.5172	24.570	18.976	87.271	282.88	1.3903	0.00011118	0.032173	0.0020010	361.44	0.0027667	10.762	12.123	49.161	21.175	85.357	135.68	18.565	2.4930e-05	0.0086656
268.76	3.7587	1982.6	0.00050438	5.2773	5.5262	24.601	18.984	87.553	282.27	1.3996	0.00011095	0.032132	0.0019871	362.71	0.0027570	10.758	12.118	49.128	21.195	85.777	135.65	18.535	2.4957e-05	0.0086900
268.88	3.7683	1980.7	0.00050486	5.2853	5.5351	24.632	18.993	87.837	281.66	1.4089	0.00011072	0.032090	0.0019732	363.98	0.0027474	10.754	12.113	49.095	21.215	86.202	135.63	18.505	2.4985e-05	0.0087145
268.99	3.7779	1978.9	0.00050534	5.2934	5.5441	24.663	19.001	88.124	281.05	1.4182	0.00011049	0.032049	0.0019593	365.25	0.0027378	10.749	12.107	49.062	21.235	86.630	135.60	18.474	2.5012e-05	0.0087391
269.11	3.7875	1977.0	0.00050582	5.3015	5.5531	24.694	19.009	88.414	280.44	1.4276	0.00011026	0.032007	0.0019455	366.53	0.0027283	10.745	12.102	49.029	21.255	87.063	135.57	18.444	2.5039e-05	0.0087639
269.22	3.7971	1975.1	0.00050631	5.3096	5.5620	24.725	19.018	88.706	279.83	1.4370	0.00011003	0.031966	0.0019317	367.81	0.0027188	10.741	12.097	48.997	21.275	87.499	135.54	18.413	2.5067e-05	0.0087889
269.34	3.8067	1973.2	0.00050679	5.3177	5.5710	24.756	19.026	89.001	279.22	1.4465	0.00010980	0.031925	0.0019180	369.10	0.0027093	10.737	12.091	48.964	21.295	87.940	135.52	18.383	2.5094e-05	0.0088140
269.45	3.8163	1971.3	0.00050728	5.3258	5.5800	24.786	19.035	89.298	278.61	1.4560	0.00010957	0.031883	0.0019043	370.39	0.0026999	10.733	12.086	48.931	21.315	88.385	135.49	18.353	2.5122e-05	0.0088392
269.57	3.8259	1969.4	0.00050776	5.3339	5.5889	24.817	19.044	89.599	278.00	1.4656	0.00010934	0.031842	0.0018907	371.68	0.0026905	10.729	12.080	48.898	21.336	88.834	135.46	18.322	2.5150e-05	0.0088646
269.68	3.8355	1967.5	0.00050825	5.3420	5.5979	24.848	19.052	89.902	277.39	1.4752	0.00010911	0.031801	0.0018771	372.98	0.0026811	10.725	12.075	48.865	21.356	89.288	135.43	18.292	2.5177e-05	0.0088902
269.80	3.8451	1965.6	0.00050874	5.3501	5.6069	24.879	19.061	90.208	276.78	1.4849	0.00010889	0.031761	0.0018635	374.28	0.0026718	10.720	12.069	48.832	21.376	89.746	135.41	18.261	2.5205e-05	0.0089159
269.91	3.8547	1963.7	0.00050924	5.3582	5.6159	24.910	19.070	90.516	276.16	1.4946	0.00010866	0.031720	0.0018500	375.58	0.0026625	10.716	12.064	48.799	21.397	90.209	135.38	18.231	2.5233e-05	0.0089418
270.02	3.8643	1961.8	0.00050973	5.3663	5.6249	24.941	19.079	90.828	275.55	1.5043	0.00010843	0.031679	0.0018365	376.89	0.0026533	10.712	12.058	48.766	21.417	90.676	135.35	18.201	2.5261e-05	0.0089678
270.14	3.8739	1959.9	0.00051023	5.3743	5.6339	24.972	19.088	91.143	274.94	1.5142	0.00010820	0.031639	0.0018231	378.20	0.0026441	10.708	12.053	48.733	21.438	91.147	135.32	18.170	2.5289e-05	0.0089940
270.25	3.8835	1958.0	0.00051072	5.3824	5.6429	25.003	19.098	91.461	274.33	1.5240	0.00010798	0.031598	0.0018097	379.52	0.0026349	10.704	12.047	48.700	21.458	91.624	135.29	18.140	2.5317e-05	0.0090204
270.36	3.8931	1956.1	0.00051122	5.3905	5.6518	25.034	19.107	91.782	273.72	1.5340	0.00010775	0.031558	0.0017964	380.84	0.0026258	10.699	12.041	48.667	21.479	92.105	135.26	18.109	2.5345e-05	0.0090470
270.48	3.9027	1954.2	0.00051172	5.3986	5.6609	25.065	19.116	92.106	273.11	1.5439	0.00010752	0.031517	0.0017831	382.17	0.0026167	10.695	12.036	48.634	21.500	92.590	135.24	18.079	2.5374e-05	0.0090737
270.59	3.9123	1952.3	0.00051222	5.4067	5.6699	25.096	19.126	92.433	272.49	1.5540	0.00010730	0.031477	0.0017698	383.49	0.0026076	10.691	12.030	48.601	21.521	93.081	135.21	18.049	2.5402e-05	0.0091006
270.70	3.9219	1950.3	0.00051273	5.4149	5.6789	25.126	19.136	92.763	271.88	1.5640	0.00010707	0.031437	0.0017566	384.83	0.0025986	10.686	12.024	48.568	21.542	93.577	135.18	18.018	2.5430e-05	0.0091276
270.81	3.9315	1948.4	0.00051323	5.4230	5.6879	25.157	19.145	93.096	271.27	1.5742	0.00010685	0.031397	0.0017435	386.16	0.0025896	10.682	12.019	48.535	21.563	94.078	135.15	17.988	2.5459e-05	0.0091548
270.92	3.9411	1946.5	0.00051374	5.4311	5.6969	25.188	19.155	93.433	270.66	1.5844	0.00010662	0.031357	0.0017304	387.50	0.0025806	10.678	12.013	48.502	21.584	94.583	135.12	17.957	2.5488e-05	0.0091823
271.04	3.9507	1944.6	0.00051425	5.4392	5.7059	25.219	19.165	93.774	270.04	1.5946	0.00010640	0.031317	0.0017173	388.85	0.0025717	10.673	12.007	48.468	21.605	95.094	135.09	17.927	2.5516e-05	0.0092098
271.15	3.9603	1942.6	0.00051476	5.4473	5.7149	25.250	19.175	94.117	269.43	1.6049	0.00010617	0.031277	0.0017042	390.20	0.0025628	10.669	12.002	48.435	21.626	95.611	135.06	17.896	2.5545e-05	0.0092376
271.26	3.9699	1940.7	0.00051527	5.4554	5.7240	25.281	19.185	94.464	268.81	1.6152	0.00010595	0.031237	0.0016913	391.55	0.0025539	10.665	11.996	48.402	21.647	96.132	135.03	17.866	2.5574e-05	0.0092656
271.37	3.9795	1938.8	0.00051579	5.4635	5.7330	25.312	19.195	94.815	268.20	1.6257	0.00010572	0.031198	0.0016783	392.91	0.0025451	10.660	11.990	48.369	21.668	96.659	135.00	17.836	2.5603e-05	0.0092937
271.48	3.9891	1936.8	0.00051631	5.4716	5.7421	25.343	19.206	95.169	267.59	1.6361	0.00010550	0.031158	0.0016654	394.27	0.0025363	10.656	11.984	48.335	21.690	97.192	134.98	17.805	2.5632e-05	0.0093220
271.59	3.9987	1934.9	0.00051682	5.4798	5.7511	25.374	19.216	95.527	266.97	1.6466	0.00010527	0.031119	0.0016525	395.64	0.0025275	10.651	11.978	48.302	21.711	97.730	134.95	17.775	2.5661e-05	0.0093506
271.70	4.0083	1933.0	0.00051734	5.4879	5.7602	25.405	19.227	95.888	266.36	1.6572	0.00010505	0.031079	0.0016397	397.01	0.0025188	10.647	11.972	48.269	21.732	98.274	134.92	17.744	2.5690e-05	0.0093793
271.81	4.0179	1931.0	0.00051787	5.4960	5.7692	25.436	19.237	96.253	265.74	1.6679	0.00010482	0.031040	0.0016269	398.39	0.0025101	10.642	11.966	48.235	21.754	98.824	134.89	17.714	2.5719e-05	0.0094082
271.92	4.0275	1929.1	0.00051839	5.5042	5.7783	25.467	19.248	96.622	265.12	1.6786	0.00010460	0.031001	0.0016142	399.77	0.0025014	10.638	11.960	48.202	21.776	99.379	134.86	17.683	2.5749e-05	0.0094373
272.03	4.0371	1927.1	0.00051892	5.5123	5.7873	25.497	19.259	96.995	264.51	1.6893	0.00010438	0.030962	0.0016015	401.15	0.0024928	10.633	11.955	48.168	21.797	99.941	134.83	17.653	2.5778e-05	0.0094666
272.14	4.0467	1925.1	0.00051944	5.5204	5.7964	25.528	19.270	97.372	263.89	1.7001	0.00010415	0.030923	0.0015888	402.54	0.0024842	10.629	11.949	48.135	21.819	100.51	134.80	17.622	2.5808e-05	0.0094961
272.25	4.0563	1923.2	0.00051997	5.5286	5.8055	25.559	19.281	97.753	263.28	1.7110	0.00010393	0.030884	0.0015762	403.94	0.0024756	10.624	11.943	48.101	21.841	101.08	134.77	17.592	2.5838e-05	0.0095258
272.36	4.0659	1921.2	0.00052050	5.5367	5.8146	25.590	19.292	98.138	262.66	1.7219	0.00010371	0.030845	0.0015637	405.34	0.0024671	10.620	11.937	48.068	21.863	101.66	134.74	17.561	2.5867e-05	0.0095557
272.47	4.0755	1919.2	0.00052104	5.5449	5.8237	25.621	19.303	98.527	262.04	1.7329	0.00010348	0.030806	0.0015511	406.74	0.0024586	10.615	11.930	48.034	21.885	102.25	134.71	17.531	2.5897e-05	0.0095858
272.58	4.0851	1917.3	0.00052157	5.5530	5.8328	25.652	19.315	98.920	261.42	1.7440	0.00010326	0.030768	0.0015386	408.15	0.0024501	10.610	11.924	48.000	21.907	102.84	134.68	17.500	2.5927e-05	0.0096162
272.69	4.0947	1915.3	0.00052211	5.5612	5.8419	25.683	19.326	99.318	260.80	1.7551	0.00010304	0.030729	0.0015262	409.56	0.0024416	10.606	11.918	47.967	21.929	103.44	134.65	17.469	2.5957e-05	0.0096467
272.80	4.1043	1913.3	0.00052265	5.5694	5.8510	25.714	19.338	99.720	260.19	1.7663	0.00010282	0.030691	0.0015138	410.98	0.0024332	10.601	11.912	47.933	21.951	104.05	134.61	17.439	2.5987e-05	0.0096775
272.90	4.1139	1911.3	0.00052319	5.5775	5.8601	25.745	19.349	100.13	259.57	1.7776	0.00010259	0.030652	0.0015014	412.40	0.0024248	10.596	11.906	47.899	21.973	104.66	134.58	17.408	2.6018e-05	0.0097085
273.01	4.1235	1909.4	0.00052374	5.5857	5.8692	25.776	19.361	100.54	258.95	1.7889	0.00010237	0.030614	0.0014891	413.83	0.0024164	10.592	11.900	47.865	21.995	105.28	134.55	17.377	2.6048e-05	0.0097397
273.12	4.1331	1907.4	0.00052428	5.5939	5.8784	25.807	19.373	100.95	258.33	1.8003	0.00010215	0.030576	0.0014768	415.26	0.0024081	10.587	11.894	47.832	22.018	105.91	134.52	17.347	2.6078e-05	0.0097712
273.23	4.1427	1905.4	0.00052483	5.6021	5.8875	25.838	19.385	101.37	257.71	1.8117	0.00010193	0.030538	0.0014646	416.70	0.0023998	10.582	11.887	47.798	22.040	106.54	134.49	17.316	2.6109e-05	0.0098028
273.33	4.1523	1903.4	0.00052538	5.6103	5.8967	25.869	19.397	101.80	257.09	1.8232	0.00010170	0.030500	0.0014524	418.14	0.0023915	10.577	11.881	47.764	22.063	107.18	134.46	17.285	2.6140e-05	0.0098347
273.44	4.1619	1901.4	0.00052594	5.6184	5.9058	25.901	19.409	102.23	256.47	1.8348	0.00010148	0.030462	0.0014402	419.59	0.0023833	10.573	11.875	47.730	22.086	107.83	134.43	17.255	2.6170e-05	0.0098669
273.55	4.1715	1899.4	0.00052649	5.6266	5.9150	25.932	19.422	102.66	255.85	1.8465	0.00010126	0.030424	0.0014281	421.05	0.0023750	10.568	11.869	47.696	22.108	108.49	134.40	17.224	2.6201e-05	0.0098993
273.66	4.1811	1897.4	0.00052705	5.6349	5.9242	25.963	19.434	103.10	255.22	1.8582	0.00010104	0.030386	0.0014161	422.50	0.0023668	10.563	11.862	47.662	22.131	109.15	134.37	17.193	2.6232e-05	0.0099319
273.76	4.1907	1895.3	0.00052761	5.6431	5.9334	25.994	19.447	103.55	254.60	1.8700	0.00010082	0.030349	0.0014040	423.97	0.0023587	10.558	11.856	47.627	22.154	109.83	134.33	17.162	2.6263e-05	0.0099647
273.87	4.2003	1893.3	0.00052817	5.6513	5.9426	26.025	19.460	104.00	253.98	1.8818	0.00010060	0.030311	0.0013920	425.44	0.0023505	10.553	11.849	47.593	22.177	110.51	134.30	17.132	2.6295e-05	0.0099978
273.98	4.2099	1891.3	0.00052873	5.6595	5.9518	26.056	19.473	104.45	253.36	1.8938	0.00010038	0.030274	0.0013801	426.91	0.0023424	10.548	11.843	47.559	22.200	111.19	134.27	17.101	2.6326e-05	0.010031
274.08	4.2195	1889.3	0.00052930	5.6677	5.9610	26.087	19.486	104.91	252.73	1.9058	0.00010015	0.030237	0.0013682	428.39	0.0023343	10.543	11.837	47.525	22.223	111.89	134.24	17.070	2.6357e-05	0.010065
274.19	4.2291	1887.3	0.00052987	5.6760	5.9702	26.119	19.499	105.38	252.11	1.9179	9.9934e-05	0.030199	0.0013563	429.88	0.0023262	10.538	11.830	47.490	22.246	112.60	134.21	17.039	2.6389e-05	0.010099
274.29	4.2387	1885.2	0.00053044	5.6842	5.9794	26.150	19.512	105.85	251.48	1.9300	9.9712e-05	0.030162	0.0013445	431.37	0.0023182	10.533	11.824	47.456	22.270	113.31	134.17	17.008	2.6421e-05	0.010133
274.40	4.2483	1883.2	0.00053102	5.6925	5.9886	26.181	19.525	106.33	250.86	1.9422	9.9492e-05	0.030125	0.0013327	432.87	0.0023102	10.528	11.817	47.422	22.293	114.03	134.14	16.977	2.6452e-05	0.010167
274.51	4.2579	1881.1	0.00053159	5.7007	5.9979	26.212	19.539	106.81	250.23	1.9545	9.9271e-05	0.030089	0.0013209	434.37	0.0023022	10.523	11.810	47.387	22.316	114.76	134.11	16.946	2.6484e-05	0.010202
274.61	4.2675	1879.1	0.00053217	5.7090	6.0072	26.244	19.553	107.30	249.61	1.9669	9.9050e-05	0.030052	0.0013092	435.88	0.0022942	10.518	11.804	47.353	22.340	115.50	134.08	16.915	2.6516e-05	0.010237
274.72	4.2771	1877.0	0.00053275	5.7173	6.0164	26.275	19.566	107.79	248.98	1.9794	9.8829e-05	0.030015	0.0012976	437.39	0.0022863	10.513	11.797	47.318	22.364	116.25	134.04	16.884	2.6549e-05	0.010272
274.82	4.2867	1875.0	0.00053334	5.7255	6.0257	26.306	19.580	108.29	248.36	1.9919	9.8608e-05	0.029979	0.0012859	438.91	0.0022784	10.508	11.791	47.283	22.387	117.01	134.01	16.853	2.6581e-05	0.010308
274.93	4.2963	1872.9	0.00053392	5.7338	6.0350	26.338	19.594	108.80	247.73	2.0045	9.8387e-05	0.029942	0.0012743	440.43	0.0022705	10.503	11.784	47.249	22.411	117.78	133.98	16.822	2.6613e-05	0.010343
275.03	4.3059	1870.9	0.00053451	5.7421	6.0443	26.369	19.608	109.31	247.10	2.0172	9.8167e-05	0.029906	0.0012628	441.97	0.0022626	10.498	11.777	47.214	22.435	118.56	133.95	16.791	2.6646e-05	0.010379
275.13	4.3155	1868.8	0.00053510	5.7504	6.0536	26.400	19.623	109.84	246.47	2.0300	9.7946e-05	0.029869	0.0012513	443.50	0.0022548	10.493	11.771	47.179	22.459	119.34	133.91	16.760	2.6679e-05	0.010416
275.24	4.3251	1866.7	0.00053570	5.7587	6.0629	26.432	19.637	110.36	245.84	2.0428	9.7726e-05	0.029833	0.0012398	445.05	0.0022470	10.488	11.764	47.144	22.483	120.14	133.88	16.728	2.6712e-05	0.010452
275.34	4.3347	1864.6	0.00053630	5.7670	6.0723	26.463	19.652	110.90	245.21	2.0557	9.7505e-05	0.029797	0.0012284	446.60	0.0022392	10.483	11.757	47.109	22.508	120.95	133.85	16.697	2.6745e-05	0.010489
275.45	4.3443	1862.6	0.00053690	5.7754	6.0816	26.495	19.667	111.44	244.58	2.0688	9.7284e-05	0.029761	0.0012170	448.15	0.0022314	10.477	11.750	47.074	22.532	121.77	133.81	16.666	2.6778e-05	0.010527
275.55	4.3539	1860.5	0.00053750	5.7837	6.0910	26.526	19.681	111.98	243.95	2.0819	9.7064e-05	0.029726	0.0012057	449.72	0.0022236	10.472	11.743	47.039	22.556	122.60	133.78	16.634	2.6811e-05	0.010564
275.65	4.3635	1858.4	0.00053811	5.7921	6.1003	26.558	19.697	112.54	243.32	2.0950	9.6843e-05	0.029690	0.0011944	451.28	0.0022159	10.467	11.736	47.004	22.581	123.44	133.74	16.603	2.6844e-05	0.010602
275.76	4.3731	1856.3	0.00053872	5.8004	6.1097	26.589	19.712	113.10	242.69	2.1083	9.6623e-05	0.029654	0.0011831	452.86	0.0022082	10.462	11.729	46.969	22.605	124.29	133.71	16.572	2.6878e-05	0.010640
275.86	4.3827	1854.2	0.00053933	5.8088	6.1191	26.621	19.727	113.67	242.06	2.1217	9.6402e-05	0.029619	0.0011719	454.44	0.0022005	10.456	11.722	46.933	22.630	125.15	133.68	16.540	2.6912e-05	0.010679
275.96	4.3923	1852.0	0.00053994	5.8171	6.1285	26.652	19.742	114.25	241.42	2.1351	9.6182e-05	0.029584	0.0011607	456.03	0.0021928	10.451	11.716	46.898	22.655	126.03	133.64	16.509	2.6945e-05	0.010718
276.07	4.4019	1849.9	0.00054056	5.8255	6.1379	26.684	19.758	114.83	240.79	2.1486	9.5961e-05	0.029549	0.0011495	457.62	0.0021852	10.446	11.708	46.862	22.680	126.91	133.61	16.477	2.6979e-05	0.010757
276.17	4.4115	1847.8	0.00054118	5.8339	6.1474	26.716	19.774	115.42	240.16	2.1623	9.5741e-05	0.029513	0.0011384	459.22	0.0021776	10.440	11.701	46.827	22.705	127.81	133.57	16.446	2.7014e-05	0.010796
276.27	4.4211	1845.7	0.00054180	5.8423	6.1568	26.748	19.790	116.02	239.52	2.1760	9.5520e-05	0.029479	0.0011274	460.83	0.0021700	10.435	11.694	46.791	22.730	128.72	133.54	16.414	2.7048e-05	0.010836
276.37	4.4307	1843.5	0.00054243	5.8507	6.1663	26.779	19.806	116.63	238.89	2.1898	9.5299e-05	0.029444	0.0011163	462.45	0.0021624	10.429	11.687	46.756	22.755	129.65	133.50	16.382	2.7082e-05	0.010876
276.48	4.4403	1841.4	0.00054306	5.8592	6.1758	26.811	19.822	117.25	238.25	2.2037	9.5079e-05	0.029409	0.0011054	464.07	0.0021549	10.424	11.680	46.720	22.781	130.58	133.47	16.351	2.7117e-05	0.010917
276.58	4.4499	1839.3	0.00054370	5.8676	6.1853	26.843	19.839	117.88	237.61	2.2177	9.4858e-05	0.029375	0.0010944	465.70	0.0021473	10.418	11.673	46.684	22.806	131.53	133.43	16.319	2.7152e-05	0.010958
276.68	4.4595	1837.1	0.00054433	5.8761	6.1948	26.875	19.855	118.51	236.97	2.2317	9.4637e-05	0.029340	0.0010835	467.33	0.0021398	10.413	11.666	46.648	22.832	132.49	133.40	16.287	2.7187e-05	0.010999
276.78	4.4691	1835.0	0.00054497	5.8845	6.2043	26.907	19.872	119.16	236.34	2.2459	9.4416e-05	0.029306	0.0010726	468.98	0.0021323	10.407	11.658	46.612	22.857	133.47	133.36	16.255	2.7222e-05	0.011041
276.88	4.4787	1832.8	0.00054562	5.8930	6.2138	26.939	19.889	119.81	235.70	2.2602	9.4195e-05	0.029272	0.0010618	470.63	0.0021248	10.402	11.651	46.576	22.883	134.46	133.33	16.224	2.7257e-05	0.011083
276.98	4.4883	1830.6	0.00054626	5.9015	6.2234	26.971	19.906	120.47	235.06	2.2746	9.3974e-05	0.029238	0.0010510	472.28	0.0021174	10.396	11.644	46.540	22.909	135.47	133.29	16.192	2.7292e-05	0.011125
277.08	4.4979	1828.4	0.00054691	5.9100	6.2329	27.003	19.923	121.14	234.42	2.2891	9.3753e-05	0.029204	0.0010403	473.95	0.0021099	10.390	11.636	46.504	22.935	136.49	133.25	16.160	2.7328e-05	0.011168
277.19	4.5075	1826.3	0.00054757	5.9185	6.2425	27.035	19.941	121.83	233.78	2.3036	9.3532e-05	0.029170	0.0010296	475.62	0.0021025	10.385	11.629	46.468	22.961	137.52	133.22	16.128	2.7364e-05	0.011211
277.29	4.5171	1824.1	0.00054822	5.9270	6.2521	27.067	19.958	122.52	233.13	2.3183	9.3311e-05	0.029137	0.0010189	477.30	0.0020951	10.379	11.622	46.431	22.987	138.57	133.18	16.095	2.7400e-05	0.011255
277.39	4.5267	1821.9	0.00054888	5.9355	6.2618	27.099	19.976	123.22	232.49	2.3331	9.3090e-05	0.029103	0.0010083	478.99	0.0020877	10.373	11.614	46.395	23.014	139.63	133.15	16.063	2.7436e-05	0.011299
277.49	4.5363	1819.7	0.00054955	5.9441	6.2714	27.132	19.994	123.93	231.85	2.3480	9.2868e-05	0.029070	0.00099768	480.69	0.0020804	10.368	11.607	46.358	23.040	140.71	133.11	16.031	2.7472e-05	0.011343
277.59	4.5459	1817.5	0.00055021	5.9526	6.2810	27.164	20.012	124.66	231.20	2.3630	9.2647e-05	0.029037	0.00098713	482.39	0.0020730	10.362	11.599	46.322	23.067	141.81	133.07	15.999	2.7509e-05	0.011388
277.69	4.5555	1815.3	0.00055089	5.9612	6.2907	27.196	20.030	125.39	230.56	2.3781	9.2425e-05	0.029004	0.00097663	484.10	0.0020657	10.356	11.591	46.285	23.094	142.93	133.04	15.967	2.7545e-05	0.011433
277.79	4.5651	1813.0	0.00055156	5.9698	6.3004	27.229	20.049	126.14	229.91	2.3933	9.2204e-05	0.028971	0.00096616	485.82	0.0020584	10.350	11.584	46.248	23.121	144.06	133.00	15.934	2.7582e-05	0.011479
277.89	4.5747	1810.8	0.00055224	5.9784	6.3101	27.261	20.067	126.90	229.27	2.4086	9.1982e-05	0.028939	0.00095573	487.55	0.0020511	10.344	11.576	46.211	23.147	145.20	132.96	15.902	2.7619e-05	0.011525
277.99	4.5843	1808.6	0.00055292	5.9870	6.3198	27.293	20.086	127.67	228.62	2.4240	9.1760e-05	0.028906	0.00094534	489.28	0.0020438	10.338	11.568	46.174	23.175	146.37	132.92	15.869	2.7657e-05	0.011571
278.09	4.5940	1806.3	0.00055361	5.9957	6.3296	27.326	20.105	128.45	227.97	2.4396	9.1538e-05	0.028874	0.00093499	491.03	0.0020365	10.332	11.561	46.137	23.202	147.55	132.89	15.837	2.7694e-05	0.011618
278.19	4.6036	1804.1	0.00055430	6.0043	6.3393	27.359	20.125	129.24	227.32	2.4553	9.1315e-05	0.028842	0.00092468	492.78	0.0020293	10.326	11.553	46.100	23.229	148.76	132.85	15.804	2.7732e-05	0.011666
278.29	4.6132	1801.8	0.00055500	6.0130	6.3491	27.391	20.144	130.05	226.67	2.4710	9.1093e-05	0.028810	0.00091441	494.54	0.0020221	10.320	11.545	46.062	23.257	149.98	132.81	15.771	2.7770e-05	0.011714
278.38	4.6228	1799.5	0.00055570	6.0217	6.3589	27.424	20.164	130.87	226.02	2.4869	9.0870e-05	0.028779	0.00090418	496.31	0.0020149	10.314	11.537	46.025	23.284	151.22	132.77	15.739	2.7808e-05	0.011762
278.48	4.6324	1797.3	0.00055640	6.0304	6.3688	27.457	20.184	131.70	225.37	2.5029	9.0648e-05	0.028747	0.00089398	498.09	0.0020077	10.308	11.529	45.987	23.312	152.48	132.73	15.706	2.7846e-05	0.011811
278.58	4.6420	1795.0	0.00055711	6.0391	6.3786	27.490	20.204	132.55	224.72	2.5191	9.0425e-05	0.028716	0.00088383	499.88	0.0020005	10.302	11.521	45.950	23.340	153.77	132.70	15.673	2.7885e-05	0.011861
278.68	4.6516	1792.7	0.00055782	6.0478	6.3885	27.522	20.224	133.41	224.07	2.5353	9.0202e-05	0.028685	0.00087372	501.68	0.0019933	10.296	11.513	45.912	23.368	155.07	132.66	15.640	2.7923e-05	0.011910
278.78	4.6612	1790.4	0.00055853	6.0566	6.3984	27.555	20.244	134.28	223.41	2.5517	8.9978e-05	0.028654	0.00086365	503.48	0.0019862	10.290	11.505	45.874	23.396	156.39	132.62	15.607	2.7962e-05	0.011961
278.88	4.6708	1788.1	0.00055926	6.0653	6.4083	27.588	20.265	135.17	222.76	2.5682	8.9755e-05	0.028623	0.00085362	505.30	0.0019790	10.284	11.497	45.836	23.425	157.74	132.58	15.574	2.8002e-05	0.012012
278.97	4.6804	1785.8	0.00055998	6.0741	6.4182	27.622	20.286	136.08	222.10	2.5849	8.9531e-05	0.028593	0.00084363	507.12	0.0019719	10.277	11.489	45.798	23.453	159.11	132.54	15.540	2.8041e-05	0.012063
279.07	4.6900	1783.5	0.00056071	6.0829	6.4282	27.655	20.307	137.00	221.45	2.6016	8.9307e-05	0.028562	0.00083368	508.96	0.0019648	10.271	11.481	45.760	23.482	160.50	132.50	15.507	2.8081e-05	0.012115
279.17	4.6996	1781.1	0.00056144	6.0917	6.4382	27.688	20.328	137.94	220.79	2.6185	8.9083e-05	0.028532	0.00082376	510.80	0.0019577	10.265	11.473	45.721	23.511	161.92	132.46	15.474	2.8121e-05	0.012168
279.27	4.7092	1778.8	0.00056218	6.1006	6.4482	27.721	20.350	138.89	220.13	2.6355	8.8859e-05	0.028503	0.00081389	512.66	0.0019506	10.258	11.464	45.683	23.540	163.36	132.42	15.440	2.8161e-05	0.012221
279.36	4.7188	1776.4	0.00056293	6.1094	6.4582	27.755	20.372	139.86	219.47	2.6527	8.8634e-05	0.028473	0.00080406	514.52	0.0019436	10.252	11.456	45.644	23.569	164.82	132.38	15.407	2.8201e-05	0.012275
279.46	4.7284	1774.1	0.00056368	6.1183	6.4682	27.788	20.394	140.85	218.81	2.6700	8.8409e-05	0.028444	0.00079427	516.39	0.0019365	10.245	11.448	45.606	23.598	166.32	132.34	15.373	2.8242e-05	0.012329
279.56	4.7380	1771.7	0.00056443	6.1272	6.4783	27.822	20.416	141.85	218.15	2.6874	8.8184e-05	0.028415	0.00078452	518.28	0.0019295	10.239	11.439	45.567	23.628	167.83	132.30	15.340	2.8282e-05	0.012384
279.66	4.7476	1769.3	0.00056519	6.1361	6.4884	27.855	20.439	142.88	217.49	2.7050	8.7959e-05	0.028386	0.00077480	520.17	0.0019224	10.232	11.431	45.528	23.657	169.38	132.26	15.306	2.8324e-05	0.012440
279.75	4.7572	1766.9	0.00056595	6.1451	6.4986	27.889	20.461	143.92	216.82	2.7227	8.7733e-05	0.028357	0.00076513	522.08	0.0019154	10.226	11.422	45.489	23.687	170.95	132.22	15.272	2.8365e-05	0.012496
279.85	4.7668	1764.5	0.00056672	6.1541	6.5087	27.923	20.484	144.98	216.16	2.7406	8.7507e-05	0.028329	0.00075550	523.99	0.0019084	10.219	11.414	45.450	23.717	172.55	132.18	15.238	2.8407e-05	0.012553
279.95	4.7764	1762.1	0.00056750	6.1630	6.5189	27.956	20.508	146.06	215.49	2.7586	8.7281e-05	0.028301	0.00074591	525.92	0.0019014	10.213	11.405	45.410	23.747	174.18	132.14	15.204	2.8449e-05	0.012610
280.04	4.7860	1759.7	0.00056828	6.1721	6.5291	27.990	20.531	147.16	214.82	2.7768	8.7054e-05	0.028273	0.00073636	527.86	0.0018944	10.206	11.396	45.371	23.777	175.85	132.09	15.170	2.8491e-05	0.012668
280.14	4.7956	1757.3	0.00056906	6.1811	6.5394	28.024	20.555	148.28	214.16	2.7951	8.6827e-05	0.028246	0.00072685	529.81	0.0018875	10.199	11.388	45.331	23.807	177.54	132.05	15.136	2.8533e-05	0.012727
280.23	4.8052	1754.8	0.00056985	6.1901	6.5497	28.059	20.579	149.43	213.49	2.8135	8.6600e-05	0.028219	0.00071738	531.77	0.0018805	10.192	11.379	45.291	23.838	179.26	132.01	15.102	2.8576e-05	0.012786
280.33	4.8148	1752.4	0.00057065	6.1992	6.5600	28.093	20.603	150.59	212.82	2.8322	8.6372e-05	0.028192	0.00070795	533.74	0.0018736	10.186	11.370	45.251	23.869	181.02	131.97	15.067	2.8619e-05	0.012846
280.43	4.8244	1749.9	0.00057145	6.2083	6.5703	28.127	20.628	151.78	212.15	2.8509	8.6144e-05	0.028166	0.00069856	535.72	0.0018666	10.179	11.361	45.211	23.900	182.81	131.93	15.033	2.8662e-05	0.012907
280.52	4.8340	1747.5	0.00057226	6.2175	6.5807	28.161	20.653	153.00	211.47	2.8699	8.5916e-05	0.028140	0.00068922	537.72	0.0018597	10.172	11.352	45.171	23.931	184.63	131.88	14.998	2.8706e-05	0.012969
280.62	4.8436	1745.0	0.00057307	6.2266	6.5911	28.196	20.678	154.23	210.80	2.8890	8.5687e-05	0.028114	0.00067991	539.73	0.0018528	10.165	11.343	45.130	23.962	186.50	131.84	14.963	2.8750e-05	0.013031
280.71	4.8532	1742.5	0.00057389	6.2358	6.6015	28.230	20.703	155.49	210.13	2.9082	8.5458e-05	0.028088	0.00067064	541.75	0.0018459	10.158	11.334	45.090	23.994	188.39	131.80	14.929	2.8794e-05	0.013094
280.81	4.8628	1740.0	0.00057472	6.2450	6.6119	28.265	20.729	156.78	209.45	2.9277	8.5229e-05	0.028063	0.00066142	543.78	0.0018390	10.151	11.325	45.049	24.025	190.33	131.75	14.894	2.8839e-05	0.013158
280.90	4.8724	1737.5	0.00057555	6.2543	6.6224	28.300	20.755	158.10	208.77	2.9473	8.4999e-05	0.028038	0.00065223	545.83	0.0018321	10.144	11.316	45.008	24.057	192.30	131.71	14.859	2.8884e-05	0.013223
281.00	4.8820	1734.9	0.00057639	6.2635	6.6330	28.335	20.781	159.44	208.09	2.9670	8.4769e-05	0.028014	0.00064309	547.88	0.0018252	10.137	11.307	44.967	24.089	194.32	131.67	14.824	2.8929e-05	0.013288
281.09	4.8916	1732.4	0.00057724	6.2728	6.6435	28.370	20.808	160.81	207.41	2.9870	8.4538e-05	0.027990	0.00063399	549.96	0.0018183	10.130	11.297	44.926	24.122	196.37	131.62	14.788	2.8975e-05	0.013355
281.19	4.9012	1729.8	0.00057809	6.2821	6.6541	28.405	20.835	162.21	206.73	3.0071	8.4307e-05	0.027967	0.00062492	552.04	0.0018115	10.122	11.288	44.885	24.154	198.47	131.58	14.753	2.9020e-05	0.013422
281.28	4.9108	1727.3	0.00057895	6.2915	6.6648	28.440	20.862	163.64	206.05	3.0274	8.4075e-05	0.027943	0.00061590	554.14	0.0018046	10.115	11.279	44.843	24.187	200.62	131.53	14.717	2.9067e-05	0.013490
281.37	4.9204	1724.7	0.00057982	6.3009	6.6755	28.476	20.889	165.10	205.37	3.0479	8.3843e-05	0.027921	0.00060693	556.25	0.0017978	10.108	11.269	44.801	24.219	202.80	131.49	14.682	2.9113e-05	0.013559
281.47	4.9300	1722.1	0.00058069	6.3103	6.6862	28.511	20.917	166.59	204.68	3.0686	8.3611e-05	0.027898	0.00059799	558.38	0.0017909	10.100	11.260	44.759	24.253	205.04	131.44	14.646	2.9160e-05	0.013628
281.56	4.9396	1719.5	0.00058157	6.3197	6.6969	28.547	20.945	168.12	204.00	3.0895	8.3377e-05	0.027877	0.00058909	560.52	0.0017841	10.093	11.250	44.717	24.286	207.32	131.40	14.610	2.9208e-05	0.013699
281.65	4.9492	1716.9	0.00058246	6.3292	6.7077	28.582	20.974	169.68	203.31	3.1106	8.3144e-05	0.027855	0.00058024	562.67	0.0017772	10.085	11.240	44.675	24.319	209.66	131.35	14.574	2.9255e-05	0.013771
281.75	4.9588	1714.2	0.00058335	6.3387	6.7185	28.618	21.003	171.28	202.62	3.1318	8.2910e-05	0.027835	0.00057143	564.84	0.0017704	10.078	11.230	44.632	24.353	212.04	131.30	14.538	2.9303e-05	0.013844
281.84	4.9684	1711.6	0.00058426	6.3483	6.7294	28.654	21.032	172.91	201.93	3.1533	8.2675e-05	0.027814	0.00056266	567.02	0.0017636	10.070	11.221	44.589	24.387	214.48	131.26	14.502	2.9352e-05	0.013917
281.93	4.9780	1708.9	0.00058517	6.3579	6.7403	28.690	21.061	174.58	201.24	3.1749	8.2440e-05	0.027794	0.00055393	569.22	0.0017568	10.063	11.211	44.546	24.421	216.98	131.21	14.466	2.9401e-05	0.013992
282.03	4.9876	1706.2	0.00058609	6.3675	6.7513	28.727	21.091	176.29	200.54	3.1968	8.2204e-05	0.027775	0.00054525	571.44	0.0017500	10.055	11.201	44.503	24.456	219.53	131.16	14.429	2.9450e-05	0.014068
282.12	4.9972	1703.5	0.00058702	6.3772	6.7623	28.763	21.121	178.04	199.85	3.2189	8.1967e-05	0.027756	0.00053660	573.67	0.0017432	10.047	11.191	44.460	24.490	222.14	131.11	14.393	2.9500e-05	0.014145
282.21	5.0068	1700.8	0.00058795	6.3869	6.7733	28.799	21.152	179.84	199.15	3.2412	8.1730e-05	0.027738	0.00052800	575.92	0.0017364	10.039	11.181	44.416	24.525	224.81	131.07	14.356	2.9550e-05	0.014223
282.31	5.0164	1698.1	0.00058889	6.3966	6.7844	28.836	21.183	181.68	198.45	3.2637	8.1493e-05	0.027721	0.00051944	578.18	0.0017296	10.031	11.170	44.373	24.560	227.54	131.02	14.319	2.9600e-05	0.014302
282.40	5.0260	1695.4	0.00058985	6.4064	6.7956	28.873	21.215	183.56	197.75	3.2865	8.1254e-05	0.027704	0.00051093	580.46	0.0017228	10.023	11.160	44.328	24.596	230.35	130.97	14.282	2.9651e-05	0.014382
282.49	5.0356	1692.6	0.00059081	6.4162	6.8068	28.910	21.246	185.49	197.05	3.3094	8.1015e-05	0.027688	0.00050246	582.76	0.0017160	10.015	11.150	44.284	24.631	233.21	130.92	14.244	2.9703e-05	0.014464
282.58	5.0452	1689.8	0.00059178	6.4260	6.8180	28.947	21.279	187.47	196.35	3.3326	8.0776e-05	0.027672	0.00049403	585.08	0.0017092	10.007	11.139	44.240	24.667	236.15	130.87	14.207	2.9755e-05	0.014546
282.68	5.0548	1687.0	0.00059276	6.4359	6.8293	28.984	21.311	189.51	195.64	3.3561	8.0535e-05	0.027657	0.00048564	587.41	0.0017024	9.9991	11.129	44.195	24.703	239.17	130.82	14.169	2.9807e-05	0.014630
282.77	5.0644	1684.2	0.00059375	6.4459	6.8407	29.022	21.344	191.59	194.94	3.3798	8.0294e-05	0.027643	0.00047730	589.76	0.0016956	9.9909	11.118	44.150	24.739	242.25	130.77	14.132	2.9860e-05	0.014716
282.86	5.0740	1681.4	0.00059475	6.4559	6.8521	29.060	21.378	193.73	194.23	3.4037	8.0052e-05	0.027629	0.00046900	592.13	0.0016888	9.9826	11.108	44.105	24.776	245.42	130.72	14.094	2.9914e-05	0.014802
282.95	5.0836	1678.5	0.00059576	6.4659	6.8635	29.097	21.412	195.93	193.52	3.4278	7.9810e-05	0.027617	0.00046075	594.52	0.0016820	9.9743	11.097	44.059	24.813	248.67	130.67	14.056	2.9967e-05	0.014890
283.04	5.0932	1675.7	0.00059678	6.4760	6.8750	29.135	21.446	198.19	192.81	3.4523	7.9566e-05	0.027605	0.00045253	596.93	0.0016752	9.9659	11.086	44.013	24.850	252.00	130.62	14.018	3.0022e-05	0.014980
283.13	5.1028	1672.8	0.00059781	6.4861	6.8866	29.174	21.481	200.51	192.10	3.4769	7.9322e-05	0.027594	0.00044437	599.36	0.0016684	9.9574	11.075	43.967	24.888	255.42	130.57	13.979	3.0077e-05	0.015070
283.22	5.1124	1669.9	0.00059885	6.4963	6.8982	29.212	21.516	202.89	191.38	3.5019	7.9077e-05	0.027584	0.00043625	601.81	0.0016617	9.9488	11.064	43.921	24.925	258.94	130.52	13.941	3.0132e-05	0.015163
283.32	5.1220	1666.9	0.00059990	6.5065	6.9099	29.251	21.552	205.35	190.66	3.5271	7.8831e-05	0.027574	0.00042817	604.28	0.0016549	9.9402	11.053	43.874	24.963	262.55	130.46	13.902	3.0188e-05	0.015257
283.41	5.1316	1664.0	0.00060097	6.5168	6.9217	29.289	21.588	207.87	189.95	3.5526	7.8584e-05	0.027566	0.00042013	606.77	0.0016481	9.9314	11.042	43.827	25.002	266.25	130.41	13.863	3.0245e-05	0.015352
283.50	5.1412	1661.0	0.00060204	6.5271	6.9335	29.328	21.625	210.47	189.22	3.5783	7.8336e-05	0.027558	0.00041215	609.28	0.0016413	9.9226	11.030	43.780	25.040	270.07	130.36	13.824	3.0302e-05	0.015449
283.59	5.1508	1658.0	0.00060313	6.5375	6.9454	29.368	21.662	213.14	188.50	3.6044	7.8087e-05	0.027552	0.00040420	611.82	0.0016345	9.9137	11.019	43.733	25.079	273.99	130.30	13.784	3.0360e-05	0.015548
283.68	5.1604	1655.0	0.00060423	6.5479	6.9573	29.407	21.700	215.90	187.78	3.6307	7.7837e-05	0.027546	0.00039631	614.38	0.0016277	9.9048	11.008	43.685	25.119	278.02	130.25	13.745	3.0418e-05	0.015649
283.77	5.1700	1652.0	0.00060534	6.5584	6.9693	29.447	21.738	218.74	187.05	3.6574	7.7587e-05	0.027542	0.00038846	616.96	0.0016209	9.8957	10.996	43.637	25.158	282.17	130.19	13.705	3.0477e-05	0.015751
283.86	5.1796	1648.9	0.00060646	6.5690	6.9814	29.487	21.777	221.66	186.32	3.6843	7.7335e-05	0.027539	0.00038065	619.56	0.0016140	9.8866	10.984	43.588	25.198	286.44	130.14	13.665	3.0537e-05	0.015855
283.95	5.1892	1645.8	0.00060760	6.5796	6.9936	29.527	21.816	224.68	185.59	3.7115	7.7082e-05	0.027537	0.00037289	622.19	0.0016072	9.8774	10.972	43.539	25.238	290.85	130.08	13.625	3.0597e-05	0.015961
284.04	5.1988	1642.7	0.00060875	6.5903	7.0058	29.567	21.856	227.80	184.86	3.7391	7.6828e-05	0.027536	0.00036518	624.84	0.0016004	9.8681	10.960	43.490	25.279	295.38	130.03	13.584	3.0658e-05	0.016069
284.13	5.2084	1639.6	0.00060991	6.6010	7.0181	29.608	21.897	231.01	184.12	3.7670	7.6573e-05	0.027536	0.00035751	627.52	0.0015936	9.8587	10.948	43.441	25.320	300.06	129.97	13.543	3.0720e-05	0.016180
284.22	5.2180	1636.4	0.00061109	6.6119	7.0305	29.649	21.938	234.34	183.38	3.7952	7.6316e-05	0.027538	0.00034989	630.23	0.0015867	9.8492	10.936	43.391	25.361	304.88	129.91	13.503	3.0783e-05	0.016292
284.31	5.2276	1633.2	0.00061229	6.6227	7.0430	29.690	21.980	237.77	182.64	3.8238	7.6059e-05	0.027541	0.00034232	632.96	0.0015799	9.8396	10.924	43.340	25.403	309.86	129.85	13.461	3.0846e-05	0.016406
284.40	5.2372	1630.0	0.00061350	6.6337	7.0555	29.731	22.022	241.32	181.90	3.8527	7.5800e-05	0.027545	0.00033480	635.72	0.0015730	9.8299	10.911	43.290	25.445	315.00	129.80	13.420	3.0910e-05	0.016523
284.49	5.2468	1626.8	0.00061472	6.6447	7.0682	29.773	22.065	245.00	181.16	3.8820	7.5540e-05	0.027551	0.00032732	638.51	0.0015662	9.8201	10.899	43.239	25.487	320.31	129.74	13.378	3.0975e-05	0.016642
284.57	5.2564	1623.5	0.00061596	6.6558	7.0809	29.815	22.109	248.80	180.41	3.9116	7.5278e-05	0.027558	0.00031990	641.33	0.0015593	9.8102	10.886	43.187	25.530	325.79	129.68	13.336	3.1040e-05	0.016764
284.66	5.2660	1620.2	0.00061722	6.6670	7.0937	29.857	22.153	252.74	179.66	3.9416	7.5015e-05	0.027567	0.00031252	644.17	0.0015524	9.8001	10.873	43.135	25.573	331.46	129.62	13.294	3.1107e-05	0.016888
284.75	5.2756	1616.8	0.00061849	6.6783	7.1067	29.900	22.198	256.83	178.91	3.9720	7.4751e-05	0.027578	0.00030519	647.05	0.0015455	9.7900	10.860	43.083	25.617	337.33	129.56	13.252	3.1174e-05	0.017015
284.84	5.2852	1613.5	0.00061979	6.6896	7.1197	29.943	22.244	261.06	178.15	4.0027	7.4485e-05	0.027590	0.00029791	649.96	0.0015386	9.7798	10.847	43.030	25.660	343.41	129.50	13.209	3.1242e-05	0.017144
284.93	5.2948	1610.1	0.00062110	6.7010	7.1328	29.986	22.291	265.46	177.40	4.0339	7.4218e-05	0.027604	0.00029068	652.90	0.0015316	9.7694	10.834	42.977	25.705	349.70	129.43	13.166	3.1311e-05	0.017277
285.02	5.3044	1606.6	0.00062243	6.7126	7.1460	30.030	22.338	270.03	176.63	4.0655	7.3949e-05	0.027620	0.00028350	655.88	0.0015247	9.7590	10.821	42.923	25.750	356.23	129.37	13.122	3.1381e-05	0.017412
285.11	5.3140	1603.1	0.00062378	6.7242	7.1594	30.074	22.386	274.78	175.87	4.0975	7.3679e-05	0.027639	0.00027638	658.89	0.0015177	9.7484	10.807	42.869	25.795	363.00	129.31	13.079	3.1452e-05	0.017551
285.19	5.3236	1599.6	0.00062515	6.7359	7.1728	30.118	22.435	279.71	175.11	4.1299	7.3406e-05	0.027659	0.00026930	661.93	0.0015107	9.7376	10.794	42.814	25.841	370.02	129.24	13.035	3.1524e-05	0.017692
285.28	5.3332	1596.1	0.00062654	6.7477	7.1864	30.163	22.485	284.85	174.34	4.1628	7.3132e-05	0.027681	0.00026227	665.02	0.0015037	9.7268	10.780	42.759	25.887	377.31	129.18	12.990	3.1597e-05	0.017837
285.37	5.3428	1592.5	0.00062795	6.7596	7.2001	30.208	22.536	290.21	173.57	4.1961	7.2856e-05	0.027705	0.00025530	668.14	0.0014967	9.7158	10.766	42.703	25.933	384.89	129.11	12.945	3.1671e-05	0.017986
285.46	5.3524	1588.9	0.00062938	6.7716	7.2139	30.254	22.587	295.79	172.79	4.2299	7.2579e-05	0.027732	0.00024838	671.30	0.0014897	9.7047	10.752	42.647	25.980	392.78	129.05	12.900	3.1746e-05	0.018138
285.54	5.3620	1585.2	0.00063084	6.7837	7.2278	30.300	22.640	301.61	172.01	4.2642	7.2299e-05	0.027762	0.00024151	674.49	0.0014826	9.6934	10.737	42.590	26.028	400.99	128.98	12.855	3.1823e-05	0.018294
285.63	5.3716	1581.5	0.00063232	6.7959	7.2419	30.346	22.693	307.69	171.23	4.2989	7.2017e-05	0.027794	0.00023470	677.74	0.0014755	9.6820	10.723	42.533	26.076	409.54	128.91	12.809	3.1900e-05	0.018454
285.72	5.3812	1577.7	0.00063383	6.8083	7.2561	30.393	22.747	314.05	170.45	4.3342	7.1733e-05	0.027828	0.00022794	681.02	0.0014684	9.6704	10.708	42.474	26.125	418.46	128.84	12.763	3.1979e-05	0.018619
285.81	5.3908	1573.9	0.00063536	6.8207	7.2704	30.441	22.803	320.71	169.66	4.3700	7.1447e-05	0.027866	0.00022124	684.35	0.0014612	9.6587	10.693	42.416	26.174	427.76	128.77	12.716	3.2059e-05	0.018787
285.89	5.4004	1570.1	0.00063692	6.8333	7.2849	30.489	22.859	327.68	168.87	4.4064	7.1159e-05	0.027906	0.00021459	687.73	0.0014541	9.6468	10.678	42.356	26.224	437.48	128.70	12.669	3.2140e-05	0.018961
285.98	5.4100	1566.1	0.00063851	6.8460	7.2996	30.537	22.917	334.98	168.07	4.4433	7.0868e-05	0.027950	0.00020800	691.15	0.0014469	9.6347	10.662	42.296	26.274	447.64	128.63	12.622	3.2223e-05	0.019139
286.07	5.4196	1562.2	0.00064013	6.8589	7.3144	30.586	22.975	342.65	167.27	4.4808	7.0575e-05	0.027997	0.00020146	694.62	0.0014396	9.6225	10.647	42.236	26.325	458.28	128.56	12.574	3.2307e-05	0.019323
286.15	5.4292	1558.2	0.00064178	6.8719	7.3294	30.636	23.035	350.71	166.47	4.5188	7.0279e-05	0.028048	0.00019498	698.15	0.0014324	9.6101	10.631	42.174	26.376	469.42	128.48	12.525	3.2393e-05	0.019511
286.24	5.4388	1554.1	0.00064346	6.8851	7.3445	30.686	23.096	359.19	165.66	4.5575	6.9980e-05	0.028103	0.00018857	701.73	0.0014251	9.5974	10.615	42.112	26.428	481.11	128.41	12.476	3.2480e-05	0.019706
286.32	5.4484	1550.0	0.00064517	6.8984	7.3599	30.737	23.158	368.13	164.85	4.5968	6.9679e-05	0.028161	0.00018221	705.36	0.0014177	9.5846	10.599	42.049	26.481	493.38	128.33	12.427	3.2569e-05	0.019906
286.41	5.4580	1545.8	0.00064692	6.9119	7.3754	30.788	23.222	377.55	164.04	4.6368	6.9374e-05	0.028224	0.00017591	709.05	0.0014103	9.5716	10.582	41.985	26.534	506.28	128.26	12.377	3.2660e-05	0.020113
286.50	5.4676	1541.5	0.00064871	6.9255	7.3912	30.840	23.287	387.51	163.22	4.6775	6.9067e-05	0.028291	0.00016967	712.81	0.0014029	9.5584	10.565	41.920	26.588	519.86	128.18	12.327	3.2752e-05	0.020327
286.58	5.4772	1537.2	0.00065053	6.9393	7.4071	30.893	23.353	398.04	162.39	4.7188	6.8756e-05	0.028363	0.00016349	716.62	0.0013954	9.5449	10.548	41.854	26.643	534.17	128.10	12.275	3.2847e-05	0.020548
286.67	5.4868	1532.8	0.00065240	6.9533	7.4233	30.947	23.421	409.19	161.56	4.7609	6.8442e-05	0.028440	0.00015737	720.51	0.0013879	9.5313	10.531	41.788	26.698	549.28	128.02	12.224	3.2943e-05	0.020777
286.75	5.4964	1528.3	0.00065430	6.9675	7.4397	31.001	23.490	421.03	160.73	4.8037	6.8124e-05	0.028522	0.00015132	724.46	0.0013803	9.5173	10.513	41.720	26.754	565.25	127.94	12.172	3.3041e-05	0.021013
286.84	5.5060	1523.8	0.00065626	6.9820	7.4564	31.056	23.561	433.61	159.89	4.8474	6.7802e-05	0.028610	0.00014534	728.48	0.0013727	9.5032	10.495	41.651	26.811	582.15	127.85	12.119	3.3142e-05	0.021259
286.92	5.5156	1519.2	0.00065826	6.9966	7.4733	31.112	23.634	447.01	159.05	4.8918	6.7477e-05	0.028705	0.00013942	732.58	0.0013650	9.4887	10.477	41.582	26.869	600.08	127.77	12.065	3.3245e-05	0.021513
287.01	5.5252	1514.4	0.00066031	7.0115	7.4905	31.169	23.708	461.31	158.20	4.9371	6.7147e-05	0.028806	0.00013357	736.77	0.0013573	9.4740	10.459	41.511	26.927	619.12	127.68	12.011	3.3350e-05	0.021778
287.09	5.5348	1509.6	0.00066241	7.0266	7.5079	31.227	23.784	476.59	157.35	4.9833	6.6813e-05	0.028914	0.00012778	741.03	0.0013495	9.4590	10.440	41.439	26.986	639.39	127.60	11.956	3.3457e-05	0.021979
287.18	5.5444	1504.7	0.00066457	7.0419	7.5257	31.286	23.862	492.97	156.49	5.0305	6.6474e-05	0.029030	0.00012207	745.38	0.0013416	9.4437	10.420	41.365	27.047	661.00	127.51	11.900	3.3568e-05	0.022073
287.26	5.5540	1499.7	0.00066678	7.0576	7.5438	31.346	23.943	510.55	155.62	5.0786	6.6131e-05	0.029155	0.00011642	749.83	0.0013336	9.4280	10.401	41.291	27.108	684.09	127.42	11.843	3.3681e-05	0.022169
287.35	5.5636	1494.6	0.00066907	7.0735	7.5622	31.407	24.025	529.48	154.75	5.1277	6.5782e-05	0.029289	0.00011085	754.37	0.0013256	9.4120	10.380	41.215	27.170	708.82	127.32	11.785	3.3797e-05	0.022268
287.43	5.5732	1489.4	0.00067141	7.0897	7.5810	31.470	24.109	549.91	153.87	5.1779	6.5427e-05	0.029433	0.00010535	759.02	0.0013175	9.3957	10.360	41.137	27.232	735.37	127.23	11.727	3.3916e-05	0.022369
287.52	5.5828	1484.0	0.00067383	7.1063	7.6002	31.534	24.196	572.01	152.99	5.2292	6.5067e-05	0.029587	9.9933e-05	763.78	0.0013093	9.3790	10.339	41.058	27.296	763.95	127.13	11.667	3.4039e-05	0.022473
287.60	5.5924	1478.6	0.00067633	7.1232	7.6198	31.599	24.286	596.01	152.09	5.2817	6.4701e-05	0.029754	9.4590e-05	768.66	0.0013010	9.3618	10.317	40.977	27.361	794.78	127.04	11.607	3.4166e-05	0.022580
287.68	5.6020	1473.0	0.00067891	7.1405	7.6398	31.666	24.378	622.14	151.19	5.3355	6.4327e-05	0.029934	8.9327e-05	773.66	0.0012926	9.3443	10.295	40.895	27.427	828.16	126.93	11.545	3.4296e-05	0.022690
287.77	5.6116	1467.2	0.00068158	7.1582	7.6604	31.734	24.473	650.70	150.29	5.3905	6.3947e-05	0.030129	8.4146e-05	778.80	0.0012840	9.3263	10.272	40.810	27.495	864.40	126.83	11.482	3.4430e-05	0.022803
287.85	5.6212	1461.3	0.00068434	7.1763	7.6814	31.804	24.571	682.02	149.37	5.4470	6.3559e-05	0.030340	7.9049e-05	784.08	0.0012754	9.3077	10.249	40.724	27.563	903.89	126.73	11.418	3.4569e-05	0.022921
287.93	5.6308	1455.2	0.00068721	7.1949	7.7030	31.876	24.672	716.52	148.45	5.5050	6.3163e-05	0.030570	7.4039e-05	789.51	0.0012666	9.2887	10.225	40.635	27.633	947.08	126.62	11.353	3.4712e-05	0.023042
288.02	5.6404	1448.9	0.00069019	7.2140	7.7251	31.950	24.776	754.69	147.51	5.5645	6.2757e-05	0.030820	6.9118e-05	795.11	0.0012577	9.2691	10.200	40.544	27.703	994.51	126.51	11.286	3.4861e-05	0.023167
288.10	5.6500	1442.4	0.00069330	7.2337	7.7480	32.026	24.885	797.12	146.57	5.6258	6.2342e-05	0.031094	6.4291e-05	800.89	0.0012486	9.2489	10.175	40.451	27.776	1046.8	126.39	11.218	3.5016e-05	0.023297
288.18	5.6596	1435.7	0.00069654	7.2540	7.7715	32.105	24.997	844.54	145.62	5.6889	6.1917e-05	0.031394	5.9558e-05	806.86	0.0012394	9.2280	10.149	40.354	27.849	1104.9	126.28	11.148	3.5176e-05	0.023432
288.27	5.6692	1428.7	0.00069992	7.2749	7.7958	32.186	25.114	897.85	144.65	5.7539	6.1480e-05	0.031725	5.4925e-05	813.04	0.0012299	9.2064	10.122	40.255	27.924	1169.5	126.16	11.076	3.5344e-05	0.023573
288.35	5.6788	1421.5	0.00070347	7.2965	7.8210	32.270	25.235	958.18	143.68	5.8211	6.1030e-05	0.032091	5.0396e-05	819.46	0.0012203	9.1840	10.094	40.153	28.001	1242.0	126.03	11.002	3.5519e-05	0.023719
288.43	5.6884	1414.0	0.00070721	7.3190	7.8472	32.358	25.361	1027.0	142.69	5.8906	6.0567e-05	0.032498	4.5974e-05	826.13	0.0012105	9.1607	10.065	40.046	28.079	1323.9	125.91	10.926	3.5702e-05	0.023873
288.51	5.6980	1406.2	0.00071115	7.3424	7.8744	32.449	25.493	1106.0	141.69	5.9627	6.0088e-05	0.032954	4.1665e-05	833.09	0.0012004	9.1365	10.035	39.936	28.160	1417.1	125.78	10.847	3.5894e-05	0.024033
288.60	5.7076	1398.0	0.00071532	7.3667	7.9028	32.544	25.631	1197.7	140.68	6.0375	5.9592e-05	0.033466	3.7474e-05	840.36	0.0011900	9.1113	10.003	39.822	28.241	1524.0	125.64	10.766	3.6096e-05	0.024202
288.68	5.7172	1389.4	0.00071975	7.3923	7.9325	32.644	25.776	1305.1	139.65	6.1155	5.9077e-05	0.034049	3.3407e-05	847.98	0.0011793	9.0848	9.9700	39.702	28.325	1648.0	125.50	10.682	3.6310e-05	0.024381
288.76	5.7268	1380.3	0.00072448	7.4191	7.9638	32.750	25.928	1432.7	138.60	6.1969	5.8540e-05	0.034715	2.9472e-05	856.01	0.0011682	9.0570	9.9354	39.577	28.411	1793.3	125.35	10.594	3.6538e-05	0.024570
288.84	5.7364	1370.7	0.00072955	7.4474	7.9969	32.861	26.088	1586.1	137.54	6.2822	5.7979e-05	0.035486	2.5677e-05	864.49	0.0011568	9.0277	9.8989	39.446	28.499	1966.0	125.20	10.503	3.6780e-05	0.024771
288.92	5.7460	1360.5	0.00073504	7.4775	8.0320	32.979	26.258	1773.8	136.45	6.3720	5.7388e-05	0.036388	2.2032e-05	873.50	0.0011448	8.9967	9.8603	39.307	28.589	2174.4	125.04	10.407	3.7040e-05	0.024986
289.01	5.7556	1349.5	0.00074100	7.5096	8.0695	33.106	26.439	2008.0	135.35	6.4670	5.6765e-05	0.037460	1.8548e-05	883.12	0.0011323	8.9636	9.8193	39.160	28.681	2430.8	124.88	10.307	3.7321e-05	0.025217
289.09	5.7652	1337.7	0.00074755	7.5442	8.1100	33.243	26.632	2307.3	134.22	6.5682	5.6102e-05	0.038261	1.5239e-05	893.48	0.0011192	8.9281	9.7752	39.003	28.776	2753.5	124.71	10.200	3.7626e-05	0.025468
289.17	5.7748	1324.8	0.00075482	7.5818	8.1541	33.392	26.839	2701.5	133.06	6.6766	5.5392e-05	0.037853	1.2123e-05	904.73	0.0011053	8.8896	9.7276	38.834	28.873	3171.8	124.53	10.086	3.7962e-05	0.025744
289.25	5.7844	1310.6	0.00076299	7.6233	8.2027	33.557	27.064	3240.5	131.87	6.7942	5.4623e-05	0.037405	9.2215e-06	917.09	0.0010904	8.8476	9.6757	38.649	28.973	3734.3	124.34	9.9631	3.8337e-05	0.026049
289.33	5.7940	1294.7	0.00077236	7.6696	8.2571	33.742	27.309	4015.7	130.65	6.9233	5.3779e-05	0.036907	6.5631e-06	930.88	0.0010743	8.8009	9.6181	38.445	29.074	4529.8	124.13	9.8289	3.8762e-05	0.026393
289.41	5.8036	1276.6	0.00078335	7.7226	8.3195	33.954	27.579	5212.0	129.39	7.0679	5.2838e-05	0.036341	4.1877e-06	946.58	0.0010564	8.7480	9.5529	38.216	29.177	5736.8	123.92	9.6796	3.9254e-05	0.026790
289.49	5.8132	1255.2	0.00079671	7.7852	8.3932	34.205	27.883	7264.6	128.08	7.2345	5.1759e-05	0.035679	2.1537e-06	965.04	0.0010362	8.6862	9.4771	37.949	29.280	7775.7	123.70	9.5089	3.9845e-05	0.027263
289.57	5.8228	1228.7	0.00081389	7.8629	8.4851	34.519	28.231	11488.	126.71	7.4358	5.0468e-05	0.034867	5.5668e-07	987.89	0.0010123	8.6105	9.3843	37.624	29.379	11921.	123.46	9.3042	4.0598e-05	0.027857
289.65	5.8324	1192.5	0.00083857	7.9699	8.6120	34.954	undefined	undefined	undefined	7.7049	4.8785e-05	undefined	-4.1198e-07	1019.4	0.00098096	8.5073	9.2585	37.185	undefined	undefined	undefined	9.0335	4.1673e-05	undefined
289.73	5.8420	1102.9	0.00090673	8.2423	8.9377	36.074	undefined	undefined	undefined	8.3700	undefined	undefined	0.0000	1102.9	0.00090673	8.2423	8.9377	36.074	undefined	undefined	undefined	8.3700	undefined	undefined
